[2026-02-26T00:31:29.555+0000] {processor.py:161} INFO - Started process (PID=546) to work on /opt/airflow/dags/main.py
[2026-02-26T00:31:29.563+0000] {processor.py:830} INFO - Processing file /opt/airflow/dags/main.py for tasks to queue
[2026-02-26T00:31:29.569+0000] {logging_mixin.py:188} INFO - [2026-02-26T00:31:29.568+0000] {dagbag.py:545} INFO - Filling up the DagBag from /opt/airflow/dags/main.py
[2026-02-26T00:31:29.943+0000] {processor.py:840} INFO - DAG(s) 'update_db', 'data_quality_check', 'produce_json' retrieved from /opt/airflow/dags/main.py
[2026-02-26T00:31:30.050+0000] {logging_mixin.py:188} INFO - [2026-02-26T00:31:30.049+0000] {dag.py:3096} INFO - Sync 3 DAGs
[2026-02-26T00:31:30.117+0000] {logging_mixin.py:188} INFO - [2026-02-26T00:31:30.116+0000] {dag.py:3954} INFO - Setting next_dagrun for data_quality_check to 2026-02-25 16:00:00+00:00, run_after=2026-02-26 16:00:00+00:00
[2026-02-26T00:31:30.127+0000] {logging_mixin.py:188} INFO - [2026-02-26T00:31:30.127+0000] {dag.py:3954} INFO - Setting next_dagrun for produce_json to 2026-02-25 14:00:00+00:00, run_after=2026-02-26 14:00:00+00:00
[2026-02-26T00:31:30.133+0000] {logging_mixin.py:188} INFO - [2026-02-26T00:31:30.132+0000] {dag.py:3954} INFO - Setting next_dagrun for update_db to 2026-02-25 15:00:00+00:00, run_after=2026-02-26 15:00:00+00:00
[2026-02-26T00:31:30.175+0000] {processor.py:183} INFO - Processing /opt/airflow/dags/main.py took 0.632 seconds
[2026-02-26T00:32:00.296+0000] {processor.py:161} INFO - Started process (PID=556) to work on /opt/airflow/dags/main.py
[2026-02-26T00:32:00.298+0000] {processor.py:830} INFO - Processing file /opt/airflow/dags/main.py for tasks to queue
[2026-02-26T00:32:00.300+0000] {logging_mixin.py:188} INFO - [2026-02-26T00:32:00.300+0000] {dagbag.py:545} INFO - Filling up the DagBag from /opt/airflow/dags/main.py
[2026-02-26T00:32:00.400+0000] {processor.py:840} INFO - DAG(s) 'data_quality_check', 'update_db', 'produce_json' retrieved from /opt/airflow/dags/main.py
[2026-02-26T00:32:00.433+0000] {logging_mixin.py:188} INFO - [2026-02-26T00:32:00.433+0000] {dag.py:3096} INFO - Sync 3 DAGs
[2026-02-26T00:32:00.458+0000] {logging_mixin.py:188} INFO - [2026-02-26T00:32:00.458+0000] {dag.py:3954} INFO - Setting next_dagrun for data_quality_check to 2026-02-25 16:00:00+00:00, run_after=2026-02-26 16:00:00+00:00
[2026-02-26T00:32:00.464+0000] {logging_mixin.py:188} INFO - [2026-02-26T00:32:00.464+0000] {dag.py:3954} INFO - Setting next_dagrun for produce_json to 2026-02-25 14:00:00+00:00, run_after=2026-02-26 14:00:00+00:00
[2026-02-26T00:32:00.468+0000] {logging_mixin.py:188} INFO - [2026-02-26T00:32:00.468+0000] {dag.py:3954} INFO - Setting next_dagrun for update_db to 2026-02-25 15:00:00+00:00, run_after=2026-02-26 15:00:00+00:00
[2026-02-26T00:32:00.488+0000] {processor.py:183} INFO - Processing /opt/airflow/dags/main.py took 0.198 seconds
[2026-02-26T00:32:30.538+0000] {processor.py:161} INFO - Started process (PID=563) to work on /opt/airflow/dags/main.py
[2026-02-26T00:32:30.539+0000] {processor.py:830} INFO - Processing file /opt/airflow/dags/main.py for tasks to queue
[2026-02-26T00:32:30.542+0000] {logging_mixin.py:188} INFO - [2026-02-26T00:32:30.542+0000] {dagbag.py:545} INFO - Filling up the DagBag from /opt/airflow/dags/main.py
[2026-02-26T00:32:30.649+0000] {processor.py:840} INFO - DAG(s) 'data_quality_check', 'produce_json', 'update_db' retrieved from /opt/airflow/dags/main.py
[2026-02-26T00:32:30.679+0000] {logging_mixin.py:188} INFO - [2026-02-26T00:32:30.678+0000] {dag.py:3096} INFO - Sync 3 DAGs
[2026-02-26T00:32:30.701+0000] {logging_mixin.py:188} INFO - [2026-02-26T00:32:30.701+0000] {dag.py:3954} INFO - Setting next_dagrun for data_quality_check to 2026-02-25 16:00:00+00:00, run_after=2026-02-26 16:00:00+00:00
[2026-02-26T00:32:30.706+0000] {logging_mixin.py:188} INFO - [2026-02-26T00:32:30.706+0000] {dag.py:3954} INFO - Setting next_dagrun for produce_json to 2026-02-25 14:00:00+00:00, run_after=2026-02-26 14:00:00+00:00
[2026-02-26T00:32:30.709+0000] {logging_mixin.py:188} INFO - [2026-02-26T00:32:30.709+0000] {dag.py:3954} INFO - Setting next_dagrun for update_db to 2026-02-25 15:00:00+00:00, run_after=2026-02-26 15:00:00+00:00
[2026-02-26T00:32:30.736+0000] {processor.py:183} INFO - Processing /opt/airflow/dags/main.py took 0.206 seconds
[2026-02-26T00:33:00.910+0000] {processor.py:161} INFO - Started process (PID=571) to work on /opt/airflow/dags/main.py
[2026-02-26T00:33:00.911+0000] {processor.py:830} INFO - Processing file /opt/airflow/dags/main.py for tasks to queue
[2026-02-26T00:33:00.913+0000] {logging_mixin.py:188} INFO - [2026-02-26T00:33:00.913+0000] {dagbag.py:545} INFO - Filling up the DagBag from /opt/airflow/dags/main.py
[2026-02-26T00:33:01.048+0000] {processor.py:840} INFO - DAG(s) 'data_quality_check', 'update_db', 'produce_json' retrieved from /opt/airflow/dags/main.py
[2026-02-26T00:33:01.084+0000] {logging_mixin.py:188} INFO - [2026-02-26T00:33:01.083+0000] {dag.py:3096} INFO - Sync 3 DAGs
[2026-02-26T00:33:01.108+0000] {logging_mixin.py:188} INFO - [2026-02-26T00:33:01.108+0000] {dag.py:3954} INFO - Setting next_dagrun for data_quality_check to 2026-02-25 16:00:00+00:00, run_after=2026-02-26 16:00:00+00:00
[2026-02-26T00:33:01.113+0000] {logging_mixin.py:188} INFO - [2026-02-26T00:33:01.113+0000] {dag.py:3954} INFO - Setting next_dagrun for produce_json to 2026-02-25 14:00:00+00:00, run_after=2026-02-26 14:00:00+00:00
[2026-02-26T00:33:01.117+0000] {logging_mixin.py:188} INFO - [2026-02-26T00:33:01.116+0000] {dag.py:3954} INFO - Setting next_dagrun for update_db to 2026-02-25 15:00:00+00:00, run_after=2026-02-26 15:00:00+00:00
[2026-02-26T00:33:01.136+0000] {processor.py:183} INFO - Processing /opt/airflow/dags/main.py took 0.234 seconds
[2026-02-26T00:33:31.288+0000] {processor.py:161} INFO - Started process (PID=579) to work on /opt/airflow/dags/main.py
[2026-02-26T00:33:31.289+0000] {processor.py:830} INFO - Processing file /opt/airflow/dags/main.py for tasks to queue
[2026-02-26T00:33:31.291+0000] {logging_mixin.py:188} INFO - [2026-02-26T00:33:31.291+0000] {dagbag.py:545} INFO - Filling up the DagBag from /opt/airflow/dags/main.py
[2026-02-26T00:33:31.392+0000] {processor.py:840} INFO - DAG(s) 'data_quality_check', 'update_db', 'produce_json' retrieved from /opt/airflow/dags/main.py
[2026-02-26T00:33:31.425+0000] {logging_mixin.py:188} INFO - [2026-02-26T00:33:31.425+0000] {dag.py:3096} INFO - Sync 3 DAGs
[2026-02-26T00:33:31.449+0000] {logging_mixin.py:188} INFO - [2026-02-26T00:33:31.448+0000] {dag.py:3954} INFO - Setting next_dagrun for data_quality_check to 2026-02-25 16:00:00+00:00, run_after=2026-02-26 16:00:00+00:00
[2026-02-26T00:33:31.454+0000] {logging_mixin.py:188} INFO - [2026-02-26T00:33:31.453+0000] {dag.py:3954} INFO - Setting next_dagrun for produce_json to 2026-02-25 14:00:00+00:00, run_after=2026-02-26 14:00:00+00:00
[2026-02-26T00:33:31.457+0000] {logging_mixin.py:188} INFO - [2026-02-26T00:33:31.456+0000] {dag.py:3954} INFO - Setting next_dagrun for update_db to 2026-02-25 15:00:00+00:00, run_after=2026-02-26 15:00:00+00:00
[2026-02-26T00:33:31.475+0000] {processor.py:183} INFO - Processing /opt/airflow/dags/main.py took 0.193 seconds
[2026-02-26T00:34:01.649+0000] {processor.py:161} INFO - Started process (PID=587) to work on /opt/airflow/dags/main.py
[2026-02-26T00:34:01.650+0000] {processor.py:830} INFO - Processing file /opt/airflow/dags/main.py for tasks to queue
[2026-02-26T00:34:01.652+0000] {logging_mixin.py:188} INFO - [2026-02-26T00:34:01.651+0000] {dagbag.py:545} INFO - Filling up the DagBag from /opt/airflow/dags/main.py
[2026-02-26T00:34:01.754+0000] {processor.py:840} INFO - DAG(s) 'data_quality_check', 'produce_json', 'update_db' retrieved from /opt/airflow/dags/main.py
[2026-02-26T00:34:01.789+0000] {logging_mixin.py:188} INFO - [2026-02-26T00:34:01.789+0000] {dag.py:3096} INFO - Sync 3 DAGs
[2026-02-26T00:34:01.812+0000] {logging_mixin.py:188} INFO - [2026-02-26T00:34:01.812+0000] {dag.py:3954} INFO - Setting next_dagrun for data_quality_check to 2026-02-25 16:00:00+00:00, run_after=2026-02-26 16:00:00+00:00
[2026-02-26T00:34:01.818+0000] {logging_mixin.py:188} INFO - [2026-02-26T00:34:01.818+0000] {dag.py:3954} INFO - Setting next_dagrun for produce_json to 2026-02-25 14:00:00+00:00, run_after=2026-02-26 14:00:00+00:00
[2026-02-26T00:34:01.821+0000] {logging_mixin.py:188} INFO - [2026-02-26T00:34:01.821+0000] {dag.py:3954} INFO - Setting next_dagrun for update_db to 2026-02-25 15:00:00+00:00, run_after=2026-02-26 15:00:00+00:00
[2026-02-26T00:34:01.837+0000] {processor.py:183} INFO - Processing /opt/airflow/dags/main.py took 0.194 seconds
[2026-02-26T00:34:31.998+0000] {processor.py:161} INFO - Started process (PID=594) to work on /opt/airflow/dags/main.py
[2026-02-26T00:34:31.999+0000] {processor.py:830} INFO - Processing file /opt/airflow/dags/main.py for tasks to queue
[2026-02-26T00:34:32.001+0000] {logging_mixin.py:188} INFO - [2026-02-26T00:34:32.000+0000] {dagbag.py:545} INFO - Filling up the DagBag from /opt/airflow/dags/main.py
[2026-02-26T00:34:32.115+0000] {processor.py:840} INFO - DAG(s) 'data_quality_check', 'produce_json', 'update_db' retrieved from /opt/airflow/dags/main.py
[2026-02-26T00:34:32.151+0000] {logging_mixin.py:188} INFO - [2026-02-26T00:34:32.151+0000] {dag.py:3096} INFO - Sync 3 DAGs
[2026-02-26T00:34:32.176+0000] {logging_mixin.py:188} INFO - [2026-02-26T00:34:32.176+0000] {dag.py:3954} INFO - Setting next_dagrun for data_quality_check to 2026-02-25 16:00:00+00:00, run_after=2026-02-26 16:00:00+00:00
[2026-02-26T00:34:32.182+0000] {logging_mixin.py:188} INFO - [2026-02-26T00:34:32.181+0000] {dag.py:3954} INFO - Setting next_dagrun for produce_json to 2026-02-25 14:00:00+00:00, run_after=2026-02-26 14:00:00+00:00
[2026-02-26T00:34:32.184+0000] {logging_mixin.py:188} INFO - [2026-02-26T00:34:32.184+0000] {dag.py:3954} INFO - Setting next_dagrun for update_db to 2026-02-25 15:00:00+00:00, run_after=2026-02-26 15:00:00+00:00
[2026-02-26T00:34:32.202+0000] {processor.py:183} INFO - Processing /opt/airflow/dags/main.py took 0.212 seconds
[2026-02-26T00:35:02.328+0000] {processor.py:161} INFO - Started process (PID=602) to work on /opt/airflow/dags/main.py
[2026-02-26T00:35:02.329+0000] {processor.py:830} INFO - Processing file /opt/airflow/dags/main.py for tasks to queue
[2026-02-26T00:35:02.330+0000] {logging_mixin.py:188} INFO - [2026-02-26T00:35:02.330+0000] {dagbag.py:545} INFO - Filling up the DagBag from /opt/airflow/dags/main.py
[2026-02-26T00:35:02.437+0000] {processor.py:840} INFO - DAG(s) 'update_db', 'produce_json', 'data_quality_check' retrieved from /opt/airflow/dags/main.py
[2026-02-26T00:35:02.470+0000] {logging_mixin.py:188} INFO - [2026-02-26T00:35:02.470+0000] {dag.py:3096} INFO - Sync 3 DAGs
[2026-02-26T00:35:02.491+0000] {logging_mixin.py:188} INFO - [2026-02-26T00:35:02.491+0000] {dag.py:3954} INFO - Setting next_dagrun for data_quality_check to 2026-02-25 16:00:00+00:00, run_after=2026-02-26 16:00:00+00:00
[2026-02-26T00:35:02.496+0000] {logging_mixin.py:188} INFO - [2026-02-26T00:35:02.495+0000] {dag.py:3954} INFO - Setting next_dagrun for produce_json to 2026-02-25 14:00:00+00:00, run_after=2026-02-26 14:00:00+00:00
[2026-02-26T00:35:02.499+0000] {logging_mixin.py:188} INFO - [2026-02-26T00:35:02.499+0000] {dag.py:3954} INFO - Setting next_dagrun for update_db to 2026-02-25 15:00:00+00:00, run_after=2026-02-26 15:00:00+00:00
[2026-02-26T00:35:02.518+0000] {processor.py:183} INFO - Processing /opt/airflow/dags/main.py took 0.196 seconds
[2026-02-26T00:35:32.659+0000] {processor.py:161} INFO - Started process (PID=610) to work on /opt/airflow/dags/main.py
[2026-02-26T00:35:32.660+0000] {processor.py:830} INFO - Processing file /opt/airflow/dags/main.py for tasks to queue
[2026-02-26T00:35:32.662+0000] {logging_mixin.py:188} INFO - [2026-02-26T00:35:32.662+0000] {dagbag.py:545} INFO - Filling up the DagBag from /opt/airflow/dags/main.py
[2026-02-26T00:35:32.823+0000] {processor.py:840} INFO - DAG(s) 'update_db', 'data_quality_check', 'produce_json' retrieved from /opt/airflow/dags/main.py
[2026-02-26T00:35:32.864+0000] {logging_mixin.py:188} INFO - [2026-02-26T00:35:32.864+0000] {dag.py:3096} INFO - Sync 3 DAGs
[2026-02-26T00:35:32.893+0000] {logging_mixin.py:188} INFO - [2026-02-26T00:35:32.892+0000] {dag.py:3954} INFO - Setting next_dagrun for data_quality_check to 2026-02-25 16:00:00+00:00, run_after=2026-02-26 16:00:00+00:00
[2026-02-26T00:35:32.898+0000] {logging_mixin.py:188} INFO - [2026-02-26T00:35:32.898+0000] {dag.py:3954} INFO - Setting next_dagrun for produce_json to 2026-02-25 14:00:00+00:00, run_after=2026-02-26 14:00:00+00:00
[2026-02-26T00:35:32.901+0000] {logging_mixin.py:188} INFO - [2026-02-26T00:35:32.901+0000] {dag.py:3954} INFO - Setting next_dagrun for update_db to 2026-02-25 15:00:00+00:00, run_after=2026-02-26 15:00:00+00:00
[2026-02-26T00:35:32.916+0000] {processor.py:183} INFO - Processing /opt/airflow/dags/main.py took 0.263 seconds
[2026-02-26T00:36:03.039+0000] {processor.py:161} INFO - Started process (PID=618) to work on /opt/airflow/dags/main.py
[2026-02-26T00:36:03.040+0000] {processor.py:830} INFO - Processing file /opt/airflow/dags/main.py for tasks to queue
[2026-02-26T00:36:03.042+0000] {logging_mixin.py:188} INFO - [2026-02-26T00:36:03.042+0000] {dagbag.py:545} INFO - Filling up the DagBag from /opt/airflow/dags/main.py
[2026-02-26T00:36:03.169+0000] {processor.py:840} INFO - DAG(s) 'data_quality_check', 'update_db', 'produce_json' retrieved from /opt/airflow/dags/main.py
[2026-02-26T00:36:03.207+0000] {logging_mixin.py:188} INFO - [2026-02-26T00:36:03.207+0000] {dag.py:3096} INFO - Sync 3 DAGs
[2026-02-26T00:36:03.230+0000] {logging_mixin.py:188} INFO - [2026-02-26T00:36:03.230+0000] {dag.py:3954} INFO - Setting next_dagrun for data_quality_check to 2026-02-25 16:00:00+00:00, run_after=2026-02-26 16:00:00+00:00
[2026-02-26T00:36:03.235+0000] {logging_mixin.py:188} INFO - [2026-02-26T00:36:03.235+0000] {dag.py:3954} INFO - Setting next_dagrun for produce_json to 2026-02-25 14:00:00+00:00, run_after=2026-02-26 14:00:00+00:00
[2026-02-26T00:36:03.239+0000] {logging_mixin.py:188} INFO - [2026-02-26T00:36:03.239+0000] {dag.py:3954} INFO - Setting next_dagrun for update_db to 2026-02-25 15:00:00+00:00, run_after=2026-02-26 15:00:00+00:00
[2026-02-26T00:36:03.262+0000] {processor.py:183} INFO - Processing /opt/airflow/dags/main.py took 0.230 seconds
[2026-02-26T00:36:33.506+0000] {processor.py:161} INFO - Started process (PID=626) to work on /opt/airflow/dags/main.py
[2026-02-26T00:36:33.507+0000] {processor.py:830} INFO - Processing file /opt/airflow/dags/main.py for tasks to queue
[2026-02-26T00:36:33.510+0000] {logging_mixin.py:188} INFO - [2026-02-26T00:36:33.510+0000] {dagbag.py:545} INFO - Filling up the DagBag from /opt/airflow/dags/main.py
[2026-02-26T00:36:33.629+0000] {processor.py:840} INFO - DAG(s) 'update_db', 'produce_json', 'data_quality_check' retrieved from /opt/airflow/dags/main.py
[2026-02-26T00:36:33.661+0000] {logging_mixin.py:188} INFO - [2026-02-26T00:36:33.660+0000] {dag.py:3096} INFO - Sync 3 DAGs
[2026-02-26T00:36:33.681+0000] {logging_mixin.py:188} INFO - [2026-02-26T00:36:33.681+0000] {dag.py:3954} INFO - Setting next_dagrun for data_quality_check to 2026-02-25 16:00:00+00:00, run_after=2026-02-26 16:00:00+00:00
[2026-02-26T00:36:33.686+0000] {logging_mixin.py:188} INFO - [2026-02-26T00:36:33.686+0000] {dag.py:3954} INFO - Setting next_dagrun for produce_json to 2026-02-25 14:00:00+00:00, run_after=2026-02-26 14:00:00+00:00
[2026-02-26T00:36:33.689+0000] {logging_mixin.py:188} INFO - [2026-02-26T00:36:33.689+0000] {dag.py:3954} INFO - Setting next_dagrun for update_db to 2026-02-25 15:00:00+00:00, run_after=2026-02-26 15:00:00+00:00
[2026-02-26T00:36:33.709+0000] {processor.py:183} INFO - Processing /opt/airflow/dags/main.py took 0.211 seconds
[2026-02-26T00:37:03.823+0000] {processor.py:161} INFO - Started process (PID=634) to work on /opt/airflow/dags/main.py
[2026-02-26T00:37:03.824+0000] {processor.py:830} INFO - Processing file /opt/airflow/dags/main.py for tasks to queue
[2026-02-26T00:37:03.827+0000] {logging_mixin.py:188} INFO - [2026-02-26T00:37:03.827+0000] {dagbag.py:545} INFO - Filling up the DagBag from /opt/airflow/dags/main.py
[2026-02-26T00:37:03.983+0000] {processor.py:840} INFO - DAG(s) 'update_db', 'data_quality_check', 'produce_json' retrieved from /opt/airflow/dags/main.py
[2026-02-26T00:37:04.020+0000] {logging_mixin.py:188} INFO - [2026-02-26T00:37:04.019+0000] {dag.py:3096} INFO - Sync 3 DAGs
[2026-02-26T00:37:04.047+0000] {logging_mixin.py:188} INFO - [2026-02-26T00:37:04.046+0000] {dag.py:3954} INFO - Setting next_dagrun for data_quality_check to 2026-02-25 16:00:00+00:00, run_after=2026-02-26 16:00:00+00:00
[2026-02-26T00:37:04.052+0000] {logging_mixin.py:188} INFO - [2026-02-26T00:37:04.052+0000] {dag.py:3954} INFO - Setting next_dagrun for produce_json to 2026-02-25 14:00:00+00:00, run_after=2026-02-26 14:00:00+00:00
[2026-02-26T00:37:04.056+0000] {logging_mixin.py:188} INFO - [2026-02-26T00:37:04.055+0000] {dag.py:3954} INFO - Setting next_dagrun for update_db to 2026-02-25 15:00:00+00:00, run_after=2026-02-26 15:00:00+00:00
[2026-02-26T00:37:04.074+0000] {processor.py:183} INFO - Processing /opt/airflow/dags/main.py took 0.261 seconds
[2026-02-26T00:37:34.220+0000] {processor.py:161} INFO - Started process (PID=642) to work on /opt/airflow/dags/main.py
[2026-02-26T00:37:34.221+0000] {processor.py:830} INFO - Processing file /opt/airflow/dags/main.py for tasks to queue
[2026-02-26T00:37:34.223+0000] {logging_mixin.py:188} INFO - [2026-02-26T00:37:34.223+0000] {dagbag.py:545} INFO - Filling up the DagBag from /opt/airflow/dags/main.py
[2026-02-26T00:37:34.337+0000] {processor.py:840} INFO - DAG(s) 'data_quality_check', 'produce_json', 'update_db' retrieved from /opt/airflow/dags/main.py
[2026-02-26T00:37:34.369+0000] {logging_mixin.py:188} INFO - [2026-02-26T00:37:34.368+0000] {dag.py:3096} INFO - Sync 3 DAGs
[2026-02-26T00:37:34.388+0000] {logging_mixin.py:188} INFO - [2026-02-26T00:37:34.388+0000] {dag.py:3954} INFO - Setting next_dagrun for data_quality_check to 2026-02-25 16:00:00+00:00, run_after=2026-02-26 16:00:00+00:00
[2026-02-26T00:37:34.393+0000] {logging_mixin.py:188} INFO - [2026-02-26T00:37:34.393+0000] {dag.py:3954} INFO - Setting next_dagrun for produce_json to 2026-02-25 14:00:00+00:00, run_after=2026-02-26 14:00:00+00:00
[2026-02-26T00:37:34.396+0000] {logging_mixin.py:188} INFO - [2026-02-26T00:37:34.396+0000] {dag.py:3954} INFO - Setting next_dagrun for update_db to 2026-02-25 15:00:00+00:00, run_after=2026-02-26 15:00:00+00:00
[2026-02-26T00:37:34.416+0000] {processor.py:183} INFO - Processing /opt/airflow/dags/main.py took 0.202 seconds
[2026-02-26T00:38:04.591+0000] {processor.py:161} INFO - Started process (PID=650) to work on /opt/airflow/dags/main.py
[2026-02-26T00:38:04.592+0000] {processor.py:830} INFO - Processing file /opt/airflow/dags/main.py for tasks to queue
[2026-02-26T00:38:04.594+0000] {logging_mixin.py:188} INFO - [2026-02-26T00:38:04.593+0000] {dagbag.py:545} INFO - Filling up the DagBag from /opt/airflow/dags/main.py
[2026-02-26T00:38:04.707+0000] {processor.py:840} INFO - DAG(s) 'update_db', 'data_quality_check', 'produce_json' retrieved from /opt/airflow/dags/main.py
[2026-02-26T00:38:04.741+0000] {logging_mixin.py:188} INFO - [2026-02-26T00:38:04.741+0000] {dag.py:3096} INFO - Sync 3 DAGs
[2026-02-26T00:38:04.765+0000] {logging_mixin.py:188} INFO - [2026-02-26T00:38:04.765+0000] {dag.py:3954} INFO - Setting next_dagrun for data_quality_check to 2026-02-25 16:00:00+00:00, run_after=2026-02-26 16:00:00+00:00
[2026-02-26T00:38:04.772+0000] {logging_mixin.py:188} INFO - [2026-02-26T00:38:04.772+0000] {dag.py:3954} INFO - Setting next_dagrun for produce_json to 2026-02-25 14:00:00+00:00, run_after=2026-02-26 14:00:00+00:00
[2026-02-26T00:38:04.776+0000] {logging_mixin.py:188} INFO - [2026-02-26T00:38:04.775+0000] {dag.py:3954} INFO - Setting next_dagrun for update_db to 2026-02-25 15:00:00+00:00, run_after=2026-02-26 15:00:00+00:00
[2026-02-26T00:38:04.797+0000] {processor.py:183} INFO - Processing /opt/airflow/dags/main.py took 0.214 seconds
[2026-02-26T00:38:34.943+0000] {processor.py:161} INFO - Started process (PID=658) to work on /opt/airflow/dags/main.py
[2026-02-26T00:38:34.944+0000] {processor.py:830} INFO - Processing file /opt/airflow/dags/main.py for tasks to queue
[2026-02-26T00:38:34.946+0000] {logging_mixin.py:188} INFO - [2026-02-26T00:38:34.946+0000] {dagbag.py:545} INFO - Filling up the DagBag from /opt/airflow/dags/main.py
[2026-02-26T00:38:35.067+0000] {processor.py:840} INFO - DAG(s) 'update_db', 'produce_json', 'data_quality_check' retrieved from /opt/airflow/dags/main.py
[2026-02-26T00:38:35.100+0000] {logging_mixin.py:188} INFO - [2026-02-26T00:38:35.099+0000] {dag.py:3096} INFO - Sync 3 DAGs
[2026-02-26T00:38:35.122+0000] {logging_mixin.py:188} INFO - [2026-02-26T00:38:35.122+0000] {dag.py:3954} INFO - Setting next_dagrun for data_quality_check to 2026-02-25 16:00:00+00:00, run_after=2026-02-26 16:00:00+00:00
[2026-02-26T00:38:35.128+0000] {logging_mixin.py:188} INFO - [2026-02-26T00:38:35.128+0000] {dag.py:3954} INFO - Setting next_dagrun for produce_json to 2026-02-25 14:00:00+00:00, run_after=2026-02-26 14:00:00+00:00
[2026-02-26T00:38:35.131+0000] {logging_mixin.py:188} INFO - [2026-02-26T00:38:35.131+0000] {dag.py:3954} INFO - Setting next_dagrun for update_db to 2026-02-25 15:00:00+00:00, run_after=2026-02-26 15:00:00+00:00
[2026-02-26T00:38:35.149+0000] {processor.py:183} INFO - Processing /opt/airflow/dags/main.py took 0.212 seconds
[2026-02-26T00:39:05.288+0000] {processor.py:161} INFO - Started process (PID=666) to work on /opt/airflow/dags/main.py
[2026-02-26T00:39:05.289+0000] {processor.py:830} INFO - Processing file /opt/airflow/dags/main.py for tasks to queue
[2026-02-26T00:39:05.291+0000] {logging_mixin.py:188} INFO - [2026-02-26T00:39:05.291+0000] {dagbag.py:545} INFO - Filling up the DagBag from /opt/airflow/dags/main.py
[2026-02-26T00:39:05.439+0000] {processor.py:840} INFO - DAG(s) 'data_quality_check', 'produce_json', 'update_db' retrieved from /opt/airflow/dags/main.py
[2026-02-26T00:39:05.470+0000] {logging_mixin.py:188} INFO - [2026-02-26T00:39:05.470+0000] {dag.py:3096} INFO - Sync 3 DAGs
[2026-02-26T00:39:05.494+0000] {logging_mixin.py:188} INFO - [2026-02-26T00:39:05.493+0000] {dag.py:3954} INFO - Setting next_dagrun for data_quality_check to 2026-02-25 16:00:00+00:00, run_after=2026-02-26 16:00:00+00:00
[2026-02-26T00:39:05.499+0000] {logging_mixin.py:188} INFO - [2026-02-26T00:39:05.499+0000] {dag.py:3954} INFO - Setting next_dagrun for produce_json to 2026-02-25 14:00:00+00:00, run_after=2026-02-26 14:00:00+00:00
[2026-02-26T00:39:05.503+0000] {logging_mixin.py:188} INFO - [2026-02-26T00:39:05.503+0000] {dag.py:3954} INFO - Setting next_dagrun for update_db to 2026-02-25 15:00:00+00:00, run_after=2026-02-26 15:00:00+00:00
[2026-02-26T00:39:05.524+0000] {processor.py:183} INFO - Processing /opt/airflow/dags/main.py took 0.243 seconds
[2026-02-26T00:39:35.637+0000] {processor.py:161} INFO - Started process (PID=674) to work on /opt/airflow/dags/main.py
[2026-02-26T00:39:35.638+0000] {processor.py:830} INFO - Processing file /opt/airflow/dags/main.py for tasks to queue
[2026-02-26T00:39:35.640+0000] {logging_mixin.py:188} INFO - [2026-02-26T00:39:35.640+0000] {dagbag.py:545} INFO - Filling up the DagBag from /opt/airflow/dags/main.py
[2026-02-26T00:39:35.758+0000] {processor.py:840} INFO - DAG(s) 'produce_json', 'update_db', 'data_quality_check' retrieved from /opt/airflow/dags/main.py
[2026-02-26T00:39:35.792+0000] {logging_mixin.py:188} INFO - [2026-02-26T00:39:35.792+0000] {dag.py:3096} INFO - Sync 3 DAGs
[2026-02-26T00:39:35.812+0000] {logging_mixin.py:188} INFO - [2026-02-26T00:39:35.812+0000] {dag.py:3954} INFO - Setting next_dagrun for data_quality_check to 2026-02-25 16:00:00+00:00, run_after=2026-02-26 16:00:00+00:00
[2026-02-26T00:39:35.818+0000] {logging_mixin.py:188} INFO - [2026-02-26T00:39:35.817+0000] {dag.py:3954} INFO - Setting next_dagrun for produce_json to 2026-02-25 14:00:00+00:00, run_after=2026-02-26 14:00:00+00:00
[2026-02-26T00:39:35.821+0000] {logging_mixin.py:188} INFO - [2026-02-26T00:39:35.821+0000] {dag.py:3954} INFO - Setting next_dagrun for update_db to 2026-02-25 15:00:00+00:00, run_after=2026-02-26 15:00:00+00:00
[2026-02-26T00:39:35.840+0000] {processor.py:183} INFO - Processing /opt/airflow/dags/main.py took 0.209 seconds
[2026-02-26T00:40:05.983+0000] {processor.py:161} INFO - Started process (PID=682) to work on /opt/airflow/dags/main.py
[2026-02-26T00:40:05.984+0000] {processor.py:830} INFO - Processing file /opt/airflow/dags/main.py for tasks to queue
[2026-02-26T00:40:05.987+0000] {logging_mixin.py:188} INFO - [2026-02-26T00:40:05.987+0000] {dagbag.py:545} INFO - Filling up the DagBag from /opt/airflow/dags/main.py
[2026-02-26T00:40:06.131+0000] {processor.py:840} INFO - DAG(s) 'data_quality_check', 'update_db', 'produce_json' retrieved from /opt/airflow/dags/main.py
[2026-02-26T00:40:06.170+0000] {logging_mixin.py:188} INFO - [2026-02-26T00:40:06.169+0000] {dag.py:3096} INFO - Sync 3 DAGs
[2026-02-26T00:40:06.194+0000] {logging_mixin.py:188} INFO - [2026-02-26T00:40:06.194+0000] {dag.py:3954} INFO - Setting next_dagrun for data_quality_check to 2026-02-25 16:00:00+00:00, run_after=2026-02-26 16:00:00+00:00
[2026-02-26T00:40:06.200+0000] {logging_mixin.py:188} INFO - [2026-02-26T00:40:06.200+0000] {dag.py:3954} INFO - Setting next_dagrun for produce_json to 2026-02-25 14:00:00+00:00, run_after=2026-02-26 14:00:00+00:00
[2026-02-26T00:40:06.204+0000] {logging_mixin.py:188} INFO - [2026-02-26T00:40:06.203+0000] {dag.py:3954} INFO - Setting next_dagrun for update_db to 2026-02-25 15:00:00+00:00, run_after=2026-02-26 15:00:00+00:00
[2026-02-26T00:40:06.225+0000] {processor.py:183} INFO - Processing /opt/airflow/dags/main.py took 0.249 seconds
[2026-02-26T00:40:36.326+0000] {processor.py:161} INFO - Started process (PID=690) to work on /opt/airflow/dags/main.py
[2026-02-26T00:40:36.328+0000] {processor.py:830} INFO - Processing file /opt/airflow/dags/main.py for tasks to queue
[2026-02-26T00:40:36.330+0000] {logging_mixin.py:188} INFO - [2026-02-26T00:40:36.329+0000] {dagbag.py:545} INFO - Filling up the DagBag from /opt/airflow/dags/main.py
[2026-02-26T00:40:36.437+0000] {processor.py:840} INFO - DAG(s) 'update_db', 'produce_json', 'data_quality_check' retrieved from /opt/airflow/dags/main.py
[2026-02-26T00:40:36.470+0000] {logging_mixin.py:188} INFO - [2026-02-26T00:40:36.470+0000] {dag.py:3096} INFO - Sync 3 DAGs
[2026-02-26T00:40:36.493+0000] {logging_mixin.py:188} INFO - [2026-02-26T00:40:36.493+0000] {dag.py:3954} INFO - Setting next_dagrun for data_quality_check to 2026-02-25 16:00:00+00:00, run_after=2026-02-26 16:00:00+00:00
[2026-02-26T00:40:36.499+0000] {logging_mixin.py:188} INFO - [2026-02-26T00:40:36.499+0000] {dag.py:3954} INFO - Setting next_dagrun for produce_json to 2026-02-25 14:00:00+00:00, run_after=2026-02-26 14:00:00+00:00
[2026-02-26T00:40:36.502+0000] {logging_mixin.py:188} INFO - [2026-02-26T00:40:36.502+0000] {dag.py:3954} INFO - Setting next_dagrun for update_db to 2026-02-25 15:00:00+00:00, run_after=2026-02-26 15:00:00+00:00
[2026-02-26T00:40:36.523+0000] {processor.py:183} INFO - Processing /opt/airflow/dags/main.py took 0.203 seconds
[2026-02-26T00:41:06.674+0000] {processor.py:161} INFO - Started process (PID=698) to work on /opt/airflow/dags/main.py
[2026-02-26T00:41:06.676+0000] {processor.py:830} INFO - Processing file /opt/airflow/dags/main.py for tasks to queue
[2026-02-26T00:41:06.678+0000] {logging_mixin.py:188} INFO - [2026-02-26T00:41:06.677+0000] {dagbag.py:545} INFO - Filling up the DagBag from /opt/airflow/dags/main.py
[2026-02-26T00:41:06.855+0000] {processor.py:840} INFO - DAG(s) 'update_db', 'produce_json', 'data_quality_check' retrieved from /opt/airflow/dags/main.py
[2026-02-26T00:41:06.912+0000] {logging_mixin.py:188} INFO - [2026-02-26T00:41:06.911+0000] {dag.py:3096} INFO - Sync 3 DAGs
[2026-02-26T00:41:06.958+0000] {logging_mixin.py:188} INFO - [2026-02-26T00:41:06.957+0000] {dag.py:3954} INFO - Setting next_dagrun for data_quality_check to 2026-02-25 16:00:00+00:00, run_after=2026-02-26 16:00:00+00:00
[2026-02-26T00:41:06.966+0000] {logging_mixin.py:188} INFO - [2026-02-26T00:41:06.965+0000] {dag.py:3954} INFO - Setting next_dagrun for produce_json to 2026-02-25 14:00:00+00:00, run_after=2026-02-26 14:00:00+00:00
[2026-02-26T00:41:06.971+0000] {logging_mixin.py:188} INFO - [2026-02-26T00:41:06.971+0000] {dag.py:3954} INFO - Setting next_dagrun for update_db to 2026-02-25 15:00:00+00:00, run_after=2026-02-26 15:00:00+00:00
[2026-02-26T00:41:07.006+0000] {processor.py:183} INFO - Processing /opt/airflow/dags/main.py took 0.340 seconds
[2026-02-26T00:41:37.245+0000] {processor.py:161} INFO - Started process (PID=706) to work on /opt/airflow/dags/main.py
[2026-02-26T00:41:37.246+0000] {processor.py:830} INFO - Processing file /opt/airflow/dags/main.py for tasks to queue
[2026-02-26T00:41:37.248+0000] {logging_mixin.py:188} INFO - [2026-02-26T00:41:37.248+0000] {dagbag.py:545} INFO - Filling up the DagBag from /opt/airflow/dags/main.py
[2026-02-26T00:41:37.349+0000] {processor.py:840} INFO - DAG(s) 'produce_json', 'data_quality_check', 'update_db' retrieved from /opt/airflow/dags/main.py
[2026-02-26T00:41:37.382+0000] {logging_mixin.py:188} INFO - [2026-02-26T00:41:37.381+0000] {dag.py:3096} INFO - Sync 3 DAGs
[2026-02-26T00:41:37.404+0000] {logging_mixin.py:188} INFO - [2026-02-26T00:41:37.403+0000] {dag.py:3954} INFO - Setting next_dagrun for data_quality_check to 2026-02-25 16:00:00+00:00, run_after=2026-02-26 16:00:00+00:00
[2026-02-26T00:41:37.409+0000] {logging_mixin.py:188} INFO - [2026-02-26T00:41:37.409+0000] {dag.py:3954} INFO - Setting next_dagrun for produce_json to 2026-02-25 14:00:00+00:00, run_after=2026-02-26 14:00:00+00:00
[2026-02-26T00:41:37.412+0000] {logging_mixin.py:188} INFO - [2026-02-26T00:41:37.412+0000] {dag.py:3954} INFO - Setting next_dagrun for update_db to 2026-02-25 15:00:00+00:00, run_after=2026-02-26 15:00:00+00:00
[2026-02-26T00:41:37.431+0000] {processor.py:183} INFO - Processing /opt/airflow/dags/main.py took 0.192 seconds
[2026-02-26T00:42:07.562+0000] {processor.py:161} INFO - Started process (PID=714) to work on /opt/airflow/dags/main.py
[2026-02-26T00:42:07.563+0000] {processor.py:830} INFO - Processing file /opt/airflow/dags/main.py for tasks to queue
[2026-02-26T00:42:07.566+0000] {logging_mixin.py:188} INFO - [2026-02-26T00:42:07.565+0000] {dagbag.py:545} INFO - Filling up the DagBag from /opt/airflow/dags/main.py
[2026-02-26T00:42:07.700+0000] {processor.py:840} INFO - DAG(s) 'produce_json', 'data_quality_check', 'update_db' retrieved from /opt/airflow/dags/main.py
[2026-02-26T00:42:07.743+0000] {logging_mixin.py:188} INFO - [2026-02-26T00:42:07.743+0000] {dag.py:3096} INFO - Sync 3 DAGs
[2026-02-26T00:42:07.770+0000] {logging_mixin.py:188} INFO - [2026-02-26T00:42:07.770+0000] {dag.py:3954} INFO - Setting next_dagrun for data_quality_check to 2026-02-25 16:00:00+00:00, run_after=2026-02-26 16:00:00+00:00
[2026-02-26T00:42:07.776+0000] {logging_mixin.py:188} INFO - [2026-02-26T00:42:07.776+0000] {dag.py:3954} INFO - Setting next_dagrun for produce_json to 2026-02-25 14:00:00+00:00, run_after=2026-02-26 14:00:00+00:00
[2026-02-26T00:42:07.780+0000] {logging_mixin.py:188} INFO - [2026-02-26T00:42:07.779+0000] {dag.py:3954} INFO - Setting next_dagrun for update_db to 2026-02-25 15:00:00+00:00, run_after=2026-02-26 15:00:00+00:00
[2026-02-26T00:42:07.798+0000] {processor.py:183} INFO - Processing /opt/airflow/dags/main.py took 0.242 seconds
[2026-02-26T00:42:37.916+0000] {processor.py:161} INFO - Started process (PID=722) to work on /opt/airflow/dags/main.py
[2026-02-26T00:42:37.917+0000] {processor.py:830} INFO - Processing file /opt/airflow/dags/main.py for tasks to queue
[2026-02-26T00:42:37.919+0000] {logging_mixin.py:188} INFO - [2026-02-26T00:42:37.919+0000] {dagbag.py:545} INFO - Filling up the DagBag from /opt/airflow/dags/main.py
[2026-02-26T00:42:38.025+0000] {processor.py:840} INFO - DAG(s) 'produce_json', 'update_db', 'data_quality_check' retrieved from /opt/airflow/dags/main.py
[2026-02-26T00:42:38.066+0000] {logging_mixin.py:188} INFO - [2026-02-26T00:42:38.066+0000] {dag.py:3096} INFO - Sync 3 DAGs
[2026-02-26T00:42:38.092+0000] {logging_mixin.py:188} INFO - [2026-02-26T00:42:38.092+0000] {dag.py:3954} INFO - Setting next_dagrun for data_quality_check to 2026-02-25 16:00:00+00:00, run_after=2026-02-26 16:00:00+00:00
[2026-02-26T00:42:38.098+0000] {logging_mixin.py:188} INFO - [2026-02-26T00:42:38.098+0000] {dag.py:3954} INFO - Setting next_dagrun for produce_json to 2026-02-25 14:00:00+00:00, run_after=2026-02-26 14:00:00+00:00
[2026-02-26T00:42:38.101+0000] {logging_mixin.py:188} INFO - [2026-02-26T00:42:38.100+0000] {dag.py:3954} INFO - Setting next_dagrun for update_db to 2026-02-25 15:00:00+00:00, run_after=2026-02-26 15:00:00+00:00
[2026-02-26T00:42:38.119+0000] {processor.py:183} INFO - Processing /opt/airflow/dags/main.py took 0.209 seconds
[2026-02-26T00:43:08.256+0000] {processor.py:161} INFO - Started process (PID=730) to work on /opt/airflow/dags/main.py
[2026-02-26T00:43:08.257+0000] {processor.py:830} INFO - Processing file /opt/airflow/dags/main.py for tasks to queue
[2026-02-26T00:43:08.259+0000] {logging_mixin.py:188} INFO - [2026-02-26T00:43:08.259+0000] {dagbag.py:545} INFO - Filling up the DagBag from /opt/airflow/dags/main.py
[2026-02-26T00:43:08.363+0000] {processor.py:840} INFO - DAG(s) 'update_db', 'data_quality_check', 'produce_json' retrieved from /opt/airflow/dags/main.py
[2026-02-26T00:43:08.397+0000] {logging_mixin.py:188} INFO - [2026-02-26T00:43:08.397+0000] {dag.py:3096} INFO - Sync 3 DAGs
[2026-02-26T00:43:08.418+0000] {logging_mixin.py:188} INFO - [2026-02-26T00:43:08.418+0000] {dag.py:3954} INFO - Setting next_dagrun for data_quality_check to 2026-02-25 16:00:00+00:00, run_after=2026-02-26 16:00:00+00:00
[2026-02-26T00:43:08.423+0000] {logging_mixin.py:188} INFO - [2026-02-26T00:43:08.422+0000] {dag.py:3954} INFO - Setting next_dagrun for produce_json to 2026-02-25 14:00:00+00:00, run_after=2026-02-26 14:00:00+00:00
[2026-02-26T00:43:08.426+0000] {logging_mixin.py:188} INFO - [2026-02-26T00:43:08.426+0000] {dag.py:3954} INFO - Setting next_dagrun for update_db to 2026-02-25 15:00:00+00:00, run_after=2026-02-26 15:00:00+00:00
[2026-02-26T00:43:08.445+0000] {processor.py:183} INFO - Processing /opt/airflow/dags/main.py took 0.195 seconds
[2026-02-26T00:43:38.572+0000] {processor.py:161} INFO - Started process (PID=738) to work on /opt/airflow/dags/main.py
[2026-02-26T00:43:38.573+0000] {processor.py:830} INFO - Processing file /opt/airflow/dags/main.py for tasks to queue
[2026-02-26T00:43:38.575+0000] {logging_mixin.py:188} INFO - [2026-02-26T00:43:38.575+0000] {dagbag.py:545} INFO - Filling up the DagBag from /opt/airflow/dags/main.py
[2026-02-26T00:43:38.683+0000] {processor.py:840} INFO - DAG(s) 'data_quality_check', 'produce_json', 'update_db' retrieved from /opt/airflow/dags/main.py
[2026-02-26T00:43:38.715+0000] {logging_mixin.py:188} INFO - [2026-02-26T00:43:38.715+0000] {dag.py:3096} INFO - Sync 3 DAGs
[2026-02-26T00:43:38.738+0000] {logging_mixin.py:188} INFO - [2026-02-26T00:43:38.737+0000] {dag.py:3954} INFO - Setting next_dagrun for data_quality_check to 2026-02-25 16:00:00+00:00, run_after=2026-02-26 16:00:00+00:00
[2026-02-26T00:43:38.743+0000] {logging_mixin.py:188} INFO - [2026-02-26T00:43:38.743+0000] {dag.py:3954} INFO - Setting next_dagrun for produce_json to 2026-02-25 14:00:00+00:00, run_after=2026-02-26 14:00:00+00:00
[2026-02-26T00:43:38.746+0000] {logging_mixin.py:188} INFO - [2026-02-26T00:43:38.746+0000] {dag.py:3954} INFO - Setting next_dagrun for update_db to 2026-02-25 15:00:00+00:00, run_after=2026-02-26 15:00:00+00:00
[2026-02-26T00:43:38.765+0000] {processor.py:183} INFO - Processing /opt/airflow/dags/main.py took 0.198 seconds
[2026-02-26T00:44:08.913+0000] {processor.py:161} INFO - Started process (PID=746) to work on /opt/airflow/dags/main.py
[2026-02-26T00:44:08.915+0000] {processor.py:830} INFO - Processing file /opt/airflow/dags/main.py for tasks to queue
[2026-02-26T00:44:08.917+0000] {logging_mixin.py:188} INFO - [2026-02-26T00:44:08.917+0000] {dagbag.py:545} INFO - Filling up the DagBag from /opt/airflow/dags/main.py
[2026-02-26T00:44:09.027+0000] {processor.py:840} INFO - DAG(s) 'update_db', 'data_quality_check', 'produce_json' retrieved from /opt/airflow/dags/main.py
[2026-02-26T00:44:09.059+0000] {logging_mixin.py:188} INFO - [2026-02-26T00:44:09.059+0000] {dag.py:3096} INFO - Sync 3 DAGs
[2026-02-26T00:44:09.080+0000] {logging_mixin.py:188} INFO - [2026-02-26T00:44:09.080+0000] {dag.py:3954} INFO - Setting next_dagrun for data_quality_check to 2026-02-25 16:00:00+00:00, run_after=2026-02-26 16:00:00+00:00
[2026-02-26T00:44:09.086+0000] {logging_mixin.py:188} INFO - [2026-02-26T00:44:09.086+0000] {dag.py:3954} INFO - Setting next_dagrun for produce_json to 2026-02-25 14:00:00+00:00, run_after=2026-02-26 14:00:00+00:00
[2026-02-26T00:44:09.089+0000] {logging_mixin.py:188} INFO - [2026-02-26T00:44:09.089+0000] {dag.py:3954} INFO - Setting next_dagrun for update_db to 2026-02-25 15:00:00+00:00, run_after=2026-02-26 15:00:00+00:00
[2026-02-26T00:44:09.109+0000] {processor.py:183} INFO - Processing /opt/airflow/dags/main.py took 0.201 seconds
[2026-02-26T00:44:39.233+0000] {processor.py:161} INFO - Started process (PID=754) to work on /opt/airflow/dags/main.py
[2026-02-26T00:44:39.235+0000] {processor.py:830} INFO - Processing file /opt/airflow/dags/main.py for tasks to queue
[2026-02-26T00:44:39.237+0000] {logging_mixin.py:188} INFO - [2026-02-26T00:44:39.237+0000] {dagbag.py:545} INFO - Filling up the DagBag from /opt/airflow/dags/main.py
[2026-02-26T00:44:39.368+0000] {processor.py:840} INFO - DAG(s) 'data_quality_check', 'produce_json', 'update_db' retrieved from /opt/airflow/dags/main.py
[2026-02-26T00:44:39.405+0000] {logging_mixin.py:188} INFO - [2026-02-26T00:44:39.405+0000] {dag.py:3096} INFO - Sync 3 DAGs
[2026-02-26T00:44:39.431+0000] {logging_mixin.py:188} INFO - [2026-02-26T00:44:39.431+0000] {dag.py:3954} INFO - Setting next_dagrun for data_quality_check to 2026-02-25 16:00:00+00:00, run_after=2026-02-26 16:00:00+00:00
[2026-02-26T00:44:39.438+0000] {logging_mixin.py:188} INFO - [2026-02-26T00:44:39.438+0000] {dag.py:3954} INFO - Setting next_dagrun for produce_json to 2026-02-25 14:00:00+00:00, run_after=2026-02-26 14:00:00+00:00
[2026-02-26T00:44:39.442+0000] {logging_mixin.py:188} INFO - [2026-02-26T00:44:39.442+0000] {dag.py:3954} INFO - Setting next_dagrun for update_db to 2026-02-25 15:00:00+00:00, run_after=2026-02-26 15:00:00+00:00
[2026-02-26T00:44:39.469+0000] {processor.py:183} INFO - Processing /opt/airflow/dags/main.py took 0.243 seconds
[2026-02-26T00:45:09.573+0000] {processor.py:161} INFO - Started process (PID=762) to work on /opt/airflow/dags/main.py
[2026-02-26T00:45:09.574+0000] {processor.py:830} INFO - Processing file /opt/airflow/dags/main.py for tasks to queue
[2026-02-26T00:45:09.577+0000] {logging_mixin.py:188} INFO - [2026-02-26T00:45:09.576+0000] {dagbag.py:545} INFO - Filling up the DagBag from /opt/airflow/dags/main.py
[2026-02-26T00:45:09.722+0000] {processor.py:840} INFO - DAG(s) 'produce_json', 'data_quality_check', 'update_db' retrieved from /opt/airflow/dags/main.py
[2026-02-26T00:45:09.755+0000] {logging_mixin.py:188} INFO - [2026-02-26T00:45:09.755+0000] {dag.py:3096} INFO - Sync 3 DAGs
[2026-02-26T00:45:09.776+0000] {logging_mixin.py:188} INFO - [2026-02-26T00:45:09.775+0000] {dag.py:3954} INFO - Setting next_dagrun for data_quality_check to 2026-02-25 16:00:00+00:00, run_after=2026-02-26 16:00:00+00:00
[2026-02-26T00:45:09.781+0000] {logging_mixin.py:188} INFO - [2026-02-26T00:45:09.780+0000] {dag.py:3954} INFO - Setting next_dagrun for produce_json to 2026-02-25 14:00:00+00:00, run_after=2026-02-26 14:00:00+00:00
[2026-02-26T00:45:09.784+0000] {logging_mixin.py:188} INFO - [2026-02-26T00:45:09.784+0000] {dag.py:3954} INFO - Setting next_dagrun for update_db to 2026-02-25 15:00:00+00:00, run_after=2026-02-26 15:00:00+00:00
[2026-02-26T00:45:09.803+0000] {processor.py:183} INFO - Processing /opt/airflow/dags/main.py took 0.236 seconds
[2026-02-26T00:45:39.970+0000] {processor.py:161} INFO - Started process (PID=770) to work on /opt/airflow/dags/main.py
[2026-02-26T00:45:39.971+0000] {processor.py:830} INFO - Processing file /opt/airflow/dags/main.py for tasks to queue
[2026-02-26T00:45:39.973+0000] {logging_mixin.py:188} INFO - [2026-02-26T00:45:39.973+0000] {dagbag.py:545} INFO - Filling up the DagBag from /opt/airflow/dags/main.py
[2026-02-26T00:45:40.091+0000] {processor.py:840} INFO - DAG(s) 'produce_json', 'update_db', 'data_quality_check' retrieved from /opt/airflow/dags/main.py
[2026-02-26T00:45:40.127+0000] {logging_mixin.py:188} INFO - [2026-02-26T00:45:40.127+0000] {dag.py:3096} INFO - Sync 3 DAGs
[2026-02-26T00:45:40.148+0000] {logging_mixin.py:188} INFO - [2026-02-26T00:45:40.148+0000] {dag.py:3954} INFO - Setting next_dagrun for data_quality_check to 2026-02-25 16:00:00+00:00, run_after=2026-02-26 16:00:00+00:00
[2026-02-26T00:45:40.154+0000] {logging_mixin.py:188} INFO - [2026-02-26T00:45:40.153+0000] {dag.py:3954} INFO - Setting next_dagrun for produce_json to 2026-02-25 14:00:00+00:00, run_after=2026-02-26 14:00:00+00:00
[2026-02-26T00:45:40.156+0000] {logging_mixin.py:188} INFO - [2026-02-26T00:45:40.156+0000] {dag.py:3954} INFO - Setting next_dagrun for update_db to 2026-02-25 15:00:00+00:00, run_after=2026-02-26 15:00:00+00:00
[2026-02-26T00:45:40.178+0000] {processor.py:183} INFO - Processing /opt/airflow/dags/main.py took 0.217 seconds
[2026-02-26T00:46:10.304+0000] {processor.py:161} INFO - Started process (PID=778) to work on /opt/airflow/dags/main.py
[2026-02-26T00:46:10.305+0000] {processor.py:830} INFO - Processing file /opt/airflow/dags/main.py for tasks to queue
[2026-02-26T00:46:10.307+0000] {logging_mixin.py:188} INFO - [2026-02-26T00:46:10.306+0000] {dagbag.py:545} INFO - Filling up the DagBag from /opt/airflow/dags/main.py
[2026-02-26T00:46:10.416+0000] {processor.py:840} INFO - DAG(s) 'update_db', 'produce_json', 'data_quality_check' retrieved from /opt/airflow/dags/main.py
[2026-02-26T00:46:10.448+0000] {logging_mixin.py:188} INFO - [2026-02-26T00:46:10.448+0000] {dag.py:3096} INFO - Sync 3 DAGs
[2026-02-26T00:46:10.469+0000] {logging_mixin.py:188} INFO - [2026-02-26T00:46:10.469+0000] {dag.py:3954} INFO - Setting next_dagrun for data_quality_check to 2026-02-25 16:00:00+00:00, run_after=2026-02-26 16:00:00+00:00
[2026-02-26T00:46:10.474+0000] {logging_mixin.py:188} INFO - [2026-02-26T00:46:10.473+0000] {dag.py:3954} INFO - Setting next_dagrun for produce_json to 2026-02-25 14:00:00+00:00, run_after=2026-02-26 14:00:00+00:00
[2026-02-26T00:46:10.477+0000] {logging_mixin.py:188} INFO - [2026-02-26T00:46:10.476+0000] {dag.py:3954} INFO - Setting next_dagrun for update_db to 2026-02-25 15:00:00+00:00, run_after=2026-02-26 15:00:00+00:00
[2026-02-26T00:46:10.497+0000] {processor.py:183} INFO - Processing /opt/airflow/dags/main.py took 0.199 seconds
[2026-02-26T00:46:40.846+0000] {processor.py:161} INFO - Started process (PID=786) to work on /opt/airflow/dags/main.py
[2026-02-26T00:46:40.847+0000] {processor.py:830} INFO - Processing file /opt/airflow/dags/main.py for tasks to queue
[2026-02-26T00:46:40.849+0000] {logging_mixin.py:188} INFO - [2026-02-26T00:46:40.849+0000] {dagbag.py:545} INFO - Filling up the DagBag from /opt/airflow/dags/main.py
[2026-02-26T00:46:40.969+0000] {processor.py:840} INFO - DAG(s) 'update_db', 'data_quality_check', 'produce_json' retrieved from /opt/airflow/dags/main.py
[2026-02-26T00:46:41.002+0000] {logging_mixin.py:188} INFO - [2026-02-26T00:46:41.002+0000] {dag.py:3096} INFO - Sync 3 DAGs
[2026-02-26T00:46:41.025+0000] {logging_mixin.py:188} INFO - [2026-02-26T00:46:41.024+0000] {dag.py:3954} INFO - Setting next_dagrun for data_quality_check to 2026-02-25 16:00:00+00:00, run_after=2026-02-26 16:00:00+00:00
[2026-02-26T00:46:41.030+0000] {logging_mixin.py:188} INFO - [2026-02-26T00:46:41.030+0000] {dag.py:3954} INFO - Setting next_dagrun for produce_json to 2026-02-25 14:00:00+00:00, run_after=2026-02-26 14:00:00+00:00
[2026-02-26T00:46:41.032+0000] {logging_mixin.py:188} INFO - [2026-02-26T00:46:41.032+0000] {dag.py:3954} INFO - Setting next_dagrun for update_db to 2026-02-25 15:00:00+00:00, run_after=2026-02-26 15:00:00+00:00
[2026-02-26T00:46:41.052+0000] {processor.py:183} INFO - Processing /opt/airflow/dags/main.py took 0.211 seconds
[2026-02-26T00:47:11.194+0000] {processor.py:161} INFO - Started process (PID=794) to work on /opt/airflow/dags/main.py
[2026-02-26T00:47:11.195+0000] {processor.py:830} INFO - Processing file /opt/airflow/dags/main.py for tasks to queue
[2026-02-26T00:47:11.200+0000] {logging_mixin.py:188} INFO - [2026-02-26T00:47:11.197+0000] {dagbag.py:545} INFO - Filling up the DagBag from /opt/airflow/dags/main.py
[2026-02-26T00:47:11.322+0000] {processor.py:840} INFO - DAG(s) 'data_quality_check', 'produce_json', 'update_db' retrieved from /opt/airflow/dags/main.py
[2026-02-26T00:47:11.358+0000] {logging_mixin.py:188} INFO - [2026-02-26T00:47:11.358+0000] {dag.py:3096} INFO - Sync 3 DAGs
[2026-02-26T00:47:11.382+0000] {logging_mixin.py:188} INFO - [2026-02-26T00:47:11.382+0000] {dag.py:3954} INFO - Setting next_dagrun for data_quality_check to 2026-02-25 16:00:00+00:00, run_after=2026-02-26 16:00:00+00:00
[2026-02-26T00:47:11.388+0000] {logging_mixin.py:188} INFO - [2026-02-26T00:47:11.387+0000] {dag.py:3954} INFO - Setting next_dagrun for produce_json to 2026-02-25 14:00:00+00:00, run_after=2026-02-26 14:00:00+00:00
[2026-02-26T00:47:11.391+0000] {logging_mixin.py:188} INFO - [2026-02-26T00:47:11.391+0000] {dag.py:3954} INFO - Setting next_dagrun for update_db to 2026-02-25 15:00:00+00:00, run_after=2026-02-26 15:00:00+00:00
[2026-02-26T00:47:11.412+0000] {processor.py:183} INFO - Processing /opt/airflow/dags/main.py took 0.226 seconds
[2026-02-26T00:47:41.550+0000] {processor.py:161} INFO - Started process (PID=802) to work on /opt/airflow/dags/main.py
[2026-02-26T00:47:41.552+0000] {processor.py:830} INFO - Processing file /opt/airflow/dags/main.py for tasks to queue
[2026-02-26T00:47:41.555+0000] {logging_mixin.py:188} INFO - [2026-02-26T00:47:41.555+0000] {dagbag.py:545} INFO - Filling up the DagBag from /opt/airflow/dags/main.py
[2026-02-26T00:47:41.689+0000] {processor.py:840} INFO - DAG(s) 'update_db', 'produce_json', 'data_quality_check' retrieved from /opt/airflow/dags/main.py
[2026-02-26T00:47:41.721+0000] {logging_mixin.py:188} INFO - [2026-02-26T00:47:41.721+0000] {dag.py:3096} INFO - Sync 3 DAGs
[2026-02-26T00:47:41.744+0000] {logging_mixin.py:188} INFO - [2026-02-26T00:47:41.744+0000] {dag.py:3954} INFO - Setting next_dagrun for data_quality_check to 2026-02-25 16:00:00+00:00, run_after=2026-02-26 16:00:00+00:00
[2026-02-26T00:47:41.749+0000] {logging_mixin.py:188} INFO - [2026-02-26T00:47:41.749+0000] {dag.py:3954} INFO - Setting next_dagrun for produce_json to 2026-02-25 14:00:00+00:00, run_after=2026-02-26 14:00:00+00:00
[2026-02-26T00:47:41.753+0000] {logging_mixin.py:188} INFO - [2026-02-26T00:47:41.752+0000] {dag.py:3954} INFO - Setting next_dagrun for update_db to 2026-02-25 15:00:00+00:00, run_after=2026-02-26 15:00:00+00:00
[2026-02-26T00:47:41.773+0000] {processor.py:183} INFO - Processing /opt/airflow/dags/main.py took 0.230 seconds
[2026-02-26T00:48:11.869+0000] {processor.py:161} INFO - Started process (PID=810) to work on /opt/airflow/dags/main.py
[2026-02-26T00:48:11.870+0000] {processor.py:830} INFO - Processing file /opt/airflow/dags/main.py for tasks to queue
[2026-02-26T00:48:11.872+0000] {logging_mixin.py:188} INFO - [2026-02-26T00:48:11.871+0000] {dagbag.py:545} INFO - Filling up the DagBag from /opt/airflow/dags/main.py
[2026-02-26T00:48:11.980+0000] {processor.py:840} INFO - DAG(s) 'produce_json', 'update_db', 'data_quality_check' retrieved from /opt/airflow/dags/main.py
[2026-02-26T00:48:12.013+0000] {logging_mixin.py:188} INFO - [2026-02-26T00:48:12.013+0000] {dag.py:3096} INFO - Sync 3 DAGs
[2026-02-26T00:48:12.033+0000] {logging_mixin.py:188} INFO - [2026-02-26T00:48:12.033+0000] {dag.py:3954} INFO - Setting next_dagrun for data_quality_check to 2026-02-25 16:00:00+00:00, run_after=2026-02-26 16:00:00+00:00
[2026-02-26T00:48:12.038+0000] {logging_mixin.py:188} INFO - [2026-02-26T00:48:12.038+0000] {dag.py:3954} INFO - Setting next_dagrun for produce_json to 2026-02-25 14:00:00+00:00, run_after=2026-02-26 14:00:00+00:00
[2026-02-26T00:48:12.041+0000] {logging_mixin.py:188} INFO - [2026-02-26T00:48:12.041+0000] {dag.py:3954} INFO - Setting next_dagrun for update_db to 2026-02-25 15:00:00+00:00, run_after=2026-02-26 15:00:00+00:00
[2026-02-26T00:48:12.059+0000] {processor.py:183} INFO - Processing /opt/airflow/dags/main.py took 0.196 seconds
[2026-02-26T00:48:42.212+0000] {processor.py:161} INFO - Started process (PID=818) to work on /opt/airflow/dags/main.py
[2026-02-26T00:48:42.213+0000] {processor.py:830} INFO - Processing file /opt/airflow/dags/main.py for tasks to queue
[2026-02-26T00:48:42.216+0000] {logging_mixin.py:188} INFO - [2026-02-26T00:48:42.216+0000] {dagbag.py:545} INFO - Filling up the DagBag from /opt/airflow/dags/main.py
[2026-02-26T00:48:42.381+0000] {processor.py:840} INFO - DAG(s) 'produce_json', 'data_quality_check', 'update_db' retrieved from /opt/airflow/dags/main.py
[2026-02-26T00:48:42.416+0000] {logging_mixin.py:188} INFO - [2026-02-26T00:48:42.416+0000] {dag.py:3096} INFO - Sync 3 DAGs
[2026-02-26T00:48:42.437+0000] {logging_mixin.py:188} INFO - [2026-02-26T00:48:42.436+0000] {dag.py:3954} INFO - Setting next_dagrun for data_quality_check to 2026-02-25 16:00:00+00:00, run_after=2026-02-26 16:00:00+00:00
[2026-02-26T00:48:42.442+0000] {logging_mixin.py:188} INFO - [2026-02-26T00:48:42.441+0000] {dag.py:3954} INFO - Setting next_dagrun for produce_json to 2026-02-25 14:00:00+00:00, run_after=2026-02-26 14:00:00+00:00
[2026-02-26T00:48:42.444+0000] {logging_mixin.py:188} INFO - [2026-02-26T00:48:42.444+0000] {dag.py:3954} INFO - Setting next_dagrun for update_db to 2026-02-25 15:00:00+00:00, run_after=2026-02-26 15:00:00+00:00
[2026-02-26T00:48:42.460+0000] {processor.py:183} INFO - Processing /opt/airflow/dags/main.py took 0.254 seconds
[2026-02-26T00:49:12.601+0000] {processor.py:161} INFO - Started process (PID=826) to work on /opt/airflow/dags/main.py
[2026-02-26T00:49:12.602+0000] {processor.py:830} INFO - Processing file /opt/airflow/dags/main.py for tasks to queue
[2026-02-26T00:49:12.606+0000] {logging_mixin.py:188} INFO - [2026-02-26T00:49:12.605+0000] {dagbag.py:545} INFO - Filling up the DagBag from /opt/airflow/dags/main.py
[2026-02-26T00:49:12.721+0000] {processor.py:840} INFO - DAG(s) 'produce_json', 'update_db', 'data_quality_check' retrieved from /opt/airflow/dags/main.py
[2026-02-26T00:49:12.753+0000] {logging_mixin.py:188} INFO - [2026-02-26T00:49:12.753+0000] {dag.py:3096} INFO - Sync 3 DAGs
[2026-02-26T00:49:12.774+0000] {logging_mixin.py:188} INFO - [2026-02-26T00:49:12.774+0000] {dag.py:3954} INFO - Setting next_dagrun for data_quality_check to 2026-02-25 16:00:00+00:00, run_after=2026-02-26 16:00:00+00:00
[2026-02-26T00:49:12.779+0000] {logging_mixin.py:188} INFO - [2026-02-26T00:49:12.779+0000] {dag.py:3954} INFO - Setting next_dagrun for produce_json to 2026-02-25 14:00:00+00:00, run_after=2026-02-26 14:00:00+00:00
[2026-02-26T00:49:12.783+0000] {logging_mixin.py:188} INFO - [2026-02-26T00:49:12.782+0000] {dag.py:3954} INFO - Setting next_dagrun for update_db to 2026-02-25 15:00:00+00:00, run_after=2026-02-26 15:00:00+00:00
[2026-02-26T00:49:12.802+0000] {processor.py:183} INFO - Processing /opt/airflow/dags/main.py took 0.213 seconds
[2026-02-26T00:49:42.963+0000] {processor.py:161} INFO - Started process (PID=834) to work on /opt/airflow/dags/main.py
[2026-02-26T00:49:42.964+0000] {processor.py:830} INFO - Processing file /opt/airflow/dags/main.py for tasks to queue
[2026-02-26T00:49:42.966+0000] {logging_mixin.py:188} INFO - [2026-02-26T00:49:42.965+0000] {dagbag.py:545} INFO - Filling up the DagBag from /opt/airflow/dags/main.py
[2026-02-26T00:49:43.074+0000] {processor.py:840} INFO - DAG(s) 'update_db', 'data_quality_check', 'produce_json' retrieved from /opt/airflow/dags/main.py
[2026-02-26T00:49:43.108+0000] {logging_mixin.py:188} INFO - [2026-02-26T00:49:43.108+0000] {dag.py:3096} INFO - Sync 3 DAGs
[2026-02-26T00:49:43.130+0000] {logging_mixin.py:188} INFO - [2026-02-26T00:49:43.129+0000] {dag.py:3954} INFO - Setting next_dagrun for data_quality_check to 2026-02-25 16:00:00+00:00, run_after=2026-02-26 16:00:00+00:00
[2026-02-26T00:49:43.135+0000] {logging_mixin.py:188} INFO - [2026-02-26T00:49:43.134+0000] {dag.py:3954} INFO - Setting next_dagrun for produce_json to 2026-02-25 14:00:00+00:00, run_after=2026-02-26 14:00:00+00:00
[2026-02-26T00:49:43.138+0000] {logging_mixin.py:188} INFO - [2026-02-26T00:49:43.138+0000] {dag.py:3954} INFO - Setting next_dagrun for update_db to 2026-02-25 15:00:00+00:00, run_after=2026-02-26 15:00:00+00:00
[2026-02-26T00:49:43.159+0000] {processor.py:183} INFO - Processing /opt/airflow/dags/main.py took 0.201 seconds
[2026-02-26T00:50:13.295+0000] {processor.py:161} INFO - Started process (PID=842) to work on /opt/airflow/dags/main.py
[2026-02-26T00:50:13.296+0000] {processor.py:830} INFO - Processing file /opt/airflow/dags/main.py for tasks to queue
[2026-02-26T00:50:13.298+0000] {logging_mixin.py:188} INFO - [2026-02-26T00:50:13.298+0000] {dagbag.py:545} INFO - Filling up the DagBag from /opt/airflow/dags/main.py
[2026-02-26T00:50:13.402+0000] {processor.py:840} INFO - DAG(s) 'data_quality_check', 'update_db', 'produce_json' retrieved from /opt/airflow/dags/main.py
[2026-02-26T00:50:13.433+0000] {logging_mixin.py:188} INFO - [2026-02-26T00:50:13.433+0000] {dag.py:3096} INFO - Sync 3 DAGs
[2026-02-26T00:50:13.456+0000] {logging_mixin.py:188} INFO - [2026-02-26T00:50:13.456+0000] {dag.py:3954} INFO - Setting next_dagrun for data_quality_check to 2026-02-25 16:00:00+00:00, run_after=2026-02-26 16:00:00+00:00
[2026-02-26T00:50:13.461+0000] {logging_mixin.py:188} INFO - [2026-02-26T00:50:13.461+0000] {dag.py:3954} INFO - Setting next_dagrun for produce_json to 2026-02-25 14:00:00+00:00, run_after=2026-02-26 14:00:00+00:00
[2026-02-26T00:50:13.464+0000] {logging_mixin.py:188} INFO - [2026-02-26T00:50:13.464+0000] {dag.py:3954} INFO - Setting next_dagrun for update_db to 2026-02-25 15:00:00+00:00, run_after=2026-02-26 15:00:00+00:00
[2026-02-26T00:50:13.484+0000] {processor.py:183} INFO - Processing /opt/airflow/dags/main.py took 0.196 seconds
[2026-02-26T00:50:43.629+0000] {processor.py:161} INFO - Started process (PID=850) to work on /opt/airflow/dags/main.py
[2026-02-26T00:50:43.630+0000] {processor.py:830} INFO - Processing file /opt/airflow/dags/main.py for tasks to queue
[2026-02-26T00:50:43.633+0000] {logging_mixin.py:188} INFO - [2026-02-26T00:50:43.632+0000] {dagbag.py:545} INFO - Filling up the DagBag from /opt/airflow/dags/main.py
[2026-02-26T00:50:43.751+0000] {processor.py:840} INFO - DAG(s) 'produce_json', 'data_quality_check', 'update_db' retrieved from /opt/airflow/dags/main.py
[2026-02-26T00:50:43.784+0000] {logging_mixin.py:188} INFO - [2026-02-26T00:50:43.784+0000] {dag.py:3096} INFO - Sync 3 DAGs
[2026-02-26T00:50:43.807+0000] {logging_mixin.py:188} INFO - [2026-02-26T00:50:43.807+0000] {dag.py:3954} INFO - Setting next_dagrun for data_quality_check to 2026-02-25 16:00:00+00:00, run_after=2026-02-26 16:00:00+00:00
[2026-02-26T00:50:43.812+0000] {logging_mixin.py:188} INFO - [2026-02-26T00:50:43.812+0000] {dag.py:3954} INFO - Setting next_dagrun for produce_json to 2026-02-25 14:00:00+00:00, run_after=2026-02-26 14:00:00+00:00
[2026-02-26T00:50:43.816+0000] {logging_mixin.py:188} INFO - [2026-02-26T00:50:43.816+0000] {dag.py:3954} INFO - Setting next_dagrun for update_db to 2026-02-25 15:00:00+00:00, run_after=2026-02-26 15:00:00+00:00
[2026-02-26T00:50:43.837+0000] {processor.py:183} INFO - Processing /opt/airflow/dags/main.py took 0.215 seconds
[2026-02-26T00:51:13.965+0000] {processor.py:161} INFO - Started process (PID=858) to work on /opt/airflow/dags/main.py
[2026-02-26T00:51:13.966+0000] {processor.py:830} INFO - Processing file /opt/airflow/dags/main.py for tasks to queue
[2026-02-26T00:51:13.968+0000] {logging_mixin.py:188} INFO - [2026-02-26T00:51:13.968+0000] {dagbag.py:545} INFO - Filling up the DagBag from /opt/airflow/dags/main.py
[2026-02-26T00:51:14.071+0000] {processor.py:840} INFO - DAG(s) 'update_db', 'produce_json', 'data_quality_check' retrieved from /opt/airflow/dags/main.py
[2026-02-26T00:51:14.115+0000] {logging_mixin.py:188} INFO - [2026-02-26T00:51:14.115+0000] {dag.py:3096} INFO - Sync 3 DAGs
[2026-02-26T00:51:14.137+0000] {logging_mixin.py:188} INFO - [2026-02-26T00:51:14.137+0000] {dag.py:3954} INFO - Setting next_dagrun for data_quality_check to 2026-02-25 16:00:00+00:00, run_after=2026-02-26 16:00:00+00:00
[2026-02-26T00:51:14.145+0000] {logging_mixin.py:188} INFO - [2026-02-26T00:51:14.144+0000] {dag.py:3954} INFO - Setting next_dagrun for produce_json to 2026-02-25 14:00:00+00:00, run_after=2026-02-26 14:00:00+00:00
[2026-02-26T00:51:14.151+0000] {logging_mixin.py:188} INFO - [2026-02-26T00:51:14.151+0000] {dag.py:3954} INFO - Setting next_dagrun for update_db to 2026-02-25 15:00:00+00:00, run_after=2026-02-26 15:00:00+00:00
[2026-02-26T00:51:14.170+0000] {processor.py:183} INFO - Processing /opt/airflow/dags/main.py took 0.212 seconds
[2026-02-26T00:51:44.442+0000] {processor.py:161} INFO - Started process (PID=873) to work on /opt/airflow/dags/main.py
[2026-02-26T00:51:44.443+0000] {processor.py:830} INFO - Processing file /opt/airflow/dags/main.py for tasks to queue
[2026-02-26T00:51:44.445+0000] {logging_mixin.py:188} INFO - [2026-02-26T00:51:44.445+0000] {dagbag.py:545} INFO - Filling up the DagBag from /opt/airflow/dags/main.py
[2026-02-26T00:51:44.554+0000] {processor.py:840} INFO - DAG(s) 'update_db', 'data_quality_check', 'produce_json' retrieved from /opt/airflow/dags/main.py
[2026-02-26T00:51:44.585+0000] {logging_mixin.py:188} INFO - [2026-02-26T00:51:44.584+0000] {dag.py:3096} INFO - Sync 3 DAGs
[2026-02-26T00:51:44.606+0000] {logging_mixin.py:188} INFO - [2026-02-26T00:51:44.606+0000] {dag.py:3954} INFO - Setting next_dagrun for data_quality_check to 2026-02-25 16:00:00+00:00, run_after=2026-02-26 16:00:00+00:00
[2026-02-26T00:51:44.612+0000] {logging_mixin.py:188} INFO - [2026-02-26T00:51:44.612+0000] {dag.py:3954} INFO - Setting next_dagrun for produce_json to 2026-02-25 14:00:00+00:00, run_after=2026-02-26 14:00:00+00:00
[2026-02-26T00:51:44.615+0000] {logging_mixin.py:188} INFO - [2026-02-26T00:51:44.615+0000] {dag.py:3954} INFO - Setting next_dagrun for update_db to 2026-02-25 15:00:00+00:00, run_after=2026-02-26 15:00:00+00:00
[2026-02-26T00:51:44.635+0000] {processor.py:183} INFO - Processing /opt/airflow/dags/main.py took 0.199 seconds
[2026-02-26T00:52:14.780+0000] {processor.py:161} INFO - Started process (PID=881) to work on /opt/airflow/dags/main.py
[2026-02-26T00:52:14.781+0000] {processor.py:830} INFO - Processing file /opt/airflow/dags/main.py for tasks to queue
[2026-02-26T00:52:14.783+0000] {logging_mixin.py:188} INFO - [2026-02-26T00:52:14.783+0000] {dagbag.py:545} INFO - Filling up the DagBag from /opt/airflow/dags/main.py
[2026-02-26T00:52:14.893+0000] {processor.py:840} INFO - DAG(s) 'update_db', 'produce_json', 'data_quality_check' retrieved from /opt/airflow/dags/main.py
[2026-02-26T00:52:14.924+0000] {logging_mixin.py:188} INFO - [2026-02-26T00:52:14.924+0000] {dag.py:3096} INFO - Sync 3 DAGs
[2026-02-26T00:52:14.945+0000] {logging_mixin.py:188} INFO - [2026-02-26T00:52:14.945+0000] {dag.py:3954} INFO - Setting next_dagrun for data_quality_check to 2026-02-25 16:00:00+00:00, run_after=2026-02-26 16:00:00+00:00
[2026-02-26T00:52:14.950+0000] {logging_mixin.py:188} INFO - [2026-02-26T00:52:14.950+0000] {dag.py:3954} INFO - Setting next_dagrun for produce_json to 2026-02-25 14:00:00+00:00, run_after=2026-02-26 14:00:00+00:00
[2026-02-26T00:52:14.953+0000] {logging_mixin.py:188} INFO - [2026-02-26T00:52:14.953+0000] {dag.py:3954} INFO - Setting next_dagrun for update_db to 2026-02-25 15:00:00+00:00, run_after=2026-02-26 15:00:00+00:00
[2026-02-26T00:52:14.974+0000] {processor.py:183} INFO - Processing /opt/airflow/dags/main.py took 0.199 seconds
[2026-02-26T00:52:45.100+0000] {processor.py:161} INFO - Started process (PID=890) to work on /opt/airflow/dags/main.py
[2026-02-26T00:52:45.102+0000] {processor.py:830} INFO - Processing file /opt/airflow/dags/main.py for tasks to queue
[2026-02-26T00:52:45.104+0000] {logging_mixin.py:188} INFO - [2026-02-26T00:52:45.104+0000] {dagbag.py:545} INFO - Filling up the DagBag from /opt/airflow/dags/main.py
[2026-02-26T00:52:45.215+0000] {processor.py:840} INFO - DAG(s) 'update_db', 'data_quality_check', 'produce_json' retrieved from /opt/airflow/dags/main.py
[2026-02-26T00:52:45.250+0000] {logging_mixin.py:188} INFO - [2026-02-26T00:52:45.250+0000] {dag.py:3096} INFO - Sync 3 DAGs
[2026-02-26T00:52:45.277+0000] {logging_mixin.py:188} INFO - [2026-02-26T00:52:45.276+0000] {dag.py:3954} INFO - Setting next_dagrun for data_quality_check to 2026-02-25 16:00:00+00:00, run_after=2026-02-26 16:00:00+00:00
[2026-02-26T00:52:45.282+0000] {logging_mixin.py:188} INFO - [2026-02-26T00:52:45.282+0000] {dag.py:3954} INFO - Setting next_dagrun for produce_json to 2026-02-25 14:00:00+00:00, run_after=2026-02-26 14:00:00+00:00
[2026-02-26T00:52:45.285+0000] {logging_mixin.py:188} INFO - [2026-02-26T00:52:45.285+0000] {dag.py:3954} INFO - Setting next_dagrun for update_db to 2026-02-25 15:00:00+00:00, run_after=2026-02-26 15:00:00+00:00
[2026-02-26T00:52:45.307+0000] {processor.py:183} INFO - Processing /opt/airflow/dags/main.py took 0.212 seconds
[2026-02-26T00:53:15.446+0000] {processor.py:161} INFO - Started process (PID=898) to work on /opt/airflow/dags/main.py
[2026-02-26T00:53:15.447+0000] {processor.py:830} INFO - Processing file /opt/airflow/dags/main.py for tasks to queue
[2026-02-26T00:53:15.450+0000] {logging_mixin.py:188} INFO - [2026-02-26T00:53:15.449+0000] {dagbag.py:545} INFO - Filling up the DagBag from /opt/airflow/dags/main.py
[2026-02-26T00:53:15.550+0000] {processor.py:840} INFO - DAG(s) 'update_db', 'data_quality_check', 'produce_json' retrieved from /opt/airflow/dags/main.py
[2026-02-26T00:53:15.585+0000] {logging_mixin.py:188} INFO - [2026-02-26T00:53:15.584+0000] {dag.py:3096} INFO - Sync 3 DAGs
[2026-02-26T00:53:15.608+0000] {logging_mixin.py:188} INFO - [2026-02-26T00:53:15.608+0000] {dag.py:3954} INFO - Setting next_dagrun for data_quality_check to 2026-02-25 16:00:00+00:00, run_after=2026-02-26 16:00:00+00:00
[2026-02-26T00:53:15.613+0000] {logging_mixin.py:188} INFO - [2026-02-26T00:53:15.613+0000] {dag.py:3954} INFO - Setting next_dagrun for produce_json to 2026-02-25 14:00:00+00:00, run_after=2026-02-26 14:00:00+00:00
[2026-02-26T00:53:15.616+0000] {logging_mixin.py:188} INFO - [2026-02-26T00:53:15.616+0000] {dag.py:3954} INFO - Setting next_dagrun for update_db to 2026-02-25 15:00:00+00:00, run_after=2026-02-26 15:00:00+00:00
[2026-02-26T00:53:15.637+0000] {processor.py:183} INFO - Processing /opt/airflow/dags/main.py took 0.197 seconds
[2026-02-26T00:53:45.763+0000] {processor.py:161} INFO - Started process (PID=906) to work on /opt/airflow/dags/main.py
[2026-02-26T00:53:45.764+0000] {processor.py:830} INFO - Processing file /opt/airflow/dags/main.py for tasks to queue
[2026-02-26T00:53:45.767+0000] {logging_mixin.py:188} INFO - [2026-02-26T00:53:45.767+0000] {dagbag.py:545} INFO - Filling up the DagBag from /opt/airflow/dags/main.py
[2026-02-26T00:53:45.870+0000] {processor.py:840} INFO - DAG(s) 'update_db', 'data_quality_check', 'produce_json' retrieved from /opt/airflow/dags/main.py
[2026-02-26T00:53:45.902+0000] {logging_mixin.py:188} INFO - [2026-02-26T00:53:45.902+0000] {dag.py:3096} INFO - Sync 3 DAGs
[2026-02-26T00:53:45.924+0000] {logging_mixin.py:188} INFO - [2026-02-26T00:53:45.924+0000] {dag.py:3954} INFO - Setting next_dagrun for data_quality_check to 2026-02-25 16:00:00+00:00, run_after=2026-02-26 16:00:00+00:00
[2026-02-26T00:53:45.929+0000] {logging_mixin.py:188} INFO - [2026-02-26T00:53:45.929+0000] {dag.py:3954} INFO - Setting next_dagrun for produce_json to 2026-02-25 14:00:00+00:00, run_after=2026-02-26 14:00:00+00:00
[2026-02-26T00:53:45.932+0000] {logging_mixin.py:188} INFO - [2026-02-26T00:53:45.932+0000] {dag.py:3954} INFO - Setting next_dagrun for update_db to 2026-02-25 15:00:00+00:00, run_after=2026-02-26 15:00:00+00:00
[2026-02-26T00:53:45.951+0000] {processor.py:183} INFO - Processing /opt/airflow/dags/main.py took 0.195 seconds
[2026-02-26T00:54:16.106+0000] {processor.py:161} INFO - Started process (PID=914) to work on /opt/airflow/dags/main.py
[2026-02-26T00:54:16.107+0000] {processor.py:830} INFO - Processing file /opt/airflow/dags/main.py for tasks to queue
[2026-02-26T00:54:16.111+0000] {logging_mixin.py:188} INFO - [2026-02-26T00:54:16.110+0000] {dagbag.py:545} INFO - Filling up the DagBag from /opt/airflow/dags/main.py
[2026-02-26T00:54:16.219+0000] {processor.py:840} INFO - DAG(s) 'update_db', 'produce_json', 'data_quality_check' retrieved from /opt/airflow/dags/main.py
[2026-02-26T00:54:16.250+0000] {logging_mixin.py:188} INFO - [2026-02-26T00:54:16.250+0000] {dag.py:3096} INFO - Sync 3 DAGs
[2026-02-26T00:54:16.271+0000] {logging_mixin.py:188} INFO - [2026-02-26T00:54:16.270+0000] {dag.py:3954} INFO - Setting next_dagrun for data_quality_check to 2026-02-25 16:00:00+00:00, run_after=2026-02-26 16:00:00+00:00
[2026-02-26T00:54:16.276+0000] {logging_mixin.py:188} INFO - [2026-02-26T00:54:16.275+0000] {dag.py:3954} INFO - Setting next_dagrun for produce_json to 2026-02-25 14:00:00+00:00, run_after=2026-02-26 14:00:00+00:00
[2026-02-26T00:54:16.279+0000] {logging_mixin.py:188} INFO - [2026-02-26T00:54:16.278+0000] {dag.py:3954} INFO - Setting next_dagrun for update_db to 2026-02-25 15:00:00+00:00, run_after=2026-02-26 15:00:00+00:00
[2026-02-26T00:54:16.298+0000] {processor.py:183} INFO - Processing /opt/airflow/dags/main.py took 0.200 seconds
[2026-02-26T00:54:46.442+0000] {processor.py:161} INFO - Started process (PID=922) to work on /opt/airflow/dags/main.py
[2026-02-26T00:54:46.443+0000] {processor.py:830} INFO - Processing file /opt/airflow/dags/main.py for tasks to queue
[2026-02-26T00:54:46.445+0000] {logging_mixin.py:188} INFO - [2026-02-26T00:54:46.445+0000] {dagbag.py:545} INFO - Filling up the DagBag from /opt/airflow/dags/main.py
[2026-02-26T00:54:46.564+0000] {processor.py:840} INFO - DAG(s) 'update_db', 'data_quality_check', 'produce_json' retrieved from /opt/airflow/dags/main.py
[2026-02-26T00:54:46.599+0000] {logging_mixin.py:188} INFO - [2026-02-26T00:54:46.598+0000] {dag.py:3096} INFO - Sync 3 DAGs
[2026-02-26T00:54:46.620+0000] {logging_mixin.py:188} INFO - [2026-02-26T00:54:46.620+0000] {dag.py:3954} INFO - Setting next_dagrun for data_quality_check to 2026-02-25 16:00:00+00:00, run_after=2026-02-26 16:00:00+00:00
[2026-02-26T00:54:46.625+0000] {logging_mixin.py:188} INFO - [2026-02-26T00:54:46.624+0000] {dag.py:3954} INFO - Setting next_dagrun for produce_json to 2026-02-25 14:00:00+00:00, run_after=2026-02-26 14:00:00+00:00
[2026-02-26T00:54:46.628+0000] {logging_mixin.py:188} INFO - [2026-02-26T00:54:46.628+0000] {dag.py:3954} INFO - Setting next_dagrun for update_db to 2026-02-25 15:00:00+00:00, run_after=2026-02-26 15:00:00+00:00
[2026-02-26T00:54:46.649+0000] {processor.py:183} INFO - Processing /opt/airflow/dags/main.py took 0.212 seconds
[2026-02-26T00:55:16.767+0000] {processor.py:161} INFO - Started process (PID=930) to work on /opt/airflow/dags/main.py
[2026-02-26T00:55:16.768+0000] {processor.py:830} INFO - Processing file /opt/airflow/dags/main.py for tasks to queue
[2026-02-26T00:55:16.770+0000] {logging_mixin.py:188} INFO - [2026-02-26T00:55:16.769+0000] {dagbag.py:545} INFO - Filling up the DagBag from /opt/airflow/dags/main.py
[2026-02-26T00:55:16.909+0000] {processor.py:840} INFO - DAG(s) 'data_quality_check', 'produce_json', 'update_db' retrieved from /opt/airflow/dags/main.py
[2026-02-26T00:55:16.941+0000] {logging_mixin.py:188} INFO - [2026-02-26T00:55:16.940+0000] {dag.py:3096} INFO - Sync 3 DAGs
[2026-02-26T00:55:16.961+0000] {logging_mixin.py:188} INFO - [2026-02-26T00:55:16.961+0000] {dag.py:3954} INFO - Setting next_dagrun for data_quality_check to 2026-02-25 16:00:00+00:00, run_after=2026-02-26 16:00:00+00:00
[2026-02-26T00:55:16.966+0000] {logging_mixin.py:188} INFO - [2026-02-26T00:55:16.965+0000] {dag.py:3954} INFO - Setting next_dagrun for produce_json to 2026-02-25 14:00:00+00:00, run_after=2026-02-26 14:00:00+00:00
[2026-02-26T00:55:16.969+0000] {logging_mixin.py:188} INFO - [2026-02-26T00:55:16.969+0000] {dag.py:3954} INFO - Setting next_dagrun for update_db to 2026-02-25 15:00:00+00:00, run_after=2026-02-26 15:00:00+00:00
[2026-02-26T00:55:16.989+0000] {processor.py:183} INFO - Processing /opt/airflow/dags/main.py took 0.228 seconds
[2026-02-26T00:55:47.125+0000] {processor.py:161} INFO - Started process (PID=938) to work on /opt/airflow/dags/main.py
[2026-02-26T00:55:47.126+0000] {processor.py:830} INFO - Processing file /opt/airflow/dags/main.py for tasks to queue
[2026-02-26T00:55:47.128+0000] {logging_mixin.py:188} INFO - [2026-02-26T00:55:47.128+0000] {dagbag.py:545} INFO - Filling up the DagBag from /opt/airflow/dags/main.py
[2026-02-26T00:55:47.259+0000] {processor.py:840} INFO - DAG(s) 'data_quality_check', 'update_db', 'produce_json' retrieved from /opt/airflow/dags/main.py
[2026-02-26T00:55:47.301+0000] {logging_mixin.py:188} INFO - [2026-02-26T00:55:47.301+0000] {dag.py:3096} INFO - Sync 3 DAGs
[2026-02-26T00:55:47.337+0000] {logging_mixin.py:188} INFO - [2026-02-26T00:55:47.337+0000] {dag.py:3954} INFO - Setting next_dagrun for data_quality_check to 2026-02-25 16:00:00+00:00, run_after=2026-02-26 16:00:00+00:00
[2026-02-26T00:55:47.343+0000] {logging_mixin.py:188} INFO - [2026-02-26T00:55:47.342+0000] {dag.py:3954} INFO - Setting next_dagrun for produce_json to 2026-02-25 14:00:00+00:00, run_after=2026-02-26 14:00:00+00:00
[2026-02-26T00:55:47.346+0000] {logging_mixin.py:188} INFO - [2026-02-26T00:55:47.346+0000] {dag.py:3954} INFO - Setting next_dagrun for update_db to 2026-02-25 15:00:00+00:00, run_after=2026-02-26 15:00:00+00:00
[2026-02-26T00:55:47.363+0000] {processor.py:183} INFO - Processing /opt/airflow/dags/main.py took 0.244 seconds
[2026-02-26T00:56:17.485+0000] {processor.py:161} INFO - Started process (PID=947) to work on /opt/airflow/dags/main.py
[2026-02-26T00:56:17.486+0000] {processor.py:830} INFO - Processing file /opt/airflow/dags/main.py for tasks to queue
[2026-02-26T00:56:17.489+0000] {logging_mixin.py:188} INFO - [2026-02-26T00:56:17.489+0000] {dagbag.py:545} INFO - Filling up the DagBag from /opt/airflow/dags/main.py
[2026-02-26T00:56:17.628+0000] {processor.py:840} INFO - DAG(s) 'data_quality_check', 'produce_json', 'update_db' retrieved from /opt/airflow/dags/main.py
[2026-02-26T00:56:17.677+0000] {logging_mixin.py:188} INFO - [2026-02-26T00:56:17.676+0000] {dag.py:3096} INFO - Sync 3 DAGs
[2026-02-26T00:56:17.717+0000] {logging_mixin.py:188} INFO - [2026-02-26T00:56:17.716+0000] {dag.py:3954} INFO - Setting next_dagrun for data_quality_check to 2026-02-25 16:00:00+00:00, run_after=2026-02-26 16:00:00+00:00
[2026-02-26T00:56:17.727+0000] {logging_mixin.py:188} INFO - [2026-02-26T00:56:17.727+0000] {dag.py:3954} INFO - Setting next_dagrun for produce_json to 2026-02-25 14:00:00+00:00, run_after=2026-02-26 14:00:00+00:00
[2026-02-26T00:56:17.734+0000] {logging_mixin.py:188} INFO - [2026-02-26T00:56:17.734+0000] {dag.py:3954} INFO - Setting next_dagrun for update_db to 2026-02-25 15:00:00+00:00, run_after=2026-02-26 15:00:00+00:00
[2026-02-26T00:56:17.759+0000] {processor.py:183} INFO - Processing /opt/airflow/dags/main.py took 0.280 seconds
[2026-02-26T00:56:48.001+0000] {processor.py:161} INFO - Started process (PID=955) to work on /opt/airflow/dags/main.py
[2026-02-26T00:56:48.003+0000] {processor.py:830} INFO - Processing file /opt/airflow/dags/main.py for tasks to queue
[2026-02-26T00:56:48.005+0000] {logging_mixin.py:188} INFO - [2026-02-26T00:56:48.005+0000] {dagbag.py:545} INFO - Filling up the DagBag from /opt/airflow/dags/main.py
[2026-02-26T00:56:48.116+0000] {processor.py:840} INFO - DAG(s) 'produce_json', 'data_quality_check', 'update_db' retrieved from /opt/airflow/dags/main.py
[2026-02-26T00:56:48.150+0000] {logging_mixin.py:188} INFO - [2026-02-26T00:56:48.150+0000] {dag.py:3096} INFO - Sync 3 DAGs
[2026-02-26T00:56:48.173+0000] {logging_mixin.py:188} INFO - [2026-02-26T00:56:48.173+0000] {dag.py:3954} INFO - Setting next_dagrun for data_quality_check to 2026-02-25 16:00:00+00:00, run_after=2026-02-26 16:00:00+00:00
[2026-02-26T00:56:48.179+0000] {logging_mixin.py:188} INFO - [2026-02-26T00:56:48.179+0000] {dag.py:3954} INFO - Setting next_dagrun for produce_json to 2026-02-25 14:00:00+00:00, run_after=2026-02-26 14:00:00+00:00
[2026-02-26T00:56:48.182+0000] {logging_mixin.py:188} INFO - [2026-02-26T00:56:48.182+0000] {dag.py:3954} INFO - Setting next_dagrun for update_db to 2026-02-25 15:00:00+00:00, run_after=2026-02-26 15:00:00+00:00
[2026-02-26T00:56:48.199+0000] {processor.py:183} INFO - Processing /opt/airflow/dags/main.py took 0.204 seconds
[2026-02-26T00:57:18.336+0000] {processor.py:161} INFO - Started process (PID=963) to work on /opt/airflow/dags/main.py
[2026-02-26T00:57:18.337+0000] {processor.py:830} INFO - Processing file /opt/airflow/dags/main.py for tasks to queue
[2026-02-26T00:57:18.339+0000] {logging_mixin.py:188} INFO - [2026-02-26T00:57:18.338+0000] {dagbag.py:545} INFO - Filling up the DagBag from /opt/airflow/dags/main.py
[2026-02-26T00:57:18.447+0000] {processor.py:840} INFO - DAG(s) 'update_db', 'data_quality_check', 'produce_json' retrieved from /opt/airflow/dags/main.py
[2026-02-26T00:57:18.478+0000] {logging_mixin.py:188} INFO - [2026-02-26T00:57:18.478+0000] {dag.py:3096} INFO - Sync 3 DAGs
[2026-02-26T00:57:18.499+0000] {logging_mixin.py:188} INFO - [2026-02-26T00:57:18.499+0000] {dag.py:3954} INFO - Setting next_dagrun for data_quality_check to 2026-02-25 16:00:00+00:00, run_after=2026-02-26 16:00:00+00:00
[2026-02-26T00:57:18.505+0000] {logging_mixin.py:188} INFO - [2026-02-26T00:57:18.505+0000] {dag.py:3954} INFO - Setting next_dagrun for produce_json to 2026-02-25 14:00:00+00:00, run_after=2026-02-26 14:00:00+00:00
[2026-02-26T00:57:18.508+0000] {logging_mixin.py:188} INFO - [2026-02-26T00:57:18.508+0000] {dag.py:3954} INFO - Setting next_dagrun for update_db to 2026-02-25 15:00:00+00:00, run_after=2026-02-26 15:00:00+00:00
[2026-02-26T00:57:18.529+0000] {processor.py:183} INFO - Processing /opt/airflow/dags/main.py took 0.199 seconds
[2026-02-26T00:57:48.696+0000] {processor.py:161} INFO - Started process (PID=971) to work on /opt/airflow/dags/main.py
[2026-02-26T00:57:48.697+0000] {processor.py:830} INFO - Processing file /opt/airflow/dags/main.py for tasks to queue
[2026-02-26T00:57:48.700+0000] {logging_mixin.py:188} INFO - [2026-02-26T00:57:48.700+0000] {dagbag.py:545} INFO - Filling up the DagBag from /opt/airflow/dags/main.py
[2026-02-26T00:57:48.813+0000] {processor.py:840} INFO - DAG(s) 'update_db', 'data_quality_check', 'produce_json' retrieved from /opt/airflow/dags/main.py
[2026-02-26T00:57:48.846+0000] {logging_mixin.py:188} INFO - [2026-02-26T00:57:48.846+0000] {dag.py:3096} INFO - Sync 3 DAGs
[2026-02-26T00:57:48.869+0000] {logging_mixin.py:188} INFO - [2026-02-26T00:57:48.869+0000] {dag.py:3954} INFO - Setting next_dagrun for data_quality_check to 2026-02-25 16:00:00+00:00, run_after=2026-02-26 16:00:00+00:00
[2026-02-26T00:57:48.874+0000] {logging_mixin.py:188} INFO - [2026-02-26T00:57:48.874+0000] {dag.py:3954} INFO - Setting next_dagrun for produce_json to 2026-02-25 14:00:00+00:00, run_after=2026-02-26 14:00:00+00:00
[2026-02-26T00:57:48.877+0000] {logging_mixin.py:188} INFO - [2026-02-26T00:57:48.877+0000] {dag.py:3954} INFO - Setting next_dagrun for update_db to 2026-02-25 15:00:00+00:00, run_after=2026-02-26 15:00:00+00:00
[2026-02-26T00:57:48.896+0000] {processor.py:183} INFO - Processing /opt/airflow/dags/main.py took 0.209 seconds
[2026-02-26T00:58:19.012+0000] {processor.py:161} INFO - Started process (PID=979) to work on /opt/airflow/dags/main.py
[2026-02-26T00:58:19.013+0000] {processor.py:830} INFO - Processing file /opt/airflow/dags/main.py for tasks to queue
[2026-02-26T00:58:19.016+0000] {logging_mixin.py:188} INFO - [2026-02-26T00:58:19.015+0000] {dagbag.py:545} INFO - Filling up the DagBag from /opt/airflow/dags/main.py
[2026-02-26T00:58:19.126+0000] {processor.py:840} INFO - DAG(s) 'update_db', 'data_quality_check', 'produce_json' retrieved from /opt/airflow/dags/main.py
[2026-02-26T00:58:19.155+0000] {logging_mixin.py:188} INFO - [2026-02-26T00:58:19.155+0000] {dag.py:3096} INFO - Sync 3 DAGs
[2026-02-26T00:58:19.179+0000] {logging_mixin.py:188} INFO - [2026-02-26T00:58:19.179+0000] {dag.py:3954} INFO - Setting next_dagrun for data_quality_check to 2026-02-25 16:00:00+00:00, run_after=2026-02-26 16:00:00+00:00
[2026-02-26T00:58:19.184+0000] {logging_mixin.py:188} INFO - [2026-02-26T00:58:19.184+0000] {dag.py:3954} INFO - Setting next_dagrun for produce_json to 2026-02-25 14:00:00+00:00, run_after=2026-02-26 14:00:00+00:00
[2026-02-26T00:58:19.187+0000] {logging_mixin.py:188} INFO - [2026-02-26T00:58:19.186+0000] {dag.py:3954} INFO - Setting next_dagrun for update_db to 2026-02-25 15:00:00+00:00, run_after=2026-02-26 15:00:00+00:00
[2026-02-26T00:58:19.204+0000] {processor.py:183} INFO - Processing /opt/airflow/dags/main.py took 0.198 seconds
[2026-02-26T00:58:49.339+0000] {processor.py:161} INFO - Started process (PID=987) to work on /opt/airflow/dags/main.py
[2026-02-26T00:58:49.340+0000] {processor.py:830} INFO - Processing file /opt/airflow/dags/main.py for tasks to queue
[2026-02-26T00:58:49.343+0000] {logging_mixin.py:188} INFO - [2026-02-26T00:58:49.343+0000] {dagbag.py:545} INFO - Filling up the DagBag from /opt/airflow/dags/main.py
[2026-02-26T00:58:49.445+0000] {processor.py:840} INFO - DAG(s) 'data_quality_check', 'produce_json', 'update_db' retrieved from /opt/airflow/dags/main.py
[2026-02-26T00:58:49.478+0000] {logging_mixin.py:188} INFO - [2026-02-26T00:58:49.477+0000] {dag.py:3096} INFO - Sync 3 DAGs
[2026-02-26T00:58:49.498+0000] {logging_mixin.py:188} INFO - [2026-02-26T00:58:49.498+0000] {dag.py:3954} INFO - Setting next_dagrun for data_quality_check to 2026-02-25 16:00:00+00:00, run_after=2026-02-26 16:00:00+00:00
[2026-02-26T00:58:49.503+0000] {logging_mixin.py:188} INFO - [2026-02-26T00:58:49.503+0000] {dag.py:3954} INFO - Setting next_dagrun for produce_json to 2026-02-25 14:00:00+00:00, run_after=2026-02-26 14:00:00+00:00
[2026-02-26T00:58:49.506+0000] {logging_mixin.py:188} INFO - [2026-02-26T00:58:49.506+0000] {dag.py:3954} INFO - Setting next_dagrun for update_db to 2026-02-25 15:00:00+00:00, run_after=2026-02-26 15:00:00+00:00
[2026-02-26T00:58:49.526+0000] {processor.py:183} INFO - Processing /opt/airflow/dags/main.py took 0.194 seconds
[2026-02-26T00:59:19.666+0000] {processor.py:161} INFO - Started process (PID=996) to work on /opt/airflow/dags/main.py
[2026-02-26T00:59:19.667+0000] {processor.py:830} INFO - Processing file /opt/airflow/dags/main.py for tasks to queue
[2026-02-26T00:59:19.668+0000] {logging_mixin.py:188} INFO - [2026-02-26T00:59:19.668+0000] {dagbag.py:545} INFO - Filling up the DagBag from /opt/airflow/dags/main.py
[2026-02-26T00:59:19.776+0000] {processor.py:840} INFO - DAG(s) 'produce_json', 'data_quality_check', 'update_db' retrieved from /opt/airflow/dags/main.py
[2026-02-26T00:59:19.808+0000] {logging_mixin.py:188} INFO - [2026-02-26T00:59:19.808+0000] {dag.py:3096} INFO - Sync 3 DAGs
[2026-02-26T00:59:19.840+0000] {logging_mixin.py:188} INFO - [2026-02-26T00:59:19.840+0000] {dag.py:3954} INFO - Setting next_dagrun for data_quality_check to 2026-02-25 16:00:00+00:00, run_after=2026-02-26 16:00:00+00:00
[2026-02-26T00:59:19.847+0000] {logging_mixin.py:188} INFO - [2026-02-26T00:59:19.847+0000] {dag.py:3954} INFO - Setting next_dagrun for produce_json to 2026-02-25 14:00:00+00:00, run_after=2026-02-26 14:00:00+00:00
[2026-02-26T00:59:19.852+0000] {logging_mixin.py:188} INFO - [2026-02-26T00:59:19.852+0000] {dag.py:3954} INFO - Setting next_dagrun for update_db to 2026-02-25 15:00:00+00:00, run_after=2026-02-26 15:00:00+00:00
[2026-02-26T00:59:19.875+0000] {processor.py:183} INFO - Processing /opt/airflow/dags/main.py took 0.215 seconds
[2026-02-26T00:59:50.013+0000] {processor.py:161} INFO - Started process (PID=1004) to work on /opt/airflow/dags/main.py
[2026-02-26T00:59:50.015+0000] {processor.py:830} INFO - Processing file /opt/airflow/dags/main.py for tasks to queue
[2026-02-26T00:59:50.017+0000] {logging_mixin.py:188} INFO - [2026-02-26T00:59:50.017+0000] {dagbag.py:545} INFO - Filling up the DagBag from /opt/airflow/dags/main.py
[2026-02-26T00:59:50.162+0000] {processor.py:840} INFO - DAG(s) 'update_db', 'produce_json', 'data_quality_check' retrieved from /opt/airflow/dags/main.py
[2026-02-26T00:59:50.196+0000] {logging_mixin.py:188} INFO - [2026-02-26T00:59:50.196+0000] {dag.py:3096} INFO - Sync 3 DAGs
[2026-02-26T00:59:50.218+0000] {logging_mixin.py:188} INFO - [2026-02-26T00:59:50.218+0000] {dag.py:3954} INFO - Setting next_dagrun for data_quality_check to 2026-02-25 16:00:00+00:00, run_after=2026-02-26 16:00:00+00:00
[2026-02-26T00:59:50.223+0000] {logging_mixin.py:188} INFO - [2026-02-26T00:59:50.223+0000] {dag.py:3954} INFO - Setting next_dagrun for produce_json to 2026-02-25 14:00:00+00:00, run_after=2026-02-26 14:00:00+00:00
[2026-02-26T00:59:50.227+0000] {logging_mixin.py:188} INFO - [2026-02-26T00:59:50.226+0000] {dag.py:3954} INFO - Setting next_dagrun for update_db to 2026-02-25 15:00:00+00:00, run_after=2026-02-26 15:00:00+00:00
[2026-02-26T00:59:50.250+0000] {processor.py:183} INFO - Processing /opt/airflow/dags/main.py took 0.244 seconds
[2026-02-26T01:00:20.381+0000] {processor.py:161} INFO - Started process (PID=1012) to work on /opt/airflow/dags/main.py
[2026-02-26T01:00:20.383+0000] {processor.py:830} INFO - Processing file /opt/airflow/dags/main.py for tasks to queue
[2026-02-26T01:00:20.386+0000] {logging_mixin.py:188} INFO - [2026-02-26T01:00:20.385+0000] {dagbag.py:545} INFO - Filling up the DagBag from /opt/airflow/dags/main.py
[2026-02-26T01:00:20.523+0000] {processor.py:840} INFO - DAG(s) 'produce_json', 'update_db', 'data_quality_check' retrieved from /opt/airflow/dags/main.py
[2026-02-26T01:00:20.561+0000] {logging_mixin.py:188} INFO - [2026-02-26T01:00:20.561+0000] {dag.py:3096} INFO - Sync 3 DAGs
[2026-02-26T01:00:20.585+0000] {logging_mixin.py:188} INFO - [2026-02-26T01:00:20.585+0000] {dag.py:3954} INFO - Setting next_dagrun for data_quality_check to 2026-02-25 16:00:00+00:00, run_after=2026-02-26 16:00:00+00:00
[2026-02-26T01:00:20.590+0000] {logging_mixin.py:188} INFO - [2026-02-26T01:00:20.590+0000] {dag.py:3954} INFO - Setting next_dagrun for produce_json to 2026-02-25 14:00:00+00:00, run_after=2026-02-26 14:00:00+00:00
[2026-02-26T01:00:20.594+0000] {logging_mixin.py:188} INFO - [2026-02-26T01:00:20.594+0000] {dag.py:3954} INFO - Setting next_dagrun for update_db to 2026-02-25 15:00:00+00:00, run_after=2026-02-26 15:00:00+00:00
[2026-02-26T01:00:20.615+0000] {processor.py:183} INFO - Processing /opt/airflow/dags/main.py took 0.242 seconds
[2026-02-26T01:00:50.742+0000] {processor.py:161} INFO - Started process (PID=1020) to work on /opt/airflow/dags/main.py
[2026-02-26T01:00:50.743+0000] {processor.py:830} INFO - Processing file /opt/airflow/dags/main.py for tasks to queue
[2026-02-26T01:00:50.745+0000] {logging_mixin.py:188} INFO - [2026-02-26T01:00:50.744+0000] {dagbag.py:545} INFO - Filling up the DagBag from /opt/airflow/dags/main.py
[2026-02-26T01:00:50.862+0000] {processor.py:840} INFO - DAG(s) 'update_db', 'data_quality_check', 'produce_json' retrieved from /opt/airflow/dags/main.py
[2026-02-26T01:00:50.902+0000] {logging_mixin.py:188} INFO - [2026-02-26T01:00:50.901+0000] {dag.py:3096} INFO - Sync 3 DAGs
[2026-02-26T01:00:50.923+0000] {logging_mixin.py:188} INFO - [2026-02-26T01:00:50.923+0000] {dag.py:3954} INFO - Setting next_dagrun for data_quality_check to 2026-02-25 16:00:00+00:00, run_after=2026-02-26 16:00:00+00:00
[2026-02-26T01:00:50.928+0000] {logging_mixin.py:188} INFO - [2026-02-26T01:00:50.928+0000] {dag.py:3954} INFO - Setting next_dagrun for produce_json to 2026-02-25 14:00:00+00:00, run_after=2026-02-26 14:00:00+00:00
[2026-02-26T01:00:50.931+0000] {logging_mixin.py:188} INFO - [2026-02-26T01:00:50.931+0000] {dag.py:3954} INFO - Setting next_dagrun for update_db to 2026-02-25 15:00:00+00:00, run_after=2026-02-26 15:00:00+00:00
[2026-02-26T01:00:50.950+0000] {processor.py:183} INFO - Processing /opt/airflow/dags/main.py took 0.214 seconds
[2026-02-26T01:01:21.064+0000] {processor.py:161} INFO - Started process (PID=1029) to work on /opt/airflow/dags/main.py
[2026-02-26T01:01:21.065+0000] {processor.py:830} INFO - Processing file /opt/airflow/dags/main.py for tasks to queue
[2026-02-26T01:01:21.068+0000] {logging_mixin.py:188} INFO - [2026-02-26T01:01:21.067+0000] {dagbag.py:545} INFO - Filling up the DagBag from /opt/airflow/dags/main.py
[2026-02-26T01:01:21.183+0000] {processor.py:840} INFO - DAG(s) 'update_db', 'data_quality_check', 'produce_json' retrieved from /opt/airflow/dags/main.py
[2026-02-26T01:01:21.216+0000] {logging_mixin.py:188} INFO - [2026-02-26T01:01:21.216+0000] {dag.py:3096} INFO - Sync 3 DAGs
[2026-02-26T01:01:21.238+0000] {logging_mixin.py:188} INFO - [2026-02-26T01:01:21.238+0000] {dag.py:3954} INFO - Setting next_dagrun for data_quality_check to 2026-02-25 16:00:00+00:00, run_after=2026-02-26 16:00:00+00:00
[2026-02-26T01:01:21.245+0000] {logging_mixin.py:188} INFO - [2026-02-26T01:01:21.244+0000] {dag.py:3954} INFO - Setting next_dagrun for produce_json to 2026-02-25 14:00:00+00:00, run_after=2026-02-26 14:00:00+00:00
[2026-02-26T01:01:21.249+0000] {logging_mixin.py:188} INFO - [2026-02-26T01:01:21.249+0000] {dag.py:3954} INFO - Setting next_dagrun for update_db to 2026-02-25 15:00:00+00:00, run_after=2026-02-26 15:00:00+00:00
[2026-02-26T01:01:21.270+0000] {processor.py:183} INFO - Processing /opt/airflow/dags/main.py took 0.213 seconds
[2026-02-26T01:01:51.558+0000] {processor.py:161} INFO - Started process (PID=1037) to work on /opt/airflow/dags/main.py
[2026-02-26T01:01:51.559+0000] {processor.py:830} INFO - Processing file /opt/airflow/dags/main.py for tasks to queue
[2026-02-26T01:01:51.562+0000] {logging_mixin.py:188} INFO - [2026-02-26T01:01:51.561+0000] {dagbag.py:545} INFO - Filling up the DagBag from /opt/airflow/dags/main.py
[2026-02-26T01:01:51.667+0000] {processor.py:840} INFO - DAG(s) 'produce_json', 'update_db', 'data_quality_check' retrieved from /opt/airflow/dags/main.py
[2026-02-26T01:01:51.700+0000] {logging_mixin.py:188} INFO - [2026-02-26T01:01:51.699+0000] {dag.py:3096} INFO - Sync 3 DAGs
[2026-02-26T01:01:51.721+0000] {logging_mixin.py:188} INFO - [2026-02-26T01:01:51.721+0000] {dag.py:3954} INFO - Setting next_dagrun for data_quality_check to 2026-02-25 16:00:00+00:00, run_after=2026-02-26 16:00:00+00:00
[2026-02-26T01:01:51.726+0000] {logging_mixin.py:188} INFO - [2026-02-26T01:01:51.726+0000] {dag.py:3954} INFO - Setting next_dagrun for produce_json to 2026-02-25 14:00:00+00:00, run_after=2026-02-26 14:00:00+00:00
[2026-02-26T01:01:51.729+0000] {logging_mixin.py:188} INFO - [2026-02-26T01:01:51.729+0000] {dag.py:3954} INFO - Setting next_dagrun for update_db to 2026-02-25 15:00:00+00:00, run_after=2026-02-26 15:00:00+00:00
[2026-02-26T01:01:51.747+0000] {processor.py:183} INFO - Processing /opt/airflow/dags/main.py took 0.196 seconds
[2026-02-26T01:02:21.883+0000] {processor.py:161} INFO - Started process (PID=1045) to work on /opt/airflow/dags/main.py
[2026-02-26T01:02:21.884+0000] {processor.py:830} INFO - Processing file /opt/airflow/dags/main.py for tasks to queue
[2026-02-26T01:02:21.887+0000] {logging_mixin.py:188} INFO - [2026-02-26T01:02:21.886+0000] {dagbag.py:545} INFO - Filling up the DagBag from /opt/airflow/dags/main.py
[2026-02-26T01:02:22.034+0000] {processor.py:840} INFO - DAG(s) 'produce_json', 'update_db', 'data_quality_check' retrieved from /opt/airflow/dags/main.py
[2026-02-26T01:02:22.065+0000] {logging_mixin.py:188} INFO - [2026-02-26T01:02:22.065+0000] {dag.py:3096} INFO - Sync 3 DAGs
[2026-02-26T01:02:22.087+0000] {logging_mixin.py:188} INFO - [2026-02-26T01:02:22.087+0000] {dag.py:3954} INFO - Setting next_dagrun for data_quality_check to 2026-02-25 16:00:00+00:00, run_after=2026-02-26 16:00:00+00:00
[2026-02-26T01:02:22.092+0000] {logging_mixin.py:188} INFO - [2026-02-26T01:02:22.091+0000] {dag.py:3954} INFO - Setting next_dagrun for produce_json to 2026-02-25 14:00:00+00:00, run_after=2026-02-26 14:00:00+00:00
[2026-02-26T01:02:22.095+0000] {logging_mixin.py:188} INFO - [2026-02-26T01:02:22.094+0000] {dag.py:3954} INFO - Setting next_dagrun for update_db to 2026-02-25 15:00:00+00:00, run_after=2026-02-26 15:00:00+00:00
[2026-02-26T01:02:22.113+0000] {processor.py:183} INFO - Processing /opt/airflow/dags/main.py took 0.239 seconds
[2026-02-26T01:02:52.257+0000] {processor.py:161} INFO - Started process (PID=1053) to work on /opt/airflow/dags/main.py
[2026-02-26T01:02:52.258+0000] {processor.py:830} INFO - Processing file /opt/airflow/dags/main.py for tasks to queue
[2026-02-26T01:02:52.259+0000] {logging_mixin.py:188} INFO - [2026-02-26T01:02:52.259+0000] {dagbag.py:545} INFO - Filling up the DagBag from /opt/airflow/dags/main.py
[2026-02-26T01:02:52.367+0000] {processor.py:840} INFO - DAG(s) 'produce_json', 'update_db', 'data_quality_check' retrieved from /opt/airflow/dags/main.py
[2026-02-26T01:02:52.402+0000] {logging_mixin.py:188} INFO - [2026-02-26T01:02:52.401+0000] {dag.py:3096} INFO - Sync 3 DAGs
[2026-02-26T01:02:52.424+0000] {logging_mixin.py:188} INFO - [2026-02-26T01:02:52.424+0000] {dag.py:3954} INFO - Setting next_dagrun for data_quality_check to 2026-02-25 16:00:00+00:00, run_after=2026-02-26 16:00:00+00:00
[2026-02-26T01:02:52.429+0000] {logging_mixin.py:188} INFO - [2026-02-26T01:02:52.429+0000] {dag.py:3954} INFO - Setting next_dagrun for produce_json to 2026-02-25 14:00:00+00:00, run_after=2026-02-26 14:00:00+00:00
[2026-02-26T01:02:52.432+0000] {logging_mixin.py:188} INFO - [2026-02-26T01:02:52.432+0000] {dag.py:3954} INFO - Setting next_dagrun for update_db to 2026-02-25 15:00:00+00:00, run_after=2026-02-26 15:00:00+00:00
[2026-02-26T01:02:52.452+0000] {processor.py:183} INFO - Processing /opt/airflow/dags/main.py took 0.202 seconds
[2026-02-26T01:03:22.586+0000] {processor.py:161} INFO - Started process (PID=1061) to work on /opt/airflow/dags/main.py
[2026-02-26T01:03:22.587+0000] {processor.py:830} INFO - Processing file /opt/airflow/dags/main.py for tasks to queue
[2026-02-26T01:03:22.588+0000] {logging_mixin.py:188} INFO - [2026-02-26T01:03:22.588+0000] {dagbag.py:545} INFO - Filling up the DagBag from /opt/airflow/dags/main.py
[2026-02-26T01:03:22.692+0000] {processor.py:840} INFO - DAG(s) 'data_quality_check', 'produce_json', 'update_db' retrieved from /opt/airflow/dags/main.py
[2026-02-26T01:03:22.723+0000] {logging_mixin.py:188} INFO - [2026-02-26T01:03:22.723+0000] {dag.py:3096} INFO - Sync 3 DAGs
[2026-02-26T01:03:22.745+0000] {logging_mixin.py:188} INFO - [2026-02-26T01:03:22.744+0000] {dag.py:3954} INFO - Setting next_dagrun for data_quality_check to 2026-02-25 16:00:00+00:00, run_after=2026-02-26 16:00:00+00:00
[2026-02-26T01:03:22.750+0000] {logging_mixin.py:188} INFO - [2026-02-26T01:03:22.749+0000] {dag.py:3954} INFO - Setting next_dagrun for produce_json to 2026-02-25 14:00:00+00:00, run_after=2026-02-26 14:00:00+00:00
[2026-02-26T01:03:22.752+0000] {logging_mixin.py:188} INFO - [2026-02-26T01:03:22.752+0000] {dag.py:3954} INFO - Setting next_dagrun for update_db to 2026-02-25 15:00:00+00:00, run_after=2026-02-26 15:00:00+00:00
[2026-02-26T01:03:22.770+0000] {processor.py:183} INFO - Processing /opt/airflow/dags/main.py took 0.190 seconds
[2026-02-26T01:03:52.928+0000] {processor.py:161} INFO - Started process (PID=1069) to work on /opt/airflow/dags/main.py
[2026-02-26T01:03:52.929+0000] {processor.py:830} INFO - Processing file /opt/airflow/dags/main.py for tasks to queue
[2026-02-26T01:03:52.931+0000] {logging_mixin.py:188} INFO - [2026-02-26T01:03:52.931+0000] {dagbag.py:545} INFO - Filling up the DagBag from /opt/airflow/dags/main.py
[2026-02-26T01:03:53.047+0000] {processor.py:840} INFO - DAG(s) 'update_db', 'data_quality_check', 'produce_json' retrieved from /opt/airflow/dags/main.py
[2026-02-26T01:03:53.080+0000] {logging_mixin.py:188} INFO - [2026-02-26T01:03:53.079+0000] {dag.py:3096} INFO - Sync 3 DAGs
[2026-02-26T01:03:53.100+0000] {logging_mixin.py:188} INFO - [2026-02-26T01:03:53.100+0000] {dag.py:3954} INFO - Setting next_dagrun for data_quality_check to 2026-02-25 16:00:00+00:00, run_after=2026-02-26 16:00:00+00:00
[2026-02-26T01:03:53.106+0000] {logging_mixin.py:188} INFO - [2026-02-26T01:03:53.105+0000] {dag.py:3954} INFO - Setting next_dagrun for produce_json to 2026-02-25 14:00:00+00:00, run_after=2026-02-26 14:00:00+00:00
[2026-02-26T01:03:53.109+0000] {logging_mixin.py:188} INFO - [2026-02-26T01:03:53.109+0000] {dag.py:3954} INFO - Setting next_dagrun for update_db to 2026-02-25 15:00:00+00:00, run_after=2026-02-26 15:00:00+00:00
[2026-02-26T01:03:53.129+0000] {processor.py:183} INFO - Processing /opt/airflow/dags/main.py took 0.209 seconds
[2026-02-26T01:04:23.260+0000] {processor.py:161} INFO - Started process (PID=1077) to work on /opt/airflow/dags/main.py
[2026-02-26T01:04:23.261+0000] {processor.py:830} INFO - Processing file /opt/airflow/dags/main.py for tasks to queue
[2026-02-26T01:04:23.264+0000] {logging_mixin.py:188} INFO - [2026-02-26T01:04:23.263+0000] {dagbag.py:545} INFO - Filling up the DagBag from /opt/airflow/dags/main.py
[2026-02-26T01:04:23.367+0000] {processor.py:840} INFO - DAG(s) 'update_db', 'data_quality_check', 'produce_json' retrieved from /opt/airflow/dags/main.py
[2026-02-26T01:04:23.403+0000] {logging_mixin.py:188} INFO - [2026-02-26T01:04:23.403+0000] {dag.py:3096} INFO - Sync 3 DAGs
[2026-02-26T01:04:23.426+0000] {logging_mixin.py:188} INFO - [2026-02-26T01:04:23.426+0000] {dag.py:3954} INFO - Setting next_dagrun for data_quality_check to 2026-02-25 16:00:00+00:00, run_after=2026-02-26 16:00:00+00:00
[2026-02-26T01:04:23.432+0000] {logging_mixin.py:188} INFO - [2026-02-26T01:04:23.431+0000] {dag.py:3954} INFO - Setting next_dagrun for produce_json to 2026-02-25 14:00:00+00:00, run_after=2026-02-26 14:00:00+00:00
[2026-02-26T01:04:23.435+0000] {logging_mixin.py:188} INFO - [2026-02-26T01:04:23.435+0000] {dag.py:3954} INFO - Setting next_dagrun for update_db to 2026-02-25 15:00:00+00:00, run_after=2026-02-26 15:00:00+00:00
[2026-02-26T01:04:23.455+0000] {processor.py:183} INFO - Processing /opt/airflow/dags/main.py took 0.202 seconds
[2026-02-26T01:04:53.608+0000] {processor.py:161} INFO - Started process (PID=1085) to work on /opt/airflow/dags/main.py
[2026-02-26T01:04:53.609+0000] {processor.py:830} INFO - Processing file /opt/airflow/dags/main.py for tasks to queue
[2026-02-26T01:04:53.612+0000] {logging_mixin.py:188} INFO - [2026-02-26T01:04:53.612+0000] {dagbag.py:545} INFO - Filling up the DagBag from /opt/airflow/dags/main.py
[2026-02-26T01:04:53.713+0000] {processor.py:840} INFO - DAG(s) 'produce_json', 'data_quality_check', 'update_db' retrieved from /opt/airflow/dags/main.py
[2026-02-26T01:04:53.746+0000] {logging_mixin.py:188} INFO - [2026-02-26T01:04:53.745+0000] {dag.py:3096} INFO - Sync 3 DAGs
[2026-02-26T01:04:53.767+0000] {logging_mixin.py:188} INFO - [2026-02-26T01:04:53.767+0000] {dag.py:3954} INFO - Setting next_dagrun for data_quality_check to 2026-02-25 16:00:00+00:00, run_after=2026-02-26 16:00:00+00:00
[2026-02-26T01:04:53.772+0000] {logging_mixin.py:188} INFO - [2026-02-26T01:04:53.772+0000] {dag.py:3954} INFO - Setting next_dagrun for produce_json to 2026-02-25 14:00:00+00:00, run_after=2026-02-26 14:00:00+00:00
[2026-02-26T01:04:53.775+0000] {logging_mixin.py:188} INFO - [2026-02-26T01:04:53.775+0000] {dag.py:3954} INFO - Setting next_dagrun for update_db to 2026-02-25 15:00:00+00:00, run_after=2026-02-26 15:00:00+00:00
[2026-02-26T01:04:53.794+0000] {processor.py:183} INFO - Processing /opt/airflow/dags/main.py took 0.190 seconds
[2026-02-26T01:05:23.959+0000] {processor.py:161} INFO - Started process (PID=1093) to work on /opt/airflow/dags/main.py
[2026-02-26T01:05:23.961+0000] {processor.py:830} INFO - Processing file /opt/airflow/dags/main.py for tasks to queue
[2026-02-26T01:05:23.963+0000] {logging_mixin.py:188} INFO - [2026-02-26T01:05:23.963+0000] {dagbag.py:545} INFO - Filling up the DagBag from /opt/airflow/dags/main.py
[2026-02-26T01:05:24.069+0000] {processor.py:840} INFO - DAG(s) 'produce_json', 'data_quality_check', 'update_db' retrieved from /opt/airflow/dags/main.py
[2026-02-26T01:05:24.100+0000] {logging_mixin.py:188} INFO - [2026-02-26T01:05:24.099+0000] {dag.py:3096} INFO - Sync 3 DAGs
[2026-02-26T01:05:24.121+0000] {logging_mixin.py:188} INFO - [2026-02-26T01:05:24.121+0000] {dag.py:3954} INFO - Setting next_dagrun for data_quality_check to 2026-02-25 16:00:00+00:00, run_after=2026-02-26 16:00:00+00:00
[2026-02-26T01:05:24.127+0000] {logging_mixin.py:188} INFO - [2026-02-26T01:05:24.127+0000] {dag.py:3954} INFO - Setting next_dagrun for produce_json to 2026-02-25 14:00:00+00:00, run_after=2026-02-26 14:00:00+00:00
[2026-02-26T01:05:24.130+0000] {logging_mixin.py:188} INFO - [2026-02-26T01:05:24.130+0000] {dag.py:3954} INFO - Setting next_dagrun for update_db to 2026-02-25 15:00:00+00:00, run_after=2026-02-26 15:00:00+00:00
[2026-02-26T01:05:24.150+0000] {processor.py:183} INFO - Processing /opt/airflow/dags/main.py took 0.197 seconds
[2026-02-26T01:05:54.277+0000] {processor.py:161} INFO - Started process (PID=1101) to work on /opt/airflow/dags/main.py
[2026-02-26T01:05:54.279+0000] {processor.py:830} INFO - Processing file /opt/airflow/dags/main.py for tasks to queue
[2026-02-26T01:05:54.280+0000] {logging_mixin.py:188} INFO - [2026-02-26T01:05:54.280+0000] {dagbag.py:545} INFO - Filling up the DagBag from /opt/airflow/dags/main.py
[2026-02-26T01:05:54.392+0000] {processor.py:840} INFO - DAG(s) 'data_quality_check', 'produce_json', 'update_db' retrieved from /opt/airflow/dags/main.py
[2026-02-26T01:05:54.424+0000] {logging_mixin.py:188} INFO - [2026-02-26T01:05:54.424+0000] {dag.py:3096} INFO - Sync 3 DAGs
[2026-02-26T01:05:54.446+0000] {logging_mixin.py:188} INFO - [2026-02-26T01:05:54.446+0000] {dag.py:3954} INFO - Setting next_dagrun for data_quality_check to 2026-02-25 16:00:00+00:00, run_after=2026-02-26 16:00:00+00:00
[2026-02-26T01:05:54.451+0000] {logging_mixin.py:188} INFO - [2026-02-26T01:05:54.451+0000] {dag.py:3954} INFO - Setting next_dagrun for produce_json to 2026-02-25 14:00:00+00:00, run_after=2026-02-26 14:00:00+00:00
[2026-02-26T01:05:54.454+0000] {logging_mixin.py:188} INFO - [2026-02-26T01:05:54.454+0000] {dag.py:3954} INFO - Setting next_dagrun for update_db to 2026-02-25 15:00:00+00:00, run_after=2026-02-26 15:00:00+00:00
[2026-02-26T01:05:54.476+0000] {processor.py:183} INFO - Processing /opt/airflow/dags/main.py took 0.205 seconds
[2026-02-26T01:06:24.614+0000] {processor.py:161} INFO - Started process (PID=1109) to work on /opt/airflow/dags/main.py
[2026-02-26T01:06:24.615+0000] {processor.py:830} INFO - Processing file /opt/airflow/dags/main.py for tasks to queue
[2026-02-26T01:06:24.618+0000] {logging_mixin.py:188} INFO - [2026-02-26T01:06:24.617+0000] {dagbag.py:545} INFO - Filling up the DagBag from /opt/airflow/dags/main.py
[2026-02-26T01:06:24.727+0000] {processor.py:840} INFO - DAG(s) 'produce_json', 'update_db', 'data_quality_check' retrieved from /opt/airflow/dags/main.py
[2026-02-26T01:06:24.760+0000] {logging_mixin.py:188} INFO - [2026-02-26T01:06:24.760+0000] {dag.py:3096} INFO - Sync 3 DAGs
[2026-02-26T01:06:24.782+0000] {logging_mixin.py:188} INFO - [2026-02-26T01:06:24.782+0000] {dag.py:3954} INFO - Setting next_dagrun for data_quality_check to 2026-02-25 16:00:00+00:00, run_after=2026-02-26 16:00:00+00:00
[2026-02-26T01:06:24.787+0000] {logging_mixin.py:188} INFO - [2026-02-26T01:06:24.787+0000] {dag.py:3954} INFO - Setting next_dagrun for produce_json to 2026-02-25 14:00:00+00:00, run_after=2026-02-26 14:00:00+00:00
[2026-02-26T01:06:24.790+0000] {logging_mixin.py:188} INFO - [2026-02-26T01:06:24.790+0000] {dag.py:3954} INFO - Setting next_dagrun for update_db to 2026-02-25 15:00:00+00:00, run_after=2026-02-26 15:00:00+00:00
[2026-02-26T01:06:24.810+0000] {processor.py:183} INFO - Processing /opt/airflow/dags/main.py took 0.205 seconds
[2026-02-26T01:06:55.106+0000] {processor.py:161} INFO - Started process (PID=1117) to work on /opt/airflow/dags/main.py
[2026-02-26T01:06:55.107+0000] {processor.py:830} INFO - Processing file /opt/airflow/dags/main.py for tasks to queue
[2026-02-26T01:06:55.110+0000] {logging_mixin.py:188} INFO - [2026-02-26T01:06:55.109+0000] {dagbag.py:545} INFO - Filling up the DagBag from /opt/airflow/dags/main.py
[2026-02-26T01:06:55.225+0000] {processor.py:840} INFO - DAG(s) 'update_db', 'data_quality_check', 'produce_json' retrieved from /opt/airflow/dags/main.py
[2026-02-26T01:06:55.258+0000] {logging_mixin.py:188} INFO - [2026-02-26T01:06:55.257+0000] {dag.py:3096} INFO - Sync 3 DAGs
[2026-02-26T01:06:55.279+0000] {logging_mixin.py:188} INFO - [2026-02-26T01:06:55.279+0000] {dag.py:3954} INFO - Setting next_dagrun for data_quality_check to 2026-02-25 16:00:00+00:00, run_after=2026-02-26 16:00:00+00:00
[2026-02-26T01:06:55.284+0000] {logging_mixin.py:188} INFO - [2026-02-26T01:06:55.283+0000] {dag.py:3954} INFO - Setting next_dagrun for produce_json to 2026-02-25 14:00:00+00:00, run_after=2026-02-26 14:00:00+00:00
[2026-02-26T01:06:55.287+0000] {logging_mixin.py:188} INFO - [2026-02-26T01:06:55.287+0000] {dag.py:3954} INFO - Setting next_dagrun for update_db to 2026-02-25 15:00:00+00:00, run_after=2026-02-26 15:00:00+00:00
[2026-02-26T01:06:55.305+0000] {processor.py:183} INFO - Processing /opt/airflow/dags/main.py took 0.206 seconds
[2026-02-26T01:07:25.448+0000] {processor.py:161} INFO - Started process (PID=1125) to work on /opt/airflow/dags/main.py
[2026-02-26T01:07:25.449+0000] {processor.py:830} INFO - Processing file /opt/airflow/dags/main.py for tasks to queue
[2026-02-26T01:07:25.452+0000] {logging_mixin.py:188} INFO - [2026-02-26T01:07:25.452+0000] {dagbag.py:545} INFO - Filling up the DagBag from /opt/airflow/dags/main.py
[2026-02-26T01:07:25.569+0000] {processor.py:840} INFO - DAG(s) 'update_db', 'data_quality_check', 'produce_json' retrieved from /opt/airflow/dags/main.py
[2026-02-26T01:07:25.600+0000] {logging_mixin.py:188} INFO - [2026-02-26T01:07:25.600+0000] {dag.py:3096} INFO - Sync 3 DAGs
[2026-02-26T01:07:25.623+0000] {logging_mixin.py:188} INFO - [2026-02-26T01:07:25.623+0000] {dag.py:3954} INFO - Setting next_dagrun for data_quality_check to 2026-02-25 16:00:00+00:00, run_after=2026-02-26 16:00:00+00:00
[2026-02-26T01:07:25.628+0000] {logging_mixin.py:188} INFO - [2026-02-26T01:07:25.628+0000] {dag.py:3954} INFO - Setting next_dagrun for produce_json to 2026-02-25 14:00:00+00:00, run_after=2026-02-26 14:00:00+00:00
[2026-02-26T01:07:25.631+0000] {logging_mixin.py:188} INFO - [2026-02-26T01:07:25.631+0000] {dag.py:3954} INFO - Setting next_dagrun for update_db to 2026-02-25 15:00:00+00:00, run_after=2026-02-26 15:00:00+00:00
[2026-02-26T01:07:25.650+0000] {processor.py:183} INFO - Processing /opt/airflow/dags/main.py took 0.209 seconds
[2026-02-26T01:07:55.787+0000] {processor.py:161} INFO - Started process (PID=1133) to work on /opt/airflow/dags/main.py
[2026-02-26T01:07:55.788+0000] {processor.py:830} INFO - Processing file /opt/airflow/dags/main.py for tasks to queue
[2026-02-26T01:07:55.791+0000] {logging_mixin.py:188} INFO - [2026-02-26T01:07:55.791+0000] {dagbag.py:545} INFO - Filling up the DagBag from /opt/airflow/dags/main.py
[2026-02-26T01:07:55.903+0000] {processor.py:840} INFO - DAG(s) 'update_db', 'produce_json', 'data_quality_check' retrieved from /opt/airflow/dags/main.py
[2026-02-26T01:07:55.939+0000] {logging_mixin.py:188} INFO - [2026-02-26T01:07:55.939+0000] {dag.py:3096} INFO - Sync 3 DAGs
[2026-02-26T01:07:55.942+0000] {logging_mixin.py:188} INFO - [2026-02-26T01:07:55.942+0000] {dag.py:3954} INFO - Setting next_dagrun for data_quality_check to 2026-02-25 16:00:00+00:00, run_after=2026-02-26 16:00:00+00:00
[2026-02-26T01:07:55.948+0000] {logging_mixin.py:188} INFO - [2026-02-26T01:07:55.947+0000] {dag.py:3954} INFO - Setting next_dagrun for produce_json to 2026-02-25 14:00:00+00:00, run_after=2026-02-26 14:00:00+00:00
[2026-02-26T01:07:55.951+0000] {logging_mixin.py:188} INFO - [2026-02-26T01:07:55.951+0000] {dag.py:3954} INFO - Setting next_dagrun for update_db to 2026-02-25 15:00:00+00:00, run_after=2026-02-26 15:00:00+00:00
[2026-02-26T01:07:55.970+0000] {processor.py:183} INFO - Processing /opt/airflow/dags/main.py took 0.211 seconds
[2026-02-26T01:08:26.116+0000] {processor.py:161} INFO - Started process (PID=1141) to work on /opt/airflow/dags/main.py
[2026-02-26T01:08:26.118+0000] {processor.py:830} INFO - Processing file /opt/airflow/dags/main.py for tasks to queue
[2026-02-26T01:08:26.121+0000] {logging_mixin.py:188} INFO - [2026-02-26T01:08:26.121+0000] {dagbag.py:545} INFO - Filling up the DagBag from /opt/airflow/dags/main.py
[2026-02-26T01:08:26.239+0000] {processor.py:840} INFO - DAG(s) 'update_db', 'produce_json', 'data_quality_check' retrieved from /opt/airflow/dags/main.py
[2026-02-26T01:08:26.274+0000] {logging_mixin.py:188} INFO - [2026-02-26T01:08:26.274+0000] {dag.py:3096} INFO - Sync 3 DAGs
[2026-02-26T01:08:26.295+0000] {logging_mixin.py:188} INFO - [2026-02-26T01:08:26.295+0000] {dag.py:3954} INFO - Setting next_dagrun for data_quality_check to 2026-02-25 16:00:00+00:00, run_after=2026-02-26 16:00:00+00:00
[2026-02-26T01:08:26.301+0000] {logging_mixin.py:188} INFO - [2026-02-26T01:08:26.300+0000] {dag.py:3954} INFO - Setting next_dagrun for produce_json to 2026-02-25 14:00:00+00:00, run_after=2026-02-26 14:00:00+00:00
[2026-02-26T01:08:26.304+0000] {logging_mixin.py:188} INFO - [2026-02-26T01:08:26.303+0000] {dag.py:3954} INFO - Setting next_dagrun for update_db to 2026-02-25 15:00:00+00:00, run_after=2026-02-26 15:00:00+00:00
[2026-02-26T01:08:26.324+0000] {processor.py:183} INFO - Processing /opt/airflow/dags/main.py took 0.219 seconds
[2026-02-26T01:08:56.466+0000] {processor.py:161} INFO - Started process (PID=1149) to work on /opt/airflow/dags/main.py
[2026-02-26T01:08:56.467+0000] {processor.py:830} INFO - Processing file /opt/airflow/dags/main.py for tasks to queue
[2026-02-26T01:08:56.470+0000] {logging_mixin.py:188} INFO - [2026-02-26T01:08:56.469+0000] {dagbag.py:545} INFO - Filling up the DagBag from /opt/airflow/dags/main.py
[2026-02-26T01:08:56.579+0000] {processor.py:840} INFO - DAG(s) 'data_quality_check', 'produce_json', 'update_db' retrieved from /opt/airflow/dags/main.py
[2026-02-26T01:08:56.612+0000] {logging_mixin.py:188} INFO - [2026-02-26T01:08:56.612+0000] {dag.py:3096} INFO - Sync 3 DAGs
[2026-02-26T01:08:56.632+0000] {logging_mixin.py:188} INFO - [2026-02-26T01:08:56.632+0000] {dag.py:3954} INFO - Setting next_dagrun for data_quality_check to 2026-02-25 16:00:00+00:00, run_after=2026-02-26 16:00:00+00:00
[2026-02-26T01:08:56.638+0000] {logging_mixin.py:188} INFO - [2026-02-26T01:08:56.637+0000] {dag.py:3954} INFO - Setting next_dagrun for produce_json to 2026-02-25 14:00:00+00:00, run_after=2026-02-26 14:00:00+00:00
[2026-02-26T01:08:56.641+0000] {logging_mixin.py:188} INFO - [2026-02-26T01:08:56.641+0000] {dag.py:3954} INFO - Setting next_dagrun for update_db to 2026-02-25 15:00:00+00:00, run_after=2026-02-26 15:00:00+00:00
[2026-02-26T01:08:56.661+0000] {processor.py:183} INFO - Processing /opt/airflow/dags/main.py took 0.200 seconds
[2026-02-26T01:09:26.833+0000] {processor.py:161} INFO - Started process (PID=1157) to work on /opt/airflow/dags/main.py
[2026-02-26T01:09:26.835+0000] {processor.py:830} INFO - Processing file /opt/airflow/dags/main.py for tasks to queue
[2026-02-26T01:09:26.839+0000] {logging_mixin.py:188} INFO - [2026-02-26T01:09:26.838+0000] {dagbag.py:545} INFO - Filling up the DagBag from /opt/airflow/dags/main.py
[2026-02-26T01:09:26.983+0000] {processor.py:840} INFO - DAG(s) 'data_quality_check', 'produce_json', 'update_db' retrieved from /opt/airflow/dags/main.py
[2026-02-26T01:09:27.014+0000] {logging_mixin.py:188} INFO - [2026-02-26T01:09:27.013+0000] {dag.py:3096} INFO - Sync 3 DAGs
[2026-02-26T01:09:27.037+0000] {logging_mixin.py:188} INFO - [2026-02-26T01:09:27.037+0000] {dag.py:3954} INFO - Setting next_dagrun for data_quality_check to 2026-02-25 16:00:00+00:00, run_after=2026-02-26 16:00:00+00:00
[2026-02-26T01:09:27.046+0000] {logging_mixin.py:188} INFO - [2026-02-26T01:09:27.045+0000] {dag.py:3954} INFO - Setting next_dagrun for produce_json to 2026-02-25 14:00:00+00:00, run_after=2026-02-26 14:00:00+00:00
[2026-02-26T01:09:27.051+0000] {logging_mixin.py:188} INFO - [2026-02-26T01:09:27.051+0000] {dag.py:3954} INFO - Setting next_dagrun for update_db to 2026-02-25 15:00:00+00:00, run_after=2026-02-26 15:00:00+00:00
[2026-02-26T01:09:27.072+0000] {processor.py:183} INFO - Processing /opt/airflow/dags/main.py took 0.248 seconds
[2026-02-26T01:09:57.216+0000] {processor.py:161} INFO - Started process (PID=1165) to work on /opt/airflow/dags/main.py
[2026-02-26T01:09:57.217+0000] {processor.py:830} INFO - Processing file /opt/airflow/dags/main.py for tasks to queue
[2026-02-26T01:09:57.220+0000] {logging_mixin.py:188} INFO - [2026-02-26T01:09:57.220+0000] {dagbag.py:545} INFO - Filling up the DagBag from /opt/airflow/dags/main.py
[2026-02-26T01:09:57.350+0000] {processor.py:840} INFO - DAG(s) 'produce_json', 'data_quality_check', 'update_db' retrieved from /opt/airflow/dags/main.py
[2026-02-26T01:09:57.385+0000] {logging_mixin.py:188} INFO - [2026-02-26T01:09:57.384+0000] {dag.py:3096} INFO - Sync 3 DAGs
[2026-02-26T01:09:57.407+0000] {logging_mixin.py:188} INFO - [2026-02-26T01:09:57.407+0000] {dag.py:3954} INFO - Setting next_dagrun for data_quality_check to 2026-02-25 16:00:00+00:00, run_after=2026-02-26 16:00:00+00:00
[2026-02-26T01:09:57.413+0000] {logging_mixin.py:188} INFO - [2026-02-26T01:09:57.412+0000] {dag.py:3954} INFO - Setting next_dagrun for produce_json to 2026-02-25 14:00:00+00:00, run_after=2026-02-26 14:00:00+00:00
[2026-02-26T01:09:57.416+0000] {logging_mixin.py:188} INFO - [2026-02-26T01:09:57.416+0000] {dag.py:3954} INFO - Setting next_dagrun for update_db to 2026-02-25 15:00:00+00:00, run_after=2026-02-26 15:00:00+00:00
[2026-02-26T01:09:57.439+0000] {processor.py:183} INFO - Processing /opt/airflow/dags/main.py took 0.231 seconds
[2026-02-26T01:10:27.561+0000] {processor.py:161} INFO - Started process (PID=1173) to work on /opt/airflow/dags/main.py
[2026-02-26T01:10:27.562+0000] {processor.py:830} INFO - Processing file /opt/airflow/dags/main.py for tasks to queue
[2026-02-26T01:10:27.566+0000] {logging_mixin.py:188} INFO - [2026-02-26T01:10:27.565+0000] {dagbag.py:545} INFO - Filling up the DagBag from /opt/airflow/dags/main.py
[2026-02-26T01:10:27.674+0000] {processor.py:840} INFO - DAG(s) 'data_quality_check', 'produce_json', 'update_db' retrieved from /opt/airflow/dags/main.py
[2026-02-26T01:10:27.720+0000] {logging_mixin.py:188} INFO - [2026-02-26T01:10:27.720+0000] {dag.py:3096} INFO - Sync 3 DAGs
[2026-02-26T01:10:27.748+0000] {logging_mixin.py:188} INFO - [2026-02-26T01:10:27.748+0000] {dag.py:3954} INFO - Setting next_dagrun for data_quality_check to 2026-02-25 16:00:00+00:00, run_after=2026-02-26 16:00:00+00:00
[2026-02-26T01:10:27.753+0000] {logging_mixin.py:188} INFO - [2026-02-26T01:10:27.753+0000] {dag.py:3954} INFO - Setting next_dagrun for produce_json to 2026-02-25 14:00:00+00:00, run_after=2026-02-26 14:00:00+00:00
[2026-02-26T01:10:27.756+0000] {logging_mixin.py:188} INFO - [2026-02-26T01:10:27.756+0000] {dag.py:3954} INFO - Setting next_dagrun for update_db to 2026-02-25 15:00:00+00:00, run_after=2026-02-26 15:00:00+00:00
[2026-02-26T01:10:27.774+0000] {processor.py:183} INFO - Processing /opt/airflow/dags/main.py took 0.220 seconds
[2026-02-26T01:10:57.907+0000] {processor.py:161} INFO - Started process (PID=1181) to work on /opt/airflow/dags/main.py
[2026-02-26T01:10:57.908+0000] {processor.py:830} INFO - Processing file /opt/airflow/dags/main.py for tasks to queue
[2026-02-26T01:10:57.910+0000] {logging_mixin.py:188} INFO - [2026-02-26T01:10:57.909+0000] {dagbag.py:545} INFO - Filling up the DagBag from /opt/airflow/dags/main.py
[2026-02-26T01:10:58.015+0000] {processor.py:840} INFO - DAG(s) 'data_quality_check', 'update_db', 'produce_json' retrieved from /opt/airflow/dags/main.py
[2026-02-26T01:10:58.045+0000] {logging_mixin.py:188} INFO - [2026-02-26T01:10:58.045+0000] {dag.py:3096} INFO - Sync 3 DAGs
[2026-02-26T01:10:58.068+0000] {logging_mixin.py:188} INFO - [2026-02-26T01:10:58.068+0000] {dag.py:3954} INFO - Setting next_dagrun for data_quality_check to 2026-02-25 16:00:00+00:00, run_after=2026-02-26 16:00:00+00:00
[2026-02-26T01:10:58.074+0000] {logging_mixin.py:188} INFO - [2026-02-26T01:10:58.073+0000] {dag.py:3954} INFO - Setting next_dagrun for produce_json to 2026-02-25 14:00:00+00:00, run_after=2026-02-26 14:00:00+00:00
[2026-02-26T01:10:58.077+0000] {logging_mixin.py:188} INFO - [2026-02-26T01:10:58.077+0000] {dag.py:3954} INFO - Setting next_dagrun for update_db to 2026-02-25 15:00:00+00:00, run_after=2026-02-26 15:00:00+00:00
[2026-02-26T01:10:58.097+0000] {processor.py:183} INFO - Processing /opt/airflow/dags/main.py took 0.195 seconds
[2026-02-26T01:11:28.224+0000] {processor.py:161} INFO - Started process (PID=1189) to work on /opt/airflow/dags/main.py
[2026-02-26T01:11:28.225+0000] {processor.py:830} INFO - Processing file /opt/airflow/dags/main.py for tasks to queue
[2026-02-26T01:11:28.227+0000] {logging_mixin.py:188} INFO - [2026-02-26T01:11:28.227+0000] {dagbag.py:545} INFO - Filling up the DagBag from /opt/airflow/dags/main.py
[2026-02-26T01:11:28.367+0000] {processor.py:840} INFO - DAG(s) 'update_db', 'data_quality_check', 'produce_json' retrieved from /opt/airflow/dags/main.py
[2026-02-26T01:11:28.418+0000] {logging_mixin.py:188} INFO - [2026-02-26T01:11:28.418+0000] {dag.py:3096} INFO - Sync 3 DAGs
[2026-02-26T01:11:28.453+0000] {logging_mixin.py:188} INFO - [2026-02-26T01:11:28.452+0000] {dag.py:3954} INFO - Setting next_dagrun for data_quality_check to 2026-02-25 16:00:00+00:00, run_after=2026-02-26 16:00:00+00:00
[2026-02-26T01:11:28.457+0000] {logging_mixin.py:188} INFO - [2026-02-26T01:11:28.457+0000] {dag.py:3954} INFO - Setting next_dagrun for produce_json to 2026-02-25 14:00:00+00:00, run_after=2026-02-26 14:00:00+00:00
[2026-02-26T01:11:28.461+0000] {logging_mixin.py:188} INFO - [2026-02-26T01:11:28.460+0000] {dag.py:3954} INFO - Setting next_dagrun for update_db to 2026-02-25 15:00:00+00:00, run_after=2026-02-26 15:00:00+00:00
[2026-02-26T01:11:28.476+0000] {processor.py:183} INFO - Processing /opt/airflow/dags/main.py took 0.257 seconds
[2026-02-26T01:11:58.733+0000] {processor.py:161} INFO - Started process (PID=1197) to work on /opt/airflow/dags/main.py
[2026-02-26T01:11:58.734+0000] {processor.py:830} INFO - Processing file /opt/airflow/dags/main.py for tasks to queue
[2026-02-26T01:11:58.737+0000] {logging_mixin.py:188} INFO - [2026-02-26T01:11:58.736+0000] {dagbag.py:545} INFO - Filling up the DagBag from /opt/airflow/dags/main.py
[2026-02-26T01:11:58.842+0000] {processor.py:840} INFO - DAG(s) 'data_quality_check', 'update_db', 'produce_json' retrieved from /opt/airflow/dags/main.py
[2026-02-26T01:11:58.877+0000] {logging_mixin.py:188} INFO - [2026-02-26T01:11:58.876+0000] {dag.py:3096} INFO - Sync 3 DAGs
[2026-02-26T01:11:58.908+0000] {logging_mixin.py:188} INFO - [2026-02-26T01:11:58.908+0000] {dag.py:3954} INFO - Setting next_dagrun for data_quality_check to 2026-02-25 16:00:00+00:00, run_after=2026-02-26 16:00:00+00:00
[2026-02-26T01:11:58.915+0000] {logging_mixin.py:188} INFO - [2026-02-26T01:11:58.914+0000] {dag.py:3954} INFO - Setting next_dagrun for produce_json to 2026-02-25 14:00:00+00:00, run_after=2026-02-26 14:00:00+00:00
[2026-02-26T01:11:58.919+0000] {logging_mixin.py:188} INFO - [2026-02-26T01:11:58.919+0000] {dag.py:3954} INFO - Setting next_dagrun for update_db to 2026-02-25 15:00:00+00:00, run_after=2026-02-26 15:00:00+00:00
[2026-02-26T01:11:58.939+0000] {processor.py:183} INFO - Processing /opt/airflow/dags/main.py took 0.212 seconds
[2026-02-26T01:12:29.064+0000] {processor.py:161} INFO - Started process (PID=1205) to work on /opt/airflow/dags/main.py
[2026-02-26T01:12:29.065+0000] {processor.py:830} INFO - Processing file /opt/airflow/dags/main.py for tasks to queue
[2026-02-26T01:12:29.068+0000] {logging_mixin.py:188} INFO - [2026-02-26T01:12:29.067+0000] {dagbag.py:545} INFO - Filling up the DagBag from /opt/airflow/dags/main.py
[2026-02-26T01:12:29.182+0000] {processor.py:840} INFO - DAG(s) 'produce_json', 'update_db', 'data_quality_check' retrieved from /opt/airflow/dags/main.py
[2026-02-26T01:12:29.213+0000] {logging_mixin.py:188} INFO - [2026-02-26T01:12:29.213+0000] {dag.py:3096} INFO - Sync 3 DAGs
[2026-02-26T01:12:29.235+0000] {logging_mixin.py:188} INFO - [2026-02-26T01:12:29.235+0000] {dag.py:3954} INFO - Setting next_dagrun for data_quality_check to 2026-02-25 16:00:00+00:00, run_after=2026-02-26 16:00:00+00:00
[2026-02-26T01:12:29.241+0000] {logging_mixin.py:188} INFO - [2026-02-26T01:12:29.241+0000] {dag.py:3954} INFO - Setting next_dagrun for produce_json to 2026-02-25 14:00:00+00:00, run_after=2026-02-26 14:00:00+00:00
[2026-02-26T01:12:29.244+0000] {logging_mixin.py:188} INFO - [2026-02-26T01:12:29.244+0000] {dag.py:3954} INFO - Setting next_dagrun for update_db to 2026-02-25 15:00:00+00:00, run_after=2026-02-26 15:00:00+00:00
[2026-02-26T01:12:29.265+0000] {processor.py:183} INFO - Processing /opt/airflow/dags/main.py took 0.207 seconds
[2026-02-26T01:12:59.400+0000] {processor.py:161} INFO - Started process (PID=1213) to work on /opt/airflow/dags/main.py
[2026-02-26T01:12:59.402+0000] {processor.py:830} INFO - Processing file /opt/airflow/dags/main.py for tasks to queue
[2026-02-26T01:12:59.405+0000] {logging_mixin.py:188} INFO - [2026-02-26T01:12:59.404+0000] {dagbag.py:545} INFO - Filling up the DagBag from /opt/airflow/dags/main.py
[2026-02-26T01:12:59.516+0000] {processor.py:840} INFO - DAG(s) 'update_db', 'produce_json', 'data_quality_check' retrieved from /opt/airflow/dags/main.py
[2026-02-26T01:12:59.549+0000] {logging_mixin.py:188} INFO - [2026-02-26T01:12:59.549+0000] {dag.py:3096} INFO - Sync 3 DAGs
[2026-02-26T01:12:59.574+0000] {logging_mixin.py:188} INFO - [2026-02-26T01:12:59.573+0000] {dag.py:3954} INFO - Setting next_dagrun for data_quality_check to 2026-02-25 16:00:00+00:00, run_after=2026-02-26 16:00:00+00:00
[2026-02-26T01:12:59.578+0000] {logging_mixin.py:188} INFO - [2026-02-26T01:12:59.578+0000] {dag.py:3954} INFO - Setting next_dagrun for produce_json to 2026-02-25 14:00:00+00:00, run_after=2026-02-26 14:00:00+00:00
[2026-02-26T01:12:59.581+0000] {logging_mixin.py:188} INFO - [2026-02-26T01:12:59.581+0000] {dag.py:3954} INFO - Setting next_dagrun for update_db to 2026-02-25 15:00:00+00:00, run_after=2026-02-26 15:00:00+00:00
[2026-02-26T01:12:59.600+0000] {processor.py:183} INFO - Processing /opt/airflow/dags/main.py took 0.206 seconds
[2026-02-26T01:13:29.734+0000] {processor.py:161} INFO - Started process (PID=1221) to work on /opt/airflow/dags/main.py
[2026-02-26T01:13:29.735+0000] {processor.py:830} INFO - Processing file /opt/airflow/dags/main.py for tasks to queue
[2026-02-26T01:13:29.737+0000] {logging_mixin.py:188} INFO - [2026-02-26T01:13:29.737+0000] {dagbag.py:545} INFO - Filling up the DagBag from /opt/airflow/dags/main.py
[2026-02-26T01:13:29.845+0000] {processor.py:840} INFO - DAG(s) 'update_db', 'data_quality_check', 'produce_json' retrieved from /opt/airflow/dags/main.py
[2026-02-26T01:13:29.877+0000] {logging_mixin.py:188} INFO - [2026-02-26T01:13:29.877+0000] {dag.py:3096} INFO - Sync 3 DAGs
[2026-02-26T01:13:29.898+0000] {logging_mixin.py:188} INFO - [2026-02-26T01:13:29.898+0000] {dag.py:3954} INFO - Setting next_dagrun for data_quality_check to 2026-02-25 16:00:00+00:00, run_after=2026-02-26 16:00:00+00:00
[2026-02-26T01:13:29.903+0000] {logging_mixin.py:188} INFO - [2026-02-26T01:13:29.903+0000] {dag.py:3954} INFO - Setting next_dagrun for produce_json to 2026-02-25 14:00:00+00:00, run_after=2026-02-26 14:00:00+00:00
[2026-02-26T01:13:29.906+0000] {logging_mixin.py:188} INFO - [2026-02-26T01:13:29.906+0000] {dag.py:3954} INFO - Setting next_dagrun for update_db to 2026-02-25 15:00:00+00:00, run_after=2026-02-26 15:00:00+00:00
[2026-02-26T01:13:29.927+0000] {processor.py:183} INFO - Processing /opt/airflow/dags/main.py took 0.199 seconds
[2026-02-26T01:14:00.059+0000] {processor.py:161} INFO - Started process (PID=1229) to work on /opt/airflow/dags/main.py
[2026-02-26T01:14:00.061+0000] {processor.py:830} INFO - Processing file /opt/airflow/dags/main.py for tasks to queue
[2026-02-26T01:14:00.063+0000] {logging_mixin.py:188} INFO - [2026-02-26T01:14:00.062+0000] {dagbag.py:545} INFO - Filling up the DagBag from /opt/airflow/dags/main.py
[2026-02-26T01:14:00.175+0000] {processor.py:840} INFO - DAG(s) 'data_quality_check', 'update_db', 'produce_json' retrieved from /opt/airflow/dags/main.py
[2026-02-26T01:14:00.206+0000] {logging_mixin.py:188} INFO - [2026-02-26T01:14:00.206+0000] {dag.py:3096} INFO - Sync 3 DAGs
[2026-02-26T01:14:00.226+0000] {logging_mixin.py:188} INFO - [2026-02-26T01:14:00.226+0000] {dag.py:3954} INFO - Setting next_dagrun for data_quality_check to 2026-02-25 16:00:00+00:00, run_after=2026-02-26 16:00:00+00:00
[2026-02-26T01:14:00.232+0000] {logging_mixin.py:188} INFO - [2026-02-26T01:14:00.231+0000] {dag.py:3954} INFO - Setting next_dagrun for produce_json to 2026-02-25 14:00:00+00:00, run_after=2026-02-26 14:00:00+00:00
[2026-02-26T01:14:00.235+0000] {logging_mixin.py:188} INFO - [2026-02-26T01:14:00.235+0000] {dag.py:3954} INFO - Setting next_dagrun for update_db to 2026-02-25 15:00:00+00:00, run_after=2026-02-26 15:00:00+00:00
[2026-02-26T01:14:00.255+0000] {processor.py:183} INFO - Processing /opt/airflow/dags/main.py took 0.203 seconds
[2026-02-26T01:14:30.378+0000] {processor.py:161} INFO - Started process (PID=1237) to work on /opt/airflow/dags/main.py
[2026-02-26T01:14:30.379+0000] {processor.py:830} INFO - Processing file /opt/airflow/dags/main.py for tasks to queue
[2026-02-26T01:14:30.381+0000] {logging_mixin.py:188} INFO - [2026-02-26T01:14:30.380+0000] {dagbag.py:545} INFO - Filling up the DagBag from /opt/airflow/dags/main.py
[2026-02-26T01:14:30.504+0000] {processor.py:840} INFO - DAG(s) 'produce_json', 'update_db', 'data_quality_check' retrieved from /opt/airflow/dags/main.py
[2026-02-26T01:14:30.539+0000] {logging_mixin.py:188} INFO - [2026-02-26T01:14:30.539+0000] {dag.py:3096} INFO - Sync 3 DAGs
[2026-02-26T01:14:30.563+0000] {logging_mixin.py:188} INFO - [2026-02-26T01:14:30.563+0000] {dag.py:3954} INFO - Setting next_dagrun for data_quality_check to 2026-02-25 16:00:00+00:00, run_after=2026-02-26 16:00:00+00:00
[2026-02-26T01:14:30.568+0000] {logging_mixin.py:188} INFO - [2026-02-26T01:14:30.568+0000] {dag.py:3954} INFO - Setting next_dagrun for produce_json to 2026-02-25 14:00:00+00:00, run_after=2026-02-26 14:00:00+00:00
[2026-02-26T01:14:30.571+0000] {logging_mixin.py:188} INFO - [2026-02-26T01:14:30.571+0000] {dag.py:3954} INFO - Setting next_dagrun for update_db to 2026-02-25 15:00:00+00:00, run_after=2026-02-26 15:00:00+00:00
[2026-02-26T01:14:30.587+0000] {processor.py:183} INFO - Processing /opt/airflow/dags/main.py took 0.215 seconds
[2026-02-26T01:15:00.708+0000] {processor.py:161} INFO - Started process (PID=1245) to work on /opt/airflow/dags/main.py
[2026-02-26T01:15:00.709+0000] {processor.py:830} INFO - Processing file /opt/airflow/dags/main.py for tasks to queue
[2026-02-26T01:15:00.711+0000] {logging_mixin.py:188} INFO - [2026-02-26T01:15:00.711+0000] {dagbag.py:545} INFO - Filling up the DagBag from /opt/airflow/dags/main.py
[2026-02-26T01:15:00.851+0000] {processor.py:840} INFO - DAG(s) 'update_db', 'produce_json', 'data_quality_check' retrieved from /opt/airflow/dags/main.py
[2026-02-26T01:15:00.886+0000] {logging_mixin.py:188} INFO - [2026-02-26T01:15:00.886+0000] {dag.py:3096} INFO - Sync 3 DAGs
[2026-02-26T01:15:00.910+0000] {logging_mixin.py:188} INFO - [2026-02-26T01:15:00.910+0000] {dag.py:3954} INFO - Setting next_dagrun for data_quality_check to 2026-02-25 16:00:00+00:00, run_after=2026-02-26 16:00:00+00:00
[2026-02-26T01:15:00.917+0000] {logging_mixin.py:188} INFO - [2026-02-26T01:15:00.917+0000] {dag.py:3954} INFO - Setting next_dagrun for produce_json to 2026-02-25 14:00:00+00:00, run_after=2026-02-26 14:00:00+00:00
[2026-02-26T01:15:00.921+0000] {logging_mixin.py:188} INFO - [2026-02-26T01:15:00.921+0000] {dag.py:3954} INFO - Setting next_dagrun for update_db to 2026-02-25 15:00:00+00:00, run_after=2026-02-26 15:00:00+00:00
[2026-02-26T01:15:00.940+0000] {processor.py:183} INFO - Processing /opt/airflow/dags/main.py took 0.238 seconds
[2026-02-26T01:15:31.032+0000] {processor.py:161} INFO - Started process (PID=1253) to work on /opt/airflow/dags/main.py
[2026-02-26T01:15:31.034+0000] {processor.py:830} INFO - Processing file /opt/airflow/dags/main.py for tasks to queue
[2026-02-26T01:15:31.036+0000] {logging_mixin.py:188} INFO - [2026-02-26T01:15:31.036+0000] {dagbag.py:545} INFO - Filling up the DagBag from /opt/airflow/dags/main.py
[2026-02-26T01:15:31.163+0000] {processor.py:840} INFO - DAG(s) 'update_db', 'produce_json', 'data_quality_check' retrieved from /opt/airflow/dags/main.py
[2026-02-26T01:15:31.194+0000] {logging_mixin.py:188} INFO - [2026-02-26T01:15:31.193+0000] {dag.py:3096} INFO - Sync 3 DAGs
[2026-02-26T01:15:31.215+0000] {logging_mixin.py:188} INFO - [2026-02-26T01:15:31.215+0000] {dag.py:3954} INFO - Setting next_dagrun for data_quality_check to 2026-02-25 16:00:00+00:00, run_after=2026-02-26 16:00:00+00:00
[2026-02-26T01:15:31.220+0000] {logging_mixin.py:188} INFO - [2026-02-26T01:15:31.220+0000] {dag.py:3954} INFO - Setting next_dagrun for produce_json to 2026-02-25 14:00:00+00:00, run_after=2026-02-26 14:00:00+00:00
[2026-02-26T01:15:31.223+0000] {logging_mixin.py:188} INFO - [2026-02-26T01:15:31.223+0000] {dag.py:3954} INFO - Setting next_dagrun for update_db to 2026-02-25 15:00:00+00:00, run_after=2026-02-26 15:00:00+00:00
[2026-02-26T01:15:31.242+0000] {processor.py:183} INFO - Processing /opt/airflow/dags/main.py took 0.215 seconds
[2026-02-26T01:16:01.389+0000] {processor.py:161} INFO - Started process (PID=1261) to work on /opt/airflow/dags/main.py
[2026-02-26T01:16:01.390+0000] {processor.py:830} INFO - Processing file /opt/airflow/dags/main.py for tasks to queue
[2026-02-26T01:16:01.394+0000] {logging_mixin.py:188} INFO - [2026-02-26T01:16:01.393+0000] {dagbag.py:545} INFO - Filling up the DagBag from /opt/airflow/dags/main.py
[2026-02-26T01:16:01.522+0000] {processor.py:840} INFO - DAG(s) 'update_db', 'data_quality_check', 'produce_json' retrieved from /opt/airflow/dags/main.py
[2026-02-26T01:16:01.554+0000] {logging_mixin.py:188} INFO - [2026-02-26T01:16:01.554+0000] {dag.py:3096} INFO - Sync 3 DAGs
[2026-02-26T01:16:01.575+0000] {logging_mixin.py:188} INFO - [2026-02-26T01:16:01.575+0000] {dag.py:3954} INFO - Setting next_dagrun for data_quality_check to 2026-02-25 16:00:00+00:00, run_after=2026-02-26 16:00:00+00:00
[2026-02-26T01:16:01.580+0000] {logging_mixin.py:188} INFO - [2026-02-26T01:16:01.580+0000] {dag.py:3954} INFO - Setting next_dagrun for produce_json to 2026-02-25 14:00:00+00:00, run_after=2026-02-26 14:00:00+00:00
[2026-02-26T01:16:01.583+0000] {logging_mixin.py:188} INFO - [2026-02-26T01:16:01.583+0000] {dag.py:3954} INFO - Setting next_dagrun for update_db to 2026-02-25 15:00:00+00:00, run_after=2026-02-26 15:00:00+00:00
[2026-02-26T01:16:01.604+0000] {processor.py:183} INFO - Processing /opt/airflow/dags/main.py took 0.220 seconds
[2026-02-26T01:16:31.741+0000] {processor.py:161} INFO - Started process (PID=1269) to work on /opt/airflow/dags/main.py
[2026-02-26T01:16:31.742+0000] {processor.py:830} INFO - Processing file /opt/airflow/dags/main.py for tasks to queue
[2026-02-26T01:16:31.744+0000] {logging_mixin.py:188} INFO - [2026-02-26T01:16:31.744+0000] {dagbag.py:545} INFO - Filling up the DagBag from /opt/airflow/dags/main.py
[2026-02-26T01:16:31.870+0000] {processor.py:840} INFO - DAG(s) 'data_quality_check', 'update_db', 'produce_json' retrieved from /opt/airflow/dags/main.py
[2026-02-26T01:16:31.904+0000] {logging_mixin.py:188} INFO - [2026-02-26T01:16:31.904+0000] {dag.py:3096} INFO - Sync 3 DAGs
[2026-02-26T01:16:31.927+0000] {logging_mixin.py:188} INFO - [2026-02-26T01:16:31.927+0000] {dag.py:3954} INFO - Setting next_dagrun for data_quality_check to 2026-02-25 16:00:00+00:00, run_after=2026-02-26 16:00:00+00:00
[2026-02-26T01:16:31.932+0000] {logging_mixin.py:188} INFO - [2026-02-26T01:16:31.932+0000] {dag.py:3954} INFO - Setting next_dagrun for produce_json to 2026-02-25 14:00:00+00:00, run_after=2026-02-26 14:00:00+00:00
[2026-02-26T01:16:31.935+0000] {logging_mixin.py:188} INFO - [2026-02-26T01:16:31.935+0000] {dag.py:3954} INFO - Setting next_dagrun for update_db to 2026-02-25 15:00:00+00:00, run_after=2026-02-26 15:00:00+00:00
[2026-02-26T01:16:31.954+0000] {processor.py:183} INFO - Processing /opt/airflow/dags/main.py took 0.218 seconds
[2026-02-26T01:17:02.206+0000] {processor.py:161} INFO - Started process (PID=1277) to work on /opt/airflow/dags/main.py
[2026-02-26T01:17:02.208+0000] {processor.py:830} INFO - Processing file /opt/airflow/dags/main.py for tasks to queue
[2026-02-26T01:17:02.210+0000] {logging_mixin.py:188} INFO - [2026-02-26T01:17:02.209+0000] {dagbag.py:545} INFO - Filling up the DagBag from /opt/airflow/dags/main.py
[2026-02-26T01:17:02.317+0000] {processor.py:840} INFO - DAG(s) 'data_quality_check', 'update_db', 'produce_json' retrieved from /opt/airflow/dags/main.py
[2026-02-26T01:17:02.348+0000] {logging_mixin.py:188} INFO - [2026-02-26T01:17:02.348+0000] {dag.py:3096} INFO - Sync 3 DAGs
[2026-02-26T01:17:02.368+0000] {logging_mixin.py:188} INFO - [2026-02-26T01:17:02.368+0000] {dag.py:3954} INFO - Setting next_dagrun for data_quality_check to 2026-02-25 16:00:00+00:00, run_after=2026-02-26 16:00:00+00:00
[2026-02-26T01:17:02.373+0000] {logging_mixin.py:188} INFO - [2026-02-26T01:17:02.373+0000] {dag.py:3954} INFO - Setting next_dagrun for produce_json to 2026-02-25 14:00:00+00:00, run_after=2026-02-26 14:00:00+00:00
[2026-02-26T01:17:02.376+0000] {logging_mixin.py:188} INFO - [2026-02-26T01:17:02.376+0000] {dag.py:3954} INFO - Setting next_dagrun for update_db to 2026-02-25 15:00:00+00:00, run_after=2026-02-26 15:00:00+00:00
[2026-02-26T01:17:02.396+0000] {processor.py:183} INFO - Processing /opt/airflow/dags/main.py took 0.195 seconds
[2026-02-26T01:17:32.531+0000] {processor.py:161} INFO - Started process (PID=1285) to work on /opt/airflow/dags/main.py
[2026-02-26T01:17:32.532+0000] {processor.py:830} INFO - Processing file /opt/airflow/dags/main.py for tasks to queue
[2026-02-26T01:17:32.534+0000] {logging_mixin.py:188} INFO - [2026-02-26T01:17:32.534+0000] {dagbag.py:545} INFO - Filling up the DagBag from /opt/airflow/dags/main.py
[2026-02-26T01:17:32.644+0000] {processor.py:840} INFO - DAG(s) 'data_quality_check', 'produce_json', 'update_db' retrieved from /opt/airflow/dags/main.py
[2026-02-26T01:17:32.678+0000] {logging_mixin.py:188} INFO - [2026-02-26T01:17:32.678+0000] {dag.py:3096} INFO - Sync 3 DAGs
[2026-02-26T01:17:32.700+0000] {logging_mixin.py:188} INFO - [2026-02-26T01:17:32.700+0000] {dag.py:3954} INFO - Setting next_dagrun for data_quality_check to 2026-02-25 16:00:00+00:00, run_after=2026-02-26 16:00:00+00:00
[2026-02-26T01:17:32.705+0000] {logging_mixin.py:188} INFO - [2026-02-26T01:17:32.705+0000] {dag.py:3954} INFO - Setting next_dagrun for produce_json to 2026-02-25 14:00:00+00:00, run_after=2026-02-26 14:00:00+00:00
[2026-02-26T01:17:32.709+0000] {logging_mixin.py:188} INFO - [2026-02-26T01:17:32.709+0000] {dag.py:3954} INFO - Setting next_dagrun for update_db to 2026-02-25 15:00:00+00:00, run_after=2026-02-26 15:00:00+00:00
[2026-02-26T01:17:32.728+0000] {processor.py:183} INFO - Processing /opt/airflow/dags/main.py took 0.204 seconds
[2026-02-26T01:18:02.858+0000] {processor.py:161} INFO - Started process (PID=1293) to work on /opt/airflow/dags/main.py
[2026-02-26T01:18:02.859+0000] {processor.py:830} INFO - Processing file /opt/airflow/dags/main.py for tasks to queue
[2026-02-26T01:18:02.861+0000] {logging_mixin.py:188} INFO - [2026-02-26T01:18:02.860+0000] {dagbag.py:545} INFO - Filling up the DagBag from /opt/airflow/dags/main.py
[2026-02-26T01:18:02.965+0000] {processor.py:840} INFO - DAG(s) 'produce_json', 'data_quality_check', 'update_db' retrieved from /opt/airflow/dags/main.py
[2026-02-26T01:18:02.996+0000] {logging_mixin.py:188} INFO - [2026-02-26T01:18:02.996+0000] {dag.py:3096} INFO - Sync 3 DAGs
[2026-02-26T01:18:03.016+0000] {logging_mixin.py:188} INFO - [2026-02-26T01:18:03.016+0000] {dag.py:3954} INFO - Setting next_dagrun for data_quality_check to 2026-02-25 16:00:00+00:00, run_after=2026-02-26 16:00:00+00:00
[2026-02-26T01:18:03.022+0000] {logging_mixin.py:188} INFO - [2026-02-26T01:18:03.021+0000] {dag.py:3954} INFO - Setting next_dagrun for produce_json to 2026-02-25 14:00:00+00:00, run_after=2026-02-26 14:00:00+00:00
[2026-02-26T01:18:03.025+0000] {logging_mixin.py:188} INFO - [2026-02-26T01:18:03.025+0000] {dag.py:3954} INFO - Setting next_dagrun for update_db to 2026-02-25 15:00:00+00:00, run_after=2026-02-26 15:00:00+00:00
[2026-02-26T01:18:03.045+0000] {processor.py:183} INFO - Processing /opt/airflow/dags/main.py took 0.193 seconds
[2026-02-26T01:18:33.192+0000] {processor.py:161} INFO - Started process (PID=1301) to work on /opt/airflow/dags/main.py
[2026-02-26T01:18:33.193+0000] {processor.py:830} INFO - Processing file /opt/airflow/dags/main.py for tasks to queue
[2026-02-26T01:18:33.195+0000] {logging_mixin.py:188} INFO - [2026-02-26T01:18:33.194+0000] {dagbag.py:545} INFO - Filling up the DagBag from /opt/airflow/dags/main.py
[2026-02-26T01:18:33.303+0000] {processor.py:840} INFO - DAG(s) 'update_db', 'produce_json', 'data_quality_check' retrieved from /opt/airflow/dags/main.py
[2026-02-26T01:18:33.334+0000] {logging_mixin.py:188} INFO - [2026-02-26T01:18:33.333+0000] {dag.py:3096} INFO - Sync 3 DAGs
[2026-02-26T01:18:33.354+0000] {logging_mixin.py:188} INFO - [2026-02-26T01:18:33.354+0000] {dag.py:3954} INFO - Setting next_dagrun for data_quality_check to 2026-02-25 16:00:00+00:00, run_after=2026-02-26 16:00:00+00:00
[2026-02-26T01:18:33.359+0000] {logging_mixin.py:188} INFO - [2026-02-26T01:18:33.359+0000] {dag.py:3954} INFO - Setting next_dagrun for produce_json to 2026-02-25 14:00:00+00:00, run_after=2026-02-26 14:00:00+00:00
[2026-02-26T01:18:33.362+0000] {logging_mixin.py:188} INFO - [2026-02-26T01:18:33.362+0000] {dag.py:3954} INFO - Setting next_dagrun for update_db to 2026-02-25 15:00:00+00:00, run_after=2026-02-26 15:00:00+00:00
[2026-02-26T01:18:33.380+0000] {processor.py:183} INFO - Processing /opt/airflow/dags/main.py took 0.194 seconds
[2026-02-26T01:19:03.502+0000] {processor.py:161} INFO - Started process (PID=1309) to work on /opt/airflow/dags/main.py
[2026-02-26T01:19:03.504+0000] {processor.py:830} INFO - Processing file /opt/airflow/dags/main.py for tasks to queue
[2026-02-26T01:19:03.506+0000] {logging_mixin.py:188} INFO - [2026-02-26T01:19:03.505+0000] {dagbag.py:545} INFO - Filling up the DagBag from /opt/airflow/dags/main.py
[2026-02-26T01:19:03.610+0000] {processor.py:840} INFO - DAG(s) 'data_quality_check', 'update_db', 'produce_json' retrieved from /opt/airflow/dags/main.py
[2026-02-26T01:19:03.643+0000] {logging_mixin.py:188} INFO - [2026-02-26T01:19:03.643+0000] {dag.py:3096} INFO - Sync 3 DAGs
[2026-02-26T01:19:03.667+0000] {logging_mixin.py:188} INFO - [2026-02-26T01:19:03.667+0000] {dag.py:3954} INFO - Setting next_dagrun for data_quality_check to 2026-02-25 16:00:00+00:00, run_after=2026-02-26 16:00:00+00:00
[2026-02-26T01:19:03.672+0000] {logging_mixin.py:188} INFO - [2026-02-26T01:19:03.672+0000] {dag.py:3954} INFO - Setting next_dagrun for produce_json to 2026-02-25 14:00:00+00:00, run_after=2026-02-26 14:00:00+00:00
[2026-02-26T01:19:03.675+0000] {logging_mixin.py:188} INFO - [2026-02-26T01:19:03.675+0000] {dag.py:3954} INFO - Setting next_dagrun for update_db to 2026-02-25 15:00:00+00:00, run_after=2026-02-26 15:00:00+00:00
[2026-02-26T01:19:03.694+0000] {processor.py:183} INFO - Processing /opt/airflow/dags/main.py took 0.199 seconds
[2026-02-26T01:19:33.857+0000] {processor.py:161} INFO - Started process (PID=1317) to work on /opt/airflow/dags/main.py
[2026-02-26T01:19:33.858+0000] {processor.py:830} INFO - Processing file /opt/airflow/dags/main.py for tasks to queue
[2026-02-26T01:19:33.860+0000] {logging_mixin.py:188} INFO - [2026-02-26T01:19:33.860+0000] {dagbag.py:545} INFO - Filling up the DagBag from /opt/airflow/dags/main.py
[2026-02-26T01:19:33.995+0000] {processor.py:840} INFO - DAG(s) 'update_db', 'produce_json', 'data_quality_check' retrieved from /opt/airflow/dags/main.py
[2026-02-26T01:19:34.035+0000] {logging_mixin.py:188} INFO - [2026-02-26T01:19:34.034+0000] {dag.py:3096} INFO - Sync 3 DAGs
[2026-02-26T01:19:34.063+0000] {logging_mixin.py:188} INFO - [2026-02-26T01:19:34.063+0000] {dag.py:3954} INFO - Setting next_dagrun for data_quality_check to 2026-02-25 16:00:00+00:00, run_after=2026-02-26 16:00:00+00:00
[2026-02-26T01:19:34.068+0000] {logging_mixin.py:188} INFO - [2026-02-26T01:19:34.068+0000] {dag.py:3954} INFO - Setting next_dagrun for produce_json to 2026-02-25 14:00:00+00:00, run_after=2026-02-26 14:00:00+00:00
[2026-02-26T01:19:34.073+0000] {logging_mixin.py:188} INFO - [2026-02-26T01:19:34.073+0000] {dag.py:3954} INFO - Setting next_dagrun for update_db to 2026-02-25 15:00:00+00:00, run_after=2026-02-26 15:00:00+00:00
[2026-02-26T01:19:34.092+0000] {processor.py:183} INFO - Processing /opt/airflow/dags/main.py took 0.243 seconds
[2026-02-26T01:20:04.195+0000] {processor.py:161} INFO - Started process (PID=1325) to work on /opt/airflow/dags/main.py
[2026-02-26T01:20:04.196+0000] {processor.py:830} INFO - Processing file /opt/airflow/dags/main.py for tasks to queue
[2026-02-26T01:20:04.198+0000] {logging_mixin.py:188} INFO - [2026-02-26T01:20:04.198+0000] {dagbag.py:545} INFO - Filling up the DagBag from /opt/airflow/dags/main.py
[2026-02-26T01:20:04.319+0000] {processor.py:840} INFO - DAG(s) 'produce_json', 'update_db', 'data_quality_check' retrieved from /opt/airflow/dags/main.py
[2026-02-26T01:20:04.353+0000] {logging_mixin.py:188} INFO - [2026-02-26T01:20:04.353+0000] {dag.py:3096} INFO - Sync 3 DAGs
[2026-02-26T01:20:04.374+0000] {logging_mixin.py:188} INFO - [2026-02-26T01:20:04.374+0000] {dag.py:3954} INFO - Setting next_dagrun for data_quality_check to 2026-02-25 16:00:00+00:00, run_after=2026-02-26 16:00:00+00:00
[2026-02-26T01:20:04.380+0000] {logging_mixin.py:188} INFO - [2026-02-26T01:20:04.380+0000] {dag.py:3954} INFO - Setting next_dagrun for produce_json to 2026-02-25 14:00:00+00:00, run_after=2026-02-26 14:00:00+00:00
[2026-02-26T01:20:04.383+0000] {logging_mixin.py:188} INFO - [2026-02-26T01:20:04.383+0000] {dag.py:3954} INFO - Setting next_dagrun for update_db to 2026-02-25 15:00:00+00:00, run_after=2026-02-26 15:00:00+00:00
[2026-02-26T01:20:04.403+0000] {processor.py:183} INFO - Processing /opt/airflow/dags/main.py took 0.215 seconds
[2026-02-26T01:20:34.531+0000] {processor.py:161} INFO - Started process (PID=1333) to work on /opt/airflow/dags/main.py
[2026-02-26T01:20:34.532+0000] {processor.py:830} INFO - Processing file /opt/airflow/dags/main.py for tasks to queue
[2026-02-26T01:20:34.535+0000] {logging_mixin.py:188} INFO - [2026-02-26T01:20:34.534+0000] {dagbag.py:545} INFO - Filling up the DagBag from /opt/airflow/dags/main.py
[2026-02-26T01:20:34.673+0000] {processor.py:840} INFO - DAG(s) 'data_quality_check', 'update_db', 'produce_json' retrieved from /opt/airflow/dags/main.py
[2026-02-26T01:20:34.709+0000] {logging_mixin.py:188} INFO - [2026-02-26T01:20:34.709+0000] {dag.py:3096} INFO - Sync 3 DAGs
[2026-02-26T01:20:34.737+0000] {logging_mixin.py:188} INFO - [2026-02-26T01:20:34.737+0000] {dag.py:3954} INFO - Setting next_dagrun for data_quality_check to 2026-02-25 16:00:00+00:00, run_after=2026-02-26 16:00:00+00:00
[2026-02-26T01:20:34.742+0000] {logging_mixin.py:188} INFO - [2026-02-26T01:20:34.742+0000] {dag.py:3954} INFO - Setting next_dagrun for produce_json to 2026-02-25 14:00:00+00:00, run_after=2026-02-26 14:00:00+00:00
[2026-02-26T01:20:34.746+0000] {logging_mixin.py:188} INFO - [2026-02-26T01:20:34.746+0000] {dag.py:3954} INFO - Setting next_dagrun for update_db to 2026-02-25 15:00:00+00:00, run_after=2026-02-26 15:00:00+00:00
[2026-02-26T01:20:34.764+0000] {processor.py:183} INFO - Processing /opt/airflow/dags/main.py took 0.242 seconds
[2026-02-26T01:21:04.884+0000] {processor.py:161} INFO - Started process (PID=1341) to work on /opt/airflow/dags/main.py
[2026-02-26T01:21:04.885+0000] {processor.py:830} INFO - Processing file /opt/airflow/dags/main.py for tasks to queue
[2026-02-26T01:21:04.888+0000] {logging_mixin.py:188} INFO - [2026-02-26T01:21:04.887+0000] {dagbag.py:545} INFO - Filling up the DagBag from /opt/airflow/dags/main.py
[2026-02-26T01:21:04.989+0000] {processor.py:840} INFO - DAG(s) 'produce_json', 'update_db', 'data_quality_check' retrieved from /opt/airflow/dags/main.py
[2026-02-26T01:21:05.021+0000] {logging_mixin.py:188} INFO - [2026-02-26T01:21:05.021+0000] {dag.py:3096} INFO - Sync 3 DAGs
[2026-02-26T01:21:05.041+0000] {logging_mixin.py:188} INFO - [2026-02-26T01:21:05.041+0000] {dag.py:3954} INFO - Setting next_dagrun for data_quality_check to 2026-02-25 16:00:00+00:00, run_after=2026-02-26 16:00:00+00:00
[2026-02-26T01:21:05.046+0000] {logging_mixin.py:188} INFO - [2026-02-26T01:21:05.046+0000] {dag.py:3954} INFO - Setting next_dagrun for produce_json to 2026-02-25 14:00:00+00:00, run_after=2026-02-26 14:00:00+00:00
[2026-02-26T01:21:05.049+0000] {logging_mixin.py:188} INFO - [2026-02-26T01:21:05.049+0000] {dag.py:3954} INFO - Setting next_dagrun for update_db to 2026-02-25 15:00:00+00:00, run_after=2026-02-26 15:00:00+00:00
[2026-02-26T01:21:05.068+0000] {processor.py:183} INFO - Processing /opt/airflow/dags/main.py took 0.191 seconds
[2026-02-26T01:21:35.333+0000] {processor.py:161} INFO - Started process (PID=1349) to work on /opt/airflow/dags/main.py
[2026-02-26T01:21:35.334+0000] {processor.py:830} INFO - Processing file /opt/airflow/dags/main.py for tasks to queue
[2026-02-26T01:21:35.336+0000] {logging_mixin.py:188} INFO - [2026-02-26T01:21:35.335+0000] {dagbag.py:545} INFO - Filling up the DagBag from /opt/airflow/dags/main.py
[2026-02-26T01:21:35.443+0000] {processor.py:840} INFO - DAG(s) 'data_quality_check', 'update_db', 'produce_json' retrieved from /opt/airflow/dags/main.py
[2026-02-26T01:21:35.473+0000] {logging_mixin.py:188} INFO - [2026-02-26T01:21:35.473+0000] {dag.py:3096} INFO - Sync 3 DAGs
[2026-02-26T01:21:35.496+0000] {logging_mixin.py:188} INFO - [2026-02-26T01:21:35.496+0000] {dag.py:3954} INFO - Setting next_dagrun for data_quality_check to 2026-02-25 16:00:00+00:00, run_after=2026-02-26 16:00:00+00:00
[2026-02-26T01:21:35.501+0000] {logging_mixin.py:188} INFO - [2026-02-26T01:21:35.501+0000] {dag.py:3954} INFO - Setting next_dagrun for produce_json to 2026-02-25 14:00:00+00:00, run_after=2026-02-26 14:00:00+00:00
[2026-02-26T01:21:35.504+0000] {logging_mixin.py:188} INFO - [2026-02-26T01:21:35.504+0000] {dag.py:3954} INFO - Setting next_dagrun for update_db to 2026-02-25 15:00:00+00:00, run_after=2026-02-26 15:00:00+00:00
[2026-02-26T01:21:35.524+0000] {processor.py:183} INFO - Processing /opt/airflow/dags/main.py took 0.197 seconds
[2026-02-26T01:22:05.676+0000] {processor.py:161} INFO - Started process (PID=1357) to work on /opt/airflow/dags/main.py
[2026-02-26T01:22:05.677+0000] {processor.py:830} INFO - Processing file /opt/airflow/dags/main.py for tasks to queue
[2026-02-26T01:22:05.679+0000] {logging_mixin.py:188} INFO - [2026-02-26T01:22:05.679+0000] {dagbag.py:545} INFO - Filling up the DagBag from /opt/airflow/dags/main.py
[2026-02-26T01:22:05.790+0000] {processor.py:840} INFO - DAG(s) 'data_quality_check', 'produce_json', 'update_db' retrieved from /opt/airflow/dags/main.py
[2026-02-26T01:22:05.822+0000] {logging_mixin.py:188} INFO - [2026-02-26T01:22:05.822+0000] {dag.py:3096} INFO - Sync 3 DAGs
[2026-02-26T01:22:05.846+0000] {logging_mixin.py:188} INFO - [2026-02-26T01:22:05.845+0000] {dag.py:3954} INFO - Setting next_dagrun for data_quality_check to 2026-02-25 16:00:00+00:00, run_after=2026-02-26 16:00:00+00:00
[2026-02-26T01:22:05.851+0000] {logging_mixin.py:188} INFO - [2026-02-26T01:22:05.851+0000] {dag.py:3954} INFO - Setting next_dagrun for produce_json to 2026-02-25 14:00:00+00:00, run_after=2026-02-26 14:00:00+00:00
[2026-02-26T01:22:05.855+0000] {logging_mixin.py:188} INFO - [2026-02-26T01:22:05.855+0000] {dag.py:3954} INFO - Setting next_dagrun for update_db to 2026-02-25 15:00:00+00:00, run_after=2026-02-26 15:00:00+00:00
[2026-02-26T01:22:05.875+0000] {processor.py:183} INFO - Processing /opt/airflow/dags/main.py took 0.207 seconds
[2026-02-26T01:22:36.012+0000] {processor.py:161} INFO - Started process (PID=1365) to work on /opt/airflow/dags/main.py
[2026-02-26T01:22:36.013+0000] {processor.py:830} INFO - Processing file /opt/airflow/dags/main.py for tasks to queue
[2026-02-26T01:22:36.015+0000] {logging_mixin.py:188} INFO - [2026-02-26T01:22:36.015+0000] {dagbag.py:545} INFO - Filling up the DagBag from /opt/airflow/dags/main.py
[2026-02-26T01:22:36.172+0000] {processor.py:840} INFO - DAG(s) 'data_quality_check', 'update_db', 'produce_json' retrieved from /opt/airflow/dags/main.py
[2026-02-26T01:22:36.202+0000] {logging_mixin.py:188} INFO - [2026-02-26T01:22:36.202+0000] {dag.py:3096} INFO - Sync 3 DAGs
[2026-02-26T01:22:36.224+0000] {logging_mixin.py:188} INFO - [2026-02-26T01:22:36.223+0000] {dag.py:3954} INFO - Setting next_dagrun for data_quality_check to 2026-02-25 16:00:00+00:00, run_after=2026-02-26 16:00:00+00:00
[2026-02-26T01:22:36.228+0000] {logging_mixin.py:188} INFO - [2026-02-26T01:22:36.228+0000] {dag.py:3954} INFO - Setting next_dagrun for produce_json to 2026-02-25 14:00:00+00:00, run_after=2026-02-26 14:00:00+00:00
[2026-02-26T01:22:36.231+0000] {logging_mixin.py:188} INFO - [2026-02-26T01:22:36.231+0000] {dag.py:3954} INFO - Setting next_dagrun for update_db to 2026-02-25 15:00:00+00:00, run_after=2026-02-26 15:00:00+00:00
[2026-02-26T01:22:36.247+0000] {processor.py:183} INFO - Processing /opt/airflow/dags/main.py took 0.243 seconds
[2026-02-26T01:23:06.385+0000] {processor.py:161} INFO - Started process (PID=1373) to work on /opt/airflow/dags/main.py
[2026-02-26T01:23:06.386+0000] {processor.py:830} INFO - Processing file /opt/airflow/dags/main.py for tasks to queue
[2026-02-26T01:23:06.388+0000] {logging_mixin.py:188} INFO - [2026-02-26T01:23:06.387+0000] {dagbag.py:545} INFO - Filling up the DagBag from /opt/airflow/dags/main.py
[2026-02-26T01:23:06.491+0000] {processor.py:840} INFO - DAG(s) 'produce_json', 'update_db', 'data_quality_check' retrieved from /opt/airflow/dags/main.py
[2026-02-26T01:23:06.523+0000] {logging_mixin.py:188} INFO - [2026-02-26T01:23:06.523+0000] {dag.py:3096} INFO - Sync 3 DAGs
[2026-02-26T01:23:06.543+0000] {logging_mixin.py:188} INFO - [2026-02-26T01:23:06.543+0000] {dag.py:3954} INFO - Setting next_dagrun for data_quality_check to 2026-02-25 16:00:00+00:00, run_after=2026-02-26 16:00:00+00:00
[2026-02-26T01:23:06.549+0000] {logging_mixin.py:188} INFO - [2026-02-26T01:23:06.548+0000] {dag.py:3954} INFO - Setting next_dagrun for produce_json to 2026-02-25 14:00:00+00:00, run_after=2026-02-26 14:00:00+00:00
[2026-02-26T01:23:06.552+0000] {logging_mixin.py:188} INFO - [2026-02-26T01:23:06.551+0000] {dag.py:3954} INFO - Setting next_dagrun for update_db to 2026-02-25 15:00:00+00:00, run_after=2026-02-26 15:00:00+00:00
[2026-02-26T01:23:06.571+0000] {processor.py:183} INFO - Processing /opt/airflow/dags/main.py took 0.191 seconds
[2026-02-26T01:23:36.701+0000] {processor.py:161} INFO - Started process (PID=1381) to work on /opt/airflow/dags/main.py
[2026-02-26T01:23:36.702+0000] {processor.py:830} INFO - Processing file /opt/airflow/dags/main.py for tasks to queue
[2026-02-26T01:23:36.704+0000] {logging_mixin.py:188} INFO - [2026-02-26T01:23:36.704+0000] {dagbag.py:545} INFO - Filling up the DagBag from /opt/airflow/dags/main.py
[2026-02-26T01:23:36.805+0000] {processor.py:840} INFO - DAG(s) 'produce_json', 'data_quality_check', 'update_db' retrieved from /opt/airflow/dags/main.py
[2026-02-26T01:23:36.836+0000] {logging_mixin.py:188} INFO - [2026-02-26T01:23:36.836+0000] {dag.py:3096} INFO - Sync 3 DAGs
[2026-02-26T01:23:36.860+0000] {logging_mixin.py:188} INFO - [2026-02-26T01:23:36.860+0000] {dag.py:3954} INFO - Setting next_dagrun for data_quality_check to 2026-02-25 16:00:00+00:00, run_after=2026-02-26 16:00:00+00:00
[2026-02-26T01:23:36.866+0000] {logging_mixin.py:188} INFO - [2026-02-26T01:23:36.866+0000] {dag.py:3954} INFO - Setting next_dagrun for produce_json to 2026-02-25 14:00:00+00:00, run_after=2026-02-26 14:00:00+00:00
[2026-02-26T01:23:36.869+0000] {logging_mixin.py:188} INFO - [2026-02-26T01:23:36.869+0000] {dag.py:3954} INFO - Setting next_dagrun for update_db to 2026-02-25 15:00:00+00:00, run_after=2026-02-26 15:00:00+00:00
[2026-02-26T01:23:36.888+0000] {processor.py:183} INFO - Processing /opt/airflow/dags/main.py took 0.192 seconds
[2026-02-26T01:24:07.037+0000] {processor.py:161} INFO - Started process (PID=1389) to work on /opt/airflow/dags/main.py
[2026-02-26T01:24:07.038+0000] {processor.py:830} INFO - Processing file /opt/airflow/dags/main.py for tasks to queue
[2026-02-26T01:24:07.040+0000] {logging_mixin.py:188} INFO - [2026-02-26T01:24:07.039+0000] {dagbag.py:545} INFO - Filling up the DagBag from /opt/airflow/dags/main.py
[2026-02-26T01:24:07.143+0000] {processor.py:840} INFO - DAG(s) 'produce_json', 'update_db', 'data_quality_check' retrieved from /opt/airflow/dags/main.py
[2026-02-26T01:24:07.174+0000] {logging_mixin.py:188} INFO - [2026-02-26T01:24:07.174+0000] {dag.py:3096} INFO - Sync 3 DAGs
[2026-02-26T01:24:07.194+0000] {logging_mixin.py:188} INFO - [2026-02-26T01:24:07.194+0000] {dag.py:3954} INFO - Setting next_dagrun for data_quality_check to 2026-02-25 16:00:00+00:00, run_after=2026-02-26 16:00:00+00:00
[2026-02-26T01:24:07.200+0000] {logging_mixin.py:188} INFO - [2026-02-26T01:24:07.199+0000] {dag.py:3954} INFO - Setting next_dagrun for produce_json to 2026-02-25 14:00:00+00:00, run_after=2026-02-26 14:00:00+00:00
[2026-02-26T01:24:07.203+0000] {logging_mixin.py:188} INFO - [2026-02-26T01:24:07.203+0000] {dag.py:3954} INFO - Setting next_dagrun for update_db to 2026-02-25 15:00:00+00:00, run_after=2026-02-26 15:00:00+00:00
[2026-02-26T01:24:07.222+0000] {processor.py:183} INFO - Processing /opt/airflow/dags/main.py took 0.192 seconds
[2026-02-26T01:24:37.354+0000] {processor.py:161} INFO - Started process (PID=1397) to work on /opt/airflow/dags/main.py
[2026-02-26T01:24:37.355+0000] {processor.py:830} INFO - Processing file /opt/airflow/dags/main.py for tasks to queue
[2026-02-26T01:24:37.357+0000] {logging_mixin.py:188} INFO - [2026-02-26T01:24:37.357+0000] {dagbag.py:545} INFO - Filling up the DagBag from /opt/airflow/dags/main.py
[2026-02-26T01:24:37.463+0000] {processor.py:840} INFO - DAG(s) 'produce_json', 'data_quality_check', 'update_db' retrieved from /opt/airflow/dags/main.py
[2026-02-26T01:24:37.496+0000] {logging_mixin.py:188} INFO - [2026-02-26T01:24:37.496+0000] {dag.py:3096} INFO - Sync 3 DAGs
[2026-02-26T01:24:37.518+0000] {logging_mixin.py:188} INFO - [2026-02-26T01:24:37.518+0000] {dag.py:3954} INFO - Setting next_dagrun for data_quality_check to 2026-02-25 16:00:00+00:00, run_after=2026-02-26 16:00:00+00:00
[2026-02-26T01:24:37.523+0000] {logging_mixin.py:188} INFO - [2026-02-26T01:24:37.523+0000] {dag.py:3954} INFO - Setting next_dagrun for produce_json to 2026-02-25 14:00:00+00:00, run_after=2026-02-26 14:00:00+00:00
[2026-02-26T01:24:37.527+0000] {logging_mixin.py:188} INFO - [2026-02-26T01:24:37.526+0000] {dag.py:3954} INFO - Setting next_dagrun for update_db to 2026-02-25 15:00:00+00:00, run_after=2026-02-26 15:00:00+00:00
[2026-02-26T01:24:37.547+0000] {processor.py:183} INFO - Processing /opt/airflow/dags/main.py took 0.198 seconds
[2026-02-26T01:25:07.679+0000] {processor.py:161} INFO - Started process (PID=1405) to work on /opt/airflow/dags/main.py
[2026-02-26T01:25:07.680+0000] {processor.py:830} INFO - Processing file /opt/airflow/dags/main.py for tasks to queue
[2026-02-26T01:25:07.682+0000] {logging_mixin.py:188} INFO - [2026-02-26T01:25:07.682+0000] {dagbag.py:545} INFO - Filling up the DagBag from /opt/airflow/dags/main.py
[2026-02-26T01:25:07.781+0000] {processor.py:840} INFO - DAG(s) 'update_db', 'data_quality_check', 'produce_json' retrieved from /opt/airflow/dags/main.py
[2026-02-26T01:25:07.813+0000] {logging_mixin.py:188} INFO - [2026-02-26T01:25:07.813+0000] {dag.py:3096} INFO - Sync 3 DAGs
[2026-02-26T01:25:07.834+0000] {logging_mixin.py:188} INFO - [2026-02-26T01:25:07.834+0000] {dag.py:3954} INFO - Setting next_dagrun for data_quality_check to 2026-02-25 16:00:00+00:00, run_after=2026-02-26 16:00:00+00:00
[2026-02-26T01:25:07.840+0000] {logging_mixin.py:188} INFO - [2026-02-26T01:25:07.840+0000] {dag.py:3954} INFO - Setting next_dagrun for produce_json to 2026-02-25 14:00:00+00:00, run_after=2026-02-26 14:00:00+00:00
[2026-02-26T01:25:07.844+0000] {logging_mixin.py:188} INFO - [2026-02-26T01:25:07.843+0000] {dag.py:3954} INFO - Setting next_dagrun for update_db to 2026-02-25 15:00:00+00:00, run_after=2026-02-26 15:00:00+00:00
[2026-02-26T01:25:07.863+0000] {processor.py:183} INFO - Processing /opt/airflow/dags/main.py took 0.190 seconds
[2026-02-26T01:25:38.051+0000] {processor.py:161} INFO - Started process (PID=1413) to work on /opt/airflow/dags/main.py
[2026-02-26T01:25:38.052+0000] {processor.py:830} INFO - Processing file /opt/airflow/dags/main.py for tasks to queue
[2026-02-26T01:25:38.053+0000] {logging_mixin.py:188} INFO - [2026-02-26T01:25:38.053+0000] {dagbag.py:545} INFO - Filling up the DagBag from /opt/airflow/dags/main.py
[2026-02-26T01:25:38.166+0000] {processor.py:840} INFO - DAG(s) 'update_db', 'produce_json', 'data_quality_check' retrieved from /opt/airflow/dags/main.py
[2026-02-26T01:25:38.198+0000] {logging_mixin.py:188} INFO - [2026-02-26T01:25:38.198+0000] {dag.py:3096} INFO - Sync 3 DAGs
[2026-02-26T01:25:38.220+0000] {logging_mixin.py:188} INFO - [2026-02-26T01:25:38.220+0000] {dag.py:3954} INFO - Setting next_dagrun for data_quality_check to 2026-02-25 16:00:00+00:00, run_after=2026-02-26 16:00:00+00:00
[2026-02-26T01:25:38.225+0000] {logging_mixin.py:188} INFO - [2026-02-26T01:25:38.225+0000] {dag.py:3954} INFO - Setting next_dagrun for produce_json to 2026-02-25 14:00:00+00:00, run_after=2026-02-26 14:00:00+00:00
[2026-02-26T01:25:38.228+0000] {logging_mixin.py:188} INFO - [2026-02-26T01:25:38.228+0000] {dag.py:3954} INFO - Setting next_dagrun for update_db to 2026-02-25 15:00:00+00:00, run_after=2026-02-26 15:00:00+00:00
[2026-02-26T01:25:38.247+0000] {processor.py:183} INFO - Processing /opt/airflow/dags/main.py took 0.202 seconds
[2026-02-26T01:26:08.380+0000] {processor.py:161} INFO - Started process (PID=1421) to work on /opt/airflow/dags/main.py
[2026-02-26T01:26:08.382+0000] {processor.py:830} INFO - Processing file /opt/airflow/dags/main.py for tasks to queue
[2026-02-26T01:26:08.384+0000] {logging_mixin.py:188} INFO - [2026-02-26T01:26:08.383+0000] {dagbag.py:545} INFO - Filling up the DagBag from /opt/airflow/dags/main.py
[2026-02-26T01:26:08.487+0000] {processor.py:840} INFO - DAG(s) 'data_quality_check', 'update_db', 'produce_json' retrieved from /opt/airflow/dags/main.py
[2026-02-26T01:26:08.518+0000] {logging_mixin.py:188} INFO - [2026-02-26T01:26:08.518+0000] {dag.py:3096} INFO - Sync 3 DAGs
[2026-02-26T01:26:08.539+0000] {logging_mixin.py:188} INFO - [2026-02-26T01:26:08.539+0000] {dag.py:3954} INFO - Setting next_dagrun for data_quality_check to 2026-02-25 16:00:00+00:00, run_after=2026-02-26 16:00:00+00:00
[2026-02-26T01:26:08.544+0000] {logging_mixin.py:188} INFO - [2026-02-26T01:26:08.544+0000] {dag.py:3954} INFO - Setting next_dagrun for produce_json to 2026-02-25 14:00:00+00:00, run_after=2026-02-26 14:00:00+00:00
[2026-02-26T01:26:08.547+0000] {logging_mixin.py:188} INFO - [2026-02-26T01:26:08.547+0000] {dag.py:3954} INFO - Setting next_dagrun for update_db to 2026-02-25 15:00:00+00:00, run_after=2026-02-26 15:00:00+00:00
[2026-02-26T01:26:08.566+0000] {processor.py:183} INFO - Processing /opt/airflow/dags/main.py took 0.192 seconds
[2026-02-26T01:26:38.832+0000] {processor.py:161} INFO - Started process (PID=1429) to work on /opt/airflow/dags/main.py
[2026-02-26T01:26:38.833+0000] {processor.py:830} INFO - Processing file /opt/airflow/dags/main.py for tasks to queue
[2026-02-26T01:26:38.835+0000] {logging_mixin.py:188} INFO - [2026-02-26T01:26:38.835+0000] {dagbag.py:545} INFO - Filling up the DagBag from /opt/airflow/dags/main.py
[2026-02-26T01:26:38.964+0000] {processor.py:840} INFO - DAG(s) 'produce_json', 'update_db', 'data_quality_check' retrieved from /opt/airflow/dags/main.py
[2026-02-26T01:26:39.011+0000] {logging_mixin.py:188} INFO - [2026-02-26T01:26:39.010+0000] {dag.py:3096} INFO - Sync 3 DAGs
[2026-02-26T01:26:39.042+0000] {logging_mixin.py:188} INFO - [2026-02-26T01:26:39.042+0000] {dag.py:3954} INFO - Setting next_dagrun for data_quality_check to 2026-02-25 16:00:00+00:00, run_after=2026-02-26 16:00:00+00:00
[2026-02-26T01:26:39.048+0000] {logging_mixin.py:188} INFO - [2026-02-26T01:26:39.048+0000] {dag.py:3954} INFO - Setting next_dagrun for produce_json to 2026-02-25 14:00:00+00:00, run_after=2026-02-26 14:00:00+00:00
[2026-02-26T01:26:39.051+0000] {logging_mixin.py:188} INFO - [2026-02-26T01:26:39.051+0000] {dag.py:3954} INFO - Setting next_dagrun for update_db to 2026-02-25 15:00:00+00:00, run_after=2026-02-26 15:00:00+00:00
[2026-02-26T01:26:39.067+0000] {processor.py:183} INFO - Processing /opt/airflow/dags/main.py took 0.241 seconds
[2026-02-26T01:27:09.208+0000] {processor.py:161} INFO - Started process (PID=1437) to work on /opt/airflow/dags/main.py
[2026-02-26T01:27:09.210+0000] {processor.py:830} INFO - Processing file /opt/airflow/dags/main.py for tasks to queue
[2026-02-26T01:27:09.212+0000] {logging_mixin.py:188} INFO - [2026-02-26T01:27:09.212+0000] {dagbag.py:545} INFO - Filling up the DagBag from /opt/airflow/dags/main.py
[2026-02-26T01:27:09.336+0000] {processor.py:840} INFO - DAG(s) 'update_db', 'produce_json', 'data_quality_check' retrieved from /opt/airflow/dags/main.py
[2026-02-26T01:27:09.366+0000] {logging_mixin.py:188} INFO - [2026-02-26T01:27:09.366+0000] {dag.py:3096} INFO - Sync 3 DAGs
[2026-02-26T01:27:09.392+0000] {logging_mixin.py:188} INFO - [2026-02-26T01:27:09.391+0000] {dag.py:3954} INFO - Setting next_dagrun for data_quality_check to 2026-02-25 16:00:00+00:00, run_after=2026-02-26 16:00:00+00:00
[2026-02-26T01:27:09.397+0000] {logging_mixin.py:188} INFO - [2026-02-26T01:27:09.397+0000] {dag.py:3954} INFO - Setting next_dagrun for produce_json to 2026-02-25 14:00:00+00:00, run_after=2026-02-26 14:00:00+00:00
[2026-02-26T01:27:09.400+0000] {logging_mixin.py:188} INFO - [2026-02-26T01:27:09.400+0000] {dag.py:3954} INFO - Setting next_dagrun for update_db to 2026-02-25 15:00:00+00:00, run_after=2026-02-26 15:00:00+00:00
[2026-02-26T01:27:09.418+0000] {processor.py:183} INFO - Processing /opt/airflow/dags/main.py took 0.220 seconds
[2026-02-26T01:27:39.568+0000] {processor.py:161} INFO - Started process (PID=1445) to work on /opt/airflow/dags/main.py
[2026-02-26T01:27:39.569+0000] {processor.py:830} INFO - Processing file /opt/airflow/dags/main.py for tasks to queue
[2026-02-26T01:27:39.571+0000] {logging_mixin.py:188} INFO - [2026-02-26T01:27:39.571+0000] {dagbag.py:545} INFO - Filling up the DagBag from /opt/airflow/dags/main.py
[2026-02-26T01:27:39.665+0000] {processor.py:840} INFO - DAG(s) 'produce_json', 'data_quality_check', 'update_db' retrieved from /opt/airflow/dags/main.py
[2026-02-26T01:27:39.698+0000] {logging_mixin.py:188} INFO - [2026-02-26T01:27:39.698+0000] {dag.py:3096} INFO - Sync 3 DAGs
[2026-02-26T01:27:39.720+0000] {logging_mixin.py:188} INFO - [2026-02-26T01:27:39.720+0000] {dag.py:3954} INFO - Setting next_dagrun for data_quality_check to 2026-02-25 16:00:00+00:00, run_after=2026-02-26 16:00:00+00:00
[2026-02-26T01:27:39.725+0000] {logging_mixin.py:188} INFO - [2026-02-26T01:27:39.725+0000] {dag.py:3954} INFO - Setting next_dagrun for produce_json to 2026-02-25 14:00:00+00:00, run_after=2026-02-26 14:00:00+00:00
[2026-02-26T01:27:39.729+0000] {logging_mixin.py:188} INFO - [2026-02-26T01:27:39.729+0000] {dag.py:3954} INFO - Setting next_dagrun for update_db to 2026-02-25 15:00:00+00:00, run_after=2026-02-26 15:00:00+00:00
[2026-02-26T01:27:39.750+0000] {processor.py:183} INFO - Processing /opt/airflow/dags/main.py took 0.188 seconds
[2026-02-26T01:28:09.894+0000] {processor.py:161} INFO - Started process (PID=1453) to work on /opt/airflow/dags/main.py
[2026-02-26T01:28:09.895+0000] {processor.py:830} INFO - Processing file /opt/airflow/dags/main.py for tasks to queue
[2026-02-26T01:28:09.897+0000] {logging_mixin.py:188} INFO - [2026-02-26T01:28:09.896+0000] {dagbag.py:545} INFO - Filling up the DagBag from /opt/airflow/dags/main.py
[2026-02-26T01:28:10.006+0000] {processor.py:840} INFO - DAG(s) 'data_quality_check', 'update_db', 'produce_json' retrieved from /opt/airflow/dags/main.py
[2026-02-26T01:28:10.037+0000] {logging_mixin.py:188} INFO - [2026-02-26T01:28:10.037+0000] {dag.py:3096} INFO - Sync 3 DAGs
[2026-02-26T01:28:10.059+0000] {logging_mixin.py:188} INFO - [2026-02-26T01:28:10.059+0000] {dag.py:3954} INFO - Setting next_dagrun for data_quality_check to 2026-02-25 16:00:00+00:00, run_after=2026-02-26 16:00:00+00:00
[2026-02-26T01:28:10.064+0000] {logging_mixin.py:188} INFO - [2026-02-26T01:28:10.064+0000] {dag.py:3954} INFO - Setting next_dagrun for produce_json to 2026-02-25 14:00:00+00:00, run_after=2026-02-26 14:00:00+00:00
[2026-02-26T01:28:10.067+0000] {logging_mixin.py:188} INFO - [2026-02-26T01:28:10.067+0000] {dag.py:3954} INFO - Setting next_dagrun for update_db to 2026-02-25 15:00:00+00:00, run_after=2026-02-26 15:00:00+00:00
[2026-02-26T01:28:10.084+0000] {processor.py:183} INFO - Processing /opt/airflow/dags/main.py took 0.196 seconds
[2026-02-26T01:28:40.226+0000] {processor.py:161} INFO - Started process (PID=1461) to work on /opt/airflow/dags/main.py
[2026-02-26T01:28:40.227+0000] {processor.py:830} INFO - Processing file /opt/airflow/dags/main.py for tasks to queue
[2026-02-26T01:28:40.229+0000] {logging_mixin.py:188} INFO - [2026-02-26T01:28:40.229+0000] {dagbag.py:545} INFO - Filling up the DagBag from /opt/airflow/dags/main.py
[2026-02-26T01:28:40.345+0000] {processor.py:840} INFO - DAG(s) 'data_quality_check', 'update_db', 'produce_json' retrieved from /opt/airflow/dags/main.py
[2026-02-26T01:28:40.379+0000] {logging_mixin.py:188} INFO - [2026-02-26T01:28:40.379+0000] {dag.py:3096} INFO - Sync 3 DAGs
[2026-02-26T01:28:40.403+0000] {logging_mixin.py:188} INFO - [2026-02-26T01:28:40.403+0000] {dag.py:3954} INFO - Setting next_dagrun for data_quality_check to 2026-02-25 16:00:00+00:00, run_after=2026-02-26 16:00:00+00:00
[2026-02-26T01:28:40.408+0000] {logging_mixin.py:188} INFO - [2026-02-26T01:28:40.408+0000] {dag.py:3954} INFO - Setting next_dagrun for produce_json to 2026-02-25 14:00:00+00:00, run_after=2026-02-26 14:00:00+00:00
[2026-02-26T01:28:40.412+0000] {logging_mixin.py:188} INFO - [2026-02-26T01:28:40.411+0000] {dag.py:3954} INFO - Setting next_dagrun for update_db to 2026-02-25 15:00:00+00:00, run_after=2026-02-26 15:00:00+00:00
[2026-02-26T01:28:40.433+0000] {processor.py:183} INFO - Processing /opt/airflow/dags/main.py took 0.213 seconds
[2026-02-26T01:29:10.646+0000] {processor.py:161} INFO - Started process (PID=1468) to work on /opt/airflow/dags/main.py
[2026-02-26T01:29:10.650+0000] {processor.py:830} INFO - Processing file /opt/airflow/dags/main.py for tasks to queue
[2026-02-26T01:29:10.658+0000] {logging_mixin.py:188} INFO - [2026-02-26T01:29:10.658+0000] {dagbag.py:545} INFO - Filling up the DagBag from /opt/airflow/dags/main.py
[2026-02-26T01:29:10.815+0000] {processor.py:840} INFO - DAG(s) 'data_quality_check', 'produce_json', 'update_db' retrieved from /opt/airflow/dags/main.py
[2026-02-26T01:29:10.868+0000] {logging_mixin.py:188} INFO - [2026-02-26T01:29:10.867+0000] {dag.py:3096} INFO - Sync 3 DAGs
[2026-02-26T01:29:10.896+0000] {logging_mixin.py:188} INFO - [2026-02-26T01:29:10.896+0000] {dag.py:3954} INFO - Setting next_dagrun for data_quality_check to 2026-02-25 16:00:00+00:00, run_after=2026-02-26 16:00:00+00:00
[2026-02-26T01:29:10.902+0000] {logging_mixin.py:188} INFO - [2026-02-26T01:29:10.902+0000] {dag.py:3954} INFO - Setting next_dagrun for produce_json to 2026-02-25 14:00:00+00:00, run_after=2026-02-26 14:00:00+00:00
[2026-02-26T01:29:10.905+0000] {logging_mixin.py:188} INFO - [2026-02-26T01:29:10.905+0000] {dag.py:3954} INFO - Setting next_dagrun for update_db to 2026-02-25 15:00:00+00:00, run_after=2026-02-26 15:00:00+00:00
[2026-02-26T01:29:10.935+0000] {processor.py:183} INFO - Processing /opt/airflow/dags/main.py took 0.319 seconds
[2026-02-26T01:29:41.162+0000] {processor.py:161} INFO - Started process (PID=1476) to work on /opt/airflow/dags/main.py
[2026-02-26T01:29:41.163+0000] {processor.py:830} INFO - Processing file /opt/airflow/dags/main.py for tasks to queue
[2026-02-26T01:29:41.164+0000] {logging_mixin.py:188} INFO - [2026-02-26T01:29:41.164+0000] {dagbag.py:545} INFO - Filling up the DagBag from /opt/airflow/dags/main.py
[2026-02-26T01:29:41.257+0000] {processor.py:840} INFO - DAG(s) 'produce_json', 'update_db', 'data_quality_check' retrieved from /opt/airflow/dags/main.py
[2026-02-26T01:29:41.287+0000] {logging_mixin.py:188} INFO - [2026-02-26T01:29:41.287+0000] {dag.py:3096} INFO - Sync 3 DAGs
[2026-02-26T01:29:41.307+0000] {logging_mixin.py:188} INFO - [2026-02-26T01:29:41.306+0000] {dag.py:3954} INFO - Setting next_dagrun for data_quality_check to 2026-02-25 16:00:00+00:00, run_after=2026-02-26 16:00:00+00:00
[2026-02-26T01:29:41.312+0000] {logging_mixin.py:188} INFO - [2026-02-26T01:29:41.312+0000] {dag.py:3954} INFO - Setting next_dagrun for produce_json to 2026-02-25 14:00:00+00:00, run_after=2026-02-26 14:00:00+00:00
[2026-02-26T01:29:41.316+0000] {logging_mixin.py:188} INFO - [2026-02-26T01:29:41.315+0000] {dag.py:3954} INFO - Setting next_dagrun for update_db to 2026-02-25 15:00:00+00:00, run_after=2026-02-26 15:00:00+00:00
[2026-02-26T01:29:41.347+0000] {processor.py:183} INFO - Processing /opt/airflow/dags/main.py took 0.192 seconds
[2026-02-26T01:30:11.596+0000] {processor.py:161} INFO - Started process (PID=1484) to work on /opt/airflow/dags/main.py
[2026-02-26T01:30:11.597+0000] {processor.py:830} INFO - Processing file /opt/airflow/dags/main.py for tasks to queue
[2026-02-26T01:30:11.600+0000] {logging_mixin.py:188} INFO - [2026-02-26T01:30:11.600+0000] {dagbag.py:545} INFO - Filling up the DagBag from /opt/airflow/dags/main.py
[2026-02-26T01:30:11.721+0000] {processor.py:840} INFO - DAG(s) 'data_quality_check', 'produce_json', 'update_db' retrieved from /opt/airflow/dags/main.py
[2026-02-26T01:30:11.758+0000] {logging_mixin.py:188} INFO - [2026-02-26T01:30:11.758+0000] {dag.py:3096} INFO - Sync 3 DAGs
[2026-02-26T01:30:11.787+0000] {logging_mixin.py:188} INFO - [2026-02-26T01:30:11.787+0000] {dag.py:3954} INFO - Setting next_dagrun for data_quality_check to 2026-02-25 16:00:00+00:00, run_after=2026-02-26 16:00:00+00:00
[2026-02-26T01:30:11.800+0000] {logging_mixin.py:188} INFO - [2026-02-26T01:30:11.800+0000] {dag.py:3954} INFO - Setting next_dagrun for produce_json to 2026-02-25 14:00:00+00:00, run_after=2026-02-26 14:00:00+00:00
[2026-02-26T01:30:11.806+0000] {logging_mixin.py:188} INFO - [2026-02-26T01:30:11.806+0000] {dag.py:3954} INFO - Setting next_dagrun for update_db to 2026-02-25 15:00:00+00:00, run_after=2026-02-26 15:00:00+00:00
[2026-02-26T01:30:11.827+0000] {processor.py:183} INFO - Processing /opt/airflow/dags/main.py took 0.240 seconds
[2026-02-26T01:30:42.095+0000] {processor.py:161} INFO - Started process (PID=1492) to work on /opt/airflow/dags/main.py
[2026-02-26T01:30:42.096+0000] {processor.py:830} INFO - Processing file /opt/airflow/dags/main.py for tasks to queue
[2026-02-26T01:30:42.098+0000] {logging_mixin.py:188} INFO - [2026-02-26T01:30:42.098+0000] {dagbag.py:545} INFO - Filling up the DagBag from /opt/airflow/dags/main.py
[2026-02-26T01:30:42.194+0000] {processor.py:840} INFO - DAG(s) 'data_quality_check', 'produce_json', 'update_db' retrieved from /opt/airflow/dags/main.py
[2026-02-26T01:30:42.225+0000] {logging_mixin.py:188} INFO - [2026-02-26T01:30:42.224+0000] {dag.py:3096} INFO - Sync 3 DAGs
[2026-02-26T01:30:42.246+0000] {logging_mixin.py:188} INFO - [2026-02-26T01:30:42.245+0000] {dag.py:3954} INFO - Setting next_dagrun for data_quality_check to 2026-02-25 16:00:00+00:00, run_after=2026-02-26 16:00:00+00:00
[2026-02-26T01:30:42.251+0000] {logging_mixin.py:188} INFO - [2026-02-26T01:30:42.251+0000] {dag.py:3954} INFO - Setting next_dagrun for produce_json to 2026-02-25 14:00:00+00:00, run_after=2026-02-26 14:00:00+00:00
[2026-02-26T01:30:42.254+0000] {logging_mixin.py:188} INFO - [2026-02-26T01:30:42.253+0000] {dag.py:3954} INFO - Setting next_dagrun for update_db to 2026-02-25 15:00:00+00:00, run_after=2026-02-26 15:00:00+00:00
[2026-02-26T01:30:42.276+0000] {processor.py:183} INFO - Processing /opt/airflow/dags/main.py took 0.186 seconds
[2026-02-26T01:31:12.538+0000] {processor.py:161} INFO - Started process (PID=1500) to work on /opt/airflow/dags/main.py
[2026-02-26T01:31:12.539+0000] {processor.py:830} INFO - Processing file /opt/airflow/dags/main.py for tasks to queue
[2026-02-26T01:31:12.541+0000] {logging_mixin.py:188} INFO - [2026-02-26T01:31:12.541+0000] {dagbag.py:545} INFO - Filling up the DagBag from /opt/airflow/dags/main.py
[2026-02-26T01:31:12.638+0000] {processor.py:840} INFO - DAG(s) 'produce_json', 'data_quality_check', 'update_db' retrieved from /opt/airflow/dags/main.py
[2026-02-26T01:31:12.667+0000] {logging_mixin.py:188} INFO - [2026-02-26T01:31:12.667+0000] {dag.py:3096} INFO - Sync 3 DAGs
[2026-02-26T01:31:12.689+0000] {logging_mixin.py:188} INFO - [2026-02-26T01:31:12.689+0000] {dag.py:3954} INFO - Setting next_dagrun for data_quality_check to 2026-02-25 16:00:00+00:00, run_after=2026-02-26 16:00:00+00:00
[2026-02-26T01:31:12.694+0000] {logging_mixin.py:188} INFO - [2026-02-26T01:31:12.694+0000] {dag.py:3954} INFO - Setting next_dagrun for produce_json to 2026-02-25 14:00:00+00:00, run_after=2026-02-26 14:00:00+00:00
[2026-02-26T01:31:12.697+0000] {logging_mixin.py:188} INFO - [2026-02-26T01:31:12.697+0000] {dag.py:3954} INFO - Setting next_dagrun for update_db to 2026-02-25 15:00:00+00:00, run_after=2026-02-26 15:00:00+00:00
[2026-02-26T01:31:12.714+0000] {processor.py:183} INFO - Processing /opt/airflow/dags/main.py took 0.182 seconds
[2026-02-26T01:31:43.115+0000] {processor.py:161} INFO - Started process (PID=1508) to work on /opt/airflow/dags/main.py
[2026-02-26T01:31:43.116+0000] {processor.py:830} INFO - Processing file /opt/airflow/dags/main.py for tasks to queue
[2026-02-26T01:31:43.119+0000] {logging_mixin.py:188} INFO - [2026-02-26T01:31:43.119+0000] {dagbag.py:545} INFO - Filling up the DagBag from /opt/airflow/dags/main.py
[2026-02-26T01:31:43.219+0000] {processor.py:840} INFO - DAG(s) 'produce_json', 'data_quality_check', 'update_db' retrieved from /opt/airflow/dags/main.py
[2026-02-26T01:31:43.251+0000] {logging_mixin.py:188} INFO - [2026-02-26T01:31:43.251+0000] {dag.py:3096} INFO - Sync 3 DAGs
[2026-02-26T01:31:43.271+0000] {logging_mixin.py:188} INFO - [2026-02-26T01:31:43.271+0000] {dag.py:3954} INFO - Setting next_dagrun for data_quality_check to 2026-02-25 16:00:00+00:00, run_after=2026-02-26 16:00:00+00:00
[2026-02-26T01:31:43.276+0000] {logging_mixin.py:188} INFO - [2026-02-26T01:31:43.276+0000] {dag.py:3954} INFO - Setting next_dagrun for produce_json to 2026-02-25 14:00:00+00:00, run_after=2026-02-26 14:00:00+00:00
[2026-02-26T01:31:43.279+0000] {logging_mixin.py:188} INFO - [2026-02-26T01:31:43.279+0000] {dag.py:3954} INFO - Setting next_dagrun for update_db to 2026-02-25 15:00:00+00:00, run_after=2026-02-26 15:00:00+00:00
[2026-02-26T01:31:43.297+0000] {processor.py:183} INFO - Processing /opt/airflow/dags/main.py took 0.187 seconds
[2026-02-26T01:32:13.583+0000] {processor.py:161} INFO - Started process (PID=1516) to work on /opt/airflow/dags/main.py
[2026-02-26T01:32:13.584+0000] {processor.py:830} INFO - Processing file /opt/airflow/dags/main.py for tasks to queue
[2026-02-26T01:32:13.586+0000] {logging_mixin.py:188} INFO - [2026-02-26T01:32:13.586+0000] {dagbag.py:545} INFO - Filling up the DagBag from /opt/airflow/dags/main.py
[2026-02-26T01:32:13.685+0000] {processor.py:840} INFO - DAG(s) 'update_db', 'data_quality_check', 'produce_json' retrieved from /opt/airflow/dags/main.py
[2026-02-26T01:32:13.716+0000] {logging_mixin.py:188} INFO - [2026-02-26T01:32:13.716+0000] {dag.py:3096} INFO - Sync 3 DAGs
[2026-02-26T01:32:13.737+0000] {logging_mixin.py:188} INFO - [2026-02-26T01:32:13.737+0000] {dag.py:3954} INFO - Setting next_dagrun for data_quality_check to 2026-02-25 16:00:00+00:00, run_after=2026-02-26 16:00:00+00:00
[2026-02-26T01:32:13.742+0000] {logging_mixin.py:188} INFO - [2026-02-26T01:32:13.742+0000] {dag.py:3954} INFO - Setting next_dagrun for produce_json to 2026-02-25 14:00:00+00:00, run_after=2026-02-26 14:00:00+00:00
[2026-02-26T01:32:13.745+0000] {logging_mixin.py:188} INFO - [2026-02-26T01:32:13.745+0000] {dag.py:3954} INFO - Setting next_dagrun for update_db to 2026-02-25 15:00:00+00:00, run_after=2026-02-26 15:00:00+00:00
[2026-02-26T01:32:13.764+0000] {processor.py:183} INFO - Processing /opt/airflow/dags/main.py took 0.186 seconds
[2026-02-26T01:38:55.155+0000] {processor.py:161} INFO - Started process (PID=1524) to work on /opt/airflow/dags/main.py
[2026-02-26T01:38:55.157+0000] {processor.py:830} INFO - Processing file /opt/airflow/dags/main.py for tasks to queue
[2026-02-26T01:38:55.160+0000] {logging_mixin.py:188} INFO - [2026-02-26T01:38:55.160+0000] {dagbag.py:545} INFO - Filling up the DagBag from /opt/airflow/dags/main.py
[2026-02-26T01:38:55.303+0000] {processor.py:840} INFO - DAG(s) 'produce_json', 'update_db', 'data_quality_check' retrieved from /opt/airflow/dags/main.py
[2026-02-26T01:38:55.350+0000] {logging_mixin.py:188} INFO - [2026-02-26T01:38:55.350+0000] {dag.py:3096} INFO - Sync 3 DAGs
[2026-02-26T01:38:55.384+0000] {logging_mixin.py:188} INFO - [2026-02-26T01:38:55.384+0000] {dag.py:3954} INFO - Setting next_dagrun for data_quality_check to 2026-02-25 16:00:00+00:00, run_after=2026-02-26 16:00:00+00:00
[2026-02-26T01:38:55.398+0000] {logging_mixin.py:188} INFO - [2026-02-26T01:38:55.398+0000] {dag.py:3954} INFO - Setting next_dagrun for produce_json to 2026-02-25 14:00:00+00:00, run_after=2026-02-26 14:00:00+00:00
[2026-02-26T01:38:55.403+0000] {logging_mixin.py:188} INFO - [2026-02-26T01:38:55.403+0000] {dag.py:3954} INFO - Setting next_dagrun for update_db to 2026-02-25 15:00:00+00:00, run_after=2026-02-26 15:00:00+00:00
[2026-02-26T01:38:55.433+0000] {processor.py:183} INFO - Processing /opt/airflow/dags/main.py took 0.293 seconds
[2026-02-26T01:39:25.583+0000] {processor.py:161} INFO - Started process (PID=1532) to work on /opt/airflow/dags/main.py
[2026-02-26T01:39:25.584+0000] {processor.py:830} INFO - Processing file /opt/airflow/dags/main.py for tasks to queue
[2026-02-26T01:39:25.587+0000] {logging_mixin.py:188} INFO - [2026-02-26T01:39:25.587+0000] {dagbag.py:545} INFO - Filling up the DagBag from /opt/airflow/dags/main.py
[2026-02-26T01:39:25.723+0000] {processor.py:840} INFO - DAG(s) 'data_quality_check', 'update_db', 'produce_json' retrieved from /opt/airflow/dags/main.py
[2026-02-26T01:39:25.757+0000] {logging_mixin.py:188} INFO - [2026-02-26T01:39:25.757+0000] {dag.py:3096} INFO - Sync 3 DAGs
[2026-02-26T01:39:25.788+0000] {logging_mixin.py:188} INFO - [2026-02-26T01:39:25.788+0000] {dag.py:3954} INFO - Setting next_dagrun for data_quality_check to 2026-02-25 16:00:00+00:00, run_after=2026-02-26 16:00:00+00:00
[2026-02-26T01:39:25.794+0000] {logging_mixin.py:188} INFO - [2026-02-26T01:39:25.794+0000] {dag.py:3954} INFO - Setting next_dagrun for produce_json to 2026-02-25 14:00:00+00:00, run_after=2026-02-26 14:00:00+00:00
[2026-02-26T01:39:25.799+0000] {logging_mixin.py:188} INFO - [2026-02-26T01:39:25.798+0000] {dag.py:3954} INFO - Setting next_dagrun for update_db to 2026-02-25 15:00:00+00:00, run_after=2026-02-26 15:00:00+00:00
[2026-02-26T01:39:25.822+0000] {processor.py:183} INFO - Processing /opt/airflow/dags/main.py took 0.250 seconds
[2026-02-26T01:39:55.995+0000] {processor.py:161} INFO - Started process (PID=1540) to work on /opt/airflow/dags/main.py
[2026-02-26T01:39:55.996+0000] {processor.py:830} INFO - Processing file /opt/airflow/dags/main.py for tasks to queue
[2026-02-26T01:39:55.998+0000] {logging_mixin.py:188} INFO - [2026-02-26T01:39:55.997+0000] {dagbag.py:545} INFO - Filling up the DagBag from /opt/airflow/dags/main.py
[2026-02-26T01:39:56.107+0000] {processor.py:840} INFO - DAG(s) 'produce_json', 'data_quality_check', 'update_db' retrieved from /opt/airflow/dags/main.py
[2026-02-26T01:39:56.138+0000] {logging_mixin.py:188} INFO - [2026-02-26T01:39:56.138+0000] {dag.py:3096} INFO - Sync 3 DAGs
[2026-02-26T01:39:56.161+0000] {logging_mixin.py:188} INFO - [2026-02-26T01:39:56.160+0000] {dag.py:3954} INFO - Setting next_dagrun for data_quality_check to 2026-02-25 16:00:00+00:00, run_after=2026-02-26 16:00:00+00:00
[2026-02-26T01:39:56.165+0000] {logging_mixin.py:188} INFO - [2026-02-26T01:39:56.165+0000] {dag.py:3954} INFO - Setting next_dagrun for produce_json to 2026-02-25 14:00:00+00:00, run_after=2026-02-26 14:00:00+00:00
[2026-02-26T01:39:56.168+0000] {logging_mixin.py:188} INFO - [2026-02-26T01:39:56.168+0000] {dag.py:3954} INFO - Setting next_dagrun for update_db to 2026-02-25 15:00:00+00:00, run_after=2026-02-26 15:00:00+00:00
[2026-02-26T01:39:56.185+0000] {processor.py:183} INFO - Processing /opt/airflow/dags/main.py took 0.197 seconds
[2026-02-26T01:40:26.395+0000] {processor.py:161} INFO - Started process (PID=1548) to work on /opt/airflow/dags/main.py
[2026-02-26T01:40:26.397+0000] {processor.py:830} INFO - Processing file /opt/airflow/dags/main.py for tasks to queue
[2026-02-26T01:40:26.399+0000] {logging_mixin.py:188} INFO - [2026-02-26T01:40:26.399+0000] {dagbag.py:545} INFO - Filling up the DagBag from /opt/airflow/dags/main.py
[2026-02-26T01:40:26.520+0000] {processor.py:840} INFO - DAG(s) 'data_quality_check', 'produce_json', 'update_db' retrieved from /opt/airflow/dags/main.py
[2026-02-26T01:40:26.557+0000] {logging_mixin.py:188} INFO - [2026-02-26T01:40:26.556+0000] {dag.py:3096} INFO - Sync 3 DAGs
[2026-02-26T01:40:26.583+0000] {logging_mixin.py:188} INFO - [2026-02-26T01:40:26.582+0000] {dag.py:3954} INFO - Setting next_dagrun for data_quality_check to 2026-02-25 16:00:00+00:00, run_after=2026-02-26 16:00:00+00:00
[2026-02-26T01:40:26.588+0000] {logging_mixin.py:188} INFO - [2026-02-26T01:40:26.588+0000] {dag.py:3954} INFO - Setting next_dagrun for produce_json to 2026-02-25 14:00:00+00:00, run_after=2026-02-26 14:00:00+00:00
[2026-02-26T01:40:26.592+0000] {logging_mixin.py:188} INFO - [2026-02-26T01:40:26.591+0000] {dag.py:3954} INFO - Setting next_dagrun for update_db to 2026-02-25 15:00:00+00:00, run_after=2026-02-26 15:00:00+00:00
[2026-02-26T01:40:26.610+0000] {processor.py:183} INFO - Processing /opt/airflow/dags/main.py took 0.223 seconds
[2026-02-26T01:40:56.850+0000] {processor.py:161} INFO - Started process (PID=1556) to work on /opt/airflow/dags/main.py
[2026-02-26T01:40:56.851+0000] {processor.py:830} INFO - Processing file /opt/airflow/dags/main.py for tasks to queue
[2026-02-26T01:40:56.854+0000] {logging_mixin.py:188} INFO - [2026-02-26T01:40:56.854+0000] {dagbag.py:545} INFO - Filling up the DagBag from /opt/airflow/dags/main.py
[2026-02-26T01:40:56.953+0000] {processor.py:840} INFO - DAG(s) 'produce_json', 'data_quality_check', 'update_db' retrieved from /opt/airflow/dags/main.py
[2026-02-26T01:40:56.983+0000] {logging_mixin.py:188} INFO - [2026-02-26T01:40:56.983+0000] {dag.py:3096} INFO - Sync 3 DAGs
[2026-02-26T01:40:57.003+0000] {logging_mixin.py:188} INFO - [2026-02-26T01:40:57.002+0000] {dag.py:3954} INFO - Setting next_dagrun for data_quality_check to 2026-02-25 16:00:00+00:00, run_after=2026-02-26 16:00:00+00:00
[2026-02-26T01:40:57.007+0000] {logging_mixin.py:188} INFO - [2026-02-26T01:40:57.007+0000] {dag.py:3954} INFO - Setting next_dagrun for produce_json to 2026-02-25 14:00:00+00:00, run_after=2026-02-26 14:00:00+00:00
[2026-02-26T01:40:57.010+0000] {logging_mixin.py:188} INFO - [2026-02-26T01:40:57.010+0000] {dag.py:3954} INFO - Setting next_dagrun for update_db to 2026-02-25 15:00:00+00:00, run_after=2026-02-26 15:00:00+00:00
[2026-02-26T01:40:57.029+0000] {processor.py:183} INFO - Processing /opt/airflow/dags/main.py took 0.185 seconds
[2026-02-26T01:41:27.277+0000] {processor.py:161} INFO - Started process (PID=1564) to work on /opt/airflow/dags/main.py
[2026-02-26T01:41:27.278+0000] {processor.py:830} INFO - Processing file /opt/airflow/dags/main.py for tasks to queue
[2026-02-26T01:41:27.281+0000] {logging_mixin.py:188} INFO - [2026-02-26T01:41:27.281+0000] {dagbag.py:545} INFO - Filling up the DagBag from /opt/airflow/dags/main.py
[2026-02-26T01:41:27.389+0000] {processor.py:840} INFO - DAG(s) 'update_db', 'data_quality_check', 'produce_json' retrieved from /opt/airflow/dags/main.py
[2026-02-26T01:41:27.418+0000] {logging_mixin.py:188} INFO - [2026-02-26T01:41:27.418+0000] {dag.py:3096} INFO - Sync 3 DAGs
[2026-02-26T01:41:27.437+0000] {logging_mixin.py:188} INFO - [2026-02-26T01:41:27.437+0000] {dag.py:3954} INFO - Setting next_dagrun for data_quality_check to 2026-02-25 16:00:00+00:00, run_after=2026-02-26 16:00:00+00:00
[2026-02-26T01:41:27.442+0000] {logging_mixin.py:188} INFO - [2026-02-26T01:41:27.442+0000] {dag.py:3954} INFO - Setting next_dagrun for produce_json to 2026-02-25 14:00:00+00:00, run_after=2026-02-26 14:00:00+00:00
[2026-02-26T01:41:27.445+0000] {logging_mixin.py:188} INFO - [2026-02-26T01:41:27.445+0000] {dag.py:3954} INFO - Setting next_dagrun for update_db to 2026-02-25 15:00:00+00:00, run_after=2026-02-26 15:00:00+00:00
[2026-02-26T01:41:27.463+0000] {processor.py:183} INFO - Processing /opt/airflow/dags/main.py took 0.194 seconds
[2026-02-26T01:41:57.745+0000] {processor.py:161} INFO - Started process (PID=1572) to work on /opt/airflow/dags/main.py
[2026-02-26T01:41:57.746+0000] {processor.py:830} INFO - Processing file /opt/airflow/dags/main.py for tasks to queue
[2026-02-26T01:41:57.748+0000] {logging_mixin.py:188} INFO - [2026-02-26T01:41:57.748+0000] {dagbag.py:545} INFO - Filling up the DagBag from /opt/airflow/dags/main.py
[2026-02-26T01:41:57.859+0000] {processor.py:840} INFO - DAG(s) 'update_db', 'produce_json', 'data_quality_check' retrieved from /opt/airflow/dags/main.py
[2026-02-26T01:41:57.890+0000] {logging_mixin.py:188} INFO - [2026-02-26T01:41:57.890+0000] {dag.py:3096} INFO - Sync 3 DAGs
[2026-02-26T01:41:57.911+0000] {logging_mixin.py:188} INFO - [2026-02-26T01:41:57.910+0000] {dag.py:3954} INFO - Setting next_dagrun for data_quality_check to 2026-02-25 16:00:00+00:00, run_after=2026-02-26 16:00:00+00:00
[2026-02-26T01:41:57.915+0000] {logging_mixin.py:188} INFO - [2026-02-26T01:41:57.915+0000] {dag.py:3954} INFO - Setting next_dagrun for produce_json to 2026-02-25 14:00:00+00:00, run_after=2026-02-26 14:00:00+00:00
[2026-02-26T01:41:57.919+0000] {logging_mixin.py:188} INFO - [2026-02-26T01:41:57.918+0000] {dag.py:3954} INFO - Setting next_dagrun for update_db to 2026-02-25 15:00:00+00:00, run_after=2026-02-26 15:00:00+00:00
[2026-02-26T01:41:57.938+0000] {processor.py:183} INFO - Processing /opt/airflow/dags/main.py took 0.198 seconds
[2026-02-26T11:15:11.728+0000] {processor.py:161} INFO - Started process (PID=1580) to work on /opt/airflow/dags/main.py
[2026-02-26T11:15:11.750+0000] {processor.py:830} INFO - Processing file /opt/airflow/dags/main.py for tasks to queue
[2026-02-26T11:15:11.756+0000] {logging_mixin.py:188} INFO - [2026-02-26T11:15:11.755+0000] {dagbag.py:545} INFO - Filling up the DagBag from /opt/airflow/dags/main.py
[2026-02-26T11:15:12.305+0000] {processor.py:840} INFO - DAG(s) 'update_db', 'produce_json', 'data_quality_check' retrieved from /opt/airflow/dags/main.py
[2026-02-26T11:15:12.441+0000] {logging_mixin.py:188} INFO - [2026-02-26T11:15:12.433+0000] {dag.py:3096} INFO - Sync 3 DAGs
[2026-02-26T11:15:12.530+0000] {logging_mixin.py:188} INFO - [2026-02-26T11:15:12.530+0000] {dag.py:3954} INFO - Setting next_dagrun for data_quality_check to 2026-02-25 16:00:00+00:00, run_after=2026-02-26 16:00:00+00:00
[2026-02-26T11:15:12.547+0000] {logging_mixin.py:188} INFO - [2026-02-26T11:15:12.546+0000] {dag.py:3954} INFO - Setting next_dagrun for produce_json to 2026-02-25 14:00:00+00:00, run_after=2026-02-26 14:00:00+00:00
[2026-02-26T11:15:12.560+0000] {logging_mixin.py:188} INFO - [2026-02-26T11:15:12.560+0000] {dag.py:3954} INFO - Setting next_dagrun for update_db to 2026-02-25 15:00:00+00:00, run_after=2026-02-26 15:00:00+00:00
[2026-02-26T11:15:12.642+0000] {processor.py:183} INFO - Processing /opt/airflow/dags/main.py took 0.930 seconds
[2026-02-26T11:15:42.801+0000] {processor.py:161} INFO - Started process (PID=1589) to work on /opt/airflow/dags/main.py
[2026-02-26T11:15:42.802+0000] {processor.py:830} INFO - Processing file /opt/airflow/dags/main.py for tasks to queue
[2026-02-26T11:15:42.804+0000] {logging_mixin.py:188} INFO - [2026-02-26T11:15:42.804+0000] {dagbag.py:545} INFO - Filling up the DagBag from /opt/airflow/dags/main.py
[2026-02-26T11:15:42.893+0000] {processor.py:840} INFO - DAG(s) 'update_db', 'data_quality_check', 'produce_json' retrieved from /opt/airflow/dags/main.py
[2026-02-26T11:15:42.923+0000] {logging_mixin.py:188} INFO - [2026-02-26T11:15:42.923+0000] {dag.py:3096} INFO - Sync 3 DAGs
[2026-02-26T11:15:42.944+0000] {logging_mixin.py:188} INFO - [2026-02-26T11:15:42.944+0000] {dag.py:3954} INFO - Setting next_dagrun for data_quality_check to 2026-02-25 16:00:00+00:00, run_after=2026-02-26 16:00:00+00:00
[2026-02-26T11:15:42.949+0000] {logging_mixin.py:188} INFO - [2026-02-26T11:15:42.949+0000] {dag.py:3954} INFO - Setting next_dagrun for produce_json to 2026-02-25 14:00:00+00:00, run_after=2026-02-26 14:00:00+00:00
[2026-02-26T11:15:42.952+0000] {logging_mixin.py:188} INFO - [2026-02-26T11:15:42.952+0000] {dag.py:3954} INFO - Setting next_dagrun for update_db to 2026-02-25 15:00:00+00:00, run_after=2026-02-26 15:00:00+00:00
[2026-02-26T11:15:42.972+0000] {processor.py:183} INFO - Processing /opt/airflow/dags/main.py took 0.178 seconds
[2026-02-26T11:16:13.859+0000] {processor.py:161} INFO - Started process (PID=1597) to work on /opt/airflow/dags/main.py
[2026-02-26T11:16:13.861+0000] {processor.py:830} INFO - Processing file /opt/airflow/dags/main.py for tasks to queue
[2026-02-26T11:16:13.862+0000] {logging_mixin.py:188} INFO - [2026-02-26T11:16:13.862+0000] {dagbag.py:545} INFO - Filling up the DagBag from /opt/airflow/dags/main.py
[2026-02-26T11:16:13.954+0000] {processor.py:840} INFO - DAG(s) 'data_quality_check', 'update_db', 'produce_json' retrieved from /opt/airflow/dags/main.py
[2026-02-26T11:16:13.985+0000] {logging_mixin.py:188} INFO - [2026-02-26T11:16:13.985+0000] {dag.py:3096} INFO - Sync 3 DAGs
[2026-02-26T11:16:14.006+0000] {logging_mixin.py:188} INFO - [2026-02-26T11:16:14.006+0000] {dag.py:3954} INFO - Setting next_dagrun for data_quality_check to 2026-02-25 16:00:00+00:00, run_after=2026-02-26 16:00:00+00:00
[2026-02-26T11:16:14.011+0000] {logging_mixin.py:188} INFO - [2026-02-26T11:16:14.011+0000] {dag.py:3954} INFO - Setting next_dagrun for produce_json to 2026-02-25 14:00:00+00:00, run_after=2026-02-26 14:00:00+00:00
[2026-02-26T11:16:14.014+0000] {logging_mixin.py:188} INFO - [2026-02-26T11:16:14.014+0000] {dag.py:3954} INFO - Setting next_dagrun for update_db to 2026-02-25 15:00:00+00:00, run_after=2026-02-26 15:00:00+00:00
[2026-02-26T11:16:14.035+0000] {processor.py:183} INFO - Processing /opt/airflow/dags/main.py took 0.182 seconds
[2026-02-26T11:16:44.365+0000] {processor.py:161} INFO - Started process (PID=1605) to work on /opt/airflow/dags/main.py
[2026-02-26T11:16:44.365+0000] {processor.py:830} INFO - Processing file /opt/airflow/dags/main.py for tasks to queue
[2026-02-26T11:16:44.367+0000] {logging_mixin.py:188} INFO - [2026-02-26T11:16:44.367+0000] {dagbag.py:545} INFO - Filling up the DagBag from /opt/airflow/dags/main.py
[2026-02-26T11:16:44.459+0000] {processor.py:840} INFO - DAG(s) 'data_quality_check', 'update_db', 'produce_json' retrieved from /opt/airflow/dags/main.py
[2026-02-26T11:16:44.489+0000] {logging_mixin.py:188} INFO - [2026-02-26T11:16:44.489+0000] {dag.py:3096} INFO - Sync 3 DAGs
[2026-02-26T11:16:44.509+0000] {logging_mixin.py:188} INFO - [2026-02-26T11:16:44.509+0000] {dag.py:3954} INFO - Setting next_dagrun for data_quality_check to 2026-02-25 16:00:00+00:00, run_after=2026-02-26 16:00:00+00:00
[2026-02-26T11:16:44.514+0000] {logging_mixin.py:188} INFO - [2026-02-26T11:16:44.514+0000] {dag.py:3954} INFO - Setting next_dagrun for produce_json to 2026-02-25 14:00:00+00:00, run_after=2026-02-26 14:00:00+00:00
[2026-02-26T11:16:44.517+0000] {logging_mixin.py:188} INFO - [2026-02-26T11:16:44.517+0000] {dag.py:3954} INFO - Setting next_dagrun for update_db to 2026-02-25 15:00:00+00:00, run_after=2026-02-26 15:00:00+00:00
[2026-02-26T11:16:44.536+0000] {processor.py:183} INFO - Processing /opt/airflow/dags/main.py took 0.177 seconds
[2026-02-26T11:17:16.400+0000] {processor.py:161} INFO - Started process (PID=1612) to work on /opt/airflow/dags/main.py
[2026-02-26T11:17:16.405+0000] {processor.py:830} INFO - Processing file /opt/airflow/dags/main.py for tasks to queue
[2026-02-26T11:17:16.419+0000] {logging_mixin.py:188} INFO - [2026-02-26T11:17:16.417+0000] {dagbag.py:545} INFO - Filling up the DagBag from /opt/airflow/dags/main.py
[2026-02-26T11:17:16.767+0000] {processor.py:840} INFO - DAG(s) 'data_quality_check', 'produce_json', 'update_db' retrieved from /opt/airflow/dags/main.py
[2026-02-26T11:17:16.828+0000] {logging_mixin.py:188} INFO - [2026-02-26T11:17:16.828+0000] {dag.py:3096} INFO - Sync 3 DAGs
[2026-02-26T11:17:16.873+0000] {logging_mixin.py:188} INFO - [2026-02-26T11:17:16.872+0000] {dag.py:3954} INFO - Setting next_dagrun for data_quality_check to 2026-02-25 16:00:00+00:00, run_after=2026-02-26 16:00:00+00:00
[2026-02-26T11:17:16.883+0000] {logging_mixin.py:188} INFO - [2026-02-26T11:17:16.882+0000] {dag.py:3954} INFO - Setting next_dagrun for produce_json to 2026-02-25 14:00:00+00:00, run_after=2026-02-26 14:00:00+00:00
[2026-02-26T11:17:16.892+0000] {logging_mixin.py:188} INFO - [2026-02-26T11:17:16.891+0000] {dag.py:3954} INFO - Setting next_dagrun for update_db to 2026-02-25 15:00:00+00:00, run_after=2026-02-26 15:00:00+00:00
[2026-02-26T11:17:16.946+0000] {processor.py:183} INFO - Processing /opt/airflow/dags/main.py took 0.569 seconds
[2026-02-26T11:20:03.453+0000] {processor.py:161} INFO - Started process (PID=1614) to work on /opt/airflow/dags/main.py
[2026-02-26T11:20:03.459+0000] {processor.py:830} INFO - Processing file /opt/airflow/dags/main.py for tasks to queue
[2026-02-26T11:20:03.469+0000] {logging_mixin.py:188} INFO - [2026-02-26T11:20:03.467+0000] {dagbag.py:545} INFO - Filling up the DagBag from /opt/airflow/dags/main.py
[2026-02-26T11:20:03.820+0000] {processor.py:840} INFO - DAG(s) 'update_db', 'data_quality_check', 'produce_json' retrieved from /opt/airflow/dags/main.py
[2026-02-26T11:20:03.910+0000] {logging_mixin.py:188} INFO - [2026-02-26T11:20:03.910+0000] {dag.py:3096} INFO - Sync 3 DAGs
[2026-02-26T11:20:04.011+0000] {logging_mixin.py:188} INFO - [2026-02-26T11:20:04.010+0000] {dag.py:3954} INFO - Setting next_dagrun for data_quality_check to 2026-02-25 16:00:00+00:00, run_after=2026-02-26 16:00:00+00:00
[2026-02-26T11:20:04.027+0000] {logging_mixin.py:188} INFO - [2026-02-26T11:20:04.027+0000] {dag.py:3954} INFO - Setting next_dagrun for produce_json to 2026-02-25 14:00:00+00:00, run_after=2026-02-26 14:00:00+00:00
[2026-02-26T11:20:04.046+0000] {logging_mixin.py:188} INFO - [2026-02-26T11:20:04.045+0000] {dag.py:3954} INFO - Setting next_dagrun for update_db to 2026-02-25 15:00:00+00:00, run_after=2026-02-26 15:00:00+00:00
[2026-02-26T11:20:04.104+0000] {processor.py:183} INFO - Processing /opt/airflow/dags/main.py took 0.677 seconds
[2026-02-26T11:20:34.242+0000] {processor.py:161} INFO - Started process (PID=1622) to work on /opt/airflow/dags/main.py
[2026-02-26T11:20:34.243+0000] {processor.py:830} INFO - Processing file /opt/airflow/dags/main.py for tasks to queue
[2026-02-26T11:20:34.246+0000] {logging_mixin.py:188} INFO - [2026-02-26T11:20:34.246+0000] {dagbag.py:545} INFO - Filling up the DagBag from /opt/airflow/dags/main.py
[2026-02-26T11:20:34.363+0000] {processor.py:840} INFO - DAG(s) 'data_quality_check', 'update_db', 'produce_json' retrieved from /opt/airflow/dags/main.py
[2026-02-26T11:20:34.395+0000] {logging_mixin.py:188} INFO - [2026-02-26T11:20:34.394+0000] {dag.py:3096} INFO - Sync 3 DAGs
[2026-02-26T11:20:34.415+0000] {logging_mixin.py:188} INFO - [2026-02-26T11:20:34.415+0000] {dag.py:3954} INFO - Setting next_dagrun for data_quality_check to 2026-02-25 16:00:00+00:00, run_after=2026-02-26 16:00:00+00:00
[2026-02-26T11:20:34.421+0000] {logging_mixin.py:188} INFO - [2026-02-26T11:20:34.421+0000] {dag.py:3954} INFO - Setting next_dagrun for produce_json to 2026-02-25 14:00:00+00:00, run_after=2026-02-26 14:00:00+00:00
[2026-02-26T11:20:34.424+0000] {logging_mixin.py:188} INFO - [2026-02-26T11:20:34.424+0000] {dag.py:3954} INFO - Setting next_dagrun for update_db to 2026-02-25 15:00:00+00:00, run_after=2026-02-26 15:00:00+00:00
[2026-02-26T11:20:34.446+0000] {processor.py:183} INFO - Processing /opt/airflow/dags/main.py took 0.211 seconds
[2026-02-26T11:21:04.640+0000] {processor.py:161} INFO - Started process (PID=1630) to work on /opt/airflow/dags/main.py
[2026-02-26T11:21:04.642+0000] {processor.py:830} INFO - Processing file /opt/airflow/dags/main.py for tasks to queue
[2026-02-26T11:21:04.645+0000] {logging_mixin.py:188} INFO - [2026-02-26T11:21:04.644+0000] {dagbag.py:545} INFO - Filling up the DagBag from /opt/airflow/dags/main.py
[2026-02-26T11:21:04.767+0000] {processor.py:840} INFO - DAG(s) 'produce_json', 'update_db', 'data_quality_check' retrieved from /opt/airflow/dags/main.py
[2026-02-26T11:21:04.799+0000] {logging_mixin.py:188} INFO - [2026-02-26T11:21:04.799+0000] {dag.py:3096} INFO - Sync 3 DAGs
[2026-02-26T11:21:04.819+0000] {logging_mixin.py:188} INFO - [2026-02-26T11:21:04.819+0000] {dag.py:3954} INFO - Setting next_dagrun for data_quality_check to 2026-02-25 16:00:00+00:00, run_after=2026-02-26 16:00:00+00:00
[2026-02-26T11:21:04.824+0000] {logging_mixin.py:188} INFO - [2026-02-26T11:21:04.824+0000] {dag.py:3954} INFO - Setting next_dagrun for produce_json to 2026-02-25 14:00:00+00:00, run_after=2026-02-26 14:00:00+00:00
[2026-02-26T11:21:04.827+0000] {logging_mixin.py:188} INFO - [2026-02-26T11:21:04.827+0000] {dag.py:3954} INFO - Setting next_dagrun for update_db to 2026-02-25 15:00:00+00:00, run_after=2026-02-26 15:00:00+00:00
[2026-02-26T11:21:04.846+0000] {processor.py:183} INFO - Processing /opt/airflow/dags/main.py took 0.212 seconds
[2026-02-26T11:21:35.128+0000] {processor.py:161} INFO - Started process (PID=1638) to work on /opt/airflow/dags/main.py
[2026-02-26T11:21:35.129+0000] {processor.py:830} INFO - Processing file /opt/airflow/dags/main.py for tasks to queue
[2026-02-26T11:21:35.131+0000] {logging_mixin.py:188} INFO - [2026-02-26T11:21:35.130+0000] {dagbag.py:545} INFO - Filling up the DagBag from /opt/airflow/dags/main.py
[2026-02-26T11:21:35.230+0000] {processor.py:840} INFO - DAG(s) 'produce_json', 'update_db', 'data_quality_check' retrieved from /opt/airflow/dags/main.py
[2026-02-26T11:21:35.261+0000] {logging_mixin.py:188} INFO - [2026-02-26T11:21:35.261+0000] {dag.py:3096} INFO - Sync 3 DAGs
[2026-02-26T11:21:35.282+0000] {logging_mixin.py:188} INFO - [2026-02-26T11:21:35.282+0000] {dag.py:3954} INFO - Setting next_dagrun for data_quality_check to 2026-02-25 16:00:00+00:00, run_after=2026-02-26 16:00:00+00:00
[2026-02-26T11:21:35.287+0000] {logging_mixin.py:188} INFO - [2026-02-26T11:21:35.287+0000] {dag.py:3954} INFO - Setting next_dagrun for produce_json to 2026-02-25 14:00:00+00:00, run_after=2026-02-26 14:00:00+00:00
[2026-02-26T11:21:35.290+0000] {logging_mixin.py:188} INFO - [2026-02-26T11:21:35.290+0000] {dag.py:3954} INFO - Setting next_dagrun for update_db to 2026-02-25 15:00:00+00:00, run_after=2026-02-26 15:00:00+00:00
[2026-02-26T11:21:35.308+0000] {processor.py:183} INFO - Processing /opt/airflow/dags/main.py took 0.187 seconds
[2026-02-26T11:22:05.550+0000] {processor.py:161} INFO - Started process (PID=1646) to work on /opt/airflow/dags/main.py
[2026-02-26T11:22:05.551+0000] {processor.py:830} INFO - Processing file /opt/airflow/dags/main.py for tasks to queue
[2026-02-26T11:22:05.553+0000] {logging_mixin.py:188} INFO - [2026-02-26T11:22:05.552+0000] {dagbag.py:545} INFO - Filling up the DagBag from /opt/airflow/dags/main.py
[2026-02-26T11:22:05.651+0000] {processor.py:840} INFO - DAG(s) 'data_quality_check', 'update_db', 'produce_json' retrieved from /opt/airflow/dags/main.py
[2026-02-26T11:22:05.681+0000] {logging_mixin.py:188} INFO - [2026-02-26T11:22:05.681+0000] {dag.py:3096} INFO - Sync 3 DAGs
[2026-02-26T11:22:05.701+0000] {logging_mixin.py:188} INFO - [2026-02-26T11:22:05.701+0000] {dag.py:3954} INFO - Setting next_dagrun for data_quality_check to 2026-02-25 16:00:00+00:00, run_after=2026-02-26 16:00:00+00:00
[2026-02-26T11:22:05.706+0000] {logging_mixin.py:188} INFO - [2026-02-26T11:22:05.706+0000] {dag.py:3954} INFO - Setting next_dagrun for produce_json to 2026-02-25 14:00:00+00:00, run_after=2026-02-26 14:00:00+00:00
[2026-02-26T11:22:05.709+0000] {logging_mixin.py:188} INFO - [2026-02-26T11:22:05.709+0000] {dag.py:3954} INFO - Setting next_dagrun for update_db to 2026-02-25 15:00:00+00:00, run_after=2026-02-26 15:00:00+00:00
[2026-02-26T11:22:05.728+0000] {processor.py:183} INFO - Processing /opt/airflow/dags/main.py took 0.184 seconds
[2026-02-26T11:22:36.026+0000] {processor.py:161} INFO - Started process (PID=1654) to work on /opt/airflow/dags/main.py
[2026-02-26T11:22:36.027+0000] {processor.py:830} INFO - Processing file /opt/airflow/dags/main.py for tasks to queue
[2026-02-26T11:22:36.029+0000] {logging_mixin.py:188} INFO - [2026-02-26T11:22:36.029+0000] {dagbag.py:545} INFO - Filling up the DagBag from /opt/airflow/dags/main.py
[2026-02-26T11:22:36.122+0000] {processor.py:840} INFO - DAG(s) 'data_quality_check', 'produce_json', 'update_db' retrieved from /opt/airflow/dags/main.py
[2026-02-26T11:22:36.153+0000] {logging_mixin.py:188} INFO - [2026-02-26T11:22:36.153+0000] {dag.py:3096} INFO - Sync 3 DAGs
[2026-02-26T11:22:36.172+0000] {logging_mixin.py:188} INFO - [2026-02-26T11:22:36.172+0000] {dag.py:3954} INFO - Setting next_dagrun for data_quality_check to 2026-02-25 16:00:00+00:00, run_after=2026-02-26 16:00:00+00:00
[2026-02-26T11:22:36.177+0000] {logging_mixin.py:188} INFO - [2026-02-26T11:22:36.177+0000] {dag.py:3954} INFO - Setting next_dagrun for produce_json to 2026-02-25 14:00:00+00:00, run_after=2026-02-26 14:00:00+00:00
[2026-02-26T11:22:36.180+0000] {logging_mixin.py:188} INFO - [2026-02-26T11:22:36.180+0000] {dag.py:3954} INFO - Setting next_dagrun for update_db to 2026-02-25 15:00:00+00:00, run_after=2026-02-26 15:00:00+00:00
[2026-02-26T11:22:36.198+0000] {processor.py:183} INFO - Processing /opt/airflow/dags/main.py took 0.177 seconds
[2026-02-26T11:23:09.159+0000] {processor.py:161} INFO - Started process (PID=1662) to work on /opt/airflow/dags/main.py
[2026-02-26T11:23:09.161+0000] {processor.py:830} INFO - Processing file /opt/airflow/dags/main.py for tasks to queue
[2026-02-26T11:23:09.167+0000] {logging_mixin.py:188} INFO - [2026-02-26T11:23:09.166+0000] {dagbag.py:545} INFO - Filling up the DagBag from /opt/airflow/dags/main.py
[2026-02-26T11:23:09.588+0000] {processor.py:840} INFO - DAG(s) 'update_db', 'data_quality_check', 'produce_json' retrieved from /opt/airflow/dags/main.py
[2026-02-26T11:23:09.638+0000] {logging_mixin.py:188} INFO - [2026-02-26T11:23:09.637+0000] {dag.py:3096} INFO - Sync 3 DAGs
[2026-02-26T11:23:09.669+0000] {logging_mixin.py:188} INFO - [2026-02-26T11:23:09.668+0000] {dag.py:3954} INFO - Setting next_dagrun for data_quality_check to 2026-02-25 16:00:00+00:00, run_after=2026-02-26 16:00:00+00:00
[2026-02-26T11:23:09.676+0000] {logging_mixin.py:188} INFO - [2026-02-26T11:23:09.676+0000] {dag.py:3954} INFO - Setting next_dagrun for produce_json to 2026-02-25 14:00:00+00:00, run_after=2026-02-26 14:00:00+00:00
[2026-02-26T11:23:09.680+0000] {logging_mixin.py:188} INFO - [2026-02-26T11:23:09.679+0000] {dag.py:3954} INFO - Setting next_dagrun for update_db to 2026-02-25 15:00:00+00:00, run_after=2026-02-26 15:00:00+00:00
[2026-02-26T11:23:09.702+0000] {processor.py:183} INFO - Processing /opt/airflow/dags/main.py took 0.567 seconds
[2026-02-26T11:24:29.261+0000] {processor.py:161} INFO - Started process (PID=1664) to work on /opt/airflow/dags/main.py
[2026-02-26T11:24:29.262+0000] {processor.py:830} INFO - Processing file /opt/airflow/dags/main.py for tasks to queue
[2026-02-26T11:24:29.265+0000] {logging_mixin.py:188} INFO - [2026-02-26T11:24:29.264+0000] {dagbag.py:545} INFO - Filling up the DagBag from /opt/airflow/dags/main.py
[2026-02-26T11:24:29.404+0000] {processor.py:840} INFO - DAG(s) 'data_quality_check', 'produce_json', 'update_db' retrieved from /opt/airflow/dags/main.py
[2026-02-26T11:24:29.437+0000] {logging_mixin.py:188} INFO - [2026-02-26T11:24:29.437+0000] {dag.py:3096} INFO - Sync 3 DAGs
[2026-02-26T11:24:29.461+0000] {logging_mixin.py:188} INFO - [2026-02-26T11:24:29.460+0000] {dag.py:3954} INFO - Setting next_dagrun for data_quality_check to 2026-02-25 16:00:00+00:00, run_after=2026-02-26 16:00:00+00:00
[2026-02-26T11:24:29.466+0000] {logging_mixin.py:188} INFO - [2026-02-26T11:24:29.466+0000] {dag.py:3954} INFO - Setting next_dagrun for produce_json to 2026-02-25 14:00:00+00:00, run_after=2026-02-26 14:00:00+00:00
[2026-02-26T11:24:29.469+0000] {logging_mixin.py:188} INFO - [2026-02-26T11:24:29.469+0000] {dag.py:3954} INFO - Setting next_dagrun for update_db to 2026-02-25 15:00:00+00:00, run_after=2026-02-26 15:00:00+00:00
[2026-02-26T11:24:29.485+0000] {processor.py:183} INFO - Processing /opt/airflow/dags/main.py took 0.232 seconds
[2026-02-26T11:24:59.673+0000] {processor.py:161} INFO - Started process (PID=1672) to work on /opt/airflow/dags/main.py
[2026-02-26T11:24:59.675+0000] {processor.py:830} INFO - Processing file /opt/airflow/dags/main.py for tasks to queue
[2026-02-26T11:24:59.677+0000] {logging_mixin.py:188} INFO - [2026-02-26T11:24:59.677+0000] {dagbag.py:545} INFO - Filling up the DagBag from /opt/airflow/dags/main.py
[2026-02-26T11:24:59.780+0000] {processor.py:840} INFO - DAG(s) 'update_db', 'produce_json', 'data_quality_check' retrieved from /opt/airflow/dags/main.py
[2026-02-26T11:24:59.811+0000] {logging_mixin.py:188} INFO - [2026-02-26T11:24:59.811+0000] {dag.py:3096} INFO - Sync 3 DAGs
[2026-02-26T11:24:59.831+0000] {logging_mixin.py:188} INFO - [2026-02-26T11:24:59.831+0000] {dag.py:3954} INFO - Setting next_dagrun for data_quality_check to 2026-02-25 16:00:00+00:00, run_after=2026-02-26 16:00:00+00:00
[2026-02-26T11:24:59.836+0000] {logging_mixin.py:188} INFO - [2026-02-26T11:24:59.836+0000] {dag.py:3954} INFO - Setting next_dagrun for produce_json to 2026-02-25 14:00:00+00:00, run_after=2026-02-26 14:00:00+00:00
[2026-02-26T11:24:59.839+0000] {logging_mixin.py:188} INFO - [2026-02-26T11:24:59.839+0000] {dag.py:3954} INFO - Setting next_dagrun for update_db to 2026-02-25 15:00:00+00:00, run_after=2026-02-26 15:00:00+00:00
[2026-02-26T11:24:59.861+0000] {processor.py:183} INFO - Processing /opt/airflow/dags/main.py took 0.193 seconds
[2026-02-26T11:25:30.217+0000] {processor.py:161} INFO - Started process (PID=1680) to work on /opt/airflow/dags/main.py
[2026-02-26T11:25:30.219+0000] {processor.py:830} INFO - Processing file /opt/airflow/dags/main.py for tasks to queue
[2026-02-26T11:25:30.222+0000] {logging_mixin.py:188} INFO - [2026-02-26T11:25:30.222+0000] {dagbag.py:545} INFO - Filling up the DagBag from /opt/airflow/dags/main.py
[2026-02-26T11:25:30.358+0000] {processor.py:840} INFO - DAG(s) 'data_quality_check', 'update_db', 'produce_json' retrieved from /opt/airflow/dags/main.py
[2026-02-26T11:25:30.395+0000] {logging_mixin.py:188} INFO - [2026-02-26T11:25:30.395+0000] {dag.py:3096} INFO - Sync 3 DAGs
[2026-02-26T11:25:30.419+0000] {logging_mixin.py:188} INFO - [2026-02-26T11:25:30.419+0000] {dag.py:3954} INFO - Setting next_dagrun for data_quality_check to 2026-02-25 16:00:00+00:00, run_after=2026-02-26 16:00:00+00:00
[2026-02-26T11:25:30.424+0000] {logging_mixin.py:188} INFO - [2026-02-26T11:25:30.424+0000] {dag.py:3954} INFO - Setting next_dagrun for produce_json to 2026-02-25 14:00:00+00:00, run_after=2026-02-26 14:00:00+00:00
[2026-02-26T11:25:30.426+0000] {logging_mixin.py:188} INFO - [2026-02-26T11:25:30.426+0000] {dag.py:3954} INFO - Setting next_dagrun for update_db to 2026-02-25 15:00:00+00:00, run_after=2026-02-26 15:00:00+00:00
[2026-02-26T11:25:30.448+0000] {processor.py:183} INFO - Processing /opt/airflow/dags/main.py took 0.240 seconds
[2026-02-26T11:26:00.687+0000] {processor.py:161} INFO - Started process (PID=1688) to work on /opt/airflow/dags/main.py
[2026-02-26T11:26:00.689+0000] {processor.py:830} INFO - Processing file /opt/airflow/dags/main.py for tasks to queue
[2026-02-26T11:26:00.692+0000] {logging_mixin.py:188} INFO - [2026-02-26T11:26:00.691+0000] {dagbag.py:545} INFO - Filling up the DagBag from /opt/airflow/dags/main.py
[2026-02-26T11:26:00.825+0000] {processor.py:840} INFO - DAG(s) 'update_db', 'produce_json', 'data_quality_check' retrieved from /opt/airflow/dags/main.py
[2026-02-26T11:26:00.856+0000] {logging_mixin.py:188} INFO - [2026-02-26T11:26:00.856+0000] {dag.py:3096} INFO - Sync 3 DAGs
[2026-02-26T11:26:00.878+0000] {logging_mixin.py:188} INFO - [2026-02-26T11:26:00.878+0000] {dag.py:3954} INFO - Setting next_dagrun for data_quality_check to 2026-02-25 16:00:00+00:00, run_after=2026-02-26 16:00:00+00:00
[2026-02-26T11:26:00.883+0000] {logging_mixin.py:188} INFO - [2026-02-26T11:26:00.883+0000] {dag.py:3954} INFO - Setting next_dagrun for produce_json to 2026-02-25 14:00:00+00:00, run_after=2026-02-26 14:00:00+00:00
[2026-02-26T11:26:00.886+0000] {logging_mixin.py:188} INFO - [2026-02-26T11:26:00.886+0000] {dag.py:3954} INFO - Setting next_dagrun for update_db to 2026-02-25 15:00:00+00:00, run_after=2026-02-26 15:00:00+00:00
[2026-02-26T11:26:00.906+0000] {processor.py:183} INFO - Processing /opt/airflow/dags/main.py took 0.227 seconds
[2026-02-26T11:26:31.677+0000] {processor.py:161} INFO - Started process (PID=1696) to work on /opt/airflow/dags/main.py
[2026-02-26T11:26:31.682+0000] {processor.py:830} INFO - Processing file /opt/airflow/dags/main.py for tasks to queue
[2026-02-26T11:26:31.688+0000] {logging_mixin.py:188} INFO - [2026-02-26T11:26:31.687+0000] {dagbag.py:545} INFO - Filling up the DagBag from /opt/airflow/dags/main.py
[2026-02-26T11:26:32.192+0000] {processor.py:840} INFO - DAG(s) 'update_db', 'produce_json', 'data_quality_check' retrieved from /opt/airflow/dags/main.py
[2026-02-26T11:26:32.271+0000] {logging_mixin.py:188} INFO - [2026-02-26T11:26:32.271+0000] {dag.py:3096} INFO - Sync 3 DAGs
[2026-02-26T11:26:32.331+0000] {logging_mixin.py:188} INFO - [2026-02-26T11:26:32.330+0000] {dag.py:3954} INFO - Setting next_dagrun for data_quality_check to 2026-02-25 16:00:00+00:00, run_after=2026-02-26 16:00:00+00:00
[2026-02-26T11:26:32.345+0000] {logging_mixin.py:188} INFO - [2026-02-26T11:26:32.344+0000] {dag.py:3954} INFO - Setting next_dagrun for produce_json to 2026-02-25 14:00:00+00:00, run_after=2026-02-26 14:00:00+00:00
[2026-02-26T11:26:32.355+0000] {logging_mixin.py:188} INFO - [2026-02-26T11:26:32.355+0000] {dag.py:3954} INFO - Setting next_dagrun for update_db to 2026-02-25 15:00:00+00:00, run_after=2026-02-26 15:00:00+00:00
[2026-02-26T11:26:32.402+0000] {processor.py:183} INFO - Processing /opt/airflow/dags/main.py took 0.744 seconds
[2026-02-26T11:27:02.637+0000] {processor.py:161} INFO - Started process (PID=1705) to work on /opt/airflow/dags/main.py
[2026-02-26T11:27:02.639+0000] {processor.py:830} INFO - Processing file /opt/airflow/dags/main.py for tasks to queue
[2026-02-26T11:27:02.643+0000] {logging_mixin.py:188} INFO - [2026-02-26T11:27:02.642+0000] {dagbag.py:545} INFO - Filling up the DagBag from /opt/airflow/dags/main.py
[2026-02-26T11:27:02.905+0000] {processor.py:840} INFO - DAG(s) 'data_quality_check', 'update_db', 'produce_json' retrieved from /opt/airflow/dags/main.py
[2026-02-26T11:27:02.975+0000] {logging_mixin.py:188} INFO - [2026-02-26T11:27:02.974+0000] {dag.py:3096} INFO - Sync 3 DAGs
[2026-02-26T11:27:03.016+0000] {logging_mixin.py:188} INFO - [2026-02-26T11:27:03.016+0000] {dag.py:3954} INFO - Setting next_dagrun for data_quality_check to 2026-02-25 16:00:00+00:00, run_after=2026-02-26 16:00:00+00:00
[2026-02-26T11:27:03.027+0000] {logging_mixin.py:188} INFO - [2026-02-26T11:27:03.027+0000] {dag.py:3954} INFO - Setting next_dagrun for produce_json to 2026-02-25 14:00:00+00:00, run_after=2026-02-26 14:00:00+00:00
[2026-02-26T11:27:03.031+0000] {logging_mixin.py:188} INFO - [2026-02-26T11:27:03.031+0000] {dag.py:3954} INFO - Setting next_dagrun for update_db to 2026-02-25 15:00:00+00:00, run_after=2026-02-26 15:00:00+00:00
[2026-02-26T11:27:03.060+0000] {processor.py:183} INFO - Processing /opt/airflow/dags/main.py took 0.435 seconds
[2026-02-26T11:27:33.851+0000] {processor.py:161} INFO - Started process (PID=1713) to work on /opt/airflow/dags/main.py
[2026-02-26T11:27:33.852+0000] {processor.py:830} INFO - Processing file /opt/airflow/dags/main.py for tasks to queue
[2026-02-26T11:27:33.855+0000] {logging_mixin.py:188} INFO - [2026-02-26T11:27:33.854+0000] {dagbag.py:545} INFO - Filling up the DagBag from /opt/airflow/dags/main.py
[2026-02-26T11:27:33.989+0000] {processor.py:840} INFO - DAG(s) 'update_db', 'produce_json', 'data_quality_check' retrieved from /opt/airflow/dags/main.py
[2026-02-26T11:27:34.028+0000] {logging_mixin.py:188} INFO - [2026-02-26T11:27:34.027+0000] {dag.py:3096} INFO - Sync 3 DAGs
[2026-02-26T11:27:34.054+0000] {logging_mixin.py:188} INFO - [2026-02-26T11:27:34.054+0000] {dag.py:3954} INFO - Setting next_dagrun for data_quality_check to 2026-02-25 16:00:00+00:00, run_after=2026-02-26 16:00:00+00:00
[2026-02-26T11:27:34.061+0000] {logging_mixin.py:188} INFO - [2026-02-26T11:27:34.060+0000] {dag.py:3954} INFO - Setting next_dagrun for produce_json to 2026-02-25 14:00:00+00:00, run_after=2026-02-26 14:00:00+00:00
[2026-02-26T11:27:34.064+0000] {logging_mixin.py:188} INFO - [2026-02-26T11:27:34.064+0000] {dag.py:3954} INFO - Setting next_dagrun for update_db to 2026-02-25 15:00:00+00:00, run_after=2026-02-26 15:00:00+00:00
[2026-02-26T11:27:34.094+0000] {processor.py:183} INFO - Processing /opt/airflow/dags/main.py took 0.250 seconds
[2026-02-26T11:28:04.348+0000] {processor.py:161} INFO - Started process (PID=1721) to work on /opt/airflow/dags/main.py
[2026-02-26T11:28:04.354+0000] {processor.py:830} INFO - Processing file /opt/airflow/dags/main.py for tasks to queue
[2026-02-26T11:28:04.360+0000] {logging_mixin.py:188} INFO - [2026-02-26T11:28:04.359+0000] {dagbag.py:545} INFO - Filling up the DagBag from /opt/airflow/dags/main.py
[2026-02-26T11:28:04.649+0000] {processor.py:840} INFO - DAG(s) 'update_db', 'produce_json', 'data_quality_check' retrieved from /opt/airflow/dags/main.py
[2026-02-26T11:28:04.713+0000] {logging_mixin.py:188} INFO - [2026-02-26T11:28:04.712+0000] {dag.py:3096} INFO - Sync 3 DAGs
[2026-02-26T11:28:04.756+0000] {logging_mixin.py:188} INFO - [2026-02-26T11:28:04.756+0000] {dag.py:3954} INFO - Setting next_dagrun for data_quality_check to 2026-02-25 16:00:00+00:00, run_after=2026-02-26 16:00:00+00:00
[2026-02-26T11:28:04.768+0000] {logging_mixin.py:188} INFO - [2026-02-26T11:28:04.767+0000] {dag.py:3954} INFO - Setting next_dagrun for produce_json to 2026-02-25 14:00:00+00:00, run_after=2026-02-26 14:00:00+00:00
[2026-02-26T11:28:04.774+0000] {logging_mixin.py:188} INFO - [2026-02-26T11:28:04.774+0000] {dag.py:3954} INFO - Setting next_dagrun for update_db to 2026-02-25 15:00:00+00:00, run_after=2026-02-26 15:00:00+00:00
[2026-02-26T11:28:04.804+0000] {processor.py:183} INFO - Processing /opt/airflow/dags/main.py took 0.471 seconds
[2026-02-26T11:28:35.680+0000] {processor.py:161} INFO - Started process (PID=1729) to work on /opt/airflow/dags/main.py
[2026-02-26T11:28:35.681+0000] {processor.py:830} INFO - Processing file /opt/airflow/dags/main.py for tasks to queue
[2026-02-26T11:28:35.684+0000] {logging_mixin.py:188} INFO - [2026-02-26T11:28:35.683+0000] {dagbag.py:545} INFO - Filling up the DagBag from /opt/airflow/dags/main.py
[2026-02-26T11:28:35.804+0000] {processor.py:840} INFO - DAG(s) 'produce_json', 'data_quality_check', 'update_db' retrieved from /opt/airflow/dags/main.py
[2026-02-26T11:28:35.842+0000] {logging_mixin.py:188} INFO - [2026-02-26T11:28:35.842+0000] {dag.py:3096} INFO - Sync 3 DAGs
[2026-02-26T11:28:35.866+0000] {logging_mixin.py:188} INFO - [2026-02-26T11:28:35.866+0000] {dag.py:3954} INFO - Setting next_dagrun for data_quality_check to 2026-02-25 16:00:00+00:00, run_after=2026-02-26 16:00:00+00:00
[2026-02-26T11:28:35.871+0000] {logging_mixin.py:188} INFO - [2026-02-26T11:28:35.871+0000] {dag.py:3954} INFO - Setting next_dagrun for produce_json to 2026-02-25 14:00:00+00:00, run_after=2026-02-26 14:00:00+00:00
[2026-02-26T11:28:35.875+0000] {logging_mixin.py:188} INFO - [2026-02-26T11:28:35.875+0000] {dag.py:3954} INFO - Setting next_dagrun for update_db to 2026-02-25 15:00:00+00:00, run_after=2026-02-26 15:00:00+00:00
[2026-02-26T11:28:35.898+0000] {processor.py:183} INFO - Processing /opt/airflow/dags/main.py took 0.227 seconds
[2026-02-26T11:29:06.243+0000] {processor.py:161} INFO - Started process (PID=1737) to work on /opt/airflow/dags/main.py
[2026-02-26T11:29:06.244+0000] {processor.py:830} INFO - Processing file /opt/airflow/dags/main.py for tasks to queue
[2026-02-26T11:29:06.246+0000] {logging_mixin.py:188} INFO - [2026-02-26T11:29:06.246+0000] {dagbag.py:545} INFO - Filling up the DagBag from /opt/airflow/dags/main.py
[2026-02-26T11:29:06.355+0000] {processor.py:840} INFO - DAG(s) 'data_quality_check', 'produce_json', 'update_db' retrieved from /opt/airflow/dags/main.py
[2026-02-26T11:29:06.387+0000] {logging_mixin.py:188} INFO - [2026-02-26T11:29:06.387+0000] {dag.py:3096} INFO - Sync 3 DAGs
[2026-02-26T11:29:06.411+0000] {logging_mixin.py:188} INFO - [2026-02-26T11:29:06.411+0000] {dag.py:3954} INFO - Setting next_dagrun for data_quality_check to 2026-02-25 16:00:00+00:00, run_after=2026-02-26 16:00:00+00:00
[2026-02-26T11:29:06.418+0000] {logging_mixin.py:188} INFO - [2026-02-26T11:29:06.418+0000] {dag.py:3954} INFO - Setting next_dagrun for produce_json to 2026-02-25 14:00:00+00:00, run_after=2026-02-26 14:00:00+00:00
[2026-02-26T11:29:06.422+0000] {logging_mixin.py:188} INFO - [2026-02-26T11:29:06.422+0000] {dag.py:3954} INFO - Setting next_dagrun for update_db to 2026-02-25 15:00:00+00:00, run_after=2026-02-26 15:00:00+00:00
[2026-02-26T11:29:06.455+0000] {processor.py:183} INFO - Processing /opt/airflow/dags/main.py took 0.218 seconds
[2026-02-26T11:29:36.683+0000] {processor.py:161} INFO - Started process (PID=1745) to work on /opt/airflow/dags/main.py
[2026-02-26T11:29:36.687+0000] {processor.py:830} INFO - Processing file /opt/airflow/dags/main.py for tasks to queue
[2026-02-26T11:29:36.694+0000] {logging_mixin.py:188} INFO - [2026-02-26T11:29:36.693+0000] {dagbag.py:545} INFO - Filling up the DagBag from /opt/airflow/dags/main.py
[2026-02-26T11:29:37.203+0000] {processor.py:840} INFO - DAG(s) 'data_quality_check', 'update_db', 'produce_json' retrieved from /opt/airflow/dags/main.py
[2026-02-26T11:29:37.309+0000] {logging_mixin.py:188} INFO - [2026-02-26T11:29:37.309+0000] {dag.py:3096} INFO - Sync 3 DAGs
[2026-02-26T11:29:37.350+0000] {logging_mixin.py:188} INFO - [2026-02-26T11:29:37.349+0000] {dag.py:3954} INFO - Setting next_dagrun for data_quality_check to 2026-02-25 16:00:00+00:00, run_after=2026-02-26 16:00:00+00:00
[2026-02-26T11:29:37.360+0000] {logging_mixin.py:188} INFO - [2026-02-26T11:29:37.360+0000] {dag.py:3954} INFO - Setting next_dagrun for produce_json to 2026-02-25 14:00:00+00:00, run_after=2026-02-26 14:00:00+00:00
[2026-02-26T11:29:37.366+0000] {logging_mixin.py:188} INFO - [2026-02-26T11:29:37.365+0000] {dag.py:3954} INFO - Setting next_dagrun for update_db to 2026-02-25 15:00:00+00:00, run_after=2026-02-26 15:00:00+00:00
[2026-02-26T11:29:37.411+0000] {processor.py:183} INFO - Processing /opt/airflow/dags/main.py took 0.743 seconds
[2026-02-26T11:30:07.859+0000] {processor.py:161} INFO - Started process (PID=1753) to work on /opt/airflow/dags/main.py
[2026-02-26T11:30:07.861+0000] {processor.py:830} INFO - Processing file /opt/airflow/dags/main.py for tasks to queue
[2026-02-26T11:30:07.864+0000] {logging_mixin.py:188} INFO - [2026-02-26T11:30:07.863+0000] {dagbag.py:545} INFO - Filling up the DagBag from /opt/airflow/dags/main.py
[2026-02-26T11:30:08.010+0000] {processor.py:840} INFO - DAG(s) 'update_db', 'produce_json', 'data_quality_check' retrieved from /opt/airflow/dags/main.py
[2026-02-26T11:30:08.063+0000] {logging_mixin.py:188} INFO - [2026-02-26T11:30:08.063+0000] {dag.py:3096} INFO - Sync 3 DAGs
[2026-02-26T11:30:08.096+0000] {logging_mixin.py:188} INFO - [2026-02-26T11:30:08.096+0000] {dag.py:3954} INFO - Setting next_dagrun for data_quality_check to 2026-02-25 16:00:00+00:00, run_after=2026-02-26 16:00:00+00:00
[2026-02-26T11:30:08.104+0000] {logging_mixin.py:188} INFO - [2026-02-26T11:30:08.104+0000] {dag.py:3954} INFO - Setting next_dagrun for produce_json to 2026-02-25 14:00:00+00:00, run_after=2026-02-26 14:00:00+00:00
[2026-02-26T11:30:08.109+0000] {logging_mixin.py:188} INFO - [2026-02-26T11:30:08.109+0000] {dag.py:3954} INFO - Setting next_dagrun for update_db to 2026-02-25 15:00:00+00:00, run_after=2026-02-26 15:00:00+00:00
[2026-02-26T11:30:08.146+0000] {processor.py:183} INFO - Processing /opt/airflow/dags/main.py took 0.295 seconds
[2026-02-26T11:30:38.489+0000] {processor.py:161} INFO - Started process (PID=1761) to work on /opt/airflow/dags/main.py
[2026-02-26T11:30:38.490+0000] {processor.py:830} INFO - Processing file /opt/airflow/dags/main.py for tasks to queue
[2026-02-26T11:30:38.493+0000] {logging_mixin.py:188} INFO - [2026-02-26T11:30:38.492+0000] {dagbag.py:545} INFO - Filling up the DagBag from /opt/airflow/dags/main.py
[2026-02-26T11:30:38.605+0000] {processor.py:840} INFO - DAG(s) 'produce_json', 'data_quality_check', 'update_db' retrieved from /opt/airflow/dags/main.py
[2026-02-26T11:30:38.637+0000] {logging_mixin.py:188} INFO - [2026-02-26T11:30:38.636+0000] {dag.py:3096} INFO - Sync 3 DAGs
[2026-02-26T11:30:38.659+0000] {logging_mixin.py:188} INFO - [2026-02-26T11:30:38.659+0000] {dag.py:3954} INFO - Setting next_dagrun for data_quality_check to 2026-02-25 16:00:00+00:00, run_after=2026-02-26 16:00:00+00:00
[2026-02-26T11:30:38.664+0000] {logging_mixin.py:188} INFO - [2026-02-26T11:30:38.664+0000] {dag.py:3954} INFO - Setting next_dagrun for produce_json to 2026-02-25 14:00:00+00:00, run_after=2026-02-26 14:00:00+00:00
[2026-02-26T11:30:38.667+0000] {logging_mixin.py:188} INFO - [2026-02-26T11:30:38.667+0000] {dag.py:3954} INFO - Setting next_dagrun for update_db to 2026-02-25 15:00:00+00:00, run_after=2026-02-26 15:00:00+00:00
[2026-02-26T11:30:38.688+0000] {processor.py:183} INFO - Processing /opt/airflow/dags/main.py took 0.207 seconds
[2026-02-26T11:31:08.937+0000] {processor.py:161} INFO - Started process (PID=1769) to work on /opt/airflow/dags/main.py
[2026-02-26T11:31:08.938+0000] {processor.py:830} INFO - Processing file /opt/airflow/dags/main.py for tasks to queue
[2026-02-26T11:31:08.940+0000] {logging_mixin.py:188} INFO - [2026-02-26T11:31:08.940+0000] {dagbag.py:545} INFO - Filling up the DagBag from /opt/airflow/dags/main.py
[2026-02-26T11:31:09.043+0000] {processor.py:840} INFO - DAG(s) 'update_db', 'produce_json', 'data_quality_check' retrieved from /opt/airflow/dags/main.py
[2026-02-26T11:31:09.079+0000] {logging_mixin.py:188} INFO - [2026-02-26T11:31:09.079+0000] {dag.py:3096} INFO - Sync 3 DAGs
[2026-02-26T11:31:09.111+0000] {logging_mixin.py:188} INFO - [2026-02-26T11:31:09.110+0000] {dag.py:3954} INFO - Setting next_dagrun for data_quality_check to 2026-02-25 16:00:00+00:00, run_after=2026-02-26 16:00:00+00:00
[2026-02-26T11:31:09.120+0000] {logging_mixin.py:188} INFO - [2026-02-26T11:31:09.120+0000] {dag.py:3954} INFO - Setting next_dagrun for produce_json to 2026-02-25 14:00:00+00:00, run_after=2026-02-26 14:00:00+00:00
[2026-02-26T11:31:09.125+0000] {logging_mixin.py:188} INFO - [2026-02-26T11:31:09.125+0000] {dag.py:3954} INFO - Setting next_dagrun for update_db to 2026-02-25 15:00:00+00:00, run_after=2026-02-26 15:00:00+00:00
[2026-02-26T11:31:09.150+0000] {processor.py:183} INFO - Processing /opt/airflow/dags/main.py took 0.217 seconds
[2026-02-26T11:31:39.222+0000] {processor.py:161} INFO - Started process (PID=1777) to work on /opt/airflow/dags/main.py
[2026-02-26T11:31:39.227+0000] {processor.py:830} INFO - Processing file /opt/airflow/dags/main.py for tasks to queue
[2026-02-26T11:31:39.230+0000] {logging_mixin.py:188} INFO - [2026-02-26T11:31:39.230+0000] {dagbag.py:545} INFO - Filling up the DagBag from /opt/airflow/dags/main.py
[2026-02-26T11:31:39.367+0000] {processor.py:840} INFO - DAG(s) 'update_db', 'produce_json', 'data_quality_check' retrieved from /opt/airflow/dags/main.py
[2026-02-26T11:31:39.404+0000] {logging_mixin.py:188} INFO - [2026-02-26T11:31:39.404+0000] {dag.py:3096} INFO - Sync 3 DAGs
[2026-02-26T11:31:39.432+0000] {logging_mixin.py:188} INFO - [2026-02-26T11:31:39.432+0000] {dag.py:3954} INFO - Setting next_dagrun for data_quality_check to 2026-02-25 16:00:00+00:00, run_after=2026-02-26 16:00:00+00:00
[2026-02-26T11:31:39.440+0000] {logging_mixin.py:188} INFO - [2026-02-26T11:31:39.439+0000] {dag.py:3954} INFO - Setting next_dagrun for produce_json to 2026-02-25 14:00:00+00:00, run_after=2026-02-26 14:00:00+00:00
[2026-02-26T11:31:39.444+0000] {logging_mixin.py:188} INFO - [2026-02-26T11:31:39.444+0000] {dag.py:3954} INFO - Setting next_dagrun for update_db to 2026-02-25 15:00:00+00:00, run_after=2026-02-26 15:00:00+00:00
[2026-02-26T11:31:39.941+0000] {processor.py:183} INFO - Processing /opt/airflow/dags/main.py took 0.725 seconds
[2026-02-26T11:32:10.609+0000] {processor.py:161} INFO - Started process (PID=1785) to work on /opt/airflow/dags/main.py
[2026-02-26T11:32:10.610+0000] {processor.py:830} INFO - Processing file /opt/airflow/dags/main.py for tasks to queue
[2026-02-26T11:32:10.612+0000] {logging_mixin.py:188} INFO - [2026-02-26T11:32:10.612+0000] {dagbag.py:545} INFO - Filling up the DagBag from /opt/airflow/dags/main.py
[2026-02-26T11:32:10.703+0000] {processor.py:840} INFO - DAG(s) 'update_db', 'data_quality_check', 'produce_json' retrieved from /opt/airflow/dags/main.py
[2026-02-26T11:32:10.736+0000] {logging_mixin.py:188} INFO - [2026-02-26T11:32:10.736+0000] {dag.py:3096} INFO - Sync 3 DAGs
[2026-02-26T11:32:10.758+0000] {logging_mixin.py:188} INFO - [2026-02-26T11:32:10.758+0000] {dag.py:3954} INFO - Setting next_dagrun for data_quality_check to 2026-02-25 16:00:00+00:00, run_after=2026-02-26 16:00:00+00:00
[2026-02-26T11:32:10.763+0000] {logging_mixin.py:188} INFO - [2026-02-26T11:32:10.763+0000] {dag.py:3954} INFO - Setting next_dagrun for produce_json to 2026-02-25 14:00:00+00:00, run_after=2026-02-26 14:00:00+00:00
[2026-02-26T11:32:10.766+0000] {logging_mixin.py:188} INFO - [2026-02-26T11:32:10.766+0000] {dag.py:3954} INFO - Setting next_dagrun for update_db to 2026-02-25 15:00:00+00:00, run_after=2026-02-26 15:00:00+00:00
[2026-02-26T11:32:10.786+0000] {processor.py:183} INFO - Processing /opt/airflow/dags/main.py took 0.183 seconds
[2026-02-26T11:32:41.084+0000] {processor.py:161} INFO - Started process (PID=1793) to work on /opt/airflow/dags/main.py
[2026-02-26T11:32:41.085+0000] {processor.py:830} INFO - Processing file /opt/airflow/dags/main.py for tasks to queue
[2026-02-26T11:32:41.087+0000] {logging_mixin.py:188} INFO - [2026-02-26T11:32:41.087+0000] {dagbag.py:545} INFO - Filling up the DagBag from /opt/airflow/dags/main.py
[2026-02-26T11:32:41.201+0000] {processor.py:840} INFO - DAG(s) 'data_quality_check', 'update_db', 'produce_json' retrieved from /opt/airflow/dags/main.py
[2026-02-26T11:32:41.240+0000] {logging_mixin.py:188} INFO - [2026-02-26T11:32:41.240+0000] {dag.py:3096} INFO - Sync 3 DAGs
[2026-02-26T11:32:41.264+0000] {logging_mixin.py:188} INFO - [2026-02-26T11:32:41.264+0000] {dag.py:3954} INFO - Setting next_dagrun for data_quality_check to 2026-02-25 16:00:00+00:00, run_after=2026-02-26 16:00:00+00:00
[2026-02-26T11:32:41.270+0000] {logging_mixin.py:188} INFO - [2026-02-26T11:32:41.270+0000] {dag.py:3954} INFO - Setting next_dagrun for produce_json to 2026-02-25 14:00:00+00:00, run_after=2026-02-26 14:00:00+00:00
[2026-02-26T11:32:41.275+0000] {logging_mixin.py:188} INFO - [2026-02-26T11:32:41.275+0000] {dag.py:3954} INFO - Setting next_dagrun for update_db to 2026-02-25 15:00:00+00:00, run_after=2026-02-26 15:00:00+00:00
[2026-02-26T11:32:41.305+0000] {processor.py:183} INFO - Processing /opt/airflow/dags/main.py took 0.228 seconds
[2026-02-26T11:33:11.460+0000] {processor.py:161} INFO - Started process (PID=1801) to work on /opt/airflow/dags/main.py
[2026-02-26T11:33:11.461+0000] {processor.py:830} INFO - Processing file /opt/airflow/dags/main.py for tasks to queue
[2026-02-26T11:33:11.464+0000] {logging_mixin.py:188} INFO - [2026-02-26T11:33:11.463+0000] {dagbag.py:545} INFO - Filling up the DagBag from /opt/airflow/dags/main.py
[2026-02-26T11:33:11.571+0000] {processor.py:840} INFO - DAG(s) 'produce_json', 'update_db', 'data_quality_check' retrieved from /opt/airflow/dags/main.py
[2026-02-26T11:33:11.601+0000] {logging_mixin.py:188} INFO - [2026-02-26T11:33:11.601+0000] {dag.py:3096} INFO - Sync 3 DAGs
[2026-02-26T11:33:11.622+0000] {logging_mixin.py:188} INFO - [2026-02-26T11:33:11.622+0000] {dag.py:3954} INFO - Setting next_dagrun for data_quality_check to 2026-02-25 16:00:00+00:00, run_after=2026-02-26 16:00:00+00:00
[2026-02-26T11:33:11.627+0000] {logging_mixin.py:188} INFO - [2026-02-26T11:33:11.627+0000] {dag.py:3954} INFO - Setting next_dagrun for produce_json to 2026-02-25 14:00:00+00:00, run_after=2026-02-26 14:00:00+00:00
[2026-02-26T11:33:11.630+0000] {logging_mixin.py:188} INFO - [2026-02-26T11:33:11.630+0000] {dag.py:3954} INFO - Setting next_dagrun for update_db to 2026-02-25 15:00:00+00:00, run_after=2026-02-26 15:00:00+00:00
[2026-02-26T11:33:11.660+0000] {processor.py:183} INFO - Processing /opt/airflow/dags/main.py took 0.205 seconds
[2026-02-26T11:33:41.993+0000] {processor.py:161} INFO - Started process (PID=1809) to work on /opt/airflow/dags/main.py
[2026-02-26T11:33:41.994+0000] {processor.py:830} INFO - Processing file /opt/airflow/dags/main.py for tasks to queue
[2026-02-26T11:33:41.996+0000] {logging_mixin.py:188} INFO - [2026-02-26T11:33:41.996+0000] {dagbag.py:545} INFO - Filling up the DagBag from /opt/airflow/dags/main.py
[2026-02-26T11:33:42.081+0000] {processor.py:840} INFO - DAG(s) 'update_db', 'data_quality_check', 'produce_json' retrieved from /opt/airflow/dags/main.py
[2026-02-26T11:33:42.113+0000] {logging_mixin.py:188} INFO - [2026-02-26T11:33:42.113+0000] {dag.py:3096} INFO - Sync 3 DAGs
[2026-02-26T11:33:42.134+0000] {logging_mixin.py:188} INFO - [2026-02-26T11:33:42.134+0000] {dag.py:3954} INFO - Setting next_dagrun for data_quality_check to 2026-02-25 16:00:00+00:00, run_after=2026-02-26 16:00:00+00:00
[2026-02-26T11:33:42.139+0000] {logging_mixin.py:188} INFO - [2026-02-26T11:33:42.139+0000] {dag.py:3954} INFO - Setting next_dagrun for produce_json to 2026-02-25 14:00:00+00:00, run_after=2026-02-26 14:00:00+00:00
[2026-02-26T11:33:42.142+0000] {logging_mixin.py:188} INFO - [2026-02-26T11:33:42.142+0000] {dag.py:3954} INFO - Setting next_dagrun for update_db to 2026-02-25 15:00:00+00:00, run_after=2026-02-26 15:00:00+00:00
[2026-02-26T11:33:42.171+0000] {processor.py:183} INFO - Processing /opt/airflow/dags/main.py took 0.183 seconds
[2026-02-26T11:34:12.334+0000] {processor.py:161} INFO - Started process (PID=1817) to work on /opt/airflow/dags/main.py
[2026-02-26T11:34:12.335+0000] {processor.py:830} INFO - Processing file /opt/airflow/dags/main.py for tasks to queue
[2026-02-26T11:34:12.338+0000] {logging_mixin.py:188} INFO - [2026-02-26T11:34:12.337+0000] {dagbag.py:545} INFO - Filling up the DagBag from /opt/airflow/dags/main.py
[2026-02-26T11:34:12.453+0000] {processor.py:840} INFO - DAG(s) 'update_db', 'produce_json', 'data_quality_check' retrieved from /opt/airflow/dags/main.py
[2026-02-26T11:34:12.487+0000] {logging_mixin.py:188} INFO - [2026-02-26T11:34:12.487+0000] {dag.py:3096} INFO - Sync 3 DAGs
[2026-02-26T11:34:12.510+0000] {logging_mixin.py:188} INFO - [2026-02-26T11:34:12.509+0000] {dag.py:3954} INFO - Setting next_dagrun for data_quality_check to 2026-02-25 16:00:00+00:00, run_after=2026-02-26 16:00:00+00:00
[2026-02-26T11:34:12.515+0000] {logging_mixin.py:188} INFO - [2026-02-26T11:34:12.515+0000] {dag.py:3954} INFO - Setting next_dagrun for produce_json to 2026-02-25 14:00:00+00:00, run_after=2026-02-26 14:00:00+00:00
[2026-02-26T11:34:12.519+0000] {logging_mixin.py:188} INFO - [2026-02-26T11:34:12.519+0000] {dag.py:3954} INFO - Setting next_dagrun for update_db to 2026-02-25 15:00:00+00:00, run_after=2026-02-26 15:00:00+00:00
[2026-02-26T11:34:12.551+0000] {processor.py:183} INFO - Processing /opt/airflow/dags/main.py took 0.222 seconds
[2026-02-26T11:34:42.797+0000] {processor.py:161} INFO - Started process (PID=1825) to work on /opt/airflow/dags/main.py
[2026-02-26T11:34:42.798+0000] {processor.py:830} INFO - Processing file /opt/airflow/dags/main.py for tasks to queue
[2026-02-26T11:34:42.802+0000] {logging_mixin.py:188} INFO - [2026-02-26T11:34:42.802+0000] {dagbag.py:545} INFO - Filling up the DagBag from /opt/airflow/dags/main.py
[2026-02-26T11:34:42.985+0000] {processor.py:840} INFO - DAG(s) 'produce_json', 'update_db', 'data_quality_check' retrieved from /opt/airflow/dags/main.py
[2026-02-26T11:34:43.045+0000] {logging_mixin.py:188} INFO - [2026-02-26T11:34:43.044+0000] {dag.py:3096} INFO - Sync 3 DAGs
[2026-02-26T11:34:43.077+0000] {logging_mixin.py:188} INFO - [2026-02-26T11:34:43.076+0000] {dag.py:3954} INFO - Setting next_dagrun for data_quality_check to 2026-02-25 16:00:00+00:00, run_after=2026-02-26 16:00:00+00:00
[2026-02-26T11:34:43.083+0000] {logging_mixin.py:188} INFO - [2026-02-26T11:34:43.083+0000] {dag.py:3954} INFO - Setting next_dagrun for produce_json to 2026-02-25 14:00:00+00:00, run_after=2026-02-26 14:00:00+00:00
[2026-02-26T11:34:43.087+0000] {logging_mixin.py:188} INFO - [2026-02-26T11:34:43.086+0000] {dag.py:3954} INFO - Setting next_dagrun for update_db to 2026-02-25 15:00:00+00:00, run_after=2026-02-26 15:00:00+00:00
[2026-02-26T11:34:43.278+0000] {processor.py:183} INFO - Processing /opt/airflow/dags/main.py took 0.487 seconds
[2026-02-26T11:35:14.268+0000] {processor.py:161} INFO - Started process (PID=1833) to work on /opt/airflow/dags/main.py
[2026-02-26T11:35:14.269+0000] {processor.py:830} INFO - Processing file /opt/airflow/dags/main.py for tasks to queue
[2026-02-26T11:35:14.271+0000] {logging_mixin.py:188} INFO - [2026-02-26T11:35:14.271+0000] {dagbag.py:545} INFO - Filling up the DagBag from /opt/airflow/dags/main.py
[2026-02-26T11:35:14.404+0000] {processor.py:840} INFO - DAG(s) 'data_quality_check', 'produce_json', 'update_db' retrieved from /opt/airflow/dags/main.py
[2026-02-26T11:35:14.440+0000] {logging_mixin.py:188} INFO - [2026-02-26T11:35:14.440+0000] {dag.py:3096} INFO - Sync 3 DAGs
[2026-02-26T11:35:14.465+0000] {logging_mixin.py:188} INFO - [2026-02-26T11:35:14.465+0000] {dag.py:3954} INFO - Setting next_dagrun for data_quality_check to 2026-02-25 16:00:00+00:00, run_after=2026-02-26 16:00:00+00:00
[2026-02-26T11:35:14.470+0000] {logging_mixin.py:188} INFO - [2026-02-26T11:35:14.470+0000] {dag.py:3954} INFO - Setting next_dagrun for produce_json to 2026-02-25 14:00:00+00:00, run_after=2026-02-26 14:00:00+00:00
[2026-02-26T11:35:14.475+0000] {logging_mixin.py:188} INFO - [2026-02-26T11:35:14.475+0000] {dag.py:3954} INFO - Setting next_dagrun for update_db to 2026-02-25 15:00:00+00:00, run_after=2026-02-26 15:00:00+00:00
[2026-02-26T11:35:14.509+0000] {processor.py:183} INFO - Processing /opt/airflow/dags/main.py took 0.246 seconds
[2026-02-26T11:35:44.601+0000] {processor.py:161} INFO - Started process (PID=1841) to work on /opt/airflow/dags/main.py
[2026-02-26T11:35:44.602+0000] {processor.py:830} INFO - Processing file /opt/airflow/dags/main.py for tasks to queue
[2026-02-26T11:35:44.603+0000] {logging_mixin.py:188} INFO - [2026-02-26T11:35:44.603+0000] {dagbag.py:545} INFO - Filling up the DagBag from /opt/airflow/dags/main.py
[2026-02-26T11:35:44.701+0000] {processor.py:840} INFO - DAG(s) 'produce_json', 'data_quality_check', 'update_db' retrieved from /opt/airflow/dags/main.py
[2026-02-26T11:35:44.737+0000] {logging_mixin.py:188} INFO - [2026-02-26T11:35:44.737+0000] {dag.py:3096} INFO - Sync 3 DAGs
[2026-02-26T11:35:44.761+0000] {logging_mixin.py:188} INFO - [2026-02-26T11:35:44.761+0000] {dag.py:3954} INFO - Setting next_dagrun for data_quality_check to 2026-02-25 16:00:00+00:00, run_after=2026-02-26 16:00:00+00:00
[2026-02-26T11:35:44.766+0000] {logging_mixin.py:188} INFO - [2026-02-26T11:35:44.766+0000] {dag.py:3954} INFO - Setting next_dagrun for produce_json to 2026-02-25 14:00:00+00:00, run_after=2026-02-26 14:00:00+00:00
[2026-02-26T11:35:44.769+0000] {logging_mixin.py:188} INFO - [2026-02-26T11:35:44.769+0000] {dag.py:3954} INFO - Setting next_dagrun for update_db to 2026-02-25 15:00:00+00:00, run_after=2026-02-26 15:00:00+00:00
[2026-02-26T11:35:44.791+0000] {processor.py:183} INFO - Processing /opt/airflow/dags/main.py took 0.196 seconds
[2026-02-26T11:36:15.093+0000] {processor.py:161} INFO - Started process (PID=1849) to work on /opt/airflow/dags/main.py
[2026-02-26T11:36:15.095+0000] {processor.py:830} INFO - Processing file /opt/airflow/dags/main.py for tasks to queue
[2026-02-26T11:36:15.097+0000] {logging_mixin.py:188} INFO - [2026-02-26T11:36:15.097+0000] {dagbag.py:545} INFO - Filling up the DagBag from /opt/airflow/dags/main.py
[2026-02-26T11:36:15.202+0000] {processor.py:840} INFO - DAG(s) 'update_db', 'produce_json', 'data_quality_check' retrieved from /opt/airflow/dags/main.py
[2026-02-26T11:36:15.235+0000] {logging_mixin.py:188} INFO - [2026-02-26T11:36:15.235+0000] {dag.py:3096} INFO - Sync 3 DAGs
[2026-02-26T11:36:15.255+0000] {logging_mixin.py:188} INFO - [2026-02-26T11:36:15.255+0000] {dag.py:3954} INFO - Setting next_dagrun for data_quality_check to 2026-02-25 16:00:00+00:00, run_after=2026-02-26 16:00:00+00:00
[2026-02-26T11:36:15.260+0000] {logging_mixin.py:188} INFO - [2026-02-26T11:36:15.260+0000] {dag.py:3954} INFO - Setting next_dagrun for produce_json to 2026-02-25 14:00:00+00:00, run_after=2026-02-26 14:00:00+00:00
[2026-02-26T11:36:15.264+0000] {logging_mixin.py:188} INFO - [2026-02-26T11:36:15.264+0000] {dag.py:3954} INFO - Setting next_dagrun for update_db to 2026-02-25 15:00:00+00:00, run_after=2026-02-26 15:00:00+00:00
[2026-02-26T11:36:15.284+0000] {processor.py:183} INFO - Processing /opt/airflow/dags/main.py took 0.196 seconds
[2026-02-26T11:36:45.421+0000] {processor.py:161} INFO - Started process (PID=1857) to work on /opt/airflow/dags/main.py
[2026-02-26T11:36:45.423+0000] {processor.py:830} INFO - Processing file /opt/airflow/dags/main.py for tasks to queue
[2026-02-26T11:36:45.425+0000] {logging_mixin.py:188} INFO - [2026-02-26T11:36:45.425+0000] {dagbag.py:545} INFO - Filling up the DagBag from /opt/airflow/dags/main.py
[2026-02-26T11:36:45.523+0000] {processor.py:840} INFO - DAG(s) 'produce_json', 'update_db', 'data_quality_check' retrieved from /opt/airflow/dags/main.py
[2026-02-26T11:36:45.555+0000] {logging_mixin.py:188} INFO - [2026-02-26T11:36:45.555+0000] {dag.py:3096} INFO - Sync 3 DAGs
[2026-02-26T11:36:45.576+0000] {logging_mixin.py:188} INFO - [2026-02-26T11:36:45.576+0000] {dag.py:3954} INFO - Setting next_dagrun for data_quality_check to 2026-02-25 16:00:00+00:00, run_after=2026-02-26 16:00:00+00:00
[2026-02-26T11:36:45.581+0000] {logging_mixin.py:188} INFO - [2026-02-26T11:36:45.581+0000] {dag.py:3954} INFO - Setting next_dagrun for produce_json to 2026-02-25 14:00:00+00:00, run_after=2026-02-26 14:00:00+00:00
[2026-02-26T11:36:45.584+0000] {logging_mixin.py:188} INFO - [2026-02-26T11:36:45.584+0000] {dag.py:3954} INFO - Setting next_dagrun for update_db to 2026-02-25 15:00:00+00:00, run_after=2026-02-26 15:00:00+00:00
[2026-02-26T11:36:45.603+0000] {processor.py:183} INFO - Processing /opt/airflow/dags/main.py took 0.188 seconds
[2026-02-26T11:37:15.946+0000] {processor.py:161} INFO - Started process (PID=1865) to work on /opt/airflow/dags/main.py
[2026-02-26T11:37:15.947+0000] {processor.py:830} INFO - Processing file /opt/airflow/dags/main.py for tasks to queue
[2026-02-26T11:37:15.949+0000] {logging_mixin.py:188} INFO - [2026-02-26T11:37:15.949+0000] {dagbag.py:545} INFO - Filling up the DagBag from /opt/airflow/dags/main.py
[2026-02-26T11:37:16.035+0000] {processor.py:840} INFO - DAG(s) 'produce_json', 'update_db', 'data_quality_check' retrieved from /opt/airflow/dags/main.py
[2026-02-26T11:37:16.065+0000] {logging_mixin.py:188} INFO - [2026-02-26T11:37:16.065+0000] {dag.py:3096} INFO - Sync 3 DAGs
[2026-02-26T11:37:16.085+0000] {logging_mixin.py:188} INFO - [2026-02-26T11:37:16.085+0000] {dag.py:3954} INFO - Setting next_dagrun for data_quality_check to 2026-02-25 16:00:00+00:00, run_after=2026-02-26 16:00:00+00:00
[2026-02-26T11:37:16.090+0000] {logging_mixin.py:188} INFO - [2026-02-26T11:37:16.090+0000] {dag.py:3954} INFO - Setting next_dagrun for produce_json to 2026-02-25 14:00:00+00:00, run_after=2026-02-26 14:00:00+00:00
[2026-02-26T11:37:16.093+0000] {logging_mixin.py:188} INFO - [2026-02-26T11:37:16.092+0000] {dag.py:3954} INFO - Setting next_dagrun for update_db to 2026-02-25 15:00:00+00:00, run_after=2026-02-26 15:00:00+00:00
[2026-02-26T11:37:16.123+0000] {processor.py:183} INFO - Processing /opt/airflow/dags/main.py took 0.182 seconds
[2026-02-26T11:37:46.378+0000] {processor.py:161} INFO - Started process (PID=1873) to work on /opt/airflow/dags/main.py
[2026-02-26T11:37:46.380+0000] {processor.py:830} INFO - Processing file /opt/airflow/dags/main.py for tasks to queue
[2026-02-26T11:37:46.382+0000] {logging_mixin.py:188} INFO - [2026-02-26T11:37:46.381+0000] {dagbag.py:545} INFO - Filling up the DagBag from /opt/airflow/dags/main.py
[2026-02-26T11:37:46.476+0000] {processor.py:840} INFO - DAG(s) 'data_quality_check', 'produce_json', 'update_db' retrieved from /opt/airflow/dags/main.py
[2026-02-26T11:37:46.506+0000] {logging_mixin.py:188} INFO - [2026-02-26T11:37:46.506+0000] {dag.py:3096} INFO - Sync 3 DAGs
[2026-02-26T11:37:46.646+0000] {logging_mixin.py:188} INFO - [2026-02-26T11:37:46.646+0000] {dag.py:3954} INFO - Setting next_dagrun for data_quality_check to 2026-02-25 16:00:00+00:00, run_after=2026-02-26 16:00:00+00:00
[2026-02-26T11:37:46.652+0000] {logging_mixin.py:188} INFO - [2026-02-26T11:37:46.652+0000] {dag.py:3954} INFO - Setting next_dagrun for produce_json to 2026-02-25 14:00:00+00:00, run_after=2026-02-26 14:00:00+00:00
[2026-02-26T11:37:46.655+0000] {logging_mixin.py:188} INFO - [2026-02-26T11:37:46.655+0000] {dag.py:3954} INFO - Setting next_dagrun for update_db to 2026-02-25 15:00:00+00:00, run_after=2026-02-26 15:00:00+00:00
[2026-02-26T11:37:46.674+0000] {processor.py:183} INFO - Processing /opt/airflow/dags/main.py took 0.301 seconds
[2026-02-26T11:38:16.778+0000] {processor.py:161} INFO - Started process (PID=1882) to work on /opt/airflow/dags/main.py
[2026-02-26T11:38:16.780+0000] {processor.py:830} INFO - Processing file /opt/airflow/dags/main.py for tasks to queue
[2026-02-26T11:38:16.782+0000] {logging_mixin.py:188} INFO - [2026-02-26T11:38:16.782+0000] {dagbag.py:545} INFO - Filling up the DagBag from /opt/airflow/dags/main.py
[2026-02-26T11:38:16.902+0000] {processor.py:840} INFO - DAG(s) 'produce_json', 'data_quality_check', 'update_db' retrieved from /opt/airflow/dags/main.py
[2026-02-26T11:38:16.948+0000] {logging_mixin.py:188} INFO - [2026-02-26T11:38:16.948+0000] {dag.py:3096} INFO - Sync 3 DAGs
[2026-02-26T11:38:16.984+0000] {logging_mixin.py:188} INFO - [2026-02-26T11:38:16.984+0000] {dag.py:3954} INFO - Setting next_dagrun for data_quality_check to 2026-02-25 16:00:00+00:00, run_after=2026-02-26 16:00:00+00:00
[2026-02-26T11:38:16.990+0000] {logging_mixin.py:188} INFO - [2026-02-26T11:38:16.989+0000] {dag.py:3954} INFO - Setting next_dagrun for produce_json to 2026-02-25 14:00:00+00:00, run_after=2026-02-26 14:00:00+00:00
[2026-02-26T11:38:16.993+0000] {logging_mixin.py:188} INFO - [2026-02-26T11:38:16.993+0000] {dag.py:3954} INFO - Setting next_dagrun for update_db to 2026-02-25 15:00:00+00:00, run_after=2026-02-26 15:00:00+00:00
[2026-02-26T11:38:17.027+0000] {processor.py:183} INFO - Processing /opt/airflow/dags/main.py took 0.256 seconds
[2026-02-26T11:38:47.189+0000] {processor.py:161} INFO - Started process (PID=1890) to work on /opt/airflow/dags/main.py
[2026-02-26T11:38:47.190+0000] {processor.py:830} INFO - Processing file /opt/airflow/dags/main.py for tasks to queue
[2026-02-26T11:38:47.192+0000] {logging_mixin.py:188} INFO - [2026-02-26T11:38:47.192+0000] {dagbag.py:545} INFO - Filling up the DagBag from /opt/airflow/dags/main.py
[2026-02-26T11:38:47.311+0000] {processor.py:840} INFO - DAG(s) 'produce_json', 'update_db', 'data_quality_check' retrieved from /opt/airflow/dags/main.py
[2026-02-26T11:38:47.357+0000] {logging_mixin.py:188} INFO - [2026-02-26T11:38:47.356+0000] {dag.py:3096} INFO - Sync 3 DAGs
[2026-02-26T11:38:47.393+0000] {logging_mixin.py:188} INFO - [2026-02-26T11:38:47.393+0000] {dag.py:3954} INFO - Setting next_dagrun for data_quality_check to 2026-02-25 16:00:00+00:00, run_after=2026-02-26 16:00:00+00:00
[2026-02-26T11:38:47.400+0000] {logging_mixin.py:188} INFO - [2026-02-26T11:38:47.400+0000] {dag.py:3954} INFO - Setting next_dagrun for produce_json to 2026-02-25 14:00:00+00:00, run_after=2026-02-26 14:00:00+00:00
[2026-02-26T11:38:47.407+0000] {logging_mixin.py:188} INFO - [2026-02-26T11:38:47.407+0000] {dag.py:3954} INFO - Setting next_dagrun for update_db to 2026-02-25 15:00:00+00:00, run_after=2026-02-26 15:00:00+00:00
[2026-02-26T11:38:47.440+0000] {processor.py:183} INFO - Processing /opt/airflow/dags/main.py took 0.258 seconds
[2026-02-26T11:39:17.640+0000] {processor.py:161} INFO - Started process (PID=1898) to work on /opt/airflow/dags/main.py
[2026-02-26T11:39:17.642+0000] {processor.py:830} INFO - Processing file /opt/airflow/dags/main.py for tasks to queue
[2026-02-26T11:39:17.644+0000] {logging_mixin.py:188} INFO - [2026-02-26T11:39:17.644+0000] {dagbag.py:545} INFO - Filling up the DagBag from /opt/airflow/dags/main.py
[2026-02-26T11:39:17.739+0000] {processor.py:840} INFO - DAG(s) 'produce_json', 'update_db', 'data_quality_check' retrieved from /opt/airflow/dags/main.py
[2026-02-26T11:39:17.780+0000] {logging_mixin.py:188} INFO - [2026-02-26T11:39:17.780+0000] {dag.py:3096} INFO - Sync 3 DAGs
[2026-02-26T11:39:17.800+0000] {logging_mixin.py:188} INFO - [2026-02-26T11:39:17.799+0000] {dag.py:3954} INFO - Setting next_dagrun for data_quality_check to 2026-02-25 16:00:00+00:00, run_after=2026-02-26 16:00:00+00:00
[2026-02-26T11:39:17.804+0000] {logging_mixin.py:188} INFO - [2026-02-26T11:39:17.804+0000] {dag.py:3954} INFO - Setting next_dagrun for produce_json to 2026-02-25 14:00:00+00:00, run_after=2026-02-26 14:00:00+00:00
[2026-02-26T11:39:17.807+0000] {logging_mixin.py:188} INFO - [2026-02-26T11:39:17.807+0000] {dag.py:3954} INFO - Setting next_dagrun for update_db to 2026-02-25 15:00:00+00:00, run_after=2026-02-26 15:00:00+00:00
[2026-02-26T11:39:17.827+0000] {processor.py:183} INFO - Processing /opt/airflow/dags/main.py took 0.193 seconds
[2026-02-26T11:39:48.110+0000] {processor.py:161} INFO - Started process (PID=1906) to work on /opt/airflow/dags/main.py
[2026-02-26T11:39:48.112+0000] {processor.py:830} INFO - Processing file /opt/airflow/dags/main.py for tasks to queue
[2026-02-26T11:39:48.114+0000] {logging_mixin.py:188} INFO - [2026-02-26T11:39:48.114+0000] {dagbag.py:545} INFO - Filling up the DagBag from /opt/airflow/dags/main.py
[2026-02-26T11:39:48.520+0000] {processor.py:840} INFO - DAG(s) 'update_db', 'data_quality_check', 'produce_json' retrieved from /opt/airflow/dags/main.py
[2026-02-26T11:39:48.558+0000] {logging_mixin.py:188} INFO - [2026-02-26T11:39:48.558+0000] {dag.py:3096} INFO - Sync 3 DAGs
[2026-02-26T11:39:48.581+0000] {logging_mixin.py:188} INFO - [2026-02-26T11:39:48.581+0000] {dag.py:3954} INFO - Setting next_dagrun for data_quality_check to 2026-02-25 16:00:00+00:00, run_after=2026-02-26 16:00:00+00:00
[2026-02-26T11:39:48.587+0000] {logging_mixin.py:188} INFO - [2026-02-26T11:39:48.586+0000] {dag.py:3954} INFO - Setting next_dagrun for produce_json to 2026-02-25 14:00:00+00:00, run_after=2026-02-26 14:00:00+00:00
[2026-02-26T11:39:48.591+0000] {logging_mixin.py:188} INFO - [2026-02-26T11:39:48.590+0000] {dag.py:3954} INFO - Setting next_dagrun for update_db to 2026-02-25 15:00:00+00:00, run_after=2026-02-26 15:00:00+00:00
[2026-02-26T11:39:48.614+0000] {processor.py:183} INFO - Processing /opt/airflow/dags/main.py took 0.509 seconds
[2026-02-26T11:40:18.709+0000] {processor.py:161} INFO - Started process (PID=1920) to work on /opt/airflow/dags/main.py
[2026-02-26T11:40:18.711+0000] {processor.py:830} INFO - Processing file /opt/airflow/dags/main.py for tasks to queue
[2026-02-26T11:40:18.713+0000] {logging_mixin.py:188} INFO - [2026-02-26T11:40:18.712+0000] {dagbag.py:545} INFO - Filling up the DagBag from /opt/airflow/dags/main.py
[2026-02-26T11:40:18.823+0000] {processor.py:840} INFO - DAG(s) 'data_quality_check', 'produce_json', 'update_db' retrieved from /opt/airflow/dags/main.py
[2026-02-26T11:40:18.855+0000] {logging_mixin.py:188} INFO - [2026-02-26T11:40:18.854+0000] {dag.py:3096} INFO - Sync 3 DAGs
[2026-02-26T11:40:18.876+0000] {logging_mixin.py:188} INFO - [2026-02-26T11:40:18.876+0000] {dag.py:3954} INFO - Setting next_dagrun for data_quality_check to 2026-02-25 16:00:00+00:00, run_after=2026-02-26 16:00:00+00:00
[2026-02-26T11:40:18.881+0000] {logging_mixin.py:188} INFO - [2026-02-26T11:40:18.881+0000] {dag.py:3954} INFO - Setting next_dagrun for produce_json to 2026-02-25 14:00:00+00:00, run_after=2026-02-26 14:00:00+00:00
[2026-02-26T11:40:18.885+0000] {logging_mixin.py:188} INFO - [2026-02-26T11:40:18.885+0000] {dag.py:3954} INFO - Setting next_dagrun for update_db to 2026-02-25 15:00:00+00:00, run_after=2026-02-26 15:00:00+00:00
[2026-02-26T11:40:18.918+0000] {processor.py:183} INFO - Processing /opt/airflow/dags/main.py took 0.214 seconds
[2026-02-26T11:40:49.278+0000] {processor.py:161} INFO - Started process (PID=1928) to work on /opt/airflow/dags/main.py
[2026-02-26T11:40:49.279+0000] {processor.py:830} INFO - Processing file /opt/airflow/dags/main.py for tasks to queue
[2026-02-26T11:40:49.281+0000] {logging_mixin.py:188} INFO - [2026-02-26T11:40:49.281+0000] {dagbag.py:545} INFO - Filling up the DagBag from /opt/airflow/dags/main.py
[2026-02-26T11:40:49.393+0000] {processor.py:840} INFO - DAG(s) 'data_quality_check', 'produce_json', 'update_db' retrieved from /opt/airflow/dags/main.py
[2026-02-26T11:40:49.426+0000] {logging_mixin.py:188} INFO - [2026-02-26T11:40:49.426+0000] {dag.py:3096} INFO - Sync 3 DAGs
[2026-02-26T11:40:49.582+0000] {logging_mixin.py:188} INFO - [2026-02-26T11:40:49.582+0000] {dag.py:3954} INFO - Setting next_dagrun for data_quality_check to 2026-02-25 16:00:00+00:00, run_after=2026-02-26 16:00:00+00:00
[2026-02-26T11:40:49.590+0000] {logging_mixin.py:188} INFO - [2026-02-26T11:40:49.590+0000] {dag.py:3954} INFO - Setting next_dagrun for produce_json to 2026-02-25 14:00:00+00:00, run_after=2026-02-26 14:00:00+00:00
[2026-02-26T11:40:49.594+0000] {logging_mixin.py:188} INFO - [2026-02-26T11:40:49.594+0000] {dag.py:3954} INFO - Setting next_dagrun for update_db to 2026-02-25 15:00:00+00:00, run_after=2026-02-26 15:00:00+00:00
[2026-02-26T11:40:49.619+0000] {processor.py:183} INFO - Processing /opt/airflow/dags/main.py took 0.347 seconds
[2026-02-26T11:41:20.566+0000] {processor.py:161} INFO - Started process (PID=1936) to work on /opt/airflow/dags/main.py
[2026-02-26T11:41:20.567+0000] {processor.py:830} INFO - Processing file /opt/airflow/dags/main.py for tasks to queue
[2026-02-26T11:41:20.569+0000] {logging_mixin.py:188} INFO - [2026-02-26T11:41:20.569+0000] {dagbag.py:545} INFO - Filling up the DagBag from /opt/airflow/dags/main.py
[2026-02-26T11:41:20.668+0000] {processor.py:840} INFO - DAG(s) 'update_db', 'produce_json', 'data_quality_check' retrieved from /opt/airflow/dags/main.py
[2026-02-26T11:41:20.700+0000] {logging_mixin.py:188} INFO - [2026-02-26T11:41:20.700+0000] {dag.py:3096} INFO - Sync 3 DAGs
[2026-02-26T11:41:20.722+0000] {logging_mixin.py:188} INFO - [2026-02-26T11:41:20.722+0000] {dag.py:3954} INFO - Setting next_dagrun for data_quality_check to 2026-02-25 16:00:00+00:00, run_after=2026-02-26 16:00:00+00:00
[2026-02-26T11:41:20.727+0000] {logging_mixin.py:188} INFO - [2026-02-26T11:41:20.727+0000] {dag.py:3954} INFO - Setting next_dagrun for produce_json to 2026-02-25 14:00:00+00:00, run_after=2026-02-26 14:00:00+00:00
[2026-02-26T11:41:20.731+0000] {logging_mixin.py:188} INFO - [2026-02-26T11:41:20.731+0000] {dag.py:3954} INFO - Setting next_dagrun for update_db to 2026-02-25 15:00:00+00:00, run_after=2026-02-26 15:00:00+00:00
[2026-02-26T11:41:20.752+0000] {processor.py:183} INFO - Processing /opt/airflow/dags/main.py took 0.192 seconds
[2026-02-26T11:41:51.031+0000] {processor.py:161} INFO - Started process (PID=1944) to work on /opt/airflow/dags/main.py
[2026-02-26T11:41:51.032+0000] {processor.py:830} INFO - Processing file /opt/airflow/dags/main.py for tasks to queue
[2026-02-26T11:41:51.035+0000] {logging_mixin.py:188} INFO - [2026-02-26T11:41:51.034+0000] {dagbag.py:545} INFO - Filling up the DagBag from /opt/airflow/dags/main.py
[2026-02-26T11:41:51.200+0000] {processor.py:840} INFO - DAG(s) 'produce_json', 'update_db', 'data_quality_check' retrieved from /opt/airflow/dags/main.py
[2026-02-26T11:41:51.248+0000] {logging_mixin.py:188} INFO - [2026-02-26T11:41:51.248+0000] {dag.py:3096} INFO - Sync 3 DAGs
[2026-02-26T11:41:51.279+0000] {logging_mixin.py:188} INFO - [2026-02-26T11:41:51.278+0000] {dag.py:3954} INFO - Setting next_dagrun for data_quality_check to 2026-02-25 16:00:00+00:00, run_after=2026-02-26 16:00:00+00:00
[2026-02-26T11:41:51.285+0000] {logging_mixin.py:188} INFO - [2026-02-26T11:41:51.285+0000] {dag.py:3954} INFO - Setting next_dagrun for produce_json to 2026-02-25 14:00:00+00:00, run_after=2026-02-26 14:00:00+00:00
[2026-02-26T11:41:51.291+0000] {logging_mixin.py:188} INFO - [2026-02-26T11:41:51.290+0000] {dag.py:3954} INFO - Setting next_dagrun for update_db to 2026-02-25 15:00:00+00:00, run_after=2026-02-26 15:00:00+00:00
[2026-02-26T11:41:51.314+0000] {processor.py:183} INFO - Processing /opt/airflow/dags/main.py took 0.293 seconds
[2026-02-26T11:42:21.411+0000] {processor.py:161} INFO - Started process (PID=1952) to work on /opt/airflow/dags/main.py
[2026-02-26T11:42:21.412+0000] {processor.py:830} INFO - Processing file /opt/airflow/dags/main.py for tasks to queue
[2026-02-26T11:42:21.415+0000] {logging_mixin.py:188} INFO - [2026-02-26T11:42:21.415+0000] {dagbag.py:545} INFO - Filling up the DagBag from /opt/airflow/dags/main.py
[2026-02-26T11:42:21.502+0000] {processor.py:840} INFO - DAG(s) 'update_db', 'produce_json', 'data_quality_check' retrieved from /opt/airflow/dags/main.py
[2026-02-26T11:42:21.538+0000] {logging_mixin.py:188} INFO - [2026-02-26T11:42:21.538+0000] {dag.py:3096} INFO - Sync 3 DAGs
[2026-02-26T11:42:21.561+0000] {logging_mixin.py:188} INFO - [2026-02-26T11:42:21.561+0000] {dag.py:3954} INFO - Setting next_dagrun for data_quality_check to 2026-02-25 16:00:00+00:00, run_after=2026-02-26 16:00:00+00:00
[2026-02-26T11:42:21.567+0000] {logging_mixin.py:188} INFO - [2026-02-26T11:42:21.567+0000] {dag.py:3954} INFO - Setting next_dagrun for produce_json to 2026-02-25 14:00:00+00:00, run_after=2026-02-26 14:00:00+00:00
[2026-02-26T11:42:21.570+0000] {logging_mixin.py:188} INFO - [2026-02-26T11:42:21.570+0000] {dag.py:3954} INFO - Setting next_dagrun for update_db to 2026-02-25 15:00:00+00:00, run_after=2026-02-26 15:00:00+00:00
[2026-02-26T11:42:21.602+0000] {processor.py:183} INFO - Processing /opt/airflow/dags/main.py took 0.196 seconds
[2026-02-26T11:42:51.845+0000] {processor.py:161} INFO - Started process (PID=1961) to work on /opt/airflow/dags/main.py
[2026-02-26T11:42:51.846+0000] {processor.py:830} INFO - Processing file /opt/airflow/dags/main.py for tasks to queue
[2026-02-26T11:42:51.850+0000] {logging_mixin.py:188} INFO - [2026-02-26T11:42:51.850+0000] {dagbag.py:545} INFO - Filling up the DagBag from /opt/airflow/dags/main.py
[2026-02-26T11:42:52.007+0000] {processor.py:840} INFO - DAG(s) 'update_db', 'data_quality_check', 'produce_json' retrieved from /opt/airflow/dags/main.py
[2026-02-26T11:42:52.065+0000] {logging_mixin.py:188} INFO - [2026-02-26T11:42:52.064+0000] {dag.py:3096} INFO - Sync 3 DAGs
[2026-02-26T11:42:52.100+0000] {logging_mixin.py:188} INFO - [2026-02-26T11:42:52.099+0000] {dag.py:3954} INFO - Setting next_dagrun for data_quality_check to 2026-02-25 16:00:00+00:00, run_after=2026-02-26 16:00:00+00:00
[2026-02-26T11:42:52.108+0000] {logging_mixin.py:188} INFO - [2026-02-26T11:42:52.108+0000] {dag.py:3954} INFO - Setting next_dagrun for produce_json to 2026-02-25 14:00:00+00:00, run_after=2026-02-26 14:00:00+00:00
[2026-02-26T11:42:52.112+0000] {logging_mixin.py:188} INFO - [2026-02-26T11:42:52.112+0000] {dag.py:3954} INFO - Setting next_dagrun for update_db to 2026-02-25 15:00:00+00:00, run_after=2026-02-26 15:00:00+00:00
[2026-02-26T11:42:52.134+0000] {processor.py:183} INFO - Processing /opt/airflow/dags/main.py took 0.296 seconds
[2026-02-26T11:43:22.214+0000] {processor.py:161} INFO - Started process (PID=1969) to work on /opt/airflow/dags/main.py
[2026-02-26T11:43:22.215+0000] {processor.py:830} INFO - Processing file /opt/airflow/dags/main.py for tasks to queue
[2026-02-26T11:43:22.217+0000] {logging_mixin.py:188} INFO - [2026-02-26T11:43:22.217+0000] {dagbag.py:545} INFO - Filling up the DagBag from /opt/airflow/dags/main.py
[2026-02-26T11:43:22.301+0000] {processor.py:840} INFO - DAG(s) 'produce_json', 'data_quality_check', 'update_db' retrieved from /opt/airflow/dags/main.py
[2026-02-26T11:43:22.332+0000] {logging_mixin.py:188} INFO - [2026-02-26T11:43:22.331+0000] {dag.py:3096} INFO - Sync 3 DAGs
[2026-02-26T11:43:22.359+0000] {logging_mixin.py:188} INFO - [2026-02-26T11:43:22.358+0000] {dag.py:3954} INFO - Setting next_dagrun for data_quality_check to 2026-02-25 16:00:00+00:00, run_after=2026-02-26 16:00:00+00:00
[2026-02-26T11:43:22.364+0000] {logging_mixin.py:188} INFO - [2026-02-26T11:43:22.363+0000] {dag.py:3954} INFO - Setting next_dagrun for produce_json to 2026-02-25 14:00:00+00:00, run_after=2026-02-26 14:00:00+00:00
[2026-02-26T11:43:22.367+0000] {logging_mixin.py:188} INFO - [2026-02-26T11:43:22.366+0000] {dag.py:3954} INFO - Setting next_dagrun for update_db to 2026-02-25 15:00:00+00:00, run_after=2026-02-26 15:00:00+00:00
[2026-02-26T11:43:22.524+0000] {processor.py:183} INFO - Processing /opt/airflow/dags/main.py took 0.315 seconds
[2026-02-26T11:43:52.634+0000] {processor.py:161} INFO - Started process (PID=1977) to work on /opt/airflow/dags/main.py
[2026-02-26T11:43:52.635+0000] {processor.py:830} INFO - Processing file /opt/airflow/dags/main.py for tasks to queue
[2026-02-26T11:43:52.638+0000] {logging_mixin.py:188} INFO - [2026-02-26T11:43:52.637+0000] {dagbag.py:545} INFO - Filling up the DagBag from /opt/airflow/dags/main.py
[2026-02-26T11:43:52.752+0000] {processor.py:840} INFO - DAG(s) 'produce_json', 'update_db', 'data_quality_check' retrieved from /opt/airflow/dags/main.py
[2026-02-26T11:43:52.803+0000] {logging_mixin.py:188} INFO - [2026-02-26T11:43:52.803+0000] {dag.py:3096} INFO - Sync 3 DAGs
[2026-02-26T11:43:52.837+0000] {logging_mixin.py:188} INFO - [2026-02-26T11:43:52.836+0000] {dag.py:3954} INFO - Setting next_dagrun for data_quality_check to 2026-02-25 16:00:00+00:00, run_after=2026-02-26 16:00:00+00:00
[2026-02-26T11:43:52.843+0000] {logging_mixin.py:188} INFO - [2026-02-26T11:43:52.843+0000] {dag.py:3954} INFO - Setting next_dagrun for produce_json to 2026-02-25 14:00:00+00:00, run_after=2026-02-26 14:00:00+00:00
[2026-02-26T11:43:52.846+0000] {logging_mixin.py:188} INFO - [2026-02-26T11:43:52.846+0000] {dag.py:3954} INFO - Setting next_dagrun for update_db to 2026-02-25 15:00:00+00:00, run_after=2026-02-26 15:00:00+00:00
[2026-02-26T11:43:52.864+0000] {processor.py:183} INFO - Processing /opt/airflow/dags/main.py took 0.237 seconds
[2026-02-26T11:44:23.009+0000] {processor.py:161} INFO - Started process (PID=1985) to work on /opt/airflow/dags/main.py
[2026-02-26T11:44:23.010+0000] {processor.py:830} INFO - Processing file /opt/airflow/dags/main.py for tasks to queue
[2026-02-26T11:44:23.013+0000] {logging_mixin.py:188} INFO - [2026-02-26T11:44:23.012+0000] {dagbag.py:545} INFO - Filling up the DagBag from /opt/airflow/dags/main.py
[2026-02-26T11:44:23.110+0000] {processor.py:840} INFO - DAG(s) 'data_quality_check', 'update_db', 'produce_json' retrieved from /opt/airflow/dags/main.py
[2026-02-26T11:44:23.144+0000] {logging_mixin.py:188} INFO - [2026-02-26T11:44:23.144+0000] {dag.py:3096} INFO - Sync 3 DAGs
[2026-02-26T11:44:23.168+0000] {logging_mixin.py:188} INFO - [2026-02-26T11:44:23.168+0000] {dag.py:3954} INFO - Setting next_dagrun for data_quality_check to 2026-02-25 16:00:00+00:00, run_after=2026-02-26 16:00:00+00:00
[2026-02-26T11:44:23.175+0000] {logging_mixin.py:188} INFO - [2026-02-26T11:44:23.175+0000] {dag.py:3954} INFO - Setting next_dagrun for produce_json to 2026-02-25 14:00:00+00:00, run_after=2026-02-26 14:00:00+00:00
[2026-02-26T11:44:23.179+0000] {logging_mixin.py:188} INFO - [2026-02-26T11:44:23.178+0000] {dag.py:3954} INFO - Setting next_dagrun for update_db to 2026-02-25 15:00:00+00:00, run_after=2026-02-26 15:00:00+00:00
[2026-02-26T11:44:23.197+0000] {processor.py:183} INFO - Processing /opt/airflow/dags/main.py took 0.194 seconds
[2026-02-26T11:44:53.301+0000] {processor.py:161} INFO - Started process (PID=1993) to work on /opt/airflow/dags/main.py
[2026-02-26T11:44:53.302+0000] {processor.py:830} INFO - Processing file /opt/airflow/dags/main.py for tasks to queue
[2026-02-26T11:44:53.304+0000] {logging_mixin.py:188} INFO - [2026-02-26T11:44:53.304+0000] {dagbag.py:545} INFO - Filling up the DagBag from /opt/airflow/dags/main.py
[2026-02-26T11:44:53.402+0000] {processor.py:840} INFO - DAG(s) 'data_quality_check', 'update_db', 'produce_json' retrieved from /opt/airflow/dags/main.py
[2026-02-26T11:44:53.436+0000] {logging_mixin.py:188} INFO - [2026-02-26T11:44:53.436+0000] {dag.py:3096} INFO - Sync 3 DAGs
[2026-02-26T11:44:53.458+0000] {logging_mixin.py:188} INFO - [2026-02-26T11:44:53.458+0000] {dag.py:3954} INFO - Setting next_dagrun for data_quality_check to 2026-02-25 16:00:00+00:00, run_after=2026-02-26 16:00:00+00:00
[2026-02-26T11:44:53.464+0000] {logging_mixin.py:188} INFO - [2026-02-26T11:44:53.464+0000] {dag.py:3954} INFO - Setting next_dagrun for produce_json to 2026-02-25 14:00:00+00:00, run_after=2026-02-26 14:00:00+00:00
[2026-02-26T11:44:53.467+0000] {logging_mixin.py:188} INFO - [2026-02-26T11:44:53.467+0000] {dag.py:3954} INFO - Setting next_dagrun for update_db to 2026-02-25 15:00:00+00:00, run_after=2026-02-26 15:00:00+00:00
[2026-02-26T11:44:53.488+0000] {processor.py:183} INFO - Processing /opt/airflow/dags/main.py took 0.196 seconds
[2026-02-26T11:45:23.798+0000] {processor.py:161} INFO - Started process (PID=2001) to work on /opt/airflow/dags/main.py
[2026-02-26T11:45:23.799+0000] {processor.py:830} INFO - Processing file /opt/airflow/dags/main.py for tasks to queue
[2026-02-26T11:45:23.802+0000] {logging_mixin.py:188} INFO - [2026-02-26T11:45:23.801+0000] {dagbag.py:545} INFO - Filling up the DagBag from /opt/airflow/dags/main.py
[2026-02-26T11:45:23.914+0000] {processor.py:840} INFO - DAG(s) 'data_quality_check', 'update_db', 'produce_json' retrieved from /opt/airflow/dags/main.py
[2026-02-26T11:45:23.948+0000] {logging_mixin.py:188} INFO - [2026-02-26T11:45:23.948+0000] {dag.py:3096} INFO - Sync 3 DAGs
[2026-02-26T11:45:23.971+0000] {logging_mixin.py:188} INFO - [2026-02-26T11:45:23.971+0000] {dag.py:3954} INFO - Setting next_dagrun for data_quality_check to 2026-02-25 16:00:00+00:00, run_after=2026-02-26 16:00:00+00:00
[2026-02-26T11:45:23.977+0000] {logging_mixin.py:188} INFO - [2026-02-26T11:45:23.976+0000] {dag.py:3954} INFO - Setting next_dagrun for produce_json to 2026-02-25 14:00:00+00:00, run_after=2026-02-26 14:00:00+00:00
[2026-02-26T11:45:23.980+0000] {logging_mixin.py:188} INFO - [2026-02-26T11:45:23.979+0000] {dag.py:3954} INFO - Setting next_dagrun for update_db to 2026-02-25 15:00:00+00:00, run_after=2026-02-26 15:00:00+00:00
[2026-02-26T11:45:23.999+0000] {processor.py:183} INFO - Processing /opt/airflow/dags/main.py took 0.207 seconds
[2026-02-26T11:45:54.296+0000] {processor.py:161} INFO - Started process (PID=2009) to work on /opt/airflow/dags/main.py
[2026-02-26T11:45:54.298+0000] {processor.py:830} INFO - Processing file /opt/airflow/dags/main.py for tasks to queue
[2026-02-26T11:45:54.300+0000] {logging_mixin.py:188} INFO - [2026-02-26T11:45:54.300+0000] {dagbag.py:545} INFO - Filling up the DagBag from /opt/airflow/dags/main.py
[2026-02-26T11:45:54.402+0000] {processor.py:840} INFO - DAG(s) 'produce_json', 'update_db', 'data_quality_check' retrieved from /opt/airflow/dags/main.py
[2026-02-26T11:45:54.436+0000] {logging_mixin.py:188} INFO - [2026-02-26T11:45:54.436+0000] {dag.py:3096} INFO - Sync 3 DAGs
[2026-02-26T11:45:54.460+0000] {logging_mixin.py:188} INFO - [2026-02-26T11:45:54.459+0000] {dag.py:3954} INFO - Setting next_dagrun for data_quality_check to 2026-02-25 16:00:00+00:00, run_after=2026-02-26 16:00:00+00:00
[2026-02-26T11:45:54.465+0000] {logging_mixin.py:188} INFO - [2026-02-26T11:45:54.465+0000] {dag.py:3954} INFO - Setting next_dagrun for produce_json to 2026-02-25 14:00:00+00:00, run_after=2026-02-26 14:00:00+00:00
[2026-02-26T11:45:54.468+0000] {logging_mixin.py:188} INFO - [2026-02-26T11:45:54.468+0000] {dag.py:3954} INFO - Setting next_dagrun for update_db to 2026-02-25 15:00:00+00:00, run_after=2026-02-26 15:00:00+00:00
[2026-02-26T11:45:54.498+0000] {processor.py:183} INFO - Processing /opt/airflow/dags/main.py took 0.209 seconds
[2026-02-26T11:46:24.667+0000] {processor.py:161} INFO - Started process (PID=2017) to work on /opt/airflow/dags/main.py
[2026-02-26T11:46:24.668+0000] {processor.py:830} INFO - Processing file /opt/airflow/dags/main.py for tasks to queue
[2026-02-26T11:46:24.670+0000] {logging_mixin.py:188} INFO - [2026-02-26T11:46:24.669+0000] {dagbag.py:545} INFO - Filling up the DagBag from /opt/airflow/dags/main.py
[2026-02-26T11:46:24.758+0000] {processor.py:840} INFO - DAG(s) 'update_db', 'data_quality_check', 'produce_json' retrieved from /opt/airflow/dags/main.py
[2026-02-26T11:46:24.790+0000] {logging_mixin.py:188} INFO - [2026-02-26T11:46:24.789+0000] {dag.py:3096} INFO - Sync 3 DAGs
[2026-02-26T11:46:24.812+0000] {logging_mixin.py:188} INFO - [2026-02-26T11:46:24.811+0000] {dag.py:3954} INFO - Setting next_dagrun for data_quality_check to 2026-02-25 16:00:00+00:00, run_after=2026-02-26 16:00:00+00:00
[2026-02-26T11:46:24.817+0000] {logging_mixin.py:188} INFO - [2026-02-26T11:46:24.816+0000] {dag.py:3954} INFO - Setting next_dagrun for produce_json to 2026-02-25 14:00:00+00:00, run_after=2026-02-26 14:00:00+00:00
[2026-02-26T11:46:24.820+0000] {logging_mixin.py:188} INFO - [2026-02-26T11:46:24.820+0000] {dag.py:3954} INFO - Setting next_dagrun for update_db to 2026-02-25 15:00:00+00:00, run_after=2026-02-26 15:00:00+00:00
[2026-02-26T11:46:24.963+0000] {processor.py:183} INFO - Processing /opt/airflow/dags/main.py took 0.302 seconds
[2026-02-26T11:46:55.029+0000] {processor.py:161} INFO - Started process (PID=2025) to work on /opt/airflow/dags/main.py
[2026-02-26T11:46:55.030+0000] {processor.py:830} INFO - Processing file /opt/airflow/dags/main.py for tasks to queue
[2026-02-26T11:46:55.032+0000] {logging_mixin.py:188} INFO - [2026-02-26T11:46:55.032+0000] {dagbag.py:545} INFO - Filling up the DagBag from /opt/airflow/dags/main.py
[2026-02-26T11:46:55.121+0000] {processor.py:840} INFO - DAG(s) 'update_db', 'produce_json', 'data_quality_check' retrieved from /opt/airflow/dags/main.py
[2026-02-26T11:46:55.151+0000] {logging_mixin.py:188} INFO - [2026-02-26T11:46:55.151+0000] {dag.py:3096} INFO - Sync 3 DAGs
[2026-02-26T11:46:55.173+0000] {logging_mixin.py:188} INFO - [2026-02-26T11:46:55.173+0000] {dag.py:3954} INFO - Setting next_dagrun for data_quality_check to 2026-02-25 16:00:00+00:00, run_after=2026-02-26 16:00:00+00:00
[2026-02-26T11:46:55.179+0000] {logging_mixin.py:188} INFO - [2026-02-26T11:46:55.179+0000] {dag.py:3954} INFO - Setting next_dagrun for produce_json to 2026-02-25 14:00:00+00:00, run_after=2026-02-26 14:00:00+00:00
[2026-02-26T11:46:55.182+0000] {logging_mixin.py:188} INFO - [2026-02-26T11:46:55.182+0000] {dag.py:3954} INFO - Setting next_dagrun for update_db to 2026-02-25 15:00:00+00:00, run_after=2026-02-26 15:00:00+00:00
[2026-02-26T11:46:55.212+0000] {processor.py:183} INFO - Processing /opt/airflow/dags/main.py took 0.188 seconds
[2026-02-26T11:47:25.505+0000] {processor.py:161} INFO - Started process (PID=2033) to work on /opt/airflow/dags/main.py
[2026-02-26T11:47:25.506+0000] {processor.py:830} INFO - Processing file /opt/airflow/dags/main.py for tasks to queue
[2026-02-26T11:47:25.508+0000] {logging_mixin.py:188} INFO - [2026-02-26T11:47:25.508+0000] {dagbag.py:545} INFO - Filling up the DagBag from /opt/airflow/dags/main.py
[2026-02-26T11:47:25.605+0000] {processor.py:840} INFO - DAG(s) 'produce_json', 'update_db', 'data_quality_check' retrieved from /opt/airflow/dags/main.py
[2026-02-26T11:47:25.641+0000] {logging_mixin.py:188} INFO - [2026-02-26T11:47:25.641+0000] {dag.py:3096} INFO - Sync 3 DAGs
[2026-02-26T11:47:25.661+0000] {logging_mixin.py:188} INFO - [2026-02-26T11:47:25.661+0000] {dag.py:3954} INFO - Setting next_dagrun for data_quality_check to 2026-02-25 16:00:00+00:00, run_after=2026-02-26 16:00:00+00:00
[2026-02-26T11:47:25.666+0000] {logging_mixin.py:188} INFO - [2026-02-26T11:47:25.666+0000] {dag.py:3954} INFO - Setting next_dagrun for produce_json to 2026-02-25 14:00:00+00:00, run_after=2026-02-26 14:00:00+00:00
[2026-02-26T11:47:25.670+0000] {logging_mixin.py:188} INFO - [2026-02-26T11:47:25.669+0000] {dag.py:3954} INFO - Setting next_dagrun for update_db to 2026-02-25 15:00:00+00:00, run_after=2026-02-26 15:00:00+00:00
[2026-02-26T11:47:25.698+0000] {processor.py:183} INFO - Processing /opt/airflow/dags/main.py took 0.199 seconds
[2026-02-26T11:47:55.798+0000] {processor.py:161} INFO - Started process (PID=2041) to work on /opt/airflow/dags/main.py
[2026-02-26T11:47:55.799+0000] {processor.py:830} INFO - Processing file /opt/airflow/dags/main.py for tasks to queue
[2026-02-26T11:47:55.801+0000] {logging_mixin.py:188} INFO - [2026-02-26T11:47:55.801+0000] {dagbag.py:545} INFO - Filling up the DagBag from /opt/airflow/dags/main.py
[2026-02-26T11:47:55.894+0000] {processor.py:840} INFO - DAG(s) 'produce_json', 'update_db', 'data_quality_check' retrieved from /opt/airflow/dags/main.py
[2026-02-26T11:47:55.924+0000] {logging_mixin.py:188} INFO - [2026-02-26T11:47:55.924+0000] {dag.py:3096} INFO - Sync 3 DAGs
[2026-02-26T11:47:55.945+0000] {logging_mixin.py:188} INFO - [2026-02-26T11:47:55.945+0000] {dag.py:3954} INFO - Setting next_dagrun for data_quality_check to 2026-02-25 16:00:00+00:00, run_after=2026-02-26 16:00:00+00:00
[2026-02-26T11:47:55.950+0000] {logging_mixin.py:188} INFO - [2026-02-26T11:47:55.950+0000] {dag.py:3954} INFO - Setting next_dagrun for produce_json to 2026-02-25 14:00:00+00:00, run_after=2026-02-26 14:00:00+00:00
[2026-02-26T11:47:55.953+0000] {logging_mixin.py:188} INFO - [2026-02-26T11:47:55.953+0000] {dag.py:3954} INFO - Setting next_dagrun for update_db to 2026-02-25 15:00:00+00:00, run_after=2026-02-26 15:00:00+00:00
[2026-02-26T11:47:55.973+0000] {processor.py:183} INFO - Processing /opt/airflow/dags/main.py took 0.180 seconds
[2026-02-26T11:48:26.249+0000] {processor.py:161} INFO - Started process (PID=2049) to work on /opt/airflow/dags/main.py
[2026-02-26T11:48:26.251+0000] {processor.py:830} INFO - Processing file /opt/airflow/dags/main.py for tasks to queue
[2026-02-26T11:48:26.253+0000] {logging_mixin.py:188} INFO - [2026-02-26T11:48:26.252+0000] {dagbag.py:545} INFO - Filling up the DagBag from /opt/airflow/dags/main.py
[2026-02-26T11:48:26.340+0000] {processor.py:840} INFO - DAG(s) 'produce_json', 'update_db', 'data_quality_check' retrieved from /opt/airflow/dags/main.py
[2026-02-26T11:48:26.371+0000] {logging_mixin.py:188} INFO - [2026-02-26T11:48:26.371+0000] {dag.py:3096} INFO - Sync 3 DAGs
[2026-02-26T11:48:26.393+0000] {logging_mixin.py:188} INFO - [2026-02-26T11:48:26.393+0000] {dag.py:3954} INFO - Setting next_dagrun for data_quality_check to 2026-02-25 16:00:00+00:00, run_after=2026-02-26 16:00:00+00:00
[2026-02-26T11:48:26.398+0000] {logging_mixin.py:188} INFO - [2026-02-26T11:48:26.398+0000] {dag.py:3954} INFO - Setting next_dagrun for produce_json to 2026-02-25 14:00:00+00:00, run_after=2026-02-26 14:00:00+00:00
[2026-02-26T11:48:26.403+0000] {logging_mixin.py:188} INFO - [2026-02-26T11:48:26.403+0000] {dag.py:3954} INFO - Setting next_dagrun for update_db to 2026-02-25 15:00:00+00:00, run_after=2026-02-26 15:00:00+00:00
[2026-02-26T11:48:26.424+0000] {processor.py:183} INFO - Processing /opt/airflow/dags/main.py took 0.180 seconds
[2026-02-26T11:48:56.723+0000] {processor.py:161} INFO - Started process (PID=2057) to work on /opt/airflow/dags/main.py
[2026-02-26T11:48:56.724+0000] {processor.py:830} INFO - Processing file /opt/airflow/dags/main.py for tasks to queue
[2026-02-26T11:48:56.728+0000] {logging_mixin.py:188} INFO - [2026-02-26T11:48:56.727+0000] {dagbag.py:545} INFO - Filling up the DagBag from /opt/airflow/dags/main.py
[2026-02-26T11:48:56.853+0000] {processor.py:840} INFO - DAG(s) 'produce_json', 'data_quality_check', 'update_db' retrieved from /opt/airflow/dags/main.py
[2026-02-26T11:48:56.884+0000] {logging_mixin.py:188} INFO - [2026-02-26T11:48:56.884+0000] {dag.py:3096} INFO - Sync 3 DAGs
[2026-02-26T11:48:56.904+0000] {logging_mixin.py:188} INFO - [2026-02-26T11:48:56.904+0000] {dag.py:3954} INFO - Setting next_dagrun for data_quality_check to 2026-02-25 16:00:00+00:00, run_after=2026-02-26 16:00:00+00:00
[2026-02-26T11:48:56.910+0000] {logging_mixin.py:188} INFO - [2026-02-26T11:48:56.910+0000] {dag.py:3954} INFO - Setting next_dagrun for produce_json to 2026-02-25 14:00:00+00:00, run_after=2026-02-26 14:00:00+00:00
[2026-02-26T11:48:56.913+0000] {logging_mixin.py:188} INFO - [2026-02-26T11:48:56.913+0000] {dag.py:3954} INFO - Setting next_dagrun for update_db to 2026-02-25 15:00:00+00:00, run_after=2026-02-26 15:00:00+00:00
[2026-02-26T11:48:56.932+0000] {processor.py:183} INFO - Processing /opt/airflow/dags/main.py took 0.218 seconds
[2026-02-26T11:49:26.984+0000] {processor.py:161} INFO - Started process (PID=2065) to work on /opt/airflow/dags/main.py
[2026-02-26T11:49:26.986+0000] {processor.py:830} INFO - Processing file /opt/airflow/dags/main.py for tasks to queue
[2026-02-26T11:49:26.988+0000] {logging_mixin.py:188} INFO - [2026-02-26T11:49:26.988+0000] {dagbag.py:545} INFO - Filling up the DagBag from /opt/airflow/dags/main.py
[2026-02-26T11:49:27.100+0000] {processor.py:840} INFO - DAG(s) 'data_quality_check', 'update_db', 'produce_json' retrieved from /opt/airflow/dags/main.py
[2026-02-26T11:49:27.138+0000] {logging_mixin.py:188} INFO - [2026-02-26T11:49:27.138+0000] {dag.py:3096} INFO - Sync 3 DAGs
[2026-02-26T11:49:27.164+0000] {logging_mixin.py:188} INFO - [2026-02-26T11:49:27.164+0000] {dag.py:3954} INFO - Setting next_dagrun for data_quality_check to 2026-02-25 16:00:00+00:00, run_after=2026-02-26 16:00:00+00:00
[2026-02-26T11:49:27.170+0000] {logging_mixin.py:188} INFO - [2026-02-26T11:49:27.170+0000] {dag.py:3954} INFO - Setting next_dagrun for produce_json to 2026-02-25 14:00:00+00:00, run_after=2026-02-26 14:00:00+00:00
[2026-02-26T11:49:27.174+0000] {logging_mixin.py:188} INFO - [2026-02-26T11:49:27.174+0000] {dag.py:3954} INFO - Setting next_dagrun for update_db to 2026-02-25 15:00:00+00:00, run_after=2026-02-26 15:00:00+00:00
[2026-02-26T11:49:27.355+0000] {processor.py:183} INFO - Processing /opt/airflow/dags/main.py took 0.378 seconds
[2026-02-26T11:49:57.477+0000] {processor.py:161} INFO - Started process (PID=2073) to work on /opt/airflow/dags/main.py
[2026-02-26T11:49:57.478+0000] {processor.py:830} INFO - Processing file /opt/airflow/dags/main.py for tasks to queue
[2026-02-26T11:49:57.481+0000] {logging_mixin.py:188} INFO - [2026-02-26T11:49:57.481+0000] {dagbag.py:545} INFO - Filling up the DagBag from /opt/airflow/dags/main.py
[2026-02-26T11:49:57.569+0000] {processor.py:840} INFO - DAG(s) 'data_quality_check', 'produce_json', 'update_db' retrieved from /opt/airflow/dags/main.py
[2026-02-26T11:49:57.600+0000] {logging_mixin.py:188} INFO - [2026-02-26T11:49:57.600+0000] {dag.py:3096} INFO - Sync 3 DAGs
[2026-02-26T11:49:57.746+0000] {logging_mixin.py:188} INFO - [2026-02-26T11:49:57.745+0000] {dag.py:3954} INFO - Setting next_dagrun for data_quality_check to 2026-02-25 16:00:00+00:00, run_after=2026-02-26 16:00:00+00:00
[2026-02-26T11:49:57.751+0000] {logging_mixin.py:188} INFO - [2026-02-26T11:49:57.751+0000] {dag.py:3954} INFO - Setting next_dagrun for produce_json to 2026-02-25 14:00:00+00:00, run_after=2026-02-26 14:00:00+00:00
[2026-02-26T11:49:57.755+0000] {logging_mixin.py:188} INFO - [2026-02-26T11:49:57.754+0000] {dag.py:3954} INFO - Setting next_dagrun for update_db to 2026-02-25 15:00:00+00:00, run_after=2026-02-26 15:00:00+00:00
[2026-02-26T11:49:57.781+0000] {processor.py:183} INFO - Processing /opt/airflow/dags/main.py took 0.309 seconds
[2026-02-26T11:50:27.984+0000] {processor.py:161} INFO - Started process (PID=2081) to work on /opt/airflow/dags/main.py
[2026-02-26T11:50:27.986+0000] {processor.py:830} INFO - Processing file /opt/airflow/dags/main.py for tasks to queue
[2026-02-26T11:50:27.989+0000] {logging_mixin.py:188} INFO - [2026-02-26T11:50:27.988+0000] {dagbag.py:545} INFO - Filling up the DagBag from /opt/airflow/dags/main.py
[2026-02-26T11:50:28.137+0000] {processor.py:840} INFO - DAG(s) 'produce_json', 'data_quality_check', 'update_db' retrieved from /opt/airflow/dags/main.py
[2026-02-26T11:50:28.166+0000] {logging_mixin.py:188} INFO - [2026-02-26T11:50:28.166+0000] {dag.py:3096} INFO - Sync 3 DAGs
[2026-02-26T11:50:28.186+0000] {logging_mixin.py:188} INFO - [2026-02-26T11:50:28.186+0000] {dag.py:3954} INFO - Setting next_dagrun for data_quality_check to 2026-02-25 16:00:00+00:00, run_after=2026-02-26 16:00:00+00:00
[2026-02-26T11:50:28.191+0000] {logging_mixin.py:188} INFO - [2026-02-26T11:50:28.190+0000] {dag.py:3954} INFO - Setting next_dagrun for produce_json to 2026-02-25 14:00:00+00:00, run_after=2026-02-26 14:00:00+00:00
[2026-02-26T11:50:28.194+0000] {logging_mixin.py:188} INFO - [2026-02-26T11:50:28.194+0000] {dag.py:3954} INFO - Setting next_dagrun for update_db to 2026-02-25 15:00:00+00:00, run_after=2026-02-26 15:00:00+00:00
[2026-02-26T11:50:28.223+0000] {processor.py:183} INFO - Processing /opt/airflow/dags/main.py took 0.249 seconds
[2026-02-26T11:50:58.359+0000] {processor.py:161} INFO - Started process (PID=2089) to work on /opt/airflow/dags/main.py
[2026-02-26T11:50:58.360+0000] {processor.py:830} INFO - Processing file /opt/airflow/dags/main.py for tasks to queue
[2026-02-26T11:50:58.363+0000] {logging_mixin.py:188} INFO - [2026-02-26T11:50:58.362+0000] {dagbag.py:545} INFO - Filling up the DagBag from /opt/airflow/dags/main.py
[2026-02-26T11:50:58.456+0000] {processor.py:840} INFO - DAG(s) 'produce_json', 'data_quality_check', 'update_db' retrieved from /opt/airflow/dags/main.py
[2026-02-26T11:50:58.485+0000] {logging_mixin.py:188} INFO - [2026-02-26T11:50:58.485+0000] {dag.py:3096} INFO - Sync 3 DAGs
[2026-02-26T11:50:58.505+0000] {logging_mixin.py:188} INFO - [2026-02-26T11:50:58.505+0000] {dag.py:3954} INFO - Setting next_dagrun for data_quality_check to 2026-02-25 16:00:00+00:00, run_after=2026-02-26 16:00:00+00:00
[2026-02-26T11:50:58.510+0000] {logging_mixin.py:188} INFO - [2026-02-26T11:50:58.510+0000] {dag.py:3954} INFO - Setting next_dagrun for produce_json to 2026-02-25 14:00:00+00:00, run_after=2026-02-26 14:00:00+00:00
[2026-02-26T11:50:58.513+0000] {logging_mixin.py:188} INFO - [2026-02-26T11:50:58.513+0000] {dag.py:3954} INFO - Setting next_dagrun for update_db to 2026-02-25 15:00:00+00:00, run_after=2026-02-26 15:00:00+00:00
[2026-02-26T11:50:58.533+0000] {processor.py:183} INFO - Processing /opt/airflow/dags/main.py took 0.180 seconds
[2026-02-26T11:51:28.840+0000] {processor.py:161} INFO - Started process (PID=2097) to work on /opt/airflow/dags/main.py
[2026-02-26T11:51:28.841+0000] {processor.py:830} INFO - Processing file /opt/airflow/dags/main.py for tasks to queue
[2026-02-26T11:51:28.843+0000] {logging_mixin.py:188} INFO - [2026-02-26T11:51:28.843+0000] {dagbag.py:545} INFO - Filling up the DagBag from /opt/airflow/dags/main.py
[2026-02-26T11:51:28.981+0000] {processor.py:840} INFO - DAG(s) 'produce_json', 'data_quality_check', 'update_db' retrieved from /opt/airflow/dags/main.py
[2026-02-26T11:51:29.016+0000] {logging_mixin.py:188} INFO - [2026-02-26T11:51:29.016+0000] {dag.py:3096} INFO - Sync 3 DAGs
[2026-02-26T11:51:29.040+0000] {logging_mixin.py:188} INFO - [2026-02-26T11:51:29.039+0000] {dag.py:3954} INFO - Setting next_dagrun for data_quality_check to 2026-02-25 16:00:00+00:00, run_after=2026-02-26 16:00:00+00:00
[2026-02-26T11:51:29.045+0000] {logging_mixin.py:188} INFO - [2026-02-26T11:51:29.044+0000] {dag.py:3954} INFO - Setting next_dagrun for produce_json to 2026-02-25 14:00:00+00:00, run_after=2026-02-26 14:00:00+00:00
[2026-02-26T11:51:29.048+0000] {logging_mixin.py:188} INFO - [2026-02-26T11:51:29.048+0000] {dag.py:3954} INFO - Setting next_dagrun for update_db to 2026-02-25 15:00:00+00:00, run_after=2026-02-26 15:00:00+00:00
[2026-02-26T11:51:29.068+0000] {processor.py:183} INFO - Processing /opt/airflow/dags/main.py took 0.234 seconds
[2026-02-26T11:51:59.171+0000] {processor.py:161} INFO - Started process (PID=2105) to work on /opt/airflow/dags/main.py
[2026-02-26T11:51:59.173+0000] {processor.py:830} INFO - Processing file /opt/airflow/dags/main.py for tasks to queue
[2026-02-26T11:51:59.175+0000] {logging_mixin.py:188} INFO - [2026-02-26T11:51:59.174+0000] {dagbag.py:545} INFO - Filling up the DagBag from /opt/airflow/dags/main.py
[2026-02-26T11:51:59.268+0000] {processor.py:840} INFO - DAG(s) 'produce_json', 'data_quality_check', 'update_db' retrieved from /opt/airflow/dags/main.py
[2026-02-26T11:51:59.299+0000] {logging_mixin.py:188} INFO - [2026-02-26T11:51:59.299+0000] {dag.py:3096} INFO - Sync 3 DAGs
[2026-02-26T11:51:59.320+0000] {logging_mixin.py:188} INFO - [2026-02-26T11:51:59.319+0000] {dag.py:3954} INFO - Setting next_dagrun for data_quality_check to 2026-02-25 16:00:00+00:00, run_after=2026-02-26 16:00:00+00:00
[2026-02-26T11:51:59.324+0000] {logging_mixin.py:188} INFO - [2026-02-26T11:51:59.324+0000] {dag.py:3954} INFO - Setting next_dagrun for produce_json to 2026-02-25 14:00:00+00:00, run_after=2026-02-26 14:00:00+00:00
[2026-02-26T11:51:59.327+0000] {logging_mixin.py:188} INFO - [2026-02-26T11:51:59.327+0000] {dag.py:3954} INFO - Setting next_dagrun for update_db to 2026-02-25 15:00:00+00:00, run_after=2026-02-26 15:00:00+00:00
[2026-02-26T11:51:59.348+0000] {processor.py:183} INFO - Processing /opt/airflow/dags/main.py took 0.184 seconds
[2026-02-26T11:52:29.648+0000] {processor.py:161} INFO - Started process (PID=2113) to work on /opt/airflow/dags/main.py
[2026-02-26T11:52:29.650+0000] {processor.py:830} INFO - Processing file /opt/airflow/dags/main.py for tasks to queue
[2026-02-26T11:52:29.653+0000] {logging_mixin.py:188} INFO - [2026-02-26T11:52:29.652+0000] {dagbag.py:545} INFO - Filling up the DagBag from /opt/airflow/dags/main.py
[2026-02-26T11:52:29.768+0000] {processor.py:840} INFO - DAG(s) 'data_quality_check', 'produce_json', 'update_db' retrieved from /opt/airflow/dags/main.py
[2026-02-26T11:52:29.814+0000] {logging_mixin.py:188} INFO - [2026-02-26T11:52:29.813+0000] {dag.py:3096} INFO - Sync 3 DAGs
[2026-02-26T11:52:29.977+0000] {logging_mixin.py:188} INFO - [2026-02-26T11:52:29.977+0000] {dag.py:3954} INFO - Setting next_dagrun for data_quality_check to 2026-02-25 16:00:00+00:00, run_after=2026-02-26 16:00:00+00:00
[2026-02-26T11:52:29.982+0000] {logging_mixin.py:188} INFO - [2026-02-26T11:52:29.982+0000] {dag.py:3954} INFO - Setting next_dagrun for produce_json to 2026-02-25 14:00:00+00:00, run_after=2026-02-26 14:00:00+00:00
[2026-02-26T11:52:29.986+0000] {logging_mixin.py:188} INFO - [2026-02-26T11:52:29.986+0000] {dag.py:3954} INFO - Setting next_dagrun for update_db to 2026-02-25 15:00:00+00:00, run_after=2026-02-26 15:00:00+00:00
[2026-02-26T11:52:30.013+0000] {processor.py:183} INFO - Processing /opt/airflow/dags/main.py took 0.375 seconds
[2026-02-26T11:53:00.079+0000] {processor.py:161} INFO - Started process (PID=2121) to work on /opt/airflow/dags/main.py
[2026-02-26T11:53:00.080+0000] {processor.py:830} INFO - Processing file /opt/airflow/dags/main.py for tasks to queue
[2026-02-26T11:53:00.083+0000] {logging_mixin.py:188} INFO - [2026-02-26T11:53:00.082+0000] {dagbag.py:545} INFO - Filling up the DagBag from /opt/airflow/dags/main.py
[2026-02-26T11:53:00.187+0000] {processor.py:840} INFO - DAG(s) 'produce_json', 'update_db', 'data_quality_check' retrieved from /opt/airflow/dags/main.py
[2026-02-26T11:53:00.251+0000] {logging_mixin.py:188} INFO - [2026-02-26T11:53:00.250+0000] {dag.py:3096} INFO - Sync 3 DAGs
[2026-02-26T11:53:00.287+0000] {logging_mixin.py:188} INFO - [2026-02-26T11:53:00.287+0000] {dag.py:3954} INFO - Setting next_dagrun for data_quality_check to 2026-02-25 16:00:00+00:00, run_after=2026-02-26 16:00:00+00:00
[2026-02-26T11:53:00.294+0000] {logging_mixin.py:188} INFO - [2026-02-26T11:53:00.294+0000] {dag.py:3954} INFO - Setting next_dagrun for produce_json to 2026-02-25 14:00:00+00:00, run_after=2026-02-26 14:00:00+00:00
[2026-02-26T11:53:00.297+0000] {logging_mixin.py:188} INFO - [2026-02-26T11:53:00.297+0000] {dag.py:3954} INFO - Setting next_dagrun for update_db to 2026-02-25 15:00:00+00:00, run_after=2026-02-26 15:00:00+00:00
[2026-02-26T11:53:00.320+0000] {processor.py:183} INFO - Processing /opt/airflow/dags/main.py took 0.246 seconds
[2026-02-26T11:53:30.439+0000] {processor.py:161} INFO - Started process (PID=2129) to work on /opt/airflow/dags/main.py
[2026-02-26T11:53:30.440+0000] {processor.py:830} INFO - Processing file /opt/airflow/dags/main.py for tasks to queue
[2026-02-26T11:53:30.444+0000] {logging_mixin.py:188} INFO - [2026-02-26T11:53:30.443+0000] {dagbag.py:545} INFO - Filling up the DagBag from /opt/airflow/dags/main.py
[2026-02-26T11:53:30.569+0000] {processor.py:840} INFO - DAG(s) 'data_quality_check', 'update_db', 'produce_json' retrieved from /opt/airflow/dags/main.py
[2026-02-26T11:53:30.610+0000] {logging_mixin.py:188} INFO - [2026-02-26T11:53:30.610+0000] {dag.py:3096} INFO - Sync 3 DAGs
[2026-02-26T11:53:30.636+0000] {logging_mixin.py:188} INFO - [2026-02-26T11:53:30.636+0000] {dag.py:3954} INFO - Setting next_dagrun for data_quality_check to 2026-02-25 16:00:00+00:00, run_after=2026-02-26 16:00:00+00:00
[2026-02-26T11:53:30.642+0000] {logging_mixin.py:188} INFO - [2026-02-26T11:53:30.642+0000] {dag.py:3954} INFO - Setting next_dagrun for produce_json to 2026-02-25 14:00:00+00:00, run_after=2026-02-26 14:00:00+00:00
[2026-02-26T11:53:30.646+0000] {logging_mixin.py:188} INFO - [2026-02-26T11:53:30.646+0000] {dag.py:3954} INFO - Setting next_dagrun for update_db to 2026-02-25 15:00:00+00:00, run_after=2026-02-26 15:00:00+00:00
[2026-02-26T11:53:30.666+0000] {processor.py:183} INFO - Processing /opt/airflow/dags/main.py took 0.234 seconds
[2026-02-26T11:54:00.780+0000] {processor.py:161} INFO - Started process (PID=2137) to work on /opt/airflow/dags/main.py
[2026-02-26T11:54:00.782+0000] {processor.py:830} INFO - Processing file /opt/airflow/dags/main.py for tasks to queue
[2026-02-26T11:54:00.784+0000] {logging_mixin.py:188} INFO - [2026-02-26T11:54:00.784+0000] {dagbag.py:545} INFO - Filling up the DagBag from /opt/airflow/dags/main.py
[2026-02-26T11:54:00.917+0000] {processor.py:840} INFO - DAG(s) 'data_quality_check', 'produce_json', 'update_db' retrieved from /opt/airflow/dags/main.py
[2026-02-26T11:54:00.950+0000] {logging_mixin.py:188} INFO - [2026-02-26T11:54:00.950+0000] {dag.py:3096} INFO - Sync 3 DAGs
[2026-02-26T11:54:00.973+0000] {logging_mixin.py:188} INFO - [2026-02-26T11:54:00.973+0000] {dag.py:3954} INFO - Setting next_dagrun for data_quality_check to 2026-02-25 16:00:00+00:00, run_after=2026-02-26 16:00:00+00:00
[2026-02-26T11:54:00.979+0000] {logging_mixin.py:188} INFO - [2026-02-26T11:54:00.978+0000] {dag.py:3954} INFO - Setting next_dagrun for produce_json to 2026-02-25 14:00:00+00:00, run_after=2026-02-26 14:00:00+00:00
[2026-02-26T11:54:00.982+0000] {logging_mixin.py:188} INFO - [2026-02-26T11:54:00.982+0000] {dag.py:3954} INFO - Setting next_dagrun for update_db to 2026-02-25 15:00:00+00:00, run_after=2026-02-26 15:00:00+00:00
[2026-02-26T11:54:01.012+0000] {processor.py:183} INFO - Processing /opt/airflow/dags/main.py took 0.239 seconds
[2026-02-26T11:54:31.194+0000] {processor.py:161} INFO - Started process (PID=2145) to work on /opt/airflow/dags/main.py
[2026-02-26T11:54:31.196+0000] {processor.py:830} INFO - Processing file /opt/airflow/dags/main.py for tasks to queue
[2026-02-26T11:54:31.199+0000] {logging_mixin.py:188} INFO - [2026-02-26T11:54:31.199+0000] {dagbag.py:545} INFO - Filling up the DagBag from /opt/airflow/dags/main.py
[2026-02-26T11:54:31.415+0000] {processor.py:840} INFO - DAG(s) 'update_db', 'produce_json', 'data_quality_check' retrieved from /opt/airflow/dags/main.py
[2026-02-26T11:54:31.484+0000] {logging_mixin.py:188} INFO - [2026-02-26T11:54:31.484+0000] {dag.py:3096} INFO - Sync 3 DAGs
[2026-02-26T11:54:31.525+0000] {logging_mixin.py:188} INFO - [2026-02-26T11:54:31.525+0000] {dag.py:3954} INFO - Setting next_dagrun for data_quality_check to 2026-02-25 16:00:00+00:00, run_after=2026-02-26 16:00:00+00:00
[2026-02-26T11:54:31.533+0000] {logging_mixin.py:188} INFO - [2026-02-26T11:54:31.533+0000] {dag.py:3954} INFO - Setting next_dagrun for produce_json to 2026-02-25 14:00:00+00:00, run_after=2026-02-26 14:00:00+00:00
[2026-02-26T11:54:31.540+0000] {logging_mixin.py:188} INFO - [2026-02-26T11:54:31.539+0000] {dag.py:3954} INFO - Setting next_dagrun for update_db to 2026-02-25 15:00:00+00:00, run_after=2026-02-26 15:00:00+00:00
[2026-02-26T11:54:31.573+0000] {processor.py:183} INFO - Processing /opt/airflow/dags/main.py took 0.387 seconds
[2026-02-26T11:55:01.625+0000] {processor.py:161} INFO - Started process (PID=2153) to work on /opt/airflow/dags/main.py
[2026-02-26T11:55:01.626+0000] {processor.py:830} INFO - Processing file /opt/airflow/dags/main.py for tasks to queue
[2026-02-26T11:55:01.628+0000] {logging_mixin.py:188} INFO - [2026-02-26T11:55:01.628+0000] {dagbag.py:545} INFO - Filling up the DagBag from /opt/airflow/dags/main.py
[2026-02-26T11:55:01.721+0000] {processor.py:840} INFO - DAG(s) 'produce_json', 'update_db', 'data_quality_check' retrieved from /opt/airflow/dags/main.py
[2026-02-26T11:55:01.751+0000] {logging_mixin.py:188} INFO - [2026-02-26T11:55:01.751+0000] {dag.py:3096} INFO - Sync 3 DAGs
[2026-02-26T11:55:01.771+0000] {logging_mixin.py:188} INFO - [2026-02-26T11:55:01.771+0000] {dag.py:3954} INFO - Setting next_dagrun for data_quality_check to 2026-02-25 16:00:00+00:00, run_after=2026-02-26 16:00:00+00:00
[2026-02-26T11:55:01.776+0000] {logging_mixin.py:188} INFO - [2026-02-26T11:55:01.776+0000] {dag.py:3954} INFO - Setting next_dagrun for produce_json to 2026-02-25 14:00:00+00:00, run_after=2026-02-26 14:00:00+00:00
[2026-02-26T11:55:01.779+0000] {logging_mixin.py:188} INFO - [2026-02-26T11:55:01.779+0000] {dag.py:3954} INFO - Setting next_dagrun for update_db to 2026-02-25 15:00:00+00:00, run_after=2026-02-26 15:00:00+00:00
[2026-02-26T11:55:01.811+0000] {processor.py:183} INFO - Processing /opt/airflow/dags/main.py took 0.193 seconds
[2026-02-26T11:55:32.033+0000] {processor.py:161} INFO - Started process (PID=2161) to work on /opt/airflow/dags/main.py
[2026-02-26T11:55:32.034+0000] {processor.py:830} INFO - Processing file /opt/airflow/dags/main.py for tasks to queue
[2026-02-26T11:55:32.036+0000] {logging_mixin.py:188} INFO - [2026-02-26T11:55:32.036+0000] {dagbag.py:545} INFO - Filling up the DagBag from /opt/airflow/dags/main.py
[2026-02-26T11:55:32.137+0000] {processor.py:840} INFO - DAG(s) 'produce_json', 'update_db', 'data_quality_check' retrieved from /opt/airflow/dags/main.py
[2026-02-26T11:55:32.168+0000] {logging_mixin.py:188} INFO - [2026-02-26T11:55:32.168+0000] {dag.py:3096} INFO - Sync 3 DAGs
[2026-02-26T11:55:32.326+0000] {logging_mixin.py:188} INFO - [2026-02-26T11:55:32.326+0000] {dag.py:3954} INFO - Setting next_dagrun for data_quality_check to 2026-02-25 16:00:00+00:00, run_after=2026-02-26 16:00:00+00:00
[2026-02-26T11:55:32.332+0000] {logging_mixin.py:188} INFO - [2026-02-26T11:55:32.332+0000] {dag.py:3954} INFO - Setting next_dagrun for produce_json to 2026-02-25 14:00:00+00:00, run_after=2026-02-26 14:00:00+00:00
[2026-02-26T11:55:32.336+0000] {logging_mixin.py:188} INFO - [2026-02-26T11:55:32.336+0000] {dag.py:3954} INFO - Setting next_dagrun for update_db to 2026-02-25 15:00:00+00:00, run_after=2026-02-26 15:00:00+00:00
[2026-02-26T11:55:32.366+0000] {processor.py:183} INFO - Processing /opt/airflow/dags/main.py took 0.338 seconds
[2026-02-26T11:56:02.521+0000] {processor.py:161} INFO - Started process (PID=2169) to work on /opt/airflow/dags/main.py
[2026-02-26T11:56:02.523+0000] {processor.py:830} INFO - Processing file /opt/airflow/dags/main.py for tasks to queue
[2026-02-26T11:56:02.525+0000] {logging_mixin.py:188} INFO - [2026-02-26T11:56:02.525+0000] {dagbag.py:545} INFO - Filling up the DagBag from /opt/airflow/dags/main.py
[2026-02-26T11:56:02.629+0000] {processor.py:840} INFO - DAG(s) 'produce_json', 'update_db', 'data_quality_check' retrieved from /opt/airflow/dags/main.py
[2026-02-26T11:56:02.667+0000] {logging_mixin.py:188} INFO - [2026-02-26T11:56:02.666+0000] {dag.py:3096} INFO - Sync 3 DAGs
[2026-02-26T11:56:02.693+0000] {logging_mixin.py:188} INFO - [2026-02-26T11:56:02.693+0000] {dag.py:3954} INFO - Setting next_dagrun for data_quality_check to 2026-02-25 16:00:00+00:00, run_after=2026-02-26 16:00:00+00:00
[2026-02-26T11:56:02.701+0000] {logging_mixin.py:188} INFO - [2026-02-26T11:56:02.701+0000] {dag.py:3954} INFO - Setting next_dagrun for produce_json to 2026-02-25 14:00:00+00:00, run_after=2026-02-26 14:00:00+00:00
[2026-02-26T11:56:02.704+0000] {logging_mixin.py:188} INFO - [2026-02-26T11:56:02.704+0000] {dag.py:3954} INFO - Setting next_dagrun for update_db to 2026-02-25 15:00:00+00:00, run_after=2026-02-26 15:00:00+00:00
[2026-02-26T11:56:02.735+0000] {processor.py:183} INFO - Processing /opt/airflow/dags/main.py took 0.220 seconds
[2026-02-26T11:56:32.915+0000] {processor.py:161} INFO - Started process (PID=2177) to work on /opt/airflow/dags/main.py
[2026-02-26T11:56:32.916+0000] {processor.py:830} INFO - Processing file /opt/airflow/dags/main.py for tasks to queue
[2026-02-26T11:56:32.919+0000] {logging_mixin.py:188} INFO - [2026-02-26T11:56:32.918+0000] {dagbag.py:545} INFO - Filling up the DagBag from /opt/airflow/dags/main.py
[2026-02-26T11:56:33.076+0000] {processor.py:840} INFO - DAG(s) 'produce_json', 'data_quality_check', 'update_db' retrieved from /opt/airflow/dags/main.py
[2026-02-26T11:56:33.127+0000] {logging_mixin.py:188} INFO - [2026-02-26T11:56:33.127+0000] {dag.py:3096} INFO - Sync 3 DAGs
[2026-02-26T11:56:33.157+0000] {logging_mixin.py:188} INFO - [2026-02-26T11:56:33.157+0000] {dag.py:3954} INFO - Setting next_dagrun for data_quality_check to 2026-02-25 16:00:00+00:00, run_after=2026-02-26 16:00:00+00:00
[2026-02-26T11:56:33.163+0000] {logging_mixin.py:188} INFO - [2026-02-26T11:56:33.162+0000] {dag.py:3954} INFO - Setting next_dagrun for produce_json to 2026-02-25 14:00:00+00:00, run_after=2026-02-26 14:00:00+00:00
[2026-02-26T11:56:33.166+0000] {logging_mixin.py:188} INFO - [2026-02-26T11:56:33.165+0000] {dag.py:3954} INFO - Setting next_dagrun for update_db to 2026-02-25 15:00:00+00:00, run_after=2026-02-26 15:00:00+00:00
[2026-02-26T11:56:33.195+0000] {processor.py:183} INFO - Processing /opt/airflow/dags/main.py took 0.288 seconds
[2026-02-26T11:57:03.237+0000] {processor.py:161} INFO - Started process (PID=2185) to work on /opt/airflow/dags/main.py
[2026-02-26T11:57:03.238+0000] {processor.py:830} INFO - Processing file /opt/airflow/dags/main.py for tasks to queue
[2026-02-26T11:57:03.240+0000] {logging_mixin.py:188} INFO - [2026-02-26T11:57:03.240+0000] {dagbag.py:545} INFO - Filling up the DagBag from /opt/airflow/dags/main.py
[2026-02-26T11:57:03.336+0000] {processor.py:840} INFO - DAG(s) 'update_db', 'produce_json', 'data_quality_check' retrieved from /opt/airflow/dags/main.py
[2026-02-26T11:57:03.365+0000] {logging_mixin.py:188} INFO - [2026-02-26T11:57:03.365+0000] {dag.py:3096} INFO - Sync 3 DAGs
[2026-02-26T11:57:03.386+0000] {logging_mixin.py:188} INFO - [2026-02-26T11:57:03.386+0000] {dag.py:3954} INFO - Setting next_dagrun for data_quality_check to 2026-02-25 16:00:00+00:00, run_after=2026-02-26 16:00:00+00:00
[2026-02-26T11:57:03.391+0000] {logging_mixin.py:188} INFO - [2026-02-26T11:57:03.391+0000] {dag.py:3954} INFO - Setting next_dagrun for produce_json to 2026-02-25 14:00:00+00:00, run_after=2026-02-26 14:00:00+00:00
[2026-02-26T11:57:03.394+0000] {logging_mixin.py:188} INFO - [2026-02-26T11:57:03.394+0000] {dag.py:3954} INFO - Setting next_dagrun for update_db to 2026-02-25 15:00:00+00:00, run_after=2026-02-26 15:00:00+00:00
[2026-02-26T11:57:03.413+0000] {processor.py:183} INFO - Processing /opt/airflow/dags/main.py took 0.183 seconds
[2026-02-26T11:57:33.658+0000] {processor.py:161} INFO - Started process (PID=2193) to work on /opt/airflow/dags/main.py
[2026-02-26T11:57:33.659+0000] {processor.py:830} INFO - Processing file /opt/airflow/dags/main.py for tasks to queue
[2026-02-26T11:57:33.661+0000] {logging_mixin.py:188} INFO - [2026-02-26T11:57:33.661+0000] {dagbag.py:545} INFO - Filling up the DagBag from /opt/airflow/dags/main.py
[2026-02-26T11:57:33.758+0000] {processor.py:840} INFO - DAG(s) 'data_quality_check', 'produce_json', 'update_db' retrieved from /opt/airflow/dags/main.py
[2026-02-26T11:57:33.790+0000] {logging_mixin.py:188} INFO - [2026-02-26T11:57:33.790+0000] {dag.py:3096} INFO - Sync 3 DAGs
[2026-02-26T11:57:33.813+0000] {logging_mixin.py:188} INFO - [2026-02-26T11:57:33.813+0000] {dag.py:3954} INFO - Setting next_dagrun for data_quality_check to 2026-02-25 16:00:00+00:00, run_after=2026-02-26 16:00:00+00:00
[2026-02-26T11:57:33.819+0000] {logging_mixin.py:188} INFO - [2026-02-26T11:57:33.819+0000] {dag.py:3954} INFO - Setting next_dagrun for produce_json to 2026-02-25 14:00:00+00:00, run_after=2026-02-26 14:00:00+00:00
[2026-02-26T11:57:33.822+0000] {logging_mixin.py:188} INFO - [2026-02-26T11:57:33.822+0000] {dag.py:3954} INFO - Setting next_dagrun for update_db to 2026-02-25 15:00:00+00:00, run_after=2026-02-26 15:00:00+00:00
[2026-02-26T11:57:33.842+0000] {processor.py:183} INFO - Processing /opt/airflow/dags/main.py took 0.189 seconds
[2026-02-26T11:58:03.960+0000] {processor.py:161} INFO - Started process (PID=2201) to work on /opt/airflow/dags/main.py
[2026-02-26T11:58:03.961+0000] {processor.py:830} INFO - Processing file /opt/airflow/dags/main.py for tasks to queue
[2026-02-26T11:58:03.963+0000] {logging_mixin.py:188} INFO - [2026-02-26T11:58:03.963+0000] {dagbag.py:545} INFO - Filling up the DagBag from /opt/airflow/dags/main.py
[2026-02-26T11:58:04.064+0000] {processor.py:840} INFO - DAG(s) 'data_quality_check', 'produce_json', 'update_db' retrieved from /opt/airflow/dags/main.py
[2026-02-26T11:58:04.096+0000] {logging_mixin.py:188} INFO - [2026-02-26T11:58:04.096+0000] {dag.py:3096} INFO - Sync 3 DAGs
[2026-02-26T11:58:04.118+0000] {logging_mixin.py:188} INFO - [2026-02-26T11:58:04.117+0000] {dag.py:3954} INFO - Setting next_dagrun for data_quality_check to 2026-02-25 16:00:00+00:00, run_after=2026-02-26 16:00:00+00:00
[2026-02-26T11:58:04.122+0000] {logging_mixin.py:188} INFO - [2026-02-26T11:58:04.122+0000] {dag.py:3954} INFO - Setting next_dagrun for produce_json to 2026-02-25 14:00:00+00:00, run_after=2026-02-26 14:00:00+00:00
[2026-02-26T11:58:04.126+0000] {logging_mixin.py:188} INFO - [2026-02-26T11:58:04.125+0000] {dag.py:3954} INFO - Setting next_dagrun for update_db to 2026-02-25 15:00:00+00:00, run_after=2026-02-26 15:00:00+00:00
[2026-02-26T11:58:04.156+0000] {processor.py:183} INFO - Processing /opt/airflow/dags/main.py took 0.203 seconds
[2026-02-26T11:58:34.477+0000] {processor.py:161} INFO - Started process (PID=2209) to work on /opt/airflow/dags/main.py
[2026-02-26T11:58:34.478+0000] {processor.py:830} INFO - Processing file /opt/airflow/dags/main.py for tasks to queue
[2026-02-26T11:58:34.481+0000] {logging_mixin.py:188} INFO - [2026-02-26T11:58:34.480+0000] {dagbag.py:545} INFO - Filling up the DagBag from /opt/airflow/dags/main.py
[2026-02-26T11:58:34.574+0000] {processor.py:840} INFO - DAG(s) 'update_db', 'produce_json', 'data_quality_check' retrieved from /opt/airflow/dags/main.py
[2026-02-26T11:58:34.607+0000] {logging_mixin.py:188} INFO - [2026-02-26T11:58:34.607+0000] {dag.py:3096} INFO - Sync 3 DAGs
[2026-02-26T11:58:34.775+0000] {logging_mixin.py:188} INFO - [2026-02-26T11:58:34.775+0000] {dag.py:3954} INFO - Setting next_dagrun for data_quality_check to 2026-02-25 16:00:00+00:00, run_after=2026-02-26 16:00:00+00:00
[2026-02-26T11:58:34.781+0000] {logging_mixin.py:188} INFO - [2026-02-26T11:58:34.781+0000] {dag.py:3954} INFO - Setting next_dagrun for produce_json to 2026-02-25 14:00:00+00:00, run_after=2026-02-26 14:00:00+00:00
[2026-02-26T11:58:34.785+0000] {logging_mixin.py:188} INFO - [2026-02-26T11:58:34.785+0000] {dag.py:3954} INFO - Setting next_dagrun for update_db to 2026-02-25 15:00:00+00:00, run_after=2026-02-26 15:00:00+00:00
[2026-02-26T11:58:34.804+0000] {processor.py:183} INFO - Processing /opt/airflow/dags/main.py took 0.332 seconds
[2026-02-26T11:59:04.932+0000] {processor.py:161} INFO - Started process (PID=2217) to work on /opt/airflow/dags/main.py
[2026-02-26T11:59:04.933+0000] {processor.py:830} INFO - Processing file /opt/airflow/dags/main.py for tasks to queue
[2026-02-26T11:59:04.935+0000] {logging_mixin.py:188} INFO - [2026-02-26T11:59:04.934+0000] {dagbag.py:545} INFO - Filling up the DagBag from /opt/airflow/dags/main.py
[2026-02-26T11:59:05.029+0000] {processor.py:840} INFO - DAG(s) 'data_quality_check', 'produce_json', 'update_db' retrieved from /opt/airflow/dags/main.py
[2026-02-26T11:59:05.077+0000] {logging_mixin.py:188} INFO - [2026-02-26T11:59:05.077+0000] {dag.py:3096} INFO - Sync 3 DAGs
[2026-02-26T11:59:05.102+0000] {logging_mixin.py:188} INFO - [2026-02-26T11:59:05.102+0000] {dag.py:3954} INFO - Setting next_dagrun for data_quality_check to 2026-02-25 16:00:00+00:00, run_after=2026-02-26 16:00:00+00:00
[2026-02-26T11:59:05.109+0000] {logging_mixin.py:188} INFO - [2026-02-26T11:59:05.109+0000] {dag.py:3954} INFO - Setting next_dagrun for produce_json to 2026-02-25 14:00:00+00:00, run_after=2026-02-26 14:00:00+00:00
[2026-02-26T11:59:05.113+0000] {logging_mixin.py:188} INFO - [2026-02-26T11:59:05.113+0000] {dag.py:3954} INFO - Setting next_dagrun for update_db to 2026-02-25 15:00:00+00:00, run_after=2026-02-26 15:00:00+00:00
[2026-02-26T11:59:05.137+0000] {processor.py:183} INFO - Processing /opt/airflow/dags/main.py took 0.211 seconds
[2026-02-26T11:59:35.342+0000] {processor.py:161} INFO - Started process (PID=2225) to work on /opt/airflow/dags/main.py
[2026-02-26T11:59:35.343+0000] {processor.py:830} INFO - Processing file /opt/airflow/dags/main.py for tasks to queue
[2026-02-26T11:59:35.346+0000] {logging_mixin.py:188} INFO - [2026-02-26T11:59:35.345+0000] {dagbag.py:545} INFO - Filling up the DagBag from /opt/airflow/dags/main.py
[2026-02-26T11:59:35.469+0000] {processor.py:840} INFO - DAG(s) 'update_db', 'produce_json', 'data_quality_check' retrieved from /opt/airflow/dags/main.py
[2026-02-26T11:59:35.538+0000] {logging_mixin.py:188} INFO - [2026-02-26T11:59:35.538+0000] {dag.py:3096} INFO - Sync 3 DAGs
[2026-02-26T11:59:35.599+0000] {logging_mixin.py:188} INFO - [2026-02-26T11:59:35.598+0000] {dag.py:3954} INFO - Setting next_dagrun for data_quality_check to 2026-02-25 16:00:00+00:00, run_after=2026-02-26 16:00:00+00:00
[2026-02-26T11:59:35.614+0000] {logging_mixin.py:188} INFO - [2026-02-26T11:59:35.614+0000] {dag.py:3954} INFO - Setting next_dagrun for produce_json to 2026-02-25 14:00:00+00:00, run_after=2026-02-26 14:00:00+00:00
[2026-02-26T11:59:35.620+0000] {logging_mixin.py:188} INFO - [2026-02-26T11:59:35.619+0000] {dag.py:3954} INFO - Setting next_dagrun for update_db to 2026-02-25 15:00:00+00:00, run_after=2026-02-26 15:00:00+00:00
[2026-02-26T11:59:35.648+0000] {processor.py:183} INFO - Processing /opt/airflow/dags/main.py took 0.316 seconds
[2026-02-26T12:00:05.691+0000] {processor.py:161} INFO - Started process (PID=2233) to work on /opt/airflow/dags/main.py
[2026-02-26T12:00:05.692+0000] {processor.py:830} INFO - Processing file /opt/airflow/dags/main.py for tasks to queue
[2026-02-26T12:00:05.694+0000] {logging_mixin.py:188} INFO - [2026-02-26T12:00:05.694+0000] {dagbag.py:545} INFO - Filling up the DagBag from /opt/airflow/dags/main.py
[2026-02-26T12:00:10.141+0000] {processor.py:840} INFO - DAG(s) 'update_db', 'data_quality_check', 'produce_json' retrieved from /opt/airflow/dags/main.py
[2026-02-26T12:00:10.286+0000] {logging_mixin.py:188} INFO - [2026-02-26T12:00:10.285+0000] {dag.py:3096} INFO - Sync 3 DAGs
[2026-02-26T12:00:10.340+0000] {logging_mixin.py:188} INFO - [2026-02-26T12:00:10.339+0000] {dag.py:3954} INFO - Setting next_dagrun for data_quality_check to 2026-02-25 16:00:00+00:00, run_after=2026-02-26 16:00:00+00:00
[2026-02-26T12:00:10.349+0000] {logging_mixin.py:188} INFO - [2026-02-26T12:00:10.348+0000] {dag.py:3954} INFO - Setting next_dagrun for produce_json to 2026-02-25 14:00:00+00:00, run_after=2026-02-26 14:00:00+00:00
[2026-02-26T12:00:10.354+0000] {logging_mixin.py:188} INFO - [2026-02-26T12:00:10.353+0000] {dag.py:3954} INFO - Setting next_dagrun for update_db to 2026-02-25 15:00:00+00:00, run_after=2026-02-26 15:00:00+00:00
[2026-02-26T12:00:10.397+0000] {processor.py:183} INFO - Processing /opt/airflow/dags/main.py took 4.713 seconds
[2026-02-26T12:01:14.098+0000] {processor.py:161} INFO - Started process (PID=2234) to work on /opt/airflow/dags/main.py
[2026-02-26T12:01:14.100+0000] {processor.py:830} INFO - Processing file /opt/airflow/dags/main.py for tasks to queue
[2026-02-26T12:01:14.103+0000] {logging_mixin.py:188} INFO - [2026-02-26T12:01:14.103+0000] {dagbag.py:545} INFO - Filling up the DagBag from /opt/airflow/dags/main.py
[2026-02-26T12:01:14.276+0000] {processor.py:840} INFO - DAG(s) 'update_db', 'produce_json', 'data_quality_check' retrieved from /opt/airflow/dags/main.py
[2026-02-26T12:01:14.342+0000] {logging_mixin.py:188} INFO - [2026-02-26T12:01:14.342+0000] {dag.py:3096} INFO - Sync 3 DAGs
[2026-02-26T12:01:14.371+0000] {logging_mixin.py:188} INFO - [2026-02-26T12:01:14.371+0000] {dag.py:3954} INFO - Setting next_dagrun for data_quality_check to 2026-02-25 16:00:00+00:00, run_after=2026-02-26 16:00:00+00:00
[2026-02-26T12:01:14.378+0000] {logging_mixin.py:188} INFO - [2026-02-26T12:01:14.378+0000] {dag.py:3954} INFO - Setting next_dagrun for produce_json to 2026-02-25 14:00:00+00:00, run_after=2026-02-26 14:00:00+00:00
[2026-02-26T12:01:14.382+0000] {logging_mixin.py:188} INFO - [2026-02-26T12:01:14.382+0000] {dag.py:3954} INFO - Setting next_dagrun for update_db to 2026-02-25 15:00:00+00:00, run_after=2026-02-26 15:00:00+00:00
[2026-02-26T12:01:14.414+0000] {processor.py:183} INFO - Processing /opt/airflow/dags/main.py took 0.328 seconds
[2026-02-26T12:01:44.571+0000] {processor.py:161} INFO - Started process (PID=2242) to work on /opt/airflow/dags/main.py
[2026-02-26T12:01:44.572+0000] {processor.py:830} INFO - Processing file /opt/airflow/dags/main.py for tasks to queue
[2026-02-26T12:01:44.574+0000] {logging_mixin.py:188} INFO - [2026-02-26T12:01:44.574+0000] {dagbag.py:545} INFO - Filling up the DagBag from /opt/airflow/dags/main.py
[2026-02-26T12:01:44.683+0000] {processor.py:840} INFO - DAG(s) 'produce_json', 'data_quality_check', 'update_db' retrieved from /opt/airflow/dags/main.py
[2026-02-26T12:01:44.711+0000] {logging_mixin.py:188} INFO - [2026-02-26T12:01:44.711+0000] {dag.py:3096} INFO - Sync 3 DAGs
[2026-02-26T12:01:44.734+0000] {logging_mixin.py:188} INFO - [2026-02-26T12:01:44.734+0000] {dag.py:3954} INFO - Setting next_dagrun for data_quality_check to 2026-02-25 16:00:00+00:00, run_after=2026-02-26 16:00:00+00:00
[2026-02-26T12:01:44.739+0000] {logging_mixin.py:188} INFO - [2026-02-26T12:01:44.739+0000] {dag.py:3954} INFO - Setting next_dagrun for produce_json to 2026-02-25 14:00:00+00:00, run_after=2026-02-26 14:00:00+00:00
[2026-02-26T12:01:44.742+0000] {logging_mixin.py:188} INFO - [2026-02-26T12:01:44.742+0000] {dag.py:3954} INFO - Setting next_dagrun for update_db to 2026-02-25 15:00:00+00:00, run_after=2026-02-26 15:00:00+00:00
[2026-02-26T12:01:44.762+0000] {processor.py:183} INFO - Processing /opt/airflow/dags/main.py took 0.197 seconds
[2026-02-26T12:02:15.006+0000] {processor.py:161} INFO - Started process (PID=2250) to work on /opt/airflow/dags/main.py
[2026-02-26T12:02:15.007+0000] {processor.py:830} INFO - Processing file /opt/airflow/dags/main.py for tasks to queue
[2026-02-26T12:02:15.008+0000] {logging_mixin.py:188} INFO - [2026-02-26T12:02:15.008+0000] {dagbag.py:545} INFO - Filling up the DagBag from /opt/airflow/dags/main.py
[2026-02-26T12:02:15.113+0000] {processor.py:840} INFO - DAG(s) 'update_db', 'produce_json', 'data_quality_check' retrieved from /opt/airflow/dags/main.py
[2026-02-26T12:02:15.143+0000] {logging_mixin.py:188} INFO - [2026-02-26T12:02:15.143+0000] {dag.py:3096} INFO - Sync 3 DAGs
[2026-02-26T12:02:15.163+0000] {logging_mixin.py:188} INFO - [2026-02-26T12:02:15.163+0000] {dag.py:3954} INFO - Setting next_dagrun for data_quality_check to 2026-02-25 16:00:00+00:00, run_after=2026-02-26 16:00:00+00:00
[2026-02-26T12:02:15.168+0000] {logging_mixin.py:188} INFO - [2026-02-26T12:02:15.168+0000] {dag.py:3954} INFO - Setting next_dagrun for produce_json to 2026-02-25 14:00:00+00:00, run_after=2026-02-26 14:00:00+00:00
[2026-02-26T12:02:15.171+0000] {logging_mixin.py:188} INFO - [2026-02-26T12:02:15.171+0000] {dag.py:3954} INFO - Setting next_dagrun for update_db to 2026-02-25 15:00:00+00:00, run_after=2026-02-26 15:00:00+00:00
[2026-02-26T12:02:15.310+0000] {processor.py:183} INFO - Processing /opt/airflow/dags/main.py took 0.311 seconds
[2026-02-26T12:02:45.421+0000] {processor.py:161} INFO - Started process (PID=2258) to work on /opt/airflow/dags/main.py
[2026-02-26T12:02:45.422+0000] {processor.py:830} INFO - Processing file /opt/airflow/dags/main.py for tasks to queue
[2026-02-26T12:02:45.424+0000] {logging_mixin.py:188} INFO - [2026-02-26T12:02:45.424+0000] {dagbag.py:545} INFO - Filling up the DagBag from /opt/airflow/dags/main.py
[2026-02-26T12:02:45.527+0000] {processor.py:840} INFO - DAG(s) 'produce_json', 'update_db', 'data_quality_check' retrieved from /opt/airflow/dags/main.py
[2026-02-26T12:02:45.557+0000] {logging_mixin.py:188} INFO - [2026-02-26T12:02:45.556+0000] {dag.py:3096} INFO - Sync 3 DAGs
[2026-02-26T12:02:45.717+0000] {logging_mixin.py:188} INFO - [2026-02-26T12:02:45.717+0000] {dag.py:3954} INFO - Setting next_dagrun for data_quality_check to 2026-02-25 16:00:00+00:00, run_after=2026-02-26 16:00:00+00:00
[2026-02-26T12:02:45.723+0000] {logging_mixin.py:188} INFO - [2026-02-26T12:02:45.723+0000] {dag.py:3954} INFO - Setting next_dagrun for produce_json to 2026-02-25 14:00:00+00:00, run_after=2026-02-26 14:00:00+00:00
[2026-02-26T12:02:45.727+0000] {logging_mixin.py:188} INFO - [2026-02-26T12:02:45.727+0000] {dag.py:3954} INFO - Setting next_dagrun for update_db to 2026-02-25 15:00:00+00:00, run_after=2026-02-26 15:00:00+00:00
[2026-02-26T12:02:45.760+0000] {processor.py:183} INFO - Processing /opt/airflow/dags/main.py took 0.345 seconds
[2026-02-26T12:03:15.851+0000] {processor.py:161} INFO - Started process (PID=2266) to work on /opt/airflow/dags/main.py
[2026-02-26T12:03:15.852+0000] {processor.py:830} INFO - Processing file /opt/airflow/dags/main.py for tasks to queue
[2026-02-26T12:03:15.854+0000] {logging_mixin.py:188} INFO - [2026-02-26T12:03:15.854+0000] {dagbag.py:545} INFO - Filling up the DagBag from /opt/airflow/dags/main.py
[2026-02-26T12:03:15.955+0000] {processor.py:840} INFO - DAG(s) 'update_db', 'produce_json', 'data_quality_check' retrieved from /opt/airflow/dags/main.py
[2026-02-26T12:03:15.984+0000] {logging_mixin.py:188} INFO - [2026-02-26T12:03:15.984+0000] {dag.py:3096} INFO - Sync 3 DAGs
[2026-02-26T12:03:16.003+0000] {logging_mixin.py:188} INFO - [2026-02-26T12:03:16.003+0000] {dag.py:3954} INFO - Setting next_dagrun for data_quality_check to 2026-02-25 16:00:00+00:00, run_after=2026-02-26 16:00:00+00:00
[2026-02-26T12:03:16.008+0000] {logging_mixin.py:188} INFO - [2026-02-26T12:03:16.008+0000] {dag.py:3954} INFO - Setting next_dagrun for produce_json to 2026-02-25 14:00:00+00:00, run_after=2026-02-26 14:00:00+00:00
[2026-02-26T12:03:16.011+0000] {logging_mixin.py:188} INFO - [2026-02-26T12:03:16.011+0000] {dag.py:3954} INFO - Setting next_dagrun for update_db to 2026-02-25 15:00:00+00:00, run_after=2026-02-26 15:00:00+00:00
[2026-02-26T12:03:16.030+0000] {processor.py:183} INFO - Processing /opt/airflow/dags/main.py took 0.184 seconds
[2026-02-26T12:03:46.295+0000] {processor.py:161} INFO - Started process (PID=2274) to work on /opt/airflow/dags/main.py
[2026-02-26T12:03:46.296+0000] {processor.py:830} INFO - Processing file /opt/airflow/dags/main.py for tasks to queue
[2026-02-26T12:03:46.298+0000] {logging_mixin.py:188} INFO - [2026-02-26T12:03:46.298+0000] {dagbag.py:545} INFO - Filling up the DagBag from /opt/airflow/dags/main.py
[2026-02-26T12:03:46.399+0000] {processor.py:840} INFO - DAG(s) 'data_quality_check', 'produce_json', 'update_db' retrieved from /opt/airflow/dags/main.py
[2026-02-26T12:03:46.429+0000] {logging_mixin.py:188} INFO - [2026-02-26T12:03:46.429+0000] {dag.py:3096} INFO - Sync 3 DAGs
[2026-02-26T12:03:46.448+0000] {logging_mixin.py:188} INFO - [2026-02-26T12:03:46.448+0000] {dag.py:3954} INFO - Setting next_dagrun for data_quality_check to 2026-02-25 16:00:00+00:00, run_after=2026-02-26 16:00:00+00:00
[2026-02-26T12:03:46.453+0000] {logging_mixin.py:188} INFO - [2026-02-26T12:03:46.453+0000] {dag.py:3954} INFO - Setting next_dagrun for produce_json to 2026-02-25 14:00:00+00:00, run_after=2026-02-26 14:00:00+00:00
[2026-02-26T12:03:46.456+0000] {logging_mixin.py:188} INFO - [2026-02-26T12:03:46.455+0000] {dag.py:3954} INFO - Setting next_dagrun for update_db to 2026-02-25 15:00:00+00:00, run_after=2026-02-26 15:00:00+00:00
[2026-02-26T12:03:46.474+0000] {processor.py:183} INFO - Processing /opt/airflow/dags/main.py took 0.184 seconds
[2026-02-26T12:04:16.755+0000] {processor.py:161} INFO - Started process (PID=2282) to work on /opt/airflow/dags/main.py
[2026-02-26T12:04:16.756+0000] {processor.py:830} INFO - Processing file /opt/airflow/dags/main.py for tasks to queue
[2026-02-26T12:04:16.758+0000] {logging_mixin.py:188} INFO - [2026-02-26T12:04:16.758+0000] {dagbag.py:545} INFO - Filling up the DagBag from /opt/airflow/dags/main.py
[2026-02-26T12:04:16.859+0000] {processor.py:840} INFO - DAG(s) 'update_db', 'data_quality_check', 'produce_json' retrieved from /opt/airflow/dags/main.py
[2026-02-26T12:04:16.890+0000] {logging_mixin.py:188} INFO - [2026-02-26T12:04:16.890+0000] {dag.py:3096} INFO - Sync 3 DAGs
[2026-02-26T12:04:16.910+0000] {logging_mixin.py:188} INFO - [2026-02-26T12:04:16.910+0000] {dag.py:3954} INFO - Setting next_dagrun for data_quality_check to 2026-02-25 16:00:00+00:00, run_after=2026-02-26 16:00:00+00:00
[2026-02-26T12:04:16.914+0000] {logging_mixin.py:188} INFO - [2026-02-26T12:04:16.914+0000] {dag.py:3954} INFO - Setting next_dagrun for produce_json to 2026-02-25 14:00:00+00:00, run_after=2026-02-26 14:00:00+00:00
[2026-02-26T12:04:16.917+0000] {logging_mixin.py:188} INFO - [2026-02-26T12:04:16.917+0000] {dag.py:3954} INFO - Setting next_dagrun for update_db to 2026-02-25 15:00:00+00:00, run_after=2026-02-26 15:00:00+00:00
[2026-02-26T12:04:16.936+0000] {processor.py:183} INFO - Processing /opt/airflow/dags/main.py took 0.187 seconds
[2026-02-26T12:04:47.165+0000] {processor.py:161} INFO - Started process (PID=2290) to work on /opt/airflow/dags/main.py
[2026-02-26T12:04:47.166+0000] {processor.py:830} INFO - Processing file /opt/airflow/dags/main.py for tasks to queue
[2026-02-26T12:04:47.171+0000] {logging_mixin.py:188} INFO - [2026-02-26T12:04:47.170+0000] {dagbag.py:545} INFO - Filling up the DagBag from /opt/airflow/dags/main.py
[2026-02-26T12:04:47.284+0000] {processor.py:840} INFO - DAG(s) 'data_quality_check', 'update_db', 'produce_json' retrieved from /opt/airflow/dags/main.py
[2026-02-26T12:04:47.324+0000] {logging_mixin.py:188} INFO - [2026-02-26T12:04:47.324+0000] {dag.py:3096} INFO - Sync 3 DAGs
[2026-02-26T12:04:47.350+0000] {logging_mixin.py:188} INFO - [2026-02-26T12:04:47.350+0000] {dag.py:3954} INFO - Setting next_dagrun for data_quality_check to 2026-02-25 16:00:00+00:00, run_after=2026-02-26 16:00:00+00:00
[2026-02-26T12:04:47.355+0000] {logging_mixin.py:188} INFO - [2026-02-26T12:04:47.355+0000] {dag.py:3954} INFO - Setting next_dagrun for produce_json to 2026-02-25 14:00:00+00:00, run_after=2026-02-26 14:00:00+00:00
[2026-02-26T12:04:47.359+0000] {logging_mixin.py:188} INFO - [2026-02-26T12:04:47.359+0000] {dag.py:3954} INFO - Setting next_dagrun for update_db to 2026-02-25 15:00:00+00:00, run_after=2026-02-26 15:00:00+00:00
[2026-02-26T12:04:47.382+0000] {processor.py:183} INFO - Processing /opt/airflow/dags/main.py took 0.225 seconds
[2026-02-26T12:05:17.610+0000] {processor.py:161} INFO - Started process (PID=2298) to work on /opt/airflow/dags/main.py
[2026-02-26T12:05:17.612+0000] {processor.py:830} INFO - Processing file /opt/airflow/dags/main.py for tasks to queue
[2026-02-26T12:05:17.613+0000] {logging_mixin.py:188} INFO - [2026-02-26T12:05:17.613+0000] {dagbag.py:545} INFO - Filling up the DagBag from /opt/airflow/dags/main.py
[2026-02-26T12:05:17.743+0000] {processor.py:840} INFO - DAG(s) 'produce_json', 'data_quality_check', 'update_db' retrieved from /opt/airflow/dags/main.py
[2026-02-26T12:05:17.809+0000] {logging_mixin.py:188} INFO - [2026-02-26T12:05:17.808+0000] {dag.py:3096} INFO - Sync 3 DAGs
[2026-02-26T12:05:17.987+0000] {logging_mixin.py:188} INFO - [2026-02-26T12:05:17.987+0000] {dag.py:3954} INFO - Setting next_dagrun for data_quality_check to 2026-02-25 16:00:00+00:00, run_after=2026-02-26 16:00:00+00:00
[2026-02-26T12:05:17.993+0000] {logging_mixin.py:188} INFO - [2026-02-26T12:05:17.992+0000] {dag.py:3954} INFO - Setting next_dagrun for produce_json to 2026-02-25 14:00:00+00:00, run_after=2026-02-26 14:00:00+00:00
[2026-02-26T12:05:17.996+0000] {logging_mixin.py:188} INFO - [2026-02-26T12:05:17.996+0000] {dag.py:3954} INFO - Setting next_dagrun for update_db to 2026-02-25 15:00:00+00:00, run_after=2026-02-26 15:00:00+00:00
[2026-02-26T12:05:18.014+0000] {processor.py:183} INFO - Processing /opt/airflow/dags/main.py took 0.410 seconds
[2026-02-26T12:05:48.139+0000] {processor.py:161} INFO - Started process (PID=2307) to work on /opt/airflow/dags/main.py
[2026-02-26T12:05:48.140+0000] {processor.py:830} INFO - Processing file /opt/airflow/dags/main.py for tasks to queue
[2026-02-26T12:05:48.142+0000] {logging_mixin.py:188} INFO - [2026-02-26T12:05:48.142+0000] {dagbag.py:545} INFO - Filling up the DagBag from /opt/airflow/dags/main.py
[2026-02-26T12:05:48.225+0000] {processor.py:840} INFO - DAG(s) 'data_quality_check', 'produce_json', 'update_db' retrieved from /opt/airflow/dags/main.py
[2026-02-26T12:05:48.258+0000] {logging_mixin.py:188} INFO - [2026-02-26T12:05:48.258+0000] {dag.py:3096} INFO - Sync 3 DAGs
[2026-02-26T12:05:48.403+0000] {logging_mixin.py:188} INFO - [2026-02-26T12:05:48.402+0000] {dag.py:3954} INFO - Setting next_dagrun for data_quality_check to 2026-02-25 16:00:00+00:00, run_after=2026-02-26 16:00:00+00:00
[2026-02-26T12:05:48.408+0000] {logging_mixin.py:188} INFO - [2026-02-26T12:05:48.408+0000] {dag.py:3954} INFO - Setting next_dagrun for produce_json to 2026-02-25 14:00:00+00:00, run_after=2026-02-26 14:00:00+00:00
[2026-02-26T12:05:48.412+0000] {logging_mixin.py:188} INFO - [2026-02-26T12:05:48.411+0000] {dag.py:3954} INFO - Setting next_dagrun for update_db to 2026-02-25 15:00:00+00:00, run_after=2026-02-26 15:00:00+00:00
[2026-02-26T12:05:48.430+0000] {processor.py:183} INFO - Processing /opt/airflow/dags/main.py took 0.296 seconds
[2026-02-26T12:06:18.580+0000] {processor.py:161} INFO - Started process (PID=2314) to work on /opt/airflow/dags/main.py
[2026-02-26T12:06:18.582+0000] {processor.py:830} INFO - Processing file /opt/airflow/dags/main.py for tasks to queue
[2026-02-26T12:06:18.585+0000] {logging_mixin.py:188} INFO - [2026-02-26T12:06:18.584+0000] {dagbag.py:545} INFO - Filling up the DagBag from /opt/airflow/dags/main.py
[2026-02-26T12:06:18.697+0000] {processor.py:840} INFO - DAG(s) 'data_quality_check', 'produce_json', 'update_db' retrieved from /opt/airflow/dags/main.py
[2026-02-26T12:06:18.729+0000] {logging_mixin.py:188} INFO - [2026-02-26T12:06:18.729+0000] {dag.py:3096} INFO - Sync 3 DAGs
[2026-02-26T12:06:18.750+0000] {logging_mixin.py:188} INFO - [2026-02-26T12:06:18.750+0000] {dag.py:3954} INFO - Setting next_dagrun for data_quality_check to 2026-02-25 16:00:00+00:00, run_after=2026-02-26 16:00:00+00:00
[2026-02-26T12:06:18.755+0000] {logging_mixin.py:188} INFO - [2026-02-26T12:06:18.755+0000] {dag.py:3954} INFO - Setting next_dagrun for produce_json to 2026-02-25 14:00:00+00:00, run_after=2026-02-26 14:00:00+00:00
[2026-02-26T12:06:18.758+0000] {logging_mixin.py:188} INFO - [2026-02-26T12:06:18.758+0000] {dag.py:3954} INFO - Setting next_dagrun for update_db to 2026-02-25 15:00:00+00:00, run_after=2026-02-26 15:00:00+00:00
[2026-02-26T12:06:18.777+0000] {processor.py:183} INFO - Processing /opt/airflow/dags/main.py took 0.204 seconds
[2026-02-26T12:06:48.960+0000] {processor.py:161} INFO - Started process (PID=2323) to work on /opt/airflow/dags/main.py
[2026-02-26T12:06:48.961+0000] {processor.py:830} INFO - Processing file /opt/airflow/dags/main.py for tasks to queue
[2026-02-26T12:06:48.963+0000] {logging_mixin.py:188} INFO - [2026-02-26T12:06:48.963+0000] {dagbag.py:545} INFO - Filling up the DagBag from /opt/airflow/dags/main.py
[2026-02-26T12:06:49.073+0000] {processor.py:840} INFO - DAG(s) 'update_db', 'produce_json', 'data_quality_check' retrieved from /opt/airflow/dags/main.py
[2026-02-26T12:06:49.110+0000] {logging_mixin.py:188} INFO - [2026-02-26T12:06:49.109+0000] {dag.py:3096} INFO - Sync 3 DAGs
[2026-02-26T12:06:49.130+0000] {logging_mixin.py:188} INFO - [2026-02-26T12:06:49.130+0000] {dag.py:3954} INFO - Setting next_dagrun for data_quality_check to 2026-02-25 16:00:00+00:00, run_after=2026-02-26 16:00:00+00:00
[2026-02-26T12:06:49.135+0000] {logging_mixin.py:188} INFO - [2026-02-26T12:06:49.135+0000] {dag.py:3954} INFO - Setting next_dagrun for produce_json to 2026-02-25 14:00:00+00:00, run_after=2026-02-26 14:00:00+00:00
[2026-02-26T12:06:49.138+0000] {logging_mixin.py:188} INFO - [2026-02-26T12:06:49.138+0000] {dag.py:3954} INFO - Setting next_dagrun for update_db to 2026-02-25 15:00:00+00:00, run_after=2026-02-26 15:00:00+00:00
[2026-02-26T12:06:49.156+0000] {processor.py:183} INFO - Processing /opt/airflow/dags/main.py took 0.202 seconds
[2026-02-26T12:07:19.391+0000] {processor.py:161} INFO - Started process (PID=2331) to work on /opt/airflow/dags/main.py
[2026-02-26T12:07:19.392+0000] {processor.py:830} INFO - Processing file /opt/airflow/dags/main.py for tasks to queue
[2026-02-26T12:07:19.394+0000] {logging_mixin.py:188} INFO - [2026-02-26T12:07:19.394+0000] {dagbag.py:545} INFO - Filling up the DagBag from /opt/airflow/dags/main.py
[2026-02-26T12:07:19.493+0000] {processor.py:840} INFO - DAG(s) 'update_db', 'data_quality_check', 'produce_json' retrieved from /opt/airflow/dags/main.py
[2026-02-26T12:07:19.525+0000] {logging_mixin.py:188} INFO - [2026-02-26T12:07:19.525+0000] {dag.py:3096} INFO - Sync 3 DAGs
[2026-02-26T12:07:19.546+0000] {logging_mixin.py:188} INFO - [2026-02-26T12:07:19.545+0000] {dag.py:3954} INFO - Setting next_dagrun for data_quality_check to 2026-02-25 16:00:00+00:00, run_after=2026-02-26 16:00:00+00:00
[2026-02-26T12:07:19.550+0000] {logging_mixin.py:188} INFO - [2026-02-26T12:07:19.550+0000] {dag.py:3954} INFO - Setting next_dagrun for produce_json to 2026-02-25 14:00:00+00:00, run_after=2026-02-26 14:00:00+00:00
[2026-02-26T12:07:19.554+0000] {logging_mixin.py:188} INFO - [2026-02-26T12:07:19.554+0000] {dag.py:3954} INFO - Setting next_dagrun for update_db to 2026-02-25 15:00:00+00:00, run_after=2026-02-26 15:00:00+00:00
[2026-02-26T12:07:19.574+0000] {processor.py:183} INFO - Processing /opt/airflow/dags/main.py took 0.189 seconds
[2026-02-26T12:07:49.821+0000] {processor.py:161} INFO - Started process (PID=2339) to work on /opt/airflow/dags/main.py
[2026-02-26T12:07:49.823+0000] {processor.py:830} INFO - Processing file /opt/airflow/dags/main.py for tasks to queue
[2026-02-26T12:07:49.825+0000] {logging_mixin.py:188} INFO - [2026-02-26T12:07:49.825+0000] {dagbag.py:545} INFO - Filling up the DagBag from /opt/airflow/dags/main.py
[2026-02-26T12:07:49.935+0000] {processor.py:840} INFO - DAG(s) 'update_db', 'produce_json', 'data_quality_check' retrieved from /opt/airflow/dags/main.py
[2026-02-26T12:07:49.968+0000] {logging_mixin.py:188} INFO - [2026-02-26T12:07:49.967+0000] {dag.py:3096} INFO - Sync 3 DAGs
[2026-02-26T12:07:49.988+0000] {logging_mixin.py:188} INFO - [2026-02-26T12:07:49.988+0000] {dag.py:3954} INFO - Setting next_dagrun for data_quality_check to 2026-02-25 16:00:00+00:00, run_after=2026-02-26 16:00:00+00:00
[2026-02-26T12:07:49.993+0000] {logging_mixin.py:188} INFO - [2026-02-26T12:07:49.993+0000] {dag.py:3954} INFO - Setting next_dagrun for produce_json to 2026-02-25 14:00:00+00:00, run_after=2026-02-26 14:00:00+00:00
[2026-02-26T12:07:49.996+0000] {logging_mixin.py:188} INFO - [2026-02-26T12:07:49.996+0000] {dag.py:3954} INFO - Setting next_dagrun for update_db to 2026-02-25 15:00:00+00:00, run_after=2026-02-26 15:00:00+00:00
[2026-02-26T12:07:50.020+0000] {processor.py:183} INFO - Processing /opt/airflow/dags/main.py took 0.205 seconds
[2026-02-26T12:08:20.273+0000] {processor.py:161} INFO - Started process (PID=2347) to work on /opt/airflow/dags/main.py
[2026-02-26T12:08:20.275+0000] {processor.py:830} INFO - Processing file /opt/airflow/dags/main.py for tasks to queue
[2026-02-26T12:08:20.279+0000] {logging_mixin.py:188} INFO - [2026-02-26T12:08:20.278+0000] {dagbag.py:545} INFO - Filling up the DagBag from /opt/airflow/dags/main.py
[2026-02-26T12:08:20.455+0000] {processor.py:840} INFO - DAG(s) 'produce_json', 'update_db', 'data_quality_check' retrieved from /opt/airflow/dags/main.py
[2026-02-26T12:08:20.503+0000] {logging_mixin.py:188} INFO - [2026-02-26T12:08:20.503+0000] {dag.py:3096} INFO - Sync 3 DAGs
[2026-02-26T12:08:20.702+0000] {logging_mixin.py:188} INFO - [2026-02-26T12:08:20.702+0000] {dag.py:3954} INFO - Setting next_dagrun for data_quality_check to 2026-02-25 16:00:00+00:00, run_after=2026-02-26 16:00:00+00:00
[2026-02-26T12:08:20.708+0000] {logging_mixin.py:188} INFO - [2026-02-26T12:08:20.708+0000] {dag.py:3954} INFO - Setting next_dagrun for produce_json to 2026-02-25 14:00:00+00:00, run_after=2026-02-26 14:00:00+00:00
[2026-02-26T12:08:20.711+0000] {logging_mixin.py:188} INFO - [2026-02-26T12:08:20.711+0000] {dag.py:3954} INFO - Setting next_dagrun for update_db to 2026-02-25 15:00:00+00:00, run_after=2026-02-26 15:00:00+00:00
[2026-02-26T12:08:20.736+0000] {processor.py:183} INFO - Processing /opt/airflow/dags/main.py took 0.476 seconds
[2026-02-26T12:08:50.824+0000] {processor.py:161} INFO - Started process (PID=2355) to work on /opt/airflow/dags/main.py
[2026-02-26T12:08:50.825+0000] {processor.py:830} INFO - Processing file /opt/airflow/dags/main.py for tasks to queue
[2026-02-26T12:08:50.828+0000] {logging_mixin.py:188} INFO - [2026-02-26T12:08:50.827+0000] {dagbag.py:545} INFO - Filling up the DagBag from /opt/airflow/dags/main.py
[2026-02-26T12:08:50.952+0000] {processor.py:840} INFO - DAG(s) 'data_quality_check', 'produce_json', 'update_db' retrieved from /opt/airflow/dags/main.py
[2026-02-26T12:08:50.982+0000] {logging_mixin.py:188} INFO - [2026-02-26T12:08:50.982+0000] {dag.py:3096} INFO - Sync 3 DAGs
[2026-02-26T12:08:51.140+0000] {logging_mixin.py:188} INFO - [2026-02-26T12:08:51.140+0000] {dag.py:3954} INFO - Setting next_dagrun for data_quality_check to 2026-02-25 16:00:00+00:00, run_after=2026-02-26 16:00:00+00:00
[2026-02-26T12:08:51.145+0000] {logging_mixin.py:188} INFO - [2026-02-26T12:08:51.145+0000] {dag.py:3954} INFO - Setting next_dagrun for produce_json to 2026-02-25 14:00:00+00:00, run_after=2026-02-26 14:00:00+00:00
[2026-02-26T12:08:51.148+0000] {logging_mixin.py:188} INFO - [2026-02-26T12:08:51.148+0000] {dag.py:3954} INFO - Setting next_dagrun for update_db to 2026-02-25 15:00:00+00:00, run_after=2026-02-26 15:00:00+00:00
[2026-02-26T12:08:51.167+0000] {processor.py:183} INFO - Processing /opt/airflow/dags/main.py took 0.351 seconds
[2026-02-26T12:09:21.322+0000] {processor.py:161} INFO - Started process (PID=2364) to work on /opt/airflow/dags/main.py
[2026-02-26T12:09:21.323+0000] {processor.py:830} INFO - Processing file /opt/airflow/dags/main.py for tasks to queue
[2026-02-26T12:09:21.327+0000] {logging_mixin.py:188} INFO - [2026-02-26T12:09:21.327+0000] {dagbag.py:545} INFO - Filling up the DagBag from /opt/airflow/dags/main.py
[2026-02-26T12:09:21.499+0000] {processor.py:840} INFO - DAG(s) 'update_db', 'data_quality_check', 'produce_json' retrieved from /opt/airflow/dags/main.py
[2026-02-26T12:09:21.548+0000] {logging_mixin.py:188} INFO - [2026-02-26T12:09:21.547+0000] {dag.py:3096} INFO - Sync 3 DAGs
[2026-02-26T12:09:21.584+0000] {logging_mixin.py:188} INFO - [2026-02-26T12:09:21.583+0000] {dag.py:3954} INFO - Setting next_dagrun for data_quality_check to 2026-02-25 16:00:00+00:00, run_after=2026-02-26 16:00:00+00:00
[2026-02-26T12:09:21.591+0000] {logging_mixin.py:188} INFO - [2026-02-26T12:09:21.590+0000] {dag.py:3954} INFO - Setting next_dagrun for produce_json to 2026-02-25 14:00:00+00:00, run_after=2026-02-26 14:00:00+00:00
[2026-02-26T12:09:21.594+0000] {logging_mixin.py:188} INFO - [2026-02-26T12:09:21.594+0000] {dag.py:3954} INFO - Setting next_dagrun for update_db to 2026-02-25 15:00:00+00:00, run_after=2026-02-26 15:00:00+00:00
[2026-02-26T12:09:21.614+0000] {processor.py:183} INFO - Processing /opt/airflow/dags/main.py took 0.299 seconds
[2026-02-26T12:09:51.701+0000] {processor.py:161} INFO - Started process (PID=2372) to work on /opt/airflow/dags/main.py
[2026-02-26T12:09:51.702+0000] {processor.py:830} INFO - Processing file /opt/airflow/dags/main.py for tasks to queue
[2026-02-26T12:09:51.704+0000] {logging_mixin.py:188} INFO - [2026-02-26T12:09:51.704+0000] {dagbag.py:545} INFO - Filling up the DagBag from /opt/airflow/dags/main.py
[2026-02-26T12:09:51.826+0000] {processor.py:840} INFO - DAG(s) 'update_db', 'data_quality_check', 'produce_json' retrieved from /opt/airflow/dags/main.py
[2026-02-26T12:09:51.876+0000] {logging_mixin.py:188} INFO - [2026-02-26T12:09:51.876+0000] {dag.py:3096} INFO - Sync 3 DAGs
[2026-02-26T12:09:51.913+0000] {logging_mixin.py:188} INFO - [2026-02-26T12:09:51.913+0000] {dag.py:3954} INFO - Setting next_dagrun for data_quality_check to 2026-02-25 16:00:00+00:00, run_after=2026-02-26 16:00:00+00:00
[2026-02-26T12:09:51.927+0000] {logging_mixin.py:188} INFO - [2026-02-26T12:09:51.927+0000] {dag.py:3954} INFO - Setting next_dagrun for produce_json to 2026-02-25 14:00:00+00:00, run_after=2026-02-26 14:00:00+00:00
[2026-02-26T12:09:51.933+0000] {logging_mixin.py:188} INFO - [2026-02-26T12:09:51.932+0000] {dag.py:3954} INFO - Setting next_dagrun for update_db to 2026-02-25 15:00:00+00:00, run_after=2026-02-26 15:00:00+00:00
[2026-02-26T12:09:51.956+0000] {processor.py:183} INFO - Processing /opt/airflow/dags/main.py took 0.261 seconds
[2026-02-26T12:10:22.112+0000] {processor.py:161} INFO - Started process (PID=2380) to work on /opt/airflow/dags/main.py
[2026-02-26T12:10:22.113+0000] {processor.py:830} INFO - Processing file /opt/airflow/dags/main.py for tasks to queue
[2026-02-26T12:10:22.115+0000] {logging_mixin.py:188} INFO - [2026-02-26T12:10:22.115+0000] {dagbag.py:545} INFO - Filling up the DagBag from /opt/airflow/dags/main.py
[2026-02-26T12:10:22.227+0000] {processor.py:840} INFO - DAG(s) 'update_db', 'produce_json', 'data_quality_check' retrieved from /opt/airflow/dags/main.py
[2026-02-26T12:10:22.263+0000] {logging_mixin.py:188} INFO - [2026-02-26T12:10:22.262+0000] {dag.py:3096} INFO - Sync 3 DAGs
[2026-02-26T12:10:22.288+0000] {logging_mixin.py:188} INFO - [2026-02-26T12:10:22.288+0000] {dag.py:3954} INFO - Setting next_dagrun for data_quality_check to 2026-02-25 16:00:00+00:00, run_after=2026-02-26 16:00:00+00:00
[2026-02-26T12:10:22.295+0000] {logging_mixin.py:188} INFO - [2026-02-26T12:10:22.295+0000] {dag.py:3954} INFO - Setting next_dagrun for produce_json to 2026-02-25 14:00:00+00:00, run_after=2026-02-26 14:00:00+00:00
[2026-02-26T12:10:22.300+0000] {logging_mixin.py:188} INFO - [2026-02-26T12:10:22.300+0000] {dag.py:3954} INFO - Setting next_dagrun for update_db to 2026-02-25 15:00:00+00:00, run_after=2026-02-26 15:00:00+00:00
[2026-02-26T12:10:22.332+0000] {processor.py:183} INFO - Processing /opt/airflow/dags/main.py took 0.225 seconds
[2026-02-26T12:10:52.394+0000] {processor.py:161} INFO - Started process (PID=2387) to work on /opt/airflow/dags/main.py
[2026-02-26T12:10:52.395+0000] {processor.py:830} INFO - Processing file /opt/airflow/dags/main.py for tasks to queue
[2026-02-26T12:10:52.398+0000] {logging_mixin.py:188} INFO - [2026-02-26T12:10:52.398+0000] {dagbag.py:545} INFO - Filling up the DagBag from /opt/airflow/dags/main.py
[2026-02-26T12:10:52.530+0000] {processor.py:840} INFO - DAG(s) 'produce_json', 'data_quality_check', 'update_db' retrieved from /opt/airflow/dags/main.py
[2026-02-26T12:10:52.570+0000] {logging_mixin.py:188} INFO - [2026-02-26T12:10:52.570+0000] {dag.py:3096} INFO - Sync 3 DAGs
[2026-02-26T12:10:52.602+0000] {logging_mixin.py:188} INFO - [2026-02-26T12:10:52.602+0000] {dag.py:3954} INFO - Setting next_dagrun for data_quality_check to 2026-02-25 16:00:00+00:00, run_after=2026-02-26 16:00:00+00:00
[2026-02-26T12:10:52.609+0000] {logging_mixin.py:188} INFO - [2026-02-26T12:10:52.609+0000] {dag.py:3954} INFO - Setting next_dagrun for produce_json to 2026-02-25 14:00:00+00:00, run_after=2026-02-26 14:00:00+00:00
[2026-02-26T12:10:52.614+0000] {logging_mixin.py:188} INFO - [2026-02-26T12:10:52.613+0000] {dag.py:3954} INFO - Setting next_dagrun for update_db to 2026-02-25 15:00:00+00:00, run_after=2026-02-26 15:00:00+00:00
[2026-02-26T12:10:52.637+0000] {processor.py:183} INFO - Processing /opt/airflow/dags/main.py took 0.250 seconds
[2026-02-26T12:11:22.966+0000] {processor.py:161} INFO - Started process (PID=2395) to work on /opt/airflow/dags/main.py
[2026-02-26T12:11:22.968+0000] {processor.py:830} INFO - Processing file /opt/airflow/dags/main.py for tasks to queue
[2026-02-26T12:11:22.971+0000] {logging_mixin.py:188} INFO - [2026-02-26T12:11:22.971+0000] {dagbag.py:545} INFO - Filling up the DagBag from /opt/airflow/dags/main.py
[2026-02-26T12:11:23.087+0000] {processor.py:840} INFO - DAG(s) 'produce_json', 'update_db', 'data_quality_check' retrieved from /opt/airflow/dags/main.py
[2026-02-26T12:11:23.119+0000] {logging_mixin.py:188} INFO - [2026-02-26T12:11:23.119+0000] {dag.py:3096} INFO - Sync 3 DAGs
[2026-02-26T12:11:23.266+0000] {logging_mixin.py:188} INFO - [2026-02-26T12:11:23.266+0000] {dag.py:3954} INFO - Setting next_dagrun for data_quality_check to 2026-02-25 16:00:00+00:00, run_after=2026-02-26 16:00:00+00:00
[2026-02-26T12:11:23.272+0000] {logging_mixin.py:188} INFO - [2026-02-26T12:11:23.272+0000] {dag.py:3954} INFO - Setting next_dagrun for produce_json to 2026-02-25 14:00:00+00:00, run_after=2026-02-26 14:00:00+00:00
[2026-02-26T12:11:23.276+0000] {logging_mixin.py:188} INFO - [2026-02-26T12:11:23.276+0000] {dag.py:3954} INFO - Setting next_dagrun for update_db to 2026-02-25 15:00:00+00:00, run_after=2026-02-26 15:00:00+00:00
[2026-02-26T12:11:23.296+0000] {processor.py:183} INFO - Processing /opt/airflow/dags/main.py took 0.336 seconds
[2026-02-26T12:11:53.461+0000] {processor.py:161} INFO - Started process (PID=2405) to work on /opt/airflow/dags/main.py
[2026-02-26T12:11:53.462+0000] {processor.py:830} INFO - Processing file /opt/airflow/dags/main.py for tasks to queue
[2026-02-26T12:11:53.464+0000] {logging_mixin.py:188} INFO - [2026-02-26T12:11:53.464+0000] {dagbag.py:545} INFO - Filling up the DagBag from /opt/airflow/dags/main.py
[2026-02-26T12:11:53.571+0000] {processor.py:840} INFO - DAG(s) 'produce_json', 'data_quality_check', 'update_db' retrieved from /opt/airflow/dags/main.py
[2026-02-26T12:11:53.611+0000] {logging_mixin.py:188} INFO - [2026-02-26T12:11:53.611+0000] {dag.py:3096} INFO - Sync 3 DAGs
[2026-02-26T12:11:53.633+0000] {logging_mixin.py:188} INFO - [2026-02-26T12:11:53.633+0000] {dag.py:3954} INFO - Setting next_dagrun for data_quality_check to 2026-02-25 16:00:00+00:00, run_after=2026-02-26 16:00:00+00:00
[2026-02-26T12:11:53.638+0000] {logging_mixin.py:188} INFO - [2026-02-26T12:11:53.638+0000] {dag.py:3954} INFO - Setting next_dagrun for produce_json to 2026-02-25 14:00:00+00:00, run_after=2026-02-26 14:00:00+00:00
[2026-02-26T12:11:53.641+0000] {logging_mixin.py:188} INFO - [2026-02-26T12:11:53.641+0000] {dag.py:3954} INFO - Setting next_dagrun for update_db to 2026-02-25 15:00:00+00:00, run_after=2026-02-26 15:00:00+00:00
[2026-02-26T12:11:53.672+0000] {processor.py:183} INFO - Processing /opt/airflow/dags/main.py took 0.217 seconds
[2026-02-26T12:12:23.821+0000] {processor.py:161} INFO - Started process (PID=2414) to work on /opt/airflow/dags/main.py
[2026-02-26T12:12:23.822+0000] {processor.py:830} INFO - Processing file /opt/airflow/dags/main.py for tasks to queue
[2026-02-26T12:12:23.825+0000] {logging_mixin.py:188} INFO - [2026-02-26T12:12:23.824+0000] {dagbag.py:545} INFO - Filling up the DagBag from /opt/airflow/dags/main.py
[2026-02-26T12:12:23.982+0000] {processor.py:840} INFO - DAG(s) 'data_quality_check', 'update_db', 'produce_json' retrieved from /opt/airflow/dags/main.py
[2026-02-26T12:12:24.034+0000] {logging_mixin.py:188} INFO - [2026-02-26T12:12:24.034+0000] {dag.py:3096} INFO - Sync 3 DAGs
[2026-02-26T12:12:24.059+0000] {logging_mixin.py:188} INFO - [2026-02-26T12:12:24.059+0000] {dag.py:3954} INFO - Setting next_dagrun for data_quality_check to 2026-02-25 16:00:00+00:00, run_after=2026-02-26 16:00:00+00:00
[2026-02-26T12:12:24.064+0000] {logging_mixin.py:188} INFO - [2026-02-26T12:12:24.064+0000] {dag.py:3954} INFO - Setting next_dagrun for produce_json to 2026-02-25 14:00:00+00:00, run_after=2026-02-26 14:00:00+00:00
[2026-02-26T12:12:24.068+0000] {logging_mixin.py:188} INFO - [2026-02-26T12:12:24.068+0000] {dag.py:3954} INFO - Setting next_dagrun for update_db to 2026-02-25 15:00:00+00:00, run_after=2026-02-26 15:00:00+00:00
[2026-02-26T12:12:24.097+0000] {processor.py:183} INFO - Processing /opt/airflow/dags/main.py took 0.283 seconds
[2026-02-26T12:12:54.255+0000] {processor.py:161} INFO - Started process (PID=2422) to work on /opt/airflow/dags/main.py
[2026-02-26T12:12:54.257+0000] {processor.py:830} INFO - Processing file /opt/airflow/dags/main.py for tasks to queue
[2026-02-26T12:12:54.260+0000] {logging_mixin.py:188} INFO - [2026-02-26T12:12:54.259+0000] {dagbag.py:545} INFO - Filling up the DagBag from /opt/airflow/dags/main.py
[2026-02-26T12:12:54.394+0000] {processor.py:840} INFO - DAG(s) 'update_db', 'produce_json', 'data_quality_check' retrieved from /opt/airflow/dags/main.py
[2026-02-26T12:12:54.435+0000] {logging_mixin.py:188} INFO - [2026-02-26T12:12:54.435+0000] {dag.py:3096} INFO - Sync 3 DAGs
[2026-02-26T12:12:54.473+0000] {logging_mixin.py:188} INFO - [2026-02-26T12:12:54.473+0000] {dag.py:3954} INFO - Setting next_dagrun for data_quality_check to 2026-02-25 16:00:00+00:00, run_after=2026-02-26 16:00:00+00:00
[2026-02-26T12:12:54.480+0000] {logging_mixin.py:188} INFO - [2026-02-26T12:12:54.479+0000] {dag.py:3954} INFO - Setting next_dagrun for produce_json to 2026-02-25 14:00:00+00:00, run_after=2026-02-26 14:00:00+00:00
[2026-02-26T12:12:54.483+0000] {logging_mixin.py:188} INFO - [2026-02-26T12:12:54.483+0000] {dag.py:3954} INFO - Setting next_dagrun for update_db to 2026-02-25 15:00:00+00:00, run_after=2026-02-26 15:00:00+00:00
[2026-02-26T12:12:54.520+0000] {processor.py:183} INFO - Processing /opt/airflow/dags/main.py took 0.271 seconds
[2026-02-26T12:13:24.655+0000] {processor.py:161} INFO - Started process (PID=2430) to work on /opt/airflow/dags/main.py
[2026-02-26T12:13:24.656+0000] {processor.py:830} INFO - Processing file /opt/airflow/dags/main.py for tasks to queue
[2026-02-26T12:13:24.658+0000] {logging_mixin.py:188} INFO - [2026-02-26T12:13:24.658+0000] {dagbag.py:545} INFO - Filling up the DagBag from /opt/airflow/dags/main.py
[2026-02-26T12:13:24.758+0000] {processor.py:840} INFO - DAG(s) 'produce_json', 'update_db', 'data_quality_check' retrieved from /opt/airflow/dags/main.py
[2026-02-26T12:13:24.790+0000] {logging_mixin.py:188} INFO - [2026-02-26T12:13:24.789+0000] {dag.py:3096} INFO - Sync 3 DAGs
[2026-02-26T12:13:24.811+0000] {logging_mixin.py:188} INFO - [2026-02-26T12:13:24.810+0000] {dag.py:3954} INFO - Setting next_dagrun for data_quality_check to 2026-02-25 16:00:00+00:00, run_after=2026-02-26 16:00:00+00:00
[2026-02-26T12:13:24.816+0000] {logging_mixin.py:188} INFO - [2026-02-26T12:13:24.815+0000] {dag.py:3954} INFO - Setting next_dagrun for produce_json to 2026-02-25 14:00:00+00:00, run_after=2026-02-26 14:00:00+00:00
[2026-02-26T12:13:24.819+0000] {logging_mixin.py:188} INFO - [2026-02-26T12:13:24.818+0000] {dag.py:3954} INFO - Setting next_dagrun for update_db to 2026-02-25 15:00:00+00:00, run_after=2026-02-26 15:00:00+00:00
[2026-02-26T12:13:24.839+0000] {processor.py:183} INFO - Processing /opt/airflow/dags/main.py took 0.189 seconds
[2026-02-26T12:13:54.897+0000] {processor.py:161} INFO - Started process (PID=2437) to work on /opt/airflow/dags/main.py
[2026-02-26T12:13:54.898+0000] {processor.py:830} INFO - Processing file /opt/airflow/dags/main.py for tasks to queue
[2026-02-26T12:13:54.900+0000] {logging_mixin.py:188} INFO - [2026-02-26T12:13:54.900+0000] {dagbag.py:545} INFO - Filling up the DagBag from /opt/airflow/dags/main.py
[2026-02-26T12:13:55.013+0000] {processor.py:840} INFO - DAG(s) 'update_db', 'produce_json', 'data_quality_check' retrieved from /opt/airflow/dags/main.py
[2026-02-26T12:13:55.046+0000] {logging_mixin.py:188} INFO - [2026-02-26T12:13:55.046+0000] {dag.py:3096} INFO - Sync 3 DAGs
[2026-02-26T12:13:55.068+0000] {logging_mixin.py:188} INFO - [2026-02-26T12:13:55.068+0000] {dag.py:3954} INFO - Setting next_dagrun for data_quality_check to 2026-02-25 16:00:00+00:00, run_after=2026-02-26 16:00:00+00:00
[2026-02-26T12:13:55.074+0000] {logging_mixin.py:188} INFO - [2026-02-26T12:13:55.073+0000] {dag.py:3954} INFO - Setting next_dagrun for produce_json to 2026-02-25 14:00:00+00:00, run_after=2026-02-26 14:00:00+00:00
[2026-02-26T12:13:55.076+0000] {logging_mixin.py:188} INFO - [2026-02-26T12:13:55.076+0000] {dag.py:3954} INFO - Setting next_dagrun for update_db to 2026-02-25 15:00:00+00:00, run_after=2026-02-26 15:00:00+00:00
[2026-02-26T12:13:55.246+0000] {processor.py:183} INFO - Processing /opt/airflow/dags/main.py took 0.355 seconds
[2026-02-26T12:14:25.429+0000] {processor.py:161} INFO - Started process (PID=2446) to work on /opt/airflow/dags/main.py
[2026-02-26T12:14:25.431+0000] {processor.py:830} INFO - Processing file /opt/airflow/dags/main.py for tasks to queue
[2026-02-26T12:14:25.434+0000] {logging_mixin.py:188} INFO - [2026-02-26T12:14:25.434+0000] {dagbag.py:545} INFO - Filling up the DagBag from /opt/airflow/dags/main.py
[2026-02-26T12:14:25.574+0000] {processor.py:840} INFO - DAG(s) 'data_quality_check', 'update_db', 'produce_json' retrieved from /opt/airflow/dags/main.py
[2026-02-26T12:14:25.618+0000] {logging_mixin.py:188} INFO - [2026-02-26T12:14:25.618+0000] {dag.py:3096} INFO - Sync 3 DAGs
[2026-02-26T12:14:25.847+0000] {logging_mixin.py:188} INFO - [2026-02-26T12:14:25.847+0000] {dag.py:3954} INFO - Setting next_dagrun for data_quality_check to 2026-02-25 16:00:00+00:00, run_after=2026-02-26 16:00:00+00:00
[2026-02-26T12:14:25.858+0000] {logging_mixin.py:188} INFO - [2026-02-26T12:14:25.857+0000] {dag.py:3954} INFO - Setting next_dagrun for produce_json to 2026-02-25 14:00:00+00:00, run_after=2026-02-26 14:00:00+00:00
[2026-02-26T12:14:25.866+0000] {logging_mixin.py:188} INFO - [2026-02-26T12:14:25.866+0000] {dag.py:3954} INFO - Setting next_dagrun for update_db to 2026-02-25 15:00:00+00:00, run_after=2026-02-26 15:00:00+00:00
[2026-02-26T12:14:25.897+0000] {processor.py:183} INFO - Processing /opt/airflow/dags/main.py took 0.475 seconds
[2026-02-26T12:14:56.665+0000] {processor.py:161} INFO - Started process (PID=2460) to work on /opt/airflow/dags/main.py
[2026-02-26T12:14:56.667+0000] {processor.py:830} INFO - Processing file /opt/airflow/dags/main.py for tasks to queue
[2026-02-26T12:14:56.670+0000] {logging_mixin.py:188} INFO - [2026-02-26T12:14:56.669+0000] {dagbag.py:545} INFO - Filling up the DagBag from /opt/airflow/dags/main.py
[2026-02-26T12:14:56.773+0000] {processor.py:840} INFO - DAG(s) 'produce_json', 'update_db', 'data_quality_check' retrieved from /opt/airflow/dags/main.py
[2026-02-26T12:14:56.813+0000] {logging_mixin.py:188} INFO - [2026-02-26T12:14:56.813+0000] {dag.py:3096} INFO - Sync 3 DAGs
[2026-02-26T12:14:56.986+0000] {logging_mixin.py:188} INFO - [2026-02-26T12:14:56.986+0000] {dag.py:3954} INFO - Setting next_dagrun for data_quality_check to 2026-02-25 16:00:00+00:00, run_after=2026-02-26 16:00:00+00:00
[2026-02-26T12:14:56.991+0000] {logging_mixin.py:188} INFO - [2026-02-26T12:14:56.991+0000] {dag.py:3954} INFO - Setting next_dagrun for produce_json to 2026-02-25 14:00:00+00:00, run_after=2026-02-26 14:00:00+00:00
[2026-02-26T12:14:56.994+0000] {logging_mixin.py:188} INFO - [2026-02-26T12:14:56.994+0000] {dag.py:3954} INFO - Setting next_dagrun for update_db to 2026-02-25 15:00:00+00:00, run_after=2026-02-26 15:00:00+00:00
[2026-02-26T12:14:57.010+0000] {processor.py:183} INFO - Processing /opt/airflow/dags/main.py took 0.351 seconds
[2026-02-26T12:15:27.141+0000] {processor.py:161} INFO - Started process (PID=2468) to work on /opt/airflow/dags/main.py
[2026-02-26T12:15:27.142+0000] {processor.py:830} INFO - Processing file /opt/airflow/dags/main.py for tasks to queue
[2026-02-26T12:15:27.144+0000] {logging_mixin.py:188} INFO - [2026-02-26T12:15:27.144+0000] {dagbag.py:545} INFO - Filling up the DagBag from /opt/airflow/dags/main.py
[2026-02-26T12:15:27.243+0000] {processor.py:840} INFO - DAG(s) 'update_db', 'produce_json', 'data_quality_check' retrieved from /opt/airflow/dags/main.py
[2026-02-26T12:15:27.277+0000] {logging_mixin.py:188} INFO - [2026-02-26T12:15:27.277+0000] {dag.py:3096} INFO - Sync 3 DAGs
[2026-02-26T12:15:27.299+0000] {logging_mixin.py:188} INFO - [2026-02-26T12:15:27.299+0000] {dag.py:3954} INFO - Setting next_dagrun for data_quality_check to 2026-02-25 16:00:00+00:00, run_after=2026-02-26 16:00:00+00:00
[2026-02-26T12:15:27.304+0000] {logging_mixin.py:188} INFO - [2026-02-26T12:15:27.303+0000] {dag.py:3954} INFO - Setting next_dagrun for produce_json to 2026-02-25 14:00:00+00:00, run_after=2026-02-26 14:00:00+00:00
[2026-02-26T12:15:27.307+0000] {logging_mixin.py:188} INFO - [2026-02-26T12:15:27.307+0000] {dag.py:3954} INFO - Setting next_dagrun for update_db to 2026-02-25 15:00:00+00:00, run_after=2026-02-26 15:00:00+00:00
[2026-02-26T12:15:27.327+0000] {processor.py:183} INFO - Processing /opt/airflow/dags/main.py took 0.193 seconds
[2026-02-26T12:15:57.462+0000] {processor.py:161} INFO - Started process (PID=2476) to work on /opt/airflow/dags/main.py
[2026-02-26T12:15:57.463+0000] {processor.py:830} INFO - Processing file /opt/airflow/dags/main.py for tasks to queue
[2026-02-26T12:15:57.465+0000] {logging_mixin.py:188} INFO - [2026-02-26T12:15:57.465+0000] {dagbag.py:545} INFO - Filling up the DagBag from /opt/airflow/dags/main.py
[2026-02-26T12:15:57.625+0000] {processor.py:840} INFO - DAG(s) 'data_quality_check', 'produce_json', 'update_db' retrieved from /opt/airflow/dags/main.py
[2026-02-26T12:15:57.671+0000] {logging_mixin.py:188} INFO - [2026-02-26T12:15:57.671+0000] {dag.py:3096} INFO - Sync 3 DAGs
[2026-02-26T12:15:57.694+0000] {logging_mixin.py:188} INFO - [2026-02-26T12:15:57.694+0000] {dag.py:3954} INFO - Setting next_dagrun for data_quality_check to 2026-02-25 16:00:00+00:00, run_after=2026-02-26 16:00:00+00:00
[2026-02-26T12:15:57.700+0000] {logging_mixin.py:188} INFO - [2026-02-26T12:15:57.700+0000] {dag.py:3954} INFO - Setting next_dagrun for produce_json to 2026-02-25 14:00:00+00:00, run_after=2026-02-26 14:00:00+00:00
[2026-02-26T12:15:57.703+0000] {logging_mixin.py:188} INFO - [2026-02-26T12:15:57.703+0000] {dag.py:3954} INFO - Setting next_dagrun for update_db to 2026-02-25 15:00:00+00:00, run_after=2026-02-26 15:00:00+00:00
[2026-02-26T12:15:57.722+0000] {processor.py:183} INFO - Processing /opt/airflow/dags/main.py took 0.265 seconds
[2026-02-26T12:16:27.815+0000] {processor.py:161} INFO - Started process (PID=2484) to work on /opt/airflow/dags/main.py
[2026-02-26T12:16:27.816+0000] {processor.py:830} INFO - Processing file /opt/airflow/dags/main.py for tasks to queue
[2026-02-26T12:16:27.818+0000] {logging_mixin.py:188} INFO - [2026-02-26T12:16:27.817+0000] {dagbag.py:545} INFO - Filling up the DagBag from /opt/airflow/dags/main.py
[2026-02-26T12:16:27.936+0000] {processor.py:840} INFO - DAG(s) 'data_quality_check', 'update_db', 'produce_json' retrieved from /opt/airflow/dags/main.py
[2026-02-26T12:16:27.971+0000] {logging_mixin.py:188} INFO - [2026-02-26T12:16:27.971+0000] {dag.py:3096} INFO - Sync 3 DAGs
[2026-02-26T12:16:27.993+0000] {logging_mixin.py:188} INFO - [2026-02-26T12:16:27.993+0000] {dag.py:3954} INFO - Setting next_dagrun for data_quality_check to 2026-02-25 16:00:00+00:00, run_after=2026-02-26 16:00:00+00:00
[2026-02-26T12:16:27.998+0000] {logging_mixin.py:188} INFO - [2026-02-26T12:16:27.998+0000] {dag.py:3954} INFO - Setting next_dagrun for produce_json to 2026-02-25 14:00:00+00:00, run_after=2026-02-26 14:00:00+00:00
[2026-02-26T12:16:28.001+0000] {logging_mixin.py:188} INFO - [2026-02-26T12:16:28.001+0000] {dag.py:3954} INFO - Setting next_dagrun for update_db to 2026-02-25 15:00:00+00:00, run_after=2026-02-26 15:00:00+00:00
[2026-02-26T12:16:28.034+0000] {processor.py:183} INFO - Processing /opt/airflow/dags/main.py took 0.225 seconds
[2026-02-26T12:16:58.171+0000] {processor.py:161} INFO - Started process (PID=2492) to work on /opt/airflow/dags/main.py
[2026-02-26T12:16:58.173+0000] {processor.py:830} INFO - Processing file /opt/airflow/dags/main.py for tasks to queue
[2026-02-26T12:16:58.176+0000] {logging_mixin.py:188} INFO - [2026-02-26T12:16:58.175+0000] {dagbag.py:545} INFO - Filling up the DagBag from /opt/airflow/dags/main.py
[2026-02-26T12:16:58.286+0000] {processor.py:840} INFO - DAG(s) 'produce_json', 'data_quality_check', 'update_db' retrieved from /opt/airflow/dags/main.py
[2026-02-26T12:16:58.327+0000] {logging_mixin.py:188} INFO - [2026-02-26T12:16:58.327+0000] {dag.py:3096} INFO - Sync 3 DAGs
[2026-02-26T12:16:58.358+0000] {logging_mixin.py:188} INFO - [2026-02-26T12:16:58.358+0000] {dag.py:3954} INFO - Setting next_dagrun for data_quality_check to 2026-02-25 16:00:00+00:00, run_after=2026-02-26 16:00:00+00:00
[2026-02-26T12:16:58.366+0000] {logging_mixin.py:188} INFO - [2026-02-26T12:16:58.366+0000] {dag.py:3954} INFO - Setting next_dagrun for produce_json to 2026-02-25 14:00:00+00:00, run_after=2026-02-26 14:00:00+00:00
[2026-02-26T12:16:58.370+0000] {logging_mixin.py:188} INFO - [2026-02-26T12:16:58.370+0000] {dag.py:3954} INFO - Setting next_dagrun for update_db to 2026-02-25 15:00:00+00:00, run_after=2026-02-26 15:00:00+00:00
[2026-02-26T12:16:58.537+0000] {processor.py:183} INFO - Processing /opt/airflow/dags/main.py took 0.374 seconds
[2026-02-26T12:17:29.431+0000] {processor.py:161} INFO - Started process (PID=2500) to work on /opt/airflow/dags/main.py
[2026-02-26T12:17:29.431+0000] {processor.py:830} INFO - Processing file /opt/airflow/dags/main.py for tasks to queue
[2026-02-26T12:17:29.434+0000] {logging_mixin.py:188} INFO - [2026-02-26T12:17:29.434+0000] {dagbag.py:545} INFO - Filling up the DagBag from /opt/airflow/dags/main.py
[2026-02-26T12:17:29.539+0000] {processor.py:840} INFO - DAG(s) 'data_quality_check', 'update_db', 'produce_json' retrieved from /opt/airflow/dags/main.py
[2026-02-26T12:17:29.570+0000] {logging_mixin.py:188} INFO - [2026-02-26T12:17:29.570+0000] {dag.py:3096} INFO - Sync 3 DAGs
[2026-02-26T12:17:29.711+0000] {logging_mixin.py:188} INFO - [2026-02-26T12:17:29.711+0000] {dag.py:3954} INFO - Setting next_dagrun for data_quality_check to 2026-02-25 16:00:00+00:00, run_after=2026-02-26 16:00:00+00:00
[2026-02-26T12:17:29.716+0000] {logging_mixin.py:188} INFO - [2026-02-26T12:17:29.716+0000] {dag.py:3954} INFO - Setting next_dagrun for produce_json to 2026-02-25 14:00:00+00:00, run_after=2026-02-26 14:00:00+00:00
[2026-02-26T12:17:29.719+0000] {logging_mixin.py:188} INFO - [2026-02-26T12:17:29.719+0000] {dag.py:3954} INFO - Setting next_dagrun for update_db to 2026-02-25 15:00:00+00:00, run_after=2026-02-26 15:00:00+00:00
[2026-02-26T12:17:29.739+0000] {processor.py:183} INFO - Processing /opt/airflow/dags/main.py took 0.314 seconds
[2026-02-26T12:17:59.835+0000] {processor.py:161} INFO - Started process (PID=2508) to work on /opt/airflow/dags/main.py
[2026-02-26T12:17:59.836+0000] {processor.py:830} INFO - Processing file /opt/airflow/dags/main.py for tasks to queue
[2026-02-26T12:17:59.838+0000] {logging_mixin.py:188} INFO - [2026-02-26T12:17:59.837+0000] {dagbag.py:545} INFO - Filling up the DagBag from /opt/airflow/dags/main.py
[2026-02-26T12:17:59.935+0000] {processor.py:840} INFO - DAG(s) 'update_db', 'produce_json', 'data_quality_check' retrieved from /opt/airflow/dags/main.py
[2026-02-26T12:17:59.969+0000] {logging_mixin.py:188} INFO - [2026-02-26T12:17:59.969+0000] {dag.py:3096} INFO - Sync 3 DAGs
[2026-02-26T12:18:00.134+0000] {logging_mixin.py:188} INFO - [2026-02-26T12:18:00.134+0000] {dag.py:3954} INFO - Setting next_dagrun for data_quality_check to 2026-02-25 16:00:00+00:00, run_after=2026-02-26 16:00:00+00:00
[2026-02-26T12:18:00.139+0000] {logging_mixin.py:188} INFO - [2026-02-26T12:18:00.139+0000] {dag.py:3954} INFO - Setting next_dagrun for produce_json to 2026-02-25 14:00:00+00:00, run_after=2026-02-26 14:00:00+00:00
[2026-02-26T12:18:00.142+0000] {logging_mixin.py:188} INFO - [2026-02-26T12:18:00.142+0000] {dag.py:3954} INFO - Setting next_dagrun for update_db to 2026-02-25 15:00:00+00:00, run_after=2026-02-26 15:00:00+00:00
[2026-02-26T12:18:00.159+0000] {processor.py:183} INFO - Processing /opt/airflow/dags/main.py took 0.330 seconds
[2026-02-26T12:18:30.201+0000] {processor.py:161} INFO - Started process (PID=2516) to work on /opt/airflow/dags/main.py
[2026-02-26T12:18:30.202+0000] {processor.py:830} INFO - Processing file /opt/airflow/dags/main.py for tasks to queue
[2026-02-26T12:18:30.204+0000] {logging_mixin.py:188} INFO - [2026-02-26T12:18:30.204+0000] {dagbag.py:545} INFO - Filling up the DagBag from /opt/airflow/dags/main.py
[2026-02-26T12:18:30.294+0000] {processor.py:840} INFO - DAG(s) 'update_db', 'data_quality_check', 'produce_json' retrieved from /opt/airflow/dags/main.py
[2026-02-26T12:18:30.325+0000] {logging_mixin.py:188} INFO - [2026-02-26T12:18:30.324+0000] {dag.py:3096} INFO - Sync 3 DAGs
[2026-02-26T12:18:30.345+0000] {logging_mixin.py:188} INFO - [2026-02-26T12:18:30.345+0000] {dag.py:3954} INFO - Setting next_dagrun for data_quality_check to 2026-02-25 16:00:00+00:00, run_after=2026-02-26 16:00:00+00:00
[2026-02-26T12:18:30.350+0000] {logging_mixin.py:188} INFO - [2026-02-26T12:18:30.350+0000] {dag.py:3954} INFO - Setting next_dagrun for produce_json to 2026-02-25 14:00:00+00:00, run_after=2026-02-26 14:00:00+00:00
[2026-02-26T12:18:30.354+0000] {logging_mixin.py:188} INFO - [2026-02-26T12:18:30.353+0000] {dag.py:3954} INFO - Setting next_dagrun for update_db to 2026-02-25 15:00:00+00:00, run_after=2026-02-26 15:00:00+00:00
[2026-02-26T12:18:30.373+0000] {processor.py:183} INFO - Processing /opt/airflow/dags/main.py took 0.177 seconds
[2026-02-26T12:19:00.674+0000] {processor.py:161} INFO - Started process (PID=2524) to work on /opt/airflow/dags/main.py
[2026-02-26T12:19:00.675+0000] {processor.py:830} INFO - Processing file /opt/airflow/dags/main.py for tasks to queue
[2026-02-26T12:19:00.677+0000] {logging_mixin.py:188} INFO - [2026-02-26T12:19:00.676+0000] {dagbag.py:545} INFO - Filling up the DagBag from /opt/airflow/dags/main.py
[2026-02-26T12:19:00.769+0000] {processor.py:840} INFO - DAG(s) 'produce_json', 'data_quality_check', 'update_db' retrieved from /opt/airflow/dags/main.py
[2026-02-26T12:19:00.800+0000] {logging_mixin.py:188} INFO - [2026-02-26T12:19:00.799+0000] {dag.py:3096} INFO - Sync 3 DAGs
[2026-02-26T12:19:00.821+0000] {logging_mixin.py:188} INFO - [2026-02-26T12:19:00.821+0000] {dag.py:3954} INFO - Setting next_dagrun for data_quality_check to 2026-02-25 16:00:00+00:00, run_after=2026-02-26 16:00:00+00:00
[2026-02-26T12:19:00.827+0000] {logging_mixin.py:188} INFO - [2026-02-26T12:19:00.826+0000] {dag.py:3954} INFO - Setting next_dagrun for produce_json to 2026-02-25 14:00:00+00:00, run_after=2026-02-26 14:00:00+00:00
[2026-02-26T12:19:00.830+0000] {logging_mixin.py:188} INFO - [2026-02-26T12:19:00.829+0000] {dag.py:3954} INFO - Setting next_dagrun for update_db to 2026-02-25 15:00:00+00:00, run_after=2026-02-26 15:00:00+00:00
[2026-02-26T12:19:00.859+0000] {processor.py:183} INFO - Processing /opt/airflow/dags/main.py took 0.190 seconds
[2026-02-26T12:19:31.020+0000] {processor.py:161} INFO - Started process (PID=2532) to work on /opt/airflow/dags/main.py
[2026-02-26T12:19:31.021+0000] {processor.py:830} INFO - Processing file /opt/airflow/dags/main.py for tasks to queue
[2026-02-26T12:19:31.024+0000] {logging_mixin.py:188} INFO - [2026-02-26T12:19:31.024+0000] {dagbag.py:545} INFO - Filling up the DagBag from /opt/airflow/dags/main.py
[2026-02-26T12:19:31.115+0000] {processor.py:840} INFO - DAG(s) 'produce_json', 'data_quality_check', 'update_db' retrieved from /opt/airflow/dags/main.py
[2026-02-26T12:19:31.146+0000] {logging_mixin.py:188} INFO - [2026-02-26T12:19:31.145+0000] {dag.py:3096} INFO - Sync 3 DAGs
[2026-02-26T12:19:31.166+0000] {logging_mixin.py:188} INFO - [2026-02-26T12:19:31.166+0000] {dag.py:3954} INFO - Setting next_dagrun for data_quality_check to 2026-02-25 16:00:00+00:00, run_after=2026-02-26 16:00:00+00:00
[2026-02-26T12:19:31.171+0000] {logging_mixin.py:188} INFO - [2026-02-26T12:19:31.171+0000] {dag.py:3954} INFO - Setting next_dagrun for produce_json to 2026-02-25 14:00:00+00:00, run_after=2026-02-26 14:00:00+00:00
[2026-02-26T12:19:31.174+0000] {logging_mixin.py:188} INFO - [2026-02-26T12:19:31.174+0000] {dag.py:3954} INFO - Setting next_dagrun for update_db to 2026-02-25 15:00:00+00:00, run_after=2026-02-26 15:00:00+00:00
[2026-02-26T12:19:31.204+0000] {processor.py:183} INFO - Processing /opt/airflow/dags/main.py took 0.189 seconds
[2026-02-26T12:20:01.479+0000] {processor.py:161} INFO - Started process (PID=2540) to work on /opt/airflow/dags/main.py
[2026-02-26T12:20:01.480+0000] {processor.py:830} INFO - Processing file /opt/airflow/dags/main.py for tasks to queue
[2026-02-26T12:20:01.483+0000] {logging_mixin.py:188} INFO - [2026-02-26T12:20:01.482+0000] {dagbag.py:545} INFO - Filling up the DagBag from /opt/airflow/dags/main.py
[2026-02-26T12:20:01.577+0000] {processor.py:840} INFO - DAG(s) 'update_db', 'data_quality_check', 'produce_json' retrieved from /opt/airflow/dags/main.py
[2026-02-26T12:20:01.608+0000] {logging_mixin.py:188} INFO - [2026-02-26T12:20:01.608+0000] {dag.py:3096} INFO - Sync 3 DAGs
[2026-02-26T12:20:01.631+0000] {logging_mixin.py:188} INFO - [2026-02-26T12:20:01.630+0000] {dag.py:3954} INFO - Setting next_dagrun for data_quality_check to 2026-02-25 16:00:00+00:00, run_after=2026-02-26 16:00:00+00:00
[2026-02-26T12:20:01.637+0000] {logging_mixin.py:188} INFO - [2026-02-26T12:20:01.637+0000] {dag.py:3954} INFO - Setting next_dagrun for produce_json to 2026-02-25 14:00:00+00:00, run_after=2026-02-26 14:00:00+00:00
[2026-02-26T12:20:01.641+0000] {logging_mixin.py:188} INFO - [2026-02-26T12:20:01.641+0000] {dag.py:3954} INFO - Setting next_dagrun for update_db to 2026-02-25 15:00:00+00:00, run_after=2026-02-26 15:00:00+00:00
[2026-02-26T12:20:01.831+0000] {processor.py:183} INFO - Processing /opt/airflow/dags/main.py took 0.357 seconds
[2026-02-26T12:20:31.942+0000] {processor.py:161} INFO - Started process (PID=2548) to work on /opt/airflow/dags/main.py
[2026-02-26T12:20:31.944+0000] {processor.py:830} INFO - Processing file /opt/airflow/dags/main.py for tasks to queue
[2026-02-26T12:20:31.947+0000] {logging_mixin.py:188} INFO - [2026-02-26T12:20:31.946+0000] {dagbag.py:545} INFO - Filling up the DagBag from /opt/airflow/dags/main.py
[2026-02-26T12:20:32.065+0000] {processor.py:840} INFO - DAG(s) 'produce_json', 'update_db', 'data_quality_check' retrieved from /opt/airflow/dags/main.py
[2026-02-26T12:20:32.112+0000] {logging_mixin.py:188} INFO - [2026-02-26T12:20:32.111+0000] {dag.py:3096} INFO - Sync 3 DAGs
[2026-02-26T12:20:32.336+0000] {logging_mixin.py:188} INFO - [2026-02-26T12:20:32.336+0000] {dag.py:3954} INFO - Setting next_dagrun for data_quality_check to 2026-02-25 16:00:00+00:00, run_after=2026-02-26 16:00:00+00:00
[2026-02-26T12:20:32.345+0000] {logging_mixin.py:188} INFO - [2026-02-26T12:20:32.345+0000] {dag.py:3954} INFO - Setting next_dagrun for produce_json to 2026-02-25 14:00:00+00:00, run_after=2026-02-26 14:00:00+00:00
[2026-02-26T12:20:32.356+0000] {logging_mixin.py:188} INFO - [2026-02-26T12:20:32.356+0000] {dag.py:3954} INFO - Setting next_dagrun for update_db to 2026-02-25 15:00:00+00:00, run_after=2026-02-26 15:00:00+00:00
[2026-02-26T12:20:32.386+0000] {processor.py:183} INFO - Processing /opt/airflow/dags/main.py took 0.451 seconds
[2026-02-26T12:21:03.220+0000] {processor.py:161} INFO - Started process (PID=2556) to work on /opt/airflow/dags/main.py
[2026-02-26T12:21:03.221+0000] {processor.py:830} INFO - Processing file /opt/airflow/dags/main.py for tasks to queue
[2026-02-26T12:21:03.223+0000] {logging_mixin.py:188} INFO - [2026-02-26T12:21:03.223+0000] {dagbag.py:545} INFO - Filling up the DagBag from /opt/airflow/dags/main.py
[2026-02-26T12:21:03.327+0000] {processor.py:840} INFO - DAG(s) 'produce_json', 'update_db', 'data_quality_check' retrieved from /opt/airflow/dags/main.py
[2026-02-26T12:21:03.525+0000] {logging_mixin.py:188} INFO - [2026-02-26T12:21:03.524+0000] {dag.py:3096} INFO - Sync 3 DAGs
[2026-02-26T12:21:03.545+0000] {logging_mixin.py:188} INFO - [2026-02-26T12:21:03.544+0000] {dag.py:3954} INFO - Setting next_dagrun for data_quality_check to 2026-02-25 16:00:00+00:00, run_after=2026-02-26 16:00:00+00:00
[2026-02-26T12:21:03.550+0000] {logging_mixin.py:188} INFO - [2026-02-26T12:21:03.550+0000] {dag.py:3954} INFO - Setting next_dagrun for produce_json to 2026-02-25 14:00:00+00:00, run_after=2026-02-26 14:00:00+00:00
[2026-02-26T12:21:03.553+0000] {logging_mixin.py:188} INFO - [2026-02-26T12:21:03.553+0000] {dag.py:3954} INFO - Setting next_dagrun for update_db to 2026-02-25 15:00:00+00:00, run_after=2026-02-26 15:00:00+00:00
[2026-02-26T12:21:03.583+0000] {processor.py:183} INFO - Processing /opt/airflow/dags/main.py took 0.369 seconds
[2026-02-26T12:21:33.822+0000] {processor.py:161} INFO - Started process (PID=2564) to work on /opt/airflow/dags/main.py
[2026-02-26T12:21:33.823+0000] {processor.py:830} INFO - Processing file /opt/airflow/dags/main.py for tasks to queue
[2026-02-26T12:21:33.825+0000] {logging_mixin.py:188} INFO - [2026-02-26T12:21:33.825+0000] {dagbag.py:545} INFO - Filling up the DagBag from /opt/airflow/dags/main.py
[2026-02-26T12:21:33.948+0000] {processor.py:840} INFO - DAG(s) 'produce_json', 'data_quality_check', 'update_db' retrieved from /opt/airflow/dags/main.py
[2026-02-26T12:21:33.982+0000] {logging_mixin.py:188} INFO - [2026-02-26T12:21:33.981+0000] {dag.py:3096} INFO - Sync 3 DAGs
[2026-02-26T12:21:34.006+0000] {logging_mixin.py:188} INFO - [2026-02-26T12:21:34.006+0000] {dag.py:3954} INFO - Setting next_dagrun for data_quality_check to 2026-02-25 16:00:00+00:00, run_after=2026-02-26 16:00:00+00:00
[2026-02-26T12:21:34.012+0000] {logging_mixin.py:188} INFO - [2026-02-26T12:21:34.012+0000] {dag.py:3954} INFO - Setting next_dagrun for produce_json to 2026-02-25 14:00:00+00:00, run_after=2026-02-26 14:00:00+00:00
[2026-02-26T12:21:34.015+0000] {logging_mixin.py:188} INFO - [2026-02-26T12:21:34.015+0000] {dag.py:3954} INFO - Setting next_dagrun for update_db to 2026-02-25 15:00:00+00:00, run_after=2026-02-26 15:00:00+00:00
[2026-02-26T12:21:34.036+0000] {processor.py:183} INFO - Processing /opt/airflow/dags/main.py took 0.220 seconds
[2026-02-26T12:22:04.117+0000] {processor.py:161} INFO - Started process (PID=2572) to work on /opt/airflow/dags/main.py
[2026-02-26T12:22:04.118+0000] {processor.py:830} INFO - Processing file /opt/airflow/dags/main.py for tasks to queue
[2026-02-26T12:22:04.120+0000] {logging_mixin.py:188} INFO - [2026-02-26T12:22:04.120+0000] {dagbag.py:545} INFO - Filling up the DagBag from /opt/airflow/dags/main.py
[2026-02-26T12:22:04.213+0000] {processor.py:840} INFO - DAG(s) 'update_db', 'produce_json', 'data_quality_check' retrieved from /opt/airflow/dags/main.py
[2026-02-26T12:22:04.244+0000] {logging_mixin.py:188} INFO - [2026-02-26T12:22:04.244+0000] {dag.py:3096} INFO - Sync 3 DAGs
[2026-02-26T12:22:04.265+0000] {logging_mixin.py:188} INFO - [2026-02-26T12:22:04.265+0000] {dag.py:3954} INFO - Setting next_dagrun for data_quality_check to 2026-02-25 16:00:00+00:00, run_after=2026-02-26 16:00:00+00:00
[2026-02-26T12:22:04.270+0000] {logging_mixin.py:188} INFO - [2026-02-26T12:22:04.270+0000] {dag.py:3954} INFO - Setting next_dagrun for produce_json to 2026-02-25 14:00:00+00:00, run_after=2026-02-26 14:00:00+00:00
[2026-02-26T12:22:04.273+0000] {logging_mixin.py:188} INFO - [2026-02-26T12:22:04.273+0000] {dag.py:3954} INFO - Setting next_dagrun for update_db to 2026-02-25 15:00:00+00:00, run_after=2026-02-26 15:00:00+00:00
[2026-02-26T12:22:04.291+0000] {processor.py:183} INFO - Processing /opt/airflow/dags/main.py took 0.180 seconds
[2026-02-26T12:22:34.533+0000] {processor.py:161} INFO - Started process (PID=2581) to work on /opt/airflow/dags/main.py
[2026-02-26T12:22:34.534+0000] {processor.py:830} INFO - Processing file /opt/airflow/dags/main.py for tasks to queue
[2026-02-26T12:22:34.537+0000] {logging_mixin.py:188} INFO - [2026-02-26T12:22:34.536+0000] {dagbag.py:545} INFO - Filling up the DagBag from /opt/airflow/dags/main.py
[2026-02-26T12:22:34.657+0000] {processor.py:840} INFO - DAG(s) 'produce_json', 'update_db', 'data_quality_check' retrieved from /opt/airflow/dags/main.py
[2026-02-26T12:22:34.690+0000] {logging_mixin.py:188} INFO - [2026-02-26T12:22:34.690+0000] {dag.py:3096} INFO - Sync 3 DAGs
[2026-02-26T12:22:34.712+0000] {logging_mixin.py:188} INFO - [2026-02-26T12:22:34.712+0000] {dag.py:3954} INFO - Setting next_dagrun for data_quality_check to 2026-02-25 16:00:00+00:00, run_after=2026-02-26 16:00:00+00:00
[2026-02-26T12:22:34.718+0000] {logging_mixin.py:188} INFO - [2026-02-26T12:22:34.718+0000] {dag.py:3954} INFO - Setting next_dagrun for produce_json to 2026-02-25 14:00:00+00:00, run_after=2026-02-26 14:00:00+00:00
[2026-02-26T12:22:34.721+0000] {logging_mixin.py:188} INFO - [2026-02-26T12:22:34.721+0000] {dag.py:3954} INFO - Setting next_dagrun for update_db to 2026-02-25 15:00:00+00:00, run_after=2026-02-26 15:00:00+00:00
[2026-02-26T12:22:34.744+0000] {processor.py:183} INFO - Processing /opt/airflow/dags/main.py took 0.220 seconds
[2026-02-26T12:23:04.837+0000] {processor.py:161} INFO - Started process (PID=2589) to work on /opt/airflow/dags/main.py
[2026-02-26T12:23:04.838+0000] {processor.py:830} INFO - Processing file /opt/airflow/dags/main.py for tasks to queue
[2026-02-26T12:23:04.841+0000] {logging_mixin.py:188} INFO - [2026-02-26T12:23:04.840+0000] {dagbag.py:545} INFO - Filling up the DagBag from /opt/airflow/dags/main.py
[2026-02-26T12:23:04.966+0000] {processor.py:840} INFO - DAG(s) 'update_db', 'data_quality_check', 'produce_json' retrieved from /opt/airflow/dags/main.py
[2026-02-26T12:23:05.001+0000] {logging_mixin.py:188} INFO - [2026-02-26T12:23:05.001+0000] {dag.py:3096} INFO - Sync 3 DAGs
[2026-02-26T12:23:05.182+0000] {logging_mixin.py:188} INFO - [2026-02-26T12:23:05.182+0000] {dag.py:3954} INFO - Setting next_dagrun for data_quality_check to 2026-02-25 16:00:00+00:00, run_after=2026-02-26 16:00:00+00:00
[2026-02-26T12:23:05.188+0000] {logging_mixin.py:188} INFO - [2026-02-26T12:23:05.188+0000] {dag.py:3954} INFO - Setting next_dagrun for produce_json to 2026-02-25 14:00:00+00:00, run_after=2026-02-26 14:00:00+00:00
[2026-02-26T12:23:05.191+0000] {logging_mixin.py:188} INFO - [2026-02-26T12:23:05.191+0000] {dag.py:3954} INFO - Setting next_dagrun for update_db to 2026-02-25 15:00:00+00:00, run_after=2026-02-26 15:00:00+00:00
[2026-02-26T12:23:05.222+0000] {processor.py:183} INFO - Processing /opt/airflow/dags/main.py took 0.391 seconds
[2026-02-26T12:23:35.328+0000] {processor.py:161} INFO - Started process (PID=2597) to work on /opt/airflow/dags/main.py
[2026-02-26T12:23:35.329+0000] {processor.py:830} INFO - Processing file /opt/airflow/dags/main.py for tasks to queue
[2026-02-26T12:23:35.331+0000] {logging_mixin.py:188} INFO - [2026-02-26T12:23:35.330+0000] {dagbag.py:545} INFO - Filling up the DagBag from /opt/airflow/dags/main.py
[2026-02-26T12:23:35.435+0000] {processor.py:840} INFO - DAG(s) 'produce_json', 'update_db', 'data_quality_check' retrieved from /opt/airflow/dags/main.py
[2026-02-26T12:23:35.473+0000] {logging_mixin.py:188} INFO - [2026-02-26T12:23:35.473+0000] {dag.py:3096} INFO - Sync 3 DAGs
[2026-02-26T12:23:35.649+0000] {logging_mixin.py:188} INFO - [2026-02-26T12:23:35.648+0000] {dag.py:3954} INFO - Setting next_dagrun for data_quality_check to 2026-02-25 16:00:00+00:00, run_after=2026-02-26 16:00:00+00:00
[2026-02-26T12:23:35.655+0000] {logging_mixin.py:188} INFO - [2026-02-26T12:23:35.654+0000] {dag.py:3954} INFO - Setting next_dagrun for produce_json to 2026-02-25 14:00:00+00:00, run_after=2026-02-26 14:00:00+00:00
[2026-02-26T12:23:35.659+0000] {logging_mixin.py:188} INFO - [2026-02-26T12:23:35.659+0000] {dag.py:3954} INFO - Setting next_dagrun for update_db to 2026-02-25 15:00:00+00:00, run_after=2026-02-26 15:00:00+00:00
[2026-02-26T12:23:35.689+0000] {processor.py:183} INFO - Processing /opt/airflow/dags/main.py took 0.367 seconds
[2026-02-26T12:24:06.587+0000] {processor.py:161} INFO - Started process (PID=2605) to work on /opt/airflow/dags/main.py
[2026-02-26T12:24:06.589+0000] {processor.py:830} INFO - Processing file /opt/airflow/dags/main.py for tasks to queue
[2026-02-26T12:24:06.591+0000] {logging_mixin.py:188} INFO - [2026-02-26T12:24:06.591+0000] {dagbag.py:545} INFO - Filling up the DagBag from /opt/airflow/dags/main.py
[2026-02-26T12:24:06.707+0000] {processor.py:840} INFO - DAG(s) 'update_db', 'produce_json', 'data_quality_check' retrieved from /opt/airflow/dags/main.py
[2026-02-26T12:24:06.948+0000] {logging_mixin.py:188} INFO - [2026-02-26T12:24:06.947+0000] {dag.py:3096} INFO - Sync 3 DAGs
[2026-02-26T12:24:06.968+0000] {logging_mixin.py:188} INFO - [2026-02-26T12:24:06.968+0000] {dag.py:3954} INFO - Setting next_dagrun for data_quality_check to 2026-02-25 16:00:00+00:00, run_after=2026-02-26 16:00:00+00:00
[2026-02-26T12:24:06.973+0000] {logging_mixin.py:188} INFO - [2026-02-26T12:24:06.973+0000] {dag.py:3954} INFO - Setting next_dagrun for produce_json to 2026-02-25 14:00:00+00:00, run_after=2026-02-26 14:00:00+00:00
[2026-02-26T12:24:06.976+0000] {logging_mixin.py:188} INFO - [2026-02-26T12:24:06.976+0000] {dag.py:3954} INFO - Setting next_dagrun for update_db to 2026-02-25 15:00:00+00:00, run_after=2026-02-26 15:00:00+00:00
[2026-02-26T12:24:06.995+0000] {processor.py:183} INFO - Processing /opt/airflow/dags/main.py took 0.416 seconds
[2026-02-26T12:24:37.156+0000] {processor.py:161} INFO - Started process (PID=2613) to work on /opt/airflow/dags/main.py
[2026-02-26T12:24:37.158+0000] {processor.py:830} INFO - Processing file /opt/airflow/dags/main.py for tasks to queue
[2026-02-26T12:24:37.161+0000] {logging_mixin.py:188} INFO - [2026-02-26T12:24:37.161+0000] {dagbag.py:545} INFO - Filling up the DagBag from /opt/airflow/dags/main.py
[2026-02-26T12:24:37.361+0000] {processor.py:840} INFO - DAG(s) 'update_db', 'produce_json', 'data_quality_check' retrieved from /opt/airflow/dags/main.py
[2026-02-26T12:24:37.405+0000] {logging_mixin.py:188} INFO - [2026-02-26T12:24:37.405+0000] {dag.py:3096} INFO - Sync 3 DAGs
[2026-02-26T12:24:37.431+0000] {logging_mixin.py:188} INFO - [2026-02-26T12:24:37.431+0000] {dag.py:3954} INFO - Setting next_dagrun for data_quality_check to 2026-02-25 16:00:00+00:00, run_after=2026-02-26 16:00:00+00:00
[2026-02-26T12:24:37.440+0000] {logging_mixin.py:188} INFO - [2026-02-26T12:24:37.440+0000] {dag.py:3954} INFO - Setting next_dagrun for produce_json to 2026-02-25 14:00:00+00:00, run_after=2026-02-26 14:00:00+00:00
[2026-02-26T12:24:37.446+0000] {logging_mixin.py:188} INFO - [2026-02-26T12:24:37.446+0000] {dag.py:3954} INFO - Setting next_dagrun for update_db to 2026-02-25 15:00:00+00:00, run_after=2026-02-26 15:00:00+00:00
[2026-02-26T12:24:37.468+0000] {processor.py:183} INFO - Processing /opt/airflow/dags/main.py took 0.319 seconds
[2026-02-26T12:25:07.558+0000] {processor.py:161} INFO - Started process (PID=2621) to work on /opt/airflow/dags/main.py
[2026-02-26T12:25:07.559+0000] {processor.py:830} INFO - Processing file /opt/airflow/dags/main.py for tasks to queue
[2026-02-26T12:25:07.562+0000] {logging_mixin.py:188} INFO - [2026-02-26T12:25:07.562+0000] {dagbag.py:545} INFO - Filling up the DagBag from /opt/airflow/dags/main.py
[2026-02-26T12:25:07.697+0000] {processor.py:840} INFO - DAG(s) 'data_quality_check', 'update_db', 'produce_json' retrieved from /opt/airflow/dags/main.py
[2026-02-26T12:25:07.754+0000] {logging_mixin.py:188} INFO - [2026-02-26T12:25:07.754+0000] {dag.py:3096} INFO - Sync 3 DAGs
[2026-02-26T12:25:07.789+0000] {logging_mixin.py:188} INFO - [2026-02-26T12:25:07.789+0000] {dag.py:3954} INFO - Setting next_dagrun for data_quality_check to 2026-02-25 16:00:00+00:00, run_after=2026-02-26 16:00:00+00:00
[2026-02-26T12:25:07.794+0000] {logging_mixin.py:188} INFO - [2026-02-26T12:25:07.794+0000] {dag.py:3954} INFO - Setting next_dagrun for produce_json to 2026-02-25 14:00:00+00:00, run_after=2026-02-26 14:00:00+00:00
[2026-02-26T12:25:07.797+0000] {logging_mixin.py:188} INFO - [2026-02-26T12:25:07.797+0000] {dag.py:3954} INFO - Setting next_dagrun for update_db to 2026-02-25 15:00:00+00:00, run_after=2026-02-26 15:00:00+00:00
[2026-02-26T12:25:07.819+0000] {processor.py:183} INFO - Processing /opt/airflow/dags/main.py took 0.267 seconds
[2026-02-26T12:25:37.953+0000] {processor.py:161} INFO - Started process (PID=2629) to work on /opt/airflow/dags/main.py
[2026-02-26T12:25:37.954+0000] {processor.py:830} INFO - Processing file /opt/airflow/dags/main.py for tasks to queue
[2026-02-26T12:25:37.966+0000] {logging_mixin.py:188} INFO - [2026-02-26T12:25:37.966+0000] {dagbag.py:545} INFO - Filling up the DagBag from /opt/airflow/dags/main.py
[2026-02-26T12:25:38.106+0000] {processor.py:840} INFO - DAG(s) 'produce_json', 'update_db', 'data_quality_check' retrieved from /opt/airflow/dags/main.py
[2026-02-26T12:25:38.141+0000] {logging_mixin.py:188} INFO - [2026-02-26T12:25:38.141+0000] {dag.py:3096} INFO - Sync 3 DAGs
[2026-02-26T12:25:38.164+0000] {logging_mixin.py:188} INFO - [2026-02-26T12:25:38.164+0000] {dag.py:3954} INFO - Setting next_dagrun for data_quality_check to 2026-02-25 16:00:00+00:00, run_after=2026-02-26 16:00:00+00:00
[2026-02-26T12:25:38.169+0000] {logging_mixin.py:188} INFO - [2026-02-26T12:25:38.169+0000] {dag.py:3954} INFO - Setting next_dagrun for produce_json to 2026-02-25 14:00:00+00:00, run_after=2026-02-26 14:00:00+00:00
[2026-02-26T12:25:38.172+0000] {logging_mixin.py:188} INFO - [2026-02-26T12:25:38.172+0000] {dag.py:3954} INFO - Setting next_dagrun for update_db to 2026-02-25 15:00:00+00:00, run_after=2026-02-26 15:00:00+00:00
[2026-02-26T12:25:38.194+0000] {processor.py:183} INFO - Processing /opt/airflow/dags/main.py took 0.250 seconds
[2026-02-26T12:26:08.334+0000] {processor.py:161} INFO - Started process (PID=2637) to work on /opt/airflow/dags/main.py
[2026-02-26T12:26:08.335+0000] {processor.py:830} INFO - Processing file /opt/airflow/dags/main.py for tasks to queue
[2026-02-26T12:26:08.337+0000] {logging_mixin.py:188} INFO - [2026-02-26T12:26:08.337+0000] {dagbag.py:545} INFO - Filling up the DagBag from /opt/airflow/dags/main.py
[2026-02-26T12:26:08.429+0000] {processor.py:840} INFO - DAG(s) 'update_db', 'produce_json', 'data_quality_check' retrieved from /opt/airflow/dags/main.py
[2026-02-26T12:26:08.461+0000] {logging_mixin.py:188} INFO - [2026-02-26T12:26:08.460+0000] {dag.py:3096} INFO - Sync 3 DAGs
[2026-02-26T12:26:08.601+0000] {logging_mixin.py:188} INFO - [2026-02-26T12:26:08.601+0000] {dag.py:3954} INFO - Setting next_dagrun for data_quality_check to 2026-02-25 16:00:00+00:00, run_after=2026-02-26 16:00:00+00:00
[2026-02-26T12:26:08.606+0000] {logging_mixin.py:188} INFO - [2026-02-26T12:26:08.606+0000] {dag.py:3954} INFO - Setting next_dagrun for produce_json to 2026-02-25 14:00:00+00:00, run_after=2026-02-26 14:00:00+00:00
[2026-02-26T12:26:08.609+0000] {logging_mixin.py:188} INFO - [2026-02-26T12:26:08.609+0000] {dag.py:3954} INFO - Setting next_dagrun for update_db to 2026-02-25 15:00:00+00:00, run_after=2026-02-26 15:00:00+00:00
[2026-02-26T12:26:08.631+0000] {processor.py:183} INFO - Processing /opt/airflow/dags/main.py took 0.303 seconds
[2026-02-26T12:26:38.714+0000] {processor.py:161} INFO - Started process (PID=2645) to work on /opt/airflow/dags/main.py
[2026-02-26T12:26:38.715+0000] {processor.py:830} INFO - Processing file /opt/airflow/dags/main.py for tasks to queue
[2026-02-26T12:26:38.718+0000] {logging_mixin.py:188} INFO - [2026-02-26T12:26:38.717+0000] {dagbag.py:545} INFO - Filling up the DagBag from /opt/airflow/dags/main.py
[2026-02-26T12:26:38.821+0000] {processor.py:840} INFO - DAG(s) 'data_quality_check', 'produce_json', 'update_db' retrieved from /opt/airflow/dags/main.py
[2026-02-26T12:26:38.859+0000] {logging_mixin.py:188} INFO - [2026-02-26T12:26:38.859+0000] {dag.py:3096} INFO - Sync 3 DAGs
[2026-02-26T12:26:39.032+0000] {logging_mixin.py:188} INFO - [2026-02-26T12:26:39.032+0000] {dag.py:3954} INFO - Setting next_dagrun for data_quality_check to 2026-02-25 16:00:00+00:00, run_after=2026-02-26 16:00:00+00:00
[2026-02-26T12:26:39.039+0000] {logging_mixin.py:188} INFO - [2026-02-26T12:26:39.038+0000] {dag.py:3954} INFO - Setting next_dagrun for produce_json to 2026-02-25 14:00:00+00:00, run_after=2026-02-26 14:00:00+00:00
[2026-02-26T12:26:39.042+0000] {logging_mixin.py:188} INFO - [2026-02-26T12:26:39.042+0000] {dag.py:3954} INFO - Setting next_dagrun for update_db to 2026-02-25 15:00:00+00:00, run_after=2026-02-26 15:00:00+00:00
[2026-02-26T12:26:39.062+0000] {processor.py:183} INFO - Processing /opt/airflow/dags/main.py took 0.354 seconds
[2026-02-26T12:27:09.950+0000] {processor.py:161} INFO - Started process (PID=2653) to work on /opt/airflow/dags/main.py
[2026-02-26T12:27:09.952+0000] {processor.py:830} INFO - Processing file /opt/airflow/dags/main.py for tasks to queue
[2026-02-26T12:27:09.954+0000] {logging_mixin.py:188} INFO - [2026-02-26T12:27:09.953+0000] {dagbag.py:545} INFO - Filling up the DagBag from /opt/airflow/dags/main.py
[2026-02-26T12:27:10.070+0000] {processor.py:840} INFO - DAG(s) 'produce_json', 'update_db', 'data_quality_check' retrieved from /opt/airflow/dags/main.py
[2026-02-26T12:27:10.107+0000] {logging_mixin.py:188} INFO - [2026-02-26T12:27:10.107+0000] {dag.py:3096} INFO - Sync 3 DAGs
[2026-02-26T12:27:10.133+0000] {logging_mixin.py:188} INFO - [2026-02-26T12:27:10.132+0000] {dag.py:3954} INFO - Setting next_dagrun for data_quality_check to 2026-02-25 16:00:00+00:00, run_after=2026-02-26 16:00:00+00:00
[2026-02-26T12:27:10.140+0000] {logging_mixin.py:188} INFO - [2026-02-26T12:27:10.140+0000] {dag.py:3954} INFO - Setting next_dagrun for produce_json to 2026-02-25 14:00:00+00:00, run_after=2026-02-26 14:00:00+00:00
[2026-02-26T12:27:10.143+0000] {logging_mixin.py:188} INFO - [2026-02-26T12:27:10.143+0000] {dag.py:3954} INFO - Setting next_dagrun for update_db to 2026-02-25 15:00:00+00:00, run_after=2026-02-26 15:00:00+00:00
[2026-02-26T12:27:10.176+0000] {processor.py:183} INFO - Processing /opt/airflow/dags/main.py took 0.232 seconds
[2026-02-26T12:27:40.286+0000] {processor.py:161} INFO - Started process (PID=2661) to work on /opt/airflow/dags/main.py
[2026-02-26T12:27:40.288+0000] {processor.py:830} INFO - Processing file /opt/airflow/dags/main.py for tasks to queue
[2026-02-26T12:27:40.290+0000] {logging_mixin.py:188} INFO - [2026-02-26T12:27:40.289+0000] {dagbag.py:545} INFO - Filling up the DagBag from /opt/airflow/dags/main.py
[2026-02-26T12:27:40.385+0000] {processor.py:840} INFO - DAG(s) 'data_quality_check', 'produce_json', 'update_db' retrieved from /opt/airflow/dags/main.py
[2026-02-26T12:27:40.419+0000] {logging_mixin.py:188} INFO - [2026-02-26T12:27:40.419+0000] {dag.py:3096} INFO - Sync 3 DAGs
[2026-02-26T12:27:40.442+0000] {logging_mixin.py:188} INFO - [2026-02-26T12:27:40.442+0000] {dag.py:3954} INFO - Setting next_dagrun for data_quality_check to 2026-02-25 16:00:00+00:00, run_after=2026-02-26 16:00:00+00:00
[2026-02-26T12:27:40.448+0000] {logging_mixin.py:188} INFO - [2026-02-26T12:27:40.448+0000] {dag.py:3954} INFO - Setting next_dagrun for produce_json to 2026-02-25 14:00:00+00:00, run_after=2026-02-26 14:00:00+00:00
[2026-02-26T12:27:40.452+0000] {logging_mixin.py:188} INFO - [2026-02-26T12:27:40.452+0000] {dag.py:3954} INFO - Setting next_dagrun for update_db to 2026-02-25 15:00:00+00:00, run_after=2026-02-26 15:00:00+00:00
[2026-02-26T12:27:40.472+0000] {processor.py:183} INFO - Processing /opt/airflow/dags/main.py took 0.192 seconds
[2026-02-26T12:28:10.753+0000] {processor.py:161} INFO - Started process (PID=2669) to work on /opt/airflow/dags/main.py
[2026-02-26T12:28:10.754+0000] {processor.py:830} INFO - Processing file /opt/airflow/dags/main.py for tasks to queue
[2026-02-26T12:28:10.756+0000] {logging_mixin.py:188} INFO - [2026-02-26T12:28:10.755+0000] {dagbag.py:545} INFO - Filling up the DagBag from /opt/airflow/dags/main.py
[2026-02-26T12:28:10.878+0000] {processor.py:840} INFO - DAG(s) 'update_db', 'data_quality_check', 'produce_json' retrieved from /opt/airflow/dags/main.py
[2026-02-26T12:28:10.915+0000] {logging_mixin.py:188} INFO - [2026-02-26T12:28:10.915+0000] {dag.py:3096} INFO - Sync 3 DAGs
[2026-02-26T12:28:10.940+0000] {logging_mixin.py:188} INFO - [2026-02-26T12:28:10.940+0000] {dag.py:3954} INFO - Setting next_dagrun for data_quality_check to 2026-02-25 16:00:00+00:00, run_after=2026-02-26 16:00:00+00:00
[2026-02-26T12:28:10.946+0000] {logging_mixin.py:188} INFO - [2026-02-26T12:28:10.946+0000] {dag.py:3954} INFO - Setting next_dagrun for produce_json to 2026-02-25 14:00:00+00:00, run_after=2026-02-26 14:00:00+00:00
[2026-02-26T12:28:10.950+0000] {logging_mixin.py:188} INFO - [2026-02-26T12:28:10.950+0000] {dag.py:3954} INFO - Setting next_dagrun for update_db to 2026-02-25 15:00:00+00:00, run_after=2026-02-26 15:00:00+00:00
[2026-02-26T12:28:10.968+0000] {processor.py:183} INFO - Processing /opt/airflow/dags/main.py took 0.221 seconds
[2026-02-26T12:28:41.241+0000] {processor.py:161} INFO - Started process (PID=2677) to work on /opt/airflow/dags/main.py
[2026-02-26T12:28:41.243+0000] {processor.py:830} INFO - Processing file /opt/airflow/dags/main.py for tasks to queue
[2026-02-26T12:28:41.245+0000] {logging_mixin.py:188} INFO - [2026-02-26T12:28:41.245+0000] {dagbag.py:545} INFO - Filling up the DagBag from /opt/airflow/dags/main.py
[2026-02-26T12:28:41.415+0000] {processor.py:840} INFO - DAG(s) 'update_db', 'produce_json', 'data_quality_check' retrieved from /opt/airflow/dags/main.py
[2026-02-26T12:28:41.454+0000] {logging_mixin.py:188} INFO - [2026-02-26T12:28:41.454+0000] {dag.py:3096} INFO - Sync 3 DAGs
[2026-02-26T12:28:41.479+0000] {logging_mixin.py:188} INFO - [2026-02-26T12:28:41.479+0000] {dag.py:3954} INFO - Setting next_dagrun for data_quality_check to 2026-02-25 16:00:00+00:00, run_after=2026-02-26 16:00:00+00:00
[2026-02-26T12:28:41.485+0000] {logging_mixin.py:188} INFO - [2026-02-26T12:28:41.485+0000] {dag.py:3954} INFO - Setting next_dagrun for produce_json to 2026-02-25 14:00:00+00:00, run_after=2026-02-26 14:00:00+00:00
[2026-02-26T12:28:41.490+0000] {logging_mixin.py:188} INFO - [2026-02-26T12:28:41.490+0000] {dag.py:3954} INFO - Setting next_dagrun for update_db to 2026-02-25 15:00:00+00:00, run_after=2026-02-26 15:00:00+00:00
[2026-02-26T12:28:41.655+0000] {processor.py:183} INFO - Processing /opt/airflow/dags/main.py took 0.422 seconds
[2026-02-26T12:29:12.548+0000] {processor.py:161} INFO - Started process (PID=2685) to work on /opt/airflow/dags/main.py
[2026-02-26T12:29:12.549+0000] {processor.py:830} INFO - Processing file /opt/airflow/dags/main.py for tasks to queue
[2026-02-26T12:29:12.551+0000] {logging_mixin.py:188} INFO - [2026-02-26T12:29:12.551+0000] {dagbag.py:545} INFO - Filling up the DagBag from /opt/airflow/dags/main.py
[2026-02-26T12:29:12.683+0000] {processor.py:840} INFO - DAG(s) 'data_quality_check', 'produce_json', 'update_db' retrieved from /opt/airflow/dags/main.py
[2026-02-26T12:29:12.715+0000] {logging_mixin.py:188} INFO - [2026-02-26T12:29:12.715+0000] {dag.py:3096} INFO - Sync 3 DAGs
[2026-02-26T12:29:12.936+0000] {logging_mixin.py:188} INFO - [2026-02-26T12:29:12.936+0000] {dag.py:3954} INFO - Setting next_dagrun for data_quality_check to 2026-02-25 16:00:00+00:00, run_after=2026-02-26 16:00:00+00:00
[2026-02-26T12:29:12.942+0000] {logging_mixin.py:188} INFO - [2026-02-26T12:29:12.941+0000] {dag.py:3954} INFO - Setting next_dagrun for produce_json to 2026-02-25 14:00:00+00:00, run_after=2026-02-26 14:00:00+00:00
[2026-02-26T12:29:12.946+0000] {logging_mixin.py:188} INFO - [2026-02-26T12:29:12.945+0000] {dag.py:3954} INFO - Setting next_dagrun for update_db to 2026-02-25 15:00:00+00:00, run_after=2026-02-26 15:00:00+00:00
[2026-02-26T12:29:12.962+0000] {processor.py:183} INFO - Processing /opt/airflow/dags/main.py took 0.421 seconds
[2026-02-26T12:29:43.027+0000] {processor.py:161} INFO - Started process (PID=2693) to work on /opt/airflow/dags/main.py
[2026-02-26T12:29:43.028+0000] {processor.py:830} INFO - Processing file /opt/airflow/dags/main.py for tasks to queue
[2026-02-26T12:29:43.030+0000] {logging_mixin.py:188} INFO - [2026-02-26T12:29:43.030+0000] {dagbag.py:545} INFO - Filling up the DagBag from /opt/airflow/dags/main.py
[2026-02-26T12:29:43.122+0000] {processor.py:840} INFO - DAG(s) 'produce_json', 'update_db', 'data_quality_check' retrieved from /opt/airflow/dags/main.py
[2026-02-26T12:29:43.154+0000] {logging_mixin.py:188} INFO - [2026-02-26T12:29:43.154+0000] {dag.py:3096} INFO - Sync 3 DAGs
[2026-02-26T12:29:43.307+0000] {logging_mixin.py:188} INFO - [2026-02-26T12:29:43.307+0000] {dag.py:3954} INFO - Setting next_dagrun for data_quality_check to 2026-02-25 16:00:00+00:00, run_after=2026-02-26 16:00:00+00:00
[2026-02-26T12:29:43.312+0000] {logging_mixin.py:188} INFO - [2026-02-26T12:29:43.312+0000] {dag.py:3954} INFO - Setting next_dagrun for produce_json to 2026-02-25 14:00:00+00:00, run_after=2026-02-26 14:00:00+00:00
[2026-02-26T12:29:43.315+0000] {logging_mixin.py:188} INFO - [2026-02-26T12:29:43.315+0000] {dag.py:3954} INFO - Setting next_dagrun for update_db to 2026-02-25 15:00:00+00:00, run_after=2026-02-26 15:00:00+00:00
[2026-02-26T12:29:43.340+0000] {processor.py:183} INFO - Processing /opt/airflow/dags/main.py took 0.319 seconds
[2026-02-26T12:30:13.593+0000] {processor.py:161} INFO - Started process (PID=2702) to work on /opt/airflow/dags/main.py
[2026-02-26T12:30:13.594+0000] {processor.py:830} INFO - Processing file /opt/airflow/dags/main.py for tasks to queue
[2026-02-26T12:30:13.607+0000] {logging_mixin.py:188} INFO - [2026-02-26T12:30:13.596+0000] {dagbag.py:545} INFO - Filling up the DagBag from /opt/airflow/dags/main.py
[2026-02-26T12:30:13.716+0000] {processor.py:840} INFO - DAG(s) 'produce_json', 'update_db', 'data_quality_check' retrieved from /opt/airflow/dags/main.py
[2026-02-26T12:30:13.756+0000] {logging_mixin.py:188} INFO - [2026-02-26T12:30:13.755+0000] {dag.py:3096} INFO - Sync 3 DAGs
[2026-02-26T12:30:13.785+0000] {logging_mixin.py:188} INFO - [2026-02-26T12:30:13.785+0000] {dag.py:3954} INFO - Setting next_dagrun for data_quality_check to 2026-02-25 16:00:00+00:00, run_after=2026-02-26 16:00:00+00:00
[2026-02-26T12:30:13.790+0000] {logging_mixin.py:188} INFO - [2026-02-26T12:30:13.790+0000] {dag.py:3954} INFO - Setting next_dagrun for produce_json to 2026-02-25 14:00:00+00:00, run_after=2026-02-26 14:00:00+00:00
[2026-02-26T12:30:13.794+0000] {logging_mixin.py:188} INFO - [2026-02-26T12:30:13.794+0000] {dag.py:3954} INFO - Setting next_dagrun for update_db to 2026-02-25 15:00:00+00:00, run_after=2026-02-26 15:00:00+00:00
[2026-02-26T12:30:13.814+0000] {processor.py:183} INFO - Processing /opt/airflow/dags/main.py took 0.226 seconds
[2026-02-26T12:30:44.055+0000] {processor.py:161} INFO - Started process (PID=2710) to work on /opt/airflow/dags/main.py
[2026-02-26T12:30:44.057+0000] {processor.py:830} INFO - Processing file /opt/airflow/dags/main.py for tasks to queue
[2026-02-26T12:30:44.061+0000] {logging_mixin.py:188} INFO - [2026-02-26T12:30:44.060+0000] {dagbag.py:545} INFO - Filling up the DagBag from /opt/airflow/dags/main.py
[2026-02-26T12:30:44.169+0000] {processor.py:840} INFO - DAG(s) 'produce_json', 'data_quality_check', 'update_db' retrieved from /opt/airflow/dags/main.py
[2026-02-26T12:30:44.205+0000] {logging_mixin.py:188} INFO - [2026-02-26T12:30:44.205+0000] {dag.py:3096} INFO - Sync 3 DAGs
[2026-02-26T12:30:44.228+0000] {logging_mixin.py:188} INFO - [2026-02-26T12:30:44.228+0000] {dag.py:3954} INFO - Setting next_dagrun for data_quality_check to 2026-02-25 16:00:00+00:00, run_after=2026-02-26 16:00:00+00:00
[2026-02-26T12:30:44.233+0000] {logging_mixin.py:188} INFO - [2026-02-26T12:30:44.233+0000] {dag.py:3954} INFO - Setting next_dagrun for produce_json to 2026-02-25 14:00:00+00:00, run_after=2026-02-26 14:00:00+00:00
[2026-02-26T12:30:44.237+0000] {logging_mixin.py:188} INFO - [2026-02-26T12:30:44.237+0000] {dag.py:3954} INFO - Setting next_dagrun for update_db to 2026-02-25 15:00:00+00:00, run_after=2026-02-26 15:00:00+00:00
[2026-02-26T12:30:44.259+0000] {processor.py:183} INFO - Processing /opt/airflow/dags/main.py took 0.212 seconds
[2026-02-26T12:31:14.363+0000] {processor.py:161} INFO - Started process (PID=2718) to work on /opt/airflow/dags/main.py
[2026-02-26T12:31:14.364+0000] {processor.py:830} INFO - Processing file /opt/airflow/dags/main.py for tasks to queue
[2026-02-26T12:31:14.367+0000] {logging_mixin.py:188} INFO - [2026-02-26T12:31:14.366+0000] {dagbag.py:545} INFO - Filling up the DagBag from /opt/airflow/dags/main.py
[2026-02-26T12:31:14.474+0000] {processor.py:840} INFO - DAG(s) 'update_db', 'produce_json', 'data_quality_check' retrieved from /opt/airflow/dags/main.py
[2026-02-26T12:31:14.511+0000] {logging_mixin.py:188} INFO - [2026-02-26T12:31:14.510+0000] {dag.py:3096} INFO - Sync 3 DAGs
[2026-02-26T12:31:14.534+0000] {logging_mixin.py:188} INFO - [2026-02-26T12:31:14.534+0000] {dag.py:3954} INFO - Setting next_dagrun for data_quality_check to 2026-02-25 16:00:00+00:00, run_after=2026-02-26 16:00:00+00:00
[2026-02-26T12:31:14.540+0000] {logging_mixin.py:188} INFO - [2026-02-26T12:31:14.539+0000] {dag.py:3954} INFO - Setting next_dagrun for produce_json to 2026-02-25 14:00:00+00:00, run_after=2026-02-26 14:00:00+00:00
[2026-02-26T12:31:14.543+0000] {logging_mixin.py:188} INFO - [2026-02-26T12:31:14.543+0000] {dag.py:3954} INFO - Setting next_dagrun for update_db to 2026-02-25 15:00:00+00:00, run_after=2026-02-26 15:00:00+00:00
[2026-02-26T12:31:14.573+0000] {processor.py:183} INFO - Processing /opt/airflow/dags/main.py took 0.217 seconds
[2026-02-26T12:31:44.866+0000] {processor.py:161} INFO - Started process (PID=2726) to work on /opt/airflow/dags/main.py
[2026-02-26T12:31:44.867+0000] {processor.py:830} INFO - Processing file /opt/airflow/dags/main.py for tasks to queue
[2026-02-26T12:31:44.870+0000] {logging_mixin.py:188} INFO - [2026-02-26T12:31:44.870+0000] {dagbag.py:545} INFO - Filling up the DagBag from /opt/airflow/dags/main.py
[2026-02-26T12:31:44.965+0000] {processor.py:840} INFO - DAG(s) 'update_db', 'produce_json', 'data_quality_check' retrieved from /opt/airflow/dags/main.py
[2026-02-26T12:31:44.998+0000] {logging_mixin.py:188} INFO - [2026-02-26T12:31:44.997+0000] {dag.py:3096} INFO - Sync 3 DAGs
[2026-02-26T12:31:45.021+0000] {logging_mixin.py:188} INFO - [2026-02-26T12:31:45.021+0000] {dag.py:3954} INFO - Setting next_dagrun for data_quality_check to 2026-02-25 16:00:00+00:00, run_after=2026-02-26 16:00:00+00:00
[2026-02-26T12:31:45.030+0000] {logging_mixin.py:188} INFO - [2026-02-26T12:31:45.029+0000] {dag.py:3954} INFO - Setting next_dagrun for produce_json to 2026-02-25 14:00:00+00:00, run_after=2026-02-26 14:00:00+00:00
[2026-02-26T12:31:45.035+0000] {logging_mixin.py:188} INFO - [2026-02-26T12:31:45.035+0000] {dag.py:3954} INFO - Setting next_dagrun for update_db to 2026-02-25 15:00:00+00:00, run_after=2026-02-26 15:00:00+00:00
[2026-02-26T12:31:45.332+0000] {processor.py:183} INFO - Processing /opt/airflow/dags/main.py took 0.472 seconds
[2026-02-26T12:32:16.249+0000] {processor.py:161} INFO - Started process (PID=2735) to work on /opt/airflow/dags/main.py
[2026-02-26T12:32:16.250+0000] {processor.py:830} INFO - Processing file /opt/airflow/dags/main.py for tasks to queue
[2026-02-26T12:32:16.252+0000] {logging_mixin.py:188} INFO - [2026-02-26T12:32:16.252+0000] {dagbag.py:545} INFO - Filling up the DagBag from /opt/airflow/dags/main.py
[2026-02-26T12:32:16.378+0000] {processor.py:840} INFO - DAG(s) 'produce_json', 'update_db', 'data_quality_check' retrieved from /opt/airflow/dags/main.py
[2026-02-26T12:32:16.419+0000] {logging_mixin.py:188} INFO - [2026-02-26T12:32:16.419+0000] {dag.py:3096} INFO - Sync 3 DAGs
[2026-02-26T12:32:16.606+0000] {logging_mixin.py:188} INFO - [2026-02-26T12:32:16.606+0000] {dag.py:3954} INFO - Setting next_dagrun for data_quality_check to 2026-02-25 16:00:00+00:00, run_after=2026-02-26 16:00:00+00:00
[2026-02-26T12:32:16.612+0000] {logging_mixin.py:188} INFO - [2026-02-26T12:32:16.612+0000] {dag.py:3954} INFO - Setting next_dagrun for produce_json to 2026-02-25 14:00:00+00:00, run_after=2026-02-26 14:00:00+00:00
[2026-02-26T12:32:16.615+0000] {logging_mixin.py:188} INFO - [2026-02-26T12:32:16.615+0000] {dag.py:3954} INFO - Setting next_dagrun for update_db to 2026-02-25 15:00:00+00:00, run_after=2026-02-26 15:00:00+00:00
[2026-02-26T12:32:16.648+0000] {processor.py:183} INFO - Processing /opt/airflow/dags/main.py took 0.406 seconds
[2026-02-26T12:32:47.568+0000] {processor.py:161} INFO - Started process (PID=2743) to work on /opt/airflow/dags/main.py
[2026-02-26T12:32:47.569+0000] {processor.py:830} INFO - Processing file /opt/airflow/dags/main.py for tasks to queue
[2026-02-26T12:32:47.572+0000] {logging_mixin.py:188} INFO - [2026-02-26T12:32:47.572+0000] {dagbag.py:545} INFO - Filling up the DagBag from /opt/airflow/dags/main.py
[2026-02-26T12:32:47.693+0000] {processor.py:840} INFO - DAG(s) 'update_db', 'data_quality_check', 'produce_json' retrieved from /opt/airflow/dags/main.py
[2026-02-26T12:32:47.869+0000] {logging_mixin.py:188} INFO - [2026-02-26T12:32:47.869+0000] {dag.py:3096} INFO - Sync 3 DAGs
[2026-02-26T12:32:47.888+0000] {logging_mixin.py:188} INFO - [2026-02-26T12:32:47.888+0000] {dag.py:3954} INFO - Setting next_dagrun for data_quality_check to 2026-02-25 16:00:00+00:00, run_after=2026-02-26 16:00:00+00:00
[2026-02-26T12:32:47.893+0000] {logging_mixin.py:188} INFO - [2026-02-26T12:32:47.893+0000] {dag.py:3954} INFO - Setting next_dagrun for produce_json to 2026-02-25 14:00:00+00:00, run_after=2026-02-26 14:00:00+00:00
[2026-02-26T12:32:47.896+0000] {logging_mixin.py:188} INFO - [2026-02-26T12:32:47.896+0000] {dag.py:3954} INFO - Setting next_dagrun for update_db to 2026-02-25 15:00:00+00:00, run_after=2026-02-26 15:00:00+00:00
[2026-02-26T12:32:47.928+0000] {processor.py:183} INFO - Processing /opt/airflow/dags/main.py took 0.366 seconds
[2026-02-26T12:33:18.212+0000] {processor.py:161} INFO - Started process (PID=2751) to work on /opt/airflow/dags/main.py
[2026-02-26T12:33:18.213+0000] {processor.py:830} INFO - Processing file /opt/airflow/dags/main.py for tasks to queue
[2026-02-26T12:33:18.215+0000] {logging_mixin.py:188} INFO - [2026-02-26T12:33:18.215+0000] {dagbag.py:545} INFO - Filling up the DagBag from /opt/airflow/dags/main.py
[2026-02-26T12:33:18.368+0000] {processor.py:840} INFO - DAG(s) 'data_quality_check', 'update_db', 'produce_json' retrieved from /opt/airflow/dags/main.py
[2026-02-26T12:33:18.406+0000] {logging_mixin.py:188} INFO - [2026-02-26T12:33:18.406+0000] {dag.py:3096} INFO - Sync 3 DAGs
[2026-02-26T12:33:18.433+0000] {logging_mixin.py:188} INFO - [2026-02-26T12:33:18.433+0000] {dag.py:3954} INFO - Setting next_dagrun for data_quality_check to 2026-02-25 16:00:00+00:00, run_after=2026-02-26 16:00:00+00:00
[2026-02-26T12:33:18.442+0000] {logging_mixin.py:188} INFO - [2026-02-26T12:33:18.441+0000] {dag.py:3954} INFO - Setting next_dagrun for produce_json to 2026-02-25 14:00:00+00:00, run_after=2026-02-26 14:00:00+00:00
[2026-02-26T12:33:18.445+0000] {logging_mixin.py:188} INFO - [2026-02-26T12:33:18.445+0000] {dag.py:3954} INFO - Setting next_dagrun for update_db to 2026-02-25 15:00:00+00:00, run_after=2026-02-26 15:00:00+00:00
[2026-02-26T12:33:18.466+0000] {processor.py:183} INFO - Processing /opt/airflow/dags/main.py took 0.260 seconds
[2026-02-26T12:33:48.848+0000] {processor.py:161} INFO - Started process (PID=2759) to work on /opt/airflow/dags/main.py
[2026-02-26T12:33:48.849+0000] {processor.py:830} INFO - Processing file /opt/airflow/dags/main.py for tasks to queue
[2026-02-26T12:33:48.851+0000] {logging_mixin.py:188} INFO - [2026-02-26T12:33:48.851+0000] {dagbag.py:545} INFO - Filling up the DagBag from /opt/airflow/dags/main.py
[2026-02-26T12:33:48.959+0000] {processor.py:840} INFO - DAG(s) 'update_db', 'produce_json', 'data_quality_check' retrieved from /opt/airflow/dags/main.py
[2026-02-26T12:33:48.993+0000] {logging_mixin.py:188} INFO - [2026-02-26T12:33:48.993+0000] {dag.py:3096} INFO - Sync 3 DAGs
[2026-02-26T12:33:49.015+0000] {logging_mixin.py:188} INFO - [2026-02-26T12:33:49.015+0000] {dag.py:3954} INFO - Setting next_dagrun for data_quality_check to 2026-02-25 16:00:00+00:00, run_after=2026-02-26 16:00:00+00:00
[2026-02-26T12:33:49.020+0000] {logging_mixin.py:188} INFO - [2026-02-26T12:33:49.019+0000] {dag.py:3954} INFO - Setting next_dagrun for produce_json to 2026-02-25 14:00:00+00:00, run_after=2026-02-26 14:00:00+00:00
[2026-02-26T12:33:49.024+0000] {logging_mixin.py:188} INFO - [2026-02-26T12:33:49.023+0000] {dag.py:3954} INFO - Setting next_dagrun for update_db to 2026-02-25 15:00:00+00:00, run_after=2026-02-26 15:00:00+00:00
[2026-02-26T12:33:49.053+0000] {processor.py:183} INFO - Processing /opt/airflow/dags/main.py took 0.211 seconds
[2026-02-26T12:34:19.576+0000] {processor.py:161} INFO - Started process (PID=2767) to work on /opt/airflow/dags/main.py
[2026-02-26T12:34:19.577+0000] {processor.py:830} INFO - Processing file /opt/airflow/dags/main.py for tasks to queue
[2026-02-26T12:34:19.580+0000] {logging_mixin.py:188} INFO - [2026-02-26T12:34:19.579+0000] {dagbag.py:545} INFO - Filling up the DagBag from /opt/airflow/dags/main.py
[2026-02-26T12:34:19.708+0000] {processor.py:840} INFO - DAG(s) 'produce_json', 'data_quality_check', 'update_db' retrieved from /opt/airflow/dags/main.py
[2026-02-26T12:34:19.751+0000] {logging_mixin.py:188} INFO - [2026-02-26T12:34:19.750+0000] {dag.py:3096} INFO - Sync 3 DAGs
[2026-02-26T12:34:19.779+0000] {logging_mixin.py:188} INFO - [2026-02-26T12:34:19.778+0000] {dag.py:3954} INFO - Setting next_dagrun for data_quality_check to 2026-02-25 16:00:00+00:00, run_after=2026-02-26 16:00:00+00:00
[2026-02-26T12:34:19.785+0000] {logging_mixin.py:188} INFO - [2026-02-26T12:34:19.785+0000] {dag.py:3954} INFO - Setting next_dagrun for produce_json to 2026-02-25 14:00:00+00:00, run_after=2026-02-26 14:00:00+00:00
[2026-02-26T12:34:19.788+0000] {logging_mixin.py:188} INFO - [2026-02-26T12:34:19.788+0000] {dag.py:3954} INFO - Setting next_dagrun for update_db to 2026-02-25 15:00:00+00:00, run_after=2026-02-26 15:00:00+00:00
[2026-02-26T12:34:19.804+0000] {processor.py:183} INFO - Processing /opt/airflow/dags/main.py took 0.235 seconds
[2026-02-26T12:34:50.279+0000] {processor.py:161} INFO - Started process (PID=2775) to work on /opt/airflow/dags/main.py
[2026-02-26T12:34:50.282+0000] {processor.py:830} INFO - Processing file /opt/airflow/dags/main.py for tasks to queue
[2026-02-26T12:34:50.284+0000] {logging_mixin.py:188} INFO - [2026-02-26T12:34:50.283+0000] {dagbag.py:545} INFO - Filling up the DagBag from /opt/airflow/dags/main.py
[2026-02-26T12:34:50.411+0000] {processor.py:840} INFO - DAG(s) 'produce_json', 'data_quality_check', 'update_db' retrieved from /opt/airflow/dags/main.py
[2026-02-26T12:34:50.447+0000] {logging_mixin.py:188} INFO - [2026-02-26T12:34:50.446+0000] {dag.py:3096} INFO - Sync 3 DAGs
[2026-02-26T12:34:50.747+0000] {logging_mixin.py:188} INFO - [2026-02-26T12:34:50.747+0000] {dag.py:3954} INFO - Setting next_dagrun for data_quality_check to 2026-02-25 16:00:00+00:00, run_after=2026-02-26 16:00:00+00:00
[2026-02-26T12:34:50.756+0000] {logging_mixin.py:188} INFO - [2026-02-26T12:34:50.756+0000] {dag.py:3954} INFO - Setting next_dagrun for produce_json to 2026-02-25 14:00:00+00:00, run_after=2026-02-26 14:00:00+00:00
[2026-02-26T12:34:50.759+0000] {logging_mixin.py:188} INFO - [2026-02-26T12:34:50.759+0000] {dag.py:3954} INFO - Setting next_dagrun for update_db to 2026-02-25 15:00:00+00:00, run_after=2026-02-26 15:00:00+00:00
[2026-02-26T12:34:50.783+0000] {processor.py:183} INFO - Processing /opt/airflow/dags/main.py took 0.512 seconds
[2026-02-26T12:35:21.012+0000] {processor.py:161} INFO - Started process (PID=2783) to work on /opt/airflow/dags/main.py
[2026-02-26T12:35:21.013+0000] {processor.py:830} INFO - Processing file /opt/airflow/dags/main.py for tasks to queue
[2026-02-26T12:35:21.015+0000] {logging_mixin.py:188} INFO - [2026-02-26T12:35:21.015+0000] {dagbag.py:545} INFO - Filling up the DagBag from /opt/airflow/dags/main.py
[2026-02-26T12:35:21.122+0000] {processor.py:840} INFO - DAG(s) 'update_db', 'data_quality_check', 'produce_json' retrieved from /opt/airflow/dags/main.py
[2026-02-26T12:35:21.159+0000] {logging_mixin.py:188} INFO - [2026-02-26T12:35:21.158+0000] {dag.py:3096} INFO - Sync 3 DAGs
[2026-02-26T12:35:21.337+0000] {logging_mixin.py:188} INFO - [2026-02-26T12:35:21.337+0000] {dag.py:3954} INFO - Setting next_dagrun for data_quality_check to 2026-02-25 16:00:00+00:00, run_after=2026-02-26 16:00:00+00:00
[2026-02-26T12:35:21.343+0000] {logging_mixin.py:188} INFO - [2026-02-26T12:35:21.342+0000] {dag.py:3954} INFO - Setting next_dagrun for produce_json to 2026-02-25 14:00:00+00:00, run_after=2026-02-26 14:00:00+00:00
[2026-02-26T12:35:21.346+0000] {logging_mixin.py:188} INFO - [2026-02-26T12:35:21.346+0000] {dag.py:3954} INFO - Setting next_dagrun for update_db to 2026-02-25 15:00:00+00:00, run_after=2026-02-26 15:00:00+00:00
[2026-02-26T12:35:21.362+0000] {processor.py:183} INFO - Processing /opt/airflow/dags/main.py took 0.356 seconds
[2026-02-26T12:35:51.532+0000] {processor.py:161} INFO - Started process (PID=2791) to work on /opt/airflow/dags/main.py
[2026-02-26T12:35:51.533+0000] {processor.py:830} INFO - Processing file /opt/airflow/dags/main.py for tasks to queue
[2026-02-26T12:35:51.535+0000] {logging_mixin.py:188} INFO - [2026-02-26T12:35:51.534+0000] {dagbag.py:545} INFO - Filling up the DagBag from /opt/airflow/dags/main.py
[2026-02-26T12:35:51.649+0000] {processor.py:840} INFO - DAG(s) 'data_quality_check', 'produce_json', 'update_db' retrieved from /opt/airflow/dags/main.py
[2026-02-26T12:35:51.834+0000] {logging_mixin.py:188} INFO - [2026-02-26T12:35:51.834+0000] {dag.py:3096} INFO - Sync 3 DAGs
[2026-02-26T12:35:51.854+0000] {logging_mixin.py:188} INFO - [2026-02-26T12:35:51.854+0000] {dag.py:3954} INFO - Setting next_dagrun for data_quality_check to 2026-02-25 16:00:00+00:00, run_after=2026-02-26 16:00:00+00:00
[2026-02-26T12:35:51.861+0000] {logging_mixin.py:188} INFO - [2026-02-26T12:35:51.861+0000] {dag.py:3954} INFO - Setting next_dagrun for produce_json to 2026-02-25 14:00:00+00:00, run_after=2026-02-26 14:00:00+00:00
[2026-02-26T12:35:51.864+0000] {logging_mixin.py:188} INFO - [2026-02-26T12:35:51.864+0000] {dag.py:3954} INFO - Setting next_dagrun for update_db to 2026-02-25 15:00:00+00:00, run_after=2026-02-26 15:00:00+00:00
[2026-02-26T12:35:51.884+0000] {processor.py:183} INFO - Processing /opt/airflow/dags/main.py took 0.358 seconds
[2026-02-26T12:36:22.922+0000] {processor.py:161} INFO - Started process (PID=2799) to work on /opt/airflow/dags/main.py
[2026-02-26T12:36:22.923+0000] {processor.py:830} INFO - Processing file /opt/airflow/dags/main.py for tasks to queue
[2026-02-26T12:36:22.925+0000] {logging_mixin.py:188} INFO - [2026-02-26T12:36:22.925+0000] {dagbag.py:545} INFO - Filling up the DagBag from /opt/airflow/dags/main.py
[2026-02-26T12:36:23.043+0000] {processor.py:840} INFO - DAG(s) 'data_quality_check', 'update_db', 'produce_json' retrieved from /opt/airflow/dags/main.py
[2026-02-26T12:36:23.088+0000] {logging_mixin.py:188} INFO - [2026-02-26T12:36:23.088+0000] {dag.py:3096} INFO - Sync 3 DAGs
[2026-02-26T12:36:23.120+0000] {logging_mixin.py:188} INFO - [2026-02-26T12:36:23.120+0000] {dag.py:3954} INFO - Setting next_dagrun for data_quality_check to 2026-02-25 16:00:00+00:00, run_after=2026-02-26 16:00:00+00:00
[2026-02-26T12:36:23.126+0000] {logging_mixin.py:188} INFO - [2026-02-26T12:36:23.126+0000] {dag.py:3954} INFO - Setting next_dagrun for produce_json to 2026-02-25 14:00:00+00:00, run_after=2026-02-26 14:00:00+00:00
[2026-02-26T12:36:23.129+0000] {logging_mixin.py:188} INFO - [2026-02-26T12:36:23.129+0000] {dag.py:3954} INFO - Setting next_dagrun for update_db to 2026-02-25 15:00:00+00:00, run_after=2026-02-26 15:00:00+00:00
[2026-02-26T12:36:23.168+0000] {processor.py:183} INFO - Processing /opt/airflow/dags/main.py took 0.253 seconds
[2026-02-26T12:36:53.305+0000] {processor.py:161} INFO - Started process (PID=2807) to work on /opt/airflow/dags/main.py
[2026-02-26T12:36:53.306+0000] {processor.py:830} INFO - Processing file /opt/airflow/dags/main.py for tasks to queue
[2026-02-26T12:36:53.310+0000] {logging_mixin.py:188} INFO - [2026-02-26T12:36:53.309+0000] {dagbag.py:545} INFO - Filling up the DagBag from /opt/airflow/dags/main.py
[2026-02-26T12:36:53.412+0000] {processor.py:840} INFO - DAG(s) 'data_quality_check', 'update_db', 'produce_json' retrieved from /opt/airflow/dags/main.py
[2026-02-26T12:36:53.442+0000] {logging_mixin.py:188} INFO - [2026-02-26T12:36:53.442+0000] {dag.py:3096} INFO - Sync 3 DAGs
[2026-02-26T12:36:53.461+0000] {logging_mixin.py:188} INFO - [2026-02-26T12:36:53.461+0000] {dag.py:3954} INFO - Setting next_dagrun for data_quality_check to 2026-02-25 16:00:00+00:00, run_after=2026-02-26 16:00:00+00:00
[2026-02-26T12:36:53.465+0000] {logging_mixin.py:188} INFO - [2026-02-26T12:36:53.465+0000] {dag.py:3954} INFO - Setting next_dagrun for produce_json to 2026-02-25 14:00:00+00:00, run_after=2026-02-26 14:00:00+00:00
[2026-02-26T12:36:53.468+0000] {logging_mixin.py:188} INFO - [2026-02-26T12:36:53.468+0000] {dag.py:3954} INFO - Setting next_dagrun for update_db to 2026-02-25 15:00:00+00:00, run_after=2026-02-26 15:00:00+00:00
[2026-02-26T12:36:53.495+0000] {processor.py:183} INFO - Processing /opt/airflow/dags/main.py took 0.198 seconds
[2026-02-26T12:37:23.586+0000] {processor.py:161} INFO - Started process (PID=2815) to work on /opt/airflow/dags/main.py
[2026-02-26T12:37:23.587+0000] {processor.py:830} INFO - Processing file /opt/airflow/dags/main.py for tasks to queue
[2026-02-26T12:37:23.590+0000] {logging_mixin.py:188} INFO - [2026-02-26T12:37:23.589+0000] {dagbag.py:545} INFO - Filling up the DagBag from /opt/airflow/dags/main.py
[2026-02-26T12:37:23.705+0000] {processor.py:840} INFO - DAG(s) 'data_quality_check', 'produce_json', 'update_db' retrieved from /opt/airflow/dags/main.py
[2026-02-26T12:37:23.742+0000] {logging_mixin.py:188} INFO - [2026-02-26T12:37:23.741+0000] {dag.py:3096} INFO - Sync 3 DAGs
[2026-02-26T12:37:23.767+0000] {logging_mixin.py:188} INFO - [2026-02-26T12:37:23.767+0000] {dag.py:3954} INFO - Setting next_dagrun for data_quality_check to 2026-02-25 16:00:00+00:00, run_after=2026-02-26 16:00:00+00:00
[2026-02-26T12:37:23.773+0000] {logging_mixin.py:188} INFO - [2026-02-26T12:37:23.772+0000] {dag.py:3954} INFO - Setting next_dagrun for produce_json to 2026-02-25 14:00:00+00:00, run_after=2026-02-26 14:00:00+00:00
[2026-02-26T12:37:23.776+0000] {logging_mixin.py:188} INFO - [2026-02-26T12:37:23.776+0000] {dag.py:3954} INFO - Setting next_dagrun for update_db to 2026-02-25 15:00:00+00:00, run_after=2026-02-26 15:00:00+00:00
[2026-02-26T12:37:23.802+0000] {processor.py:183} INFO - Processing /opt/airflow/dags/main.py took 0.222 seconds
[2026-02-26T12:37:54.024+0000] {processor.py:161} INFO - Started process (PID=2823) to work on /opt/airflow/dags/main.py
[2026-02-26T12:37:54.025+0000] {processor.py:830} INFO - Processing file /opt/airflow/dags/main.py for tasks to queue
[2026-02-26T12:37:54.028+0000] {logging_mixin.py:188} INFO - [2026-02-26T12:37:54.028+0000] {dagbag.py:545} INFO - Filling up the DagBag from /opt/airflow/dags/main.py
[2026-02-26T12:37:54.134+0000] {processor.py:840} INFO - DAG(s) 'update_db', 'data_quality_check', 'produce_json' retrieved from /opt/airflow/dags/main.py
[2026-02-26T12:37:54.168+0000] {logging_mixin.py:188} INFO - [2026-02-26T12:37:54.168+0000] {dag.py:3096} INFO - Sync 3 DAGs
[2026-02-26T12:37:54.323+0000] {logging_mixin.py:188} INFO - [2026-02-26T12:37:54.323+0000] {dag.py:3954} INFO - Setting next_dagrun for data_quality_check to 2026-02-25 16:00:00+00:00, run_after=2026-02-26 16:00:00+00:00
[2026-02-26T12:37:54.328+0000] {logging_mixin.py:188} INFO - [2026-02-26T12:37:54.328+0000] {dag.py:3954} INFO - Setting next_dagrun for produce_json to 2026-02-25 14:00:00+00:00, run_after=2026-02-26 14:00:00+00:00
[2026-02-26T12:37:54.332+0000] {logging_mixin.py:188} INFO - [2026-02-26T12:37:54.331+0000] {dag.py:3954} INFO - Setting next_dagrun for update_db to 2026-02-25 15:00:00+00:00, run_after=2026-02-26 15:00:00+00:00
[2026-02-26T12:37:54.351+0000] {processor.py:183} INFO - Processing /opt/airflow/dags/main.py took 0.333 seconds
[2026-02-26T12:38:25.157+0000] {processor.py:161} INFO - Started process (PID=2831) to work on /opt/airflow/dags/main.py
[2026-02-26T12:38:25.158+0000] {processor.py:830} INFO - Processing file /opt/airflow/dags/main.py for tasks to queue
[2026-02-26T12:38:25.162+0000] {logging_mixin.py:188} INFO - [2026-02-26T12:38:25.162+0000] {dagbag.py:545} INFO - Filling up the DagBag from /opt/airflow/dags/main.py
[2026-02-26T12:38:25.265+0000] {processor.py:840} INFO - DAG(s) 'update_db', 'data_quality_check', 'produce_json' retrieved from /opt/airflow/dags/main.py
[2026-02-26T12:38:25.299+0000] {logging_mixin.py:188} INFO - [2026-02-26T12:38:25.299+0000] {dag.py:3096} INFO - Sync 3 DAGs
[2026-02-26T12:38:25.449+0000] {logging_mixin.py:188} INFO - [2026-02-26T12:38:25.449+0000] {dag.py:3954} INFO - Setting next_dagrun for data_quality_check to 2026-02-25 16:00:00+00:00, run_after=2026-02-26 16:00:00+00:00
[2026-02-26T12:38:25.455+0000] {logging_mixin.py:188} INFO - [2026-02-26T12:38:25.455+0000] {dag.py:3954} INFO - Setting next_dagrun for produce_json to 2026-02-25 14:00:00+00:00, run_after=2026-02-26 14:00:00+00:00
[2026-02-26T12:38:25.459+0000] {logging_mixin.py:188} INFO - [2026-02-26T12:38:25.458+0000] {dag.py:3954} INFO - Setting next_dagrun for update_db to 2026-02-25 15:00:00+00:00, run_after=2026-02-26 15:00:00+00:00
[2026-02-26T12:38:25.492+0000] {processor.py:183} INFO - Processing /opt/airflow/dags/main.py took 0.341 seconds
[2026-02-26T12:38:55.689+0000] {processor.py:161} INFO - Started process (PID=2839) to work on /opt/airflow/dags/main.py
[2026-02-26T12:38:55.690+0000] {processor.py:830} INFO - Processing file /opt/airflow/dags/main.py for tasks to queue
[2026-02-26T12:38:55.693+0000] {logging_mixin.py:188} INFO - [2026-02-26T12:38:55.693+0000] {dagbag.py:545} INFO - Filling up the DagBag from /opt/airflow/dags/main.py
[2026-02-26T12:38:55.814+0000] {processor.py:840} INFO - DAG(s) 'data_quality_check', 'update_db', 'produce_json' retrieved from /opt/airflow/dags/main.py
[2026-02-26T12:38:56.049+0000] {logging_mixin.py:188} INFO - [2026-02-26T12:38:56.049+0000] {dag.py:3096} INFO - Sync 3 DAGs
[2026-02-26T12:38:56.074+0000] {logging_mixin.py:188} INFO - [2026-02-26T12:38:56.074+0000] {dag.py:3954} INFO - Setting next_dagrun for data_quality_check to 2026-02-25 16:00:00+00:00, run_after=2026-02-26 16:00:00+00:00
[2026-02-26T12:38:56.081+0000] {logging_mixin.py:188} INFO - [2026-02-26T12:38:56.081+0000] {dag.py:3954} INFO - Setting next_dagrun for produce_json to 2026-02-25 14:00:00+00:00, run_after=2026-02-26 14:00:00+00:00
[2026-02-26T12:38:56.084+0000] {logging_mixin.py:188} INFO - [2026-02-26T12:38:56.084+0000] {dag.py:3954} INFO - Setting next_dagrun for update_db to 2026-02-25 15:00:00+00:00, run_after=2026-02-26 15:00:00+00:00
[2026-02-26T12:38:56.111+0000] {processor.py:183} INFO - Processing /opt/airflow/dags/main.py took 0.429 seconds
[2026-02-26T12:39:26.862+0000] {processor.py:161} INFO - Started process (PID=2847) to work on /opt/airflow/dags/main.py
[2026-02-26T12:39:26.863+0000] {processor.py:830} INFO - Processing file /opt/airflow/dags/main.py for tasks to queue
[2026-02-26T12:39:26.865+0000] {logging_mixin.py:188} INFO - [2026-02-26T12:39:26.865+0000] {dagbag.py:545} INFO - Filling up the DagBag from /opt/airflow/dags/main.py
[2026-02-26T12:39:26.976+0000] {processor.py:840} INFO - DAG(s) 'produce_json', 'data_quality_check', 'update_db' retrieved from /opt/airflow/dags/main.py
[2026-02-26T12:39:27.021+0000] {logging_mixin.py:188} INFO - [2026-02-26T12:39:27.020+0000] {dag.py:3096} INFO - Sync 3 DAGs
[2026-02-26T12:39:27.056+0000] {logging_mixin.py:188} INFO - [2026-02-26T12:39:27.055+0000] {dag.py:3954} INFO - Setting next_dagrun for data_quality_check to 2026-02-25 16:00:00+00:00, run_after=2026-02-26 16:00:00+00:00
[2026-02-26T12:39:27.062+0000] {logging_mixin.py:188} INFO - [2026-02-26T12:39:27.062+0000] {dag.py:3954} INFO - Setting next_dagrun for produce_json to 2026-02-25 14:00:00+00:00, run_after=2026-02-26 14:00:00+00:00
[2026-02-26T12:39:27.066+0000] {logging_mixin.py:188} INFO - [2026-02-26T12:39:27.066+0000] {dag.py:3954} INFO - Setting next_dagrun for update_db to 2026-02-25 15:00:00+00:00, run_after=2026-02-26 15:00:00+00:00
[2026-02-26T12:39:27.102+0000] {processor.py:183} INFO - Processing /opt/airflow/dags/main.py took 0.245 seconds
[2026-02-26T12:39:57.240+0000] {processor.py:161} INFO - Started process (PID=2855) to work on /opt/airflow/dags/main.py
[2026-02-26T12:39:57.242+0000] {processor.py:830} INFO - Processing file /opt/airflow/dags/main.py for tasks to queue
[2026-02-26T12:39:57.245+0000] {logging_mixin.py:188} INFO - [2026-02-26T12:39:57.245+0000] {dagbag.py:545} INFO - Filling up the DagBag from /opt/airflow/dags/main.py
[2026-02-26T12:39:57.452+0000] {processor.py:840} INFO - DAG(s) 'update_db', 'data_quality_check', 'produce_json' retrieved from /opt/airflow/dags/main.py
[2026-02-26T12:39:57.523+0000] {logging_mixin.py:188} INFO - [2026-02-26T12:39:57.522+0000] {dag.py:3096} INFO - Sync 3 DAGs
[2026-02-26T12:39:57.565+0000] {logging_mixin.py:188} INFO - [2026-02-26T12:39:57.565+0000] {dag.py:3954} INFO - Setting next_dagrun for data_quality_check to 2026-02-25 16:00:00+00:00, run_after=2026-02-26 16:00:00+00:00
[2026-02-26T12:39:57.573+0000] {logging_mixin.py:188} INFO - [2026-02-26T12:39:57.573+0000] {dag.py:3954} INFO - Setting next_dagrun for produce_json to 2026-02-25 14:00:00+00:00, run_after=2026-02-26 14:00:00+00:00
[2026-02-26T12:39:57.580+0000] {logging_mixin.py:188} INFO - [2026-02-26T12:39:57.580+0000] {dag.py:3954} INFO - Setting next_dagrun for update_db to 2026-02-25 15:00:00+00:00, run_after=2026-02-26 15:00:00+00:00
[2026-02-26T12:39:57.610+0000] {processor.py:183} INFO - Processing /opt/airflow/dags/main.py took 0.380 seconds
[2026-02-26T12:40:28.396+0000] {processor.py:161} INFO - Started process (PID=2863) to work on /opt/airflow/dags/main.py
[2026-02-26T12:40:28.397+0000] {processor.py:830} INFO - Processing file /opt/airflow/dags/main.py for tasks to queue
[2026-02-26T12:40:28.399+0000] {logging_mixin.py:188} INFO - [2026-02-26T12:40:28.399+0000] {dagbag.py:545} INFO - Filling up the DagBag from /opt/airflow/dags/main.py
[2026-02-26T12:40:28.513+0000] {processor.py:840} INFO - DAG(s) 'produce_json', 'update_db', 'data_quality_check' retrieved from /opt/airflow/dags/main.py
[2026-02-26T12:40:28.548+0000] {logging_mixin.py:188} INFO - [2026-02-26T12:40:28.548+0000] {dag.py:3096} INFO - Sync 3 DAGs
[2026-02-26T12:40:28.573+0000] {logging_mixin.py:188} INFO - [2026-02-26T12:40:28.573+0000] {dag.py:3954} INFO - Setting next_dagrun for data_quality_check to 2026-02-25 16:00:00+00:00, run_after=2026-02-26 16:00:00+00:00
[2026-02-26T12:40:28.578+0000] {logging_mixin.py:188} INFO - [2026-02-26T12:40:28.578+0000] {dag.py:3954} INFO - Setting next_dagrun for produce_json to 2026-02-25 14:00:00+00:00, run_after=2026-02-26 14:00:00+00:00
[2026-02-26T12:40:28.581+0000] {logging_mixin.py:188} INFO - [2026-02-26T12:40:28.581+0000] {dag.py:3954} INFO - Setting next_dagrun for update_db to 2026-02-25 15:00:00+00:00, run_after=2026-02-26 15:00:00+00:00
[2026-02-26T12:40:28.743+0000] {processor.py:183} INFO - Processing /opt/airflow/dags/main.py took 0.353 seconds
[2026-02-26T12:40:59.601+0000] {processor.py:161} INFO - Started process (PID=2871) to work on /opt/airflow/dags/main.py
[2026-02-26T12:40:59.602+0000] {processor.py:830} INFO - Processing file /opt/airflow/dags/main.py for tasks to queue
[2026-02-26T12:40:59.604+0000] {logging_mixin.py:188} INFO - [2026-02-26T12:40:59.603+0000] {dagbag.py:545} INFO - Filling up the DagBag from /opt/airflow/dags/main.py
[2026-02-26T12:40:59.692+0000] {processor.py:840} INFO - DAG(s) 'update_db', 'data_quality_check', 'produce_json' retrieved from /opt/airflow/dags/main.py
[2026-02-26T12:40:59.722+0000] {logging_mixin.py:188} INFO - [2026-02-26T12:40:59.722+0000] {dag.py:3096} INFO - Sync 3 DAGs
[2026-02-26T12:40:59.880+0000] {logging_mixin.py:188} INFO - [2026-02-26T12:40:59.880+0000] {dag.py:3954} INFO - Setting next_dagrun for data_quality_check to 2026-02-25 16:00:00+00:00, run_after=2026-02-26 16:00:00+00:00
[2026-02-26T12:40:59.885+0000] {logging_mixin.py:188} INFO - [2026-02-26T12:40:59.885+0000] {dag.py:3954} INFO - Setting next_dagrun for produce_json to 2026-02-25 14:00:00+00:00, run_after=2026-02-26 14:00:00+00:00
[2026-02-26T12:40:59.889+0000] {logging_mixin.py:188} INFO - [2026-02-26T12:40:59.889+0000] {dag.py:3954} INFO - Setting next_dagrun for update_db to 2026-02-25 15:00:00+00:00, run_after=2026-02-26 15:00:00+00:00
[2026-02-26T12:40:59.918+0000] {processor.py:183} INFO - Processing /opt/airflow/dags/main.py took 0.322 seconds
[2026-02-26T12:41:30.092+0000] {processor.py:161} INFO - Started process (PID=2879) to work on /opt/airflow/dags/main.py
[2026-02-26T12:41:30.093+0000] {processor.py:830} INFO - Processing file /opt/airflow/dags/main.py for tasks to queue
[2026-02-26T12:41:30.095+0000] {logging_mixin.py:188} INFO - [2026-02-26T12:41:30.095+0000] {dagbag.py:545} INFO - Filling up the DagBag from /opt/airflow/dags/main.py
[2026-02-26T12:41:30.185+0000] {processor.py:840} INFO - DAG(s) 'update_db', 'data_quality_check', 'produce_json' retrieved from /opt/airflow/dags/main.py
[2026-02-26T12:41:30.217+0000] {logging_mixin.py:188} INFO - [2026-02-26T12:41:30.217+0000] {dag.py:3096} INFO - Sync 3 DAGs
[2026-02-26T12:41:30.365+0000] {logging_mixin.py:188} INFO - [2026-02-26T12:41:30.365+0000] {dag.py:3954} INFO - Setting next_dagrun for data_quality_check to 2026-02-25 16:00:00+00:00, run_after=2026-02-26 16:00:00+00:00
[2026-02-26T12:41:30.372+0000] {logging_mixin.py:188} INFO - [2026-02-26T12:41:30.371+0000] {dag.py:3954} INFO - Setting next_dagrun for produce_json to 2026-02-25 14:00:00+00:00, run_after=2026-02-26 14:00:00+00:00
[2026-02-26T12:41:30.377+0000] {logging_mixin.py:188} INFO - [2026-02-26T12:41:30.376+0000] {dag.py:3954} INFO - Setting next_dagrun for update_db to 2026-02-25 15:00:00+00:00, run_after=2026-02-26 15:00:00+00:00
[2026-02-26T12:41:30.404+0000] {processor.py:183} INFO - Processing /opt/airflow/dags/main.py took 0.317 seconds
[2026-02-26T12:42:01.312+0000] {processor.py:161} INFO - Started process (PID=2893) to work on /opt/airflow/dags/main.py
[2026-02-26T12:42:01.314+0000] {processor.py:830} INFO - Processing file /opt/airflow/dags/main.py for tasks to queue
[2026-02-26T12:42:01.322+0000] {logging_mixin.py:188} INFO - [2026-02-26T12:42:01.321+0000] {dagbag.py:545} INFO - Filling up the DagBag from /opt/airflow/dags/main.py
[2026-02-26T12:42:01.495+0000] {processor.py:840} INFO - DAG(s) 'produce_json', 'data_quality_check', 'update_db' retrieved from /opt/airflow/dags/main.py
[2026-02-26T12:42:01.740+0000] {logging_mixin.py:188} INFO - [2026-02-26T12:42:01.740+0000] {dag.py:3096} INFO - Sync 3 DAGs
[2026-02-26T12:42:01.769+0000] {logging_mixin.py:188} INFO - [2026-02-26T12:42:01.769+0000] {dag.py:3954} INFO - Setting next_dagrun for data_quality_check to 2026-02-25 16:00:00+00:00, run_after=2026-02-26 16:00:00+00:00
[2026-02-26T12:42:01.776+0000] {logging_mixin.py:188} INFO - [2026-02-26T12:42:01.776+0000] {dag.py:3954} INFO - Setting next_dagrun for produce_json to 2026-02-25 14:00:00+00:00, run_after=2026-02-26 14:00:00+00:00
[2026-02-26T12:42:01.780+0000] {logging_mixin.py:188} INFO - [2026-02-26T12:42:01.780+0000] {dag.py:3954} INFO - Setting next_dagrun for update_db to 2026-02-25 15:00:00+00:00, run_after=2026-02-26 15:00:00+00:00
[2026-02-26T12:42:01.812+0000] {processor.py:183} INFO - Processing /opt/airflow/dags/main.py took 0.513 seconds
[2026-02-26T12:42:32.495+0000] {processor.py:161} INFO - Started process (PID=2900) to work on /opt/airflow/dags/main.py
[2026-02-26T12:42:32.497+0000] {processor.py:830} INFO - Processing file /opt/airflow/dags/main.py for tasks to queue
[2026-02-26T12:42:32.499+0000] {logging_mixin.py:188} INFO - [2026-02-26T12:42:32.499+0000] {dagbag.py:545} INFO - Filling up the DagBag from /opt/airflow/dags/main.py
[2026-02-26T12:42:32.619+0000] {processor.py:840} INFO - DAG(s) 'update_db', 'produce_json', 'data_quality_check' retrieved from /opt/airflow/dags/main.py
[2026-02-26T12:42:32.656+0000] {logging_mixin.py:188} INFO - [2026-02-26T12:42:32.656+0000] {dag.py:3096} INFO - Sync 3 DAGs
[2026-02-26T12:42:32.680+0000] {logging_mixin.py:188} INFO - [2026-02-26T12:42:32.680+0000] {dag.py:3954} INFO - Setting next_dagrun for data_quality_check to 2026-02-25 16:00:00+00:00, run_after=2026-02-26 16:00:00+00:00
[2026-02-26T12:42:32.685+0000] {logging_mixin.py:188} INFO - [2026-02-26T12:42:32.685+0000] {dag.py:3954} INFO - Setting next_dagrun for produce_json to 2026-02-25 14:00:00+00:00, run_after=2026-02-26 14:00:00+00:00
[2026-02-26T12:42:32.688+0000] {logging_mixin.py:188} INFO - [2026-02-26T12:42:32.688+0000] {dag.py:3954} INFO - Setting next_dagrun for update_db to 2026-02-25 15:00:00+00:00, run_after=2026-02-26 15:00:00+00:00
[2026-02-26T12:42:32.719+0000] {processor.py:183} INFO - Processing /opt/airflow/dags/main.py took 0.231 seconds
[2026-02-26T12:43:02.817+0000] {processor.py:161} INFO - Started process (PID=2908) to work on /opt/airflow/dags/main.py
[2026-02-26T12:43:02.819+0000] {processor.py:830} INFO - Processing file /opt/airflow/dags/main.py for tasks to queue
[2026-02-26T12:43:02.823+0000] {logging_mixin.py:188} INFO - [2026-02-26T12:43:02.822+0000] {dagbag.py:545} INFO - Filling up the DagBag from /opt/airflow/dags/main.py
[2026-02-26T12:43:02.924+0000] {processor.py:840} INFO - DAG(s) 'produce_json', 'data_quality_check', 'update_db' retrieved from /opt/airflow/dags/main.py
[2026-02-26T12:43:02.956+0000] {logging_mixin.py:188} INFO - [2026-02-26T12:43:02.956+0000] {dag.py:3096} INFO - Sync 3 DAGs
[2026-02-26T12:43:02.980+0000] {logging_mixin.py:188} INFO - [2026-02-26T12:43:02.980+0000] {dag.py:3954} INFO - Setting next_dagrun for data_quality_check to 2026-02-25 16:00:00+00:00, run_after=2026-02-26 16:00:00+00:00
[2026-02-26T12:43:02.987+0000] {logging_mixin.py:188} INFO - [2026-02-26T12:43:02.987+0000] {dag.py:3954} INFO - Setting next_dagrun for produce_json to 2026-02-25 14:00:00+00:00, run_after=2026-02-26 14:00:00+00:00
[2026-02-26T12:43:02.990+0000] {logging_mixin.py:188} INFO - [2026-02-26T12:43:02.990+0000] {dag.py:3954} INFO - Setting next_dagrun for update_db to 2026-02-25 15:00:00+00:00, run_after=2026-02-26 15:00:00+00:00
[2026-02-26T12:43:03.022+0000] {processor.py:183} INFO - Processing /opt/airflow/dags/main.py took 0.210 seconds
[2026-02-26T12:43:33.074+0000] {processor.py:161} INFO - Started process (PID=2916) to work on /opt/airflow/dags/main.py
[2026-02-26T12:43:33.075+0000] {processor.py:830} INFO - Processing file /opt/airflow/dags/main.py for tasks to queue
[2026-02-26T12:43:33.077+0000] {logging_mixin.py:188} INFO - [2026-02-26T12:43:33.076+0000] {dagbag.py:545} INFO - Filling up the DagBag from /opt/airflow/dags/main.py
[2026-02-26T12:43:33.174+0000] {processor.py:840} INFO - DAG(s) 'produce_json', 'data_quality_check', 'update_db' retrieved from /opt/airflow/dags/main.py
[2026-02-26T12:43:33.207+0000] {logging_mixin.py:188} INFO - [2026-02-26T12:43:33.207+0000] {dag.py:3096} INFO - Sync 3 DAGs
[2026-02-26T12:43:33.398+0000] {logging_mixin.py:188} INFO - [2026-02-26T12:43:33.398+0000] {dag.py:3954} INFO - Setting next_dagrun for data_quality_check to 2026-02-25 16:00:00+00:00, run_after=2026-02-26 16:00:00+00:00
[2026-02-26T12:43:33.407+0000] {logging_mixin.py:188} INFO - [2026-02-26T12:43:33.407+0000] {dag.py:3954} INFO - Setting next_dagrun for produce_json to 2026-02-25 14:00:00+00:00, run_after=2026-02-26 14:00:00+00:00
[2026-02-26T12:43:33.412+0000] {logging_mixin.py:188} INFO - [2026-02-26T12:43:33.412+0000] {dag.py:3954} INFO - Setting next_dagrun for update_db to 2026-02-25 15:00:00+00:00, run_after=2026-02-26 15:00:00+00:00
[2026-02-26T12:43:33.450+0000] {processor.py:183} INFO - Processing /opt/airflow/dags/main.py took 0.382 seconds
[2026-02-26T12:44:04.228+0000] {processor.py:161} INFO - Started process (PID=2924) to work on /opt/airflow/dags/main.py
[2026-02-26T12:44:04.230+0000] {processor.py:830} INFO - Processing file /opt/airflow/dags/main.py for tasks to queue
[2026-02-26T12:44:04.232+0000] {logging_mixin.py:188} INFO - [2026-02-26T12:44:04.232+0000] {dagbag.py:545} INFO - Filling up the DagBag from /opt/airflow/dags/main.py
[2026-02-26T12:44:04.413+0000] {processor.py:840} INFO - DAG(s) 'data_quality_check', 'produce_json', 'update_db' retrieved from /opt/airflow/dags/main.py
[2026-02-26T12:44:04.461+0000] {logging_mixin.py:188} INFO - [2026-02-26T12:44:04.460+0000] {dag.py:3096} INFO - Sync 3 DAGs
[2026-02-26T12:44:04.651+0000] {logging_mixin.py:188} INFO - [2026-02-26T12:44:04.651+0000] {dag.py:3954} INFO - Setting next_dagrun for data_quality_check to 2026-02-25 16:00:00+00:00, run_after=2026-02-26 16:00:00+00:00
[2026-02-26T12:44:04.659+0000] {logging_mixin.py:188} INFO - [2026-02-26T12:44:04.659+0000] {dag.py:3954} INFO - Setting next_dagrun for produce_json to 2026-02-25 14:00:00+00:00, run_after=2026-02-26 14:00:00+00:00
[2026-02-26T12:44:04.665+0000] {logging_mixin.py:188} INFO - [2026-02-26T12:44:04.664+0000] {dag.py:3954} INFO - Setting next_dagrun for update_db to 2026-02-25 15:00:00+00:00, run_after=2026-02-26 15:00:00+00:00
[2026-02-26T12:44:04.700+0000] {processor.py:183} INFO - Processing /opt/airflow/dags/main.py took 0.483 seconds
[2026-02-26T12:44:35.467+0000] {processor.py:161} INFO - Started process (PID=2932) to work on /opt/airflow/dags/main.py
[2026-02-26T12:44:35.468+0000] {processor.py:830} INFO - Processing file /opt/airflow/dags/main.py for tasks to queue
[2026-02-26T12:44:35.471+0000] {logging_mixin.py:188} INFO - [2026-02-26T12:44:35.470+0000] {dagbag.py:545} INFO - Filling up the DagBag from /opt/airflow/dags/main.py
[2026-02-26T12:44:35.610+0000] {processor.py:840} INFO - DAG(s) 'update_db', 'data_quality_check', 'produce_json' retrieved from /opt/airflow/dags/main.py
[2026-02-26T12:44:35.853+0000] {logging_mixin.py:188} INFO - [2026-02-26T12:44:35.853+0000] {dag.py:3096} INFO - Sync 3 DAGs
[2026-02-26T12:44:35.888+0000] {logging_mixin.py:188} INFO - [2026-02-26T12:44:35.887+0000] {dag.py:3954} INFO - Setting next_dagrun for data_quality_check to 2026-02-25 16:00:00+00:00, run_after=2026-02-26 16:00:00+00:00
[2026-02-26T12:44:35.896+0000] {logging_mixin.py:188} INFO - [2026-02-26T12:44:35.895+0000] {dag.py:3954} INFO - Setting next_dagrun for produce_json to 2026-02-25 14:00:00+00:00, run_after=2026-02-26 14:00:00+00:00
[2026-02-26T12:44:35.903+0000] {logging_mixin.py:188} INFO - [2026-02-26T12:44:35.903+0000] {dag.py:3954} INFO - Setting next_dagrun for update_db to 2026-02-25 15:00:00+00:00, run_after=2026-02-26 15:00:00+00:00
[2026-02-26T12:44:35.928+0000] {processor.py:183} INFO - Processing /opt/airflow/dags/main.py took 0.469 seconds
[2026-02-26T12:45:06.678+0000] {processor.py:161} INFO - Started process (PID=2940) to work on /opt/airflow/dags/main.py
[2026-02-26T12:45:06.679+0000] {processor.py:830} INFO - Processing file /opt/airflow/dags/main.py for tasks to queue
[2026-02-26T12:45:06.681+0000] {logging_mixin.py:188} INFO - [2026-02-26T12:45:06.681+0000] {dagbag.py:545} INFO - Filling up the DagBag from /opt/airflow/dags/main.py
[2026-02-26T12:45:06.789+0000] {processor.py:840} INFO - DAG(s) 'produce_json', 'update_db', 'data_quality_check' retrieved from /opt/airflow/dags/main.py
[2026-02-26T12:45:06.948+0000] {logging_mixin.py:188} INFO - [2026-02-26T12:45:06.948+0000] {dag.py:3096} INFO - Sync 3 DAGs
[2026-02-26T12:45:06.967+0000] {logging_mixin.py:188} INFO - [2026-02-26T12:45:06.967+0000] {dag.py:3954} INFO - Setting next_dagrun for data_quality_check to 2026-02-25 16:00:00+00:00, run_after=2026-02-26 16:00:00+00:00
[2026-02-26T12:45:06.973+0000] {logging_mixin.py:188} INFO - [2026-02-26T12:45:06.973+0000] {dag.py:3954} INFO - Setting next_dagrun for produce_json to 2026-02-25 14:00:00+00:00, run_after=2026-02-26 14:00:00+00:00
[2026-02-26T12:45:06.976+0000] {logging_mixin.py:188} INFO - [2026-02-26T12:45:06.976+0000] {dag.py:3954} INFO - Setting next_dagrun for update_db to 2026-02-25 15:00:00+00:00, run_after=2026-02-26 15:00:00+00:00
[2026-02-26T12:45:07.008+0000] {processor.py:183} INFO - Processing /opt/airflow/dags/main.py took 0.337 seconds
[2026-02-26T12:45:37.067+0000] {processor.py:161} INFO - Started process (PID=2948) to work on /opt/airflow/dags/main.py
[2026-02-26T12:45:37.068+0000] {processor.py:830} INFO - Processing file /opt/airflow/dags/main.py for tasks to queue
[2026-02-26T12:45:37.069+0000] {logging_mixin.py:188} INFO - [2026-02-26T12:45:37.069+0000] {dagbag.py:545} INFO - Filling up the DagBag from /opt/airflow/dags/main.py
[2026-02-26T12:45:37.174+0000] {processor.py:840} INFO - DAG(s) 'produce_json', 'update_db', 'data_quality_check' retrieved from /opt/airflow/dags/main.py
[2026-02-26T12:45:37.210+0000] {logging_mixin.py:188} INFO - [2026-02-26T12:45:37.210+0000] {dag.py:3096} INFO - Sync 3 DAGs
[2026-02-26T12:45:37.234+0000] {logging_mixin.py:188} INFO - [2026-02-26T12:45:37.234+0000] {dag.py:3954} INFO - Setting next_dagrun for data_quality_check to 2026-02-25 16:00:00+00:00, run_after=2026-02-26 16:00:00+00:00
[2026-02-26T12:45:37.239+0000] {logging_mixin.py:188} INFO - [2026-02-26T12:45:37.239+0000] {dag.py:3954} INFO - Setting next_dagrun for produce_json to 2026-02-25 14:00:00+00:00, run_after=2026-02-26 14:00:00+00:00
[2026-02-26T12:45:37.244+0000] {logging_mixin.py:188} INFO - [2026-02-26T12:45:37.244+0000] {dag.py:3954} INFO - Setting next_dagrun for update_db to 2026-02-25 15:00:00+00:00, run_after=2026-02-26 15:00:00+00:00
[2026-02-26T12:45:37.278+0000] {processor.py:183} INFO - Processing /opt/airflow/dags/main.py took 0.217 seconds
[2026-02-26T12:46:08.209+0000] {processor.py:161} INFO - Started process (PID=2956) to work on /opt/airflow/dags/main.py
[2026-02-26T12:46:08.210+0000] {processor.py:830} INFO - Processing file /opt/airflow/dags/main.py for tasks to queue
[2026-02-26T12:46:08.212+0000] {logging_mixin.py:188} INFO - [2026-02-26T12:46:08.212+0000] {dagbag.py:545} INFO - Filling up the DagBag from /opt/airflow/dags/main.py
[2026-02-26T12:46:08.299+0000] {processor.py:840} INFO - DAG(s) 'data_quality_check', 'update_db', 'produce_json' retrieved from /opt/airflow/dags/main.py
[2026-02-26T12:46:08.347+0000] {logging_mixin.py:188} INFO - [2026-02-26T12:46:08.343+0000] {dag.py:3096} INFO - Sync 3 DAGs
[2026-02-26T12:46:08.381+0000] {logging_mixin.py:188} INFO - [2026-02-26T12:46:08.381+0000] {dag.py:3954} INFO - Setting next_dagrun for data_quality_check to 2026-02-25 16:00:00+00:00, run_after=2026-02-26 16:00:00+00:00
[2026-02-26T12:46:08.387+0000] {logging_mixin.py:188} INFO - [2026-02-26T12:46:08.387+0000] {dag.py:3954} INFO - Setting next_dagrun for produce_json to 2026-02-25 14:00:00+00:00, run_after=2026-02-26 14:00:00+00:00
[2026-02-26T12:46:08.391+0000] {logging_mixin.py:188} INFO - [2026-02-26T12:46:08.391+0000] {dag.py:3954} INFO - Setting next_dagrun for update_db to 2026-02-25 15:00:00+00:00, run_after=2026-02-26 15:00:00+00:00
[2026-02-26T12:46:08.429+0000] {processor.py:183} INFO - Processing /opt/airflow/dags/main.py took 0.225 seconds
[2026-02-26T12:46:38.629+0000] {processor.py:161} INFO - Started process (PID=2964) to work on /opt/airflow/dags/main.py
[2026-02-26T12:46:38.630+0000] {processor.py:830} INFO - Processing file /opt/airflow/dags/main.py for tasks to queue
[2026-02-26T12:46:38.633+0000] {logging_mixin.py:188} INFO - [2026-02-26T12:46:38.632+0000] {dagbag.py:545} INFO - Filling up the DagBag from /opt/airflow/dags/main.py
[2026-02-26T12:46:38.719+0000] {processor.py:840} INFO - DAG(s) 'produce_json', 'update_db', 'data_quality_check' retrieved from /opt/airflow/dags/main.py
[2026-02-26T12:46:38.752+0000] {logging_mixin.py:188} INFO - [2026-02-26T12:46:38.752+0000] {dag.py:3096} INFO - Sync 3 DAGs
[2026-02-26T12:46:38.924+0000] {logging_mixin.py:188} INFO - [2026-02-26T12:46:38.923+0000] {dag.py:3954} INFO - Setting next_dagrun for data_quality_check to 2026-02-25 16:00:00+00:00, run_after=2026-02-26 16:00:00+00:00
[2026-02-26T12:46:38.930+0000] {logging_mixin.py:188} INFO - [2026-02-26T12:46:38.930+0000] {dag.py:3954} INFO - Setting next_dagrun for produce_json to 2026-02-25 14:00:00+00:00, run_after=2026-02-26 14:00:00+00:00
[2026-02-26T12:46:38.933+0000] {logging_mixin.py:188} INFO - [2026-02-26T12:46:38.933+0000] {dag.py:3954} INFO - Setting next_dagrun for update_db to 2026-02-25 15:00:00+00:00, run_after=2026-02-26 15:00:00+00:00
[2026-02-26T12:46:38.952+0000] {processor.py:183} INFO - Processing /opt/airflow/dags/main.py took 0.329 seconds
[2026-02-26T12:47:09.754+0000] {processor.py:161} INFO - Started process (PID=2972) to work on /opt/airflow/dags/main.py
[2026-02-26T12:47:09.755+0000] {processor.py:830} INFO - Processing file /opt/airflow/dags/main.py for tasks to queue
[2026-02-26T12:47:09.757+0000] {logging_mixin.py:188} INFO - [2026-02-26T12:47:09.757+0000] {dagbag.py:545} INFO - Filling up the DagBag from /opt/airflow/dags/main.py
[2026-02-26T12:47:09.851+0000] {processor.py:840} INFO - DAG(s) 'update_db', 'produce_json', 'data_quality_check' retrieved from /opt/airflow/dags/main.py
[2026-02-26T12:47:09.883+0000] {logging_mixin.py:188} INFO - [2026-02-26T12:47:09.883+0000] {dag.py:3096} INFO - Sync 3 DAGs
[2026-02-26T12:47:10.040+0000] {logging_mixin.py:188} INFO - [2026-02-26T12:47:10.040+0000] {dag.py:3954} INFO - Setting next_dagrun for data_quality_check to 2026-02-25 16:00:00+00:00, run_after=2026-02-26 16:00:00+00:00
[2026-02-26T12:47:10.045+0000] {logging_mixin.py:188} INFO - [2026-02-26T12:47:10.045+0000] {dag.py:3954} INFO - Setting next_dagrun for produce_json to 2026-02-25 14:00:00+00:00, run_after=2026-02-26 14:00:00+00:00
[2026-02-26T12:47:10.048+0000] {logging_mixin.py:188} INFO - [2026-02-26T12:47:10.048+0000] {dag.py:3954} INFO - Setting next_dagrun for update_db to 2026-02-25 15:00:00+00:00, run_after=2026-02-26 15:00:00+00:00
[2026-02-26T12:47:10.078+0000] {processor.py:183} INFO - Processing /opt/airflow/dags/main.py took 0.332 seconds
[2026-02-26T12:47:40.976+0000] {processor.py:161} INFO - Started process (PID=2980) to work on /opt/airflow/dags/main.py
[2026-02-26T12:47:40.977+0000] {processor.py:830} INFO - Processing file /opt/airflow/dags/main.py for tasks to queue
[2026-02-26T12:47:40.980+0000] {logging_mixin.py:188} INFO - [2026-02-26T12:47:40.980+0000] {dagbag.py:545} INFO - Filling up the DagBag from /opt/airflow/dags/main.py
[2026-02-26T12:47:41.089+0000] {processor.py:840} INFO - DAG(s) 'update_db', 'data_quality_check', 'produce_json' retrieved from /opt/airflow/dags/main.py
[2026-02-26T12:47:41.234+0000] {logging_mixin.py:188} INFO - [2026-02-26T12:47:41.234+0000] {dag.py:3096} INFO - Sync 3 DAGs
[2026-02-26T12:47:41.252+0000] {logging_mixin.py:188} INFO - [2026-02-26T12:47:41.251+0000] {dag.py:3954} INFO - Setting next_dagrun for data_quality_check to 2026-02-25 16:00:00+00:00, run_after=2026-02-26 16:00:00+00:00
[2026-02-26T12:47:41.256+0000] {logging_mixin.py:188} INFO - [2026-02-26T12:47:41.256+0000] {dag.py:3954} INFO - Setting next_dagrun for produce_json to 2026-02-25 14:00:00+00:00, run_after=2026-02-26 14:00:00+00:00
[2026-02-26T12:47:41.260+0000] {logging_mixin.py:188} INFO - [2026-02-26T12:47:41.260+0000] {dag.py:3954} INFO - Setting next_dagrun for update_db to 2026-02-25 15:00:00+00:00, run_after=2026-02-26 15:00:00+00:00
[2026-02-26T12:47:41.288+0000] {processor.py:183} INFO - Processing /opt/airflow/dags/main.py took 0.319 seconds
[2026-02-26T12:48:11.337+0000] {processor.py:161} INFO - Started process (PID=2988) to work on /opt/airflow/dags/main.py
[2026-02-26T12:48:11.338+0000] {processor.py:830} INFO - Processing file /opt/airflow/dags/main.py for tasks to queue
[2026-02-26T12:48:11.341+0000] {logging_mixin.py:188} INFO - [2026-02-26T12:48:11.341+0000] {dagbag.py:545} INFO - Filling up the DagBag from /opt/airflow/dags/main.py
[2026-02-26T12:48:11.452+0000] {processor.py:840} INFO - DAG(s) 'data_quality_check', 'produce_json', 'update_db' retrieved from /opt/airflow/dags/main.py
[2026-02-26T12:48:11.488+0000] {logging_mixin.py:188} INFO - [2026-02-26T12:48:11.488+0000] {dag.py:3096} INFO - Sync 3 DAGs
[2026-02-26T12:48:11.512+0000] {logging_mixin.py:188} INFO - [2026-02-26T12:48:11.512+0000] {dag.py:3954} INFO - Setting next_dagrun for data_quality_check to 2026-02-25 16:00:00+00:00, run_after=2026-02-26 16:00:00+00:00
[2026-02-26T12:48:11.520+0000] {logging_mixin.py:188} INFO - [2026-02-26T12:48:11.519+0000] {dag.py:3954} INFO - Setting next_dagrun for produce_json to 2026-02-25 14:00:00+00:00, run_after=2026-02-26 14:00:00+00:00
[2026-02-26T12:48:11.523+0000] {logging_mixin.py:188} INFO - [2026-02-26T12:48:11.523+0000] {dag.py:3954} INFO - Setting next_dagrun for update_db to 2026-02-25 15:00:00+00:00, run_after=2026-02-26 15:00:00+00:00
[2026-02-26T12:48:11.543+0000] {processor.py:183} INFO - Processing /opt/airflow/dags/main.py took 0.213 seconds
[2026-02-26T12:48:41.599+0000] {processor.py:161} INFO - Started process (PID=2996) to work on /opt/airflow/dags/main.py
[2026-02-26T12:48:41.600+0000] {processor.py:830} INFO - Processing file /opt/airflow/dags/main.py for tasks to queue
[2026-02-26T12:48:41.603+0000] {logging_mixin.py:188} INFO - [2026-02-26T12:48:41.603+0000] {dagbag.py:545} INFO - Filling up the DagBag from /opt/airflow/dags/main.py
[2026-02-26T12:48:41.727+0000] {processor.py:840} INFO - DAG(s) 'update_db', 'data_quality_check', 'produce_json' retrieved from /opt/airflow/dags/main.py
[2026-02-26T12:48:41.773+0000] {logging_mixin.py:188} INFO - [2026-02-26T12:48:41.773+0000] {dag.py:3096} INFO - Sync 3 DAGs
[2026-02-26T12:48:41.800+0000] {logging_mixin.py:188} INFO - [2026-02-26T12:48:41.800+0000] {dag.py:3954} INFO - Setting next_dagrun for data_quality_check to 2026-02-25 16:00:00+00:00, run_after=2026-02-26 16:00:00+00:00
[2026-02-26T12:48:41.805+0000] {logging_mixin.py:188} INFO - [2026-02-26T12:48:41.805+0000] {dag.py:3954} INFO - Setting next_dagrun for produce_json to 2026-02-25 14:00:00+00:00, run_after=2026-02-26 14:00:00+00:00
[2026-02-26T12:48:41.808+0000] {logging_mixin.py:188} INFO - [2026-02-26T12:48:41.808+0000] {dag.py:3954} INFO - Setting next_dagrun for update_db to 2026-02-25 15:00:00+00:00, run_after=2026-02-26 15:00:00+00:00
[2026-02-26T12:48:41.826+0000] {processor.py:183} INFO - Processing /opt/airflow/dags/main.py took 0.235 seconds
[2026-02-26T12:49:12.773+0000] {processor.py:161} INFO - Started process (PID=3004) to work on /opt/airflow/dags/main.py
[2026-02-26T12:49:12.774+0000] {processor.py:830} INFO - Processing file /opt/airflow/dags/main.py for tasks to queue
[2026-02-26T12:49:12.777+0000] {logging_mixin.py:188} INFO - [2026-02-26T12:49:12.776+0000] {dagbag.py:545} INFO - Filling up the DagBag from /opt/airflow/dags/main.py
[2026-02-26T12:49:12.876+0000] {processor.py:840} INFO - DAG(s) 'update_db', 'data_quality_check', 'produce_json' retrieved from /opt/airflow/dags/main.py
[2026-02-26T12:49:12.911+0000] {logging_mixin.py:188} INFO - [2026-02-26T12:49:12.911+0000] {dag.py:3096} INFO - Sync 3 DAGs
[2026-02-26T12:49:12.935+0000] {logging_mixin.py:188} INFO - [2026-02-26T12:49:12.935+0000] {dag.py:3954} INFO - Setting next_dagrun for data_quality_check to 2026-02-25 16:00:00+00:00, run_after=2026-02-26 16:00:00+00:00
[2026-02-26T12:49:12.940+0000] {logging_mixin.py:188} INFO - [2026-02-26T12:49:12.940+0000] {dag.py:3954} INFO - Setting next_dagrun for produce_json to 2026-02-25 14:00:00+00:00, run_after=2026-02-26 14:00:00+00:00
[2026-02-26T12:49:12.944+0000] {logging_mixin.py:188} INFO - [2026-02-26T12:49:12.944+0000] {dag.py:3954} INFO - Setting next_dagrun for update_db to 2026-02-25 15:00:00+00:00, run_after=2026-02-26 15:00:00+00:00
[2026-02-26T12:49:13.103+0000] {processor.py:183} INFO - Processing /opt/airflow/dags/main.py took 0.336 seconds
[2026-02-26T12:49:43.981+0000] {processor.py:161} INFO - Started process (PID=3012) to work on /opt/airflow/dags/main.py
[2026-02-26T12:49:43.983+0000] {processor.py:830} INFO - Processing file /opt/airflow/dags/main.py for tasks to queue
[2026-02-26T12:49:43.988+0000] {logging_mixin.py:188} INFO - [2026-02-26T12:49:43.988+0000] {dagbag.py:545} INFO - Filling up the DagBag from /opt/airflow/dags/main.py
[2026-02-26T12:49:44.112+0000] {processor.py:840} INFO - DAG(s) 'update_db', 'produce_json', 'data_quality_check' retrieved from /opt/airflow/dags/main.py
[2026-02-26T12:49:44.147+0000] {logging_mixin.py:188} INFO - [2026-02-26T12:49:44.147+0000] {dag.py:3096} INFO - Sync 3 DAGs
[2026-02-26T12:49:44.324+0000] {logging_mixin.py:188} INFO - [2026-02-26T12:49:44.323+0000] {dag.py:3954} INFO - Setting next_dagrun for data_quality_check to 2026-02-25 16:00:00+00:00, run_after=2026-02-26 16:00:00+00:00
[2026-02-26T12:49:44.330+0000] {logging_mixin.py:188} INFO - [2026-02-26T12:49:44.330+0000] {dag.py:3954} INFO - Setting next_dagrun for produce_json to 2026-02-25 14:00:00+00:00, run_after=2026-02-26 14:00:00+00:00
[2026-02-26T12:49:44.334+0000] {logging_mixin.py:188} INFO - [2026-02-26T12:49:44.333+0000] {dag.py:3954} INFO - Setting next_dagrun for update_db to 2026-02-25 15:00:00+00:00, run_after=2026-02-26 15:00:00+00:00
[2026-02-26T12:49:44.353+0000] {processor.py:183} INFO - Processing /opt/airflow/dags/main.py took 0.382 seconds
[2026-02-26T12:50:15.227+0000] {processor.py:161} INFO - Started process (PID=3020) to work on /opt/airflow/dags/main.py
[2026-02-26T12:50:15.229+0000] {processor.py:830} INFO - Processing file /opt/airflow/dags/main.py for tasks to queue
[2026-02-26T12:50:15.231+0000] {logging_mixin.py:188} INFO - [2026-02-26T12:50:15.230+0000] {dagbag.py:545} INFO - Filling up the DagBag from /opt/airflow/dags/main.py
[2026-02-26T12:50:15.354+0000] {processor.py:840} INFO - DAG(s) 'update_db', 'data_quality_check', 'produce_json' retrieved from /opt/airflow/dags/main.py
[2026-02-26T12:50:15.401+0000] {logging_mixin.py:188} INFO - [2026-02-26T12:50:15.401+0000] {dag.py:3096} INFO - Sync 3 DAGs
[2026-02-26T12:50:15.689+0000] {logging_mixin.py:188} INFO - [2026-02-26T12:50:15.688+0000] {dag.py:3954} INFO - Setting next_dagrun for data_quality_check to 2026-02-25 16:00:00+00:00, run_after=2026-02-26 16:00:00+00:00
[2026-02-26T12:50:15.694+0000] {logging_mixin.py:188} INFO - [2026-02-26T12:50:15.694+0000] {dag.py:3954} INFO - Setting next_dagrun for produce_json to 2026-02-25 14:00:00+00:00, run_after=2026-02-26 14:00:00+00:00
[2026-02-26T12:50:15.698+0000] {logging_mixin.py:188} INFO - [2026-02-26T12:50:15.698+0000] {dag.py:3954} INFO - Setting next_dagrun for update_db to 2026-02-25 15:00:00+00:00, run_after=2026-02-26 15:00:00+00:00
[2026-02-26T12:50:15.718+0000] {processor.py:183} INFO - Processing /opt/airflow/dags/main.py took 0.497 seconds
[2026-02-26T12:50:46.381+0000] {processor.py:161} INFO - Started process (PID=3028) to work on /opt/airflow/dags/main.py
[2026-02-26T12:50:46.383+0000] {processor.py:830} INFO - Processing file /opt/airflow/dags/main.py for tasks to queue
[2026-02-26T12:50:46.387+0000] {logging_mixin.py:188} INFO - [2026-02-26T12:50:46.386+0000] {dagbag.py:545} INFO - Filling up the DagBag from /opt/airflow/dags/main.py
[2026-02-26T12:50:46.530+0000] {processor.py:840} INFO - DAG(s) 'produce_json', 'data_quality_check', 'update_db' retrieved from /opt/airflow/dags/main.py
[2026-02-26T12:50:46.735+0000] {logging_mixin.py:188} INFO - [2026-02-26T12:50:46.734+0000] {dag.py:3096} INFO - Sync 3 DAGs
[2026-02-26T12:50:46.756+0000] {logging_mixin.py:188} INFO - [2026-02-26T12:50:46.756+0000] {dag.py:3954} INFO - Setting next_dagrun for data_quality_check to 2026-02-25 16:00:00+00:00, run_after=2026-02-26 16:00:00+00:00
[2026-02-26T12:50:46.762+0000] {logging_mixin.py:188} INFO - [2026-02-26T12:50:46.762+0000] {dag.py:3954} INFO - Setting next_dagrun for produce_json to 2026-02-25 14:00:00+00:00, run_after=2026-02-26 14:00:00+00:00
[2026-02-26T12:50:46.765+0000] {logging_mixin.py:188} INFO - [2026-02-26T12:50:46.765+0000] {dag.py:3954} INFO - Setting next_dagrun for update_db to 2026-02-25 15:00:00+00:00, run_after=2026-02-26 15:00:00+00:00
[2026-02-26T12:50:46.798+0000] {processor.py:183} INFO - Processing /opt/airflow/dags/main.py took 0.424 seconds
[2026-02-26T12:51:18.220+0000] {processor.py:161} INFO - Started process (PID=3036) to work on /opt/airflow/dags/main.py
[2026-02-26T12:51:18.227+0000] {processor.py:830} INFO - Processing file /opt/airflow/dags/main.py for tasks to queue
[2026-02-26T12:51:18.241+0000] {logging_mixin.py:188} INFO - [2026-02-26T12:51:18.239+0000] {dagbag.py:545} INFO - Filling up the DagBag from /opt/airflow/dags/main.py
[2026-02-26T12:51:20.071+0000] {processor.py:840} INFO - DAG(s) 'data_quality_check', 'produce_json', 'update_db' retrieved from /opt/airflow/dags/main.py
[2026-02-26T12:51:20.220+0000] {logging_mixin.py:188} INFO - [2026-02-26T12:51:20.220+0000] {dag.py:3096} INFO - Sync 3 DAGs
[2026-02-26T12:51:20.338+0000] {logging_mixin.py:188} INFO - [2026-02-26T12:51:20.337+0000] {dag.py:3954} INFO - Setting next_dagrun for data_quality_check to 2026-02-25 16:00:00+00:00, run_after=2026-02-26 16:00:00+00:00
[2026-02-26T12:51:20.359+0000] {logging_mixin.py:188} INFO - [2026-02-26T12:51:20.358+0000] {dag.py:3954} INFO - Setting next_dagrun for produce_json to 2026-02-25 14:00:00+00:00, run_after=2026-02-26 14:00:00+00:00
[2026-02-26T12:51:20.375+0000] {logging_mixin.py:188} INFO - [2026-02-26T12:51:20.374+0000] {dag.py:3954} INFO - Setting next_dagrun for update_db to 2026-02-25 15:00:00+00:00, run_after=2026-02-26 15:00:00+00:00
[2026-02-26T12:51:20.438+0000] {processor.py:183} INFO - Processing /opt/airflow/dags/main.py took 2.251 seconds
[2026-02-26T12:51:50.608+0000] {processor.py:161} INFO - Started process (PID=3044) to work on /opt/airflow/dags/main.py
[2026-02-26T12:51:50.609+0000] {processor.py:830} INFO - Processing file /opt/airflow/dags/main.py for tasks to queue
[2026-02-26T12:51:50.611+0000] {logging_mixin.py:188} INFO - [2026-02-26T12:51:50.611+0000] {dagbag.py:545} INFO - Filling up the DagBag from /opt/airflow/dags/main.py
[2026-02-26T12:51:50.726+0000] {processor.py:840} INFO - DAG(s) 'data_quality_check', 'update_db', 'produce_json' retrieved from /opt/airflow/dags/main.py
[2026-02-26T12:51:50.757+0000] {logging_mixin.py:188} INFO - [2026-02-26T12:51:50.757+0000] {dag.py:3096} INFO - Sync 3 DAGs
[2026-02-26T12:51:50.781+0000] {logging_mixin.py:188} INFO - [2026-02-26T12:51:50.781+0000] {dag.py:3954} INFO - Setting next_dagrun for data_quality_check to 2026-02-25 16:00:00+00:00, run_after=2026-02-26 16:00:00+00:00
[2026-02-26T12:51:50.788+0000] {logging_mixin.py:188} INFO - [2026-02-26T12:51:50.788+0000] {dag.py:3954} INFO - Setting next_dagrun for produce_json to 2026-02-25 14:00:00+00:00, run_after=2026-02-26 14:00:00+00:00
[2026-02-26T12:51:50.792+0000] {logging_mixin.py:188} INFO - [2026-02-26T12:51:50.792+0000] {dag.py:3954} INFO - Setting next_dagrun for update_db to 2026-02-25 15:00:00+00:00, run_after=2026-02-26 15:00:00+00:00
[2026-02-26T12:51:50.811+0000] {processor.py:183} INFO - Processing /opt/airflow/dags/main.py took 0.209 seconds
[2026-02-26T12:52:20.877+0000] {processor.py:161} INFO - Started process (PID=3052) to work on /opt/airflow/dags/main.py
[2026-02-26T12:52:20.878+0000] {processor.py:830} INFO - Processing file /opt/airflow/dags/main.py for tasks to queue
[2026-02-26T12:52:20.880+0000] {logging_mixin.py:188} INFO - [2026-02-26T12:52:20.880+0000] {dagbag.py:545} INFO - Filling up the DagBag from /opt/airflow/dags/main.py
[2026-02-26T12:52:20.989+0000] {processor.py:840} INFO - DAG(s) 'produce_json', 'data_quality_check', 'update_db' retrieved from /opt/airflow/dags/main.py
[2026-02-26T12:52:21.029+0000] {logging_mixin.py:188} INFO - [2026-02-26T12:52:21.029+0000] {dag.py:3096} INFO - Sync 3 DAGs
[2026-02-26T12:52:21.225+0000] {logging_mixin.py:188} INFO - [2026-02-26T12:52:21.225+0000] {dag.py:3954} INFO - Setting next_dagrun for data_quality_check to 2026-02-25 16:00:00+00:00, run_after=2026-02-26 16:00:00+00:00
[2026-02-26T12:52:21.231+0000] {logging_mixin.py:188} INFO - [2026-02-26T12:52:21.231+0000] {dag.py:3954} INFO - Setting next_dagrun for produce_json to 2026-02-25 14:00:00+00:00, run_after=2026-02-26 14:00:00+00:00
[2026-02-26T12:52:21.234+0000] {logging_mixin.py:188} INFO - [2026-02-26T12:52:21.234+0000] {dag.py:3954} INFO - Setting next_dagrun for update_db to 2026-02-25 15:00:00+00:00, run_after=2026-02-26 15:00:00+00:00
[2026-02-26T12:52:21.253+0000] {processor.py:183} INFO - Processing /opt/airflow/dags/main.py took 0.382 seconds
[2026-02-26T12:52:51.902+0000] {processor.py:161} INFO - Started process (PID=3060) to work on /opt/airflow/dags/main.py
[2026-02-26T12:52:51.903+0000] {processor.py:830} INFO - Processing file /opt/airflow/dags/main.py for tasks to queue
[2026-02-26T12:52:51.906+0000] {logging_mixin.py:188} INFO - [2026-02-26T12:52:51.905+0000] {dagbag.py:545} INFO - Filling up the DagBag from /opt/airflow/dags/main.py
[2026-02-26T12:52:52.057+0000] {processor.py:840} INFO - DAG(s) 'update_db', 'data_quality_check', 'produce_json' retrieved from /opt/airflow/dags/main.py
[2026-02-26T12:52:52.091+0000] {logging_mixin.py:188} INFO - [2026-02-26T12:52:52.090+0000] {dag.py:3096} INFO - Sync 3 DAGs
[2026-02-26T12:52:52.252+0000] {logging_mixin.py:188} INFO - [2026-02-26T12:52:52.251+0000] {dag.py:3954} INFO - Setting next_dagrun for data_quality_check to 2026-02-25 16:00:00+00:00, run_after=2026-02-26 16:00:00+00:00
[2026-02-26T12:52:52.257+0000] {logging_mixin.py:188} INFO - [2026-02-26T12:52:52.257+0000] {dag.py:3954} INFO - Setting next_dagrun for produce_json to 2026-02-25 14:00:00+00:00, run_after=2026-02-26 14:00:00+00:00
[2026-02-26T12:52:52.260+0000] {logging_mixin.py:188} INFO - [2026-02-26T12:52:52.260+0000] {dag.py:3954} INFO - Setting next_dagrun for update_db to 2026-02-25 15:00:00+00:00, run_after=2026-02-26 15:00:00+00:00
[2026-02-26T12:52:52.277+0000] {processor.py:183} INFO - Processing /opt/airflow/dags/main.py took 0.383 seconds
[2026-02-26T12:53:23.075+0000] {processor.py:161} INFO - Started process (PID=3068) to work on /opt/airflow/dags/main.py
[2026-02-26T12:53:23.076+0000] {processor.py:830} INFO - Processing file /opt/airflow/dags/main.py for tasks to queue
[2026-02-26T12:53:23.078+0000] {logging_mixin.py:188} INFO - [2026-02-26T12:53:23.078+0000] {dagbag.py:545} INFO - Filling up the DagBag from /opt/airflow/dags/main.py
[2026-02-26T12:53:23.179+0000] {processor.py:840} INFO - DAG(s) 'update_db', 'data_quality_check', 'produce_json' retrieved from /opt/airflow/dags/main.py
[2026-02-26T12:53:23.366+0000] {logging_mixin.py:188} INFO - [2026-02-26T12:53:23.366+0000] {dag.py:3096} INFO - Sync 3 DAGs
[2026-02-26T12:53:23.389+0000] {logging_mixin.py:188} INFO - [2026-02-26T12:53:23.389+0000] {dag.py:3954} INFO - Setting next_dagrun for data_quality_check to 2026-02-25 16:00:00+00:00, run_after=2026-02-26 16:00:00+00:00
[2026-02-26T12:53:23.396+0000] {logging_mixin.py:188} INFO - [2026-02-26T12:53:23.396+0000] {dag.py:3954} INFO - Setting next_dagrun for produce_json to 2026-02-25 14:00:00+00:00, run_after=2026-02-26 14:00:00+00:00
[2026-02-26T12:53:23.400+0000] {logging_mixin.py:188} INFO - [2026-02-26T12:53:23.400+0000] {dag.py:3954} INFO - Setting next_dagrun for update_db to 2026-02-25 15:00:00+00:00, run_after=2026-02-26 15:00:00+00:00
[2026-02-26T12:53:23.420+0000] {processor.py:183} INFO - Processing /opt/airflow/dags/main.py took 0.350 seconds
[2026-02-26T12:53:53.513+0000] {processor.py:161} INFO - Started process (PID=3077) to work on /opt/airflow/dags/main.py
[2026-02-26T12:53:53.514+0000] {processor.py:830} INFO - Processing file /opt/airflow/dags/main.py for tasks to queue
[2026-02-26T12:53:53.515+0000] {logging_mixin.py:188} INFO - [2026-02-26T12:53:53.515+0000] {dagbag.py:545} INFO - Filling up the DagBag from /opt/airflow/dags/main.py
[2026-02-26T12:53:53.613+0000] {processor.py:840} INFO - DAG(s) 'produce_json', 'update_db', 'data_quality_check' retrieved from /opt/airflow/dags/main.py
[2026-02-26T12:53:53.782+0000] {logging_mixin.py:188} INFO - [2026-02-26T12:53:53.781+0000] {dag.py:3096} INFO - Sync 3 DAGs
[2026-02-26T12:53:53.802+0000] {logging_mixin.py:188} INFO - [2026-02-26T12:53:53.802+0000] {dag.py:3954} INFO - Setting next_dagrun for data_quality_check to 2026-02-25 16:00:00+00:00, run_after=2026-02-26 16:00:00+00:00
[2026-02-26T12:53:53.808+0000] {logging_mixin.py:188} INFO - [2026-02-26T12:53:53.807+0000] {dag.py:3954} INFO - Setting next_dagrun for produce_json to 2026-02-25 14:00:00+00:00, run_after=2026-02-26 14:00:00+00:00
[2026-02-26T12:53:53.812+0000] {logging_mixin.py:188} INFO - [2026-02-26T12:53:53.812+0000] {dag.py:3954} INFO - Setting next_dagrun for update_db to 2026-02-25 15:00:00+00:00, run_after=2026-02-26 15:00:00+00:00
[2026-02-26T12:53:53.831+0000] {processor.py:183} INFO - Processing /opt/airflow/dags/main.py took 0.324 seconds
[2026-02-26T12:54:23.894+0000] {processor.py:161} INFO - Started process (PID=3085) to work on /opt/airflow/dags/main.py
[2026-02-26T12:54:23.896+0000] {processor.py:830} INFO - Processing file /opt/airflow/dags/main.py for tasks to queue
[2026-02-26T12:54:23.899+0000] {logging_mixin.py:188} INFO - [2026-02-26T12:54:23.898+0000] {dagbag.py:545} INFO - Filling up the DagBag from /opt/airflow/dags/main.py
[2026-02-26T12:54:24.083+0000] {processor.py:840} INFO - DAG(s) 'update_db', 'data_quality_check', 'produce_json' retrieved from /opt/airflow/dags/main.py
[2026-02-26T12:54:24.120+0000] {logging_mixin.py:188} INFO - [2026-02-26T12:54:24.120+0000] {dag.py:3096} INFO - Sync 3 DAGs
[2026-02-26T12:54:24.143+0000] {logging_mixin.py:188} INFO - [2026-02-26T12:54:24.143+0000] {dag.py:3954} INFO - Setting next_dagrun for data_quality_check to 2026-02-25 16:00:00+00:00, run_after=2026-02-26 16:00:00+00:00
[2026-02-26T12:54:24.150+0000] {logging_mixin.py:188} INFO - [2026-02-26T12:54:24.150+0000] {dag.py:3954} INFO - Setting next_dagrun for produce_json to 2026-02-25 14:00:00+00:00, run_after=2026-02-26 14:00:00+00:00
[2026-02-26T12:54:24.153+0000] {logging_mixin.py:188} INFO - [2026-02-26T12:54:24.153+0000] {dag.py:3954} INFO - Setting next_dagrun for update_db to 2026-02-25 15:00:00+00:00, run_after=2026-02-26 15:00:00+00:00
[2026-02-26T12:54:24.173+0000] {processor.py:183} INFO - Processing /opt/airflow/dags/main.py took 0.285 seconds
[2026-02-26T12:54:55.016+0000] {processor.py:161} INFO - Started process (PID=3093) to work on /opt/airflow/dags/main.py
[2026-02-26T12:54:55.017+0000] {processor.py:830} INFO - Processing file /opt/airflow/dags/main.py for tasks to queue
[2026-02-26T12:54:55.019+0000] {logging_mixin.py:188} INFO - [2026-02-26T12:54:55.019+0000] {dagbag.py:545} INFO - Filling up the DagBag from /opt/airflow/dags/main.py
[2026-02-26T12:54:55.114+0000] {processor.py:840} INFO - DAG(s) 'produce_json', 'data_quality_check', 'update_db' retrieved from /opt/airflow/dags/main.py
[2026-02-26T12:54:55.160+0000] {logging_mixin.py:188} INFO - [2026-02-26T12:54:55.160+0000] {dag.py:3096} INFO - Sync 3 DAGs
[2026-02-26T12:54:55.186+0000] {logging_mixin.py:188} INFO - [2026-02-26T12:54:55.186+0000] {dag.py:3954} INFO - Setting next_dagrun for data_quality_check to 2026-02-25 16:00:00+00:00, run_after=2026-02-26 16:00:00+00:00
[2026-02-26T12:54:55.192+0000] {logging_mixin.py:188} INFO - [2026-02-26T12:54:55.192+0000] {dag.py:3954} INFO - Setting next_dagrun for produce_json to 2026-02-25 14:00:00+00:00, run_after=2026-02-26 14:00:00+00:00
[2026-02-26T12:54:55.196+0000] {logging_mixin.py:188} INFO - [2026-02-26T12:54:55.195+0000] {dag.py:3954} INFO - Setting next_dagrun for update_db to 2026-02-25 15:00:00+00:00, run_after=2026-02-26 15:00:00+00:00
[2026-02-26T12:54:55.219+0000] {processor.py:183} INFO - Processing /opt/airflow/dags/main.py took 0.209 seconds
[2026-02-26T12:55:25.339+0000] {processor.py:161} INFO - Started process (PID=3101) to work on /opt/airflow/dags/main.py
[2026-02-26T12:55:25.341+0000] {processor.py:830} INFO - Processing file /opt/airflow/dags/main.py for tasks to queue
[2026-02-26T12:55:25.343+0000] {logging_mixin.py:188} INFO - [2026-02-26T12:55:25.343+0000] {dagbag.py:545} INFO - Filling up the DagBag from /opt/airflow/dags/main.py
[2026-02-26T12:55:25.553+0000] {processor.py:840} INFO - DAG(s) 'data_quality_check', 'update_db', 'produce_json' retrieved from /opt/airflow/dags/main.py
[2026-02-26T12:55:25.617+0000] {logging_mixin.py:188} INFO - [2026-02-26T12:55:25.616+0000] {dag.py:3096} INFO - Sync 3 DAGs
[2026-02-26T12:55:26.025+0000] {logging_mixin.py:188} INFO - [2026-02-26T12:55:26.025+0000] {dag.py:3954} INFO - Setting next_dagrun for data_quality_check to 2026-02-25 16:00:00+00:00, run_after=2026-02-26 16:00:00+00:00
[2026-02-26T12:55:26.031+0000] {logging_mixin.py:188} INFO - [2026-02-26T12:55:26.031+0000] {dag.py:3954} INFO - Setting next_dagrun for produce_json to 2026-02-25 14:00:00+00:00, run_after=2026-02-26 14:00:00+00:00
[2026-02-26T12:55:26.034+0000] {logging_mixin.py:188} INFO - [2026-02-26T12:55:26.034+0000] {dag.py:3954} INFO - Setting next_dagrun for update_db to 2026-02-25 15:00:00+00:00, run_after=2026-02-26 15:00:00+00:00
[2026-02-26T12:55:26.057+0000] {processor.py:183} INFO - Processing /opt/airflow/dags/main.py took 0.724 seconds
[2026-02-26T12:55:56.620+0000] {processor.py:161} INFO - Started process (PID=3109) to work on /opt/airflow/dags/main.py
[2026-02-26T12:55:56.621+0000] {processor.py:830} INFO - Processing file /opt/airflow/dags/main.py for tasks to queue
[2026-02-26T12:55:56.623+0000] {logging_mixin.py:188} INFO - [2026-02-26T12:55:56.623+0000] {dagbag.py:545} INFO - Filling up the DagBag from /opt/airflow/dags/main.py
[2026-02-26T12:55:56.764+0000] {processor.py:840} INFO - DAG(s) 'data_quality_check', 'update_db', 'produce_json' retrieved from /opt/airflow/dags/main.py
[2026-02-26T12:55:56.806+0000] {logging_mixin.py:188} INFO - [2026-02-26T12:55:56.806+0000] {dag.py:3096} INFO - Sync 3 DAGs
[2026-02-26T12:55:57.225+0000] {logging_mixin.py:188} INFO - [2026-02-26T12:55:57.225+0000] {dag.py:3954} INFO - Setting next_dagrun for data_quality_check to 2026-02-25 16:00:00+00:00, run_after=2026-02-26 16:00:00+00:00
[2026-02-26T12:55:57.230+0000] {logging_mixin.py:188} INFO - [2026-02-26T12:55:57.230+0000] {dag.py:3954} INFO - Setting next_dagrun for produce_json to 2026-02-25 14:00:00+00:00, run_after=2026-02-26 14:00:00+00:00
[2026-02-26T12:55:57.236+0000] {logging_mixin.py:188} INFO - [2026-02-26T12:55:57.235+0000] {dag.py:3954} INFO - Setting next_dagrun for update_db to 2026-02-25 15:00:00+00:00, run_after=2026-02-26 15:00:00+00:00
[2026-02-26T12:55:57.259+0000] {processor.py:183} INFO - Processing /opt/airflow/dags/main.py took 0.647 seconds
[2026-02-26T12:56:27.984+0000] {processor.py:161} INFO - Started process (PID=3117) to work on /opt/airflow/dags/main.py
[2026-02-26T12:56:27.985+0000] {processor.py:830} INFO - Processing file /opt/airflow/dags/main.py for tasks to queue
[2026-02-26T12:56:27.990+0000] {logging_mixin.py:188} INFO - [2026-02-26T12:56:27.989+0000] {dagbag.py:545} INFO - Filling up the DagBag from /opt/airflow/dags/main.py
[2026-02-26T12:56:28.170+0000] {processor.py:840} INFO - DAG(s) 'data_quality_check', 'update_db', 'produce_json' retrieved from /opt/airflow/dags/main.py
[2026-02-26T12:56:28.365+0000] {logging_mixin.py:188} INFO - [2026-02-26T12:56:28.365+0000] {dag.py:3096} INFO - Sync 3 DAGs
[2026-02-26T12:56:28.393+0000] {logging_mixin.py:188} INFO - [2026-02-26T12:56:28.392+0000] {dag.py:3954} INFO - Setting next_dagrun for data_quality_check to 2026-02-25 16:00:00+00:00, run_after=2026-02-26 16:00:00+00:00
[2026-02-26T12:56:28.401+0000] {logging_mixin.py:188} INFO - [2026-02-26T12:56:28.401+0000] {dag.py:3954} INFO - Setting next_dagrun for produce_json to 2026-02-25 14:00:00+00:00, run_after=2026-02-26 14:00:00+00:00
[2026-02-26T12:56:28.405+0000] {logging_mixin.py:188} INFO - [2026-02-26T12:56:28.405+0000] {dag.py:3954} INFO - Setting next_dagrun for update_db to 2026-02-25 15:00:00+00:00, run_after=2026-02-26 15:00:00+00:00
[2026-02-26T12:56:28.431+0000] {processor.py:183} INFO - Processing /opt/airflow/dags/main.py took 0.453 seconds
[2026-02-26T12:56:59.209+0000] {processor.py:161} INFO - Started process (PID=3131) to work on /opt/airflow/dags/main.py
[2026-02-26T12:56:59.210+0000] {processor.py:830} INFO - Processing file /opt/airflow/dags/main.py for tasks to queue
[2026-02-26T12:56:59.213+0000] {logging_mixin.py:188} INFO - [2026-02-26T12:56:59.212+0000] {dagbag.py:545} INFO - Filling up the DagBag from /opt/airflow/dags/main.py
[2026-02-26T12:56:59.822+0000] {processor.py:840} INFO - DAG(s) 'update_db', 'data_quality_check', 'produce_json' retrieved from /opt/airflow/dags/main.py
[2026-02-26T12:57:00.142+0000] {logging_mixin.py:188} INFO - [2026-02-26T12:57:00.141+0000] {dag.py:3096} INFO - Sync 3 DAGs
[2026-02-26T12:57:00.188+0000] {logging_mixin.py:188} INFO - [2026-02-26T12:57:00.188+0000] {dag.py:3954} INFO - Setting next_dagrun for data_quality_check to 2026-02-25 16:00:00+00:00, run_after=2026-02-26 16:00:00+00:00
[2026-02-26T12:57:00.196+0000] {logging_mixin.py:188} INFO - [2026-02-26T12:57:00.196+0000] {dag.py:3954} INFO - Setting next_dagrun for produce_json to 2026-02-25 14:00:00+00:00, run_after=2026-02-26 14:00:00+00:00
[2026-02-26T12:57:00.202+0000] {logging_mixin.py:188} INFO - [2026-02-26T12:57:00.201+0000] {dag.py:3954} INFO - Setting next_dagrun for update_db to 2026-02-25 15:00:00+00:00, run_after=2026-02-26 15:00:00+00:00
[2026-02-26T12:57:00.240+0000] {processor.py:183} INFO - Processing /opt/airflow/dags/main.py took 1.039 seconds
[2026-02-26T12:57:02.244+0000] {processor.py:161} INFO - Started process (PID=3132) to work on /opt/airflow/dags/main.py
[2026-02-26T12:57:02.246+0000] {processor.py:830} INFO - Processing file /opt/airflow/dags/main.py for tasks to queue
[2026-02-26T12:57:02.249+0000] {logging_mixin.py:188} INFO - [2026-02-26T12:57:02.249+0000] {dagbag.py:545} INFO - Filling up the DagBag from /opt/airflow/dags/main.py
[2026-02-26T12:57:02.723+0000] {processor.py:840} INFO - DAG(s) 'data_quality_check', 'update_db', 'produce_json' retrieved from /opt/airflow/dags/main.py
[2026-02-26T12:57:02.761+0000] {logging_mixin.py:188} INFO - [2026-02-26T12:57:02.761+0000] {dag.py:3096} INFO - Sync 3 DAGs
[2026-02-26T12:57:02.801+0000] {logging_mixin.py:188} INFO - [2026-02-26T12:57:02.800+0000] {dag.py:3954} INFO - Setting next_dagrun for data_quality_check to 2026-02-25 16:00:00+00:00, run_after=2026-02-26 16:00:00+00:00
[2026-02-26T12:57:02.810+0000] {logging_mixin.py:188} INFO - [2026-02-26T12:57:02.809+0000] {dag.py:3954} INFO - Setting next_dagrun for produce_json to 2026-02-25 14:00:00+00:00, run_after=2026-02-26 14:00:00+00:00
[2026-02-26T12:57:02.817+0000] {logging_mixin.py:188} INFO - [2026-02-26T12:57:02.816+0000] {dag.py:3954} INFO - Setting next_dagrun for update_db to 2026-02-25 15:00:00+00:00, run_after=2026-02-26 15:00:00+00:00
[2026-02-26T12:57:02.861+0000] {processor.py:183} INFO - Processing /opt/airflow/dags/main.py took 0.628 seconds
[2026-02-26T12:57:33.454+0000] {processor.py:161} INFO - Started process (PID=3140) to work on /opt/airflow/dags/main.py
[2026-02-26T12:57:33.455+0000] {processor.py:830} INFO - Processing file /opt/airflow/dags/main.py for tasks to queue
[2026-02-26T12:57:33.457+0000] {logging_mixin.py:188} INFO - [2026-02-26T12:57:33.457+0000] {dagbag.py:545} INFO - Filling up the DagBag from /opt/airflow/dags/main.py
[2026-02-26T12:57:33.552+0000] {processor.py:840} INFO - DAG(s) 'data_quality_check', 'update_db', 'produce_json' retrieved from /opt/airflow/dags/main.py
[2026-02-26T12:57:33.581+0000] {logging_mixin.py:188} INFO - [2026-02-26T12:57:33.581+0000] {dag.py:3096} INFO - Sync 3 DAGs
[2026-02-26T12:57:33.605+0000] {logging_mixin.py:188} INFO - [2026-02-26T12:57:33.604+0000] {dag.py:3954} INFO - Setting next_dagrun for data_quality_check to 2026-02-25 16:00:00+00:00, run_after=2026-02-26 16:00:00+00:00
[2026-02-26T12:57:33.611+0000] {logging_mixin.py:188} INFO - [2026-02-26T12:57:33.611+0000] {dag.py:3954} INFO - Setting next_dagrun for produce_json to 2026-02-25 14:00:00+00:00, run_after=2026-02-26 14:00:00+00:00
[2026-02-26T12:57:33.614+0000] {logging_mixin.py:188} INFO - [2026-02-26T12:57:33.614+0000] {dag.py:3954} INFO - Setting next_dagrun for update_db to 2026-02-25 15:00:00+00:00, run_after=2026-02-26 15:00:00+00:00
[2026-02-26T12:57:33.636+0000] {processor.py:183} INFO - Processing /opt/airflow/dags/main.py took 0.187 seconds
[2026-02-26T12:58:03.801+0000] {processor.py:161} INFO - Started process (PID=3148) to work on /opt/airflow/dags/main.py
[2026-02-26T12:58:03.803+0000] {processor.py:830} INFO - Processing file /opt/airflow/dags/main.py for tasks to queue
[2026-02-26T12:58:03.807+0000] {logging_mixin.py:188} INFO - [2026-02-26T12:58:03.806+0000] {dagbag.py:545} INFO - Filling up the DagBag from /opt/airflow/dags/main.py
[2026-02-26T12:58:04.009+0000] {processor.py:840} INFO - DAG(s) 'data_quality_check', 'update_db', 'produce_json' retrieved from /opt/airflow/dags/main.py
[2026-02-26T12:58:04.059+0000] {logging_mixin.py:188} INFO - [2026-02-26T12:58:04.058+0000] {dag.py:3096} INFO - Sync 3 DAGs
[2026-02-26T12:58:04.112+0000] {logging_mixin.py:188} INFO - [2026-02-26T12:58:04.112+0000] {dag.py:3954} INFO - Setting next_dagrun for data_quality_check to 2026-02-25 16:00:00+00:00, run_after=2026-02-26 16:00:00+00:00
[2026-02-26T12:58:04.126+0000] {logging_mixin.py:188} INFO - [2026-02-26T12:58:04.126+0000] {dag.py:3954} INFO - Setting next_dagrun for produce_json to 2026-02-25 14:00:00+00:00, run_after=2026-02-26 14:00:00+00:00
[2026-02-26T12:58:04.460+0000] {logging_mixin.py:188} INFO - [2026-02-26T12:58:04.460+0000] {dag.py:3954} INFO - Setting next_dagrun for update_db to 2026-02-25 15:00:00+00:00, run_after=2026-02-26 15:00:00+00:00
[2026-02-26T12:58:04.497+0000] {processor.py:183} INFO - Processing /opt/airflow/dags/main.py took 0.706 seconds
[2026-02-26T12:58:06.567+0000] {processor.py:161} INFO - Started process (PID=3149) to work on /opt/airflow/dags/main.py
[2026-02-26T12:58:06.568+0000] {processor.py:830} INFO - Processing file /opt/airflow/dags/main.py for tasks to queue
[2026-02-26T12:58:06.572+0000] {logging_mixin.py:188} INFO - [2026-02-26T12:58:06.571+0000] {dagbag.py:545} INFO - Filling up the DagBag from /opt/airflow/dags/main.py
[2026-02-26T12:58:06.735+0000] {processor.py:840} INFO - DAG(s) 'produce_json', 'data_quality_check', 'update_db' retrieved from /opt/airflow/dags/main.py
[2026-02-26T12:58:07.131+0000] {logging_mixin.py:188} INFO - [2026-02-26T12:58:07.130+0000] {dag.py:3096} INFO - Sync 3 DAGs
[2026-02-26T12:58:07.158+0000] {logging_mixin.py:188} INFO - [2026-02-26T12:58:07.157+0000] {dag.py:3954} INFO - Setting next_dagrun for data_quality_check to None, run_after=None
[2026-02-26T12:58:07.165+0000] {logging_mixin.py:188} INFO - [2026-02-26T12:58:07.164+0000] {dag.py:3954} INFO - Setting next_dagrun for produce_json to 2026-02-25 14:00:00+00:00, run_after=2026-02-26 14:00:00+00:00
[2026-02-26T12:58:07.167+0000] {logging_mixin.py:188} INFO - [2026-02-26T12:58:07.167+0000] {dag.py:3954} INFO - Setting next_dagrun for update_db to None, run_after=None
[2026-02-26T12:58:07.198+0000] {processor.py:183} INFO - Processing /opt/airflow/dags/main.py took 0.640 seconds
[2026-02-26T12:58:08.030+0000] {processor.py:161} INFO - Started process (PID=3150) to work on /opt/airflow/dags/main.py
[2026-02-26T12:58:08.033+0000] {processor.py:830} INFO - Processing file /opt/airflow/dags/main.py for tasks to queue
[2026-02-26T12:58:08.037+0000] {logging_mixin.py:188} INFO - [2026-02-26T12:58:08.037+0000] {dagbag.py:545} INFO - Filling up the DagBag from /opt/airflow/dags/main.py
[2026-02-26T12:58:08.292+0000] {processor.py:840} INFO - DAG(s) 'produce_json', 'update_db', 'data_quality_check' retrieved from /opt/airflow/dags/main.py
[2026-02-26T12:58:08.335+0000] {logging_mixin.py:188} INFO - [2026-02-26T12:58:08.334+0000] {dag.py:3096} INFO - Sync 3 DAGs
[2026-02-26T12:58:08.610+0000] {logging_mixin.py:188} INFO - [2026-02-26T12:58:08.610+0000] {dag.py:3954} INFO - Setting next_dagrun for data_quality_check to None, run_after=None
[2026-02-26T12:58:08.619+0000] {logging_mixin.py:188} INFO - [2026-02-26T12:58:08.619+0000] {dag.py:3954} INFO - Setting next_dagrun for produce_json to 2026-02-25 14:00:00+00:00, run_after=2026-02-26 14:00:00+00:00
[2026-02-26T12:58:08.622+0000] {logging_mixin.py:188} INFO - [2026-02-26T12:58:08.622+0000] {dag.py:3954} INFO - Setting next_dagrun for update_db to None, run_after=None
[2026-02-26T12:58:08.653+0000] {processor.py:183} INFO - Processing /opt/airflow/dags/main.py took 0.638 seconds
[2026-02-26T12:58:39.351+0000] {processor.py:161} INFO - Started process (PID=3158) to work on /opt/airflow/dags/main.py
[2026-02-26T12:58:39.352+0000] {processor.py:830} INFO - Processing file /opt/airflow/dags/main.py for tasks to queue
[2026-02-26T12:58:39.354+0000] {logging_mixin.py:188} INFO - [2026-02-26T12:58:39.353+0000] {dagbag.py:545} INFO - Filling up the DagBag from /opt/airflow/dags/main.py
[2026-02-26T12:58:39.454+0000] {processor.py:840} INFO - DAG(s) 'update_db', 'data_quality_check', 'produce_json' retrieved from /opt/airflow/dags/main.py
[2026-02-26T12:58:39.486+0000] {logging_mixin.py:188} INFO - [2026-02-26T12:58:39.485+0000] {dag.py:3096} INFO - Sync 3 DAGs
[2026-02-26T12:58:39.657+0000] {logging_mixin.py:188} INFO - [2026-02-26T12:58:39.657+0000] {dag.py:3954} INFO - Setting next_dagrun for data_quality_check to None, run_after=None
[2026-02-26T12:58:39.664+0000] {logging_mixin.py:188} INFO - [2026-02-26T12:58:39.664+0000] {dag.py:3954} INFO - Setting next_dagrun for produce_json to 2026-02-25 14:00:00+00:00, run_after=2026-02-26 14:00:00+00:00
[2026-02-26T12:58:39.666+0000] {logging_mixin.py:188} INFO - [2026-02-26T12:58:39.666+0000] {dag.py:3954} INFO - Setting next_dagrun for update_db to None, run_after=None
[2026-02-26T12:58:39.694+0000] {processor.py:183} INFO - Processing /opt/airflow/dags/main.py took 0.349 seconds
[2026-02-26T12:59:10.597+0000] {processor.py:161} INFO - Started process (PID=3166) to work on /opt/airflow/dags/main.py
[2026-02-26T12:59:10.599+0000] {processor.py:830} INFO - Processing file /opt/airflow/dags/main.py for tasks to queue
[2026-02-26T12:59:10.602+0000] {logging_mixin.py:188} INFO - [2026-02-26T12:59:10.602+0000] {dagbag.py:545} INFO - Filling up the DagBag from /opt/airflow/dags/main.py
[2026-02-26T12:59:10.726+0000] {processor.py:840} INFO - DAG(s) 'data_quality_check', 'update_db', 'produce_json' retrieved from /opt/airflow/dags/main.py
[2026-02-26T12:59:10.907+0000] {logging_mixin.py:188} INFO - [2026-02-26T12:59:10.907+0000] {dag.py:3096} INFO - Sync 3 DAGs
[2026-02-26T12:59:10.926+0000] {logging_mixin.py:188} INFO - [2026-02-26T12:59:10.926+0000] {dag.py:3954} INFO - Setting next_dagrun for data_quality_check to None, run_after=None
[2026-02-26T12:59:10.931+0000] {logging_mixin.py:188} INFO - [2026-02-26T12:59:10.931+0000] {dag.py:3954} INFO - Setting next_dagrun for produce_json to 2026-02-25 14:00:00+00:00, run_after=2026-02-26 14:00:00+00:00
[2026-02-26T12:59:10.933+0000] {logging_mixin.py:188} INFO - [2026-02-26T12:59:10.933+0000] {dag.py:3954} INFO - Setting next_dagrun for update_db to None, run_after=None
[2026-02-26T12:59:10.963+0000] {processor.py:183} INFO - Processing /opt/airflow/dags/main.py took 0.372 seconds
[2026-02-26T12:59:41.815+0000] {processor.py:161} INFO - Started process (PID=3174) to work on /opt/airflow/dags/main.py
[2026-02-26T12:59:41.817+0000] {processor.py:830} INFO - Processing file /opt/airflow/dags/main.py for tasks to queue
[2026-02-26T12:59:41.821+0000] {logging_mixin.py:188} INFO - [2026-02-26T12:59:41.820+0000] {dagbag.py:545} INFO - Filling up the DagBag from /opt/airflow/dags/main.py
[2026-02-26T12:59:42.213+0000] {processor.py:840} INFO - DAG(s) 'produce_json', 'data_quality_check', 'update_db' retrieved from /opt/airflow/dags/main.py
[2026-02-26T12:59:42.249+0000] {logging_mixin.py:188} INFO - [2026-02-26T12:59:42.248+0000] {dag.py:3096} INFO - Sync 3 DAGs
[2026-02-26T12:59:42.280+0000] {logging_mixin.py:188} INFO - [2026-02-26T12:59:42.279+0000] {dag.py:3954} INFO - Setting next_dagrun for data_quality_check to None, run_after=None
[2026-02-26T12:59:42.287+0000] {logging_mixin.py:188} INFO - [2026-02-26T12:59:42.287+0000] {dag.py:3954} INFO - Setting next_dagrun for produce_json to 2026-02-25 14:00:00+00:00, run_after=2026-02-26 14:00:00+00:00
[2026-02-26T12:59:42.289+0000] {logging_mixin.py:188} INFO - [2026-02-26T12:59:42.289+0000] {dag.py:3954} INFO - Setting next_dagrun for update_db to None, run_after=None
[2026-02-26T12:59:42.324+0000] {processor.py:183} INFO - Processing /opt/airflow/dags/main.py took 0.524 seconds
[2026-02-26T13:00:13.081+0000] {processor.py:161} INFO - Started process (PID=3182) to work on /opt/airflow/dags/main.py
[2026-02-26T13:00:13.083+0000] {processor.py:830} INFO - Processing file /opt/airflow/dags/main.py for tasks to queue
[2026-02-26T13:00:13.086+0000] {logging_mixin.py:188} INFO - [2026-02-26T13:00:13.086+0000] {dagbag.py:545} INFO - Filling up the DagBag from /opt/airflow/dags/main.py
[2026-02-26T13:00:13.396+0000] {processor.py:840} INFO - DAG(s) 'produce_json', 'update_db', 'data_quality_check' retrieved from /opt/airflow/dags/main.py
[2026-02-26T13:00:13.430+0000] {logging_mixin.py:188} INFO - [2026-02-26T13:00:13.430+0000] {dag.py:3096} INFO - Sync 3 DAGs
[2026-02-26T13:00:13.452+0000] {logging_mixin.py:188} INFO - [2026-02-26T13:00:13.452+0000] {dag.py:3954} INFO - Setting next_dagrun for data_quality_check to None, run_after=None
[2026-02-26T13:00:13.460+0000] {logging_mixin.py:188} INFO - [2026-02-26T13:00:13.460+0000] {dag.py:3954} INFO - Setting next_dagrun for produce_json to 2026-02-25 14:00:00+00:00, run_after=2026-02-26 14:00:00+00:00
[2026-02-26T13:00:13.463+0000] {logging_mixin.py:188} INFO - [2026-02-26T13:00:13.462+0000] {dag.py:3954} INFO - Setting next_dagrun for update_db to None, run_after=None
[2026-02-26T13:00:13.487+0000] {processor.py:183} INFO - Processing /opt/airflow/dags/main.py took 0.416 seconds
[2026-02-26T13:00:44.296+0000] {processor.py:161} INFO - Started process (PID=3190) to work on /opt/airflow/dags/main.py
[2026-02-26T13:00:44.298+0000] {processor.py:830} INFO - Processing file /opt/airflow/dags/main.py for tasks to queue
[2026-02-26T13:00:44.301+0000] {logging_mixin.py:188} INFO - [2026-02-26T13:00:44.300+0000] {dagbag.py:545} INFO - Filling up the DagBag from /opt/airflow/dags/main.py
[2026-02-26T13:00:44.436+0000] {processor.py:840} INFO - DAG(s) 'produce_json', 'update_db', 'data_quality_check' retrieved from /opt/airflow/dags/main.py
[2026-02-26T13:00:44.482+0000] {logging_mixin.py:188} INFO - [2026-02-26T13:00:44.481+0000] {dag.py:3096} INFO - Sync 3 DAGs
[2026-02-26T13:00:44.519+0000] {logging_mixin.py:188} INFO - [2026-02-26T13:00:44.519+0000] {dag.py:3954} INFO - Setting next_dagrun for data_quality_check to None, run_after=None
[2026-02-26T13:00:44.528+0000] {logging_mixin.py:188} INFO - [2026-02-26T13:00:44.528+0000] {dag.py:3954} INFO - Setting next_dagrun for produce_json to 2026-02-25 14:00:00+00:00, run_after=2026-02-26 14:00:00+00:00
[2026-02-26T13:00:44.530+0000] {logging_mixin.py:188} INFO - [2026-02-26T13:00:44.530+0000] {dag.py:3954} INFO - Setting next_dagrun for update_db to None, run_after=None
[2026-02-26T13:00:44.711+0000] {processor.py:183} INFO - Processing /opt/airflow/dags/main.py took 0.421 seconds
[2026-02-26T13:01:15.663+0000] {processor.py:161} INFO - Started process (PID=3198) to work on /opt/airflow/dags/main.py
[2026-02-26T13:01:15.665+0000] {processor.py:830} INFO - Processing file /opt/airflow/dags/main.py for tasks to queue
[2026-02-26T13:01:15.672+0000] {logging_mixin.py:188} INFO - [2026-02-26T13:01:15.672+0000] {dagbag.py:545} INFO - Filling up the DagBag from /opt/airflow/dags/main.py
[2026-02-26T13:01:15.796+0000] {processor.py:840} INFO - DAG(s) 'update_db', 'data_quality_check', 'produce_json' retrieved from /opt/airflow/dags/main.py
[2026-02-26T13:01:15.834+0000] {logging_mixin.py:188} INFO - [2026-02-26T13:01:15.833+0000] {dag.py:3096} INFO - Sync 3 DAGs
[2026-02-26T13:01:16.030+0000] {logging_mixin.py:188} INFO - [2026-02-26T13:01:16.029+0000] {dag.py:3954} INFO - Setting next_dagrun for data_quality_check to None, run_after=None
[2026-02-26T13:01:16.036+0000] {logging_mixin.py:188} INFO - [2026-02-26T13:01:16.036+0000] {dag.py:3954} INFO - Setting next_dagrun for produce_json to 2026-02-25 14:00:00+00:00, run_after=2026-02-26 14:00:00+00:00
[2026-02-26T13:01:16.038+0000] {logging_mixin.py:188} INFO - [2026-02-26T13:01:16.038+0000] {dag.py:3954} INFO - Setting next_dagrun for update_db to None, run_after=None
[2026-02-26T13:01:16.060+0000] {processor.py:183} INFO - Processing /opt/airflow/dags/main.py took 0.406 seconds
[2026-02-26T13:01:46.882+0000] {processor.py:161} INFO - Started process (PID=3206) to work on /opt/airflow/dags/main.py
[2026-02-26T13:01:46.884+0000] {processor.py:830} INFO - Processing file /opt/airflow/dags/main.py for tasks to queue
[2026-02-26T13:01:46.886+0000] {logging_mixin.py:188} INFO - [2026-02-26T13:01:46.886+0000] {dagbag.py:545} INFO - Filling up the DagBag from /opt/airflow/dags/main.py
[2026-02-26T13:01:47.016+0000] {processor.py:840} INFO - DAG(s) 'update_db', 'data_quality_check', 'produce_json' retrieved from /opt/airflow/dags/main.py
[2026-02-26T13:01:47.047+0000] {logging_mixin.py:188} INFO - [2026-02-26T13:01:47.047+0000] {dag.py:3096} INFO - Sync 3 DAGs
[2026-02-26T13:01:47.205+0000] {logging_mixin.py:188} INFO - [2026-02-26T13:01:47.205+0000] {dag.py:3954} INFO - Setting next_dagrun for data_quality_check to None, run_after=None
[2026-02-26T13:01:47.210+0000] {logging_mixin.py:188} INFO - [2026-02-26T13:01:47.210+0000] {dag.py:3954} INFO - Setting next_dagrun for produce_json to 2026-02-25 14:00:00+00:00, run_after=2026-02-26 14:00:00+00:00
[2026-02-26T13:01:47.212+0000] {logging_mixin.py:188} INFO - [2026-02-26T13:01:47.212+0000] {dag.py:3954} INFO - Setting next_dagrun for update_db to None, run_after=None
[2026-02-26T13:01:47.231+0000] {processor.py:183} INFO - Processing /opt/airflow/dags/main.py took 0.355 seconds
[2026-02-26T13:02:18.075+0000] {processor.py:161} INFO - Started process (PID=3214) to work on /opt/airflow/dags/main.py
[2026-02-26T13:02:18.076+0000] {processor.py:830} INFO - Processing file /opt/airflow/dags/main.py for tasks to queue
[2026-02-26T13:02:18.079+0000] {logging_mixin.py:188} INFO - [2026-02-26T13:02:18.079+0000] {dagbag.py:545} INFO - Filling up the DagBag from /opt/airflow/dags/main.py
[2026-02-26T13:02:18.216+0000] {processor.py:840} INFO - DAG(s) 'update_db', 'produce_json', 'data_quality_check' retrieved from /opt/airflow/dags/main.py
[2026-02-26T13:02:18.418+0000] {logging_mixin.py:188} INFO - [2026-02-26T13:02:18.417+0000] {dag.py:3096} INFO - Sync 3 DAGs
[2026-02-26T13:02:18.439+0000] {logging_mixin.py:188} INFO - [2026-02-26T13:02:18.439+0000] {dag.py:3954} INFO - Setting next_dagrun for data_quality_check to None, run_after=None
[2026-02-26T13:02:18.275+0000] {logging_mixin.py:188} INFO - [2026-02-26T13:02:18.275+0000] {dag.py:3954} INFO - Setting next_dagrun for produce_json to 2026-02-25 14:00:00+00:00, run_after=2026-02-26 14:00:00+00:00
[2026-02-26T13:02:18.277+0000] {logging_mixin.py:188} INFO - [2026-02-26T13:02:18.277+0000] {dag.py:3954} INFO - Setting next_dagrun for update_db to None, run_after=None
[2026-02-26T13:02:18.297+0000] {processor.py:183} INFO - Processing /opt/airflow/dags/main.py took 0.400 seconds
[2026-02-26T13:02:49.175+0000] {processor.py:161} INFO - Started process (PID=3222) to work on /opt/airflow/dags/main.py
[2026-02-26T13:02:49.176+0000] {processor.py:830} INFO - Processing file /opt/airflow/dags/main.py for tasks to queue
[2026-02-26T13:02:49.178+0000] {logging_mixin.py:188} INFO - [2026-02-26T13:02:49.178+0000] {dagbag.py:545} INFO - Filling up the DagBag from /opt/airflow/dags/main.py
[2026-02-26T13:02:49.608+0000] {processor.py:840} INFO - DAG(s) 'produce_json', 'update_db', 'data_quality_check' retrieved from /opt/airflow/dags/main.py
[2026-02-26T13:02:49.646+0000] {logging_mixin.py:188} INFO - [2026-02-26T13:02:49.645+0000] {dag.py:3096} INFO - Sync 3 DAGs
[2026-02-26T13:02:49.668+0000] {logging_mixin.py:188} INFO - [2026-02-26T13:02:49.668+0000] {dag.py:3954} INFO - Setting next_dagrun for data_quality_check to None, run_after=None
[2026-02-26T13:02:49.675+0000] {logging_mixin.py:188} INFO - [2026-02-26T13:02:49.675+0000] {dag.py:3954} INFO - Setting next_dagrun for produce_json to 2026-02-25 14:00:00+00:00, run_after=2026-02-26 14:00:00+00:00
[2026-02-26T13:02:49.677+0000] {logging_mixin.py:188} INFO - [2026-02-26T13:02:49.677+0000] {dag.py:3954} INFO - Setting next_dagrun for update_db to None, run_after=None
[2026-02-26T13:02:49.696+0000] {processor.py:183} INFO - Processing /opt/airflow/dags/main.py took 0.532 seconds
[2026-02-26T13:03:19.851+0000] {processor.py:161} INFO - Started process (PID=3230) to work on /opt/airflow/dags/main.py
[2026-02-26T13:03:19.852+0000] {processor.py:830} INFO - Processing file /opt/airflow/dags/main.py for tasks to queue
[2026-02-26T13:03:19.854+0000] {logging_mixin.py:188} INFO - [2026-02-26T13:03:19.853+0000] {dagbag.py:545} INFO - Filling up the DagBag from /opt/airflow/dags/main.py
[2026-02-26T13:03:20.108+0000] {processor.py:840} INFO - DAG(s) 'update_db', 'produce_json', 'data_quality_check' retrieved from /opt/airflow/dags/main.py
[2026-02-26T13:03:20.133+0000] {logging_mixin.py:188} INFO - [2026-02-26T13:03:20.133+0000] {dag.py:3096} INFO - Sync 3 DAGs
[2026-02-26T13:03:20.150+0000] {logging_mixin.py:188} INFO - [2026-02-26T13:03:20.150+0000] {dag.py:3954} INFO - Setting next_dagrun for data_quality_check to None, run_after=None
[2026-02-26T13:03:20.155+0000] {logging_mixin.py:188} INFO - [2026-02-26T13:03:20.155+0000] {dag.py:3954} INFO - Setting next_dagrun for produce_json to 2026-02-25 14:00:00+00:00, run_after=2026-02-26 14:00:00+00:00
[2026-02-26T13:03:20.157+0000] {logging_mixin.py:188} INFO - [2026-02-26T13:03:20.156+0000] {dag.py:3954} INFO - Setting next_dagrun for update_db to None, run_after=None
[2026-02-26T13:03:20.175+0000] {processor.py:183} INFO - Processing /opt/airflow/dags/main.py took 0.329 seconds
[2026-02-26T13:03:50.213+0000] {processor.py:161} INFO - Started process (PID=3238) to work on /opt/airflow/dags/main.py
[2026-02-26T13:03:50.214+0000] {processor.py:830} INFO - Processing file /opt/airflow/dags/main.py for tasks to queue
[2026-02-26T13:03:50.217+0000] {logging_mixin.py:188} INFO - [2026-02-26T13:03:50.216+0000] {dagbag.py:545} INFO - Filling up the DagBag from /opt/airflow/dags/main.py
[2026-02-26T13:03:50.302+0000] {processor.py:840} INFO - DAG(s) 'produce_json', 'update_db', 'data_quality_check' retrieved from /opt/airflow/dags/main.py
[2026-02-26T13:03:50.333+0000] {logging_mixin.py:188} INFO - [2026-02-26T13:03:50.333+0000] {dag.py:3096} INFO - Sync 3 DAGs
[2026-02-26T13:03:50.357+0000] {logging_mixin.py:188} INFO - [2026-02-26T13:03:50.356+0000] {dag.py:3954} INFO - Setting next_dagrun for data_quality_check to None, run_after=None
[2026-02-26T13:03:50.494+0000] {logging_mixin.py:188} INFO - [2026-02-26T13:03:50.494+0000] {dag.py:3954} INFO - Setting next_dagrun for produce_json to 2026-02-25 14:00:00+00:00, run_after=2026-02-26 14:00:00+00:00
[2026-02-26T13:03:50.497+0000] {logging_mixin.py:188} INFO - [2026-02-26T13:03:50.496+0000] {dag.py:3954} INFO - Setting next_dagrun for update_db to None, run_after=None
[2026-02-26T13:03:50.524+0000] {processor.py:183} INFO - Processing /opt/airflow/dags/main.py took 0.317 seconds
[2026-02-26T13:04:21.365+0000] {processor.py:161} INFO - Started process (PID=3246) to work on /opt/airflow/dags/main.py
[2026-02-26T13:04:21.366+0000] {processor.py:830} INFO - Processing file /opt/airflow/dags/main.py for tasks to queue
[2026-02-26T13:04:21.368+0000] {logging_mixin.py:188} INFO - [2026-02-26T13:04:21.367+0000] {dagbag.py:545} INFO - Filling up the DagBag from /opt/airflow/dags/main.py
[2026-02-26T13:04:21.460+0000] {processor.py:840} INFO - DAG(s) 'data_quality_check', 'produce_json', 'update_db' retrieved from /opt/airflow/dags/main.py
[2026-02-26T13:04:21.487+0000] {logging_mixin.py:188} INFO - [2026-02-26T13:04:21.487+0000] {dag.py:3096} INFO - Sync 3 DAGs
[2026-02-26T13:04:21.636+0000] {logging_mixin.py:188} INFO - [2026-02-26T13:04:21.636+0000] {dag.py:3954} INFO - Setting next_dagrun for data_quality_check to None, run_after=None
[2026-02-26T13:04:21.642+0000] {logging_mixin.py:188} INFO - [2026-02-26T13:04:21.642+0000] {dag.py:3954} INFO - Setting next_dagrun for produce_json to 2026-02-25 14:00:00+00:00, run_after=2026-02-26 14:00:00+00:00
[2026-02-26T13:04:21.644+0000] {logging_mixin.py:188} INFO - [2026-02-26T13:04:21.644+0000] {dag.py:3954} INFO - Setting next_dagrun for update_db to None, run_after=None
[2026-02-26T13:04:21.672+0000] {processor.py:183} INFO - Processing /opt/airflow/dags/main.py took 0.313 seconds
[2026-02-26T13:04:52.579+0000] {processor.py:161} INFO - Started process (PID=3254) to work on /opt/airflow/dags/main.py
[2026-02-26T13:04:52.580+0000] {processor.py:830} INFO - Processing file /opt/airflow/dags/main.py for tasks to queue
[2026-02-26T13:04:52.582+0000] {logging_mixin.py:188} INFO - [2026-02-26T13:04:52.582+0000] {dagbag.py:545} INFO - Filling up the DagBag from /opt/airflow/dags/main.py
[2026-02-26T13:04:52.671+0000] {processor.py:840} INFO - DAG(s) 'data_quality_check', 'produce_json', 'update_db' retrieved from /opt/airflow/dags/main.py
[2026-02-26T13:04:52.826+0000] {logging_mixin.py:188} INFO - [2026-02-26T13:04:52.826+0000] {dag.py:3096} INFO - Sync 3 DAGs
[2026-02-26T13:04:52.846+0000] {logging_mixin.py:188} INFO - [2026-02-26T13:04:52.846+0000] {dag.py:3954} INFO - Setting next_dagrun for data_quality_check to None, run_after=None
[2026-02-26T13:04:52.854+0000] {logging_mixin.py:188} INFO - [2026-02-26T13:04:52.853+0000] {dag.py:3954} INFO - Setting next_dagrun for produce_json to 2026-02-25 14:00:00+00:00, run_after=2026-02-26 14:00:00+00:00
[2026-02-26T13:04:52.856+0000] {logging_mixin.py:188} INFO - [2026-02-26T13:04:52.856+0000] {dag.py:3954} INFO - Setting next_dagrun for update_db to None, run_after=None
[2026-02-26T13:04:52.876+0000] {processor.py:183} INFO - Processing /opt/airflow/dags/main.py took 0.303 seconds
[2026-02-26T13:05:23.772+0000] {processor.py:161} INFO - Started process (PID=3262) to work on /opt/airflow/dags/main.py
[2026-02-26T13:05:23.773+0000] {processor.py:830} INFO - Processing file /opt/airflow/dags/main.py for tasks to queue
[2026-02-26T13:05:23.775+0000] {logging_mixin.py:188} INFO - [2026-02-26T13:05:23.775+0000] {dagbag.py:545} INFO - Filling up the DagBag from /opt/airflow/dags/main.py
[2026-02-26T13:05:24.047+0000] {processor.py:840} INFO - DAG(s) 'data_quality_check', 'produce_json', 'update_db' retrieved from /opt/airflow/dags/main.py
[2026-02-26T13:05:24.075+0000] {logging_mixin.py:188} INFO - [2026-02-26T13:05:24.075+0000] {dag.py:3096} INFO - Sync 3 DAGs
[2026-02-26T13:05:24.092+0000] {logging_mixin.py:188} INFO - [2026-02-26T13:05:24.092+0000] {dag.py:3954} INFO - Setting next_dagrun for data_quality_check to None, run_after=None
[2026-02-26T13:05:24.097+0000] {logging_mixin.py:188} INFO - [2026-02-26T13:05:24.097+0000] {dag.py:3954} INFO - Setting next_dagrun for produce_json to 2026-02-25 14:00:00+00:00, run_after=2026-02-26 14:00:00+00:00
[2026-02-26T13:05:24.100+0000] {logging_mixin.py:188} INFO - [2026-02-26T13:05:24.100+0000] {dag.py:3954} INFO - Setting next_dagrun for update_db to None, run_after=None
[2026-02-26T13:05:24.130+0000] {processor.py:183} INFO - Processing /opt/airflow/dags/main.py took 0.367 seconds
[2026-02-26T13:05:55.000+0000] {processor.py:161} INFO - Started process (PID=3270) to work on /opt/airflow/dags/main.py
[2026-02-26T13:05:55.001+0000] {processor.py:830} INFO - Processing file /opt/airflow/dags/main.py for tasks to queue
[2026-02-26T13:05:55.003+0000] {logging_mixin.py:188} INFO - [2026-02-26T13:05:55.003+0000] {dagbag.py:545} INFO - Filling up the DagBag from /opt/airflow/dags/main.py
[2026-02-26T13:05:55.227+0000] {processor.py:840} INFO - DAG(s) 'produce_json', 'data_quality_check', 'update_db' retrieved from /opt/airflow/dags/main.py
[2026-02-26T13:05:55.252+0000] {logging_mixin.py:188} INFO - [2026-02-26T13:05:55.252+0000] {dag.py:3096} INFO - Sync 3 DAGs
[2026-02-26T13:05:55.269+0000] {logging_mixin.py:188} INFO - [2026-02-26T13:05:55.269+0000] {dag.py:3954} INFO - Setting next_dagrun for data_quality_check to None, run_after=None
[2026-02-26T13:05:55.276+0000] {logging_mixin.py:188} INFO - [2026-02-26T13:05:55.275+0000] {dag.py:3954} INFO - Setting next_dagrun for produce_json to 2026-02-25 14:00:00+00:00, run_after=2026-02-26 14:00:00+00:00
[2026-02-26T13:05:55.277+0000] {logging_mixin.py:188} INFO - [2026-02-26T13:05:55.277+0000] {dag.py:3954} INFO - Setting next_dagrun for update_db to None, run_after=None
[2026-02-26T13:05:55.298+0000] {processor.py:183} INFO - Processing /opt/airflow/dags/main.py took 0.304 seconds
[2026-02-26T13:06:25.417+0000] {processor.py:161} INFO - Started process (PID=3278) to work on /opt/airflow/dags/main.py
[2026-02-26T13:06:25.418+0000] {processor.py:830} INFO - Processing file /opt/airflow/dags/main.py for tasks to queue
[2026-02-26T13:06:25.420+0000] {logging_mixin.py:188} INFO - [2026-02-26T13:06:25.420+0000] {dagbag.py:545} INFO - Filling up the DagBag from /opt/airflow/dags/main.py
[2026-02-26T13:06:25.529+0000] {processor.py:840} INFO - DAG(s) 'data_quality_check', 'produce_json', 'update_db' retrieved from /opt/airflow/dags/main.py
[2026-02-26T13:06:25.559+0000] {logging_mixin.py:188} INFO - [2026-02-26T13:06:25.558+0000] {dag.py:3096} INFO - Sync 3 DAGs
[2026-02-26T13:06:25.581+0000] {logging_mixin.py:188} INFO - [2026-02-26T13:06:25.581+0000] {dag.py:3954} INFO - Setting next_dagrun for data_quality_check to None, run_after=None
[2026-02-26T13:06:25.588+0000] {logging_mixin.py:188} INFO - [2026-02-26T13:06:25.587+0000] {dag.py:3954} INFO - Setting next_dagrun for produce_json to 2026-02-25 14:00:00+00:00, run_after=2026-02-26 14:00:00+00:00
[2026-02-26T13:06:25.589+0000] {logging_mixin.py:188} INFO - [2026-02-26T13:06:25.589+0000] {dag.py:3954} INFO - Setting next_dagrun for update_db to None, run_after=None
[2026-02-26T13:06:25.756+0000] {processor.py:183} INFO - Processing /opt/airflow/dags/main.py took 0.346 seconds
[2026-02-26T13:06:56.615+0000] {processor.py:161} INFO - Started process (PID=3286) to work on /opt/airflow/dags/main.py
[2026-02-26T13:06:56.616+0000] {processor.py:830} INFO - Processing file /opt/airflow/dags/main.py for tasks to queue
[2026-02-26T13:06:56.620+0000] {logging_mixin.py:188} INFO - [2026-02-26T13:06:56.619+0000] {dagbag.py:545} INFO - Filling up the DagBag from /opt/airflow/dags/main.py
[2026-02-26T13:06:56.751+0000] {processor.py:840} INFO - DAG(s) 'data_quality_check', 'update_db', 'produce_json' retrieved from /opt/airflow/dags/main.py
[2026-02-26T13:06:56.781+0000] {logging_mixin.py:188} INFO - [2026-02-26T13:06:56.781+0000] {dag.py:3096} INFO - Sync 3 DAGs
[2026-02-26T13:06:56.958+0000] {logging_mixin.py:188} INFO - [2026-02-26T13:06:56.958+0000] {dag.py:3954} INFO - Setting next_dagrun for data_quality_check to None, run_after=None
[2026-02-26T13:06:56.964+0000] {logging_mixin.py:188} INFO - [2026-02-26T13:06:56.964+0000] {dag.py:3954} INFO - Setting next_dagrun for produce_json to 2026-02-25 14:00:00+00:00, run_after=2026-02-26 14:00:00+00:00
[2026-02-26T13:06:56.967+0000] {logging_mixin.py:188} INFO - [2026-02-26T13:06:56.966+0000] {dag.py:3954} INFO - Setting next_dagrun for update_db to None, run_after=None
[2026-02-26T13:06:56.987+0000] {processor.py:183} INFO - Processing /opt/airflow/dags/main.py took 0.378 seconds
[2026-02-26T13:07:27.766+0000] {processor.py:161} INFO - Started process (PID=3300) to work on /opt/airflow/dags/main.py
[2026-02-26T13:07:27.767+0000] {processor.py:830} INFO - Processing file /opt/airflow/dags/main.py for tasks to queue
[2026-02-26T13:07:27.769+0000] {logging_mixin.py:188} INFO - [2026-02-26T13:07:27.768+0000] {dagbag.py:545} INFO - Filling up the DagBag from /opt/airflow/dags/main.py
[2026-02-26T13:07:27.867+0000] {processor.py:840} INFO - DAG(s) 'update_db', 'data_quality_check', 'produce_json' retrieved from /opt/airflow/dags/main.py
[2026-02-26T13:07:27.896+0000] {logging_mixin.py:188} INFO - [2026-02-26T13:07:27.896+0000] {dag.py:3096} INFO - Sync 3 DAGs
[2026-02-26T13:07:28.055+0000] {logging_mixin.py:188} INFO - [2026-02-26T13:07:28.054+0000] {dag.py:3954} INFO - Setting next_dagrun for data_quality_check to None, run_after=None
[2026-02-26T13:07:28.060+0000] {logging_mixin.py:188} INFO - [2026-02-26T13:07:28.060+0000] {dag.py:3954} INFO - Setting next_dagrun for produce_json to 2026-02-25 14:00:00+00:00, run_after=2026-02-26 14:00:00+00:00
[2026-02-26T13:07:28.062+0000] {logging_mixin.py:188} INFO - [2026-02-26T13:07:28.061+0000] {dag.py:3954} INFO - Setting next_dagrun for update_db to None, run_after=None
[2026-02-26T13:07:28.078+0000] {processor.py:183} INFO - Processing /opt/airflow/dags/main.py took 0.318 seconds
[2026-02-26T13:07:58.923+0000] {processor.py:161} INFO - Started process (PID=3308) to work on /opt/airflow/dags/main.py
[2026-02-26T13:07:58.924+0000] {processor.py:830} INFO - Processing file /opt/airflow/dags/main.py for tasks to queue
[2026-02-26T13:07:58.927+0000] {logging_mixin.py:188} INFO - [2026-02-26T13:07:58.926+0000] {dagbag.py:545} INFO - Filling up the DagBag from /opt/airflow/dags/main.py
[2026-02-26T13:07:59.033+0000] {processor.py:840} INFO - DAG(s) 'produce_json', 'update_db', 'data_quality_check' retrieved from /opt/airflow/dags/main.py
[2026-02-26T13:07:59.224+0000] {logging_mixin.py:188} INFO - [2026-02-26T13:07:59.224+0000] {dag.py:3096} INFO - Sync 3 DAGs
[2026-02-26T13:07:59.246+0000] {logging_mixin.py:188} INFO - [2026-02-26T13:07:59.245+0000] {dag.py:3954} INFO - Setting next_dagrun for data_quality_check to None, run_after=None
[2026-02-26T13:07:59.253+0000] {logging_mixin.py:188} INFO - [2026-02-26T13:07:59.253+0000] {dag.py:3954} INFO - Setting next_dagrun for produce_json to 2026-02-25 14:00:00+00:00, run_after=2026-02-26 14:00:00+00:00
[2026-02-26T13:07:59.255+0000] {logging_mixin.py:188} INFO - [2026-02-26T13:07:59.255+0000] {dag.py:3954} INFO - Setting next_dagrun for update_db to None, run_after=None
[2026-02-26T13:07:59.276+0000] {processor.py:183} INFO - Processing /opt/airflow/dags/main.py took 0.359 seconds
[2026-02-26T13:08:30.101+0000] {processor.py:161} INFO - Started process (PID=3316) to work on /opt/airflow/dags/main.py
[2026-02-26T13:08:30.102+0000] {processor.py:830} INFO - Processing file /opt/airflow/dags/main.py for tasks to queue
[2026-02-26T13:08:30.104+0000] {logging_mixin.py:188} INFO - [2026-02-26T13:08:30.104+0000] {dagbag.py:545} INFO - Filling up the DagBag from /opt/airflow/dags/main.py
[2026-02-26T13:08:30.358+0000] {processor.py:840} INFO - DAG(s) 'produce_json', 'data_quality_check', 'update_db' retrieved from /opt/airflow/dags/main.py
[2026-02-26T13:08:30.384+0000] {logging_mixin.py:188} INFO - [2026-02-26T13:08:30.384+0000] {dag.py:3096} INFO - Sync 3 DAGs
[2026-02-26T13:08:30.402+0000] {logging_mixin.py:188} INFO - [2026-02-26T13:08:30.402+0000] {dag.py:3954} INFO - Setting next_dagrun for data_quality_check to None, run_after=None
[2026-02-26T13:08:30.408+0000] {logging_mixin.py:188} INFO - [2026-02-26T13:08:30.407+0000] {dag.py:3954} INFO - Setting next_dagrun for produce_json to 2026-02-25 14:00:00+00:00, run_after=2026-02-26 14:00:00+00:00
[2026-02-26T13:08:30.410+0000] {logging_mixin.py:188} INFO - [2026-02-26T13:08:30.410+0000] {dag.py:3954} INFO - Setting next_dagrun for update_db to None, run_after=None
[2026-02-26T13:08:30.429+0000] {processor.py:183} INFO - Processing /opt/airflow/dags/main.py took 0.333 seconds
[2026-02-26T13:09:01.312+0000] {processor.py:161} INFO - Started process (PID=3324) to work on /opt/airflow/dags/main.py
[2026-02-26T13:09:01.313+0000] {processor.py:830} INFO - Processing file /opt/airflow/dags/main.py for tasks to queue
[2026-02-26T13:09:01.315+0000] {logging_mixin.py:188} INFO - [2026-02-26T13:09:01.314+0000] {dagbag.py:545} INFO - Filling up the DagBag from /opt/airflow/dags/main.py
[2026-02-26T13:09:01.594+0000] {processor.py:840} INFO - DAG(s) 'update_db', 'produce_json', 'data_quality_check' retrieved from /opt/airflow/dags/main.py
[2026-02-26T13:09:01.618+0000] {logging_mixin.py:188} INFO - [2026-02-26T13:09:01.617+0000] {dag.py:3096} INFO - Sync 3 DAGs
[2026-02-26T13:09:01.634+0000] {logging_mixin.py:188} INFO - [2026-02-26T13:09:01.634+0000] {dag.py:3954} INFO - Setting next_dagrun for data_quality_check to None, run_after=None
[2026-02-26T13:09:01.640+0000] {logging_mixin.py:188} INFO - [2026-02-26T13:09:01.640+0000] {dag.py:3954} INFO - Setting next_dagrun for produce_json to 2026-02-25 14:00:00+00:00, run_after=2026-02-26 14:00:00+00:00
[2026-02-26T13:09:01.642+0000] {logging_mixin.py:188} INFO - [2026-02-26T13:09:01.642+0000] {dag.py:3954} INFO - Setting next_dagrun for update_db to None, run_after=None
[2026-02-26T13:09:01.660+0000] {processor.py:183} INFO - Processing /opt/airflow/dags/main.py took 0.355 seconds
[2026-02-26T13:09:31.755+0000] {processor.py:161} INFO - Started process (PID=3332) to work on /opt/airflow/dags/main.py
[2026-02-26T13:09:31.756+0000] {processor.py:830} INFO - Processing file /opt/airflow/dags/main.py for tasks to queue
[2026-02-26T13:09:31.759+0000] {logging_mixin.py:188} INFO - [2026-02-26T13:09:31.758+0000] {dagbag.py:545} INFO - Filling up the DagBag from /opt/airflow/dags/main.py
[2026-02-26T13:09:31.870+0000] {processor.py:840} INFO - DAG(s) 'produce_json', 'update_db', 'data_quality_check' retrieved from /opt/airflow/dags/main.py
[2026-02-26T13:09:31.896+0000] {logging_mixin.py:188} INFO - [2026-02-26T13:09:31.896+0000] {dag.py:3096} INFO - Sync 3 DAGs
[2026-02-26T13:09:31.916+0000] {logging_mixin.py:188} INFO - [2026-02-26T13:09:31.916+0000] {dag.py:3954} INFO - Setting next_dagrun for data_quality_check to None, run_after=None
[2026-02-26T13:09:31.921+0000] {logging_mixin.py:188} INFO - [2026-02-26T13:09:31.921+0000] {dag.py:3954} INFO - Setting next_dagrun for produce_json to 2026-02-25 14:00:00+00:00, run_after=2026-02-26 14:00:00+00:00
[2026-02-26T13:09:31.923+0000] {logging_mixin.py:188} INFO - [2026-02-26T13:09:31.923+0000] {dag.py:3954} INFO - Setting next_dagrun for update_db to None, run_after=None
[2026-02-26T13:09:32.083+0000] {processor.py:183} INFO - Processing /opt/airflow/dags/main.py took 0.333 seconds
[2026-02-26T13:10:03.046+0000] {processor.py:161} INFO - Started process (PID=3341) to work on /opt/airflow/dags/main.py
[2026-02-26T13:10:03.047+0000] {processor.py:830} INFO - Processing file /opt/airflow/dags/main.py for tasks to queue
[2026-02-26T13:10:03.049+0000] {logging_mixin.py:188} INFO - [2026-02-26T13:10:03.049+0000] {dagbag.py:545} INFO - Filling up the DagBag from /opt/airflow/dags/main.py
[2026-02-26T13:10:03.180+0000] {processor.py:840} INFO - DAG(s) 'update_db', 'data_quality_check', 'produce_json' retrieved from /opt/airflow/dags/main.py
[2026-02-26T13:10:03.207+0000] {logging_mixin.py:188} INFO - [2026-02-26T13:10:03.206+0000] {dag.py:3096} INFO - Sync 3 DAGs
[2026-02-26T13:10:03.372+0000] {logging_mixin.py:188} INFO - [2026-02-26T13:10:03.372+0000] {dag.py:3954} INFO - Setting next_dagrun for data_quality_check to None, run_after=None
[2026-02-26T13:10:03.377+0000] {logging_mixin.py:188} INFO - [2026-02-26T13:10:03.377+0000] {dag.py:3954} INFO - Setting next_dagrun for produce_json to 2026-02-25 14:00:00+00:00, run_after=2026-02-26 14:00:00+00:00
[2026-02-26T13:10:03.379+0000] {logging_mixin.py:188} INFO - [2026-02-26T13:10:03.379+0000] {dag.py:3954} INFO - Setting next_dagrun for update_db to None, run_after=None
[2026-02-26T13:10:03.397+0000] {processor.py:183} INFO - Processing /opt/airflow/dags/main.py took 0.358 seconds
[2026-02-26T13:10:34.230+0000] {processor.py:161} INFO - Started process (PID=3350) to work on /opt/airflow/dags/main.py
[2026-02-26T13:10:34.231+0000] {processor.py:830} INFO - Processing file /opt/airflow/dags/main.py for tasks to queue
[2026-02-26T13:10:34.233+0000] {logging_mixin.py:188} INFO - [2026-02-26T13:10:34.233+0000] {dagbag.py:545} INFO - Filling up the DagBag from /opt/airflow/dags/main.py
[2026-02-26T13:10:34.320+0000] {processor.py:840} INFO - DAG(s) 'data_quality_check', 'update_db', 'produce_json' retrieved from /opt/airflow/dags/main.py
[2026-02-26T13:10:34.347+0000] {logging_mixin.py:188} INFO - [2026-02-26T13:10:34.347+0000] {dag.py:3096} INFO - Sync 3 DAGs
[2026-02-26T13:10:34.510+0000] {logging_mixin.py:188} INFO - [2026-02-26T13:10:34.510+0000] {dag.py:3954} INFO - Setting next_dagrun for data_quality_check to None, run_after=None
[2026-02-26T13:10:34.515+0000] {logging_mixin.py:188} INFO - [2026-02-26T13:10:34.515+0000] {dag.py:3954} INFO - Setting next_dagrun for produce_json to 2026-02-25 14:00:00+00:00, run_after=2026-02-26 14:00:00+00:00
[2026-02-26T13:10:34.517+0000] {logging_mixin.py:188} INFO - [2026-02-26T13:10:34.517+0000] {dag.py:3954} INFO - Setting next_dagrun for update_db to None, run_after=None
[2026-02-26T13:10:34.534+0000] {processor.py:183} INFO - Processing /opt/airflow/dags/main.py took 0.310 seconds
[2026-02-26T13:11:05.460+0000] {processor.py:161} INFO - Started process (PID=3358) to work on /opt/airflow/dags/main.py
[2026-02-26T13:11:05.461+0000] {processor.py:830} INFO - Processing file /opt/airflow/dags/main.py for tasks to queue
[2026-02-26T13:11:05.463+0000] {logging_mixin.py:188} INFO - [2026-02-26T13:11:05.463+0000] {dagbag.py:545} INFO - Filling up the DagBag from /opt/airflow/dags/main.py
[2026-02-26T13:11:05.577+0000] {processor.py:840} INFO - DAG(s) 'data_quality_check', 'produce_json', 'update_db' retrieved from /opt/airflow/dags/main.py
[2026-02-26T13:11:05.750+0000] {logging_mixin.py:188} INFO - [2026-02-26T13:11:05.750+0000] {dag.py:3096} INFO - Sync 3 DAGs
[2026-02-26T13:11:05.767+0000] {logging_mixin.py:188} INFO - [2026-02-26T13:11:05.767+0000] {dag.py:3954} INFO - Setting next_dagrun for data_quality_check to None, run_after=None
[2026-02-26T13:11:05.772+0000] {logging_mixin.py:188} INFO - [2026-02-26T13:11:05.772+0000] {dag.py:3954} INFO - Setting next_dagrun for produce_json to 2026-02-25 14:00:00+00:00, run_after=2026-02-26 14:00:00+00:00
[2026-02-26T13:11:05.774+0000] {logging_mixin.py:188} INFO - [2026-02-26T13:11:05.774+0000] {dag.py:3954} INFO - Setting next_dagrun for update_db to None, run_after=None
[2026-02-26T13:11:05.804+0000] {processor.py:183} INFO - Processing /opt/airflow/dags/main.py took 0.350 seconds
[2026-02-26T13:11:35.904+0000] {processor.py:161} INFO - Started process (PID=3366) to work on /opt/airflow/dags/main.py
[2026-02-26T13:11:35.905+0000] {processor.py:830} INFO - Processing file /opt/airflow/dags/main.py for tasks to queue
[2026-02-26T13:11:35.907+0000] {logging_mixin.py:188} INFO - [2026-02-26T13:11:35.907+0000] {dagbag.py:545} INFO - Filling up the DagBag from /opt/airflow/dags/main.py
[2026-02-26T13:11:36.166+0000] {processor.py:840} INFO - DAG(s) 'produce_json', 'data_quality_check', 'update_db' retrieved from /opt/airflow/dags/main.py
[2026-02-26T13:11:36.193+0000] {logging_mixin.py:188} INFO - [2026-02-26T13:11:36.193+0000] {dag.py:3096} INFO - Sync 3 DAGs
[2026-02-26T13:11:36.211+0000] {logging_mixin.py:188} INFO - [2026-02-26T13:11:36.211+0000] {dag.py:3954} INFO - Setting next_dagrun for data_quality_check to None, run_after=None
[2026-02-26T13:11:36.216+0000] {logging_mixin.py:188} INFO - [2026-02-26T13:11:36.216+0000] {dag.py:3954} INFO - Setting next_dagrun for produce_json to 2026-02-25 14:00:00+00:00, run_after=2026-02-26 14:00:00+00:00
[2026-02-26T13:11:36.218+0000] {logging_mixin.py:188} INFO - [2026-02-26T13:11:36.218+0000] {dag.py:3954} INFO - Setting next_dagrun for update_db to None, run_after=None
[2026-02-26T13:11:36.246+0000] {processor.py:183} INFO - Processing /opt/airflow/dags/main.py took 0.350 seconds
[2026-02-26T13:12:06.355+0000] {processor.py:161} INFO - Started process (PID=3374) to work on /opt/airflow/dags/main.py
[2026-02-26T13:12:06.356+0000] {processor.py:830} INFO - Processing file /opt/airflow/dags/main.py for tasks to queue
[2026-02-26T13:12:06.357+0000] {logging_mixin.py:188} INFO - [2026-02-26T13:12:06.357+0000] {dagbag.py:545} INFO - Filling up the DagBag from /opt/airflow/dags/main.py
[2026-02-26T13:12:06.701+0000] {processor.py:840} INFO - DAG(s) 'update_db', 'data_quality_check', 'produce_json' retrieved from /opt/airflow/dags/main.py
[2026-02-26T13:12:06.738+0000] {logging_mixin.py:188} INFO - [2026-02-26T13:12:06.738+0000] {dag.py:3096} INFO - Sync 3 DAGs
[2026-02-26T13:12:06.766+0000] {logging_mixin.py:188} INFO - [2026-02-26T13:12:06.766+0000] {dag.py:3954} INFO - Setting next_dagrun for data_quality_check to None, run_after=None
[2026-02-26T13:12:06.775+0000] {logging_mixin.py:188} INFO - [2026-02-26T13:12:06.775+0000] {dag.py:3954} INFO - Setting next_dagrun for produce_json to 2026-02-25 14:00:00+00:00, run_after=2026-02-26 14:00:00+00:00
[2026-02-26T13:12:06.778+0000] {logging_mixin.py:188} INFO - [2026-02-26T13:12:06.778+0000] {dag.py:3954} INFO - Setting next_dagrun for update_db to None, run_after=None
[2026-02-26T13:12:06.802+0000] {processor.py:183} INFO - Processing /opt/airflow/dags/main.py took 0.452 seconds
[2026-02-26T13:12:37.479+0000] {processor.py:161} INFO - Started process (PID=3382) to work on /opt/airflow/dags/main.py
[2026-02-26T13:12:37.480+0000] {processor.py:830} INFO - Processing file /opt/airflow/dags/main.py for tasks to queue
[2026-02-26T13:12:37.484+0000] {logging_mixin.py:188} INFO - [2026-02-26T13:12:37.483+0000] {dagbag.py:545} INFO - Filling up the DagBag from /opt/airflow/dags/main.py
[2026-02-26T13:12:37.606+0000] {processor.py:840} INFO - DAG(s) 'produce_json', 'data_quality_check', 'update_db' retrieved from /opt/airflow/dags/main.py
[2026-02-26T13:12:37.633+0000] {logging_mixin.py:188} INFO - [2026-02-26T13:12:37.633+0000] {dag.py:3096} INFO - Sync 3 DAGs
[2026-02-26T13:12:37.789+0000] {logging_mixin.py:188} INFO - [2026-02-26T13:12:37.788+0000] {dag.py:3954} INFO - Setting next_dagrun for data_quality_check to None, run_after=None
[2026-02-26T13:12:37.794+0000] {logging_mixin.py:188} INFO - [2026-02-26T13:12:37.794+0000] {dag.py:3954} INFO - Setting next_dagrun for produce_json to 2026-02-25 14:00:00+00:00, run_after=2026-02-26 14:00:00+00:00
[2026-02-26T13:12:37.796+0000] {logging_mixin.py:188} INFO - [2026-02-26T13:12:37.796+0000] {dag.py:3954} INFO - Setting next_dagrun for update_db to None, run_after=None
[2026-02-26T13:12:37.826+0000] {processor.py:183} INFO - Processing /opt/airflow/dags/main.py took 0.353 seconds
[2026-02-26T13:13:08.686+0000] {processor.py:161} INFO - Started process (PID=3390) to work on /opt/airflow/dags/main.py
[2026-02-26T13:13:08.687+0000] {processor.py:830} INFO - Processing file /opt/airflow/dags/main.py for tasks to queue
[2026-02-26T13:13:08.690+0000] {logging_mixin.py:188} INFO - [2026-02-26T13:13:08.690+0000] {dagbag.py:545} INFO - Filling up the DagBag from /opt/airflow/dags/main.py
[2026-02-26T13:13:08.803+0000] {processor.py:840} INFO - DAG(s) 'data_quality_check', 'update_db', 'produce_json' retrieved from /opt/airflow/dags/main.py
[2026-02-26T13:13:08.843+0000] {logging_mixin.py:188} INFO - [2026-02-26T13:13:08.842+0000] {dag.py:3096} INFO - Sync 3 DAGs
[2026-02-26T13:13:09.050+0000] {logging_mixin.py:188} INFO - [2026-02-26T13:13:09.050+0000] {dag.py:3954} INFO - Setting next_dagrun for data_quality_check to None, run_after=None
[2026-02-26T13:13:09.055+0000] {logging_mixin.py:188} INFO - [2026-02-26T13:13:09.055+0000] {dag.py:3954} INFO - Setting next_dagrun for produce_json to 2026-02-25 14:00:00+00:00, run_after=2026-02-26 14:00:00+00:00
[2026-02-26T13:13:09.057+0000] {logging_mixin.py:188} INFO - [2026-02-26T13:13:09.056+0000] {dag.py:3954} INFO - Setting next_dagrun for update_db to None, run_after=None
[2026-02-26T13:13:09.083+0000] {processor.py:183} INFO - Processing /opt/airflow/dags/main.py took 0.405 seconds
[2026-02-26T13:13:39.946+0000] {processor.py:161} INFO - Started process (PID=3398) to work on /opt/airflow/dags/main.py
[2026-02-26T13:13:39.947+0000] {processor.py:830} INFO - Processing file /opt/airflow/dags/main.py for tasks to queue
[2026-02-26T13:13:39.950+0000] {logging_mixin.py:188} INFO - [2026-02-26T13:13:39.949+0000] {dagbag.py:545} INFO - Filling up the DagBag from /opt/airflow/dags/main.py
[2026-02-26T13:13:40.097+0000] {processor.py:840} INFO - DAG(s) 'data_quality_check', 'update_db', 'produce_json' retrieved from /opt/airflow/dags/main.py
[2026-02-26T13:13:40.297+0000] {logging_mixin.py:188} INFO - [2026-02-26T13:13:40.296+0000] {dag.py:3096} INFO - Sync 3 DAGs
[2026-02-26T13:13:40.322+0000] {logging_mixin.py:188} INFO - [2026-02-26T13:13:40.322+0000] {dag.py:3954} INFO - Setting next_dagrun for data_quality_check to None, run_after=None
[2026-02-26T13:13:40.332+0000] {logging_mixin.py:188} INFO - [2026-02-26T13:13:40.332+0000] {dag.py:3954} INFO - Setting next_dagrun for produce_json to 2026-02-25 14:00:00+00:00, run_after=2026-02-26 14:00:00+00:00
[2026-02-26T13:13:40.334+0000] {logging_mixin.py:188} INFO - [2026-02-26T13:13:40.334+0000] {dag.py:3954} INFO - Setting next_dagrun for update_db to None, run_after=None
[2026-02-26T13:13:40.355+0000] {processor.py:183} INFO - Processing /opt/airflow/dags/main.py took 0.417 seconds
[2026-02-26T13:14:11.168+0000] {processor.py:161} INFO - Started process (PID=3406) to work on /opt/airflow/dags/main.py
[2026-02-26T13:14:11.169+0000] {processor.py:830} INFO - Processing file /opt/airflow/dags/main.py for tasks to queue
[2026-02-26T13:14:11.171+0000] {logging_mixin.py:188} INFO - [2026-02-26T13:14:11.171+0000] {dagbag.py:545} INFO - Filling up the DagBag from /opt/airflow/dags/main.py
[2026-02-26T13:14:11.461+0000] {processor.py:840} INFO - DAG(s) 'data_quality_check', 'update_db', 'produce_json' retrieved from /opt/airflow/dags/main.py
[2026-02-26T13:14:11.487+0000] {logging_mixin.py:188} INFO - [2026-02-26T13:14:11.487+0000] {dag.py:3096} INFO - Sync 3 DAGs
[2026-02-26T13:14:11.507+0000] {logging_mixin.py:188} INFO - [2026-02-26T13:14:11.506+0000] {dag.py:3954} INFO - Setting next_dagrun for data_quality_check to None, run_after=None
[2026-02-26T13:14:11.512+0000] {logging_mixin.py:188} INFO - [2026-02-26T13:14:11.512+0000] {dag.py:3954} INFO - Setting next_dagrun for produce_json to 2026-02-25 14:00:00+00:00, run_after=2026-02-26 14:00:00+00:00
[2026-02-26T13:14:11.514+0000] {logging_mixin.py:188} INFO - [2026-02-26T13:14:11.514+0000] {dag.py:3954} INFO - Setting next_dagrun for update_db to None, run_after=None
[2026-02-26T13:14:11.532+0000] {processor.py:183} INFO - Processing /opt/airflow/dags/main.py took 0.370 seconds
[2026-02-26T13:14:41.659+0000] {processor.py:161} INFO - Started process (PID=3414) to work on /opt/airflow/dags/main.py
[2026-02-26T13:14:41.660+0000] {processor.py:830} INFO - Processing file /opt/airflow/dags/main.py for tasks to queue
[2026-02-26T13:14:41.662+0000] {logging_mixin.py:188} INFO - [2026-02-26T13:14:41.661+0000] {dagbag.py:545} INFO - Filling up the DagBag from /opt/airflow/dags/main.py
[2026-02-26T13:14:41.882+0000] {processor.py:840} INFO - DAG(s) 'data_quality_check', 'produce_json', 'update_db' retrieved from /opt/airflow/dags/main.py
[2026-02-26T13:14:41.907+0000] {logging_mixin.py:188} INFO - [2026-02-26T13:14:41.907+0000] {dag.py:3096} INFO - Sync 3 DAGs
[2026-02-26T13:14:41.925+0000] {logging_mixin.py:188} INFO - [2026-02-26T13:14:41.925+0000] {dag.py:3954} INFO - Setting next_dagrun for data_quality_check to None, run_after=None
[2026-02-26T13:14:41.930+0000] {logging_mixin.py:188} INFO - [2026-02-26T13:14:41.930+0000] {dag.py:3954} INFO - Setting next_dagrun for produce_json to 2026-02-25 14:00:00+00:00, run_after=2026-02-26 14:00:00+00:00
[2026-02-26T13:14:41.932+0000] {logging_mixin.py:188} INFO - [2026-02-26T13:14:41.932+0000] {dag.py:3954} INFO - Setting next_dagrun for update_db to None, run_after=None
[2026-02-26T13:14:41.950+0000] {processor.py:183} INFO - Processing /opt/airflow/dags/main.py took 0.297 seconds
[2026-02-26T13:15:12.006+0000] {processor.py:161} INFO - Started process (PID=3422) to work on /opt/airflow/dags/main.py
[2026-02-26T13:15:12.008+0000] {processor.py:830} INFO - Processing file /opt/airflow/dags/main.py for tasks to queue
[2026-02-26T13:15:12.011+0000] {logging_mixin.py:188} INFO - [2026-02-26T13:15:12.010+0000] {dagbag.py:545} INFO - Filling up the DagBag from /opt/airflow/dags/main.py
[2026-02-26T13:15:12.339+0000] {processor.py:840} INFO - DAG(s) 'produce_json', 'data_quality_check', 'update_db' retrieved from /opt/airflow/dags/main.py
[2026-02-26T13:15:12.364+0000] {logging_mixin.py:188} INFO - [2026-02-26T13:15:12.363+0000] {dag.py:3096} INFO - Sync 3 DAGs
[2026-02-26T13:15:12.382+0000] {logging_mixin.py:188} INFO - [2026-02-26T13:15:12.381+0000] {dag.py:3954} INFO - Setting next_dagrun for data_quality_check to None, run_after=None
[2026-02-26T13:15:12.387+0000] {logging_mixin.py:188} INFO - [2026-02-26T13:15:12.386+0000] {dag.py:3954} INFO - Setting next_dagrun for produce_json to 2026-02-25 14:00:00+00:00, run_after=2026-02-26 14:00:00+00:00
[2026-02-26T13:15:12.388+0000] {logging_mixin.py:188} INFO - [2026-02-26T13:15:12.388+0000] {dag.py:3954} INFO - Setting next_dagrun for update_db to None, run_after=None
[2026-02-26T13:15:12.404+0000] {processor.py:183} INFO - Processing /opt/airflow/dags/main.py took 0.407 seconds
[2026-02-26T13:15:43.067+0000] {processor.py:161} INFO - Started process (PID=3430) to work on /opt/airflow/dags/main.py
[2026-02-26T13:15:43.068+0000] {processor.py:830} INFO - Processing file /opt/airflow/dags/main.py for tasks to queue
[2026-02-26T13:15:43.071+0000] {logging_mixin.py:188} INFO - [2026-02-26T13:15:43.071+0000] {dagbag.py:545} INFO - Filling up the DagBag from /opt/airflow/dags/main.py
[2026-02-26T13:15:43.182+0000] {processor.py:840} INFO - DAG(s) 'produce_json', 'update_db', 'data_quality_check' retrieved from /opt/airflow/dags/main.py
[2026-02-26T13:15:43.215+0000] {logging_mixin.py:188} INFO - [2026-02-26T13:15:43.215+0000] {dag.py:3096} INFO - Sync 3 DAGs
[2026-02-26T13:15:43.401+0000] {logging_mixin.py:188} INFO - [2026-02-26T13:15:43.401+0000] {dag.py:3954} INFO - Setting next_dagrun for data_quality_check to None, run_after=None
[2026-02-26T13:15:43.408+0000] {logging_mixin.py:188} INFO - [2026-02-26T13:15:43.408+0000] {dag.py:3954} INFO - Setting next_dagrun for produce_json to 2026-02-25 14:00:00+00:00, run_after=2026-02-26 14:00:00+00:00
[2026-02-26T13:15:43.410+0000] {logging_mixin.py:188} INFO - [2026-02-26T13:15:43.410+0000] {dag.py:3954} INFO - Setting next_dagrun for update_db to None, run_after=None
[2026-02-26T13:15:43.443+0000] {processor.py:183} INFO - Processing /opt/airflow/dags/main.py took 0.383 seconds
[2026-02-26T13:16:14.135+0000] {processor.py:161} INFO - Started process (PID=3438) to work on /opt/airflow/dags/main.py
[2026-02-26T13:16:14.136+0000] {processor.py:830} INFO - Processing file /opt/airflow/dags/main.py for tasks to queue
[2026-02-26T13:16:14.138+0000] {logging_mixin.py:188} INFO - [2026-02-26T13:16:14.138+0000] {dagbag.py:545} INFO - Filling up the DagBag from /opt/airflow/dags/main.py
[2026-02-26T13:16:14.245+0000] {processor.py:840} INFO - DAG(s) 'produce_json', 'data_quality_check', 'update_db' retrieved from /opt/airflow/dags/main.py
[2026-02-26T13:16:14.280+0000] {logging_mixin.py:188} INFO - [2026-02-26T13:16:14.280+0000] {dag.py:3096} INFO - Sync 3 DAGs
[2026-02-26T13:16:14.461+0000] {logging_mixin.py:188} INFO - [2026-02-26T13:16:14.461+0000] {dag.py:3954} INFO - Setting next_dagrun for data_quality_check to None, run_after=None
[2026-02-26T13:16:14.468+0000] {logging_mixin.py:188} INFO - [2026-02-26T13:16:14.467+0000] {dag.py:3954} INFO - Setting next_dagrun for produce_json to 2026-02-25 14:00:00+00:00, run_after=2026-02-26 14:00:00+00:00
[2026-02-26T13:16:14.470+0000] {logging_mixin.py:188} INFO - [2026-02-26T13:16:14.470+0000] {dag.py:3954} INFO - Setting next_dagrun for update_db to None, run_after=None
[2026-02-26T13:16:14.501+0000] {processor.py:183} INFO - Processing /opt/airflow/dags/main.py took 0.371 seconds
[2026-02-26T13:16:44.560+0000] {processor.py:161} INFO - Started process (PID=3446) to work on /opt/airflow/dags/main.py
[2026-02-26T13:16:44.561+0000] {processor.py:830} INFO - Processing file /opt/airflow/dags/main.py for tasks to queue
[2026-02-26T13:16:44.563+0000] {logging_mixin.py:188} INFO - [2026-02-26T13:16:44.563+0000] {dagbag.py:545} INFO - Filling up the DagBag from /opt/airflow/dags/main.py
[2026-02-26T13:16:44.655+0000] {processor.py:840} INFO - DAG(s) 'produce_json', 'update_db', 'data_quality_check' retrieved from /opt/airflow/dags/main.py
[2026-02-26T13:16:44.821+0000] {logging_mixin.py:188} INFO - [2026-02-26T13:16:44.821+0000] {dag.py:3096} INFO - Sync 3 DAGs
[2026-02-26T13:16:44.840+0000] {logging_mixin.py:188} INFO - [2026-02-26T13:16:44.840+0000] {dag.py:3954} INFO - Setting next_dagrun for data_quality_check to None, run_after=None
[2026-02-26T13:16:44.846+0000] {logging_mixin.py:188} INFO - [2026-02-26T13:16:44.846+0000] {dag.py:3954} INFO - Setting next_dagrun for produce_json to 2026-02-25 14:00:00+00:00, run_after=2026-02-26 14:00:00+00:00
[2026-02-26T13:16:44.849+0000] {logging_mixin.py:188} INFO - [2026-02-26T13:16:44.848+0000] {dag.py:3954} INFO - Setting next_dagrun for update_db to None, run_after=None
[2026-02-26T13:16:44.880+0000] {processor.py:183} INFO - Processing /opt/airflow/dags/main.py took 0.325 seconds
[2026-02-26T13:17:15.692+0000] {processor.py:161} INFO - Started process (PID=3454) to work on /opt/airflow/dags/main.py
[2026-02-26T13:17:15.693+0000] {processor.py:830} INFO - Processing file /opt/airflow/dags/main.py for tasks to queue
[2026-02-26T13:17:15.696+0000] {logging_mixin.py:188} INFO - [2026-02-26T13:17:15.695+0000] {dagbag.py:545} INFO - Filling up the DagBag from /opt/airflow/dags/main.py
[2026-02-26T13:17:15.965+0000] {processor.py:840} INFO - DAG(s) 'produce_json', 'data_quality_check', 'update_db' retrieved from /opt/airflow/dags/main.py
[2026-02-26T13:17:15.991+0000] {logging_mixin.py:188} INFO - [2026-02-26T13:17:15.990+0000] {dag.py:3096} INFO - Sync 3 DAGs
[2026-02-26T13:17:16.008+0000] {logging_mixin.py:188} INFO - [2026-02-26T13:17:16.007+0000] {dag.py:3954} INFO - Setting next_dagrun for data_quality_check to None, run_after=None
[2026-02-26T13:17:16.013+0000] {logging_mixin.py:188} INFO - [2026-02-26T13:17:16.013+0000] {dag.py:3954} INFO - Setting next_dagrun for produce_json to 2026-02-25 14:00:00+00:00, run_after=2026-02-26 14:00:00+00:00
[2026-02-26T13:17:16.016+0000] {logging_mixin.py:188} INFO - [2026-02-26T13:17:16.016+0000] {dag.py:3954} INFO - Setting next_dagrun for update_db to None, run_after=None
[2026-02-26T13:17:16.045+0000] {processor.py:183} INFO - Processing /opt/airflow/dags/main.py took 0.361 seconds
[2026-02-26T13:17:46.190+0000] {processor.py:161} INFO - Started process (PID=3462) to work on /opt/airflow/dags/main.py
[2026-02-26T13:17:46.191+0000] {processor.py:830} INFO - Processing file /opt/airflow/dags/main.py for tasks to queue
[2026-02-26T13:17:46.193+0000] {logging_mixin.py:188} INFO - [2026-02-26T13:17:46.192+0000] {dagbag.py:545} INFO - Filling up the DagBag from /opt/airflow/dags/main.py
[2026-02-26T13:17:46.427+0000] {processor.py:840} INFO - DAG(s) 'data_quality_check', 'produce_json', 'update_db' retrieved from /opt/airflow/dags/main.py
[2026-02-26T13:17:46.453+0000] {logging_mixin.py:188} INFO - [2026-02-26T13:17:46.453+0000] {dag.py:3096} INFO - Sync 3 DAGs
[2026-02-26T13:17:46.471+0000] {logging_mixin.py:188} INFO - [2026-02-26T13:17:46.471+0000] {dag.py:3954} INFO - Setting next_dagrun for data_quality_check to None, run_after=None
[2026-02-26T13:17:46.476+0000] {logging_mixin.py:188} INFO - [2026-02-26T13:17:46.476+0000] {dag.py:3954} INFO - Setting next_dagrun for produce_json to 2026-02-25 14:00:00+00:00, run_after=2026-02-26 14:00:00+00:00
[2026-02-26T13:17:46.478+0000] {logging_mixin.py:188} INFO - [2026-02-26T13:17:46.478+0000] {dag.py:3954} INFO - Setting next_dagrun for update_db to None, run_after=None
[2026-02-26T13:17:46.496+0000] {processor.py:183} INFO - Processing /opt/airflow/dags/main.py took 0.311 seconds
[2026-02-26T13:18:16.581+0000] {processor.py:161} INFO - Started process (PID=3470) to work on /opt/airflow/dags/main.py
[2026-02-26T13:18:16.582+0000] {processor.py:830} INFO - Processing file /opt/airflow/dags/main.py for tasks to queue
[2026-02-26T13:18:16.584+0000] {logging_mixin.py:188} INFO - [2026-02-26T13:18:16.584+0000] {dagbag.py:545} INFO - Filling up the DagBag from /opt/airflow/dags/main.py
[2026-02-26T13:18:16.673+0000] {processor.py:840} INFO - DAG(s) 'update_db', 'produce_json', 'data_quality_check' retrieved from /opt/airflow/dags/main.py
[2026-02-26T13:18:16.698+0000] {logging_mixin.py:188} INFO - [2026-02-26T13:18:16.698+0000] {dag.py:3096} INFO - Sync 3 DAGs
[2026-02-26T13:18:16.718+0000] {logging_mixin.py:188} INFO - [2026-02-26T13:18:16.718+0000] {dag.py:3954} INFO - Setting next_dagrun for data_quality_check to None, run_after=None
[2026-02-26T13:18:16.856+0000] {logging_mixin.py:188} INFO - [2026-02-26T13:18:16.856+0000] {dag.py:3954} INFO - Setting next_dagrun for produce_json to 2026-02-25 14:00:00+00:00, run_after=2026-02-26 14:00:00+00:00
[2026-02-26T13:18:16.859+0000] {logging_mixin.py:188} INFO - [2026-02-26T13:18:16.858+0000] {dag.py:3954} INFO - Setting next_dagrun for update_db to None, run_after=None
[2026-02-26T13:18:16.887+0000] {processor.py:183} INFO - Processing /opt/airflow/dags/main.py took 0.311 seconds
[2026-02-26T13:18:47.737+0000] {processor.py:161} INFO - Started process (PID=3478) to work on /opt/airflow/dags/main.py
[2026-02-26T13:18:47.738+0000] {processor.py:830} INFO - Processing file /opt/airflow/dags/main.py for tasks to queue
[2026-02-26T13:18:47.740+0000] {logging_mixin.py:188} INFO - [2026-02-26T13:18:47.739+0000] {dagbag.py:545} INFO - Filling up the DagBag from /opt/airflow/dags/main.py
[2026-02-26T13:18:47.856+0000] {processor.py:840} INFO - DAG(s) 'produce_json', 'data_quality_check', 'update_db' retrieved from /opt/airflow/dags/main.py
[2026-02-26T13:18:47.886+0000] {logging_mixin.py:188} INFO - [2026-02-26T13:18:47.885+0000] {dag.py:3096} INFO - Sync 3 DAGs
[2026-02-26T13:18:48.042+0000] {logging_mixin.py:188} INFO - [2026-02-26T13:18:48.042+0000] {dag.py:3954} INFO - Setting next_dagrun for data_quality_check to None, run_after=None
[2026-02-26T13:18:48.047+0000] {logging_mixin.py:188} INFO - [2026-02-26T13:18:48.047+0000] {dag.py:3954} INFO - Setting next_dagrun for produce_json to 2026-02-25 14:00:00+00:00, run_after=2026-02-26 14:00:00+00:00
[2026-02-26T13:18:48.049+0000] {logging_mixin.py:188} INFO - [2026-02-26T13:18:48.049+0000] {dag.py:3954} INFO - Setting next_dagrun for update_db to None, run_after=None
[2026-02-26T13:18:48.077+0000] {processor.py:183} INFO - Processing /opt/airflow/dags/main.py took 0.346 seconds
[2026-02-26T13:19:18.955+0000] {processor.py:161} INFO - Started process (PID=3486) to work on /opt/airflow/dags/main.py
[2026-02-26T13:19:18.956+0000] {processor.py:830} INFO - Processing file /opt/airflow/dags/main.py for tasks to queue
[2026-02-26T13:19:18.958+0000] {logging_mixin.py:188} INFO - [2026-02-26T13:19:18.958+0000] {dagbag.py:545} INFO - Filling up the DagBag from /opt/airflow/dags/main.py
[2026-02-26T13:19:19.066+0000] {processor.py:840} INFO - DAG(s) 'produce_json', 'data_quality_check', 'update_db' retrieved from /opt/airflow/dags/main.py
[2026-02-26T13:19:19.098+0000] {logging_mixin.py:188} INFO - [2026-02-26T13:19:19.098+0000] {dag.py:3096} INFO - Sync 3 DAGs
[2026-02-26T13:19:19.266+0000] {logging_mixin.py:188} INFO - [2026-02-26T13:19:19.266+0000] {dag.py:3954} INFO - Setting next_dagrun for data_quality_check to None, run_after=None
[2026-02-26T13:19:19.272+0000] {logging_mixin.py:188} INFO - [2026-02-26T13:19:19.272+0000] {dag.py:3954} INFO - Setting next_dagrun for produce_json to 2026-02-25 14:00:00+00:00, run_after=2026-02-26 14:00:00+00:00
[2026-02-26T13:19:19.274+0000] {logging_mixin.py:188} INFO - [2026-02-26T13:19:19.274+0000] {dag.py:3954} INFO - Setting next_dagrun for update_db to None, run_after=None
[2026-02-26T13:19:19.292+0000] {processor.py:183} INFO - Processing /opt/airflow/dags/main.py took 0.343 seconds
[2026-02-26T13:19:50.198+0000] {processor.py:161} INFO - Started process (PID=3494) to work on /opt/airflow/dags/main.py
[2026-02-26T13:19:50.200+0000] {processor.py:830} INFO - Processing file /opt/airflow/dags/main.py for tasks to queue
[2026-02-26T13:19:50.202+0000] {logging_mixin.py:188} INFO - [2026-02-26T13:19:50.202+0000] {dagbag.py:545} INFO - Filling up the DagBag from /opt/airflow/dags/main.py
[2026-02-26T13:19:50.296+0000] {processor.py:840} INFO - DAG(s) 'produce_json', 'data_quality_check', 'update_db' retrieved from /opt/airflow/dags/main.py
[2026-02-26T13:19:50.463+0000] {logging_mixin.py:188} INFO - [2026-02-26T13:19:50.463+0000] {dag.py:3096} INFO - Sync 3 DAGs
[2026-02-26T13:19:50.480+0000] {logging_mixin.py:188} INFO - [2026-02-26T13:19:50.480+0000] {dag.py:3954} INFO - Setting next_dagrun for data_quality_check to None, run_after=None
[2026-02-26T13:19:50.486+0000] {logging_mixin.py:188} INFO - [2026-02-26T13:19:50.485+0000] {dag.py:3954} INFO - Setting next_dagrun for produce_json to 2026-02-25 14:00:00+00:00, run_after=2026-02-26 14:00:00+00:00
[2026-02-26T13:19:50.487+0000] {logging_mixin.py:188} INFO - [2026-02-26T13:19:50.487+0000] {dag.py:3954} INFO - Setting next_dagrun for update_db to None, run_after=None
[2026-02-26T13:19:50.516+0000] {processor.py:183} INFO - Processing /opt/airflow/dags/main.py took 0.324 seconds
[2026-02-26T13:20:21.385+0000] {processor.py:161} INFO - Started process (PID=3502) to work on /opt/airflow/dags/main.py
[2026-02-26T13:20:21.386+0000] {processor.py:830} INFO - Processing file /opt/airflow/dags/main.py for tasks to queue
[2026-02-26T13:20:21.388+0000] {logging_mixin.py:188} INFO - [2026-02-26T13:20:21.388+0000] {dagbag.py:545} INFO - Filling up the DagBag from /opt/airflow/dags/main.py
[2026-02-26T13:20:21.702+0000] {processor.py:840} INFO - DAG(s) 'update_db', 'produce_json', 'data_quality_check' retrieved from /opt/airflow/dags/main.py
[2026-02-26T13:20:21.732+0000] {logging_mixin.py:188} INFO - [2026-02-26T13:20:21.731+0000] {dag.py:3096} INFO - Sync 3 DAGs
[2026-02-26T13:20:21.754+0000] {logging_mixin.py:188} INFO - [2026-02-26T13:20:21.754+0000] {dag.py:3954} INFO - Setting next_dagrun for data_quality_check to None, run_after=None
[2026-02-26T13:20:21.760+0000] {logging_mixin.py:188} INFO - [2026-02-26T13:20:21.759+0000] {dag.py:3954} INFO - Setting next_dagrun for produce_json to 2026-02-25 14:00:00+00:00, run_after=2026-02-26 14:00:00+00:00
[2026-02-26T13:20:21.762+0000] {logging_mixin.py:188} INFO - [2026-02-26T13:20:21.761+0000] {dag.py:3954} INFO - Setting next_dagrun for update_db to None, run_after=None
[2026-02-26T13:20:21.783+0000] {processor.py:183} INFO - Processing /opt/airflow/dags/main.py took 0.406 seconds
[2026-02-26T13:20:51.880+0000] {processor.py:161} INFO - Started process (PID=3510) to work on /opt/airflow/dags/main.py
[2026-02-26T13:20:51.881+0000] {processor.py:830} INFO - Processing file /opt/airflow/dags/main.py for tasks to queue
[2026-02-26T13:20:51.883+0000] {logging_mixin.py:188} INFO - [2026-02-26T13:20:51.882+0000] {dagbag.py:545} INFO - Filling up the DagBag from /opt/airflow/dags/main.py
[2026-02-26T13:20:52.139+0000] {processor.py:840} INFO - DAG(s) 'data_quality_check', 'produce_json', 'update_db' retrieved from /opt/airflow/dags/main.py
[2026-02-26T13:20:52.165+0000] {logging_mixin.py:188} INFO - [2026-02-26T13:20:52.165+0000] {dag.py:3096} INFO - Sync 3 DAGs
[2026-02-26T13:20:52.184+0000] {logging_mixin.py:188} INFO - [2026-02-26T13:20:52.183+0000] {dag.py:3954} INFO - Setting next_dagrun for data_quality_check to None, run_after=None
[2026-02-26T13:20:52.189+0000] {logging_mixin.py:188} INFO - [2026-02-26T13:20:52.189+0000] {dag.py:3954} INFO - Setting next_dagrun for produce_json to 2026-02-25 14:00:00+00:00, run_after=2026-02-26 14:00:00+00:00
[2026-02-26T13:20:52.191+0000] {logging_mixin.py:188} INFO - [2026-02-26T13:20:52.190+0000] {dag.py:3954} INFO - Setting next_dagrun for update_db to None, run_after=None
[2026-02-26T13:20:52.211+0000] {processor.py:183} INFO - Processing /opt/airflow/dags/main.py took 0.336 seconds
[2026-02-26T13:21:22.467+0000] {processor.py:161} INFO - Started process (PID=3518) to work on /opt/airflow/dags/main.py
[2026-02-26T13:21:22.468+0000] {processor.py:830} INFO - Processing file /opt/airflow/dags/main.py for tasks to queue
[2026-02-26T13:21:22.470+0000] {logging_mixin.py:188} INFO - [2026-02-26T13:21:22.470+0000] {dagbag.py:545} INFO - Filling up the DagBag from /opt/airflow/dags/main.py
[2026-02-26T13:21:22.564+0000] {processor.py:840} INFO - DAG(s) 'data_quality_check', 'produce_json', 'update_db' retrieved from /opt/airflow/dags/main.py
[2026-02-26T13:21:22.590+0000] {logging_mixin.py:188} INFO - [2026-02-26T13:21:22.590+0000] {dag.py:3096} INFO - Sync 3 DAGs
[2026-02-26T13:21:22.764+0000] {logging_mixin.py:188} INFO - [2026-02-26T13:21:22.764+0000] {dag.py:3954} INFO - Setting next_dagrun for data_quality_check to None, run_after=None
[2026-02-26T13:21:22.774+0000] {logging_mixin.py:188} INFO - [2026-02-26T13:21:22.774+0000] {dag.py:3954} INFO - Setting next_dagrun for produce_json to 2026-02-25 14:00:00+00:00, run_after=2026-02-26 14:00:00+00:00
[2026-02-26T13:21:22.777+0000] {logging_mixin.py:188} INFO - [2026-02-26T13:21:22.776+0000] {dag.py:3954} INFO - Setting next_dagrun for update_db to None, run_after=None
[2026-02-26T13:21:22.813+0000] {processor.py:183} INFO - Processing /opt/airflow/dags/main.py took 0.351 seconds
[2026-02-26T13:21:53.590+0000] {processor.py:161} INFO - Started process (PID=3526) to work on /opt/airflow/dags/main.py
[2026-02-26T13:21:53.592+0000] {processor.py:830} INFO - Processing file /opt/airflow/dags/main.py for tasks to queue
[2026-02-26T13:21:53.594+0000] {logging_mixin.py:188} INFO - [2026-02-26T13:21:53.594+0000] {dagbag.py:545} INFO - Filling up the DagBag from /opt/airflow/dags/main.py
[2026-02-26T13:21:53.702+0000] {processor.py:840} INFO - DAG(s) 'data_quality_check', 'update_db', 'produce_json' retrieved from /opt/airflow/dags/main.py
[2026-02-26T13:21:53.738+0000] {logging_mixin.py:188} INFO - [2026-02-26T13:21:53.737+0000] {dag.py:3096} INFO - Sync 3 DAGs
[2026-02-26T13:21:53.924+0000] {logging_mixin.py:188} INFO - [2026-02-26T13:21:53.924+0000] {dag.py:3954} INFO - Setting next_dagrun for data_quality_check to None, run_after=None
[2026-02-26T13:21:53.931+0000] {logging_mixin.py:188} INFO - [2026-02-26T13:21:53.930+0000] {dag.py:3954} INFO - Setting next_dagrun for produce_json to 2026-02-25 14:00:00+00:00, run_after=2026-02-26 14:00:00+00:00
[2026-02-26T13:21:53.932+0000] {logging_mixin.py:188} INFO - [2026-02-26T13:21:53.932+0000] {dag.py:3954} INFO - Setting next_dagrun for update_db to None, run_after=None
[2026-02-26T13:21:53.960+0000] {processor.py:183} INFO - Processing /opt/airflow/dags/main.py took 0.376 seconds
[2026-02-26T13:22:24.845+0000] {processor.py:161} INFO - Started process (PID=3540) to work on /opt/airflow/dags/main.py
[2026-02-26T13:22:24.846+0000] {processor.py:830} INFO - Processing file /opt/airflow/dags/main.py for tasks to queue
[2026-02-26T13:22:24.849+0000] {logging_mixin.py:188} INFO - [2026-02-26T13:22:24.848+0000] {dagbag.py:545} INFO - Filling up the DagBag from /opt/airflow/dags/main.py
[2026-02-26T13:22:24.955+0000] {processor.py:840} INFO - DAG(s) 'update_db', 'produce_json', 'data_quality_check' retrieved from /opt/airflow/dags/main.py
[2026-02-26T13:22:25.152+0000] {logging_mixin.py:188} INFO - [2026-02-26T13:22:25.152+0000] {dag.py:3096} INFO - Sync 3 DAGs
[2026-02-26T13:22:25.171+0000] {logging_mixin.py:188} INFO - [2026-02-26T13:22:25.171+0000] {dag.py:3954} INFO - Setting next_dagrun for data_quality_check to None, run_after=None
[2026-02-26T13:22:25.177+0000] {logging_mixin.py:188} INFO - [2026-02-26T13:22:25.177+0000] {dag.py:3954} INFO - Setting next_dagrun for produce_json to 2026-02-25 14:00:00+00:00, run_after=2026-02-26 14:00:00+00:00
[2026-02-26T13:22:25.179+0000] {logging_mixin.py:188} INFO - [2026-02-26T13:22:25.179+0000] {dag.py:3954} INFO - Setting next_dagrun for update_db to None, run_after=None
[2026-02-26T13:22:25.197+0000] {processor.py:183} INFO - Processing /opt/airflow/dags/main.py took 0.358 seconds
[2026-02-26T13:22:56.072+0000] {processor.py:161} INFO - Started process (PID=3549) to work on /opt/airflow/dags/main.py
[2026-02-26T13:22:56.074+0000] {processor.py:830} INFO - Processing file /opt/airflow/dags/main.py for tasks to queue
[2026-02-26T13:22:56.076+0000] {logging_mixin.py:188} INFO - [2026-02-26T13:22:56.076+0000] {dagbag.py:545} INFO - Filling up the DagBag from /opt/airflow/dags/main.py
[2026-02-26T13:22:56.367+0000] {processor.py:840} INFO - DAG(s) 'data_quality_check', 'update_db', 'produce_json' retrieved from /opt/airflow/dags/main.py
[2026-02-26T13:22:56.397+0000] {logging_mixin.py:188} INFO - [2026-02-26T13:22:56.397+0000] {dag.py:3096} INFO - Sync 3 DAGs
[2026-02-26T13:22:56.420+0000] {logging_mixin.py:188} INFO - [2026-02-26T13:22:56.420+0000] {dag.py:3954} INFO - Setting next_dagrun for data_quality_check to None, run_after=None
[2026-02-26T13:22:56.427+0000] {logging_mixin.py:188} INFO - [2026-02-26T13:22:56.426+0000] {dag.py:3954} INFO - Setting next_dagrun for produce_json to 2026-02-25 14:00:00+00:00, run_after=2026-02-26 14:00:00+00:00
[2026-02-26T13:22:56.428+0000] {logging_mixin.py:188} INFO - [2026-02-26T13:22:56.428+0000] {dag.py:3954} INFO - Setting next_dagrun for update_db to None, run_after=None
[2026-02-26T13:22:56.458+0000] {processor.py:183} INFO - Processing /opt/airflow/dags/main.py took 0.393 seconds
[2026-02-26T13:23:27.311+0000] {processor.py:161} INFO - Started process (PID=3557) to work on /opt/airflow/dags/main.py
[2026-02-26T13:23:27.312+0000] {processor.py:830} INFO - Processing file /opt/airflow/dags/main.py for tasks to queue
[2026-02-26T13:23:27.315+0000] {logging_mixin.py:188} INFO - [2026-02-26T13:23:27.315+0000] {dagbag.py:545} INFO - Filling up the DagBag from /opt/airflow/dags/main.py
[2026-02-26T13:23:27.566+0000] {processor.py:840} INFO - DAG(s) 'produce_json', 'update_db', 'data_quality_check' retrieved from /opt/airflow/dags/main.py
[2026-02-26T13:23:27.593+0000] {logging_mixin.py:188} INFO - [2026-02-26T13:23:27.593+0000] {dag.py:3096} INFO - Sync 3 DAGs
[2026-02-26T13:23:27.610+0000] {logging_mixin.py:188} INFO - [2026-02-26T13:23:27.610+0000] {dag.py:3954} INFO - Setting next_dagrun for data_quality_check to None, run_after=None
[2026-02-26T13:23:27.615+0000] {logging_mixin.py:188} INFO - [2026-02-26T13:23:27.615+0000] {dag.py:3954} INFO - Setting next_dagrun for produce_json to 2026-02-25 14:00:00+00:00, run_after=2026-02-26 14:00:00+00:00
[2026-02-26T13:23:27.617+0000] {logging_mixin.py:188} INFO - [2026-02-26T13:23:27.617+0000] {dag.py:3954} INFO - Setting next_dagrun for update_db to None, run_after=None
[2026-02-26T13:23:27.648+0000] {processor.py:183} INFO - Processing /opt/airflow/dags/main.py took 0.343 seconds
[2026-02-26T13:23:57.770+0000] {processor.py:161} INFO - Started process (PID=3565) to work on /opt/airflow/dags/main.py
[2026-02-26T13:23:57.771+0000] {processor.py:830} INFO - Processing file /opt/airflow/dags/main.py for tasks to queue
[2026-02-26T13:23:57.773+0000] {logging_mixin.py:188} INFO - [2026-02-26T13:23:57.773+0000] {dagbag.py:545} INFO - Filling up the DagBag from /opt/airflow/dags/main.py
[2026-02-26T13:23:58.089+0000] {processor.py:840} INFO - DAG(s) 'data_quality_check', 'update_db', 'produce_json' retrieved from /opt/airflow/dags/main.py
[2026-02-26T13:23:58.120+0000] {logging_mixin.py:188} INFO - [2026-02-26T13:23:58.120+0000] {dag.py:3096} INFO - Sync 3 DAGs
[2026-02-26T13:23:58.145+0000] {logging_mixin.py:188} INFO - [2026-02-26T13:23:58.145+0000] {dag.py:3954} INFO - Setting next_dagrun for data_quality_check to None, run_after=None
[2026-02-26T13:23:58.150+0000] {logging_mixin.py:188} INFO - [2026-02-26T13:23:58.150+0000] {dag.py:3954} INFO - Setting next_dagrun for produce_json to 2026-02-25 14:00:00+00:00, run_after=2026-02-26 14:00:00+00:00
[2026-02-26T13:23:58.153+0000] {logging_mixin.py:188} INFO - [2026-02-26T13:23:58.153+0000] {dag.py:3954} INFO - Setting next_dagrun for update_db to None, run_after=None
[2026-02-26T13:23:58.178+0000] {processor.py:183} INFO - Processing /opt/airflow/dags/main.py took 0.414 seconds
[2026-02-26T13:24:28.897+0000] {processor.py:161} INFO - Started process (PID=3573) to work on /opt/airflow/dags/main.py
[2026-02-26T13:24:28.898+0000] {processor.py:830} INFO - Processing file /opt/airflow/dags/main.py for tasks to queue
[2026-02-26T13:24:28.900+0000] {logging_mixin.py:188} INFO - [2026-02-26T13:24:28.900+0000] {dagbag.py:545} INFO - Filling up the DagBag from /opt/airflow/dags/main.py
[2026-02-26T13:24:29.022+0000] {processor.py:840} INFO - DAG(s) 'produce_json', 'data_quality_check', 'update_db' retrieved from /opt/airflow/dags/main.py
[2026-02-26T13:24:29.061+0000] {logging_mixin.py:188} INFO - [2026-02-26T13:24:29.061+0000] {dag.py:3096} INFO - Sync 3 DAGs
[2026-02-26T13:24:29.234+0000] {logging_mixin.py:188} INFO - [2026-02-26T13:24:29.233+0000] {dag.py:3954} INFO - Setting next_dagrun for data_quality_check to None, run_after=None
[2026-02-26T13:24:29.239+0000] {logging_mixin.py:188} INFO - [2026-02-26T13:24:29.239+0000] {dag.py:3954} INFO - Setting next_dagrun for produce_json to 2026-02-25 14:00:00+00:00, run_after=2026-02-26 14:00:00+00:00
[2026-02-26T13:24:29.241+0000] {logging_mixin.py:188} INFO - [2026-02-26T13:24:29.241+0000] {dag.py:3954} INFO - Setting next_dagrun for update_db to None, run_after=None
[2026-02-26T13:24:29.271+0000] {processor.py:183} INFO - Processing /opt/airflow/dags/main.py took 0.384 seconds
[2026-02-26T13:25:00.145+0000] {processor.py:161} INFO - Started process (PID=3581) to work on /opt/airflow/dags/main.py
[2026-02-26T13:25:00.147+0000] {processor.py:830} INFO - Processing file /opt/airflow/dags/main.py for tasks to queue
[2026-02-26T13:25:00.149+0000] {logging_mixin.py:188} INFO - [2026-02-26T13:25:00.149+0000] {dagbag.py:545} INFO - Filling up the DagBag from /opt/airflow/dags/main.py
[2026-02-26T13:25:00.260+0000] {processor.py:840} INFO - DAG(s) 'data_quality_check', 'update_db', 'produce_json' retrieved from /opt/airflow/dags/main.py
[2026-02-26T13:25:00.294+0000] {logging_mixin.py:188} INFO - [2026-02-26T13:25:00.293+0000] {dag.py:3096} INFO - Sync 3 DAGs
[2026-02-26T13:25:00.504+0000] {logging_mixin.py:188} INFO - [2026-02-26T13:25:00.503+0000] {dag.py:3954} INFO - Setting next_dagrun for data_quality_check to None, run_after=None
[2026-02-26T13:25:00.510+0000] {logging_mixin.py:188} INFO - [2026-02-26T13:25:00.510+0000] {dag.py:3954} INFO - Setting next_dagrun for produce_json to 2026-02-25 14:00:00+00:00, run_after=2026-02-26 14:00:00+00:00
[2026-02-26T13:25:00.512+0000] {logging_mixin.py:188} INFO - [2026-02-26T13:25:00.511+0000] {dag.py:3954} INFO - Setting next_dagrun for update_db to None, run_after=None
[2026-02-26T13:25:00.531+0000] {processor.py:183} INFO - Processing /opt/airflow/dags/main.py took 0.392 seconds
[2026-02-26T13:25:31.331+0000] {processor.py:161} INFO - Started process (PID=3589) to work on /opt/airflow/dags/main.py
[2026-02-26T13:25:31.333+0000] {processor.py:830} INFO - Processing file /opt/airflow/dags/main.py for tasks to queue
[2026-02-26T13:25:31.335+0000] {logging_mixin.py:188} INFO - [2026-02-26T13:25:31.335+0000] {dagbag.py:545} INFO - Filling up the DagBag from /opt/airflow/dags/main.py
[2026-02-26T13:25:31.431+0000] {processor.py:840} INFO - DAG(s) 'data_quality_check', 'update_db', 'produce_json' retrieved from /opt/airflow/dags/main.py
[2026-02-26T13:25:31.637+0000] {logging_mixin.py:188} INFO - [2026-02-26T13:25:31.637+0000] {dag.py:3096} INFO - Sync 3 DAGs
[2026-02-26T13:25:31.656+0000] {logging_mixin.py:188} INFO - [2026-02-26T13:25:31.656+0000] {dag.py:3954} INFO - Setting next_dagrun for data_quality_check to None, run_after=None
[2026-02-26T13:25:31.662+0000] {logging_mixin.py:188} INFO - [2026-02-26T13:25:31.662+0000] {dag.py:3954} INFO - Setting next_dagrun for produce_json to 2026-02-25 14:00:00+00:00, run_after=2026-02-26 14:00:00+00:00
[2026-02-26T13:25:31.664+0000] {logging_mixin.py:188} INFO - [2026-02-26T13:25:31.664+0000] {dag.py:3954} INFO - Setting next_dagrun for update_db to None, run_after=None
[2026-02-26T13:25:31.680+0000] {processor.py:183} INFO - Processing /opt/airflow/dags/main.py took 0.358 seconds
[2026-02-26T13:26:02.610+0000] {processor.py:161} INFO - Started process (PID=3597) to work on /opt/airflow/dags/main.py
[2026-02-26T13:26:02.611+0000] {processor.py:830} INFO - Processing file /opt/airflow/dags/main.py for tasks to queue
[2026-02-26T13:26:02.613+0000] {logging_mixin.py:188} INFO - [2026-02-26T13:26:02.613+0000] {dagbag.py:545} INFO - Filling up the DagBag from /opt/airflow/dags/main.py
[2026-02-26T13:26:02.828+0000] {processor.py:840} INFO - DAG(s) 'produce_json', 'update_db', 'data_quality_check' retrieved from /opt/airflow/dags/main.py
[2026-02-26T13:26:02.855+0000] {logging_mixin.py:188} INFO - [2026-02-26T13:26:02.854+0000] {dag.py:3096} INFO - Sync 3 DAGs
[2026-02-26T13:26:02.871+0000] {logging_mixin.py:188} INFO - [2026-02-26T13:26:02.871+0000] {dag.py:3954} INFO - Setting next_dagrun for data_quality_check to None, run_after=None
[2026-02-26T13:26:02.877+0000] {logging_mixin.py:188} INFO - [2026-02-26T13:26:02.877+0000] {dag.py:3954} INFO - Setting next_dagrun for produce_json to 2026-02-25 14:00:00+00:00, run_after=2026-02-26 14:00:00+00:00
[2026-02-26T13:26:02.879+0000] {logging_mixin.py:188} INFO - [2026-02-26T13:26:02.879+0000] {dag.py:3954} INFO - Setting next_dagrun for update_db to None, run_after=None
[2026-02-26T13:26:02.898+0000] {processor.py:183} INFO - Processing /opt/airflow/dags/main.py took 0.294 seconds
[2026-02-26T13:26:33.198+0000] {processor.py:161} INFO - Started process (PID=3605) to work on /opt/airflow/dags/main.py
[2026-02-26T13:26:33.202+0000] {processor.py:830} INFO - Processing file /opt/airflow/dags/main.py for tasks to queue
[2026-02-26T13:26:33.204+0000] {logging_mixin.py:188} INFO - [2026-02-26T13:26:33.204+0000] {dagbag.py:545} INFO - Filling up the DagBag from /opt/airflow/dags/main.py
[2026-02-26T13:26:33.508+0000] {processor.py:840} INFO - DAG(s) 'data_quality_check', 'update_db', 'produce_json' retrieved from /opt/airflow/dags/main.py
[2026-02-26T13:26:33.537+0000] {logging_mixin.py:188} INFO - [2026-02-26T13:26:33.537+0000] {dag.py:3096} INFO - Sync 3 DAGs
[2026-02-26T13:26:33.556+0000] {logging_mixin.py:188} INFO - [2026-02-26T13:26:33.556+0000] {dag.py:3954} INFO - Setting next_dagrun for data_quality_check to None, run_after=None
[2026-02-26T13:26:33.563+0000] {logging_mixin.py:188} INFO - [2026-02-26T13:26:33.562+0000] {dag.py:3954} INFO - Setting next_dagrun for produce_json to 2026-02-25 14:00:00+00:00, run_after=2026-02-26 14:00:00+00:00
[2026-02-26T13:26:33.565+0000] {logging_mixin.py:188} INFO - [2026-02-26T13:26:33.565+0000] {dag.py:3954} INFO - Setting next_dagrun for update_db to None, run_after=None
[2026-02-26T13:26:33.596+0000] {processor.py:183} INFO - Processing /opt/airflow/dags/main.py took 0.405 seconds
[2026-02-26T13:27:04.326+0000] {processor.py:161} INFO - Started process (PID=3613) to work on /opt/airflow/dags/main.py
[2026-02-26T13:27:04.327+0000] {processor.py:830} INFO - Processing file /opt/airflow/dags/main.py for tasks to queue
[2026-02-26T13:27:04.329+0000] {logging_mixin.py:188} INFO - [2026-02-26T13:27:04.329+0000] {dagbag.py:545} INFO - Filling up the DagBag from /opt/airflow/dags/main.py
[2026-02-26T13:27:04.564+0000] {processor.py:840} INFO - DAG(s) 'update_db', 'data_quality_check', 'produce_json' retrieved from /opt/airflow/dags/main.py
[2026-02-26T13:27:04.590+0000] {logging_mixin.py:188} INFO - [2026-02-26T13:27:04.589+0000] {dag.py:3096} INFO - Sync 3 DAGs
[2026-02-26T13:27:04.608+0000] {logging_mixin.py:188} INFO - [2026-02-26T13:27:04.608+0000] {dag.py:3954} INFO - Setting next_dagrun for data_quality_check to None, run_after=None
[2026-02-26T13:27:04.613+0000] {logging_mixin.py:188} INFO - [2026-02-26T13:27:04.613+0000] {dag.py:3954} INFO - Setting next_dagrun for produce_json to 2026-02-25 14:00:00+00:00, run_after=2026-02-26 14:00:00+00:00
[2026-02-26T13:27:04.616+0000] {logging_mixin.py:188} INFO - [2026-02-26T13:27:04.616+0000] {dag.py:3954} INFO - Setting next_dagrun for update_db to None, run_after=None
[2026-02-26T13:27:04.646+0000] {processor.py:183} INFO - Processing /opt/airflow/dags/main.py took 0.325 seconds
[2026-02-26T13:27:34.747+0000] {processor.py:161} INFO - Started process (PID=3621) to work on /opt/airflow/dags/main.py
[2026-02-26T13:27:34.748+0000] {processor.py:830} INFO - Processing file /opt/airflow/dags/main.py for tasks to queue
[2026-02-26T13:27:34.750+0000] {logging_mixin.py:188} INFO - [2026-02-26T13:27:34.749+0000] {dagbag.py:545} INFO - Filling up the DagBag from /opt/airflow/dags/main.py
[2026-02-26T13:27:34.845+0000] {processor.py:840} INFO - DAG(s) 'data_quality_check', 'produce_json', 'update_db' retrieved from /opt/airflow/dags/main.py
[2026-02-26T13:27:34.875+0000] {logging_mixin.py:188} INFO - [2026-02-26T13:27:34.874+0000] {dag.py:3096} INFO - Sync 3 DAGs
[2026-02-26T13:27:35.033+0000] {logging_mixin.py:188} INFO - [2026-02-26T13:27:35.033+0000] {dag.py:3954} INFO - Setting next_dagrun for data_quality_check to None, run_after=None
[2026-02-26T13:27:35.039+0000] {logging_mixin.py:188} INFO - [2026-02-26T13:27:35.039+0000] {dag.py:3954} INFO - Setting next_dagrun for produce_json to 2026-02-25 14:00:00+00:00, run_after=2026-02-26 14:00:00+00:00
[2026-02-26T13:27:35.041+0000] {logging_mixin.py:188} INFO - [2026-02-26T13:27:35.041+0000] {dag.py:3954} INFO - Setting next_dagrun for update_db to None, run_after=None
[2026-02-26T13:27:35.070+0000] {processor.py:183} INFO - Processing /opt/airflow/dags/main.py took 0.329 seconds
[2026-02-26T13:28:05.909+0000] {processor.py:161} INFO - Started process (PID=3629) to work on /opt/airflow/dags/main.py
[2026-02-26T13:28:05.910+0000] {processor.py:830} INFO - Processing file /opt/airflow/dags/main.py for tasks to queue
[2026-02-26T13:28:05.913+0000] {logging_mixin.py:188} INFO - [2026-02-26T13:28:05.912+0000] {dagbag.py:545} INFO - Filling up the DagBag from /opt/airflow/dags/main.py
[2026-02-26T13:28:06.026+0000] {processor.py:840} INFO - DAG(s) 'update_db', 'produce_json', 'data_quality_check' retrieved from /opt/airflow/dags/main.py
[2026-02-26T13:28:06.193+0000] {logging_mixin.py:188} INFO - [2026-02-26T13:28:06.193+0000] {dag.py:3096} INFO - Sync 3 DAGs
[2026-02-26T13:28:06.210+0000] {logging_mixin.py:188} INFO - [2026-02-26T13:28:06.210+0000] {dag.py:3954} INFO - Setting next_dagrun for data_quality_check to None, run_after=None
[2026-02-26T13:28:06.217+0000] {logging_mixin.py:188} INFO - [2026-02-26T13:28:06.216+0000] {dag.py:3954} INFO - Setting next_dagrun for produce_json to 2026-02-25 14:00:00+00:00, run_after=2026-02-26 14:00:00+00:00
[2026-02-26T13:28:06.220+0000] {logging_mixin.py:188} INFO - [2026-02-26T13:28:06.220+0000] {dag.py:3954} INFO - Setting next_dagrun for update_db to None, run_after=None
[2026-02-26T13:28:06.250+0000] {processor.py:183} INFO - Processing /opt/airflow/dags/main.py took 0.349 seconds
[2026-02-26T13:28:37.101+0000] {processor.py:161} INFO - Started process (PID=3637) to work on /opt/airflow/dags/main.py
[2026-02-26T13:28:37.103+0000] {processor.py:830} INFO - Processing file /opt/airflow/dags/main.py for tasks to queue
[2026-02-26T13:28:37.106+0000] {logging_mixin.py:188} INFO - [2026-02-26T13:28:37.105+0000] {dagbag.py:545} INFO - Filling up the DagBag from /opt/airflow/dags/main.py
[2026-02-26T13:28:37.382+0000] {processor.py:840} INFO - DAG(s) 'data_quality_check', 'produce_json', 'update_db' retrieved from /opt/airflow/dags/main.py
[2026-02-26T13:28:37.409+0000] {logging_mixin.py:188} INFO - [2026-02-26T13:28:37.408+0000] {dag.py:3096} INFO - Sync 3 DAGs
[2026-02-26T13:28:37.427+0000] {logging_mixin.py:188} INFO - [2026-02-26T13:28:37.426+0000] {dag.py:3954} INFO - Setting next_dagrun for data_quality_check to None, run_after=None
[2026-02-26T13:28:37.432+0000] {logging_mixin.py:188} INFO - [2026-02-26T13:28:37.432+0000] {dag.py:3954} INFO - Setting next_dagrun for produce_json to 2026-02-25 14:00:00+00:00, run_after=2026-02-26 14:00:00+00:00
[2026-02-26T13:28:37.435+0000] {logging_mixin.py:188} INFO - [2026-02-26T13:28:37.434+0000] {dag.py:3954} INFO - Setting next_dagrun for update_db to None, run_after=None
[2026-02-26T13:28:37.454+0000] {processor.py:183} INFO - Processing /opt/airflow/dags/main.py took 0.361 seconds
[2026-02-26T13:29:08.349+0000] {processor.py:161} INFO - Started process (PID=3645) to work on /opt/airflow/dags/main.py
[2026-02-26T13:29:08.350+0000] {processor.py:830} INFO - Processing file /opt/airflow/dags/main.py for tasks to queue
[2026-02-26T13:29:08.352+0000] {logging_mixin.py:188} INFO - [2026-02-26T13:29:08.352+0000] {dagbag.py:545} INFO - Filling up the DagBag from /opt/airflow/dags/main.py
[2026-02-26T13:29:08.668+0000] {processor.py:840} INFO - DAG(s) 'data_quality_check', 'produce_json', 'update_db' retrieved from /opt/airflow/dags/main.py
[2026-02-26T13:29:08.691+0000] {logging_mixin.py:188} INFO - [2026-02-26T13:29:08.691+0000] {dag.py:3096} INFO - Sync 3 DAGs
[2026-02-26T13:29:08.710+0000] {logging_mixin.py:188} INFO - [2026-02-26T13:29:08.710+0000] {dag.py:3954} INFO - Setting next_dagrun for data_quality_check to None, run_after=None
[2026-02-26T13:29:08.716+0000] {logging_mixin.py:188} INFO - [2026-02-26T13:29:08.716+0000] {dag.py:3954} INFO - Setting next_dagrun for produce_json to 2026-02-25 14:00:00+00:00, run_after=2026-02-26 14:00:00+00:00
[2026-02-26T13:29:08.718+0000] {logging_mixin.py:188} INFO - [2026-02-26T13:29:08.718+0000] {dag.py:3954} INFO - Setting next_dagrun for update_db to None, run_after=None
[2026-02-26T13:29:08.746+0000] {processor.py:183} INFO - Processing /opt/airflow/dags/main.py took 0.403 seconds
[2026-02-26T13:29:38.818+0000] {processor.py:161} INFO - Started process (PID=3653) to work on /opt/airflow/dags/main.py
[2026-02-26T13:29:38.820+0000] {processor.py:830} INFO - Processing file /opt/airflow/dags/main.py for tasks to queue
[2026-02-26T13:29:38.822+0000] {logging_mixin.py:188} INFO - [2026-02-26T13:29:38.821+0000] {dagbag.py:545} INFO - Filling up the DagBag from /opt/airflow/dags/main.py
[2026-02-26T13:29:39.120+0000] {processor.py:840} INFO - DAG(s) 'data_quality_check', 'produce_json', 'update_db' retrieved from /opt/airflow/dags/main.py
[2026-02-26T13:29:39.150+0000] {logging_mixin.py:188} INFO - [2026-02-26T13:29:39.150+0000] {dag.py:3096} INFO - Sync 3 DAGs
[2026-02-26T13:29:39.173+0000] {logging_mixin.py:188} INFO - [2026-02-26T13:29:39.172+0000] {dag.py:3954} INFO - Setting next_dagrun for data_quality_check to None, run_after=None
[2026-02-26T13:29:39.181+0000] {logging_mixin.py:188} INFO - [2026-02-26T13:29:39.180+0000] {dag.py:3954} INFO - Setting next_dagrun for produce_json to 2026-02-25 14:00:00+00:00, run_after=2026-02-26 14:00:00+00:00
[2026-02-26T13:29:39.183+0000] {logging_mixin.py:188} INFO - [2026-02-26T13:29:39.183+0000] {dag.py:3954} INFO - Setting next_dagrun for update_db to None, run_after=None
[2026-02-26T13:29:39.210+0000] {processor.py:183} INFO - Processing /opt/airflow/dags/main.py took 0.397 seconds
[2026-02-26T13:30:09.808+0000] {processor.py:161} INFO - Started process (PID=3661) to work on /opt/airflow/dags/main.py
[2026-02-26T13:30:09.811+0000] {processor.py:830} INFO - Processing file /opt/airflow/dags/main.py for tasks to queue
[2026-02-26T13:30:09.814+0000] {logging_mixin.py:188} INFO - [2026-02-26T13:30:09.813+0000] {dagbag.py:545} INFO - Filling up the DagBag from /opt/airflow/dags/main.py
[2026-02-26T13:30:09.984+0000] {processor.py:840} INFO - DAG(s) 'data_quality_check', 'produce_json', 'update_db' retrieved from /opt/airflow/dags/main.py
[2026-02-26T13:30:10.025+0000] {logging_mixin.py:188} INFO - [2026-02-26T13:30:10.025+0000] {dag.py:3096} INFO - Sync 3 DAGs
[2026-02-26T13:30:10.224+0000] {logging_mixin.py:188} INFO - [2026-02-26T13:30:10.224+0000] {dag.py:3954} INFO - Setting next_dagrun for data_quality_check to None, run_after=None
[2026-02-26T13:30:10.232+0000] {logging_mixin.py:188} INFO - [2026-02-26T13:30:10.232+0000] {dag.py:3954} INFO - Setting next_dagrun for produce_json to 2026-02-25 14:00:00+00:00, run_after=2026-02-26 14:00:00+00:00
[2026-02-26T13:30:10.234+0000] {logging_mixin.py:188} INFO - [2026-02-26T13:30:10.234+0000] {dag.py:3954} INFO - Setting next_dagrun for update_db to None, run_after=None
[2026-02-26T13:30:10.266+0000] {processor.py:183} INFO - Processing /opt/airflow/dags/main.py took 0.466 seconds
[2026-02-26T13:30:40.373+0000] {processor.py:161} INFO - Started process (PID=3669) to work on /opt/airflow/dags/main.py
[2026-02-26T13:30:40.374+0000] {processor.py:830} INFO - Processing file /opt/airflow/dags/main.py for tasks to queue
[2026-02-26T13:30:40.377+0000] {logging_mixin.py:188} INFO - [2026-02-26T13:30:40.376+0000] {dagbag.py:545} INFO - Filling up the DagBag from /opt/airflow/dags/main.py
[2026-02-26T13:30:40.521+0000] {processor.py:840} INFO - DAG(s) 'update_db', 'data_quality_check', 'produce_json' retrieved from /opt/airflow/dags/main.py
[2026-02-26T13:30:40.555+0000] {logging_mixin.py:188} INFO - [2026-02-26T13:30:40.554+0000] {dag.py:3096} INFO - Sync 3 DAGs
[2026-02-26T13:30:40.770+0000] {logging_mixin.py:188} INFO - [2026-02-26T13:30:40.770+0000] {dag.py:3954} INFO - Setting next_dagrun for data_quality_check to None, run_after=None
[2026-02-26T13:30:40.776+0000] {logging_mixin.py:188} INFO - [2026-02-26T13:30:40.776+0000] {dag.py:3954} INFO - Setting next_dagrun for produce_json to 2026-02-25 14:00:00+00:00, run_after=2026-02-26 14:00:00+00:00
[2026-02-26T13:30:40.778+0000] {logging_mixin.py:188} INFO - [2026-02-26T13:30:40.778+0000] {dag.py:3954} INFO - Setting next_dagrun for update_db to None, run_after=None
[2026-02-26T13:30:40.798+0000] {processor.py:183} INFO - Processing /opt/airflow/dags/main.py took 0.431 seconds
[2026-02-26T13:31:11.478+0000] {processor.py:161} INFO - Started process (PID=3677) to work on /opt/airflow/dags/main.py
[2026-02-26T13:31:11.479+0000] {processor.py:830} INFO - Processing file /opt/airflow/dags/main.py for tasks to queue
[2026-02-26T13:31:11.482+0000] {logging_mixin.py:188} INFO - [2026-02-26T13:31:11.481+0000] {dagbag.py:545} INFO - Filling up the DagBag from /opt/airflow/dags/main.py
[2026-02-26T13:31:11.623+0000] {processor.py:840} INFO - DAG(s) 'data_quality_check', 'update_db', 'produce_json' retrieved from /opt/airflow/dags/main.py
[2026-02-26T13:31:11.869+0000] {logging_mixin.py:188} INFO - [2026-02-26T13:31:11.869+0000] {dag.py:3096} INFO - Sync 3 DAGs
[2026-02-26T13:31:11.898+0000] {logging_mixin.py:188} INFO - [2026-02-26T13:31:11.897+0000] {dag.py:3954} INFO - Setting next_dagrun for data_quality_check to None, run_after=None
[2026-02-26T13:31:11.906+0000] {logging_mixin.py:188} INFO - [2026-02-26T13:31:11.906+0000] {dag.py:3954} INFO - Setting next_dagrun for produce_json to 2026-02-25 14:00:00+00:00, run_after=2026-02-26 14:00:00+00:00
[2026-02-26T13:31:11.908+0000] {logging_mixin.py:188} INFO - [2026-02-26T13:31:11.908+0000] {dag.py:3954} INFO - Setting next_dagrun for update_db to None, run_after=None
[2026-02-26T13:31:11.933+0000] {processor.py:183} INFO - Processing /opt/airflow/dags/main.py took 0.462 seconds
[2026-02-26T13:31:42.870+0000] {processor.py:161} INFO - Started process (PID=3685) to work on /opt/airflow/dags/main.py
[2026-02-26T13:31:42.871+0000] {processor.py:830} INFO - Processing file /opt/airflow/dags/main.py for tasks to queue
[2026-02-26T13:31:42.873+0000] {logging_mixin.py:188} INFO - [2026-02-26T13:31:42.873+0000] {dagbag.py:545} INFO - Filling up the DagBag from /opt/airflow/dags/main.py
[2026-02-26T13:31:43.270+0000] {processor.py:840} INFO - DAG(s) 'produce_json', 'data_quality_check', 'update_db' retrieved from /opt/airflow/dags/main.py
[2026-02-26T13:31:43.298+0000] {logging_mixin.py:188} INFO - [2026-02-26T13:31:43.297+0000] {dag.py:3096} INFO - Sync 3 DAGs
[2026-02-26T13:31:43.316+0000] {logging_mixin.py:188} INFO - [2026-02-26T13:31:43.316+0000] {dag.py:3954} INFO - Setting next_dagrun for data_quality_check to None, run_after=None
[2026-02-26T13:31:43.321+0000] {logging_mixin.py:188} INFO - [2026-02-26T13:31:43.321+0000] {dag.py:3954} INFO - Setting next_dagrun for produce_json to 2026-02-25 14:00:00+00:00, run_after=2026-02-26 14:00:00+00:00
[2026-02-26T13:31:43.323+0000] {logging_mixin.py:188} INFO - [2026-02-26T13:31:43.323+0000] {dag.py:3954} INFO - Setting next_dagrun for update_db to None, run_after=None
[2026-02-26T13:31:43.354+0000] {processor.py:183} INFO - Processing /opt/airflow/dags/main.py took 0.489 seconds
[2026-02-26T13:32:13.971+0000] {processor.py:161} INFO - Started process (PID=3693) to work on /opt/airflow/dags/main.py
[2026-02-26T13:32:13.972+0000] {processor.py:830} INFO - Processing file /opt/airflow/dags/main.py for tasks to queue
[2026-02-26T13:32:13.975+0000] {logging_mixin.py:188} INFO - [2026-02-26T13:32:13.974+0000] {dagbag.py:545} INFO - Filling up the DagBag from /opt/airflow/dags/main.py
[2026-02-26T13:32:14.236+0000] {processor.py:840} INFO - DAG(s) 'update_db', 'produce_json', 'data_quality_check' retrieved from /opt/airflow/dags/main.py
[2026-02-26T13:32:14.285+0000] {logging_mixin.py:188} INFO - [2026-02-26T13:32:14.284+0000] {dag.py:3096} INFO - Sync 3 DAGs
[2026-02-26T13:32:14.311+0000] {logging_mixin.py:188} INFO - [2026-02-26T13:32:14.311+0000] {dag.py:3954} INFO - Setting next_dagrun for data_quality_check to None, run_after=None
[2026-02-26T13:32:14.318+0000] {logging_mixin.py:188} INFO - [2026-02-26T13:32:14.318+0000] {dag.py:3954} INFO - Setting next_dagrun for produce_json to 2026-02-25 14:00:00+00:00, run_after=2026-02-26 14:00:00+00:00
[2026-02-26T13:32:14.321+0000] {logging_mixin.py:188} INFO - [2026-02-26T13:32:14.321+0000] {dag.py:3954} INFO - Setting next_dagrun for update_db to None, run_after=None
[2026-02-26T13:32:14.354+0000] {processor.py:183} INFO - Processing /opt/airflow/dags/main.py took 0.389 seconds
[2026-02-26T13:32:44.520+0000] {processor.py:161} INFO - Started process (PID=3701) to work on /opt/airflow/dags/main.py
[2026-02-26T13:32:44.521+0000] {processor.py:830} INFO - Processing file /opt/airflow/dags/main.py for tasks to queue
[2026-02-26T13:32:44.524+0000] {logging_mixin.py:188} INFO - [2026-02-26T13:32:44.523+0000] {dagbag.py:545} INFO - Filling up the DagBag from /opt/airflow/dags/main.py
[2026-02-26T13:32:44.802+0000] {processor.py:840} INFO - DAG(s) 'data_quality_check', 'update_db', 'produce_json' retrieved from /opt/airflow/dags/main.py
[2026-02-26T13:32:44.835+0000] {logging_mixin.py:188} INFO - [2026-02-26T13:32:44.835+0000] {dag.py:3096} INFO - Sync 3 DAGs
[2026-02-26T13:32:44.856+0000] {logging_mixin.py:188} INFO - [2026-02-26T13:32:44.856+0000] {dag.py:3954} INFO - Setting next_dagrun for data_quality_check to None, run_after=None
[2026-02-26T13:32:44.861+0000] {logging_mixin.py:188} INFO - [2026-02-26T13:32:44.861+0000] {dag.py:3954} INFO - Setting next_dagrun for produce_json to 2026-02-25 14:00:00+00:00, run_after=2026-02-26 14:00:00+00:00
[2026-02-26T13:32:44.864+0000] {logging_mixin.py:188} INFO - [2026-02-26T13:32:44.864+0000] {dag.py:3954} INFO - Setting next_dagrun for update_db to None, run_after=None
[2026-02-26T13:32:44.886+0000] {processor.py:183} INFO - Processing /opt/airflow/dags/main.py took 0.373 seconds
[2026-02-26T13:33:14.971+0000] {processor.py:161} INFO - Started process (PID=3710) to work on /opt/airflow/dags/main.py
[2026-02-26T13:33:14.972+0000] {processor.py:830} INFO - Processing file /opt/airflow/dags/main.py for tasks to queue
[2026-02-26T13:33:14.974+0000] {logging_mixin.py:188} INFO - [2026-02-26T13:33:14.974+0000] {dagbag.py:545} INFO - Filling up the DagBag from /opt/airflow/dags/main.py
[2026-02-26T13:33:15.065+0000] {processor.py:840} INFO - DAG(s) 'produce_json', 'update_db', 'data_quality_check' retrieved from /opt/airflow/dags/main.py
[2026-02-26T13:33:15.091+0000] {logging_mixin.py:188} INFO - [2026-02-26T13:33:15.091+0000] {dag.py:3096} INFO - Sync 3 DAGs
[2026-02-26T13:33:15.260+0000] {logging_mixin.py:188} INFO - [2026-02-26T13:33:15.259+0000] {dag.py:3954} INFO - Setting next_dagrun for data_quality_check to None, run_after=None
[2026-02-26T13:33:15.265+0000] {logging_mixin.py:188} INFO - [2026-02-26T13:33:15.265+0000] {dag.py:3954} INFO - Setting next_dagrun for produce_json to 2026-02-25 14:00:00+00:00, run_after=2026-02-26 14:00:00+00:00
[2026-02-26T13:33:15.267+0000] {logging_mixin.py:188} INFO - [2026-02-26T13:33:15.267+0000] {dag.py:3954} INFO - Setting next_dagrun for update_db to None, run_after=None
[2026-02-26T13:33:15.297+0000] {processor.py:183} INFO - Processing /opt/airflow/dags/main.py took 0.332 seconds
[2026-02-26T13:33:46.145+0000] {processor.py:161} INFO - Started process (PID=3718) to work on /opt/airflow/dags/main.py
[2026-02-26T13:33:46.147+0000] {processor.py:830} INFO - Processing file /opt/airflow/dags/main.py for tasks to queue
[2026-02-26T13:33:46.150+0000] {logging_mixin.py:188} INFO - [2026-02-26T13:33:46.149+0000] {dagbag.py:545} INFO - Filling up the DagBag from /opt/airflow/dags/main.py
[2026-02-26T13:33:46.248+0000] {processor.py:840} INFO - DAG(s) 'data_quality_check', 'produce_json', 'update_db' retrieved from /opt/airflow/dags/main.py
[2026-02-26T13:33:46.284+0000] {logging_mixin.py:188} INFO - [2026-02-26T13:33:46.284+0000] {dag.py:3096} INFO - Sync 3 DAGs
[2026-02-26T13:33:46.481+0000] {logging_mixin.py:188} INFO - [2026-02-26T13:33:46.481+0000] {dag.py:3954} INFO - Setting next_dagrun for data_quality_check to None, run_after=None
[2026-02-26T13:33:46.486+0000] {logging_mixin.py:188} INFO - [2026-02-26T13:33:46.485+0000] {dag.py:3954} INFO - Setting next_dagrun for produce_json to 2026-02-25 14:00:00+00:00, run_after=2026-02-26 14:00:00+00:00
[2026-02-26T13:33:46.487+0000] {logging_mixin.py:188} INFO - [2026-02-26T13:33:46.487+0000] {dag.py:3954} INFO - Setting next_dagrun for update_db to None, run_after=None
[2026-02-26T13:33:46.515+0000] {processor.py:183} INFO - Processing /opt/airflow/dags/main.py took 0.377 seconds
[2026-02-26T13:34:17.353+0000] {processor.py:161} INFO - Started process (PID=3726) to work on /opt/airflow/dags/main.py
[2026-02-26T13:34:17.354+0000] {processor.py:830} INFO - Processing file /opt/airflow/dags/main.py for tasks to queue
[2026-02-26T13:34:17.356+0000] {logging_mixin.py:188} INFO - [2026-02-26T13:34:17.356+0000] {dagbag.py:545} INFO - Filling up the DagBag from /opt/airflow/dags/main.py
[2026-02-26T13:34:17.446+0000] {processor.py:840} INFO - DAG(s) 'update_db', 'data_quality_check', 'produce_json' retrieved from /opt/airflow/dags/main.py
[2026-02-26T13:34:17.615+0000] {logging_mixin.py:188} INFO - [2026-02-26T13:34:17.615+0000] {dag.py:3096} INFO - Sync 3 DAGs
[2026-02-26T13:34:17.631+0000] {logging_mixin.py:188} INFO - [2026-02-26T13:34:17.631+0000] {dag.py:3954} INFO - Setting next_dagrun for data_quality_check to None, run_after=None
[2026-02-26T13:34:17.637+0000] {logging_mixin.py:188} INFO - [2026-02-26T13:34:17.636+0000] {dag.py:3954} INFO - Setting next_dagrun for produce_json to 2026-02-25 14:00:00+00:00, run_after=2026-02-26 14:00:00+00:00
[2026-02-26T13:34:17.639+0000] {logging_mixin.py:188} INFO - [2026-02-26T13:34:17.638+0000] {dag.py:3954} INFO - Setting next_dagrun for update_db to None, run_after=None
[2026-02-26T13:34:17.657+0000] {processor.py:183} INFO - Processing /opt/airflow/dags/main.py took 0.309 seconds
[2026-02-26T13:34:47.700+0000] {processor.py:161} INFO - Started process (PID=3734) to work on /opt/airflow/dags/main.py
[2026-02-26T13:34:47.702+0000] {processor.py:830} INFO - Processing file /opt/airflow/dags/main.py for tasks to queue
[2026-02-26T13:34:47.704+0000] {logging_mixin.py:188} INFO - [2026-02-26T13:34:47.703+0000] {dagbag.py:545} INFO - Filling up the DagBag from /opt/airflow/dags/main.py
[2026-02-26T13:34:47.941+0000] {processor.py:840} INFO - DAG(s) 'produce_json', 'data_quality_check', 'update_db' retrieved from /opt/airflow/dags/main.py
[2026-02-26T13:34:47.968+0000] {logging_mixin.py:188} INFO - [2026-02-26T13:34:47.968+0000] {dag.py:3096} INFO - Sync 3 DAGs
[2026-02-26T13:34:47.985+0000] {logging_mixin.py:188} INFO - [2026-02-26T13:34:47.985+0000] {dag.py:3954} INFO - Setting next_dagrun for data_quality_check to None, run_after=None
[2026-02-26T13:34:47.991+0000] {logging_mixin.py:188} INFO - [2026-02-26T13:34:47.991+0000] {dag.py:3954} INFO - Setting next_dagrun for produce_json to 2026-02-25 14:00:00+00:00, run_after=2026-02-26 14:00:00+00:00
[2026-02-26T13:34:47.993+0000] {logging_mixin.py:188} INFO - [2026-02-26T13:34:47.993+0000] {dag.py:3954} INFO - Setting next_dagrun for update_db to None, run_after=None
[2026-02-26T13:34:48.013+0000] {processor.py:183} INFO - Processing /opt/airflow/dags/main.py took 0.318 seconds
[2026-02-26T13:35:18.124+0000] {processor.py:161} INFO - Started process (PID=3742) to work on /opt/airflow/dags/main.py
[2026-02-26T13:35:18.126+0000] {processor.py:830} INFO - Processing file /opt/airflow/dags/main.py for tasks to queue
[2026-02-26T13:35:18.128+0000] {logging_mixin.py:188} INFO - [2026-02-26T13:35:18.128+0000] {dagbag.py:545} INFO - Filling up the DagBag from /opt/airflow/dags/main.py
[2026-02-26T13:35:18.390+0000] {processor.py:840} INFO - DAG(s) 'update_db', 'produce_json', 'data_quality_check' retrieved from /opt/airflow/dags/main.py
[2026-02-26T13:35:18.413+0000] {logging_mixin.py:188} INFO - [2026-02-26T13:35:18.413+0000] {dag.py:3096} INFO - Sync 3 DAGs
[2026-02-26T13:35:18.431+0000] {logging_mixin.py:188} INFO - [2026-02-26T13:35:18.431+0000] {dag.py:3954} INFO - Setting next_dagrun for data_quality_check to None, run_after=None
[2026-02-26T13:35:18.437+0000] {logging_mixin.py:188} INFO - [2026-02-26T13:35:18.437+0000] {dag.py:3954} INFO - Setting next_dagrun for produce_json to 2026-02-25 14:00:00+00:00, run_after=2026-02-26 14:00:00+00:00
[2026-02-26T13:35:18.440+0000] {logging_mixin.py:188} INFO - [2026-02-26T13:35:18.439+0000] {dag.py:3954} INFO - Setting next_dagrun for update_db to None, run_after=None
[2026-02-26T13:35:18.459+0000] {processor.py:183} INFO - Processing /opt/airflow/dags/main.py took 0.339 seconds
[2026-02-26T13:35:49.245+0000] {processor.py:161} INFO - Started process (PID=3750) to work on /opt/airflow/dags/main.py
[2026-02-26T13:35:49.246+0000] {processor.py:830} INFO - Processing file /opt/airflow/dags/main.py for tasks to queue
[2026-02-26T13:35:49.249+0000] {logging_mixin.py:188} INFO - [2026-02-26T13:35:49.248+0000] {dagbag.py:545} INFO - Filling up the DagBag from /opt/airflow/dags/main.py
[2026-02-26T13:35:49.495+0000] {processor.py:840} INFO - DAG(s) 'data_quality_check', 'produce_json', 'update_db' retrieved from /opt/airflow/dags/main.py
[2026-02-26T13:35:49.519+0000] {logging_mixin.py:188} INFO - [2026-02-26T13:35:49.519+0000] {dag.py:3096} INFO - Sync 3 DAGs
[2026-02-26T13:35:49.536+0000] {logging_mixin.py:188} INFO - [2026-02-26T13:35:49.536+0000] {dag.py:3954} INFO - Setting next_dagrun for data_quality_check to None, run_after=None
[2026-02-26T13:35:49.541+0000] {logging_mixin.py:188} INFO - [2026-02-26T13:35:49.541+0000] {dag.py:3954} INFO - Setting next_dagrun for produce_json to 2026-02-25 14:00:00+00:00, run_after=2026-02-26 14:00:00+00:00
[2026-02-26T13:35:49.543+0000] {logging_mixin.py:188} INFO - [2026-02-26T13:35:49.543+0000] {dag.py:3954} INFO - Setting next_dagrun for update_db to None, run_after=None
[2026-02-26T13:35:49.561+0000] {processor.py:183} INFO - Processing /opt/airflow/dags/main.py took 0.321 seconds
[2026-02-26T13:36:19.660+0000] {processor.py:161} INFO - Started process (PID=3758) to work on /opt/airflow/dags/main.py
[2026-02-26T13:36:19.661+0000] {processor.py:830} INFO - Processing file /opt/airflow/dags/main.py for tasks to queue
[2026-02-26T13:36:19.663+0000] {logging_mixin.py:188} INFO - [2026-02-26T13:36:19.663+0000] {dagbag.py:545} INFO - Filling up the DagBag from /opt/airflow/dags/main.py
[2026-02-26T13:36:19.752+0000] {processor.py:840} INFO - DAG(s) 'update_db', 'produce_json', 'data_quality_check' retrieved from /opt/airflow/dags/main.py
[2026-02-26T13:36:19.781+0000] {logging_mixin.py:188} INFO - [2026-02-26T13:36:19.781+0000] {dag.py:3096} INFO - Sync 3 DAGs
[2026-02-26T13:36:19.945+0000] {logging_mixin.py:188} INFO - [2026-02-26T13:36:19.945+0000] {dag.py:3954} INFO - Setting next_dagrun for data_quality_check to None, run_after=None
[2026-02-26T13:36:19.950+0000] {logging_mixin.py:188} INFO - [2026-02-26T13:36:19.950+0000] {dag.py:3954} INFO - Setting next_dagrun for produce_json to 2026-02-25 14:00:00+00:00, run_after=2026-02-26 14:00:00+00:00
[2026-02-26T13:36:19.952+0000] {logging_mixin.py:188} INFO - [2026-02-26T13:36:19.952+0000] {dag.py:3954} INFO - Setting next_dagrun for update_db to None, run_after=None
[2026-02-26T13:36:19.981+0000] {processor.py:183} INFO - Processing /opt/airflow/dags/main.py took 0.327 seconds
[2026-02-26T13:36:50.771+0000] {processor.py:161} INFO - Started process (PID=3772) to work on /opt/airflow/dags/main.py
[2026-02-26T13:36:50.772+0000] {processor.py:830} INFO - Processing file /opt/airflow/dags/main.py for tasks to queue
[2026-02-26T13:36:50.774+0000] {logging_mixin.py:188} INFO - [2026-02-26T13:36:50.773+0000] {dagbag.py:545} INFO - Filling up the DagBag from /opt/airflow/dags/main.py
[2026-02-26T13:36:50.868+0000] {processor.py:840} INFO - DAG(s) 'update_db', 'data_quality_check', 'produce_json' retrieved from /opt/airflow/dags/main.py
[2026-02-26T13:36:51.054+0000] {logging_mixin.py:188} INFO - [2026-02-26T13:36:51.053+0000] {dag.py:3096} INFO - Sync 3 DAGs
[2026-02-26T13:36:51.070+0000] {logging_mixin.py:188} INFO - [2026-02-26T13:36:51.070+0000] {dag.py:3954} INFO - Setting next_dagrun for data_quality_check to None, run_after=None
[2026-02-26T13:36:51.075+0000] {logging_mixin.py:188} INFO - [2026-02-26T13:36:51.075+0000] {dag.py:3954} INFO - Setting next_dagrun for produce_json to 2026-02-25 14:00:00+00:00, run_after=2026-02-26 14:00:00+00:00
[2026-02-26T13:36:51.077+0000] {logging_mixin.py:188} INFO - [2026-02-26T13:36:51.077+0000] {dag.py:3954} INFO - Setting next_dagrun for update_db to None, run_after=None
[2026-02-26T13:36:51.107+0000] {processor.py:183} INFO - Processing /opt/airflow/dags/main.py took 0.342 seconds
[2026-02-26T13:37:22.003+0000] {processor.py:161} INFO - Started process (PID=3780) to work on /opt/airflow/dags/main.py
[2026-02-26T13:37:22.004+0000] {processor.py:830} INFO - Processing file /opt/airflow/dags/main.py for tasks to queue
[2026-02-26T13:37:22.006+0000] {logging_mixin.py:188} INFO - [2026-02-26T13:37:22.006+0000] {dagbag.py:545} INFO - Filling up the DagBag from /opt/airflow/dags/main.py
[2026-02-26T13:37:22.273+0000] {processor.py:840} INFO - DAG(s) 'update_db', 'produce_json', 'data_quality_check' retrieved from /opt/airflow/dags/main.py
[2026-02-26T13:37:22.300+0000] {logging_mixin.py:188} INFO - [2026-02-26T13:37:22.300+0000] {dag.py:3096} INFO - Sync 3 DAGs
[2026-02-26T13:37:22.317+0000] {logging_mixin.py:188} INFO - [2026-02-26T13:37:22.316+0000] {dag.py:3954} INFO - Setting next_dagrun for data_quality_check to None, run_after=None
[2026-02-26T13:37:22.322+0000] {logging_mixin.py:188} INFO - [2026-02-26T13:37:22.322+0000] {dag.py:3954} INFO - Setting next_dagrun for produce_json to 2026-02-25 14:00:00+00:00, run_after=2026-02-26 14:00:00+00:00
[2026-02-26T13:37:22.324+0000] {logging_mixin.py:188} INFO - [2026-02-26T13:37:22.324+0000] {dag.py:3954} INFO - Setting next_dagrun for update_db to None, run_after=None
[2026-02-26T13:37:22.341+0000] {processor.py:183} INFO - Processing /opt/airflow/dags/main.py took 0.345 seconds
[2026-02-26T13:37:52.615+0000] {processor.py:161} INFO - Started process (PID=3788) to work on /opt/airflow/dags/main.py
[2026-02-26T13:37:52.616+0000] {processor.py:830} INFO - Processing file /opt/airflow/dags/main.py for tasks to queue
[2026-02-26T13:37:52.618+0000] {logging_mixin.py:188} INFO - [2026-02-26T13:37:52.617+0000] {dagbag.py:545} INFO - Filling up the DagBag from /opt/airflow/dags/main.py
[2026-02-26T13:37:52.856+0000] {processor.py:840} INFO - DAG(s) 'produce_json', 'data_quality_check', 'update_db' retrieved from /opt/airflow/dags/main.py
[2026-02-26T13:37:52.879+0000] {logging_mixin.py:188} INFO - [2026-02-26T13:37:52.879+0000] {dag.py:3096} INFO - Sync 3 DAGs
[2026-02-26T13:37:52.896+0000] {logging_mixin.py:188} INFO - [2026-02-26T13:37:52.896+0000] {dag.py:3954} INFO - Setting next_dagrun for data_quality_check to None, run_after=None
[2026-02-26T13:37:52.901+0000] {logging_mixin.py:188} INFO - [2026-02-26T13:37:52.901+0000] {dag.py:3954} INFO - Setting next_dagrun for produce_json to 2026-02-25 14:00:00+00:00, run_after=2026-02-26 14:00:00+00:00
[2026-02-26T13:37:52.904+0000] {logging_mixin.py:188} INFO - [2026-02-26T13:37:52.904+0000] {dag.py:3954} INFO - Setting next_dagrun for update_db to None, run_after=None
[2026-02-26T13:37:52.933+0000] {processor.py:183} INFO - Processing /opt/airflow/dags/main.py took 0.325 seconds
[2026-02-26T13:38:23.332+0000] {processor.py:161} INFO - Started process (PID=3796) to work on /opt/airflow/dags/main.py
[2026-02-26T13:38:23.333+0000] {processor.py:830} INFO - Processing file /opt/airflow/dags/main.py for tasks to queue
[2026-02-26T13:38:23.336+0000] {logging_mixin.py:188} INFO - [2026-02-26T13:38:23.335+0000] {dagbag.py:545} INFO - Filling up the DagBag from /opt/airflow/dags/main.py
[2026-02-26T13:38:23.662+0000] {processor.py:840} INFO - DAG(s) 'produce_json', 'data_quality_check', 'update_db' retrieved from /opt/airflow/dags/main.py
[2026-02-26T13:38:23.694+0000] {logging_mixin.py:188} INFO - [2026-02-26T13:38:23.693+0000] {dag.py:3096} INFO - Sync 3 DAGs
[2026-02-26T13:38:23.718+0000] {logging_mixin.py:188} INFO - [2026-02-26T13:38:23.718+0000] {dag.py:3954} INFO - Setting next_dagrun for data_quality_check to None, run_after=None
[2026-02-26T13:38:23.726+0000] {logging_mixin.py:188} INFO - [2026-02-26T13:38:23.725+0000] {dag.py:3954} INFO - Setting next_dagrun for produce_json to 2026-02-25 14:00:00+00:00, run_after=2026-02-26 14:00:00+00:00
[2026-02-26T13:38:23.728+0000] {logging_mixin.py:188} INFO - [2026-02-26T13:38:23.728+0000] {dag.py:3954} INFO - Setting next_dagrun for update_db to None, run_after=None
[2026-02-26T13:38:23.751+0000] {processor.py:183} INFO - Processing /opt/airflow/dags/main.py took 0.428 seconds
[2026-02-26T13:38:54.486+0000] {processor.py:161} INFO - Started process (PID=3804) to work on /opt/airflow/dags/main.py
[2026-02-26T13:38:54.487+0000] {processor.py:830} INFO - Processing file /opt/airflow/dags/main.py for tasks to queue
[2026-02-26T13:38:54.490+0000] {logging_mixin.py:188} INFO - [2026-02-26T13:38:54.490+0000] {dagbag.py:545} INFO - Filling up the DagBag from /opt/airflow/dags/main.py
[2026-02-26T13:38:54.756+0000] {processor.py:840} INFO - DAG(s) 'data_quality_check', 'produce_json', 'update_db' retrieved from /opt/airflow/dags/main.py
[2026-02-26T13:38:54.785+0000] {logging_mixin.py:188} INFO - [2026-02-26T13:38:54.784+0000] {dag.py:3096} INFO - Sync 3 DAGs
[2026-02-26T13:38:54.811+0000] {logging_mixin.py:188} INFO - [2026-02-26T13:38:54.811+0000] {dag.py:3954} INFO - Setting next_dagrun for data_quality_check to None, run_after=None
[2026-02-26T13:38:54.821+0000] {logging_mixin.py:188} INFO - [2026-02-26T13:38:54.821+0000] {dag.py:3954} INFO - Setting next_dagrun for produce_json to 2026-02-25 14:00:00+00:00, run_after=2026-02-26 14:00:00+00:00
[2026-02-26T13:38:54.823+0000] {logging_mixin.py:188} INFO - [2026-02-26T13:38:54.823+0000] {dag.py:3954} INFO - Setting next_dagrun for update_db to None, run_after=None
[2026-02-26T13:38:54.858+0000] {processor.py:183} INFO - Processing /opt/airflow/dags/main.py took 0.379 seconds
[2026-02-26T13:39:24.968+0000] {processor.py:161} INFO - Started process (PID=3813) to work on /opt/airflow/dags/main.py
[2026-02-26T13:39:24.969+0000] {processor.py:830} INFO - Processing file /opt/airflow/dags/main.py for tasks to queue
[2026-02-26T13:39:24.972+0000] {logging_mixin.py:188} INFO - [2026-02-26T13:39:24.971+0000] {dagbag.py:545} INFO - Filling up the DagBag from /opt/airflow/dags/main.py
[2026-02-26T13:39:25.087+0000] {processor.py:840} INFO - DAG(s) 'data_quality_check', 'produce_json', 'update_db' retrieved from /opt/airflow/dags/main.py
[2026-02-26T13:39:25.122+0000] {logging_mixin.py:188} INFO - [2026-02-26T13:39:25.122+0000] {dag.py:3096} INFO - Sync 3 DAGs
[2026-02-26T13:39:25.146+0000] {logging_mixin.py:188} INFO - [2026-02-26T13:39:25.145+0000] {dag.py:3954} INFO - Setting next_dagrun for data_quality_check to None, run_after=None
[2026-02-26T13:39:25.152+0000] {logging_mixin.py:188} INFO - [2026-02-26T13:39:25.151+0000] {dag.py:3954} INFO - Setting next_dagrun for produce_json to 2026-02-25 14:00:00+00:00, run_after=2026-02-26 14:00:00+00:00
[2026-02-26T13:39:25.154+0000] {logging_mixin.py:188} INFO - [2026-02-26T13:39:25.154+0000] {dag.py:3954} INFO - Setting next_dagrun for update_db to None, run_after=None
[2026-02-26T13:39:25.178+0000] {processor.py:183} INFO - Processing /opt/airflow/dags/main.py took 0.217 seconds
[2026-02-26T13:39:55.343+0000] {processor.py:161} INFO - Started process (PID=3821) to work on /opt/airflow/dags/main.py
[2026-02-26T13:39:55.344+0000] {processor.py:830} INFO - Processing file /opt/airflow/dags/main.py for tasks to queue
[2026-02-26T13:39:55.347+0000] {logging_mixin.py:188} INFO - [2026-02-26T13:39:55.346+0000] {dagbag.py:545} INFO - Filling up the DagBag from /opt/airflow/dags/main.py
[2026-02-26T13:39:55.454+0000] {processor.py:840} INFO - DAG(s) 'update_db', 'produce_json', 'data_quality_check' retrieved from /opt/airflow/dags/main.py
[2026-02-26T13:39:55.482+0000] {logging_mixin.py:188} INFO - [2026-02-26T13:39:55.481+0000] {dag.py:3096} INFO - Sync 3 DAGs
[2026-02-26T13:39:55.502+0000] {logging_mixin.py:188} INFO - [2026-02-26T13:39:55.502+0000] {dag.py:3954} INFO - Setting next_dagrun for data_quality_check to None, run_after=None
[2026-02-26T13:39:55.508+0000] {logging_mixin.py:188} INFO - [2026-02-26T13:39:55.507+0000] {dag.py:3954} INFO - Setting next_dagrun for produce_json to 2026-02-25 14:00:00+00:00, run_after=2026-02-26 14:00:00+00:00
[2026-02-26T13:39:55.510+0000] {logging_mixin.py:188} INFO - [2026-02-26T13:39:55.509+0000] {dag.py:3954} INFO - Setting next_dagrun for update_db to None, run_after=None
[2026-02-26T13:39:55.561+0000] {processor.py:183} INFO - Processing /opt/airflow/dags/main.py took 0.224 seconds
[2026-02-26T13:40:25.736+0000] {processor.py:161} INFO - Started process (PID=3829) to work on /opt/airflow/dags/main.py
[2026-02-26T13:40:25.737+0000] {processor.py:830} INFO - Processing file /opt/airflow/dags/main.py for tasks to queue
[2026-02-26T13:40:25.739+0000] {logging_mixin.py:188} INFO - [2026-02-26T13:40:25.739+0000] {dagbag.py:545} INFO - Filling up the DagBag from /opt/airflow/dags/main.py
[2026-02-26T13:40:25.847+0000] {processor.py:840} INFO - DAG(s) 'update_db', 'data_quality_check', 'produce_json' retrieved from /opt/airflow/dags/main.py
[2026-02-26T13:40:25.874+0000] {logging_mixin.py:188} INFO - [2026-02-26T13:40:25.874+0000] {dag.py:3096} INFO - Sync 3 DAGs
[2026-02-26T13:40:25.893+0000] {logging_mixin.py:188} INFO - [2026-02-26T13:40:25.893+0000] {dag.py:3954} INFO - Setting next_dagrun for data_quality_check to None, run_after=None
[2026-02-26T13:40:25.899+0000] {logging_mixin.py:188} INFO - [2026-02-26T13:40:25.898+0000] {dag.py:3954} INFO - Setting next_dagrun for produce_json to 2026-02-25 14:00:00+00:00, run_after=2026-02-26 14:00:00+00:00
[2026-02-26T13:40:25.901+0000] {logging_mixin.py:188} INFO - [2026-02-26T13:40:25.901+0000] {dag.py:3954} INFO - Setting next_dagrun for update_db to None, run_after=None
[2026-02-26T13:40:25.920+0000] {processor.py:183} INFO - Processing /opt/airflow/dags/main.py took 0.191 seconds
[2026-02-26T13:40:55.994+0000] {processor.py:161} INFO - Started process (PID=3837) to work on /opt/airflow/dags/main.py
[2026-02-26T13:40:55.995+0000] {processor.py:830} INFO - Processing file /opt/airflow/dags/main.py for tasks to queue
[2026-02-26T13:40:55.998+0000] {logging_mixin.py:188} INFO - [2026-02-26T13:40:55.998+0000] {dagbag.py:545} INFO - Filling up the DagBag from /opt/airflow/dags/main.py
[2026-02-26T13:40:56.114+0000] {processor.py:840} INFO - DAG(s) 'data_quality_check', 'update_db', 'produce_json' retrieved from /opt/airflow/dags/main.py
[2026-02-26T13:40:56.143+0000] {logging_mixin.py:188} INFO - [2026-02-26T13:40:56.143+0000] {dag.py:3096} INFO - Sync 3 DAGs
[2026-02-26T13:40:56.166+0000] {logging_mixin.py:188} INFO - [2026-02-26T13:40:56.165+0000] {dag.py:3954} INFO - Setting next_dagrun for data_quality_check to None, run_after=None
[2026-02-26T13:40:56.171+0000] {logging_mixin.py:188} INFO - [2026-02-26T13:40:56.171+0000] {dag.py:3954} INFO - Setting next_dagrun for produce_json to 2026-02-25 14:00:00+00:00, run_after=2026-02-26 14:00:00+00:00
[2026-02-26T13:40:56.174+0000] {logging_mixin.py:188} INFO - [2026-02-26T13:40:56.173+0000] {dag.py:3954} INFO - Setting next_dagrun for update_db to None, run_after=None
[2026-02-26T13:40:56.195+0000] {processor.py:183} INFO - Processing /opt/airflow/dags/main.py took 0.206 seconds
[2026-02-26T13:41:26.283+0000] {processor.py:161} INFO - Started process (PID=3845) to work on /opt/airflow/dags/main.py
[2026-02-26T13:41:26.285+0000] {processor.py:830} INFO - Processing file /opt/airflow/dags/main.py for tasks to queue
[2026-02-26T13:41:26.288+0000] {logging_mixin.py:188} INFO - [2026-02-26T13:41:26.288+0000] {dagbag.py:545} INFO - Filling up the DagBag from /opt/airflow/dags/main.py
[2026-02-26T13:41:26.505+0000] {processor.py:840} INFO - DAG(s) 'data_quality_check', 'produce_json', 'update_db' retrieved from /opt/airflow/dags/main.py
[2026-02-26T13:41:26.539+0000] {logging_mixin.py:188} INFO - [2026-02-26T13:41:26.538+0000] {dag.py:3096} INFO - Sync 3 DAGs
[2026-02-26T13:41:26.562+0000] {logging_mixin.py:188} INFO - [2026-02-26T13:41:26.562+0000] {dag.py:3954} INFO - Setting next_dagrun for data_quality_check to None, run_after=None
[2026-02-26T13:41:26.568+0000] {logging_mixin.py:188} INFO - [2026-02-26T13:41:26.568+0000] {dag.py:3954} INFO - Setting next_dagrun for produce_json to 2026-02-25 14:00:00+00:00, run_after=2026-02-26 14:00:00+00:00
[2026-02-26T13:41:26.569+0000] {logging_mixin.py:188} INFO - [2026-02-26T13:41:26.569+0000] {dag.py:3954} INFO - Setting next_dagrun for update_db to None, run_after=None
[2026-02-26T13:41:26.598+0000] {processor.py:183} INFO - Processing /opt/airflow/dags/main.py took 0.321 seconds
[2026-02-26T13:41:57.419+0000] {processor.py:161} INFO - Started process (PID=3853) to work on /opt/airflow/dags/main.py
[2026-02-26T13:41:57.421+0000] {processor.py:830} INFO - Processing file /opt/airflow/dags/main.py for tasks to queue
[2026-02-26T13:41:57.423+0000] {logging_mixin.py:188} INFO - [2026-02-26T13:41:57.423+0000] {dagbag.py:545} INFO - Filling up the DagBag from /opt/airflow/dags/main.py
[2026-02-26T13:41:57.583+0000] {processor.py:840} INFO - DAG(s) 'produce_json', 'data_quality_check', 'update_db' retrieved from /opt/airflow/dags/main.py
[2026-02-26T13:41:57.639+0000] {logging_mixin.py:188} INFO - [2026-02-26T13:41:57.639+0000] {dag.py:3096} INFO - Sync 3 DAGs
[2026-02-26T13:41:57.672+0000] {logging_mixin.py:188} INFO - [2026-02-26T13:41:57.671+0000] {dag.py:3954} INFO - Setting next_dagrun for data_quality_check to None, run_after=None
[2026-02-26T13:41:57.680+0000] {logging_mixin.py:188} INFO - [2026-02-26T13:41:57.679+0000] {dag.py:3954} INFO - Setting next_dagrun for produce_json to 2026-02-25 14:00:00+00:00, run_after=2026-02-26 14:00:00+00:00
[2026-02-26T13:41:57.682+0000] {logging_mixin.py:188} INFO - [2026-02-26T13:41:57.682+0000] {dag.py:3954} INFO - Setting next_dagrun for update_db to None, run_after=None
[2026-02-26T13:41:57.720+0000] {processor.py:183} INFO - Processing /opt/airflow/dags/main.py took 0.308 seconds
[2026-02-26T13:42:28.644+0000] {processor.py:161} INFO - Started process (PID=3861) to work on /opt/airflow/dags/main.py
[2026-02-26T13:42:28.645+0000] {processor.py:830} INFO - Processing file /opt/airflow/dags/main.py for tasks to queue
[2026-02-26T13:42:28.648+0000] {logging_mixin.py:188} INFO - [2026-02-26T13:42:28.647+0000] {dagbag.py:545} INFO - Filling up the DagBag from /opt/airflow/dags/main.py
[2026-02-26T13:42:28.765+0000] {processor.py:840} INFO - DAG(s) 'update_db', 'produce_json', 'data_quality_check' retrieved from /opt/airflow/dags/main.py
[2026-02-26T13:42:28.809+0000] {logging_mixin.py:188} INFO - [2026-02-26T13:42:28.809+0000] {dag.py:3096} INFO - Sync 3 DAGs
[2026-02-26T13:42:28.834+0000] {logging_mixin.py:188} INFO - [2026-02-26T13:42:28.834+0000] {dag.py:3954} INFO - Setting next_dagrun for data_quality_check to None, run_after=None
[2026-02-26T13:42:28.845+0000] {logging_mixin.py:188} INFO - [2026-02-26T13:42:28.844+0000] {dag.py:3954} INFO - Setting next_dagrun for produce_json to 2026-02-25 14:00:00+00:00, run_after=2026-02-26 14:00:00+00:00
[2026-02-26T13:42:28.849+0000] {logging_mixin.py:188} INFO - [2026-02-26T13:42:28.849+0000] {dag.py:3954} INFO - Setting next_dagrun for update_db to None, run_after=None
[2026-02-26T13:42:28.891+0000] {processor.py:183} INFO - Processing /opt/airflow/dags/main.py took 0.255 seconds
[2026-02-26T13:42:59.818+0000] {processor.py:161} INFO - Started process (PID=3869) to work on /opt/airflow/dags/main.py
[2026-02-26T13:42:59.819+0000] {processor.py:830} INFO - Processing file /opt/airflow/dags/main.py for tasks to queue
[2026-02-26T13:42:59.821+0000] {logging_mixin.py:188} INFO - [2026-02-26T13:42:59.821+0000] {dagbag.py:545} INFO - Filling up the DagBag from /opt/airflow/dags/main.py
[2026-02-26T13:42:59.930+0000] {processor.py:840} INFO - DAG(s) 'produce_json', 'data_quality_check', 'update_db' retrieved from /opt/airflow/dags/main.py
[2026-02-26T13:42:59.958+0000] {logging_mixin.py:188} INFO - [2026-02-26T13:42:59.958+0000] {dag.py:3096} INFO - Sync 3 DAGs
[2026-02-26T13:42:59.979+0000] {logging_mixin.py:188} INFO - [2026-02-26T13:42:59.979+0000] {dag.py:3954} INFO - Setting next_dagrun for data_quality_check to None, run_after=None
[2026-02-26T13:42:59.985+0000] {logging_mixin.py:188} INFO - [2026-02-26T13:42:59.985+0000] {dag.py:3954} INFO - Setting next_dagrun for produce_json to 2026-02-25 14:00:00+00:00, run_after=2026-02-26 14:00:00+00:00
[2026-02-26T13:42:59.987+0000] {logging_mixin.py:188} INFO - [2026-02-26T13:42:59.987+0000] {dag.py:3954} INFO - Setting next_dagrun for update_db to None, run_after=None
[2026-02-26T13:43:00.008+0000] {processor.py:183} INFO - Processing /opt/airflow/dags/main.py took 0.196 seconds
[2026-02-26T13:43:30.107+0000] {processor.py:161} INFO - Started process (PID=3877) to work on /opt/airflow/dags/main.py
[2026-02-26T13:43:30.108+0000] {processor.py:830} INFO - Processing file /opt/airflow/dags/main.py for tasks to queue
[2026-02-26T13:43:30.111+0000] {logging_mixin.py:188} INFO - [2026-02-26T13:43:30.110+0000] {dagbag.py:545} INFO - Filling up the DagBag from /opt/airflow/dags/main.py
[2026-02-26T13:43:30.238+0000] {processor.py:840} INFO - DAG(s) 'update_db', 'data_quality_check', 'produce_json' retrieved from /opt/airflow/dags/main.py
[2026-02-26T13:43:30.270+0000] {logging_mixin.py:188} INFO - [2026-02-26T13:43:30.270+0000] {dag.py:3096} INFO - Sync 3 DAGs
[2026-02-26T13:43:30.294+0000] {logging_mixin.py:188} INFO - [2026-02-26T13:43:30.294+0000] {dag.py:3954} INFO - Setting next_dagrun for data_quality_check to None, run_after=None
[2026-02-26T13:43:30.301+0000] {logging_mixin.py:188} INFO - [2026-02-26T13:43:30.301+0000] {dag.py:3954} INFO - Setting next_dagrun for produce_json to 2026-02-25 14:00:00+00:00, run_after=2026-02-26 14:00:00+00:00
[2026-02-26T13:43:30.303+0000] {logging_mixin.py:188} INFO - [2026-02-26T13:43:30.302+0000] {dag.py:3954} INFO - Setting next_dagrun for update_db to None, run_after=None
[2026-02-26T13:43:30.333+0000] {processor.py:183} INFO - Processing /opt/airflow/dags/main.py took 0.234 seconds
[2026-02-26T13:44:00.402+0000] {processor.py:161} INFO - Started process (PID=3885) to work on /opt/airflow/dags/main.py
[2026-02-26T13:44:00.404+0000] {processor.py:830} INFO - Processing file /opt/airflow/dags/main.py for tasks to queue
[2026-02-26T13:44:00.407+0000] {logging_mixin.py:188} INFO - [2026-02-26T13:44:00.406+0000] {dagbag.py:545} INFO - Filling up the DagBag from /opt/airflow/dags/main.py
[2026-02-26T13:44:00.526+0000] {processor.py:840} INFO - DAG(s) 'produce_json', 'data_quality_check', 'update_db' retrieved from /opt/airflow/dags/main.py
[2026-02-26T13:44:00.560+0000] {logging_mixin.py:188} INFO - [2026-02-26T13:44:00.559+0000] {dag.py:3096} INFO - Sync 3 DAGs
[2026-02-26T13:44:00.586+0000] {logging_mixin.py:188} INFO - [2026-02-26T13:44:00.586+0000] {dag.py:3954} INFO - Setting next_dagrun for data_quality_check to None, run_after=None
[2026-02-26T13:44:00.594+0000] {logging_mixin.py:188} INFO - [2026-02-26T13:44:00.593+0000] {dag.py:3954} INFO - Setting next_dagrun for produce_json to 2026-02-25 14:00:00+00:00, run_after=2026-02-26 14:00:00+00:00
[2026-02-26T13:44:00.596+0000] {logging_mixin.py:188} INFO - [2026-02-26T13:44:00.595+0000] {dag.py:3954} INFO - Setting next_dagrun for update_db to None, run_after=None
[2026-02-26T13:44:00.631+0000] {processor.py:183} INFO - Processing /opt/airflow/dags/main.py took 0.236 seconds
[2026-02-26T13:44:31.525+0000] {processor.py:161} INFO - Started process (PID=3893) to work on /opt/airflow/dags/main.py
[2026-02-26T13:44:31.526+0000] {processor.py:830} INFO - Processing file /opt/airflow/dags/main.py for tasks to queue
[2026-02-26T13:44:31.528+0000] {logging_mixin.py:188} INFO - [2026-02-26T13:44:31.528+0000] {dagbag.py:545} INFO - Filling up the DagBag from /opt/airflow/dags/main.py
[2026-02-26T13:44:31.624+0000] {processor.py:840} INFO - DAG(s) 'data_quality_check', 'update_db', 'produce_json' retrieved from /opt/airflow/dags/main.py
[2026-02-26T13:44:31.652+0000] {logging_mixin.py:188} INFO - [2026-02-26T13:44:31.651+0000] {dag.py:3096} INFO - Sync 3 DAGs
[2026-02-26T13:44:31.676+0000] {logging_mixin.py:188} INFO - [2026-02-26T13:44:31.675+0000] {dag.py:3954} INFO - Setting next_dagrun for data_quality_check to None, run_after=None
[2026-02-26T13:44:31.682+0000] {logging_mixin.py:188} INFO - [2026-02-26T13:44:31.682+0000] {dag.py:3954} INFO - Setting next_dagrun for produce_json to 2026-02-25 14:00:00+00:00, run_after=2026-02-26 14:00:00+00:00
[2026-02-26T13:44:31.684+0000] {logging_mixin.py:188} INFO - [2026-02-26T13:44:31.683+0000] {dag.py:3954} INFO - Setting next_dagrun for update_db to None, run_after=None
[2026-02-26T13:44:31.701+0000] {processor.py:183} INFO - Processing /opt/airflow/dags/main.py took 0.182 seconds
[2026-02-26T13:45:01.802+0000] {processor.py:161} INFO - Started process (PID=3901) to work on /opt/airflow/dags/main.py
[2026-02-26T13:45:01.804+0000] {processor.py:830} INFO - Processing file /opt/airflow/dags/main.py for tasks to queue
[2026-02-26T13:45:01.806+0000] {logging_mixin.py:188} INFO - [2026-02-26T13:45:01.805+0000] {dagbag.py:545} INFO - Filling up the DagBag from /opt/airflow/dags/main.py
[2026-02-26T13:45:01.915+0000] {processor.py:840} INFO - DAG(s) 'produce_json', 'update_db', 'data_quality_check' retrieved from /opt/airflow/dags/main.py
[2026-02-26T13:45:01.943+0000] {logging_mixin.py:188} INFO - [2026-02-26T13:45:01.943+0000] {dag.py:3096} INFO - Sync 3 DAGs
[2026-02-26T13:45:01.964+0000] {logging_mixin.py:188} INFO - [2026-02-26T13:45:01.964+0000] {dag.py:3954} INFO - Setting next_dagrun for data_quality_check to None, run_after=None
[2026-02-26T13:45:01.971+0000] {logging_mixin.py:188} INFO - [2026-02-26T13:45:01.970+0000] {dag.py:3954} INFO - Setting next_dagrun for produce_json to 2026-02-25 14:00:00+00:00, run_after=2026-02-26 14:00:00+00:00
[2026-02-26T13:45:01.973+0000] {logging_mixin.py:188} INFO - [2026-02-26T13:45:01.973+0000] {dag.py:3954} INFO - Setting next_dagrun for update_db to None, run_after=None
[2026-02-26T13:45:02.002+0000] {processor.py:183} INFO - Processing /opt/airflow/dags/main.py took 0.207 seconds
[2026-02-26T13:45:32.936+0000] {processor.py:161} INFO - Started process (PID=3909) to work on /opt/airflow/dags/main.py
[2026-02-26T13:45:32.937+0000] {processor.py:830} INFO - Processing file /opt/airflow/dags/main.py for tasks to queue
[2026-02-26T13:45:32.940+0000] {logging_mixin.py:188} INFO - [2026-02-26T13:45:32.939+0000] {dagbag.py:545} INFO - Filling up the DagBag from /opt/airflow/dags/main.py
[2026-02-26T13:45:33.049+0000] {processor.py:840} INFO - DAG(s) 'data_quality_check', 'update_db', 'produce_json' retrieved from /opt/airflow/dags/main.py
[2026-02-26T13:45:33.081+0000] {logging_mixin.py:188} INFO - [2026-02-26T13:45:33.081+0000] {dag.py:3096} INFO - Sync 3 DAGs
[2026-02-26T13:45:33.104+0000] {logging_mixin.py:188} INFO - [2026-02-26T13:45:33.104+0000] {dag.py:3954} INFO - Setting next_dagrun for data_quality_check to None, run_after=None
[2026-02-26T13:45:33.111+0000] {logging_mixin.py:188} INFO - [2026-02-26T13:45:33.111+0000] {dag.py:3954} INFO - Setting next_dagrun for produce_json to 2026-02-25 14:00:00+00:00, run_after=2026-02-26 14:00:00+00:00
[2026-02-26T13:45:33.113+0000] {logging_mixin.py:188} INFO - [2026-02-26T13:45:33.113+0000] {dag.py:3954} INFO - Setting next_dagrun for update_db to None, run_after=None
[2026-02-26T13:45:33.134+0000] {processor.py:183} INFO - Processing /opt/airflow/dags/main.py took 0.205 seconds
[2026-02-26T13:46:03.281+0000] {processor.py:161} INFO - Started process (PID=3917) to work on /opt/airflow/dags/main.py
[2026-02-26T13:46:03.282+0000] {processor.py:830} INFO - Processing file /opt/airflow/dags/main.py for tasks to queue
[2026-02-26T13:46:03.284+0000] {logging_mixin.py:188} INFO - [2026-02-26T13:46:03.284+0000] {dagbag.py:545} INFO - Filling up the DagBag from /opt/airflow/dags/main.py
[2026-02-26T13:46:03.202+0000] {processor.py:840} INFO - DAG(s) 'produce_json', 'data_quality_check', 'update_db' retrieved from /opt/airflow/dags/main.py
[2026-02-26T13:46:03.229+0000] {logging_mixin.py:188} INFO - [2026-02-26T13:46:03.228+0000] {dag.py:3096} INFO - Sync 3 DAGs
[2026-02-26T13:46:03.250+0000] {logging_mixin.py:188} INFO - [2026-02-26T13:46:03.250+0000] {dag.py:3954} INFO - Setting next_dagrun for data_quality_check to None, run_after=None
[2026-02-26T13:46:03.256+0000] {logging_mixin.py:188} INFO - [2026-02-26T13:46:03.256+0000] {dag.py:3954} INFO - Setting next_dagrun for produce_json to 2026-02-25 14:00:00+00:00, run_after=2026-02-26 14:00:00+00:00
[2026-02-26T13:46:03.259+0000] {logging_mixin.py:188} INFO - [2026-02-26T13:46:03.259+0000] {dag.py:3954} INFO - Setting next_dagrun for update_db to None, run_after=None
[2026-02-26T13:46:03.280+0000] {processor.py:183} INFO - Processing /opt/airflow/dags/main.py took 0.189 seconds
[2026-02-26T13:46:33.392+0000] {processor.py:161} INFO - Started process (PID=3925) to work on /opt/airflow/dags/main.py
[2026-02-26T13:46:33.393+0000] {processor.py:830} INFO - Processing file /opt/airflow/dags/main.py for tasks to queue
[2026-02-26T13:46:33.395+0000] {logging_mixin.py:188} INFO - [2026-02-26T13:46:33.395+0000] {dagbag.py:545} INFO - Filling up the DagBag from /opt/airflow/dags/main.py
[2026-02-26T13:46:33.500+0000] {processor.py:840} INFO - DAG(s) 'data_quality_check', 'produce_json', 'update_db' retrieved from /opt/airflow/dags/main.py
[2026-02-26T13:46:33.529+0000] {logging_mixin.py:188} INFO - [2026-02-26T13:46:33.529+0000] {dag.py:3096} INFO - Sync 3 DAGs
[2026-02-26T13:46:33.550+0000] {logging_mixin.py:188} INFO - [2026-02-26T13:46:33.549+0000] {dag.py:3954} INFO - Setting next_dagrun for data_quality_check to None, run_after=None
[2026-02-26T13:46:33.556+0000] {logging_mixin.py:188} INFO - [2026-02-26T13:46:33.556+0000] {dag.py:3954} INFO - Setting next_dagrun for produce_json to 2026-02-25 14:00:00+00:00, run_after=2026-02-26 14:00:00+00:00
[2026-02-26T13:46:33.558+0000] {logging_mixin.py:188} INFO - [2026-02-26T13:46:33.558+0000] {dag.py:3954} INFO - Setting next_dagrun for update_db to None, run_after=None
[2026-02-26T13:46:33.589+0000] {processor.py:183} INFO - Processing /opt/airflow/dags/main.py took 0.204 seconds
[2026-02-26T13:47:03.662+0000] {processor.py:161} INFO - Started process (PID=3933) to work on /opt/airflow/dags/main.py
[2026-02-26T13:47:03.663+0000] {processor.py:830} INFO - Processing file /opt/airflow/dags/main.py for tasks to queue
[2026-02-26T13:47:03.665+0000] {logging_mixin.py:188} INFO - [2026-02-26T13:47:03.665+0000] {dagbag.py:545} INFO - Filling up the DagBag from /opt/airflow/dags/main.py
[2026-02-26T13:47:03.769+0000] {processor.py:840} INFO - DAG(s) 'update_db', 'produce_json', 'data_quality_check' retrieved from /opt/airflow/dags/main.py
[2026-02-26T13:47:03.805+0000] {logging_mixin.py:188} INFO - [2026-02-26T13:47:03.805+0000] {dag.py:3096} INFO - Sync 3 DAGs
[2026-02-26T13:47:03.833+0000] {logging_mixin.py:188} INFO - [2026-02-26T13:47:03.833+0000] {dag.py:3954} INFO - Setting next_dagrun for data_quality_check to None, run_after=None
[2026-02-26T13:47:03.841+0000] {logging_mixin.py:188} INFO - [2026-02-26T13:47:03.841+0000] {dag.py:3954} INFO - Setting next_dagrun for produce_json to 2026-02-25 14:00:00+00:00, run_after=2026-02-26 14:00:00+00:00
[2026-02-26T13:47:03.845+0000] {logging_mixin.py:188} INFO - [2026-02-26T13:47:03.845+0000] {dag.py:3954} INFO - Setting next_dagrun for update_db to None, run_after=None
[2026-02-26T13:47:03.873+0000] {processor.py:183} INFO - Processing /opt/airflow/dags/main.py took 0.217 seconds
[2026-02-26T13:47:34.758+0000] {processor.py:161} INFO - Started process (PID=3942) to work on /opt/airflow/dags/main.py
[2026-02-26T13:47:34.759+0000] {processor.py:830} INFO - Processing file /opt/airflow/dags/main.py for tasks to queue
[2026-02-26T13:47:34.762+0000] {logging_mixin.py:188} INFO - [2026-02-26T13:47:34.761+0000] {dagbag.py:545} INFO - Filling up the DagBag from /opt/airflow/dags/main.py
[2026-02-26T13:47:34.869+0000] {processor.py:840} INFO - DAG(s) 'produce_json', 'data_quality_check', 'update_db' retrieved from /opt/airflow/dags/main.py
[2026-02-26T13:47:34.896+0000] {logging_mixin.py:188} INFO - [2026-02-26T13:47:34.896+0000] {dag.py:3096} INFO - Sync 3 DAGs
[2026-02-26T13:47:34.918+0000] {logging_mixin.py:188} INFO - [2026-02-26T13:47:34.917+0000] {dag.py:3954} INFO - Setting next_dagrun for data_quality_check to None, run_after=None
[2026-02-26T13:47:34.925+0000] {logging_mixin.py:188} INFO - [2026-02-26T13:47:34.924+0000] {dag.py:3954} INFO - Setting next_dagrun for produce_json to 2026-02-25 14:00:00+00:00, run_after=2026-02-26 14:00:00+00:00
[2026-02-26T13:47:34.927+0000] {logging_mixin.py:188} INFO - [2026-02-26T13:47:34.927+0000] {dag.py:3954} INFO - Setting next_dagrun for update_db to None, run_after=None
[2026-02-26T13:47:34.948+0000] {processor.py:183} INFO - Processing /opt/airflow/dags/main.py took 0.195 seconds
[2026-02-26T13:48:05.080+0000] {processor.py:161} INFO - Started process (PID=3950) to work on /opt/airflow/dags/main.py
[2026-02-26T13:48:05.081+0000] {processor.py:830} INFO - Processing file /opt/airflow/dags/main.py for tasks to queue
[2026-02-26T13:48:05.084+0000] {logging_mixin.py:188} INFO - [2026-02-26T13:48:05.084+0000] {dagbag.py:545} INFO - Filling up the DagBag from /opt/airflow/dags/main.py
[2026-02-26T13:48:05.181+0000] {processor.py:840} INFO - DAG(s) 'data_quality_check', 'update_db', 'produce_json' retrieved from /opt/airflow/dags/main.py
[2026-02-26T13:48:05.230+0000] {logging_mixin.py:188} INFO - [2026-02-26T13:48:05.229+0000] {dag.py:3096} INFO - Sync 3 DAGs
[2026-02-26T13:48:05.260+0000] {logging_mixin.py:188} INFO - [2026-02-26T13:48:05.260+0000] {dag.py:3954} INFO - Setting next_dagrun for data_quality_check to None, run_after=None
[2026-02-26T13:48:05.266+0000] {logging_mixin.py:188} INFO - [2026-02-26T13:48:05.266+0000] {dag.py:3954} INFO - Setting next_dagrun for produce_json to 2026-02-25 14:00:00+00:00, run_after=2026-02-26 14:00:00+00:00
[2026-02-26T13:48:05.268+0000] {logging_mixin.py:188} INFO - [2026-02-26T13:48:05.268+0000] {dag.py:3954} INFO - Setting next_dagrun for update_db to None, run_after=None
[2026-02-26T13:48:05.301+0000] {processor.py:183} INFO - Processing /opt/airflow/dags/main.py took 0.227 seconds
[2026-02-26T13:48:36.193+0000] {processor.py:161} INFO - Started process (PID=3958) to work on /opt/airflow/dags/main.py
[2026-02-26T13:48:36.195+0000] {processor.py:830} INFO - Processing file /opt/airflow/dags/main.py for tasks to queue
[2026-02-26T13:48:36.197+0000] {logging_mixin.py:188} INFO - [2026-02-26T13:48:36.196+0000] {dagbag.py:545} INFO - Filling up the DagBag from /opt/airflow/dags/main.py
[2026-02-26T13:48:36.314+0000] {processor.py:840} INFO - DAG(s) 'produce_json', 'data_quality_check', 'update_db' retrieved from /opt/airflow/dags/main.py
[2026-02-26T13:48:36.347+0000] {logging_mixin.py:188} INFO - [2026-02-26T13:48:36.347+0000] {dag.py:3096} INFO - Sync 3 DAGs
[2026-02-26T13:48:36.373+0000] {logging_mixin.py:188} INFO - [2026-02-26T13:48:36.372+0000] {dag.py:3954} INFO - Setting next_dagrun for data_quality_check to None, run_after=None
[2026-02-26T13:48:36.379+0000] {logging_mixin.py:188} INFO - [2026-02-26T13:48:36.378+0000] {dag.py:3954} INFO - Setting next_dagrun for produce_json to 2026-02-25 14:00:00+00:00, run_after=2026-02-26 14:00:00+00:00
[2026-02-26T13:48:36.381+0000] {logging_mixin.py:188} INFO - [2026-02-26T13:48:36.381+0000] {dag.py:3954} INFO - Setting next_dagrun for update_db to None, run_after=None
[2026-02-26T13:48:36.406+0000] {processor.py:183} INFO - Processing /opt/airflow/dags/main.py took 0.219 seconds
[2026-02-26T13:49:06.510+0000] {processor.py:161} INFO - Started process (PID=3966) to work on /opt/airflow/dags/main.py
[2026-02-26T13:49:06.511+0000] {processor.py:830} INFO - Processing file /opt/airflow/dags/main.py for tasks to queue
[2026-02-26T13:49:06.513+0000] {logging_mixin.py:188} INFO - [2026-02-26T13:49:06.513+0000] {dagbag.py:545} INFO - Filling up the DagBag from /opt/airflow/dags/main.py
[2026-02-26T13:49:06.611+0000] {processor.py:840} INFO - DAG(s) 'update_db', 'data_quality_check', 'produce_json' retrieved from /opt/airflow/dags/main.py
[2026-02-26T13:49:06.648+0000] {logging_mixin.py:188} INFO - [2026-02-26T13:49:06.647+0000] {dag.py:3096} INFO - Sync 3 DAGs
[2026-02-26T13:49:06.675+0000] {logging_mixin.py:188} INFO - [2026-02-26T13:49:06.674+0000] {dag.py:3954} INFO - Setting next_dagrun for data_quality_check to None, run_after=None
[2026-02-26T13:49:06.691+0000] {logging_mixin.py:188} INFO - [2026-02-26T13:49:06.691+0000] {dag.py:3954} INFO - Setting next_dagrun for produce_json to 2026-02-25 14:00:00+00:00, run_after=2026-02-26 14:00:00+00:00
[2026-02-26T13:49:06.695+0000] {logging_mixin.py:188} INFO - [2026-02-26T13:49:06.695+0000] {dag.py:3954} INFO - Setting next_dagrun for update_db to None, run_after=None
[2026-02-26T13:49:06.731+0000] {processor.py:183} INFO - Processing /opt/airflow/dags/main.py took 0.227 seconds
[2026-02-26T13:49:37.611+0000] {processor.py:161} INFO - Started process (PID=3974) to work on /opt/airflow/dags/main.py
[2026-02-26T13:49:37.613+0000] {processor.py:830} INFO - Processing file /opt/airflow/dags/main.py for tasks to queue
[2026-02-26T13:49:37.615+0000] {logging_mixin.py:188} INFO - [2026-02-26T13:49:37.614+0000] {dagbag.py:545} INFO - Filling up the DagBag from /opt/airflow/dags/main.py
[2026-02-26T13:49:37.718+0000] {processor.py:840} INFO - DAG(s) 'produce_json', 'update_db', 'data_quality_check' retrieved from /opt/airflow/dags/main.py
[2026-02-26T13:49:37.747+0000] {logging_mixin.py:188} INFO - [2026-02-26T13:49:37.747+0000] {dag.py:3096} INFO - Sync 3 DAGs
[2026-02-26T13:49:37.767+0000] {logging_mixin.py:188} INFO - [2026-02-26T13:49:37.767+0000] {dag.py:3954} INFO - Setting next_dagrun for data_quality_check to None, run_after=None
[2026-02-26T13:49:37.773+0000] {logging_mixin.py:188} INFO - [2026-02-26T13:49:37.773+0000] {dag.py:3954} INFO - Setting next_dagrun for produce_json to 2026-02-25 14:00:00+00:00, run_after=2026-02-26 14:00:00+00:00
[2026-02-26T13:49:37.775+0000] {logging_mixin.py:188} INFO - [2026-02-26T13:49:37.775+0000] {dag.py:3954} INFO - Setting next_dagrun for update_db to None, run_after=None
[2026-02-26T13:49:37.795+0000] {processor.py:183} INFO - Processing /opt/airflow/dags/main.py took 0.191 seconds
[2026-02-26T13:50:07.912+0000] {processor.py:161} INFO - Started process (PID=3982) to work on /opt/airflow/dags/main.py
[2026-02-26T13:50:07.914+0000] {processor.py:830} INFO - Processing file /opt/airflow/dags/main.py for tasks to queue
[2026-02-26T13:50:07.918+0000] {logging_mixin.py:188} INFO - [2026-02-26T13:50:07.917+0000] {dagbag.py:545} INFO - Filling up the DagBag from /opt/airflow/dags/main.py
[2026-02-26T13:50:08.027+0000] {processor.py:840} INFO - DAG(s) 'produce_json', 'data_quality_check', 'update_db' retrieved from /opt/airflow/dags/main.py
[2026-02-26T13:50:08.061+0000] {logging_mixin.py:188} INFO - [2026-02-26T13:50:08.061+0000] {dag.py:3096} INFO - Sync 3 DAGs
[2026-02-26T13:50:08.132+0000] {logging_mixin.py:188} INFO - [2026-02-26T13:50:08.132+0000] {dag.py:3954} INFO - Setting next_dagrun for data_quality_check to None, run_after=None
[2026-02-26T13:50:08.162+0000] {logging_mixin.py:188} INFO - [2026-02-26T13:50:08.162+0000] {dag.py:3954} INFO - Setting next_dagrun for produce_json to 2026-02-25 14:00:00+00:00, run_after=2026-02-26 14:00:00+00:00
[2026-02-26T13:50:08.166+0000] {logging_mixin.py:188} INFO - [2026-02-26T13:50:08.166+0000] {dag.py:3954} INFO - Setting next_dagrun for update_db to None, run_after=None
[2026-02-26T13:50:08.206+0000] {processor.py:183} INFO - Processing /opt/airflow/dags/main.py took 0.300 seconds
[2026-02-26T13:50:39.166+0000] {processor.py:161} INFO - Started process (PID=3990) to work on /opt/airflow/dags/main.py
[2026-02-26T13:50:39.168+0000] {processor.py:830} INFO - Processing file /opt/airflow/dags/main.py for tasks to queue
[2026-02-26T13:50:39.172+0000] {logging_mixin.py:188} INFO - [2026-02-26T13:50:39.171+0000] {dagbag.py:545} INFO - Filling up the DagBag from /opt/airflow/dags/main.py
[2026-02-26T13:50:39.370+0000] {processor.py:840} INFO - DAG(s) 'update_db', 'produce_json', 'data_quality_check' retrieved from /opt/airflow/dags/main.py
[2026-02-26T13:50:39.416+0000] {logging_mixin.py:188} INFO - [2026-02-26T13:50:39.415+0000] {dag.py:3096} INFO - Sync 3 DAGs
[2026-02-26T13:50:39.444+0000] {logging_mixin.py:188} INFO - [2026-02-26T13:50:39.444+0000] {dag.py:3954} INFO - Setting next_dagrun for data_quality_check to None, run_after=None
[2026-02-26T13:50:39.451+0000] {logging_mixin.py:188} INFO - [2026-02-26T13:50:39.451+0000] {dag.py:3954} INFO - Setting next_dagrun for produce_json to 2026-02-25 14:00:00+00:00, run_after=2026-02-26 14:00:00+00:00
[2026-02-26T13:50:39.455+0000] {logging_mixin.py:188} INFO - [2026-02-26T13:50:39.455+0000] {dag.py:3954} INFO - Setting next_dagrun for update_db to None, run_after=None
[2026-02-26T13:50:39.491+0000] {processor.py:183} INFO - Processing /opt/airflow/dags/main.py took 0.331 seconds
[2026-02-26T13:51:10.351+0000] {processor.py:161} INFO - Started process (PID=3998) to work on /opt/airflow/dags/main.py
[2026-02-26T13:51:10.352+0000] {processor.py:830} INFO - Processing file /opt/airflow/dags/main.py for tasks to queue
[2026-02-26T13:51:10.354+0000] {logging_mixin.py:188} INFO - [2026-02-26T13:51:10.353+0000] {dagbag.py:545} INFO - Filling up the DagBag from /opt/airflow/dags/main.py
[2026-02-26T13:51:10.460+0000] {processor.py:840} INFO - DAG(s) 'data_quality_check', 'produce_json', 'update_db' retrieved from /opt/airflow/dags/main.py
[2026-02-26T13:51:10.493+0000] {logging_mixin.py:188} INFO - [2026-02-26T13:51:10.493+0000] {dag.py:3096} INFO - Sync 3 DAGs
[2026-02-26T13:51:10.517+0000] {logging_mixin.py:188} INFO - [2026-02-26T13:51:10.517+0000] {dag.py:3954} INFO - Setting next_dagrun for data_quality_check to None, run_after=None
[2026-02-26T13:51:10.523+0000] {logging_mixin.py:188} INFO - [2026-02-26T13:51:10.523+0000] {dag.py:3954} INFO - Setting next_dagrun for produce_json to 2026-02-25 14:00:00+00:00, run_after=2026-02-26 14:00:00+00:00
[2026-02-26T13:51:10.526+0000] {logging_mixin.py:188} INFO - [2026-02-26T13:51:10.526+0000] {dag.py:3954} INFO - Setting next_dagrun for update_db to None, run_after=None
[2026-02-26T13:51:10.544+0000] {processor.py:183} INFO - Processing /opt/airflow/dags/main.py took 0.199 seconds
[2026-02-26T13:51:40.694+0000] {processor.py:161} INFO - Started process (PID=4006) to work on /opt/airflow/dags/main.py
[2026-02-26T13:51:40.696+0000] {processor.py:830} INFO - Processing file /opt/airflow/dags/main.py for tasks to queue
[2026-02-26T13:51:40.698+0000] {logging_mixin.py:188} INFO - [2026-02-26T13:51:40.698+0000] {dagbag.py:545} INFO - Filling up the DagBag from /opt/airflow/dags/main.py
[2026-02-26T13:51:40.817+0000] {processor.py:840} INFO - DAG(s) 'update_db', 'data_quality_check', 'produce_json' retrieved from /opt/airflow/dags/main.py
[2026-02-26T13:51:40.849+0000] {logging_mixin.py:188} INFO - [2026-02-26T13:51:40.849+0000] {dag.py:3096} INFO - Sync 3 DAGs
[2026-02-26T13:51:40.874+0000] {logging_mixin.py:188} INFO - [2026-02-26T13:51:40.873+0000] {dag.py:3954} INFO - Setting next_dagrun for data_quality_check to None, run_after=None
[2026-02-26T13:51:40.881+0000] {logging_mixin.py:188} INFO - [2026-02-26T13:51:40.881+0000] {dag.py:3954} INFO - Setting next_dagrun for produce_json to 2026-02-25 14:00:00+00:00, run_after=2026-02-26 14:00:00+00:00
[2026-02-26T13:51:40.883+0000] {logging_mixin.py:188} INFO - [2026-02-26T13:51:40.883+0000] {dag.py:3954} INFO - Setting next_dagrun for update_db to None, run_after=None
[2026-02-26T13:51:40.917+0000] {processor.py:183} INFO - Processing /opt/airflow/dags/main.py took 0.231 seconds
[2026-02-26T13:52:10.982+0000] {processor.py:161} INFO - Started process (PID=4014) to work on /opt/airflow/dags/main.py
[2026-02-26T13:52:10.984+0000] {processor.py:830} INFO - Processing file /opt/airflow/dags/main.py for tasks to queue
[2026-02-26T13:52:10.986+0000] {logging_mixin.py:188} INFO - [2026-02-26T13:52:10.986+0000] {dagbag.py:545} INFO - Filling up the DagBag from /opt/airflow/dags/main.py
[2026-02-26T13:52:11.121+0000] {processor.py:840} INFO - DAG(s) 'update_db', 'data_quality_check', 'produce_json' retrieved from /opt/airflow/dags/main.py
[2026-02-26T13:52:11.159+0000] {logging_mixin.py:188} INFO - [2026-02-26T13:52:11.159+0000] {dag.py:3096} INFO - Sync 3 DAGs
[2026-02-26T13:52:11.183+0000] {logging_mixin.py:188} INFO - [2026-02-26T13:52:11.183+0000] {dag.py:3954} INFO - Setting next_dagrun for data_quality_check to None, run_after=None
[2026-02-26T13:52:11.189+0000] {logging_mixin.py:188} INFO - [2026-02-26T13:52:11.189+0000] {dag.py:3954} INFO - Setting next_dagrun for produce_json to 2026-02-25 14:00:00+00:00, run_after=2026-02-26 14:00:00+00:00
[2026-02-26T13:52:11.191+0000] {logging_mixin.py:188} INFO - [2026-02-26T13:52:11.191+0000] {dag.py:3954} INFO - Setting next_dagrun for update_db to None, run_after=None
[2026-02-26T13:52:11.215+0000] {processor.py:183} INFO - Processing /opt/airflow/dags/main.py took 0.240 seconds
[2026-02-26T13:52:42.071+0000] {processor.py:161} INFO - Started process (PID=4021) to work on /opt/airflow/dags/main.py
[2026-02-26T13:52:42.072+0000] {processor.py:830} INFO - Processing file /opt/airflow/dags/main.py for tasks to queue
[2026-02-26T13:52:42.075+0000] {logging_mixin.py:188} INFO - [2026-02-26T13:52:42.074+0000] {dagbag.py:545} INFO - Filling up the DagBag from /opt/airflow/dags/main.py
[2026-02-26T13:52:42.175+0000] {processor.py:840} INFO - DAG(s) 'update_db', 'produce_json', 'data_quality_check' retrieved from /opt/airflow/dags/main.py
[2026-02-26T13:52:42.207+0000] {logging_mixin.py:188} INFO - [2026-02-26T13:52:42.207+0000] {dag.py:3096} INFO - Sync 3 DAGs
[2026-02-26T13:52:42.231+0000] {logging_mixin.py:188} INFO - [2026-02-26T13:52:42.230+0000] {dag.py:3954} INFO - Setting next_dagrun for data_quality_check to None, run_after=None
[2026-02-26T13:52:42.241+0000] {logging_mixin.py:188} INFO - [2026-02-26T13:52:42.241+0000] {dag.py:3954} INFO - Setting next_dagrun for produce_json to 2026-02-25 14:00:00+00:00, run_after=2026-02-26 14:00:00+00:00
[2026-02-26T13:52:42.243+0000] {logging_mixin.py:188} INFO - [2026-02-26T13:52:42.243+0000] {dag.py:3954} INFO - Setting next_dagrun for update_db to None, run_after=None
[2026-02-26T13:52:42.266+0000] {processor.py:183} INFO - Processing /opt/airflow/dags/main.py took 0.203 seconds
[2026-02-26T13:53:12.360+0000] {processor.py:161} INFO - Started process (PID=4029) to work on /opt/airflow/dags/main.py
[2026-02-26T13:53:12.361+0000] {processor.py:830} INFO - Processing file /opt/airflow/dags/main.py for tasks to queue
[2026-02-26T13:53:12.363+0000] {logging_mixin.py:188} INFO - [2026-02-26T13:53:12.363+0000] {dagbag.py:545} INFO - Filling up the DagBag from /opt/airflow/dags/main.py
[2026-02-26T13:53:12.482+0000] {processor.py:840} INFO - DAG(s) 'update_db', 'produce_json', 'data_quality_check' retrieved from /opt/airflow/dags/main.py
[2026-02-26T13:53:12.519+0000] {logging_mixin.py:188} INFO - [2026-02-26T13:53:12.519+0000] {dag.py:3096} INFO - Sync 3 DAGs
[2026-02-26T13:53:12.549+0000] {logging_mixin.py:188} INFO - [2026-02-26T13:53:12.548+0000] {dag.py:3954} INFO - Setting next_dagrun for data_quality_check to None, run_after=None
[2026-02-26T13:53:12.554+0000] {logging_mixin.py:188} INFO - [2026-02-26T13:53:12.554+0000] {dag.py:3954} INFO - Setting next_dagrun for produce_json to 2026-02-25 14:00:00+00:00, run_after=2026-02-26 14:00:00+00:00
[2026-02-26T13:53:12.557+0000] {logging_mixin.py:188} INFO - [2026-02-26T13:53:12.556+0000] {dag.py:3954} INFO - Setting next_dagrun for update_db to None, run_after=None
[2026-02-26T13:53:12.582+0000] {processor.py:183} INFO - Processing /opt/airflow/dags/main.py took 0.228 seconds
[2026-02-26T13:53:43.541+0000] {processor.py:161} INFO - Started process (PID=4037) to work on /opt/airflow/dags/main.py
[2026-02-26T13:53:43.543+0000] {processor.py:830} INFO - Processing file /opt/airflow/dags/main.py for tasks to queue
[2026-02-26T13:53:43.546+0000] {logging_mixin.py:188} INFO - [2026-02-26T13:53:43.545+0000] {dagbag.py:545} INFO - Filling up the DagBag from /opt/airflow/dags/main.py
[2026-02-26T13:53:43.654+0000] {processor.py:840} INFO - DAG(s) 'produce_json', 'data_quality_check', 'update_db' retrieved from /opt/airflow/dags/main.py
[2026-02-26T13:53:43.688+0000] {logging_mixin.py:188} INFO - [2026-02-26T13:53:43.688+0000] {dag.py:3096} INFO - Sync 3 DAGs
[2026-02-26T13:53:43.715+0000] {logging_mixin.py:188} INFO - [2026-02-26T13:53:43.715+0000] {dag.py:3954} INFO - Setting next_dagrun for data_quality_check to None, run_after=None
[2026-02-26T13:53:43.723+0000] {logging_mixin.py:188} INFO - [2026-02-26T13:53:43.722+0000] {dag.py:3954} INFO - Setting next_dagrun for produce_json to 2026-02-25 14:00:00+00:00, run_after=2026-02-26 14:00:00+00:00
[2026-02-26T13:53:43.725+0000] {logging_mixin.py:188} INFO - [2026-02-26T13:53:43.725+0000] {dag.py:3954} INFO - Setting next_dagrun for update_db to None, run_after=None
[2026-02-26T13:53:43.744+0000] {processor.py:183} INFO - Processing /opt/airflow/dags/main.py took 0.210 seconds
[2026-02-26T13:54:13.806+0000] {processor.py:161} INFO - Started process (PID=4046) to work on /opt/airflow/dags/main.py
[2026-02-26T13:54:13.808+0000] {processor.py:830} INFO - Processing file /opt/airflow/dags/main.py for tasks to queue
[2026-02-26T13:54:13.810+0000] {logging_mixin.py:188} INFO - [2026-02-26T13:54:13.810+0000] {dagbag.py:545} INFO - Filling up the DagBag from /opt/airflow/dags/main.py
[2026-02-26T13:54:13.913+0000] {processor.py:840} INFO - DAG(s) 'produce_json', 'update_db', 'data_quality_check' retrieved from /opt/airflow/dags/main.py
[2026-02-26T13:54:13.943+0000] {logging_mixin.py:188} INFO - [2026-02-26T13:54:13.943+0000] {dag.py:3096} INFO - Sync 3 DAGs
[2026-02-26T13:54:13.963+0000] {logging_mixin.py:188} INFO - [2026-02-26T13:54:13.963+0000] {dag.py:3954} INFO - Setting next_dagrun for data_quality_check to None, run_after=None
[2026-02-26T13:54:13.969+0000] {logging_mixin.py:188} INFO - [2026-02-26T13:54:13.969+0000] {dag.py:3954} INFO - Setting next_dagrun for produce_json to 2026-02-25 14:00:00+00:00, run_after=2026-02-26 14:00:00+00:00
[2026-02-26T13:54:13.971+0000] {logging_mixin.py:188} INFO - [2026-02-26T13:54:13.971+0000] {dag.py:3954} INFO - Setting next_dagrun for update_db to None, run_after=None
[2026-02-26T13:54:13.990+0000] {processor.py:183} INFO - Processing /opt/airflow/dags/main.py took 0.190 seconds
[2026-02-26T13:54:44.030+0000] {processor.py:161} INFO - Started process (PID=4054) to work on /opt/airflow/dags/main.py
[2026-02-26T13:54:44.031+0000] {processor.py:830} INFO - Processing file /opt/airflow/dags/main.py for tasks to queue
[2026-02-26T13:54:44.033+0000] {logging_mixin.py:188} INFO - [2026-02-26T13:54:44.033+0000] {dagbag.py:545} INFO - Filling up the DagBag from /opt/airflow/dags/main.py
[2026-02-26T13:54:44.177+0000] {processor.py:840} INFO - DAG(s) 'data_quality_check', 'update_db', 'produce_json' retrieved from /opt/airflow/dags/main.py
[2026-02-26T13:54:44.208+0000] {logging_mixin.py:188} INFO - [2026-02-26T13:54:44.208+0000] {dag.py:3096} INFO - Sync 3 DAGs
[2026-02-26T13:54:44.229+0000] {logging_mixin.py:188} INFO - [2026-02-26T13:54:44.228+0000] {dag.py:3954} INFO - Setting next_dagrun for data_quality_check to None, run_after=None
[2026-02-26T13:54:44.236+0000] {logging_mixin.py:188} INFO - [2026-02-26T13:54:44.235+0000] {dag.py:3954} INFO - Setting next_dagrun for produce_json to 2026-02-25 14:00:00+00:00, run_after=2026-02-26 14:00:00+00:00
[2026-02-26T13:54:44.238+0000] {logging_mixin.py:188} INFO - [2026-02-26T13:54:44.238+0000] {dag.py:3954} INFO - Setting next_dagrun for update_db to None, run_after=None
[2026-02-26T13:54:44.264+0000] {processor.py:183} INFO - Processing /opt/airflow/dags/main.py took 0.241 seconds
[2026-02-26T13:55:15.126+0000] {processor.py:161} INFO - Started process (PID=4062) to work on /opt/airflow/dags/main.py
[2026-02-26T13:55:15.131+0000] {processor.py:830} INFO - Processing file /opt/airflow/dags/main.py for tasks to queue
[2026-02-26T13:55:15.133+0000] {logging_mixin.py:188} INFO - [2026-02-26T13:55:15.132+0000] {dagbag.py:545} INFO - Filling up the DagBag from /opt/airflow/dags/main.py
[2026-02-26T13:55:15.233+0000] {processor.py:840} INFO - DAG(s) 'produce_json', 'update_db', 'data_quality_check' retrieved from /opt/airflow/dags/main.py
[2026-02-26T13:55:15.281+0000] {logging_mixin.py:188} INFO - [2026-02-26T13:55:15.280+0000] {dag.py:3096} INFO - Sync 3 DAGs
[2026-02-26T13:55:15.307+0000] {logging_mixin.py:188} INFO - [2026-02-26T13:55:15.307+0000] {dag.py:3954} INFO - Setting next_dagrun for data_quality_check to None, run_after=None
[2026-02-26T13:55:15.314+0000] {logging_mixin.py:188} INFO - [2026-02-26T13:55:15.314+0000] {dag.py:3954} INFO - Setting next_dagrun for produce_json to 2026-02-25 14:00:00+00:00, run_after=2026-02-26 14:00:00+00:00
[2026-02-26T13:55:15.316+0000] {logging_mixin.py:188} INFO - [2026-02-26T13:55:15.316+0000] {dag.py:3954} INFO - Setting next_dagrun for update_db to None, run_after=None
[2026-02-26T13:55:15.349+0000] {processor.py:183} INFO - Processing /opt/airflow/dags/main.py took 0.230 seconds
[2026-02-26T13:55:46.334+0000] {processor.py:161} INFO - Started process (PID=4070) to work on /opt/airflow/dags/main.py
[2026-02-26T13:55:46.335+0000] {processor.py:830} INFO - Processing file /opt/airflow/dags/main.py for tasks to queue
[2026-02-26T13:55:46.342+0000] {logging_mixin.py:188} INFO - [2026-02-26T13:55:46.338+0000] {dagbag.py:545} INFO - Filling up the DagBag from /opt/airflow/dags/main.py
[2026-02-26T13:55:46.493+0000] {processor.py:840} INFO - DAG(s) 'update_db', 'produce_json', 'data_quality_check' retrieved from /opt/airflow/dags/main.py
[2026-02-26T13:55:46.616+0000] {logging_mixin.py:188} INFO - [2026-02-26T13:55:46.616+0000] {dag.py:3096} INFO - Sync 3 DAGs
[2026-02-26T13:55:46.665+0000] {logging_mixin.py:188} INFO - [2026-02-26T13:55:46.664+0000] {dag.py:3954} INFO - Setting next_dagrun for data_quality_check to None, run_after=None
[2026-02-26T13:55:46.697+0000] {logging_mixin.py:188} INFO - [2026-02-26T13:55:46.696+0000] {dag.py:3954} INFO - Setting next_dagrun for produce_json to 2026-02-25 14:00:00+00:00, run_after=2026-02-26 14:00:00+00:00
[2026-02-26T13:55:46.700+0000] {logging_mixin.py:188} INFO - [2026-02-26T13:55:46.699+0000] {dag.py:3954} INFO - Setting next_dagrun for update_db to None, run_after=None
[2026-02-26T13:55:46.757+0000] {processor.py:183} INFO - Processing /opt/airflow/dags/main.py took 0.432 seconds
[2026-02-26T13:56:17.466+0000] {processor.py:161} INFO - Started process (PID=4084) to work on /opt/airflow/dags/main.py
[2026-02-26T13:56:17.468+0000] {processor.py:830} INFO - Processing file /opt/airflow/dags/main.py for tasks to queue
[2026-02-26T13:56:17.471+0000] {logging_mixin.py:188} INFO - [2026-02-26T13:56:17.470+0000] {dagbag.py:545} INFO - Filling up the DagBag from /opt/airflow/dags/main.py
[2026-02-26T13:56:17.565+0000] {processor.py:840} INFO - DAG(s) 'update_db', 'produce_json', 'data_quality_check' retrieved from /opt/airflow/dags/main.py
[2026-02-26T13:56:17.598+0000] {logging_mixin.py:188} INFO - [2026-02-26T13:56:17.598+0000] {dag.py:3096} INFO - Sync 3 DAGs
[2026-02-26T13:56:17.622+0000] {logging_mixin.py:188} INFO - [2026-02-26T13:56:17.621+0000] {dag.py:3954} INFO - Setting next_dagrun for data_quality_check to None, run_after=None
[2026-02-26T13:56:17.629+0000] {logging_mixin.py:188} INFO - [2026-02-26T13:56:17.629+0000] {dag.py:3954} INFO - Setting next_dagrun for produce_json to 2026-02-25 14:00:00+00:00, run_after=2026-02-26 14:00:00+00:00
[2026-02-26T13:56:17.632+0000] {logging_mixin.py:188} INFO - [2026-02-26T13:56:17.632+0000] {dag.py:3954} INFO - Setting next_dagrun for update_db to None, run_after=None
[2026-02-26T13:56:17.654+0000] {processor.py:183} INFO - Processing /opt/airflow/dags/main.py took 0.198 seconds
