[2026-02-25T00:00:25.106+0000] {processor.py:161} INFO - Started process (PID=2264) to work on /opt/airflow/dags/main.py
[2026-02-25T00:00:25.108+0000] {processor.py:830} INFO - Processing file /opt/airflow/dags/main.py for tasks to queue
[2026-02-25T00:00:25.111+0000] {logging_mixin.py:188} INFO - [2026-02-25T00:00:25.110+0000] {dagbag.py:545} INFO - Filling up the DagBag from /opt/airflow/dags/main.py
[2026-02-25T00:00:25.213+0000] {processor.py:840} INFO - DAG(s) 'produce_json', 'update_db' retrieved from /opt/airflow/dags/main.py
[2026-02-25T00:00:25.251+0000] {logging_mixin.py:188} INFO - [2026-02-25T00:00:25.251+0000] {dag.py:3096} INFO - Sync 2 DAGs
[2026-02-25T00:00:25.277+0000] {logging_mixin.py:188} INFO - [2026-02-25T00:00:25.277+0000] {dag.py:3954} INFO - Setting next_dagrun for produce_json to 2026-02-24 14:00:00+00:00, run_after=2026-02-25 14:00:00+00:00
[2026-02-25T00:00:25.282+0000] {logging_mixin.py:188} INFO - [2026-02-25T00:00:25.282+0000] {dag.py:3954} INFO - Setting next_dagrun for update_db to 2026-02-24 15:00:00+00:00, run_after=2026-02-25 15:00:00+00:00
[2026-02-25T00:00:25.305+0000] {processor.py:183} INFO - Processing /opt/airflow/dags/main.py took 0.207 seconds
[2026-02-25T00:00:55.578+0000] {processor.py:161} INFO - Started process (PID=2271) to work on /opt/airflow/dags/main.py
[2026-02-25T00:00:55.579+0000] {processor.py:830} INFO - Processing file /opt/airflow/dags/main.py for tasks to queue
[2026-02-25T00:00:55.582+0000] {logging_mixin.py:188} INFO - [2026-02-25T00:00:55.581+0000] {dagbag.py:545} INFO - Filling up the DagBag from /opt/airflow/dags/main.py
[2026-02-25T00:00:55.691+0000] {processor.py:840} INFO - DAG(s) 'update_db', 'produce_json' retrieved from /opt/airflow/dags/main.py
[2026-02-25T00:00:55.730+0000] {logging_mixin.py:188} INFO - [2026-02-25T00:00:55.730+0000] {dag.py:3096} INFO - Sync 2 DAGs
[2026-02-25T00:00:55.758+0000] {logging_mixin.py:188} INFO - [2026-02-25T00:00:55.758+0000] {dag.py:3954} INFO - Setting next_dagrun for produce_json to 2026-02-24 14:00:00+00:00, run_after=2026-02-25 14:00:00+00:00
[2026-02-25T00:00:55.765+0000] {logging_mixin.py:188} INFO - [2026-02-25T00:00:55.764+0000] {dag.py:3954} INFO - Setting next_dagrun for update_db to 2026-02-24 15:00:00+00:00, run_after=2026-02-25 15:00:00+00:00
[2026-02-25T00:00:55.787+0000] {processor.py:183} INFO - Processing /opt/airflow/dags/main.py took 0.215 seconds
[2026-02-25T00:01:26.051+0000] {processor.py:161} INFO - Started process (PID=2278) to work on /opt/airflow/dags/main.py
[2026-02-25T00:01:26.052+0000] {processor.py:830} INFO - Processing file /opt/airflow/dags/main.py for tasks to queue
[2026-02-25T00:01:26.054+0000] {logging_mixin.py:188} INFO - [2026-02-25T00:01:26.054+0000] {dagbag.py:545} INFO - Filling up the DagBag from /opt/airflow/dags/main.py
[2026-02-25T00:01:26.144+0000] {processor.py:840} INFO - DAG(s) 'produce_json', 'update_db' retrieved from /opt/airflow/dags/main.py
[2026-02-25T00:01:26.178+0000] {logging_mixin.py:188} INFO - [2026-02-25T00:01:26.177+0000] {dag.py:3096} INFO - Sync 2 DAGs
[2026-02-25T00:01:26.201+0000] {logging_mixin.py:188} INFO - [2026-02-25T00:01:26.200+0000] {dag.py:3954} INFO - Setting next_dagrun for produce_json to 2026-02-24 14:00:00+00:00, run_after=2026-02-25 14:00:00+00:00
[2026-02-25T00:01:26.206+0000] {logging_mixin.py:188} INFO - [2026-02-25T00:01:26.206+0000] {dag.py:3954} INFO - Setting next_dagrun for update_db to 2026-02-24 15:00:00+00:00, run_after=2026-02-25 15:00:00+00:00
[2026-02-25T00:01:26.237+0000] {processor.py:183} INFO - Processing /opt/airflow/dags/main.py took 0.192 seconds
[2026-02-25T00:01:56.418+0000] {processor.py:161} INFO - Started process (PID=2285) to work on /opt/airflow/dags/main.py
[2026-02-25T00:01:56.420+0000] {processor.py:830} INFO - Processing file /opt/airflow/dags/main.py for tasks to queue
[2026-02-25T00:01:56.424+0000] {logging_mixin.py:188} INFO - [2026-02-25T00:01:56.424+0000] {dagbag.py:545} INFO - Filling up the DagBag from /opt/airflow/dags/main.py
[2026-02-25T00:01:56.588+0000] {processor.py:840} INFO - DAG(s) 'produce_json', 'update_db' retrieved from /opt/airflow/dags/main.py
[2026-02-25T00:01:56.632+0000] {logging_mixin.py:188} INFO - [2026-02-25T00:01:56.632+0000] {dag.py:3096} INFO - Sync 2 DAGs
[2026-02-25T00:01:56.657+0000] {logging_mixin.py:188} INFO - [2026-02-25T00:01:56.657+0000] {dag.py:3954} INFO - Setting next_dagrun for produce_json to 2026-02-24 14:00:00+00:00, run_after=2026-02-25 14:00:00+00:00
[2026-02-25T00:01:56.664+0000] {logging_mixin.py:188} INFO - [2026-02-25T00:01:56.663+0000] {dag.py:3954} INFO - Setting next_dagrun for update_db to 2026-02-24 15:00:00+00:00, run_after=2026-02-25 15:00:00+00:00
[2026-02-25T00:01:56.690+0000] {processor.py:183} INFO - Processing /opt/airflow/dags/main.py took 0.281 seconds
[2026-02-25T00:02:26.734+0000] {processor.py:161} INFO - Started process (PID=2292) to work on /opt/airflow/dags/main.py
[2026-02-25T00:02:26.736+0000] {processor.py:830} INFO - Processing file /opt/airflow/dags/main.py for tasks to queue
[2026-02-25T00:02:26.738+0000] {logging_mixin.py:188} INFO - [2026-02-25T00:02:26.738+0000] {dagbag.py:545} INFO - Filling up the DagBag from /opt/airflow/dags/main.py
[2026-02-25T00:02:26.832+0000] {processor.py:840} INFO - DAG(s) 'produce_json', 'update_db' retrieved from /opt/airflow/dags/main.py
[2026-02-25T00:02:26.865+0000] {logging_mixin.py:188} INFO - [2026-02-25T00:02:26.865+0000] {dag.py:3096} INFO - Sync 2 DAGs
[2026-02-25T00:02:26.888+0000] {logging_mixin.py:188} INFO - [2026-02-25T00:02:26.888+0000] {dag.py:3954} INFO - Setting next_dagrun for produce_json to 2026-02-24 14:00:00+00:00, run_after=2026-02-25 14:00:00+00:00
[2026-02-25T00:02:26.894+0000] {logging_mixin.py:188} INFO - [2026-02-25T00:02:26.894+0000] {dag.py:3954} INFO - Setting next_dagrun for update_db to 2026-02-24 15:00:00+00:00, run_after=2026-02-25 15:00:00+00:00
[2026-02-25T00:02:27.052+0000] {processor.py:183} INFO - Processing /opt/airflow/dags/main.py took 0.324 seconds
[2026-02-25T00:02:57.230+0000] {processor.py:161} INFO - Started process (PID=2299) to work on /opt/airflow/dags/main.py
[2026-02-25T00:02:57.232+0000] {processor.py:830} INFO - Processing file /opt/airflow/dags/main.py for tasks to queue
[2026-02-25T00:02:57.234+0000] {logging_mixin.py:188} INFO - [2026-02-25T00:02:57.234+0000] {dagbag.py:545} INFO - Filling up the DagBag from /opt/airflow/dags/main.py
[2026-02-25T00:02:57.323+0000] {processor.py:840} INFO - DAG(s) 'update_db', 'produce_json' retrieved from /opt/airflow/dags/main.py
[2026-02-25T00:02:57.355+0000] {logging_mixin.py:188} INFO - [2026-02-25T00:02:57.354+0000] {dag.py:3096} INFO - Sync 2 DAGs
[2026-02-25T00:02:57.507+0000] {logging_mixin.py:188} INFO - [2026-02-25T00:02:57.507+0000] {dag.py:3954} INFO - Setting next_dagrun for produce_json to 2026-02-24 14:00:00+00:00, run_after=2026-02-25 14:00:00+00:00
[2026-02-25T00:02:57.512+0000] {logging_mixin.py:188} INFO - [2026-02-25T00:02:57.511+0000] {dag.py:3954} INFO - Setting next_dagrun for update_db to 2026-02-24 15:00:00+00:00, run_after=2026-02-25 15:00:00+00:00
[2026-02-25T00:02:57.530+0000] {processor.py:183} INFO - Processing /opt/airflow/dags/main.py took 0.307 seconds
[2026-02-25T00:03:27.776+0000] {processor.py:161} INFO - Started process (PID=2306) to work on /opt/airflow/dags/main.py
[2026-02-25T00:03:27.778+0000] {processor.py:830} INFO - Processing file /opt/airflow/dags/main.py for tasks to queue
[2026-02-25T00:03:27.780+0000] {logging_mixin.py:188} INFO - [2026-02-25T00:03:27.780+0000] {dagbag.py:545} INFO - Filling up the DagBag from /opt/airflow/dags/main.py
[2026-02-25T00:03:27.867+0000] {processor.py:840} INFO - DAG(s) 'update_db', 'produce_json' retrieved from /opt/airflow/dags/main.py
[2026-02-25T00:03:27.905+0000] {logging_mixin.py:188} INFO - [2026-02-25T00:03:27.905+0000] {dag.py:3096} INFO - Sync 2 DAGs
[2026-02-25T00:03:27.931+0000] {logging_mixin.py:188} INFO - [2026-02-25T00:03:27.931+0000] {dag.py:3954} INFO - Setting next_dagrun for produce_json to 2026-02-24 14:00:00+00:00, run_after=2026-02-25 14:00:00+00:00
[2026-02-25T00:03:27.936+0000] {logging_mixin.py:188} INFO - [2026-02-25T00:03:27.936+0000] {dag.py:3954} INFO - Setting next_dagrun for update_db to 2026-02-24 15:00:00+00:00, run_after=2026-02-25 15:00:00+00:00
[2026-02-25T00:03:27.965+0000] {processor.py:183} INFO - Processing /opt/airflow/dags/main.py took 0.195 seconds
[2026-02-25T00:03:58.006+0000] {processor.py:161} INFO - Started process (PID=2313) to work on /opt/airflow/dags/main.py
[2026-02-25T00:03:58.007+0000] {processor.py:830} INFO - Processing file /opt/airflow/dags/main.py for tasks to queue
[2026-02-25T00:03:58.008+0000] {logging_mixin.py:188} INFO - [2026-02-25T00:03:58.008+0000] {dagbag.py:545} INFO - Filling up the DagBag from /opt/airflow/dags/main.py
[2026-02-25T00:03:58.087+0000] {processor.py:840} INFO - DAG(s) 'produce_json', 'update_db' retrieved from /opt/airflow/dags/main.py
[2026-02-25T00:03:58.120+0000] {logging_mixin.py:188} INFO - [2026-02-25T00:03:58.120+0000] {dag.py:3096} INFO - Sync 2 DAGs
[2026-02-25T00:03:58.140+0000] {logging_mixin.py:188} INFO - [2026-02-25T00:03:58.140+0000] {dag.py:3954} INFO - Setting next_dagrun for produce_json to 2026-02-24 14:00:00+00:00, run_after=2026-02-25 14:00:00+00:00
[2026-02-25T00:03:58.145+0000] {logging_mixin.py:188} INFO - [2026-02-25T00:03:58.145+0000] {dag.py:3954} INFO - Setting next_dagrun for update_db to 2026-02-24 15:00:00+00:00, run_after=2026-02-25 15:00:00+00:00
[2026-02-25T00:03:58.175+0000] {processor.py:183} INFO - Processing /opt/airflow/dags/main.py took 0.175 seconds
[2026-02-25T00:04:28.285+0000] {processor.py:161} INFO - Started process (PID=2320) to work on /opt/airflow/dags/main.py
[2026-02-25T00:04:28.286+0000] {processor.py:830} INFO - Processing file /opt/airflow/dags/main.py for tasks to queue
[2026-02-25T00:04:28.289+0000] {logging_mixin.py:188} INFO - [2026-02-25T00:04:28.288+0000] {dagbag.py:545} INFO - Filling up the DagBag from /opt/airflow/dags/main.py
[2026-02-25T00:04:28.376+0000] {processor.py:840} INFO - DAG(s) 'produce_json', 'update_db' retrieved from /opt/airflow/dags/main.py
[2026-02-25T00:04:28.413+0000] {logging_mixin.py:188} INFO - [2026-02-25T00:04:28.413+0000] {dag.py:3096} INFO - Sync 2 DAGs
[2026-02-25T00:04:28.440+0000] {logging_mixin.py:188} INFO - [2026-02-25T00:04:28.440+0000] {dag.py:3954} INFO - Setting next_dagrun for produce_json to 2026-02-24 14:00:00+00:00, run_after=2026-02-25 14:00:00+00:00
[2026-02-25T00:04:28.446+0000] {logging_mixin.py:188} INFO - [2026-02-25T00:04:28.446+0000] {dag.py:3954} INFO - Setting next_dagrun for update_db to 2026-02-24 15:00:00+00:00, run_after=2026-02-25 15:00:00+00:00
[2026-02-25T00:04:28.464+0000] {processor.py:183} INFO - Processing /opt/airflow/dags/main.py took 0.184 seconds
[2026-02-25T00:04:58.671+0000] {processor.py:161} INFO - Started process (PID=2327) to work on /opt/airflow/dags/main.py
[2026-02-25T00:04:58.673+0000] {processor.py:830} INFO - Processing file /opt/airflow/dags/main.py for tasks to queue
[2026-02-25T00:04:58.675+0000] {logging_mixin.py:188} INFO - [2026-02-25T00:04:58.675+0000] {dagbag.py:545} INFO - Filling up the DagBag from /opt/airflow/dags/main.py
[2026-02-25T00:04:58.765+0000] {processor.py:840} INFO - DAG(s) 'produce_json', 'update_db' retrieved from /opt/airflow/dags/main.py
[2026-02-25T00:04:58.808+0000] {logging_mixin.py:188} INFO - [2026-02-25T00:04:58.808+0000] {dag.py:3096} INFO - Sync 2 DAGs
[2026-02-25T00:04:58.829+0000] {logging_mixin.py:188} INFO - [2026-02-25T00:04:58.829+0000] {dag.py:3954} INFO - Setting next_dagrun for produce_json to 2026-02-24 14:00:00+00:00, run_after=2026-02-25 14:00:00+00:00
[2026-02-25T00:04:58.834+0000] {logging_mixin.py:188} INFO - [2026-02-25T00:04:58.834+0000] {dag.py:3954} INFO - Setting next_dagrun for update_db to 2026-02-24 15:00:00+00:00, run_after=2026-02-25 15:00:00+00:00
[2026-02-25T00:04:58.863+0000] {processor.py:183} INFO - Processing /opt/airflow/dags/main.py took 0.197 seconds
[2026-02-25T00:05:28.932+0000] {processor.py:161} INFO - Started process (PID=2334) to work on /opt/airflow/dags/main.py
[2026-02-25T00:05:28.933+0000] {processor.py:830} INFO - Processing file /opt/airflow/dags/main.py for tasks to queue
[2026-02-25T00:05:28.936+0000] {logging_mixin.py:188} INFO - [2026-02-25T00:05:28.935+0000] {dagbag.py:545} INFO - Filling up the DagBag from /opt/airflow/dags/main.py
[2026-02-25T00:05:29.022+0000] {processor.py:840} INFO - DAG(s) 'produce_json', 'update_db' retrieved from /opt/airflow/dags/main.py
[2026-02-25T00:05:29.056+0000] {logging_mixin.py:188} INFO - [2026-02-25T00:05:29.055+0000] {dag.py:3096} INFO - Sync 2 DAGs
[2026-02-25T00:05:29.079+0000] {logging_mixin.py:188} INFO - [2026-02-25T00:05:29.079+0000] {dag.py:3954} INFO - Setting next_dagrun for produce_json to 2026-02-24 14:00:00+00:00, run_after=2026-02-25 14:00:00+00:00
[2026-02-25T00:05:29.085+0000] {logging_mixin.py:188} INFO - [2026-02-25T00:05:29.084+0000] {dag.py:3954} INFO - Setting next_dagrun for update_db to 2026-02-24 15:00:00+00:00, run_after=2026-02-25 15:00:00+00:00
[2026-02-25T00:05:29.255+0000] {processor.py:183} INFO - Processing /opt/airflow/dags/main.py took 0.330 seconds
[2026-02-25T00:05:59.339+0000] {processor.py:161} INFO - Started process (PID=2341) to work on /opt/airflow/dags/main.py
[2026-02-25T00:05:59.341+0000] {processor.py:830} INFO - Processing file /opt/airflow/dags/main.py for tasks to queue
[2026-02-25T00:05:59.345+0000] {logging_mixin.py:188} INFO - [2026-02-25T00:05:59.344+0000] {dagbag.py:545} INFO - Filling up the DagBag from /opt/airflow/dags/main.py
[2026-02-25T00:05:59.662+0000] {processor.py:840} INFO - DAG(s) 'update_db', 'produce_json' retrieved from /opt/airflow/dags/main.py
[2026-02-25T00:05:59.691+0000] {logging_mixin.py:188} INFO - [2026-02-25T00:05:59.691+0000] {dag.py:3096} INFO - Sync 2 DAGs
[2026-02-25T00:05:59.852+0000] {logging_mixin.py:188} INFO - [2026-02-25T00:05:59.851+0000] {dag.py:3954} INFO - Setting next_dagrun for produce_json to 2026-02-24 14:00:00+00:00, run_after=2026-02-25 14:00:00+00:00
[2026-02-25T00:05:59.858+0000] {logging_mixin.py:188} INFO - [2026-02-25T00:05:59.858+0000] {dag.py:3954} INFO - Setting next_dagrun for update_db to 2026-02-24 15:00:00+00:00, run_after=2026-02-25 15:00:00+00:00
[2026-02-25T00:05:59.875+0000] {processor.py:183} INFO - Processing /opt/airflow/dags/main.py took 0.546 seconds
[2026-02-25T00:06:30.152+0000] {processor.py:161} INFO - Started process (PID=2348) to work on /opt/airflow/dags/main.py
[2026-02-25T00:06:30.153+0000] {processor.py:830} INFO - Processing file /opt/airflow/dags/main.py for tasks to queue
[2026-02-25T00:06:30.155+0000] {logging_mixin.py:188} INFO - [2026-02-25T00:06:30.155+0000] {dagbag.py:545} INFO - Filling up the DagBag from /opt/airflow/dags/main.py
[2026-02-25T00:06:30.233+0000] {processor.py:840} INFO - DAG(s) 'update_db', 'produce_json' retrieved from /opt/airflow/dags/main.py
[2026-02-25T00:06:30.264+0000] {logging_mixin.py:188} INFO - [2026-02-25T00:06:30.263+0000] {dag.py:3096} INFO - Sync 2 DAGs
[2026-02-25T00:06:30.285+0000] {logging_mixin.py:188} INFO - [2026-02-25T00:06:30.284+0000] {dag.py:3954} INFO - Setting next_dagrun for produce_json to 2026-02-24 14:00:00+00:00, run_after=2026-02-25 14:00:00+00:00
[2026-02-25T00:06:30.290+0000] {logging_mixin.py:188} INFO - [2026-02-25T00:06:30.289+0000] {dag.py:3954} INFO - Setting next_dagrun for update_db to 2026-02-24 15:00:00+00:00, run_after=2026-02-25 15:00:00+00:00
[2026-02-25T00:06:30.308+0000] {processor.py:183} INFO - Processing /opt/airflow/dags/main.py took 0.162 seconds
[2026-02-25T00:07:00.533+0000] {processor.py:161} INFO - Started process (PID=2355) to work on /opt/airflow/dags/main.py
[2026-02-25T00:07:00.535+0000] {processor.py:830} INFO - Processing file /opt/airflow/dags/main.py for tasks to queue
[2026-02-25T00:07:00.538+0000] {logging_mixin.py:188} INFO - [2026-02-25T00:07:00.538+0000] {dagbag.py:545} INFO - Filling up the DagBag from /opt/airflow/dags/main.py
[2026-02-25T00:07:00.652+0000] {processor.py:840} INFO - DAG(s) 'produce_json', 'update_db' retrieved from /opt/airflow/dags/main.py
[2026-02-25T00:07:00.693+0000] {logging_mixin.py:188} INFO - [2026-02-25T00:07:00.693+0000] {dag.py:3096} INFO - Sync 2 DAGs
[2026-02-25T00:07:00.720+0000] {logging_mixin.py:188} INFO - [2026-02-25T00:07:00.720+0000] {dag.py:3954} INFO - Setting next_dagrun for produce_json to 2026-02-24 14:00:00+00:00, run_after=2026-02-25 14:00:00+00:00
[2026-02-25T00:07:00.725+0000] {logging_mixin.py:188} INFO - [2026-02-25T00:07:00.725+0000] {dag.py:3954} INFO - Setting next_dagrun for update_db to 2026-02-24 15:00:00+00:00, run_after=2026-02-25 15:00:00+00:00
[2026-02-25T00:07:00.759+0000] {processor.py:183} INFO - Processing /opt/airflow/dags/main.py took 0.232 seconds
[2026-02-25T00:07:31.003+0000] {processor.py:161} INFO - Started process (PID=2362) to work on /opt/airflow/dags/main.py
[2026-02-25T00:07:31.004+0000] {processor.py:830} INFO - Processing file /opt/airflow/dags/main.py for tasks to queue
[2026-02-25T00:07:31.006+0000] {logging_mixin.py:188} INFO - [2026-02-25T00:07:31.005+0000] {dagbag.py:545} INFO - Filling up the DagBag from /opt/airflow/dags/main.py
[2026-02-25T00:07:31.105+0000] {processor.py:840} INFO - DAG(s) 'produce_json', 'update_db' retrieved from /opt/airflow/dags/main.py
[2026-02-25T00:07:31.141+0000] {logging_mixin.py:188} INFO - [2026-02-25T00:07:31.140+0000] {dag.py:3096} INFO - Sync 2 DAGs
[2026-02-25T00:07:31.164+0000] {logging_mixin.py:188} INFO - [2026-02-25T00:07:31.164+0000] {dag.py:3954} INFO - Setting next_dagrun for produce_json to 2026-02-24 14:00:00+00:00, run_after=2026-02-25 14:00:00+00:00
[2026-02-25T00:07:31.169+0000] {logging_mixin.py:188} INFO - [2026-02-25T00:07:31.169+0000] {dag.py:3954} INFO - Setting next_dagrun for update_db to 2026-02-24 15:00:00+00:00, run_after=2026-02-25 15:00:00+00:00
[2026-02-25T00:07:31.191+0000] {processor.py:183} INFO - Processing /opt/airflow/dags/main.py took 0.194 seconds
[2026-02-25T00:08:01.278+0000] {processor.py:161} INFO - Started process (PID=2369) to work on /opt/airflow/dags/main.py
[2026-02-25T00:08:01.279+0000] {processor.py:830} INFO - Processing file /opt/airflow/dags/main.py for tasks to queue
[2026-02-25T00:08:01.282+0000] {logging_mixin.py:188} INFO - [2026-02-25T00:08:01.281+0000] {dagbag.py:545} INFO - Filling up the DagBag from /opt/airflow/dags/main.py
[2026-02-25T00:08:01.371+0000] {processor.py:840} INFO - DAG(s) 'produce_json', 'update_db' retrieved from /opt/airflow/dags/main.py
[2026-02-25T00:08:01.402+0000] {logging_mixin.py:188} INFO - [2026-02-25T00:08:01.401+0000] {dag.py:3096} INFO - Sync 2 DAGs
[2026-02-25T00:08:01.425+0000] {logging_mixin.py:188} INFO - [2026-02-25T00:08:01.425+0000] {dag.py:3954} INFO - Setting next_dagrun for produce_json to 2026-02-24 14:00:00+00:00, run_after=2026-02-25 14:00:00+00:00
[2026-02-25T00:08:01.430+0000] {logging_mixin.py:188} INFO - [2026-02-25T00:08:01.430+0000] {dag.py:3954} INFO - Setting next_dagrun for update_db to 2026-02-24 15:00:00+00:00, run_after=2026-02-25 15:00:00+00:00
[2026-02-25T00:08:01.461+0000] {processor.py:183} INFO - Processing /opt/airflow/dags/main.py took 0.189 seconds
[2026-02-25T00:08:31.636+0000] {processor.py:161} INFO - Started process (PID=2376) to work on /opt/airflow/dags/main.py
[2026-02-25T00:08:31.638+0000] {processor.py:830} INFO - Processing file /opt/airflow/dags/main.py for tasks to queue
[2026-02-25T00:08:31.640+0000] {logging_mixin.py:188} INFO - [2026-02-25T00:08:31.639+0000] {dagbag.py:545} INFO - Filling up the DagBag from /opt/airflow/dags/main.py
[2026-02-25T00:08:31.719+0000] {processor.py:840} INFO - DAG(s) 'produce_json', 'update_db' retrieved from /opt/airflow/dags/main.py
[2026-02-25T00:08:31.748+0000] {logging_mixin.py:188} INFO - [2026-02-25T00:08:31.748+0000] {dag.py:3096} INFO - Sync 2 DAGs
[2026-02-25T00:08:31.773+0000] {logging_mixin.py:188} INFO - [2026-02-25T00:08:31.772+0000] {dag.py:3954} INFO - Setting next_dagrun for produce_json to 2026-02-24 14:00:00+00:00, run_after=2026-02-25 14:00:00+00:00
[2026-02-25T00:08:31.779+0000] {logging_mixin.py:188} INFO - [2026-02-25T00:08:31.778+0000] {dag.py:3954} INFO - Setting next_dagrun for update_db to 2026-02-24 15:00:00+00:00, run_after=2026-02-25 15:00:00+00:00
[2026-02-25T00:08:31.943+0000] {processor.py:183} INFO - Processing /opt/airflow/dags/main.py took 0.312 seconds
[2026-02-25T00:09:02.238+0000] {processor.py:161} INFO - Started process (PID=2383) to work on /opt/airflow/dags/main.py
[2026-02-25T00:09:02.239+0000] {processor.py:830} INFO - Processing file /opt/airflow/dags/main.py for tasks to queue
[2026-02-25T00:09:02.241+0000] {logging_mixin.py:188} INFO - [2026-02-25T00:09:02.241+0000] {dagbag.py:545} INFO - Filling up the DagBag from /opt/airflow/dags/main.py
[2026-02-25T00:09:02.321+0000] {processor.py:840} INFO - DAG(s) 'update_db', 'produce_json' retrieved from /opt/airflow/dags/main.py
[2026-02-25T00:09:02.350+0000] {logging_mixin.py:188} INFO - [2026-02-25T00:09:02.349+0000] {dag.py:3096} INFO - Sync 2 DAGs
[2026-02-25T00:09:02.499+0000] {logging_mixin.py:188} INFO - [2026-02-25T00:09:02.499+0000] {dag.py:3954} INFO - Setting next_dagrun for produce_json to 2026-02-24 14:00:00+00:00, run_after=2026-02-25 14:00:00+00:00
[2026-02-25T00:09:02.504+0000] {logging_mixin.py:188} INFO - [2026-02-25T00:09:02.504+0000] {dag.py:3954} INFO - Setting next_dagrun for update_db to 2026-02-24 15:00:00+00:00, run_after=2026-02-25 15:00:00+00:00
[2026-02-25T00:09:02.532+0000] {processor.py:183} INFO - Processing /opt/airflow/dags/main.py took 0.300 seconds
[2026-02-25T00:09:32.803+0000] {processor.py:161} INFO - Started process (PID=2390) to work on /opt/airflow/dags/main.py
[2026-02-25T00:09:32.805+0000] {processor.py:830} INFO - Processing file /opt/airflow/dags/main.py for tasks to queue
[2026-02-25T00:09:32.806+0000] {logging_mixin.py:188} INFO - [2026-02-25T00:09:32.806+0000] {dagbag.py:545} INFO - Filling up the DagBag from /opt/airflow/dags/main.py
[2026-02-25T00:09:32.889+0000] {processor.py:840} INFO - DAG(s) 'update_db', 'produce_json' retrieved from /opt/airflow/dags/main.py
[2026-02-25T00:09:32.921+0000] {logging_mixin.py:188} INFO - [2026-02-25T00:09:32.921+0000] {dag.py:3096} INFO - Sync 2 DAGs
[2026-02-25T00:09:32.941+0000] {logging_mixin.py:188} INFO - [2026-02-25T00:09:32.940+0000] {dag.py:3954} INFO - Setting next_dagrun for produce_json to 2026-02-24 14:00:00+00:00, run_after=2026-02-25 14:00:00+00:00
[2026-02-25T00:09:32.946+0000] {logging_mixin.py:188} INFO - [2026-02-25T00:09:32.946+0000] {dag.py:3954} INFO - Setting next_dagrun for update_db to 2026-02-24 15:00:00+00:00, run_after=2026-02-25 15:00:00+00:00
[2026-02-25T00:09:32.966+0000] {processor.py:183} INFO - Processing /opt/airflow/dags/main.py took 0.168 seconds
[2026-02-25T00:10:03.051+0000] {processor.py:161} INFO - Started process (PID=2397) to work on /opt/airflow/dags/main.py
[2026-02-25T00:10:03.052+0000] {processor.py:830} INFO - Processing file /opt/airflow/dags/main.py for tasks to queue
[2026-02-25T00:10:03.055+0000] {logging_mixin.py:188} INFO - [2026-02-25T00:10:03.054+0000] {dagbag.py:545} INFO - Filling up the DagBag from /opt/airflow/dags/main.py
[2026-02-25T00:10:03.153+0000] {processor.py:840} INFO - DAG(s) 'update_db', 'produce_json' retrieved from /opt/airflow/dags/main.py
[2026-02-25T00:10:03.194+0000] {logging_mixin.py:188} INFO - [2026-02-25T00:10:03.193+0000] {dag.py:3096} INFO - Sync 2 DAGs
[2026-02-25T00:10:03.223+0000] {logging_mixin.py:188} INFO - [2026-02-25T00:10:03.223+0000] {dag.py:3954} INFO - Setting next_dagrun for produce_json to 2026-02-24 14:00:00+00:00, run_after=2026-02-25 14:00:00+00:00
[2026-02-25T00:10:03.231+0000] {logging_mixin.py:188} INFO - [2026-02-25T00:10:03.230+0000] {dag.py:3954} INFO - Setting next_dagrun for update_db to 2026-02-24 15:00:00+00:00, run_after=2026-02-25 15:00:00+00:00
[2026-02-25T00:10:03.257+0000] {processor.py:183} INFO - Processing /opt/airflow/dags/main.py took 0.211 seconds
[2026-02-25T00:10:33.396+0000] {processor.py:161} INFO - Started process (PID=2404) to work on /opt/airflow/dags/main.py
[2026-02-25T00:10:33.397+0000] {processor.py:830} INFO - Processing file /opt/airflow/dags/main.py for tasks to queue
[2026-02-25T00:10:33.399+0000] {logging_mixin.py:188} INFO - [2026-02-25T00:10:33.399+0000] {dagbag.py:545} INFO - Filling up the DagBag from /opt/airflow/dags/main.py
[2026-02-25T00:10:33.499+0000] {processor.py:840} INFO - DAG(s) 'update_db', 'produce_json' retrieved from /opt/airflow/dags/main.py
[2026-02-25T00:10:33.531+0000] {logging_mixin.py:188} INFO - [2026-02-25T00:10:33.531+0000] {dag.py:3096} INFO - Sync 2 DAGs
[2026-02-25T00:10:33.555+0000] {logging_mixin.py:188} INFO - [2026-02-25T00:10:33.555+0000] {dag.py:3954} INFO - Setting next_dagrun for produce_json to 2026-02-24 14:00:00+00:00, run_after=2026-02-25 14:00:00+00:00
[2026-02-25T00:10:33.567+0000] {logging_mixin.py:188} INFO - [2026-02-25T00:10:33.567+0000] {dag.py:3954} INFO - Setting next_dagrun for update_db to 2026-02-24 15:00:00+00:00, run_after=2026-02-25 15:00:00+00:00
[2026-02-25T00:10:33.587+0000] {processor.py:183} INFO - Processing /opt/airflow/dags/main.py took 0.197 seconds
[2026-02-25T00:11:03.669+0000] {processor.py:161} INFO - Started process (PID=2411) to work on /opt/airflow/dags/main.py
[2026-02-25T00:11:03.670+0000] {processor.py:830} INFO - Processing file /opt/airflow/dags/main.py for tasks to queue
[2026-02-25T00:11:03.673+0000] {logging_mixin.py:188} INFO - [2026-02-25T00:11:03.673+0000] {dagbag.py:545} INFO - Filling up the DagBag from /opt/airflow/dags/main.py
[2026-02-25T00:11:03.760+0000] {processor.py:840} INFO - DAG(s) 'produce_json', 'update_db' retrieved from /opt/airflow/dags/main.py
[2026-02-25T00:11:03.791+0000] {logging_mixin.py:188} INFO - [2026-02-25T00:11:03.791+0000] {dag.py:3096} INFO - Sync 2 DAGs
[2026-02-25T00:11:03.812+0000] {logging_mixin.py:188} INFO - [2026-02-25T00:11:03.812+0000] {dag.py:3954} INFO - Setting next_dagrun for produce_json to 2026-02-24 14:00:00+00:00, run_after=2026-02-25 14:00:00+00:00
[2026-02-25T00:11:03.817+0000] {logging_mixin.py:188} INFO - [2026-02-25T00:11:03.817+0000] {dag.py:3954} INFO - Setting next_dagrun for update_db to 2026-02-24 15:00:00+00:00, run_after=2026-02-25 15:00:00+00:00
[2026-02-25T00:11:03.838+0000] {processor.py:183} INFO - Processing /opt/airflow/dags/main.py took 0.176 seconds
[2026-02-25T00:11:34.030+0000] {processor.py:161} INFO - Started process (PID=2418) to work on /opt/airflow/dags/main.py
[2026-02-25T00:11:34.031+0000] {processor.py:830} INFO - Processing file /opt/airflow/dags/main.py for tasks to queue
[2026-02-25T00:11:34.034+0000] {logging_mixin.py:188} INFO - [2026-02-25T00:11:34.034+0000] {dagbag.py:545} INFO - Filling up the DagBag from /opt/airflow/dags/main.py
[2026-02-25T00:11:34.118+0000] {processor.py:840} INFO - DAG(s) 'update_db', 'produce_json' retrieved from /opt/airflow/dags/main.py
[2026-02-25T00:11:34.146+0000] {logging_mixin.py:188} INFO - [2026-02-25T00:11:34.146+0000] {dag.py:3096} INFO - Sync 2 DAGs
[2026-02-25T00:11:34.170+0000] {logging_mixin.py:188} INFO - [2026-02-25T00:11:34.170+0000] {dag.py:3954} INFO - Setting next_dagrun for produce_json to 2026-02-24 14:00:00+00:00, run_after=2026-02-25 14:00:00+00:00
[2026-02-25T00:11:34.313+0000] {logging_mixin.py:188} INFO - [2026-02-25T00:11:34.312+0000] {dag.py:3954} INFO - Setting next_dagrun for update_db to 2026-02-24 15:00:00+00:00, run_after=2026-02-25 15:00:00+00:00
[2026-02-25T00:11:34.335+0000] {processor.py:183} INFO - Processing /opt/airflow/dags/main.py took 0.310 seconds
[2026-02-25T00:12:04.701+0000] {processor.py:161} INFO - Started process (PID=2425) to work on /opt/airflow/dags/main.py
[2026-02-25T00:12:04.703+0000] {processor.py:830} INFO - Processing file /opt/airflow/dags/main.py for tasks to queue
[2026-02-25T00:12:04.705+0000] {logging_mixin.py:188} INFO - [2026-02-25T00:12:04.705+0000] {dagbag.py:545} INFO - Filling up the DagBag from /opt/airflow/dags/main.py
[2026-02-25T00:12:04.797+0000] {processor.py:840} INFO - DAG(s) 'update_db', 'produce_json' retrieved from /opt/airflow/dags/main.py
[2026-02-25T00:12:04.829+0000] {logging_mixin.py:188} INFO - [2026-02-25T00:12:04.828+0000] {dag.py:3096} INFO - Sync 2 DAGs
[2026-02-25T00:12:04.991+0000] {logging_mixin.py:188} INFO - [2026-02-25T00:12:04.991+0000] {dag.py:3954} INFO - Setting next_dagrun for produce_json to 2026-02-24 14:00:00+00:00, run_after=2026-02-25 14:00:00+00:00
[2026-02-25T00:12:04.996+0000] {logging_mixin.py:188} INFO - [2026-02-25T00:12:04.996+0000] {dag.py:3954} INFO - Setting next_dagrun for update_db to 2026-02-24 15:00:00+00:00, run_after=2026-02-25 15:00:00+00:00
[2026-02-25T00:12:05.016+0000] {processor.py:183} INFO - Processing /opt/airflow/dags/main.py took 0.321 seconds
[2026-02-25T00:12:35.297+0000] {processor.py:161} INFO - Started process (PID=2432) to work on /opt/airflow/dags/main.py
[2026-02-25T00:12:35.298+0000] {processor.py:830} INFO - Processing file /opt/airflow/dags/main.py for tasks to queue
[2026-02-25T00:12:35.300+0000] {logging_mixin.py:188} INFO - [2026-02-25T00:12:35.300+0000] {dagbag.py:545} INFO - Filling up the DagBag from /opt/airflow/dags/main.py
[2026-02-25T00:12:35.383+0000] {processor.py:840} INFO - DAG(s) 'produce_json', 'update_db' retrieved from /opt/airflow/dags/main.py
[2026-02-25T00:12:35.417+0000] {logging_mixin.py:188} INFO - [2026-02-25T00:12:35.416+0000] {dag.py:3096} INFO - Sync 2 DAGs
[2026-02-25T00:12:35.439+0000] {logging_mixin.py:188} INFO - [2026-02-25T00:12:35.439+0000] {dag.py:3954} INFO - Setting next_dagrun for produce_json to 2026-02-24 14:00:00+00:00, run_after=2026-02-25 14:00:00+00:00
[2026-02-25T00:12:35.444+0000] {logging_mixin.py:188} INFO - [2026-02-25T00:12:35.444+0000] {dag.py:3954} INFO - Setting next_dagrun for update_db to 2026-02-24 15:00:00+00:00, run_after=2026-02-25 15:00:00+00:00
[2026-02-25T00:12:35.475+0000] {processor.py:183} INFO - Processing /opt/airflow/dags/main.py took 0.185 seconds
[2026-02-25T00:13:05.534+0000] {processor.py:161} INFO - Started process (PID=2439) to work on /opt/airflow/dags/main.py
[2026-02-25T00:13:05.536+0000] {processor.py:830} INFO - Processing file /opt/airflow/dags/main.py for tasks to queue
[2026-02-25T00:13:05.539+0000] {logging_mixin.py:188} INFO - [2026-02-25T00:13:05.539+0000] {dagbag.py:545} INFO - Filling up the DagBag from /opt/airflow/dags/main.py
[2026-02-25T00:13:05.674+0000] {processor.py:840} INFO - DAG(s) 'produce_json', 'update_db' retrieved from /opt/airflow/dags/main.py
[2026-02-25T00:13:05.721+0000] {logging_mixin.py:188} INFO - [2026-02-25T00:13:05.721+0000] {dag.py:3096} INFO - Sync 2 DAGs
[2026-02-25T00:13:05.752+0000] {logging_mixin.py:188} INFO - [2026-02-25T00:13:05.752+0000] {dag.py:3954} INFO - Setting next_dagrun for produce_json to 2026-02-24 14:00:00+00:00, run_after=2026-02-25 14:00:00+00:00
[2026-02-25T00:13:05.758+0000] {logging_mixin.py:188} INFO - [2026-02-25T00:13:05.758+0000] {dag.py:3954} INFO - Setting next_dagrun for update_db to 2026-02-24 15:00:00+00:00, run_after=2026-02-25 15:00:00+00:00
[2026-02-25T00:13:05.783+0000] {processor.py:183} INFO - Processing /opt/airflow/dags/main.py took 0.255 seconds
[2026-02-25T00:13:35.967+0000] {processor.py:161} INFO - Started process (PID=2446) to work on /opt/airflow/dags/main.py
[2026-02-25T00:13:35.968+0000] {processor.py:830} INFO - Processing file /opt/airflow/dags/main.py for tasks to queue
[2026-02-25T00:13:35.970+0000] {logging_mixin.py:188} INFO - [2026-02-25T00:13:35.969+0000] {dagbag.py:545} INFO - Filling up the DagBag from /opt/airflow/dags/main.py
[2026-02-25T00:13:36.074+0000] {processor.py:840} INFO - DAG(s) 'produce_json', 'update_db' retrieved from /opt/airflow/dags/main.py
[2026-02-25T00:13:36.112+0000] {logging_mixin.py:188} INFO - [2026-02-25T00:13:36.111+0000] {dag.py:3096} INFO - Sync 2 DAGs
[2026-02-25T00:13:36.136+0000] {logging_mixin.py:188} INFO - [2026-02-25T00:13:36.136+0000] {dag.py:3954} INFO - Setting next_dagrun for produce_json to 2026-02-24 14:00:00+00:00, run_after=2026-02-25 14:00:00+00:00
[2026-02-25T00:13:36.142+0000] {logging_mixin.py:188} INFO - [2026-02-25T00:13:36.142+0000] {dag.py:3954} INFO - Setting next_dagrun for update_db to 2026-02-24 15:00:00+00:00, run_after=2026-02-25 15:00:00+00:00
[2026-02-25T00:13:36.174+0000] {processor.py:183} INFO - Processing /opt/airflow/dags/main.py took 0.215 seconds
[2026-02-25T00:14:06.252+0000] {processor.py:161} INFO - Started process (PID=2454) to work on /opt/airflow/dags/main.py
[2026-02-25T00:14:06.254+0000] {processor.py:830} INFO - Processing file /opt/airflow/dags/main.py for tasks to queue
[2026-02-25T00:14:06.256+0000] {logging_mixin.py:188} INFO - [2026-02-25T00:14:06.255+0000] {dagbag.py:545} INFO - Filling up the DagBag from /opt/airflow/dags/main.py
[2026-02-25T00:14:06.346+0000] {processor.py:840} INFO - DAG(s) 'update_db', 'produce_json' retrieved from /opt/airflow/dags/main.py
[2026-02-25T00:14:06.381+0000] {logging_mixin.py:188} INFO - [2026-02-25T00:14:06.380+0000] {dag.py:3096} INFO - Sync 2 DAGs
[2026-02-25T00:14:06.407+0000] {logging_mixin.py:188} INFO - [2026-02-25T00:14:06.407+0000] {dag.py:3954} INFO - Setting next_dagrun for produce_json to 2026-02-24 14:00:00+00:00, run_after=2026-02-25 14:00:00+00:00
[2026-02-25T00:14:06.412+0000] {logging_mixin.py:188} INFO - [2026-02-25T00:14:06.412+0000] {dag.py:3954} INFO - Setting next_dagrun for update_db to 2026-02-24 15:00:00+00:00, run_after=2026-02-25 15:00:00+00:00
[2026-02-25T00:14:06.434+0000] {processor.py:183} INFO - Processing /opt/airflow/dags/main.py took 0.189 seconds
[2026-02-25T00:14:36.652+0000] {processor.py:161} INFO - Started process (PID=2461) to work on /opt/airflow/dags/main.py
[2026-02-25T00:14:36.653+0000] {processor.py:830} INFO - Processing file /opt/airflow/dags/main.py for tasks to queue
[2026-02-25T00:14:36.655+0000] {logging_mixin.py:188} INFO - [2026-02-25T00:14:36.655+0000] {dagbag.py:545} INFO - Filling up the DagBag from /opt/airflow/dags/main.py
[2026-02-25T00:14:36.763+0000] {processor.py:840} INFO - DAG(s) 'produce_json', 'update_db' retrieved from /opt/airflow/dags/main.py
[2026-02-25T00:14:36.812+0000] {logging_mixin.py:188} INFO - [2026-02-25T00:14:36.812+0000] {dag.py:3096} INFO - Sync 2 DAGs
[2026-02-25T00:14:37.008+0000] {logging_mixin.py:188} INFO - [2026-02-25T00:14:37.007+0000] {dag.py:3954} INFO - Setting next_dagrun for produce_json to 2026-02-24 14:00:00+00:00, run_after=2026-02-25 14:00:00+00:00
[2026-02-25T00:14:37.013+0000] {logging_mixin.py:188} INFO - [2026-02-25T00:14:37.013+0000] {dag.py:3954} INFO - Setting next_dagrun for update_db to 2026-02-24 15:00:00+00:00, run_after=2026-02-25 15:00:00+00:00
[2026-02-25T00:14:37.042+0000] {processor.py:183} INFO - Processing /opt/airflow/dags/main.py took 0.396 seconds
[2026-02-25T00:15:07.268+0000] {processor.py:161} INFO - Started process (PID=2468) to work on /opt/airflow/dags/main.py
[2026-02-25T00:15:07.269+0000] {processor.py:830} INFO - Processing file /opt/airflow/dags/main.py for tasks to queue
[2026-02-25T00:15:07.272+0000] {logging_mixin.py:188} INFO - [2026-02-25T00:15:07.271+0000] {dagbag.py:545} INFO - Filling up the DagBag from /opt/airflow/dags/main.py
[2026-02-25T00:15:07.393+0000] {processor.py:840} INFO - DAG(s) 'update_db', 'produce_json' retrieved from /opt/airflow/dags/main.py
[2026-02-25T00:15:07.429+0000] {logging_mixin.py:188} INFO - [2026-02-25T00:15:07.428+0000] {dag.py:3096} INFO - Sync 2 DAGs
[2026-02-25T00:15:07.599+0000] {logging_mixin.py:188} INFO - [2026-02-25T00:15:07.599+0000] {dag.py:3954} INFO - Setting next_dagrun for produce_json to 2026-02-24 14:00:00+00:00, run_after=2026-02-25 14:00:00+00:00
[2026-02-25T00:15:07.608+0000] {logging_mixin.py:188} INFO - [2026-02-25T00:15:07.607+0000] {dag.py:3954} INFO - Setting next_dagrun for update_db to 2026-02-24 15:00:00+00:00, run_after=2026-02-25 15:00:00+00:00
[2026-02-25T00:15:07.633+0000] {processor.py:183} INFO - Processing /opt/airflow/dags/main.py took 0.371 seconds
[2026-02-25T00:15:37.923+0000] {processor.py:161} INFO - Started process (PID=2475) to work on /opt/airflow/dags/main.py
[2026-02-25T00:15:37.924+0000] {processor.py:830} INFO - Processing file /opt/airflow/dags/main.py for tasks to queue
[2026-02-25T00:15:37.933+0000] {logging_mixin.py:188} INFO - [2026-02-25T00:15:37.931+0000] {dagbag.py:545} INFO - Filling up the DagBag from /opt/airflow/dags/main.py
[2026-02-25T00:15:38.161+0000] {processor.py:840} INFO - DAG(s) 'update_db', 'produce_json' retrieved from /opt/airflow/dags/main.py
[2026-02-25T00:15:38.242+0000] {logging_mixin.py:188} INFO - [2026-02-25T00:15:38.241+0000] {dag.py:3096} INFO - Sync 2 DAGs
[2026-02-25T00:15:38.273+0000] {logging_mixin.py:188} INFO - [2026-02-25T00:15:38.272+0000] {dag.py:3954} INFO - Setting next_dagrun for produce_json to 2026-02-24 14:00:00+00:00, run_after=2026-02-25 14:00:00+00:00
[2026-02-25T00:15:38.280+0000] {logging_mixin.py:188} INFO - [2026-02-25T00:15:38.280+0000] {dag.py:3954} INFO - Setting next_dagrun for update_db to 2026-02-24 15:00:00+00:00, run_after=2026-02-25 15:00:00+00:00
[2026-02-25T00:15:38.301+0000] {processor.py:183} INFO - Processing /opt/airflow/dags/main.py took 0.397 seconds
[2026-02-25T00:16:08.534+0000] {processor.py:161} INFO - Started process (PID=2482) to work on /opt/airflow/dags/main.py
[2026-02-25T00:16:08.536+0000] {processor.py:830} INFO - Processing file /opt/airflow/dags/main.py for tasks to queue
[2026-02-25T00:16:08.538+0000] {logging_mixin.py:188} INFO - [2026-02-25T00:16:08.538+0000] {dagbag.py:545} INFO - Filling up the DagBag from /opt/airflow/dags/main.py
[2026-02-25T00:16:08.630+0000] {processor.py:840} INFO - DAG(s) 'update_db', 'produce_json' retrieved from /opt/airflow/dags/main.py
[2026-02-25T00:16:08.668+0000] {logging_mixin.py:188} INFO - [2026-02-25T00:16:08.667+0000] {dag.py:3096} INFO - Sync 2 DAGs
[2026-02-25T00:16:08.691+0000] {logging_mixin.py:188} INFO - [2026-02-25T00:16:08.691+0000] {dag.py:3954} INFO - Setting next_dagrun for produce_json to 2026-02-24 14:00:00+00:00, run_after=2026-02-25 14:00:00+00:00
[2026-02-25T00:16:08.696+0000] {logging_mixin.py:188} INFO - [2026-02-25T00:16:08.696+0000] {dag.py:3954} INFO - Setting next_dagrun for update_db to 2026-02-24 15:00:00+00:00, run_after=2026-02-25 15:00:00+00:00
[2026-02-25T00:16:08.721+0000] {processor.py:183} INFO - Processing /opt/airflow/dags/main.py took 0.194 seconds
[2026-02-25T00:16:38.966+0000] {processor.py:161} INFO - Started process (PID=2489) to work on /opt/airflow/dags/main.py
[2026-02-25T00:16:38.968+0000] {processor.py:830} INFO - Processing file /opt/airflow/dags/main.py for tasks to queue
[2026-02-25T00:16:38.970+0000] {logging_mixin.py:188} INFO - [2026-02-25T00:16:38.969+0000] {dagbag.py:545} INFO - Filling up the DagBag from /opt/airflow/dags/main.py
[2026-02-25T00:16:39.068+0000] {processor.py:840} INFO - DAG(s) 'produce_json', 'update_db' retrieved from /opt/airflow/dags/main.py
[2026-02-25T00:16:39.105+0000] {logging_mixin.py:188} INFO - [2026-02-25T00:16:39.105+0000] {dag.py:3096} INFO - Sync 2 DAGs
[2026-02-25T00:16:39.127+0000] {logging_mixin.py:188} INFO - [2026-02-25T00:16:39.126+0000] {dag.py:3954} INFO - Setting next_dagrun for produce_json to 2026-02-24 14:00:00+00:00, run_after=2026-02-25 14:00:00+00:00
[2026-02-25T00:16:39.133+0000] {logging_mixin.py:188} INFO - [2026-02-25T00:16:39.133+0000] {dag.py:3954} INFO - Setting next_dagrun for update_db to 2026-02-24 15:00:00+00:00, run_after=2026-02-25 15:00:00+00:00
[2026-02-25T00:16:39.153+0000] {processor.py:183} INFO - Processing /opt/airflow/dags/main.py took 0.195 seconds
[2026-02-25T00:17:09.340+0000] {processor.py:161} INFO - Started process (PID=2496) to work on /opt/airflow/dags/main.py
[2026-02-25T00:17:09.341+0000] {processor.py:830} INFO - Processing file /opt/airflow/dags/main.py for tasks to queue
[2026-02-25T00:17:09.343+0000] {logging_mixin.py:188} INFO - [2026-02-25T00:17:09.342+0000] {dagbag.py:545} INFO - Filling up the DagBag from /opt/airflow/dags/main.py
[2026-02-25T00:17:09.453+0000] {processor.py:840} INFO - DAG(s) 'produce_json', 'update_db' retrieved from /opt/airflow/dags/main.py
[2026-02-25T00:17:09.494+0000] {logging_mixin.py:188} INFO - [2026-02-25T00:17:09.494+0000] {dag.py:3096} INFO - Sync 2 DAGs
[2026-02-25T00:17:09.519+0000] {logging_mixin.py:188} INFO - [2026-02-25T00:17:09.519+0000] {dag.py:3954} INFO - Setting next_dagrun for produce_json to 2026-02-24 14:00:00+00:00, run_after=2026-02-25 14:00:00+00:00
[2026-02-25T00:17:09.525+0000] {logging_mixin.py:188} INFO - [2026-02-25T00:17:09.525+0000] {dag.py:3954} INFO - Setting next_dagrun for update_db to 2026-02-24 15:00:00+00:00, run_after=2026-02-25 15:00:00+00:00
[2026-02-25T00:17:09.559+0000] {processor.py:183} INFO - Processing /opt/airflow/dags/main.py took 0.226 seconds
[2026-02-25T00:17:39.626+0000] {processor.py:161} INFO - Started process (PID=2503) to work on /opt/airflow/dags/main.py
[2026-02-25T00:17:39.627+0000] {processor.py:830} INFO - Processing file /opt/airflow/dags/main.py for tasks to queue
[2026-02-25T00:17:39.630+0000] {logging_mixin.py:188} INFO - [2026-02-25T00:17:39.629+0000] {dagbag.py:545} INFO - Filling up the DagBag from /opt/airflow/dags/main.py
[2026-02-25T00:17:39.733+0000] {processor.py:840} INFO - DAG(s) 'produce_json', 'update_db' retrieved from /opt/airflow/dags/main.py
[2026-02-25T00:17:39.772+0000] {logging_mixin.py:188} INFO - [2026-02-25T00:17:39.772+0000] {dag.py:3096} INFO - Sync 2 DAGs
[2026-02-25T00:17:40.002+0000] {logging_mixin.py:188} INFO - [2026-02-25T00:17:40.002+0000] {dag.py:3954} INFO - Setting next_dagrun for produce_json to 2026-02-24 14:00:00+00:00, run_after=2026-02-25 14:00:00+00:00
[2026-02-25T00:17:40.009+0000] {logging_mixin.py:188} INFO - [2026-02-25T00:17:40.008+0000] {dag.py:3954} INFO - Setting next_dagrun for update_db to 2026-02-24 15:00:00+00:00, run_after=2026-02-25 15:00:00+00:00
[2026-02-25T00:17:40.028+0000] {processor.py:183} INFO - Processing /opt/airflow/dags/main.py took 0.409 seconds
[2026-02-25T00:18:10.292+0000] {processor.py:161} INFO - Started process (PID=2510) to work on /opt/airflow/dags/main.py
[2026-02-25T00:18:10.293+0000] {processor.py:830} INFO - Processing file /opt/airflow/dags/main.py for tasks to queue
[2026-02-25T00:18:10.295+0000] {logging_mixin.py:188} INFO - [2026-02-25T00:18:10.294+0000] {dagbag.py:545} INFO - Filling up the DagBag from /opt/airflow/dags/main.py
[2026-02-25T00:18:10.404+0000] {processor.py:840} INFO - DAG(s) 'update_db', 'produce_json' retrieved from /opt/airflow/dags/main.py
[2026-02-25T00:18:10.436+0000] {logging_mixin.py:188} INFO - [2026-02-25T00:18:10.436+0000] {dag.py:3096} INFO - Sync 2 DAGs
[2026-02-25T00:18:10.608+0000] {logging_mixin.py:188} INFO - [2026-02-25T00:18:10.608+0000] {dag.py:3954} INFO - Setting next_dagrun for produce_json to 2026-02-24 14:00:00+00:00, run_after=2026-02-25 14:00:00+00:00
[2026-02-25T00:18:10.617+0000] {logging_mixin.py:188} INFO - [2026-02-25T00:18:10.616+0000] {dag.py:3954} INFO - Setting next_dagrun for update_db to 2026-02-24 15:00:00+00:00, run_after=2026-02-25 15:00:00+00:00
[2026-02-25T00:18:10.648+0000] {processor.py:183} INFO - Processing /opt/airflow/dags/main.py took 0.362 seconds
[2026-02-25T00:18:40.900+0000] {processor.py:161} INFO - Started process (PID=2523) to work on /opt/airflow/dags/main.py
[2026-02-25T00:18:40.901+0000] {processor.py:830} INFO - Processing file /opt/airflow/dags/main.py for tasks to queue
[2026-02-25T00:18:40.903+0000] {logging_mixin.py:188} INFO - [2026-02-25T00:18:40.902+0000] {dagbag.py:545} INFO - Filling up the DagBag from /opt/airflow/dags/main.py
[2026-02-25T00:18:41.011+0000] {processor.py:840} INFO - DAG(s) 'update_db', 'produce_json' retrieved from /opt/airflow/dags/main.py
[2026-02-25T00:18:41.050+0000] {logging_mixin.py:188} INFO - [2026-02-25T00:18:41.050+0000] {dag.py:3096} INFO - Sync 2 DAGs
[2026-02-25T00:18:41.075+0000] {logging_mixin.py:188} INFO - [2026-02-25T00:18:41.074+0000] {dag.py:3954} INFO - Setting next_dagrun for produce_json to 2026-02-24 14:00:00+00:00, run_after=2026-02-25 14:00:00+00:00
[2026-02-25T00:18:41.081+0000] {logging_mixin.py:188} INFO - [2026-02-25T00:18:41.081+0000] {dag.py:3954} INFO - Setting next_dagrun for update_db to 2026-02-24 15:00:00+00:00, run_after=2026-02-25 15:00:00+00:00
[2026-02-25T00:18:41.102+0000] {processor.py:183} INFO - Processing /opt/airflow/dags/main.py took 0.208 seconds
[2026-02-25T00:19:13.583+0000] {processor.py:161} INFO - Started process (PID=2530) to work on /opt/airflow/dags/main.py
[2026-02-25T00:19:13.593+0000] {processor.py:830} INFO - Processing file /opt/airflow/dags/main.py for tasks to queue
[2026-02-25T00:19:13.599+0000] {logging_mixin.py:188} INFO - [2026-02-25T00:19:13.598+0000] {dagbag.py:545} INFO - Filling up the DagBag from /opt/airflow/dags/main.py
[2026-02-25T00:19:13.973+0000] {processor.py:840} INFO - DAG(s) 'produce_json', 'update_db' retrieved from /opt/airflow/dags/main.py
[2026-02-25T00:19:14.105+0000] {logging_mixin.py:188} INFO - [2026-02-25T00:19:14.104+0000] {dag.py:3096} INFO - Sync 2 DAGs
[2026-02-25T00:19:14.204+0000] {logging_mixin.py:188} INFO - [2026-02-25T00:19:14.204+0000] {dag.py:3954} INFO - Setting next_dagrun for produce_json to 2026-02-24 14:00:00+00:00, run_after=2026-02-25 14:00:00+00:00
[2026-02-25T00:19:14.224+0000] {logging_mixin.py:188} INFO - [2026-02-25T00:19:14.224+0000] {dag.py:3954} INFO - Setting next_dagrun for update_db to 2026-02-24 15:00:00+00:00, run_after=2026-02-25 15:00:00+00:00
[2026-02-25T00:19:14.283+0000] {processor.py:183} INFO - Processing /opt/airflow/dags/main.py took 0.722 seconds
[2026-02-25T00:21:50.536+0000] {processor.py:161} INFO - Started process (PID=2531) to work on /opt/airflow/dags/main.py
[2026-02-25T00:21:50.537+0000] {processor.py:830} INFO - Processing file /opt/airflow/dags/main.py for tasks to queue
[2026-02-25T00:21:50.539+0000] {logging_mixin.py:188} INFO - [2026-02-25T00:21:50.539+0000] {dagbag.py:545} INFO - Filling up the DagBag from /opt/airflow/dags/main.py
[2026-02-25T00:21:50.662+0000] {processor.py:840} INFO - DAG(s) 'update_db', 'produce_json' retrieved from /opt/airflow/dags/main.py
[2026-02-25T00:21:50.709+0000] {logging_mixin.py:188} INFO - [2026-02-25T00:21:50.708+0000] {dag.py:3096} INFO - Sync 2 DAGs
[2026-02-25T00:21:50.768+0000] {logging_mixin.py:188} INFO - [2026-02-25T00:21:50.768+0000] {dag.py:3954} INFO - Setting next_dagrun for produce_json to 2026-02-24 14:00:00+00:00, run_after=2026-02-25 14:00:00+00:00
[2026-02-25T00:21:50.783+0000] {logging_mixin.py:188} INFO - [2026-02-25T00:21:50.783+0000] {dag.py:3954} INFO - Setting next_dagrun for update_db to 2026-02-24 15:00:00+00:00, run_after=2026-02-25 15:00:00+00:00
[2026-02-25T00:21:50.812+0000] {processor.py:183} INFO - Processing /opt/airflow/dags/main.py took 0.284 seconds
[2026-02-25T00:22:21.101+0000] {processor.py:161} INFO - Started process (PID=2538) to work on /opt/airflow/dags/main.py
[2026-02-25T00:22:21.102+0000] {processor.py:830} INFO - Processing file /opt/airflow/dags/main.py for tasks to queue
[2026-02-25T00:22:21.104+0000] {logging_mixin.py:188} INFO - [2026-02-25T00:22:21.104+0000] {dagbag.py:545} INFO - Filling up the DagBag from /opt/airflow/dags/main.py
[2026-02-25T00:22:21.192+0000] {processor.py:840} INFO - DAG(s) 'update_db', 'produce_json' retrieved from /opt/airflow/dags/main.py
[2026-02-25T00:22:21.224+0000] {logging_mixin.py:188} INFO - [2026-02-25T00:22:21.224+0000] {dag.py:3096} INFO - Sync 2 DAGs
[2026-02-25T00:22:21.246+0000] {logging_mixin.py:188} INFO - [2026-02-25T00:22:21.246+0000] {dag.py:3954} INFO - Setting next_dagrun for produce_json to 2026-02-24 14:00:00+00:00, run_after=2026-02-25 14:00:00+00:00
[2026-02-25T00:22:21.251+0000] {logging_mixin.py:188} INFO - [2026-02-25T00:22:21.251+0000] {dag.py:3954} INFO - Setting next_dagrun for update_db to 2026-02-24 15:00:00+00:00, run_after=2026-02-25 15:00:00+00:00
[2026-02-25T00:22:21.282+0000] {processor.py:183} INFO - Processing /opt/airflow/dags/main.py took 0.187 seconds
[2026-02-25T00:22:51.362+0000] {processor.py:161} INFO - Started process (PID=2545) to work on /opt/airflow/dags/main.py
[2026-02-25T00:22:51.363+0000] {processor.py:830} INFO - Processing file /opt/airflow/dags/main.py for tasks to queue
[2026-02-25T00:22:51.366+0000] {logging_mixin.py:188} INFO - [2026-02-25T00:22:51.365+0000] {dagbag.py:545} INFO - Filling up the DagBag from /opt/airflow/dags/main.py
[2026-02-25T00:22:51.462+0000] {processor.py:840} INFO - DAG(s) 'update_db', 'produce_json' retrieved from /opt/airflow/dags/main.py
[2026-02-25T00:22:51.505+0000] {logging_mixin.py:188} INFO - [2026-02-25T00:22:51.505+0000] {dag.py:3096} INFO - Sync 2 DAGs
[2026-02-25T00:22:51.531+0000] {logging_mixin.py:188} INFO - [2026-02-25T00:22:51.530+0000] {dag.py:3954} INFO - Setting next_dagrun for produce_json to 2026-02-24 14:00:00+00:00, run_after=2026-02-25 14:00:00+00:00
[2026-02-25T00:22:51.537+0000] {logging_mixin.py:188} INFO - [2026-02-25T00:22:51.537+0000] {dag.py:3954} INFO - Setting next_dagrun for update_db to 2026-02-24 15:00:00+00:00, run_after=2026-02-25 15:00:00+00:00
[2026-02-25T00:22:51.720+0000] {processor.py:183} INFO - Processing /opt/airflow/dags/main.py took 0.365 seconds
[2026-02-25T00:23:21.949+0000] {processor.py:161} INFO - Started process (PID=2552) to work on /opt/airflow/dags/main.py
[2026-02-25T00:23:21.951+0000] {processor.py:830} INFO - Processing file /opt/airflow/dags/main.py for tasks to queue
[2026-02-25T00:23:21.954+0000] {logging_mixin.py:188} INFO - [2026-02-25T00:23:21.953+0000] {dagbag.py:545} INFO - Filling up the DagBag from /opt/airflow/dags/main.py
[2026-02-25T00:23:22.054+0000] {processor.py:840} INFO - DAG(s) 'produce_json', 'update_db' retrieved from /opt/airflow/dags/main.py
[2026-02-25T00:23:22.084+0000] {logging_mixin.py:188} INFO - [2026-02-25T00:23:22.083+0000] {dag.py:3096} INFO - Sync 2 DAGs
[2026-02-25T00:23:22.307+0000] {logging_mixin.py:188} INFO - [2026-02-25T00:23:22.306+0000] {dag.py:3954} INFO - Setting next_dagrun for produce_json to 2026-02-24 14:00:00+00:00, run_after=2026-02-25 14:00:00+00:00
[2026-02-25T00:23:22.312+0000] {logging_mixin.py:188} INFO - [2026-02-25T00:23:22.312+0000] {dag.py:3954} INFO - Setting next_dagrun for update_db to 2026-02-24 15:00:00+00:00, run_after=2026-02-25 15:00:00+00:00
[2026-02-25T00:23:22.330+0000] {processor.py:183} INFO - Processing /opt/airflow/dags/main.py took 0.387 seconds
[2026-02-25T00:23:52.574+0000] {processor.py:161} INFO - Started process (PID=2559) to work on /opt/airflow/dags/main.py
[2026-02-25T00:23:52.576+0000] {processor.py:830} INFO - Processing file /opt/airflow/dags/main.py for tasks to queue
[2026-02-25T00:23:52.578+0000] {logging_mixin.py:188} INFO - [2026-02-25T00:23:52.577+0000] {dagbag.py:545} INFO - Filling up the DagBag from /opt/airflow/dags/main.py
[2026-02-25T00:23:52.670+0000] {processor.py:840} INFO - DAG(s) 'produce_json', 'update_db' retrieved from /opt/airflow/dags/main.py
[2026-02-25T00:23:52.705+0000] {logging_mixin.py:188} INFO - [2026-02-25T00:23:52.705+0000] {dag.py:3096} INFO - Sync 2 DAGs
[2026-02-25T00:23:52.862+0000] {logging_mixin.py:188} INFO - [2026-02-25T00:23:52.861+0000] {dag.py:3954} INFO - Setting next_dagrun for produce_json to 2026-02-24 14:00:00+00:00, run_after=2026-02-25 14:00:00+00:00
[2026-02-25T00:23:52.866+0000] {logging_mixin.py:188} INFO - [2026-02-25T00:23:52.866+0000] {dag.py:3954} INFO - Setting next_dagrun for update_db to 2026-02-24 15:00:00+00:00, run_after=2026-02-25 15:00:00+00:00
[2026-02-25T00:23:52.886+0000] {processor.py:183} INFO - Processing /opt/airflow/dags/main.py took 0.319 seconds
[2026-02-25T00:24:23.147+0000] {processor.py:161} INFO - Started process (PID=2566) to work on /opt/airflow/dags/main.py
[2026-02-25T00:24:23.148+0000] {processor.py:830} INFO - Processing file /opt/airflow/dags/main.py for tasks to queue
[2026-02-25T00:24:23.152+0000] {logging_mixin.py:188} INFO - [2026-02-25T00:24:23.151+0000] {dagbag.py:545} INFO - Filling up the DagBag from /opt/airflow/dags/main.py
[2026-02-25T00:24:23.254+0000] {processor.py:840} INFO - DAG(s) 'update_db', 'produce_json' retrieved from /opt/airflow/dags/main.py
[2026-02-25T00:24:23.289+0000] {logging_mixin.py:188} INFO - [2026-02-25T00:24:23.289+0000] {dag.py:3096} INFO - Sync 2 DAGs
[2026-02-25T00:24:23.310+0000] {logging_mixin.py:188} INFO - [2026-02-25T00:24:23.310+0000] {dag.py:3954} INFO - Setting next_dagrun for produce_json to 2026-02-24 14:00:00+00:00, run_after=2026-02-25 14:00:00+00:00
[2026-02-25T00:24:23.316+0000] {logging_mixin.py:188} INFO - [2026-02-25T00:24:23.315+0000] {dag.py:3954} INFO - Setting next_dagrun for update_db to 2026-02-24 15:00:00+00:00, run_after=2026-02-25 15:00:00+00:00
[2026-02-25T00:24:23.345+0000] {processor.py:183} INFO - Processing /opt/airflow/dags/main.py took 0.204 seconds
[2026-02-25T00:24:53.593+0000] {processor.py:161} INFO - Started process (PID=2573) to work on /opt/airflow/dags/main.py
[2026-02-25T00:24:53.595+0000] {processor.py:830} INFO - Processing file /opt/airflow/dags/main.py for tasks to queue
[2026-02-25T00:24:53.597+0000] {logging_mixin.py:188} INFO - [2026-02-25T00:24:53.597+0000] {dagbag.py:545} INFO - Filling up the DagBag from /opt/airflow/dags/main.py
[2026-02-25T00:24:53.702+0000] {processor.py:840} INFO - DAG(s) 'produce_json', 'update_db' retrieved from /opt/airflow/dags/main.py
[2026-02-25T00:24:53.734+0000] {logging_mixin.py:188} INFO - [2026-02-25T00:24:53.734+0000] {dag.py:3096} INFO - Sync 2 DAGs
[2026-02-25T00:24:53.755+0000] {logging_mixin.py:188} INFO - [2026-02-25T00:24:53.755+0000] {dag.py:3954} INFO - Setting next_dagrun for produce_json to 2026-02-24 14:00:00+00:00, run_after=2026-02-25 14:00:00+00:00
[2026-02-25T00:24:53.761+0000] {logging_mixin.py:188} INFO - [2026-02-25T00:24:53.761+0000] {dag.py:3954} INFO - Setting next_dagrun for update_db to 2026-02-24 15:00:00+00:00, run_after=2026-02-25 15:00:00+00:00
[2026-02-25T00:24:53.790+0000] {processor.py:183} INFO - Processing /opt/airflow/dags/main.py took 0.205 seconds
[2026-02-25T00:25:24.078+0000] {processor.py:161} INFO - Started process (PID=2580) to work on /opt/airflow/dags/main.py
[2026-02-25T00:25:24.080+0000] {processor.py:830} INFO - Processing file /opt/airflow/dags/main.py for tasks to queue
[2026-02-25T00:25:24.082+0000] {logging_mixin.py:188} INFO - [2026-02-25T00:25:24.082+0000] {dagbag.py:545} INFO - Filling up the DagBag from /opt/airflow/dags/main.py
[2026-02-25T00:25:24.193+0000] {processor.py:840} INFO - DAG(s) 'produce_json', 'update_db' retrieved from /opt/airflow/dags/main.py
[2026-02-25T00:25:24.228+0000] {logging_mixin.py:188} INFO - [2026-02-25T00:25:24.227+0000] {dag.py:3096} INFO - Sync 2 DAGs
[2026-02-25T00:25:24.252+0000] {logging_mixin.py:188} INFO - [2026-02-25T00:25:24.252+0000] {dag.py:3954} INFO - Setting next_dagrun for produce_json to 2026-02-24 14:00:00+00:00, run_after=2026-02-25 14:00:00+00:00
[2026-02-25T00:25:24.257+0000] {logging_mixin.py:188} INFO - [2026-02-25T00:25:24.257+0000] {dag.py:3954} INFO - Setting next_dagrun for update_db to 2026-02-24 15:00:00+00:00, run_after=2026-02-25 15:00:00+00:00
[2026-02-25T00:25:24.279+0000] {processor.py:183} INFO - Processing /opt/airflow/dags/main.py took 0.207 seconds
[2026-02-25T00:25:54.328+0000] {processor.py:161} INFO - Started process (PID=2587) to work on /opt/airflow/dags/main.py
[2026-02-25T00:25:54.329+0000] {processor.py:830} INFO - Processing file /opt/airflow/dags/main.py for tasks to queue
[2026-02-25T00:25:54.331+0000] {logging_mixin.py:188} INFO - [2026-02-25T00:25:54.331+0000] {dagbag.py:545} INFO - Filling up the DagBag from /opt/airflow/dags/main.py
[2026-02-25T00:25:54.456+0000] {processor.py:840} INFO - DAG(s) 'produce_json', 'update_db' retrieved from /opt/airflow/dags/main.py
[2026-02-25T00:25:54.494+0000] {logging_mixin.py:188} INFO - [2026-02-25T00:25:54.494+0000] {dag.py:3096} INFO - Sync 2 DAGs
[2026-02-25T00:25:54.522+0000] {logging_mixin.py:188} INFO - [2026-02-25T00:25:54.522+0000] {dag.py:3954} INFO - Setting next_dagrun for produce_json to 2026-02-24 14:00:00+00:00, run_after=2026-02-25 14:00:00+00:00
[2026-02-25T00:25:54.529+0000] {logging_mixin.py:188} INFO - [2026-02-25T00:25:54.528+0000] {dag.py:3954} INFO - Setting next_dagrun for update_db to 2026-02-24 15:00:00+00:00, run_after=2026-02-25 15:00:00+00:00
[2026-02-25T00:25:54.721+0000] {processor.py:183} INFO - Processing /opt/airflow/dags/main.py took 0.400 seconds
[2026-02-25T00:26:24.987+0000] {processor.py:161} INFO - Started process (PID=2594) to work on /opt/airflow/dags/main.py
[2026-02-25T00:26:24.988+0000] {processor.py:830} INFO - Processing file /opt/airflow/dags/main.py for tasks to queue
[2026-02-25T00:26:24.990+0000] {logging_mixin.py:188} INFO - [2026-02-25T00:26:24.990+0000] {dagbag.py:545} INFO - Filling up the DagBag from /opt/airflow/dags/main.py
[2026-02-25T00:26:25.075+0000] {processor.py:840} INFO - DAG(s) 'produce_json', 'update_db' retrieved from /opt/airflow/dags/main.py
[2026-02-25T00:26:25.106+0000] {logging_mixin.py:188} INFO - [2026-02-25T00:26:25.106+0000] {dag.py:3096} INFO - Sync 2 DAGs
[2026-02-25T00:26:25.258+0000] {logging_mixin.py:188} INFO - [2026-02-25T00:26:25.257+0000] {dag.py:3954} INFO - Setting next_dagrun for produce_json to 2026-02-24 14:00:00+00:00, run_after=2026-02-25 14:00:00+00:00
[2026-02-25T00:26:25.264+0000] {logging_mixin.py:188} INFO - [2026-02-25T00:26:25.264+0000] {dag.py:3954} INFO - Setting next_dagrun for update_db to 2026-02-24 15:00:00+00:00, run_after=2026-02-25 15:00:00+00:00
[2026-02-25T00:26:25.295+0000] {processor.py:183} INFO - Processing /opt/airflow/dags/main.py took 0.313 seconds
[2026-02-25T00:26:55.356+0000] {processor.py:161} INFO - Started process (PID=2601) to work on /opt/airflow/dags/main.py
[2026-02-25T00:26:55.357+0000] {processor.py:830} INFO - Processing file /opt/airflow/dags/main.py for tasks to queue
[2026-02-25T00:26:55.360+0000] {logging_mixin.py:188} INFO - [2026-02-25T00:26:55.360+0000] {dagbag.py:545} INFO - Filling up the DagBag from /opt/airflow/dags/main.py
[2026-02-25T00:26:55.447+0000] {processor.py:840} INFO - DAG(s) 'produce_json', 'update_db' retrieved from /opt/airflow/dags/main.py
[2026-02-25T00:26:55.479+0000] {logging_mixin.py:188} INFO - [2026-02-25T00:26:55.479+0000] {dag.py:3096} INFO - Sync 2 DAGs
[2026-02-25T00:26:55.627+0000] {logging_mixin.py:188} INFO - [2026-02-25T00:26:55.627+0000] {dag.py:3954} INFO - Setting next_dagrun for produce_json to 2026-02-24 14:00:00+00:00, run_after=2026-02-25 14:00:00+00:00
[2026-02-25T00:26:55.632+0000] {logging_mixin.py:188} INFO - [2026-02-25T00:26:55.632+0000] {dag.py:3954} INFO - Setting next_dagrun for update_db to 2026-02-24 15:00:00+00:00, run_after=2026-02-25 15:00:00+00:00
[2026-02-25T00:26:55.661+0000] {processor.py:183} INFO - Processing /opt/airflow/dags/main.py took 0.311 seconds
[2026-02-25T00:27:25.762+0000] {processor.py:161} INFO - Started process (PID=2608) to work on /opt/airflow/dags/main.py
[2026-02-25T00:27:25.763+0000] {processor.py:830} INFO - Processing file /opt/airflow/dags/main.py for tasks to queue
[2026-02-25T00:27:25.765+0000] {logging_mixin.py:188} INFO - [2026-02-25T00:27:25.765+0000] {dagbag.py:545} INFO - Filling up the DagBag from /opt/airflow/dags/main.py
[2026-02-25T00:27:25.853+0000] {processor.py:840} INFO - DAG(s) 'update_db', 'produce_json' retrieved from /opt/airflow/dags/main.py
[2026-02-25T00:27:25.888+0000] {logging_mixin.py:188} INFO - [2026-02-25T00:27:25.887+0000] {dag.py:3096} INFO - Sync 2 DAGs
[2026-02-25T00:27:25.909+0000] {logging_mixin.py:188} INFO - [2026-02-25T00:27:25.909+0000] {dag.py:3954} INFO - Setting next_dagrun for produce_json to 2026-02-24 14:00:00+00:00, run_after=2026-02-25 14:00:00+00:00
[2026-02-25T00:27:25.914+0000] {logging_mixin.py:188} INFO - [2026-02-25T00:27:25.914+0000] {dag.py:3954} INFO - Setting next_dagrun for update_db to 2026-02-24 15:00:00+00:00, run_after=2026-02-25 15:00:00+00:00
[2026-02-25T00:27:25.935+0000] {processor.py:183} INFO - Processing /opt/airflow/dags/main.py took 0.179 seconds
[2026-02-25T00:27:56.226+0000] {processor.py:161} INFO - Started process (PID=2615) to work on /opt/airflow/dags/main.py
[2026-02-25T00:27:56.227+0000] {processor.py:830} INFO - Processing file /opt/airflow/dags/main.py for tasks to queue
[2026-02-25T00:27:56.229+0000] {logging_mixin.py:188} INFO - [2026-02-25T00:27:56.229+0000] {dagbag.py:545} INFO - Filling up the DagBag from /opt/airflow/dags/main.py
[2026-02-25T00:27:56.351+0000] {processor.py:840} INFO - DAG(s) 'update_db', 'produce_json' retrieved from /opt/airflow/dags/main.py
[2026-02-25T00:27:56.388+0000] {logging_mixin.py:188} INFO - [2026-02-25T00:27:56.387+0000] {dag.py:3096} INFO - Sync 2 DAGs
[2026-02-25T00:27:56.414+0000] {logging_mixin.py:188} INFO - [2026-02-25T00:27:56.414+0000] {dag.py:3954} INFO - Setting next_dagrun for produce_json to 2026-02-24 14:00:00+00:00, run_after=2026-02-25 14:00:00+00:00
[2026-02-25T00:27:56.422+0000] {logging_mixin.py:188} INFO - [2026-02-25T00:27:56.422+0000] {dag.py:3954} INFO - Setting next_dagrun for update_db to 2026-02-24 15:00:00+00:00, run_after=2026-02-25 15:00:00+00:00
[2026-02-25T00:27:56.455+0000] {processor.py:183} INFO - Processing /opt/airflow/dags/main.py took 0.235 seconds
[2026-02-25T00:28:26.664+0000] {processor.py:161} INFO - Started process (PID=2622) to work on /opt/airflow/dags/main.py
[2026-02-25T00:28:26.666+0000] {processor.py:830} INFO - Processing file /opt/airflow/dags/main.py for tasks to queue
[2026-02-25T00:28:26.668+0000] {logging_mixin.py:188} INFO - [2026-02-25T00:28:26.667+0000] {dagbag.py:545} INFO - Filling up the DagBag from /opt/airflow/dags/main.py
[2026-02-25T00:28:26.755+0000] {processor.py:840} INFO - DAG(s) 'update_db', 'produce_json' retrieved from /opt/airflow/dags/main.py
[2026-02-25T00:28:26.795+0000] {logging_mixin.py:188} INFO - [2026-02-25T00:28:26.794+0000] {dag.py:3096} INFO - Sync 2 DAGs
[2026-02-25T00:28:26.824+0000] {logging_mixin.py:188} INFO - [2026-02-25T00:28:26.823+0000] {dag.py:3954} INFO - Setting next_dagrun for produce_json to 2026-02-24 14:00:00+00:00, run_after=2026-02-25 14:00:00+00:00
[2026-02-25T00:28:26.830+0000] {logging_mixin.py:188} INFO - [2026-02-25T00:28:26.830+0000] {dag.py:3954} INFO - Setting next_dagrun for update_db to 2026-02-24 15:00:00+00:00, run_after=2026-02-25 15:00:00+00:00
[2026-02-25T00:28:26.851+0000] {processor.py:183} INFO - Processing /opt/airflow/dags/main.py took 0.192 seconds
[2026-02-25T00:28:56.893+0000] {processor.py:161} INFO - Started process (PID=2629) to work on /opt/airflow/dags/main.py
[2026-02-25T00:28:56.894+0000] {processor.py:830} INFO - Processing file /opt/airflow/dags/main.py for tasks to queue
[2026-02-25T00:28:56.896+0000] {logging_mixin.py:188} INFO - [2026-02-25T00:28:56.895+0000] {dagbag.py:545} INFO - Filling up the DagBag from /opt/airflow/dags/main.py
[2026-02-25T00:28:56.980+0000] {processor.py:840} INFO - DAG(s) 'update_db', 'produce_json' retrieved from /opt/airflow/dags/main.py
[2026-02-25T00:28:57.014+0000] {logging_mixin.py:188} INFO - [2026-02-25T00:28:57.014+0000] {dag.py:3096} INFO - Sync 2 DAGs
[2026-02-25T00:28:57.037+0000] {logging_mixin.py:188} INFO - [2026-02-25T00:28:57.037+0000] {dag.py:3954} INFO - Setting next_dagrun for produce_json to 2026-02-24 14:00:00+00:00, run_after=2026-02-25 14:00:00+00:00
[2026-02-25T00:28:57.043+0000] {logging_mixin.py:188} INFO - [2026-02-25T00:28:57.043+0000] {dag.py:3954} INFO - Setting next_dagrun for update_db to 2026-02-24 15:00:00+00:00, run_after=2026-02-25 15:00:00+00:00
[2026-02-25T00:28:57.215+0000] {processor.py:183} INFO - Processing /opt/airflow/dags/main.py took 0.329 seconds
[2026-02-25T00:29:27.326+0000] {processor.py:161} INFO - Started process (PID=2636) to work on /opt/airflow/dags/main.py
[2026-02-25T00:29:27.327+0000] {processor.py:830} INFO - Processing file /opt/airflow/dags/main.py for tasks to queue
[2026-02-25T00:29:27.329+0000] {logging_mixin.py:188} INFO - [2026-02-25T00:29:27.328+0000] {dagbag.py:545} INFO - Filling up the DagBag from /opt/airflow/dags/main.py
[2026-02-25T00:29:27.416+0000] {processor.py:840} INFO - DAG(s) 'update_db', 'produce_json' retrieved from /opt/airflow/dags/main.py
[2026-02-25T00:29:27.444+0000] {logging_mixin.py:188} INFO - [2026-02-25T00:29:27.444+0000] {dag.py:3096} INFO - Sync 2 DAGs
[2026-02-25T00:29:27.588+0000] {logging_mixin.py:188} INFO - [2026-02-25T00:29:27.588+0000] {dag.py:3954} INFO - Setting next_dagrun for produce_json to 2026-02-24 14:00:00+00:00, run_after=2026-02-25 14:00:00+00:00
[2026-02-25T00:29:27.593+0000] {logging_mixin.py:188} INFO - [2026-02-25T00:29:27.593+0000] {dag.py:3954} INFO - Setting next_dagrun for update_db to 2026-02-24 15:00:00+00:00, run_after=2026-02-25 15:00:00+00:00
[2026-02-25T00:29:27.612+0000] {processor.py:183} INFO - Processing /opt/airflow/dags/main.py took 0.292 seconds
[2026-02-25T00:29:57.700+0000] {processor.py:161} INFO - Started process (PID=2643) to work on /opt/airflow/dags/main.py
[2026-02-25T00:29:57.702+0000] {processor.py:830} INFO - Processing file /opt/airflow/dags/main.py for tasks to queue
[2026-02-25T00:29:57.705+0000] {logging_mixin.py:188} INFO - [2026-02-25T00:29:57.705+0000] {dagbag.py:545} INFO - Filling up the DagBag from /opt/airflow/dags/main.py
[2026-02-25T00:29:57.838+0000] {processor.py:840} INFO - DAG(s) 'update_db', 'produce_json' retrieved from /opt/airflow/dags/main.py
[2026-02-25T00:29:57.881+0000] {logging_mixin.py:188} INFO - [2026-02-25T00:29:57.880+0000] {dag.py:3096} INFO - Sync 2 DAGs
[2026-02-25T00:29:58.051+0000] {logging_mixin.py:188} INFO - [2026-02-25T00:29:58.051+0000] {dag.py:3954} INFO - Setting next_dagrun for produce_json to 2026-02-24 14:00:00+00:00, run_after=2026-02-25 14:00:00+00:00
[2026-02-25T00:29:58.056+0000] {logging_mixin.py:188} INFO - [2026-02-25T00:29:58.056+0000] {dag.py:3954} INFO - Setting next_dagrun for update_db to 2026-02-24 15:00:00+00:00, run_after=2026-02-25 15:00:00+00:00
[2026-02-25T00:29:58.086+0000] {processor.py:183} INFO - Processing /opt/airflow/dags/main.py took 0.393 seconds
[2026-02-25T00:30:28.374+0000] {processor.py:161} INFO - Started process (PID=2650) to work on /opt/airflow/dags/main.py
[2026-02-25T00:30:28.376+0000] {processor.py:830} INFO - Processing file /opt/airflow/dags/main.py for tasks to queue
[2026-02-25T00:30:28.378+0000] {logging_mixin.py:188} INFO - [2026-02-25T00:30:28.378+0000] {dagbag.py:545} INFO - Filling up the DagBag from /opt/airflow/dags/main.py
[2026-02-25T00:30:28.469+0000] {processor.py:840} INFO - DAG(s) 'produce_json', 'update_db' retrieved from /opt/airflow/dags/main.py
[2026-02-25T00:30:28.505+0000] {logging_mixin.py:188} INFO - [2026-02-25T00:30:28.504+0000] {dag.py:3096} INFO - Sync 2 DAGs
[2026-02-25T00:30:28.539+0000] {logging_mixin.py:188} INFO - [2026-02-25T00:30:28.539+0000] {dag.py:3954} INFO - Setting next_dagrun for produce_json to 2026-02-24 14:00:00+00:00, run_after=2026-02-25 14:00:00+00:00
[2026-02-25T00:30:28.545+0000] {logging_mixin.py:188} INFO - [2026-02-25T00:30:28.545+0000] {dag.py:3954} INFO - Setting next_dagrun for update_db to 2026-02-24 15:00:00+00:00, run_after=2026-02-25 15:00:00+00:00
[2026-02-25T00:30:28.568+0000] {processor.py:183} INFO - Processing /opt/airflow/dags/main.py took 0.201 seconds
[2026-02-25T00:30:58.789+0000] {processor.py:161} INFO - Started process (PID=2657) to work on /opt/airflow/dags/main.py
[2026-02-25T00:30:58.790+0000] {processor.py:830} INFO - Processing file /opt/airflow/dags/main.py for tasks to queue
[2026-02-25T00:30:58.792+0000] {logging_mixin.py:188} INFO - [2026-02-25T00:30:58.792+0000] {dagbag.py:545} INFO - Filling up the DagBag from /opt/airflow/dags/main.py
[2026-02-25T00:30:58.886+0000] {processor.py:840} INFO - DAG(s) 'update_db', 'produce_json' retrieved from /opt/airflow/dags/main.py
[2026-02-25T00:30:58.928+0000] {logging_mixin.py:188} INFO - [2026-02-25T00:30:58.927+0000] {dag.py:3096} INFO - Sync 2 DAGs
[2026-02-25T00:30:58.958+0000] {logging_mixin.py:188} INFO - [2026-02-25T00:30:58.957+0000] {dag.py:3954} INFO - Setting next_dagrun for produce_json to 2026-02-24 14:00:00+00:00, run_after=2026-02-25 14:00:00+00:00
[2026-02-25T00:30:58.963+0000] {logging_mixin.py:188} INFO - [2026-02-25T00:30:58.962+0000] {dag.py:3954} INFO - Setting next_dagrun for update_db to 2026-02-24 15:00:00+00:00, run_after=2026-02-25 15:00:00+00:00
[2026-02-25T00:30:58.979+0000] {processor.py:183} INFO - Processing /opt/airflow/dags/main.py took 0.196 seconds
[2026-02-25T00:31:29.217+0000] {processor.py:161} INFO - Started process (PID=2664) to work on /opt/airflow/dags/main.py
[2026-02-25T00:31:29.218+0000] {processor.py:830} INFO - Processing file /opt/airflow/dags/main.py for tasks to queue
[2026-02-25T00:31:29.220+0000] {logging_mixin.py:188} INFO - [2026-02-25T00:31:29.220+0000] {dagbag.py:545} INFO - Filling up the DagBag from /opt/airflow/dags/main.py
[2026-02-25T00:31:29.321+0000] {processor.py:840} INFO - DAG(s) 'update_db', 'produce_json' retrieved from /opt/airflow/dags/main.py
[2026-02-25T00:31:29.356+0000] {logging_mixin.py:188} INFO - [2026-02-25T00:31:29.356+0000] {dag.py:3096} INFO - Sync 2 DAGs
[2026-02-25T00:31:29.385+0000] {logging_mixin.py:188} INFO - [2026-02-25T00:31:29.385+0000] {dag.py:3954} INFO - Setting next_dagrun for produce_json to 2026-02-24 14:00:00+00:00, run_after=2026-02-25 14:00:00+00:00
[2026-02-25T00:31:29.391+0000] {logging_mixin.py:188} INFO - [2026-02-25T00:31:29.391+0000] {dag.py:3954} INFO - Setting next_dagrun for update_db to 2026-02-24 15:00:00+00:00, run_after=2026-02-25 15:00:00+00:00
[2026-02-25T00:31:29.412+0000] {processor.py:183} INFO - Processing /opt/airflow/dags/main.py took 0.202 seconds
[2026-02-25T00:31:59.538+0000] {processor.py:161} INFO - Started process (PID=2671) to work on /opt/airflow/dags/main.py
[2026-02-25T00:31:59.539+0000] {processor.py:830} INFO - Processing file /opt/airflow/dags/main.py for tasks to queue
[2026-02-25T00:31:59.543+0000] {logging_mixin.py:188} INFO - [2026-02-25T00:31:59.543+0000] {dagbag.py:545} INFO - Filling up the DagBag from /opt/airflow/dags/main.py
[2026-02-25T00:31:59.662+0000] {processor.py:840} INFO - DAG(s) 'update_db', 'produce_json' retrieved from /opt/airflow/dags/main.py
[2026-02-25T00:31:59.754+0000] {logging_mixin.py:188} INFO - [2026-02-25T00:31:59.754+0000] {dag.py:3096} INFO - Sync 2 DAGs
[2026-02-25T00:31:59.784+0000] {logging_mixin.py:188} INFO - [2026-02-25T00:31:59.784+0000] {dag.py:3954} INFO - Setting next_dagrun for produce_json to 2026-02-24 14:00:00+00:00, run_after=2026-02-25 14:00:00+00:00
[2026-02-25T00:31:59.933+0000] {logging_mixin.py:188} INFO - [2026-02-25T00:31:59.933+0000] {dag.py:3954} INFO - Setting next_dagrun for update_db to 2026-02-24 15:00:00+00:00, run_after=2026-02-25 15:00:00+00:00
[2026-02-25T00:31:59.954+0000] {processor.py:183} INFO - Processing /opt/airflow/dags/main.py took 0.423 seconds
[2026-02-25T00:32:30.188+0000] {processor.py:161} INFO - Started process (PID=2678) to work on /opt/airflow/dags/main.py
[2026-02-25T00:32:30.190+0000] {processor.py:830} INFO - Processing file /opt/airflow/dags/main.py for tasks to queue
[2026-02-25T00:32:30.193+0000] {logging_mixin.py:188} INFO - [2026-02-25T00:32:30.192+0000] {dagbag.py:545} INFO - Filling up the DagBag from /opt/airflow/dags/main.py
[2026-02-25T00:32:30.293+0000] {processor.py:840} INFO - DAG(s) 'update_db', 'produce_json' retrieved from /opt/airflow/dags/main.py
[2026-02-25T00:32:30.329+0000] {logging_mixin.py:188} INFO - [2026-02-25T00:32:30.329+0000] {dag.py:3096} INFO - Sync 2 DAGs
[2026-02-25T00:32:30.484+0000] {logging_mixin.py:188} INFO - [2026-02-25T00:32:30.484+0000] {dag.py:3954} INFO - Setting next_dagrun for produce_json to 2026-02-24 14:00:00+00:00, run_after=2026-02-25 14:00:00+00:00
[2026-02-25T00:32:30.489+0000] {logging_mixin.py:188} INFO - [2026-02-25T00:32:30.489+0000] {dag.py:3954} INFO - Setting next_dagrun for update_db to 2026-02-24 15:00:00+00:00, run_after=2026-02-25 15:00:00+00:00
[2026-02-25T00:32:30.520+0000] {processor.py:183} INFO - Processing /opt/airflow/dags/main.py took 0.338 seconds
[2026-02-25T00:33:00.767+0000] {processor.py:161} INFO - Started process (PID=2685) to work on /opt/airflow/dags/main.py
[2026-02-25T00:33:00.768+0000] {processor.py:830} INFO - Processing file /opt/airflow/dags/main.py for tasks to queue
[2026-02-25T00:33:00.770+0000] {logging_mixin.py:188} INFO - [2026-02-25T00:33:00.769+0000] {dagbag.py:545} INFO - Filling up the DagBag from /opt/airflow/dags/main.py
[2026-02-25T00:33:00.868+0000] {processor.py:840} INFO - DAG(s) 'update_db', 'produce_json' retrieved from /opt/airflow/dags/main.py
[2026-02-25T00:33:01.062+0000] {logging_mixin.py:188} INFO - [2026-02-25T00:33:01.062+0000] {dag.py:3096} INFO - Sync 2 DAGs
[2026-02-25T00:33:01.093+0000] {logging_mixin.py:188} INFO - [2026-02-25T00:33:01.092+0000] {dag.py:3954} INFO - Setting next_dagrun for produce_json to 2026-02-24 14:00:00+00:00, run_after=2026-02-25 14:00:00+00:00
[2026-02-25T00:33:01.098+0000] {logging_mixin.py:188} INFO - [2026-02-25T00:33:01.098+0000] {dag.py:3954} INFO - Setting next_dagrun for update_db to 2026-02-24 15:00:00+00:00, run_after=2026-02-25 15:00:00+00:00
[2026-02-25T00:33:01.119+0000] {processor.py:183} INFO - Processing /opt/airflow/dags/main.py took 0.358 seconds
[2026-02-25T00:33:31.352+0000] {processor.py:161} INFO - Started process (PID=2692) to work on /opt/airflow/dags/main.py
[2026-02-25T00:33:31.354+0000] {processor.py:830} INFO - Processing file /opt/airflow/dags/main.py for tasks to queue
[2026-02-25T00:33:31.357+0000] {logging_mixin.py:188} INFO - [2026-02-25T00:33:31.356+0000] {dagbag.py:545} INFO - Filling up the DagBag from /opt/airflow/dags/main.py
[2026-02-25T00:33:31.485+0000] {processor.py:840} INFO - DAG(s) 'update_db', 'produce_json' retrieved from /opt/airflow/dags/main.py
[2026-02-25T00:33:31.522+0000] {logging_mixin.py:188} INFO - [2026-02-25T00:33:31.522+0000] {dag.py:3096} INFO - Sync 2 DAGs
[2026-02-25T00:33:31.545+0000] {logging_mixin.py:188} INFO - [2026-02-25T00:33:31.545+0000] {dag.py:3954} INFO - Setting next_dagrun for produce_json to 2026-02-24 14:00:00+00:00, run_after=2026-02-25 14:00:00+00:00
[2026-02-25T00:33:31.552+0000] {logging_mixin.py:188} INFO - [2026-02-25T00:33:31.552+0000] {dag.py:3954} INFO - Setting next_dagrun for update_db to 2026-02-24 15:00:00+00:00, run_after=2026-02-25 15:00:00+00:00
[2026-02-25T00:33:31.575+0000] {processor.py:183} INFO - Processing /opt/airflow/dags/main.py took 0.231 seconds
[2026-02-25T00:34:01.805+0000] {processor.py:161} INFO - Started process (PID=2700) to work on /opt/airflow/dags/main.py
[2026-02-25T00:34:01.807+0000] {processor.py:830} INFO - Processing file /opt/airflow/dags/main.py for tasks to queue
[2026-02-25T00:34:01.813+0000] {logging_mixin.py:188} INFO - [2026-02-25T00:34:01.811+0000] {dagbag.py:545} INFO - Filling up the DagBag from /opt/airflow/dags/main.py
[2026-02-25T00:34:01.937+0000] {processor.py:840} INFO - DAG(s) 'produce_json', 'update_db' retrieved from /opt/airflow/dags/main.py
[2026-02-25T00:34:01.978+0000] {logging_mixin.py:188} INFO - [2026-02-25T00:34:01.977+0000] {dag.py:3096} INFO - Sync 2 DAGs
[2026-02-25T00:34:02.019+0000] {logging_mixin.py:188} INFO - [2026-02-25T00:34:02.019+0000] {dag.py:3954} INFO - Setting next_dagrun for produce_json to 2026-02-24 14:00:00+00:00, run_after=2026-02-25 14:00:00+00:00
[2026-02-25T00:34:02.025+0000] {logging_mixin.py:188} INFO - [2026-02-25T00:34:02.025+0000] {dag.py:3954} INFO - Setting next_dagrun for update_db to 2026-02-24 15:00:00+00:00, run_after=2026-02-25 15:00:00+00:00
[2026-02-25T00:34:02.048+0000] {processor.py:183} INFO - Processing /opt/airflow/dags/main.py took 0.248 seconds
[2026-02-25T00:34:32.285+0000] {processor.py:161} INFO - Started process (PID=2707) to work on /opt/airflow/dags/main.py
[2026-02-25T00:34:32.287+0000] {processor.py:830} INFO - Processing file /opt/airflow/dags/main.py for tasks to queue
[2026-02-25T00:34:32.289+0000] {logging_mixin.py:188} INFO - [2026-02-25T00:34:32.289+0000] {dagbag.py:545} INFO - Filling up the DagBag from /opt/airflow/dags/main.py
[2026-02-25T00:34:32.390+0000] {processor.py:840} INFO - DAG(s) 'produce_json', 'update_db' retrieved from /opt/airflow/dags/main.py
[2026-02-25T00:34:32.426+0000] {logging_mixin.py:188} INFO - [2026-02-25T00:34:32.425+0000] {dag.py:3096} INFO - Sync 2 DAGs
[2026-02-25T00:34:32.449+0000] {logging_mixin.py:188} INFO - [2026-02-25T00:34:32.449+0000] {dag.py:3954} INFO - Setting next_dagrun for produce_json to 2026-02-24 14:00:00+00:00, run_after=2026-02-25 14:00:00+00:00
[2026-02-25T00:34:32.456+0000] {logging_mixin.py:188} INFO - [2026-02-25T00:34:32.455+0000] {dag.py:3954} INFO - Setting next_dagrun for update_db to 2026-02-24 15:00:00+00:00, run_after=2026-02-25 15:00:00+00:00
[2026-02-25T00:34:32.477+0000] {processor.py:183} INFO - Processing /opt/airflow/dags/main.py took 0.199 seconds
[2026-02-25T00:35:02.704+0000] {processor.py:161} INFO - Started process (PID=2714) to work on /opt/airflow/dags/main.py
[2026-02-25T00:35:02.705+0000] {processor.py:830} INFO - Processing file /opt/airflow/dags/main.py for tasks to queue
[2026-02-25T00:35:02.708+0000] {logging_mixin.py:188} INFO - [2026-02-25T00:35:02.708+0000] {dagbag.py:545} INFO - Filling up the DagBag from /opt/airflow/dags/main.py
[2026-02-25T00:35:02.817+0000] {processor.py:840} INFO - DAG(s) 'produce_json', 'update_db' retrieved from /opt/airflow/dags/main.py
[2026-02-25T00:35:02.892+0000] {logging_mixin.py:188} INFO - [2026-02-25T00:35:02.892+0000] {dag.py:3096} INFO - Sync 2 DAGs
[2026-02-25T00:35:02.930+0000] {logging_mixin.py:188} INFO - [2026-02-25T00:35:02.930+0000] {dag.py:3954} INFO - Setting next_dagrun for produce_json to 2026-02-24 14:00:00+00:00, run_after=2026-02-25 14:00:00+00:00
[2026-02-25T00:35:03.337+0000] {logging_mixin.py:188} INFO - [2026-02-25T00:35:03.337+0000] {dag.py:3954} INFO - Setting next_dagrun for update_db to 2026-02-24 15:00:00+00:00, run_after=2026-02-25 15:00:00+00:00
[2026-02-25T00:35:03.369+0000] {processor.py:183} INFO - Processing /opt/airflow/dags/main.py took 0.671 seconds
[2026-02-25T00:35:33.621+0000] {processor.py:161} INFO - Started process (PID=2721) to work on /opt/airflow/dags/main.py
[2026-02-25T00:35:33.623+0000] {processor.py:830} INFO - Processing file /opt/airflow/dags/main.py for tasks to queue
[2026-02-25T00:35:33.626+0000] {logging_mixin.py:188} INFO - [2026-02-25T00:35:33.626+0000] {dagbag.py:545} INFO - Filling up the DagBag from /opt/airflow/dags/main.py
[2026-02-25T00:35:33.762+0000] {processor.py:840} INFO - DAG(s) 'update_db', 'produce_json' retrieved from /opt/airflow/dags/main.py
[2026-02-25T00:35:33.796+0000] {logging_mixin.py:188} INFO - [2026-02-25T00:35:33.796+0000] {dag.py:3096} INFO - Sync 2 DAGs
[2026-02-25T00:35:34.052+0000] {logging_mixin.py:188} INFO - [2026-02-25T00:35:34.052+0000] {dag.py:3954} INFO - Setting next_dagrun for produce_json to 2026-02-24 14:00:00+00:00, run_after=2026-02-25 14:00:00+00:00
[2026-02-25T00:35:34.058+0000] {logging_mixin.py:188} INFO - [2026-02-25T00:35:34.057+0000] {dag.py:3954} INFO - Setting next_dagrun for update_db to 2026-02-24 15:00:00+00:00, run_after=2026-02-25 15:00:00+00:00
[2026-02-25T00:35:34.079+0000] {processor.py:183} INFO - Processing /opt/airflow/dags/main.py took 0.467 seconds
[2026-02-25T00:36:04.126+0000] {processor.py:161} INFO - Started process (PID=2729) to work on /opt/airflow/dags/main.py
[2026-02-25T00:36:04.127+0000] {processor.py:830} INFO - Processing file /opt/airflow/dags/main.py for tasks to queue
[2026-02-25T00:36:04.129+0000] {logging_mixin.py:188} INFO - [2026-02-25T00:36:04.129+0000] {dagbag.py:545} INFO - Filling up the DagBag from /opt/airflow/dags/main.py
[2026-02-25T00:36:04.241+0000] {processor.py:840} INFO - DAG(s) 'produce_json', 'update_db' retrieved from /opt/airflow/dags/main.py
[2026-02-25T00:36:04.427+0000] {logging_mixin.py:188} INFO - [2026-02-25T00:36:04.427+0000] {dag.py:3096} INFO - Sync 2 DAGs
[2026-02-25T00:36:04.446+0000] {logging_mixin.py:188} INFO - [2026-02-25T00:36:04.446+0000] {dag.py:3954} INFO - Setting next_dagrun for produce_json to 2026-02-24 14:00:00+00:00, run_after=2026-02-25 14:00:00+00:00
[2026-02-25T00:36:04.451+0000] {logging_mixin.py:188} INFO - [2026-02-25T00:36:04.451+0000] {dag.py:3954} INFO - Setting next_dagrun for update_db to 2026-02-24 15:00:00+00:00, run_after=2026-02-25 15:00:00+00:00
[2026-02-25T00:36:04.469+0000] {processor.py:183} INFO - Processing /opt/airflow/dags/main.py took 0.349 seconds
[2026-02-25T00:36:34.683+0000] {processor.py:161} INFO - Started process (PID=2736) to work on /opt/airflow/dags/main.py
[2026-02-25T00:36:34.684+0000] {processor.py:830} INFO - Processing file /opt/airflow/dags/main.py for tasks to queue
[2026-02-25T00:36:34.687+0000] {logging_mixin.py:188} INFO - [2026-02-25T00:36:34.686+0000] {dagbag.py:545} INFO - Filling up the DagBag from /opt/airflow/dags/main.py
[2026-02-25T00:36:34.776+0000] {processor.py:840} INFO - DAG(s) 'update_db', 'produce_json' retrieved from /opt/airflow/dags/main.py
[2026-02-25T00:36:34.813+0000] {logging_mixin.py:188} INFO - [2026-02-25T00:36:34.813+0000] {dag.py:3096} INFO - Sync 2 DAGs
[2026-02-25T00:36:34.836+0000] {logging_mixin.py:188} INFO - [2026-02-25T00:36:34.836+0000] {dag.py:3954} INFO - Setting next_dagrun for produce_json to 2026-02-24 14:00:00+00:00, run_after=2026-02-25 14:00:00+00:00
[2026-02-25T00:36:34.841+0000] {logging_mixin.py:188} INFO - [2026-02-25T00:36:34.841+0000] {dag.py:3954} INFO - Setting next_dagrun for update_db to 2026-02-24 15:00:00+00:00, run_after=2026-02-25 15:00:00+00:00
[2026-02-25T00:36:34.862+0000] {processor.py:183} INFO - Processing /opt/airflow/dags/main.py took 0.185 seconds
[2026-02-25T00:37:05.026+0000] {processor.py:161} INFO - Started process (PID=2743) to work on /opt/airflow/dags/main.py
[2026-02-25T00:37:05.027+0000] {processor.py:830} INFO - Processing file /opt/airflow/dags/main.py for tasks to queue
[2026-02-25T00:37:05.029+0000] {logging_mixin.py:188} INFO - [2026-02-25T00:37:05.029+0000] {dagbag.py:545} INFO - Filling up the DagBag from /opt/airflow/dags/main.py
[2026-02-25T00:37:05.158+0000] {processor.py:840} INFO - DAG(s) 'produce_json', 'update_db' retrieved from /opt/airflow/dags/main.py
[2026-02-25T00:37:05.195+0000] {logging_mixin.py:188} INFO - [2026-02-25T00:37:05.195+0000] {dag.py:3096} INFO - Sync 2 DAGs
[2026-02-25T00:37:05.224+0000] {logging_mixin.py:188} INFO - [2026-02-25T00:37:05.223+0000] {dag.py:3954} INFO - Setting next_dagrun for produce_json to 2026-02-24 14:00:00+00:00, run_after=2026-02-25 14:00:00+00:00
[2026-02-25T00:37:05.231+0000] {logging_mixin.py:188} INFO - [2026-02-25T00:37:05.231+0000] {dag.py:3954} INFO - Setting next_dagrun for update_db to 2026-02-24 15:00:00+00:00, run_after=2026-02-25 15:00:00+00:00
[2026-02-25T00:37:05.253+0000] {processor.py:183} INFO - Processing /opt/airflow/dags/main.py took 0.235 seconds
[2026-02-25T00:37:35.514+0000] {processor.py:161} INFO - Started process (PID=2750) to work on /opt/airflow/dags/main.py
[2026-02-25T00:37:35.516+0000] {processor.py:830} INFO - Processing file /opt/airflow/dags/main.py for tasks to queue
[2026-02-25T00:37:35.518+0000] {logging_mixin.py:188} INFO - [2026-02-25T00:37:35.518+0000] {dagbag.py:545} INFO - Filling up the DagBag from /opt/airflow/dags/main.py
[2026-02-25T00:37:35.644+0000] {processor.py:840} INFO - DAG(s) 'produce_json', 'update_db' retrieved from /opt/airflow/dags/main.py
[2026-02-25T00:37:35.699+0000] {logging_mixin.py:188} INFO - [2026-02-25T00:37:35.699+0000] {dag.py:3096} INFO - Sync 2 DAGs
[2026-02-25T00:37:35.737+0000] {logging_mixin.py:188} INFO - [2026-02-25T00:37:35.737+0000] {dag.py:3954} INFO - Setting next_dagrun for produce_json to 2026-02-24 14:00:00+00:00, run_after=2026-02-25 14:00:00+00:00
[2026-02-25T00:37:35.744+0000] {logging_mixin.py:188} INFO - [2026-02-25T00:37:35.744+0000] {dag.py:3954} INFO - Setting next_dagrun for update_db to 2026-02-24 15:00:00+00:00, run_after=2026-02-25 15:00:00+00:00
[2026-02-25T00:37:35.772+0000] {processor.py:183} INFO - Processing /opt/airflow/dags/main.py took 0.264 seconds
[2026-02-25T00:38:05.990+0000] {processor.py:161} INFO - Started process (PID=2757) to work on /opt/airflow/dags/main.py
[2026-02-25T00:38:05.991+0000] {processor.py:830} INFO - Processing file /opt/airflow/dags/main.py for tasks to queue
[2026-02-25T00:38:05.993+0000] {logging_mixin.py:188} INFO - [2026-02-25T00:38:05.993+0000] {dagbag.py:545} INFO - Filling up the DagBag from /opt/airflow/dags/main.py
[2026-02-25T00:38:06.091+0000] {processor.py:840} INFO - DAG(s) 'produce_json', 'update_db' retrieved from /opt/airflow/dags/main.py
[2026-02-25T00:38:06.127+0000] {logging_mixin.py:188} INFO - [2026-02-25T00:38:06.127+0000] {dag.py:3096} INFO - Sync 2 DAGs
[2026-02-25T00:38:06.332+0000] {logging_mixin.py:188} INFO - [2026-02-25T00:38:06.332+0000] {dag.py:3954} INFO - Setting next_dagrun for produce_json to 2026-02-24 14:00:00+00:00, run_after=2026-02-25 14:00:00+00:00
[2026-02-25T00:38:06.339+0000] {logging_mixin.py:188} INFO - [2026-02-25T00:38:06.339+0000] {dag.py:3954} INFO - Setting next_dagrun for update_db to 2026-02-24 15:00:00+00:00, run_after=2026-02-25 15:00:00+00:00
[2026-02-25T00:38:06.367+0000] {processor.py:183} INFO - Processing /opt/airflow/dags/main.py took 0.384 seconds
[2026-02-25T00:38:36.614+0000] {processor.py:161} INFO - Started process (PID=2764) to work on /opt/airflow/dags/main.py
[2026-02-25T00:38:36.615+0000] {processor.py:830} INFO - Processing file /opt/airflow/dags/main.py for tasks to queue
[2026-02-25T00:38:36.617+0000] {logging_mixin.py:188} INFO - [2026-02-25T00:38:36.617+0000] {dagbag.py:545} INFO - Filling up the DagBag from /opt/airflow/dags/main.py
[2026-02-25T00:38:36.767+0000] {processor.py:840} INFO - DAG(s) 'produce_json', 'update_db' retrieved from /opt/airflow/dags/main.py
[2026-02-25T00:38:36.818+0000] {logging_mixin.py:188} INFO - [2026-02-25T00:38:36.818+0000] {dag.py:3096} INFO - Sync 2 DAGs
[2026-02-25T00:38:37.028+0000] {logging_mixin.py:188} INFO - [2026-02-25T00:38:37.027+0000] {dag.py:3954} INFO - Setting next_dagrun for produce_json to 2026-02-24 14:00:00+00:00, run_after=2026-02-25 14:00:00+00:00
[2026-02-25T00:38:37.043+0000] {logging_mixin.py:188} INFO - [2026-02-25T00:38:37.042+0000] {dag.py:3954} INFO - Setting next_dagrun for update_db to 2026-02-24 15:00:00+00:00, run_after=2026-02-25 15:00:00+00:00
[2026-02-25T00:38:37.067+0000] {processor.py:183} INFO - Processing /opt/airflow/dags/main.py took 0.460 seconds
[2026-02-25T00:39:07.313+0000] {processor.py:161} INFO - Started process (PID=2771) to work on /opt/airflow/dags/main.py
[2026-02-25T00:39:07.314+0000] {processor.py:830} INFO - Processing file /opt/airflow/dags/main.py for tasks to queue
[2026-02-25T00:39:07.317+0000] {logging_mixin.py:188} INFO - [2026-02-25T00:39:07.316+0000] {dagbag.py:545} INFO - Filling up the DagBag from /opt/airflow/dags/main.py
[2026-02-25T00:39:07.445+0000] {processor.py:840} INFO - DAG(s) 'update_db', 'produce_json' retrieved from /opt/airflow/dags/main.py
[2026-02-25T00:39:07.659+0000] {logging_mixin.py:188} INFO - [2026-02-25T00:39:07.658+0000] {dag.py:3096} INFO - Sync 2 DAGs
[2026-02-25T00:39:07.677+0000] {logging_mixin.py:188} INFO - [2026-02-25T00:39:07.677+0000] {dag.py:3954} INFO - Setting next_dagrun for produce_json to 2026-02-24 14:00:00+00:00, run_after=2026-02-25 14:00:00+00:00
[2026-02-25T00:39:07.682+0000] {logging_mixin.py:188} INFO - [2026-02-25T00:39:07.682+0000] {dag.py:3954} INFO - Setting next_dagrun for update_db to 2026-02-24 15:00:00+00:00, run_after=2026-02-25 15:00:00+00:00
[2026-02-25T00:39:07.703+0000] {processor.py:183} INFO - Processing /opt/airflow/dags/main.py took 0.396 seconds
[2026-02-25T00:39:37.932+0000] {processor.py:161} INFO - Started process (PID=2778) to work on /opt/airflow/dags/main.py
[2026-02-25T00:39:37.933+0000] {processor.py:830} INFO - Processing file /opt/airflow/dags/main.py for tasks to queue
[2026-02-25T00:39:37.935+0000] {logging_mixin.py:188} INFO - [2026-02-25T00:39:37.935+0000] {dagbag.py:545} INFO - Filling up the DagBag from /opt/airflow/dags/main.py
[2026-02-25T00:39:38.029+0000] {processor.py:840} INFO - DAG(s) 'update_db', 'produce_json' retrieved from /opt/airflow/dags/main.py
[2026-02-25T00:39:38.061+0000] {logging_mixin.py:188} INFO - [2026-02-25T00:39:38.061+0000] {dag.py:3096} INFO - Sync 2 DAGs
[2026-02-25T00:39:38.086+0000] {logging_mixin.py:188} INFO - [2026-02-25T00:39:38.085+0000] {dag.py:3954} INFO - Setting next_dagrun for produce_json to 2026-02-24 14:00:00+00:00, run_after=2026-02-25 14:00:00+00:00
[2026-02-25T00:39:38.091+0000] {logging_mixin.py:188} INFO - [2026-02-25T00:39:38.091+0000] {dag.py:3954} INFO - Setting next_dagrun for update_db to 2026-02-24 15:00:00+00:00, run_after=2026-02-25 15:00:00+00:00
[2026-02-25T00:39:38.123+0000] {processor.py:183} INFO - Processing /opt/airflow/dags/main.py took 0.197 seconds
[2026-02-25T00:40:08.344+0000] {processor.py:161} INFO - Started process (PID=2785) to work on /opt/airflow/dags/main.py
[2026-02-25T00:40:08.345+0000] {processor.py:830} INFO - Processing file /opt/airflow/dags/main.py for tasks to queue
[2026-02-25T00:40:08.347+0000] {logging_mixin.py:188} INFO - [2026-02-25T00:40:08.347+0000] {dagbag.py:545} INFO - Filling up the DagBag from /opt/airflow/dags/main.py
[2026-02-25T00:40:08.507+0000] {processor.py:840} INFO - DAG(s) 'produce_json', 'update_db' retrieved from /opt/airflow/dags/main.py
[2026-02-25T00:40:08.560+0000] {logging_mixin.py:188} INFO - [2026-02-25T00:40:08.560+0000] {dag.py:3096} INFO - Sync 2 DAGs
[2026-02-25T00:40:08.589+0000] {logging_mixin.py:188} INFO - [2026-02-25T00:40:08.589+0000] {dag.py:3954} INFO - Setting next_dagrun for produce_json to 2026-02-24 14:00:00+00:00, run_after=2026-02-25 14:00:00+00:00
[2026-02-25T00:40:08.595+0000] {logging_mixin.py:188} INFO - [2026-02-25T00:40:08.595+0000] {dag.py:3954} INFO - Setting next_dagrun for update_db to 2026-02-24 15:00:00+00:00, run_after=2026-02-25 15:00:00+00:00
[2026-02-25T00:40:08.618+0000] {processor.py:183} INFO - Processing /opt/airflow/dags/main.py took 0.285 seconds
[2026-02-25T00:40:38.847+0000] {processor.py:161} INFO - Started process (PID=2792) to work on /opt/airflow/dags/main.py
[2026-02-25T00:40:38.848+0000] {processor.py:830} INFO - Processing file /opt/airflow/dags/main.py for tasks to queue
[2026-02-25T00:40:38.850+0000] {logging_mixin.py:188} INFO - [2026-02-25T00:40:38.850+0000] {dagbag.py:545} INFO - Filling up the DagBag from /opt/airflow/dags/main.py
[2026-02-25T00:40:38.994+0000] {processor.py:840} INFO - DAG(s) 'update_db', 'produce_json' retrieved from /opt/airflow/dags/main.py
[2026-02-25T00:40:39.036+0000] {logging_mixin.py:188} INFO - [2026-02-25T00:40:39.035+0000] {dag.py:3096} INFO - Sync 2 DAGs
[2026-02-25T00:40:39.062+0000] {logging_mixin.py:188} INFO - [2026-02-25T00:40:39.062+0000] {dag.py:3954} INFO - Setting next_dagrun for produce_json to 2026-02-24 14:00:00+00:00, run_after=2026-02-25 14:00:00+00:00
[2026-02-25T00:40:39.069+0000] {logging_mixin.py:188} INFO - [2026-02-25T00:40:39.069+0000] {dag.py:3954} INFO - Setting next_dagrun for update_db to 2026-02-24 15:00:00+00:00, run_after=2026-02-25 15:00:00+00:00
[2026-02-25T00:40:39.094+0000] {processor.py:183} INFO - Processing /opt/airflow/dags/main.py took 0.254 seconds
[2026-02-25T00:41:09.323+0000] {processor.py:161} INFO - Started process (PID=2799) to work on /opt/airflow/dags/main.py
[2026-02-25T00:41:09.324+0000] {processor.py:830} INFO - Processing file /opt/airflow/dags/main.py for tasks to queue
[2026-02-25T00:41:09.326+0000] {logging_mixin.py:188} INFO - [2026-02-25T00:41:09.326+0000] {dagbag.py:545} INFO - Filling up the DagBag from /opt/airflow/dags/main.py
[2026-02-25T00:41:09.442+0000] {processor.py:840} INFO - DAG(s) 'update_db', 'produce_json' retrieved from /opt/airflow/dags/main.py
[2026-02-25T00:41:09.473+0000] {logging_mixin.py:188} INFO - [2026-02-25T00:41:09.473+0000] {dag.py:3096} INFO - Sync 2 DAGs
[2026-02-25T00:41:09.629+0000] {logging_mixin.py:188} INFO - [2026-02-25T00:41:09.629+0000] {dag.py:3954} INFO - Setting next_dagrun for produce_json to 2026-02-24 14:00:00+00:00, run_after=2026-02-25 14:00:00+00:00
[2026-02-25T00:41:09.634+0000] {logging_mixin.py:188} INFO - [2026-02-25T00:41:09.634+0000] {dag.py:3954} INFO - Setting next_dagrun for update_db to 2026-02-24 15:00:00+00:00, run_after=2026-02-25 15:00:00+00:00
[2026-02-25T00:41:09.652+0000] {processor.py:183} INFO - Processing /opt/airflow/dags/main.py took 0.335 seconds
[2026-02-25T00:41:39.898+0000] {processor.py:161} INFO - Started process (PID=2806) to work on /opt/airflow/dags/main.py
[2026-02-25T00:41:39.899+0000] {processor.py:830} INFO - Processing file /opt/airflow/dags/main.py for tasks to queue
[2026-02-25T00:41:39.902+0000] {logging_mixin.py:188} INFO - [2026-02-25T00:41:39.901+0000] {dagbag.py:545} INFO - Filling up the DagBag from /opt/airflow/dags/main.py
[2026-02-25T00:41:40.008+0000] {processor.py:840} INFO - DAG(s) 'update_db', 'produce_json' retrieved from /opt/airflow/dags/main.py
[2026-02-25T00:41:40.050+0000] {logging_mixin.py:188} INFO - [2026-02-25T00:41:40.050+0000] {dag.py:3096} INFO - Sync 2 DAGs
[2026-02-25T00:41:40.269+0000] {logging_mixin.py:188} INFO - [2026-02-25T00:41:40.269+0000] {dag.py:3954} INFO - Setting next_dagrun for produce_json to 2026-02-24 14:00:00+00:00, run_after=2026-02-25 14:00:00+00:00
[2026-02-25T00:41:40.275+0000] {logging_mixin.py:188} INFO - [2026-02-25T00:41:40.274+0000] {dag.py:3954} INFO - Setting next_dagrun for update_db to 2026-02-24 15:00:00+00:00, run_after=2026-02-25 15:00:00+00:00
[2026-02-25T00:41:40.308+0000] {processor.py:183} INFO - Processing /opt/airflow/dags/main.py took 0.417 seconds
[2026-02-25T00:42:10.537+0000] {processor.py:161} INFO - Started process (PID=2813) to work on /opt/airflow/dags/main.py
[2026-02-25T00:42:10.538+0000] {processor.py:830} INFO - Processing file /opt/airflow/dags/main.py for tasks to queue
[2026-02-25T00:42:10.540+0000] {logging_mixin.py:188} INFO - [2026-02-25T00:42:10.540+0000] {dagbag.py:545} INFO - Filling up the DagBag from /opt/airflow/dags/main.py
[2026-02-25T00:42:10.634+0000] {processor.py:840} INFO - DAG(s) 'produce_json', 'update_db' retrieved from /opt/airflow/dags/main.py
[2026-02-25T00:42:10.817+0000] {logging_mixin.py:188} INFO - [2026-02-25T00:42:10.817+0000] {dag.py:3096} INFO - Sync 2 DAGs
[2026-02-25T00:42:10.839+0000] {logging_mixin.py:188} INFO - [2026-02-25T00:42:10.839+0000] {dag.py:3954} INFO - Setting next_dagrun for produce_json to 2026-02-24 14:00:00+00:00, run_after=2026-02-25 14:00:00+00:00
[2026-02-25T00:42:10.844+0000] {logging_mixin.py:188} INFO - [2026-02-25T00:42:10.844+0000] {dag.py:3954} INFO - Setting next_dagrun for update_db to 2026-02-24 15:00:00+00:00, run_after=2026-02-25 15:00:00+00:00
[2026-02-25T00:42:10.877+0000] {processor.py:183} INFO - Processing /opt/airflow/dags/main.py took 0.348 seconds
[2026-02-25T00:42:41.113+0000] {processor.py:161} INFO - Started process (PID=2820) to work on /opt/airflow/dags/main.py
[2026-02-25T00:42:41.114+0000] {processor.py:830} INFO - Processing file /opt/airflow/dags/main.py for tasks to queue
[2026-02-25T00:42:41.116+0000] {logging_mixin.py:188} INFO - [2026-02-25T00:42:41.116+0000] {dagbag.py:545} INFO - Filling up the DagBag from /opt/airflow/dags/main.py
[2026-02-25T00:42:41.218+0000] {processor.py:840} INFO - DAG(s) 'update_db', 'produce_json' retrieved from /opt/airflow/dags/main.py
[2026-02-25T00:42:41.253+0000] {logging_mixin.py:188} INFO - [2026-02-25T00:42:41.253+0000] {dag.py:3096} INFO - Sync 2 DAGs
[2026-02-25T00:42:41.277+0000] {logging_mixin.py:188} INFO - [2026-02-25T00:42:41.277+0000] {dag.py:3954} INFO - Setting next_dagrun for produce_json to 2026-02-24 14:00:00+00:00, run_after=2026-02-25 14:00:00+00:00
[2026-02-25T00:42:41.283+0000] {logging_mixin.py:188} INFO - [2026-02-25T00:42:41.282+0000] {dag.py:3954} INFO - Setting next_dagrun for update_db to 2026-02-24 15:00:00+00:00, run_after=2026-02-25 15:00:00+00:00
[2026-02-25T00:42:41.312+0000] {processor.py:183} INFO - Processing /opt/airflow/dags/main.py took 0.206 seconds
[2026-02-25T00:43:11.557+0000] {processor.py:161} INFO - Started process (PID=2827) to work on /opt/airflow/dags/main.py
[2026-02-25T00:43:11.558+0000] {processor.py:830} INFO - Processing file /opt/airflow/dags/main.py for tasks to queue
[2026-02-25T00:43:11.561+0000] {logging_mixin.py:188} INFO - [2026-02-25T00:43:11.561+0000] {dagbag.py:545} INFO - Filling up the DagBag from /opt/airflow/dags/main.py
[2026-02-25T00:43:11.671+0000] {processor.py:840} INFO - DAG(s) 'produce_json', 'update_db' retrieved from /opt/airflow/dags/main.py
[2026-02-25T00:43:11.715+0000] {logging_mixin.py:188} INFO - [2026-02-25T00:43:11.715+0000] {dag.py:3096} INFO - Sync 2 DAGs
[2026-02-25T00:43:11.742+0000] {logging_mixin.py:188} INFO - [2026-02-25T00:43:11.742+0000] {dag.py:3954} INFO - Setting next_dagrun for produce_json to 2026-02-24 14:00:00+00:00, run_after=2026-02-25 14:00:00+00:00
[2026-02-25T00:43:11.747+0000] {logging_mixin.py:188} INFO - [2026-02-25T00:43:11.747+0000] {dag.py:3954} INFO - Setting next_dagrun for update_db to 2026-02-24 15:00:00+00:00, run_after=2026-02-25 15:00:00+00:00
[2026-02-25T00:43:11.766+0000] {processor.py:183} INFO - Processing /opt/airflow/dags/main.py took 0.219 seconds
[2026-02-25T00:43:41.883+0000] {processor.py:161} INFO - Started process (PID=2834) to work on /opt/airflow/dags/main.py
[2026-02-25T00:43:41.887+0000] {processor.py:830} INFO - Processing file /opt/airflow/dags/main.py for tasks to queue
[2026-02-25T00:43:41.891+0000] {logging_mixin.py:188} INFO - [2026-02-25T00:43:41.890+0000] {dagbag.py:545} INFO - Filling up the DagBag from /opt/airflow/dags/main.py
[2026-02-25T00:43:42.026+0000] {processor.py:840} INFO - DAG(s) 'produce_json', 'update_db' retrieved from /opt/airflow/dags/main.py
[2026-02-25T00:43:42.062+0000] {logging_mixin.py:188} INFO - [2026-02-25T00:43:42.061+0000] {dag.py:3096} INFO - Sync 2 DAGs
[2026-02-25T00:43:42.085+0000] {logging_mixin.py:188} INFO - [2026-02-25T00:43:42.085+0000] {dag.py:3954} INFO - Setting next_dagrun for produce_json to 2026-02-24 14:00:00+00:00, run_after=2026-02-25 14:00:00+00:00
[2026-02-25T00:43:42.095+0000] {logging_mixin.py:188} INFO - [2026-02-25T00:43:42.095+0000] {dag.py:3954} INFO - Setting next_dagrun for update_db to 2026-02-24 15:00:00+00:00, run_after=2026-02-25 15:00:00+00:00
[2026-02-25T00:43:42.306+0000] {processor.py:183} INFO - Processing /opt/airflow/dags/main.py took 0.432 seconds
[2026-02-25T00:44:12.358+0000] {processor.py:161} INFO - Started process (PID=2841) to work on /opt/airflow/dags/main.py
[2026-02-25T00:44:12.359+0000] {processor.py:830} INFO - Processing file /opt/airflow/dags/main.py for tasks to queue
[2026-02-25T00:44:12.362+0000] {logging_mixin.py:188} INFO - [2026-02-25T00:44:12.361+0000] {dagbag.py:545} INFO - Filling up the DagBag from /opt/airflow/dags/main.py
[2026-02-25T00:44:12.461+0000] {processor.py:840} INFO - DAG(s) 'update_db', 'produce_json' retrieved from /opt/airflow/dags/main.py
[2026-02-25T00:44:12.497+0000] {logging_mixin.py:188} INFO - [2026-02-25T00:44:12.496+0000] {dag.py:3096} INFO - Sync 2 DAGs
[2026-02-25T00:44:12.645+0000] {logging_mixin.py:188} INFO - [2026-02-25T00:44:12.645+0000] {dag.py:3954} INFO - Setting next_dagrun for produce_json to 2026-02-24 14:00:00+00:00, run_after=2026-02-25 14:00:00+00:00
[2026-02-25T00:44:12.650+0000] {logging_mixin.py:188} INFO - [2026-02-25T00:44:12.650+0000] {dag.py:3954} INFO - Setting next_dagrun for update_db to 2026-02-24 15:00:00+00:00, run_after=2026-02-25 15:00:00+00:00
[2026-02-25T00:44:12.675+0000] {processor.py:183} INFO - Processing /opt/airflow/dags/main.py took 0.322 seconds
[2026-02-25T00:44:42.807+0000] {processor.py:161} INFO - Started process (PID=2848) to work on /opt/airflow/dags/main.py
[2026-02-25T00:44:42.809+0000] {processor.py:830} INFO - Processing file /opt/airflow/dags/main.py for tasks to queue
[2026-02-25T00:44:42.811+0000] {logging_mixin.py:188} INFO - [2026-02-25T00:44:42.811+0000] {dagbag.py:545} INFO - Filling up the DagBag from /opt/airflow/dags/main.py
[2026-02-25T00:44:42.903+0000] {processor.py:840} INFO - DAG(s) 'produce_json', 'update_db' retrieved from /opt/airflow/dags/main.py
[2026-02-25T00:44:42.934+0000] {logging_mixin.py:188} INFO - [2026-02-25T00:44:42.934+0000] {dag.py:3096} INFO - Sync 2 DAGs
[2026-02-25T00:44:43.081+0000] {logging_mixin.py:188} INFO - [2026-02-25T00:44:43.081+0000] {dag.py:3954} INFO - Setting next_dagrun for produce_json to 2026-02-24 14:00:00+00:00, run_after=2026-02-25 14:00:00+00:00
[2026-02-25T00:44:43.086+0000] {logging_mixin.py:188} INFO - [2026-02-25T00:44:43.086+0000] {dag.py:3954} INFO - Setting next_dagrun for update_db to 2026-02-24 15:00:00+00:00, run_after=2026-02-25 15:00:00+00:00
[2026-02-25T00:44:43.116+0000] {processor.py:183} INFO - Processing /opt/airflow/dags/main.py took 0.314 seconds
[2026-02-25T00:45:13.311+0000] {processor.py:161} INFO - Started process (PID=2855) to work on /opt/airflow/dags/main.py
[2026-02-25T00:45:13.312+0000] {processor.py:830} INFO - Processing file /opt/airflow/dags/main.py for tasks to queue
[2026-02-25T00:45:13.315+0000] {logging_mixin.py:188} INFO - [2026-02-25T00:45:13.314+0000] {dagbag.py:545} INFO - Filling up the DagBag from /opt/airflow/dags/main.py
[2026-02-25T00:45:13.465+0000] {processor.py:840} INFO - DAG(s) 'update_db', 'produce_json' retrieved from /opt/airflow/dags/main.py
[2026-02-25T00:45:13.700+0000] {logging_mixin.py:188} INFO - [2026-02-25T00:45:13.699+0000] {dag.py:3096} INFO - Sync 2 DAGs
[2026-02-25T00:45:13.722+0000] {logging_mixin.py:188} INFO - [2026-02-25T00:45:13.722+0000] {dag.py:3954} INFO - Setting next_dagrun for produce_json to 2026-02-24 14:00:00+00:00, run_after=2026-02-25 14:00:00+00:00
[2026-02-25T00:45:13.728+0000] {logging_mixin.py:188} INFO - [2026-02-25T00:45:13.728+0000] {dag.py:3954} INFO - Setting next_dagrun for update_db to 2026-02-24 15:00:00+00:00, run_after=2026-02-25 15:00:00+00:00
[2026-02-25T00:45:13.749+0000] {processor.py:183} INFO - Processing /opt/airflow/dags/main.py took 0.450 seconds
[2026-02-25T00:45:43.963+0000] {processor.py:161} INFO - Started process (PID=2862) to work on /opt/airflow/dags/main.py
[2026-02-25T00:45:43.964+0000] {processor.py:830} INFO - Processing file /opt/airflow/dags/main.py for tasks to queue
[2026-02-25T00:45:43.966+0000] {logging_mixin.py:188} INFO - [2026-02-25T00:45:43.965+0000] {dagbag.py:545} INFO - Filling up the DagBag from /opt/airflow/dags/main.py
[2026-02-25T00:45:44.120+0000] {processor.py:840} INFO - DAG(s) 'update_db', 'produce_json' retrieved from /opt/airflow/dags/main.py
[2026-02-25T00:45:44.157+0000] {logging_mixin.py:188} INFO - [2026-02-25T00:45:44.156+0000] {dag.py:3096} INFO - Sync 2 DAGs
[2026-02-25T00:45:44.180+0000] {logging_mixin.py:188} INFO - [2026-02-25T00:45:44.180+0000] {dag.py:3954} INFO - Setting next_dagrun for produce_json to 2026-02-24 14:00:00+00:00, run_after=2026-02-25 14:00:00+00:00
[2026-02-25T00:45:44.186+0000] {logging_mixin.py:188} INFO - [2026-02-25T00:45:44.185+0000] {dag.py:3954} INFO - Setting next_dagrun for update_db to 2026-02-24 15:00:00+00:00, run_after=2026-02-25 15:00:00+00:00
[2026-02-25T00:45:44.228+0000] {processor.py:183} INFO - Processing /opt/airflow/dags/main.py took 0.272 seconds
[2026-02-25T00:46:14.391+0000] {processor.py:161} INFO - Started process (PID=2875) to work on /opt/airflow/dags/main.py
[2026-02-25T00:46:14.392+0000] {processor.py:830} INFO - Processing file /opt/airflow/dags/main.py for tasks to queue
[2026-02-25T00:46:14.394+0000] {logging_mixin.py:188} INFO - [2026-02-25T00:46:14.394+0000] {dagbag.py:545} INFO - Filling up the DagBag from /opt/airflow/dags/main.py
[2026-02-25T00:46:14.502+0000] {processor.py:840} INFO - DAG(s) 'update_db', 'produce_json' retrieved from /opt/airflow/dags/main.py
[2026-02-25T00:46:14.546+0000] {logging_mixin.py:188} INFO - [2026-02-25T00:46:14.545+0000] {dag.py:3096} INFO - Sync 2 DAGs
[2026-02-25T00:46:14.581+0000] {logging_mixin.py:188} INFO - [2026-02-25T00:46:14.581+0000] {dag.py:3954} INFO - Setting next_dagrun for produce_json to 2026-02-24 14:00:00+00:00, run_after=2026-02-25 14:00:00+00:00
[2026-02-25T00:46:14.589+0000] {logging_mixin.py:188} INFO - [2026-02-25T00:46:14.588+0000] {dag.py:3954} INFO - Setting next_dagrun for update_db to 2026-02-24 15:00:00+00:00, run_after=2026-02-25 15:00:00+00:00
[2026-02-25T00:46:14.616+0000] {processor.py:183} INFO - Processing /opt/airflow/dags/main.py took 0.232 seconds
[2026-02-25T00:46:44.751+0000] {processor.py:161} INFO - Started process (PID=2882) to work on /opt/airflow/dags/main.py
[2026-02-25T00:46:44.752+0000] {processor.py:830} INFO - Processing file /opt/airflow/dags/main.py for tasks to queue
[2026-02-25T00:46:44.754+0000] {logging_mixin.py:188} INFO - [2026-02-25T00:46:44.754+0000] {dagbag.py:545} INFO - Filling up the DagBag from /opt/airflow/dags/main.py
[2026-02-25T00:46:44.841+0000] {processor.py:840} INFO - DAG(s) 'produce_json', 'update_db' retrieved from /opt/airflow/dags/main.py
[2026-02-25T00:46:44.872+0000] {logging_mixin.py:188} INFO - [2026-02-25T00:46:44.872+0000] {dag.py:3096} INFO - Sync 2 DAGs
[2026-02-25T00:46:44.900+0000] {logging_mixin.py:188} INFO - [2026-02-25T00:46:44.900+0000] {dag.py:3954} INFO - Setting next_dagrun for produce_json to 2026-02-24 14:00:00+00:00, run_after=2026-02-25 14:00:00+00:00
[2026-02-25T00:46:44.906+0000] {logging_mixin.py:188} INFO - [2026-02-25T00:46:44.906+0000] {dag.py:3954} INFO - Setting next_dagrun for update_db to 2026-02-24 15:00:00+00:00, run_after=2026-02-25 15:00:00+00:00
[2026-02-25T00:46:45.075+0000] {processor.py:183} INFO - Processing /opt/airflow/dags/main.py took 0.330 seconds
[2026-02-25T00:47:15.337+0000] {processor.py:161} INFO - Started process (PID=2889) to work on /opt/airflow/dags/main.py
[2026-02-25T00:47:15.340+0000] {processor.py:830} INFO - Processing file /opt/airflow/dags/main.py for tasks to queue
[2026-02-25T00:47:15.380+0000] {logging_mixin.py:188} INFO - [2026-02-25T00:47:15.372+0000] {dagbag.py:545} INFO - Filling up the DagBag from /opt/airflow/dags/main.py
[2026-02-25T00:47:15.675+0000] {processor.py:840} INFO - DAG(s) 'update_db', 'produce_json' retrieved from /opt/airflow/dags/main.py
[2026-02-25T00:47:15.763+0000] {logging_mixin.py:188} INFO - [2026-02-25T00:47:15.762+0000] {dag.py:3096} INFO - Sync 2 DAGs
[2026-02-25T00:47:17.007+0000] {logging_mixin.py:188} INFO - [2026-02-25T00:47:17.007+0000] {dag.py:3954} INFO - Setting next_dagrun for produce_json to 2026-02-24 14:00:00+00:00, run_after=2026-02-25 14:00:00+00:00
[2026-02-25T00:47:17.016+0000] {logging_mixin.py:188} INFO - [2026-02-25T00:47:17.016+0000] {dag.py:3954} INFO - Setting next_dagrun for update_db to 2026-02-24 15:00:00+00:00, run_after=2026-02-25 15:00:00+00:00
[2026-02-25T00:47:17.054+0000] {processor.py:183} INFO - Processing /opt/airflow/dags/main.py took 1.724 seconds
[2026-02-25T00:47:47.195+0000] {processor.py:161} INFO - Started process (PID=2896) to work on /opt/airflow/dags/main.py
[2026-02-25T00:47:47.196+0000] {processor.py:830} INFO - Processing file /opt/airflow/dags/main.py for tasks to queue
[2026-02-25T00:47:47.198+0000] {logging_mixin.py:188} INFO - [2026-02-25T00:47:47.198+0000] {dagbag.py:545} INFO - Filling up the DagBag from /opt/airflow/dags/main.py
[2026-02-25T00:47:47.306+0000] {processor.py:840} INFO - DAG(s) 'update_db', 'produce_json' retrieved from /opt/airflow/dags/main.py
[2026-02-25T00:47:47.524+0000] {logging_mixin.py:188} INFO - [2026-02-25T00:47:47.524+0000] {dag.py:3096} INFO - Sync 2 DAGs
[2026-02-25T00:47:47.543+0000] {logging_mixin.py:188} INFO - [2026-02-25T00:47:47.543+0000] {dag.py:3954} INFO - Setting next_dagrun for produce_json to 2026-02-24 14:00:00+00:00, run_after=2026-02-25 14:00:00+00:00
[2026-02-25T00:47:47.548+0000] {logging_mixin.py:188} INFO - [2026-02-25T00:47:47.548+0000] {dag.py:3954} INFO - Setting next_dagrun for update_db to 2026-02-24 15:00:00+00:00, run_after=2026-02-25 15:00:00+00:00
[2026-02-25T00:47:47.566+0000] {processor.py:183} INFO - Processing /opt/airflow/dags/main.py took 0.378 seconds
[2026-02-25T00:48:17.780+0000] {processor.py:161} INFO - Started process (PID=2903) to work on /opt/airflow/dags/main.py
[2026-02-25T00:48:17.782+0000] {processor.py:830} INFO - Processing file /opt/airflow/dags/main.py for tasks to queue
[2026-02-25T00:48:17.785+0000] {logging_mixin.py:188} INFO - [2026-02-25T00:48:17.785+0000] {dagbag.py:545} INFO - Filling up the DagBag from /opt/airflow/dags/main.py
[2026-02-25T00:48:17.947+0000] {processor.py:840} INFO - DAG(s) 'produce_json', 'update_db' retrieved from /opt/airflow/dags/main.py
[2026-02-25T00:48:18.829+0000] {logging_mixin.py:188} INFO - [2026-02-25T00:48:18.829+0000] {dag.py:3096} INFO - Sync 2 DAGs
[2026-02-25T00:48:18.887+0000] {logging_mixin.py:188} INFO - [2026-02-25T00:48:18.887+0000] {dag.py:3954} INFO - Setting next_dagrun for produce_json to 2026-02-24 14:00:00+00:00, run_after=2026-02-25 14:00:00+00:00
[2026-02-25T00:48:18.893+0000] {logging_mixin.py:188} INFO - [2026-02-25T00:48:18.893+0000] {dag.py:3954} INFO - Setting next_dagrun for update_db to 2026-02-24 15:00:00+00:00, run_after=2026-02-25 15:00:00+00:00
[2026-02-25T00:48:18.924+0000] {processor.py:183} INFO - Processing /opt/airflow/dags/main.py took 1.153 seconds
[2026-02-25T00:48:49.073+0000] {processor.py:161} INFO - Started process (PID=2910) to work on /opt/airflow/dags/main.py
[2026-02-25T00:48:49.074+0000] {processor.py:830} INFO - Processing file /opt/airflow/dags/main.py for tasks to queue
[2026-02-25T00:48:49.077+0000] {logging_mixin.py:188} INFO - [2026-02-25T00:48:49.076+0000] {dagbag.py:545} INFO - Filling up the DagBag from /opt/airflow/dags/main.py
[2026-02-25T00:48:49.178+0000] {processor.py:840} INFO - DAG(s) 'update_db', 'produce_json' retrieved from /opt/airflow/dags/main.py
[2026-02-25T00:48:49.217+0000] {logging_mixin.py:188} INFO - [2026-02-25T00:48:49.217+0000] {dag.py:3096} INFO - Sync 2 DAGs
[2026-02-25T00:48:49.248+0000] {logging_mixin.py:188} INFO - [2026-02-25T00:48:49.248+0000] {dag.py:3954} INFO - Setting next_dagrun for produce_json to 2026-02-24 14:00:00+00:00, run_after=2026-02-25 14:00:00+00:00
[2026-02-25T00:48:49.254+0000] {logging_mixin.py:188} INFO - [2026-02-25T00:48:49.254+0000] {dag.py:3954} INFO - Setting next_dagrun for update_db to 2026-02-24 15:00:00+00:00, run_after=2026-02-25 15:00:00+00:00
[2026-02-25T00:48:49.275+0000] {processor.py:183} INFO - Processing /opt/airflow/dags/main.py took 0.210 seconds
[2026-02-25T00:49:20.005+0000] {processor.py:161} INFO - Started process (PID=2917) to work on /opt/airflow/dags/main.py
[2026-02-25T00:49:20.006+0000] {processor.py:830} INFO - Processing file /opt/airflow/dags/main.py for tasks to queue
[2026-02-25T00:49:20.009+0000] {logging_mixin.py:188} INFO - [2026-02-25T00:49:20.008+0000] {dagbag.py:545} INFO - Filling up the DagBag from /opt/airflow/dags/main.py
[2026-02-25T00:49:20.144+0000] {processor.py:840} INFO - DAG(s) 'produce_json', 'update_db' retrieved from /opt/airflow/dags/main.py
[2026-02-25T00:49:20.180+0000] {logging_mixin.py:188} INFO - [2026-02-25T00:49:20.180+0000] {dag.py:3096} INFO - Sync 2 DAGs
[2026-02-25T00:49:20.204+0000] {logging_mixin.py:188} INFO - [2026-02-25T00:49:20.204+0000] {dag.py:3954} INFO - Setting next_dagrun for produce_json to 2026-02-24 14:00:00+00:00, run_after=2026-02-25 14:00:00+00:00
[2026-02-25T00:49:20.211+0000] {logging_mixin.py:188} INFO - [2026-02-25T00:49:20.210+0000] {dag.py:3954} INFO - Setting next_dagrun for update_db to 2026-02-24 15:00:00+00:00, run_after=2026-02-25 15:00:00+00:00
[2026-02-25T00:49:20.233+0000] {processor.py:183} INFO - Processing /opt/airflow/dags/main.py took 0.238 seconds
[2026-02-25T00:49:51.216+0000] {processor.py:161} INFO - Started process (PID=2924) to work on /opt/airflow/dags/main.py
[2026-02-25T00:49:51.217+0000] {processor.py:830} INFO - Processing file /opt/airflow/dags/main.py for tasks to queue
[2026-02-25T00:49:51.219+0000] {logging_mixin.py:188} INFO - [2026-02-25T00:49:51.219+0000] {dagbag.py:545} INFO - Filling up the DagBag from /opt/airflow/dags/main.py
[2026-02-25T00:49:50.382+0000] {processor.py:840} INFO - DAG(s) 'update_db', 'produce_json' retrieved from /opt/airflow/dags/main.py
[2026-02-25T00:49:50.420+0000] {logging_mixin.py:188} INFO - [2026-02-25T00:49:50.420+0000] {dag.py:3096} INFO - Sync 2 DAGs
[2026-02-25T00:49:49.424+0000] {logging_mixin.py:188} INFO - [2026-02-25T00:49:49.424+0000] {dag.py:3954} INFO - Setting next_dagrun for produce_json to 2026-02-24 14:00:00+00:00, run_after=2026-02-25 14:00:00+00:00
[2026-02-25T00:49:49.430+0000] {logging_mixin.py:188} INFO - [2026-02-25T00:49:49.429+0000] {dag.py:3954} INFO - Setting next_dagrun for update_db to 2026-02-24 15:00:00+00:00, run_after=2026-02-25 15:00:00+00:00
[2026-02-25T00:49:49.451+0000] {processor.py:183} INFO - Processing /opt/airflow/dags/main.py took 0.416 seconds
[2026-02-25T00:50:19.597+0000] {processor.py:161} INFO - Started process (PID=2931) to work on /opt/airflow/dags/main.py
[2026-02-25T00:50:19.599+0000] {processor.py:830} INFO - Processing file /opt/airflow/dags/main.py for tasks to queue
[2026-02-25T00:50:19.603+0000] {logging_mixin.py:188} INFO - [2026-02-25T00:50:19.602+0000] {dagbag.py:545} INFO - Filling up the DagBag from /opt/airflow/dags/main.py
[2026-02-25T00:50:19.752+0000] {processor.py:840} INFO - DAG(s) 'update_db', 'produce_json' retrieved from /opt/airflow/dags/main.py
[2026-02-25T00:50:19.790+0000] {logging_mixin.py:188} INFO - [2026-02-25T00:50:19.790+0000] {dag.py:3096} INFO - Sync 2 DAGs
[2026-02-25T00:50:20.007+0000] {logging_mixin.py:188} INFO - [2026-02-25T00:50:20.007+0000] {dag.py:3954} INFO - Setting next_dagrun for produce_json to 2026-02-24 14:00:00+00:00, run_after=2026-02-25 14:00:00+00:00
[2026-02-25T00:50:20.012+0000] {logging_mixin.py:188} INFO - [2026-02-25T00:50:20.012+0000] {dag.py:3954} INFO - Setting next_dagrun for update_db to 2026-02-24 15:00:00+00:00, run_after=2026-02-25 15:00:00+00:00
[2026-02-25T00:50:20.033+0000] {processor.py:183} INFO - Processing /opt/airflow/dags/main.py took 0.447 seconds
[2026-02-25T00:50:50.475+0000] {processor.py:161} INFO - Started process (PID=2938) to work on /opt/airflow/dags/main.py
[2026-02-25T00:50:50.477+0000] {processor.py:830} INFO - Processing file /opt/airflow/dags/main.py for tasks to queue
[2026-02-25T00:50:50.479+0000] {logging_mixin.py:188} INFO - [2026-02-25T00:50:50.479+0000] {dagbag.py:545} INFO - Filling up the DagBag from /opt/airflow/dags/main.py
[2026-02-25T00:50:50.578+0000] {processor.py:840} INFO - DAG(s) 'produce_json', 'update_db' retrieved from /opt/airflow/dags/main.py
[2026-02-25T00:50:50.751+0000] {logging_mixin.py:188} INFO - [2026-02-25T00:50:50.751+0000] {dag.py:3096} INFO - Sync 2 DAGs
[2026-02-25T00:50:50.770+0000] {logging_mixin.py:188} INFO - [2026-02-25T00:50:50.769+0000] {dag.py:3954} INFO - Setting next_dagrun for produce_json to 2026-02-24 14:00:00+00:00, run_after=2026-02-25 14:00:00+00:00
[2026-02-25T00:50:50.775+0000] {logging_mixin.py:188} INFO - [2026-02-25T00:50:50.775+0000] {dag.py:3954} INFO - Setting next_dagrun for update_db to 2026-02-24 15:00:00+00:00, run_after=2026-02-25 15:00:00+00:00
[2026-02-25T00:50:50.794+0000] {processor.py:183} INFO - Processing /opt/airflow/dags/main.py took 0.324 seconds
[2026-02-25T00:51:20.893+0000] {processor.py:161} INFO - Started process (PID=2945) to work on /opt/airflow/dags/main.py
[2026-02-25T00:51:20.895+0000] {processor.py:830} INFO - Processing file /opt/airflow/dags/main.py for tasks to queue
[2026-02-25T00:51:20.898+0000] {logging_mixin.py:188} INFO - [2026-02-25T00:51:20.898+0000] {dagbag.py:545} INFO - Filling up the DagBag from /opt/airflow/dags/main.py
[2026-02-25T00:51:21.005+0000] {processor.py:840} INFO - DAG(s) 'update_db', 'produce_json' retrieved from /opt/airflow/dags/main.py
[2026-02-25T00:51:21.184+0000] {logging_mixin.py:188} INFO - [2026-02-25T00:51:21.183+0000] {dag.py:3096} INFO - Sync 2 DAGs
[2026-02-25T00:51:21.205+0000] {logging_mixin.py:188} INFO - [2026-02-25T00:51:21.205+0000] {dag.py:3954} INFO - Setting next_dagrun for produce_json to 2026-02-24 14:00:00+00:00, run_after=2026-02-25 14:00:00+00:00
[2026-02-25T00:51:21.212+0000] {logging_mixin.py:188} INFO - [2026-02-25T00:51:21.212+0000] {dag.py:3954} INFO - Setting next_dagrun for update_db to 2026-02-24 15:00:00+00:00, run_after=2026-02-25 15:00:00+00:00
[2026-02-25T00:51:21.244+0000] {processor.py:183} INFO - Processing /opt/airflow/dags/main.py took 0.359 seconds
[2026-02-25T00:51:51.569+0000] {processor.py:161} INFO - Started process (PID=2952) to work on /opt/airflow/dags/main.py
[2026-02-25T00:51:51.570+0000] {processor.py:830} INFO - Processing file /opt/airflow/dags/main.py for tasks to queue
[2026-02-25T00:51:51.572+0000] {logging_mixin.py:188} INFO - [2026-02-25T00:51:51.572+0000] {dagbag.py:545} INFO - Filling up the DagBag from /opt/airflow/dags/main.py
[2026-02-25T00:51:51.676+0000] {processor.py:840} INFO - DAG(s) 'produce_json', 'update_db' retrieved from /opt/airflow/dags/main.py
[2026-02-25T00:51:51.713+0000] {logging_mixin.py:188} INFO - [2026-02-25T00:51:51.712+0000] {dag.py:3096} INFO - Sync 2 DAGs
[2026-02-25T00:51:51.743+0000] {logging_mixin.py:188} INFO - [2026-02-25T00:51:51.743+0000] {dag.py:3954} INFO - Setting next_dagrun for produce_json to 2026-02-24 14:00:00+00:00, run_after=2026-02-25 14:00:00+00:00
[2026-02-25T00:51:51.748+0000] {logging_mixin.py:188} INFO - [2026-02-25T00:51:51.748+0000] {dag.py:3954} INFO - Setting next_dagrun for update_db to 2026-02-24 15:00:00+00:00, run_after=2026-02-25 15:00:00+00:00
[2026-02-25T00:51:51.779+0000] {processor.py:183} INFO - Processing /opt/airflow/dags/main.py took 0.217 seconds
[2026-02-25T00:52:21.993+0000] {processor.py:161} INFO - Started process (PID=2959) to work on /opt/airflow/dags/main.py
[2026-02-25T00:52:21.995+0000] {processor.py:830} INFO - Processing file /opt/airflow/dags/main.py for tasks to queue
[2026-02-25T00:52:21.997+0000] {logging_mixin.py:188} INFO - [2026-02-25T00:52:21.996+0000] {dagbag.py:545} INFO - Filling up the DagBag from /opt/airflow/dags/main.py
[2026-02-25T00:52:22.107+0000] {processor.py:840} INFO - DAG(s) 'produce_json', 'update_db' retrieved from /opt/airflow/dags/main.py
[2026-02-25T00:52:22.142+0000] {logging_mixin.py:188} INFO - [2026-02-25T00:52:22.142+0000] {dag.py:3096} INFO - Sync 2 DAGs
[2026-02-25T00:52:22.168+0000] {logging_mixin.py:188} INFO - [2026-02-25T00:52:22.168+0000] {dag.py:3954} INFO - Setting next_dagrun for produce_json to 2026-02-24 14:00:00+00:00, run_after=2026-02-25 14:00:00+00:00
[2026-02-25T00:52:22.173+0000] {logging_mixin.py:188} INFO - [2026-02-25T00:52:22.173+0000] {dag.py:3954} INFO - Setting next_dagrun for update_db to 2026-02-24 15:00:00+00:00, run_after=2026-02-25 15:00:00+00:00
[2026-02-25T00:52:22.343+0000] {processor.py:183} INFO - Processing /opt/airflow/dags/main.py took 0.356 seconds
[2026-02-25T00:52:52.871+0000] {processor.py:161} INFO - Started process (PID=2966) to work on /opt/airflow/dags/main.py
[2026-02-25T00:52:52.872+0000] {processor.py:830} INFO - Processing file /opt/airflow/dags/main.py for tasks to queue
[2026-02-25T00:52:52.874+0000] {logging_mixin.py:188} INFO - [2026-02-25T00:52:52.874+0000] {dagbag.py:545} INFO - Filling up the DagBag from /opt/airflow/dags/main.py
[2026-02-25T00:52:52.973+0000] {processor.py:840} INFO - DAG(s) 'update_db', 'produce_json' retrieved from /opt/airflow/dags/main.py
[2026-02-25T00:52:53.015+0000] {logging_mixin.py:188} INFO - [2026-02-25T00:52:53.015+0000] {dag.py:3096} INFO - Sync 2 DAGs
[2026-02-25T00:52:53.262+0000] {logging_mixin.py:188} INFO - [2026-02-25T00:52:53.261+0000] {dag.py:3954} INFO - Setting next_dagrun for produce_json to 2026-02-24 14:00:00+00:00, run_after=2026-02-25 14:00:00+00:00
[2026-02-25T00:52:53.267+0000] {logging_mixin.py:188} INFO - [2026-02-25T00:52:53.267+0000] {dag.py:3954} INFO - Setting next_dagrun for update_db to 2026-02-24 15:00:00+00:00, run_after=2026-02-25 15:00:00+00:00
[2026-02-25T00:52:53.287+0000] {processor.py:183} INFO - Processing /opt/airflow/dags/main.py took 0.422 seconds
[2026-02-25T00:53:24.097+0000] {processor.py:161} INFO - Started process (PID=2973) to work on /opt/airflow/dags/main.py
[2026-02-25T00:53:24.099+0000] {processor.py:830} INFO - Processing file /opt/airflow/dags/main.py for tasks to queue
[2026-02-25T00:53:24.102+0000] {logging_mixin.py:188} INFO - [2026-02-25T00:53:24.101+0000] {dagbag.py:545} INFO - Filling up the DagBag from /opt/airflow/dags/main.py
[2026-02-25T00:53:24.194+0000] {processor.py:840} INFO - DAG(s) 'produce_json', 'update_db' retrieved from /opt/airflow/dags/main.py
[2026-02-25T00:53:24.230+0000] {logging_mixin.py:188} INFO - [2026-02-25T00:53:24.229+0000] {dag.py:3096} INFO - Sync 2 DAGs
[2026-02-25T00:53:24.398+0000] {logging_mixin.py:188} INFO - [2026-02-25T00:53:24.398+0000] {dag.py:3954} INFO - Setting next_dagrun for produce_json to 2026-02-24 14:00:00+00:00, run_after=2026-02-25 14:00:00+00:00
[2026-02-25T00:53:24.403+0000] {logging_mixin.py:188} INFO - [2026-02-25T00:53:24.403+0000] {dag.py:3954} INFO - Setting next_dagrun for update_db to 2026-02-24 15:00:00+00:00, run_after=2026-02-25 15:00:00+00:00
[2026-02-25T00:53:24.437+0000] {processor.py:183} INFO - Processing /opt/airflow/dags/main.py took 0.346 seconds
[2026-02-25T00:53:54.599+0000] {processor.py:161} INFO - Started process (PID=2986) to work on /opt/airflow/dags/main.py
[2026-02-25T00:53:54.600+0000] {processor.py:830} INFO - Processing file /opt/airflow/dags/main.py for tasks to queue
[2026-02-25T00:53:54.603+0000] {logging_mixin.py:188} INFO - [2026-02-25T00:53:54.602+0000] {dagbag.py:545} INFO - Filling up the DagBag from /opt/airflow/dags/main.py
[2026-02-25T00:53:54.699+0000] {processor.py:840} INFO - DAG(s) 'produce_json', 'update_db' retrieved from /opt/airflow/dags/main.py
[2026-02-25T00:53:54.877+0000] {logging_mixin.py:188} INFO - [2026-02-25T00:53:54.877+0000] {dag.py:3096} INFO - Sync 2 DAGs
[2026-02-25T00:53:54.896+0000] {logging_mixin.py:188} INFO - [2026-02-25T00:53:54.896+0000] {dag.py:3954} INFO - Setting next_dagrun for produce_json to 2026-02-24 14:00:00+00:00, run_after=2026-02-25 14:00:00+00:00
[2026-02-25T00:53:54.901+0000] {logging_mixin.py:188} INFO - [2026-02-25T00:53:54.901+0000] {dag.py:3954} INFO - Setting next_dagrun for update_db to 2026-02-24 15:00:00+00:00, run_after=2026-02-25 15:00:00+00:00
[2026-02-25T00:53:54.921+0000] {processor.py:183} INFO - Processing /opt/airflow/dags/main.py took 0.328 seconds
[2026-02-25T00:54:25.157+0000] {processor.py:161} INFO - Started process (PID=2993) to work on /opt/airflow/dags/main.py
[2026-02-25T00:54:25.159+0000] {processor.py:830} INFO - Processing file /opt/airflow/dags/main.py for tasks to queue
[2026-02-25T00:54:25.161+0000] {logging_mixin.py:188} INFO - [2026-02-25T00:54:25.161+0000] {dagbag.py:545} INFO - Filling up the DagBag from /opt/airflow/dags/main.py
[2026-02-25T00:54:25.279+0000] {processor.py:840} INFO - DAG(s) 'produce_json', 'update_db' retrieved from /opt/airflow/dags/main.py
[2026-02-25T00:54:25.310+0000] {logging_mixin.py:188} INFO - [2026-02-25T00:54:25.309+0000] {dag.py:3096} INFO - Sync 2 DAGs
[2026-02-25T00:54:25.331+0000] {logging_mixin.py:188} INFO - [2026-02-25T00:54:25.331+0000] {dag.py:3954} INFO - Setting next_dagrun for produce_json to 2026-02-24 14:00:00+00:00, run_after=2026-02-25 14:00:00+00:00
[2026-02-25T00:54:25.336+0000] {logging_mixin.py:188} INFO - [2026-02-25T00:54:25.336+0000] {dag.py:3954} INFO - Setting next_dagrun for update_db to 2026-02-24 15:00:00+00:00, run_after=2026-02-25 15:00:00+00:00
[2026-02-25T00:54:25.359+0000] {processor.py:183} INFO - Processing /opt/airflow/dags/main.py took 0.209 seconds
[2026-02-25T00:54:55.913+0000] {processor.py:161} INFO - Started process (PID=3000) to work on /opt/airflow/dags/main.py
[2026-02-25T00:54:55.915+0000] {processor.py:830} INFO - Processing file /opt/airflow/dags/main.py for tasks to queue
[2026-02-25T00:54:55.918+0000] {logging_mixin.py:188} INFO - [2026-02-25T00:54:55.917+0000] {dagbag.py:545} INFO - Filling up the DagBag from /opt/airflow/dags/main.py
[2026-02-25T00:54:56.016+0000] {processor.py:840} INFO - DAG(s) 'produce_json', 'update_db' retrieved from /opt/airflow/dags/main.py
[2026-02-25T00:54:56.052+0000] {logging_mixin.py:188} INFO - [2026-02-25T00:54:56.051+0000] {dag.py:3096} INFO - Sync 2 DAGs
[2026-02-25T00:54:56.077+0000] {logging_mixin.py:188} INFO - [2026-02-25T00:54:56.077+0000] {dag.py:3954} INFO - Setting next_dagrun for produce_json to 2026-02-24 14:00:00+00:00, run_after=2026-02-25 14:00:00+00:00
[2026-02-25T00:54:56.083+0000] {logging_mixin.py:188} INFO - [2026-02-25T00:54:56.083+0000] {dag.py:3954} INFO - Setting next_dagrun for update_db to 2026-02-24 15:00:00+00:00, run_after=2026-02-25 15:00:00+00:00
[2026-02-25T00:54:56.102+0000] {processor.py:183} INFO - Processing /opt/airflow/dags/main.py took 0.197 seconds
[2026-02-25T00:55:32.113+0000] {processor.py:161} INFO - Started process (PID=47) to work on /opt/airflow/dags/main.py
[2026-02-25T00:55:32.114+0000] {processor.py:830} INFO - Processing file /opt/airflow/dags/main.py for tasks to queue
[2026-02-25T00:55:32.117+0000] {logging_mixin.py:188} INFO - [2026-02-25T00:55:32.117+0000] {dagbag.py:545} INFO - Filling up the DagBag from /opt/airflow/dags/main.py
[2026-02-25T00:55:32.248+0000] {processor.py:840} INFO - DAG(s) 'update_db', 'produce_json' retrieved from /opt/airflow/dags/main.py
[2026-02-25T00:55:32.332+0000] {logging_mixin.py:188} INFO - [2026-02-25T00:55:32.332+0000] {dag.py:3096} INFO - Sync 2 DAGs
[2026-02-25T00:55:32.371+0000] {logging_mixin.py:188} INFO - [2026-02-25T00:55:32.370+0000] {dag.py:3954} INFO - Setting next_dagrun for produce_json to 2026-02-24 14:00:00+00:00, run_after=2026-02-25 14:00:00+00:00
[2026-02-25T00:55:32.378+0000] {logging_mixin.py:188} INFO - [2026-02-25T00:55:32.378+0000] {dag.py:3954} INFO - Setting next_dagrun for update_db to 2026-02-24 15:00:00+00:00, run_after=2026-02-25 15:00:00+00:00
[2026-02-25T00:55:32.406+0000] {processor.py:183} INFO - Processing /opt/airflow/dags/main.py took 0.301 seconds
[2026-02-25T00:56:02.540+0000] {processor.py:161} INFO - Started process (PID=54) to work on /opt/airflow/dags/main.py
[2026-02-25T00:56:02.542+0000] {processor.py:830} INFO - Processing file /opt/airflow/dags/main.py for tasks to queue
[2026-02-25T00:56:02.545+0000] {logging_mixin.py:188} INFO - [2026-02-25T00:56:02.544+0000] {dagbag.py:545} INFO - Filling up the DagBag from /opt/airflow/dags/main.py
[2026-02-25T00:56:02.642+0000] {processor.py:840} INFO - DAG(s) 'update_db', 'produce_json' retrieved from /opt/airflow/dags/main.py
[2026-02-25T00:56:02.673+0000] {logging_mixin.py:188} INFO - [2026-02-25T00:56:02.673+0000] {dag.py:3096} INFO - Sync 2 DAGs
[2026-02-25T00:56:02.697+0000] {logging_mixin.py:188} INFO - [2026-02-25T00:56:02.697+0000] {dag.py:3954} INFO - Setting next_dagrun for produce_json to 2026-02-24 14:00:00+00:00, run_after=2026-02-25 14:00:00+00:00
[2026-02-25T00:56:02.704+0000] {logging_mixin.py:188} INFO - [2026-02-25T00:56:02.703+0000] {dag.py:3954} INFO - Setting next_dagrun for update_db to 2026-02-24 15:00:00+00:00, run_after=2026-02-25 15:00:00+00:00
[2026-02-25T00:56:02.735+0000] {processor.py:183} INFO - Processing /opt/airflow/dags/main.py took 0.202 seconds
[2026-02-25T00:56:33.255+0000] {processor.py:161} INFO - Started process (PID=67) to work on /opt/airflow/dags/main.py
[2026-02-25T00:56:33.256+0000] {processor.py:830} INFO - Processing file /opt/airflow/dags/main.py for tasks to queue
[2026-02-25T00:56:33.259+0000] {logging_mixin.py:188} INFO - [2026-02-25T00:56:33.259+0000] {dagbag.py:545} INFO - Filling up the DagBag from /opt/airflow/dags/main.py
[2026-02-25T00:56:33.356+0000] {processor.py:840} INFO - DAG(s) 'update_db', 'produce_json' retrieved from /opt/airflow/dags/main.py
[2026-02-25T00:56:33.387+0000] {logging_mixin.py:188} INFO - [2026-02-25T00:56:33.387+0000] {dag.py:3096} INFO - Sync 2 DAGs
[2026-02-25T00:56:33.409+0000] {logging_mixin.py:188} INFO - [2026-02-25T00:56:33.409+0000] {dag.py:3954} INFO - Setting next_dagrun for produce_json to 2026-02-24 14:00:00+00:00, run_after=2026-02-25 14:00:00+00:00
[2026-02-25T00:56:33.416+0000] {logging_mixin.py:188} INFO - [2026-02-25T00:56:33.416+0000] {dag.py:3954} INFO - Setting next_dagrun for update_db to 2026-02-24 15:00:00+00:00, run_after=2026-02-25 15:00:00+00:00
[2026-02-25T00:56:33.447+0000] {processor.py:183} INFO - Processing /opt/airflow/dags/main.py took 0.198 seconds
[2026-02-25T00:57:04.275+0000] {processor.py:161} INFO - Started process (PID=74) to work on /opt/airflow/dags/main.py
[2026-02-25T00:57:04.276+0000] {processor.py:830} INFO - Processing file /opt/airflow/dags/main.py for tasks to queue
[2026-02-25T00:57:04.279+0000] {logging_mixin.py:188} INFO - [2026-02-25T00:57:04.279+0000] {dagbag.py:545} INFO - Filling up the DagBag from /opt/airflow/dags/main.py
[2026-02-25T00:57:04.376+0000] {processor.py:840} INFO - DAG(s) 'produce_json', 'update_db' retrieved from /opt/airflow/dags/main.py
[2026-02-25T00:57:04.411+0000] {logging_mixin.py:188} INFO - [2026-02-25T00:57:04.410+0000] {dag.py:3096} INFO - Sync 2 DAGs
[2026-02-25T00:57:04.434+0000] {logging_mixin.py:188} INFO - [2026-02-25T00:57:04.434+0000] {dag.py:3954} INFO - Setting next_dagrun for produce_json to 2026-02-24 14:00:00+00:00, run_after=2026-02-25 14:00:00+00:00
[2026-02-25T00:57:04.440+0000] {logging_mixin.py:188} INFO - [2026-02-25T00:57:04.439+0000] {dag.py:3954} INFO - Setting next_dagrun for update_db to 2026-02-24 15:00:00+00:00, run_after=2026-02-25 15:00:00+00:00
[2026-02-25T00:57:04.463+0000] {processor.py:183} INFO - Processing /opt/airflow/dags/main.py took 0.195 seconds
[2026-02-25T00:57:35.035+0000] {processor.py:161} INFO - Started process (PID=81) to work on /opt/airflow/dags/main.py
[2026-02-25T00:57:35.036+0000] {processor.py:830} INFO - Processing file /opt/airflow/dags/main.py for tasks to queue
[2026-02-25T00:57:35.039+0000] {logging_mixin.py:188} INFO - [2026-02-25T00:57:35.039+0000] {dagbag.py:545} INFO - Filling up the DagBag from /opt/airflow/dags/main.py
[2026-02-25T00:57:35.149+0000] {processor.py:840} INFO - DAG(s) 'update_db', 'produce_json' retrieved from /opt/airflow/dags/main.py
[2026-02-25T00:57:35.184+0000] {logging_mixin.py:188} INFO - [2026-02-25T00:57:35.183+0000] {dag.py:3096} INFO - Sync 2 DAGs
[2026-02-25T00:57:35.210+0000] {logging_mixin.py:188} INFO - [2026-02-25T00:57:35.210+0000] {dag.py:3954} INFO - Setting next_dagrun for produce_json to 2026-02-24 14:00:00+00:00, run_after=2026-02-25 14:00:00+00:00
[2026-02-25T00:57:35.216+0000] {logging_mixin.py:188} INFO - [2026-02-25T00:57:35.216+0000] {dag.py:3954} INFO - Setting next_dagrun for update_db to 2026-02-24 15:00:00+00:00, run_after=2026-02-25 15:00:00+00:00
[2026-02-25T00:57:35.240+0000] {processor.py:183} INFO - Processing /opt/airflow/dags/main.py took 0.213 seconds
[2026-02-25T00:58:06.113+0000] {processor.py:161} INFO - Started process (PID=88) to work on /opt/airflow/dags/main.py
[2026-02-25T00:58:06.115+0000] {processor.py:830} INFO - Processing file /opt/airflow/dags/main.py for tasks to queue
[2026-02-25T00:58:06.117+0000] {logging_mixin.py:188} INFO - [2026-02-25T00:58:06.117+0000] {dagbag.py:545} INFO - Filling up the DagBag from /opt/airflow/dags/main.py
[2026-02-25T00:58:06.208+0000] {processor.py:840} INFO - DAG(s) 'update_db', 'produce_json' retrieved from /opt/airflow/dags/main.py
[2026-02-25T00:58:06.237+0000] {logging_mixin.py:188} INFO - [2026-02-25T00:58:06.237+0000] {dag.py:3096} INFO - Sync 2 DAGs
[2026-02-25T00:58:06.260+0000] {logging_mixin.py:188} INFO - [2026-02-25T00:58:06.259+0000] {dag.py:3954} INFO - Setting next_dagrun for produce_json to 2026-02-24 14:00:00+00:00, run_after=2026-02-25 14:00:00+00:00
[2026-02-25T00:58:06.265+0000] {logging_mixin.py:188} INFO - [2026-02-25T00:58:06.265+0000] {dag.py:3954} INFO - Setting next_dagrun for update_db to 2026-02-24 15:00:00+00:00, run_after=2026-02-25 15:00:00+00:00
[2026-02-25T00:58:06.299+0000] {processor.py:183} INFO - Processing /opt/airflow/dags/main.py took 0.191 seconds
[2026-02-25T00:58:36.881+0000] {processor.py:161} INFO - Started process (PID=95) to work on /opt/airflow/dags/main.py
[2026-02-25T00:58:36.883+0000] {processor.py:830} INFO - Processing file /opt/airflow/dags/main.py for tasks to queue
[2026-02-25T00:58:36.885+0000] {logging_mixin.py:188} INFO - [2026-02-25T00:58:36.885+0000] {dagbag.py:545} INFO - Filling up the DagBag from /opt/airflow/dags/main.py
[2026-02-25T00:58:37.049+0000] {processor.py:840} INFO - DAG(s) 'produce_json', 'update_db' retrieved from /opt/airflow/dags/main.py
[2026-02-25T00:58:37.087+0000] {logging_mixin.py:188} INFO - [2026-02-25T00:58:37.087+0000] {dag.py:3096} INFO - Sync 2 DAGs
[2026-02-25T00:58:37.116+0000] {logging_mixin.py:188} INFO - [2026-02-25T00:58:37.115+0000] {dag.py:3954} INFO - Setting next_dagrun for produce_json to 2026-02-24 14:00:00+00:00, run_after=2026-02-25 14:00:00+00:00
[2026-02-25T00:58:37.123+0000] {logging_mixin.py:188} INFO - [2026-02-25T00:58:37.122+0000] {dag.py:3954} INFO - Setting next_dagrun for update_db to 2026-02-24 15:00:00+00:00, run_after=2026-02-25 15:00:00+00:00
[2026-02-25T00:58:37.141+0000] {processor.py:183} INFO - Processing /opt/airflow/dags/main.py took 0.266 seconds
[2026-02-25T00:59:07.687+0000] {processor.py:161} INFO - Started process (PID=102) to work on /opt/airflow/dags/main.py
[2026-02-25T00:59:07.698+0000] {processor.py:830} INFO - Processing file /opt/airflow/dags/main.py for tasks to queue
[2026-02-25T00:59:07.709+0000] {logging_mixin.py:188} INFO - [2026-02-25T00:59:07.708+0000] {dagbag.py:545} INFO - Filling up the DagBag from /opt/airflow/dags/main.py
[2026-02-25T00:59:07.842+0000] {processor.py:840} INFO - DAG(s) 'update_db', 'produce_json' retrieved from /opt/airflow/dags/main.py
[2026-02-25T00:59:07.871+0000] {logging_mixin.py:188} INFO - [2026-02-25T00:59:07.871+0000] {dag.py:3096} INFO - Sync 2 DAGs
[2026-02-25T00:59:07.894+0000] {logging_mixin.py:188} INFO - [2026-02-25T00:59:07.894+0000] {dag.py:3954} INFO - Setting next_dagrun for produce_json to 2026-02-24 14:00:00+00:00, run_after=2026-02-25 14:00:00+00:00
[2026-02-25T00:59:07.900+0000] {logging_mixin.py:188} INFO - [2026-02-25T00:59:07.900+0000] {dag.py:3954} INFO - Setting next_dagrun for update_db to 2026-02-24 15:00:00+00:00, run_after=2026-02-25 15:00:00+00:00
[2026-02-25T00:59:07.921+0000] {processor.py:183} INFO - Processing /opt/airflow/dags/main.py took 0.240 seconds
[2026-02-25T00:59:38.134+0000] {processor.py:161} INFO - Started process (PID=109) to work on /opt/airflow/dags/main.py
[2026-02-25T00:59:38.136+0000] {processor.py:830} INFO - Processing file /opt/airflow/dags/main.py for tasks to queue
[2026-02-25T00:59:38.138+0000] {logging_mixin.py:188} INFO - [2026-02-25T00:59:38.138+0000] {dagbag.py:545} INFO - Filling up the DagBag from /opt/airflow/dags/main.py
[2026-02-25T00:59:38.235+0000] {processor.py:840} INFO - DAG(s) 'update_db', 'produce_json' retrieved from /opt/airflow/dags/main.py
[2026-02-25T00:59:38.271+0000] {logging_mixin.py:188} INFO - [2026-02-25T00:59:38.270+0000] {dag.py:3096} INFO - Sync 2 DAGs
[2026-02-25T00:59:38.296+0000] {logging_mixin.py:188} INFO - [2026-02-25T00:59:38.296+0000] {dag.py:3954} INFO - Setting next_dagrun for produce_json to 2026-02-24 14:00:00+00:00, run_after=2026-02-25 14:00:00+00:00
[2026-02-25T00:59:38.303+0000] {logging_mixin.py:188} INFO - [2026-02-25T00:59:38.303+0000] {dag.py:3954} INFO - Setting next_dagrun for update_db to 2026-02-24 15:00:00+00:00, run_after=2026-02-25 15:00:00+00:00
[2026-02-25T00:59:38.335+0000] {processor.py:183} INFO - Processing /opt/airflow/dags/main.py took 0.208 seconds
[2026-02-25T01:00:08.547+0000] {processor.py:161} INFO - Started process (PID=116) to work on /opt/airflow/dags/main.py
[2026-02-25T01:00:08.548+0000] {processor.py:830} INFO - Processing file /opt/airflow/dags/main.py for tasks to queue
[2026-02-25T01:00:08.549+0000] {logging_mixin.py:188} INFO - [2026-02-25T01:00:08.549+0000] {dagbag.py:545} INFO - Filling up the DagBag from /opt/airflow/dags/main.py
[2026-02-25T01:00:08.669+0000] {processor.py:840} INFO - DAG(s) 'update_db', 'produce_json' retrieved from /opt/airflow/dags/main.py
[2026-02-25T01:00:08.719+0000] {logging_mixin.py:188} INFO - [2026-02-25T01:00:08.719+0000] {dag.py:3096} INFO - Sync 2 DAGs
[2026-02-25T01:00:08.761+0000] {logging_mixin.py:188} INFO - [2026-02-25T01:00:08.761+0000] {dag.py:3954} INFO - Setting next_dagrun for produce_json to 2026-02-24 14:00:00+00:00, run_after=2026-02-25 14:00:00+00:00
[2026-02-25T01:00:08.771+0000] {logging_mixin.py:188} INFO - [2026-02-25T01:00:08.770+0000] {dag.py:3954} INFO - Setting next_dagrun for update_db to 2026-02-24 15:00:00+00:00, run_after=2026-02-25 15:00:00+00:00
[2026-02-25T01:00:08.798+0000] {processor.py:183} INFO - Processing /opt/airflow/dags/main.py took 0.257 seconds
[2026-02-25T01:00:41.070+0000] {processor.py:161} INFO - Started process (PID=61) to work on /opt/airflow/dags/main.py
[2026-02-25T01:00:41.075+0000] {processor.py:830} INFO - Processing file /opt/airflow/dags/main.py for tasks to queue
[2026-02-25T01:00:41.088+0000] {logging_mixin.py:188} INFO - [2026-02-25T01:00:41.087+0000] {dagbag.py:545} INFO - Filling up the DagBag from /opt/airflow/dags/main.py
[2026-02-25T01:00:41.317+0000] {processor.py:840} INFO - DAG(s) 'produce_json', 'update_db' retrieved from /opt/airflow/dags/main.py
[2026-02-25T01:00:41.816+0000] {logging_mixin.py:188} INFO - [2026-02-25T01:00:41.816+0000] {dag.py:3096} INFO - Sync 2 DAGs
[2026-02-25T01:00:41.889+0000] {logging_mixin.py:188} INFO - [2026-02-25T01:00:41.888+0000] {dag.py:3954} INFO - Setting next_dagrun for produce_json to 2026-02-24 14:00:00+00:00, run_after=2026-02-25 14:00:00+00:00
[2026-02-25T01:00:41.896+0000] {logging_mixin.py:188} INFO - [2026-02-25T01:00:41.896+0000] {dag.py:3954} INFO - Setting next_dagrun for update_db to 2026-02-24 15:00:00+00:00, run_after=2026-02-25 15:00:00+00:00
[2026-02-25T01:00:41.933+0000] {processor.py:183} INFO - Processing /opt/airflow/dags/main.py took 0.916 seconds
[2026-02-25T01:01:12.121+0000] {processor.py:161} INFO - Started process (PID=74) to work on /opt/airflow/dags/main.py
[2026-02-25T01:01:12.123+0000] {processor.py:830} INFO - Processing file /opt/airflow/dags/main.py for tasks to queue
[2026-02-25T01:01:12.126+0000] {logging_mixin.py:188} INFO - [2026-02-25T01:01:12.125+0000] {dagbag.py:545} INFO - Filling up the DagBag from /opt/airflow/dags/main.py
[2026-02-25T01:01:12.223+0000] {processor.py:840} INFO - DAG(s) 'update_db', 'produce_json' retrieved from /opt/airflow/dags/main.py
[2026-02-25T01:01:12.258+0000] {logging_mixin.py:188} INFO - [2026-02-25T01:01:12.258+0000] {dag.py:3096} INFO - Sync 2 DAGs
[2026-02-25T01:01:12.283+0000] {logging_mixin.py:188} INFO - [2026-02-25T01:01:12.283+0000] {dag.py:3954} INFO - Setting next_dagrun for produce_json to 2026-02-24 14:00:00+00:00, run_after=2026-02-25 14:00:00+00:00
[2026-02-25T01:01:12.290+0000] {logging_mixin.py:188} INFO - [2026-02-25T01:01:12.289+0000] {dag.py:3954} INFO - Setting next_dagrun for update_db to 2026-02-24 15:00:00+00:00, run_after=2026-02-25 15:00:00+00:00
[2026-02-25T01:01:12.313+0000] {processor.py:183} INFO - Processing /opt/airflow/dags/main.py took 0.199 seconds
[2026-02-25T01:01:42.642+0000] {processor.py:161} INFO - Started process (PID=81) to work on /opt/airflow/dags/main.py
[2026-02-25T01:01:42.644+0000] {processor.py:830} INFO - Processing file /opt/airflow/dags/main.py for tasks to queue
[2026-02-25T01:01:42.649+0000] {logging_mixin.py:188} INFO - [2026-02-25T01:01:42.649+0000] {dagbag.py:545} INFO - Filling up the DagBag from /opt/airflow/dags/main.py
[2026-02-25T01:01:42.297+0000] {processor.py:840} INFO - DAG(s) 'produce_json', 'update_db' retrieved from /opt/airflow/dags/main.py
[2026-02-25T01:01:42.352+0000] {logging_mixin.py:188} INFO - [2026-02-25T01:01:42.352+0000] {dag.py:3096} INFO - Sync 2 DAGs
[2026-02-25T01:01:42.393+0000] {logging_mixin.py:188} INFO - [2026-02-25T01:01:42.392+0000] {dag.py:3954} INFO - Setting next_dagrun for produce_json to 2026-02-24 14:00:00+00:00, run_after=2026-02-25 14:00:00+00:00
[2026-02-25T01:01:42.403+0000] {logging_mixin.py:188} INFO - [2026-02-25T01:01:42.403+0000] {dag.py:3954} INFO - Setting next_dagrun for update_db to 2026-02-24 15:00:00+00:00, run_after=2026-02-25 15:00:00+00:00
[2026-02-25T01:01:41.243+0000] {processor.py:183} INFO - Processing /opt/airflow/dags/main.py took 0.305 seconds
[2026-02-25T01:02:11.819+0000] {processor.py:161} INFO - Started process (PID=88) to work on /opt/airflow/dags/main.py
[2026-02-25T01:02:11.820+0000] {processor.py:830} INFO - Processing file /opt/airflow/dags/main.py for tasks to queue
[2026-02-25T01:02:11.823+0000] {logging_mixin.py:188} INFO - [2026-02-25T01:02:11.823+0000] {dagbag.py:545} INFO - Filling up the DagBag from /opt/airflow/dags/main.py
[2026-02-25T01:02:11.918+0000] {processor.py:840} INFO - DAG(s) 'produce_json', 'update_db' retrieved from /opt/airflow/dags/main.py
[2026-02-25T01:02:11.955+0000] {logging_mixin.py:188} INFO - [2026-02-25T01:02:11.955+0000] {dag.py:3096} INFO - Sync 2 DAGs
[2026-02-25T01:02:11.979+0000] {logging_mixin.py:188} INFO - [2026-02-25T01:02:11.979+0000] {dag.py:3954} INFO - Setting next_dagrun for produce_json to 2026-02-24 14:00:00+00:00, run_after=2026-02-25 14:00:00+00:00
[2026-02-25T01:02:11.985+0000] {logging_mixin.py:188} INFO - [2026-02-25T01:02:11.985+0000] {dag.py:3954} INFO - Setting next_dagrun for update_db to 2026-02-24 15:00:00+00:00, run_after=2026-02-25 15:00:00+00:00
[2026-02-25T01:02:12.008+0000] {processor.py:183} INFO - Processing /opt/airflow/dags/main.py took 0.196 seconds
[2026-02-25T01:02:42.555+0000] {processor.py:161} INFO - Started process (PID=95) to work on /opt/airflow/dags/main.py
[2026-02-25T01:02:42.556+0000] {processor.py:830} INFO - Processing file /opt/airflow/dags/main.py for tasks to queue
[2026-02-25T01:02:42.558+0000] {logging_mixin.py:188} INFO - [2026-02-25T01:02:42.558+0000] {dagbag.py:545} INFO - Filling up the DagBag from /opt/airflow/dags/main.py
[2026-02-25T01:02:42.647+0000] {processor.py:840} INFO - DAG(s) 'update_db', 'produce_json' retrieved from /opt/airflow/dags/main.py
[2026-02-25T01:02:42.679+0000] {logging_mixin.py:188} INFO - [2026-02-25T01:02:42.679+0000] {dag.py:3096} INFO - Sync 2 DAGs
[2026-02-25T01:02:42.703+0000] {logging_mixin.py:188} INFO - [2026-02-25T01:02:42.702+0000] {dag.py:3954} INFO - Setting next_dagrun for produce_json to 2026-02-24 14:00:00+00:00, run_after=2026-02-25 14:00:00+00:00
[2026-02-25T01:02:42.708+0000] {logging_mixin.py:188} INFO - [2026-02-25T01:02:42.708+0000] {dag.py:3954} INFO - Setting next_dagrun for update_db to 2026-02-24 15:00:00+00:00, run_after=2026-02-25 15:00:00+00:00
[2026-02-25T01:02:42.729+0000] {processor.py:183} INFO - Processing /opt/airflow/dags/main.py took 0.182 seconds
[2026-02-25T01:03:13.214+0000] {processor.py:161} INFO - Started process (PID=102) to work on /opt/airflow/dags/main.py
[2026-02-25T01:03:13.216+0000] {processor.py:830} INFO - Processing file /opt/airflow/dags/main.py for tasks to queue
[2026-02-25T01:03:13.219+0000] {logging_mixin.py:188} INFO - [2026-02-25T01:03:13.219+0000] {dagbag.py:545} INFO - Filling up the DagBag from /opt/airflow/dags/main.py
[2026-02-25T01:03:13.351+0000] {processor.py:840} INFO - DAG(s) 'produce_json', 'update_db' retrieved from /opt/airflow/dags/main.py
[2026-02-25T01:03:13.383+0000] {logging_mixin.py:188} INFO - [2026-02-25T01:03:13.383+0000] {dag.py:3096} INFO - Sync 2 DAGs
[2026-02-25T01:03:13.406+0000] {logging_mixin.py:188} INFO - [2026-02-25T01:03:13.405+0000] {dag.py:3954} INFO - Setting next_dagrun for produce_json to 2026-02-24 14:00:00+00:00, run_after=2026-02-25 14:00:00+00:00
[2026-02-25T01:03:13.412+0000] {logging_mixin.py:188} INFO - [2026-02-25T01:03:13.412+0000] {dag.py:3954} INFO - Setting next_dagrun for update_db to 2026-02-24 15:00:00+00:00, run_after=2026-02-25 15:00:00+00:00
[2026-02-25T01:03:13.429+0000] {processor.py:183} INFO - Processing /opt/airflow/dags/main.py took 0.225 seconds
[2026-02-25T01:03:44.099+0000] {processor.py:161} INFO - Started process (PID=109) to work on /opt/airflow/dags/main.py
[2026-02-25T01:03:44.100+0000] {processor.py:830} INFO - Processing file /opt/airflow/dags/main.py for tasks to queue
[2026-02-25T01:03:44.102+0000] {logging_mixin.py:188} INFO - [2026-02-25T01:03:44.102+0000] {dagbag.py:545} INFO - Filling up the DagBag from /opt/airflow/dags/main.py
[2026-02-25T01:03:44.189+0000] {processor.py:840} INFO - DAG(s) 'produce_json', 'update_db' retrieved from /opt/airflow/dags/main.py
[2026-02-25T01:03:44.220+0000] {logging_mixin.py:188} INFO - [2026-02-25T01:03:44.220+0000] {dag.py:3096} INFO - Sync 2 DAGs
[2026-02-25T01:03:44.252+0000] {logging_mixin.py:188} INFO - [2026-02-25T01:03:44.251+0000] {dag.py:3954} INFO - Setting next_dagrun for produce_json to 2026-02-24 14:00:00+00:00, run_after=2026-02-25 14:00:00+00:00
[2026-02-25T01:03:44.261+0000] {logging_mixin.py:188} INFO - [2026-02-25T01:03:44.261+0000] {dag.py:3954} INFO - Setting next_dagrun for update_db to 2026-02-24 15:00:00+00:00, run_after=2026-02-25 15:00:00+00:00
[2026-02-25T01:03:44.297+0000] {processor.py:183} INFO - Processing /opt/airflow/dags/main.py took 0.204 seconds
[2026-02-25T01:04:14.952+0000] {processor.py:161} INFO - Started process (PID=116) to work on /opt/airflow/dags/main.py
[2026-02-25T01:04:14.954+0000] {processor.py:830} INFO - Processing file /opt/airflow/dags/main.py for tasks to queue
[2026-02-25T01:04:14.957+0000] {logging_mixin.py:188} INFO - [2026-02-25T01:04:14.956+0000] {dagbag.py:545} INFO - Filling up the DagBag from /opt/airflow/dags/main.py
[2026-02-25T01:04:15.059+0000] {processor.py:840} INFO - DAG(s) 'produce_json', 'update_db' retrieved from /opt/airflow/dags/main.py
[2026-02-25T01:04:15.097+0000] {logging_mixin.py:188} INFO - [2026-02-25T01:04:15.097+0000] {dag.py:3096} INFO - Sync 2 DAGs
[2026-02-25T01:04:15.125+0000] {logging_mixin.py:188} INFO - [2026-02-25T01:04:15.125+0000] {dag.py:3954} INFO - Setting next_dagrun for produce_json to 2026-02-24 14:00:00+00:00, run_after=2026-02-25 14:00:00+00:00
[2026-02-25T01:04:15.131+0000] {logging_mixin.py:188} INFO - [2026-02-25T01:04:15.131+0000] {dag.py:3954} INFO - Setting next_dagrun for update_db to 2026-02-24 15:00:00+00:00, run_after=2026-02-25 15:00:00+00:00
[2026-02-25T01:04:15.155+0000] {processor.py:183} INFO - Processing /opt/airflow/dags/main.py took 0.209 seconds
[2026-02-25T01:04:45.748+0000] {processor.py:161} INFO - Started process (PID=123) to work on /opt/airflow/dags/main.py
[2026-02-25T01:04:45.750+0000] {processor.py:830} INFO - Processing file /opt/airflow/dags/main.py for tasks to queue
[2026-02-25T01:04:45.752+0000] {logging_mixin.py:188} INFO - [2026-02-25T01:04:45.752+0000] {dagbag.py:545} INFO - Filling up the DagBag from /opt/airflow/dags/main.py
[2026-02-25T01:04:45.859+0000] {processor.py:840} INFO - DAG(s) 'produce_json', 'update_db' retrieved from /opt/airflow/dags/main.py
[2026-02-25T01:04:45.895+0000] {logging_mixin.py:188} INFO - [2026-02-25T01:04:45.895+0000] {dag.py:3096} INFO - Sync 2 DAGs
[2026-02-25T01:04:45.918+0000] {logging_mixin.py:188} INFO - [2026-02-25T01:04:45.917+0000] {dag.py:3954} INFO - Setting next_dagrun for produce_json to 2026-02-24 14:00:00+00:00, run_after=2026-02-25 14:00:00+00:00
[2026-02-25T01:04:45.923+0000] {logging_mixin.py:188} INFO - [2026-02-25T01:04:45.923+0000] {dag.py:3954} INFO - Setting next_dagrun for update_db to 2026-02-24 15:00:00+00:00, run_after=2026-02-25 15:00:00+00:00
[2026-02-25T01:04:45.943+0000] {processor.py:183} INFO - Processing /opt/airflow/dags/main.py took 0.200 seconds
[2026-02-25T01:05:16.369+0000] {processor.py:161} INFO - Started process (PID=130) to work on /opt/airflow/dags/main.py
[2026-02-25T01:05:16.371+0000] {processor.py:830} INFO - Processing file /opt/airflow/dags/main.py for tasks to queue
[2026-02-25T01:05:16.374+0000] {logging_mixin.py:188} INFO - [2026-02-25T01:05:16.373+0000] {dagbag.py:545} INFO - Filling up the DagBag from /opt/airflow/dags/main.py
[2026-02-25T01:05:16.483+0000] {processor.py:840} INFO - DAG(s) 'update_db', 'produce_json' retrieved from /opt/airflow/dags/main.py
[2026-02-25T01:05:16.521+0000] {logging_mixin.py:188} INFO - [2026-02-25T01:05:16.521+0000] {dag.py:3096} INFO - Sync 2 DAGs
[2026-02-25T01:05:16.545+0000] {logging_mixin.py:188} INFO - [2026-02-25T01:05:16.545+0000] {dag.py:3954} INFO - Setting next_dagrun for produce_json to 2026-02-24 14:00:00+00:00, run_after=2026-02-25 14:00:00+00:00
[2026-02-25T01:05:16.551+0000] {logging_mixin.py:188} INFO - [2026-02-25T01:05:16.551+0000] {dag.py:3954} INFO - Setting next_dagrun for update_db to 2026-02-24 15:00:00+00:00, run_after=2026-02-25 15:00:00+00:00
[2026-02-25T01:05:16.578+0000] {processor.py:183} INFO - Processing /opt/airflow/dags/main.py took 0.215 seconds
[2026-02-25T01:05:47.340+0000] {processor.py:161} INFO - Started process (PID=137) to work on /opt/airflow/dags/main.py
[2026-02-25T01:05:47.341+0000] {processor.py:830} INFO - Processing file /opt/airflow/dags/main.py for tasks to queue
[2026-02-25T01:05:47.343+0000] {logging_mixin.py:188} INFO - [2026-02-25T01:05:47.342+0000] {dagbag.py:545} INFO - Filling up the DagBag from /opt/airflow/dags/main.py
[2026-02-25T01:05:47.432+0000] {processor.py:840} INFO - DAG(s) 'update_db', 'produce_json' retrieved from /opt/airflow/dags/main.py
[2026-02-25T01:05:47.468+0000] {logging_mixin.py:188} INFO - [2026-02-25T01:05:47.468+0000] {dag.py:3096} INFO - Sync 2 DAGs
[2026-02-25T01:05:47.495+0000] {logging_mixin.py:188} INFO - [2026-02-25T01:05:47.495+0000] {dag.py:3954} INFO - Setting next_dagrun for produce_json to 2026-02-24 14:00:00+00:00, run_after=2026-02-25 14:00:00+00:00
[2026-02-25T01:05:47.501+0000] {logging_mixin.py:188} INFO - [2026-02-25T01:05:47.501+0000] {dag.py:3954} INFO - Setting next_dagrun for update_db to 2026-02-24 15:00:00+00:00, run_after=2026-02-25 15:00:00+00:00
[2026-02-25T01:05:47.520+0000] {processor.py:183} INFO - Processing /opt/airflow/dags/main.py took 0.186 seconds
[2026-02-25T01:06:18.018+0000] {processor.py:161} INFO - Started process (PID=144) to work on /opt/airflow/dags/main.py
[2026-02-25T01:06:18.020+0000] {processor.py:830} INFO - Processing file /opt/airflow/dags/main.py for tasks to queue
[2026-02-25T01:06:18.024+0000] {logging_mixin.py:188} INFO - [2026-02-25T01:06:18.023+0000] {dagbag.py:545} INFO - Filling up the DagBag from /opt/airflow/dags/main.py
[2026-02-25T01:06:18.136+0000] {processor.py:840} INFO - DAG(s) 'produce_json', 'update_db' retrieved from /opt/airflow/dags/main.py
[2026-02-25T01:06:18.184+0000] {logging_mixin.py:188} INFO - [2026-02-25T01:06:18.183+0000] {dag.py:3096} INFO - Sync 2 DAGs
[2026-02-25T01:06:18.223+0000] {logging_mixin.py:188} INFO - [2026-02-25T01:06:18.222+0000] {dag.py:3954} INFO - Setting next_dagrun for produce_json to 2026-02-24 14:00:00+00:00, run_after=2026-02-25 14:00:00+00:00
[2026-02-25T01:06:18.231+0000] {logging_mixin.py:188} INFO - [2026-02-25T01:06:18.231+0000] {dag.py:3954} INFO - Setting next_dagrun for update_db to 2026-02-24 15:00:00+00:00, run_after=2026-02-25 15:00:00+00:00
[2026-02-25T01:06:18.258+0000] {processor.py:183} INFO - Processing /opt/airflow/dags/main.py took 0.246 seconds
[2026-02-25T01:06:48.816+0000] {processor.py:161} INFO - Started process (PID=151) to work on /opt/airflow/dags/main.py
[2026-02-25T01:06:48.817+0000] {processor.py:830} INFO - Processing file /opt/airflow/dags/main.py for tasks to queue
[2026-02-25T01:06:48.820+0000] {logging_mixin.py:188} INFO - [2026-02-25T01:06:48.819+0000] {dagbag.py:545} INFO - Filling up the DagBag from /opt/airflow/dags/main.py
[2026-02-25T01:06:48.904+0000] {processor.py:840} INFO - DAG(s) 'produce_json', 'update_db' retrieved from /opt/airflow/dags/main.py
[2026-02-25T01:06:48.942+0000] {logging_mixin.py:188} INFO - [2026-02-25T01:06:48.942+0000] {dag.py:3096} INFO - Sync 2 DAGs
[2026-02-25T01:06:48.970+0000] {logging_mixin.py:188} INFO - [2026-02-25T01:06:48.970+0000] {dag.py:3954} INFO - Setting next_dagrun for produce_json to 2026-02-24 14:00:00+00:00, run_after=2026-02-25 14:00:00+00:00
[2026-02-25T01:06:48.975+0000] {logging_mixin.py:188} INFO - [2026-02-25T01:06:48.975+0000] {dag.py:3954} INFO - Setting next_dagrun for update_db to 2026-02-24 15:00:00+00:00, run_after=2026-02-25 15:00:00+00:00
[2026-02-25T01:06:49.002+0000] {processor.py:183} INFO - Processing /opt/airflow/dags/main.py took 0.196 seconds
[2026-02-25T01:07:19.590+0000] {processor.py:161} INFO - Started process (PID=158) to work on /opt/airflow/dags/main.py
[2026-02-25T01:07:19.591+0000] {processor.py:830} INFO - Processing file /opt/airflow/dags/main.py for tasks to queue
[2026-02-25T01:07:19.593+0000] {logging_mixin.py:188} INFO - [2026-02-25T01:07:19.593+0000] {dagbag.py:545} INFO - Filling up the DagBag from /opt/airflow/dags/main.py
[2026-02-25T01:07:19.678+0000] {processor.py:840} INFO - DAG(s) 'produce_json', 'update_db' retrieved from /opt/airflow/dags/main.py
[2026-02-25T01:07:19.712+0000] {logging_mixin.py:188} INFO - [2026-02-25T01:07:19.712+0000] {dag.py:3096} INFO - Sync 2 DAGs
[2026-02-25T01:07:19.734+0000] {logging_mixin.py:188} INFO - [2026-02-25T01:07:19.734+0000] {dag.py:3954} INFO - Setting next_dagrun for produce_json to 2026-02-24 14:00:00+00:00, run_after=2026-02-25 14:00:00+00:00
[2026-02-25T01:07:19.740+0000] {logging_mixin.py:188} INFO - [2026-02-25T01:07:19.739+0000] {dag.py:3954} INFO - Setting next_dagrun for update_db to 2026-02-24 15:00:00+00:00, run_after=2026-02-25 15:00:00+00:00
[2026-02-25T01:07:19.760+0000] {processor.py:183} INFO - Processing /opt/airflow/dags/main.py took 0.175 seconds
[2026-02-25T01:07:50.472+0000] {processor.py:161} INFO - Started process (PID=171) to work on /opt/airflow/dags/main.py
[2026-02-25T01:07:50.473+0000] {processor.py:830} INFO - Processing file /opt/airflow/dags/main.py for tasks to queue
[2026-02-25T01:07:50.475+0000] {logging_mixin.py:188} INFO - [2026-02-25T01:07:50.475+0000] {dagbag.py:545} INFO - Filling up the DagBag from /opt/airflow/dags/main.py
[2026-02-25T01:07:50.557+0000] {processor.py:840} INFO - DAG(s) 'update_db', 'produce_json' retrieved from /opt/airflow/dags/main.py
[2026-02-25T01:07:50.588+0000] {logging_mixin.py:188} INFO - [2026-02-25T01:07:50.588+0000] {dag.py:3096} INFO - Sync 2 DAGs
[2026-02-25T01:07:50.609+0000] {logging_mixin.py:188} INFO - [2026-02-25T01:07:50.609+0000] {dag.py:3954} INFO - Setting next_dagrun for produce_json to 2026-02-24 14:00:00+00:00, run_after=2026-02-25 14:00:00+00:00
[2026-02-25T01:07:50.614+0000] {logging_mixin.py:188} INFO - [2026-02-25T01:07:50.614+0000] {dag.py:3954} INFO - Setting next_dagrun for update_db to 2026-02-24 15:00:00+00:00, run_after=2026-02-25 15:00:00+00:00
[2026-02-25T01:07:50.634+0000] {processor.py:183} INFO - Processing /opt/airflow/dags/main.py took 0.168 seconds
[2026-02-25T01:08:20.769+0000] {processor.py:161} INFO - Started process (PID=178) to work on /opt/airflow/dags/main.py
[2026-02-25T01:08:20.770+0000] {processor.py:830} INFO - Processing file /opt/airflow/dags/main.py for tasks to queue
[2026-02-25T01:08:20.772+0000] {logging_mixin.py:188} INFO - [2026-02-25T01:08:20.772+0000] {dagbag.py:545} INFO - Filling up the DagBag from /opt/airflow/dags/main.py
[2026-02-25T01:08:20.885+0000] {processor.py:840} INFO - DAG(s) 'produce_json', 'update_db' retrieved from /opt/airflow/dags/main.py
[2026-02-25T01:08:20.917+0000] {logging_mixin.py:188} INFO - [2026-02-25T01:08:20.917+0000] {dag.py:3096} INFO - Sync 2 DAGs
[2026-02-25T01:08:20.943+0000] {logging_mixin.py:188} INFO - [2026-02-25T01:08:20.943+0000] {dag.py:3954} INFO - Setting next_dagrun for produce_json to 2026-02-24 14:00:00+00:00, run_after=2026-02-25 14:00:00+00:00
[2026-02-25T01:08:20.949+0000] {logging_mixin.py:188} INFO - [2026-02-25T01:08:20.948+0000] {dag.py:3954} INFO - Setting next_dagrun for update_db to 2026-02-24 15:00:00+00:00, run_after=2026-02-25 15:00:00+00:00
[2026-02-25T01:08:20.983+0000] {processor.py:183} INFO - Processing /opt/airflow/dags/main.py took 0.220 seconds
[2026-02-25T01:08:51.323+0000] {processor.py:161} INFO - Started process (PID=185) to work on /opt/airflow/dags/main.py
[2026-02-25T01:08:51.324+0000] {processor.py:830} INFO - Processing file /opt/airflow/dags/main.py for tasks to queue
[2026-02-25T01:08:51.327+0000] {logging_mixin.py:188} INFO - [2026-02-25T01:08:51.326+0000] {dagbag.py:545} INFO - Filling up the DagBag from /opt/airflow/dags/main.py
[2026-02-25T01:08:51.420+0000] {processor.py:840} INFO - DAG(s) 'update_db', 'produce_json' retrieved from /opt/airflow/dags/main.py
[2026-02-25T01:08:51.459+0000] {logging_mixin.py:188} INFO - [2026-02-25T01:08:51.458+0000] {dag.py:3096} INFO - Sync 2 DAGs
[2026-02-25T01:08:51.522+0000] {logging_mixin.py:188} INFO - [2026-02-25T01:08:51.521+0000] {dag.py:3954} INFO - Setting next_dagrun for produce_json to 2026-02-24 14:00:00+00:00, run_after=2026-02-25 14:00:00+00:00
[2026-02-25T01:08:51.554+0000] {logging_mixin.py:188} INFO - [2026-02-25T01:08:51.554+0000] {dag.py:3954} INFO - Setting next_dagrun for update_db to 2026-02-24 15:00:00+00:00, run_after=2026-02-25 15:00:00+00:00
[2026-02-25T01:08:51.577+0000] {processor.py:183} INFO - Processing /opt/airflow/dags/main.py took 0.260 seconds
[2026-02-25T01:09:22.144+0000] {processor.py:161} INFO - Started process (PID=192) to work on /opt/airflow/dags/main.py
[2026-02-25T01:09:22.146+0000] {processor.py:830} INFO - Processing file /opt/airflow/dags/main.py for tasks to queue
[2026-02-25T01:09:22.148+0000] {logging_mixin.py:188} INFO - [2026-02-25T01:09:22.148+0000] {dagbag.py:545} INFO - Filling up the DagBag from /opt/airflow/dags/main.py
[2026-02-25T01:09:22.273+0000] {processor.py:840} INFO - DAG(s) 'produce_json', 'update_db' retrieved from /opt/airflow/dags/main.py
[2026-02-25T01:09:22.314+0000] {logging_mixin.py:188} INFO - [2026-02-25T01:09:22.313+0000] {dag.py:3096} INFO - Sync 2 DAGs
[2026-02-25T01:09:22.349+0000] {logging_mixin.py:188} INFO - [2026-02-25T01:09:22.349+0000] {dag.py:3954} INFO - Setting next_dagrun for produce_json to 2026-02-24 14:00:00+00:00, run_after=2026-02-25 14:00:00+00:00
[2026-02-25T01:09:22.354+0000] {logging_mixin.py:188} INFO - [2026-02-25T01:09:22.354+0000] {dag.py:3954} INFO - Setting next_dagrun for update_db to 2026-02-24 15:00:00+00:00, run_after=2026-02-25 15:00:00+00:00
[2026-02-25T01:09:22.387+0000] {processor.py:183} INFO - Processing /opt/airflow/dags/main.py took 0.249 seconds
[2026-02-25T01:09:52.840+0000] {processor.py:161} INFO - Started process (PID=199) to work on /opt/airflow/dags/main.py
[2026-02-25T01:09:52.841+0000] {processor.py:830} INFO - Processing file /opt/airflow/dags/main.py for tasks to queue
[2026-02-25T01:09:52.843+0000] {logging_mixin.py:188} INFO - [2026-02-25T01:09:52.843+0000] {dagbag.py:545} INFO - Filling up the DagBag from /opt/airflow/dags/main.py
[2026-02-25T01:09:52.961+0000] {processor.py:840} INFO - DAG(s) 'produce_json', 'update_db' retrieved from /opt/airflow/dags/main.py
[2026-02-25T01:09:52.995+0000] {logging_mixin.py:188} INFO - [2026-02-25T01:09:52.995+0000] {dag.py:3096} INFO - Sync 2 DAGs
[2026-02-25T01:09:53.027+0000] {logging_mixin.py:188} INFO - [2026-02-25T01:09:53.027+0000] {dag.py:3954} INFO - Setting next_dagrun for produce_json to 2026-02-24 14:00:00+00:00, run_after=2026-02-25 14:00:00+00:00
[2026-02-25T01:09:53.033+0000] {logging_mixin.py:188} INFO - [2026-02-25T01:09:53.033+0000] {dag.py:3954} INFO - Setting next_dagrun for update_db to 2026-02-24 15:00:00+00:00, run_after=2026-02-25 15:00:00+00:00
[2026-02-25T01:09:53.068+0000] {processor.py:183} INFO - Processing /opt/airflow/dags/main.py took 0.235 seconds
[2026-02-25T01:10:23.635+0000] {processor.py:161} INFO - Started process (PID=206) to work on /opt/airflow/dags/main.py
[2026-02-25T01:10:23.636+0000] {processor.py:830} INFO - Processing file /opt/airflow/dags/main.py for tasks to queue
[2026-02-25T01:10:23.638+0000] {logging_mixin.py:188} INFO - [2026-02-25T01:10:23.638+0000] {dagbag.py:545} INFO - Filling up the DagBag from /opt/airflow/dags/main.py
[2026-02-25T01:10:23.731+0000] {processor.py:840} INFO - DAG(s) 'update_db', 'produce_json' retrieved from /opt/airflow/dags/main.py
[2026-02-25T01:10:23.764+0000] {logging_mixin.py:188} INFO - [2026-02-25T01:10:23.764+0000] {dag.py:3096} INFO - Sync 2 DAGs
[2026-02-25T01:10:23.790+0000] {logging_mixin.py:188} INFO - [2026-02-25T01:10:23.790+0000] {dag.py:3954} INFO - Setting next_dagrun for produce_json to 2026-02-24 14:00:00+00:00, run_after=2026-02-25 14:00:00+00:00
[2026-02-25T01:10:23.796+0000] {logging_mixin.py:188} INFO - [2026-02-25T01:10:23.795+0000] {dag.py:3954} INFO - Setting next_dagrun for update_db to 2026-02-24 15:00:00+00:00, run_after=2026-02-25 15:00:00+00:00
[2026-02-25T01:10:23.819+0000] {processor.py:183} INFO - Processing /opt/airflow/dags/main.py took 0.189 seconds
[2026-02-25T01:10:54.538+0000] {processor.py:161} INFO - Started process (PID=213) to work on /opt/airflow/dags/main.py
[2026-02-25T01:10:54.540+0000] {processor.py:830} INFO - Processing file /opt/airflow/dags/main.py for tasks to queue
[2026-02-25T01:10:54.542+0000] {logging_mixin.py:188} INFO - [2026-02-25T01:10:54.542+0000] {dagbag.py:545} INFO - Filling up the DagBag from /opt/airflow/dags/main.py
[2026-02-25T01:10:54.663+0000] {processor.py:840} INFO - DAG(s) 'produce_json', 'update_db' retrieved from /opt/airflow/dags/main.py
[2026-02-25T01:10:54.696+0000] {logging_mixin.py:188} INFO - [2026-02-25T01:10:54.696+0000] {dag.py:3096} INFO - Sync 2 DAGs
[2026-02-25T01:10:54.718+0000] {logging_mixin.py:188} INFO - [2026-02-25T01:10:54.717+0000] {dag.py:3954} INFO - Setting next_dagrun for produce_json to 2026-02-24 14:00:00+00:00, run_after=2026-02-25 14:00:00+00:00
[2026-02-25T01:10:54.723+0000] {logging_mixin.py:188} INFO - [2026-02-25T01:10:54.723+0000] {dag.py:3954} INFO - Setting next_dagrun for update_db to 2026-02-24 15:00:00+00:00, run_after=2026-02-25 15:00:00+00:00
[2026-02-25T01:10:54.755+0000] {processor.py:183} INFO - Processing /opt/airflow/dags/main.py took 0.223 seconds
[2026-02-25T01:11:25.359+0000] {processor.py:161} INFO - Started process (PID=220) to work on /opt/airflow/dags/main.py
[2026-02-25T01:11:25.361+0000] {processor.py:830} INFO - Processing file /opt/airflow/dags/main.py for tasks to queue
[2026-02-25T01:11:25.363+0000] {logging_mixin.py:188} INFO - [2026-02-25T01:11:25.362+0000] {dagbag.py:545} INFO - Filling up the DagBag from /opt/airflow/dags/main.py
[2026-02-25T01:11:25.452+0000] {processor.py:840} INFO - DAG(s) 'produce_json', 'update_db' retrieved from /opt/airflow/dags/main.py
[2026-02-25T01:11:25.497+0000] {logging_mixin.py:188} INFO - [2026-02-25T01:11:25.497+0000] {dag.py:3096} INFO - Sync 2 DAGs
[2026-02-25T01:11:25.530+0000] {logging_mixin.py:188} INFO - [2026-02-25T01:11:25.530+0000] {dag.py:3954} INFO - Setting next_dagrun for produce_json to 2026-02-24 14:00:00+00:00, run_after=2026-02-25 14:00:00+00:00
[2026-02-25T01:11:25.537+0000] {logging_mixin.py:188} INFO - [2026-02-25T01:11:25.537+0000] {dag.py:3954} INFO - Setting next_dagrun for update_db to 2026-02-24 15:00:00+00:00, run_after=2026-02-25 15:00:00+00:00
[2026-02-25T01:11:25.560+0000] {processor.py:183} INFO - Processing /opt/airflow/dags/main.py took 0.207 seconds
[2026-02-25T01:11:56.162+0000] {processor.py:161} INFO - Started process (PID=227) to work on /opt/airflow/dags/main.py
[2026-02-25T01:11:56.163+0000] {processor.py:830} INFO - Processing file /opt/airflow/dags/main.py for tasks to queue
[2026-02-25T01:11:56.166+0000] {logging_mixin.py:188} INFO - [2026-02-25T01:11:56.165+0000] {dagbag.py:545} INFO - Filling up the DagBag from /opt/airflow/dags/main.py
[2026-02-25T01:11:56.256+0000] {processor.py:840} INFO - DAG(s) 'update_db', 'produce_json' retrieved from /opt/airflow/dags/main.py
[2026-02-25T01:11:56.289+0000] {logging_mixin.py:188} INFO - [2026-02-25T01:11:56.288+0000] {dag.py:3096} INFO - Sync 2 DAGs
[2026-02-25T01:11:56.312+0000] {logging_mixin.py:188} INFO - [2026-02-25T01:11:56.311+0000] {dag.py:3954} INFO - Setting next_dagrun for produce_json to 2026-02-24 14:00:00+00:00, run_after=2026-02-25 14:00:00+00:00
[2026-02-25T01:11:56.317+0000] {logging_mixin.py:188} INFO - [2026-02-25T01:11:56.316+0000] {dag.py:3954} INFO - Setting next_dagrun for update_db to 2026-02-24 15:00:00+00:00, run_after=2026-02-25 15:00:00+00:00
[2026-02-25T01:11:56.348+0000] {processor.py:183} INFO - Processing /opt/airflow/dags/main.py took 0.192 seconds
[2026-02-25T01:12:26.700+0000] {processor.py:161} INFO - Started process (PID=234) to work on /opt/airflow/dags/main.py
[2026-02-25T01:12:26.702+0000] {processor.py:830} INFO - Processing file /opt/airflow/dags/main.py for tasks to queue
[2026-02-25T01:12:26.705+0000] {logging_mixin.py:188} INFO - [2026-02-25T01:12:26.704+0000] {dagbag.py:545} INFO - Filling up the DagBag from /opt/airflow/dags/main.py
[2026-02-25T01:12:26.863+0000] {processor.py:840} INFO - DAG(s) 'produce_json', 'update_db' retrieved from /opt/airflow/dags/main.py
[2026-02-25T01:12:26.898+0000] {logging_mixin.py:188} INFO - [2026-02-25T01:12:26.898+0000] {dag.py:3096} INFO - Sync 2 DAGs
[2026-02-25T01:12:26.922+0000] {logging_mixin.py:188} INFO - [2026-02-25T01:12:26.922+0000] {dag.py:3954} INFO - Setting next_dagrun for produce_json to 2026-02-24 14:00:00+00:00, run_after=2026-02-25 14:00:00+00:00
[2026-02-25T01:12:26.928+0000] {logging_mixin.py:188} INFO - [2026-02-25T01:12:26.927+0000] {dag.py:3954} INFO - Setting next_dagrun for update_db to 2026-02-24 15:00:00+00:00, run_after=2026-02-25 15:00:00+00:00
[2026-02-25T01:12:26.948+0000] {processor.py:183} INFO - Processing /opt/airflow/dags/main.py took 0.254 seconds
[2026-02-25T01:12:57.177+0000] {processor.py:161} INFO - Started process (PID=241) to work on /opt/airflow/dags/main.py
[2026-02-25T01:12:57.178+0000] {processor.py:830} INFO - Processing file /opt/airflow/dags/main.py for tasks to queue
[2026-02-25T01:12:57.180+0000] {logging_mixin.py:188} INFO - [2026-02-25T01:12:57.180+0000] {dagbag.py:545} INFO - Filling up the DagBag from /opt/airflow/dags/main.py
[2026-02-25T01:12:57.269+0000] {processor.py:840} INFO - DAG(s) 'produce_json', 'update_db' retrieved from /opt/airflow/dags/main.py
[2026-02-25T01:12:57.307+0000] {logging_mixin.py:188} INFO - [2026-02-25T01:12:57.307+0000] {dag.py:3096} INFO - Sync 2 DAGs
[2026-02-25T01:12:57.333+0000] {logging_mixin.py:188} INFO - [2026-02-25T01:12:57.333+0000] {dag.py:3954} INFO - Setting next_dagrun for produce_json to 2026-02-24 14:00:00+00:00, run_after=2026-02-25 14:00:00+00:00
[2026-02-25T01:12:57.340+0000] {logging_mixin.py:188} INFO - [2026-02-25T01:12:57.340+0000] {dag.py:3954} INFO - Setting next_dagrun for update_db to 2026-02-24 15:00:00+00:00, run_after=2026-02-25 15:00:00+00:00
[2026-02-25T01:12:57.365+0000] {processor.py:183} INFO - Processing /opt/airflow/dags/main.py took 0.195 seconds
[2026-02-25T01:13:27.898+0000] {processor.py:161} INFO - Started process (PID=248) to work on /opt/airflow/dags/main.py
[2026-02-25T01:13:27.900+0000] {processor.py:830} INFO - Processing file /opt/airflow/dags/main.py for tasks to queue
[2026-02-25T01:13:27.904+0000] {logging_mixin.py:188} INFO - [2026-02-25T01:13:27.904+0000] {dagbag.py:545} INFO - Filling up the DagBag from /opt/airflow/dags/main.py
[2026-02-25T01:13:28.045+0000] {processor.py:840} INFO - DAG(s) 'produce_json', 'update_db' retrieved from /opt/airflow/dags/main.py
[2026-02-25T01:13:28.080+0000] {logging_mixin.py:188} INFO - [2026-02-25T01:13:28.080+0000] {dag.py:3096} INFO - Sync 2 DAGs
[2026-02-25T01:13:28.107+0000] {logging_mixin.py:188} INFO - [2026-02-25T01:13:28.107+0000] {dag.py:3954} INFO - Setting next_dagrun for produce_json to 2026-02-24 14:00:00+00:00, run_after=2026-02-25 14:00:00+00:00
[2026-02-25T01:13:28.115+0000] {logging_mixin.py:188} INFO - [2026-02-25T01:13:28.115+0000] {dag.py:3954} INFO - Setting next_dagrun for update_db to 2026-02-24 15:00:00+00:00, run_after=2026-02-25 15:00:00+00:00
[2026-02-25T01:13:28.135+0000] {processor.py:183} INFO - Processing /opt/airflow/dags/main.py took 0.243 seconds
[2026-02-25T01:13:58.575+0000] {processor.py:161} INFO - Started process (PID=261) to work on /opt/airflow/dags/main.py
[2026-02-25T01:13:58.576+0000] {processor.py:830} INFO - Processing file /opt/airflow/dags/main.py for tasks to queue
[2026-02-25T01:13:58.579+0000] {logging_mixin.py:188} INFO - [2026-02-25T01:13:58.578+0000] {dagbag.py:545} INFO - Filling up the DagBag from /opt/airflow/dags/main.py
[2026-02-25T01:13:58.678+0000] {processor.py:840} INFO - DAG(s) 'update_db', 'produce_json' retrieved from /opt/airflow/dags/main.py
[2026-02-25T01:13:58.712+0000] {logging_mixin.py:188} INFO - [2026-02-25T01:13:58.711+0000] {dag.py:3096} INFO - Sync 2 DAGs
[2026-02-25T01:13:58.735+0000] {logging_mixin.py:188} INFO - [2026-02-25T01:13:58.734+0000] {dag.py:3954} INFO - Setting next_dagrun for produce_json to 2026-02-24 14:00:00+00:00, run_after=2026-02-25 14:00:00+00:00
[2026-02-25T01:13:58.740+0000] {logging_mixin.py:188} INFO - [2026-02-25T01:13:58.740+0000] {dag.py:3954} INFO - Setting next_dagrun for update_db to 2026-02-24 15:00:00+00:00, run_after=2026-02-25 15:00:00+00:00
[2026-02-25T01:13:58.760+0000] {processor.py:183} INFO - Processing /opt/airflow/dags/main.py took 0.193 seconds
[2026-02-25T01:14:29.472+0000] {processor.py:161} INFO - Started process (PID=268) to work on /opt/airflow/dags/main.py
[2026-02-25T01:14:29.474+0000] {processor.py:830} INFO - Processing file /opt/airflow/dags/main.py for tasks to queue
[2026-02-25T01:14:29.477+0000] {logging_mixin.py:188} INFO - [2026-02-25T01:14:29.476+0000] {dagbag.py:545} INFO - Filling up the DagBag from /opt/airflow/dags/main.py
[2026-02-25T01:14:29.583+0000] {processor.py:840} INFO - DAG(s) 'produce_json', 'update_db' retrieved from /opt/airflow/dags/main.py
[2026-02-25T01:14:29.619+0000] {logging_mixin.py:188} INFO - [2026-02-25T01:14:29.619+0000] {dag.py:3096} INFO - Sync 2 DAGs
[2026-02-25T01:14:29.644+0000] {logging_mixin.py:188} INFO - [2026-02-25T01:14:29.644+0000] {dag.py:3954} INFO - Setting next_dagrun for produce_json to 2026-02-24 14:00:00+00:00, run_after=2026-02-25 14:00:00+00:00
[2026-02-25T01:14:29.651+0000] {logging_mixin.py:188} INFO - [2026-02-25T01:14:29.650+0000] {dag.py:3954} INFO - Setting next_dagrun for update_db to 2026-02-24 15:00:00+00:00, run_after=2026-02-25 15:00:00+00:00
[2026-02-25T01:14:29.674+0000] {processor.py:183} INFO - Processing /opt/airflow/dags/main.py took 0.210 seconds
[2026-02-25T01:15:00.143+0000] {processor.py:161} INFO - Started process (PID=275) to work on /opt/airflow/dags/main.py
[2026-02-25T01:15:00.145+0000] {processor.py:830} INFO - Processing file /opt/airflow/dags/main.py for tasks to queue
[2026-02-25T01:15:00.147+0000] {logging_mixin.py:188} INFO - [2026-02-25T01:15:00.147+0000] {dagbag.py:545} INFO - Filling up the DagBag from /opt/airflow/dags/main.py
[2026-02-25T01:15:00.279+0000] {processor.py:840} INFO - DAG(s) 'produce_json', 'update_db' retrieved from /opt/airflow/dags/main.py
[2026-02-25T01:15:00.314+0000] {logging_mixin.py:188} INFO - [2026-02-25T01:15:00.314+0000] {dag.py:3096} INFO - Sync 2 DAGs
[2026-02-25T01:15:00.340+0000] {logging_mixin.py:188} INFO - [2026-02-25T01:15:00.340+0000] {dag.py:3954} INFO - Setting next_dagrun for produce_json to 2026-02-24 14:00:00+00:00, run_after=2026-02-25 14:00:00+00:00
[2026-02-25T01:15:00.346+0000] {logging_mixin.py:188} INFO - [2026-02-25T01:15:00.345+0000] {dag.py:3954} INFO - Setting next_dagrun for update_db to 2026-02-24 15:00:00+00:00, run_after=2026-02-25 15:00:00+00:00
[2026-02-25T01:15:00.367+0000] {processor.py:183} INFO - Processing /opt/airflow/dags/main.py took 0.234 seconds
[2026-02-25T01:15:30.656+0000] {processor.py:161} INFO - Started process (PID=282) to work on /opt/airflow/dags/main.py
[2026-02-25T01:15:30.657+0000] {processor.py:830} INFO - Processing file /opt/airflow/dags/main.py for tasks to queue
[2026-02-25T01:15:30.660+0000] {logging_mixin.py:188} INFO - [2026-02-25T01:15:30.660+0000] {dagbag.py:545} INFO - Filling up the DagBag from /opt/airflow/dags/main.py
[2026-02-25T01:15:30.744+0000] {processor.py:840} INFO - DAG(s) 'produce_json', 'update_db' retrieved from /opt/airflow/dags/main.py
[2026-02-25T01:15:30.777+0000] {logging_mixin.py:188} INFO - [2026-02-25T01:15:30.777+0000] {dag.py:3096} INFO - Sync 2 DAGs
[2026-02-25T01:15:30.804+0000] {logging_mixin.py:188} INFO - [2026-02-25T01:15:30.803+0000] {dag.py:3954} INFO - Setting next_dagrun for produce_json to 2026-02-24 14:00:00+00:00, run_after=2026-02-25 14:00:00+00:00
[2026-02-25T01:15:30.809+0000] {logging_mixin.py:188} INFO - [2026-02-25T01:15:30.809+0000] {dag.py:3954} INFO - Setting next_dagrun for update_db to 2026-02-24 15:00:00+00:00, run_after=2026-02-25 15:00:00+00:00
[2026-02-25T01:15:30.836+0000] {processor.py:183} INFO - Processing /opt/airflow/dags/main.py took 0.186 seconds
[2026-02-25T01:16:01.207+0000] {processor.py:161} INFO - Started process (PID=290) to work on /opt/airflow/dags/main.py
[2026-02-25T01:16:01.209+0000] {processor.py:830} INFO - Processing file /opt/airflow/dags/main.py for tasks to queue
[2026-02-25T01:16:01.212+0000] {logging_mixin.py:188} INFO - [2026-02-25T01:16:01.211+0000] {dagbag.py:545} INFO - Filling up the DagBag from /opt/airflow/dags/main.py
[2026-02-25T01:16:01.323+0000] {processor.py:840} INFO - DAG(s) 'produce_json', 'update_db' retrieved from /opt/airflow/dags/main.py
[2026-02-25T01:16:01.357+0000] {logging_mixin.py:188} INFO - [2026-02-25T01:16:01.357+0000] {dag.py:3096} INFO - Sync 2 DAGs
[2026-02-25T01:16:01.383+0000] {logging_mixin.py:188} INFO - [2026-02-25T01:16:01.383+0000] {dag.py:3954} INFO - Setting next_dagrun for produce_json to 2026-02-24 14:00:00+00:00, run_after=2026-02-25 14:00:00+00:00
[2026-02-25T01:16:01.389+0000] {logging_mixin.py:188} INFO - [2026-02-25T01:16:01.389+0000] {dag.py:3954} INFO - Setting next_dagrun for update_db to 2026-02-24 15:00:00+00:00, run_after=2026-02-25 15:00:00+00:00
[2026-02-25T01:16:01.410+0000] {processor.py:183} INFO - Processing /opt/airflow/dags/main.py took 0.212 seconds
[2026-02-25T01:16:32.134+0000] {processor.py:161} INFO - Started process (PID=298) to work on /opt/airflow/dags/main.py
[2026-02-25T01:16:32.135+0000] {processor.py:830} INFO - Processing file /opt/airflow/dags/main.py for tasks to queue
[2026-02-25T01:16:32.138+0000] {logging_mixin.py:188} INFO - [2026-02-25T01:16:32.137+0000] {dagbag.py:545} INFO - Filling up the DagBag from /opt/airflow/dags/main.py
[2026-02-25T01:16:32.237+0000] {processor.py:840} INFO - DAG(s) 'produce_json', 'update_db' retrieved from /opt/airflow/dags/main.py
[2026-02-25T01:16:32.274+0000] {logging_mixin.py:188} INFO - [2026-02-25T01:16:32.274+0000] {dag.py:3096} INFO - Sync 2 DAGs
[2026-02-25T01:16:32.302+0000] {logging_mixin.py:188} INFO - [2026-02-25T01:16:32.302+0000] {dag.py:3954} INFO - Setting next_dagrun for produce_json to 2026-02-24 14:00:00+00:00, run_after=2026-02-25 14:00:00+00:00
[2026-02-25T01:16:32.311+0000] {logging_mixin.py:188} INFO - [2026-02-25T01:16:32.310+0000] {dag.py:3954} INFO - Setting next_dagrun for update_db to 2026-02-24 15:00:00+00:00, run_after=2026-02-25 15:00:00+00:00
[2026-02-25T01:16:32.336+0000] {processor.py:183} INFO - Processing /opt/airflow/dags/main.py took 0.208 seconds
[2026-02-25T01:17:02.624+0000] {processor.py:161} INFO - Started process (PID=306) to work on /opt/airflow/dags/main.py
[2026-02-25T01:17:02.626+0000] {processor.py:830} INFO - Processing file /opt/airflow/dags/main.py for tasks to queue
[2026-02-25T01:17:02.628+0000] {logging_mixin.py:188} INFO - [2026-02-25T01:17:02.627+0000] {dagbag.py:545} INFO - Filling up the DagBag from /opt/airflow/dags/main.py
[2026-02-25T01:17:02.721+0000] {processor.py:840} INFO - DAG(s) 'produce_json', 'update_db' retrieved from /opt/airflow/dags/main.py
[2026-02-25T01:17:02.754+0000] {logging_mixin.py:188} INFO - [2026-02-25T01:17:02.754+0000] {dag.py:3096} INFO - Sync 2 DAGs
[2026-02-25T01:17:02.778+0000] {logging_mixin.py:188} INFO - [2026-02-25T01:17:02.778+0000] {dag.py:3954} INFO - Setting next_dagrun for produce_json to 2026-02-24 14:00:00+00:00, run_after=2026-02-25 14:00:00+00:00
[2026-02-25T01:17:02.786+0000] {logging_mixin.py:188} INFO - [2026-02-25T01:17:02.785+0000] {dag.py:3954} INFO - Setting next_dagrun for update_db to 2026-02-24 15:00:00+00:00, run_after=2026-02-25 15:00:00+00:00
[2026-02-25T01:17:02.815+0000] {processor.py:183} INFO - Processing /opt/airflow/dags/main.py took 0.198 seconds
[2026-02-25T01:17:33.449+0000] {processor.py:161} INFO - Started process (PID=314) to work on /opt/airflow/dags/main.py
[2026-02-25T01:17:33.451+0000] {processor.py:830} INFO - Processing file /opt/airflow/dags/main.py for tasks to queue
[2026-02-25T01:17:33.454+0000] {logging_mixin.py:188} INFO - [2026-02-25T01:17:33.454+0000] {dagbag.py:545} INFO - Filling up the DagBag from /opt/airflow/dags/main.py
[2026-02-25T01:17:33.566+0000] {processor.py:840} INFO - DAG(s) 'produce_json', 'update_db' retrieved from /opt/airflow/dags/main.py
[2026-02-25T01:17:33.600+0000] {logging_mixin.py:188} INFO - [2026-02-25T01:17:33.599+0000] {dag.py:3096} INFO - Sync 2 DAGs
[2026-02-25T01:17:33.628+0000] {logging_mixin.py:188} INFO - [2026-02-25T01:17:33.628+0000] {dag.py:3954} INFO - Setting next_dagrun for produce_json to 2026-02-24 14:00:00+00:00, run_after=2026-02-25 14:00:00+00:00
[2026-02-25T01:17:33.634+0000] {logging_mixin.py:188} INFO - [2026-02-25T01:17:33.634+0000] {dag.py:3954} INFO - Setting next_dagrun for update_db to 2026-02-24 15:00:00+00:00, run_after=2026-02-25 15:00:00+00:00
[2026-02-25T01:17:33.658+0000] {processor.py:183} INFO - Processing /opt/airflow/dags/main.py took 0.217 seconds
[2026-02-25T01:18:04.091+0000] {processor.py:161} INFO - Started process (PID=322) to work on /opt/airflow/dags/main.py
[2026-02-25T01:18:04.092+0000] {processor.py:830} INFO - Processing file /opt/airflow/dags/main.py for tasks to queue
[2026-02-25T01:18:04.097+0000] {logging_mixin.py:188} INFO - [2026-02-25T01:18:04.097+0000] {dagbag.py:545} INFO - Filling up the DagBag from /opt/airflow/dags/main.py
[2026-02-25T01:18:04.193+0000] {processor.py:840} INFO - DAG(s) 'update_db', 'produce_json' retrieved from /opt/airflow/dags/main.py
[2026-02-25T01:18:04.224+0000] {logging_mixin.py:188} INFO - [2026-02-25T01:18:04.224+0000] {dag.py:3096} INFO - Sync 2 DAGs
[2026-02-25T01:18:04.247+0000] {logging_mixin.py:188} INFO - [2026-02-25T01:18:04.246+0000] {dag.py:3954} INFO - Setting next_dagrun for produce_json to 2026-02-24 14:00:00+00:00, run_after=2026-02-25 14:00:00+00:00
[2026-02-25T01:18:04.252+0000] {logging_mixin.py:188} INFO - [2026-02-25T01:18:04.252+0000] {dag.py:3954} INFO - Setting next_dagrun for update_db to 2026-02-24 15:00:00+00:00, run_after=2026-02-25 15:00:00+00:00
[2026-02-25T01:18:04.277+0000] {processor.py:183} INFO - Processing /opt/airflow/dags/main.py took 0.192 seconds
[2026-02-25T01:18:35.029+0000] {processor.py:161} INFO - Started process (PID=330) to work on /opt/airflow/dags/main.py
[2026-02-25T01:18:35.031+0000] {processor.py:830} INFO - Processing file /opt/airflow/dags/main.py for tasks to queue
[2026-02-25T01:18:35.034+0000] {logging_mixin.py:188} INFO - [2026-02-25T01:18:35.033+0000] {dagbag.py:545} INFO - Filling up the DagBag from /opt/airflow/dags/main.py
[2026-02-25T01:18:35.131+0000] {processor.py:840} INFO - DAG(s) 'produce_json', 'update_db' retrieved from /opt/airflow/dags/main.py
[2026-02-25T01:18:35.162+0000] {logging_mixin.py:188} INFO - [2026-02-25T01:18:35.162+0000] {dag.py:3096} INFO - Sync 2 DAGs
[2026-02-25T01:18:35.185+0000] {logging_mixin.py:188} INFO - [2026-02-25T01:18:35.185+0000] {dag.py:3954} INFO - Setting next_dagrun for produce_json to 2026-02-24 14:00:00+00:00, run_after=2026-02-25 14:00:00+00:00
[2026-02-25T01:18:35.190+0000] {logging_mixin.py:188} INFO - [2026-02-25T01:18:35.190+0000] {dag.py:3954} INFO - Setting next_dagrun for update_db to 2026-02-24 15:00:00+00:00, run_after=2026-02-25 15:00:00+00:00
[2026-02-25T01:18:35.210+0000] {processor.py:183} INFO - Processing /opt/airflow/dags/main.py took 0.190 seconds
[2026-02-25T01:19:05.772+0000] {processor.py:161} INFO - Started process (PID=338) to work on /opt/airflow/dags/main.py
[2026-02-25T01:19:05.773+0000] {processor.py:830} INFO - Processing file /opt/airflow/dags/main.py for tasks to queue
[2026-02-25T01:19:05.775+0000] {logging_mixin.py:188} INFO - [2026-02-25T01:19:05.775+0000] {dagbag.py:545} INFO - Filling up the DagBag from /opt/airflow/dags/main.py
[2026-02-25T01:19:05.859+0000] {processor.py:840} INFO - DAG(s) 'produce_json', 'update_db' retrieved from /opt/airflow/dags/main.py
[2026-02-25T01:19:05.892+0000] {logging_mixin.py:188} INFO - [2026-02-25T01:19:05.891+0000] {dag.py:3096} INFO - Sync 2 DAGs
[2026-02-25T01:19:05.913+0000] {logging_mixin.py:188} INFO - [2026-02-25T01:19:05.913+0000] {dag.py:3954} INFO - Setting next_dagrun for produce_json to 2026-02-24 14:00:00+00:00, run_after=2026-02-25 14:00:00+00:00
[2026-02-25T01:19:05.919+0000] {logging_mixin.py:188} INFO - [2026-02-25T01:19:05.919+0000] {dag.py:3954} INFO - Setting next_dagrun for update_db to 2026-02-24 15:00:00+00:00, run_after=2026-02-25 15:00:00+00:00
[2026-02-25T01:19:05.950+0000] {processor.py:183} INFO - Processing /opt/airflow/dags/main.py took 0.183 seconds
[2026-02-25T01:19:36.495+0000] {processor.py:161} INFO - Started process (PID=346) to work on /opt/airflow/dags/main.py
[2026-02-25T01:19:36.497+0000] {processor.py:830} INFO - Processing file /opt/airflow/dags/main.py for tasks to queue
[2026-02-25T01:19:36.500+0000] {logging_mixin.py:188} INFO - [2026-02-25T01:19:36.500+0000] {dagbag.py:545} INFO - Filling up the DagBag from /opt/airflow/dags/main.py
[2026-02-25T01:19:36.624+0000] {processor.py:840} INFO - DAG(s) 'produce_json', 'update_db' retrieved from /opt/airflow/dags/main.py
[2026-02-25T01:19:36.661+0000] {logging_mixin.py:188} INFO - [2026-02-25T01:19:36.660+0000] {dag.py:3096} INFO - Sync 2 DAGs
[2026-02-25T01:19:36.686+0000] {logging_mixin.py:188} INFO - [2026-02-25T01:19:36.686+0000] {dag.py:3954} INFO - Setting next_dagrun for produce_json to 2026-02-24 14:00:00+00:00, run_after=2026-02-25 14:00:00+00:00
[2026-02-25T01:19:36.692+0000] {logging_mixin.py:188} INFO - [2026-02-25T01:19:36.692+0000] {dag.py:3954} INFO - Setting next_dagrun for update_db to 2026-02-24 15:00:00+00:00, run_after=2026-02-25 15:00:00+00:00
[2026-02-25T01:19:36.711+0000] {processor.py:183} INFO - Processing /opt/airflow/dags/main.py took 0.226 seconds
[2026-02-25T01:20:07.536+0000] {processor.py:161} INFO - Started process (PID=359) to work on /opt/airflow/dags/main.py
[2026-02-25T01:20:07.537+0000] {processor.py:830} INFO - Processing file /opt/airflow/dags/main.py for tasks to queue
[2026-02-25T01:20:07.540+0000] {logging_mixin.py:188} INFO - [2026-02-25T01:20:07.539+0000] {dagbag.py:545} INFO - Filling up the DagBag from /opt/airflow/dags/main.py
[2026-02-25T01:20:07.668+0000] {processor.py:840} INFO - DAG(s) 'produce_json', 'update_db' retrieved from /opt/airflow/dags/main.py
[2026-02-25T01:20:07.705+0000] {logging_mixin.py:188} INFO - [2026-02-25T01:20:07.704+0000] {dag.py:3096} INFO - Sync 2 DAGs
[2026-02-25T01:20:07.734+0000] {logging_mixin.py:188} INFO - [2026-02-25T01:20:07.734+0000] {dag.py:3954} INFO - Setting next_dagrun for produce_json to 2026-02-24 14:00:00+00:00, run_after=2026-02-25 14:00:00+00:00
[2026-02-25T01:20:07.742+0000] {logging_mixin.py:188} INFO - [2026-02-25T01:20:07.742+0000] {dag.py:3954} INFO - Setting next_dagrun for update_db to 2026-02-24 15:00:00+00:00, run_after=2026-02-25 15:00:00+00:00
[2026-02-25T01:20:07.764+0000] {processor.py:183} INFO - Processing /opt/airflow/dags/main.py took 0.237 seconds
[2026-02-25T01:20:38.199+0000] {processor.py:161} INFO - Started process (PID=368) to work on /opt/airflow/dags/main.py
[2026-02-25T01:20:38.200+0000] {processor.py:830} INFO - Processing file /opt/airflow/dags/main.py for tasks to queue
[2026-02-25T01:20:38.204+0000] {logging_mixin.py:188} INFO - [2026-02-25T01:20:38.203+0000] {dagbag.py:545} INFO - Filling up the DagBag from /opt/airflow/dags/main.py
[2026-02-25T01:20:38.322+0000] {processor.py:840} INFO - DAG(s) 'update_db', 'produce_json' retrieved from /opt/airflow/dags/main.py
[2026-02-25T01:20:38.359+0000] {logging_mixin.py:188} INFO - [2026-02-25T01:20:38.358+0000] {dag.py:3096} INFO - Sync 2 DAGs
[2026-02-25T01:20:38.389+0000] {logging_mixin.py:188} INFO - [2026-02-25T01:20:38.389+0000] {dag.py:3954} INFO - Setting next_dagrun for produce_json to 2026-02-24 14:00:00+00:00, run_after=2026-02-25 14:00:00+00:00
[2026-02-25T01:20:38.396+0000] {logging_mixin.py:188} INFO - [2026-02-25T01:20:38.395+0000] {dag.py:3954} INFO - Setting next_dagrun for update_db to 2026-02-24 15:00:00+00:00, run_after=2026-02-25 15:00:00+00:00
[2026-02-25T01:20:38.420+0000] {processor.py:183} INFO - Processing /opt/airflow/dags/main.py took 0.228 seconds
[2026-02-25T01:21:09.026+0000] {processor.py:161} INFO - Started process (PID=376) to work on /opt/airflow/dags/main.py
[2026-02-25T01:21:09.028+0000] {processor.py:830} INFO - Processing file /opt/airflow/dags/main.py for tasks to queue
[2026-02-25T01:21:09.030+0000] {logging_mixin.py:188} INFO - [2026-02-25T01:21:09.030+0000] {dagbag.py:545} INFO - Filling up the DagBag from /opt/airflow/dags/main.py
[2026-02-25T01:21:09.121+0000] {processor.py:840} INFO - DAG(s) 'update_db', 'produce_json' retrieved from /opt/airflow/dags/main.py
[2026-02-25T01:21:09.153+0000] {logging_mixin.py:188} INFO - [2026-02-25T01:21:09.153+0000] {dag.py:3096} INFO - Sync 2 DAGs
[2026-02-25T01:21:09.176+0000] {logging_mixin.py:188} INFO - [2026-02-25T01:21:09.176+0000] {dag.py:3954} INFO - Setting next_dagrun for produce_json to 2026-02-24 14:00:00+00:00, run_after=2026-02-25 14:00:00+00:00
[2026-02-25T01:21:09.181+0000] {logging_mixin.py:188} INFO - [2026-02-25T01:21:09.181+0000] {dag.py:3954} INFO - Setting next_dagrun for update_db to 2026-02-24 15:00:00+00:00, run_after=2026-02-25 15:00:00+00:00
[2026-02-25T01:21:09.204+0000] {processor.py:183} INFO - Processing /opt/airflow/dags/main.py took 0.183 seconds
[2026-02-25T01:21:39.749+0000] {processor.py:161} INFO - Started process (PID=384) to work on /opt/airflow/dags/main.py
[2026-02-25T01:21:39.750+0000] {processor.py:830} INFO - Processing file /opt/airflow/dags/main.py for tasks to queue
[2026-02-25T01:21:39.753+0000] {logging_mixin.py:188} INFO - [2026-02-25T01:21:39.752+0000] {dagbag.py:545} INFO - Filling up the DagBag from /opt/airflow/dags/main.py
[2026-02-25T01:21:39.851+0000] {processor.py:840} INFO - DAG(s) 'produce_json', 'update_db' retrieved from /opt/airflow/dags/main.py
[2026-02-25T01:21:39.887+0000] {logging_mixin.py:188} INFO - [2026-02-25T01:21:39.886+0000] {dag.py:3096} INFO - Sync 2 DAGs
[2026-02-25T01:21:39.911+0000] {logging_mixin.py:188} INFO - [2026-02-25T01:21:39.911+0000] {dag.py:3954} INFO - Setting next_dagrun for produce_json to 2026-02-24 14:00:00+00:00, run_after=2026-02-25 14:00:00+00:00
[2026-02-25T01:21:39.916+0000] {logging_mixin.py:188} INFO - [2026-02-25T01:21:39.916+0000] {dag.py:3954} INFO - Setting next_dagrun for update_db to 2026-02-24 15:00:00+00:00, run_after=2026-02-25 15:00:00+00:00
[2026-02-25T01:21:39.939+0000] {processor.py:183} INFO - Processing /opt/airflow/dags/main.py took 0.197 seconds
[2026-02-25T01:22:10.382+0000] {processor.py:161} INFO - Started process (PID=392) to work on /opt/airflow/dags/main.py
[2026-02-25T01:22:10.383+0000] {processor.py:830} INFO - Processing file /opt/airflow/dags/main.py for tasks to queue
[2026-02-25T01:22:10.385+0000] {logging_mixin.py:188} INFO - [2026-02-25T01:22:10.385+0000] {dagbag.py:545} INFO - Filling up the DagBag from /opt/airflow/dags/main.py
[2026-02-25T01:22:10.488+0000] {processor.py:840} INFO - DAG(s) 'produce_json', 'update_db' retrieved from /opt/airflow/dags/main.py
[2026-02-25T01:22:10.521+0000] {logging_mixin.py:188} INFO - [2026-02-25T01:22:10.521+0000] {dag.py:3096} INFO - Sync 2 DAGs
[2026-02-25T01:22:10.544+0000] {logging_mixin.py:188} INFO - [2026-02-25T01:22:10.544+0000] {dag.py:3954} INFO - Setting next_dagrun for produce_json to 2026-02-24 14:00:00+00:00, run_after=2026-02-25 14:00:00+00:00
[2026-02-25T01:22:10.550+0000] {logging_mixin.py:188} INFO - [2026-02-25T01:22:10.550+0000] {dag.py:3954} INFO - Setting next_dagrun for update_db to 2026-02-24 15:00:00+00:00, run_after=2026-02-25 15:00:00+00:00
[2026-02-25T01:22:10.571+0000] {processor.py:183} INFO - Processing /opt/airflow/dags/main.py took 0.195 seconds
[2026-02-25T01:22:41.174+0000] {processor.py:161} INFO - Started process (PID=400) to work on /opt/airflow/dags/main.py
[2026-02-25T01:22:41.175+0000] {processor.py:830} INFO - Processing file /opt/airflow/dags/main.py for tasks to queue
[2026-02-25T01:22:41.178+0000] {logging_mixin.py:188} INFO - [2026-02-25T01:22:41.178+0000] {dagbag.py:545} INFO - Filling up the DagBag from /opt/airflow/dags/main.py
[2026-02-25T01:22:41.284+0000] {processor.py:840} INFO - DAG(s) 'update_db', 'produce_json' retrieved from /opt/airflow/dags/main.py
[2026-02-25T01:22:41.315+0000] {logging_mixin.py:188} INFO - [2026-02-25T01:22:41.315+0000] {dag.py:3096} INFO - Sync 2 DAGs
[2026-02-25T01:22:41.338+0000] {logging_mixin.py:188} INFO - [2026-02-25T01:22:41.337+0000] {dag.py:3954} INFO - Setting next_dagrun for produce_json to 2026-02-24 14:00:00+00:00, run_after=2026-02-25 14:00:00+00:00
[2026-02-25T01:22:41.343+0000] {logging_mixin.py:188} INFO - [2026-02-25T01:22:41.343+0000] {dag.py:3954} INFO - Setting next_dagrun for update_db to 2026-02-24 15:00:00+00:00, run_after=2026-02-25 15:00:00+00:00
[2026-02-25T01:22:41.371+0000] {processor.py:183} INFO - Processing /opt/airflow/dags/main.py took 0.209 seconds
[2026-02-25T01:23:11.822+0000] {processor.py:161} INFO - Started process (PID=408) to work on /opt/airflow/dags/main.py
[2026-02-25T01:23:11.823+0000] {processor.py:830} INFO - Processing file /opt/airflow/dags/main.py for tasks to queue
[2026-02-25T01:23:11.825+0000] {logging_mixin.py:188} INFO - [2026-02-25T01:23:11.825+0000] {dagbag.py:545} INFO - Filling up the DagBag from /opt/airflow/dags/main.py
[2026-02-25T01:23:11.917+0000] {processor.py:840} INFO - DAG(s) 'produce_json', 'update_db' retrieved from /opt/airflow/dags/main.py
[2026-02-25T01:23:11.949+0000] {logging_mixin.py:188} INFO - [2026-02-25T01:23:11.949+0000] {dag.py:3096} INFO - Sync 2 DAGs
[2026-02-25T01:23:11.976+0000] {logging_mixin.py:188} INFO - [2026-02-25T01:23:11.976+0000] {dag.py:3954} INFO - Setting next_dagrun for produce_json to 2026-02-24 14:00:00+00:00, run_after=2026-02-25 14:00:00+00:00
[2026-02-25T01:23:11.982+0000] {logging_mixin.py:188} INFO - [2026-02-25T01:23:11.982+0000] {dag.py:3954} INFO - Setting next_dagrun for update_db to 2026-02-24 15:00:00+00:00, run_after=2026-02-25 15:00:00+00:00
[2026-02-25T01:23:12.015+0000] {processor.py:183} INFO - Processing /opt/airflow/dags/main.py took 0.200 seconds
[2026-02-25T01:23:42.478+0000] {processor.py:161} INFO - Started process (PID=416) to work on /opt/airflow/dags/main.py
[2026-02-25T01:23:42.479+0000] {processor.py:830} INFO - Processing file /opt/airflow/dags/main.py for tasks to queue
[2026-02-25T01:23:42.481+0000] {logging_mixin.py:188} INFO - [2026-02-25T01:23:42.481+0000] {dagbag.py:545} INFO - Filling up the DagBag from /opt/airflow/dags/main.py
[2026-02-25T01:23:42.578+0000] {processor.py:840} INFO - DAG(s) 'produce_json', 'update_db' retrieved from /opt/airflow/dags/main.py
[2026-02-25T01:23:42.610+0000] {logging_mixin.py:188} INFO - [2026-02-25T01:23:42.609+0000] {dag.py:3096} INFO - Sync 2 DAGs
[2026-02-25T01:23:42.632+0000] {logging_mixin.py:188} INFO - [2026-02-25T01:23:42.632+0000] {dag.py:3954} INFO - Setting next_dagrun for produce_json to 2026-02-24 14:00:00+00:00, run_after=2026-02-25 14:00:00+00:00
[2026-02-25T01:23:42.638+0000] {logging_mixin.py:188} INFO - [2026-02-25T01:23:42.638+0000] {dag.py:3954} INFO - Setting next_dagrun for update_db to 2026-02-24 15:00:00+00:00, run_after=2026-02-25 15:00:00+00:00
[2026-02-25T01:23:42.660+0000] {processor.py:183} INFO - Processing /opt/airflow/dags/main.py took 0.188 seconds
[2026-02-25T01:24:13.137+0000] {processor.py:161} INFO - Started process (PID=424) to work on /opt/airflow/dags/main.py
[2026-02-25T01:24:13.138+0000] {processor.py:830} INFO - Processing file /opt/airflow/dags/main.py for tasks to queue
[2026-02-25T01:24:13.140+0000] {logging_mixin.py:188} INFO - [2026-02-25T01:24:13.140+0000] {dagbag.py:545} INFO - Filling up the DagBag from /opt/airflow/dags/main.py
[2026-02-25T01:24:13.225+0000] {processor.py:840} INFO - DAG(s) 'produce_json', 'update_db' retrieved from /opt/airflow/dags/main.py
[2026-02-25T01:24:13.257+0000] {logging_mixin.py:188} INFO - [2026-02-25T01:24:13.257+0000] {dag.py:3096} INFO - Sync 2 DAGs
[2026-02-25T01:24:13.280+0000] {logging_mixin.py:188} INFO - [2026-02-25T01:24:13.280+0000] {dag.py:3954} INFO - Setting next_dagrun for produce_json to 2026-02-24 14:00:00+00:00, run_after=2026-02-25 14:00:00+00:00
[2026-02-25T01:24:13.285+0000] {logging_mixin.py:188} INFO - [2026-02-25T01:24:13.285+0000] {dag.py:3954} INFO - Setting next_dagrun for update_db to 2026-02-24 15:00:00+00:00, run_after=2026-02-25 15:00:00+00:00
[2026-02-25T01:24:13.316+0000] {processor.py:183} INFO - Processing /opt/airflow/dags/main.py took 0.185 seconds
[2026-02-25T01:24:43.790+0000] {processor.py:161} INFO - Started process (PID=432) to work on /opt/airflow/dags/main.py
[2026-02-25T01:24:43.791+0000] {processor.py:830} INFO - Processing file /opt/airflow/dags/main.py for tasks to queue
[2026-02-25T01:24:43.793+0000] {logging_mixin.py:188} INFO - [2026-02-25T01:24:43.793+0000] {dagbag.py:545} INFO - Filling up the DagBag from /opt/airflow/dags/main.py
[2026-02-25T01:24:43.885+0000] {processor.py:840} INFO - DAG(s) 'update_db', 'produce_json' retrieved from /opt/airflow/dags/main.py
[2026-02-25T01:24:43.916+0000] {logging_mixin.py:188} INFO - [2026-02-25T01:24:43.916+0000] {dag.py:3096} INFO - Sync 2 DAGs
[2026-02-25T01:24:43.939+0000] {logging_mixin.py:188} INFO - [2026-02-25T01:24:43.939+0000] {dag.py:3954} INFO - Setting next_dagrun for produce_json to 2026-02-24 14:00:00+00:00, run_after=2026-02-25 14:00:00+00:00
[2026-02-25T01:24:43.945+0000] {logging_mixin.py:188} INFO - [2026-02-25T01:24:43.944+0000] {dag.py:3954} INFO - Setting next_dagrun for update_db to 2026-02-24 15:00:00+00:00, run_after=2026-02-25 15:00:00+00:00
[2026-02-25T01:24:43.972+0000] {processor.py:183} INFO - Processing /opt/airflow/dags/main.py took 0.188 seconds
[2026-02-25T01:25:14.672+0000] {processor.py:161} INFO - Started process (PID=441) to work on /opt/airflow/dags/main.py
[2026-02-25T01:25:14.674+0000] {processor.py:830} INFO - Processing file /opt/airflow/dags/main.py for tasks to queue
[2026-02-25T01:25:14.676+0000] {logging_mixin.py:188} INFO - [2026-02-25T01:25:14.676+0000] {dagbag.py:545} INFO - Filling up the DagBag from /opt/airflow/dags/main.py
[2026-02-25T01:25:14.793+0000] {processor.py:840} INFO - DAG(s) 'update_db', 'produce_json' retrieved from /opt/airflow/dags/main.py
[2026-02-25T01:25:14.826+0000] {logging_mixin.py:188} INFO - [2026-02-25T01:25:14.826+0000] {dag.py:3096} INFO - Sync 2 DAGs
[2026-02-25T01:25:14.849+0000] {logging_mixin.py:188} INFO - [2026-02-25T01:25:14.848+0000] {dag.py:3954} INFO - Setting next_dagrun for produce_json to 2026-02-24 14:00:00+00:00, run_after=2026-02-25 14:00:00+00:00
[2026-02-25T01:25:14.854+0000] {logging_mixin.py:188} INFO - [2026-02-25T01:25:14.854+0000] {dag.py:3954} INFO - Setting next_dagrun for update_db to 2026-02-24 15:00:00+00:00, run_after=2026-02-25 15:00:00+00:00
[2026-02-25T01:25:14.875+0000] {processor.py:183} INFO - Processing /opt/airflow/dags/main.py took 0.211 seconds
[2026-02-25T01:25:45.313+0000] {processor.py:161} INFO - Started process (PID=449) to work on /opt/airflow/dags/main.py
[2026-02-25T01:25:45.315+0000] {processor.py:830} INFO - Processing file /opt/airflow/dags/main.py for tasks to queue
[2026-02-25T01:25:45.317+0000] {logging_mixin.py:188} INFO - [2026-02-25T01:25:45.317+0000] {dagbag.py:545} INFO - Filling up the DagBag from /opt/airflow/dags/main.py
[2026-02-25T01:25:44.731+0000] {processor.py:840} INFO - DAG(s) 'update_db', 'produce_json' retrieved from /opt/airflow/dags/main.py
[2026-02-25T01:25:44.763+0000] {logging_mixin.py:188} INFO - [2026-02-25T01:25:44.762+0000] {dag.py:3096} INFO - Sync 2 DAGs
[2026-02-25T01:25:44.785+0000] {logging_mixin.py:188} INFO - [2026-02-25T01:25:44.785+0000] {dag.py:3954} INFO - Setting next_dagrun for produce_json to 2026-02-24 14:00:00+00:00, run_after=2026-02-25 14:00:00+00:00
[2026-02-25T01:25:44.790+0000] {logging_mixin.py:188} INFO - [2026-02-25T01:25:44.790+0000] {dag.py:3954} INFO - Setting next_dagrun for update_db to 2026-02-24 15:00:00+00:00, run_after=2026-02-25 15:00:00+00:00
[2026-02-25T01:25:44.812+0000] {processor.py:183} INFO - Processing /opt/airflow/dags/main.py took 0.199 seconds
[2026-02-25T01:26:15.074+0000] {processor.py:161} INFO - Started process (PID=464) to work on /opt/airflow/dags/main.py
[2026-02-25T01:26:15.075+0000] {processor.py:830} INFO - Processing file /opt/airflow/dags/main.py for tasks to queue
[2026-02-25T01:26:15.078+0000] {logging_mixin.py:188} INFO - [2026-02-25T01:26:15.077+0000] {dagbag.py:545} INFO - Filling up the DagBag from /opt/airflow/dags/main.py
[2026-02-25T01:26:15.169+0000] {processor.py:840} INFO - DAG(s) 'produce_json', 'update_db' retrieved from /opt/airflow/dags/main.py
[2026-02-25T01:26:15.205+0000] {logging_mixin.py:188} INFO - [2026-02-25T01:26:15.205+0000] {dag.py:3096} INFO - Sync 2 DAGs
[2026-02-25T01:26:15.234+0000] {logging_mixin.py:188} INFO - [2026-02-25T01:26:15.234+0000] {dag.py:3954} INFO - Setting next_dagrun for produce_json to 2026-02-24 14:00:00+00:00, run_after=2026-02-25 14:00:00+00:00
[2026-02-25T01:26:15.240+0000] {logging_mixin.py:188} INFO - [2026-02-25T01:26:15.240+0000] {dag.py:3954} INFO - Setting next_dagrun for update_db to 2026-02-24 15:00:00+00:00, run_after=2026-02-25 15:00:00+00:00
[2026-02-25T01:26:15.259+0000] {processor.py:183} INFO - Processing /opt/airflow/dags/main.py took 0.191 seconds
[2026-02-25T01:26:45.817+0000] {processor.py:161} INFO - Started process (PID=472) to work on /opt/airflow/dags/main.py
[2026-02-25T01:26:45.819+0000] {processor.py:830} INFO - Processing file /opt/airflow/dags/main.py for tasks to queue
[2026-02-25T01:26:45.822+0000] {logging_mixin.py:188} INFO - [2026-02-25T01:26:45.821+0000] {dagbag.py:545} INFO - Filling up the DagBag from /opt/airflow/dags/main.py
[2026-02-25T01:26:45.939+0000] {processor.py:840} INFO - DAG(s) 'produce_json', 'update_db' retrieved from /opt/airflow/dags/main.py
[2026-02-25T01:26:45.976+0000] {logging_mixin.py:188} INFO - [2026-02-25T01:26:45.976+0000] {dag.py:3096} INFO - Sync 2 DAGs
[2026-02-25T01:26:45.999+0000] {logging_mixin.py:188} INFO - [2026-02-25T01:26:45.999+0000] {dag.py:3954} INFO - Setting next_dagrun for produce_json to 2026-02-24 14:00:00+00:00, run_after=2026-02-25 14:00:00+00:00
[2026-02-25T01:26:46.007+0000] {logging_mixin.py:188} INFO - [2026-02-25T01:26:46.007+0000] {dag.py:3954} INFO - Setting next_dagrun for update_db to 2026-02-24 15:00:00+00:00, run_after=2026-02-25 15:00:00+00:00
[2026-02-25T01:26:46.029+0000] {processor.py:183} INFO - Processing /opt/airflow/dags/main.py took 0.223 seconds
[2026-02-25T01:27:16.313+0000] {processor.py:161} INFO - Started process (PID=480) to work on /opt/airflow/dags/main.py
[2026-02-25T01:27:16.314+0000] {processor.py:830} INFO - Processing file /opt/airflow/dags/main.py for tasks to queue
[2026-02-25T01:27:16.316+0000] {logging_mixin.py:188} INFO - [2026-02-25T01:27:16.316+0000] {dagbag.py:545} INFO - Filling up the DagBag from /opt/airflow/dags/main.py
[2026-02-25T01:27:16.403+0000] {processor.py:840} INFO - DAG(s) 'produce_json', 'update_db' retrieved from /opt/airflow/dags/main.py
[2026-02-25T01:27:16.440+0000] {logging_mixin.py:188} INFO - [2026-02-25T01:27:16.440+0000] {dag.py:3096} INFO - Sync 2 DAGs
[2026-02-25T01:27:16.463+0000] {logging_mixin.py:188} INFO - [2026-02-25T01:27:16.463+0000] {dag.py:3954} INFO - Setting next_dagrun for produce_json to 2026-02-24 14:00:00+00:00, run_after=2026-02-25 14:00:00+00:00
[2026-02-25T01:27:16.469+0000] {logging_mixin.py:188} INFO - [2026-02-25T01:27:16.469+0000] {dag.py:3954} INFO - Setting next_dagrun for update_db to 2026-02-24 15:00:00+00:00, run_after=2026-02-25 15:00:00+00:00
[2026-02-25T01:27:16.491+0000] {processor.py:183} INFO - Processing /opt/airflow/dags/main.py took 0.183 seconds
[2026-02-25T01:27:47.094+0000] {processor.py:161} INFO - Started process (PID=488) to work on /opt/airflow/dags/main.py
[2026-02-25T01:27:47.095+0000] {processor.py:830} INFO - Processing file /opt/airflow/dags/main.py for tasks to queue
[2026-02-25T01:27:47.098+0000] {logging_mixin.py:188} INFO - [2026-02-25T01:27:47.098+0000] {dagbag.py:545} INFO - Filling up the DagBag from /opt/airflow/dags/main.py
[2026-02-25T01:27:47.222+0000] {processor.py:840} INFO - DAG(s) 'update_db', 'produce_json' retrieved from /opt/airflow/dags/main.py
[2026-02-25T01:27:47.265+0000] {logging_mixin.py:188} INFO - [2026-02-25T01:27:47.264+0000] {dag.py:3096} INFO - Sync 2 DAGs
[2026-02-25T01:27:47.293+0000] {logging_mixin.py:188} INFO - [2026-02-25T01:27:47.292+0000] {dag.py:3954} INFO - Setting next_dagrun for produce_json to 2026-02-24 14:00:00+00:00, run_after=2026-02-25 14:00:00+00:00
[2026-02-25T01:27:47.299+0000] {logging_mixin.py:188} INFO - [2026-02-25T01:27:47.299+0000] {dag.py:3954} INFO - Setting next_dagrun for update_db to 2026-02-24 15:00:00+00:00, run_after=2026-02-25 15:00:00+00:00
[2026-02-25T01:27:47.324+0000] {processor.py:183} INFO - Processing /opt/airflow/dags/main.py took 0.237 seconds
[2026-02-25T01:28:17.723+0000] {processor.py:161} INFO - Started process (PID=496) to work on /opt/airflow/dags/main.py
[2026-02-25T01:28:17.724+0000] {processor.py:830} INFO - Processing file /opt/airflow/dags/main.py for tasks to queue
[2026-02-25T01:28:17.727+0000] {logging_mixin.py:188} INFO - [2026-02-25T01:28:17.726+0000] {dagbag.py:545} INFO - Filling up the DagBag from /opt/airflow/dags/main.py
[2026-02-25T01:28:17.816+0000] {processor.py:840} INFO - DAG(s) 'update_db', 'produce_json' retrieved from /opt/airflow/dags/main.py
[2026-02-25T01:28:17.845+0000] {logging_mixin.py:188} INFO - [2026-02-25T01:28:17.844+0000] {dag.py:3096} INFO - Sync 2 DAGs
[2026-02-25T01:28:17.866+0000] {logging_mixin.py:188} INFO - [2026-02-25T01:28:17.866+0000] {dag.py:3954} INFO - Setting next_dagrun for produce_json to 2026-02-24 14:00:00+00:00, run_after=2026-02-25 14:00:00+00:00
[2026-02-25T01:28:17.872+0000] {logging_mixin.py:188} INFO - [2026-02-25T01:28:17.871+0000] {dag.py:3954} INFO - Setting next_dagrun for update_db to 2026-02-24 15:00:00+00:00, run_after=2026-02-25 15:00:00+00:00
[2026-02-25T01:28:17.893+0000] {processor.py:183} INFO - Processing /opt/airflow/dags/main.py took 0.176 seconds
[2026-02-25T01:28:48.585+0000] {processor.py:161} INFO - Started process (PID=504) to work on /opt/airflow/dags/main.py
[2026-02-25T01:28:48.586+0000] {processor.py:830} INFO - Processing file /opt/airflow/dags/main.py for tasks to queue
[2026-02-25T01:28:48.590+0000] {logging_mixin.py:188} INFO - [2026-02-25T01:28:48.589+0000] {dagbag.py:545} INFO - Filling up the DagBag from /opt/airflow/dags/main.py
[2026-02-25T01:28:48.705+0000] {processor.py:840} INFO - DAG(s) 'update_db', 'produce_json' retrieved from /opt/airflow/dags/main.py
[2026-02-25T01:28:48.736+0000] {logging_mixin.py:188} INFO - [2026-02-25T01:28:48.736+0000] {dag.py:3096} INFO - Sync 2 DAGs
[2026-02-25T01:28:48.759+0000] {logging_mixin.py:188} INFO - [2026-02-25T01:28:48.759+0000] {dag.py:3954} INFO - Setting next_dagrun for produce_json to 2026-02-24 14:00:00+00:00, run_after=2026-02-25 14:00:00+00:00
[2026-02-25T01:28:48.764+0000] {logging_mixin.py:188} INFO - [2026-02-25T01:28:48.764+0000] {dag.py:3954} INFO - Setting next_dagrun for update_db to 2026-02-24 15:00:00+00:00, run_after=2026-02-25 15:00:00+00:00
[2026-02-25T01:28:48.783+0000] {processor.py:183} INFO - Processing /opt/airflow/dags/main.py took 0.207 seconds
[2026-02-25T01:29:19.096+0000] {processor.py:161} INFO - Started process (PID=512) to work on /opt/airflow/dags/main.py
[2026-02-25T01:29:19.097+0000] {processor.py:830} INFO - Processing file /opt/airflow/dags/main.py for tasks to queue
[2026-02-25T01:29:19.099+0000] {logging_mixin.py:188} INFO - [2026-02-25T01:29:19.099+0000] {dagbag.py:545} INFO - Filling up the DagBag from /opt/airflow/dags/main.py
[2026-02-25T01:29:19.199+0000] {processor.py:840} INFO - DAG(s) 'update_db', 'produce_json' retrieved from /opt/airflow/dags/main.py
[2026-02-25T01:29:19.232+0000] {logging_mixin.py:188} INFO - [2026-02-25T01:29:19.231+0000] {dag.py:3096} INFO - Sync 2 DAGs
[2026-02-25T01:29:19.253+0000] {logging_mixin.py:188} INFO - [2026-02-25T01:29:19.253+0000] {dag.py:3954} INFO - Setting next_dagrun for produce_json to 2026-02-24 14:00:00+00:00, run_after=2026-02-25 14:00:00+00:00
[2026-02-25T01:29:19.259+0000] {logging_mixin.py:188} INFO - [2026-02-25T01:29:19.258+0000] {dag.py:3954} INFO - Setting next_dagrun for update_db to 2026-02-24 15:00:00+00:00, run_after=2026-02-25 15:00:00+00:00
[2026-02-25T01:29:19.280+0000] {processor.py:183} INFO - Processing /opt/airflow/dags/main.py took 0.190 seconds
[2026-02-25T01:29:50.042+0000] {processor.py:161} INFO - Started process (PID=520) to work on /opt/airflow/dags/main.py
[2026-02-25T01:29:50.043+0000] {processor.py:830} INFO - Processing file /opt/airflow/dags/main.py for tasks to queue
[2026-02-25T01:29:50.045+0000] {logging_mixin.py:188} INFO - [2026-02-25T01:29:50.045+0000] {dagbag.py:545} INFO - Filling up the DagBag from /opt/airflow/dags/main.py
[2026-02-25T01:29:50.136+0000] {processor.py:840} INFO - DAG(s) 'update_db', 'produce_json' retrieved from /opt/airflow/dags/main.py
[2026-02-25T01:29:50.169+0000] {logging_mixin.py:188} INFO - [2026-02-25T01:29:50.169+0000] {dag.py:3096} INFO - Sync 2 DAGs
[2026-02-25T01:29:50.192+0000] {logging_mixin.py:188} INFO - [2026-02-25T01:29:50.192+0000] {dag.py:3954} INFO - Setting next_dagrun for produce_json to 2026-02-24 14:00:00+00:00, run_after=2026-02-25 14:00:00+00:00
[2026-02-25T01:29:50.197+0000] {logging_mixin.py:188} INFO - [2026-02-25T01:29:50.197+0000] {dag.py:3954} INFO - Setting next_dagrun for update_db to 2026-02-24 15:00:00+00:00, run_after=2026-02-25 15:00:00+00:00
[2026-02-25T01:29:50.220+0000] {processor.py:183} INFO - Processing /opt/airflow/dags/main.py took 0.184 seconds
[2026-02-25T01:30:20.772+0000] {processor.py:161} INFO - Started process (PID=529) to work on /opt/airflow/dags/main.py
[2026-02-25T01:30:20.773+0000] {processor.py:830} INFO - Processing file /opt/airflow/dags/main.py for tasks to queue
[2026-02-25T01:30:20.776+0000] {logging_mixin.py:188} INFO - [2026-02-25T01:30:20.775+0000] {dagbag.py:545} INFO - Filling up the DagBag from /opt/airflow/dags/main.py
[2026-02-25T01:30:20.877+0000] {processor.py:840} INFO - DAG(s) 'update_db', 'produce_json' retrieved from /opt/airflow/dags/main.py
[2026-02-25T01:30:20.908+0000] {logging_mixin.py:188} INFO - [2026-02-25T01:30:20.908+0000] {dag.py:3096} INFO - Sync 2 DAGs
[2026-02-25T01:30:20.929+0000] {logging_mixin.py:188} INFO - [2026-02-25T01:30:20.929+0000] {dag.py:3954} INFO - Setting next_dagrun for produce_json to 2026-02-24 14:00:00+00:00, run_after=2026-02-25 14:00:00+00:00
[2026-02-25T01:30:20.935+0000] {logging_mixin.py:188} INFO - [2026-02-25T01:30:20.935+0000] {dag.py:3954} INFO - Setting next_dagrun for update_db to 2026-02-24 15:00:00+00:00, run_after=2026-02-25 15:00:00+00:00
[2026-02-25T01:30:20.965+0000] {processor.py:183} INFO - Processing /opt/airflow/dags/main.py took 0.199 seconds
[2026-02-25T01:30:51.584+0000] {processor.py:161} INFO - Started process (PID=537) to work on /opt/airflow/dags/main.py
[2026-02-25T01:30:51.585+0000] {processor.py:830} INFO - Processing file /opt/airflow/dags/main.py for tasks to queue
[2026-02-25T01:30:51.587+0000] {logging_mixin.py:188} INFO - [2026-02-25T01:30:51.587+0000] {dagbag.py:545} INFO - Filling up the DagBag from /opt/airflow/dags/main.py
[2026-02-25T01:30:51.671+0000] {processor.py:840} INFO - DAG(s) 'update_db', 'produce_json' retrieved from /opt/airflow/dags/main.py
[2026-02-25T01:30:51.700+0000] {logging_mixin.py:188} INFO - [2026-02-25T01:30:51.700+0000] {dag.py:3096} INFO - Sync 2 DAGs
[2026-02-25T01:30:51.722+0000] {logging_mixin.py:188} INFO - [2026-02-25T01:30:51.722+0000] {dag.py:3954} INFO - Setting next_dagrun for produce_json to 2026-02-24 14:00:00+00:00, run_after=2026-02-25 14:00:00+00:00
[2026-02-25T01:30:51.728+0000] {logging_mixin.py:188} INFO - [2026-02-25T01:30:51.728+0000] {dag.py:3954} INFO - Setting next_dagrun for update_db to 2026-02-24 15:00:00+00:00, run_after=2026-02-25 15:00:00+00:00
[2026-02-25T01:30:51.750+0000] {processor.py:183} INFO - Processing /opt/airflow/dags/main.py took 0.172 seconds
[2026-02-25T01:31:44.759+0000] {processor.py:161} INFO - Started process (PID=55) to work on /opt/airflow/dags/main.py
[2026-02-25T01:31:44.762+0000] {processor.py:830} INFO - Processing file /opt/airflow/dags/main.py for tasks to queue
[2026-02-25T01:31:44.766+0000] {logging_mixin.py:188} INFO - [2026-02-25T01:31:44.765+0000] {dagbag.py:545} INFO - Filling up the DagBag from /opt/airflow/dags/main.py
[2026-02-25T01:31:44.940+0000] {processor.py:840} INFO - DAG(s) 'produce_json', 'update_db' retrieved from /opt/airflow/dags/main.py
[2026-02-25T01:31:45.156+0000] {logging_mixin.py:188} INFO - [2026-02-25T01:31:45.155+0000] {dag.py:3096} INFO - Sync 2 DAGs
[2026-02-25T01:31:45.192+0000] {logging_mixin.py:188} INFO - [2026-02-25T01:31:45.192+0000] {dag.py:3954} INFO - Setting next_dagrun for produce_json to 2026-02-24 14:00:00+00:00, run_after=2026-02-25 14:00:00+00:00
[2026-02-25T01:31:45.199+0000] {logging_mixin.py:188} INFO - [2026-02-25T01:31:45.199+0000] {dag.py:3954} INFO - Setting next_dagrun for update_db to 2026-02-24 15:00:00+00:00, run_after=2026-02-25 15:00:00+00:00
[2026-02-25T01:31:45.252+0000] {processor.py:183} INFO - Processing /opt/airflow/dags/main.py took 0.505 seconds
[2026-02-25T01:32:15.694+0000] {processor.py:161} INFO - Started process (PID=64) to work on /opt/airflow/dags/main.py
[2026-02-25T01:32:15.695+0000] {processor.py:830} INFO - Processing file /opt/airflow/dags/main.py for tasks to queue
[2026-02-25T01:32:15.698+0000] {logging_mixin.py:188} INFO - [2026-02-25T01:32:15.697+0000] {dagbag.py:545} INFO - Filling up the DagBag from /opt/airflow/dags/main.py
[2026-02-25T01:32:15.798+0000] {processor.py:840} INFO - DAG(s) 'update_db', 'produce_json' retrieved from /opt/airflow/dags/main.py
[2026-02-25T01:32:15.829+0000] {logging_mixin.py:188} INFO - [2026-02-25T01:32:15.829+0000] {dag.py:3096} INFO - Sync 2 DAGs
[2026-02-25T01:32:15.856+0000] {logging_mixin.py:188} INFO - [2026-02-25T01:32:15.856+0000] {dag.py:3954} INFO - Setting next_dagrun for produce_json to 2026-02-24 14:00:00+00:00, run_after=2026-02-25 14:00:00+00:00
[2026-02-25T01:32:15.862+0000] {logging_mixin.py:188} INFO - [2026-02-25T01:32:15.861+0000] {dag.py:3954} INFO - Setting next_dagrun for update_db to 2026-02-24 15:00:00+00:00, run_after=2026-02-25 15:00:00+00:00
[2026-02-25T01:32:15.881+0000] {processor.py:183} INFO - Processing /opt/airflow/dags/main.py took 0.194 seconds
[2026-02-25T01:32:46.361+0000] {processor.py:161} INFO - Started process (PID=78) to work on /opt/airflow/dags/main.py
[2026-02-25T01:32:46.362+0000] {processor.py:830} INFO - Processing file /opt/airflow/dags/main.py for tasks to queue
[2026-02-25T01:32:46.365+0000] {logging_mixin.py:188} INFO - [2026-02-25T01:32:46.364+0000] {dagbag.py:545} INFO - Filling up the DagBag from /opt/airflow/dags/main.py
[2026-02-25T01:32:46.466+0000] {processor.py:840} INFO - DAG(s) 'produce_json', 'update_db' retrieved from /opt/airflow/dags/main.py
[2026-02-25T01:32:46.496+0000] {logging_mixin.py:188} INFO - [2026-02-25T01:32:46.496+0000] {dag.py:3096} INFO - Sync 2 DAGs
[2026-02-25T01:32:46.520+0000] {logging_mixin.py:188} INFO - [2026-02-25T01:32:46.520+0000] {dag.py:3954} INFO - Setting next_dagrun for produce_json to 2026-02-24 14:00:00+00:00, run_after=2026-02-25 14:00:00+00:00
[2026-02-25T01:32:46.525+0000] {logging_mixin.py:188} INFO - [2026-02-25T01:32:46.525+0000] {dag.py:3954} INFO - Setting next_dagrun for update_db to 2026-02-24 15:00:00+00:00, run_after=2026-02-25 15:00:00+00:00
[2026-02-25T01:32:46.545+0000] {processor.py:183} INFO - Processing /opt/airflow/dags/main.py took 0.192 seconds
[2026-02-25T01:33:17.164+0000] {processor.py:161} INFO - Started process (PID=86) to work on /opt/airflow/dags/main.py
[2026-02-25T01:33:17.166+0000] {processor.py:830} INFO - Processing file /opt/airflow/dags/main.py for tasks to queue
[2026-02-25T01:33:17.169+0000] {logging_mixin.py:188} INFO - [2026-02-25T01:33:17.169+0000] {dagbag.py:545} INFO - Filling up the DagBag from /opt/airflow/dags/main.py
[2026-02-25T01:33:17.296+0000] {processor.py:840} INFO - DAG(s) 'update_db', 'produce_json' retrieved from /opt/airflow/dags/main.py
[2026-02-25T01:33:17.325+0000] {logging_mixin.py:188} INFO - [2026-02-25T01:33:17.325+0000] {dag.py:3096} INFO - Sync 2 DAGs
[2026-02-25T01:33:17.348+0000] {logging_mixin.py:188} INFO - [2026-02-25T01:33:17.348+0000] {dag.py:3954} INFO - Setting next_dagrun for produce_json to 2026-02-24 14:00:00+00:00, run_after=2026-02-25 14:00:00+00:00
[2026-02-25T01:33:17.354+0000] {logging_mixin.py:188} INFO - [2026-02-25T01:33:17.354+0000] {dag.py:3954} INFO - Setting next_dagrun for update_db to 2026-02-24 15:00:00+00:00, run_after=2026-02-25 15:00:00+00:00
[2026-02-25T01:33:17.374+0000] {processor.py:183} INFO - Processing /opt/airflow/dags/main.py took 0.221 seconds
[2026-02-25T01:33:35.489+0000] {processor.py:161} INFO - Started process (PID=87) to work on /opt/airflow/dags/main.py
[2026-02-25T01:33:35.491+0000] {processor.py:830} INFO - Processing file /opt/airflow/dags/main.py for tasks to queue
[2026-02-25T01:33:35.494+0000] {logging_mixin.py:188} INFO - [2026-02-25T01:33:35.493+0000] {dagbag.py:545} INFO - Filling up the DagBag from /opt/airflow/dags/main.py
[2026-02-25T01:33:35.532+0000] {logging_mixin.py:188} INFO - [2026-02-25T01:33:35.526+0000] {dagbag.py:355} ERROR - Failed to import: /opt/airflow/dags/main.py
Traceback (most recent call last):
  File "/home/airflow/.local/lib/python3.12/site-packages/airflow/models/dagbag.py", line 351, in parse
    loader.exec_module(new_module)
  File "<frozen importlib._bootstrap_external>", line 995, in exec_module
  File "<frozen importlib._bootstrap>", line 488, in _call_with_frames_removed
  File "/opt/airflow/dags/main.py", line 4, in <module>
    from dags.dataquality.soda import yt_elt_data_quality
ModuleNotFoundError: No module named 'dags'
[2026-02-25T01:33:35.534+0000] {processor.py:842} WARNING - No viable dags retrieved from /opt/airflow/dags/main.py
[2026-02-25T01:33:35.564+0000] {processor.py:183} INFO - Processing /opt/airflow/dags/main.py took 0.085 seconds
[2026-02-25T01:33:46.810+0000] {processor.py:161} INFO - Started process (PID=94) to work on /opt/airflow/dags/main.py
[2026-02-25T01:33:46.812+0000] {processor.py:830} INFO - Processing file /opt/airflow/dags/main.py for tasks to queue
[2026-02-25T01:33:46.814+0000] {logging_mixin.py:188} INFO - [2026-02-25T01:33:46.814+0000] {dagbag.py:545} INFO - Filling up the DagBag from /opt/airflow/dags/main.py
[2026-02-25T01:33:46.850+0000] {logging_mixin.py:188} INFO - [2026-02-25T01:33:46.845+0000] {dagbag.py:355} ERROR - Failed to import: /opt/airflow/dags/main.py
Traceback (most recent call last):
  File "/home/airflow/.local/lib/python3.12/site-packages/airflow/models/dagbag.py", line 351, in parse
    loader.exec_module(new_module)
  File "<frozen importlib._bootstrap_external>", line 995, in exec_module
  File "<frozen importlib._bootstrap>", line 488, in _call_with_frames_removed
  File "/opt/airflow/dags/main.py", line 4, in <module>
    from dags.dataquality.soda import yt_elt_data_quality
ModuleNotFoundError: No module named 'dags'
[2026-02-25T01:33:46.853+0000] {processor.py:842} WARNING - No viable dags retrieved from /opt/airflow/dags/main.py
[2026-02-25T01:33:46.883+0000] {processor.py:183} INFO - Processing /opt/airflow/dags/main.py took 0.080 seconds
[2026-02-25T01:33:46.936+0000] {processor.py:161} INFO - Started process (PID=95) to work on /opt/airflow/dags/main.py
[2026-02-25T01:33:46.937+0000] {processor.py:830} INFO - Processing file /opt/airflow/dags/main.py for tasks to queue
[2026-02-25T01:33:46.939+0000] {logging_mixin.py:188} INFO - [2026-02-25T01:33:46.939+0000] {dagbag.py:545} INFO - Filling up the DagBag from /opt/airflow/dags/main.py
[2026-02-25T01:33:46.964+0000] {logging_mixin.py:188} INFO - [2026-02-25T01:33:46.959+0000] {dagbag.py:355} ERROR - Failed to import: /opt/airflow/dags/main.py
Traceback (most recent call last):
  File "/home/airflow/.local/lib/python3.12/site-packages/airflow/models/dagbag.py", line 351, in parse
    loader.exec_module(new_module)
  File "<frozen importlib._bootstrap_external>", line 995, in exec_module
  File "<frozen importlib._bootstrap>", line 488, in _call_with_frames_removed
  File "/opt/airflow/dags/main.py", line 4, in <module>
    from dags.dataquality.soda import yt_elt_data_quality
ModuleNotFoundError: No module named 'dags'
[2026-02-25T01:33:46.966+0000] {processor.py:842} WARNING - No viable dags retrieved from /opt/airflow/dags/main.py
[2026-02-25T01:33:46.995+0000] {processor.py:183} INFO - Processing /opt/airflow/dags/main.py took 0.067 seconds
[2026-02-25T01:33:47.049+0000] {processor.py:161} INFO - Started process (PID=96) to work on /opt/airflow/dags/main.py
[2026-02-25T01:33:47.051+0000] {processor.py:830} INFO - Processing file /opt/airflow/dags/main.py for tasks to queue
[2026-02-25T01:33:47.055+0000] {logging_mixin.py:188} INFO - [2026-02-25T01:33:47.054+0000] {dagbag.py:545} INFO - Filling up the DagBag from /opt/airflow/dags/main.py
[2026-02-25T01:33:47.075+0000] {logging_mixin.py:188} INFO - [2026-02-25T01:33:47.071+0000] {dagbag.py:355} ERROR - Failed to import: /opt/airflow/dags/main.py
Traceback (most recent call last):
  File "/home/airflow/.local/lib/python3.12/site-packages/airflow/models/dagbag.py", line 351, in parse
    loader.exec_module(new_module)
  File "<frozen importlib._bootstrap_external>", line 995, in exec_module
  File "<frozen importlib._bootstrap>", line 488, in _call_with_frames_removed
  File "/opt/airflow/dags/main.py", line 4, in <module>
    from dags.dataquality.soda import yt_elt_data_quality
ModuleNotFoundError: No module named 'dags'
[2026-02-25T01:33:47.077+0000] {processor.py:842} WARNING - No viable dags retrieved from /opt/airflow/dags/main.py
[2026-02-25T01:33:47.098+0000] {processor.py:183} INFO - Processing /opt/airflow/dags/main.py took 0.056 seconds
[2026-02-25T01:33:47.151+0000] {processor.py:161} INFO - Started process (PID=97) to work on /opt/airflow/dags/main.py
[2026-02-25T01:33:47.152+0000] {processor.py:830} INFO - Processing file /opt/airflow/dags/main.py for tasks to queue
[2026-02-25T01:33:47.155+0000] {logging_mixin.py:188} INFO - [2026-02-25T01:33:47.154+0000] {dagbag.py:545} INFO - Filling up the DagBag from /opt/airflow/dags/main.py
[2026-02-25T01:33:47.171+0000] {logging_mixin.py:188} INFO - [2026-02-25T01:33:47.167+0000] {dagbag.py:355} ERROR - Failed to import: /opt/airflow/dags/main.py
Traceback (most recent call last):
  File "/home/airflow/.local/lib/python3.12/site-packages/airflow/models/dagbag.py", line 351, in parse
    loader.exec_module(new_module)
  File "<frozen importlib._bootstrap_external>", line 995, in exec_module
  File "<frozen importlib._bootstrap>", line 488, in _call_with_frames_removed
  File "/opt/airflow/dags/main.py", line 4, in <module>
    from dags.dataquality.soda import yt_elt_data_quality
ModuleNotFoundError: No module named 'dags'
[2026-02-25T01:33:47.173+0000] {processor.py:842} WARNING - No viable dags retrieved from /opt/airflow/dags/main.py
[2026-02-25T01:33:47.204+0000] {processor.py:183} INFO - Processing /opt/airflow/dags/main.py took 0.060 seconds
[2026-02-25T01:33:47.249+0000] {processor.py:161} INFO - Started process (PID=98) to work on /opt/airflow/dags/main.py
[2026-02-25T01:33:47.250+0000] {processor.py:830} INFO - Processing file /opt/airflow/dags/main.py for tasks to queue
[2026-02-25T01:33:47.253+0000] {logging_mixin.py:188} INFO - [2026-02-25T01:33:47.253+0000] {dagbag.py:545} INFO - Filling up the DagBag from /opt/airflow/dags/main.py
[2026-02-25T01:33:47.269+0000] {logging_mixin.py:188} INFO - [2026-02-25T01:33:47.266+0000] {dagbag.py:355} ERROR - Failed to import: /opt/airflow/dags/main.py
Traceback (most recent call last):
  File "/home/airflow/.local/lib/python3.12/site-packages/airflow/models/dagbag.py", line 351, in parse
    loader.exec_module(new_module)
  File "<frozen importlib._bootstrap_external>", line 995, in exec_module
  File "<frozen importlib._bootstrap>", line 488, in _call_with_frames_removed
  File "/opt/airflow/dags/main.py", line 4, in <module>
    from dags.dataquality.soda import yt_elt_data_quality
ModuleNotFoundError: No module named 'dags'
[2026-02-25T01:33:47.271+0000] {processor.py:842} WARNING - No viable dags retrieved from /opt/airflow/dags/main.py
[2026-02-25T01:33:47.297+0000] {processor.py:183} INFO - Processing /opt/airflow/dags/main.py took 0.056 seconds
[2026-02-25T01:33:47.341+0000] {processor.py:161} INFO - Started process (PID=99) to work on /opt/airflow/dags/main.py
[2026-02-25T01:33:47.342+0000] {processor.py:830} INFO - Processing file /opt/airflow/dags/main.py for tasks to queue
[2026-02-25T01:33:47.344+0000] {logging_mixin.py:188} INFO - [2026-02-25T01:33:47.344+0000] {dagbag.py:545} INFO - Filling up the DagBag from /opt/airflow/dags/main.py
[2026-02-25T01:33:47.361+0000] {logging_mixin.py:188} INFO - [2026-02-25T01:33:47.358+0000] {dagbag.py:355} ERROR - Failed to import: /opt/airflow/dags/main.py
Traceback (most recent call last):
  File "/home/airflow/.local/lib/python3.12/site-packages/airflow/models/dagbag.py", line 351, in parse
    loader.exec_module(new_module)
  File "<frozen importlib._bootstrap_external>", line 995, in exec_module
  File "<frozen importlib._bootstrap>", line 488, in _call_with_frames_removed
  File "/opt/airflow/dags/main.py", line 4, in <module>
    from dags.dataquality.soda import yt_elt_data_quality
ModuleNotFoundError: No module named 'dags'
[2026-02-25T01:33:47.363+0000] {processor.py:842} WARNING - No viable dags retrieved from /opt/airflow/dags/main.py
[2026-02-25T01:33:47.391+0000] {processor.py:183} INFO - Processing /opt/airflow/dags/main.py took 0.056 seconds
[2026-02-25T01:34:44.601+0000] {processor.py:161} INFO - Started process (PID=55) to work on /opt/airflow/dags/main.py
[2026-02-25T01:34:44.602+0000] {processor.py:830} INFO - Processing file /opt/airflow/dags/main.py for tasks to queue
[2026-02-25T01:34:44.607+0000] {logging_mixin.py:188} INFO - [2026-02-25T01:34:44.606+0000] {dagbag.py:545} INFO - Filling up the DagBag from /opt/airflow/dags/main.py
[2026-02-25T01:34:44.627+0000] {logging_mixin.py:188} INFO - [2026-02-25T01:34:44.623+0000] {dagbag.py:355} ERROR - Failed to import: /opt/airflow/dags/main.py
Traceback (most recent call last):
  File "/home/airflow/.local/lib/python3.12/site-packages/airflow/models/dagbag.py", line 351, in parse
    loader.exec_module(new_module)
  File "<frozen importlib._bootstrap_external>", line 995, in exec_module
  File "<frozen importlib._bootstrap>", line 488, in _call_with_frames_removed
  File "/opt/airflow/dags/main.py", line 4, in <module>
    from dags.dataquality.soda import yt_elt_data_quality
ModuleNotFoundError: No module named 'dags'
[2026-02-25T01:34:44.629+0000] {processor.py:842} WARNING - No viable dags retrieved from /opt/airflow/dags/main.py
[2026-02-25T01:34:44.661+0000] {processor.py:183} INFO - Processing /opt/airflow/dags/main.py took 0.070 seconds
[2026-02-25T01:35:15.089+0000] {processor.py:161} INFO - Started process (PID=69) to work on /opt/airflow/dags/main.py
[2026-02-25T01:35:15.090+0000] {processor.py:830} INFO - Processing file /opt/airflow/dags/main.py for tasks to queue
[2026-02-25T01:35:15.092+0000] {logging_mixin.py:188} INFO - [2026-02-25T01:35:15.092+0000] {dagbag.py:545} INFO - Filling up the DagBag from /opt/airflow/dags/main.py
[2026-02-25T01:35:15.108+0000] {logging_mixin.py:188} INFO - [2026-02-25T01:35:15.105+0000] {dagbag.py:355} ERROR - Failed to import: /opt/airflow/dags/main.py
Traceback (most recent call last):
  File "/home/airflow/.local/lib/python3.12/site-packages/airflow/models/dagbag.py", line 351, in parse
    loader.exec_module(new_module)
  File "<frozen importlib._bootstrap_external>", line 995, in exec_module
  File "<frozen importlib._bootstrap>", line 488, in _call_with_frames_removed
  File "/opt/airflow/dags/main.py", line 4, in <module>
    from dags.dataquality.soda import yt_elt_data_quality
ModuleNotFoundError: No module named 'dags'
[2026-02-25T01:35:15.109+0000] {processor.py:842} WARNING - No viable dags retrieved from /opt/airflow/dags/main.py
[2026-02-25T01:35:15.142+0000] {processor.py:183} INFO - Processing /opt/airflow/dags/main.py took 0.059 seconds
[2026-02-25T01:35:45.856+0000] {processor.py:161} INFO - Started process (PID=77) to work on /opt/airflow/dags/main.py
[2026-02-25T01:35:45.858+0000] {processor.py:830} INFO - Processing file /opt/airflow/dags/main.py for tasks to queue
[2026-02-25T01:35:45.859+0000] {logging_mixin.py:188} INFO - [2026-02-25T01:35:45.859+0000] {dagbag.py:545} INFO - Filling up the DagBag from /opt/airflow/dags/main.py
[2026-02-25T01:35:45.873+0000] {logging_mixin.py:188} INFO - [2026-02-25T01:35:45.870+0000] {dagbag.py:355} ERROR - Failed to import: /opt/airflow/dags/main.py
Traceback (most recent call last):
  File "/home/airflow/.local/lib/python3.12/site-packages/airflow/models/dagbag.py", line 351, in parse
    loader.exec_module(new_module)
  File "<frozen importlib._bootstrap_external>", line 995, in exec_module
  File "<frozen importlib._bootstrap>", line 488, in _call_with_frames_removed
  File "/opt/airflow/dags/main.py", line 4, in <module>
    from dags.dataquality.soda import yt_elt_data_quality
ModuleNotFoundError: No module named 'dags'
[2026-02-25T01:35:45.875+0000] {processor.py:842} WARNING - No viable dags retrieved from /opt/airflow/dags/main.py
[2026-02-25T01:35:45.894+0000] {processor.py:183} INFO - Processing /opt/airflow/dags/main.py took 0.045 seconds
[2026-02-25T01:36:16.401+0000] {processor.py:161} INFO - Started process (PID=85) to work on /opt/airflow/dags/main.py
[2026-02-25T01:36:16.402+0000] {processor.py:830} INFO - Processing file /opt/airflow/dags/main.py for tasks to queue
[2026-02-25T01:36:16.403+0000] {logging_mixin.py:188} INFO - [2026-02-25T01:36:16.402+0000] {dagbag.py:545} INFO - Filling up the DagBag from /opt/airflow/dags/main.py
[2026-02-25T01:36:16.415+0000] {logging_mixin.py:188} INFO - [2026-02-25T01:36:16.413+0000] {dagbag.py:355} ERROR - Failed to import: /opt/airflow/dags/main.py
Traceback (most recent call last):
  File "/home/airflow/.local/lib/python3.12/site-packages/airflow/models/dagbag.py", line 351, in parse
    loader.exec_module(new_module)
  File "<frozen importlib._bootstrap_external>", line 995, in exec_module
  File "<frozen importlib._bootstrap>", line 488, in _call_with_frames_removed
  File "/opt/airflow/dags/main.py", line 4, in <module>
    from dags.dataquality.soda import yt_elt_data_quality
ModuleNotFoundError: No module named 'dags'
[2026-02-25T01:36:16.417+0000] {processor.py:842} WARNING - No viable dags retrieved from /opt/airflow/dags/main.py
[2026-02-25T01:36:16.437+0000] {processor.py:183} INFO - Processing /opt/airflow/dags/main.py took 0.042 seconds
[2026-02-25T01:36:47.103+0000] {processor.py:161} INFO - Started process (PID=93) to work on /opt/airflow/dags/main.py
[2026-02-25T01:36:47.104+0000] {processor.py:830} INFO - Processing file /opt/airflow/dags/main.py for tasks to queue
[2026-02-25T01:36:47.106+0000] {logging_mixin.py:188} INFO - [2026-02-25T01:36:47.105+0000] {dagbag.py:545} INFO - Filling up the DagBag from /opt/airflow/dags/main.py
[2026-02-25T01:36:47.121+0000] {logging_mixin.py:188} INFO - [2026-02-25T01:36:47.119+0000] {dagbag.py:355} ERROR - Failed to import: /opt/airflow/dags/main.py
Traceback (most recent call last):
  File "/home/airflow/.local/lib/python3.12/site-packages/airflow/models/dagbag.py", line 351, in parse
    loader.exec_module(new_module)
  File "<frozen importlib._bootstrap_external>", line 995, in exec_module
  File "<frozen importlib._bootstrap>", line 488, in _call_with_frames_removed
  File "/opt/airflow/dags/main.py", line 4, in <module>
    from dags.dataquality.soda import yt_elt_data_quality
ModuleNotFoundError: No module named 'dags'
[2026-02-25T01:36:47.123+0000] {processor.py:842} WARNING - No viable dags retrieved from /opt/airflow/dags/main.py
[2026-02-25T01:36:47.146+0000] {processor.py:183} INFO - Processing /opt/airflow/dags/main.py took 0.054 seconds
[2026-02-25T01:37:17.696+0000] {processor.py:161} INFO - Started process (PID=101) to work on /opt/airflow/dags/main.py
[2026-02-25T01:37:17.698+0000] {processor.py:830} INFO - Processing file /opt/airflow/dags/main.py for tasks to queue
[2026-02-25T01:37:17.699+0000] {logging_mixin.py:188} INFO - [2026-02-25T01:37:17.699+0000] {dagbag.py:545} INFO - Filling up the DagBag from /opt/airflow/dags/main.py
[2026-02-25T01:37:17.722+0000] {logging_mixin.py:188} INFO - [2026-02-25T01:37:17.718+0000] {dagbag.py:355} ERROR - Failed to import: /opt/airflow/dags/main.py
Traceback (most recent call last):
  File "/home/airflow/.local/lib/python3.12/site-packages/airflow/models/dagbag.py", line 351, in parse
    loader.exec_module(new_module)
  File "<frozen importlib._bootstrap_external>", line 995, in exec_module
  File "<frozen importlib._bootstrap>", line 488, in _call_with_frames_removed
  File "/opt/airflow/dags/main.py", line 4, in <module>
    from dags.dataquality.soda import yt_elt_data_quality
ModuleNotFoundError: No module named 'dags'
[2026-02-25T01:37:17.723+0000] {processor.py:842} WARNING - No viable dags retrieved from /opt/airflow/dags/main.py
[2026-02-25T01:37:17.774+0000] {processor.py:183} INFO - Processing /opt/airflow/dags/main.py took 0.086 seconds
[2026-02-25T01:37:48.493+0000] {processor.py:161} INFO - Started process (PID=109) to work on /opt/airflow/dags/main.py
[2026-02-25T01:37:48.494+0000] {processor.py:830} INFO - Processing file /opt/airflow/dags/main.py for tasks to queue
[2026-02-25T01:37:48.495+0000] {logging_mixin.py:188} INFO - [2026-02-25T01:37:48.495+0000] {dagbag.py:545} INFO - Filling up the DagBag from /opt/airflow/dags/main.py
[2026-02-25T01:37:48.509+0000] {logging_mixin.py:188} INFO - [2026-02-25T01:37:48.505+0000] {dagbag.py:355} ERROR - Failed to import: /opt/airflow/dags/main.py
Traceback (most recent call last):
  File "/home/airflow/.local/lib/python3.12/site-packages/airflow/models/dagbag.py", line 351, in parse
    loader.exec_module(new_module)
  File "<frozen importlib._bootstrap_external>", line 995, in exec_module
  File "<frozen importlib._bootstrap>", line 488, in _call_with_frames_removed
  File "/opt/airflow/dags/main.py", line 4, in <module>
    from dags.dataquality.soda import yt_elt_data_quality
ModuleNotFoundError: No module named 'dags'
[2026-02-25T01:37:48.510+0000] {processor.py:842} WARNING - No viable dags retrieved from /opt/airflow/dags/main.py
[2026-02-25T01:37:48.529+0000] {processor.py:183} INFO - Processing /opt/airflow/dags/main.py took 0.040 seconds
[2026-02-25T01:38:19.160+0000] {processor.py:161} INFO - Started process (PID=117) to work on /opt/airflow/dags/main.py
[2026-02-25T01:38:19.162+0000] {processor.py:830} INFO - Processing file /opt/airflow/dags/main.py for tasks to queue
[2026-02-25T01:38:19.164+0000] {logging_mixin.py:188} INFO - [2026-02-25T01:38:19.163+0000] {dagbag.py:545} INFO - Filling up the DagBag from /opt/airflow/dags/main.py
[2026-02-25T01:38:19.186+0000] {logging_mixin.py:188} INFO - [2026-02-25T01:38:19.181+0000] {dagbag.py:355} ERROR - Failed to import: /opt/airflow/dags/main.py
Traceback (most recent call last):
  File "/home/airflow/.local/lib/python3.12/site-packages/airflow/models/dagbag.py", line 351, in parse
    loader.exec_module(new_module)
  File "<frozen importlib._bootstrap_external>", line 995, in exec_module
  File "<frozen importlib._bootstrap>", line 488, in _call_with_frames_removed
  File "/opt/airflow/dags/main.py", line 4, in <module>
    from dags.dataquality.soda import yt_elt_data_quality
ModuleNotFoundError: No module named 'dags'
[2026-02-25T01:38:19.188+0000] {processor.py:842} WARNING - No viable dags retrieved from /opt/airflow/dags/main.py
[2026-02-25T01:38:19.215+0000] {processor.py:183} INFO - Processing /opt/airflow/dags/main.py took 0.063 seconds
[2026-02-25T01:38:49.816+0000] {processor.py:161} INFO - Started process (PID=125) to work on /opt/airflow/dags/main.py
[2026-02-25T01:38:49.817+0000] {processor.py:830} INFO - Processing file /opt/airflow/dags/main.py for tasks to queue
[2026-02-25T01:38:49.818+0000] {logging_mixin.py:188} INFO - [2026-02-25T01:38:49.817+0000] {dagbag.py:545} INFO - Filling up the DagBag from /opt/airflow/dags/main.py
[2026-02-25T01:38:49.833+0000] {logging_mixin.py:188} INFO - [2026-02-25T01:38:49.828+0000] {dagbag.py:355} ERROR - Failed to import: /opt/airflow/dags/main.py
Traceback (most recent call last):
  File "/home/airflow/.local/lib/python3.12/site-packages/airflow/models/dagbag.py", line 351, in parse
    loader.exec_module(new_module)
  File "<frozen importlib._bootstrap_external>", line 995, in exec_module
  File "<frozen importlib._bootstrap>", line 488, in _call_with_frames_removed
  File "/opt/airflow/dags/main.py", line 4, in <module>
    from dags.dataquality.soda import yt_elt_data_quality
ModuleNotFoundError: No module named 'dags'
[2026-02-25T01:38:49.835+0000] {processor.py:842} WARNING - No viable dags retrieved from /opt/airflow/dags/main.py
[2026-02-25T01:38:49.855+0000] {processor.py:183} INFO - Processing /opt/airflow/dags/main.py took 0.045 seconds
[2026-02-25T01:39:20.554+0000] {processor.py:161} INFO - Started process (PID=133) to work on /opt/airflow/dags/main.py
[2026-02-25T01:39:20.555+0000] {processor.py:830} INFO - Processing file /opt/airflow/dags/main.py for tasks to queue
[2026-02-25T01:39:20.556+0000] {logging_mixin.py:188} INFO - [2026-02-25T01:39:20.556+0000] {dagbag.py:545} INFO - Filling up the DagBag from /opt/airflow/dags/main.py
[2026-02-25T01:39:20.576+0000] {logging_mixin.py:188} INFO - [2026-02-25T01:39:20.570+0000] {dagbag.py:355} ERROR - Failed to import: /opt/airflow/dags/main.py
Traceback (most recent call last):
  File "/home/airflow/.local/lib/python3.12/site-packages/airflow/models/dagbag.py", line 351, in parse
    loader.exec_module(new_module)
  File "<frozen importlib._bootstrap_external>", line 995, in exec_module
  File "<frozen importlib._bootstrap>", line 488, in _call_with_frames_removed
  File "/opt/airflow/dags/main.py", line 4, in <module>
    from dags.dataquality.soda import yt_elt_data_quality
ModuleNotFoundError: No module named 'dags'
[2026-02-25T01:39:20.578+0000] {processor.py:842} WARNING - No viable dags retrieved from /opt/airflow/dags/main.py
[2026-02-25T01:39:20.598+0000] {processor.py:183} INFO - Processing /opt/airflow/dags/main.py took 0.049 seconds
[2026-02-25T01:39:51.457+0000] {processor.py:161} INFO - Started process (PID=141) to work on /opt/airflow/dags/main.py
[2026-02-25T01:39:51.458+0000] {processor.py:830} INFO - Processing file /opt/airflow/dags/main.py for tasks to queue
[2026-02-25T01:39:51.459+0000] {logging_mixin.py:188} INFO - [2026-02-25T01:39:51.458+0000] {dagbag.py:545} INFO - Filling up the DagBag from /opt/airflow/dags/main.py
[2026-02-25T01:39:51.471+0000] {logging_mixin.py:188} INFO - [2026-02-25T01:39:51.468+0000] {dagbag.py:355} ERROR - Failed to import: /opt/airflow/dags/main.py
Traceback (most recent call last):
  File "/home/airflow/.local/lib/python3.12/site-packages/airflow/models/dagbag.py", line 351, in parse
    loader.exec_module(new_module)
  File "<frozen importlib._bootstrap_external>", line 995, in exec_module
  File "<frozen importlib._bootstrap>", line 488, in _call_with_frames_removed
  File "/opt/airflow/dags/main.py", line 4, in <module>
    from dags.dataquality.soda import yt_elt_data_quality
ModuleNotFoundError: No module named 'dags'
[2026-02-25T01:39:51.472+0000] {processor.py:842} WARNING - No viable dags retrieved from /opt/airflow/dags/main.py
[2026-02-25T01:39:51.501+0000] {processor.py:183} INFO - Processing /opt/airflow/dags/main.py took 0.050 seconds
[2026-02-25T01:40:22.012+0000] {processor.py:161} INFO - Started process (PID=149) to work on /opt/airflow/dags/main.py
[2026-02-25T01:40:22.014+0000] {processor.py:830} INFO - Processing file /opt/airflow/dags/main.py for tasks to queue
[2026-02-25T01:40:22.015+0000] {logging_mixin.py:188} INFO - [2026-02-25T01:40:22.015+0000] {dagbag.py:545} INFO - Filling up the DagBag from /opt/airflow/dags/main.py
[2026-02-25T01:40:22.033+0000] {logging_mixin.py:188} INFO - [2026-02-25T01:40:22.029+0000] {dagbag.py:355} ERROR - Failed to import: /opt/airflow/dags/main.py
Traceback (most recent call last):
  File "/home/airflow/.local/lib/python3.12/site-packages/airflow/models/dagbag.py", line 351, in parse
    loader.exec_module(new_module)
  File "<frozen importlib._bootstrap_external>", line 995, in exec_module
  File "<frozen importlib._bootstrap>", line 488, in _call_with_frames_removed
  File "/opt/airflow/dags/main.py", line 4, in <module>
    from dags.dataquality.soda import yt_elt_data_quality
ModuleNotFoundError: No module named 'dags'
[2026-02-25T01:40:22.035+0000] {processor.py:842} WARNING - No viable dags retrieved from /opt/airflow/dags/main.py
[2026-02-25T01:40:22.063+0000] {processor.py:183} INFO - Processing /opt/airflow/dags/main.py took 0.059 seconds
[2026-02-25T01:40:52.695+0000] {processor.py:161} INFO - Started process (PID=163) to work on /opt/airflow/dags/main.py
[2026-02-25T01:40:52.696+0000] {processor.py:830} INFO - Processing file /opt/airflow/dags/main.py for tasks to queue
[2026-02-25T01:40:52.697+0000] {logging_mixin.py:188} INFO - [2026-02-25T01:40:52.697+0000] {dagbag.py:545} INFO - Filling up the DagBag from /opt/airflow/dags/main.py
[2026-02-25T01:40:52.714+0000] {logging_mixin.py:188} INFO - [2026-02-25T01:40:52.707+0000] {dagbag.py:355} ERROR - Failed to import: /opt/airflow/dags/main.py
Traceback (most recent call last):
  File "/home/airflow/.local/lib/python3.12/site-packages/airflow/models/dagbag.py", line 351, in parse
    loader.exec_module(new_module)
  File "<frozen importlib._bootstrap_external>", line 995, in exec_module
  File "<frozen importlib._bootstrap>", line 488, in _call_with_frames_removed
  File "/opt/airflow/dags/main.py", line 4, in <module>
    from dags.dataquality.soda import yt_elt_data_quality
ModuleNotFoundError: No module named 'dags'
[2026-02-25T01:40:52.715+0000] {processor.py:842} WARNING - No viable dags retrieved from /opt/airflow/dags/main.py
[2026-02-25T01:40:52.743+0000] {processor.py:183} INFO - Processing /opt/airflow/dags/main.py took 0.055 seconds
[2026-02-25T01:41:23.339+0000] {processor.py:161} INFO - Started process (PID=171) to work on /opt/airflow/dags/main.py
[2026-02-25T01:41:23.340+0000] {processor.py:830} INFO - Processing file /opt/airflow/dags/main.py for tasks to queue
[2026-02-25T01:41:23.341+0000] {logging_mixin.py:188} INFO - [2026-02-25T01:41:23.341+0000] {dagbag.py:545} INFO - Filling up the DagBag from /opt/airflow/dags/main.py
[2026-02-25T01:41:23.354+0000] {logging_mixin.py:188} INFO - [2026-02-25T01:41:23.351+0000] {dagbag.py:355} ERROR - Failed to import: /opt/airflow/dags/main.py
Traceback (most recent call last):
  File "/home/airflow/.local/lib/python3.12/site-packages/airflow/models/dagbag.py", line 351, in parse
    loader.exec_module(new_module)
  File "<frozen importlib._bootstrap_external>", line 995, in exec_module
  File "<frozen importlib._bootstrap>", line 488, in _call_with_frames_removed
  File "/opt/airflow/dags/main.py", line 4, in <module>
    from dags.dataquality.soda import yt_elt_data_quality
ModuleNotFoundError: No module named 'dags'
[2026-02-25T01:41:23.355+0000] {processor.py:842} WARNING - No viable dags retrieved from /opt/airflow/dags/main.py
[2026-02-25T01:41:23.387+0000] {processor.py:183} INFO - Processing /opt/airflow/dags/main.py took 0.055 seconds
[2026-02-25T01:41:54.059+0000] {processor.py:161} INFO - Started process (PID=179) to work on /opt/airflow/dags/main.py
[2026-02-25T01:41:54.060+0000] {processor.py:830} INFO - Processing file /opt/airflow/dags/main.py for tasks to queue
[2026-02-25T01:41:54.061+0000] {logging_mixin.py:188} INFO - [2026-02-25T01:41:54.060+0000] {dagbag.py:545} INFO - Filling up the DagBag from /opt/airflow/dags/main.py
[2026-02-25T01:41:54.076+0000] {logging_mixin.py:188} INFO - [2026-02-25T01:41:54.073+0000] {dagbag.py:355} ERROR - Failed to import: /opt/airflow/dags/main.py
Traceback (most recent call last):
  File "/home/airflow/.local/lib/python3.12/site-packages/airflow/models/dagbag.py", line 351, in parse
    loader.exec_module(new_module)
  File "<frozen importlib._bootstrap_external>", line 995, in exec_module
  File "<frozen importlib._bootstrap>", line 488, in _call_with_frames_removed
  File "/opt/airflow/dags/main.py", line 4, in <module>
    from dags.dataquality.soda import yt_elt_data_quality
ModuleNotFoundError: No module named 'dags'
[2026-02-25T01:41:54.078+0000] {processor.py:842} WARNING - No viable dags retrieved from /opt/airflow/dags/main.py
[2026-02-25T01:41:54.106+0000] {processor.py:183} INFO - Processing /opt/airflow/dags/main.py took 0.052 seconds
[2026-02-25T01:42:24.660+0000] {processor.py:161} INFO - Started process (PID=187) to work on /opt/airflow/dags/main.py
[2026-02-25T01:42:24.661+0000] {processor.py:830} INFO - Processing file /opt/airflow/dags/main.py for tasks to queue
[2026-02-25T01:42:24.662+0000] {logging_mixin.py:188} INFO - [2026-02-25T01:42:24.662+0000] {dagbag.py:545} INFO - Filling up the DagBag from /opt/airflow/dags/main.py
[2026-02-25T01:42:24.675+0000] {logging_mixin.py:188} INFO - [2026-02-25T01:42:24.672+0000] {dagbag.py:355} ERROR - Failed to import: /opt/airflow/dags/main.py
Traceback (most recent call last):
  File "/home/airflow/.local/lib/python3.12/site-packages/airflow/models/dagbag.py", line 351, in parse
    loader.exec_module(new_module)
  File "<frozen importlib._bootstrap_external>", line 995, in exec_module
  File "<frozen importlib._bootstrap>", line 488, in _call_with_frames_removed
  File "/opt/airflow/dags/main.py", line 4, in <module>
    from dags.dataquality.soda import yt_elt_data_quality
ModuleNotFoundError: No module named 'dags'
[2026-02-25T01:42:24.677+0000] {processor.py:842} WARNING - No viable dags retrieved from /opt/airflow/dags/main.py
[2026-02-25T01:42:24.695+0000] {processor.py:183} INFO - Processing /opt/airflow/dags/main.py took 0.041 seconds
[2026-02-25T01:42:55.359+0000] {processor.py:161} INFO - Started process (PID=195) to work on /opt/airflow/dags/main.py
[2026-02-25T01:42:55.361+0000] {processor.py:830} INFO - Processing file /opt/airflow/dags/main.py for tasks to queue
[2026-02-25T01:42:55.362+0000] {logging_mixin.py:188} INFO - [2026-02-25T01:42:55.361+0000] {dagbag.py:545} INFO - Filling up the DagBag from /opt/airflow/dags/main.py
[2026-02-25T01:42:55.376+0000] {logging_mixin.py:188} INFO - [2026-02-25T01:42:55.372+0000] {dagbag.py:355} ERROR - Failed to import: /opt/airflow/dags/main.py
Traceback (most recent call last):
  File "/home/airflow/.local/lib/python3.12/site-packages/airflow/models/dagbag.py", line 351, in parse
    loader.exec_module(new_module)
  File "<frozen importlib._bootstrap_external>", line 995, in exec_module
  File "<frozen importlib._bootstrap>", line 488, in _call_with_frames_removed
  File "/opt/airflow/dags/main.py", line 4, in <module>
    from dags.dataquality.soda import yt_elt_data_quality
ModuleNotFoundError: No module named 'dags'
[2026-02-25T01:42:55.378+0000] {processor.py:842} WARNING - No viable dags retrieved from /opt/airflow/dags/main.py
[2026-02-25T01:42:55.396+0000] {processor.py:183} INFO - Processing /opt/airflow/dags/main.py took 0.044 seconds
[2026-02-25T01:43:41.582+0000] {processor.py:161} INFO - Started process (PID=203) to work on /opt/airflow/dags/main.py
[2026-02-25T01:43:41.584+0000] {processor.py:830} INFO - Processing file /opt/airflow/dags/main.py for tasks to queue
[2026-02-25T01:43:40.398+0000] {logging_mixin.py:188} INFO - [2026-02-25T01:43:40.397+0000] {dagbag.py:545} INFO - Filling up the DagBag from /opt/airflow/dags/main.py
[2026-02-25T01:43:40.436+0000] {logging_mixin.py:188} INFO - [2026-02-25T01:43:40.423+0000] {dagbag.py:355} ERROR - Failed to import: /opt/airflow/dags/main.py
Traceback (most recent call last):
  File "/home/airflow/.local/lib/python3.12/site-packages/airflow/models/dagbag.py", line 351, in parse
    loader.exec_module(new_module)
  File "<frozen importlib._bootstrap_external>", line 995, in exec_module
  File "<frozen importlib._bootstrap>", line 488, in _call_with_frames_removed
  File "/opt/airflow/dags/main.py", line 4, in <module>
    from dags.dataquality.soda import yt_elt_data_quality
ModuleNotFoundError: No module named 'dags'
[2026-02-25T01:43:40.439+0000] {processor.py:842} WARNING - No viable dags retrieved from /opt/airflow/dags/main.py
[2026-02-25T01:43:40.477+0000] {processor.py:183} INFO - Processing /opt/airflow/dags/main.py took 0.096 seconds
[2026-02-25T01:44:10.797+0000] {processor.py:161} INFO - Started process (PID=212) to work on /opt/airflow/dags/main.py
[2026-02-25T01:44:10.798+0000] {processor.py:830} INFO - Processing file /opt/airflow/dags/main.py for tasks to queue
[2026-02-25T01:44:10.799+0000] {logging_mixin.py:188} INFO - [2026-02-25T01:44:10.799+0000] {dagbag.py:545} INFO - Filling up the DagBag from /opt/airflow/dags/main.py
[2026-02-25T01:44:10.811+0000] {logging_mixin.py:188} INFO - [2026-02-25T01:44:10.808+0000] {dagbag.py:355} ERROR - Failed to import: /opt/airflow/dags/main.py
Traceback (most recent call last):
  File "/home/airflow/.local/lib/python3.12/site-packages/airflow/models/dagbag.py", line 351, in parse
    loader.exec_module(new_module)
  File "<frozen importlib._bootstrap_external>", line 995, in exec_module
  File "<frozen importlib._bootstrap>", line 488, in _call_with_frames_removed
  File "/opt/airflow/dags/main.py", line 4, in <module>
    from dags.dataquality.soda import yt_elt_data_quality
ModuleNotFoundError: No module named 'dags'
[2026-02-25T01:44:10.812+0000] {processor.py:842} WARNING - No viable dags retrieved from /opt/airflow/dags/main.py
[2026-02-25T01:44:10.842+0000] {processor.py:183} INFO - Processing /opt/airflow/dags/main.py took 0.050 seconds
[2026-02-25T01:44:41.435+0000] {processor.py:161} INFO - Started process (PID=220) to work on /opt/airflow/dags/main.py
[2026-02-25T01:44:41.437+0000] {processor.py:830} INFO - Processing file /opt/airflow/dags/main.py for tasks to queue
[2026-02-25T01:44:41.439+0000] {logging_mixin.py:188} INFO - [2026-02-25T01:44:41.438+0000] {dagbag.py:545} INFO - Filling up the DagBag from /opt/airflow/dags/main.py
[2026-02-25T01:44:41.456+0000] {logging_mixin.py:188} INFO - [2026-02-25T01:44:41.453+0000] {dagbag.py:355} ERROR - Failed to import: /opt/airflow/dags/main.py
Traceback (most recent call last):
  File "/home/airflow/.local/lib/python3.12/site-packages/airflow/models/dagbag.py", line 351, in parse
    loader.exec_module(new_module)
  File "<frozen importlib._bootstrap_external>", line 995, in exec_module
  File "<frozen importlib._bootstrap>", line 488, in _call_with_frames_removed
  File "/opt/airflow/dags/main.py", line 4, in <module>
    from dags.dataquality.soda import yt_elt_data_quality
ModuleNotFoundError: No module named 'dags'
[2026-02-25T01:44:41.457+0000] {processor.py:842} WARNING - No viable dags retrieved from /opt/airflow/dags/main.py
[2026-02-25T01:44:41.478+0000] {processor.py:183} INFO - Processing /opt/airflow/dags/main.py took 0.052 seconds
[2026-02-25T01:45:11.577+0000] {processor.py:161} INFO - Started process (PID=228) to work on /opt/airflow/dags/main.py
[2026-02-25T01:45:11.579+0000] {processor.py:830} INFO - Processing file /opt/airflow/dags/main.py for tasks to queue
[2026-02-25T01:45:11.580+0000] {logging_mixin.py:188} INFO - [2026-02-25T01:45:11.579+0000] {dagbag.py:545} INFO - Filling up the DagBag from /opt/airflow/dags/main.py
[2026-02-25T01:45:11.598+0000] {logging_mixin.py:188} INFO - [2026-02-25T01:45:11.594+0000] {dagbag.py:355} ERROR - Failed to import: /opt/airflow/dags/main.py
Traceback (most recent call last):
  File "/home/airflow/.local/lib/python3.12/site-packages/airflow/models/dagbag.py", line 351, in parse
    loader.exec_module(new_module)
  File "<frozen importlib._bootstrap_external>", line 995, in exec_module
  File "<frozen importlib._bootstrap>", line 488, in _call_with_frames_removed
  File "/opt/airflow/dags/main.py", line 4, in <module>
    from dags.dataquality.soda import yt_elt_data_quality
ModuleNotFoundError: No module named 'dags'
[2026-02-25T01:45:11.599+0000] {processor.py:842} WARNING - No viable dags retrieved from /opt/airflow/dags/main.py
[2026-02-25T01:45:11.619+0000] {processor.py:183} INFO - Processing /opt/airflow/dags/main.py took 0.049 seconds
[2026-02-25T01:45:42.428+0000] {processor.py:161} INFO - Started process (PID=236) to work on /opt/airflow/dags/main.py
[2026-02-25T01:45:42.429+0000] {processor.py:830} INFO - Processing file /opt/airflow/dags/main.py for tasks to queue
[2026-02-25T01:45:42.430+0000] {logging_mixin.py:188} INFO - [2026-02-25T01:45:42.430+0000] {dagbag.py:545} INFO - Filling up the DagBag from /opt/airflow/dags/main.py
[2026-02-25T01:45:42.443+0000] {logging_mixin.py:188} INFO - [2026-02-25T01:45:42.439+0000] {dagbag.py:355} ERROR - Failed to import: /opt/airflow/dags/main.py
Traceback (most recent call last):
  File "/home/airflow/.local/lib/python3.12/site-packages/airflow/models/dagbag.py", line 351, in parse
    loader.exec_module(new_module)
  File "<frozen importlib._bootstrap_external>", line 995, in exec_module
  File "<frozen importlib._bootstrap>", line 488, in _call_with_frames_removed
  File "/opt/airflow/dags/main.py", line 4, in <module>
    from dags.dataquality.soda import yt_elt_data_quality
ModuleNotFoundError: No module named 'dags'
[2026-02-25T01:45:42.444+0000] {processor.py:842} WARNING - No viable dags retrieved from /opt/airflow/dags/main.py
[2026-02-25T01:45:42.470+0000] {processor.py:183} INFO - Processing /opt/airflow/dags/main.py took 0.047 seconds
[2026-02-25T01:46:13.174+0000] {processor.py:161} INFO - Started process (PID=244) to work on /opt/airflow/dags/main.py
[2026-02-25T01:46:13.175+0000] {processor.py:830} INFO - Processing file /opt/airflow/dags/main.py for tasks to queue
[2026-02-25T01:46:13.176+0000] {logging_mixin.py:188} INFO - [2026-02-25T01:46:13.176+0000] {dagbag.py:545} INFO - Filling up the DagBag from /opt/airflow/dags/main.py
[2026-02-25T01:46:13.192+0000] {logging_mixin.py:188} INFO - [2026-02-25T01:46:13.188+0000] {dagbag.py:355} ERROR - Failed to import: /opt/airflow/dags/main.py
Traceback (most recent call last):
  File "/home/airflow/.local/lib/python3.12/site-packages/airflow/models/dagbag.py", line 351, in parse
    loader.exec_module(new_module)
  File "<frozen importlib._bootstrap_external>", line 995, in exec_module
  File "<frozen importlib._bootstrap>", line 488, in _call_with_frames_removed
  File "/opt/airflow/dags/main.py", line 4, in <module>
    from dags.dataquality.soda import yt_elt_data_quality
ModuleNotFoundError: No module named 'dags'
[2026-02-25T01:46:13.195+0000] {processor.py:842} WARNING - No viable dags retrieved from /opt/airflow/dags/main.py
[2026-02-25T01:46:13.227+0000] {processor.py:183} INFO - Processing /opt/airflow/dags/main.py took 0.059 seconds
[2026-02-25T01:46:43.949+0000] {processor.py:161} INFO - Started process (PID=252) to work on /opt/airflow/dags/main.py
[2026-02-25T01:46:43.950+0000] {processor.py:830} INFO - Processing file /opt/airflow/dags/main.py for tasks to queue
[2026-02-25T01:46:43.951+0000] {logging_mixin.py:188} INFO - [2026-02-25T01:46:43.950+0000] {dagbag.py:545} INFO - Filling up the DagBag from /opt/airflow/dags/main.py
[2026-02-25T01:46:43.964+0000] {logging_mixin.py:188} INFO - [2026-02-25T01:46:43.961+0000] {dagbag.py:355} ERROR - Failed to import: /opt/airflow/dags/main.py
Traceback (most recent call last):
  File "/home/airflow/.local/lib/python3.12/site-packages/airflow/models/dagbag.py", line 351, in parse
    loader.exec_module(new_module)
  File "<frozen importlib._bootstrap_external>", line 995, in exec_module
  File "<frozen importlib._bootstrap>", line 488, in _call_with_frames_removed
  File "/opt/airflow/dags/main.py", line 4, in <module>
    from dags.dataquality.soda import yt_elt_data_quality
ModuleNotFoundError: No module named 'dags'
[2026-02-25T01:46:43.965+0000] {processor.py:842} WARNING - No viable dags retrieved from /opt/airflow/dags/main.py
[2026-02-25T01:46:43.995+0000] {processor.py:183} INFO - Processing /opt/airflow/dags/main.py took 0.052 seconds
[2026-02-25T01:47:14.702+0000] {processor.py:161} INFO - Started process (PID=260) to work on /opt/airflow/dags/main.py
[2026-02-25T01:47:14.703+0000] {processor.py:830} INFO - Processing file /opt/airflow/dags/main.py for tasks to queue
[2026-02-25T01:47:14.704+0000] {logging_mixin.py:188} INFO - [2026-02-25T01:47:14.704+0000] {dagbag.py:545} INFO - Filling up the DagBag from /opt/airflow/dags/main.py
[2026-02-25T01:47:14.716+0000] {logging_mixin.py:188} INFO - [2026-02-25T01:47:14.714+0000] {dagbag.py:355} ERROR - Failed to import: /opt/airflow/dags/main.py
Traceback (most recent call last):
  File "/home/airflow/.local/lib/python3.12/site-packages/airflow/models/dagbag.py", line 351, in parse
    loader.exec_module(new_module)
  File "<frozen importlib._bootstrap_external>", line 995, in exec_module
  File "<frozen importlib._bootstrap>", line 488, in _call_with_frames_removed
  File "/opt/airflow/dags/main.py", line 4, in <module>
    from dags.dataquality.soda import yt_elt_data_quality
ModuleNotFoundError: No module named 'dags'
[2026-02-25T01:47:14.717+0000] {processor.py:842} WARNING - No viable dags retrieved from /opt/airflow/dags/main.py
[2026-02-25T01:47:14.746+0000] {processor.py:183} INFO - Processing /opt/airflow/dags/main.py took 0.049 seconds
[2026-02-25T01:47:45.407+0000] {processor.py:161} INFO - Started process (PID=268) to work on /opt/airflow/dags/main.py
[2026-02-25T01:47:45.409+0000] {processor.py:830} INFO - Processing file /opt/airflow/dags/main.py for tasks to queue
[2026-02-25T01:47:45.410+0000] {logging_mixin.py:188} INFO - [2026-02-25T01:47:45.410+0000] {dagbag.py:545} INFO - Filling up the DagBag from /opt/airflow/dags/main.py
[2026-02-25T01:47:45.426+0000] {logging_mixin.py:188} INFO - [2026-02-25T01:47:45.422+0000] {dagbag.py:355} ERROR - Failed to import: /opt/airflow/dags/main.py
Traceback (most recent call last):
  File "/home/airflow/.local/lib/python3.12/site-packages/airflow/models/dagbag.py", line 351, in parse
    loader.exec_module(new_module)
  File "<frozen importlib._bootstrap_external>", line 995, in exec_module
  File "<frozen importlib._bootstrap>", line 488, in _call_with_frames_removed
  File "/opt/airflow/dags/main.py", line 4, in <module>
    from dags.dataquality.soda import yt_elt_data_quality
ModuleNotFoundError: No module named 'dags'
[2026-02-25T01:47:45.428+0000] {processor.py:842} WARNING - No viable dags retrieved from /opt/airflow/dags/main.py
[2026-02-25T01:47:45.456+0000] {processor.py:183} INFO - Processing /opt/airflow/dags/main.py took 0.056 seconds
[2026-02-25T01:48:16.386+0000] {processor.py:161} INFO - Started process (PID=276) to work on /opt/airflow/dags/main.py
[2026-02-25T01:48:16.387+0000] {processor.py:830} INFO - Processing file /opt/airflow/dags/main.py for tasks to queue
[2026-02-25T01:48:16.388+0000] {logging_mixin.py:188} INFO - [2026-02-25T01:48:16.387+0000] {dagbag.py:545} INFO - Filling up the DagBag from /opt/airflow/dags/main.py
[2026-02-25T01:48:16.402+0000] {logging_mixin.py:188} INFO - [2026-02-25T01:48:16.398+0000] {dagbag.py:355} ERROR - Failed to import: /opt/airflow/dags/main.py
Traceback (most recent call last):
  File "/home/airflow/.local/lib/python3.12/site-packages/airflow/models/dagbag.py", line 351, in parse
    loader.exec_module(new_module)
  File "<frozen importlib._bootstrap_external>", line 995, in exec_module
  File "<frozen importlib._bootstrap>", line 488, in _call_with_frames_removed
  File "/opt/airflow/dags/main.py", line 4, in <module>
    from dags.dataquality.soda import yt_elt_data_quality
ModuleNotFoundError: No module named 'dags'
[2026-02-25T01:48:16.404+0000] {processor.py:842} WARNING - No viable dags retrieved from /opt/airflow/dags/main.py
[2026-02-25T01:48:16.423+0000] {processor.py:183} INFO - Processing /opt/airflow/dags/main.py took 0.042 seconds
[2026-02-25T01:48:47.118+0000] {processor.py:161} INFO - Started process (PID=284) to work on /opt/airflow/dags/main.py
[2026-02-25T01:48:47.119+0000] {processor.py:830} INFO - Processing file /opt/airflow/dags/main.py for tasks to queue
[2026-02-25T01:48:47.120+0000] {logging_mixin.py:188} INFO - [2026-02-25T01:48:47.119+0000] {dagbag.py:545} INFO - Filling up the DagBag from /opt/airflow/dags/main.py
[2026-02-25T01:48:47.138+0000] {logging_mixin.py:188} INFO - [2026-02-25T01:48:47.132+0000] {dagbag.py:355} ERROR - Failed to import: /opt/airflow/dags/main.py
Traceback (most recent call last):
  File "/home/airflow/.local/lib/python3.12/site-packages/airflow/models/dagbag.py", line 351, in parse
    loader.exec_module(new_module)
  File "<frozen importlib._bootstrap_external>", line 995, in exec_module
  File "<frozen importlib._bootstrap>", line 488, in _call_with_frames_removed
  File "/opt/airflow/dags/main.py", line 4, in <module>
    from dags.dataquality.soda import yt_elt_data_quality
ModuleNotFoundError: No module named 'dags'
[2026-02-25T01:48:47.139+0000] {processor.py:842} WARNING - No viable dags retrieved from /opt/airflow/dags/main.py
[2026-02-25T01:48:47.159+0000] {processor.py:183} INFO - Processing /opt/airflow/dags/main.py took 0.047 seconds
[2026-02-25T01:49:17.797+0000] {processor.py:161} INFO - Started process (PID=293) to work on /opt/airflow/dags/main.py
[2026-02-25T01:49:17.798+0000] {processor.py:830} INFO - Processing file /opt/airflow/dags/main.py for tasks to queue
[2026-02-25T01:49:17.799+0000] {logging_mixin.py:188} INFO - [2026-02-25T01:49:17.799+0000] {dagbag.py:545} INFO - Filling up the DagBag from /opt/airflow/dags/main.py
[2026-02-25T01:49:17.812+0000] {logging_mixin.py:188} INFO - [2026-02-25T01:49:17.809+0000] {dagbag.py:355} ERROR - Failed to import: /opt/airflow/dags/main.py
Traceback (most recent call last):
  File "/home/airflow/.local/lib/python3.12/site-packages/airflow/models/dagbag.py", line 351, in parse
    loader.exec_module(new_module)
  File "<frozen importlib._bootstrap_external>", line 995, in exec_module
  File "<frozen importlib._bootstrap>", line 488, in _call_with_frames_removed
  File "/opt/airflow/dags/main.py", line 4, in <module>
    from dags.dataquality.soda import yt_elt_data_quality
ModuleNotFoundError: No module named 'dags'
[2026-02-25T01:49:17.813+0000] {processor.py:842} WARNING - No viable dags retrieved from /opt/airflow/dags/main.py
[2026-02-25T01:49:17.832+0000] {processor.py:183} INFO - Processing /opt/airflow/dags/main.py took 0.040 seconds
[2026-02-25T01:49:48.698+0000] {processor.py:161} INFO - Started process (PID=307) to work on /opt/airflow/dags/main.py
[2026-02-25T01:49:48.699+0000] {processor.py:830} INFO - Processing file /opt/airflow/dags/main.py for tasks to queue
[2026-02-25T01:49:48.700+0000] {logging_mixin.py:188} INFO - [2026-02-25T01:49:48.700+0000] {dagbag.py:545} INFO - Filling up the DagBag from /opt/airflow/dags/main.py
[2026-02-25T01:49:48.713+0000] {logging_mixin.py:188} INFO - [2026-02-25T01:49:48.711+0000] {dagbag.py:355} ERROR - Failed to import: /opt/airflow/dags/main.py
Traceback (most recent call last):
  File "/home/airflow/.local/lib/python3.12/site-packages/airflow/models/dagbag.py", line 351, in parse
    loader.exec_module(new_module)
  File "<frozen importlib._bootstrap_external>", line 995, in exec_module
  File "<frozen importlib._bootstrap>", line 488, in _call_with_frames_removed
  File "/opt/airflow/dags/main.py", line 4, in <module>
    from dags.dataquality.soda import yt_elt_data_quality
ModuleNotFoundError: No module named 'dags'
[2026-02-25T01:49:48.715+0000] {processor.py:842} WARNING - No viable dags retrieved from /opt/airflow/dags/main.py
[2026-02-25T01:49:48.745+0000] {processor.py:183} INFO - Processing /opt/airflow/dags/main.py took 0.053 seconds
[2026-02-25T01:50:19.466+0000] {processor.py:161} INFO - Started process (PID=315) to work on /opt/airflow/dags/main.py
[2026-02-25T01:50:19.467+0000] {processor.py:830} INFO - Processing file /opt/airflow/dags/main.py for tasks to queue
[2026-02-25T01:50:19.469+0000] {logging_mixin.py:188} INFO - [2026-02-25T01:50:19.468+0000] {dagbag.py:545} INFO - Filling up the DagBag from /opt/airflow/dags/main.py
[2026-02-25T01:50:19.486+0000] {logging_mixin.py:188} INFO - [2026-02-25T01:50:19.481+0000] {dagbag.py:355} ERROR - Failed to import: /opt/airflow/dags/main.py
Traceback (most recent call last):
  File "/home/airflow/.local/lib/python3.12/site-packages/airflow/models/dagbag.py", line 351, in parse
    loader.exec_module(new_module)
  File "<frozen importlib._bootstrap_external>", line 995, in exec_module
  File "<frozen importlib._bootstrap>", line 488, in _call_with_frames_removed
  File "/opt/airflow/dags/main.py", line 4, in <module>
    from dags.dataquality.soda import yt_elt_data_quality
ModuleNotFoundError: No module named 'dags'
[2026-02-25T01:50:19.489+0000] {processor.py:842} WARNING - No viable dags retrieved from /opt/airflow/dags/main.py
[2026-02-25T01:50:19.512+0000] {processor.py:183} INFO - Processing /opt/airflow/dags/main.py took 0.053 seconds
[2026-02-25T01:50:50.208+0000] {processor.py:161} INFO - Started process (PID=323) to work on /opt/airflow/dags/main.py
[2026-02-25T01:50:50.210+0000] {processor.py:830} INFO - Processing file /opt/airflow/dags/main.py for tasks to queue
[2026-02-25T01:50:50.212+0000] {logging_mixin.py:188} INFO - [2026-02-25T01:50:50.211+0000] {dagbag.py:545} INFO - Filling up the DagBag from /opt/airflow/dags/main.py
[2026-02-25T01:50:50.232+0000] {logging_mixin.py:188} INFO - [2026-02-25T01:50:50.228+0000] {dagbag.py:355} ERROR - Failed to import: /opt/airflow/dags/main.py
Traceback (most recent call last):
  File "/home/airflow/.local/lib/python3.12/site-packages/airflow/models/dagbag.py", line 351, in parse
    loader.exec_module(new_module)
  File "<frozen importlib._bootstrap_external>", line 995, in exec_module
  File "<frozen importlib._bootstrap>", line 488, in _call_with_frames_removed
  File "/opt/airflow/dags/main.py", line 4, in <module>
    from dags.dataquality.soda import yt_elt_data_quality
ModuleNotFoundError: No module named 'dags'
[2026-02-25T01:50:50.234+0000] {processor.py:842} WARNING - No viable dags retrieved from /opt/airflow/dags/main.py
[2026-02-25T01:50:50.269+0000] {processor.py:183} INFO - Processing /opt/airflow/dags/main.py took 0.068 seconds
[2026-02-25T01:51:20.876+0000] {processor.py:161} INFO - Started process (PID=331) to work on /opt/airflow/dags/main.py
[2026-02-25T01:51:20.877+0000] {processor.py:830} INFO - Processing file /opt/airflow/dags/main.py for tasks to queue
[2026-02-25T01:51:20.878+0000] {logging_mixin.py:188} INFO - [2026-02-25T01:51:20.878+0000] {dagbag.py:545} INFO - Filling up the DagBag from /opt/airflow/dags/main.py
[2026-02-25T01:51:20.891+0000] {logging_mixin.py:188} INFO - [2026-02-25T01:51:20.888+0000] {dagbag.py:355} ERROR - Failed to import: /opt/airflow/dags/main.py
Traceback (most recent call last):
  File "/home/airflow/.local/lib/python3.12/site-packages/airflow/models/dagbag.py", line 351, in parse
    loader.exec_module(new_module)
  File "<frozen importlib._bootstrap_external>", line 995, in exec_module
  File "<frozen importlib._bootstrap>", line 488, in _call_with_frames_removed
  File "/opt/airflow/dags/main.py", line 4, in <module>
    from dags.dataquality.soda import yt_elt_data_quality
ModuleNotFoundError: No module named 'dags'
[2026-02-25T01:51:20.893+0000] {processor.py:842} WARNING - No viable dags retrieved from /opt/airflow/dags/main.py
[2026-02-25T01:51:20.912+0000] {processor.py:183} INFO - Processing /opt/airflow/dags/main.py took 0.042 seconds
[2026-02-25T01:51:51.605+0000] {processor.py:161} INFO - Started process (PID=339) to work on /opt/airflow/dags/main.py
[2026-02-25T01:51:51.606+0000] {processor.py:830} INFO - Processing file /opt/airflow/dags/main.py for tasks to queue
[2026-02-25T01:51:51.607+0000] {logging_mixin.py:188} INFO - [2026-02-25T01:51:51.607+0000] {dagbag.py:545} INFO - Filling up the DagBag from /opt/airflow/dags/main.py
[2026-02-25T01:51:51.619+0000] {logging_mixin.py:188} INFO - [2026-02-25T01:51:51.616+0000] {dagbag.py:355} ERROR - Failed to import: /opt/airflow/dags/main.py
Traceback (most recent call last):
  File "/home/airflow/.local/lib/python3.12/site-packages/airflow/models/dagbag.py", line 351, in parse
    loader.exec_module(new_module)
  File "<frozen importlib._bootstrap_external>", line 995, in exec_module
  File "<frozen importlib._bootstrap>", line 488, in _call_with_frames_removed
  File "/opt/airflow/dags/main.py", line 4, in <module>
    from dags.dataquality.soda import yt_elt_data_quality
ModuleNotFoundError: No module named 'dags'
[2026-02-25T01:51:51.620+0000] {processor.py:842} WARNING - No viable dags retrieved from /opt/airflow/dags/main.py
[2026-02-25T01:51:51.640+0000] {processor.py:183} INFO - Processing /opt/airflow/dags/main.py took 0.041 seconds
[2026-02-25T01:52:22.251+0000] {processor.py:161} INFO - Started process (PID=348) to work on /opt/airflow/dags/main.py
[2026-02-25T01:52:22.252+0000] {processor.py:830} INFO - Processing file /opt/airflow/dags/main.py for tasks to queue
[2026-02-25T01:52:22.253+0000] {logging_mixin.py:188} INFO - [2026-02-25T01:52:22.253+0000] {dagbag.py:545} INFO - Filling up the DagBag from /opt/airflow/dags/main.py
[2026-02-25T01:52:22.269+0000] {logging_mixin.py:188} INFO - [2026-02-25T01:52:22.266+0000] {dagbag.py:355} ERROR - Failed to import: /opt/airflow/dags/main.py
Traceback (most recent call last):
  File "/home/airflow/.local/lib/python3.12/site-packages/airflow/models/dagbag.py", line 351, in parse
    loader.exec_module(new_module)
  File "<frozen importlib._bootstrap_external>", line 995, in exec_module
  File "<frozen importlib._bootstrap>", line 488, in _call_with_frames_removed
  File "/opt/airflow/dags/main.py", line 4, in <module>
    from dags.dataquality.soda import yt_elt_data_quality
ModuleNotFoundError: No module named 'dags'
[2026-02-25T01:52:22.271+0000] {processor.py:842} WARNING - No viable dags retrieved from /opt/airflow/dags/main.py
[2026-02-25T01:52:22.293+0000] {processor.py:183} INFO - Processing /opt/airflow/dags/main.py took 0.048 seconds
[2026-02-25T01:52:52.973+0000] {processor.py:161} INFO - Started process (PID=356) to work on /opt/airflow/dags/main.py
[2026-02-25T01:52:52.975+0000] {processor.py:830} INFO - Processing file /opt/airflow/dags/main.py for tasks to queue
[2026-02-25T01:52:52.976+0000] {logging_mixin.py:188} INFO - [2026-02-25T01:52:52.976+0000] {dagbag.py:545} INFO - Filling up the DagBag from /opt/airflow/dags/main.py
[2026-02-25T01:52:52.991+0000] {logging_mixin.py:188} INFO - [2026-02-25T01:52:52.987+0000] {dagbag.py:355} ERROR - Failed to import: /opt/airflow/dags/main.py
Traceback (most recent call last):
  File "/home/airflow/.local/lib/python3.12/site-packages/airflow/models/dagbag.py", line 351, in parse
    loader.exec_module(new_module)
  File "<frozen importlib._bootstrap_external>", line 995, in exec_module
  File "<frozen importlib._bootstrap>", line 488, in _call_with_frames_removed
  File "/opt/airflow/dags/main.py", line 4, in <module>
    from dags.dataquality.soda import yt_elt_data_quality
ModuleNotFoundError: No module named 'dags'
[2026-02-25T01:52:52.993+0000] {processor.py:842} WARNING - No viable dags retrieved from /opt/airflow/dags/main.py
[2026-02-25T01:52:53.016+0000] {processor.py:183} INFO - Processing /opt/airflow/dags/main.py took 0.051 seconds
[2026-02-25T01:53:23.605+0000] {processor.py:161} INFO - Started process (PID=364) to work on /opt/airflow/dags/main.py
[2026-02-25T01:53:23.606+0000] {processor.py:830} INFO - Processing file /opt/airflow/dags/main.py for tasks to queue
[2026-02-25T01:53:23.607+0000] {logging_mixin.py:188} INFO - [2026-02-25T01:53:23.606+0000] {dagbag.py:545} INFO - Filling up the DagBag from /opt/airflow/dags/main.py
[2026-02-25T01:53:23.620+0000] {logging_mixin.py:188} INFO - [2026-02-25T01:53:23.617+0000] {dagbag.py:355} ERROR - Failed to import: /opt/airflow/dags/main.py
Traceback (most recent call last):
  File "/home/airflow/.local/lib/python3.12/site-packages/airflow/models/dagbag.py", line 351, in parse
    loader.exec_module(new_module)
  File "<frozen importlib._bootstrap_external>", line 995, in exec_module
  File "<frozen importlib._bootstrap>", line 488, in _call_with_frames_removed
  File "/opt/airflow/dags/main.py", line 4, in <module>
    from dags.dataquality.soda import yt_elt_data_quality
ModuleNotFoundError: No module named 'dags'
[2026-02-25T01:53:23.622+0000] {processor.py:842} WARNING - No viable dags retrieved from /opt/airflow/dags/main.py
[2026-02-25T01:53:23.644+0000] {processor.py:183} INFO - Processing /opt/airflow/dags/main.py took 0.045 seconds
[2026-02-25T01:53:39.089+0000] {processor.py:161} INFO - Started process (PID=371) to work on /opt/airflow/dags/main.py
[2026-02-25T01:53:39.090+0000] {processor.py:830} INFO - Processing file /opt/airflow/dags/main.py for tasks to queue
[2026-02-25T01:53:39.091+0000] {logging_mixin.py:188} INFO - [2026-02-25T01:53:39.091+0000] {dagbag.py:545} INFO - Filling up the DagBag from /opt/airflow/dags/main.py
[2026-02-25T01:53:39.115+0000] {logging_mixin.py:188} INFO - [2026-02-25T01:53:39.111+0000] {dagbag.py:355} ERROR - Failed to import: /opt/airflow/dags/main.py
Traceback (most recent call last):
  File "/home/airflow/.local/lib/python3.12/site-packages/airflow/models/dagbag.py", line 351, in parse
    loader.exec_module(new_module)
  File "<frozen importlib._bootstrap_external>", line 995, in exec_module
  File "<frozen importlib._bootstrap>", line 488, in _call_with_frames_removed
  File "/opt/airflow/dags/main.py", line 1, in <module>
    sys.path.insert(0, os.path.dirname(os.path.abspath(__file__)))
    ^^^
NameError: name 'sys' is not defined. Did you forget to import 'sys'
[2026-02-25T01:53:39.117+0000] {processor.py:842} WARNING - No viable dags retrieved from /opt/airflow/dags/main.py
[2026-02-25T01:53:39.140+0000] {processor.py:183} INFO - Processing /opt/airflow/dags/main.py took 0.058 seconds
[2026-02-25T01:54:09.642+0000] {processor.py:161} INFO - Started process (PID=379) to work on /opt/airflow/dags/main.py
[2026-02-25T01:54:09.643+0000] {processor.py:830} INFO - Processing file /opt/airflow/dags/main.py for tasks to queue
[2026-02-25T01:54:09.644+0000] {logging_mixin.py:188} INFO - [2026-02-25T01:54:09.644+0000] {dagbag.py:545} INFO - Filling up the DagBag from /opt/airflow/dags/main.py
[2026-02-25T01:54:09.655+0000] {logging_mixin.py:188} INFO - [2026-02-25T01:54:09.652+0000] {dagbag.py:355} ERROR - Failed to import: /opt/airflow/dags/main.py
Traceback (most recent call last):
  File "/home/airflow/.local/lib/python3.12/site-packages/airflow/models/dagbag.py", line 351, in parse
    loader.exec_module(new_module)
  File "<frozen importlib._bootstrap_external>", line 995, in exec_module
  File "<frozen importlib._bootstrap>", line 488, in _call_with_frames_removed
  File "/opt/airflow/dags/main.py", line 1, in <module>
    sys.path.insert(0, os.path.dirname(os.path.abspath(__file__)))
    ^^^
NameError: name 'sys' is not defined. Did you forget to import 'sys'
[2026-02-25T01:54:09.656+0000] {processor.py:842} WARNING - No viable dags retrieved from /opt/airflow/dags/main.py
[2026-02-25T01:54:09.685+0000] {processor.py:183} INFO - Processing /opt/airflow/dags/main.py took 0.049 seconds
[2026-02-25T01:54:40.394+0000] {processor.py:161} INFO - Started process (PID=387) to work on /opt/airflow/dags/main.py
[2026-02-25T01:54:40.396+0000] {processor.py:830} INFO - Processing file /opt/airflow/dags/main.py for tasks to queue
[2026-02-25T01:54:40.398+0000] {logging_mixin.py:188} INFO - [2026-02-25T01:54:40.397+0000] {dagbag.py:545} INFO - Filling up the DagBag from /opt/airflow/dags/main.py
[2026-02-25T01:54:40.419+0000] {logging_mixin.py:188} INFO - [2026-02-25T01:54:40.414+0000] {dagbag.py:355} ERROR - Failed to import: /opt/airflow/dags/main.py
Traceback (most recent call last):
  File "/home/airflow/.local/lib/python3.12/site-packages/airflow/models/dagbag.py", line 351, in parse
    loader.exec_module(new_module)
  File "<frozen importlib._bootstrap_external>", line 995, in exec_module
  File "<frozen importlib._bootstrap>", line 488, in _call_with_frames_removed
  File "/opt/airflow/dags/main.py", line 1, in <module>
    sys.path.insert(0, os.path.dirname(os.path.abspath(__file__)))
    ^^^
NameError: name 'sys' is not defined. Did you forget to import 'sys'
[2026-02-25T01:54:40.422+0000] {processor.py:842} WARNING - No viable dags retrieved from /opt/airflow/dags/main.py
[2026-02-25T01:54:40.445+0000] {processor.py:183} INFO - Processing /opt/airflow/dags/main.py took 0.060 seconds
[2026-02-25T01:55:11.033+0000] {processor.py:161} INFO - Started process (PID=395) to work on /opt/airflow/dags/main.py
[2026-02-25T01:55:11.034+0000] {processor.py:830} INFO - Processing file /opt/airflow/dags/main.py for tasks to queue
[2026-02-25T01:55:11.035+0000] {logging_mixin.py:188} INFO - [2026-02-25T01:55:11.034+0000] {dagbag.py:545} INFO - Filling up the DagBag from /opt/airflow/dags/main.py
[2026-02-25T01:55:11.046+0000] {logging_mixin.py:188} INFO - [2026-02-25T01:55:11.043+0000] {dagbag.py:355} ERROR - Failed to import: /opt/airflow/dags/main.py
Traceback (most recent call last):
  File "/home/airflow/.local/lib/python3.12/site-packages/airflow/models/dagbag.py", line 351, in parse
    loader.exec_module(new_module)
  File "<frozen importlib._bootstrap_external>", line 995, in exec_module
  File "<frozen importlib._bootstrap>", line 488, in _call_with_frames_removed
  File "/opt/airflow/dags/main.py", line 1, in <module>
    sys.path.insert(0, os.path.dirname(os.path.abspath(__file__)))
    ^^^
NameError: name 'sys' is not defined. Did you forget to import 'sys'
[2026-02-25T01:55:11.047+0000] {processor.py:842} WARNING - No viable dags retrieved from /opt/airflow/dags/main.py
[2026-02-25T01:55:11.078+0000] {processor.py:183} INFO - Processing /opt/airflow/dags/main.py took 0.051 seconds
[2026-02-25T01:55:41.666+0000] {processor.py:161} INFO - Started process (PID=403) to work on /opt/airflow/dags/main.py
[2026-02-25T01:55:41.668+0000] {processor.py:830} INFO - Processing file /opt/airflow/dags/main.py for tasks to queue
[2026-02-25T01:55:41.669+0000] {logging_mixin.py:188} INFO - [2026-02-25T01:55:41.669+0000] {dagbag.py:545} INFO - Filling up the DagBag from /opt/airflow/dags/main.py
[2026-02-25T01:55:41.687+0000] {logging_mixin.py:188} INFO - [2026-02-25T01:55:41.683+0000] {dagbag.py:355} ERROR - Failed to import: /opt/airflow/dags/main.py
Traceback (most recent call last):
  File "/home/airflow/.local/lib/python3.12/site-packages/airflow/models/dagbag.py", line 351, in parse
    loader.exec_module(new_module)
  File "<frozen importlib._bootstrap_external>", line 995, in exec_module
  File "<frozen importlib._bootstrap>", line 488, in _call_with_frames_removed
  File "/opt/airflow/dags/main.py", line 1, in <module>
    sys.path.insert(0, os.path.dirname(os.path.abspath(__file__)))
    ^^^
NameError: name 'sys' is not defined. Did you forget to import 'sys'
[2026-02-25T01:55:41.689+0000] {processor.py:842} WARNING - No viable dags retrieved from /opt/airflow/dags/main.py
[2026-02-25T01:55:41.718+0000] {processor.py:183} INFO - Processing /opt/airflow/dags/main.py took 0.059 seconds
[2026-02-25T01:56:12.351+0000] {processor.py:161} INFO - Started process (PID=411) to work on /opt/airflow/dags/main.py
[2026-02-25T01:56:12.352+0000] {processor.py:830} INFO - Processing file /opt/airflow/dags/main.py for tasks to queue
[2026-02-25T01:56:12.353+0000] {logging_mixin.py:188} INFO - [2026-02-25T01:56:12.353+0000] {dagbag.py:545} INFO - Filling up the DagBag from /opt/airflow/dags/main.py
[2026-02-25T01:56:12.368+0000] {logging_mixin.py:188} INFO - [2026-02-25T01:56:12.364+0000] {dagbag.py:355} ERROR - Failed to import: /opt/airflow/dags/main.py
Traceback (most recent call last):
  File "/home/airflow/.local/lib/python3.12/site-packages/airflow/models/dagbag.py", line 351, in parse
    loader.exec_module(new_module)
  File "<frozen importlib._bootstrap_external>", line 995, in exec_module
  File "<frozen importlib._bootstrap>", line 488, in _call_with_frames_removed
  File "/opt/airflow/dags/main.py", line 1, in <module>
    sys.path.insert(0, os.path.dirname(os.path.abspath(__file__)))
    ^^^
NameError: name 'sys' is not defined. Did you forget to import 'sys'
[2026-02-25T01:56:12.370+0000] {processor.py:842} WARNING - No viable dags retrieved from /opt/airflow/dags/main.py
[2026-02-25T01:56:12.390+0000] {processor.py:183} INFO - Processing /opt/airflow/dags/main.py took 0.044 seconds
[2026-02-25T01:56:43.128+0000] {processor.py:161} INFO - Started process (PID=419) to work on /opt/airflow/dags/main.py
[2026-02-25T01:56:43.129+0000] {processor.py:830} INFO - Processing file /opt/airflow/dags/main.py for tasks to queue
[2026-02-25T01:56:43.130+0000] {logging_mixin.py:188} INFO - [2026-02-25T01:56:43.130+0000] {dagbag.py:545} INFO - Filling up the DagBag from /opt/airflow/dags/main.py
[2026-02-25T01:56:43.142+0000] {logging_mixin.py:188} INFO - [2026-02-25T01:56:43.139+0000] {dagbag.py:355} ERROR - Failed to import: /opt/airflow/dags/main.py
Traceback (most recent call last):
  File "/home/airflow/.local/lib/python3.12/site-packages/airflow/models/dagbag.py", line 351, in parse
    loader.exec_module(new_module)
  File "<frozen importlib._bootstrap_external>", line 995, in exec_module
  File "<frozen importlib._bootstrap>", line 488, in _call_with_frames_removed
  File "/opt/airflow/dags/main.py", line 1, in <module>
    sys.path.insert(0, os.path.dirname(os.path.abspath(__file__)))
    ^^^
NameError: name 'sys' is not defined. Did you forget to import 'sys'
[2026-02-25T01:56:43.145+0000] {processor.py:842} WARNING - No viable dags retrieved from /opt/airflow/dags/main.py
[2026-02-25T01:56:43.176+0000] {processor.py:183} INFO - Processing /opt/airflow/dags/main.py took 0.058 seconds
[2026-02-25T01:57:13.819+0000] {processor.py:161} INFO - Started process (PID=427) to work on /opt/airflow/dags/main.py
[2026-02-25T01:57:13.820+0000] {processor.py:830} INFO - Processing file /opt/airflow/dags/main.py for tasks to queue
[2026-02-25T01:57:13.821+0000] {logging_mixin.py:188} INFO - [2026-02-25T01:57:13.821+0000] {dagbag.py:545} INFO - Filling up the DagBag from /opt/airflow/dags/main.py
[2026-02-25T01:57:13.841+0000] {logging_mixin.py:188} INFO - [2026-02-25T01:57:13.837+0000] {dagbag.py:355} ERROR - Failed to import: /opt/airflow/dags/main.py
Traceback (most recent call last):
  File "/home/airflow/.local/lib/python3.12/site-packages/airflow/models/dagbag.py", line 351, in parse
    loader.exec_module(new_module)
  File "<frozen importlib._bootstrap_external>", line 995, in exec_module
  File "<frozen importlib._bootstrap>", line 488, in _call_with_frames_removed
  File "/opt/airflow/dags/main.py", line 1, in <module>
    sys.path.insert(0, os.path.dirname(os.path.abspath(__file__)))
    ^^^
NameError: name 'sys' is not defined. Did you forget to import 'sys'
[2026-02-25T01:57:13.843+0000] {processor.py:842} WARNING - No viable dags retrieved from /opt/airflow/dags/main.py
[2026-02-25T01:57:13.879+0000] {processor.py:183} INFO - Processing /opt/airflow/dags/main.py took 0.066 seconds
[2026-02-25T01:57:44.464+0000] {processor.py:161} INFO - Started process (PID=435) to work on /opt/airflow/dags/main.py
[2026-02-25T01:57:44.466+0000] {processor.py:830} INFO - Processing file /opt/airflow/dags/main.py for tasks to queue
[2026-02-25T01:57:44.468+0000] {logging_mixin.py:188} INFO - [2026-02-25T01:57:44.468+0000] {dagbag.py:545} INFO - Filling up the DagBag from /opt/airflow/dags/main.py
[2026-02-25T01:57:44.492+0000] {logging_mixin.py:188} INFO - [2026-02-25T01:57:44.485+0000] {dagbag.py:355} ERROR - Failed to import: /opt/airflow/dags/main.py
Traceback (most recent call last):
  File "/home/airflow/.local/lib/python3.12/site-packages/airflow/models/dagbag.py", line 351, in parse
    loader.exec_module(new_module)
  File "<frozen importlib._bootstrap_external>", line 995, in exec_module
  File "<frozen importlib._bootstrap>", line 488, in _call_with_frames_removed
  File "/opt/airflow/dags/main.py", line 1, in <module>
    sys.path.insert(0, os.path.dirname(os.path.abspath(__file__)))
    ^^^
NameError: name 'sys' is not defined. Did you forget to import 'sys'
[2026-02-25T01:57:44.495+0000] {processor.py:842} WARNING - No viable dags retrieved from /opt/airflow/dags/main.py
[2026-02-25T01:57:44.532+0000] {processor.py:183} INFO - Processing /opt/airflow/dags/main.py took 0.075 seconds
[2026-02-25T01:58:15.108+0000] {processor.py:161} INFO - Started process (PID=449) to work on /opt/airflow/dags/main.py
[2026-02-25T01:58:15.109+0000] {processor.py:830} INFO - Processing file /opt/airflow/dags/main.py for tasks to queue
[2026-02-25T01:58:15.110+0000] {logging_mixin.py:188} INFO - [2026-02-25T01:58:15.110+0000] {dagbag.py:545} INFO - Filling up the DagBag from /opt/airflow/dags/main.py
[2026-02-25T01:58:15.124+0000] {logging_mixin.py:188} INFO - [2026-02-25T01:58:15.121+0000] {dagbag.py:355} ERROR - Failed to import: /opt/airflow/dags/main.py
Traceback (most recent call last):
  File "/home/airflow/.local/lib/python3.12/site-packages/airflow/models/dagbag.py", line 351, in parse
    loader.exec_module(new_module)
  File "<frozen importlib._bootstrap_external>", line 995, in exec_module
  File "<frozen importlib._bootstrap>", line 488, in _call_with_frames_removed
  File "/opt/airflow/dags/main.py", line 1, in <module>
    sys.path.insert(0, os.path.dirname(os.path.abspath(__file__)))
    ^^^
NameError: name 'sys' is not defined. Did you forget to import 'sys'
[2026-02-25T01:58:15.126+0000] {processor.py:842} WARNING - No viable dags retrieved from /opt/airflow/dags/main.py
[2026-02-25T01:58:15.145+0000] {processor.py:183} INFO - Processing /opt/airflow/dags/main.py took 0.043 seconds
[2026-02-25T01:58:45.741+0000] {processor.py:161} INFO - Started process (PID=457) to work on /opt/airflow/dags/main.py
[2026-02-25T01:58:45.742+0000] {processor.py:830} INFO - Processing file /opt/airflow/dags/main.py for tasks to queue
[2026-02-25T01:58:45.743+0000] {logging_mixin.py:188} INFO - [2026-02-25T01:58:45.743+0000] {dagbag.py:545} INFO - Filling up the DagBag from /opt/airflow/dags/main.py
[2026-02-25T01:58:45.755+0000] {logging_mixin.py:188} INFO - [2026-02-25T01:58:45.752+0000] {dagbag.py:355} ERROR - Failed to import: /opt/airflow/dags/main.py
Traceback (most recent call last):
  File "/home/airflow/.local/lib/python3.12/site-packages/airflow/models/dagbag.py", line 351, in parse
    loader.exec_module(new_module)
  File "<frozen importlib._bootstrap_external>", line 995, in exec_module
  File "<frozen importlib._bootstrap>", line 488, in _call_with_frames_removed
  File "/opt/airflow/dags/main.py", line 1, in <module>
    sys.path.insert(0, os.path.dirname(os.path.abspath(__file__)))
    ^^^
NameError: name 'sys' is not defined. Did you forget to import 'sys'
[2026-02-25T01:58:45.757+0000] {processor.py:842} WARNING - No viable dags retrieved from /opt/airflow/dags/main.py
[2026-02-25T01:58:45.786+0000] {processor.py:183} INFO - Processing /opt/airflow/dags/main.py took 0.050 seconds
[2026-02-25T01:59:16.309+0000] {processor.py:161} INFO - Started process (PID=465) to work on /opt/airflow/dags/main.py
[2026-02-25T01:59:16.311+0000] {processor.py:830} INFO - Processing file /opt/airflow/dags/main.py for tasks to queue
[2026-02-25T01:59:16.313+0000] {logging_mixin.py:188} INFO - [2026-02-25T01:59:16.312+0000] {dagbag.py:545} INFO - Filling up the DagBag from /opt/airflow/dags/main.py
[2026-02-25T01:59:16.329+0000] {logging_mixin.py:188} INFO - [2026-02-25T01:59:16.325+0000] {dagbag.py:355} ERROR - Failed to import: /opt/airflow/dags/main.py
Traceback (most recent call last):
  File "/home/airflow/.local/lib/python3.12/site-packages/airflow/models/dagbag.py", line 351, in parse
    loader.exec_module(new_module)
  File "<frozen importlib._bootstrap_external>", line 995, in exec_module
  File "<frozen importlib._bootstrap>", line 488, in _call_with_frames_removed
  File "/opt/airflow/dags/main.py", line 1, in <module>
    sys.path.insert(0, os.path.dirname(os.path.abspath(__file__)))
    ^^^
NameError: name 'sys' is not defined. Did you forget to import 'sys'
[2026-02-25T01:59:16.330+0000] {processor.py:842} WARNING - No viable dags retrieved from /opt/airflow/dags/main.py
[2026-02-25T01:59:16.350+0000] {processor.py:183} INFO - Processing /opt/airflow/dags/main.py took 0.046 seconds
[2026-02-25T01:59:47.275+0000] {processor.py:161} INFO - Started process (PID=473) to work on /opt/airflow/dags/main.py
[2026-02-25T01:59:47.276+0000] {processor.py:830} INFO - Processing file /opt/airflow/dags/main.py for tasks to queue
[2026-02-25T01:59:47.277+0000] {logging_mixin.py:188} INFO - [2026-02-25T01:59:47.276+0000] {dagbag.py:545} INFO - Filling up the DagBag from /opt/airflow/dags/main.py
[2026-02-25T01:59:47.290+0000] {logging_mixin.py:188} INFO - [2026-02-25T01:59:47.286+0000] {dagbag.py:355} ERROR - Failed to import: /opt/airflow/dags/main.py
Traceback (most recent call last):
  File "/home/airflow/.local/lib/python3.12/site-packages/airflow/models/dagbag.py", line 351, in parse
    loader.exec_module(new_module)
  File "<frozen importlib._bootstrap_external>", line 995, in exec_module
  File "<frozen importlib._bootstrap>", line 488, in _call_with_frames_removed
  File "/opt/airflow/dags/main.py", line 1, in <module>
    sys.path.insert(0, os.path.dirname(os.path.abspath(__file__)))
    ^^^
NameError: name 'sys' is not defined. Did you forget to import 'sys'
[2026-02-25T01:59:47.292+0000] {processor.py:842} WARNING - No viable dags retrieved from /opt/airflow/dags/main.py
[2026-02-25T01:59:47.311+0000] {processor.py:183} INFO - Processing /opt/airflow/dags/main.py took 0.042 seconds
[2026-02-25T02:00:17.755+0000] {processor.py:161} INFO - Started process (PID=481) to work on /opt/airflow/dags/main.py
[2026-02-25T02:00:17.758+0000] {processor.py:830} INFO - Processing file /opt/airflow/dags/main.py for tasks to queue
[2026-02-25T02:00:17.760+0000] {logging_mixin.py:188} INFO - [2026-02-25T02:00:17.759+0000] {dagbag.py:545} INFO - Filling up the DagBag from /opt/airflow/dags/main.py
[2026-02-25T02:00:17.778+0000] {logging_mixin.py:188} INFO - [2026-02-25T02:00:17.774+0000] {dagbag.py:355} ERROR - Failed to import: /opt/airflow/dags/main.py
Traceback (most recent call last):
  File "/home/airflow/.local/lib/python3.12/site-packages/airflow/models/dagbag.py", line 351, in parse
    loader.exec_module(new_module)
  File "<frozen importlib._bootstrap_external>", line 995, in exec_module
  File "<frozen importlib._bootstrap>", line 488, in _call_with_frames_removed
  File "/opt/airflow/dags/main.py", line 1, in <module>
    sys.path.insert(0, os.path.dirname(os.path.abspath(__file__)))
    ^^^
NameError: name 'sys' is not defined. Did you forget to import 'sys'
[2026-02-25T02:00:17.779+0000] {processor.py:842} WARNING - No viable dags retrieved from /opt/airflow/dags/main.py
[2026-02-25T02:00:17.810+0000] {processor.py:183} INFO - Processing /opt/airflow/dags/main.py took 0.064 seconds
[2026-02-25T02:00:48.498+0000] {processor.py:161} INFO - Started process (PID=489) to work on /opt/airflow/dags/main.py
[2026-02-25T02:00:48.499+0000] {processor.py:830} INFO - Processing file /opt/airflow/dags/main.py for tasks to queue
[2026-02-25T02:00:48.500+0000] {logging_mixin.py:188} INFO - [2026-02-25T02:00:48.500+0000] {dagbag.py:545} INFO - Filling up the DagBag from /opt/airflow/dags/main.py
[2026-02-25T02:00:48.512+0000] {logging_mixin.py:188} INFO - [2026-02-25T02:00:48.509+0000] {dagbag.py:355} ERROR - Failed to import: /opt/airflow/dags/main.py
Traceback (most recent call last):
  File "/home/airflow/.local/lib/python3.12/site-packages/airflow/models/dagbag.py", line 351, in parse
    loader.exec_module(new_module)
  File "<frozen importlib._bootstrap_external>", line 995, in exec_module
  File "<frozen importlib._bootstrap>", line 488, in _call_with_frames_removed
  File "/opt/airflow/dags/main.py", line 1, in <module>
    sys.path.insert(0, os.path.dirname(os.path.abspath(__file__)))
    ^^^
NameError: name 'sys' is not defined. Did you forget to import 'sys'
[2026-02-25T02:00:48.513+0000] {processor.py:842} WARNING - No viable dags retrieved from /opt/airflow/dags/main.py
[2026-02-25T02:00:48.531+0000] {processor.py:183} INFO - Processing /opt/airflow/dags/main.py took 0.039 seconds
[2026-02-25T02:01:19.153+0000] {processor.py:161} INFO - Started process (PID=497) to work on /opt/airflow/dags/main.py
[2026-02-25T02:01:19.154+0000] {processor.py:830} INFO - Processing file /opt/airflow/dags/main.py for tasks to queue
[2026-02-25T02:01:19.155+0000] {logging_mixin.py:188} INFO - [2026-02-25T02:01:19.155+0000] {dagbag.py:545} INFO - Filling up the DagBag from /opt/airflow/dags/main.py
[2026-02-25T02:01:19.165+0000] {logging_mixin.py:188} INFO - [2026-02-25T02:01:19.162+0000] {dagbag.py:355} ERROR - Failed to import: /opt/airflow/dags/main.py
Traceback (most recent call last):
  File "/home/airflow/.local/lib/python3.12/site-packages/airflow/models/dagbag.py", line 351, in parse
    loader.exec_module(new_module)
  File "<frozen importlib._bootstrap_external>", line 995, in exec_module
  File "<frozen importlib._bootstrap>", line 488, in _call_with_frames_removed
  File "/opt/airflow/dags/main.py", line 1, in <module>
    sys.path.insert(0, os.path.dirname(os.path.abspath(__file__)))
    ^^^
NameError: name 'sys' is not defined. Did you forget to import 'sys'
[2026-02-25T02:01:19.167+0000] {processor.py:842} WARNING - No viable dags retrieved from /opt/airflow/dags/main.py
[2026-02-25T02:01:19.186+0000] {processor.py:183} INFO - Processing /opt/airflow/dags/main.py took 0.038 seconds
[2026-02-25T02:01:49.662+0000] {processor.py:161} INFO - Started process (PID=505) to work on /opt/airflow/dags/main.py
[2026-02-25T02:01:49.663+0000] {processor.py:830} INFO - Processing file /opt/airflow/dags/main.py for tasks to queue
[2026-02-25T02:01:49.664+0000] {logging_mixin.py:188} INFO - [2026-02-25T02:01:49.664+0000] {dagbag.py:545} INFO - Filling up the DagBag from /opt/airflow/dags/main.py
[2026-02-25T02:01:49.675+0000] {logging_mixin.py:188} INFO - [2026-02-25T02:01:49.672+0000] {dagbag.py:355} ERROR - Failed to import: /opt/airflow/dags/main.py
Traceback (most recent call last):
  File "/home/airflow/.local/lib/python3.12/site-packages/airflow/models/dagbag.py", line 351, in parse
    loader.exec_module(new_module)
  File "<frozen importlib._bootstrap_external>", line 995, in exec_module
  File "<frozen importlib._bootstrap>", line 488, in _call_with_frames_removed
  File "/opt/airflow/dags/main.py", line 1, in <module>
    sys.path.insert(0, os.path.dirname(os.path.abspath(__file__)))
    ^^^
NameError: name 'sys' is not defined. Did you forget to import 'sys'
[2026-02-25T02:01:49.677+0000] {processor.py:842} WARNING - No viable dags retrieved from /opt/airflow/dags/main.py
[2026-02-25T02:01:49.695+0000] {processor.py:183} INFO - Processing /opt/airflow/dags/main.py took 0.039 seconds
[2026-02-25T02:02:20.499+0000] {processor.py:161} INFO - Started process (PID=513) to work on /opt/airflow/dags/main.py
[2026-02-25T02:02:20.501+0000] {processor.py:830} INFO - Processing file /opt/airflow/dags/main.py for tasks to queue
[2026-02-25T02:02:20.502+0000] {logging_mixin.py:188} INFO - [2026-02-25T02:02:20.502+0000] {dagbag.py:545} INFO - Filling up the DagBag from /opt/airflow/dags/main.py
[2026-02-25T02:02:20.519+0000] {logging_mixin.py:188} INFO - [2026-02-25T02:02:20.515+0000] {dagbag.py:355} ERROR - Failed to import: /opt/airflow/dags/main.py
Traceback (most recent call last):
  File "/home/airflow/.local/lib/python3.12/site-packages/airflow/models/dagbag.py", line 351, in parse
    loader.exec_module(new_module)
  File "<frozen importlib._bootstrap_external>", line 995, in exec_module
  File "<frozen importlib._bootstrap>", line 488, in _call_with_frames_removed
  File "/opt/airflow/dags/main.py", line 1, in <module>
    sys.path.insert(0, os.path.dirname(os.path.abspath(__file__)))
    ^^^
NameError: name 'sys' is not defined. Did you forget to import 'sys'
[2026-02-25T02:02:20.523+0000] {processor.py:842} WARNING - No viable dags retrieved from /opt/airflow/dags/main.py
[2026-02-25T02:02:20.558+0000] {processor.py:183} INFO - Processing /opt/airflow/dags/main.py took 0.064 seconds
[2026-02-25T02:02:51.083+0000] {processor.py:161} INFO - Started process (PID=521) to work on /opt/airflow/dags/main.py
[2026-02-25T02:02:51.084+0000] {processor.py:830} INFO - Processing file /opt/airflow/dags/main.py for tasks to queue
[2026-02-25T02:02:51.085+0000] {logging_mixin.py:188} INFO - [2026-02-25T02:02:51.085+0000] {dagbag.py:545} INFO - Filling up the DagBag from /opt/airflow/dags/main.py
[2026-02-25T02:02:51.099+0000] {logging_mixin.py:188} INFO - [2026-02-25T02:02:51.095+0000] {dagbag.py:355} ERROR - Failed to import: /opt/airflow/dags/main.py
Traceback (most recent call last):
  File "/home/airflow/.local/lib/python3.12/site-packages/airflow/models/dagbag.py", line 351, in parse
    loader.exec_module(new_module)
  File "<frozen importlib._bootstrap_external>", line 995, in exec_module
  File "<frozen importlib._bootstrap>", line 488, in _call_with_frames_removed
  File "/opt/airflow/dags/main.py", line 1, in <module>
    sys.path.insert(0, os.path.dirname(os.path.abspath(__file__)))
    ^^^
NameError: name 'sys' is not defined. Did you forget to import 'sys'
[2026-02-25T02:02:51.100+0000] {processor.py:842} WARNING - No viable dags retrieved from /opt/airflow/dags/main.py
[2026-02-25T02:02:51.123+0000] {processor.py:183} INFO - Processing /opt/airflow/dags/main.py took 0.047 seconds
[2026-02-25T02:03:21.703+0000] {processor.py:161} INFO - Started process (PID=529) to work on /opt/airflow/dags/main.py
[2026-02-25T02:03:21.704+0000] {processor.py:830} INFO - Processing file /opt/airflow/dags/main.py for tasks to queue
[2026-02-25T02:03:21.705+0000] {logging_mixin.py:188} INFO - [2026-02-25T02:03:21.704+0000] {dagbag.py:545} INFO - Filling up the DagBag from /opt/airflow/dags/main.py
[2026-02-25T02:03:21.718+0000] {logging_mixin.py:188} INFO - [2026-02-25T02:03:21.715+0000] {dagbag.py:355} ERROR - Failed to import: /opt/airflow/dags/main.py
Traceback (most recent call last):
  File "/home/airflow/.local/lib/python3.12/site-packages/airflow/models/dagbag.py", line 351, in parse
    loader.exec_module(new_module)
  File "<frozen importlib._bootstrap_external>", line 995, in exec_module
  File "<frozen importlib._bootstrap>", line 488, in _call_with_frames_removed
  File "/opt/airflow/dags/main.py", line 1, in <module>
    sys.path.insert(0, os.path.dirname(os.path.abspath(__file__)))
    ^^^
NameError: name 'sys' is not defined. Did you forget to import 'sys'
[2026-02-25T02:03:21.720+0000] {processor.py:842} WARNING - No viable dags retrieved from /opt/airflow/dags/main.py
[2026-02-25T02:03:21.737+0000] {processor.py:183} INFO - Processing /opt/airflow/dags/main.py took 0.040 seconds
[2026-02-25T02:03:52.289+0000] {processor.py:161} INFO - Started process (PID=537) to work on /opt/airflow/dags/main.py
[2026-02-25T02:03:52.291+0000] {processor.py:830} INFO - Processing file /opt/airflow/dags/main.py for tasks to queue
[2026-02-25T02:03:52.292+0000] {logging_mixin.py:188} INFO - [2026-02-25T02:03:52.292+0000] {dagbag.py:545} INFO - Filling up the DagBag from /opt/airflow/dags/main.py
[2026-02-25T02:03:52.311+0000] {logging_mixin.py:188} INFO - [2026-02-25T02:03:52.308+0000] {dagbag.py:355} ERROR - Failed to import: /opt/airflow/dags/main.py
Traceback (most recent call last):
  File "/home/airflow/.local/lib/python3.12/site-packages/airflow/models/dagbag.py", line 351, in parse
    loader.exec_module(new_module)
  File "<frozen importlib._bootstrap_external>", line 995, in exec_module
  File "<frozen importlib._bootstrap>", line 488, in _call_with_frames_removed
  File "/opt/airflow/dags/main.py", line 1, in <module>
    sys.path.insert(0, os.path.dirname(os.path.abspath(__file__)))
    ^^^
NameError: name 'sys' is not defined. Did you forget to import 'sys'
[2026-02-25T02:03:52.316+0000] {processor.py:842} WARNING - No viable dags retrieved from /opt/airflow/dags/main.py
[2026-02-25T02:03:52.335+0000] {processor.py:183} INFO - Processing /opt/airflow/dags/main.py took 0.051 seconds
[2026-02-25T02:04:22.874+0000] {processor.py:161} INFO - Started process (PID=551) to work on /opt/airflow/dags/main.py
[2026-02-25T02:04:22.876+0000] {processor.py:830} INFO - Processing file /opt/airflow/dags/main.py for tasks to queue
[2026-02-25T02:04:22.877+0000] {logging_mixin.py:188} INFO - [2026-02-25T02:04:22.877+0000] {dagbag.py:545} INFO - Filling up the DagBag from /opt/airflow/dags/main.py
[2026-02-25T02:04:22.891+0000] {logging_mixin.py:188} INFO - [2026-02-25T02:04:22.887+0000] {dagbag.py:355} ERROR - Failed to import: /opt/airflow/dags/main.py
Traceback (most recent call last):
  File "/home/airflow/.local/lib/python3.12/site-packages/airflow/models/dagbag.py", line 351, in parse
    loader.exec_module(new_module)
  File "<frozen importlib._bootstrap_external>", line 995, in exec_module
  File "<frozen importlib._bootstrap>", line 488, in _call_with_frames_removed
  File "/opt/airflow/dags/main.py", line 1, in <module>
    sys.path.insert(0, os.path.dirname(os.path.abspath(__file__)))
    ^^^
NameError: name 'sys' is not defined. Did you forget to import 'sys'
[2026-02-25T02:04:22.893+0000] {processor.py:842} WARNING - No viable dags retrieved from /opt/airflow/dags/main.py
[2026-02-25T02:04:22.926+0000] {processor.py:183} INFO - Processing /opt/airflow/dags/main.py took 0.058 seconds
[2026-02-25T02:04:53.695+0000] {processor.py:161} INFO - Started process (PID=559) to work on /opt/airflow/dags/main.py
[2026-02-25T02:04:53.697+0000] {processor.py:830} INFO - Processing file /opt/airflow/dags/main.py for tasks to queue
[2026-02-25T02:04:53.698+0000] {logging_mixin.py:188} INFO - [2026-02-25T02:04:53.698+0000] {dagbag.py:545} INFO - Filling up the DagBag from /opt/airflow/dags/main.py
[2026-02-25T02:04:53.719+0000] {logging_mixin.py:188} INFO - [2026-02-25T02:04:53.715+0000] {dagbag.py:355} ERROR - Failed to import: /opt/airflow/dags/main.py
Traceback (most recent call last):
  File "/home/airflow/.local/lib/python3.12/site-packages/airflow/models/dagbag.py", line 351, in parse
    loader.exec_module(new_module)
  File "<frozen importlib._bootstrap_external>", line 995, in exec_module
  File "<frozen importlib._bootstrap>", line 488, in _call_with_frames_removed
  File "/opt/airflow/dags/main.py", line 1, in <module>
    sys.path.insert(0, os.path.dirname(os.path.abspath(__file__)))
    ^^^
NameError: name 'sys' is not defined. Did you forget to import 'sys'
[2026-02-25T02:04:53.720+0000] {processor.py:842} WARNING - No viable dags retrieved from /opt/airflow/dags/main.py
[2026-02-25T02:04:53.741+0000] {processor.py:183} INFO - Processing /opt/airflow/dags/main.py took 0.051 seconds
[2026-02-25T02:05:24.226+0000] {processor.py:161} INFO - Started process (PID=567) to work on /opt/airflow/dags/main.py
[2026-02-25T02:05:24.227+0000] {processor.py:830} INFO - Processing file /opt/airflow/dags/main.py for tasks to queue
[2026-02-25T02:05:24.229+0000] {logging_mixin.py:188} INFO - [2026-02-25T02:05:24.228+0000] {dagbag.py:545} INFO - Filling up the DagBag from /opt/airflow/dags/main.py
[2026-02-25T02:05:24.242+0000] {logging_mixin.py:188} INFO - [2026-02-25T02:05:24.239+0000] {dagbag.py:355} ERROR - Failed to import: /opt/airflow/dags/main.py
Traceback (most recent call last):
  File "/home/airflow/.local/lib/python3.12/site-packages/airflow/models/dagbag.py", line 351, in parse
    loader.exec_module(new_module)
  File "<frozen importlib._bootstrap_external>", line 995, in exec_module
  File "<frozen importlib._bootstrap>", line 488, in _call_with_frames_removed
  File "/opt/airflow/dags/main.py", line 1, in <module>
    sys.path.insert(0, os.path.dirname(os.path.abspath(__file__)))
    ^^^
NameError: name 'sys' is not defined. Did you forget to import 'sys'
[2026-02-25T02:05:24.244+0000] {processor.py:842} WARNING - No viable dags retrieved from /opt/airflow/dags/main.py
[2026-02-25T02:05:24.274+0000] {processor.py:183} INFO - Processing /opt/airflow/dags/main.py took 0.054 seconds
[2026-02-25T02:05:54.898+0000] {processor.py:161} INFO - Started process (PID=575) to work on /opt/airflow/dags/main.py
[2026-02-25T02:05:54.900+0000] {processor.py:830} INFO - Processing file /opt/airflow/dags/main.py for tasks to queue
[2026-02-25T02:05:54.901+0000] {logging_mixin.py:188} INFO - [2026-02-25T02:05:54.900+0000] {dagbag.py:545} INFO - Filling up the DagBag from /opt/airflow/dags/main.py
[2026-02-25T02:05:54.914+0000] {logging_mixin.py:188} INFO - [2026-02-25T02:05:54.910+0000] {dagbag.py:355} ERROR - Failed to import: /opt/airflow/dags/main.py
Traceback (most recent call last):
  File "/home/airflow/.local/lib/python3.12/site-packages/airflow/models/dagbag.py", line 351, in parse
    loader.exec_module(new_module)
  File "<frozen importlib._bootstrap_external>", line 995, in exec_module
  File "<frozen importlib._bootstrap>", line 488, in _call_with_frames_removed
  File "/opt/airflow/dags/main.py", line 1, in <module>
    sys.path.insert(0, os.path.dirname(os.path.abspath(__file__)))
    ^^^
NameError: name 'sys' is not defined. Did you forget to import 'sys'
[2026-02-25T02:05:54.916+0000] {processor.py:842} WARNING - No viable dags retrieved from /opt/airflow/dags/main.py
[2026-02-25T02:05:54.946+0000] {processor.py:183} INFO - Processing /opt/airflow/dags/main.py took 0.055 seconds
[2026-02-25T02:06:25.463+0000] {processor.py:161} INFO - Started process (PID=583) to work on /opt/airflow/dags/main.py
[2026-02-25T02:06:25.465+0000] {processor.py:830} INFO - Processing file /opt/airflow/dags/main.py for tasks to queue
[2026-02-25T02:06:25.466+0000] {logging_mixin.py:188} INFO - [2026-02-25T02:06:25.465+0000] {dagbag.py:545} INFO - Filling up the DagBag from /opt/airflow/dags/main.py
[2026-02-25T02:06:25.479+0000] {logging_mixin.py:188} INFO - [2026-02-25T02:06:25.476+0000] {dagbag.py:355} ERROR - Failed to import: /opt/airflow/dags/main.py
Traceback (most recent call last):
  File "/home/airflow/.local/lib/python3.12/site-packages/airflow/models/dagbag.py", line 351, in parse
    loader.exec_module(new_module)
  File "<frozen importlib._bootstrap_external>", line 995, in exec_module
  File "<frozen importlib._bootstrap>", line 488, in _call_with_frames_removed
  File "/opt/airflow/dags/main.py", line 1, in <module>
    sys.path.insert(0, os.path.dirname(os.path.abspath(__file__)))
    ^^^
NameError: name 'sys' is not defined. Did you forget to import 'sys'
[2026-02-25T02:06:25.484+0000] {processor.py:842} WARNING - No viable dags retrieved from /opt/airflow/dags/main.py
[2026-02-25T02:06:25.504+0000] {processor.py:183} INFO - Processing /opt/airflow/dags/main.py took 0.046 seconds
[2026-02-25T02:06:56.140+0000] {processor.py:161} INFO - Started process (PID=591) to work on /opt/airflow/dags/main.py
[2026-02-25T02:06:56.141+0000] {processor.py:830} INFO - Processing file /opt/airflow/dags/main.py for tasks to queue
[2026-02-25T02:06:56.142+0000] {logging_mixin.py:188} INFO - [2026-02-25T02:06:56.142+0000] {dagbag.py:545} INFO - Filling up the DagBag from /opt/airflow/dags/main.py
[2026-02-25T02:06:56.154+0000] {logging_mixin.py:188} INFO - [2026-02-25T02:06:56.151+0000] {dagbag.py:355} ERROR - Failed to import: /opt/airflow/dags/main.py
Traceback (most recent call last):
  File "/home/airflow/.local/lib/python3.12/site-packages/airflow/models/dagbag.py", line 351, in parse
    loader.exec_module(new_module)
  File "<frozen importlib._bootstrap_external>", line 995, in exec_module
  File "<frozen importlib._bootstrap>", line 488, in _call_with_frames_removed
  File "/opt/airflow/dags/main.py", line 1, in <module>
    sys.path.insert(0, os.path.dirname(os.path.abspath(__file__)))
    ^^^
NameError: name 'sys' is not defined. Did you forget to import 'sys'
[2026-02-25T02:06:56.156+0000] {processor.py:842} WARNING - No viable dags retrieved from /opt/airflow/dags/main.py
[2026-02-25T02:06:56.174+0000] {processor.py:183} INFO - Processing /opt/airflow/dags/main.py took 0.040 seconds
[2026-02-25T02:07:26.812+0000] {processor.py:161} INFO - Started process (PID=599) to work on /opt/airflow/dags/main.py
[2026-02-25T02:07:26.813+0000] {processor.py:830} INFO - Processing file /opt/airflow/dags/main.py for tasks to queue
[2026-02-25T02:07:26.815+0000] {logging_mixin.py:188} INFO - [2026-02-25T02:07:26.814+0000] {dagbag.py:545} INFO - Filling up the DagBag from /opt/airflow/dags/main.py
[2026-02-25T02:07:26.829+0000] {logging_mixin.py:188} INFO - [2026-02-25T02:07:26.826+0000] {dagbag.py:355} ERROR - Failed to import: /opt/airflow/dags/main.py
Traceback (most recent call last):
  File "/home/airflow/.local/lib/python3.12/site-packages/airflow/models/dagbag.py", line 351, in parse
    loader.exec_module(new_module)
  File "<frozen importlib._bootstrap_external>", line 995, in exec_module
  File "<frozen importlib._bootstrap>", line 488, in _call_with_frames_removed
  File "/opt/airflow/dags/main.py", line 1, in <module>
    sys.path.insert(0, os.path.dirname(os.path.abspath(__file__)))
    ^^^
NameError: name 'sys' is not defined. Did you forget to import 'sys'
[2026-02-25T02:07:26.831+0000] {processor.py:842} WARNING - No viable dags retrieved from /opt/airflow/dags/main.py
[2026-02-25T02:07:26.850+0000] {processor.py:183} INFO - Processing /opt/airflow/dags/main.py took 0.045 seconds
[2026-02-25T02:07:57.662+0000] {processor.py:161} INFO - Started process (PID=607) to work on /opt/airflow/dags/main.py
[2026-02-25T02:07:57.663+0000] {processor.py:830} INFO - Processing file /opt/airflow/dags/main.py for tasks to queue
[2026-02-25T02:07:57.664+0000] {logging_mixin.py:188} INFO - [2026-02-25T02:07:57.664+0000] {dagbag.py:545} INFO - Filling up the DagBag from /opt/airflow/dags/main.py
[2026-02-25T02:07:57.684+0000] {logging_mixin.py:188} INFO - [2026-02-25T02:07:57.679+0000] {dagbag.py:355} ERROR - Failed to import: /opt/airflow/dags/main.py
Traceback (most recent call last):
  File "/home/airflow/.local/lib/python3.12/site-packages/airflow/models/dagbag.py", line 351, in parse
    loader.exec_module(new_module)
  File "<frozen importlib._bootstrap_external>", line 995, in exec_module
  File "<frozen importlib._bootstrap>", line 488, in _call_with_frames_removed
  File "/opt/airflow/dags/main.py", line 1, in <module>
    sys.path.insert(0, os.path.dirname(os.path.abspath(__file__)))
    ^^^
NameError: name 'sys' is not defined. Did you forget to import 'sys'
[2026-02-25T02:07:57.686+0000] {processor.py:842} WARNING - No viable dags retrieved from /opt/airflow/dags/main.py
[2026-02-25T02:07:57.719+0000] {processor.py:183} INFO - Processing /opt/airflow/dags/main.py took 0.070 seconds
[2026-02-25T02:08:28.580+0000] {processor.py:161} INFO - Started process (PID=615) to work on /opt/airflow/dags/main.py
[2026-02-25T02:08:28.582+0000] {processor.py:830} INFO - Processing file /opt/airflow/dags/main.py for tasks to queue
[2026-02-25T02:08:28.583+0000] {logging_mixin.py:188} INFO - [2026-02-25T02:08:28.583+0000] {dagbag.py:545} INFO - Filling up the DagBag from /opt/airflow/dags/main.py
[2026-02-25T02:08:28.596+0000] {logging_mixin.py:188} INFO - [2026-02-25T02:08:28.592+0000] {dagbag.py:355} ERROR - Failed to import: /opt/airflow/dags/main.py
Traceback (most recent call last):
  File "/home/airflow/.local/lib/python3.12/site-packages/airflow/models/dagbag.py", line 351, in parse
    loader.exec_module(new_module)
  File "<frozen importlib._bootstrap_external>", line 995, in exec_module
  File "<frozen importlib._bootstrap>", line 488, in _call_with_frames_removed
  File "/opt/airflow/dags/main.py", line 1, in <module>
    sys.path.insert(0, os.path.dirname(os.path.abspath(__file__)))
    ^^^
NameError: name 'sys' is not defined. Did you forget to import 'sys'
[2026-02-25T02:08:28.598+0000] {processor.py:842} WARNING - No viable dags retrieved from /opt/airflow/dags/main.py
[2026-02-25T02:08:28.622+0000] {processor.py:183} INFO - Processing /opt/airflow/dags/main.py took 0.048 seconds
[2026-02-25T02:08:59.005+0000] {processor.py:161} INFO - Started process (PID=623) to work on /opt/airflow/dags/main.py
[2026-02-25T02:08:59.006+0000] {processor.py:830} INFO - Processing file /opt/airflow/dags/main.py for tasks to queue
[2026-02-25T02:08:59.008+0000] {logging_mixin.py:188} INFO - [2026-02-25T02:08:59.007+0000] {dagbag.py:545} INFO - Filling up the DagBag from /opt/airflow/dags/main.py
[2026-02-25T02:08:59.020+0000] {logging_mixin.py:188} INFO - [2026-02-25T02:08:59.017+0000] {dagbag.py:355} ERROR - Failed to import: /opt/airflow/dags/main.py
Traceback (most recent call last):
  File "/home/airflow/.local/lib/python3.12/site-packages/airflow/models/dagbag.py", line 351, in parse
    loader.exec_module(new_module)
  File "<frozen importlib._bootstrap_external>", line 995, in exec_module
  File "<frozen importlib._bootstrap>", line 488, in _call_with_frames_removed
  File "/opt/airflow/dags/main.py", line 1, in <module>
    sys.path.insert(0, os.path.dirname(os.path.abspath(__file__)))
    ^^^
NameError: name 'sys' is not defined. Did you forget to import 'sys'
[2026-02-25T02:08:59.021+0000] {processor.py:842} WARNING - No viable dags retrieved from /opt/airflow/dags/main.py
[2026-02-25T02:08:59.044+0000] {processor.py:183} INFO - Processing /opt/airflow/dags/main.py took 0.046 seconds
[2026-02-25T02:09:24.111+0000] {processor.py:161} INFO - Started process (PID=631) to work on /opt/airflow/dags/main.py
[2026-02-25T02:09:24.112+0000] {processor.py:830} INFO - Processing file /opt/airflow/dags/main.py for tasks to queue
[2026-02-25T02:09:24.113+0000] {logging_mixin.py:188} INFO - [2026-02-25T02:09:24.113+0000] {dagbag.py:545} INFO - Filling up the DagBag from /opt/airflow/dags/main.py
[2026-02-25T02:09:24.339+0000] {processor.py:840} INFO - DAG(s) 'produce_json', 'data_quality_check', 'update_db' retrieved from /opt/airflow/dags/main.py
[2026-02-25T02:09:24.555+0000] {logging_mixin.py:188} INFO - [2026-02-25T02:09:24.554+0000] {override.py:1829} INFO - Created Permission View: can edit on DAG:data_quality_check
[2026-02-25T02:09:24.562+0000] {logging_mixin.py:188} INFO - [2026-02-25T02:09:24.562+0000] {override.py:1829} INFO - Created Permission View: can delete on DAG:data_quality_check
[2026-02-25T02:09:24.568+0000] {logging_mixin.py:188} INFO - [2026-02-25T02:09:24.568+0000] {override.py:1829} INFO - Created Permission View: can read on DAG:data_quality_check
[2026-02-25T02:09:24.582+0000] {logging_mixin.py:188} INFO - [2026-02-25T02:09:24.582+0000] {dag.py:3096} INFO - Sync 3 DAGs
[2026-02-25T02:09:24.595+0000] {logging_mixin.py:188} INFO - [2026-02-25T02:09:24.595+0000] {dag.py:3118} INFO - Creating ORM DAG for data_quality_check
[2026-02-25T02:09:24.614+0000] {logging_mixin.py:188} INFO - [2026-02-25T02:09:24.614+0000] {dag.py:3954} INFO - Setting next_dagrun for data_quality_check to 2026-02-23 16:00:00+00:00, run_after=2026-02-24 16:00:00+00:00
[2026-02-25T02:09:24.616+0000] {logging_mixin.py:188} INFO - [2026-02-25T02:09:24.616+0000] {dag.py:3954} INFO - Setting next_dagrun for produce_json to 2026-02-24 14:00:00+00:00, run_after=2026-02-25 14:00:00+00:00
[2026-02-25T02:09:24.622+0000] {logging_mixin.py:188} INFO - [2026-02-25T02:09:24.622+0000] {dag.py:3954} INFO - Setting next_dagrun for update_db to 2026-02-24 15:00:00+00:00, run_after=2026-02-25 15:00:00+00:00
[2026-02-25T02:09:24.650+0000] {processor.py:183} INFO - Processing /opt/airflow/dags/main.py took 0.545 seconds
[2026-02-25T02:09:55.641+0000] {processor.py:161} INFO - Started process (PID=639) to work on /opt/airflow/dags/main.py
[2026-02-25T02:09:55.642+0000] {processor.py:830} INFO - Processing file /opt/airflow/dags/main.py for tasks to queue
[2026-02-25T02:09:55.643+0000] {logging_mixin.py:188} INFO - [2026-02-25T02:09:55.642+0000] {dagbag.py:545} INFO - Filling up the DagBag from /opt/airflow/dags/main.py
[2026-02-25T02:09:55.734+0000] {processor.py:840} INFO - DAG(s) 'update_db', 'data_quality_check', 'produce_json' retrieved from /opt/airflow/dags/main.py
[2026-02-25T02:09:55.765+0000] {logging_mixin.py:188} INFO - [2026-02-25T02:09:55.765+0000] {dag.py:3096} INFO - Sync 3 DAGs
[2026-02-25T02:09:55.786+0000] {logging_mixin.py:188} INFO - [2026-02-25T02:09:55.786+0000] {dag.py:3954} INFO - Setting next_dagrun for data_quality_check to 2026-02-23 16:00:00+00:00, run_after=2026-02-24 16:00:00+00:00
[2026-02-25T02:09:55.791+0000] {logging_mixin.py:188} INFO - [2026-02-25T02:09:55.791+0000] {dag.py:3954} INFO - Setting next_dagrun for produce_json to 2026-02-24 14:00:00+00:00, run_after=2026-02-25 14:00:00+00:00
[2026-02-25T02:09:55.794+0000] {logging_mixin.py:188} INFO - [2026-02-25T02:09:55.794+0000] {dag.py:3954} INFO - Setting next_dagrun for update_db to 2026-02-24 15:00:00+00:00, run_after=2026-02-25 15:00:00+00:00
[2026-02-25T02:09:55.826+0000] {processor.py:183} INFO - Processing /opt/airflow/dags/main.py took 0.190 seconds
[2026-02-25T02:10:26.422+0000] {processor.py:161} INFO - Started process (PID=647) to work on /opt/airflow/dags/main.py
[2026-02-25T02:10:26.423+0000] {processor.py:830} INFO - Processing file /opt/airflow/dags/main.py for tasks to queue
[2026-02-25T02:10:26.424+0000] {logging_mixin.py:188} INFO - [2026-02-25T02:10:26.424+0000] {dagbag.py:545} INFO - Filling up the DagBag from /opt/airflow/dags/main.py
[2026-02-25T02:10:26.519+0000] {processor.py:840} INFO - DAG(s) 'update_db', 'data_quality_check', 'produce_json' retrieved from /opt/airflow/dags/main.py
[2026-02-25T02:10:26.558+0000] {logging_mixin.py:188} INFO - [2026-02-25T02:10:26.558+0000] {dag.py:3096} INFO - Sync 3 DAGs
[2026-02-25T02:10:26.581+0000] {logging_mixin.py:188} INFO - [2026-02-25T02:10:26.581+0000] {dag.py:3954} INFO - Setting next_dagrun for data_quality_check to 2026-02-23 16:00:00+00:00, run_after=2026-02-24 16:00:00+00:00
[2026-02-25T02:10:26.586+0000] {logging_mixin.py:188} INFO - [2026-02-25T02:10:26.586+0000] {dag.py:3954} INFO - Setting next_dagrun for produce_json to 2026-02-24 14:00:00+00:00, run_after=2026-02-25 14:00:00+00:00
[2026-02-25T02:10:26.590+0000] {logging_mixin.py:188} INFO - [2026-02-25T02:10:26.590+0000] {dag.py:3954} INFO - Setting next_dagrun for update_db to 2026-02-24 15:00:00+00:00, run_after=2026-02-25 15:00:00+00:00
[2026-02-25T02:10:26.611+0000] {processor.py:183} INFO - Processing /opt/airflow/dags/main.py took 0.194 seconds
[2026-02-25T02:10:57.157+0000] {processor.py:161} INFO - Started process (PID=655) to work on /opt/airflow/dags/main.py
[2026-02-25T02:10:57.158+0000] {processor.py:830} INFO - Processing file /opt/airflow/dags/main.py for tasks to queue
[2026-02-25T02:10:57.160+0000] {logging_mixin.py:188} INFO - [2026-02-25T02:10:57.160+0000] {dagbag.py:545} INFO - Filling up the DagBag from /opt/airflow/dags/main.py
[2026-02-25T02:10:57.255+0000] {processor.py:840} INFO - DAG(s) 'produce_json', 'data_quality_check', 'update_db' retrieved from /opt/airflow/dags/main.py
[2026-02-25T02:10:57.288+0000] {logging_mixin.py:188} INFO - [2026-02-25T02:10:57.288+0000] {dag.py:3096} INFO - Sync 3 DAGs
[2026-02-25T02:10:57.311+0000] {logging_mixin.py:188} INFO - [2026-02-25T02:10:57.311+0000] {dag.py:3954} INFO - Setting next_dagrun for data_quality_check to 2026-02-23 16:00:00+00:00, run_after=2026-02-24 16:00:00+00:00
[2026-02-25T02:10:57.317+0000] {logging_mixin.py:188} INFO - [2026-02-25T02:10:57.317+0000] {dag.py:3954} INFO - Setting next_dagrun for produce_json to 2026-02-24 14:00:00+00:00, run_after=2026-02-25 14:00:00+00:00
[2026-02-25T02:10:57.321+0000] {logging_mixin.py:188} INFO - [2026-02-25T02:10:57.321+0000] {dag.py:3954} INFO - Setting next_dagrun for update_db to 2026-02-24 15:00:00+00:00, run_after=2026-02-25 15:00:00+00:00
[2026-02-25T02:10:57.341+0000] {processor.py:183} INFO - Processing /opt/airflow/dags/main.py took 0.191 seconds
[2026-02-25T02:11:48.859+0000] {processor.py:161} INFO - Started process (PID=62) to work on /opt/airflow/dags/main.py
[2026-02-25T02:11:48.864+0000] {processor.py:830} INFO - Processing file /opt/airflow/dags/main.py for tasks to queue
[2026-02-25T02:11:48.884+0000] {logging_mixin.py:188} INFO - [2026-02-25T02:11:48.880+0000] {dagbag.py:545} INFO - Filling up the DagBag from /opt/airflow/dags/main.py
[2026-02-25T02:11:49.184+0000] {processor.py:840} INFO - DAG(s) 'data_quality_check', 'produce_json', 'update_db' retrieved from /opt/airflow/dags/main.py
[2026-02-25T02:11:49.550+0000] {logging_mixin.py:188} INFO - [2026-02-25T02:11:49.550+0000] {dag.py:3096} INFO - Sync 3 DAGs
[2026-02-25T02:11:49.601+0000] {logging_mixin.py:188} INFO - [2026-02-25T02:11:49.600+0000] {dag.py:3954} INFO - Setting next_dagrun for data_quality_check to 2026-02-23 16:00:00+00:00, run_after=2026-02-24 16:00:00+00:00
[2026-02-25T02:11:49.609+0000] {logging_mixin.py:188} INFO - [2026-02-25T02:11:49.609+0000] {dag.py:3954} INFO - Setting next_dagrun for produce_json to 2026-02-24 14:00:00+00:00, run_after=2026-02-25 14:00:00+00:00
[2026-02-25T02:11:49.614+0000] {logging_mixin.py:188} INFO - [2026-02-25T02:11:49.614+0000] {dag.py:3954} INFO - Setting next_dagrun for update_db to 2026-02-24 15:00:00+00:00, run_after=2026-02-25 15:00:00+00:00
[2026-02-25T02:11:49.656+0000] {processor.py:183} INFO - Processing /opt/airflow/dags/main.py took 0.842 seconds
[2026-02-25T02:12:19.914+0000] {processor.py:161} INFO - Started process (PID=70) to work on /opt/airflow/dags/main.py
[2026-02-25T02:12:19.916+0000] {processor.py:830} INFO - Processing file /opt/airflow/dags/main.py for tasks to queue
[2026-02-25T02:12:19.919+0000] {logging_mixin.py:188} INFO - [2026-02-25T02:12:19.918+0000] {dagbag.py:545} INFO - Filling up the DagBag from /opt/airflow/dags/main.py
[2026-02-25T02:12:20.112+0000] {processor.py:840} INFO - DAG(s) 'data_quality_check', 'update_db', 'produce_json' retrieved from /opt/airflow/dags/main.py
[2026-02-25T02:12:20.207+0000] {logging_mixin.py:188} INFO - [2026-02-25T02:12:20.207+0000] {dag.py:3096} INFO - Sync 3 DAGs
[2026-02-25T02:12:20.242+0000] {logging_mixin.py:188} INFO - [2026-02-25T02:12:20.242+0000] {dag.py:3954} INFO - Setting next_dagrun for data_quality_check to 2026-02-24 16:00:00+00:00, run_after=2026-02-25 16:00:00+00:00
[2026-02-25T02:12:20.251+0000] {logging_mixin.py:188} INFO - [2026-02-25T02:12:20.250+0000] {dag.py:3954} INFO - Setting next_dagrun for produce_json to 2026-02-24 14:00:00+00:00, run_after=2026-02-25 14:00:00+00:00
[2026-02-25T02:12:20.254+0000] {logging_mixin.py:188} INFO - [2026-02-25T02:12:20.254+0000] {dag.py:3954} INFO - Setting next_dagrun for update_db to 2026-02-24 15:00:00+00:00, run_after=2026-02-25 15:00:00+00:00
[2026-02-25T02:12:20.287+0000] {processor.py:183} INFO - Processing /opt/airflow/dags/main.py took 0.382 seconds
[2026-02-25T02:12:50.719+0000] {processor.py:161} INFO - Started process (PID=78) to work on /opt/airflow/dags/main.py
[2026-02-25T02:12:50.720+0000] {processor.py:830} INFO - Processing file /opt/airflow/dags/main.py for tasks to queue
[2026-02-25T02:12:50.723+0000] {logging_mixin.py:188} INFO - [2026-02-25T02:12:50.723+0000] {dagbag.py:545} INFO - Filling up the DagBag from /opt/airflow/dags/main.py
[2026-02-25T02:12:50.858+0000] {processor.py:840} INFO - DAG(s) 'update_db', 'produce_json', 'data_quality_check' retrieved from /opt/airflow/dags/main.py
[2026-02-25T02:12:50.899+0000] {logging_mixin.py:188} INFO - [2026-02-25T02:12:50.898+0000] {dag.py:3096} INFO - Sync 3 DAGs
[2026-02-25T02:12:50.924+0000] {logging_mixin.py:188} INFO - [2026-02-25T02:12:50.924+0000] {dag.py:3954} INFO - Setting next_dagrun for data_quality_check to 2026-02-24 16:00:00+00:00, run_after=2026-02-25 16:00:00+00:00
[2026-02-25T02:12:50.933+0000] {logging_mixin.py:188} INFO - [2026-02-25T02:12:50.933+0000] {dag.py:3954} INFO - Setting next_dagrun for produce_json to 2026-02-24 14:00:00+00:00, run_after=2026-02-25 14:00:00+00:00
[2026-02-25T02:12:50.937+0000] {logging_mixin.py:188} INFO - [2026-02-25T02:12:50.936+0000] {dag.py:3954} INFO - Setting next_dagrun for update_db to 2026-02-24 15:00:00+00:00, run_after=2026-02-25 15:00:00+00:00
[2026-02-25T02:12:50.957+0000] {processor.py:183} INFO - Processing /opt/airflow/dags/main.py took 0.245 seconds
[2026-02-25T02:13:21.608+0000] {processor.py:161} INFO - Started process (PID=86) to work on /opt/airflow/dags/main.py
[2026-02-25T02:13:21.609+0000] {processor.py:830} INFO - Processing file /opt/airflow/dags/main.py for tasks to queue
[2026-02-25T02:13:21.611+0000] {logging_mixin.py:188} INFO - [2026-02-25T02:13:21.611+0000] {dagbag.py:545} INFO - Filling up the DagBag from /opt/airflow/dags/main.py
[2026-02-25T02:13:21.726+0000] {processor.py:840} INFO - DAG(s) 'update_db', 'data_quality_check', 'produce_json' retrieved from /opt/airflow/dags/main.py
[2026-02-25T02:13:21.767+0000] {logging_mixin.py:188} INFO - [2026-02-25T02:13:21.767+0000] {dag.py:3096} INFO - Sync 3 DAGs
[2026-02-25T02:13:21.791+0000] {logging_mixin.py:188} INFO - [2026-02-25T02:13:21.791+0000] {dag.py:3954} INFO - Setting next_dagrun for data_quality_check to 2026-02-24 16:00:00+00:00, run_after=2026-02-25 16:00:00+00:00
[2026-02-25T02:13:21.799+0000] {logging_mixin.py:188} INFO - [2026-02-25T02:13:21.799+0000] {dag.py:3954} INFO - Setting next_dagrun for produce_json to 2026-02-24 14:00:00+00:00, run_after=2026-02-25 14:00:00+00:00
[2026-02-25T02:13:21.804+0000] {logging_mixin.py:188} INFO - [2026-02-25T02:13:21.804+0000] {dag.py:3954} INFO - Setting next_dagrun for update_db to 2026-02-24 15:00:00+00:00, run_after=2026-02-25 15:00:00+00:00
[2026-02-25T02:13:21.827+0000] {processor.py:183} INFO - Processing /opt/airflow/dags/main.py took 0.224 seconds
[2026-02-25T02:13:52.211+0000] {processor.py:161} INFO - Started process (PID=94) to work on /opt/airflow/dags/main.py
[2026-02-25T02:13:52.212+0000] {processor.py:830} INFO - Processing file /opt/airflow/dags/main.py for tasks to queue
[2026-02-25T02:13:52.214+0000] {logging_mixin.py:188} INFO - [2026-02-25T02:13:52.214+0000] {dagbag.py:545} INFO - Filling up the DagBag from /opt/airflow/dags/main.py
[2026-02-25T02:13:52.321+0000] {processor.py:840} INFO - DAG(s) 'data_quality_check', 'update_db', 'produce_json' retrieved from /opt/airflow/dags/main.py
[2026-02-25T02:13:52.356+0000] {logging_mixin.py:188} INFO - [2026-02-25T02:13:52.356+0000] {dag.py:3096} INFO - Sync 3 DAGs
[2026-02-25T02:13:52.378+0000] {logging_mixin.py:188} INFO - [2026-02-25T02:13:52.378+0000] {dag.py:3954} INFO - Setting next_dagrun for data_quality_check to 2026-02-24 16:00:00+00:00, run_after=2026-02-25 16:00:00+00:00
[2026-02-25T02:13:52.383+0000] {logging_mixin.py:188} INFO - [2026-02-25T02:13:52.383+0000] {dag.py:3954} INFO - Setting next_dagrun for produce_json to 2026-02-24 14:00:00+00:00, run_after=2026-02-25 14:00:00+00:00
[2026-02-25T02:13:52.387+0000] {logging_mixin.py:188} INFO - [2026-02-25T02:13:52.387+0000] {dag.py:3954} INFO - Setting next_dagrun for update_db to 2026-02-24 15:00:00+00:00, run_after=2026-02-25 15:00:00+00:00
[2026-02-25T02:13:52.409+0000] {processor.py:183} INFO - Processing /opt/airflow/dags/main.py took 0.204 seconds
[2026-02-25T02:14:07.596+0000] {processor.py:161} INFO - Started process (PID=96) to work on /opt/airflow/dags/main.py
[2026-02-25T02:14:07.598+0000] {processor.py:830} INFO - Processing file /opt/airflow/dags/main.py for tasks to queue
[2026-02-25T02:14:07.600+0000] {logging_mixin.py:188} INFO - [2026-02-25T02:14:07.600+0000] {dagbag.py:545} INFO - Filling up the DagBag from /opt/airflow/dags/main.py
[2026-02-25T02:14:07.751+0000] {processor.py:840} INFO - DAG(s) 'produce_json', 'data_quality_check', 'update_db' retrieved from /opt/airflow/dags/main.py
[2026-02-25T02:14:07.791+0000] {logging_mixin.py:188} INFO - [2026-02-25T02:14:07.791+0000] {dag.py:3096} INFO - Sync 3 DAGs
[2026-02-25T02:14:07.820+0000] {logging_mixin.py:188} INFO - [2026-02-25T02:14:07.820+0000] {dag.py:3954} INFO - Setting next_dagrun for data_quality_check to 2026-02-24 16:00:00+00:00, run_after=2026-02-25 16:00:00+00:00
[2026-02-25T02:14:07.826+0000] {logging_mixin.py:188} INFO - [2026-02-25T02:14:07.826+0000] {dag.py:3954} INFO - Setting next_dagrun for produce_json to 2026-02-24 14:00:00+00:00, run_after=2026-02-25 14:00:00+00:00
[2026-02-25T02:14:07.829+0000] {logging_mixin.py:188} INFO - [2026-02-25T02:14:07.829+0000] {dag.py:3954} INFO - Setting next_dagrun for update_db to 2026-02-24 15:00:00+00:00, run_after=2026-02-25 15:00:00+00:00
[2026-02-25T02:14:07.861+0000] {processor.py:183} INFO - Processing /opt/airflow/dags/main.py took 0.272 seconds
[2026-02-25T02:14:07.911+0000] {processor.py:161} INFO - Started process (PID=97) to work on /opt/airflow/dags/main.py
[2026-02-25T02:14:07.914+0000] {processor.py:830} INFO - Processing file /opt/airflow/dags/main.py for tasks to queue
[2026-02-25T02:14:07.917+0000] {logging_mixin.py:188} INFO - [2026-02-25T02:14:07.917+0000] {dagbag.py:545} INFO - Filling up the DagBag from /opt/airflow/dags/main.py
[2026-02-25T02:14:08.046+0000] {processor.py:840} INFO - DAG(s) 'produce_json', 'update_db', 'data_quality_check' retrieved from /opt/airflow/dags/main.py
[2026-02-25T02:14:08.090+0000] {logging_mixin.py:188} INFO - [2026-02-25T02:14:08.090+0000] {dag.py:3096} INFO - Sync 3 DAGs
[2026-02-25T02:14:08.117+0000] {logging_mixin.py:188} INFO - [2026-02-25T02:14:08.116+0000] {dag.py:3954} INFO - Setting next_dagrun for data_quality_check to 2026-02-24 16:00:00+00:00, run_after=2026-02-25 16:00:00+00:00
[2026-02-25T02:14:08.123+0000] {logging_mixin.py:188} INFO - [2026-02-25T02:14:08.123+0000] {dag.py:3954} INFO - Setting next_dagrun for produce_json to 2026-02-24 14:00:00+00:00, run_after=2026-02-25 14:00:00+00:00
[2026-02-25T02:14:08.128+0000] {logging_mixin.py:188} INFO - [2026-02-25T02:14:08.128+0000] {dag.py:3954} INFO - Setting next_dagrun for update_db to 2026-02-24 15:00:00+00:00, run_after=2026-02-25 15:00:00+00:00
[2026-02-25T02:14:08.165+0000] {processor.py:183} INFO - Processing /opt/airflow/dags/main.py took 0.262 seconds
[2026-02-25T02:14:38.579+0000] {processor.py:161} INFO - Started process (PID=111) to work on /opt/airflow/dags/main.py
[2026-02-25T02:14:38.581+0000] {processor.py:830} INFO - Processing file /opt/airflow/dags/main.py for tasks to queue
[2026-02-25T02:14:38.583+0000] {logging_mixin.py:188} INFO - [2026-02-25T02:14:38.583+0000] {dagbag.py:545} INFO - Filling up the DagBag from /opt/airflow/dags/main.py
[2026-02-25T02:14:38.705+0000] {processor.py:840} INFO - DAG(s) 'update_db', 'data_quality_check', 'produce_json' retrieved from /opt/airflow/dags/main.py
[2026-02-25T02:14:38.827+0000] {logging_mixin.py:188} INFO - [2026-02-25T02:14:38.827+0000] {dag.py:3096} INFO - Sync 3 DAGs
[2026-02-25T02:14:38.850+0000] {logging_mixin.py:188} INFO - [2026-02-25T02:14:38.850+0000] {dag.py:3954} INFO - Setting next_dagrun for data_quality_check to 2026-02-24 16:00:00+00:00, run_after=2026-02-25 16:00:00+00:00
[2026-02-25T02:14:38.855+0000] {logging_mixin.py:188} INFO - [2026-02-25T02:14:38.855+0000] {dag.py:3954} INFO - Setting next_dagrun for produce_json to 2026-02-24 14:00:00+00:00, run_after=2026-02-25 14:00:00+00:00
[2026-02-25T02:14:38.859+0000] {logging_mixin.py:188} INFO - [2026-02-25T02:14:38.858+0000] {dag.py:3954} INFO - Setting next_dagrun for update_db to 2026-02-24 15:00:00+00:00, run_after=2026-02-25 15:00:00+00:00
[2026-02-25T02:14:38.891+0000] {processor.py:183} INFO - Processing /opt/airflow/dags/main.py took 0.338 seconds
[2026-02-25T02:15:13.091+0000] {processor.py:161} INFO - Started process (PID=58) to work on /opt/airflow/dags/main.py
[2026-02-25T02:15:13.093+0000] {processor.py:830} INFO - Processing file /opt/airflow/dags/main.py for tasks to queue
[2026-02-25T02:15:13.097+0000] {logging_mixin.py:188} INFO - [2026-02-25T02:15:13.096+0000] {dagbag.py:545} INFO - Filling up the DagBag from /opt/airflow/dags/main.py
[2026-02-25T02:15:13.284+0000] {processor.py:840} INFO - DAG(s) 'update_db', 'data_quality_check', 'produce_json' retrieved from /opt/airflow/dags/main.py
[2026-02-25T02:15:13.513+0000] {logging_mixin.py:188} INFO - [2026-02-25T02:15:13.513+0000] {dag.py:3096} INFO - Sync 3 DAGs
[2026-02-25T02:15:13.555+0000] {logging_mixin.py:188} INFO - [2026-02-25T02:15:13.554+0000] {dag.py:3954} INFO - Setting next_dagrun for data_quality_check to 2026-02-24 16:00:00+00:00, run_after=2026-02-25 16:00:00+00:00
[2026-02-25T02:15:13.562+0000] {logging_mixin.py:188} INFO - [2026-02-25T02:15:13.561+0000] {dag.py:3954} INFO - Setting next_dagrun for produce_json to 2026-02-24 14:00:00+00:00, run_after=2026-02-25 14:00:00+00:00
[2026-02-25T02:15:13.566+0000] {logging_mixin.py:188} INFO - [2026-02-25T02:15:13.565+0000] {dag.py:3954} INFO - Setting next_dagrun for update_db to 2026-02-24 15:00:00+00:00, run_after=2026-02-25 15:00:00+00:00
[2026-02-25T02:15:13.592+0000] {processor.py:183} INFO - Processing /opt/airflow/dags/main.py took 0.513 seconds
[2026-02-25T02:15:44.017+0000] {processor.py:161} INFO - Started process (PID=66) to work on /opt/airflow/dags/main.py
[2026-02-25T02:15:44.019+0000] {processor.py:830} INFO - Processing file /opt/airflow/dags/main.py for tasks to queue
[2026-02-25T02:15:44.022+0000] {logging_mixin.py:188} INFO - [2026-02-25T02:15:44.022+0000] {dagbag.py:545} INFO - Filling up the DagBag from /opt/airflow/dags/main.py
[2026-02-25T02:15:44.137+0000] {processor.py:840} INFO - DAG(s) 'produce_json', 'data_quality_check', 'update_db' retrieved from /opt/airflow/dags/main.py
[2026-02-25T02:15:44.172+0000] {logging_mixin.py:188} INFO - [2026-02-25T02:15:44.172+0000] {dag.py:3096} INFO - Sync 3 DAGs
[2026-02-25T02:15:44.196+0000] {logging_mixin.py:188} INFO - [2026-02-25T02:15:44.196+0000] {dag.py:3954} INFO - Setting next_dagrun for data_quality_check to 2026-02-24 16:00:00+00:00, run_after=2026-02-25 16:00:00+00:00
[2026-02-25T02:15:44.202+0000] {logging_mixin.py:188} INFO - [2026-02-25T02:15:44.202+0000] {dag.py:3954} INFO - Setting next_dagrun for produce_json to 2026-02-24 14:00:00+00:00, run_after=2026-02-25 14:00:00+00:00
[2026-02-25T02:15:44.206+0000] {logging_mixin.py:188} INFO - [2026-02-25T02:15:44.205+0000] {dag.py:3954} INFO - Setting next_dagrun for update_db to 2026-02-24 15:00:00+00:00, run_after=2026-02-25 15:00:00+00:00
[2026-02-25T02:15:44.226+0000] {processor.py:183} INFO - Processing /opt/airflow/dags/main.py took 0.214 seconds
[2026-02-25T02:16:14.716+0000] {processor.py:161} INFO - Started process (PID=74) to work on /opt/airflow/dags/main.py
[2026-02-25T02:16:14.718+0000] {processor.py:830} INFO - Processing file /opt/airflow/dags/main.py for tasks to queue
[2026-02-25T02:16:14.720+0000] {logging_mixin.py:188} INFO - [2026-02-25T02:16:14.719+0000] {dagbag.py:545} INFO - Filling up the DagBag from /opt/airflow/dags/main.py
[2026-02-25T02:16:14.842+0000] {processor.py:840} INFO - DAG(s) 'update_db', 'data_quality_check', 'produce_json' retrieved from /opt/airflow/dags/main.py
[2026-02-25T02:16:14.882+0000] {logging_mixin.py:188} INFO - [2026-02-25T02:16:14.882+0000] {dag.py:3096} INFO - Sync 3 DAGs
[2026-02-25T02:16:14.907+0000] {logging_mixin.py:188} INFO - [2026-02-25T02:16:14.906+0000] {dag.py:3954} INFO - Setting next_dagrun for data_quality_check to 2026-02-24 16:00:00+00:00, run_after=2026-02-25 16:00:00+00:00
[2026-02-25T02:16:14.913+0000] {logging_mixin.py:188} INFO - [2026-02-25T02:16:14.912+0000] {dag.py:3954} INFO - Setting next_dagrun for produce_json to 2026-02-24 14:00:00+00:00, run_after=2026-02-25 14:00:00+00:00
[2026-02-25T02:16:14.915+0000] {logging_mixin.py:188} INFO - [2026-02-25T02:16:14.915+0000] {dag.py:3954} INFO - Setting next_dagrun for update_db to 2026-02-24 15:00:00+00:00, run_after=2026-02-25 15:00:00+00:00
[2026-02-25T02:16:14.935+0000] {processor.py:183} INFO - Processing /opt/airflow/dags/main.py took 0.224 seconds
[2026-02-25T02:16:45.405+0000] {processor.py:161} INFO - Started process (PID=82) to work on /opt/airflow/dags/main.py
[2026-02-25T02:16:45.406+0000] {processor.py:830} INFO - Processing file /opt/airflow/dags/main.py for tasks to queue
[2026-02-25T02:16:45.408+0000] {logging_mixin.py:188} INFO - [2026-02-25T02:16:45.407+0000] {dagbag.py:545} INFO - Filling up the DagBag from /opt/airflow/dags/main.py
[2026-02-25T02:16:45.519+0000] {processor.py:840} INFO - DAG(s) 'data_quality_check', 'produce_json', 'update_db' retrieved from /opt/airflow/dags/main.py
[2026-02-25T02:16:45.551+0000] {logging_mixin.py:188} INFO - [2026-02-25T02:16:45.551+0000] {dag.py:3096} INFO - Sync 3 DAGs
[2026-02-25T02:16:45.574+0000] {logging_mixin.py:188} INFO - [2026-02-25T02:16:45.573+0000] {dag.py:3954} INFO - Setting next_dagrun for data_quality_check to 2026-02-24 16:00:00+00:00, run_after=2026-02-25 16:00:00+00:00
[2026-02-25T02:16:45.579+0000] {logging_mixin.py:188} INFO - [2026-02-25T02:16:45.579+0000] {dag.py:3954} INFO - Setting next_dagrun for produce_json to 2026-02-24 14:00:00+00:00, run_after=2026-02-25 14:00:00+00:00
[2026-02-25T02:16:45.582+0000] {logging_mixin.py:188} INFO - [2026-02-25T02:16:45.582+0000] {dag.py:3954} INFO - Setting next_dagrun for update_db to 2026-02-24 15:00:00+00:00, run_after=2026-02-25 15:00:00+00:00
[2026-02-25T02:16:45.602+0000] {processor.py:183} INFO - Processing /opt/airflow/dags/main.py took 0.204 seconds
[2026-02-25T02:17:15.994+0000] {processor.py:161} INFO - Started process (PID=90) to work on /opt/airflow/dags/main.py
[2026-02-25T02:17:15.996+0000] {processor.py:830} INFO - Processing file /opt/airflow/dags/main.py for tasks to queue
[2026-02-25T02:17:15.998+0000] {logging_mixin.py:188} INFO - [2026-02-25T02:17:15.998+0000] {dagbag.py:545} INFO - Filling up the DagBag from /opt/airflow/dags/main.py
[2026-02-25T02:17:16.132+0000] {processor.py:840} INFO - DAG(s) 'data_quality_check', 'produce_json', 'update_db' retrieved from /opt/airflow/dags/main.py
[2026-02-25T02:17:16.186+0000] {logging_mixin.py:188} INFO - [2026-02-25T02:17:16.186+0000] {dag.py:3096} INFO - Sync 3 DAGs
[2026-02-25T02:17:16.220+0000] {logging_mixin.py:188} INFO - [2026-02-25T02:17:16.219+0000] {dag.py:3954} INFO - Setting next_dagrun for data_quality_check to 2026-02-24 16:00:00+00:00, run_after=2026-02-25 16:00:00+00:00
[2026-02-25T02:17:16.228+0000] {logging_mixin.py:188} INFO - [2026-02-25T02:17:16.227+0000] {dag.py:3954} INFO - Setting next_dagrun for produce_json to 2026-02-24 14:00:00+00:00, run_after=2026-02-25 14:00:00+00:00
[2026-02-25T02:17:16.236+0000] {logging_mixin.py:188} INFO - [2026-02-25T02:17:16.236+0000] {dag.py:3954} INFO - Setting next_dagrun for update_db to 2026-02-24 15:00:00+00:00, run_after=2026-02-25 15:00:00+00:00
[2026-02-25T02:17:16.267+0000] {processor.py:183} INFO - Processing /opt/airflow/dags/main.py took 0.280 seconds
[2026-02-25T02:17:46.587+0000] {processor.py:161} INFO - Started process (PID=98) to work on /opt/airflow/dags/main.py
[2026-02-25T02:17:46.588+0000] {processor.py:830} INFO - Processing file /opt/airflow/dags/main.py for tasks to queue
[2026-02-25T02:17:46.591+0000] {logging_mixin.py:188} INFO - [2026-02-25T02:17:46.590+0000] {dagbag.py:545} INFO - Filling up the DagBag from /opt/airflow/dags/main.py
[2026-02-25T02:17:46.718+0000] {processor.py:840} INFO - DAG(s) 'produce_json', 'update_db', 'data_quality_check' retrieved from /opt/airflow/dags/main.py
[2026-02-25T02:17:46.755+0000] {logging_mixin.py:188} INFO - [2026-02-25T02:17:46.755+0000] {dag.py:3096} INFO - Sync 3 DAGs
[2026-02-25T02:17:46.779+0000] {logging_mixin.py:188} INFO - [2026-02-25T02:17:46.778+0000] {dag.py:3954} INFO - Setting next_dagrun for data_quality_check to 2026-02-24 16:00:00+00:00, run_after=2026-02-25 16:00:00+00:00
[2026-02-25T02:17:46.785+0000] {logging_mixin.py:188} INFO - [2026-02-25T02:17:46.784+0000] {dag.py:3954} INFO - Setting next_dagrun for produce_json to 2026-02-24 14:00:00+00:00, run_after=2026-02-25 14:00:00+00:00
[2026-02-25T02:17:46.788+0000] {logging_mixin.py:188} INFO - [2026-02-25T02:17:46.788+0000] {dag.py:3954} INFO - Setting next_dagrun for update_db to 2026-02-24 15:00:00+00:00, run_after=2026-02-25 15:00:00+00:00
[2026-02-25T02:17:46.812+0000] {processor.py:183} INFO - Processing /opt/airflow/dags/main.py took 0.231 seconds
[2026-02-25T02:18:17.410+0000] {processor.py:161} INFO - Started process (PID=106) to work on /opt/airflow/dags/main.py
[2026-02-25T02:18:17.412+0000] {processor.py:830} INFO - Processing file /opt/airflow/dags/main.py for tasks to queue
[2026-02-25T02:18:17.414+0000] {logging_mixin.py:188} INFO - [2026-02-25T02:18:17.414+0000] {dagbag.py:545} INFO - Filling up the DagBag from /opt/airflow/dags/main.py
[2026-02-25T02:18:17.665+0000] {processor.py:840} INFO - DAG(s) 'data_quality_check', 'update_db', 'produce_json' retrieved from /opt/airflow/dags/main.py
[2026-02-25T02:18:17.700+0000] {logging_mixin.py:188} INFO - [2026-02-25T02:18:17.700+0000] {dag.py:3096} INFO - Sync 3 DAGs
[2026-02-25T02:18:17.728+0000] {logging_mixin.py:188} INFO - [2026-02-25T02:18:17.728+0000] {dag.py:3954} INFO - Setting next_dagrun for data_quality_check to 2026-02-24 16:00:00+00:00, run_after=2026-02-25 16:00:00+00:00
[2026-02-25T02:18:17.735+0000] {logging_mixin.py:188} INFO - [2026-02-25T02:18:17.735+0000] {dag.py:3954} INFO - Setting next_dagrun for produce_json to 2026-02-24 14:00:00+00:00, run_after=2026-02-25 14:00:00+00:00
[2026-02-25T02:18:17.739+0000] {logging_mixin.py:188} INFO - [2026-02-25T02:18:17.738+0000] {dag.py:3954} INFO - Setting next_dagrun for update_db to 2026-02-24 15:00:00+00:00, run_after=2026-02-25 15:00:00+00:00
[2026-02-25T02:18:17.764+0000] {processor.py:183} INFO - Processing /opt/airflow/dags/main.py took 0.364 seconds
[2026-02-25T02:18:48.346+0000] {processor.py:161} INFO - Started process (PID=114) to work on /opt/airflow/dags/main.py
[2026-02-25T02:18:48.348+0000] {processor.py:830} INFO - Processing file /opt/airflow/dags/main.py for tasks to queue
[2026-02-25T02:18:48.351+0000] {logging_mixin.py:188} INFO - [2026-02-25T02:18:48.350+0000] {dagbag.py:545} INFO - Filling up the DagBag from /opt/airflow/dags/main.py
[2026-02-25T02:18:48.464+0000] {processor.py:840} INFO - DAG(s) 'produce_json', 'data_quality_check', 'update_db' retrieved from /opt/airflow/dags/main.py
[2026-02-25T02:18:48.501+0000] {logging_mixin.py:188} INFO - [2026-02-25T02:18:48.500+0000] {dag.py:3096} INFO - Sync 3 DAGs
[2026-02-25T02:18:48.522+0000] {logging_mixin.py:188} INFO - [2026-02-25T02:18:48.522+0000] {dag.py:3954} INFO - Setting next_dagrun for data_quality_check to 2026-02-24 16:00:00+00:00, run_after=2026-02-25 16:00:00+00:00
[2026-02-25T02:18:48.528+0000] {logging_mixin.py:188} INFO - [2026-02-25T02:18:48.528+0000] {dag.py:3954} INFO - Setting next_dagrun for produce_json to 2026-02-24 14:00:00+00:00, run_after=2026-02-25 14:00:00+00:00
[2026-02-25T02:18:48.531+0000] {logging_mixin.py:188} INFO - [2026-02-25T02:18:48.531+0000] {dag.py:3954} INFO - Setting next_dagrun for update_db to 2026-02-24 15:00:00+00:00, run_after=2026-02-25 15:00:00+00:00
[2026-02-25T02:18:48.551+0000] {processor.py:183} INFO - Processing /opt/airflow/dags/main.py took 0.214 seconds
[2026-02-25T23:20:37.495+0000] {processor.py:161} INFO - Started process (PID=60) to work on /opt/airflow/dags/main.py
[2026-02-25T23:20:37.498+0000] {processor.py:830} INFO - Processing file /opt/airflow/dags/main.py for tasks to queue
[2026-02-25T23:20:37.503+0000] {logging_mixin.py:188} INFO - [2026-02-25T23:20:37.502+0000] {dagbag.py:545} INFO - Filling up the DagBag from /opt/airflow/dags/main.py
[2026-02-25T23:20:37.956+0000] {processor.py:840} INFO - DAG(s) 'data_quality_check', 'produce_json', 'update_db' retrieved from /opt/airflow/dags/main.py
[2026-02-25T23:20:38.279+0000] {logging_mixin.py:188} INFO - [2026-02-25T23:20:38.278+0000] {dag.py:3096} INFO - Sync 3 DAGs
[2026-02-25T23:20:38.321+0000] {logging_mixin.py:188} INFO - [2026-02-25T23:20:38.320+0000] {dag.py:3954} INFO - Setting next_dagrun for data_quality_check to 2026-02-24 16:00:00+00:00, run_after=2026-02-25 16:00:00+00:00
[2026-02-25T23:20:38.333+0000] {logging_mixin.py:188} INFO - [2026-02-25T23:20:38.333+0000] {dag.py:3954} INFO - Setting next_dagrun for produce_json to 2026-02-24 14:00:00+00:00, run_after=2026-02-25 14:00:00+00:00
[2026-02-25T23:20:38.340+0000] {logging_mixin.py:188} INFO - [2026-02-25T23:20:38.340+0000] {dag.py:3954} INFO - Setting next_dagrun for update_db to 2026-02-24 15:00:00+00:00, run_after=2026-02-25 15:00:00+00:00
[2026-02-25T23:20:38.377+0000] {processor.py:183} INFO - Processing /opt/airflow/dags/main.py took 0.900 seconds
[2026-02-25T23:21:08.538+0000] {processor.py:161} INFO - Started process (PID=73) to work on /opt/airflow/dags/main.py
[2026-02-25T23:21:08.539+0000] {processor.py:830} INFO - Processing file /opt/airflow/dags/main.py for tasks to queue
[2026-02-25T23:21:08.541+0000] {logging_mixin.py:188} INFO - [2026-02-25T23:21:08.541+0000] {dagbag.py:545} INFO - Filling up the DagBag from /opt/airflow/dags/main.py
[2026-02-25T23:21:08.665+0000] {processor.py:840} INFO - DAG(s) 'update_db', 'produce_json', 'data_quality_check' retrieved from /opt/airflow/dags/main.py
[2026-02-25T23:21:08.704+0000] {logging_mixin.py:188} INFO - [2026-02-25T23:21:08.703+0000] {dag.py:3096} INFO - Sync 3 DAGs
[2026-02-25T23:21:08.738+0000] {logging_mixin.py:188} INFO - [2026-02-25T23:21:08.737+0000] {dag.py:3954} INFO - Setting next_dagrun for data_quality_check to 2026-02-25 16:00:00+00:00, run_after=2026-02-26 16:00:00+00:00
[2026-02-25T23:21:08.745+0000] {logging_mixin.py:188} INFO - [2026-02-25T23:21:08.744+0000] {dag.py:3954} INFO - Setting next_dagrun for produce_json to 2026-02-25 14:00:00+00:00, run_after=2026-02-26 14:00:00+00:00
[2026-02-25T23:21:08.749+0000] {logging_mixin.py:188} INFO - [2026-02-25T23:21:08.748+0000] {dag.py:3954} INFO - Setting next_dagrun for update_db to 2026-02-25 15:00:00+00:00, run_after=2026-02-26 15:00:00+00:00
[2026-02-25T23:21:08.767+0000] {processor.py:183} INFO - Processing /opt/airflow/dags/main.py took 0.235 seconds
[2026-02-25T23:21:38.991+0000] {processor.py:161} INFO - Started process (PID=81) to work on /opt/airflow/dags/main.py
[2026-02-25T23:21:38.994+0000] {processor.py:830} INFO - Processing file /opt/airflow/dags/main.py for tasks to queue
[2026-02-25T23:21:38.997+0000] {logging_mixin.py:188} INFO - [2026-02-25T23:21:38.997+0000] {dagbag.py:545} INFO - Filling up the DagBag from /opt/airflow/dags/main.py
[2026-02-25T23:21:39.114+0000] {processor.py:840} INFO - DAG(s) 'update_db', 'data_quality_check', 'produce_json' retrieved from /opt/airflow/dags/main.py
[2026-02-25T23:21:39.148+0000] {logging_mixin.py:188} INFO - [2026-02-25T23:21:39.148+0000] {dag.py:3096} INFO - Sync 3 DAGs
[2026-02-25T23:21:39.172+0000] {logging_mixin.py:188} INFO - [2026-02-25T23:21:39.171+0000] {dag.py:3954} INFO - Setting next_dagrun for data_quality_check to 2026-02-25 16:00:00+00:00, run_after=2026-02-26 16:00:00+00:00
[2026-02-25T23:21:39.176+0000] {logging_mixin.py:188} INFO - [2026-02-25T23:21:39.176+0000] {dag.py:3954} INFO - Setting next_dagrun for produce_json to 2026-02-25 14:00:00+00:00, run_after=2026-02-26 14:00:00+00:00
[2026-02-25T23:21:39.179+0000] {logging_mixin.py:188} INFO - [2026-02-25T23:21:39.179+0000] {dag.py:3954} INFO - Setting next_dagrun for update_db to 2026-02-25 15:00:00+00:00, run_after=2026-02-26 15:00:00+00:00
[2026-02-25T23:21:39.197+0000] {processor.py:183} INFO - Processing /opt/airflow/dags/main.py took 0.219 seconds
[2026-02-25T23:22:09.397+0000] {processor.py:161} INFO - Started process (PID=95) to work on /opt/airflow/dags/main.py
[2026-02-25T23:22:09.400+0000] {processor.py:830} INFO - Processing file /opt/airflow/dags/main.py for tasks to queue
[2026-02-25T23:22:09.402+0000] {logging_mixin.py:188} INFO - [2026-02-25T23:22:09.402+0000] {dagbag.py:545} INFO - Filling up the DagBag from /opt/airflow/dags/main.py
[2026-02-25T23:22:09.560+0000] {processor.py:840} INFO - DAG(s) 'produce_json', 'data_quality_check', 'update_db' retrieved from /opt/airflow/dags/main.py
[2026-02-25T23:22:09.601+0000] {logging_mixin.py:188} INFO - [2026-02-25T23:22:09.601+0000] {dag.py:3096} INFO - Sync 3 DAGs
[2026-02-25T23:22:09.628+0000] {logging_mixin.py:188} INFO - [2026-02-25T23:22:09.628+0000] {dag.py:3954} INFO - Setting next_dagrun for data_quality_check to 2026-02-25 16:00:00+00:00, run_after=2026-02-26 16:00:00+00:00
[2026-02-25T23:22:09.635+0000] {logging_mixin.py:188} INFO - [2026-02-25T23:22:09.635+0000] {dag.py:3954} INFO - Setting next_dagrun for produce_json to 2026-02-25 14:00:00+00:00, run_after=2026-02-26 14:00:00+00:00
[2026-02-25T23:22:09.640+0000] {logging_mixin.py:188} INFO - [2026-02-25T23:22:09.640+0000] {dag.py:3954} INFO - Setting next_dagrun for update_db to 2026-02-25 15:00:00+00:00, run_after=2026-02-26 15:00:00+00:00
[2026-02-25T23:22:09.665+0000] {processor.py:183} INFO - Processing /opt/airflow/dags/main.py took 0.284 seconds
[2026-02-25T23:22:39.823+0000] {processor.py:161} INFO - Started process (PID=103) to work on /opt/airflow/dags/main.py
[2026-02-25T23:22:39.824+0000] {processor.py:830} INFO - Processing file /opt/airflow/dags/main.py for tasks to queue
[2026-02-25T23:22:39.826+0000] {logging_mixin.py:188} INFO - [2026-02-25T23:22:39.825+0000] {dagbag.py:545} INFO - Filling up the DagBag from /opt/airflow/dags/main.py
[2026-02-25T23:22:39.928+0000] {processor.py:840} INFO - DAG(s) 'update_db', 'data_quality_check', 'produce_json' retrieved from /opt/airflow/dags/main.py
[2026-02-25T23:22:39.957+0000] {logging_mixin.py:188} INFO - [2026-02-25T23:22:39.957+0000] {dag.py:3096} INFO - Sync 3 DAGs
[2026-02-25T23:22:39.976+0000] {logging_mixin.py:188} INFO - [2026-02-25T23:22:39.976+0000] {dag.py:3954} INFO - Setting next_dagrun for data_quality_check to 2026-02-25 16:00:00+00:00, run_after=2026-02-26 16:00:00+00:00
[2026-02-25T23:22:39.981+0000] {logging_mixin.py:188} INFO - [2026-02-25T23:22:39.981+0000] {dag.py:3954} INFO - Setting next_dagrun for produce_json to 2026-02-25 14:00:00+00:00, run_after=2026-02-26 14:00:00+00:00
[2026-02-25T23:22:39.984+0000] {logging_mixin.py:188} INFO - [2026-02-25T23:22:39.984+0000] {dag.py:3954} INFO - Setting next_dagrun for update_db to 2026-02-25 15:00:00+00:00, run_after=2026-02-26 15:00:00+00:00
[2026-02-25T23:22:40.003+0000] {processor.py:183} INFO - Processing /opt/airflow/dags/main.py took 0.186 seconds
[2026-02-25T23:23:10.170+0000] {processor.py:161} INFO - Started process (PID=111) to work on /opt/airflow/dags/main.py
[2026-02-25T23:23:10.172+0000] {processor.py:830} INFO - Processing file /opt/airflow/dags/main.py for tasks to queue
[2026-02-25T23:23:10.174+0000] {logging_mixin.py:188} INFO - [2026-02-25T23:23:10.174+0000] {dagbag.py:545} INFO - Filling up the DagBag from /opt/airflow/dags/main.py
[2026-02-25T23:23:10.288+0000] {processor.py:840} INFO - DAG(s) 'produce_json', 'update_db', 'data_quality_check' retrieved from /opt/airflow/dags/main.py
[2026-02-25T23:23:10.322+0000] {logging_mixin.py:188} INFO - [2026-02-25T23:23:10.321+0000] {dag.py:3096} INFO - Sync 3 DAGs
[2026-02-25T23:23:10.342+0000] {logging_mixin.py:188} INFO - [2026-02-25T23:23:10.342+0000] {dag.py:3954} INFO - Setting next_dagrun for data_quality_check to 2026-02-25 16:00:00+00:00, run_after=2026-02-26 16:00:00+00:00
[2026-02-25T23:23:10.349+0000] {logging_mixin.py:188} INFO - [2026-02-25T23:23:10.349+0000] {dag.py:3954} INFO - Setting next_dagrun for produce_json to 2026-02-25 14:00:00+00:00, run_after=2026-02-26 14:00:00+00:00
[2026-02-25T23:23:10.352+0000] {logging_mixin.py:188} INFO - [2026-02-25T23:23:10.352+0000] {dag.py:3954} INFO - Setting next_dagrun for update_db to 2026-02-25 15:00:00+00:00, run_after=2026-02-26 15:00:00+00:00
[2026-02-25T23:23:10.370+0000] {processor.py:183} INFO - Processing /opt/airflow/dags/main.py took 0.207 seconds
[2026-02-25T23:23:40.530+0000] {processor.py:161} INFO - Started process (PID=119) to work on /opt/airflow/dags/main.py
[2026-02-25T23:23:40.531+0000] {processor.py:830} INFO - Processing file /opt/airflow/dags/main.py for tasks to queue
[2026-02-25T23:23:40.534+0000] {logging_mixin.py:188} INFO - [2026-02-25T23:23:40.534+0000] {dagbag.py:545} INFO - Filling up the DagBag from /opt/airflow/dags/main.py
[2026-02-25T23:23:40.687+0000] {processor.py:840} INFO - DAG(s) 'data_quality_check', 'update_db', 'produce_json' retrieved from /opt/airflow/dags/main.py
[2026-02-25T23:23:40.737+0000] {logging_mixin.py:188} INFO - [2026-02-25T23:23:40.736+0000] {dag.py:3096} INFO - Sync 3 DAGs
[2026-02-25T23:23:40.769+0000] {logging_mixin.py:188} INFO - [2026-02-25T23:23:40.769+0000] {dag.py:3954} INFO - Setting next_dagrun for data_quality_check to 2026-02-25 16:00:00+00:00, run_after=2026-02-26 16:00:00+00:00
[2026-02-25T23:23:40.776+0000] {logging_mixin.py:188} INFO - [2026-02-25T23:23:40.776+0000] {dag.py:3954} INFO - Setting next_dagrun for produce_json to 2026-02-25 14:00:00+00:00, run_after=2026-02-26 14:00:00+00:00
[2026-02-25T23:23:40.779+0000] {logging_mixin.py:188} INFO - [2026-02-25T23:23:40.778+0000] {dag.py:3954} INFO - Setting next_dagrun for update_db to 2026-02-25 15:00:00+00:00, run_after=2026-02-26 15:00:00+00:00
[2026-02-25T23:23:40.797+0000] {processor.py:183} INFO - Processing /opt/airflow/dags/main.py took 0.272 seconds
[2026-02-25T23:24:10.907+0000] {processor.py:161} INFO - Started process (PID=127) to work on /opt/airflow/dags/main.py
[2026-02-25T23:24:10.908+0000] {processor.py:830} INFO - Processing file /opt/airflow/dags/main.py for tasks to queue
[2026-02-25T23:24:10.912+0000] {logging_mixin.py:188} INFO - [2026-02-25T23:24:10.911+0000] {dagbag.py:545} INFO - Filling up the DagBag from /opt/airflow/dags/main.py
[2026-02-25T23:24:11.051+0000] {processor.py:840} INFO - DAG(s) 'data_quality_check', 'update_db', 'produce_json' retrieved from /opt/airflow/dags/main.py
[2026-02-25T23:24:11.089+0000] {logging_mixin.py:188} INFO - [2026-02-25T23:24:11.089+0000] {dag.py:3096} INFO - Sync 3 DAGs
[2026-02-25T23:24:11.115+0000] {logging_mixin.py:188} INFO - [2026-02-25T23:24:11.115+0000] {dag.py:3954} INFO - Setting next_dagrun for data_quality_check to 2026-02-25 16:00:00+00:00, run_after=2026-02-26 16:00:00+00:00
[2026-02-25T23:24:11.121+0000] {logging_mixin.py:188} INFO - [2026-02-25T23:24:11.121+0000] {dag.py:3954} INFO - Setting next_dagrun for produce_json to 2026-02-25 14:00:00+00:00, run_after=2026-02-26 14:00:00+00:00
[2026-02-25T23:24:11.125+0000] {logging_mixin.py:188} INFO - [2026-02-25T23:24:11.125+0000] {dag.py:3954} INFO - Setting next_dagrun for update_db to 2026-02-25 15:00:00+00:00, run_after=2026-02-26 15:00:00+00:00
[2026-02-25T23:24:11.146+0000] {processor.py:183} INFO - Processing /opt/airflow/dags/main.py took 0.250 seconds
[2026-02-25T23:24:41.289+0000] {processor.py:161} INFO - Started process (PID=135) to work on /opt/airflow/dags/main.py
[2026-02-25T23:24:41.291+0000] {processor.py:830} INFO - Processing file /opt/airflow/dags/main.py for tasks to queue
[2026-02-25T23:24:41.294+0000] {logging_mixin.py:188} INFO - [2026-02-25T23:24:41.293+0000] {dagbag.py:545} INFO - Filling up the DagBag from /opt/airflow/dags/main.py
[2026-02-25T23:24:41.405+0000] {processor.py:840} INFO - DAG(s) 'data_quality_check', 'produce_json', 'update_db' retrieved from /opt/airflow/dags/main.py
[2026-02-25T23:24:41.439+0000] {logging_mixin.py:188} INFO - [2026-02-25T23:24:41.439+0000] {dag.py:3096} INFO - Sync 3 DAGs
[2026-02-25T23:24:41.462+0000] {logging_mixin.py:188} INFO - [2026-02-25T23:24:41.462+0000] {dag.py:3954} INFO - Setting next_dagrun for data_quality_check to 2026-02-25 16:00:00+00:00, run_after=2026-02-26 16:00:00+00:00
[2026-02-25T23:24:41.468+0000] {logging_mixin.py:188} INFO - [2026-02-25T23:24:41.468+0000] {dag.py:3954} INFO - Setting next_dagrun for produce_json to 2026-02-25 14:00:00+00:00, run_after=2026-02-26 14:00:00+00:00
[2026-02-25T23:24:41.471+0000] {logging_mixin.py:188} INFO - [2026-02-25T23:24:41.471+0000] {dag.py:3954} INFO - Setting next_dagrun for update_db to 2026-02-25 15:00:00+00:00, run_after=2026-02-26 15:00:00+00:00
[2026-02-25T23:24:41.489+0000] {processor.py:183} INFO - Processing /opt/airflow/dags/main.py took 0.207 seconds
[2026-02-25T23:25:11.650+0000] {processor.py:161} INFO - Started process (PID=143) to work on /opt/airflow/dags/main.py
[2026-02-25T23:25:11.651+0000] {processor.py:830} INFO - Processing file /opt/airflow/dags/main.py for tasks to queue
[2026-02-25T23:25:11.653+0000] {logging_mixin.py:188} INFO - [2026-02-25T23:25:11.653+0000] {dagbag.py:545} INFO - Filling up the DagBag from /opt/airflow/dags/main.py
[2026-02-25T23:25:11.757+0000] {processor.py:840} INFO - DAG(s) 'produce_json', 'update_db', 'data_quality_check' retrieved from /opt/airflow/dags/main.py
[2026-02-25T23:25:11.788+0000] {logging_mixin.py:188} INFO - [2026-02-25T23:25:11.788+0000] {dag.py:3096} INFO - Sync 3 DAGs
[2026-02-25T23:25:11.808+0000] {logging_mixin.py:188} INFO - [2026-02-25T23:25:11.808+0000] {dag.py:3954} INFO - Setting next_dagrun for data_quality_check to 2026-02-25 16:00:00+00:00, run_after=2026-02-26 16:00:00+00:00
[2026-02-25T23:25:11.812+0000] {logging_mixin.py:188} INFO - [2026-02-25T23:25:11.812+0000] {dag.py:3954} INFO - Setting next_dagrun for produce_json to 2026-02-25 14:00:00+00:00, run_after=2026-02-26 14:00:00+00:00
[2026-02-25T23:25:11.816+0000] {logging_mixin.py:188} INFO - [2026-02-25T23:25:11.815+0000] {dag.py:3954} INFO - Setting next_dagrun for update_db to 2026-02-25 15:00:00+00:00, run_after=2026-02-26 15:00:00+00:00
[2026-02-25T23:25:11.835+0000] {processor.py:183} INFO - Processing /opt/airflow/dags/main.py took 0.191 seconds
[2026-02-25T23:25:42.160+0000] {processor.py:161} INFO - Started process (PID=151) to work on /opt/airflow/dags/main.py
[2026-02-25T23:25:42.162+0000] {processor.py:830} INFO - Processing file /opt/airflow/dags/main.py for tasks to queue
[2026-02-25T23:25:42.164+0000] {logging_mixin.py:188} INFO - [2026-02-25T23:25:42.164+0000] {dagbag.py:545} INFO - Filling up the DagBag from /opt/airflow/dags/main.py
[2026-02-25T23:25:42.268+0000] {processor.py:840} INFO - DAG(s) 'data_quality_check', 'produce_json', 'update_db' retrieved from /opt/airflow/dags/main.py
[2026-02-25T23:25:42.301+0000] {logging_mixin.py:188} INFO - [2026-02-25T23:25:42.300+0000] {dag.py:3096} INFO - Sync 3 DAGs
[2026-02-25T23:25:42.324+0000] {logging_mixin.py:188} INFO - [2026-02-25T23:25:42.324+0000] {dag.py:3954} INFO - Setting next_dagrun for data_quality_check to 2026-02-25 16:00:00+00:00, run_after=2026-02-26 16:00:00+00:00
[2026-02-25T23:25:42.329+0000] {logging_mixin.py:188} INFO - [2026-02-25T23:25:42.328+0000] {dag.py:3954} INFO - Setting next_dagrun for produce_json to 2026-02-25 14:00:00+00:00, run_after=2026-02-26 14:00:00+00:00
[2026-02-25T23:25:42.331+0000] {logging_mixin.py:188} INFO - [2026-02-25T23:25:42.331+0000] {dag.py:3954} INFO - Setting next_dagrun for update_db to 2026-02-25 15:00:00+00:00, run_after=2026-02-26 15:00:00+00:00
[2026-02-25T23:25:42.353+0000] {processor.py:183} INFO - Processing /opt/airflow/dags/main.py took 0.199 seconds
[2026-02-25T23:26:12.492+0000] {processor.py:161} INFO - Started process (PID=159) to work on /opt/airflow/dags/main.py
[2026-02-25T23:26:12.495+0000] {processor.py:830} INFO - Processing file /opt/airflow/dags/main.py for tasks to queue
[2026-02-25T23:26:12.497+0000] {logging_mixin.py:188} INFO - [2026-02-25T23:26:12.497+0000] {dagbag.py:545} INFO - Filling up the DagBag from /opt/airflow/dags/main.py
[2026-02-25T23:26:12.609+0000] {processor.py:840} INFO - DAG(s) 'produce_json', 'data_quality_check', 'update_db' retrieved from /opt/airflow/dags/main.py
[2026-02-25T23:26:12.641+0000] {logging_mixin.py:188} INFO - [2026-02-25T23:26:12.641+0000] {dag.py:3096} INFO - Sync 3 DAGs
[2026-02-25T23:26:12.663+0000] {logging_mixin.py:188} INFO - [2026-02-25T23:26:12.663+0000] {dag.py:3954} INFO - Setting next_dagrun for data_quality_check to 2026-02-25 16:00:00+00:00, run_after=2026-02-26 16:00:00+00:00
[2026-02-25T23:26:12.669+0000] {logging_mixin.py:188} INFO - [2026-02-25T23:26:12.669+0000] {dag.py:3954} INFO - Setting next_dagrun for produce_json to 2026-02-25 14:00:00+00:00, run_after=2026-02-26 14:00:00+00:00
[2026-02-25T23:26:12.672+0000] {logging_mixin.py:188} INFO - [2026-02-25T23:26:12.672+0000] {dag.py:3954} INFO - Setting next_dagrun for update_db to 2026-02-25 15:00:00+00:00, run_after=2026-02-26 15:00:00+00:00
[2026-02-25T23:26:12.690+0000] {processor.py:183} INFO - Processing /opt/airflow/dags/main.py took 0.204 seconds
[2026-02-25T23:26:42.882+0000] {processor.py:161} INFO - Started process (PID=167) to work on /opt/airflow/dags/main.py
[2026-02-25T23:26:42.883+0000] {processor.py:830} INFO - Processing file /opt/airflow/dags/main.py for tasks to queue
[2026-02-25T23:26:42.885+0000] {logging_mixin.py:188} INFO - [2026-02-25T23:26:42.884+0000] {dagbag.py:545} INFO - Filling up the DagBag from /opt/airflow/dags/main.py
[2026-02-25T23:26:43.032+0000] {processor.py:840} INFO - DAG(s) 'produce_json', 'update_db', 'data_quality_check' retrieved from /opt/airflow/dags/main.py
[2026-02-25T23:26:43.072+0000] {logging_mixin.py:188} INFO - [2026-02-25T23:26:43.072+0000] {dag.py:3096} INFO - Sync 3 DAGs
[2026-02-25T23:26:43.096+0000] {logging_mixin.py:188} INFO - [2026-02-25T23:26:43.096+0000] {dag.py:3954} INFO - Setting next_dagrun for data_quality_check to 2026-02-25 16:00:00+00:00, run_after=2026-02-26 16:00:00+00:00
[2026-02-25T23:26:43.102+0000] {logging_mixin.py:188} INFO - [2026-02-25T23:26:43.101+0000] {dag.py:3954} INFO - Setting next_dagrun for produce_json to 2026-02-25 14:00:00+00:00, run_after=2026-02-26 14:00:00+00:00
[2026-02-25T23:26:43.105+0000] {logging_mixin.py:188} INFO - [2026-02-25T23:26:43.105+0000] {dag.py:3954} INFO - Setting next_dagrun for update_db to 2026-02-25 15:00:00+00:00, run_after=2026-02-26 15:00:00+00:00
[2026-02-25T23:26:43.126+0000] {processor.py:183} INFO - Processing /opt/airflow/dags/main.py took 0.250 seconds
[2026-02-25T23:27:13.315+0000] {processor.py:161} INFO - Started process (PID=175) to work on /opt/airflow/dags/main.py
[2026-02-25T23:27:13.316+0000] {processor.py:830} INFO - Processing file /opt/airflow/dags/main.py for tasks to queue
[2026-02-25T23:27:13.319+0000] {logging_mixin.py:188} INFO - [2026-02-25T23:27:13.318+0000] {dagbag.py:545} INFO - Filling up the DagBag from /opt/airflow/dags/main.py
[2026-02-25T23:27:13.425+0000] {processor.py:840} INFO - DAG(s) 'produce_json', 'update_db', 'data_quality_check' retrieved from /opt/airflow/dags/main.py
[2026-02-25T23:27:13.455+0000] {logging_mixin.py:188} INFO - [2026-02-25T23:27:13.455+0000] {dag.py:3096} INFO - Sync 3 DAGs
[2026-02-25T23:27:13.474+0000] {logging_mixin.py:188} INFO - [2026-02-25T23:27:13.474+0000] {dag.py:3954} INFO - Setting next_dagrun for data_quality_check to 2026-02-25 16:00:00+00:00, run_after=2026-02-26 16:00:00+00:00
[2026-02-25T23:27:13.479+0000] {logging_mixin.py:188} INFO - [2026-02-25T23:27:13.479+0000] {dag.py:3954} INFO - Setting next_dagrun for produce_json to 2026-02-25 14:00:00+00:00, run_after=2026-02-26 14:00:00+00:00
[2026-02-25T23:27:13.482+0000] {logging_mixin.py:188} INFO - [2026-02-25T23:27:13.482+0000] {dag.py:3954} INFO - Setting next_dagrun for update_db to 2026-02-25 15:00:00+00:00, run_after=2026-02-26 15:00:00+00:00
[2026-02-25T23:27:13.501+0000] {processor.py:183} INFO - Processing /opt/airflow/dags/main.py took 0.191 seconds
[2026-02-25T23:27:43.644+0000] {processor.py:161} INFO - Started process (PID=183) to work on /opt/airflow/dags/main.py
[2026-02-25T23:27:43.645+0000] {processor.py:830} INFO - Processing file /opt/airflow/dags/main.py for tasks to queue
[2026-02-25T23:27:43.647+0000] {logging_mixin.py:188} INFO - [2026-02-25T23:27:43.647+0000] {dagbag.py:545} INFO - Filling up the DagBag from /opt/airflow/dags/main.py
[2026-02-25T23:27:43.766+0000] {processor.py:840} INFO - DAG(s) 'update_db', 'produce_json', 'data_quality_check' retrieved from /opt/airflow/dags/main.py
[2026-02-25T23:27:43.808+0000] {logging_mixin.py:188} INFO - [2026-02-25T23:27:43.807+0000] {dag.py:3096} INFO - Sync 3 DAGs
[2026-02-25T23:27:43.831+0000] {logging_mixin.py:188} INFO - [2026-02-25T23:27:43.831+0000] {dag.py:3954} INFO - Setting next_dagrun for data_quality_check to 2026-02-25 16:00:00+00:00, run_after=2026-02-26 16:00:00+00:00
[2026-02-25T23:27:43.836+0000] {logging_mixin.py:188} INFO - [2026-02-25T23:27:43.836+0000] {dag.py:3954} INFO - Setting next_dagrun for produce_json to 2026-02-25 14:00:00+00:00, run_after=2026-02-26 14:00:00+00:00
[2026-02-25T23:27:43.839+0000] {logging_mixin.py:188} INFO - [2026-02-25T23:27:43.839+0000] {dag.py:3954} INFO - Setting next_dagrun for update_db to 2026-02-25 15:00:00+00:00, run_after=2026-02-26 15:00:00+00:00
[2026-02-25T23:27:43.858+0000] {processor.py:183} INFO - Processing /opt/airflow/dags/main.py took 0.219 seconds
[2026-02-25T23:28:14.029+0000] {processor.py:161} INFO - Started process (PID=191) to work on /opt/airflow/dags/main.py
[2026-02-25T23:28:14.030+0000] {processor.py:830} INFO - Processing file /opt/airflow/dags/main.py for tasks to queue
[2026-02-25T23:28:14.033+0000] {logging_mixin.py:188} INFO - [2026-02-25T23:28:14.033+0000] {dagbag.py:545} INFO - Filling up the DagBag from /opt/airflow/dags/main.py
[2026-02-25T23:28:14.148+0000] {processor.py:840} INFO - DAG(s) 'update_db', 'produce_json', 'data_quality_check' retrieved from /opt/airflow/dags/main.py
[2026-02-25T23:28:14.198+0000] {logging_mixin.py:188} INFO - [2026-02-25T23:28:14.198+0000] {dag.py:3096} INFO - Sync 3 DAGs
[2026-02-25T23:28:14.235+0000] {logging_mixin.py:188} INFO - [2026-02-25T23:28:14.234+0000] {dag.py:3954} INFO - Setting next_dagrun for data_quality_check to 2026-02-25 16:00:00+00:00, run_after=2026-02-26 16:00:00+00:00
[2026-02-25T23:28:14.242+0000] {logging_mixin.py:188} INFO - [2026-02-25T23:28:14.241+0000] {dag.py:3954} INFO - Setting next_dagrun for produce_json to 2026-02-25 14:00:00+00:00, run_after=2026-02-26 14:00:00+00:00
[2026-02-25T23:28:14.247+0000] {logging_mixin.py:188} INFO - [2026-02-25T23:28:14.247+0000] {dag.py:3954} INFO - Setting next_dagrun for update_db to 2026-02-25 15:00:00+00:00, run_after=2026-02-26 15:00:00+00:00
[2026-02-25T23:28:14.270+0000] {processor.py:183} INFO - Processing /opt/airflow/dags/main.py took 0.249 seconds
[2026-02-25T23:28:44.392+0000] {processor.py:161} INFO - Started process (PID=199) to work on /opt/airflow/dags/main.py
[2026-02-25T23:28:44.394+0000] {processor.py:830} INFO - Processing file /opt/airflow/dags/main.py for tasks to queue
[2026-02-25T23:28:44.398+0000] {logging_mixin.py:188} INFO - [2026-02-25T23:28:44.396+0000] {dagbag.py:545} INFO - Filling up the DagBag from /opt/airflow/dags/main.py
[2026-02-25T23:28:44.535+0000] {processor.py:840} INFO - DAG(s) 'data_quality_check', 'produce_json', 'update_db' retrieved from /opt/airflow/dags/main.py
[2026-02-25T23:28:44.570+0000] {logging_mixin.py:188} INFO - [2026-02-25T23:28:44.570+0000] {dag.py:3096} INFO - Sync 3 DAGs
[2026-02-25T23:28:44.595+0000] {logging_mixin.py:188} INFO - [2026-02-25T23:28:44.595+0000] {dag.py:3954} INFO - Setting next_dagrun for data_quality_check to 2026-02-25 16:00:00+00:00, run_after=2026-02-26 16:00:00+00:00
[2026-02-25T23:28:44.600+0000] {logging_mixin.py:188} INFO - [2026-02-25T23:28:44.600+0000] {dag.py:3954} INFO - Setting next_dagrun for produce_json to 2026-02-25 14:00:00+00:00, run_after=2026-02-26 14:00:00+00:00
[2026-02-25T23:28:44.604+0000] {logging_mixin.py:188} INFO - [2026-02-25T23:28:44.604+0000] {dag.py:3954} INFO - Setting next_dagrun for update_db to 2026-02-25 15:00:00+00:00, run_after=2026-02-26 15:00:00+00:00
[2026-02-25T23:28:44.622+0000] {processor.py:183} INFO - Processing /opt/airflow/dags/main.py took 0.237 seconds
[2026-02-25T23:29:14.847+0000] {processor.py:161} INFO - Started process (PID=207) to work on /opt/airflow/dags/main.py
[2026-02-25T23:29:14.848+0000] {processor.py:830} INFO - Processing file /opt/airflow/dags/main.py for tasks to queue
[2026-02-25T23:29:14.849+0000] {logging_mixin.py:188} INFO - [2026-02-25T23:29:14.849+0000] {dagbag.py:545} INFO - Filling up the DagBag from /opt/airflow/dags/main.py
[2026-02-25T23:29:14.941+0000] {processor.py:840} INFO - DAG(s) 'produce_json', 'data_quality_check', 'update_db' retrieved from /opt/airflow/dags/main.py
[2026-02-25T23:29:14.973+0000] {logging_mixin.py:188} INFO - [2026-02-25T23:29:14.973+0000] {dag.py:3096} INFO - Sync 3 DAGs
[2026-02-25T23:29:14.993+0000] {logging_mixin.py:188} INFO - [2026-02-25T23:29:14.993+0000] {dag.py:3954} INFO - Setting next_dagrun for data_quality_check to 2026-02-25 16:00:00+00:00, run_after=2026-02-26 16:00:00+00:00
[2026-02-25T23:29:14.998+0000] {logging_mixin.py:188} INFO - [2026-02-25T23:29:14.998+0000] {dag.py:3954} INFO - Setting next_dagrun for produce_json to 2026-02-25 14:00:00+00:00, run_after=2026-02-26 14:00:00+00:00
[2026-02-25T23:29:15.001+0000] {logging_mixin.py:188} INFO - [2026-02-25T23:29:15.001+0000] {dag.py:3954} INFO - Setting next_dagrun for update_db to 2026-02-25 15:00:00+00:00, run_after=2026-02-26 15:00:00+00:00
[2026-02-25T23:29:15.020+0000] {processor.py:183} INFO - Processing /opt/airflow/dags/main.py took 0.179 seconds
[2026-02-25T23:29:45.232+0000] {processor.py:161} INFO - Started process (PID=215) to work on /opt/airflow/dags/main.py
[2026-02-25T23:29:45.238+0000] {processor.py:830} INFO - Processing file /opt/airflow/dags/main.py for tasks to queue
[2026-02-25T23:29:45.240+0000] {logging_mixin.py:188} INFO - [2026-02-25T23:29:45.239+0000] {dagbag.py:545} INFO - Filling up the DagBag from /opt/airflow/dags/main.py
[2026-02-25T23:29:45.340+0000] {processor.py:840} INFO - DAG(s) 'data_quality_check', 'update_db', 'produce_json' retrieved from /opt/airflow/dags/main.py
[2026-02-25T23:29:45.370+0000] {logging_mixin.py:188} INFO - [2026-02-25T23:29:45.370+0000] {dag.py:3096} INFO - Sync 3 DAGs
[2026-02-25T23:29:45.390+0000] {logging_mixin.py:188} INFO - [2026-02-25T23:29:45.390+0000] {dag.py:3954} INFO - Setting next_dagrun for data_quality_check to 2026-02-25 16:00:00+00:00, run_after=2026-02-26 16:00:00+00:00
[2026-02-25T23:29:45.395+0000] {logging_mixin.py:188} INFO - [2026-02-25T23:29:45.395+0000] {dag.py:3954} INFO - Setting next_dagrun for produce_json to 2026-02-25 14:00:00+00:00, run_after=2026-02-26 14:00:00+00:00
[2026-02-25T23:29:45.398+0000] {logging_mixin.py:188} INFO - [2026-02-25T23:29:45.398+0000] {dag.py:3954} INFO - Setting next_dagrun for update_db to 2026-02-25 15:00:00+00:00, run_after=2026-02-26 15:00:00+00:00
[2026-02-25T23:29:45.417+0000] {processor.py:183} INFO - Processing /opt/airflow/dags/main.py took 0.190 seconds
[2026-02-25T23:30:15.603+0000] {processor.py:161} INFO - Started process (PID=223) to work on /opt/airflow/dags/main.py
[2026-02-25T23:30:15.604+0000] {processor.py:830} INFO - Processing file /opt/airflow/dags/main.py for tasks to queue
[2026-02-25T23:30:15.607+0000] {logging_mixin.py:188} INFO - [2026-02-25T23:30:15.607+0000] {dagbag.py:545} INFO - Filling up the DagBag from /opt/airflow/dags/main.py
[2026-02-25T23:30:15.717+0000] {processor.py:840} INFO - DAG(s) 'produce_json', 'update_db', 'data_quality_check' retrieved from /opt/airflow/dags/main.py
[2026-02-25T23:30:15.751+0000] {logging_mixin.py:188} INFO - [2026-02-25T23:30:15.751+0000] {dag.py:3096} INFO - Sync 3 DAGs
[2026-02-25T23:30:15.773+0000] {logging_mixin.py:188} INFO - [2026-02-25T23:30:15.772+0000] {dag.py:3954} INFO - Setting next_dagrun for data_quality_check to 2026-02-25 16:00:00+00:00, run_after=2026-02-26 16:00:00+00:00
[2026-02-25T23:30:15.777+0000] {logging_mixin.py:188} INFO - [2026-02-25T23:30:15.777+0000] {dag.py:3954} INFO - Setting next_dagrun for produce_json to 2026-02-25 14:00:00+00:00, run_after=2026-02-26 14:00:00+00:00
[2026-02-25T23:30:15.780+0000] {logging_mixin.py:188} INFO - [2026-02-25T23:30:15.780+0000] {dag.py:3954} INFO - Setting next_dagrun for update_db to 2026-02-25 15:00:00+00:00, run_after=2026-02-26 15:00:00+00:00
[2026-02-25T23:30:15.798+0000] {processor.py:183} INFO - Processing /opt/airflow/dags/main.py took 0.202 seconds
[2026-02-25T23:30:45.998+0000] {processor.py:161} INFO - Started process (PID=231) to work on /opt/airflow/dags/main.py
[2026-02-25T23:30:45.999+0000] {processor.py:830} INFO - Processing file /opt/airflow/dags/main.py for tasks to queue
[2026-02-25T23:30:46.001+0000] {logging_mixin.py:188} INFO - [2026-02-25T23:30:46.001+0000] {dagbag.py:545} INFO - Filling up the DagBag from /opt/airflow/dags/main.py
[2026-02-25T23:30:46.107+0000] {processor.py:840} INFO - DAG(s) 'produce_json', 'update_db', 'data_quality_check' retrieved from /opt/airflow/dags/main.py
[2026-02-25T23:30:46.137+0000] {logging_mixin.py:188} INFO - [2026-02-25T23:30:46.137+0000] {dag.py:3096} INFO - Sync 3 DAGs
[2026-02-25T23:30:46.157+0000] {logging_mixin.py:188} INFO - [2026-02-25T23:30:46.157+0000] {dag.py:3954} INFO - Setting next_dagrun for data_quality_check to 2026-02-25 16:00:00+00:00, run_after=2026-02-26 16:00:00+00:00
[2026-02-25T23:30:46.162+0000] {logging_mixin.py:188} INFO - [2026-02-25T23:30:46.162+0000] {dag.py:3954} INFO - Setting next_dagrun for produce_json to 2026-02-25 14:00:00+00:00, run_after=2026-02-26 14:00:00+00:00
[2026-02-25T23:30:46.165+0000] {logging_mixin.py:188} INFO - [2026-02-25T23:30:46.165+0000] {dag.py:3954} INFO - Setting next_dagrun for update_db to 2026-02-25 15:00:00+00:00, run_after=2026-02-26 15:00:00+00:00
[2026-02-25T23:30:46.184+0000] {processor.py:183} INFO - Processing /opt/airflow/dags/main.py took 0.192 seconds
[2026-02-25T23:31:16.418+0000] {processor.py:161} INFO - Started process (PID=239) to work on /opt/airflow/dags/main.py
[2026-02-25T23:31:16.420+0000] {processor.py:830} INFO - Processing file /opt/airflow/dags/main.py for tasks to queue
[2026-02-25T23:31:16.423+0000] {logging_mixin.py:188} INFO - [2026-02-25T23:31:16.422+0000] {dagbag.py:545} INFO - Filling up the DagBag from /opt/airflow/dags/main.py
[2026-02-25T23:31:16.552+0000] {processor.py:840} INFO - DAG(s) 'update_db', 'data_quality_check', 'produce_json' retrieved from /opt/airflow/dags/main.py
[2026-02-25T23:31:16.582+0000] {logging_mixin.py:188} INFO - [2026-02-25T23:31:16.582+0000] {dag.py:3096} INFO - Sync 3 DAGs
[2026-02-25T23:31:16.605+0000] {logging_mixin.py:188} INFO - [2026-02-25T23:31:16.605+0000] {dag.py:3954} INFO - Setting next_dagrun for data_quality_check to 2026-02-25 16:00:00+00:00, run_after=2026-02-26 16:00:00+00:00
[2026-02-25T23:31:16.610+0000] {logging_mixin.py:188} INFO - [2026-02-25T23:31:16.610+0000] {dag.py:3954} INFO - Setting next_dagrun for produce_json to 2026-02-25 14:00:00+00:00, run_after=2026-02-26 14:00:00+00:00
[2026-02-25T23:31:16.613+0000] {logging_mixin.py:188} INFO - [2026-02-25T23:31:16.613+0000] {dag.py:3954} INFO - Setting next_dagrun for update_db to 2026-02-25 15:00:00+00:00, run_after=2026-02-26 15:00:00+00:00
[2026-02-25T23:31:16.628+0000] {processor.py:183} INFO - Processing /opt/airflow/dags/main.py took 0.219 seconds
[2026-02-25T23:31:46.825+0000] {processor.py:161} INFO - Started process (PID=247) to work on /opt/airflow/dags/main.py
[2026-02-25T23:31:46.826+0000] {processor.py:830} INFO - Processing file /opt/airflow/dags/main.py for tasks to queue
[2026-02-25T23:31:46.828+0000] {logging_mixin.py:188} INFO - [2026-02-25T23:31:46.828+0000] {dagbag.py:545} INFO - Filling up the DagBag from /opt/airflow/dags/main.py
[2026-02-25T23:31:46.945+0000] {processor.py:840} INFO - DAG(s) 'data_quality_check', 'update_db', 'produce_json' retrieved from /opt/airflow/dags/main.py
[2026-02-25T23:31:46.978+0000] {logging_mixin.py:188} INFO - [2026-02-25T23:31:46.978+0000] {dag.py:3096} INFO - Sync 3 DAGs
[2026-02-25T23:31:47.000+0000] {logging_mixin.py:188} INFO - [2026-02-25T23:31:47.000+0000] {dag.py:3954} INFO - Setting next_dagrun for data_quality_check to 2026-02-25 16:00:00+00:00, run_after=2026-02-26 16:00:00+00:00
[2026-02-25T23:31:47.005+0000] {logging_mixin.py:188} INFO - [2026-02-25T23:31:47.005+0000] {dag.py:3954} INFO - Setting next_dagrun for produce_json to 2026-02-25 14:00:00+00:00, run_after=2026-02-26 14:00:00+00:00
[2026-02-25T23:31:47.009+0000] {logging_mixin.py:188} INFO - [2026-02-25T23:31:47.009+0000] {dag.py:3954} INFO - Setting next_dagrun for update_db to 2026-02-25 15:00:00+00:00, run_after=2026-02-26 15:00:00+00:00
[2026-02-25T23:31:47.028+0000] {processor.py:183} INFO - Processing /opt/airflow/dags/main.py took 0.209 seconds
[2026-02-25T23:32:17.218+0000] {processor.py:161} INFO - Started process (PID=255) to work on /opt/airflow/dags/main.py
[2026-02-25T23:32:17.219+0000] {processor.py:830} INFO - Processing file /opt/airflow/dags/main.py for tasks to queue
[2026-02-25T23:32:17.221+0000] {logging_mixin.py:188} INFO - [2026-02-25T23:32:17.221+0000] {dagbag.py:545} INFO - Filling up the DagBag from /opt/airflow/dags/main.py
[2026-02-25T23:32:17.332+0000] {processor.py:840} INFO - DAG(s) 'data_quality_check', 'produce_json', 'update_db' retrieved from /opt/airflow/dags/main.py
[2026-02-25T23:32:17.363+0000] {logging_mixin.py:188} INFO - [2026-02-25T23:32:17.363+0000] {dag.py:3096} INFO - Sync 3 DAGs
[2026-02-25T23:32:17.383+0000] {logging_mixin.py:188} INFO - [2026-02-25T23:32:17.383+0000] {dag.py:3954} INFO - Setting next_dagrun for data_quality_check to 2026-02-25 16:00:00+00:00, run_after=2026-02-26 16:00:00+00:00
[2026-02-25T23:32:17.388+0000] {logging_mixin.py:188} INFO - [2026-02-25T23:32:17.387+0000] {dag.py:3954} INFO - Setting next_dagrun for produce_json to 2026-02-25 14:00:00+00:00, run_after=2026-02-26 14:00:00+00:00
[2026-02-25T23:32:17.390+0000] {logging_mixin.py:188} INFO - [2026-02-25T23:32:17.390+0000] {dag.py:3954} INFO - Setting next_dagrun for update_db to 2026-02-25 15:00:00+00:00, run_after=2026-02-26 15:00:00+00:00
[2026-02-25T23:32:17.410+0000] {processor.py:183} INFO - Processing /opt/airflow/dags/main.py took 0.198 seconds
[2026-02-25T23:32:47.654+0000] {processor.py:161} INFO - Started process (PID=263) to work on /opt/airflow/dags/main.py
[2026-02-25T23:32:47.656+0000] {processor.py:830} INFO - Processing file /opt/airflow/dags/main.py for tasks to queue
[2026-02-25T23:32:47.659+0000] {logging_mixin.py:188} INFO - [2026-02-25T23:32:47.659+0000] {dagbag.py:545} INFO - Filling up the DagBag from /opt/airflow/dags/main.py
[2026-02-25T23:32:47.828+0000] {processor.py:840} INFO - DAG(s) 'data_quality_check', 'produce_json', 'update_db' retrieved from /opt/airflow/dags/main.py
[2026-02-25T23:32:47.871+0000] {logging_mixin.py:188} INFO - [2026-02-25T23:32:47.871+0000] {dag.py:3096} INFO - Sync 3 DAGs
[2026-02-25T23:32:47.901+0000] {logging_mixin.py:188} INFO - [2026-02-25T23:32:47.901+0000] {dag.py:3954} INFO - Setting next_dagrun for data_quality_check to 2026-02-25 16:00:00+00:00, run_after=2026-02-26 16:00:00+00:00
[2026-02-25T23:32:47.907+0000] {logging_mixin.py:188} INFO - [2026-02-25T23:32:47.907+0000] {dag.py:3954} INFO - Setting next_dagrun for produce_json to 2026-02-25 14:00:00+00:00, run_after=2026-02-26 14:00:00+00:00
[2026-02-25T23:32:47.913+0000] {logging_mixin.py:188} INFO - [2026-02-25T23:32:47.913+0000] {dag.py:3954} INFO - Setting next_dagrun for update_db to 2026-02-25 15:00:00+00:00, run_after=2026-02-26 15:00:00+00:00
[2026-02-25T23:32:47.939+0000] {processor.py:183} INFO - Processing /opt/airflow/dags/main.py took 0.298 seconds
[2026-02-25T23:33:18.061+0000] {processor.py:161} INFO - Started process (PID=271) to work on /opt/airflow/dags/main.py
[2026-02-25T23:33:18.062+0000] {processor.py:830} INFO - Processing file /opt/airflow/dags/main.py for tasks to queue
[2026-02-25T23:33:18.063+0000] {logging_mixin.py:188} INFO - [2026-02-25T23:33:18.063+0000] {dagbag.py:545} INFO - Filling up the DagBag from /opt/airflow/dags/main.py
[2026-02-25T23:33:18.166+0000] {processor.py:840} INFO - DAG(s) 'data_quality_check', 'produce_json', 'update_db' retrieved from /opt/airflow/dags/main.py
[2026-02-25T23:33:18.196+0000] {logging_mixin.py:188} INFO - [2026-02-25T23:33:18.196+0000] {dag.py:3096} INFO - Sync 3 DAGs
[2026-02-25T23:33:18.216+0000] {logging_mixin.py:188} INFO - [2026-02-25T23:33:18.216+0000] {dag.py:3954} INFO - Setting next_dagrun for data_quality_check to 2026-02-25 16:00:00+00:00, run_after=2026-02-26 16:00:00+00:00
[2026-02-25T23:33:18.221+0000] {logging_mixin.py:188} INFO - [2026-02-25T23:33:18.220+0000] {dag.py:3954} INFO - Setting next_dagrun for produce_json to 2026-02-25 14:00:00+00:00, run_after=2026-02-26 14:00:00+00:00
[2026-02-25T23:33:18.224+0000] {logging_mixin.py:188} INFO - [2026-02-25T23:33:18.223+0000] {dag.py:3954} INFO - Setting next_dagrun for update_db to 2026-02-25 15:00:00+00:00, run_after=2026-02-26 15:00:00+00:00
[2026-02-25T23:33:18.242+0000] {processor.py:183} INFO - Processing /opt/airflow/dags/main.py took 0.187 seconds
[2026-02-25T23:33:48.432+0000] {processor.py:161} INFO - Started process (PID=279) to work on /opt/airflow/dags/main.py
[2026-02-25T23:33:48.433+0000] {processor.py:830} INFO - Processing file /opt/airflow/dags/main.py for tasks to queue
[2026-02-25T23:33:48.436+0000] {logging_mixin.py:188} INFO - [2026-02-25T23:33:48.435+0000] {dagbag.py:545} INFO - Filling up the DagBag from /opt/airflow/dags/main.py
[2026-02-25T23:33:48.574+0000] {processor.py:840} INFO - DAG(s) 'update_db', 'data_quality_check', 'produce_json' retrieved from /opt/airflow/dags/main.py
[2026-02-25T23:33:48.604+0000] {logging_mixin.py:188} INFO - [2026-02-25T23:33:48.603+0000] {dag.py:3096} INFO - Sync 3 DAGs
[2026-02-25T23:33:48.630+0000] {logging_mixin.py:188} INFO - [2026-02-25T23:33:48.630+0000] {dag.py:3954} INFO - Setting next_dagrun for data_quality_check to 2026-02-25 16:00:00+00:00, run_after=2026-02-26 16:00:00+00:00
[2026-02-25T23:33:48.636+0000] {logging_mixin.py:188} INFO - [2026-02-25T23:33:48.636+0000] {dag.py:3954} INFO - Setting next_dagrun for produce_json to 2026-02-25 14:00:00+00:00, run_after=2026-02-26 14:00:00+00:00
[2026-02-25T23:33:48.640+0000] {logging_mixin.py:188} INFO - [2026-02-25T23:33:48.640+0000] {dag.py:3954} INFO - Setting next_dagrun for update_db to 2026-02-25 15:00:00+00:00, run_after=2026-02-26 15:00:00+00:00
[2026-02-25T23:33:48.660+0000] {processor.py:183} INFO - Processing /opt/airflow/dags/main.py took 0.238 seconds
[2026-02-25T23:34:18.840+0000] {processor.py:161} INFO - Started process (PID=287) to work on /opt/airflow/dags/main.py
[2026-02-25T23:34:18.842+0000] {processor.py:830} INFO - Processing file /opt/airflow/dags/main.py for tasks to queue
[2026-02-25T23:34:18.846+0000] {logging_mixin.py:188} INFO - [2026-02-25T23:34:18.845+0000] {dagbag.py:545} INFO - Filling up the DagBag from /opt/airflow/dags/main.py
[2026-02-25T23:34:18.965+0000] {processor.py:840} INFO - DAG(s) 'update_db', 'produce_json', 'data_quality_check' retrieved from /opt/airflow/dags/main.py
[2026-02-25T23:34:19.002+0000] {logging_mixin.py:188} INFO - [2026-02-25T23:34:19.002+0000] {dag.py:3096} INFO - Sync 3 DAGs
[2026-02-25T23:34:19.029+0000] {logging_mixin.py:188} INFO - [2026-02-25T23:34:19.029+0000] {dag.py:3954} INFO - Setting next_dagrun for data_quality_check to 2026-02-25 16:00:00+00:00, run_after=2026-02-26 16:00:00+00:00
[2026-02-25T23:34:19.035+0000] {logging_mixin.py:188} INFO - [2026-02-25T23:34:19.035+0000] {dag.py:3954} INFO - Setting next_dagrun for produce_json to 2026-02-25 14:00:00+00:00, run_after=2026-02-26 14:00:00+00:00
[2026-02-25T23:34:19.038+0000] {logging_mixin.py:188} INFO - [2026-02-25T23:34:19.038+0000] {dag.py:3954} INFO - Setting next_dagrun for update_db to 2026-02-25 15:00:00+00:00, run_after=2026-02-26 15:00:00+00:00
[2026-02-25T23:34:19.054+0000] {processor.py:183} INFO - Processing /opt/airflow/dags/main.py took 0.219 seconds
[2026-02-25T23:34:49.265+0000] {processor.py:161} INFO - Started process (PID=295) to work on /opt/airflow/dags/main.py
[2026-02-25T23:34:49.266+0000] {processor.py:830} INFO - Processing file /opt/airflow/dags/main.py for tasks to queue
[2026-02-25T23:34:49.268+0000] {logging_mixin.py:188} INFO - [2026-02-25T23:34:49.268+0000] {dagbag.py:545} INFO - Filling up the DagBag from /opt/airflow/dags/main.py
[2026-02-25T23:34:49.370+0000] {processor.py:840} INFO - DAG(s) 'update_db', 'data_quality_check', 'produce_json' retrieved from /opt/airflow/dags/main.py
[2026-02-25T23:34:49.405+0000] {logging_mixin.py:188} INFO - [2026-02-25T23:34:49.404+0000] {dag.py:3096} INFO - Sync 3 DAGs
[2026-02-25T23:34:49.425+0000] {logging_mixin.py:188} INFO - [2026-02-25T23:34:49.425+0000] {dag.py:3954} INFO - Setting next_dagrun for data_quality_check to 2026-02-25 16:00:00+00:00, run_after=2026-02-26 16:00:00+00:00
[2026-02-25T23:34:49.430+0000] {logging_mixin.py:188} INFO - [2026-02-25T23:34:49.430+0000] {dag.py:3954} INFO - Setting next_dagrun for produce_json to 2026-02-25 14:00:00+00:00, run_after=2026-02-26 14:00:00+00:00
[2026-02-25T23:34:49.433+0000] {logging_mixin.py:188} INFO - [2026-02-25T23:34:49.433+0000] {dag.py:3954} INFO - Setting next_dagrun for update_db to 2026-02-25 15:00:00+00:00, run_after=2026-02-26 15:00:00+00:00
[2026-02-25T23:34:49.448+0000] {processor.py:183} INFO - Processing /opt/airflow/dags/main.py took 0.188 seconds
[2026-02-25T23:35:19.641+0000] {processor.py:161} INFO - Started process (PID=303) to work on /opt/airflow/dags/main.py
[2026-02-25T23:35:19.642+0000] {processor.py:830} INFO - Processing file /opt/airflow/dags/main.py for tasks to queue
[2026-02-25T23:35:19.645+0000] {logging_mixin.py:188} INFO - [2026-02-25T23:35:19.645+0000] {dagbag.py:545} INFO - Filling up the DagBag from /opt/airflow/dags/main.py
[2026-02-25T23:35:19.810+0000] {processor.py:840} INFO - DAG(s) 'update_db', 'data_quality_check', 'produce_json' retrieved from /opt/airflow/dags/main.py
[2026-02-25T23:35:19.862+0000] {logging_mixin.py:188} INFO - [2026-02-25T23:35:19.862+0000] {dag.py:3096} INFO - Sync 3 DAGs
[2026-02-25T23:35:19.899+0000] {logging_mixin.py:188} INFO - [2026-02-25T23:35:19.899+0000] {dag.py:3954} INFO - Setting next_dagrun for data_quality_check to 2026-02-25 16:00:00+00:00, run_after=2026-02-26 16:00:00+00:00
[2026-02-25T23:35:19.909+0000] {logging_mixin.py:188} INFO - [2026-02-25T23:35:19.909+0000] {dag.py:3954} INFO - Setting next_dagrun for produce_json to 2026-02-25 14:00:00+00:00, run_after=2026-02-26 14:00:00+00:00
[2026-02-25T23:35:19.916+0000] {logging_mixin.py:188} INFO - [2026-02-25T23:35:19.915+0000] {dag.py:3954} INFO - Setting next_dagrun for update_db to 2026-02-25 15:00:00+00:00, run_after=2026-02-26 15:00:00+00:00
[2026-02-25T23:35:19.945+0000] {processor.py:183} INFO - Processing /opt/airflow/dags/main.py took 0.313 seconds
[2026-02-25T23:35:50.125+0000] {processor.py:161} INFO - Started process (PID=312) to work on /opt/airflow/dags/main.py
[2026-02-25T23:35:50.126+0000] {processor.py:830} INFO - Processing file /opt/airflow/dags/main.py for tasks to queue
[2026-02-25T23:35:50.129+0000] {logging_mixin.py:188} INFO - [2026-02-25T23:35:50.128+0000] {dagbag.py:545} INFO - Filling up the DagBag from /opt/airflow/dags/main.py
[2026-02-25T23:35:50.280+0000] {processor.py:840} INFO - DAG(s) 'data_quality_check', 'produce_json', 'update_db' retrieved from /opt/airflow/dags/main.py
[2026-02-25T23:35:50.359+0000] {logging_mixin.py:188} INFO - [2026-02-25T23:35:50.358+0000] {dag.py:3096} INFO - Sync 3 DAGs
[2026-02-25T23:35:50.418+0000] {logging_mixin.py:188} INFO - [2026-02-25T23:35:50.418+0000] {dag.py:3954} INFO - Setting next_dagrun for data_quality_check to 2026-02-25 16:00:00+00:00, run_after=2026-02-26 16:00:00+00:00
[2026-02-25T23:35:50.427+0000] {logging_mixin.py:188} INFO - [2026-02-25T23:35:50.427+0000] {dag.py:3954} INFO - Setting next_dagrun for produce_json to 2026-02-25 14:00:00+00:00, run_after=2026-02-26 14:00:00+00:00
[2026-02-25T23:35:50.432+0000] {logging_mixin.py:188} INFO - [2026-02-25T23:35:50.431+0000] {dag.py:3954} INFO - Setting next_dagrun for update_db to 2026-02-25 15:00:00+00:00, run_after=2026-02-26 15:00:00+00:00
[2026-02-25T23:35:50.460+0000] {processor.py:183} INFO - Processing /opt/airflow/dags/main.py took 0.342 seconds
[2026-02-25T23:36:20.532+0000] {processor.py:161} INFO - Started process (PID=320) to work on /opt/airflow/dags/main.py
[2026-02-25T23:36:20.534+0000] {processor.py:830} INFO - Processing file /opt/airflow/dags/main.py for tasks to queue
[2026-02-25T23:36:20.537+0000] {logging_mixin.py:188} INFO - [2026-02-25T23:36:20.536+0000] {dagbag.py:545} INFO - Filling up the DagBag from /opt/airflow/dags/main.py
[2026-02-25T23:36:20.746+0000] {processor.py:840} INFO - DAG(s) 'produce_json', 'update_db', 'data_quality_check' retrieved from /opt/airflow/dags/main.py
[2026-02-25T23:36:20.806+0000] {logging_mixin.py:188} INFO - [2026-02-25T23:36:20.805+0000] {dag.py:3096} INFO - Sync 3 DAGs
[2026-02-25T23:36:20.845+0000] {logging_mixin.py:188} INFO - [2026-02-25T23:36:20.845+0000] {dag.py:3954} INFO - Setting next_dagrun for data_quality_check to 2026-02-25 16:00:00+00:00, run_after=2026-02-26 16:00:00+00:00
[2026-02-25T23:36:20.856+0000] {logging_mixin.py:188} INFO - [2026-02-25T23:36:20.855+0000] {dag.py:3954} INFO - Setting next_dagrun for produce_json to 2026-02-25 14:00:00+00:00, run_after=2026-02-26 14:00:00+00:00
[2026-02-25T23:36:20.861+0000] {logging_mixin.py:188} INFO - [2026-02-25T23:36:20.860+0000] {dag.py:3954} INFO - Setting next_dagrun for update_db to 2026-02-25 15:00:00+00:00, run_after=2026-02-26 15:00:00+00:00
[2026-02-25T23:36:20.893+0000] {processor.py:183} INFO - Processing /opt/airflow/dags/main.py took 0.373 seconds
[2026-02-25T23:36:51.751+0000] {processor.py:161} INFO - Started process (PID=328) to work on /opt/airflow/dags/main.py
[2026-02-25T23:36:51.754+0000] {processor.py:830} INFO - Processing file /opt/airflow/dags/main.py for tasks to queue
[2026-02-25T23:36:51.757+0000] {logging_mixin.py:188} INFO - [2026-02-25T23:36:51.756+0000] {dagbag.py:545} INFO - Filling up the DagBag from /opt/airflow/dags/main.py
[2026-02-25T23:36:51.958+0000] {processor.py:840} INFO - DAG(s) 'produce_json', 'update_db', 'data_quality_check' retrieved from /opt/airflow/dags/main.py
[2026-02-25T23:36:52.017+0000] {logging_mixin.py:188} INFO - [2026-02-25T23:36:52.016+0000] {dag.py:3096} INFO - Sync 3 DAGs
[2026-02-25T23:36:52.057+0000] {logging_mixin.py:188} INFO - [2026-02-25T23:36:52.057+0000] {dag.py:3954} INFO - Setting next_dagrun for data_quality_check to 2026-02-25 16:00:00+00:00, run_after=2026-02-26 16:00:00+00:00
[2026-02-25T23:36:52.068+0000] {logging_mixin.py:188} INFO - [2026-02-25T23:36:52.067+0000] {dag.py:3954} INFO - Setting next_dagrun for produce_json to 2026-02-25 14:00:00+00:00, run_after=2026-02-26 14:00:00+00:00
[2026-02-25T23:36:52.072+0000] {logging_mixin.py:188} INFO - [2026-02-25T23:36:52.072+0000] {dag.py:3954} INFO - Setting next_dagrun for update_db to 2026-02-25 15:00:00+00:00, run_after=2026-02-26 15:00:00+00:00
[2026-02-25T23:36:52.099+0000] {processor.py:183} INFO - Processing /opt/airflow/dags/main.py took 0.358 seconds
[2026-02-25T23:37:22.201+0000] {processor.py:161} INFO - Started process (PID=336) to work on /opt/airflow/dags/main.py
[2026-02-25T23:37:22.203+0000] {processor.py:830} INFO - Processing file /opt/airflow/dags/main.py for tasks to queue
[2026-02-25T23:37:22.205+0000] {logging_mixin.py:188} INFO - [2026-02-25T23:37:22.204+0000] {dagbag.py:545} INFO - Filling up the DagBag from /opt/airflow/dags/main.py
[2026-02-25T23:37:22.338+0000] {processor.py:840} INFO - DAG(s) 'data_quality_check', 'update_db', 'produce_json' retrieved from /opt/airflow/dags/main.py
[2026-02-25T23:37:22.377+0000] {logging_mixin.py:188} INFO - [2026-02-25T23:37:22.376+0000] {dag.py:3096} INFO - Sync 3 DAGs
[2026-02-25T23:37:22.408+0000] {logging_mixin.py:188} INFO - [2026-02-25T23:37:22.408+0000] {dag.py:3954} INFO - Setting next_dagrun for data_quality_check to 2026-02-25 16:00:00+00:00, run_after=2026-02-26 16:00:00+00:00
[2026-02-25T23:37:22.416+0000] {logging_mixin.py:188} INFO - [2026-02-25T23:37:22.415+0000] {dag.py:3954} INFO - Setting next_dagrun for produce_json to 2026-02-25 14:00:00+00:00, run_after=2026-02-26 14:00:00+00:00
[2026-02-25T23:37:22.419+0000] {logging_mixin.py:188} INFO - [2026-02-25T23:37:22.419+0000] {dag.py:3954} INFO - Setting next_dagrun for update_db to 2026-02-25 15:00:00+00:00, run_after=2026-02-26 15:00:00+00:00
[2026-02-25T23:37:22.440+0000] {processor.py:183} INFO - Processing /opt/airflow/dags/main.py took 0.247 seconds
[2026-02-25T23:37:52.623+0000] {processor.py:161} INFO - Started process (PID=344) to work on /opt/airflow/dags/main.py
[2026-02-25T23:37:52.624+0000] {processor.py:830} INFO - Processing file /opt/airflow/dags/main.py for tasks to queue
[2026-02-25T23:37:52.627+0000] {logging_mixin.py:188} INFO - [2026-02-25T23:37:52.627+0000] {dagbag.py:545} INFO - Filling up the DagBag from /opt/airflow/dags/main.py
[2026-02-25T23:37:52.757+0000] {processor.py:840} INFO - DAG(s) 'update_db', 'data_quality_check', 'produce_json' retrieved from /opt/airflow/dags/main.py
[2026-02-25T23:37:52.797+0000] {logging_mixin.py:188} INFO - [2026-02-25T23:37:52.796+0000] {dag.py:3096} INFO - Sync 3 DAGs
[2026-02-25T23:37:52.822+0000] {logging_mixin.py:188} INFO - [2026-02-25T23:37:52.822+0000] {dag.py:3954} INFO - Setting next_dagrun for data_quality_check to 2026-02-25 16:00:00+00:00, run_after=2026-02-26 16:00:00+00:00
[2026-02-25T23:37:52.829+0000] {logging_mixin.py:188} INFO - [2026-02-25T23:37:52.829+0000] {dag.py:3954} INFO - Setting next_dagrun for produce_json to 2026-02-25 14:00:00+00:00, run_after=2026-02-26 14:00:00+00:00
[2026-02-25T23:37:52.832+0000] {logging_mixin.py:188} INFO - [2026-02-25T23:37:52.832+0000] {dag.py:3954} INFO - Setting next_dagrun for update_db to 2026-02-25 15:00:00+00:00, run_after=2026-02-26 15:00:00+00:00
[2026-02-25T23:37:52.854+0000] {processor.py:183} INFO - Processing /opt/airflow/dags/main.py took 0.238 seconds
[2026-02-25T23:38:22.986+0000] {processor.py:161} INFO - Started process (PID=352) to work on /opt/airflow/dags/main.py
[2026-02-25T23:38:22.988+0000] {processor.py:830} INFO - Processing file /opt/airflow/dags/main.py for tasks to queue
[2026-02-25T23:38:22.991+0000] {logging_mixin.py:188} INFO - [2026-02-25T23:38:22.990+0000] {dagbag.py:545} INFO - Filling up the DagBag from /opt/airflow/dags/main.py
[2026-02-25T23:38:23.172+0000] {processor.py:840} INFO - DAG(s) 'produce_json', 'update_db', 'data_quality_check' retrieved from /opt/airflow/dags/main.py
[2026-02-25T23:38:23.226+0000] {logging_mixin.py:188} INFO - [2026-02-25T23:38:23.226+0000] {dag.py:3096} INFO - Sync 3 DAGs
[2026-02-25T23:38:23.267+0000] {logging_mixin.py:188} INFO - [2026-02-25T23:38:23.267+0000] {dag.py:3954} INFO - Setting next_dagrun for data_quality_check to 2026-02-25 16:00:00+00:00, run_after=2026-02-26 16:00:00+00:00
[2026-02-25T23:38:23.274+0000] {logging_mixin.py:188} INFO - [2026-02-25T23:38:23.274+0000] {dag.py:3954} INFO - Setting next_dagrun for produce_json to 2026-02-25 14:00:00+00:00, run_after=2026-02-26 14:00:00+00:00
[2026-02-25T23:38:23.278+0000] {logging_mixin.py:188} INFO - [2026-02-25T23:38:23.277+0000] {dag.py:3954} INFO - Setting next_dagrun for update_db to 2026-02-25 15:00:00+00:00, run_after=2026-02-26 15:00:00+00:00
[2026-02-25T23:38:23.303+0000] {processor.py:183} INFO - Processing /opt/airflow/dags/main.py took 0.332 seconds
[2026-02-25T23:38:54.206+0000] {processor.py:161} INFO - Started process (PID=360) to work on /opt/airflow/dags/main.py
[2026-02-25T23:38:54.208+0000] {processor.py:830} INFO - Processing file /opt/airflow/dags/main.py for tasks to queue
[2026-02-25T23:38:54.211+0000] {logging_mixin.py:188} INFO - [2026-02-25T23:38:54.211+0000] {dagbag.py:545} INFO - Filling up the DagBag from /opt/airflow/dags/main.py
[2026-02-25T23:38:54.331+0000] {processor.py:840} INFO - DAG(s) 'data_quality_check', 'produce_json', 'update_db' retrieved from /opt/airflow/dags/main.py
[2026-02-25T23:38:54.372+0000] {logging_mixin.py:188} INFO - [2026-02-25T23:38:54.372+0000] {dag.py:3096} INFO - Sync 3 DAGs
[2026-02-25T23:38:54.396+0000] {logging_mixin.py:188} INFO - [2026-02-25T23:38:54.396+0000] {dag.py:3954} INFO - Setting next_dagrun for data_quality_check to 2026-02-25 16:00:00+00:00, run_after=2026-02-26 16:00:00+00:00
[2026-02-25T23:38:54.401+0000] {logging_mixin.py:188} INFO - [2026-02-25T23:38:54.401+0000] {dag.py:3954} INFO - Setting next_dagrun for produce_json to 2026-02-25 14:00:00+00:00, run_after=2026-02-26 14:00:00+00:00
[2026-02-25T23:38:54.404+0000] {logging_mixin.py:188} INFO - [2026-02-25T23:38:54.404+0000] {dag.py:3954} INFO - Setting next_dagrun for update_db to 2026-02-25 15:00:00+00:00, run_after=2026-02-26 15:00:00+00:00
[2026-02-25T23:38:54.423+0000] {processor.py:183} INFO - Processing /opt/airflow/dags/main.py took 0.224 seconds
[2026-02-25T23:39:24.671+0000] {processor.py:161} INFO - Started process (PID=368) to work on /opt/airflow/dags/main.py
[2026-02-25T23:39:24.673+0000] {processor.py:830} INFO - Processing file /opt/airflow/dags/main.py for tasks to queue
[2026-02-25T23:39:24.675+0000] {logging_mixin.py:188} INFO - [2026-02-25T23:39:24.675+0000] {dagbag.py:545} INFO - Filling up the DagBag from /opt/airflow/dags/main.py
[2026-02-25T23:39:24.836+0000] {processor.py:840} INFO - DAG(s) 'data_quality_check', 'update_db', 'produce_json' retrieved from /opt/airflow/dags/main.py
[2026-02-25T23:39:24.892+0000] {logging_mixin.py:188} INFO - [2026-02-25T23:39:24.892+0000] {dag.py:3096} INFO - Sync 3 DAGs
[2026-02-25T23:39:24.939+0000] {logging_mixin.py:188} INFO - [2026-02-25T23:39:24.938+0000] {dag.py:3954} INFO - Setting next_dagrun for data_quality_check to 2026-02-25 16:00:00+00:00, run_after=2026-02-26 16:00:00+00:00
[2026-02-25T23:39:24.949+0000] {logging_mixin.py:188} INFO - [2026-02-25T23:39:24.949+0000] {dag.py:3954} INFO - Setting next_dagrun for produce_json to 2026-02-25 14:00:00+00:00, run_after=2026-02-26 14:00:00+00:00
[2026-02-25T23:39:24.956+0000] {logging_mixin.py:188} INFO - [2026-02-25T23:39:24.955+0000] {dag.py:3954} INFO - Setting next_dagrun for update_db to 2026-02-25 15:00:00+00:00, run_after=2026-02-26 15:00:00+00:00
[2026-02-25T23:39:24.988+0000] {processor.py:183} INFO - Processing /opt/airflow/dags/main.py took 0.327 seconds
[2026-02-25T23:39:55.145+0000] {processor.py:161} INFO - Started process (PID=376) to work on /opt/airflow/dags/main.py
[2026-02-25T23:39:55.147+0000] {processor.py:830} INFO - Processing file /opt/airflow/dags/main.py for tasks to queue
[2026-02-25T23:39:55.151+0000] {logging_mixin.py:188} INFO - [2026-02-25T23:39:55.150+0000] {dagbag.py:545} INFO - Filling up the DagBag from /opt/airflow/dags/main.py
[2026-02-25T23:39:55.348+0000] {processor.py:840} INFO - DAG(s) 'data_quality_check', 'produce_json', 'update_db' retrieved from /opt/airflow/dags/main.py
[2026-02-25T23:39:55.432+0000] {logging_mixin.py:188} INFO - [2026-02-25T23:39:55.431+0000] {dag.py:3096} INFO - Sync 3 DAGs
[2026-02-25T23:39:55.484+0000] {logging_mixin.py:188} INFO - [2026-02-25T23:39:55.483+0000] {dag.py:3954} INFO - Setting next_dagrun for data_quality_check to 2026-02-25 16:00:00+00:00, run_after=2026-02-26 16:00:00+00:00
[2026-02-25T23:39:55.499+0000] {logging_mixin.py:188} INFO - [2026-02-25T23:39:55.499+0000] {dag.py:3954} INFO - Setting next_dagrun for produce_json to 2026-02-25 14:00:00+00:00, run_after=2026-02-26 14:00:00+00:00
[2026-02-25T23:39:55.507+0000] {logging_mixin.py:188} INFO - [2026-02-25T23:39:55.507+0000] {dag.py:3954} INFO - Setting next_dagrun for update_db to 2026-02-25 15:00:00+00:00, run_after=2026-02-26 15:00:00+00:00
[2026-02-25T23:39:55.550+0000] {processor.py:183} INFO - Processing /opt/airflow/dags/main.py took 0.412 seconds
[2026-02-25T23:40:26.360+0000] {processor.py:161} INFO - Started process (PID=385) to work on /opt/airflow/dags/main.py
[2026-02-25T23:40:26.362+0000] {processor.py:830} INFO - Processing file /opt/airflow/dags/main.py for tasks to queue
[2026-02-25T23:40:26.369+0000] {logging_mixin.py:188} INFO - [2026-02-25T23:40:26.369+0000] {dagbag.py:545} INFO - Filling up the DagBag from /opt/airflow/dags/main.py
[2026-02-25T23:40:26.548+0000] {processor.py:840} INFO - DAG(s) 'data_quality_check', 'produce_json', 'update_db' retrieved from /opt/airflow/dags/main.py
[2026-02-25T23:40:26.617+0000] {logging_mixin.py:188} INFO - [2026-02-25T23:40:26.617+0000] {dag.py:3096} INFO - Sync 3 DAGs
[2026-02-25T23:40:26.671+0000] {logging_mixin.py:188} INFO - [2026-02-25T23:40:26.671+0000] {dag.py:3954} INFO - Setting next_dagrun for data_quality_check to 2026-02-25 16:00:00+00:00, run_after=2026-02-26 16:00:00+00:00
[2026-02-25T23:40:26.679+0000] {logging_mixin.py:188} INFO - [2026-02-25T23:40:26.678+0000] {dag.py:3954} INFO - Setting next_dagrun for produce_json to 2026-02-25 14:00:00+00:00, run_after=2026-02-26 14:00:00+00:00
[2026-02-25T23:40:26.682+0000] {logging_mixin.py:188} INFO - [2026-02-25T23:40:26.682+0000] {dag.py:3954} INFO - Setting next_dagrun for update_db to 2026-02-25 15:00:00+00:00, run_after=2026-02-26 15:00:00+00:00
[2026-02-25T23:40:26.709+0000] {processor.py:183} INFO - Processing /opt/airflow/dags/main.py took 0.357 seconds
[2026-02-25T23:40:57.034+0000] {processor.py:161} INFO - Started process (PID=393) to work on /opt/airflow/dags/main.py
[2026-02-25T23:40:57.037+0000] {processor.py:830} INFO - Processing file /opt/airflow/dags/main.py for tasks to queue
[2026-02-25T23:40:57.049+0000] {logging_mixin.py:188} INFO - [2026-02-25T23:40:57.046+0000] {dagbag.py:545} INFO - Filling up the DagBag from /opt/airflow/dags/main.py
[2026-02-25T23:40:57.266+0000] {processor.py:840} INFO - DAG(s) 'data_quality_check', 'produce_json', 'update_db' retrieved from /opt/airflow/dags/main.py
[2026-02-25T23:40:57.334+0000] {logging_mixin.py:188} INFO - [2026-02-25T23:40:57.334+0000] {dag.py:3096} INFO - Sync 3 DAGs
[2026-02-25T23:40:57.382+0000] {logging_mixin.py:188} INFO - [2026-02-25T23:40:57.382+0000] {dag.py:3954} INFO - Setting next_dagrun for data_quality_check to 2026-02-25 16:00:00+00:00, run_after=2026-02-26 16:00:00+00:00
[2026-02-25T23:40:57.392+0000] {logging_mixin.py:188} INFO - [2026-02-25T23:40:57.391+0000] {dag.py:3954} INFO - Setting next_dagrun for produce_json to 2026-02-25 14:00:00+00:00, run_after=2026-02-26 14:00:00+00:00
[2026-02-25T23:40:57.398+0000] {logging_mixin.py:188} INFO - [2026-02-25T23:40:57.397+0000] {dag.py:3954} INFO - Setting next_dagrun for update_db to 2026-02-25 15:00:00+00:00, run_after=2026-02-26 15:00:00+00:00
[2026-02-25T23:40:57.422+0000] {processor.py:183} INFO - Processing /opt/airflow/dags/main.py took 0.409 seconds
[2026-02-25T23:41:27.640+0000] {processor.py:161} INFO - Started process (PID=401) to work on /opt/airflow/dags/main.py
[2026-02-25T23:41:27.642+0000] {processor.py:830} INFO - Processing file /opt/airflow/dags/main.py for tasks to queue
[2026-02-25T23:41:27.644+0000] {logging_mixin.py:188} INFO - [2026-02-25T23:41:27.644+0000] {dagbag.py:545} INFO - Filling up the DagBag from /opt/airflow/dags/main.py
[2026-02-25T23:41:27.810+0000] {processor.py:840} INFO - DAG(s) 'update_db', 'data_quality_check', 'produce_json' retrieved from /opt/airflow/dags/main.py
[2026-02-25T23:41:27.855+0000] {logging_mixin.py:188} INFO - [2026-02-25T23:41:27.855+0000] {dag.py:3096} INFO - Sync 3 DAGs
[2026-02-25T23:41:27.891+0000] {logging_mixin.py:188} INFO - [2026-02-25T23:41:27.891+0000] {dag.py:3954} INFO - Setting next_dagrun for data_quality_check to 2026-02-25 16:00:00+00:00, run_after=2026-02-26 16:00:00+00:00
[2026-02-25T23:41:27.899+0000] {logging_mixin.py:188} INFO - [2026-02-25T23:41:27.898+0000] {dag.py:3954} INFO - Setting next_dagrun for produce_json to 2026-02-25 14:00:00+00:00, run_after=2026-02-26 14:00:00+00:00
[2026-02-25T23:41:27.903+0000] {logging_mixin.py:188} INFO - [2026-02-25T23:41:27.903+0000] {dag.py:3954} INFO - Setting next_dagrun for update_db to 2026-02-25 15:00:00+00:00, run_after=2026-02-26 15:00:00+00:00
[2026-02-25T23:41:27.929+0000] {processor.py:183} INFO - Processing /opt/airflow/dags/main.py took 0.299 seconds
[2026-02-25T23:41:58.041+0000] {processor.py:161} INFO - Started process (PID=409) to work on /opt/airflow/dags/main.py
[2026-02-25T23:41:58.043+0000] {processor.py:830} INFO - Processing file /opt/airflow/dags/main.py for tasks to queue
[2026-02-25T23:41:58.048+0000] {logging_mixin.py:188} INFO - [2026-02-25T23:41:58.048+0000] {dagbag.py:545} INFO - Filling up the DagBag from /opt/airflow/dags/main.py
[2026-02-25T23:41:58.320+0000] {processor.py:840} INFO - DAG(s) 'update_db', 'data_quality_check', 'produce_json' retrieved from /opt/airflow/dags/main.py
[2026-02-25T23:41:58.393+0000] {logging_mixin.py:188} INFO - [2026-02-25T23:41:58.393+0000] {dag.py:3096} INFO - Sync 3 DAGs
[2026-02-25T23:41:58.438+0000] {logging_mixin.py:188} INFO - [2026-02-25T23:41:58.438+0000] {dag.py:3954} INFO - Setting next_dagrun for data_quality_check to 2026-02-25 16:00:00+00:00, run_after=2026-02-26 16:00:00+00:00
[2026-02-25T23:41:58.447+0000] {logging_mixin.py:188} INFO - [2026-02-25T23:41:58.446+0000] {dag.py:3954} INFO - Setting next_dagrun for produce_json to 2026-02-25 14:00:00+00:00, run_after=2026-02-26 14:00:00+00:00
[2026-02-25T23:41:58.451+0000] {logging_mixin.py:188} INFO - [2026-02-25T23:41:58.451+0000] {dag.py:3954} INFO - Setting next_dagrun for update_db to 2026-02-25 15:00:00+00:00, run_after=2026-02-26 15:00:00+00:00
[2026-02-25T23:41:58.481+0000] {processor.py:183} INFO - Processing /opt/airflow/dags/main.py took 0.452 seconds
[2026-02-25T23:42:29.228+0000] {processor.py:161} INFO - Started process (PID=417) to work on /opt/airflow/dags/main.py
[2026-02-25T23:42:29.229+0000] {processor.py:830} INFO - Processing file /opt/airflow/dags/main.py for tasks to queue
[2026-02-25T23:42:29.232+0000] {logging_mixin.py:188} INFO - [2026-02-25T23:42:29.231+0000] {dagbag.py:545} INFO - Filling up the DagBag from /opt/airflow/dags/main.py
[2026-02-25T23:42:29.385+0000] {processor.py:840} INFO - DAG(s) 'update_db', 'produce_json', 'data_quality_check' retrieved from /opt/airflow/dags/main.py
[2026-02-25T23:42:29.427+0000] {logging_mixin.py:188} INFO - [2026-02-25T23:42:29.427+0000] {dag.py:3096} INFO - Sync 3 DAGs
[2026-02-25T23:42:29.457+0000] {logging_mixin.py:188} INFO - [2026-02-25T23:42:29.456+0000] {dag.py:3954} INFO - Setting next_dagrun for data_quality_check to 2026-02-25 16:00:00+00:00, run_after=2026-02-26 16:00:00+00:00
[2026-02-25T23:42:29.464+0000] {logging_mixin.py:188} INFO - [2026-02-25T23:42:29.464+0000] {dag.py:3954} INFO - Setting next_dagrun for produce_json to 2026-02-25 14:00:00+00:00, run_after=2026-02-26 14:00:00+00:00
[2026-02-25T23:42:29.470+0000] {logging_mixin.py:188} INFO - [2026-02-25T23:42:29.470+0000] {dag.py:3954} INFO - Setting next_dagrun for update_db to 2026-02-25 15:00:00+00:00, run_after=2026-02-26 15:00:00+00:00
[2026-02-25T23:42:29.493+0000] {processor.py:183} INFO - Processing /opt/airflow/dags/main.py took 0.273 seconds
[2026-02-25T23:42:59.542+0000] {processor.py:161} INFO - Started process (PID=425) to work on /opt/airflow/dags/main.py
[2026-02-25T23:42:59.544+0000] {processor.py:830} INFO - Processing file /opt/airflow/dags/main.py for tasks to queue
[2026-02-25T23:42:59.546+0000] {logging_mixin.py:188} INFO - [2026-02-25T23:42:59.546+0000] {dagbag.py:545} INFO - Filling up the DagBag from /opt/airflow/dags/main.py
[2026-02-25T23:42:59.702+0000] {processor.py:840} INFO - DAG(s) 'produce_json', 'update_db', 'data_quality_check' retrieved from /opt/airflow/dags/main.py
[2026-02-25T23:42:59.745+0000] {logging_mixin.py:188} INFO - [2026-02-25T23:42:59.745+0000] {dag.py:3096} INFO - Sync 3 DAGs
[2026-02-25T23:42:59.778+0000] {logging_mixin.py:188} INFO - [2026-02-25T23:42:59.778+0000] {dag.py:3954} INFO - Setting next_dagrun for data_quality_check to 2026-02-25 16:00:00+00:00, run_after=2026-02-26 16:00:00+00:00
[2026-02-25T23:42:59.787+0000] {logging_mixin.py:188} INFO - [2026-02-25T23:42:59.787+0000] {dag.py:3954} INFO - Setting next_dagrun for produce_json to 2026-02-25 14:00:00+00:00, run_after=2026-02-26 14:00:00+00:00
[2026-02-25T23:42:59.791+0000] {logging_mixin.py:188} INFO - [2026-02-25T23:42:59.791+0000] {dag.py:3954} INFO - Setting next_dagrun for update_db to 2026-02-25 15:00:00+00:00, run_after=2026-02-26 15:00:00+00:00
[2026-02-25T23:42:59.820+0000] {processor.py:183} INFO - Processing /opt/airflow/dags/main.py took 0.286 seconds
[2026-02-25T23:43:30.027+0000] {processor.py:161} INFO - Started process (PID=434) to work on /opt/airflow/dags/main.py
[2026-02-25T23:43:30.029+0000] {processor.py:830} INFO - Processing file /opt/airflow/dags/main.py for tasks to queue
[2026-02-25T23:43:30.031+0000] {logging_mixin.py:188} INFO - [2026-02-25T23:43:30.031+0000] {dagbag.py:545} INFO - Filling up the DagBag from /opt/airflow/dags/main.py
[2026-02-25T23:43:30.218+0000] {processor.py:840} INFO - DAG(s) 'produce_json', 'data_quality_check', 'update_db' retrieved from /opt/airflow/dags/main.py
[2026-02-25T23:43:30.263+0000] {logging_mixin.py:188} INFO - [2026-02-25T23:43:30.262+0000] {dag.py:3096} INFO - Sync 3 DAGs
[2026-02-25T23:43:30.294+0000] {logging_mixin.py:188} INFO - [2026-02-25T23:43:30.294+0000] {dag.py:3954} INFO - Setting next_dagrun for data_quality_check to 2026-02-25 16:00:00+00:00, run_after=2026-02-26 16:00:00+00:00
[2026-02-25T23:43:30.301+0000] {logging_mixin.py:188} INFO - [2026-02-25T23:43:30.300+0000] {dag.py:3954} INFO - Setting next_dagrun for produce_json to 2026-02-25 14:00:00+00:00, run_after=2026-02-26 14:00:00+00:00
[2026-02-25T23:43:30.305+0000] {logging_mixin.py:188} INFO - [2026-02-25T23:43:30.304+0000] {dag.py:3954} INFO - Setting next_dagrun for update_db to 2026-02-25 15:00:00+00:00, run_after=2026-02-26 15:00:00+00:00
[2026-02-25T23:43:30.329+0000] {processor.py:183} INFO - Processing /opt/airflow/dags/main.py took 0.310 seconds
[2026-02-25T23:44:00.425+0000] {processor.py:161} INFO - Started process (PID=443) to work on /opt/airflow/dags/main.py
[2026-02-25T23:44:00.426+0000] {processor.py:830} INFO - Processing file /opt/airflow/dags/main.py for tasks to queue
[2026-02-25T23:44:00.428+0000] {logging_mixin.py:188} INFO - [2026-02-25T23:44:00.428+0000] {dagbag.py:545} INFO - Filling up the DagBag from /opt/airflow/dags/main.py
[2026-02-25T23:44:00.624+0000] {processor.py:840} INFO - DAG(s) 'update_db', 'data_quality_check', 'produce_json' retrieved from /opt/airflow/dags/main.py
[2026-02-25T23:44:00.686+0000] {logging_mixin.py:188} INFO - [2026-02-25T23:44:00.685+0000] {dag.py:3096} INFO - Sync 3 DAGs
[2026-02-25T23:44:00.725+0000] {logging_mixin.py:188} INFO - [2026-02-25T23:44:00.724+0000] {dag.py:3954} INFO - Setting next_dagrun for data_quality_check to 2026-02-25 16:00:00+00:00, run_after=2026-02-26 16:00:00+00:00
[2026-02-25T23:44:00.732+0000] {logging_mixin.py:188} INFO - [2026-02-25T23:44:00.732+0000] {dag.py:3954} INFO - Setting next_dagrun for produce_json to 2026-02-25 14:00:00+00:00, run_after=2026-02-26 14:00:00+00:00
[2026-02-25T23:44:00.737+0000] {logging_mixin.py:188} INFO - [2026-02-25T23:44:00.737+0000] {dag.py:3954} INFO - Setting next_dagrun for update_db to 2026-02-25 15:00:00+00:00, run_after=2026-02-26 15:00:00+00:00
[2026-02-25T23:44:00.768+0000] {processor.py:183} INFO - Processing /opt/airflow/dags/main.py took 0.354 seconds
[2026-02-25T23:44:31.621+0000] {processor.py:161} INFO - Started process (PID=451) to work on /opt/airflow/dags/main.py
[2026-02-25T23:44:31.624+0000] {processor.py:830} INFO - Processing file /opt/airflow/dags/main.py for tasks to queue
[2026-02-25T23:44:31.626+0000] {logging_mixin.py:188} INFO - [2026-02-25T23:44:31.626+0000] {dagbag.py:545} INFO - Filling up the DagBag from /opt/airflow/dags/main.py
[2026-02-25T23:44:31.882+0000] {processor.py:840} INFO - DAG(s) 'data_quality_check', 'produce_json', 'update_db' retrieved from /opt/airflow/dags/main.py
[2026-02-25T23:44:31.974+0000] {logging_mixin.py:188} INFO - [2026-02-25T23:44:31.974+0000] {dag.py:3096} INFO - Sync 3 DAGs
[2026-02-25T23:44:32.030+0000] {logging_mixin.py:188} INFO - [2026-02-25T23:44:32.029+0000] {dag.py:3954} INFO - Setting next_dagrun for data_quality_check to 2026-02-25 16:00:00+00:00, run_after=2026-02-26 16:00:00+00:00
[2026-02-25T23:44:32.039+0000] {logging_mixin.py:188} INFO - [2026-02-25T23:44:32.038+0000] {dag.py:3954} INFO - Setting next_dagrun for produce_json to 2026-02-25 14:00:00+00:00, run_after=2026-02-26 14:00:00+00:00
[2026-02-25T23:44:32.047+0000] {logging_mixin.py:188} INFO - [2026-02-25T23:44:32.047+0000] {dag.py:3954} INFO - Setting next_dagrun for update_db to 2026-02-25 15:00:00+00:00, run_after=2026-02-26 15:00:00+00:00
[2026-02-25T23:44:32.085+0000] {processor.py:183} INFO - Processing /opt/airflow/dags/main.py took 0.471 seconds
[2026-02-25T23:45:02.963+0000] {processor.py:161} INFO - Started process (PID=459) to work on /opt/airflow/dags/main.py
[2026-02-25T23:45:02.964+0000] {processor.py:830} INFO - Processing file /opt/airflow/dags/main.py for tasks to queue
[2026-02-25T23:45:02.967+0000] {logging_mixin.py:188} INFO - [2026-02-25T23:45:02.966+0000] {dagbag.py:545} INFO - Filling up the DagBag from /opt/airflow/dags/main.py
[2026-02-25T23:45:03.121+0000] {processor.py:840} INFO - DAG(s) 'data_quality_check', 'update_db', 'produce_json' retrieved from /opt/airflow/dags/main.py
[2026-02-25T23:45:03.174+0000] {logging_mixin.py:188} INFO - [2026-02-25T23:45:03.174+0000] {dag.py:3096} INFO - Sync 3 DAGs
[2026-02-25T23:45:03.213+0000] {logging_mixin.py:188} INFO - [2026-02-25T23:45:03.212+0000] {dag.py:3954} INFO - Setting next_dagrun for data_quality_check to 2026-02-25 16:00:00+00:00, run_after=2026-02-26 16:00:00+00:00
[2026-02-25T23:45:03.220+0000] {logging_mixin.py:188} INFO - [2026-02-25T23:45:03.220+0000] {dag.py:3954} INFO - Setting next_dagrun for produce_json to 2026-02-25 14:00:00+00:00, run_after=2026-02-26 14:00:00+00:00
[2026-02-25T23:45:03.224+0000] {logging_mixin.py:188} INFO - [2026-02-25T23:45:03.224+0000] {dag.py:3954} INFO - Setting next_dagrun for update_db to 2026-02-25 15:00:00+00:00, run_after=2026-02-26 15:00:00+00:00
[2026-02-25T23:45:03.248+0000] {processor.py:183} INFO - Processing /opt/airflow/dags/main.py took 0.293 seconds
[2026-02-25T23:45:33.404+0000] {processor.py:161} INFO - Started process (PID=467) to work on /opt/airflow/dags/main.py
[2026-02-25T23:45:33.405+0000] {processor.py:830} INFO - Processing file /opt/airflow/dags/main.py for tasks to queue
[2026-02-25T23:45:33.408+0000] {logging_mixin.py:188} INFO - [2026-02-25T23:45:33.407+0000] {dagbag.py:545} INFO - Filling up the DagBag from /opt/airflow/dags/main.py
[2026-02-25T23:45:33.558+0000] {processor.py:840} INFO - DAG(s) 'update_db', 'produce_json', 'data_quality_check' retrieved from /opt/airflow/dags/main.py
[2026-02-25T23:45:33.601+0000] {logging_mixin.py:188} INFO - [2026-02-25T23:45:33.601+0000] {dag.py:3096} INFO - Sync 3 DAGs
[2026-02-25T23:45:33.631+0000] {logging_mixin.py:188} INFO - [2026-02-25T23:45:33.630+0000] {dag.py:3954} INFO - Setting next_dagrun for data_quality_check to 2026-02-25 16:00:00+00:00, run_after=2026-02-26 16:00:00+00:00
[2026-02-25T23:45:33.638+0000] {logging_mixin.py:188} INFO - [2026-02-25T23:45:33.638+0000] {dag.py:3954} INFO - Setting next_dagrun for produce_json to 2026-02-25 14:00:00+00:00, run_after=2026-02-26 14:00:00+00:00
[2026-02-25T23:45:33.642+0000] {logging_mixin.py:188} INFO - [2026-02-25T23:45:33.642+0000] {dag.py:3954} INFO - Setting next_dagrun for update_db to 2026-02-25 15:00:00+00:00, run_after=2026-02-26 15:00:00+00:00
[2026-02-25T23:45:33.667+0000] {processor.py:183} INFO - Processing /opt/airflow/dags/main.py took 0.270 seconds
[2026-02-25T23:46:03.875+0000] {processor.py:161} INFO - Started process (PID=475) to work on /opt/airflow/dags/main.py
[2026-02-25T23:46:03.880+0000] {processor.py:830} INFO - Processing file /opt/airflow/dags/main.py for tasks to queue
[2026-02-25T23:46:03.884+0000] {logging_mixin.py:188} INFO - [2026-02-25T23:46:03.883+0000] {dagbag.py:545} INFO - Filling up the DagBag from /opt/airflow/dags/main.py
[2026-02-25T23:46:04.082+0000] {processor.py:840} INFO - DAG(s) 'update_db', 'produce_json', 'data_quality_check' retrieved from /opt/airflow/dags/main.py
[2026-02-25T23:46:04.149+0000] {logging_mixin.py:188} INFO - [2026-02-25T23:46:04.149+0000] {dag.py:3096} INFO - Sync 3 DAGs
[2026-02-25T23:46:04.197+0000] {logging_mixin.py:188} INFO - [2026-02-25T23:46:04.196+0000] {dag.py:3954} INFO - Setting next_dagrun for data_quality_check to 2026-02-25 16:00:00+00:00, run_after=2026-02-26 16:00:00+00:00
[2026-02-25T23:46:04.206+0000] {logging_mixin.py:188} INFO - [2026-02-25T23:46:04.206+0000] {dag.py:3954} INFO - Setting next_dagrun for produce_json to 2026-02-25 14:00:00+00:00, run_after=2026-02-26 14:00:00+00:00
[2026-02-25T23:46:04.212+0000] {logging_mixin.py:188} INFO - [2026-02-25T23:46:04.212+0000] {dag.py:3954} INFO - Setting next_dagrun for update_db to 2026-02-25 15:00:00+00:00, run_after=2026-02-26 15:00:00+00:00
[2026-02-25T23:46:04.246+0000] {processor.py:183} INFO - Processing /opt/airflow/dags/main.py took 0.383 seconds
[2026-02-25T23:46:35.093+0000] {processor.py:161} INFO - Started process (PID=483) to work on /opt/airflow/dags/main.py
[2026-02-25T23:46:35.095+0000] {processor.py:830} INFO - Processing file /opt/airflow/dags/main.py for tasks to queue
[2026-02-25T23:46:35.099+0000] {logging_mixin.py:188} INFO - [2026-02-25T23:46:35.098+0000] {dagbag.py:545} INFO - Filling up the DagBag from /opt/airflow/dags/main.py
[2026-02-25T23:46:35.271+0000] {processor.py:840} INFO - DAG(s) 'update_db', 'data_quality_check', 'produce_json' retrieved from /opt/airflow/dags/main.py
[2026-02-25T23:46:35.339+0000] {logging_mixin.py:188} INFO - [2026-02-25T23:46:35.339+0000] {dag.py:3096} INFO - Sync 3 DAGs
[2026-02-25T23:46:35.379+0000] {logging_mixin.py:188} INFO - [2026-02-25T23:46:35.379+0000] {dag.py:3954} INFO - Setting next_dagrun for data_quality_check to 2026-02-25 16:00:00+00:00, run_after=2026-02-26 16:00:00+00:00
[2026-02-25T23:46:35.387+0000] {logging_mixin.py:188} INFO - [2026-02-25T23:46:35.387+0000] {dag.py:3954} INFO - Setting next_dagrun for produce_json to 2026-02-25 14:00:00+00:00, run_after=2026-02-26 14:00:00+00:00
[2026-02-25T23:46:35.391+0000] {logging_mixin.py:188} INFO - [2026-02-25T23:46:35.391+0000] {dag.py:3954} INFO - Setting next_dagrun for update_db to 2026-02-25 15:00:00+00:00, run_after=2026-02-26 15:00:00+00:00
[2026-02-25T23:46:35.419+0000] {processor.py:183} INFO - Processing /opt/airflow/dags/main.py took 0.339 seconds
[2026-02-25T23:47:05.580+0000] {processor.py:161} INFO - Started process (PID=491) to work on /opt/airflow/dags/main.py
[2026-02-25T23:47:05.581+0000] {processor.py:830} INFO - Processing file /opt/airflow/dags/main.py for tasks to queue
[2026-02-25T23:47:05.583+0000] {logging_mixin.py:188} INFO - [2026-02-25T23:47:05.583+0000] {dagbag.py:545} INFO - Filling up the DagBag from /opt/airflow/dags/main.py
[2026-02-25T23:47:05.737+0000] {processor.py:840} INFO - DAG(s) 'update_db', 'produce_json', 'data_quality_check' retrieved from /opt/airflow/dags/main.py
[2026-02-25T23:47:05.783+0000] {logging_mixin.py:188} INFO - [2026-02-25T23:47:05.782+0000] {dag.py:3096} INFO - Sync 3 DAGs
[2026-02-25T23:47:05.816+0000] {logging_mixin.py:188} INFO - [2026-02-25T23:47:05.816+0000] {dag.py:3954} INFO - Setting next_dagrun for data_quality_check to 2026-02-25 16:00:00+00:00, run_after=2026-02-26 16:00:00+00:00
[2026-02-25T23:47:05.823+0000] {logging_mixin.py:188} INFO - [2026-02-25T23:47:05.823+0000] {dag.py:3954} INFO - Setting next_dagrun for produce_json to 2026-02-25 14:00:00+00:00, run_after=2026-02-26 14:00:00+00:00
[2026-02-25T23:47:05.827+0000] {logging_mixin.py:188} INFO - [2026-02-25T23:47:05.827+0000] {dag.py:3954} INFO - Setting next_dagrun for update_db to 2026-02-25 15:00:00+00:00, run_after=2026-02-26 15:00:00+00:00
[2026-02-25T23:47:05.849+0000] {processor.py:183} INFO - Processing /opt/airflow/dags/main.py took 0.278 seconds
[2026-02-25T23:47:36.750+0000] {processor.py:161} INFO - Started process (PID=499) to work on /opt/airflow/dags/main.py
[2026-02-25T23:47:36.751+0000] {processor.py:830} INFO - Processing file /opt/airflow/dags/main.py for tasks to queue
[2026-02-25T23:47:36.754+0000] {logging_mixin.py:188} INFO - [2026-02-25T23:47:36.753+0000] {dagbag.py:545} INFO - Filling up the DagBag from /opt/airflow/dags/main.py
[2026-02-25T23:47:36.873+0000] {processor.py:840} INFO - DAG(s) 'produce_json', 'update_db', 'data_quality_check' retrieved from /opt/airflow/dags/main.py
[2026-02-25T23:47:36.912+0000] {logging_mixin.py:188} INFO - [2026-02-25T23:47:36.912+0000] {dag.py:3096} INFO - Sync 3 DAGs
[2026-02-25T23:47:36.938+0000] {logging_mixin.py:188} INFO - [2026-02-25T23:47:36.937+0000] {dag.py:3954} INFO - Setting next_dagrun for data_quality_check to 2026-02-25 16:00:00+00:00, run_after=2026-02-26 16:00:00+00:00
[2026-02-25T23:47:36.943+0000] {logging_mixin.py:188} INFO - [2026-02-25T23:47:36.943+0000] {dag.py:3954} INFO - Setting next_dagrun for produce_json to 2026-02-25 14:00:00+00:00, run_after=2026-02-26 14:00:00+00:00
[2026-02-25T23:47:36.947+0000] {logging_mixin.py:188} INFO - [2026-02-25T23:47:36.947+0000] {dag.py:3954} INFO - Setting next_dagrun for update_db to 2026-02-25 15:00:00+00:00, run_after=2026-02-26 15:00:00+00:00
[2026-02-25T23:47:36.967+0000] {processor.py:183} INFO - Processing /opt/airflow/dags/main.py took 0.224 seconds
[2026-02-25T23:48:07.174+0000] {processor.py:161} INFO - Started process (PID=507) to work on /opt/airflow/dags/main.py
[2026-02-25T23:48:07.175+0000] {processor.py:830} INFO - Processing file /opt/airflow/dags/main.py for tasks to queue
[2026-02-25T23:48:07.179+0000] {logging_mixin.py:188} INFO - [2026-02-25T23:48:07.179+0000] {dagbag.py:545} INFO - Filling up the DagBag from /opt/airflow/dags/main.py
[2026-02-25T23:48:07.316+0000] {processor.py:840} INFO - DAG(s) 'data_quality_check', 'update_db', 'produce_json' retrieved from /opt/airflow/dags/main.py
[2026-02-25T23:48:07.354+0000] {logging_mixin.py:188} INFO - [2026-02-25T23:48:07.354+0000] {dag.py:3096} INFO - Sync 3 DAGs
[2026-02-25T23:48:07.387+0000] {logging_mixin.py:188} INFO - [2026-02-25T23:48:07.387+0000] {dag.py:3954} INFO - Setting next_dagrun for data_quality_check to 2026-02-25 16:00:00+00:00, run_after=2026-02-26 16:00:00+00:00
[2026-02-25T23:48:07.394+0000] {logging_mixin.py:188} INFO - [2026-02-25T23:48:07.394+0000] {dag.py:3954} INFO - Setting next_dagrun for produce_json to 2026-02-25 14:00:00+00:00, run_after=2026-02-26 14:00:00+00:00
[2026-02-25T23:48:07.397+0000] {logging_mixin.py:188} INFO - [2026-02-25T23:48:07.397+0000] {dag.py:3954} INFO - Setting next_dagrun for update_db to 2026-02-25 15:00:00+00:00, run_after=2026-02-26 15:00:00+00:00
[2026-02-25T23:48:07.422+0000] {processor.py:183} INFO - Processing /opt/airflow/dags/main.py took 0.257 seconds
[2026-02-25T23:48:37.642+0000] {processor.py:161} INFO - Started process (PID=515) to work on /opt/airflow/dags/main.py
[2026-02-25T23:48:37.644+0000] {processor.py:830} INFO - Processing file /opt/airflow/dags/main.py for tasks to queue
[2026-02-25T23:48:37.647+0000] {logging_mixin.py:188} INFO - [2026-02-25T23:48:37.646+0000] {dagbag.py:545} INFO - Filling up the DagBag from /opt/airflow/dags/main.py
[2026-02-25T23:48:37.827+0000] {processor.py:840} INFO - DAG(s) 'produce_json', 'data_quality_check', 'update_db' retrieved from /opt/airflow/dags/main.py
[2026-02-25T23:48:37.868+0000] {logging_mixin.py:188} INFO - [2026-02-25T23:48:37.868+0000] {dag.py:3096} INFO - Sync 3 DAGs
[2026-02-25T23:48:37.902+0000] {logging_mixin.py:188} INFO - [2026-02-25T23:48:37.902+0000] {dag.py:3954} INFO - Setting next_dagrun for data_quality_check to 2026-02-25 16:00:00+00:00, run_after=2026-02-26 16:00:00+00:00
[2026-02-25T23:48:37.911+0000] {logging_mixin.py:188} INFO - [2026-02-25T23:48:37.911+0000] {dag.py:3954} INFO - Setting next_dagrun for produce_json to 2026-02-25 14:00:00+00:00, run_after=2026-02-26 14:00:00+00:00
[2026-02-25T23:48:37.914+0000] {logging_mixin.py:188} INFO - [2026-02-25T23:48:37.914+0000] {dag.py:3954} INFO - Setting next_dagrun for update_db to 2026-02-25 15:00:00+00:00, run_after=2026-02-26 15:00:00+00:00
[2026-02-25T23:48:37.946+0000] {processor.py:183} INFO - Processing /opt/airflow/dags/main.py took 0.316 seconds
[2026-02-25T23:49:08.077+0000] {processor.py:161} INFO - Started process (PID=523) to work on /opt/airflow/dags/main.py
[2026-02-25T23:49:08.078+0000] {processor.py:830} INFO - Processing file /opt/airflow/dags/main.py for tasks to queue
[2026-02-25T23:49:08.080+0000] {logging_mixin.py:188} INFO - [2026-02-25T23:49:08.080+0000] {dagbag.py:545} INFO - Filling up the DagBag from /opt/airflow/dags/main.py
[2026-02-25T23:49:08.193+0000] {processor.py:840} INFO - DAG(s) 'update_db', 'data_quality_check', 'produce_json' retrieved from /opt/airflow/dags/main.py
[2026-02-25T23:49:08.225+0000] {logging_mixin.py:188} INFO - [2026-02-25T23:49:08.225+0000] {dag.py:3096} INFO - Sync 3 DAGs
[2026-02-25T23:49:08.249+0000] {logging_mixin.py:188} INFO - [2026-02-25T23:49:08.249+0000] {dag.py:3954} INFO - Setting next_dagrun for data_quality_check to 2026-02-25 16:00:00+00:00, run_after=2026-02-26 16:00:00+00:00
[2026-02-25T23:49:08.254+0000] {logging_mixin.py:188} INFO - [2026-02-25T23:49:08.254+0000] {dag.py:3954} INFO - Setting next_dagrun for produce_json to 2026-02-25 14:00:00+00:00, run_after=2026-02-26 14:00:00+00:00
[2026-02-25T23:49:08.260+0000] {logging_mixin.py:188} INFO - [2026-02-25T23:49:08.259+0000] {dag.py:3954} INFO - Setting next_dagrun for update_db to 2026-02-25 15:00:00+00:00, run_after=2026-02-26 15:00:00+00:00
[2026-02-25T23:49:08.282+0000] {processor.py:183} INFO - Processing /opt/airflow/dags/main.py took 0.211 seconds
[2026-02-25T23:49:38.409+0000] {processor.py:161} INFO - Started process (PID=531) to work on /opt/airflow/dags/main.py
[2026-02-25T23:49:38.410+0000] {processor.py:830} INFO - Processing file /opt/airflow/dags/main.py for tasks to queue
[2026-02-25T23:49:38.412+0000] {logging_mixin.py:188} INFO - [2026-02-25T23:49:38.412+0000] {dagbag.py:545} INFO - Filling up the DagBag from /opt/airflow/dags/main.py
[2026-02-25T23:49:38.502+0000] {processor.py:840} INFO - DAG(s) 'data_quality_check', 'produce_json', 'update_db' retrieved from /opt/airflow/dags/main.py
[2026-02-25T23:49:38.532+0000] {logging_mixin.py:188} INFO - [2026-02-25T23:49:38.532+0000] {dag.py:3096} INFO - Sync 3 DAGs
[2026-02-25T23:49:38.552+0000] {logging_mixin.py:188} INFO - [2026-02-25T23:49:38.551+0000] {dag.py:3954} INFO - Setting next_dagrun for data_quality_check to 2026-02-25 16:00:00+00:00, run_after=2026-02-26 16:00:00+00:00
[2026-02-25T23:49:38.556+0000] {logging_mixin.py:188} INFO - [2026-02-25T23:49:38.556+0000] {dag.py:3954} INFO - Setting next_dagrun for produce_json to 2026-02-25 14:00:00+00:00, run_after=2026-02-26 14:00:00+00:00
[2026-02-25T23:49:38.559+0000] {logging_mixin.py:188} INFO - [2026-02-25T23:49:38.559+0000] {dag.py:3954} INFO - Setting next_dagrun for update_db to 2026-02-25 15:00:00+00:00, run_after=2026-02-26 15:00:00+00:00
[2026-02-25T23:49:38.578+0000] {processor.py:183} INFO - Processing /opt/airflow/dags/main.py took 0.173 seconds
[2026-02-25T23:50:08.805+0000] {processor.py:161} INFO - Started process (PID=539) to work on /opt/airflow/dags/main.py
[2026-02-25T23:50:08.806+0000] {processor.py:830} INFO - Processing file /opt/airflow/dags/main.py for tasks to queue
[2026-02-25T23:50:08.807+0000] {logging_mixin.py:188} INFO - [2026-02-25T23:50:08.807+0000] {dagbag.py:545} INFO - Filling up the DagBag from /opt/airflow/dags/main.py
[2026-02-25T23:50:08.910+0000] {processor.py:840} INFO - DAG(s) 'data_quality_check', 'produce_json', 'update_db' retrieved from /opt/airflow/dags/main.py
[2026-02-25T23:50:08.940+0000] {logging_mixin.py:188} INFO - [2026-02-25T23:50:08.940+0000] {dag.py:3096} INFO - Sync 3 DAGs
[2026-02-25T23:50:08.960+0000] {logging_mixin.py:188} INFO - [2026-02-25T23:50:08.960+0000] {dag.py:3954} INFO - Setting next_dagrun for data_quality_check to 2026-02-25 16:00:00+00:00, run_after=2026-02-26 16:00:00+00:00
[2026-02-25T23:50:08.965+0000] {logging_mixin.py:188} INFO - [2026-02-25T23:50:08.965+0000] {dag.py:3954} INFO - Setting next_dagrun for produce_json to 2026-02-25 14:00:00+00:00, run_after=2026-02-26 14:00:00+00:00
[2026-02-25T23:50:08.968+0000] {logging_mixin.py:188} INFO - [2026-02-25T23:50:08.968+0000] {dag.py:3954} INFO - Setting next_dagrun for update_db to 2026-02-25 15:00:00+00:00, run_after=2026-02-26 15:00:00+00:00
[2026-02-25T23:50:08.986+0000] {processor.py:183} INFO - Processing /opt/airflow/dags/main.py took 0.187 seconds
