[2026-02-23T00:00:17.261+0000] {processor.py:161} INFO - Started process (PID=1034) to work on /opt/airflow/dags/main.py
[2026-02-23T00:00:17.263+0000] {processor.py:830} INFO - Processing file /opt/airflow/dags/main.py for tasks to queue
[2026-02-23T00:00:17.267+0000] {logging_mixin.py:188} INFO - [2026-02-23T00:00:17.267+0000] {dagbag.py:545} INFO - Filling up the DagBag from /opt/airflow/dags/main.py
[2026-02-23T00:00:17.428+0000] {processor.py:840} INFO - DAG(s) 'update_db', 'produce_json' retrieved from /opt/airflow/dags/main.py
[2026-02-23T00:00:17.466+0000] {logging_mixin.py:188} INFO - [2026-02-23T00:00:17.465+0000] {dag.py:3096} INFO - Sync 2 DAGs
[2026-02-23T00:00:17.495+0000] {logging_mixin.py:188} INFO - [2026-02-23T00:00:17.495+0000] {dag.py:3954} INFO - Setting next_dagrun for produce_json to 2026-02-22 14:00:00+00:00, run_after=2026-02-23 14:00:00+00:00
[2026-02-23T00:00:17.503+0000] {logging_mixin.py:188} INFO - [2026-02-23T00:00:17.502+0000] {dag.py:3954} INFO - Setting next_dagrun for update_db to 2026-02-22 15:00:00+00:00, run_after=2026-02-23 15:00:00+00:00
[2026-02-23T00:00:17.528+0000] {processor.py:183} INFO - Processing /opt/airflow/dags/main.py took 0.276 seconds
[2026-02-23T00:00:47.606+0000] {processor.py:161} INFO - Started process (PID=1041) to work on /opt/airflow/dags/main.py
[2026-02-23T00:00:47.608+0000] {processor.py:830} INFO - Processing file /opt/airflow/dags/main.py for tasks to queue
[2026-02-23T00:00:47.610+0000] {logging_mixin.py:188} INFO - [2026-02-23T00:00:47.610+0000] {dagbag.py:545} INFO - Filling up the DagBag from /opt/airflow/dags/main.py
[2026-02-23T00:00:47.730+0000] {processor.py:840} INFO - DAG(s) 'update_db', 'produce_json' retrieved from /opt/airflow/dags/main.py
[2026-02-23T00:00:47.765+0000] {logging_mixin.py:188} INFO - [2026-02-23T00:00:47.765+0000] {dag.py:3096} INFO - Sync 2 DAGs
[2026-02-23T00:00:47.788+0000] {logging_mixin.py:188} INFO - [2026-02-23T00:00:47.787+0000] {dag.py:3954} INFO - Setting next_dagrun for produce_json to 2026-02-22 14:00:00+00:00, run_after=2026-02-23 14:00:00+00:00
[2026-02-23T00:00:47.793+0000] {logging_mixin.py:188} INFO - [2026-02-23T00:00:47.793+0000] {dag.py:3954} INFO - Setting next_dagrun for update_db to 2026-02-22 15:00:00+00:00, run_after=2026-02-23 15:00:00+00:00
[2026-02-23T00:00:47.814+0000] {processor.py:183} INFO - Processing /opt/airflow/dags/main.py took 0.214 seconds
[2026-02-23T00:01:18.682+0000] {processor.py:161} INFO - Started process (PID=1048) to work on /opt/airflow/dags/main.py
[2026-02-23T00:01:18.684+0000] {processor.py:830} INFO - Processing file /opt/airflow/dags/main.py for tasks to queue
[2026-02-23T00:01:18.687+0000] {logging_mixin.py:188} INFO - [2026-02-23T00:01:18.687+0000] {dagbag.py:545} INFO - Filling up the DagBag from /opt/airflow/dags/main.py
[2026-02-23T00:01:18.917+0000] {processor.py:840} INFO - DAG(s) 'update_db', 'produce_json' retrieved from /opt/airflow/dags/main.py
[2026-02-23T00:01:18.964+0000] {logging_mixin.py:188} INFO - [2026-02-23T00:01:18.964+0000] {dag.py:3096} INFO - Sync 2 DAGs
[2026-02-23T00:01:18.993+0000] {logging_mixin.py:188} INFO - [2026-02-23T00:01:18.993+0000] {dag.py:3954} INFO - Setting next_dagrun for produce_json to 2026-02-22 14:00:00+00:00, run_after=2026-02-23 14:00:00+00:00
[2026-02-23T00:01:19.001+0000] {logging_mixin.py:188} INFO - [2026-02-23T00:01:19.001+0000] {dag.py:3954} INFO - Setting next_dagrun for update_db to 2026-02-22 15:00:00+00:00, run_after=2026-02-23 15:00:00+00:00
[2026-02-23T00:01:19.030+0000] {processor.py:183} INFO - Processing /opt/airflow/dags/main.py took 0.353 seconds
[2026-02-23T00:01:49.855+0000] {processor.py:161} INFO - Started process (PID=1055) to work on /opt/airflow/dags/main.py
[2026-02-23T00:01:49.858+0000] {processor.py:830} INFO - Processing file /opt/airflow/dags/main.py for tasks to queue
[2026-02-23T00:01:49.861+0000] {logging_mixin.py:188} INFO - [2026-02-23T00:01:49.861+0000] {dagbag.py:545} INFO - Filling up the DagBag from /opt/airflow/dags/main.py
[2026-02-23T00:01:50.119+0000] {processor.py:840} INFO - DAG(s) 'update_db', 'produce_json' retrieved from /opt/airflow/dags/main.py
[2026-02-23T00:01:50.160+0000] {logging_mixin.py:188} INFO - [2026-02-23T00:01:50.160+0000] {dag.py:3096} INFO - Sync 2 DAGs
[2026-02-23T00:01:50.197+0000] {logging_mixin.py:188} INFO - [2026-02-23T00:01:50.197+0000] {dag.py:3954} INFO - Setting next_dagrun for produce_json to 2026-02-22 14:00:00+00:00, run_after=2026-02-23 14:00:00+00:00
[2026-02-23T00:01:50.202+0000] {logging_mixin.py:188} INFO - [2026-02-23T00:01:50.202+0000] {dag.py:3954} INFO - Setting next_dagrun for update_db to 2026-02-22 15:00:00+00:00, run_after=2026-02-23 15:00:00+00:00
[2026-02-23T00:01:50.222+0000] {processor.py:183} INFO - Processing /opt/airflow/dags/main.py took 0.373 seconds
[2026-02-23T00:02:20.287+0000] {processor.py:161} INFO - Started process (PID=1062) to work on /opt/airflow/dags/main.py
[2026-02-23T00:02:20.288+0000] {processor.py:830} INFO - Processing file /opt/airflow/dags/main.py for tasks to queue
[2026-02-23T00:02:20.291+0000] {logging_mixin.py:188} INFO - [2026-02-23T00:02:20.291+0000] {dagbag.py:545} INFO - Filling up the DagBag from /opt/airflow/dags/main.py
[2026-02-23T00:02:20.420+0000] {processor.py:840} INFO - DAG(s) 'update_db', 'produce_json' retrieved from /opt/airflow/dags/main.py
[2026-02-23T00:02:20.457+0000] {logging_mixin.py:188} INFO - [2026-02-23T00:02:20.457+0000] {dag.py:3096} INFO - Sync 2 DAGs
[2026-02-23T00:02:20.483+0000] {logging_mixin.py:188} INFO - [2026-02-23T00:02:20.483+0000] {dag.py:3954} INFO - Setting next_dagrun for produce_json to 2026-02-22 14:00:00+00:00, run_after=2026-02-23 14:00:00+00:00
[2026-02-23T00:02:20.488+0000] {logging_mixin.py:188} INFO - [2026-02-23T00:02:20.488+0000] {dag.py:3954} INFO - Setting next_dagrun for update_db to 2026-02-22 15:00:00+00:00, run_after=2026-02-23 15:00:00+00:00
[2026-02-23T00:02:20.523+0000] {processor.py:183} INFO - Processing /opt/airflow/dags/main.py took 0.243 seconds
[2026-02-23T00:02:50.583+0000] {processor.py:161} INFO - Started process (PID=1069) to work on /opt/airflow/dags/main.py
[2026-02-23T00:02:50.584+0000] {processor.py:830} INFO - Processing file /opt/airflow/dags/main.py for tasks to queue
[2026-02-23T00:02:50.586+0000] {logging_mixin.py:188} INFO - [2026-02-23T00:02:50.586+0000] {dagbag.py:545} INFO - Filling up the DagBag from /opt/airflow/dags/main.py
[2026-02-23T00:02:50.702+0000] {processor.py:840} INFO - DAG(s) 'produce_json', 'update_db' retrieved from /opt/airflow/dags/main.py
[2026-02-23T00:02:50.739+0000] {logging_mixin.py:188} INFO - [2026-02-23T00:02:50.739+0000] {dag.py:3096} INFO - Sync 2 DAGs
[2026-02-23T00:02:50.768+0000] {logging_mixin.py:188} INFO - [2026-02-23T00:02:50.768+0000] {dag.py:3954} INFO - Setting next_dagrun for produce_json to 2026-02-22 14:00:00+00:00, run_after=2026-02-23 14:00:00+00:00
[2026-02-23T00:02:50.773+0000] {logging_mixin.py:188} INFO - [2026-02-23T00:02:50.773+0000] {dag.py:3954} INFO - Setting next_dagrun for update_db to 2026-02-22 15:00:00+00:00, run_after=2026-02-23 15:00:00+00:00
[2026-02-23T00:02:50.808+0000] {processor.py:183} INFO - Processing /opt/airflow/dags/main.py took 0.230 seconds
[2026-02-23T00:03:20.944+0000] {processor.py:161} INFO - Started process (PID=1076) to work on /opt/airflow/dags/main.py
[2026-02-23T00:03:20.945+0000] {processor.py:830} INFO - Processing file /opt/airflow/dags/main.py for tasks to queue
[2026-02-23T00:03:20.949+0000] {logging_mixin.py:188} INFO - [2026-02-23T00:03:20.948+0000] {dagbag.py:545} INFO - Filling up the DagBag from /opt/airflow/dags/main.py
[2026-02-23T00:03:21.082+0000] {processor.py:840} INFO - DAG(s) 'produce_json', 'update_db' retrieved from /opt/airflow/dags/main.py
[2026-02-23T00:03:21.116+0000] {logging_mixin.py:188} INFO - [2026-02-23T00:03:21.116+0000] {dag.py:3096} INFO - Sync 2 DAGs
[2026-02-23T00:03:21.140+0000] {logging_mixin.py:188} INFO - [2026-02-23T00:03:21.140+0000] {dag.py:3954} INFO - Setting next_dagrun for produce_json to 2026-02-22 14:00:00+00:00, run_after=2026-02-23 14:00:00+00:00
[2026-02-23T00:03:21.146+0000] {logging_mixin.py:188} INFO - [2026-02-23T00:03:21.146+0000] {dag.py:3954} INFO - Setting next_dagrun for update_db to 2026-02-22 15:00:00+00:00, run_after=2026-02-23 15:00:00+00:00
[2026-02-23T00:03:21.166+0000] {processor.py:183} INFO - Processing /opt/airflow/dags/main.py took 0.228 seconds
[2026-02-23T00:03:51.228+0000] {processor.py:161} INFO - Started process (PID=1083) to work on /opt/airflow/dags/main.py
[2026-02-23T00:03:51.229+0000] {processor.py:830} INFO - Processing file /opt/airflow/dags/main.py for tasks to queue
[2026-02-23T00:03:51.231+0000] {logging_mixin.py:188} INFO - [2026-02-23T00:03:51.231+0000] {dagbag.py:545} INFO - Filling up the DagBag from /opt/airflow/dags/main.py
[2026-02-23T00:03:51.449+0000] {processor.py:840} INFO - DAG(s) 'update_db', 'produce_json' retrieved from /opt/airflow/dags/main.py
[2026-02-23T00:03:51.486+0000] {logging_mixin.py:188} INFO - [2026-02-23T00:03:51.485+0000] {dag.py:3096} INFO - Sync 2 DAGs
[2026-02-23T00:03:51.508+0000] {logging_mixin.py:188} INFO - [2026-02-23T00:03:51.507+0000] {dag.py:3954} INFO - Setting next_dagrun for produce_json to 2026-02-22 14:00:00+00:00, run_after=2026-02-23 14:00:00+00:00
[2026-02-23T00:03:51.517+0000] {logging_mixin.py:188} INFO - [2026-02-23T00:03:51.516+0000] {dag.py:3954} INFO - Setting next_dagrun for update_db to 2026-02-22 15:00:00+00:00, run_after=2026-02-23 15:00:00+00:00
[2026-02-23T00:03:51.540+0000] {processor.py:183} INFO - Processing /opt/airflow/dags/main.py took 0.322 seconds
[2026-02-23T00:04:21.668+0000] {processor.py:161} INFO - Started process (PID=1090) to work on /opt/airflow/dags/main.py
[2026-02-23T00:04:21.670+0000] {processor.py:830} INFO - Processing file /opt/airflow/dags/main.py for tasks to queue
[2026-02-23T00:04:21.674+0000] {logging_mixin.py:188} INFO - [2026-02-23T00:04:21.673+0000] {dagbag.py:545} INFO - Filling up the DagBag from /opt/airflow/dags/main.py
[2026-02-23T00:04:21.864+0000] {processor.py:840} INFO - DAG(s) 'produce_json', 'update_db' retrieved from /opt/airflow/dags/main.py
[2026-02-23T00:04:21.899+0000] {logging_mixin.py:188} INFO - [2026-02-23T00:04:21.898+0000] {dag.py:3096} INFO - Sync 2 DAGs
[2026-02-23T00:04:21.925+0000] {logging_mixin.py:188} INFO - [2026-02-23T00:04:21.925+0000] {dag.py:3954} INFO - Setting next_dagrun for produce_json to 2026-02-22 14:00:00+00:00, run_after=2026-02-23 14:00:00+00:00
[2026-02-23T00:04:21.930+0000] {logging_mixin.py:188} INFO - [2026-02-23T00:04:21.930+0000] {dag.py:3954} INFO - Setting next_dagrun for update_db to 2026-02-22 15:00:00+00:00, run_after=2026-02-23 15:00:00+00:00
[2026-02-23T00:04:21.954+0000] {processor.py:183} INFO - Processing /opt/airflow/dags/main.py took 0.294 seconds
[2026-02-23T00:04:52.093+0000] {processor.py:161} INFO - Started process (PID=1097) to work on /opt/airflow/dags/main.py
[2026-02-23T00:04:52.095+0000] {processor.py:830} INFO - Processing file /opt/airflow/dags/main.py for tasks to queue
[2026-02-23T00:04:52.098+0000] {logging_mixin.py:188} INFO - [2026-02-23T00:04:52.098+0000] {dagbag.py:545} INFO - Filling up the DagBag from /opt/airflow/dags/main.py
[2026-02-23T00:04:52.285+0000] {processor.py:840} INFO - DAG(s) 'update_db', 'produce_json' retrieved from /opt/airflow/dags/main.py
[2026-02-23T00:04:52.326+0000] {logging_mixin.py:188} INFO - [2026-02-23T00:04:52.326+0000] {dag.py:3096} INFO - Sync 2 DAGs
[2026-02-23T00:04:52.350+0000] {logging_mixin.py:188} INFO - [2026-02-23T00:04:52.350+0000] {dag.py:3954} INFO - Setting next_dagrun for produce_json to 2026-02-22 14:00:00+00:00, run_after=2026-02-23 14:00:00+00:00
[2026-02-23T00:04:52.357+0000] {logging_mixin.py:188} INFO - [2026-02-23T00:04:52.357+0000] {dag.py:3954} INFO - Setting next_dagrun for update_db to 2026-02-22 15:00:00+00:00, run_after=2026-02-23 15:00:00+00:00
[2026-02-23T00:04:52.390+0000] {processor.py:183} INFO - Processing /opt/airflow/dags/main.py took 0.304 seconds
[2026-02-23T00:05:23.144+0000] {processor.py:161} INFO - Started process (PID=1104) to work on /opt/airflow/dags/main.py
[2026-02-23T00:05:23.149+0000] {processor.py:830} INFO - Processing file /opt/airflow/dags/main.py for tasks to queue
[2026-02-23T00:05:23.156+0000] {logging_mixin.py:188} INFO - [2026-02-23T00:05:23.155+0000] {dagbag.py:545} INFO - Filling up the DagBag from /opt/airflow/dags/main.py
[2026-02-23T00:05:23.359+0000] {processor.py:840} INFO - DAG(s) 'update_db', 'produce_json' retrieved from /opt/airflow/dags/main.py
[2026-02-23T00:05:23.393+0000] {logging_mixin.py:188} INFO - [2026-02-23T00:05:23.393+0000] {dag.py:3096} INFO - Sync 2 DAGs
[2026-02-23T00:05:23.422+0000] {logging_mixin.py:188} INFO - [2026-02-23T00:05:23.422+0000] {dag.py:3954} INFO - Setting next_dagrun for produce_json to 2026-02-22 14:00:00+00:00, run_after=2026-02-23 14:00:00+00:00
[2026-02-23T00:05:23.429+0000] {logging_mixin.py:188} INFO - [2026-02-23T00:05:23.428+0000] {dag.py:3954} INFO - Setting next_dagrun for update_db to 2026-02-22 15:00:00+00:00, run_after=2026-02-23 15:00:00+00:00
[2026-02-23T00:05:23.450+0000] {processor.py:183} INFO - Processing /opt/airflow/dags/main.py took 0.316 seconds
[2026-02-23T00:05:54.254+0000] {processor.py:161} INFO - Started process (PID=1111) to work on /opt/airflow/dags/main.py
[2026-02-23T00:05:54.255+0000] {processor.py:830} INFO - Processing file /opt/airflow/dags/main.py for tasks to queue
[2026-02-23T00:05:54.258+0000] {logging_mixin.py:188} INFO - [2026-02-23T00:05:54.257+0000] {dagbag.py:545} INFO - Filling up the DagBag from /opt/airflow/dags/main.py
[2026-02-23T00:05:54.377+0000] {processor.py:840} INFO - DAG(s) 'produce_json', 'update_db' retrieved from /opt/airflow/dags/main.py
[2026-02-23T00:05:54.411+0000] {logging_mixin.py:188} INFO - [2026-02-23T00:05:54.411+0000] {dag.py:3096} INFO - Sync 2 DAGs
[2026-02-23T00:05:54.436+0000] {logging_mixin.py:188} INFO - [2026-02-23T00:05:54.436+0000] {dag.py:3954} INFO - Setting next_dagrun for produce_json to 2026-02-22 14:00:00+00:00, run_after=2026-02-23 14:00:00+00:00
[2026-02-23T00:05:54.441+0000] {logging_mixin.py:188} INFO - [2026-02-23T00:05:54.441+0000] {dag.py:3954} INFO - Setting next_dagrun for update_db to 2026-02-22 15:00:00+00:00, run_after=2026-02-23 15:00:00+00:00
[2026-02-23T00:05:54.475+0000] {processor.py:183} INFO - Processing /opt/airflow/dags/main.py took 0.227 seconds
[2026-02-23T00:06:24.584+0000] {processor.py:161} INFO - Started process (PID=1118) to work on /opt/airflow/dags/main.py
[2026-02-23T00:06:24.585+0000] {processor.py:830} INFO - Processing file /opt/airflow/dags/main.py for tasks to queue
[2026-02-23T00:06:24.588+0000] {logging_mixin.py:188} INFO - [2026-02-23T00:06:24.587+0000] {dagbag.py:545} INFO - Filling up the DagBag from /opt/airflow/dags/main.py
[2026-02-23T00:06:24.779+0000] {processor.py:840} INFO - DAG(s) 'produce_json', 'update_db' retrieved from /opt/airflow/dags/main.py
[2026-02-23T00:06:24.841+0000] {logging_mixin.py:188} INFO - [2026-02-23T00:06:24.840+0000] {dag.py:3096} INFO - Sync 2 DAGs
[2026-02-23T00:06:24.867+0000] {logging_mixin.py:188} INFO - [2026-02-23T00:06:24.867+0000] {dag.py:3954} INFO - Setting next_dagrun for produce_json to 2026-02-22 14:00:00+00:00, run_after=2026-02-23 14:00:00+00:00
[2026-02-23T00:06:24.875+0000] {logging_mixin.py:188} INFO - [2026-02-23T00:06:24.875+0000] {dag.py:3954} INFO - Setting next_dagrun for update_db to 2026-02-22 15:00:00+00:00, run_after=2026-02-23 15:00:00+00:00
[2026-02-23T00:06:24.915+0000] {processor.py:183} INFO - Processing /opt/airflow/dags/main.py took 0.337 seconds
[2026-02-23T00:06:54.979+0000] {processor.py:161} INFO - Started process (PID=1125) to work on /opt/airflow/dags/main.py
[2026-02-23T00:06:54.981+0000] {processor.py:830} INFO - Processing file /opt/airflow/dags/main.py for tasks to queue
[2026-02-23T00:06:54.983+0000] {logging_mixin.py:188} INFO - [2026-02-23T00:06:54.983+0000] {dagbag.py:545} INFO - Filling up the DagBag from /opt/airflow/dags/main.py
[2026-02-23T00:06:55.189+0000] {processor.py:840} INFO - DAG(s) 'produce_json', 'update_db' retrieved from /opt/airflow/dags/main.py
[2026-02-23T00:06:55.224+0000] {logging_mixin.py:188} INFO - [2026-02-23T00:06:55.224+0000] {dag.py:3096} INFO - Sync 2 DAGs
[2026-02-23T00:06:55.248+0000] {logging_mixin.py:188} INFO - [2026-02-23T00:06:55.248+0000] {dag.py:3954} INFO - Setting next_dagrun for produce_json to 2026-02-22 14:00:00+00:00, run_after=2026-02-23 14:00:00+00:00
[2026-02-23T00:06:55.254+0000] {logging_mixin.py:188} INFO - [2026-02-23T00:06:55.254+0000] {dag.py:3954} INFO - Setting next_dagrun for update_db to 2026-02-22 15:00:00+00:00, run_after=2026-02-23 15:00:00+00:00
[2026-02-23T00:06:55.277+0000] {processor.py:183} INFO - Processing /opt/airflow/dags/main.py took 0.306 seconds
[2026-02-23T00:07:25.343+0000] {processor.py:161} INFO - Started process (PID=1133) to work on /opt/airflow/dags/main.py
[2026-02-23T00:07:25.344+0000] {processor.py:830} INFO - Processing file /opt/airflow/dags/main.py for tasks to queue
[2026-02-23T00:07:25.346+0000] {logging_mixin.py:188} INFO - [2026-02-23T00:07:25.346+0000] {dagbag.py:545} INFO - Filling up the DagBag from /opt/airflow/dags/main.py
[2026-02-23T00:07:25.503+0000] {processor.py:840} INFO - DAG(s) 'produce_json', 'update_db' retrieved from /opt/airflow/dags/main.py
[2026-02-23T00:07:25.547+0000] {logging_mixin.py:188} INFO - [2026-02-23T00:07:25.547+0000] {dag.py:3096} INFO - Sync 2 DAGs
[2026-02-23T00:07:25.577+0000] {logging_mixin.py:188} INFO - [2026-02-23T00:07:25.576+0000] {dag.py:3954} INFO - Setting next_dagrun for produce_json to 2026-02-22 14:00:00+00:00, run_after=2026-02-23 14:00:00+00:00
[2026-02-23T00:07:25.583+0000] {logging_mixin.py:188} INFO - [2026-02-23T00:07:25.583+0000] {dag.py:3954} INFO - Setting next_dagrun for update_db to 2026-02-22 15:00:00+00:00, run_after=2026-02-23 15:00:00+00:00
[2026-02-23T00:07:25.621+0000] {processor.py:183} INFO - Processing /opt/airflow/dags/main.py took 0.284 seconds
[2026-02-23T00:07:55.701+0000] {processor.py:161} INFO - Started process (PID=1140) to work on /opt/airflow/dags/main.py
[2026-02-23T00:07:55.703+0000] {processor.py:830} INFO - Processing file /opt/airflow/dags/main.py for tasks to queue
[2026-02-23T00:07:55.705+0000] {logging_mixin.py:188} INFO - [2026-02-23T00:07:55.705+0000] {dagbag.py:545} INFO - Filling up the DagBag from /opt/airflow/dags/main.py
[2026-02-23T00:07:55.859+0000] {processor.py:840} INFO - DAG(s) 'produce_json', 'update_db' retrieved from /opt/airflow/dags/main.py
[2026-02-23T00:07:55.893+0000] {logging_mixin.py:188} INFO - [2026-02-23T00:07:55.893+0000] {dag.py:3096} INFO - Sync 2 DAGs
[2026-02-23T00:07:55.918+0000] {logging_mixin.py:188} INFO - [2026-02-23T00:07:55.917+0000] {dag.py:3954} INFO - Setting next_dagrun for produce_json to 2026-02-22 14:00:00+00:00, run_after=2026-02-23 14:00:00+00:00
[2026-02-23T00:07:55.923+0000] {logging_mixin.py:188} INFO - [2026-02-23T00:07:55.923+0000] {dag.py:3954} INFO - Setting next_dagrun for update_db to 2026-02-22 15:00:00+00:00, run_after=2026-02-23 15:00:00+00:00
[2026-02-23T00:07:55.956+0000] {processor.py:183} INFO - Processing /opt/airflow/dags/main.py took 0.260 seconds
[2026-02-23T00:08:26.043+0000] {processor.py:161} INFO - Started process (PID=1147) to work on /opt/airflow/dags/main.py
[2026-02-23T00:08:26.044+0000] {processor.py:830} INFO - Processing file /opt/airflow/dags/main.py for tasks to queue
[2026-02-23T00:08:26.047+0000] {logging_mixin.py:188} INFO - [2026-02-23T00:08:26.047+0000] {dagbag.py:545} INFO - Filling up the DagBag from /opt/airflow/dags/main.py
[2026-02-23T00:08:26.308+0000] {processor.py:840} INFO - DAG(s) 'update_db', 'produce_json' retrieved from /opt/airflow/dags/main.py
[2026-02-23T00:08:26.358+0000] {logging_mixin.py:188} INFO - [2026-02-23T00:08:26.357+0000] {dag.py:3096} INFO - Sync 2 DAGs
[2026-02-23T00:08:26.383+0000] {logging_mixin.py:188} INFO - [2026-02-23T00:08:26.383+0000] {dag.py:3954} INFO - Setting next_dagrun for produce_json to 2026-02-22 14:00:00+00:00, run_after=2026-02-23 14:00:00+00:00
[2026-02-23T00:08:26.389+0000] {logging_mixin.py:188} INFO - [2026-02-23T00:08:26.389+0000] {dag.py:3954} INFO - Setting next_dagrun for update_db to 2026-02-22 15:00:00+00:00, run_after=2026-02-23 15:00:00+00:00
[2026-02-23T00:08:26.421+0000] {processor.py:183} INFO - Processing /opt/airflow/dags/main.py took 0.386 seconds
[2026-02-23T00:08:56.531+0000] {processor.py:161} INFO - Started process (PID=1154) to work on /opt/airflow/dags/main.py
[2026-02-23T00:08:56.533+0000] {processor.py:830} INFO - Processing file /opt/airflow/dags/main.py for tasks to queue
[2026-02-23T00:08:56.535+0000] {logging_mixin.py:188} INFO - [2026-02-23T00:08:56.535+0000] {dagbag.py:545} INFO - Filling up the DagBag from /opt/airflow/dags/main.py
[2026-02-23T00:08:56.704+0000] {processor.py:840} INFO - DAG(s) 'produce_json', 'update_db' retrieved from /opt/airflow/dags/main.py
[2026-02-23T00:08:56.741+0000] {logging_mixin.py:188} INFO - [2026-02-23T00:08:56.740+0000] {dag.py:3096} INFO - Sync 2 DAGs
[2026-02-23T00:08:56.770+0000] {logging_mixin.py:188} INFO - [2026-02-23T00:08:56.770+0000] {dag.py:3954} INFO - Setting next_dagrun for produce_json to 2026-02-22 14:00:00+00:00, run_after=2026-02-23 14:00:00+00:00
[2026-02-23T00:08:56.777+0000] {logging_mixin.py:188} INFO - [2026-02-23T00:08:56.777+0000] {dag.py:3954} INFO - Setting next_dagrun for update_db to 2026-02-22 15:00:00+00:00, run_after=2026-02-23 15:00:00+00:00
[2026-02-23T00:08:56.814+0000] {processor.py:183} INFO - Processing /opt/airflow/dags/main.py took 0.288 seconds
[2026-02-23T00:09:26.928+0000] {processor.py:161} INFO - Started process (PID=1161) to work on /opt/airflow/dags/main.py
[2026-02-23T00:09:26.930+0000] {processor.py:830} INFO - Processing file /opt/airflow/dags/main.py for tasks to queue
[2026-02-23T00:09:26.933+0000] {logging_mixin.py:188} INFO - [2026-02-23T00:09:26.933+0000] {dagbag.py:545} INFO - Filling up the DagBag from /opt/airflow/dags/main.py
[2026-02-23T00:09:27.098+0000] {processor.py:840} INFO - DAG(s) 'update_db', 'produce_json' retrieved from /opt/airflow/dags/main.py
[2026-02-23T00:09:27.136+0000] {logging_mixin.py:188} INFO - [2026-02-23T00:09:27.136+0000] {dag.py:3096} INFO - Sync 2 DAGs
[2026-02-23T00:09:27.162+0000] {logging_mixin.py:188} INFO - [2026-02-23T00:09:27.162+0000] {dag.py:3954} INFO - Setting next_dagrun for produce_json to 2026-02-22 14:00:00+00:00, run_after=2026-02-23 14:00:00+00:00
[2026-02-23T00:09:27.167+0000] {logging_mixin.py:188} INFO - [2026-02-23T00:09:27.167+0000] {dag.py:3954} INFO - Setting next_dagrun for update_db to 2026-02-22 15:00:00+00:00, run_after=2026-02-23 15:00:00+00:00
[2026-02-23T00:09:27.200+0000] {processor.py:183} INFO - Processing /opt/airflow/dags/main.py took 0.277 seconds
[2026-02-23T00:09:57.320+0000] {processor.py:161} INFO - Started process (PID=1168) to work on /opt/airflow/dags/main.py
[2026-02-23T00:09:57.321+0000] {processor.py:830} INFO - Processing file /opt/airflow/dags/main.py for tasks to queue
[2026-02-23T00:09:57.323+0000] {logging_mixin.py:188} INFO - [2026-02-23T00:09:57.323+0000] {dagbag.py:545} INFO - Filling up the DagBag from /opt/airflow/dags/main.py
[2026-02-23T00:09:57.504+0000] {processor.py:840} INFO - DAG(s) 'update_db', 'produce_json' retrieved from /opt/airflow/dags/main.py
[2026-02-23T00:09:57.546+0000] {logging_mixin.py:188} INFO - [2026-02-23T00:09:57.545+0000] {dag.py:3096} INFO - Sync 2 DAGs
[2026-02-23T00:09:57.576+0000] {logging_mixin.py:188} INFO - [2026-02-23T00:09:57.575+0000] {dag.py:3954} INFO - Setting next_dagrun for produce_json to 2026-02-22 14:00:00+00:00, run_after=2026-02-23 14:00:00+00:00
[2026-02-23T00:09:57.583+0000] {logging_mixin.py:188} INFO - [2026-02-23T00:09:57.583+0000] {dag.py:3954} INFO - Setting next_dagrun for update_db to 2026-02-22 15:00:00+00:00, run_after=2026-02-23 15:00:00+00:00
[2026-02-23T00:09:57.612+0000] {processor.py:183} INFO - Processing /opt/airflow/dags/main.py took 0.299 seconds
[2026-02-23T00:10:27.699+0000] {processor.py:161} INFO - Started process (PID=1175) to work on /opt/airflow/dags/main.py
[2026-02-23T00:10:27.700+0000] {processor.py:830} INFO - Processing file /opt/airflow/dags/main.py for tasks to queue
[2026-02-23T00:10:27.703+0000] {logging_mixin.py:188} INFO - [2026-02-23T00:10:27.703+0000] {dagbag.py:545} INFO - Filling up the DagBag from /opt/airflow/dags/main.py
[2026-02-23T00:10:27.830+0000] {processor.py:840} INFO - DAG(s) 'update_db', 'produce_json' retrieved from /opt/airflow/dags/main.py
[2026-02-23T00:10:27.876+0000] {logging_mixin.py:188} INFO - [2026-02-23T00:10:27.876+0000] {dag.py:3096} INFO - Sync 2 DAGs
[2026-02-23T00:10:27.906+0000] {logging_mixin.py:188} INFO - [2026-02-23T00:10:27.905+0000] {dag.py:3954} INFO - Setting next_dagrun for produce_json to 2026-02-22 14:00:00+00:00, run_after=2026-02-23 14:00:00+00:00
[2026-02-23T00:10:27.913+0000] {logging_mixin.py:188} INFO - [2026-02-23T00:10:27.912+0000] {dag.py:3954} INFO - Setting next_dagrun for update_db to 2026-02-22 15:00:00+00:00, run_after=2026-02-23 15:00:00+00:00
[2026-02-23T00:10:27.934+0000] {processor.py:183} INFO - Processing /opt/airflow/dags/main.py took 0.243 seconds
[2026-02-23T00:10:58.733+0000] {processor.py:161} INFO - Started process (PID=1182) to work on /opt/airflow/dags/main.py
[2026-02-23T00:10:58.735+0000] {processor.py:830} INFO - Processing file /opt/airflow/dags/main.py for tasks to queue
[2026-02-23T00:10:58.740+0000] {logging_mixin.py:188} INFO - [2026-02-23T00:10:58.739+0000] {dagbag.py:545} INFO - Filling up the DagBag from /opt/airflow/dags/main.py
[2026-02-23T00:10:58.919+0000] {processor.py:840} INFO - DAG(s) 'produce_json', 'update_db' retrieved from /opt/airflow/dags/main.py
[2026-02-23T00:10:58.979+0000] {logging_mixin.py:188} INFO - [2026-02-23T00:10:58.979+0000] {dag.py:3096} INFO - Sync 2 DAGs
[2026-02-23T00:10:59.021+0000] {logging_mixin.py:188} INFO - [2026-02-23T00:10:59.021+0000] {dag.py:3954} INFO - Setting next_dagrun for produce_json to 2026-02-22 14:00:00+00:00, run_after=2026-02-23 14:00:00+00:00
[2026-02-23T00:10:59.030+0000] {logging_mixin.py:188} INFO - [2026-02-23T00:10:59.030+0000] {dag.py:3954} INFO - Setting next_dagrun for update_db to 2026-02-22 15:00:00+00:00, run_after=2026-02-23 15:00:00+00:00
[2026-02-23T00:10:59.072+0000] {processor.py:183} INFO - Processing /opt/airflow/dags/main.py took 0.349 seconds
[2026-02-23T00:11:29.175+0000] {processor.py:161} INFO - Started process (PID=1189) to work on /opt/airflow/dags/main.py
[2026-02-23T00:11:29.177+0000] {processor.py:830} INFO - Processing file /opt/airflow/dags/main.py for tasks to queue
[2026-02-23T00:11:29.179+0000] {logging_mixin.py:188} INFO - [2026-02-23T00:11:29.179+0000] {dagbag.py:545} INFO - Filling up the DagBag from /opt/airflow/dags/main.py
[2026-02-23T00:11:29.294+0000] {processor.py:840} INFO - DAG(s) 'produce_json', 'update_db' retrieved from /opt/airflow/dags/main.py
[2026-02-23T00:11:29.333+0000] {logging_mixin.py:188} INFO - [2026-02-23T00:11:29.333+0000] {dag.py:3096} INFO - Sync 2 DAGs
[2026-02-23T00:11:29.362+0000] {logging_mixin.py:188} INFO - [2026-02-23T00:11:29.362+0000] {dag.py:3954} INFO - Setting next_dagrun for produce_json to 2026-02-22 14:00:00+00:00, run_after=2026-02-23 14:00:00+00:00
[2026-02-23T00:11:29.367+0000] {logging_mixin.py:188} INFO - [2026-02-23T00:11:29.367+0000] {dag.py:3954} INFO - Setting next_dagrun for update_db to 2026-02-22 15:00:00+00:00, run_after=2026-02-23 15:00:00+00:00
[2026-02-23T00:11:29.399+0000] {processor.py:183} INFO - Processing /opt/airflow/dags/main.py took 0.230 seconds
[2026-02-23T00:11:59.462+0000] {processor.py:161} INFO - Started process (PID=1196) to work on /opt/airflow/dags/main.py
[2026-02-23T00:11:59.463+0000] {processor.py:830} INFO - Processing file /opt/airflow/dags/main.py for tasks to queue
[2026-02-23T00:11:59.466+0000] {logging_mixin.py:188} INFO - [2026-02-23T00:11:59.466+0000] {dagbag.py:545} INFO - Filling up the DagBag from /opt/airflow/dags/main.py
[2026-02-23T00:11:59.576+0000] {processor.py:840} INFO - DAG(s) 'produce_json', 'update_db' retrieved from /opt/airflow/dags/main.py
[2026-02-23T00:11:59.613+0000] {logging_mixin.py:188} INFO - [2026-02-23T00:11:59.613+0000] {dag.py:3096} INFO - Sync 2 DAGs
[2026-02-23T00:11:59.638+0000] {logging_mixin.py:188} INFO - [2026-02-23T00:11:59.637+0000] {dag.py:3954} INFO - Setting next_dagrun for produce_json to 2026-02-22 14:00:00+00:00, run_after=2026-02-23 14:00:00+00:00
[2026-02-23T00:11:59.644+0000] {logging_mixin.py:188} INFO - [2026-02-23T00:11:59.644+0000] {dag.py:3954} INFO - Setting next_dagrun for update_db to 2026-02-22 15:00:00+00:00, run_after=2026-02-23 15:00:00+00:00
[2026-02-23T00:11:59.678+0000] {processor.py:183} INFO - Processing /opt/airflow/dags/main.py took 0.222 seconds
[2026-02-23T00:12:29.809+0000] {processor.py:161} INFO - Started process (PID=1203) to work on /opt/airflow/dags/main.py
[2026-02-23T00:12:29.811+0000] {processor.py:830} INFO - Processing file /opt/airflow/dags/main.py for tasks to queue
[2026-02-23T00:12:29.813+0000] {logging_mixin.py:188} INFO - [2026-02-23T00:12:29.813+0000] {dagbag.py:545} INFO - Filling up the DagBag from /opt/airflow/dags/main.py
[2026-02-23T00:12:29.932+0000] {processor.py:840} INFO - DAG(s) 'produce_json', 'update_db' retrieved from /opt/airflow/dags/main.py
[2026-02-23T00:12:29.965+0000] {logging_mixin.py:188} INFO - [2026-02-23T00:12:29.965+0000] {dag.py:3096} INFO - Sync 2 DAGs
[2026-02-23T00:12:29.989+0000] {logging_mixin.py:188} INFO - [2026-02-23T00:12:29.989+0000] {dag.py:3954} INFO - Setting next_dagrun for produce_json to 2026-02-22 14:00:00+00:00, run_after=2026-02-23 14:00:00+00:00
[2026-02-23T00:12:29.996+0000] {logging_mixin.py:188} INFO - [2026-02-23T00:12:29.996+0000] {dag.py:3954} INFO - Setting next_dagrun for update_db to 2026-02-22 15:00:00+00:00, run_after=2026-02-23 15:00:00+00:00
[2026-02-23T00:12:30.030+0000] {processor.py:183} INFO - Processing /opt/airflow/dags/main.py took 0.227 seconds
[2026-02-23T00:13:00.160+0000] {processor.py:161} INFO - Started process (PID=1210) to work on /opt/airflow/dags/main.py
[2026-02-23T00:13:00.161+0000] {processor.py:830} INFO - Processing file /opt/airflow/dags/main.py for tasks to queue
[2026-02-23T00:13:00.164+0000] {logging_mixin.py:188} INFO - [2026-02-23T00:13:00.164+0000] {dagbag.py:545} INFO - Filling up the DagBag from /opt/airflow/dags/main.py
[2026-02-23T00:13:00.312+0000] {processor.py:840} INFO - DAG(s) 'update_db', 'produce_json' retrieved from /opt/airflow/dags/main.py
[2026-02-23T00:13:00.347+0000] {logging_mixin.py:188} INFO - [2026-02-23T00:13:00.347+0000] {dag.py:3096} INFO - Sync 2 DAGs
[2026-02-23T00:13:00.373+0000] {logging_mixin.py:188} INFO - [2026-02-23T00:13:00.373+0000] {dag.py:3954} INFO - Setting next_dagrun for produce_json to 2026-02-22 14:00:00+00:00, run_after=2026-02-23 14:00:00+00:00
[2026-02-23T00:13:00.379+0000] {logging_mixin.py:188} INFO - [2026-02-23T00:13:00.378+0000] {dag.py:3954} INFO - Setting next_dagrun for update_db to 2026-02-22 15:00:00+00:00, run_after=2026-02-23 15:00:00+00:00
[2026-02-23T00:13:00.410+0000] {processor.py:183} INFO - Processing /opt/airflow/dags/main.py took 0.257 seconds
[2026-02-23T00:13:30.539+0000] {processor.py:161} INFO - Started process (PID=1217) to work on /opt/airflow/dags/main.py
[2026-02-23T00:13:30.541+0000] {processor.py:830} INFO - Processing file /opt/airflow/dags/main.py for tasks to queue
[2026-02-23T00:13:30.545+0000] {logging_mixin.py:188} INFO - [2026-02-23T00:13:30.544+0000] {dagbag.py:545} INFO - Filling up the DagBag from /opt/airflow/dags/main.py
[2026-02-23T00:13:30.704+0000] {processor.py:840} INFO - DAG(s) 'update_db', 'produce_json' retrieved from /opt/airflow/dags/main.py
[2026-02-23T00:13:30.740+0000] {logging_mixin.py:188} INFO - [2026-02-23T00:13:30.739+0000] {dag.py:3096} INFO - Sync 2 DAGs
[2026-02-23T00:13:30.768+0000] {logging_mixin.py:188} INFO - [2026-02-23T00:13:30.768+0000] {dag.py:3954} INFO - Setting next_dagrun for produce_json to 2026-02-22 14:00:00+00:00, run_after=2026-02-23 14:00:00+00:00
[2026-02-23T00:13:30.775+0000] {logging_mixin.py:188} INFO - [2026-02-23T00:13:30.775+0000] {dag.py:3954} INFO - Setting next_dagrun for update_db to 2026-02-22 15:00:00+00:00, run_after=2026-02-23 15:00:00+00:00
[2026-02-23T00:13:30.798+0000] {processor.py:183} INFO - Processing /opt/airflow/dags/main.py took 0.267 seconds
[2026-02-23T00:14:00.878+0000] {processor.py:161} INFO - Started process (PID=1224) to work on /opt/airflow/dags/main.py
[2026-02-23T00:14:00.879+0000] {processor.py:830} INFO - Processing file /opt/airflow/dags/main.py for tasks to queue
[2026-02-23T00:14:00.882+0000] {logging_mixin.py:188} INFO - [2026-02-23T00:14:00.881+0000] {dagbag.py:545} INFO - Filling up the DagBag from /opt/airflow/dags/main.py
[2026-02-23T00:14:00.993+0000] {processor.py:840} INFO - DAG(s) 'produce_json', 'update_db' retrieved from /opt/airflow/dags/main.py
[2026-02-23T00:14:01.034+0000] {logging_mixin.py:188} INFO - [2026-02-23T00:14:01.034+0000] {dag.py:3096} INFO - Sync 2 DAGs
[2026-02-23T00:14:01.066+0000] {logging_mixin.py:188} INFO - [2026-02-23T00:14:01.065+0000] {dag.py:3954} INFO - Setting next_dagrun for produce_json to 2026-02-22 14:00:00+00:00, run_after=2026-02-23 14:00:00+00:00
[2026-02-23T00:14:01.072+0000] {logging_mixin.py:188} INFO - [2026-02-23T00:14:01.072+0000] {dag.py:3954} INFO - Setting next_dagrun for update_db to 2026-02-22 15:00:00+00:00, run_after=2026-02-23 15:00:00+00:00
[2026-02-23T00:14:01.098+0000] {processor.py:183} INFO - Processing /opt/airflow/dags/main.py took 0.225 seconds
[2026-02-23T00:14:31.185+0000] {processor.py:161} INFO - Started process (PID=1231) to work on /opt/airflow/dags/main.py
[2026-02-23T00:14:31.187+0000] {processor.py:830} INFO - Processing file /opt/airflow/dags/main.py for tasks to queue
[2026-02-23T00:14:31.189+0000] {logging_mixin.py:188} INFO - [2026-02-23T00:14:31.189+0000] {dagbag.py:545} INFO - Filling up the DagBag from /opt/airflow/dags/main.py
[2026-02-23T00:14:31.311+0000] {processor.py:840} INFO - DAG(s) 'update_db', 'produce_json' retrieved from /opt/airflow/dags/main.py
[2026-02-23T00:14:31.348+0000] {logging_mixin.py:188} INFO - [2026-02-23T00:14:31.348+0000] {dag.py:3096} INFO - Sync 2 DAGs
[2026-02-23T00:14:31.373+0000] {logging_mixin.py:188} INFO - [2026-02-23T00:14:31.373+0000] {dag.py:3954} INFO - Setting next_dagrun for produce_json to 2026-02-22 14:00:00+00:00, run_after=2026-02-23 14:00:00+00:00
[2026-02-23T00:14:31.380+0000] {logging_mixin.py:188} INFO - [2026-02-23T00:14:31.380+0000] {dag.py:3954} INFO - Setting next_dagrun for update_db to 2026-02-22 15:00:00+00:00, run_after=2026-02-23 15:00:00+00:00
[2026-02-23T00:14:31.406+0000] {processor.py:183} INFO - Processing /opt/airflow/dags/main.py took 0.227 seconds
[2026-02-23T00:15:01.521+0000] {processor.py:161} INFO - Started process (PID=1244) to work on /opt/airflow/dags/main.py
[2026-02-23T00:15:01.523+0000] {processor.py:830} INFO - Processing file /opt/airflow/dags/main.py for tasks to queue
[2026-02-23T00:15:01.525+0000] {logging_mixin.py:188} INFO - [2026-02-23T00:15:01.525+0000] {dagbag.py:545} INFO - Filling up the DagBag from /opt/airflow/dags/main.py
[2026-02-23T00:15:01.657+0000] {processor.py:840} INFO - DAG(s) 'update_db', 'produce_json' retrieved from /opt/airflow/dags/main.py
[2026-02-23T00:15:01.703+0000] {logging_mixin.py:188} INFO - [2026-02-23T00:15:01.703+0000] {dag.py:3096} INFO - Sync 2 DAGs
[2026-02-23T00:15:01.732+0000] {logging_mixin.py:188} INFO - [2026-02-23T00:15:01.731+0000] {dag.py:3954} INFO - Setting next_dagrun for produce_json to 2026-02-22 14:00:00+00:00, run_after=2026-02-23 14:00:00+00:00
[2026-02-23T00:15:01.737+0000] {logging_mixin.py:188} INFO - [2026-02-23T00:15:01.737+0000] {dag.py:3954} INFO - Setting next_dagrun for update_db to 2026-02-22 15:00:00+00:00, run_after=2026-02-23 15:00:00+00:00
[2026-02-23T00:15:01.770+0000] {processor.py:183} INFO - Processing /opt/airflow/dags/main.py took 0.257 seconds
[2026-02-23T00:15:31.865+0000] {processor.py:161} INFO - Started process (PID=1251) to work on /opt/airflow/dags/main.py
[2026-02-23T00:15:31.866+0000] {processor.py:830} INFO - Processing file /opt/airflow/dags/main.py for tasks to queue
[2026-02-23T00:15:31.868+0000] {logging_mixin.py:188} INFO - [2026-02-23T00:15:31.868+0000] {dagbag.py:545} INFO - Filling up the DagBag from /opt/airflow/dags/main.py
[2026-02-23T00:15:31.989+0000] {processor.py:840} INFO - DAG(s) 'produce_json', 'update_db' retrieved from /opt/airflow/dags/main.py
[2026-02-23T00:15:32.026+0000] {logging_mixin.py:188} INFO - [2026-02-23T00:15:32.026+0000] {dag.py:3096} INFO - Sync 2 DAGs
[2026-02-23T00:15:32.051+0000] {logging_mixin.py:188} INFO - [2026-02-23T00:15:32.050+0000] {dag.py:3954} INFO - Setting next_dagrun for produce_json to 2026-02-22 14:00:00+00:00, run_after=2026-02-23 14:00:00+00:00
[2026-02-23T00:15:32.056+0000] {logging_mixin.py:188} INFO - [2026-02-23T00:15:32.056+0000] {dag.py:3954} INFO - Setting next_dagrun for update_db to 2026-02-22 15:00:00+00:00, run_after=2026-02-23 15:00:00+00:00
[2026-02-23T00:15:32.078+0000] {processor.py:183} INFO - Processing /opt/airflow/dags/main.py took 0.219 seconds
[2026-02-23T00:16:02.191+0000] {processor.py:161} INFO - Started process (PID=1258) to work on /opt/airflow/dags/main.py
[2026-02-23T00:16:02.192+0000] {processor.py:830} INFO - Processing file /opt/airflow/dags/main.py for tasks to queue
[2026-02-23T00:16:02.194+0000] {logging_mixin.py:188} INFO - [2026-02-23T00:16:02.194+0000] {dagbag.py:545} INFO - Filling up the DagBag from /opt/airflow/dags/main.py
[2026-02-23T00:16:02.339+0000] {processor.py:840} INFO - DAG(s) 'produce_json', 'update_db' retrieved from /opt/airflow/dags/main.py
[2026-02-23T00:16:02.377+0000] {logging_mixin.py:188} INFO - [2026-02-23T00:16:02.377+0000] {dag.py:3096} INFO - Sync 2 DAGs
[2026-02-23T00:16:02.407+0000] {logging_mixin.py:188} INFO - [2026-02-23T00:16:02.406+0000] {dag.py:3954} INFO - Setting next_dagrun for produce_json to 2026-02-22 14:00:00+00:00, run_after=2026-02-23 14:00:00+00:00
[2026-02-23T00:16:02.415+0000] {logging_mixin.py:188} INFO - [2026-02-23T00:16:02.414+0000] {dag.py:3954} INFO - Setting next_dagrun for update_db to 2026-02-22 15:00:00+00:00, run_after=2026-02-23 15:00:00+00:00
[2026-02-23T00:16:02.446+0000] {processor.py:183} INFO - Processing /opt/airflow/dags/main.py took 0.261 seconds
[2026-02-23T00:16:32.600+0000] {processor.py:161} INFO - Started process (PID=1265) to work on /opt/airflow/dags/main.py
[2026-02-23T00:16:32.602+0000] {processor.py:830} INFO - Processing file /opt/airflow/dags/main.py for tasks to queue
[2026-02-23T00:16:32.604+0000] {logging_mixin.py:188} INFO - [2026-02-23T00:16:32.603+0000] {dagbag.py:545} INFO - Filling up the DagBag from /opt/airflow/dags/main.py
[2026-02-23T00:16:32.743+0000] {processor.py:840} INFO - DAG(s) 'produce_json', 'update_db' retrieved from /opt/airflow/dags/main.py
[2026-02-23T00:16:32.778+0000] {logging_mixin.py:188} INFO - [2026-02-23T00:16:32.778+0000] {dag.py:3096} INFO - Sync 2 DAGs
[2026-02-23T00:16:32.805+0000] {logging_mixin.py:188} INFO - [2026-02-23T00:16:32.805+0000] {dag.py:3954} INFO - Setting next_dagrun for produce_json to 2026-02-22 14:00:00+00:00, run_after=2026-02-23 14:00:00+00:00
[2026-02-23T00:16:32.810+0000] {logging_mixin.py:188} INFO - [2026-02-23T00:16:32.810+0000] {dag.py:3954} INFO - Setting next_dagrun for update_db to 2026-02-22 15:00:00+00:00, run_after=2026-02-23 15:00:00+00:00
[2026-02-23T00:16:32.841+0000] {processor.py:183} INFO - Processing /opt/airflow/dags/main.py took 0.246 seconds
[2026-02-23T00:17:02.997+0000] {processor.py:161} INFO - Started process (PID=1272) to work on /opt/airflow/dags/main.py
[2026-02-23T00:17:02.998+0000] {processor.py:830} INFO - Processing file /opt/airflow/dags/main.py for tasks to queue
[2026-02-23T00:17:03.001+0000] {logging_mixin.py:188} INFO - [2026-02-23T00:17:03.000+0000] {dagbag.py:545} INFO - Filling up the DagBag from /opt/airflow/dags/main.py
[2026-02-23T00:17:03.162+0000] {processor.py:840} INFO - DAG(s) 'update_db', 'produce_json' retrieved from /opt/airflow/dags/main.py
[2026-02-23T00:17:03.201+0000] {logging_mixin.py:188} INFO - [2026-02-23T00:17:03.201+0000] {dag.py:3096} INFO - Sync 2 DAGs
[2026-02-23T00:17:03.229+0000] {logging_mixin.py:188} INFO - [2026-02-23T00:17:03.229+0000] {dag.py:3954} INFO - Setting next_dagrun for produce_json to 2026-02-22 14:00:00+00:00, run_after=2026-02-23 14:00:00+00:00
[2026-02-23T00:17:03.235+0000] {logging_mixin.py:188} INFO - [2026-02-23T00:17:03.235+0000] {dag.py:3954} INFO - Setting next_dagrun for update_db to 2026-02-22 15:00:00+00:00, run_after=2026-02-23 15:00:00+00:00
[2026-02-23T00:17:03.269+0000] {processor.py:183} INFO - Processing /opt/airflow/dags/main.py took 0.278 seconds
[2026-02-23T00:17:33.332+0000] {processor.py:161} INFO - Started process (PID=1279) to work on /opt/airflow/dags/main.py
[2026-02-23T00:17:33.333+0000] {processor.py:830} INFO - Processing file /opt/airflow/dags/main.py for tasks to queue
[2026-02-23T00:17:33.336+0000] {logging_mixin.py:188} INFO - [2026-02-23T00:17:33.335+0000] {dagbag.py:545} INFO - Filling up the DagBag from /opt/airflow/dags/main.py
[2026-02-23T00:17:33.459+0000] {processor.py:840} INFO - DAG(s) 'update_db', 'produce_json' retrieved from /opt/airflow/dags/main.py
[2026-02-23T00:17:33.516+0000] {logging_mixin.py:188} INFO - [2026-02-23T00:17:33.515+0000] {dag.py:3096} INFO - Sync 2 DAGs
[2026-02-23T00:17:33.550+0000] {logging_mixin.py:188} INFO - [2026-02-23T00:17:33.550+0000] {dag.py:3954} INFO - Setting next_dagrun for produce_json to 2026-02-22 14:00:00+00:00, run_after=2026-02-23 14:00:00+00:00
[2026-02-23T00:17:33.558+0000] {logging_mixin.py:188} INFO - [2026-02-23T00:17:33.558+0000] {dag.py:3954} INFO - Setting next_dagrun for update_db to 2026-02-22 15:00:00+00:00, run_after=2026-02-23 15:00:00+00:00
[2026-02-23T00:17:33.585+0000] {processor.py:183} INFO - Processing /opt/airflow/dags/main.py took 0.258 seconds
[2026-02-23T00:18:03.665+0000] {processor.py:161} INFO - Started process (PID=1286) to work on /opt/airflow/dags/main.py
[2026-02-23T00:18:03.666+0000] {processor.py:830} INFO - Processing file /opt/airflow/dags/main.py for tasks to queue
[2026-02-23T00:18:03.668+0000] {logging_mixin.py:188} INFO - [2026-02-23T00:18:03.668+0000] {dagbag.py:545} INFO - Filling up the DagBag from /opt/airflow/dags/main.py
[2026-02-23T00:18:03.769+0000] {processor.py:840} INFO - DAG(s) 'update_db', 'produce_json' retrieved from /opt/airflow/dags/main.py
[2026-02-23T00:18:03.814+0000] {logging_mixin.py:188} INFO - [2026-02-23T00:18:03.813+0000] {dag.py:3096} INFO - Sync 2 DAGs
[2026-02-23T00:18:03.835+0000] {logging_mixin.py:188} INFO - [2026-02-23T00:18:03.835+0000] {dag.py:3954} INFO - Setting next_dagrun for produce_json to 2026-02-22 14:00:00+00:00, run_after=2026-02-23 14:00:00+00:00
[2026-02-23T00:18:03.841+0000] {logging_mixin.py:188} INFO - [2026-02-23T00:18:03.840+0000] {dag.py:3954} INFO - Setting next_dagrun for update_db to 2026-02-22 15:00:00+00:00, run_after=2026-02-23 15:00:00+00:00
[2026-02-23T00:18:03.861+0000] {processor.py:183} INFO - Processing /opt/airflow/dags/main.py took 0.203 seconds
[2026-02-23T00:18:33.970+0000] {processor.py:161} INFO - Started process (PID=1293) to work on /opt/airflow/dags/main.py
[2026-02-23T00:18:33.972+0000] {processor.py:830} INFO - Processing file /opt/airflow/dags/main.py for tasks to queue
[2026-02-23T00:18:33.974+0000] {logging_mixin.py:188} INFO - [2026-02-23T00:18:33.973+0000] {dagbag.py:545} INFO - Filling up the DagBag from /opt/airflow/dags/main.py
[2026-02-23T00:18:34.069+0000] {processor.py:840} INFO - DAG(s) 'update_db', 'produce_json' retrieved from /opt/airflow/dags/main.py
[2026-02-23T00:18:34.102+0000] {logging_mixin.py:188} INFO - [2026-02-23T00:18:34.101+0000] {dag.py:3096} INFO - Sync 2 DAGs
[2026-02-23T00:18:34.126+0000] {logging_mixin.py:188} INFO - [2026-02-23T00:18:34.126+0000] {dag.py:3954} INFO - Setting next_dagrun for produce_json to 2026-02-22 14:00:00+00:00, run_after=2026-02-23 14:00:00+00:00
[2026-02-23T00:18:34.131+0000] {logging_mixin.py:188} INFO - [2026-02-23T00:18:34.131+0000] {dag.py:3954} INFO - Setting next_dagrun for update_db to 2026-02-22 15:00:00+00:00, run_after=2026-02-23 15:00:00+00:00
[2026-02-23T00:18:34.151+0000] {processor.py:183} INFO - Processing /opt/airflow/dags/main.py took 0.186 seconds
[2026-02-23T00:19:04.275+0000] {processor.py:161} INFO - Started process (PID=1300) to work on /opt/airflow/dags/main.py
[2026-02-23T00:19:04.276+0000] {processor.py:830} INFO - Processing file /opt/airflow/dags/main.py for tasks to queue
[2026-02-23T00:19:04.278+0000] {logging_mixin.py:188} INFO - [2026-02-23T00:19:04.278+0000] {dagbag.py:545} INFO - Filling up the DagBag from /opt/airflow/dags/main.py
[2026-02-23T00:19:04.457+0000] {processor.py:840} INFO - DAG(s) 'update_db', 'produce_json' retrieved from /opt/airflow/dags/main.py
[2026-02-23T00:19:04.495+0000] {logging_mixin.py:188} INFO - [2026-02-23T00:19:04.495+0000] {dag.py:3096} INFO - Sync 2 DAGs
[2026-02-23T00:19:04.518+0000] {logging_mixin.py:188} INFO - [2026-02-23T00:19:04.517+0000] {dag.py:3954} INFO - Setting next_dagrun for produce_json to 2026-02-22 14:00:00+00:00, run_after=2026-02-23 14:00:00+00:00
[2026-02-23T00:19:04.522+0000] {logging_mixin.py:188} INFO - [2026-02-23T00:19:04.522+0000] {dag.py:3954} INFO - Setting next_dagrun for update_db to 2026-02-22 15:00:00+00:00, run_after=2026-02-23 15:00:00+00:00
[2026-02-23T00:19:04.540+0000] {processor.py:183} INFO - Processing /opt/airflow/dags/main.py took 0.271 seconds
[2026-02-23T00:19:34.636+0000] {processor.py:161} INFO - Started process (PID=1307) to work on /opt/airflow/dags/main.py
[2026-02-23T00:19:34.638+0000] {processor.py:830} INFO - Processing file /opt/airflow/dags/main.py for tasks to queue
[2026-02-23T00:19:34.640+0000] {logging_mixin.py:188} INFO - [2026-02-23T00:19:34.639+0000] {dagbag.py:545} INFO - Filling up the DagBag from /opt/airflow/dags/main.py
[2026-02-23T00:19:34.756+0000] {processor.py:840} INFO - DAG(s) 'produce_json', 'update_db' retrieved from /opt/airflow/dags/main.py
[2026-02-23T00:19:34.802+0000] {logging_mixin.py:188} INFO - [2026-02-23T00:19:34.802+0000] {dag.py:3096} INFO - Sync 2 DAGs
[2026-02-23T00:19:34.839+0000] {logging_mixin.py:188} INFO - [2026-02-23T00:19:34.839+0000] {dag.py:3954} INFO - Setting next_dagrun for produce_json to 2026-02-22 14:00:00+00:00, run_after=2026-02-23 14:00:00+00:00
[2026-02-23T00:19:34.846+0000] {logging_mixin.py:188} INFO - [2026-02-23T00:19:34.846+0000] {dag.py:3954} INFO - Setting next_dagrun for update_db to 2026-02-22 15:00:00+00:00, run_after=2026-02-23 15:00:00+00:00
[2026-02-23T00:19:34.877+0000] {processor.py:183} INFO - Processing /opt/airflow/dags/main.py took 0.246 seconds
[2026-02-23T00:20:04.958+0000] {processor.py:161} INFO - Started process (PID=1314) to work on /opt/airflow/dags/main.py
[2026-02-23T00:20:04.960+0000] {processor.py:830} INFO - Processing file /opt/airflow/dags/main.py for tasks to queue
[2026-02-23T00:20:04.964+0000] {logging_mixin.py:188} INFO - [2026-02-23T00:20:04.963+0000] {dagbag.py:545} INFO - Filling up the DagBag from /opt/airflow/dags/main.py
[2026-02-23T00:20:05.083+0000] {processor.py:840} INFO - DAG(s) 'produce_json', 'update_db' retrieved from /opt/airflow/dags/main.py
[2026-02-23T00:20:05.116+0000] {logging_mixin.py:188} INFO - [2026-02-23T00:20:05.115+0000] {dag.py:3096} INFO - Sync 2 DAGs
[2026-02-23T00:20:05.140+0000] {logging_mixin.py:188} INFO - [2026-02-23T00:20:05.140+0000] {dag.py:3954} INFO - Setting next_dagrun for produce_json to 2026-02-22 14:00:00+00:00, run_after=2026-02-23 14:00:00+00:00
[2026-02-23T00:20:05.146+0000] {logging_mixin.py:188} INFO - [2026-02-23T00:20:05.146+0000] {dag.py:3954} INFO - Setting next_dagrun for update_db to 2026-02-22 15:00:00+00:00, run_after=2026-02-23 15:00:00+00:00
[2026-02-23T00:20:05.179+0000] {processor.py:183} INFO - Processing /opt/airflow/dags/main.py took 0.228 seconds
[2026-02-23T00:20:35.289+0000] {processor.py:161} INFO - Started process (PID=1321) to work on /opt/airflow/dags/main.py
[2026-02-23T00:20:35.291+0000] {processor.py:830} INFO - Processing file /opt/airflow/dags/main.py for tasks to queue
[2026-02-23T00:20:35.294+0000] {logging_mixin.py:188} INFO - [2026-02-23T00:20:35.293+0000] {dagbag.py:545} INFO - Filling up the DagBag from /opt/airflow/dags/main.py
[2026-02-23T00:20:35.411+0000] {processor.py:840} INFO - DAG(s) 'update_db', 'produce_json' retrieved from /opt/airflow/dags/main.py
[2026-02-23T00:20:35.448+0000] {logging_mixin.py:188} INFO - [2026-02-23T00:20:35.448+0000] {dag.py:3096} INFO - Sync 2 DAGs
[2026-02-23T00:20:35.471+0000] {logging_mixin.py:188} INFO - [2026-02-23T00:20:35.471+0000] {dag.py:3954} INFO - Setting next_dagrun for produce_json to 2026-02-22 14:00:00+00:00, run_after=2026-02-23 14:00:00+00:00
[2026-02-23T00:20:35.476+0000] {logging_mixin.py:188} INFO - [2026-02-23T00:20:35.476+0000] {dag.py:3954} INFO - Setting next_dagrun for update_db to 2026-02-22 15:00:00+00:00, run_after=2026-02-23 15:00:00+00:00
[2026-02-23T00:20:35.496+0000] {processor.py:183} INFO - Processing /opt/airflow/dags/main.py took 0.217 seconds
[2026-02-23T00:21:05.618+0000] {processor.py:161} INFO - Started process (PID=1328) to work on /opt/airflow/dags/main.py
[2026-02-23T00:21:05.620+0000] {processor.py:830} INFO - Processing file /opt/airflow/dags/main.py for tasks to queue
[2026-02-23T00:21:05.622+0000] {logging_mixin.py:188} INFO - [2026-02-23T00:21:05.621+0000] {dagbag.py:545} INFO - Filling up the DagBag from /opt/airflow/dags/main.py
[2026-02-23T00:21:05.722+0000] {processor.py:840} INFO - DAG(s) 'produce_json', 'update_db' retrieved from /opt/airflow/dags/main.py
[2026-02-23T00:21:05.756+0000] {logging_mixin.py:188} INFO - [2026-02-23T00:21:05.755+0000] {dag.py:3096} INFO - Sync 2 DAGs
[2026-02-23T00:21:05.779+0000] {logging_mixin.py:188} INFO - [2026-02-23T00:21:05.779+0000] {dag.py:3954} INFO - Setting next_dagrun for produce_json to 2026-02-22 14:00:00+00:00, run_after=2026-02-23 14:00:00+00:00
[2026-02-23T00:21:05.786+0000] {logging_mixin.py:188} INFO - [2026-02-23T00:21:05.786+0000] {dag.py:3954} INFO - Setting next_dagrun for update_db to 2026-02-22 15:00:00+00:00, run_after=2026-02-23 15:00:00+00:00
[2026-02-23T00:21:05.819+0000] {processor.py:183} INFO - Processing /opt/airflow/dags/main.py took 0.210 seconds
[2026-02-23T00:21:35.967+0000] {processor.py:161} INFO - Started process (PID=1335) to work on /opt/airflow/dags/main.py
[2026-02-23T00:21:35.968+0000] {processor.py:830} INFO - Processing file /opt/airflow/dags/main.py for tasks to queue
[2026-02-23T00:21:35.971+0000] {logging_mixin.py:188} INFO - [2026-02-23T00:21:35.971+0000] {dagbag.py:545} INFO - Filling up the DagBag from /opt/airflow/dags/main.py
[2026-02-23T00:21:36.095+0000] {processor.py:840} INFO - DAG(s) 'update_db', 'produce_json' retrieved from /opt/airflow/dags/main.py
[2026-02-23T00:21:36.139+0000] {logging_mixin.py:188} INFO - [2026-02-23T00:21:36.139+0000] {dag.py:3096} INFO - Sync 2 DAGs
[2026-02-23T00:21:36.163+0000] {logging_mixin.py:188} INFO - [2026-02-23T00:21:36.163+0000] {dag.py:3954} INFO - Setting next_dagrun for produce_json to 2026-02-22 14:00:00+00:00, run_after=2026-02-23 14:00:00+00:00
[2026-02-23T00:21:36.169+0000] {logging_mixin.py:188} INFO - [2026-02-23T00:21:36.169+0000] {dag.py:3954} INFO - Setting next_dagrun for update_db to 2026-02-22 15:00:00+00:00, run_after=2026-02-23 15:00:00+00:00
[2026-02-23T00:21:36.203+0000] {processor.py:183} INFO - Processing /opt/airflow/dags/main.py took 0.246 seconds
[2026-02-23T00:22:06.353+0000] {processor.py:161} INFO - Started process (PID=1342) to work on /opt/airflow/dags/main.py
[2026-02-23T00:22:06.357+0000] {processor.py:830} INFO - Processing file /opt/airflow/dags/main.py for tasks to queue
[2026-02-23T00:22:06.361+0000] {logging_mixin.py:188} INFO - [2026-02-23T00:22:06.360+0000] {dagbag.py:545} INFO - Filling up the DagBag from /opt/airflow/dags/main.py
[2026-02-23T00:22:06.496+0000] {processor.py:840} INFO - DAG(s) 'produce_json', 'update_db' retrieved from /opt/airflow/dags/main.py
[2026-02-23T00:22:06.537+0000] {logging_mixin.py:188} INFO - [2026-02-23T00:22:06.537+0000] {dag.py:3096} INFO - Sync 2 DAGs
[2026-02-23T00:22:06.564+0000] {logging_mixin.py:188} INFO - [2026-02-23T00:22:06.564+0000] {dag.py:3954} INFO - Setting next_dagrun for produce_json to 2026-02-22 14:00:00+00:00, run_after=2026-02-23 14:00:00+00:00
[2026-02-23T00:22:06.571+0000] {logging_mixin.py:188} INFO - [2026-02-23T00:22:06.570+0000] {dag.py:3954} INFO - Setting next_dagrun for update_db to 2026-02-22 15:00:00+00:00, run_after=2026-02-23 15:00:00+00:00
[2026-02-23T00:22:06.607+0000] {processor.py:183} INFO - Processing /opt/airflow/dags/main.py took 0.268 seconds
[2026-02-23T00:22:36.767+0000] {processor.py:161} INFO - Started process (PID=1349) to work on /opt/airflow/dags/main.py
[2026-02-23T00:22:36.769+0000] {processor.py:830} INFO - Processing file /opt/airflow/dags/main.py for tasks to queue
[2026-02-23T00:22:36.772+0000] {logging_mixin.py:188} INFO - [2026-02-23T00:22:36.771+0000] {dagbag.py:545} INFO - Filling up the DagBag from /opt/airflow/dags/main.py
[2026-02-23T00:22:36.988+0000] {processor.py:840} INFO - DAG(s) 'produce_json', 'update_db' retrieved from /opt/airflow/dags/main.py
[2026-02-23T00:22:37.027+0000] {logging_mixin.py:188} INFO - [2026-02-23T00:22:37.026+0000] {dag.py:3096} INFO - Sync 2 DAGs
[2026-02-23T00:22:37.056+0000] {logging_mixin.py:188} INFO - [2026-02-23T00:22:37.056+0000] {dag.py:3954} INFO - Setting next_dagrun for produce_json to 2026-02-22 14:00:00+00:00, run_after=2026-02-23 14:00:00+00:00
[2026-02-23T00:22:37.062+0000] {logging_mixin.py:188} INFO - [2026-02-23T00:22:37.062+0000] {dag.py:3954} INFO - Setting next_dagrun for update_db to 2026-02-22 15:00:00+00:00, run_after=2026-02-23 15:00:00+00:00
[2026-02-23T00:22:37.091+0000] {processor.py:183} INFO - Processing /opt/airflow/dags/main.py took 0.332 seconds
[2026-02-23T00:23:07.220+0000] {processor.py:161} INFO - Started process (PID=1356) to work on /opt/airflow/dags/main.py
[2026-02-23T00:23:07.222+0000] {processor.py:830} INFO - Processing file /opt/airflow/dags/main.py for tasks to queue
[2026-02-23T00:23:07.224+0000] {logging_mixin.py:188} INFO - [2026-02-23T00:23:07.224+0000] {dagbag.py:545} INFO - Filling up the DagBag from /opt/airflow/dags/main.py
[2026-02-23T00:23:07.342+0000] {processor.py:840} INFO - DAG(s) 'produce_json', 'update_db' retrieved from /opt/airflow/dags/main.py
[2026-02-23T00:23:07.377+0000] {logging_mixin.py:188} INFO - [2026-02-23T00:23:07.377+0000] {dag.py:3096} INFO - Sync 2 DAGs
[2026-02-23T00:23:07.401+0000] {logging_mixin.py:188} INFO - [2026-02-23T00:23:07.401+0000] {dag.py:3954} INFO - Setting next_dagrun for produce_json to 2026-02-22 14:00:00+00:00, run_after=2026-02-23 14:00:00+00:00
[2026-02-23T00:23:07.406+0000] {logging_mixin.py:188} INFO - [2026-02-23T00:23:07.406+0000] {dag.py:3954} INFO - Setting next_dagrun for update_db to 2026-02-22 15:00:00+00:00, run_after=2026-02-23 15:00:00+00:00
[2026-02-23T00:23:07.432+0000] {processor.py:183} INFO - Processing /opt/airflow/dags/main.py took 0.218 seconds
[2026-02-23T00:23:37.575+0000] {processor.py:161} INFO - Started process (PID=1363) to work on /opt/airflow/dags/main.py
[2026-02-23T00:23:37.577+0000] {processor.py:830} INFO - Processing file /opt/airflow/dags/main.py for tasks to queue
[2026-02-23T00:23:37.579+0000] {logging_mixin.py:188} INFO - [2026-02-23T00:23:37.579+0000] {dagbag.py:545} INFO - Filling up the DagBag from /opt/airflow/dags/main.py
[2026-02-23T00:23:37.723+0000] {processor.py:840} INFO - DAG(s) 'produce_json', 'update_db' retrieved from /opt/airflow/dags/main.py
[2026-02-23T00:23:37.764+0000] {logging_mixin.py:188} INFO - [2026-02-23T00:23:37.764+0000] {dag.py:3096} INFO - Sync 2 DAGs
[2026-02-23T00:23:37.788+0000] {logging_mixin.py:188} INFO - [2026-02-23T00:23:37.788+0000] {dag.py:3954} INFO - Setting next_dagrun for produce_json to 2026-02-22 14:00:00+00:00, run_after=2026-02-23 14:00:00+00:00
[2026-02-23T00:23:37.794+0000] {logging_mixin.py:188} INFO - [2026-02-23T00:23:37.794+0000] {dag.py:3954} INFO - Setting next_dagrun for update_db to 2026-02-22 15:00:00+00:00, run_after=2026-02-23 15:00:00+00:00
[2026-02-23T00:23:37.826+0000] {processor.py:183} INFO - Processing /opt/airflow/dags/main.py took 0.256 seconds
[2026-02-23T00:24:07.940+0000] {processor.py:161} INFO - Started process (PID=1370) to work on /opt/airflow/dags/main.py
[2026-02-23T00:24:07.942+0000] {processor.py:830} INFO - Processing file /opt/airflow/dags/main.py for tasks to queue
[2026-02-23T00:24:07.944+0000] {logging_mixin.py:188} INFO - [2026-02-23T00:24:07.943+0000] {dagbag.py:545} INFO - Filling up the DagBag from /opt/airflow/dags/main.py
[2026-02-23T00:24:08.126+0000] {processor.py:840} INFO - DAG(s) 'produce_json', 'update_db' retrieved from /opt/airflow/dags/main.py
[2026-02-23T00:24:08.167+0000] {logging_mixin.py:188} INFO - [2026-02-23T00:24:08.167+0000] {dag.py:3096} INFO - Sync 2 DAGs
[2026-02-23T00:24:08.192+0000] {logging_mixin.py:188} INFO - [2026-02-23T00:24:08.192+0000] {dag.py:3954} INFO - Setting next_dagrun for produce_json to 2026-02-22 14:00:00+00:00, run_after=2026-02-23 14:00:00+00:00
[2026-02-23T00:24:08.199+0000] {logging_mixin.py:188} INFO - [2026-02-23T00:24:08.199+0000] {dag.py:3954} INFO - Setting next_dagrun for update_db to 2026-02-22 15:00:00+00:00, run_after=2026-02-23 15:00:00+00:00
[2026-02-23T00:24:08.233+0000] {processor.py:183} INFO - Processing /opt/airflow/dags/main.py took 0.298 seconds
[2026-02-23T00:24:38.398+0000] {processor.py:161} INFO - Started process (PID=1377) to work on /opt/airflow/dags/main.py
[2026-02-23T00:24:38.399+0000] {processor.py:830} INFO - Processing file /opt/airflow/dags/main.py for tasks to queue
[2026-02-23T00:24:38.402+0000] {logging_mixin.py:188} INFO - [2026-02-23T00:24:38.401+0000] {dagbag.py:545} INFO - Filling up the DagBag from /opt/airflow/dags/main.py
[2026-02-23T00:24:38.551+0000] {processor.py:840} INFO - DAG(s) 'update_db', 'produce_json' retrieved from /opt/airflow/dags/main.py
[2026-02-23T00:24:38.586+0000] {logging_mixin.py:188} INFO - [2026-02-23T00:24:38.586+0000] {dag.py:3096} INFO - Sync 2 DAGs
[2026-02-23T00:24:38.610+0000] {logging_mixin.py:188} INFO - [2026-02-23T00:24:38.610+0000] {dag.py:3954} INFO - Setting next_dagrun for produce_json to 2026-02-22 14:00:00+00:00, run_after=2026-02-23 14:00:00+00:00
[2026-02-23T00:24:38.618+0000] {logging_mixin.py:188} INFO - [2026-02-23T00:24:38.618+0000] {dag.py:3954} INFO - Setting next_dagrun for update_db to 2026-02-22 15:00:00+00:00, run_after=2026-02-23 15:00:00+00:00
[2026-02-23T00:24:38.641+0000] {processor.py:183} INFO - Processing /opt/airflow/dags/main.py took 0.251 seconds
[2026-02-23T00:25:08.788+0000] {processor.py:161} INFO - Started process (PID=1384) to work on /opt/airflow/dags/main.py
[2026-02-23T00:25:08.790+0000] {processor.py:830} INFO - Processing file /opt/airflow/dags/main.py for tasks to queue
[2026-02-23T00:25:08.793+0000] {logging_mixin.py:188} INFO - [2026-02-23T00:25:08.792+0000] {dagbag.py:545} INFO - Filling up the DagBag from /opt/airflow/dags/main.py
[2026-02-23T00:25:08.912+0000] {processor.py:840} INFO - DAG(s) 'update_db', 'produce_json' retrieved from /opt/airflow/dags/main.py
[2026-02-23T00:25:08.950+0000] {logging_mixin.py:188} INFO - [2026-02-23T00:25:08.949+0000] {dag.py:3096} INFO - Sync 2 DAGs
[2026-02-23T00:25:08.977+0000] {logging_mixin.py:188} INFO - [2026-02-23T00:25:08.977+0000] {dag.py:3954} INFO - Setting next_dagrun for produce_json to 2026-02-22 14:00:00+00:00, run_after=2026-02-23 14:00:00+00:00
[2026-02-23T00:25:08.983+0000] {logging_mixin.py:188} INFO - [2026-02-23T00:25:08.983+0000] {dag.py:3954} INFO - Setting next_dagrun for update_db to 2026-02-22 15:00:00+00:00, run_after=2026-02-23 15:00:00+00:00
[2026-02-23T00:25:09.011+0000] {processor.py:183} INFO - Processing /opt/airflow/dags/main.py took 0.228 seconds
[2026-02-23T00:25:39.204+0000] {processor.py:161} INFO - Started process (PID=1391) to work on /opt/airflow/dags/main.py
[2026-02-23T00:25:39.206+0000] {processor.py:830} INFO - Processing file /opt/airflow/dags/main.py for tasks to queue
[2026-02-23T00:25:39.208+0000] {logging_mixin.py:188} INFO - [2026-02-23T00:25:39.208+0000] {dagbag.py:545} INFO - Filling up the DagBag from /opt/airflow/dags/main.py
[2026-02-23T00:25:39.384+0000] {processor.py:840} INFO - DAG(s) 'update_db', 'produce_json' retrieved from /opt/airflow/dags/main.py
[2026-02-23T00:25:39.414+0000] {logging_mixin.py:188} INFO - [2026-02-23T00:25:39.414+0000] {dag.py:3096} INFO - Sync 2 DAGs
[2026-02-23T00:25:39.437+0000] {logging_mixin.py:188} INFO - [2026-02-23T00:25:39.437+0000] {dag.py:3954} INFO - Setting next_dagrun for produce_json to 2026-02-22 14:00:00+00:00, run_after=2026-02-23 14:00:00+00:00
[2026-02-23T00:25:39.444+0000] {logging_mixin.py:188} INFO - [2026-02-23T00:25:39.444+0000] {dag.py:3954} INFO - Setting next_dagrun for update_db to 2026-02-22 15:00:00+00:00, run_after=2026-02-23 15:00:00+00:00
[2026-02-23T00:25:39.465+0000] {processor.py:183} INFO - Processing /opt/airflow/dags/main.py took 0.267 seconds
[2026-02-23T00:26:09.665+0000] {processor.py:161} INFO - Started process (PID=1398) to work on /opt/airflow/dags/main.py
[2026-02-23T00:26:09.667+0000] {processor.py:830} INFO - Processing file /opt/airflow/dags/main.py for tasks to queue
[2026-02-23T00:26:09.670+0000] {logging_mixin.py:188} INFO - [2026-02-23T00:26:09.669+0000] {dagbag.py:545} INFO - Filling up the DagBag from /opt/airflow/dags/main.py
[2026-02-23T00:26:09.814+0000] {processor.py:840} INFO - DAG(s) 'produce_json', 'update_db' retrieved from /opt/airflow/dags/main.py
[2026-02-23T00:26:09.846+0000] {logging_mixin.py:188} INFO - [2026-02-23T00:26:09.846+0000] {dag.py:3096} INFO - Sync 2 DAGs
[2026-02-23T00:26:09.868+0000] {logging_mixin.py:188} INFO - [2026-02-23T00:26:09.868+0000] {dag.py:3954} INFO - Setting next_dagrun for produce_json to 2026-02-22 14:00:00+00:00, run_after=2026-02-23 14:00:00+00:00
[2026-02-23T00:26:09.874+0000] {logging_mixin.py:188} INFO - [2026-02-23T00:26:09.874+0000] {dag.py:3954} INFO - Setting next_dagrun for update_db to 2026-02-22 15:00:00+00:00, run_after=2026-02-23 15:00:00+00:00
[2026-02-23T00:26:09.906+0000] {processor.py:183} INFO - Processing /opt/airflow/dags/main.py took 0.246 seconds
[2026-02-23T00:26:40.113+0000] {processor.py:161} INFO - Started process (PID=1405) to work on /opt/airflow/dags/main.py
[2026-02-23T00:26:40.114+0000] {processor.py:830} INFO - Processing file /opt/airflow/dags/main.py for tasks to queue
[2026-02-23T00:26:40.117+0000] {logging_mixin.py:188} INFO - [2026-02-23T00:26:40.117+0000] {dagbag.py:545} INFO - Filling up the DagBag from /opt/airflow/dags/main.py
[2026-02-23T00:26:40.233+0000] {processor.py:840} INFO - DAG(s) 'produce_json', 'update_db' retrieved from /opt/airflow/dags/main.py
[2026-02-23T00:26:40.269+0000] {logging_mixin.py:188} INFO - [2026-02-23T00:26:40.268+0000] {dag.py:3096} INFO - Sync 2 DAGs
[2026-02-23T00:26:40.293+0000] {logging_mixin.py:188} INFO - [2026-02-23T00:26:40.293+0000] {dag.py:3954} INFO - Setting next_dagrun for produce_json to 2026-02-22 14:00:00+00:00, run_after=2026-02-23 14:00:00+00:00
[2026-02-23T00:26:40.299+0000] {logging_mixin.py:188} INFO - [2026-02-23T00:26:40.299+0000] {dag.py:3954} INFO - Setting next_dagrun for update_db to 2026-02-22 15:00:00+00:00, run_after=2026-02-23 15:00:00+00:00
[2026-02-23T00:26:40.321+0000] {processor.py:183} INFO - Processing /opt/airflow/dags/main.py took 0.214 seconds
[2026-02-23T00:27:10.414+0000] {processor.py:161} INFO - Started process (PID=1412) to work on /opt/airflow/dags/main.py
[2026-02-23T00:27:10.415+0000] {processor.py:830} INFO - Processing file /opt/airflow/dags/main.py for tasks to queue
[2026-02-23T00:27:10.417+0000] {logging_mixin.py:188} INFO - [2026-02-23T00:27:10.417+0000] {dagbag.py:545} INFO - Filling up the DagBag from /opt/airflow/dags/main.py
[2026-02-23T00:27:10.528+0000] {processor.py:840} INFO - DAG(s) 'produce_json', 'update_db' retrieved from /opt/airflow/dags/main.py
[2026-02-23T00:27:10.565+0000] {logging_mixin.py:188} INFO - [2026-02-23T00:27:10.565+0000] {dag.py:3096} INFO - Sync 2 DAGs
[2026-02-23T00:27:10.588+0000] {logging_mixin.py:188} INFO - [2026-02-23T00:27:10.588+0000] {dag.py:3954} INFO - Setting next_dagrun for produce_json to 2026-02-22 14:00:00+00:00, run_after=2026-02-23 14:00:00+00:00
[2026-02-23T00:27:10.594+0000] {logging_mixin.py:188} INFO - [2026-02-23T00:27:10.593+0000] {dag.py:3954} INFO - Setting next_dagrun for update_db to 2026-02-22 15:00:00+00:00, run_after=2026-02-23 15:00:00+00:00
[2026-02-23T00:27:10.614+0000] {processor.py:183} INFO - Processing /opt/airflow/dags/main.py took 0.206 seconds
[2026-02-23T00:27:40.822+0000] {processor.py:161} INFO - Started process (PID=1419) to work on /opt/airflow/dags/main.py
[2026-02-23T00:27:40.824+0000] {processor.py:830} INFO - Processing file /opt/airflow/dags/main.py for tasks to queue
[2026-02-23T00:27:40.828+0000] {logging_mixin.py:188} INFO - [2026-02-23T00:27:40.827+0000] {dagbag.py:545} INFO - Filling up the DagBag from /opt/airflow/dags/main.py
[2026-02-23T00:27:40.970+0000] {processor.py:840} INFO - DAG(s) 'produce_json', 'update_db' retrieved from /opt/airflow/dags/main.py
[2026-02-23T00:27:41.005+0000] {logging_mixin.py:188} INFO - [2026-02-23T00:27:41.005+0000] {dag.py:3096} INFO - Sync 2 DAGs
[2026-02-23T00:27:41.029+0000] {logging_mixin.py:188} INFO - [2026-02-23T00:27:41.029+0000] {dag.py:3954} INFO - Setting next_dagrun for produce_json to 2026-02-22 14:00:00+00:00, run_after=2026-02-23 14:00:00+00:00
[2026-02-23T00:27:41.035+0000] {logging_mixin.py:188} INFO - [2026-02-23T00:27:41.035+0000] {dag.py:3954} INFO - Setting next_dagrun for update_db to 2026-02-22 15:00:00+00:00, run_after=2026-02-23 15:00:00+00:00
[2026-02-23T00:27:41.054+0000] {processor.py:183} INFO - Processing /opt/airflow/dags/main.py took 0.241 seconds
[2026-02-23T00:28:11.203+0000] {processor.py:161} INFO - Started process (PID=1426) to work on /opt/airflow/dags/main.py
[2026-02-23T00:28:11.204+0000] {processor.py:830} INFO - Processing file /opt/airflow/dags/main.py for tasks to queue
[2026-02-23T00:28:11.206+0000] {logging_mixin.py:188} INFO - [2026-02-23T00:28:11.206+0000] {dagbag.py:545} INFO - Filling up the DagBag from /opt/airflow/dags/main.py
[2026-02-23T00:28:11.378+0000] {processor.py:840} INFO - DAG(s) 'update_db', 'produce_json' retrieved from /opt/airflow/dags/main.py
[2026-02-23T00:28:11.413+0000] {logging_mixin.py:188} INFO - [2026-02-23T00:28:11.413+0000] {dag.py:3096} INFO - Sync 2 DAGs
[2026-02-23T00:28:11.436+0000] {logging_mixin.py:188} INFO - [2026-02-23T00:28:11.436+0000] {dag.py:3954} INFO - Setting next_dagrun for produce_json to 2026-02-22 14:00:00+00:00, run_after=2026-02-23 14:00:00+00:00
[2026-02-23T00:28:11.442+0000] {logging_mixin.py:188} INFO - [2026-02-23T00:28:11.442+0000] {dag.py:3954} INFO - Setting next_dagrun for update_db to 2026-02-22 15:00:00+00:00, run_after=2026-02-23 15:00:00+00:00
[2026-02-23T00:28:11.466+0000] {processor.py:183} INFO - Processing /opt/airflow/dags/main.py took 0.268 seconds
[2026-02-23T00:28:41.629+0000] {processor.py:161} INFO - Started process (PID=1433) to work on /opt/airflow/dags/main.py
[2026-02-23T00:28:41.630+0000] {processor.py:830} INFO - Processing file /opt/airflow/dags/main.py for tasks to queue
[2026-02-23T00:28:41.632+0000] {logging_mixin.py:188} INFO - [2026-02-23T00:28:41.632+0000] {dagbag.py:545} INFO - Filling up the DagBag from /opt/airflow/dags/main.py
[2026-02-23T00:28:41.809+0000] {processor.py:840} INFO - DAG(s) 'update_db', 'produce_json' retrieved from /opt/airflow/dags/main.py
[2026-02-23T00:28:41.844+0000] {logging_mixin.py:188} INFO - [2026-02-23T00:28:41.844+0000] {dag.py:3096} INFO - Sync 2 DAGs
[2026-02-23T00:28:41.870+0000] {logging_mixin.py:188} INFO - [2026-02-23T00:28:41.870+0000] {dag.py:3954} INFO - Setting next_dagrun for produce_json to 2026-02-22 14:00:00+00:00, run_after=2026-02-23 14:00:00+00:00
[2026-02-23T00:28:41.876+0000] {logging_mixin.py:188} INFO - [2026-02-23T00:28:41.876+0000] {dag.py:3954} INFO - Setting next_dagrun for update_db to 2026-02-22 15:00:00+00:00, run_after=2026-02-23 15:00:00+00:00
[2026-02-23T00:28:41.899+0000] {processor.py:183} INFO - Processing /opt/airflow/dags/main.py took 0.276 seconds
[2026-02-23T00:29:12.061+0000] {processor.py:161} INFO - Started process (PID=1440) to work on /opt/airflow/dags/main.py
[2026-02-23T00:29:12.063+0000] {processor.py:830} INFO - Processing file /opt/airflow/dags/main.py for tasks to queue
[2026-02-23T00:29:12.065+0000] {logging_mixin.py:188} INFO - [2026-02-23T00:29:12.065+0000] {dagbag.py:545} INFO - Filling up the DagBag from /opt/airflow/dags/main.py
[2026-02-23T00:29:12.194+0000] {processor.py:840} INFO - DAG(s) 'update_db', 'produce_json' retrieved from /opt/airflow/dags/main.py
[2026-02-23T00:29:12.228+0000] {logging_mixin.py:188} INFO - [2026-02-23T00:29:12.227+0000] {dag.py:3096} INFO - Sync 2 DAGs
[2026-02-23T00:29:12.256+0000] {logging_mixin.py:188} INFO - [2026-02-23T00:29:12.256+0000] {dag.py:3954} INFO - Setting next_dagrun for produce_json to 2026-02-22 14:00:00+00:00, run_after=2026-02-23 14:00:00+00:00
[2026-02-23T00:29:12.262+0000] {logging_mixin.py:188} INFO - [2026-02-23T00:29:12.261+0000] {dag.py:3954} INFO - Setting next_dagrun for update_db to 2026-02-22 15:00:00+00:00, run_after=2026-02-23 15:00:00+00:00
[2026-02-23T00:29:12.292+0000] {processor.py:183} INFO - Processing /opt/airflow/dags/main.py took 0.238 seconds
[2026-02-23T00:29:42.482+0000] {processor.py:161} INFO - Started process (PID=1446) to work on /opt/airflow/dags/main.py
[2026-02-23T00:29:42.484+0000] {processor.py:830} INFO - Processing file /opt/airflow/dags/main.py for tasks to queue
[2026-02-23T00:29:42.486+0000] {logging_mixin.py:188} INFO - [2026-02-23T00:29:42.486+0000] {dagbag.py:545} INFO - Filling up the DagBag from /opt/airflow/dags/main.py
[2026-02-23T00:29:42.598+0000] {processor.py:840} INFO - DAG(s) 'produce_json', 'update_db' retrieved from /opt/airflow/dags/main.py
[2026-02-23T00:29:42.646+0000] {logging_mixin.py:188} INFO - [2026-02-23T00:29:42.646+0000] {dag.py:3096} INFO - Sync 2 DAGs
[2026-02-23T00:29:42.672+0000] {logging_mixin.py:188} INFO - [2026-02-23T00:29:42.672+0000] {dag.py:3954} INFO - Setting next_dagrun for produce_json to 2026-02-22 14:00:00+00:00, run_after=2026-02-23 14:00:00+00:00
[2026-02-23T00:29:42.678+0000] {logging_mixin.py:188} INFO - [2026-02-23T00:29:42.678+0000] {dag.py:3954} INFO - Setting next_dagrun for update_db to 2026-02-22 15:00:00+00:00, run_after=2026-02-23 15:00:00+00:00
[2026-02-23T00:29:42.701+0000] {processor.py:183} INFO - Processing /opt/airflow/dags/main.py took 0.224 seconds
[2026-02-23T00:30:12.878+0000] {processor.py:161} INFO - Started process (PID=1453) to work on /opt/airflow/dags/main.py
[2026-02-23T00:30:12.880+0000] {processor.py:830} INFO - Processing file /opt/airflow/dags/main.py for tasks to queue
[2026-02-23T00:30:12.882+0000] {logging_mixin.py:188} INFO - [2026-02-23T00:30:12.881+0000] {dagbag.py:545} INFO - Filling up the DagBag from /opt/airflow/dags/main.py
[2026-02-23T00:30:12.993+0000] {processor.py:840} INFO - DAG(s) 'update_db', 'produce_json' retrieved from /opt/airflow/dags/main.py
[2026-02-23T00:30:13.025+0000] {logging_mixin.py:188} INFO - [2026-02-23T00:30:13.025+0000] {dag.py:3096} INFO - Sync 2 DAGs
[2026-02-23T00:30:13.050+0000] {logging_mixin.py:188} INFO - [2026-02-23T00:30:13.050+0000] {dag.py:3954} INFO - Setting next_dagrun for produce_json to 2026-02-22 14:00:00+00:00, run_after=2026-02-23 14:00:00+00:00
[2026-02-23T00:30:13.056+0000] {logging_mixin.py:188} INFO - [2026-02-23T00:30:13.055+0000] {dag.py:3954} INFO - Setting next_dagrun for update_db to 2026-02-22 15:00:00+00:00, run_after=2026-02-23 15:00:00+00:00
[2026-02-23T00:30:13.077+0000] {processor.py:183} INFO - Processing /opt/airflow/dags/main.py took 0.204 seconds
[2026-02-23T00:30:43.255+0000] {processor.py:161} INFO - Started process (PID=1460) to work on /opt/airflow/dags/main.py
[2026-02-23T00:30:43.257+0000] {processor.py:830} INFO - Processing file /opt/airflow/dags/main.py for tasks to queue
[2026-02-23T00:30:43.260+0000] {logging_mixin.py:188} INFO - [2026-02-23T00:30:43.259+0000] {dagbag.py:545} INFO - Filling up the DagBag from /opt/airflow/dags/main.py
[2026-02-23T00:30:43.422+0000] {processor.py:840} INFO - DAG(s) 'produce_json', 'update_db' retrieved from /opt/airflow/dags/main.py
[2026-02-23T00:30:43.463+0000] {logging_mixin.py:188} INFO - [2026-02-23T00:30:43.463+0000] {dag.py:3096} INFO - Sync 2 DAGs
[2026-02-23T00:30:43.493+0000] {logging_mixin.py:188} INFO - [2026-02-23T00:30:43.493+0000] {dag.py:3954} INFO - Setting next_dagrun for produce_json to 2026-02-22 14:00:00+00:00, run_after=2026-02-23 14:00:00+00:00
[2026-02-23T00:30:43.500+0000] {logging_mixin.py:188} INFO - [2026-02-23T00:30:43.500+0000] {dag.py:3954} INFO - Setting next_dagrun for update_db to 2026-02-22 15:00:00+00:00, run_after=2026-02-23 15:00:00+00:00
[2026-02-23T00:30:43.531+0000] {processor.py:183} INFO - Processing /opt/airflow/dags/main.py took 0.283 seconds
[2026-02-23T00:31:13.697+0000] {processor.py:161} INFO - Started process (PID=1467) to work on /opt/airflow/dags/main.py
[2026-02-23T00:31:13.699+0000] {processor.py:830} INFO - Processing file /opt/airflow/dags/main.py for tasks to queue
[2026-02-23T00:31:13.701+0000] {logging_mixin.py:188} INFO - [2026-02-23T00:31:13.700+0000] {dagbag.py:545} INFO - Filling up the DagBag from /opt/airflow/dags/main.py
[2026-02-23T00:31:13.851+0000] {processor.py:840} INFO - DAG(s) 'produce_json', 'update_db' retrieved from /opt/airflow/dags/main.py
[2026-02-23T00:31:13.886+0000] {logging_mixin.py:188} INFO - [2026-02-23T00:31:13.886+0000] {dag.py:3096} INFO - Sync 2 DAGs
[2026-02-23T00:31:13.910+0000] {logging_mixin.py:188} INFO - [2026-02-23T00:31:13.910+0000] {dag.py:3954} INFO - Setting next_dagrun for produce_json to 2026-02-22 14:00:00+00:00, run_after=2026-02-23 14:00:00+00:00
[2026-02-23T00:31:13.915+0000] {logging_mixin.py:188} INFO - [2026-02-23T00:31:13.915+0000] {dag.py:3954} INFO - Setting next_dagrun for update_db to 2026-02-22 15:00:00+00:00, run_after=2026-02-23 15:00:00+00:00
[2026-02-23T00:31:13.937+0000] {processor.py:183} INFO - Processing /opt/airflow/dags/main.py took 0.246 seconds
[2026-02-23T00:31:44.146+0000] {processor.py:161} INFO - Started process (PID=1474) to work on /opt/airflow/dags/main.py
[2026-02-23T00:31:44.148+0000] {processor.py:830} INFO - Processing file /opt/airflow/dags/main.py for tasks to queue
[2026-02-23T00:31:44.150+0000] {logging_mixin.py:188} INFO - [2026-02-23T00:31:44.149+0000] {dagbag.py:545} INFO - Filling up the DagBag from /opt/airflow/dags/main.py
[2026-02-23T00:31:44.311+0000] {processor.py:840} INFO - DAG(s) 'produce_json', 'update_db' retrieved from /opt/airflow/dags/main.py
[2026-02-23T00:31:44.353+0000] {logging_mixin.py:188} INFO - [2026-02-23T00:31:44.352+0000] {dag.py:3096} INFO - Sync 2 DAGs
[2026-02-23T00:31:44.378+0000] {logging_mixin.py:188} INFO - [2026-02-23T00:31:44.378+0000] {dag.py:3954} INFO - Setting next_dagrun for produce_json to 2026-02-22 14:00:00+00:00, run_after=2026-02-23 14:00:00+00:00
[2026-02-23T00:31:44.383+0000] {logging_mixin.py:188} INFO - [2026-02-23T00:31:44.383+0000] {dag.py:3954} INFO - Setting next_dagrun for update_db to 2026-02-22 15:00:00+00:00, run_after=2026-02-23 15:00:00+00:00
[2026-02-23T00:31:44.411+0000] {processor.py:183} INFO - Processing /opt/airflow/dags/main.py took 0.270 seconds
[2026-02-23T00:32:14.540+0000] {processor.py:161} INFO - Started process (PID=1481) to work on /opt/airflow/dags/main.py
[2026-02-23T00:32:14.542+0000] {processor.py:830} INFO - Processing file /opt/airflow/dags/main.py for tasks to queue
[2026-02-23T00:32:14.545+0000] {logging_mixin.py:188} INFO - [2026-02-23T00:32:14.545+0000] {dagbag.py:545} INFO - Filling up the DagBag from /opt/airflow/dags/main.py
[2026-02-23T00:32:14.711+0000] {processor.py:840} INFO - DAG(s) 'update_db', 'produce_json' retrieved from /opt/airflow/dags/main.py
[2026-02-23T00:32:14.748+0000] {logging_mixin.py:188} INFO - [2026-02-23T00:32:14.748+0000] {dag.py:3096} INFO - Sync 2 DAGs
[2026-02-23T00:32:14.772+0000] {logging_mixin.py:188} INFO - [2026-02-23T00:32:14.772+0000] {dag.py:3954} INFO - Setting next_dagrun for produce_json to 2026-02-22 14:00:00+00:00, run_after=2026-02-23 14:00:00+00:00
[2026-02-23T00:32:14.777+0000] {logging_mixin.py:188} INFO - [2026-02-23T00:32:14.777+0000] {dag.py:3954} INFO - Setting next_dagrun for update_db to 2026-02-22 15:00:00+00:00, run_after=2026-02-23 15:00:00+00:00
[2026-02-23T00:32:14.809+0000] {processor.py:183} INFO - Processing /opt/airflow/dags/main.py took 0.275 seconds
[2026-02-23T00:32:44.963+0000] {processor.py:161} INFO - Started process (PID=1488) to work on /opt/airflow/dags/main.py
[2026-02-23T00:32:44.964+0000] {processor.py:830} INFO - Processing file /opt/airflow/dags/main.py for tasks to queue
[2026-02-23T00:32:44.967+0000] {logging_mixin.py:188} INFO - [2026-02-23T00:32:44.966+0000] {dagbag.py:545} INFO - Filling up the DagBag from /opt/airflow/dags/main.py
[2026-02-23T00:32:45.129+0000] {processor.py:840} INFO - DAG(s) 'update_db', 'produce_json' retrieved from /opt/airflow/dags/main.py
[2026-02-23T00:32:45.183+0000] {logging_mixin.py:188} INFO - [2026-02-23T00:32:45.182+0000] {dag.py:3096} INFO - Sync 2 DAGs
[2026-02-23T00:32:45.212+0000] {logging_mixin.py:188} INFO - [2026-02-23T00:32:45.212+0000] {dag.py:3954} INFO - Setting next_dagrun for produce_json to 2026-02-22 14:00:00+00:00, run_after=2026-02-23 14:00:00+00:00
[2026-02-23T00:32:45.220+0000] {logging_mixin.py:188} INFO - [2026-02-23T00:32:45.219+0000] {dag.py:3954} INFO - Setting next_dagrun for update_db to 2026-02-22 15:00:00+00:00, run_after=2026-02-23 15:00:00+00:00
[2026-02-23T00:32:45.250+0000] {processor.py:183} INFO - Processing /opt/airflow/dags/main.py took 0.293 seconds
[2026-02-23T00:33:15.415+0000] {processor.py:161} INFO - Started process (PID=1495) to work on /opt/airflow/dags/main.py
[2026-02-23T00:33:15.417+0000] {processor.py:830} INFO - Processing file /opt/airflow/dags/main.py for tasks to queue
[2026-02-23T00:33:15.421+0000] {logging_mixin.py:188} INFO - [2026-02-23T00:33:15.420+0000] {dagbag.py:545} INFO - Filling up the DagBag from /opt/airflow/dags/main.py
[2026-02-23T00:33:15.580+0000] {processor.py:840} INFO - DAG(s) 'update_db', 'produce_json' retrieved from /opt/airflow/dags/main.py
[2026-02-23T00:33:15.616+0000] {logging_mixin.py:188} INFO - [2026-02-23T00:33:15.615+0000] {dag.py:3096} INFO - Sync 2 DAGs
[2026-02-23T00:33:15.641+0000] {logging_mixin.py:188} INFO - [2026-02-23T00:33:15.641+0000] {dag.py:3954} INFO - Setting next_dagrun for produce_json to 2026-02-22 14:00:00+00:00, run_after=2026-02-23 14:00:00+00:00
[2026-02-23T00:33:15.647+0000] {logging_mixin.py:188} INFO - [2026-02-23T00:33:15.647+0000] {dag.py:3954} INFO - Setting next_dagrun for update_db to 2026-02-22 15:00:00+00:00, run_after=2026-02-23 15:00:00+00:00
[2026-02-23T00:33:15.680+0000] {processor.py:183} INFO - Processing /opt/airflow/dags/main.py took 0.270 seconds
[2026-02-23T00:33:45.764+0000] {processor.py:161} INFO - Started process (PID=1502) to work on /opt/airflow/dags/main.py
[2026-02-23T00:33:45.766+0000] {processor.py:830} INFO - Processing file /opt/airflow/dags/main.py for tasks to queue
[2026-02-23T00:33:45.768+0000] {logging_mixin.py:188} INFO - [2026-02-23T00:33:45.768+0000] {dagbag.py:545} INFO - Filling up the DagBag from /opt/airflow/dags/main.py
[2026-02-23T00:33:45.959+0000] {processor.py:840} INFO - DAG(s) 'update_db', 'produce_json' retrieved from /opt/airflow/dags/main.py
[2026-02-23T00:33:45.991+0000] {logging_mixin.py:188} INFO - [2026-02-23T00:33:45.991+0000] {dag.py:3096} INFO - Sync 2 DAGs
[2026-02-23T00:33:46.014+0000] {logging_mixin.py:188} INFO - [2026-02-23T00:33:46.014+0000] {dag.py:3954} INFO - Setting next_dagrun for produce_json to 2026-02-22 14:00:00+00:00, run_after=2026-02-23 14:00:00+00:00
[2026-02-23T00:33:46.019+0000] {logging_mixin.py:188} INFO - [2026-02-23T00:33:46.019+0000] {dag.py:3954} INFO - Setting next_dagrun for update_db to 2026-02-22 15:00:00+00:00, run_after=2026-02-23 15:00:00+00:00
[2026-02-23T00:33:46.053+0000] {processor.py:183} INFO - Processing /opt/airflow/dags/main.py took 0.295 seconds
[2026-02-23T00:34:16.228+0000] {processor.py:161} INFO - Started process (PID=1509) to work on /opt/airflow/dags/main.py
[2026-02-23T00:34:16.230+0000] {processor.py:830} INFO - Processing file /opt/airflow/dags/main.py for tasks to queue
[2026-02-23T00:34:16.232+0000] {logging_mixin.py:188} INFO - [2026-02-23T00:34:16.232+0000] {dagbag.py:545} INFO - Filling up the DagBag from /opt/airflow/dags/main.py
[2026-02-23T00:34:16.401+0000] {processor.py:840} INFO - DAG(s) 'produce_json', 'update_db' retrieved from /opt/airflow/dags/main.py
[2026-02-23T00:34:16.433+0000] {logging_mixin.py:188} INFO - [2026-02-23T00:34:16.432+0000] {dag.py:3096} INFO - Sync 2 DAGs
[2026-02-23T00:34:16.454+0000] {logging_mixin.py:188} INFO - [2026-02-23T00:34:16.454+0000] {dag.py:3954} INFO - Setting next_dagrun for produce_json to 2026-02-22 14:00:00+00:00, run_after=2026-02-23 14:00:00+00:00
[2026-02-23T00:34:16.460+0000] {logging_mixin.py:188} INFO - [2026-02-23T00:34:16.460+0000] {dag.py:3954} INFO - Setting next_dagrun for update_db to 2026-02-22 15:00:00+00:00, run_after=2026-02-23 15:00:00+00:00
[2026-02-23T00:34:16.494+0000] {processor.py:183} INFO - Processing /opt/airflow/dags/main.py took 0.271 seconds
[2026-02-23T00:34:46.673+0000] {processor.py:161} INFO - Started process (PID=1516) to work on /opt/airflow/dags/main.py
[2026-02-23T00:34:46.674+0000] {processor.py:830} INFO - Processing file /opt/airflow/dags/main.py for tasks to queue
[2026-02-23T00:34:46.677+0000] {logging_mixin.py:188} INFO - [2026-02-23T00:34:46.676+0000] {dagbag.py:545} INFO - Filling up the DagBag from /opt/airflow/dags/main.py
[2026-02-23T00:34:46.844+0000] {processor.py:840} INFO - DAG(s) 'update_db', 'produce_json' retrieved from /opt/airflow/dags/main.py
[2026-02-23T00:34:46.880+0000] {logging_mixin.py:188} INFO - [2026-02-23T00:34:46.880+0000] {dag.py:3096} INFO - Sync 2 DAGs
[2026-02-23T00:34:46.905+0000] {logging_mixin.py:188} INFO - [2026-02-23T00:34:46.904+0000] {dag.py:3954} INFO - Setting next_dagrun for produce_json to 2026-02-22 14:00:00+00:00, run_after=2026-02-23 14:00:00+00:00
[2026-02-23T00:34:46.912+0000] {logging_mixin.py:188} INFO - [2026-02-23T00:34:46.911+0000] {dag.py:3954} INFO - Setting next_dagrun for update_db to 2026-02-22 15:00:00+00:00, run_after=2026-02-23 15:00:00+00:00
[2026-02-23T00:34:46.936+0000] {processor.py:183} INFO - Processing /opt/airflow/dags/main.py took 0.270 seconds
[2026-02-23T00:35:17.115+0000] {processor.py:161} INFO - Started process (PID=1523) to work on /opt/airflow/dags/main.py
[2026-02-23T00:35:17.116+0000] {processor.py:830} INFO - Processing file /opt/airflow/dags/main.py for tasks to queue
[2026-02-23T00:35:17.118+0000] {logging_mixin.py:188} INFO - [2026-02-23T00:35:17.118+0000] {dagbag.py:545} INFO - Filling up the DagBag from /opt/airflow/dags/main.py
[2026-02-23T00:35:17.243+0000] {processor.py:840} INFO - DAG(s) 'produce_json', 'update_db' retrieved from /opt/airflow/dags/main.py
[2026-02-23T00:35:17.278+0000] {logging_mixin.py:188} INFO - [2026-02-23T00:35:17.278+0000] {dag.py:3096} INFO - Sync 2 DAGs
[2026-02-23T00:35:17.300+0000] {logging_mixin.py:188} INFO - [2026-02-23T00:35:17.300+0000] {dag.py:3954} INFO - Setting next_dagrun for produce_json to 2026-02-22 14:00:00+00:00, run_after=2026-02-23 14:00:00+00:00
[2026-02-23T00:35:17.307+0000] {logging_mixin.py:188} INFO - [2026-02-23T00:35:17.307+0000] {dag.py:3954} INFO - Setting next_dagrun for update_db to 2026-02-22 15:00:00+00:00, run_after=2026-02-23 15:00:00+00:00
[2026-02-23T00:35:17.339+0000] {processor.py:183} INFO - Processing /opt/airflow/dags/main.py took 0.229 seconds
[2026-02-23T00:35:47.547+0000] {processor.py:161} INFO - Started process (PID=1530) to work on /opt/airflow/dags/main.py
[2026-02-23T00:35:47.549+0000] {processor.py:830} INFO - Processing file /opt/airflow/dags/main.py for tasks to queue
[2026-02-23T00:35:47.551+0000] {logging_mixin.py:188} INFO - [2026-02-23T00:35:47.551+0000] {dagbag.py:545} INFO - Filling up the DagBag from /opt/airflow/dags/main.py
[2026-02-23T00:35:47.694+0000] {processor.py:840} INFO - DAG(s) 'update_db', 'produce_json' retrieved from /opt/airflow/dags/main.py
[2026-02-23T00:35:47.726+0000] {logging_mixin.py:188} INFO - [2026-02-23T00:35:47.726+0000] {dag.py:3096} INFO - Sync 2 DAGs
[2026-02-23T00:35:47.747+0000] {logging_mixin.py:188} INFO - [2026-02-23T00:35:47.747+0000] {dag.py:3954} INFO - Setting next_dagrun for produce_json to 2026-02-22 14:00:00+00:00, run_after=2026-02-23 14:00:00+00:00
[2026-02-23T00:35:47.752+0000] {logging_mixin.py:188} INFO - [2026-02-23T00:35:47.752+0000] {dag.py:3954} INFO - Setting next_dagrun for update_db to 2026-02-22 15:00:00+00:00, run_after=2026-02-23 15:00:00+00:00
[2026-02-23T00:35:47.783+0000] {processor.py:183} INFO - Processing /opt/airflow/dags/main.py took 0.242 seconds
[2026-02-23T00:36:17.949+0000] {processor.py:161} INFO - Started process (PID=1537) to work on /opt/airflow/dags/main.py
[2026-02-23T00:36:17.950+0000] {processor.py:830} INFO - Processing file /opt/airflow/dags/main.py for tasks to queue
[2026-02-23T00:36:17.953+0000] {logging_mixin.py:188} INFO - [2026-02-23T00:36:17.952+0000] {dagbag.py:545} INFO - Filling up the DagBag from /opt/airflow/dags/main.py
[2026-02-23T00:36:18.078+0000] {processor.py:840} INFO - DAG(s) 'produce_json', 'update_db' retrieved from /opt/airflow/dags/main.py
[2026-02-23T00:36:18.114+0000] {logging_mixin.py:188} INFO - [2026-02-23T00:36:18.113+0000] {dag.py:3096} INFO - Sync 2 DAGs
[2026-02-23T00:36:18.142+0000] {logging_mixin.py:188} INFO - [2026-02-23T00:36:18.142+0000] {dag.py:3954} INFO - Setting next_dagrun for produce_json to 2026-02-22 14:00:00+00:00, run_after=2026-02-23 14:00:00+00:00
[2026-02-23T00:36:18.148+0000] {logging_mixin.py:188} INFO - [2026-02-23T00:36:18.148+0000] {dag.py:3954} INFO - Setting next_dagrun for update_db to 2026-02-22 15:00:00+00:00, run_after=2026-02-23 15:00:00+00:00
[2026-02-23T00:36:18.182+0000] {processor.py:183} INFO - Processing /opt/airflow/dags/main.py took 0.238 seconds
[2026-02-23T00:36:48.398+0000] {processor.py:161} INFO - Started process (PID=1544) to work on /opt/airflow/dags/main.py
[2026-02-23T00:36:48.399+0000] {processor.py:830} INFO - Processing file /opt/airflow/dags/main.py for tasks to queue
[2026-02-23T00:36:48.402+0000] {logging_mixin.py:188} INFO - [2026-02-23T00:36:48.401+0000] {dagbag.py:545} INFO - Filling up the DagBag from /opt/airflow/dags/main.py
[2026-02-23T00:36:48.543+0000] {processor.py:840} INFO - DAG(s) 'produce_json', 'update_db' retrieved from /opt/airflow/dags/main.py
[2026-02-23T00:36:48.609+0000] {logging_mixin.py:188} INFO - [2026-02-23T00:36:48.608+0000] {dag.py:3096} INFO - Sync 2 DAGs
[2026-02-23T00:36:48.631+0000] {logging_mixin.py:188} INFO - [2026-02-23T00:36:48.631+0000] {dag.py:3954} INFO - Setting next_dagrun for produce_json to 2026-02-22 14:00:00+00:00, run_after=2026-02-23 14:00:00+00:00
[2026-02-23T00:36:48.636+0000] {logging_mixin.py:188} INFO - [2026-02-23T00:36:48.636+0000] {dag.py:3954} INFO - Setting next_dagrun for update_db to 2026-02-22 15:00:00+00:00, run_after=2026-02-23 15:00:00+00:00
[2026-02-23T00:36:48.658+0000] {processor.py:183} INFO - Processing /opt/airflow/dags/main.py took 0.267 seconds
[2026-02-23T00:37:18.855+0000] {processor.py:161} INFO - Started process (PID=1551) to work on /opt/airflow/dags/main.py
[2026-02-23T00:37:18.857+0000] {processor.py:830} INFO - Processing file /opt/airflow/dags/main.py for tasks to queue
[2026-02-23T00:37:18.859+0000] {logging_mixin.py:188} INFO - [2026-02-23T00:37:18.859+0000] {dagbag.py:545} INFO - Filling up the DagBag from /opt/airflow/dags/main.py
[2026-02-23T00:37:19.053+0000] {processor.py:840} INFO - DAG(s) 'update_db', 'produce_json' retrieved from /opt/airflow/dags/main.py
[2026-02-23T00:37:19.096+0000] {logging_mixin.py:188} INFO - [2026-02-23T00:37:19.095+0000] {dag.py:3096} INFO - Sync 2 DAGs
[2026-02-23T00:37:19.125+0000] {logging_mixin.py:188} INFO - [2026-02-23T00:37:19.125+0000] {dag.py:3954} INFO - Setting next_dagrun for produce_json to 2026-02-22 14:00:00+00:00, run_after=2026-02-23 14:00:00+00:00
[2026-02-23T00:37:19.132+0000] {logging_mixin.py:188} INFO - [2026-02-23T00:37:19.132+0000] {dag.py:3954} INFO - Setting next_dagrun for update_db to 2026-02-22 15:00:00+00:00, run_after=2026-02-23 15:00:00+00:00
[2026-02-23T00:37:19.158+0000] {processor.py:183} INFO - Processing /opt/airflow/dags/main.py took 0.313 seconds
[2026-02-23T00:37:49.374+0000] {processor.py:161} INFO - Started process (PID=1558) to work on /opt/airflow/dags/main.py
[2026-02-23T00:37:49.375+0000] {processor.py:830} INFO - Processing file /opt/airflow/dags/main.py for tasks to queue
[2026-02-23T00:37:49.378+0000] {logging_mixin.py:188} INFO - [2026-02-23T00:37:49.377+0000] {dagbag.py:545} INFO - Filling up the DagBag from /opt/airflow/dags/main.py
[2026-02-23T00:37:49.573+0000] {processor.py:840} INFO - DAG(s) 'update_db', 'produce_json' retrieved from /opt/airflow/dags/main.py
[2026-02-23T00:37:49.625+0000] {logging_mixin.py:188} INFO - [2026-02-23T00:37:49.624+0000] {dag.py:3096} INFO - Sync 2 DAGs
[2026-02-23T00:37:49.658+0000] {logging_mixin.py:188} INFO - [2026-02-23T00:37:49.658+0000] {dag.py:3954} INFO - Setting next_dagrun for produce_json to 2026-02-22 14:00:00+00:00, run_after=2026-02-23 14:00:00+00:00
[2026-02-23T00:37:49.664+0000] {logging_mixin.py:188} INFO - [2026-02-23T00:37:49.663+0000] {dag.py:3954} INFO - Setting next_dagrun for update_db to 2026-02-22 15:00:00+00:00, run_after=2026-02-23 15:00:00+00:00
[2026-02-23T00:37:49.685+0000] {processor.py:183} INFO - Processing /opt/airflow/dags/main.py took 0.317 seconds
[2026-02-23T00:38:19.872+0000] {processor.py:161} INFO - Started process (PID=1565) to work on /opt/airflow/dags/main.py
[2026-02-23T00:38:19.873+0000] {processor.py:830} INFO - Processing file /opt/airflow/dags/main.py for tasks to queue
[2026-02-23T00:38:19.877+0000] {logging_mixin.py:188} INFO - [2026-02-23T00:38:19.876+0000] {dagbag.py:545} INFO - Filling up the DagBag from /opt/airflow/dags/main.py
[2026-02-23T00:38:20.036+0000] {processor.py:840} INFO - DAG(s) 'produce_json', 'update_db' retrieved from /opt/airflow/dags/main.py
[2026-02-23T00:38:20.079+0000] {logging_mixin.py:188} INFO - [2026-02-23T00:38:20.079+0000] {dag.py:3096} INFO - Sync 2 DAGs
[2026-02-23T00:38:20.113+0000] {logging_mixin.py:188} INFO - [2026-02-23T00:38:20.113+0000] {dag.py:3954} INFO - Setting next_dagrun for produce_json to 2026-02-22 14:00:00+00:00, run_after=2026-02-23 14:00:00+00:00
[2026-02-23T00:38:20.118+0000] {logging_mixin.py:188} INFO - [2026-02-23T00:38:20.118+0000] {dag.py:3954} INFO - Setting next_dagrun for update_db to 2026-02-22 15:00:00+00:00, run_after=2026-02-23 15:00:00+00:00
[2026-02-23T00:38:20.152+0000] {processor.py:183} INFO - Processing /opt/airflow/dags/main.py took 0.288 seconds
[2026-02-23T00:38:50.329+0000] {processor.py:161} INFO - Started process (PID=1572) to work on /opt/airflow/dags/main.py
[2026-02-23T00:38:50.330+0000] {processor.py:830} INFO - Processing file /opt/airflow/dags/main.py for tasks to queue
[2026-02-23T00:38:50.334+0000] {logging_mixin.py:188} INFO - [2026-02-23T00:38:50.333+0000] {dagbag.py:545} INFO - Filling up the DagBag from /opt/airflow/dags/main.py
[2026-02-23T00:38:50.515+0000] {processor.py:840} INFO - DAG(s) 'produce_json', 'update_db' retrieved from /opt/airflow/dags/main.py
[2026-02-23T00:38:50.548+0000] {logging_mixin.py:188} INFO - [2026-02-23T00:38:50.548+0000] {dag.py:3096} INFO - Sync 2 DAGs
[2026-02-23T00:38:50.571+0000] {logging_mixin.py:188} INFO - [2026-02-23T00:38:50.570+0000] {dag.py:3954} INFO - Setting next_dagrun for produce_json to 2026-02-22 14:00:00+00:00, run_after=2026-02-23 14:00:00+00:00
[2026-02-23T00:38:50.576+0000] {logging_mixin.py:188} INFO - [2026-02-23T00:38:50.576+0000] {dag.py:3954} INFO - Setting next_dagrun for update_db to 2026-02-22 15:00:00+00:00, run_after=2026-02-23 15:00:00+00:00
[2026-02-23T00:38:50.595+0000] {processor.py:183} INFO - Processing /opt/airflow/dags/main.py took 0.274 seconds
[2026-02-23T00:39:20.748+0000] {processor.py:161} INFO - Started process (PID=1579) to work on /opt/airflow/dags/main.py
[2026-02-23T00:39:20.750+0000] {processor.py:830} INFO - Processing file /opt/airflow/dags/main.py for tasks to queue
[2026-02-23T00:39:20.755+0000] {logging_mixin.py:188} INFO - [2026-02-23T00:39:20.754+0000] {dagbag.py:545} INFO - Filling up the DagBag from /opt/airflow/dags/main.py
[2026-02-23T00:39:20.922+0000] {processor.py:840} INFO - DAG(s) 'update_db', 'produce_json' retrieved from /opt/airflow/dags/main.py
[2026-02-23T00:39:20.975+0000] {logging_mixin.py:188} INFO - [2026-02-23T00:39:20.975+0000] {dag.py:3096} INFO - Sync 2 DAGs
[2026-02-23T00:39:21.009+0000] {logging_mixin.py:188} INFO - [2026-02-23T00:39:21.009+0000] {dag.py:3954} INFO - Setting next_dagrun for produce_json to 2026-02-22 14:00:00+00:00, run_after=2026-02-23 14:00:00+00:00
[2026-02-23T00:39:21.017+0000] {logging_mixin.py:188} INFO - [2026-02-23T00:39:21.017+0000] {dag.py:3954} INFO - Setting next_dagrun for update_db to 2026-02-22 15:00:00+00:00, run_after=2026-02-23 15:00:00+00:00
[2026-02-23T00:39:21.053+0000] {processor.py:183} INFO - Processing /opt/airflow/dags/main.py took 0.314 seconds
[2026-02-23T00:39:51.222+0000] {processor.py:161} INFO - Started process (PID=1586) to work on /opt/airflow/dags/main.py
[2026-02-23T00:39:51.224+0000] {processor.py:830} INFO - Processing file /opt/airflow/dags/main.py for tasks to queue
[2026-02-23T00:39:51.226+0000] {logging_mixin.py:188} INFO - [2026-02-23T00:39:51.226+0000] {dagbag.py:545} INFO - Filling up the DagBag from /opt/airflow/dags/main.py
[2026-02-23T00:39:51.415+0000] {processor.py:840} INFO - DAG(s) 'update_db', 'produce_json' retrieved from /opt/airflow/dags/main.py
[2026-02-23T00:39:51.450+0000] {logging_mixin.py:188} INFO - [2026-02-23T00:39:51.450+0000] {dag.py:3096} INFO - Sync 2 DAGs
[2026-02-23T00:39:51.472+0000] {logging_mixin.py:188} INFO - [2026-02-23T00:39:51.472+0000] {dag.py:3954} INFO - Setting next_dagrun for produce_json to 2026-02-22 14:00:00+00:00, run_after=2026-02-23 14:00:00+00:00
[2026-02-23T00:39:51.477+0000] {logging_mixin.py:188} INFO - [2026-02-23T00:39:51.477+0000] {dag.py:3954} INFO - Setting next_dagrun for update_db to 2026-02-22 15:00:00+00:00, run_after=2026-02-23 15:00:00+00:00
[2026-02-23T00:39:51.499+0000] {processor.py:183} INFO - Processing /opt/airflow/dags/main.py took 0.283 seconds
[2026-02-23T00:40:21.727+0000] {processor.py:161} INFO - Started process (PID=1593) to work on /opt/airflow/dags/main.py
[2026-02-23T00:40:21.729+0000] {processor.py:830} INFO - Processing file /opt/airflow/dags/main.py for tasks to queue
[2026-02-23T00:40:21.731+0000] {logging_mixin.py:188} INFO - [2026-02-23T00:40:21.731+0000] {dagbag.py:545} INFO - Filling up the DagBag from /opt/airflow/dags/main.py
[2026-02-23T00:40:21.895+0000] {processor.py:840} INFO - DAG(s) 'update_db', 'produce_json' retrieved from /opt/airflow/dags/main.py
[2026-02-23T00:40:21.929+0000] {logging_mixin.py:188} INFO - [2026-02-23T00:40:21.929+0000] {dag.py:3096} INFO - Sync 2 DAGs
[2026-02-23T00:40:21.954+0000] {logging_mixin.py:188} INFO - [2026-02-23T00:40:21.954+0000] {dag.py:3954} INFO - Setting next_dagrun for produce_json to 2026-02-22 14:00:00+00:00, run_after=2026-02-23 14:00:00+00:00
[2026-02-23T00:40:21.959+0000] {logging_mixin.py:188} INFO - [2026-02-23T00:40:21.959+0000] {dag.py:3954} INFO - Setting next_dagrun for update_db to 2026-02-22 15:00:00+00:00, run_after=2026-02-23 15:00:00+00:00
[2026-02-23T00:40:21.981+0000] {processor.py:183} INFO - Processing /opt/airflow/dags/main.py took 0.259 seconds
[2026-02-23T00:40:52.192+0000] {processor.py:161} INFO - Started process (PID=1600) to work on /opt/airflow/dags/main.py
[2026-02-23T00:40:52.195+0000] {processor.py:830} INFO - Processing file /opt/airflow/dags/main.py for tasks to queue
[2026-02-23T00:40:52.197+0000] {logging_mixin.py:188} INFO - [2026-02-23T00:40:52.197+0000] {dagbag.py:545} INFO - Filling up the DagBag from /opt/airflow/dags/main.py
[2026-02-23T00:40:52.312+0000] {processor.py:840} INFO - DAG(s) 'produce_json', 'update_db' retrieved from /opt/airflow/dags/main.py
[2026-02-23T00:40:52.345+0000] {logging_mixin.py:188} INFO - [2026-02-23T00:40:52.345+0000] {dag.py:3096} INFO - Sync 2 DAGs
[2026-02-23T00:40:52.368+0000] {logging_mixin.py:188} INFO - [2026-02-23T00:40:52.368+0000] {dag.py:3954} INFO - Setting next_dagrun for produce_json to 2026-02-22 14:00:00+00:00, run_after=2026-02-23 14:00:00+00:00
[2026-02-23T00:40:52.374+0000] {logging_mixin.py:188} INFO - [2026-02-23T00:40:52.373+0000] {dag.py:3954} INFO - Setting next_dagrun for update_db to 2026-02-22 15:00:00+00:00, run_after=2026-02-23 15:00:00+00:00
[2026-02-23T00:40:52.407+0000] {processor.py:183} INFO - Processing /opt/airflow/dags/main.py took 0.225 seconds
[2026-02-23T00:41:22.565+0000] {processor.py:161} INFO - Started process (PID=1607) to work on /opt/airflow/dags/main.py
[2026-02-23T00:41:22.567+0000] {processor.py:830} INFO - Processing file /opt/airflow/dags/main.py for tasks to queue
[2026-02-23T00:41:22.571+0000] {logging_mixin.py:188} INFO - [2026-02-23T00:41:22.570+0000] {dagbag.py:545} INFO - Filling up the DagBag from /opt/airflow/dags/main.py
[2026-02-23T00:41:22.735+0000] {processor.py:840} INFO - DAG(s) 'produce_json', 'update_db' retrieved from /opt/airflow/dags/main.py
[2026-02-23T00:41:22.785+0000] {logging_mixin.py:188} INFO - [2026-02-23T00:41:22.784+0000] {dag.py:3096} INFO - Sync 2 DAGs
[2026-02-23T00:41:22.821+0000] {logging_mixin.py:188} INFO - [2026-02-23T00:41:22.821+0000] {dag.py:3954} INFO - Setting next_dagrun for produce_json to 2026-02-22 14:00:00+00:00, run_after=2026-02-23 14:00:00+00:00
[2026-02-23T00:41:22.829+0000] {logging_mixin.py:188} INFO - [2026-02-23T00:41:22.829+0000] {dag.py:3954} INFO - Setting next_dagrun for update_db to 2026-02-22 15:00:00+00:00, run_after=2026-02-23 15:00:00+00:00
[2026-02-23T00:41:22.855+0000] {processor.py:183} INFO - Processing /opt/airflow/dags/main.py took 0.297 seconds
[2026-02-23T00:41:53.034+0000] {processor.py:161} INFO - Started process (PID=1614) to work on /opt/airflow/dags/main.py
[2026-02-23T00:41:53.036+0000] {processor.py:830} INFO - Processing file /opt/airflow/dags/main.py for tasks to queue
[2026-02-23T00:41:53.038+0000] {logging_mixin.py:188} INFO - [2026-02-23T00:41:53.038+0000] {dagbag.py:545} INFO - Filling up the DagBag from /opt/airflow/dags/main.py
[2026-02-23T00:41:53.167+0000] {processor.py:840} INFO - DAG(s) 'update_db', 'produce_json' retrieved from /opt/airflow/dags/main.py
[2026-02-23T00:41:53.202+0000] {logging_mixin.py:188} INFO - [2026-02-23T00:41:53.202+0000] {dag.py:3096} INFO - Sync 2 DAGs
[2026-02-23T00:41:53.226+0000] {logging_mixin.py:188} INFO - [2026-02-23T00:41:53.226+0000] {dag.py:3954} INFO - Setting next_dagrun for produce_json to 2026-02-22 14:00:00+00:00, run_after=2026-02-23 14:00:00+00:00
[2026-02-23T00:41:53.232+0000] {logging_mixin.py:188} INFO - [2026-02-23T00:41:53.231+0000] {dag.py:3954} INFO - Setting next_dagrun for update_db to 2026-02-22 15:00:00+00:00, run_after=2026-02-23 15:00:00+00:00
[2026-02-23T00:41:53.253+0000] {processor.py:183} INFO - Processing /opt/airflow/dags/main.py took 0.225 seconds
[2026-02-23T00:42:23.391+0000] {processor.py:161} INFO - Started process (PID=1621) to work on /opt/airflow/dags/main.py
[2026-02-23T00:42:23.393+0000] {processor.py:830} INFO - Processing file /opt/airflow/dags/main.py for tasks to queue
[2026-02-23T00:42:23.396+0000] {logging_mixin.py:188} INFO - [2026-02-23T00:42:23.395+0000] {dagbag.py:545} INFO - Filling up the DagBag from /opt/airflow/dags/main.py
[2026-02-23T00:42:23.552+0000] {processor.py:840} INFO - DAG(s) 'update_db', 'produce_json' retrieved from /opt/airflow/dags/main.py
[2026-02-23T00:42:23.589+0000] {logging_mixin.py:188} INFO - [2026-02-23T00:42:23.588+0000] {dag.py:3096} INFO - Sync 2 DAGs
[2026-02-23T00:42:23.613+0000] {logging_mixin.py:188} INFO - [2026-02-23T00:42:23.612+0000] {dag.py:3954} INFO - Setting next_dagrun for produce_json to 2026-02-22 14:00:00+00:00, run_after=2026-02-23 14:00:00+00:00
[2026-02-23T00:42:23.619+0000] {logging_mixin.py:188} INFO - [2026-02-23T00:42:23.618+0000] {dag.py:3954} INFO - Setting next_dagrun for update_db to 2026-02-22 15:00:00+00:00, run_after=2026-02-23 15:00:00+00:00
[2026-02-23T00:42:23.641+0000] {processor.py:183} INFO - Processing /opt/airflow/dags/main.py took 0.257 seconds
[2026-02-23T00:42:53.822+0000] {processor.py:161} INFO - Started process (PID=1628) to work on /opt/airflow/dags/main.py
[2026-02-23T00:42:53.823+0000] {processor.py:830} INFO - Processing file /opt/airflow/dags/main.py for tasks to queue
[2026-02-23T00:42:53.826+0000] {logging_mixin.py:188} INFO - [2026-02-23T00:42:53.825+0000] {dagbag.py:545} INFO - Filling up the DagBag from /opt/airflow/dags/main.py
[2026-02-23T00:42:53.970+0000] {processor.py:840} INFO - DAG(s) 'update_db', 'produce_json' retrieved from /opt/airflow/dags/main.py
[2026-02-23T00:42:54.004+0000] {logging_mixin.py:188} INFO - [2026-02-23T00:42:54.003+0000] {dag.py:3096} INFO - Sync 2 DAGs
[2026-02-23T00:42:54.028+0000] {logging_mixin.py:188} INFO - [2026-02-23T00:42:54.028+0000] {dag.py:3954} INFO - Setting next_dagrun for produce_json to 2026-02-22 14:00:00+00:00, run_after=2026-02-23 14:00:00+00:00
[2026-02-23T00:42:54.035+0000] {logging_mixin.py:188} INFO - [2026-02-23T00:42:54.035+0000] {dag.py:3954} INFO - Setting next_dagrun for update_db to 2026-02-22 15:00:00+00:00, run_after=2026-02-23 15:00:00+00:00
[2026-02-23T00:42:54.058+0000] {processor.py:183} INFO - Processing /opt/airflow/dags/main.py took 0.242 seconds
[2026-02-23T00:43:24.271+0000] {processor.py:161} INFO - Started process (PID=1635) to work on /opt/airflow/dags/main.py
[2026-02-23T00:43:24.273+0000] {processor.py:830} INFO - Processing file /opt/airflow/dags/main.py for tasks to queue
[2026-02-23T00:43:24.276+0000] {logging_mixin.py:188} INFO - [2026-02-23T00:43:24.275+0000] {dagbag.py:545} INFO - Filling up the DagBag from /opt/airflow/dags/main.py
[2026-02-23T00:43:24.439+0000] {processor.py:840} INFO - DAG(s) 'update_db', 'produce_json' retrieved from /opt/airflow/dags/main.py
[2026-02-23T00:43:24.478+0000] {logging_mixin.py:188} INFO - [2026-02-23T00:43:24.478+0000] {dag.py:3096} INFO - Sync 2 DAGs
[2026-02-23T00:43:24.503+0000] {logging_mixin.py:188} INFO - [2026-02-23T00:43:24.503+0000] {dag.py:3954} INFO - Setting next_dagrun for produce_json to 2026-02-22 14:00:00+00:00, run_after=2026-02-23 14:00:00+00:00
[2026-02-23T00:43:24.509+0000] {logging_mixin.py:188} INFO - [2026-02-23T00:43:24.508+0000] {dag.py:3954} INFO - Setting next_dagrun for update_db to 2026-02-22 15:00:00+00:00, run_after=2026-02-23 15:00:00+00:00
[2026-02-23T00:43:24.529+0000] {processor.py:183} INFO - Processing /opt/airflow/dags/main.py took 0.263 seconds
[2026-02-23T00:43:54.698+0000] {processor.py:161} INFO - Started process (PID=1642) to work on /opt/airflow/dags/main.py
[2026-02-23T00:43:54.699+0000] {processor.py:830} INFO - Processing file /opt/airflow/dags/main.py for tasks to queue
[2026-02-23T00:43:54.707+0000] {logging_mixin.py:188} INFO - [2026-02-23T00:43:54.705+0000] {dagbag.py:545} INFO - Filling up the DagBag from /opt/airflow/dags/main.py
[2026-02-23T00:43:54.847+0000] {processor.py:840} INFO - DAG(s) 'produce_json', 'update_db' retrieved from /opt/airflow/dags/main.py
[2026-02-23T00:43:54.894+0000] {logging_mixin.py:188} INFO - [2026-02-23T00:43:54.893+0000] {dag.py:3096} INFO - Sync 2 DAGs
[2026-02-23T00:43:54.934+0000] {logging_mixin.py:188} INFO - [2026-02-23T00:43:54.934+0000] {dag.py:3954} INFO - Setting next_dagrun for produce_json to 2026-02-22 14:00:00+00:00, run_after=2026-02-23 14:00:00+00:00
[2026-02-23T00:43:54.942+0000] {logging_mixin.py:188} INFO - [2026-02-23T00:43:54.942+0000] {dag.py:3954} INFO - Setting next_dagrun for update_db to 2026-02-22 15:00:00+00:00, run_after=2026-02-23 15:00:00+00:00
[2026-02-23T00:43:54.975+0000] {processor.py:183} INFO - Processing /opt/airflow/dags/main.py took 0.288 seconds
[2026-02-23T00:44:25.178+0000] {processor.py:161} INFO - Started process (PID=1649) to work on /opt/airflow/dags/main.py
[2026-02-23T00:44:25.180+0000] {processor.py:830} INFO - Processing file /opt/airflow/dags/main.py for tasks to queue
[2026-02-23T00:44:25.183+0000] {logging_mixin.py:188} INFO - [2026-02-23T00:44:25.182+0000] {dagbag.py:545} INFO - Filling up the DagBag from /opt/airflow/dags/main.py
[2026-02-23T00:44:25.289+0000] {processor.py:840} INFO - DAG(s) 'produce_json', 'update_db' retrieved from /opt/airflow/dags/main.py
[2026-02-23T00:44:25.324+0000] {logging_mixin.py:188} INFO - [2026-02-23T00:44:25.324+0000] {dag.py:3096} INFO - Sync 2 DAGs
[2026-02-23T00:44:25.349+0000] {logging_mixin.py:188} INFO - [2026-02-23T00:44:25.348+0000] {dag.py:3954} INFO - Setting next_dagrun for produce_json to 2026-02-22 14:00:00+00:00, run_after=2026-02-23 14:00:00+00:00
[2026-02-23T00:44:25.354+0000] {logging_mixin.py:188} INFO - [2026-02-23T00:44:25.354+0000] {dag.py:3954} INFO - Setting next_dagrun for update_db to 2026-02-22 15:00:00+00:00, run_after=2026-02-23 15:00:00+00:00
[2026-02-23T00:44:25.376+0000] {processor.py:183} INFO - Processing /opt/airflow/dags/main.py took 0.206 seconds
[2026-02-23T00:44:55.576+0000] {processor.py:161} INFO - Started process (PID=1656) to work on /opt/airflow/dags/main.py
[2026-02-23T00:44:55.578+0000] {processor.py:830} INFO - Processing file /opt/airflow/dags/main.py for tasks to queue
[2026-02-23T00:44:55.581+0000] {logging_mixin.py:188} INFO - [2026-02-23T00:44:55.580+0000] {dagbag.py:545} INFO - Filling up the DagBag from /opt/airflow/dags/main.py
[2026-02-23T00:44:55.750+0000] {processor.py:840} INFO - DAG(s) 'update_db', 'produce_json' retrieved from /opt/airflow/dags/main.py
[2026-02-23T00:44:55.793+0000] {logging_mixin.py:188} INFO - [2026-02-23T00:44:55.793+0000] {dag.py:3096} INFO - Sync 2 DAGs
[2026-02-23T00:44:55.820+0000] {logging_mixin.py:188} INFO - [2026-02-23T00:44:55.819+0000] {dag.py:3954} INFO - Setting next_dagrun for produce_json to 2026-02-22 14:00:00+00:00, run_after=2026-02-23 14:00:00+00:00
[2026-02-23T00:44:55.826+0000] {logging_mixin.py:188} INFO - [2026-02-23T00:44:55.826+0000] {dag.py:3954} INFO - Setting next_dagrun for update_db to 2026-02-22 15:00:00+00:00, run_after=2026-02-23 15:00:00+00:00
[2026-02-23T00:44:55.848+0000] {processor.py:183} INFO - Processing /opt/airflow/dags/main.py took 0.279 seconds
[2026-02-23T00:45:26.025+0000] {processor.py:161} INFO - Started process (PID=1663) to work on /opt/airflow/dags/main.py
[2026-02-23T00:45:26.026+0000] {processor.py:830} INFO - Processing file /opt/airflow/dags/main.py for tasks to queue
[2026-02-23T00:45:26.030+0000] {logging_mixin.py:188} INFO - [2026-02-23T00:45:26.030+0000] {dagbag.py:545} INFO - Filling up the DagBag from /opt/airflow/dags/main.py
[2026-02-23T00:45:26.217+0000] {processor.py:840} INFO - DAG(s) 'produce_json', 'update_db' retrieved from /opt/airflow/dags/main.py
[2026-02-23T00:45:26.256+0000] {logging_mixin.py:188} INFO - [2026-02-23T00:45:26.255+0000] {dag.py:3096} INFO - Sync 2 DAGs
[2026-02-23T00:45:26.291+0000] {logging_mixin.py:188} INFO - [2026-02-23T00:45:26.291+0000] {dag.py:3954} INFO - Setting next_dagrun for produce_json to 2026-02-22 14:00:00+00:00, run_after=2026-02-23 14:00:00+00:00
[2026-02-23T00:45:26.298+0000] {logging_mixin.py:188} INFO - [2026-02-23T00:45:26.298+0000] {dag.py:3954} INFO - Setting next_dagrun for update_db to 2026-02-22 15:00:00+00:00, run_after=2026-02-23 15:00:00+00:00
[2026-02-23T00:45:26.325+0000] {processor.py:183} INFO - Processing /opt/airflow/dags/main.py took 0.307 seconds
[2026-02-23T00:45:56.549+0000] {processor.py:161} INFO - Started process (PID=1670) to work on /opt/airflow/dags/main.py
[2026-02-23T00:45:56.550+0000] {processor.py:830} INFO - Processing file /opt/airflow/dags/main.py for tasks to queue
[2026-02-23T00:45:56.554+0000] {logging_mixin.py:188} INFO - [2026-02-23T00:45:56.553+0000] {dagbag.py:545} INFO - Filling up the DagBag from /opt/airflow/dags/main.py
[2026-02-23T00:45:56.681+0000] {processor.py:840} INFO - DAG(s) 'update_db', 'produce_json' retrieved from /opt/airflow/dags/main.py
[2026-02-23T00:45:56.714+0000] {logging_mixin.py:188} INFO - [2026-02-23T00:45:56.714+0000] {dag.py:3096} INFO - Sync 2 DAGs
[2026-02-23T00:45:56.741+0000] {logging_mixin.py:188} INFO - [2026-02-23T00:45:56.741+0000] {dag.py:3954} INFO - Setting next_dagrun for produce_json to 2026-02-22 14:00:00+00:00, run_after=2026-02-23 14:00:00+00:00
[2026-02-23T00:45:56.747+0000] {logging_mixin.py:188} INFO - [2026-02-23T00:45:56.747+0000] {dag.py:3954} INFO - Setting next_dagrun for update_db to 2026-02-22 15:00:00+00:00, run_after=2026-02-23 15:00:00+00:00
[2026-02-23T00:45:56.785+0000] {processor.py:183} INFO - Processing /opt/airflow/dags/main.py took 0.241 seconds
[2026-02-23T00:46:26.976+0000] {processor.py:161} INFO - Started process (PID=1677) to work on /opt/airflow/dags/main.py
[2026-02-23T00:46:26.978+0000] {processor.py:830} INFO - Processing file /opt/airflow/dags/main.py for tasks to queue
[2026-02-23T00:46:26.981+0000] {logging_mixin.py:188} INFO - [2026-02-23T00:46:26.980+0000] {dagbag.py:545} INFO - Filling up the DagBag from /opt/airflow/dags/main.py
[2026-02-23T00:46:27.129+0000] {processor.py:840} INFO - DAG(s) 'update_db', 'produce_json' retrieved from /opt/airflow/dags/main.py
[2026-02-23T00:46:27.163+0000] {logging_mixin.py:188} INFO - [2026-02-23T00:46:27.163+0000] {dag.py:3096} INFO - Sync 2 DAGs
[2026-02-23T00:46:27.193+0000] {logging_mixin.py:188} INFO - [2026-02-23T00:46:27.192+0000] {dag.py:3954} INFO - Setting next_dagrun for produce_json to 2026-02-22 14:00:00+00:00, run_after=2026-02-23 14:00:00+00:00
[2026-02-23T00:46:27.198+0000] {logging_mixin.py:188} INFO - [2026-02-23T00:46:27.198+0000] {dag.py:3954} INFO - Setting next_dagrun for update_db to 2026-02-22 15:00:00+00:00, run_after=2026-02-23 15:00:00+00:00
[2026-02-23T00:46:27.222+0000] {processor.py:183} INFO - Processing /opt/airflow/dags/main.py took 0.254 seconds
[2026-02-23T00:46:57.689+0000] {processor.py:161} INFO - Started process (PID=1684) to work on /opt/airflow/dags/main.py
[2026-02-23T00:46:57.691+0000] {processor.py:830} INFO - Processing file /opt/airflow/dags/main.py for tasks to queue
[2026-02-23T00:46:57.697+0000] {logging_mixin.py:188} INFO - [2026-02-23T00:46:57.697+0000] {dagbag.py:545} INFO - Filling up the DagBag from /opt/airflow/dags/main.py
[2026-02-23T00:46:57.899+0000] {processor.py:840} INFO - DAG(s) 'update_db', 'produce_json' retrieved from /opt/airflow/dags/main.py
[2026-02-23T00:46:57.975+0000] {logging_mixin.py:188} INFO - [2026-02-23T00:46:57.975+0000] {dag.py:3096} INFO - Sync 2 DAGs
[2026-02-23T00:46:58.152+0000] {logging_mixin.py:188} INFO - [2026-02-23T00:46:58.152+0000] {dag.py:3954} INFO - Setting next_dagrun for produce_json to 2026-02-22 14:00:00+00:00, run_after=2026-02-23 14:00:00+00:00
[2026-02-23T00:46:58.165+0000] {logging_mixin.py:188} INFO - [2026-02-23T00:46:58.164+0000] {dag.py:3954} INFO - Setting next_dagrun for update_db to 2026-02-22 15:00:00+00:00, run_after=2026-02-23 15:00:00+00:00
[2026-02-23T00:46:58.195+0000] {processor.py:183} INFO - Processing /opt/airflow/dags/main.py took 0.518 seconds
[2026-02-23T00:47:28.500+0000] {processor.py:161} INFO - Started process (PID=1698) to work on /opt/airflow/dags/main.py
[2026-02-23T00:47:28.501+0000] {processor.py:830} INFO - Processing file /opt/airflow/dags/main.py for tasks to queue
[2026-02-23T00:47:28.504+0000] {logging_mixin.py:188} INFO - [2026-02-23T00:47:28.504+0000] {dagbag.py:545} INFO - Filling up the DagBag from /opt/airflow/dags/main.py
[2026-02-23T00:47:28.614+0000] {processor.py:840} INFO - DAG(s) 'update_db', 'produce_json' retrieved from /opt/airflow/dags/main.py
[2026-02-23T00:47:28.645+0000] {logging_mixin.py:188} INFO - [2026-02-23T00:47:28.645+0000] {dag.py:3096} INFO - Sync 2 DAGs
[2026-02-23T00:47:28.666+0000] {logging_mixin.py:188} INFO - [2026-02-23T00:47:28.666+0000] {dag.py:3954} INFO - Setting next_dagrun for produce_json to 2026-02-22 14:00:00+00:00, run_after=2026-02-23 14:00:00+00:00
[2026-02-23T00:47:28.671+0000] {logging_mixin.py:188} INFO - [2026-02-23T00:47:28.671+0000] {dag.py:3954} INFO - Setting next_dagrun for update_db to 2026-02-22 15:00:00+00:00, run_after=2026-02-23 15:00:00+00:00
[2026-02-23T00:47:28.692+0000] {processor.py:183} INFO - Processing /opt/airflow/dags/main.py took 0.199 seconds
[2026-02-23T00:47:58.891+0000] {processor.py:161} INFO - Started process (PID=1706) to work on /opt/airflow/dags/main.py
[2026-02-23T00:47:58.893+0000] {processor.py:830} INFO - Processing file /opt/airflow/dags/main.py for tasks to queue
[2026-02-23T00:47:58.895+0000] {logging_mixin.py:188} INFO - [2026-02-23T00:47:58.894+0000] {dagbag.py:545} INFO - Filling up the DagBag from /opt/airflow/dags/main.py
[2026-02-23T00:47:59.008+0000] {processor.py:840} INFO - DAG(s) 'update_db', 'produce_json' retrieved from /opt/airflow/dags/main.py
[2026-02-23T00:47:59.042+0000] {logging_mixin.py:188} INFO - [2026-02-23T00:47:59.041+0000] {dag.py:3096} INFO - Sync 2 DAGs
[2026-02-23T00:47:59.069+0000] {logging_mixin.py:188} INFO - [2026-02-23T00:47:59.069+0000] {dag.py:3954} INFO - Setting next_dagrun for produce_json to 2026-02-22 14:00:00+00:00, run_after=2026-02-23 14:00:00+00:00
[2026-02-23T00:47:59.075+0000] {logging_mixin.py:188} INFO - [2026-02-23T00:47:59.075+0000] {dag.py:3954} INFO - Setting next_dagrun for update_db to 2026-02-22 15:00:00+00:00, run_after=2026-02-23 15:00:00+00:00
[2026-02-23T00:47:59.110+0000] {processor.py:183} INFO - Processing /opt/airflow/dags/main.py took 0.224 seconds
[2026-02-23T00:48:29.303+0000] {processor.py:161} INFO - Started process (PID=1713) to work on /opt/airflow/dags/main.py
[2026-02-23T00:48:29.304+0000] {processor.py:830} INFO - Processing file /opt/airflow/dags/main.py for tasks to queue
[2026-02-23T00:48:29.306+0000] {logging_mixin.py:188} INFO - [2026-02-23T00:48:29.306+0000] {dagbag.py:545} INFO - Filling up the DagBag from /opt/airflow/dags/main.py
[2026-02-23T00:48:29.461+0000] {processor.py:840} INFO - DAG(s) 'produce_json', 'update_db' retrieved from /opt/airflow/dags/main.py
[2026-02-23T00:48:29.503+0000] {logging_mixin.py:188} INFO - [2026-02-23T00:48:29.503+0000] {dag.py:3096} INFO - Sync 2 DAGs
[2026-02-23T00:48:29.528+0000] {logging_mixin.py:188} INFO - [2026-02-23T00:48:29.528+0000] {dag.py:3954} INFO - Setting next_dagrun for produce_json to 2026-02-22 14:00:00+00:00, run_after=2026-02-23 14:00:00+00:00
[2026-02-23T00:48:29.535+0000] {logging_mixin.py:188} INFO - [2026-02-23T00:48:29.535+0000] {dag.py:3954} INFO - Setting next_dagrun for update_db to 2026-02-22 15:00:00+00:00, run_after=2026-02-23 15:00:00+00:00
[2026-02-23T00:48:29.568+0000] {processor.py:183} INFO - Processing /opt/airflow/dags/main.py took 0.271 seconds
[2026-02-23T00:48:59.780+0000] {processor.py:161} INFO - Started process (PID=1720) to work on /opt/airflow/dags/main.py
[2026-02-23T00:48:59.782+0000] {processor.py:830} INFO - Processing file /opt/airflow/dags/main.py for tasks to queue
[2026-02-23T00:48:59.784+0000] {logging_mixin.py:188} INFO - [2026-02-23T00:48:59.784+0000] {dagbag.py:545} INFO - Filling up the DagBag from /opt/airflow/dags/main.py
[2026-02-23T00:48:59.898+0000] {processor.py:840} INFO - DAG(s) 'update_db', 'produce_json' retrieved from /opt/airflow/dags/main.py
[2026-02-23T00:48:59.931+0000] {logging_mixin.py:188} INFO - [2026-02-23T00:48:59.931+0000] {dag.py:3096} INFO - Sync 2 DAGs
[2026-02-23T00:48:59.954+0000] {logging_mixin.py:188} INFO - [2026-02-23T00:48:59.954+0000] {dag.py:3954} INFO - Setting next_dagrun for produce_json to 2026-02-22 14:00:00+00:00, run_after=2026-02-23 14:00:00+00:00
[2026-02-23T00:48:59.960+0000] {logging_mixin.py:188} INFO - [2026-02-23T00:48:59.960+0000] {dag.py:3954} INFO - Setting next_dagrun for update_db to 2026-02-22 15:00:00+00:00, run_after=2026-02-23 15:00:00+00:00
[2026-02-23T00:48:59.983+0000] {processor.py:183} INFO - Processing /opt/airflow/dags/main.py took 0.208 seconds
[2026-02-23T00:49:30.189+0000] {processor.py:161} INFO - Started process (PID=1727) to work on /opt/airflow/dags/main.py
[2026-02-23T00:49:30.190+0000] {processor.py:830} INFO - Processing file /opt/airflow/dags/main.py for tasks to queue
[2026-02-23T00:49:30.192+0000] {logging_mixin.py:188} INFO - [2026-02-23T00:49:30.192+0000] {dagbag.py:545} INFO - Filling up the DagBag from /opt/airflow/dags/main.py
[2026-02-23T00:49:30.353+0000] {processor.py:840} INFO - DAG(s) 'produce_json', 'update_db' retrieved from /opt/airflow/dags/main.py
[2026-02-23T00:49:30.390+0000] {logging_mixin.py:188} INFO - [2026-02-23T00:49:30.390+0000] {dag.py:3096} INFO - Sync 2 DAGs
[2026-02-23T00:49:30.416+0000] {logging_mixin.py:188} INFO - [2026-02-23T00:49:30.416+0000] {dag.py:3954} INFO - Setting next_dagrun for produce_json to 2026-02-22 14:00:00+00:00, run_after=2026-02-23 14:00:00+00:00
[2026-02-23T00:49:30.422+0000] {logging_mixin.py:188} INFO - [2026-02-23T00:49:30.422+0000] {dag.py:3954} INFO - Setting next_dagrun for update_db to 2026-02-22 15:00:00+00:00, run_after=2026-02-23 15:00:00+00:00
[2026-02-23T00:49:30.446+0000] {processor.py:183} INFO - Processing /opt/airflow/dags/main.py took 0.262 seconds
[2026-02-23T00:50:00.672+0000] {processor.py:161} INFO - Started process (PID=1734) to work on /opt/airflow/dags/main.py
[2026-02-23T00:50:00.675+0000] {processor.py:830} INFO - Processing file /opt/airflow/dags/main.py for tasks to queue
[2026-02-23T00:50:00.678+0000] {logging_mixin.py:188} INFO - [2026-02-23T00:50:00.678+0000] {dagbag.py:545} INFO - Filling up the DagBag from /opt/airflow/dags/main.py
[2026-02-23T00:50:00.823+0000] {processor.py:840} INFO - DAG(s) 'produce_json', 'update_db' retrieved from /opt/airflow/dags/main.py
[2026-02-23T00:50:00.861+0000] {logging_mixin.py:188} INFO - [2026-02-23T00:50:00.860+0000] {dag.py:3096} INFO - Sync 2 DAGs
[2026-02-23T00:50:00.885+0000] {logging_mixin.py:188} INFO - [2026-02-23T00:50:00.885+0000] {dag.py:3954} INFO - Setting next_dagrun for produce_json to 2026-02-22 14:00:00+00:00, run_after=2026-02-23 14:00:00+00:00
[2026-02-23T00:50:00.891+0000] {logging_mixin.py:188} INFO - [2026-02-23T00:50:00.891+0000] {dag.py:3954} INFO - Setting next_dagrun for update_db to 2026-02-22 15:00:00+00:00, run_after=2026-02-23 15:00:00+00:00
[2026-02-23T00:50:00.920+0000] {processor.py:183} INFO - Processing /opt/airflow/dags/main.py took 0.255 seconds
[2026-02-23T00:50:31.118+0000] {processor.py:161} INFO - Started process (PID=1741) to work on /opt/airflow/dags/main.py
[2026-02-23T00:50:31.120+0000] {processor.py:830} INFO - Processing file /opt/airflow/dags/main.py for tasks to queue
[2026-02-23T00:50:31.123+0000] {logging_mixin.py:188} INFO - [2026-02-23T00:50:31.122+0000] {dagbag.py:545} INFO - Filling up the DagBag from /opt/airflow/dags/main.py
[2026-02-23T00:50:31.259+0000] {processor.py:840} INFO - DAG(s) 'produce_json', 'update_db' retrieved from /opt/airflow/dags/main.py
[2026-02-23T00:50:31.301+0000] {logging_mixin.py:188} INFO - [2026-02-23T00:50:31.300+0000] {dag.py:3096} INFO - Sync 2 DAGs
[2026-02-23T00:50:31.328+0000] {logging_mixin.py:188} INFO - [2026-02-23T00:50:31.327+0000] {dag.py:3954} INFO - Setting next_dagrun for produce_json to 2026-02-22 14:00:00+00:00, run_after=2026-02-23 14:00:00+00:00
[2026-02-23T00:50:31.334+0000] {logging_mixin.py:188} INFO - [2026-02-23T00:50:31.334+0000] {dag.py:3954} INFO - Setting next_dagrun for update_db to 2026-02-22 15:00:00+00:00, run_after=2026-02-23 15:00:00+00:00
[2026-02-23T00:50:31.359+0000] {processor.py:183} INFO - Processing /opt/airflow/dags/main.py took 0.247 seconds
[2026-02-23T00:51:01.562+0000] {processor.py:161} INFO - Started process (PID=1748) to work on /opt/airflow/dags/main.py
[2026-02-23T00:51:01.564+0000] {processor.py:830} INFO - Processing file /opt/airflow/dags/main.py for tasks to queue
[2026-02-23T00:51:01.566+0000] {logging_mixin.py:188} INFO - [2026-02-23T00:51:01.565+0000] {dagbag.py:545} INFO - Filling up the DagBag from /opt/airflow/dags/main.py
[2026-02-23T00:51:01.672+0000] {processor.py:840} INFO - DAG(s) 'produce_json', 'update_db' retrieved from /opt/airflow/dags/main.py
[2026-02-23T00:51:01.711+0000] {logging_mixin.py:188} INFO - [2026-02-23T00:51:01.711+0000] {dag.py:3096} INFO - Sync 2 DAGs
[2026-02-23T00:51:01.736+0000] {logging_mixin.py:188} INFO - [2026-02-23T00:51:01.736+0000] {dag.py:3954} INFO - Setting next_dagrun for produce_json to 2026-02-22 14:00:00+00:00, run_after=2026-02-23 14:00:00+00:00
[2026-02-23T00:51:01.743+0000] {logging_mixin.py:188} INFO - [2026-02-23T00:51:01.743+0000] {dag.py:3954} INFO - Setting next_dagrun for update_db to 2026-02-22 15:00:00+00:00, run_after=2026-02-23 15:00:00+00:00
[2026-02-23T00:51:01.766+0000] {processor.py:183} INFO - Processing /opt/airflow/dags/main.py took 0.209 seconds
[2026-02-23T00:51:31.960+0000] {processor.py:161} INFO - Started process (PID=1755) to work on /opt/airflow/dags/main.py
[2026-02-23T00:51:31.961+0000] {processor.py:830} INFO - Processing file /opt/airflow/dags/main.py for tasks to queue
[2026-02-23T00:51:31.964+0000] {logging_mixin.py:188} INFO - [2026-02-23T00:51:31.963+0000] {dagbag.py:545} INFO - Filling up the DagBag from /opt/airflow/dags/main.py
[2026-02-23T00:51:32.161+0000] {processor.py:840} INFO - DAG(s) 'update_db', 'produce_json' retrieved from /opt/airflow/dags/main.py
[2026-02-23T00:51:32.206+0000] {logging_mixin.py:188} INFO - [2026-02-23T00:51:32.205+0000] {dag.py:3096} INFO - Sync 2 DAGs
[2026-02-23T00:51:32.230+0000] {logging_mixin.py:188} INFO - [2026-02-23T00:51:32.230+0000] {dag.py:3954} INFO - Setting next_dagrun for produce_json to 2026-02-22 14:00:00+00:00, run_after=2026-02-23 14:00:00+00:00
[2026-02-23T00:51:32.236+0000] {logging_mixin.py:188} INFO - [2026-02-23T00:51:32.236+0000] {dag.py:3954} INFO - Setting next_dagrun for update_db to 2026-02-22 15:00:00+00:00, run_after=2026-02-23 15:00:00+00:00
[2026-02-23T00:51:32.259+0000] {processor.py:183} INFO - Processing /opt/airflow/dags/main.py took 0.306 seconds
[2026-02-23T00:52:02.666+0000] {processor.py:161} INFO - Started process (PID=1762) to work on /opt/airflow/dags/main.py
[2026-02-23T00:52:02.667+0000] {processor.py:830} INFO - Processing file /opt/airflow/dags/main.py for tasks to queue
[2026-02-23T00:52:02.671+0000] {logging_mixin.py:188} INFO - [2026-02-23T00:52:02.670+0000] {dagbag.py:545} INFO - Filling up the DagBag from /opt/airflow/dags/main.py
[2026-02-23T00:52:02.830+0000] {processor.py:840} INFO - DAG(s) 'update_db', 'produce_json' retrieved from /opt/airflow/dags/main.py
[2026-02-23T00:52:02.868+0000] {logging_mixin.py:188} INFO - [2026-02-23T00:52:02.868+0000] {dag.py:3096} INFO - Sync 2 DAGs
[2026-02-23T00:52:02.892+0000] {logging_mixin.py:188} INFO - [2026-02-23T00:52:02.892+0000] {dag.py:3954} INFO - Setting next_dagrun for produce_json to 2026-02-22 14:00:00+00:00, run_after=2026-02-23 14:00:00+00:00
[2026-02-23T00:52:02.897+0000] {logging_mixin.py:188} INFO - [2026-02-23T00:52:02.897+0000] {dag.py:3954} INFO - Setting next_dagrun for update_db to 2026-02-22 15:00:00+00:00, run_after=2026-02-23 15:00:00+00:00
[2026-02-23T00:52:02.917+0000] {processor.py:183} INFO - Processing /opt/airflow/dags/main.py took 0.260 seconds
[2026-02-23T00:52:33.118+0000] {processor.py:161} INFO - Started process (PID=1769) to work on /opt/airflow/dags/main.py
[2026-02-23T00:52:33.122+0000] {processor.py:830} INFO - Processing file /opt/airflow/dags/main.py for tasks to queue
[2026-02-23T00:52:33.129+0000] {logging_mixin.py:188} INFO - [2026-02-23T00:52:33.128+0000] {dagbag.py:545} INFO - Filling up the DagBag from /opt/airflow/dags/main.py
[2026-02-23T00:52:33.285+0000] {processor.py:840} INFO - DAG(s) 'produce_json', 'update_db' retrieved from /opt/airflow/dags/main.py
[2026-02-23T00:52:33.339+0000] {logging_mixin.py:188} INFO - [2026-02-23T00:52:33.339+0000] {dag.py:3096} INFO - Sync 2 DAGs
[2026-02-23T00:52:33.370+0000] {logging_mixin.py:188} INFO - [2026-02-23T00:52:33.369+0000] {dag.py:3954} INFO - Setting next_dagrun for produce_json to 2026-02-22 14:00:00+00:00, run_after=2026-02-23 14:00:00+00:00
[2026-02-23T00:52:33.377+0000] {logging_mixin.py:188} INFO - [2026-02-23T00:52:33.377+0000] {dag.py:3954} INFO - Setting next_dagrun for update_db to 2026-02-22 15:00:00+00:00, run_after=2026-02-23 15:00:00+00:00
[2026-02-23T00:52:33.405+0000] {processor.py:183} INFO - Processing /opt/airflow/dags/main.py took 0.303 seconds
[2026-02-23T00:53:03.591+0000] {processor.py:161} INFO - Started process (PID=1776) to work on /opt/airflow/dags/main.py
[2026-02-23T00:53:03.592+0000] {processor.py:830} INFO - Processing file /opt/airflow/dags/main.py for tasks to queue
[2026-02-23T00:53:03.595+0000] {logging_mixin.py:188} INFO - [2026-02-23T00:53:03.595+0000] {dagbag.py:545} INFO - Filling up the DagBag from /opt/airflow/dags/main.py
[2026-02-23T00:53:03.772+0000] {processor.py:840} INFO - DAG(s) 'produce_json', 'update_db' retrieved from /opt/airflow/dags/main.py
[2026-02-23T00:53:03.811+0000] {logging_mixin.py:188} INFO - [2026-02-23T00:53:03.811+0000] {dag.py:3096} INFO - Sync 2 DAGs
[2026-02-23T00:53:03.837+0000] {logging_mixin.py:188} INFO - [2026-02-23T00:53:03.837+0000] {dag.py:3954} INFO - Setting next_dagrun for produce_json to 2026-02-22 14:00:00+00:00, run_after=2026-02-23 14:00:00+00:00
[2026-02-23T00:53:03.844+0000] {logging_mixin.py:188} INFO - [2026-02-23T00:53:03.844+0000] {dag.py:3954} INFO - Setting next_dagrun for update_db to 2026-02-22 15:00:00+00:00, run_after=2026-02-23 15:00:00+00:00
[2026-02-23T00:53:03.866+0000] {processor.py:183} INFO - Processing /opt/airflow/dags/main.py took 0.282 seconds
[2026-02-23T00:53:34.070+0000] {processor.py:161} INFO - Started process (PID=1783) to work on /opt/airflow/dags/main.py
[2026-02-23T00:53:34.071+0000] {processor.py:830} INFO - Processing file /opt/airflow/dags/main.py for tasks to queue
[2026-02-23T00:53:34.074+0000] {logging_mixin.py:188} INFO - [2026-02-23T00:53:34.074+0000] {dagbag.py:545} INFO - Filling up the DagBag from /opt/airflow/dags/main.py
[2026-02-23T00:53:34.176+0000] {processor.py:840} INFO - DAG(s) 'produce_json', 'update_db' retrieved from /opt/airflow/dags/main.py
[2026-02-23T00:53:34.211+0000] {logging_mixin.py:188} INFO - [2026-02-23T00:53:34.210+0000] {dag.py:3096} INFO - Sync 2 DAGs
[2026-02-23T00:53:34.233+0000] {logging_mixin.py:188} INFO - [2026-02-23T00:53:34.232+0000] {dag.py:3954} INFO - Setting next_dagrun for produce_json to 2026-02-22 14:00:00+00:00, run_after=2026-02-23 14:00:00+00:00
[2026-02-23T00:53:34.238+0000] {logging_mixin.py:188} INFO - [2026-02-23T00:53:34.238+0000] {dag.py:3954} INFO - Setting next_dagrun for update_db to 2026-02-22 15:00:00+00:00, run_after=2026-02-23 15:00:00+00:00
[2026-02-23T00:53:34.270+0000] {processor.py:183} INFO - Processing /opt/airflow/dags/main.py took 0.205 seconds
[2026-02-23T00:54:04.479+0000] {processor.py:161} INFO - Started process (PID=1790) to work on /opt/airflow/dags/main.py
[2026-02-23T00:54:04.481+0000] {processor.py:830} INFO - Processing file /opt/airflow/dags/main.py for tasks to queue
[2026-02-23T00:54:04.484+0000] {logging_mixin.py:188} INFO - [2026-02-23T00:54:04.483+0000] {dagbag.py:545} INFO - Filling up the DagBag from /opt/airflow/dags/main.py
[2026-02-23T00:54:04.638+0000] {processor.py:840} INFO - DAG(s) 'produce_json', 'update_db' retrieved from /opt/airflow/dags/main.py
[2026-02-23T00:54:04.679+0000] {logging_mixin.py:188} INFO - [2026-02-23T00:54:04.679+0000] {dag.py:3096} INFO - Sync 2 DAGs
[2026-02-23T00:54:04.703+0000] {logging_mixin.py:188} INFO - [2026-02-23T00:54:04.703+0000] {dag.py:3954} INFO - Setting next_dagrun for produce_json to 2026-02-22 14:00:00+00:00, run_after=2026-02-23 14:00:00+00:00
[2026-02-23T00:54:04.709+0000] {logging_mixin.py:188} INFO - [2026-02-23T00:54:04.708+0000] {dag.py:3954} INFO - Setting next_dagrun for update_db to 2026-02-22 15:00:00+00:00, run_after=2026-02-23 15:00:00+00:00
[2026-02-23T00:54:04.742+0000] {processor.py:183} INFO - Processing /opt/airflow/dags/main.py took 0.271 seconds
[2026-02-23T00:54:34.986+0000] {processor.py:161} INFO - Started process (PID=1797) to work on /opt/airflow/dags/main.py
[2026-02-23T00:54:34.988+0000] {processor.py:830} INFO - Processing file /opt/airflow/dags/main.py for tasks to queue
[2026-02-23T00:54:34.993+0000] {logging_mixin.py:188} INFO - [2026-02-23T00:54:34.992+0000] {dagbag.py:545} INFO - Filling up the DagBag from /opt/airflow/dags/main.py
[2026-02-23T00:54:35.165+0000] {processor.py:840} INFO - DAG(s) 'produce_json', 'update_db' retrieved from /opt/airflow/dags/main.py
[2026-02-23T00:54:35.206+0000] {logging_mixin.py:188} INFO - [2026-02-23T00:54:35.206+0000] {dag.py:3096} INFO - Sync 2 DAGs
[2026-02-23T00:54:35.244+0000] {logging_mixin.py:188} INFO - [2026-02-23T00:54:35.244+0000] {dag.py:3954} INFO - Setting next_dagrun for produce_json to 2026-02-22 14:00:00+00:00, run_after=2026-02-23 14:00:00+00:00
[2026-02-23T00:54:35.253+0000] {logging_mixin.py:188} INFO - [2026-02-23T00:54:35.253+0000] {dag.py:3954} INFO - Setting next_dagrun for update_db to 2026-02-22 15:00:00+00:00, run_after=2026-02-23 15:00:00+00:00
[2026-02-23T00:54:35.282+0000] {processor.py:183} INFO - Processing /opt/airflow/dags/main.py took 0.303 seconds
[2026-02-23T00:55:05.460+0000] {processor.py:161} INFO - Started process (PID=1804) to work on /opt/airflow/dags/main.py
[2026-02-23T00:55:05.461+0000] {processor.py:830} INFO - Processing file /opt/airflow/dags/main.py for tasks to queue
[2026-02-23T00:55:05.463+0000] {logging_mixin.py:188} INFO - [2026-02-23T00:55:05.463+0000] {dagbag.py:545} INFO - Filling up the DagBag from /opt/airflow/dags/main.py
[2026-02-23T00:55:05.555+0000] {processor.py:840} INFO - DAG(s) 'produce_json', 'update_db' retrieved from /opt/airflow/dags/main.py
[2026-02-23T00:55:05.585+0000] {logging_mixin.py:188} INFO - [2026-02-23T00:55:05.585+0000] {dag.py:3096} INFO - Sync 2 DAGs
[2026-02-23T00:55:05.609+0000] {logging_mixin.py:188} INFO - [2026-02-23T00:55:05.609+0000] {dag.py:3954} INFO - Setting next_dagrun for produce_json to 2026-02-22 14:00:00+00:00, run_after=2026-02-23 14:00:00+00:00
[2026-02-23T00:55:05.615+0000] {logging_mixin.py:188} INFO - [2026-02-23T00:55:05.615+0000] {dag.py:3954} INFO - Setting next_dagrun for update_db to 2026-02-22 15:00:00+00:00, run_after=2026-02-23 15:00:00+00:00
[2026-02-23T00:55:05.646+0000] {processor.py:183} INFO - Processing /opt/airflow/dags/main.py took 0.195 seconds
[2026-02-23T00:55:35.871+0000] {processor.py:161} INFO - Started process (PID=1811) to work on /opt/airflow/dags/main.py
[2026-02-23T00:55:35.872+0000] {processor.py:830} INFO - Processing file /opt/airflow/dags/main.py for tasks to queue
[2026-02-23T00:55:35.874+0000] {logging_mixin.py:188} INFO - [2026-02-23T00:55:35.874+0000] {dagbag.py:545} INFO - Filling up the DagBag from /opt/airflow/dags/main.py
[2026-02-23T00:55:36.009+0000] {processor.py:840} INFO - DAG(s) 'update_db', 'produce_json' retrieved from /opt/airflow/dags/main.py
[2026-02-23T00:55:36.050+0000] {logging_mixin.py:188} INFO - [2026-02-23T00:55:36.050+0000] {dag.py:3096} INFO - Sync 2 DAGs
[2026-02-23T00:55:36.072+0000] {logging_mixin.py:188} INFO - [2026-02-23T00:55:36.072+0000] {dag.py:3954} INFO - Setting next_dagrun for produce_json to 2026-02-22 14:00:00+00:00, run_after=2026-02-23 14:00:00+00:00
[2026-02-23T00:55:36.078+0000] {logging_mixin.py:188} INFO - [2026-02-23T00:55:36.077+0000] {dag.py:3954} INFO - Setting next_dagrun for update_db to 2026-02-22 15:00:00+00:00, run_after=2026-02-23 15:00:00+00:00
[2026-02-23T00:55:36.099+0000] {processor.py:183} INFO - Processing /opt/airflow/dags/main.py took 0.233 seconds
[2026-02-23T00:56:06.278+0000] {processor.py:161} INFO - Started process (PID=1818) to work on /opt/airflow/dags/main.py
[2026-02-23T00:56:06.279+0000] {processor.py:830} INFO - Processing file /opt/airflow/dags/main.py for tasks to queue
[2026-02-23T00:56:06.282+0000] {logging_mixin.py:188} INFO - [2026-02-23T00:56:06.281+0000] {dagbag.py:545} INFO - Filling up the DagBag from /opt/airflow/dags/main.py
[2026-02-23T00:56:06.375+0000] {processor.py:840} INFO - DAG(s) 'update_db', 'produce_json' retrieved from /opt/airflow/dags/main.py
[2026-02-23T00:56:06.415+0000] {logging_mixin.py:188} INFO - [2026-02-23T00:56:06.415+0000] {dag.py:3096} INFO - Sync 2 DAGs
[2026-02-23T00:56:06.449+0000] {logging_mixin.py:188} INFO - [2026-02-23T00:56:06.449+0000] {dag.py:3954} INFO - Setting next_dagrun for produce_json to 2026-02-22 14:00:00+00:00, run_after=2026-02-23 14:00:00+00:00
[2026-02-23T00:56:06.458+0000] {logging_mixin.py:188} INFO - [2026-02-23T00:56:06.457+0000] {dag.py:3954} INFO - Setting next_dagrun for update_db to 2026-02-22 15:00:00+00:00, run_after=2026-02-23 15:00:00+00:00
[2026-02-23T00:56:06.482+0000] {processor.py:183} INFO - Processing /opt/airflow/dags/main.py took 0.212 seconds
[2026-02-23T00:56:36.659+0000] {processor.py:161} INFO - Started process (PID=1825) to work on /opt/airflow/dags/main.py
[2026-02-23T00:56:36.660+0000] {processor.py:830} INFO - Processing file /opt/airflow/dags/main.py for tasks to queue
[2026-02-23T00:56:36.663+0000] {logging_mixin.py:188} INFO - [2026-02-23T00:56:36.662+0000] {dagbag.py:545} INFO - Filling up the DagBag from /opt/airflow/dags/main.py
[2026-02-23T00:56:36.816+0000] {processor.py:840} INFO - DAG(s) 'update_db', 'produce_json' retrieved from /opt/airflow/dags/main.py
[2026-02-23T00:56:36.851+0000] {logging_mixin.py:188} INFO - [2026-02-23T00:56:36.851+0000] {dag.py:3096} INFO - Sync 2 DAGs
[2026-02-23T00:56:36.871+0000] {logging_mixin.py:188} INFO - [2026-02-23T00:56:36.871+0000] {dag.py:3954} INFO - Setting next_dagrun for produce_json to 2026-02-22 14:00:00+00:00, run_after=2026-02-23 14:00:00+00:00
[2026-02-23T00:56:36.876+0000] {logging_mixin.py:188} INFO - [2026-02-23T00:56:36.876+0000] {dag.py:3954} INFO - Setting next_dagrun for update_db to 2026-02-22 15:00:00+00:00, run_after=2026-02-23 15:00:00+00:00
[2026-02-23T00:56:36.907+0000] {processor.py:183} INFO - Processing /opt/airflow/dags/main.py took 0.255 seconds
[2026-02-23T00:57:06.989+0000] {processor.py:161} INFO - Started process (PID=1832) to work on /opt/airflow/dags/main.py
[2026-02-23T00:57:06.991+0000] {processor.py:830} INFO - Processing file /opt/airflow/dags/main.py for tasks to queue
[2026-02-23T00:57:06.994+0000] {logging_mixin.py:188} INFO - [2026-02-23T00:57:06.993+0000] {dagbag.py:545} INFO - Filling up the DagBag from /opt/airflow/dags/main.py
[2026-02-23T00:57:07.123+0000] {processor.py:840} INFO - DAG(s) 'update_db', 'produce_json' retrieved from /opt/airflow/dags/main.py
[2026-02-23T00:57:07.165+0000] {logging_mixin.py:188} INFO - [2026-02-23T00:57:07.164+0000] {dag.py:3096} INFO - Sync 2 DAGs
[2026-02-23T00:57:07.195+0000] {logging_mixin.py:188} INFO - [2026-02-23T00:57:07.195+0000] {dag.py:3954} INFO - Setting next_dagrun for produce_json to 2026-02-22 14:00:00+00:00, run_after=2026-02-23 14:00:00+00:00
[2026-02-23T00:57:07.202+0000] {logging_mixin.py:188} INFO - [2026-02-23T00:57:07.202+0000] {dag.py:3954} INFO - Setting next_dagrun for update_db to 2026-02-22 15:00:00+00:00, run_after=2026-02-23 15:00:00+00:00
[2026-02-23T00:57:07.238+0000] {processor.py:183} INFO - Processing /opt/airflow/dags/main.py took 0.256 seconds
[2026-02-23T00:57:37.364+0000] {processor.py:161} INFO - Started process (PID=1839) to work on /opt/airflow/dags/main.py
[2026-02-23T00:57:37.365+0000] {processor.py:830} INFO - Processing file /opt/airflow/dags/main.py for tasks to queue
[2026-02-23T00:57:37.368+0000] {logging_mixin.py:188} INFO - [2026-02-23T00:57:37.367+0000] {dagbag.py:545} INFO - Filling up the DagBag from /opt/airflow/dags/main.py
[2026-02-23T00:57:37.539+0000] {processor.py:840} INFO - DAG(s) 'update_db', 'produce_json' retrieved from /opt/airflow/dags/main.py
[2026-02-23T00:57:37.572+0000] {logging_mixin.py:188} INFO - [2026-02-23T00:57:37.571+0000] {dag.py:3096} INFO - Sync 2 DAGs
[2026-02-23T00:57:37.593+0000] {logging_mixin.py:188} INFO - [2026-02-23T00:57:37.593+0000] {dag.py:3954} INFO - Setting next_dagrun for produce_json to 2026-02-22 14:00:00+00:00, run_after=2026-02-23 14:00:00+00:00
[2026-02-23T00:57:37.598+0000] {logging_mixin.py:188} INFO - [2026-02-23T00:57:37.598+0000] {dag.py:3954} INFO - Setting next_dagrun for update_db to 2026-02-22 15:00:00+00:00, run_after=2026-02-23 15:00:00+00:00
[2026-02-23T00:57:37.620+0000] {processor.py:183} INFO - Processing /opt/airflow/dags/main.py took 0.261 seconds
[2026-02-23T00:58:07.818+0000] {processor.py:161} INFO - Started process (PID=1846) to work on /opt/airflow/dags/main.py
[2026-02-23T00:58:07.819+0000] {processor.py:830} INFO - Processing file /opt/airflow/dags/main.py for tasks to queue
[2026-02-23T00:58:07.822+0000] {logging_mixin.py:188} INFO - [2026-02-23T00:58:07.822+0000] {dagbag.py:545} INFO - Filling up the DagBag from /opt/airflow/dags/main.py
[2026-02-23T00:58:08.029+0000] {processor.py:840} INFO - DAG(s) 'update_db', 'produce_json' retrieved from /opt/airflow/dags/main.py
[2026-02-23T00:58:08.060+0000] {logging_mixin.py:188} INFO - [2026-02-23T00:58:08.060+0000] {dag.py:3096} INFO - Sync 2 DAGs
[2026-02-23T00:58:08.084+0000] {logging_mixin.py:188} INFO - [2026-02-23T00:58:08.083+0000] {dag.py:3954} INFO - Setting next_dagrun for produce_json to 2026-02-22 14:00:00+00:00, run_after=2026-02-23 14:00:00+00:00
[2026-02-23T00:58:08.090+0000] {logging_mixin.py:188} INFO - [2026-02-23T00:58:08.090+0000] {dag.py:3954} INFO - Setting next_dagrun for update_db to 2026-02-22 15:00:00+00:00, run_after=2026-02-23 15:00:00+00:00
[2026-02-23T00:58:08.120+0000] {processor.py:183} INFO - Processing /opt/airflow/dags/main.py took 0.307 seconds
[2026-02-23T00:58:38.344+0000] {processor.py:161} INFO - Started process (PID=1853) to work on /opt/airflow/dags/main.py
[2026-02-23T00:58:38.346+0000] {processor.py:830} INFO - Processing file /opt/airflow/dags/main.py for tasks to queue
[2026-02-23T00:58:38.349+0000] {logging_mixin.py:188} INFO - [2026-02-23T00:58:38.349+0000] {dagbag.py:545} INFO - Filling up the DagBag from /opt/airflow/dags/main.py
[2026-02-23T00:58:38.571+0000] {processor.py:840} INFO - DAG(s) 'update_db', 'produce_json' retrieved from /opt/airflow/dags/main.py
[2026-02-23T00:58:38.605+0000] {logging_mixin.py:188} INFO - [2026-02-23T00:58:38.604+0000] {dag.py:3096} INFO - Sync 2 DAGs
[2026-02-23T00:58:38.628+0000] {logging_mixin.py:188} INFO - [2026-02-23T00:58:38.628+0000] {dag.py:3954} INFO - Setting next_dagrun for produce_json to 2026-02-22 14:00:00+00:00, run_after=2026-02-23 14:00:00+00:00
[2026-02-23T00:58:38.636+0000] {logging_mixin.py:188} INFO - [2026-02-23T00:58:38.636+0000] {dag.py:3954} INFO - Setting next_dagrun for update_db to 2026-02-22 15:00:00+00:00, run_after=2026-02-23 15:00:00+00:00
[2026-02-23T00:58:38.674+0000] {processor.py:183} INFO - Processing /opt/airflow/dags/main.py took 0.336 seconds
[2026-02-23T00:59:08.897+0000] {processor.py:161} INFO - Started process (PID=1860) to work on /opt/airflow/dags/main.py
[2026-02-23T00:59:08.898+0000] {processor.py:830} INFO - Processing file /opt/airflow/dags/main.py for tasks to queue
[2026-02-23T00:59:08.902+0000] {logging_mixin.py:188} INFO - [2026-02-23T00:59:08.901+0000] {dagbag.py:545} INFO - Filling up the DagBag from /opt/airflow/dags/main.py
[2026-02-23T00:59:09.025+0000] {processor.py:840} INFO - DAG(s) 'produce_json', 'update_db' retrieved from /opt/airflow/dags/main.py
[2026-02-23T00:59:09.057+0000] {logging_mixin.py:188} INFO - [2026-02-23T00:59:09.056+0000] {dag.py:3096} INFO - Sync 2 DAGs
[2026-02-23T00:59:09.083+0000] {logging_mixin.py:188} INFO - [2026-02-23T00:59:09.083+0000] {dag.py:3954} INFO - Setting next_dagrun for produce_json to 2026-02-22 14:00:00+00:00, run_after=2026-02-23 14:00:00+00:00
[2026-02-23T00:59:09.088+0000] {logging_mixin.py:188} INFO - [2026-02-23T00:59:09.088+0000] {dag.py:3954} INFO - Setting next_dagrun for update_db to 2026-02-22 15:00:00+00:00, run_after=2026-02-23 15:00:00+00:00
[2026-02-23T00:59:09.120+0000] {processor.py:183} INFO - Processing /opt/airflow/dags/main.py took 0.231 seconds
[2026-02-23T00:59:39.356+0000] {processor.py:161} INFO - Started process (PID=1866) to work on /opt/airflow/dags/main.py
[2026-02-23T00:59:39.358+0000] {processor.py:830} INFO - Processing file /opt/airflow/dags/main.py for tasks to queue
[2026-02-23T00:59:39.361+0000] {logging_mixin.py:188} INFO - [2026-02-23T00:59:39.361+0000] {dagbag.py:545} INFO - Filling up the DagBag from /opt/airflow/dags/main.py
[2026-02-23T00:59:39.544+0000] {processor.py:840} INFO - DAG(s) 'update_db', 'produce_json' retrieved from /opt/airflow/dags/main.py
[2026-02-23T00:59:39.577+0000] {logging_mixin.py:188} INFO - [2026-02-23T00:59:39.576+0000] {dag.py:3096} INFO - Sync 2 DAGs
[2026-02-23T00:59:39.598+0000] {logging_mixin.py:188} INFO - [2026-02-23T00:59:39.598+0000] {dag.py:3954} INFO - Setting next_dagrun for produce_json to 2026-02-22 14:00:00+00:00, run_after=2026-02-23 14:00:00+00:00
[2026-02-23T00:59:39.604+0000] {logging_mixin.py:188} INFO - [2026-02-23T00:59:39.603+0000] {dag.py:3954} INFO - Setting next_dagrun for update_db to 2026-02-22 15:00:00+00:00, run_after=2026-02-23 15:00:00+00:00
[2026-02-23T00:59:39.626+0000] {processor.py:183} INFO - Processing /opt/airflow/dags/main.py took 0.278 seconds
[2026-02-23T01:00:09.867+0000] {processor.py:161} INFO - Started process (PID=1873) to work on /opt/airflow/dags/main.py
[2026-02-23T01:00:09.868+0000] {processor.py:830} INFO - Processing file /opt/airflow/dags/main.py for tasks to queue
[2026-02-23T01:00:09.871+0000] {logging_mixin.py:188} INFO - [2026-02-23T01:00:09.871+0000] {dagbag.py:545} INFO - Filling up the DagBag from /opt/airflow/dags/main.py
[2026-02-23T01:00:10.055+0000] {processor.py:840} INFO - DAG(s) 'produce_json', 'update_db' retrieved from /opt/airflow/dags/main.py
[2026-02-23T01:00:10.086+0000] {logging_mixin.py:188} INFO - [2026-02-23T01:00:10.086+0000] {dag.py:3096} INFO - Sync 2 DAGs
[2026-02-23T01:00:10.108+0000] {logging_mixin.py:188} INFO - [2026-02-23T01:00:10.108+0000] {dag.py:3954} INFO - Setting next_dagrun for produce_json to 2026-02-22 14:00:00+00:00, run_after=2026-02-23 14:00:00+00:00
[2026-02-23T01:00:10.113+0000] {logging_mixin.py:188} INFO - [2026-02-23T01:00:10.113+0000] {dag.py:3954} INFO - Setting next_dagrun for update_db to 2026-02-22 15:00:00+00:00, run_after=2026-02-23 15:00:00+00:00
[2026-02-23T01:00:10.145+0000] {processor.py:183} INFO - Processing /opt/airflow/dags/main.py took 0.283 seconds
[2026-02-23T01:00:40.352+0000] {processor.py:161} INFO - Started process (PID=1880) to work on /opt/airflow/dags/main.py
[2026-02-23T01:00:40.354+0000] {processor.py:830} INFO - Processing file /opt/airflow/dags/main.py for tasks to queue
[2026-02-23T01:00:40.356+0000] {logging_mixin.py:188} INFO - [2026-02-23T01:00:40.356+0000] {dagbag.py:545} INFO - Filling up the DagBag from /opt/airflow/dags/main.py
[2026-02-23T01:00:40.607+0000] {processor.py:840} INFO - DAG(s) 'produce_json', 'update_db' retrieved from /opt/airflow/dags/main.py
[2026-02-23T01:00:40.649+0000] {logging_mixin.py:188} INFO - [2026-02-23T01:00:40.648+0000] {dag.py:3096} INFO - Sync 2 DAGs
[2026-02-23T01:00:40.682+0000] {logging_mixin.py:188} INFO - [2026-02-23T01:00:40.682+0000] {dag.py:3954} INFO - Setting next_dagrun for produce_json to 2026-02-22 14:00:00+00:00, run_after=2026-02-23 14:00:00+00:00
[2026-02-23T01:00:40.689+0000] {logging_mixin.py:188} INFO - [2026-02-23T01:00:40.689+0000] {dag.py:3954} INFO - Setting next_dagrun for update_db to 2026-02-22 15:00:00+00:00, run_after=2026-02-23 15:00:00+00:00
[2026-02-23T01:00:40.718+0000] {processor.py:183} INFO - Processing /opt/airflow/dags/main.py took 0.371 seconds
[2026-02-23T01:01:10.942+0000] {processor.py:161} INFO - Started process (PID=1887) to work on /opt/airflow/dags/main.py
[2026-02-23T01:01:10.944+0000] {processor.py:830} INFO - Processing file /opt/airflow/dags/main.py for tasks to queue
[2026-02-23T01:01:10.947+0000] {logging_mixin.py:188} INFO - [2026-02-23T01:01:10.946+0000] {dagbag.py:545} INFO - Filling up the DagBag from /opt/airflow/dags/main.py
[2026-02-23T01:01:11.063+0000] {processor.py:840} INFO - DAG(s) 'produce_json', 'update_db' retrieved from /opt/airflow/dags/main.py
[2026-02-23T01:01:11.097+0000] {logging_mixin.py:188} INFO - [2026-02-23T01:01:11.096+0000] {dag.py:3096} INFO - Sync 2 DAGs
[2026-02-23T01:01:11.124+0000] {logging_mixin.py:188} INFO - [2026-02-23T01:01:11.124+0000] {dag.py:3954} INFO - Setting next_dagrun for produce_json to 2026-02-22 14:00:00+00:00, run_after=2026-02-23 14:00:00+00:00
[2026-02-23T01:01:11.129+0000] {logging_mixin.py:188} INFO - [2026-02-23T01:01:11.129+0000] {dag.py:3954} INFO - Setting next_dagrun for update_db to 2026-02-22 15:00:00+00:00, run_after=2026-02-23 15:00:00+00:00
[2026-02-23T01:01:11.162+0000] {processor.py:183} INFO - Processing /opt/airflow/dags/main.py took 0.228 seconds
[2026-02-23T01:01:41.339+0000] {processor.py:161} INFO - Started process (PID=1894) to work on /opt/airflow/dags/main.py
[2026-02-23T01:01:41.341+0000] {processor.py:830} INFO - Processing file /opt/airflow/dags/main.py for tasks to queue
[2026-02-23T01:01:41.344+0000] {logging_mixin.py:188} INFO - [2026-02-23T01:01:41.343+0000] {dagbag.py:545} INFO - Filling up the DagBag from /opt/airflow/dags/main.py
[2026-02-23T01:01:41.476+0000] {processor.py:840} INFO - DAG(s) 'produce_json', 'update_db' retrieved from /opt/airflow/dags/main.py
[2026-02-23T01:01:41.512+0000] {logging_mixin.py:188} INFO - [2026-02-23T01:01:41.511+0000] {dag.py:3096} INFO - Sync 2 DAGs
[2026-02-23T01:01:41.539+0000] {logging_mixin.py:188} INFO - [2026-02-23T01:01:41.539+0000] {dag.py:3954} INFO - Setting next_dagrun for produce_json to 2026-02-22 14:00:00+00:00, run_after=2026-02-23 14:00:00+00:00
[2026-02-23T01:01:41.545+0000] {logging_mixin.py:188} INFO - [2026-02-23T01:01:41.545+0000] {dag.py:3954} INFO - Setting next_dagrun for update_db to 2026-02-22 15:00:00+00:00, run_after=2026-02-23 15:00:00+00:00
[2026-02-23T01:01:41.575+0000] {processor.py:183} INFO - Processing /opt/airflow/dags/main.py took 0.242 seconds
[2026-02-23T01:02:11.683+0000] {processor.py:161} INFO - Started process (PID=1901) to work on /opt/airflow/dags/main.py
[2026-02-23T01:02:11.684+0000] {processor.py:830} INFO - Processing file /opt/airflow/dags/main.py for tasks to queue
[2026-02-23T01:02:11.687+0000] {logging_mixin.py:188} INFO - [2026-02-23T01:02:11.686+0000] {dagbag.py:545} INFO - Filling up the DagBag from /opt/airflow/dags/main.py
[2026-02-23T01:02:11.835+0000] {processor.py:840} INFO - DAG(s) 'produce_json', 'update_db' retrieved from /opt/airflow/dags/main.py
[2026-02-23T01:02:11.869+0000] {logging_mixin.py:188} INFO - [2026-02-23T01:02:11.869+0000] {dag.py:3096} INFO - Sync 2 DAGs
[2026-02-23T01:02:11.892+0000] {logging_mixin.py:188} INFO - [2026-02-23T01:02:11.892+0000] {dag.py:3954} INFO - Setting next_dagrun for produce_json to 2026-02-22 14:00:00+00:00, run_after=2026-02-23 14:00:00+00:00
[2026-02-23T01:02:11.897+0000] {logging_mixin.py:188} INFO - [2026-02-23T01:02:11.897+0000] {dag.py:3954} INFO - Setting next_dagrun for update_db to 2026-02-22 15:00:00+00:00, run_after=2026-02-23 15:00:00+00:00
[2026-02-23T01:02:11.918+0000] {processor.py:183} INFO - Processing /opt/airflow/dags/main.py took 0.241 seconds
[2026-02-23T01:02:42.019+0000] {processor.py:161} INFO - Started process (PID=1908) to work on /opt/airflow/dags/main.py
[2026-02-23T01:02:42.020+0000] {processor.py:830} INFO - Processing file /opt/airflow/dags/main.py for tasks to queue
[2026-02-23T01:02:42.023+0000] {logging_mixin.py:188} INFO - [2026-02-23T01:02:42.022+0000] {dagbag.py:545} INFO - Filling up the DagBag from /opt/airflow/dags/main.py
[2026-02-23T01:02:42.198+0000] {processor.py:840} INFO - DAG(s) 'update_db', 'produce_json' retrieved from /opt/airflow/dags/main.py
[2026-02-23T01:02:42.243+0000] {logging_mixin.py:188} INFO - [2026-02-23T01:02:42.243+0000] {dag.py:3096} INFO - Sync 2 DAGs
[2026-02-23T01:02:42.266+0000] {logging_mixin.py:188} INFO - [2026-02-23T01:02:42.266+0000] {dag.py:3954} INFO - Setting next_dagrun for produce_json to 2026-02-22 14:00:00+00:00, run_after=2026-02-23 14:00:00+00:00
[2026-02-23T01:02:42.271+0000] {logging_mixin.py:188} INFO - [2026-02-23T01:02:42.271+0000] {dag.py:3954} INFO - Setting next_dagrun for update_db to 2026-02-22 15:00:00+00:00, run_after=2026-02-23 15:00:00+00:00
[2026-02-23T01:02:42.302+0000] {processor.py:183} INFO - Processing /opt/airflow/dags/main.py took 0.289 seconds
[2026-02-23T01:03:12.392+0000] {processor.py:161} INFO - Started process (PID=1915) to work on /opt/airflow/dags/main.py
[2026-02-23T01:03:12.393+0000] {processor.py:830} INFO - Processing file /opt/airflow/dags/main.py for tasks to queue
[2026-02-23T01:03:12.395+0000] {logging_mixin.py:188} INFO - [2026-02-23T01:03:12.395+0000] {dagbag.py:545} INFO - Filling up the DagBag from /opt/airflow/dags/main.py
[2026-02-23T01:03:12.528+0000] {processor.py:840} INFO - DAG(s) 'produce_json', 'update_db' retrieved from /opt/airflow/dags/main.py
[2026-02-23T01:03:12.560+0000] {logging_mixin.py:188} INFO - [2026-02-23T01:03:12.559+0000] {dag.py:3096} INFO - Sync 2 DAGs
[2026-02-23T01:03:12.581+0000] {logging_mixin.py:188} INFO - [2026-02-23T01:03:12.580+0000] {dag.py:3954} INFO - Setting next_dagrun for produce_json to 2026-02-22 14:00:00+00:00, run_after=2026-02-23 14:00:00+00:00
[2026-02-23T01:03:12.585+0000] {logging_mixin.py:188} INFO - [2026-02-23T01:03:12.585+0000] {dag.py:3954} INFO - Setting next_dagrun for update_db to 2026-02-22 15:00:00+00:00, run_after=2026-02-23 15:00:00+00:00
[2026-02-23T01:03:12.620+0000] {processor.py:183} INFO - Processing /opt/airflow/dags/main.py took 0.234 seconds
[2026-02-23T01:03:42.727+0000] {processor.py:161} INFO - Started process (PID=1922) to work on /opt/airflow/dags/main.py
[2026-02-23T01:03:42.729+0000] {processor.py:830} INFO - Processing file /opt/airflow/dags/main.py for tasks to queue
[2026-02-23T01:03:42.731+0000] {logging_mixin.py:188} INFO - [2026-02-23T01:03:42.731+0000] {dagbag.py:545} INFO - Filling up the DagBag from /opt/airflow/dags/main.py
[2026-02-23T01:03:42.881+0000] {processor.py:840} INFO - DAG(s) 'produce_json', 'update_db' retrieved from /opt/airflow/dags/main.py
[2026-02-23T01:03:42.917+0000] {logging_mixin.py:188} INFO - [2026-02-23T01:03:42.916+0000] {dag.py:3096} INFO - Sync 2 DAGs
[2026-02-23T01:03:42.942+0000] {logging_mixin.py:188} INFO - [2026-02-23T01:03:42.942+0000] {dag.py:3954} INFO - Setting next_dagrun for produce_json to 2026-02-22 14:00:00+00:00, run_after=2026-02-23 14:00:00+00:00
[2026-02-23T01:03:42.950+0000] {logging_mixin.py:188} INFO - [2026-02-23T01:03:42.950+0000] {dag.py:3954} INFO - Setting next_dagrun for update_db to 2026-02-22 15:00:00+00:00, run_after=2026-02-23 15:00:00+00:00
[2026-02-23T01:03:42.979+0000] {processor.py:183} INFO - Processing /opt/airflow/dags/main.py took 0.258 seconds
[2026-02-23T01:04:13.037+0000] {processor.py:161} INFO - Started process (PID=1929) to work on /opt/airflow/dags/main.py
[2026-02-23T01:04:13.039+0000] {processor.py:830} INFO - Processing file /opt/airflow/dags/main.py for tasks to queue
[2026-02-23T01:04:13.041+0000] {logging_mixin.py:188} INFO - [2026-02-23T01:04:13.041+0000] {dagbag.py:545} INFO - Filling up the DagBag from /opt/airflow/dags/main.py
[2026-02-23T01:04:13.156+0000] {processor.py:840} INFO - DAG(s) 'produce_json', 'update_db' retrieved from /opt/airflow/dags/main.py
[2026-02-23T01:04:13.185+0000] {logging_mixin.py:188} INFO - [2026-02-23T01:04:13.184+0000] {dag.py:3096} INFO - Sync 2 DAGs
[2026-02-23T01:04:13.211+0000] {logging_mixin.py:188} INFO - [2026-02-23T01:04:13.211+0000] {dag.py:3954} INFO - Setting next_dagrun for produce_json to 2026-02-22 14:00:00+00:00, run_after=2026-02-23 14:00:00+00:00
[2026-02-23T01:04:13.218+0000] {logging_mixin.py:188} INFO - [2026-02-23T01:04:13.218+0000] {dag.py:3954} INFO - Setting next_dagrun for update_db to 2026-02-22 15:00:00+00:00, run_after=2026-02-23 15:00:00+00:00
[2026-02-23T01:04:13.238+0000] {processor.py:183} INFO - Processing /opt/airflow/dags/main.py took 0.207 seconds
[2026-02-23T01:04:43.377+0000] {processor.py:161} INFO - Started process (PID=1936) to work on /opt/airflow/dags/main.py
[2026-02-23T01:04:43.379+0000] {processor.py:830} INFO - Processing file /opt/airflow/dags/main.py for tasks to queue
[2026-02-23T01:04:43.381+0000] {logging_mixin.py:188} INFO - [2026-02-23T01:04:43.381+0000] {dagbag.py:545} INFO - Filling up the DagBag from /opt/airflow/dags/main.py
[2026-02-23T01:04:43.518+0000] {processor.py:840} INFO - DAG(s) 'update_db', 'produce_json' retrieved from /opt/airflow/dags/main.py
[2026-02-23T01:04:43.551+0000] {logging_mixin.py:188} INFO - [2026-02-23T01:04:43.551+0000] {dag.py:3096} INFO - Sync 2 DAGs
[2026-02-23T01:04:43.578+0000] {logging_mixin.py:188} INFO - [2026-02-23T01:04:43.578+0000] {dag.py:3954} INFO - Setting next_dagrun for produce_json to 2026-02-22 14:00:00+00:00, run_after=2026-02-23 14:00:00+00:00
[2026-02-23T01:04:43.584+0000] {logging_mixin.py:188} INFO - [2026-02-23T01:04:43.584+0000] {dag.py:3954} INFO - Setting next_dagrun for update_db to 2026-02-22 15:00:00+00:00, run_after=2026-02-23 15:00:00+00:00
[2026-02-23T01:04:43.614+0000] {processor.py:183} INFO - Processing /opt/airflow/dags/main.py took 0.243 seconds
[2026-02-23T01:05:13.845+0000] {processor.py:161} INFO - Started process (PID=1943) to work on /opt/airflow/dags/main.py
[2026-02-23T01:05:13.846+0000] {processor.py:830} INFO - Processing file /opt/airflow/dags/main.py for tasks to queue
[2026-02-23T01:05:13.848+0000] {logging_mixin.py:188} INFO - [2026-02-23T01:05:13.848+0000] {dagbag.py:545} INFO - Filling up the DagBag from /opt/airflow/dags/main.py
[2026-02-23T01:05:13.992+0000] {processor.py:840} INFO - DAG(s) 'update_db', 'produce_json' retrieved from /opt/airflow/dags/main.py
[2026-02-23T01:05:14.035+0000] {logging_mixin.py:188} INFO - [2026-02-23T01:05:14.034+0000] {dag.py:3096} INFO - Sync 2 DAGs
[2026-02-23T01:05:14.067+0000] {logging_mixin.py:188} INFO - [2026-02-23T01:05:14.067+0000] {dag.py:3954} INFO - Setting next_dagrun for produce_json to 2026-02-22 14:00:00+00:00, run_after=2026-02-23 14:00:00+00:00
[2026-02-23T01:05:14.074+0000] {logging_mixin.py:188} INFO - [2026-02-23T01:05:14.074+0000] {dag.py:3954} INFO - Setting next_dagrun for update_db to 2026-02-22 15:00:00+00:00, run_after=2026-02-23 15:00:00+00:00
[2026-02-23T01:05:14.111+0000] {processor.py:183} INFO - Processing /opt/airflow/dags/main.py took 0.273 seconds
[2026-02-23T01:05:44.329+0000] {processor.py:161} INFO - Started process (PID=1950) to work on /opt/airflow/dags/main.py
[2026-02-23T01:05:44.330+0000] {processor.py:830} INFO - Processing file /opt/airflow/dags/main.py for tasks to queue
[2026-02-23T01:05:44.332+0000] {logging_mixin.py:188} INFO - [2026-02-23T01:05:44.332+0000] {dagbag.py:545} INFO - Filling up the DagBag from /opt/airflow/dags/main.py
[2026-02-23T01:05:44.465+0000] {processor.py:840} INFO - DAG(s) 'update_db', 'produce_json' retrieved from /opt/airflow/dags/main.py
[2026-02-23T01:05:44.518+0000] {logging_mixin.py:188} INFO - [2026-02-23T01:05:44.518+0000] {dag.py:3096} INFO - Sync 2 DAGs
[2026-02-23T01:05:44.556+0000] {logging_mixin.py:188} INFO - [2026-02-23T01:05:44.556+0000] {dag.py:3954} INFO - Setting next_dagrun for produce_json to 2026-02-22 14:00:00+00:00, run_after=2026-02-23 14:00:00+00:00
[2026-02-23T01:05:44.564+0000] {logging_mixin.py:188} INFO - [2026-02-23T01:05:44.564+0000] {dag.py:3954} INFO - Setting next_dagrun for update_db to 2026-02-22 15:00:00+00:00, run_after=2026-02-23 15:00:00+00:00
[2026-02-23T01:05:44.588+0000] {processor.py:183} INFO - Processing /opt/airflow/dags/main.py took 0.267 seconds
[2026-02-23T01:06:14.799+0000] {processor.py:161} INFO - Started process (PID=1957) to work on /opt/airflow/dags/main.py
[2026-02-23T01:06:14.800+0000] {processor.py:830} INFO - Processing file /opt/airflow/dags/main.py for tasks to queue
[2026-02-23T01:06:14.804+0000] {logging_mixin.py:188} INFO - [2026-02-23T01:06:14.804+0000] {dagbag.py:545} INFO - Filling up the DagBag from /opt/airflow/dags/main.py
[2026-02-23T01:06:14.936+0000] {processor.py:840} INFO - DAG(s) 'produce_json', 'update_db' retrieved from /opt/airflow/dags/main.py
[2026-02-23T01:06:14.981+0000] {logging_mixin.py:188} INFO - [2026-02-23T01:06:14.980+0000] {dag.py:3096} INFO - Sync 2 DAGs
[2026-02-23T01:06:15.012+0000] {logging_mixin.py:188} INFO - [2026-02-23T01:06:15.012+0000] {dag.py:3954} INFO - Setting next_dagrun for produce_json to 2026-02-22 14:00:00+00:00, run_after=2026-02-23 14:00:00+00:00
[2026-02-23T01:06:15.021+0000] {logging_mixin.py:188} INFO - [2026-02-23T01:06:15.020+0000] {dag.py:3954} INFO - Setting next_dagrun for update_db to 2026-02-22 15:00:00+00:00, run_after=2026-02-23 15:00:00+00:00
[2026-02-23T01:06:15.048+0000] {processor.py:183} INFO - Processing /opt/airflow/dags/main.py took 0.257 seconds
[2026-02-23T01:06:45.298+0000] {processor.py:161} INFO - Started process (PID=1964) to work on /opt/airflow/dags/main.py
[2026-02-23T01:06:45.300+0000] {processor.py:830} INFO - Processing file /opt/airflow/dags/main.py for tasks to queue
[2026-02-23T01:06:45.302+0000] {logging_mixin.py:188} INFO - [2026-02-23T01:06:45.302+0000] {dagbag.py:545} INFO - Filling up the DagBag from /opt/airflow/dags/main.py
[2026-02-23T01:06:45.449+0000] {processor.py:840} INFO - DAG(s) 'update_db', 'produce_json' retrieved from /opt/airflow/dags/main.py
[2026-02-23T01:06:45.497+0000] {logging_mixin.py:188} INFO - [2026-02-23T01:06:45.497+0000] {dag.py:3096} INFO - Sync 2 DAGs
[2026-02-23T01:06:45.527+0000] {logging_mixin.py:188} INFO - [2026-02-23T01:06:45.527+0000] {dag.py:3954} INFO - Setting next_dagrun for produce_json to 2026-02-22 14:00:00+00:00, run_after=2026-02-23 14:00:00+00:00
[2026-02-23T01:06:45.533+0000] {logging_mixin.py:188} INFO - [2026-02-23T01:06:45.532+0000] {dag.py:3954} INFO - Setting next_dagrun for update_db to 2026-02-22 15:00:00+00:00, run_after=2026-02-23 15:00:00+00:00
[2026-02-23T01:06:45.570+0000] {processor.py:183} INFO - Processing /opt/airflow/dags/main.py took 0.277 seconds
[2026-02-23T01:07:15.925+0000] {processor.py:161} INFO - Started process (PID=1971) to work on /opt/airflow/dags/main.py
[2026-02-23T01:07:15.926+0000] {processor.py:830} INFO - Processing file /opt/airflow/dags/main.py for tasks to queue
[2026-02-23T01:07:15.929+0000] {logging_mixin.py:188} INFO - [2026-02-23T01:07:15.928+0000] {dagbag.py:545} INFO - Filling up the DagBag from /opt/airflow/dags/main.py
[2026-02-23T01:07:16.062+0000] {processor.py:840} INFO - DAG(s) 'produce_json', 'update_db' retrieved from /opt/airflow/dags/main.py
[2026-02-23T01:07:16.101+0000] {logging_mixin.py:188} INFO - [2026-02-23T01:07:16.100+0000] {dag.py:3096} INFO - Sync 2 DAGs
[2026-02-23T01:07:16.131+0000] {logging_mixin.py:188} INFO - [2026-02-23T01:07:16.130+0000] {dag.py:3954} INFO - Setting next_dagrun for produce_json to 2026-02-22 14:00:00+00:00, run_after=2026-02-23 14:00:00+00:00
[2026-02-23T01:07:16.137+0000] {logging_mixin.py:188} INFO - [2026-02-23T01:07:16.137+0000] {dag.py:3954} INFO - Setting next_dagrun for update_db to 2026-02-22 15:00:00+00:00, run_after=2026-02-23 15:00:00+00:00
[2026-02-23T01:07:16.163+0000] {processor.py:183} INFO - Processing /opt/airflow/dags/main.py took 0.243 seconds
[2026-02-23T01:07:46.398+0000] {processor.py:161} INFO - Started process (PID=1978) to work on /opt/airflow/dags/main.py
[2026-02-23T01:07:46.399+0000] {processor.py:830} INFO - Processing file /opt/airflow/dags/main.py for tasks to queue
[2026-02-23T01:07:46.402+0000] {logging_mixin.py:188} INFO - [2026-02-23T01:07:46.402+0000] {dagbag.py:545} INFO - Filling up the DagBag from /opt/airflow/dags/main.py
[2026-02-23T01:07:46.546+0000] {processor.py:840} INFO - DAG(s) 'update_db', 'produce_json' retrieved from /opt/airflow/dags/main.py
[2026-02-23T01:07:46.582+0000] {logging_mixin.py:188} INFO - [2026-02-23T01:07:46.582+0000] {dag.py:3096} INFO - Sync 2 DAGs
[2026-02-23T01:07:46.611+0000] {logging_mixin.py:188} INFO - [2026-02-23T01:07:46.611+0000] {dag.py:3954} INFO - Setting next_dagrun for produce_json to 2026-02-22 14:00:00+00:00, run_after=2026-02-23 14:00:00+00:00
[2026-02-23T01:07:46.619+0000] {logging_mixin.py:188} INFO - [2026-02-23T01:07:46.619+0000] {dag.py:3954} INFO - Setting next_dagrun for update_db to 2026-02-22 15:00:00+00:00, run_after=2026-02-23 15:00:00+00:00
[2026-02-23T01:07:46.653+0000] {processor.py:183} INFO - Processing /opt/airflow/dags/main.py took 0.261 seconds
[2026-02-23T01:08:16.893+0000] {processor.py:161} INFO - Started process (PID=1985) to work on /opt/airflow/dags/main.py
[2026-02-23T01:08:16.895+0000] {processor.py:830} INFO - Processing file /opt/airflow/dags/main.py for tasks to queue
[2026-02-23T01:08:16.901+0000] {logging_mixin.py:188} INFO - [2026-02-23T01:08:16.898+0000] {dagbag.py:545} INFO - Filling up the DagBag from /opt/airflow/dags/main.py
[2026-02-23T01:08:17.027+0000] {processor.py:840} INFO - DAG(s) 'produce_json', 'update_db' retrieved from /opt/airflow/dags/main.py
[2026-02-23T01:08:17.060+0000] {logging_mixin.py:188} INFO - [2026-02-23T01:08:17.059+0000] {dag.py:3096} INFO - Sync 2 DAGs
[2026-02-23T01:08:17.087+0000] {logging_mixin.py:188} INFO - [2026-02-23T01:08:17.087+0000] {dag.py:3954} INFO - Setting next_dagrun for produce_json to 2026-02-22 14:00:00+00:00, run_after=2026-02-23 14:00:00+00:00
[2026-02-23T01:08:17.093+0000] {logging_mixin.py:188} INFO - [2026-02-23T01:08:17.092+0000] {dag.py:3954} INFO - Setting next_dagrun for update_db to 2026-02-22 15:00:00+00:00, run_after=2026-02-23 15:00:00+00:00
[2026-02-23T01:08:17.113+0000] {processor.py:183} INFO - Processing /opt/airflow/dags/main.py took 0.226 seconds
[2026-02-23T01:08:47.303+0000] {processor.py:161} INFO - Started process (PID=1992) to work on /opt/airflow/dags/main.py
[2026-02-23T01:08:47.304+0000] {processor.py:830} INFO - Processing file /opt/airflow/dags/main.py for tasks to queue
[2026-02-23T01:08:47.306+0000] {logging_mixin.py:188} INFO - [2026-02-23T01:08:47.306+0000] {dagbag.py:545} INFO - Filling up the DagBag from /opt/airflow/dags/main.py
[2026-02-23T01:08:47.407+0000] {processor.py:840} INFO - DAG(s) 'update_db', 'produce_json' retrieved from /opt/airflow/dags/main.py
[2026-02-23T01:08:47.448+0000] {logging_mixin.py:188} INFO - [2026-02-23T01:08:47.448+0000] {dag.py:3096} INFO - Sync 2 DAGs
[2026-02-23T01:08:47.475+0000] {logging_mixin.py:188} INFO - [2026-02-23T01:08:47.475+0000] {dag.py:3954} INFO - Setting next_dagrun for produce_json to 2026-02-22 14:00:00+00:00, run_after=2026-02-23 14:00:00+00:00
[2026-02-23T01:08:47.480+0000] {logging_mixin.py:188} INFO - [2026-02-23T01:08:47.480+0000] {dag.py:3954} INFO - Setting next_dagrun for update_db to 2026-02-22 15:00:00+00:00, run_after=2026-02-23 15:00:00+00:00
[2026-02-23T01:08:47.513+0000] {processor.py:183} INFO - Processing /opt/airflow/dags/main.py took 0.215 seconds
[2026-02-23T01:09:17.757+0000] {processor.py:161} INFO - Started process (PID=1999) to work on /opt/airflow/dags/main.py
[2026-02-23T01:09:17.758+0000] {processor.py:830} INFO - Processing file /opt/airflow/dags/main.py for tasks to queue
[2026-02-23T01:09:17.761+0000] {logging_mixin.py:188} INFO - [2026-02-23T01:09:17.761+0000] {dagbag.py:545} INFO - Filling up the DagBag from /opt/airflow/dags/main.py
[2026-02-23T01:09:17.925+0000] {processor.py:840} INFO - DAG(s) 'update_db', 'produce_json' retrieved from /opt/airflow/dags/main.py
[2026-02-23T01:09:17.961+0000] {logging_mixin.py:188} INFO - [2026-02-23T01:09:17.961+0000] {dag.py:3096} INFO - Sync 2 DAGs
[2026-02-23T01:09:18.002+0000] {logging_mixin.py:188} INFO - [2026-02-23T01:09:18.002+0000] {dag.py:3954} INFO - Setting next_dagrun for produce_json to 2026-02-22 14:00:00+00:00, run_after=2026-02-23 14:00:00+00:00
[2026-02-23T01:09:18.011+0000] {logging_mixin.py:188} INFO - [2026-02-23T01:09:18.011+0000] {dag.py:3954} INFO - Setting next_dagrun for update_db to 2026-02-22 15:00:00+00:00, run_after=2026-02-23 15:00:00+00:00
[2026-02-23T01:09:18.036+0000] {processor.py:183} INFO - Processing /opt/airflow/dags/main.py took 0.285 seconds
[2026-02-23T01:09:48.275+0000] {processor.py:161} INFO - Started process (PID=2006) to work on /opt/airflow/dags/main.py
[2026-02-23T01:09:48.277+0000] {processor.py:830} INFO - Processing file /opt/airflow/dags/main.py for tasks to queue
[2026-02-23T01:09:48.280+0000] {logging_mixin.py:188} INFO - [2026-02-23T01:09:48.280+0000] {dagbag.py:545} INFO - Filling up the DagBag from /opt/airflow/dags/main.py
[2026-02-23T01:09:48.454+0000] {processor.py:840} INFO - DAG(s) 'update_db', 'produce_json' retrieved from /opt/airflow/dags/main.py
[2026-02-23T01:09:48.497+0000] {logging_mixin.py:188} INFO - [2026-02-23T01:09:48.496+0000] {dag.py:3096} INFO - Sync 2 DAGs
[2026-02-23T01:09:48.528+0000] {logging_mixin.py:188} INFO - [2026-02-23T01:09:48.528+0000] {dag.py:3954} INFO - Setting next_dagrun for produce_json to 2026-02-22 14:00:00+00:00, run_after=2026-02-23 14:00:00+00:00
[2026-02-23T01:09:48.535+0000] {logging_mixin.py:188} INFO - [2026-02-23T01:09:48.534+0000] {dag.py:3954} INFO - Setting next_dagrun for update_db to 2026-02-22 15:00:00+00:00, run_after=2026-02-23 15:00:00+00:00
[2026-02-23T01:09:48.560+0000] {processor.py:183} INFO - Processing /opt/airflow/dags/main.py took 0.297 seconds
[2026-02-23T01:10:18.769+0000] {processor.py:161} INFO - Started process (PID=2013) to work on /opt/airflow/dags/main.py
[2026-02-23T01:10:18.770+0000] {processor.py:830} INFO - Processing file /opt/airflow/dags/main.py for tasks to queue
[2026-02-23T01:10:18.772+0000] {logging_mixin.py:188} INFO - [2026-02-23T01:10:18.772+0000] {dagbag.py:545} INFO - Filling up the DagBag from /opt/airflow/dags/main.py
[2026-02-23T01:10:18.909+0000] {processor.py:840} INFO - DAG(s) 'update_db', 'produce_json' retrieved from /opt/airflow/dags/main.py
[2026-02-23T01:10:18.947+0000] {logging_mixin.py:188} INFO - [2026-02-23T01:10:18.947+0000] {dag.py:3096} INFO - Sync 2 DAGs
[2026-02-23T01:10:18.972+0000] {logging_mixin.py:188} INFO - [2026-02-23T01:10:18.972+0000] {dag.py:3954} INFO - Setting next_dagrun for produce_json to 2026-02-22 14:00:00+00:00, run_after=2026-02-23 14:00:00+00:00
[2026-02-23T01:10:18.978+0000] {logging_mixin.py:188} INFO - [2026-02-23T01:10:18.978+0000] {dag.py:3954} INFO - Setting next_dagrun for update_db to 2026-02-22 15:00:00+00:00, run_after=2026-02-23 15:00:00+00:00
[2026-02-23T01:10:19.003+0000] {processor.py:183} INFO - Processing /opt/airflow/dags/main.py took 0.239 seconds
[2026-02-23T01:10:49.218+0000] {processor.py:161} INFO - Started process (PID=2020) to work on /opt/airflow/dags/main.py
[2026-02-23T01:10:49.219+0000] {processor.py:830} INFO - Processing file /opt/airflow/dags/main.py for tasks to queue
[2026-02-23T01:10:49.221+0000] {logging_mixin.py:188} INFO - [2026-02-23T01:10:49.221+0000] {dagbag.py:545} INFO - Filling up the DagBag from /opt/airflow/dags/main.py
[2026-02-23T01:10:49.355+0000] {processor.py:840} INFO - DAG(s) 'update_db', 'produce_json' retrieved from /opt/airflow/dags/main.py
[2026-02-23T01:10:49.392+0000] {logging_mixin.py:188} INFO - [2026-02-23T01:10:49.392+0000] {dag.py:3096} INFO - Sync 2 DAGs
[2026-02-23T01:10:49.419+0000] {logging_mixin.py:188} INFO - [2026-02-23T01:10:49.419+0000] {dag.py:3954} INFO - Setting next_dagrun for produce_json to 2026-02-22 14:00:00+00:00, run_after=2026-02-23 14:00:00+00:00
[2026-02-23T01:10:49.425+0000] {logging_mixin.py:188} INFO - [2026-02-23T01:10:49.424+0000] {dag.py:3954} INFO - Setting next_dagrun for update_db to 2026-02-22 15:00:00+00:00, run_after=2026-02-23 15:00:00+00:00
[2026-02-23T01:10:49.447+0000] {processor.py:183} INFO - Processing /opt/airflow/dags/main.py took 0.237 seconds
[2026-02-23T01:11:19.653+0000] {processor.py:161} INFO - Started process (PID=2027) to work on /opt/airflow/dags/main.py
[2026-02-23T01:11:19.655+0000] {processor.py:830} INFO - Processing file /opt/airflow/dags/main.py for tasks to queue
[2026-02-23T01:11:19.657+0000] {logging_mixin.py:188} INFO - [2026-02-23T01:11:19.657+0000] {dagbag.py:545} INFO - Filling up the DagBag from /opt/airflow/dags/main.py
[2026-02-23T01:11:19.762+0000] {processor.py:840} INFO - DAG(s) 'produce_json', 'update_db' retrieved from /opt/airflow/dags/main.py
[2026-02-23T01:11:19.800+0000] {logging_mixin.py:188} INFO - [2026-02-23T01:11:19.800+0000] {dag.py:3096} INFO - Sync 2 DAGs
[2026-02-23T01:11:19.824+0000] {logging_mixin.py:188} INFO - [2026-02-23T01:11:19.824+0000] {dag.py:3954} INFO - Setting next_dagrun for produce_json to 2026-02-22 14:00:00+00:00, run_after=2026-02-23 14:00:00+00:00
[2026-02-23T01:11:19.830+0000] {logging_mixin.py:188} INFO - [2026-02-23T01:11:19.830+0000] {dag.py:3954} INFO - Setting next_dagrun for update_db to 2026-02-22 15:00:00+00:00, run_after=2026-02-23 15:00:00+00:00
[2026-02-23T01:11:19.856+0000] {processor.py:183} INFO - Processing /opt/airflow/dags/main.py took 0.210 seconds
[2026-02-23T01:11:50.067+0000] {processor.py:161} INFO - Started process (PID=2034) to work on /opt/airflow/dags/main.py
[2026-02-23T01:11:50.068+0000] {processor.py:830} INFO - Processing file /opt/airflow/dags/main.py for tasks to queue
[2026-02-23T01:11:50.072+0000] {logging_mixin.py:188} INFO - [2026-02-23T01:11:50.071+0000] {dagbag.py:545} INFO - Filling up the DagBag from /opt/airflow/dags/main.py
[2026-02-23T01:11:50.196+0000] {processor.py:840} INFO - DAG(s) 'update_db', 'produce_json' retrieved from /opt/airflow/dags/main.py
[2026-02-23T01:11:50.234+0000] {logging_mixin.py:188} INFO - [2026-02-23T01:11:50.234+0000] {dag.py:3096} INFO - Sync 2 DAGs
[2026-02-23T01:11:50.258+0000] {logging_mixin.py:188} INFO - [2026-02-23T01:11:50.258+0000] {dag.py:3954} INFO - Setting next_dagrun for produce_json to 2026-02-22 14:00:00+00:00, run_after=2026-02-23 14:00:00+00:00
[2026-02-23T01:11:50.263+0000] {logging_mixin.py:188} INFO - [2026-02-23T01:11:50.263+0000] {dag.py:3954} INFO - Setting next_dagrun for update_db to 2026-02-22 15:00:00+00:00, run_after=2026-02-23 15:00:00+00:00
[2026-02-23T01:11:50.295+0000] {processor.py:183} INFO - Processing /opt/airflow/dags/main.py took 0.235 seconds
[2026-02-23T01:12:20.431+0000] {processor.py:161} INFO - Started process (PID=2041) to work on /opt/airflow/dags/main.py
[2026-02-23T01:12:20.432+0000] {processor.py:830} INFO - Processing file /opt/airflow/dags/main.py for tasks to queue
[2026-02-23T01:12:20.436+0000] {logging_mixin.py:188} INFO - [2026-02-23T01:12:20.435+0000] {dagbag.py:545} INFO - Filling up the DagBag from /opt/airflow/dags/main.py
[2026-02-23T01:12:20.630+0000] {processor.py:840} INFO - DAG(s) 'update_db', 'produce_json' retrieved from /opt/airflow/dags/main.py
[2026-02-23T01:12:20.685+0000] {logging_mixin.py:188} INFO - [2026-02-23T01:12:20.685+0000] {dag.py:3096} INFO - Sync 2 DAGs
[2026-02-23T01:12:20.725+0000] {logging_mixin.py:188} INFO - [2026-02-23T01:12:20.724+0000] {dag.py:3954} INFO - Setting next_dagrun for produce_json to 2026-02-22 14:00:00+00:00, run_after=2026-02-23 14:00:00+00:00
[2026-02-23T01:12:20.741+0000] {logging_mixin.py:188} INFO - [2026-02-23T01:12:20.741+0000] {dag.py:3954} INFO - Setting next_dagrun for update_db to 2026-02-22 15:00:00+00:00, run_after=2026-02-23 15:00:00+00:00
[2026-02-23T01:12:20.778+0000] {processor.py:183} INFO - Processing /opt/airflow/dags/main.py took 0.353 seconds
[2026-02-23T01:12:51.021+0000] {processor.py:161} INFO - Started process (PID=2048) to work on /opt/airflow/dags/main.py
[2026-02-23T01:12:51.023+0000] {processor.py:830} INFO - Processing file /opt/airflow/dags/main.py for tasks to queue
[2026-02-23T01:12:51.026+0000] {logging_mixin.py:188} INFO - [2026-02-23T01:12:51.026+0000] {dagbag.py:545} INFO - Filling up the DagBag from /opt/airflow/dags/main.py
[2026-02-23T01:12:51.174+0000] {processor.py:840} INFO - DAG(s) 'produce_json', 'update_db' retrieved from /opt/airflow/dags/main.py
[2026-02-23T01:12:51.213+0000] {logging_mixin.py:188} INFO - [2026-02-23T01:12:51.213+0000] {dag.py:3096} INFO - Sync 2 DAGs
[2026-02-23T01:12:51.242+0000] {logging_mixin.py:188} INFO - [2026-02-23T01:12:51.242+0000] {dag.py:3954} INFO - Setting next_dagrun for produce_json to 2026-02-22 14:00:00+00:00, run_after=2026-02-23 14:00:00+00:00
[2026-02-23T01:12:51.250+0000] {logging_mixin.py:188} INFO - [2026-02-23T01:12:51.250+0000] {dag.py:3954} INFO - Setting next_dagrun for update_db to 2026-02-22 15:00:00+00:00, run_after=2026-02-23 15:00:00+00:00
[2026-02-23T01:12:51.276+0000] {processor.py:183} INFO - Processing /opt/airflow/dags/main.py took 0.263 seconds
[2026-02-23T01:13:21.507+0000] {processor.py:161} INFO - Started process (PID=2055) to work on /opt/airflow/dags/main.py
[2026-02-23T01:13:21.508+0000] {processor.py:830} INFO - Processing file /opt/airflow/dags/main.py for tasks to queue
[2026-02-23T01:13:21.511+0000] {logging_mixin.py:188} INFO - [2026-02-23T01:13:21.510+0000] {dagbag.py:545} INFO - Filling up the DagBag from /opt/airflow/dags/main.py
[2026-02-23T01:13:21.621+0000] {processor.py:840} INFO - DAG(s) 'produce_json', 'update_db' retrieved from /opt/airflow/dags/main.py
[2026-02-23T01:13:21.654+0000] {logging_mixin.py:188} INFO - [2026-02-23T01:13:21.653+0000] {dag.py:3096} INFO - Sync 2 DAGs
[2026-02-23T01:13:21.678+0000] {logging_mixin.py:188} INFO - [2026-02-23T01:13:21.678+0000] {dag.py:3954} INFO - Setting next_dagrun for produce_json to 2026-02-22 14:00:00+00:00, run_after=2026-02-23 14:00:00+00:00
[2026-02-23T01:13:21.684+0000] {logging_mixin.py:188} INFO - [2026-02-23T01:13:21.683+0000] {dag.py:3954} INFO - Setting next_dagrun for update_db to 2026-02-22 15:00:00+00:00, run_after=2026-02-23 15:00:00+00:00
[2026-02-23T01:13:21.716+0000] {processor.py:183} INFO - Processing /opt/airflow/dags/main.py took 0.215 seconds
[2026-02-23T01:13:51.944+0000] {processor.py:161} INFO - Started process (PID=2062) to work on /opt/airflow/dags/main.py
[2026-02-23T01:13:51.945+0000] {processor.py:830} INFO - Processing file /opt/airflow/dags/main.py for tasks to queue
[2026-02-23T01:13:51.947+0000] {logging_mixin.py:188} INFO - [2026-02-23T01:13:51.946+0000] {dagbag.py:545} INFO - Filling up the DagBag from /opt/airflow/dags/main.py
[2026-02-23T01:13:52.055+0000] {processor.py:840} INFO - DAG(s) 'update_db', 'produce_json' retrieved from /opt/airflow/dags/main.py
[2026-02-23T01:13:52.092+0000] {logging_mixin.py:188} INFO - [2026-02-23T01:13:52.092+0000] {dag.py:3096} INFO - Sync 2 DAGs
[2026-02-23T01:13:52.135+0000] {logging_mixin.py:188} INFO - [2026-02-23T01:13:52.135+0000] {dag.py:3954} INFO - Setting next_dagrun for produce_json to 2026-02-22 14:00:00+00:00, run_after=2026-02-23 14:00:00+00:00
[2026-02-23T01:13:52.143+0000] {logging_mixin.py:188} INFO - [2026-02-23T01:13:52.142+0000] {dag.py:3954} INFO - Setting next_dagrun for update_db to 2026-02-22 15:00:00+00:00, run_after=2026-02-23 15:00:00+00:00
[2026-02-23T01:13:52.174+0000] {processor.py:183} INFO - Processing /opt/airflow/dags/main.py took 0.237 seconds
[2026-02-23T01:14:22.402+0000] {processor.py:161} INFO - Started process (PID=2069) to work on /opt/airflow/dags/main.py
[2026-02-23T01:14:22.403+0000] {processor.py:830} INFO - Processing file /opt/airflow/dags/main.py for tasks to queue
[2026-02-23T01:14:22.406+0000] {logging_mixin.py:188} INFO - [2026-02-23T01:14:22.405+0000] {dagbag.py:545} INFO - Filling up the DagBag from /opt/airflow/dags/main.py
[2026-02-23T01:14:22.593+0000] {processor.py:840} INFO - DAG(s) 'produce_json', 'update_db' retrieved from /opt/airflow/dags/main.py
[2026-02-23T01:14:22.630+0000] {logging_mixin.py:188} INFO - [2026-02-23T01:14:22.629+0000] {dag.py:3096} INFO - Sync 2 DAGs
[2026-02-23T01:14:22.651+0000] {logging_mixin.py:188} INFO - [2026-02-23T01:14:22.651+0000] {dag.py:3954} INFO - Setting next_dagrun for produce_json to 2026-02-22 14:00:00+00:00, run_after=2026-02-23 14:00:00+00:00
[2026-02-23T01:14:22.659+0000] {logging_mixin.py:188} INFO - [2026-02-23T01:14:22.659+0000] {dag.py:3954} INFO - Setting next_dagrun for update_db to 2026-02-22 15:00:00+00:00, run_after=2026-02-23 15:00:00+00:00
[2026-02-23T01:14:22.682+0000] {processor.py:183} INFO - Processing /opt/airflow/dags/main.py took 0.286 seconds
[2026-02-23T01:14:52.919+0000] {processor.py:161} INFO - Started process (PID=2077) to work on /opt/airflow/dags/main.py
[2026-02-23T01:14:52.922+0000] {processor.py:830} INFO - Processing file /opt/airflow/dags/main.py for tasks to queue
[2026-02-23T01:14:52.924+0000] {logging_mixin.py:188} INFO - [2026-02-23T01:14:52.924+0000] {dagbag.py:545} INFO - Filling up the DagBag from /opt/airflow/dags/main.py
[2026-02-23T01:14:53.062+0000] {processor.py:840} INFO - DAG(s) 'update_db', 'produce_json' retrieved from /opt/airflow/dags/main.py
[2026-02-23T01:14:53.098+0000] {logging_mixin.py:188} INFO - [2026-02-23T01:14:53.097+0000] {dag.py:3096} INFO - Sync 2 DAGs
[2026-02-23T01:14:53.126+0000] {logging_mixin.py:188} INFO - [2026-02-23T01:14:53.126+0000] {dag.py:3954} INFO - Setting next_dagrun for produce_json to 2026-02-22 14:00:00+00:00, run_after=2026-02-23 14:00:00+00:00
[2026-02-23T01:14:53.132+0000] {logging_mixin.py:188} INFO - [2026-02-23T01:14:53.132+0000] {dag.py:3954} INFO - Setting next_dagrun for update_db to 2026-02-22 15:00:00+00:00, run_after=2026-02-23 15:00:00+00:00
[2026-02-23T01:14:53.170+0000] {processor.py:183} INFO - Processing /opt/airflow/dags/main.py took 0.257 seconds
[2026-02-23T01:15:23.396+0000] {processor.py:161} INFO - Started process (PID=2084) to work on /opt/airflow/dags/main.py
[2026-02-23T01:15:23.397+0000] {processor.py:830} INFO - Processing file /opt/airflow/dags/main.py for tasks to queue
[2026-02-23T01:15:23.400+0000] {logging_mixin.py:188} INFO - [2026-02-23T01:15:23.400+0000] {dagbag.py:545} INFO - Filling up the DagBag from /opt/airflow/dags/main.py
[2026-02-23T01:15:23.505+0000] {processor.py:840} INFO - DAG(s) 'update_db', 'produce_json' retrieved from /opt/airflow/dags/main.py
[2026-02-23T01:15:23.535+0000] {logging_mixin.py:188} INFO - [2026-02-23T01:15:23.534+0000] {dag.py:3096} INFO - Sync 2 DAGs
[2026-02-23T01:15:23.558+0000] {logging_mixin.py:188} INFO - [2026-02-23T01:15:23.558+0000] {dag.py:3954} INFO - Setting next_dagrun for produce_json to 2026-02-22 14:00:00+00:00, run_after=2026-02-23 14:00:00+00:00
[2026-02-23T01:15:23.563+0000] {logging_mixin.py:188} INFO - [2026-02-23T01:15:23.563+0000] {dag.py:3954} INFO - Setting next_dagrun for update_db to 2026-02-22 15:00:00+00:00, run_after=2026-02-23 15:00:00+00:00
[2026-02-23T01:15:23.581+0000] {processor.py:183} INFO - Processing /opt/airflow/dags/main.py took 0.193 seconds
[2026-02-23T01:15:53.821+0000] {processor.py:161} INFO - Started process (PID=2091) to work on /opt/airflow/dags/main.py
[2026-02-23T01:15:53.823+0000] {processor.py:830} INFO - Processing file /opt/airflow/dags/main.py for tasks to queue
[2026-02-23T01:15:53.825+0000] {logging_mixin.py:188} INFO - [2026-02-23T01:15:53.825+0000] {dagbag.py:545} INFO - Filling up the DagBag from /opt/airflow/dags/main.py
[2026-02-23T01:15:53.958+0000] {processor.py:840} INFO - DAG(s) 'produce_json', 'update_db' retrieved from /opt/airflow/dags/main.py
[2026-02-23T01:15:53.996+0000] {logging_mixin.py:188} INFO - [2026-02-23T01:15:53.996+0000] {dag.py:3096} INFO - Sync 2 DAGs
[2026-02-23T01:15:54.028+0000] {logging_mixin.py:188} INFO - [2026-02-23T01:15:54.027+0000] {dag.py:3954} INFO - Setting next_dagrun for produce_json to 2026-02-22 14:00:00+00:00, run_after=2026-02-23 14:00:00+00:00
[2026-02-23T01:15:54.035+0000] {logging_mixin.py:188} INFO - [2026-02-23T01:15:54.035+0000] {dag.py:3954} INFO - Setting next_dagrun for update_db to 2026-02-22 15:00:00+00:00, run_after=2026-02-23 15:00:00+00:00
[2026-02-23T01:15:54.060+0000] {processor.py:183} INFO - Processing /opt/airflow/dags/main.py took 0.245 seconds
[2026-02-23T01:16:24.360+0000] {processor.py:161} INFO - Started process (PID=2098) to work on /opt/airflow/dags/main.py
[2026-02-23T01:16:24.362+0000] {processor.py:830} INFO - Processing file /opt/airflow/dags/main.py for tasks to queue
[2026-02-23T01:16:24.364+0000] {logging_mixin.py:188} INFO - [2026-02-23T01:16:24.364+0000] {dagbag.py:545} INFO - Filling up the DagBag from /opt/airflow/dags/main.py
[2026-02-23T01:16:24.528+0000] {processor.py:840} INFO - DAG(s) 'update_db', 'produce_json' retrieved from /opt/airflow/dags/main.py
[2026-02-23T01:16:24.571+0000] {logging_mixin.py:188} INFO - [2026-02-23T01:16:24.571+0000] {dag.py:3096} INFO - Sync 2 DAGs
[2026-02-23T01:16:24.599+0000] {logging_mixin.py:188} INFO - [2026-02-23T01:16:24.598+0000] {dag.py:3954} INFO - Setting next_dagrun for produce_json to 2026-02-22 14:00:00+00:00, run_after=2026-02-23 14:00:00+00:00
[2026-02-23T01:16:24.603+0000] {logging_mixin.py:188} INFO - [2026-02-23T01:16:24.603+0000] {dag.py:3954} INFO - Setting next_dagrun for update_db to 2026-02-22 15:00:00+00:00, run_after=2026-02-23 15:00:00+00:00
[2026-02-23T01:16:24.632+0000] {processor.py:183} INFO - Processing /opt/airflow/dags/main.py took 0.279 seconds
[2026-02-23T01:16:54.886+0000] {processor.py:161} INFO - Started process (PID=2105) to work on /opt/airflow/dags/main.py
[2026-02-23T01:16:54.887+0000] {processor.py:830} INFO - Processing file /opt/airflow/dags/main.py for tasks to queue
[2026-02-23T01:16:54.889+0000] {logging_mixin.py:188} INFO - [2026-02-23T01:16:54.889+0000] {dagbag.py:545} INFO - Filling up the DagBag from /opt/airflow/dags/main.py
[2026-02-23T01:16:54.998+0000] {processor.py:840} INFO - DAG(s) 'update_db', 'produce_json' retrieved from /opt/airflow/dags/main.py
[2026-02-23T01:16:55.030+0000] {logging_mixin.py:188} INFO - [2026-02-23T01:16:55.029+0000] {dag.py:3096} INFO - Sync 2 DAGs
[2026-02-23T01:16:55.063+0000] {logging_mixin.py:188} INFO - [2026-02-23T01:16:55.062+0000] {dag.py:3954} INFO - Setting next_dagrun for produce_json to 2026-02-22 14:00:00+00:00, run_after=2026-02-23 14:00:00+00:00
[2026-02-23T01:16:55.068+0000] {logging_mixin.py:188} INFO - [2026-02-23T01:16:55.068+0000] {dag.py:3954} INFO - Setting next_dagrun for update_db to 2026-02-22 15:00:00+00:00, run_after=2026-02-23 15:00:00+00:00
[2026-02-23T01:16:55.099+0000] {processor.py:183} INFO - Processing /opt/airflow/dags/main.py took 0.218 seconds
[2026-02-23T01:17:25.484+0000] {processor.py:161} INFO - Started process (PID=2112) to work on /opt/airflow/dags/main.py
[2026-02-23T01:17:25.489+0000] {processor.py:830} INFO - Processing file /opt/airflow/dags/main.py for tasks to queue
[2026-02-23T01:17:25.494+0000] {logging_mixin.py:188} INFO - [2026-02-23T01:17:25.493+0000] {dagbag.py:545} INFO - Filling up the DagBag from /opt/airflow/dags/main.py
[2026-02-23T01:17:25.617+0000] {processor.py:840} INFO - DAG(s) 'update_db', 'produce_json' retrieved from /opt/airflow/dags/main.py
[2026-02-23T01:17:25.651+0000] {logging_mixin.py:188} INFO - [2026-02-23T01:17:25.650+0000] {dag.py:3096} INFO - Sync 2 DAGs
[2026-02-23T01:17:25.679+0000] {logging_mixin.py:188} INFO - [2026-02-23T01:17:25.679+0000] {dag.py:3954} INFO - Setting next_dagrun for produce_json to 2026-02-22 14:00:00+00:00, run_after=2026-02-23 14:00:00+00:00
[2026-02-23T01:17:25.684+0000] {logging_mixin.py:188} INFO - [2026-02-23T01:17:25.684+0000] {dag.py:3954} INFO - Setting next_dagrun for update_db to 2026-02-22 15:00:00+00:00, run_after=2026-02-23 15:00:00+00:00
[2026-02-23T01:17:25.718+0000] {processor.py:183} INFO - Processing /opt/airflow/dags/main.py took 0.244 seconds
[2026-02-23T01:17:55.927+0000] {processor.py:161} INFO - Started process (PID=2119) to work on /opt/airflow/dags/main.py
[2026-02-23T01:17:55.937+0000] {processor.py:830} INFO - Processing file /opt/airflow/dags/main.py for tasks to queue
[2026-02-23T01:17:55.942+0000] {logging_mixin.py:188} INFO - [2026-02-23T01:17:55.941+0000] {dagbag.py:545} INFO - Filling up the DagBag from /opt/airflow/dags/main.py
[2026-02-23T01:17:56.079+0000] {processor.py:840} INFO - DAG(s) 'produce_json', 'update_db' retrieved from /opt/airflow/dags/main.py
[2026-02-23T01:17:56.119+0000] {logging_mixin.py:188} INFO - [2026-02-23T01:17:56.119+0000] {dag.py:3096} INFO - Sync 2 DAGs
[2026-02-23T01:17:56.151+0000] {logging_mixin.py:188} INFO - [2026-02-23T01:17:56.151+0000] {dag.py:3954} INFO - Setting next_dagrun for produce_json to 2026-02-22 14:00:00+00:00, run_after=2026-02-23 14:00:00+00:00
[2026-02-23T01:17:56.157+0000] {logging_mixin.py:188} INFO - [2026-02-23T01:17:56.157+0000] {dag.py:3954} INFO - Setting next_dagrun for update_db to 2026-02-22 15:00:00+00:00, run_after=2026-02-23 15:00:00+00:00
[2026-02-23T01:17:56.180+0000] {processor.py:183} INFO - Processing /opt/airflow/dags/main.py took 0.261 seconds
[2026-02-23T01:18:26.409+0000] {processor.py:161} INFO - Started process (PID=2126) to work on /opt/airflow/dags/main.py
[2026-02-23T01:18:26.411+0000] {processor.py:830} INFO - Processing file /opt/airflow/dags/main.py for tasks to queue
[2026-02-23T01:18:26.414+0000] {logging_mixin.py:188} INFO - [2026-02-23T01:18:26.413+0000] {dagbag.py:545} INFO - Filling up the DagBag from /opt/airflow/dags/main.py
[2026-02-23T01:18:26.516+0000] {processor.py:840} INFO - DAG(s) 'produce_json', 'update_db' retrieved from /opt/airflow/dags/main.py
[2026-02-23T01:18:26.554+0000] {logging_mixin.py:188} INFO - [2026-02-23T01:18:26.554+0000] {dag.py:3096} INFO - Sync 2 DAGs
[2026-02-23T01:18:26.592+0000] {logging_mixin.py:188} INFO - [2026-02-23T01:18:26.592+0000] {dag.py:3954} INFO - Setting next_dagrun for produce_json to 2026-02-22 14:00:00+00:00, run_after=2026-02-23 14:00:00+00:00
[2026-02-23T01:18:26.600+0000] {logging_mixin.py:188} INFO - [2026-02-23T01:18:26.600+0000] {dag.py:3954} INFO - Setting next_dagrun for update_db to 2026-02-22 15:00:00+00:00, run_after=2026-02-23 15:00:00+00:00
[2026-02-23T01:18:26.622+0000] {processor.py:183} INFO - Processing /opt/airflow/dags/main.py took 0.221 seconds
[2026-02-23T01:18:56.886+0000] {processor.py:161} INFO - Started process (PID=2133) to work on /opt/airflow/dags/main.py
[2026-02-23T01:18:56.888+0000] {processor.py:830} INFO - Processing file /opt/airflow/dags/main.py for tasks to queue
[2026-02-23T01:18:56.890+0000] {logging_mixin.py:188} INFO - [2026-02-23T01:18:56.890+0000] {dagbag.py:545} INFO - Filling up the DagBag from /opt/airflow/dags/main.py
[2026-02-23T01:18:57.048+0000] {processor.py:840} INFO - DAG(s) 'produce_json', 'update_db' retrieved from /opt/airflow/dags/main.py
[2026-02-23T01:18:57.084+0000] {logging_mixin.py:188} INFO - [2026-02-23T01:18:57.084+0000] {dag.py:3096} INFO - Sync 2 DAGs
[2026-02-23T01:18:57.107+0000] {logging_mixin.py:188} INFO - [2026-02-23T01:18:57.107+0000] {dag.py:3954} INFO - Setting next_dagrun for produce_json to 2026-02-22 14:00:00+00:00, run_after=2026-02-23 14:00:00+00:00
[2026-02-23T01:18:57.113+0000] {logging_mixin.py:188} INFO - [2026-02-23T01:18:57.113+0000] {dag.py:3954} INFO - Setting next_dagrun for update_db to 2026-02-22 15:00:00+00:00, run_after=2026-02-23 15:00:00+00:00
[2026-02-23T01:18:57.135+0000] {processor.py:183} INFO - Processing /opt/airflow/dags/main.py took 0.255 seconds
[2026-02-23T01:19:27.417+0000] {processor.py:161} INFO - Started process (PID=2140) to work on /opt/airflow/dags/main.py
[2026-02-23T01:19:27.419+0000] {processor.py:830} INFO - Processing file /opt/airflow/dags/main.py for tasks to queue
[2026-02-23T01:19:27.422+0000] {logging_mixin.py:188} INFO - [2026-02-23T01:19:27.422+0000] {dagbag.py:545} INFO - Filling up the DagBag from /opt/airflow/dags/main.py
[2026-02-23T01:19:27.565+0000] {processor.py:840} INFO - DAG(s) 'update_db', 'produce_json' retrieved from /opt/airflow/dags/main.py
[2026-02-23T01:19:27.606+0000] {logging_mixin.py:188} INFO - [2026-02-23T01:19:27.606+0000] {dag.py:3096} INFO - Sync 2 DAGs
[2026-02-23T01:19:27.635+0000] {logging_mixin.py:188} INFO - [2026-02-23T01:19:27.635+0000] {dag.py:3954} INFO - Setting next_dagrun for produce_json to 2026-02-22 14:00:00+00:00, run_after=2026-02-23 14:00:00+00:00
[2026-02-23T01:19:27.641+0000] {logging_mixin.py:188} INFO - [2026-02-23T01:19:27.640+0000] {dag.py:3954} INFO - Setting next_dagrun for update_db to 2026-02-22 15:00:00+00:00, run_after=2026-02-23 15:00:00+00:00
[2026-02-23T01:19:27.673+0000] {processor.py:183} INFO - Processing /opt/airflow/dags/main.py took 0.261 seconds
[2026-02-23T01:19:57.918+0000] {processor.py:161} INFO - Started process (PID=2147) to work on /opt/airflow/dags/main.py
[2026-02-23T01:19:57.920+0000] {processor.py:830} INFO - Processing file /opt/airflow/dags/main.py for tasks to queue
[2026-02-23T01:19:57.922+0000] {logging_mixin.py:188} INFO - [2026-02-23T01:19:57.922+0000] {dagbag.py:545} INFO - Filling up the DagBag from /opt/airflow/dags/main.py
[2026-02-23T01:19:58.037+0000] {processor.py:840} INFO - DAG(s) 'produce_json', 'update_db' retrieved from /opt/airflow/dags/main.py
[2026-02-23T01:19:58.072+0000] {logging_mixin.py:188} INFO - [2026-02-23T01:19:58.072+0000] {dag.py:3096} INFO - Sync 2 DAGs
[2026-02-23T01:19:58.093+0000] {logging_mixin.py:188} INFO - [2026-02-23T01:19:58.092+0000] {dag.py:3954} INFO - Setting next_dagrun for produce_json to 2026-02-22 14:00:00+00:00, run_after=2026-02-23 14:00:00+00:00
[2026-02-23T01:19:58.097+0000] {logging_mixin.py:188} INFO - [2026-02-23T01:19:58.097+0000] {dag.py:3954} INFO - Setting next_dagrun for update_db to 2026-02-22 15:00:00+00:00, run_after=2026-02-23 15:00:00+00:00
[2026-02-23T01:19:58.131+0000] {processor.py:183} INFO - Processing /opt/airflow/dags/main.py took 0.221 seconds
[2026-02-23T01:20:28.395+0000] {processor.py:161} INFO - Started process (PID=2154) to work on /opt/airflow/dags/main.py
[2026-02-23T01:20:28.396+0000] {processor.py:830} INFO - Processing file /opt/airflow/dags/main.py for tasks to queue
[2026-02-23T01:20:28.398+0000] {logging_mixin.py:188} INFO - [2026-02-23T01:20:28.398+0000] {dagbag.py:545} INFO - Filling up the DagBag from /opt/airflow/dags/main.py
[2026-02-23T01:20:28.517+0000] {processor.py:840} INFO - DAG(s) 'update_db', 'produce_json' retrieved from /opt/airflow/dags/main.py
[2026-02-23T01:20:28.569+0000] {logging_mixin.py:188} INFO - [2026-02-23T01:20:28.569+0000] {dag.py:3096} INFO - Sync 2 DAGs
[2026-02-23T01:20:28.594+0000] {logging_mixin.py:188} INFO - [2026-02-23T01:20:28.593+0000] {dag.py:3954} INFO - Setting next_dagrun for produce_json to 2026-02-22 14:00:00+00:00, run_after=2026-02-23 14:00:00+00:00
[2026-02-23T01:20:28.600+0000] {logging_mixin.py:188} INFO - [2026-02-23T01:20:28.600+0000] {dag.py:3954} INFO - Setting next_dagrun for update_db to 2026-02-22 15:00:00+00:00, run_after=2026-02-23 15:00:00+00:00
[2026-02-23T01:20:28.631+0000] {processor.py:183} INFO - Processing /opt/airflow/dags/main.py took 0.243 seconds
[2026-02-23T01:20:58.878+0000] {processor.py:161} INFO - Started process (PID=2161) to work on /opt/airflow/dags/main.py
[2026-02-23T01:20:58.880+0000] {processor.py:830} INFO - Processing file /opt/airflow/dags/main.py for tasks to queue
[2026-02-23T01:20:58.882+0000] {logging_mixin.py:188} INFO - [2026-02-23T01:20:58.882+0000] {dagbag.py:545} INFO - Filling up the DagBag from /opt/airflow/dags/main.py
[2026-02-23T01:20:59.069+0000] {processor.py:840} INFO - DAG(s) 'produce_json', 'update_db' retrieved from /opt/airflow/dags/main.py
[2026-02-23T01:20:59.101+0000] {logging_mixin.py:188} INFO - [2026-02-23T01:20:59.101+0000] {dag.py:3096} INFO - Sync 2 DAGs
[2026-02-23T01:20:59.122+0000] {logging_mixin.py:188} INFO - [2026-02-23T01:20:59.122+0000] {dag.py:3954} INFO - Setting next_dagrun for produce_json to 2026-02-22 14:00:00+00:00, run_after=2026-02-23 14:00:00+00:00
[2026-02-23T01:20:59.127+0000] {logging_mixin.py:188} INFO - [2026-02-23T01:20:59.126+0000] {dag.py:3954} INFO - Setting next_dagrun for update_db to 2026-02-22 15:00:00+00:00, run_after=2026-02-23 15:00:00+00:00
[2026-02-23T01:20:59.156+0000] {processor.py:183} INFO - Processing /opt/airflow/dags/main.py took 0.283 seconds
[2026-02-23T01:21:29.402+0000] {processor.py:161} INFO - Started process (PID=2174) to work on /opt/airflow/dags/main.py
[2026-02-23T01:21:29.404+0000] {processor.py:830} INFO - Processing file /opt/airflow/dags/main.py for tasks to queue
[2026-02-23T01:21:29.406+0000] {logging_mixin.py:188} INFO - [2026-02-23T01:21:29.406+0000] {dagbag.py:545} INFO - Filling up the DagBag from /opt/airflow/dags/main.py
[2026-02-23T01:21:29.549+0000] {processor.py:840} INFO - DAG(s) 'update_db', 'produce_json' retrieved from /opt/airflow/dags/main.py
[2026-02-23T01:21:29.584+0000] {logging_mixin.py:188} INFO - [2026-02-23T01:21:29.584+0000] {dag.py:3096} INFO - Sync 2 DAGs
[2026-02-23T01:21:29.607+0000] {logging_mixin.py:188} INFO - [2026-02-23T01:21:29.607+0000] {dag.py:3954} INFO - Setting next_dagrun for produce_json to 2026-02-22 14:00:00+00:00, run_after=2026-02-23 14:00:00+00:00
[2026-02-23T01:21:29.613+0000] {logging_mixin.py:188} INFO - [2026-02-23T01:21:29.612+0000] {dag.py:3954} INFO - Setting next_dagrun for update_db to 2026-02-22 15:00:00+00:00, run_after=2026-02-23 15:00:00+00:00
[2026-02-23T01:21:29.634+0000] {processor.py:183} INFO - Processing /opt/airflow/dags/main.py took 0.244 seconds
[2026-02-23T01:21:59.865+0000] {processor.py:161} INFO - Started process (PID=2181) to work on /opt/airflow/dags/main.py
[2026-02-23T01:21:59.866+0000] {processor.py:830} INFO - Processing file /opt/airflow/dags/main.py for tasks to queue
[2026-02-23T01:21:59.869+0000] {logging_mixin.py:188} INFO - [2026-02-23T01:21:59.868+0000] {dagbag.py:545} INFO - Filling up the DagBag from /opt/airflow/dags/main.py
[2026-02-23T01:22:00.005+0000] {processor.py:840} INFO - DAG(s) 'produce_json', 'update_db' retrieved from /opt/airflow/dags/main.py
[2026-02-23T01:22:00.042+0000] {logging_mixin.py:188} INFO - [2026-02-23T01:22:00.042+0000] {dag.py:3096} INFO - Sync 2 DAGs
[2026-02-23T01:22:00.067+0000] {logging_mixin.py:188} INFO - [2026-02-23T01:22:00.067+0000] {dag.py:3954} INFO - Setting next_dagrun for produce_json to 2026-02-22 14:00:00+00:00, run_after=2026-02-23 14:00:00+00:00
[2026-02-23T01:22:00.073+0000] {logging_mixin.py:188} INFO - [2026-02-23T01:22:00.073+0000] {dag.py:3954} INFO - Setting next_dagrun for update_db to 2026-02-22 15:00:00+00:00, run_after=2026-02-23 15:00:00+00:00
[2026-02-23T01:22:00.114+0000] {processor.py:183} INFO - Processing /opt/airflow/dags/main.py took 0.254 seconds
[2026-02-23T01:22:30.249+0000] {processor.py:161} INFO - Started process (PID=2188) to work on /opt/airflow/dags/main.py
[2026-02-23T01:22:30.250+0000] {processor.py:830} INFO - Processing file /opt/airflow/dags/main.py for tasks to queue
[2026-02-23T01:22:30.253+0000] {logging_mixin.py:188} INFO - [2026-02-23T01:22:30.253+0000] {dagbag.py:545} INFO - Filling up the DagBag from /opt/airflow/dags/main.py
[2026-02-23T01:22:30.443+0000] {processor.py:840} INFO - DAG(s) 'update_db', 'produce_json' retrieved from /opt/airflow/dags/main.py
[2026-02-23T01:22:30.475+0000] {logging_mixin.py:188} INFO - [2026-02-23T01:22:30.475+0000] {dag.py:3096} INFO - Sync 2 DAGs
[2026-02-23T01:22:30.498+0000] {logging_mixin.py:188} INFO - [2026-02-23T01:22:30.498+0000] {dag.py:3954} INFO - Setting next_dagrun for produce_json to 2026-02-22 14:00:00+00:00, run_after=2026-02-23 14:00:00+00:00
[2026-02-23T01:22:30.504+0000] {logging_mixin.py:188} INFO - [2026-02-23T01:22:30.504+0000] {dag.py:3954} INFO - Setting next_dagrun for update_db to 2026-02-22 15:00:00+00:00, run_after=2026-02-23 15:00:00+00:00
[2026-02-23T01:22:30.526+0000] {processor.py:183} INFO - Processing /opt/airflow/dags/main.py took 0.283 seconds
[2026-02-23T01:23:00.760+0000] {processor.py:161} INFO - Started process (PID=2195) to work on /opt/airflow/dags/main.py
[2026-02-23T01:23:00.765+0000] {processor.py:830} INFO - Processing file /opt/airflow/dags/main.py for tasks to queue
[2026-02-23T01:23:00.768+0000] {logging_mixin.py:188} INFO - [2026-02-23T01:23:00.768+0000] {dagbag.py:545} INFO - Filling up the DagBag from /opt/airflow/dags/main.py
[2026-02-23T01:23:00.934+0000] {processor.py:840} INFO - DAG(s) 'produce_json', 'update_db' retrieved from /opt/airflow/dags/main.py
[2026-02-23T01:23:00.973+0000] {logging_mixin.py:188} INFO - [2026-02-23T01:23:00.973+0000] {dag.py:3096} INFO - Sync 2 DAGs
[2026-02-23T01:23:01.004+0000] {logging_mixin.py:188} INFO - [2026-02-23T01:23:01.003+0000] {dag.py:3954} INFO - Setting next_dagrun for produce_json to 2026-02-22 14:00:00+00:00, run_after=2026-02-23 14:00:00+00:00
[2026-02-23T01:23:01.010+0000] {logging_mixin.py:188} INFO - [2026-02-23T01:23:01.010+0000] {dag.py:3954} INFO - Setting next_dagrun for update_db to 2026-02-22 15:00:00+00:00, run_after=2026-02-23 15:00:00+00:00
[2026-02-23T01:23:01.042+0000] {processor.py:183} INFO - Processing /opt/airflow/dags/main.py took 0.295 seconds
[2026-02-23T01:23:31.308+0000] {processor.py:161} INFO - Started process (PID=2203) to work on /opt/airflow/dags/main.py
[2026-02-23T01:23:31.310+0000] {processor.py:830} INFO - Processing file /opt/airflow/dags/main.py for tasks to queue
[2026-02-23T01:23:31.313+0000] {logging_mixin.py:188} INFO - [2026-02-23T01:23:31.313+0000] {dagbag.py:545} INFO - Filling up the DagBag from /opt/airflow/dags/main.py
[2026-02-23T01:23:31.453+0000] {processor.py:840} INFO - DAG(s) 'update_db', 'produce_json' retrieved from /opt/airflow/dags/main.py
[2026-02-23T01:23:31.491+0000] {logging_mixin.py:188} INFO - [2026-02-23T01:23:31.491+0000] {dag.py:3096} INFO - Sync 2 DAGs
[2026-02-23T01:23:31.522+0000] {logging_mixin.py:188} INFO - [2026-02-23T01:23:31.521+0000] {dag.py:3954} INFO - Setting next_dagrun for produce_json to 2026-02-22 14:00:00+00:00, run_after=2026-02-23 14:00:00+00:00
[2026-02-23T01:23:31.529+0000] {logging_mixin.py:188} INFO - [2026-02-23T01:23:31.529+0000] {dag.py:3954} INFO - Setting next_dagrun for update_db to 2026-02-22 15:00:00+00:00, run_after=2026-02-23 15:00:00+00:00
[2026-02-23T01:23:31.569+0000] {processor.py:183} INFO - Processing /opt/airflow/dags/main.py took 0.268 seconds
[2026-02-23T01:24:01.791+0000] {processor.py:161} INFO - Started process (PID=2210) to work on /opt/airflow/dags/main.py
[2026-02-23T01:24:01.792+0000] {processor.py:830} INFO - Processing file /opt/airflow/dags/main.py for tasks to queue
[2026-02-23T01:24:01.795+0000] {logging_mixin.py:188} INFO - [2026-02-23T01:24:01.795+0000] {dagbag.py:545} INFO - Filling up the DagBag from /opt/airflow/dags/main.py
[2026-02-23T01:24:01.955+0000] {processor.py:840} INFO - DAG(s) 'produce_json', 'update_db' retrieved from /opt/airflow/dags/main.py
[2026-02-23T01:24:01.989+0000] {logging_mixin.py:188} INFO - [2026-02-23T01:24:01.989+0000] {dag.py:3096} INFO - Sync 2 DAGs
[2026-02-23T01:24:02.012+0000] {logging_mixin.py:188} INFO - [2026-02-23T01:24:02.012+0000] {dag.py:3954} INFO - Setting next_dagrun for produce_json to 2026-02-22 14:00:00+00:00, run_after=2026-02-23 14:00:00+00:00
[2026-02-23T01:24:02.017+0000] {logging_mixin.py:188} INFO - [2026-02-23T01:24:02.017+0000] {dag.py:3954} INFO - Setting next_dagrun for update_db to 2026-02-22 15:00:00+00:00, run_after=2026-02-23 15:00:00+00:00
[2026-02-23T01:24:02.052+0000] {processor.py:183} INFO - Processing /opt/airflow/dags/main.py took 0.266 seconds
[2026-02-23T01:24:32.268+0000] {processor.py:161} INFO - Started process (PID=2217) to work on /opt/airflow/dags/main.py
[2026-02-23T01:24:32.270+0000] {processor.py:830} INFO - Processing file /opt/airflow/dags/main.py for tasks to queue
[2026-02-23T01:24:32.273+0000] {logging_mixin.py:188} INFO - [2026-02-23T01:24:32.272+0000] {dagbag.py:545} INFO - Filling up the DagBag from /opt/airflow/dags/main.py
[2026-02-23T01:24:32.437+0000] {processor.py:840} INFO - DAG(s) 'produce_json', 'update_db' retrieved from /opt/airflow/dags/main.py
[2026-02-23T01:24:32.482+0000] {logging_mixin.py:188} INFO - [2026-02-23T01:24:32.482+0000] {dag.py:3096} INFO - Sync 2 DAGs
[2026-02-23T01:24:32.507+0000] {logging_mixin.py:188} INFO - [2026-02-23T01:24:32.507+0000] {dag.py:3954} INFO - Setting next_dagrun for produce_json to 2026-02-22 14:00:00+00:00, run_after=2026-02-23 14:00:00+00:00
[2026-02-23T01:24:32.512+0000] {logging_mixin.py:188} INFO - [2026-02-23T01:24:32.512+0000] {dag.py:3954} INFO - Setting next_dagrun for update_db to 2026-02-22 15:00:00+00:00, run_after=2026-02-23 15:00:00+00:00
[2026-02-23T01:24:32.534+0000] {processor.py:183} INFO - Processing /opt/airflow/dags/main.py took 0.272 seconds
[2026-02-23T01:25:02.722+0000] {processor.py:161} INFO - Started process (PID=2224) to work on /opt/airflow/dags/main.py
[2026-02-23T01:25:02.724+0000] {processor.py:830} INFO - Processing file /opt/airflow/dags/main.py for tasks to queue
[2026-02-23T01:25:02.732+0000] {logging_mixin.py:188} INFO - [2026-02-23T01:25:02.731+0000] {dagbag.py:545} INFO - Filling up the DagBag from /opt/airflow/dags/main.py
[2026-02-23T01:25:02.840+0000] {processor.py:840} INFO - DAG(s) 'update_db', 'produce_json' retrieved from /opt/airflow/dags/main.py
[2026-02-23T01:25:02.890+0000] {logging_mixin.py:188} INFO - [2026-02-23T01:25:02.890+0000] {dag.py:3096} INFO - Sync 2 DAGs
[2026-02-23T01:25:02.925+0000] {logging_mixin.py:188} INFO - [2026-02-23T01:25:02.925+0000] {dag.py:3954} INFO - Setting next_dagrun for produce_json to 2026-02-22 14:00:00+00:00, run_after=2026-02-23 14:00:00+00:00
[2026-02-23T01:25:02.931+0000] {logging_mixin.py:188} INFO - [2026-02-23T01:25:02.931+0000] {dag.py:3954} INFO - Setting next_dagrun for update_db to 2026-02-22 15:00:00+00:00, run_after=2026-02-23 15:00:00+00:00
[2026-02-23T01:25:02.951+0000] {processor.py:183} INFO - Processing /opt/airflow/dags/main.py took 0.237 seconds
[2026-02-23T01:25:33.156+0000] {processor.py:161} INFO - Started process (PID=2231) to work on /opt/airflow/dags/main.py
[2026-02-23T01:25:33.157+0000] {processor.py:830} INFO - Processing file /opt/airflow/dags/main.py for tasks to queue
[2026-02-23T01:25:33.160+0000] {logging_mixin.py:188} INFO - [2026-02-23T01:25:33.159+0000] {dagbag.py:545} INFO - Filling up the DagBag from /opt/airflow/dags/main.py
[2026-02-23T01:25:33.329+0000] {processor.py:840} INFO - DAG(s) 'produce_json', 'update_db' retrieved from /opt/airflow/dags/main.py
[2026-02-23T01:25:33.363+0000] {logging_mixin.py:188} INFO - [2026-02-23T01:25:33.363+0000] {dag.py:3096} INFO - Sync 2 DAGs
[2026-02-23T01:25:33.388+0000] {logging_mixin.py:188} INFO - [2026-02-23T01:25:33.388+0000] {dag.py:3954} INFO - Setting next_dagrun for produce_json to 2026-02-22 14:00:00+00:00, run_after=2026-02-23 14:00:00+00:00
[2026-02-23T01:25:33.395+0000] {logging_mixin.py:188} INFO - [2026-02-23T01:25:33.395+0000] {dag.py:3954} INFO - Setting next_dagrun for update_db to 2026-02-22 15:00:00+00:00, run_after=2026-02-23 15:00:00+00:00
[2026-02-23T01:25:33.416+0000] {processor.py:183} INFO - Processing /opt/airflow/dags/main.py took 0.269 seconds
[2026-02-23T01:26:03.604+0000] {processor.py:161} INFO - Started process (PID=2238) to work on /opt/airflow/dags/main.py
[2026-02-23T01:26:03.605+0000] {processor.py:830} INFO - Processing file /opt/airflow/dags/main.py for tasks to queue
[2026-02-23T01:26:03.608+0000] {logging_mixin.py:188} INFO - [2026-02-23T01:26:03.607+0000] {dagbag.py:545} INFO - Filling up the DagBag from /opt/airflow/dags/main.py
[2026-02-23T01:26:03.747+0000] {processor.py:840} INFO - DAG(s) 'produce_json', 'update_db' retrieved from /opt/airflow/dags/main.py
[2026-02-23T01:26:03.783+0000] {logging_mixin.py:188} INFO - [2026-02-23T01:26:03.782+0000] {dag.py:3096} INFO - Sync 2 DAGs
[2026-02-23T01:26:03.813+0000] {logging_mixin.py:188} INFO - [2026-02-23T01:26:03.813+0000] {dag.py:3954} INFO - Setting next_dagrun for produce_json to 2026-02-22 14:00:00+00:00, run_after=2026-02-23 14:00:00+00:00
[2026-02-23T01:26:03.818+0000] {logging_mixin.py:188} INFO - [2026-02-23T01:26:03.818+0000] {dag.py:3954} INFO - Setting next_dagrun for update_db to 2026-02-22 15:00:00+00:00, run_after=2026-02-23 15:00:00+00:00
[2026-02-23T01:26:03.838+0000] {processor.py:183} INFO - Processing /opt/airflow/dags/main.py took 0.240 seconds
[2026-02-23T01:26:34.058+0000] {processor.py:161} INFO - Started process (PID=2245) to work on /opt/airflow/dags/main.py
[2026-02-23T01:26:34.059+0000] {processor.py:830} INFO - Processing file /opt/airflow/dags/main.py for tasks to queue
[2026-02-23T01:26:34.062+0000] {logging_mixin.py:188} INFO - [2026-02-23T01:26:34.061+0000] {dagbag.py:545} INFO - Filling up the DagBag from /opt/airflow/dags/main.py
[2026-02-23T01:26:34.230+0000] {processor.py:840} INFO - DAG(s) 'update_db', 'produce_json' retrieved from /opt/airflow/dags/main.py
[2026-02-23T01:26:34.273+0000] {logging_mixin.py:188} INFO - [2026-02-23T01:26:34.273+0000] {dag.py:3096} INFO - Sync 2 DAGs
[2026-02-23T01:26:34.298+0000] {logging_mixin.py:188} INFO - [2026-02-23T01:26:34.298+0000] {dag.py:3954} INFO - Setting next_dagrun for produce_json to 2026-02-22 14:00:00+00:00, run_after=2026-02-23 14:00:00+00:00
[2026-02-23T01:26:34.303+0000] {logging_mixin.py:188} INFO - [2026-02-23T01:26:34.303+0000] {dag.py:3954} INFO - Setting next_dagrun for update_db to 2026-02-22 15:00:00+00:00, run_after=2026-02-23 15:00:00+00:00
[2026-02-23T01:26:34.324+0000] {processor.py:183} INFO - Processing /opt/airflow/dags/main.py took 0.272 seconds
[2026-02-23T01:27:04.450+0000] {processor.py:161} INFO - Started process (PID=2252) to work on /opt/airflow/dags/main.py
[2026-02-23T01:27:04.451+0000] {processor.py:830} INFO - Processing file /opt/airflow/dags/main.py for tasks to queue
[2026-02-23T01:27:04.453+0000] {logging_mixin.py:188} INFO - [2026-02-23T01:27:04.453+0000] {dagbag.py:545} INFO - Filling up the DagBag from /opt/airflow/dags/main.py
[2026-02-23T01:27:04.591+0000] {processor.py:840} INFO - DAG(s) 'produce_json', 'update_db' retrieved from /opt/airflow/dags/main.py
[2026-02-23T01:27:04.627+0000] {logging_mixin.py:188} INFO - [2026-02-23T01:27:04.627+0000] {dag.py:3096} INFO - Sync 2 DAGs
[2026-02-23T01:27:04.669+0000] {logging_mixin.py:188} INFO - [2026-02-23T01:27:04.669+0000] {dag.py:3954} INFO - Setting next_dagrun for produce_json to 2026-02-22 14:00:00+00:00, run_after=2026-02-23 14:00:00+00:00
[2026-02-23T01:27:04.677+0000] {logging_mixin.py:188} INFO - [2026-02-23T01:27:04.677+0000] {dag.py:3954} INFO - Setting next_dagrun for update_db to 2026-02-22 15:00:00+00:00, run_after=2026-02-23 15:00:00+00:00
[2026-02-23T01:27:04.712+0000] {processor.py:183} INFO - Processing /opt/airflow/dags/main.py took 0.268 seconds
[2026-02-23T01:27:34.788+0000] {processor.py:161} INFO - Started process (PID=2259) to work on /opt/airflow/dags/main.py
[2026-02-23T01:27:34.790+0000] {processor.py:830} INFO - Processing file /opt/airflow/dags/main.py for tasks to queue
[2026-02-23T01:27:34.793+0000] {logging_mixin.py:188} INFO - [2026-02-23T01:27:34.792+0000] {dagbag.py:545} INFO - Filling up the DagBag from /opt/airflow/dags/main.py
[2026-02-23T01:27:34.939+0000] {processor.py:840} INFO - DAG(s) 'produce_json', 'update_db' retrieved from /opt/airflow/dags/main.py
[2026-02-23T01:27:34.973+0000] {logging_mixin.py:188} INFO - [2026-02-23T01:27:34.973+0000] {dag.py:3096} INFO - Sync 2 DAGs
[2026-02-23T01:27:35.003+0000] {logging_mixin.py:188} INFO - [2026-02-23T01:27:35.003+0000] {dag.py:3954} INFO - Setting next_dagrun for produce_json to 2026-02-22 14:00:00+00:00, run_after=2026-02-23 14:00:00+00:00
[2026-02-23T01:27:35.010+0000] {logging_mixin.py:188} INFO - [2026-02-23T01:27:35.010+0000] {dag.py:3954} INFO - Setting next_dagrun for update_db to 2026-02-22 15:00:00+00:00, run_after=2026-02-23 15:00:00+00:00
[2026-02-23T01:27:35.035+0000] {processor.py:183} INFO - Processing /opt/airflow/dags/main.py took 0.253 seconds
[2026-02-23T01:28:05.203+0000] {processor.py:161} INFO - Started process (PID=2266) to work on /opt/airflow/dags/main.py
[2026-02-23T01:28:05.205+0000] {processor.py:830} INFO - Processing file /opt/airflow/dags/main.py for tasks to queue
[2026-02-23T01:28:05.208+0000] {logging_mixin.py:188} INFO - [2026-02-23T01:28:05.207+0000] {dagbag.py:545} INFO - Filling up the DagBag from /opt/airflow/dags/main.py
[2026-02-23T01:28:05.325+0000] {processor.py:840} INFO - DAG(s) 'produce_json', 'update_db' retrieved from /opt/airflow/dags/main.py
[2026-02-23T01:28:05.355+0000] {logging_mixin.py:188} INFO - [2026-02-23T01:28:05.355+0000] {dag.py:3096} INFO - Sync 2 DAGs
[2026-02-23T01:28:05.386+0000] {logging_mixin.py:188} INFO - [2026-02-23T01:28:05.385+0000] {dag.py:3954} INFO - Setting next_dagrun for produce_json to 2026-02-22 14:00:00+00:00, run_after=2026-02-23 14:00:00+00:00
[2026-02-23T01:28:05.392+0000] {logging_mixin.py:188} INFO - [2026-02-23T01:28:05.392+0000] {dag.py:3954} INFO - Setting next_dagrun for update_db to 2026-02-22 15:00:00+00:00, run_after=2026-02-23 15:00:00+00:00
[2026-02-23T01:28:05.423+0000] {processor.py:183} INFO - Processing /opt/airflow/dags/main.py took 0.231 seconds
[2026-02-23T01:28:35.478+0000] {processor.py:161} INFO - Started process (PID=2273) to work on /opt/airflow/dags/main.py
[2026-02-23T01:28:35.479+0000] {processor.py:830} INFO - Processing file /opt/airflow/dags/main.py for tasks to queue
[2026-02-23T01:28:35.487+0000] {logging_mixin.py:188} INFO - [2026-02-23T01:28:35.486+0000] {dagbag.py:545} INFO - Filling up the DagBag from /opt/airflow/dags/main.py
[2026-02-23T01:28:35.646+0000] {processor.py:840} INFO - DAG(s) 'update_db', 'produce_json' retrieved from /opt/airflow/dags/main.py
[2026-02-23T01:28:35.683+0000] {logging_mixin.py:188} INFO - [2026-02-23T01:28:35.682+0000] {dag.py:3096} INFO - Sync 2 DAGs
[2026-02-23T01:28:35.716+0000] {logging_mixin.py:188} INFO - [2026-02-23T01:28:35.716+0000] {dag.py:3954} INFO - Setting next_dagrun for produce_json to 2026-02-22 14:00:00+00:00, run_after=2026-02-23 14:00:00+00:00
[2026-02-23T01:28:35.723+0000] {logging_mixin.py:188} INFO - [2026-02-23T01:28:35.723+0000] {dag.py:3954} INFO - Setting next_dagrun for update_db to 2026-02-22 15:00:00+00:00, run_after=2026-02-23 15:00:00+00:00
[2026-02-23T01:28:35.747+0000] {processor.py:183} INFO - Processing /opt/airflow/dags/main.py took 0.279 seconds
[2026-02-23T01:29:05.901+0000] {processor.py:161} INFO - Started process (PID=2280) to work on /opt/airflow/dags/main.py
[2026-02-23T01:29:05.902+0000] {processor.py:830} INFO - Processing file /opt/airflow/dags/main.py for tasks to queue
[2026-02-23T01:29:05.905+0000] {logging_mixin.py:188} INFO - [2026-02-23T01:29:05.905+0000] {dagbag.py:545} INFO - Filling up the DagBag from /opt/airflow/dags/main.py
[2026-02-23T01:29:06.063+0000] {processor.py:840} INFO - DAG(s) 'produce_json', 'update_db' retrieved from /opt/airflow/dags/main.py
[2026-02-23T01:29:06.101+0000] {logging_mixin.py:188} INFO - [2026-02-23T01:29:06.101+0000] {dag.py:3096} INFO - Sync 2 DAGs
[2026-02-23T01:29:06.127+0000] {logging_mixin.py:188} INFO - [2026-02-23T01:29:06.127+0000] {dag.py:3954} INFO - Setting next_dagrun for produce_json to 2026-02-22 14:00:00+00:00, run_after=2026-02-23 14:00:00+00:00
[2026-02-23T01:29:06.133+0000] {logging_mixin.py:188} INFO - [2026-02-23T01:29:06.133+0000] {dag.py:3954} INFO - Setting next_dagrun for update_db to 2026-02-22 15:00:00+00:00, run_after=2026-02-23 15:00:00+00:00
[2026-02-23T01:29:06.167+0000] {processor.py:183} INFO - Processing /opt/airflow/dags/main.py took 0.272 seconds
[2026-02-23T01:29:36.421+0000] {processor.py:161} INFO - Started process (PID=2287) to work on /opt/airflow/dags/main.py
[2026-02-23T01:29:36.422+0000] {processor.py:830} INFO - Processing file /opt/airflow/dags/main.py for tasks to queue
[2026-02-23T01:29:36.424+0000] {logging_mixin.py:188} INFO - [2026-02-23T01:29:36.424+0000] {dagbag.py:545} INFO - Filling up the DagBag from /opt/airflow/dags/main.py
[2026-02-23T01:29:36.569+0000] {processor.py:840} INFO - DAG(s) 'produce_json', 'update_db' retrieved from /opt/airflow/dags/main.py
[2026-02-23T01:29:36.607+0000] {logging_mixin.py:188} INFO - [2026-02-23T01:29:36.607+0000] {dag.py:3096} INFO - Sync 2 DAGs
[2026-02-23T01:29:36.631+0000] {logging_mixin.py:188} INFO - [2026-02-23T01:29:36.631+0000] {dag.py:3954} INFO - Setting next_dagrun for produce_json to 2026-02-22 14:00:00+00:00, run_after=2026-02-23 14:00:00+00:00
[2026-02-23T01:29:36.638+0000] {logging_mixin.py:188} INFO - [2026-02-23T01:29:36.638+0000] {dag.py:3954} INFO - Setting next_dagrun for update_db to 2026-02-22 15:00:00+00:00, run_after=2026-02-23 15:00:00+00:00
[2026-02-23T01:29:36.672+0000] {processor.py:183} INFO - Processing /opt/airflow/dags/main.py took 0.258 seconds
[2026-02-23T01:30:06.906+0000] {processor.py:161} INFO - Started process (PID=2294) to work on /opt/airflow/dags/main.py
[2026-02-23T01:30:06.907+0000] {processor.py:830} INFO - Processing file /opt/airflow/dags/main.py for tasks to queue
[2026-02-23T01:30:06.911+0000] {logging_mixin.py:188} INFO - [2026-02-23T01:30:06.910+0000] {dagbag.py:545} INFO - Filling up the DagBag from /opt/airflow/dags/main.py
[2026-02-23T01:30:07.046+0000] {processor.py:840} INFO - DAG(s) 'produce_json', 'update_db' retrieved from /opt/airflow/dags/main.py
[2026-02-23T01:30:07.081+0000] {logging_mixin.py:188} INFO - [2026-02-23T01:30:07.081+0000] {dag.py:3096} INFO - Sync 2 DAGs
[2026-02-23T01:30:07.102+0000] {logging_mixin.py:188} INFO - [2026-02-23T01:30:07.102+0000] {dag.py:3954} INFO - Setting next_dagrun for produce_json to 2026-02-22 14:00:00+00:00, run_after=2026-02-23 14:00:00+00:00
[2026-02-23T01:30:07.108+0000] {logging_mixin.py:188} INFO - [2026-02-23T01:30:07.108+0000] {dag.py:3954} INFO - Setting next_dagrun for update_db to 2026-02-22 15:00:00+00:00, run_after=2026-02-23 15:00:00+00:00
[2026-02-23T01:30:07.128+0000] {processor.py:183} INFO - Processing /opt/airflow/dags/main.py took 0.233 seconds
[2026-02-23T01:30:37.354+0000] {processor.py:161} INFO - Started process (PID=2301) to work on /opt/airflow/dags/main.py
[2026-02-23T01:30:37.356+0000] {processor.py:830} INFO - Processing file /opt/airflow/dags/main.py for tasks to queue
[2026-02-23T01:30:37.364+0000] {logging_mixin.py:188} INFO - [2026-02-23T01:30:37.364+0000] {dagbag.py:545} INFO - Filling up the DagBag from /opt/airflow/dags/main.py
[2026-02-23T01:30:37.533+0000] {processor.py:840} INFO - DAG(s) 'produce_json', 'update_db' retrieved from /opt/airflow/dags/main.py
[2026-02-23T01:30:37.565+0000] {logging_mixin.py:188} INFO - [2026-02-23T01:30:37.564+0000] {dag.py:3096} INFO - Sync 2 DAGs
[2026-02-23T01:30:37.589+0000] {logging_mixin.py:188} INFO - [2026-02-23T01:30:37.589+0000] {dag.py:3954} INFO - Setting next_dagrun for produce_json to 2026-02-22 14:00:00+00:00, run_after=2026-02-23 14:00:00+00:00
[2026-02-23T01:30:37.594+0000] {logging_mixin.py:188} INFO - [2026-02-23T01:30:37.594+0000] {dag.py:3954} INFO - Setting next_dagrun for update_db to 2026-02-22 15:00:00+00:00, run_after=2026-02-23 15:00:00+00:00
[2026-02-23T01:30:37.616+0000] {processor.py:183} INFO - Processing /opt/airflow/dags/main.py took 0.269 seconds
[2026-02-23T01:31:07.846+0000] {processor.py:161} INFO - Started process (PID=2308) to work on /opt/airflow/dags/main.py
[2026-02-23T01:31:07.848+0000] {processor.py:830} INFO - Processing file /opt/airflow/dags/main.py for tasks to queue
[2026-02-23T01:31:07.850+0000] {logging_mixin.py:188} INFO - [2026-02-23T01:31:07.850+0000] {dagbag.py:545} INFO - Filling up the DagBag from /opt/airflow/dags/main.py
[2026-02-23T01:31:08.044+0000] {processor.py:840} INFO - DAG(s) 'update_db', 'produce_json' retrieved from /opt/airflow/dags/main.py
[2026-02-23T01:31:08.094+0000] {logging_mixin.py:188} INFO - [2026-02-23T01:31:08.094+0000] {dag.py:3096} INFO - Sync 2 DAGs
[2026-02-23T01:31:08.121+0000] {logging_mixin.py:188} INFO - [2026-02-23T01:31:08.120+0000] {dag.py:3954} INFO - Setting next_dagrun for produce_json to 2026-02-22 14:00:00+00:00, run_after=2026-02-23 14:00:00+00:00
[2026-02-23T01:31:08.128+0000] {logging_mixin.py:188} INFO - [2026-02-23T01:31:08.127+0000] {dag.py:3954} INFO - Setting next_dagrun for update_db to 2026-02-22 15:00:00+00:00, run_after=2026-02-23 15:00:00+00:00
[2026-02-23T01:31:08.150+0000] {processor.py:183} INFO - Processing /opt/airflow/dags/main.py took 0.310 seconds
[2026-02-23T01:31:38.400+0000] {processor.py:161} INFO - Started process (PID=2315) to work on /opt/airflow/dags/main.py
[2026-02-23T01:31:38.401+0000] {processor.py:830} INFO - Processing file /opt/airflow/dags/main.py for tasks to queue
[2026-02-23T01:31:38.405+0000] {logging_mixin.py:188} INFO - [2026-02-23T01:31:38.404+0000] {dagbag.py:545} INFO - Filling up the DagBag from /opt/airflow/dags/main.py
[2026-02-23T01:31:38.517+0000] {processor.py:840} INFO - DAG(s) 'update_db', 'produce_json' retrieved from /opt/airflow/dags/main.py
[2026-02-23T01:31:38.564+0000] {logging_mixin.py:188} INFO - [2026-02-23T01:31:38.564+0000] {dag.py:3096} INFO - Sync 2 DAGs
[2026-02-23T01:31:38.597+0000] {logging_mixin.py:188} INFO - [2026-02-23T01:31:38.597+0000] {dag.py:3954} INFO - Setting next_dagrun for produce_json to 2026-02-22 14:00:00+00:00, run_after=2026-02-23 14:00:00+00:00
[2026-02-23T01:31:38.603+0000] {logging_mixin.py:188} INFO - [2026-02-23T01:31:38.603+0000] {dag.py:3954} INFO - Setting next_dagrun for update_db to 2026-02-22 15:00:00+00:00, run_after=2026-02-23 15:00:00+00:00
[2026-02-23T01:31:38.629+0000] {processor.py:183} INFO - Processing /opt/airflow/dags/main.py took 0.277 seconds
[2026-02-23T01:32:08.759+0000] {processor.py:161} INFO - Started process (PID=2322) to work on /opt/airflow/dags/main.py
[2026-02-23T01:32:08.760+0000] {processor.py:830} INFO - Processing file /opt/airflow/dags/main.py for tasks to queue
[2026-02-23T01:32:08.763+0000] {logging_mixin.py:188} INFO - [2026-02-23T01:32:08.762+0000] {dagbag.py:545} INFO - Filling up the DagBag from /opt/airflow/dags/main.py
[2026-02-23T01:32:08.935+0000] {processor.py:840} INFO - DAG(s) 'produce_json', 'update_db' retrieved from /opt/airflow/dags/main.py
[2026-02-23T01:32:08.969+0000] {logging_mixin.py:188} INFO - [2026-02-23T01:32:08.968+0000] {dag.py:3096} INFO - Sync 2 DAGs
[2026-02-23T01:32:08.990+0000] {logging_mixin.py:188} INFO - [2026-02-23T01:32:08.990+0000] {dag.py:3954} INFO - Setting next_dagrun for produce_json to 2026-02-22 14:00:00+00:00, run_after=2026-02-23 14:00:00+00:00
[2026-02-23T01:32:08.996+0000] {logging_mixin.py:188} INFO - [2026-02-23T01:32:08.996+0000] {dag.py:3954} INFO - Setting next_dagrun for update_db to 2026-02-22 15:00:00+00:00, run_after=2026-02-23 15:00:00+00:00
[2026-02-23T01:32:09.028+0000] {processor.py:183} INFO - Processing /opt/airflow/dags/main.py took 0.275 seconds
[2026-02-23T01:32:39.089+0000] {processor.py:161} INFO - Started process (PID=2329) to work on /opt/airflow/dags/main.py
[2026-02-23T01:32:39.091+0000] {processor.py:830} INFO - Processing file /opt/airflow/dags/main.py for tasks to queue
[2026-02-23T01:32:39.098+0000] {logging_mixin.py:188} INFO - [2026-02-23T01:32:39.094+0000] {dagbag.py:545} INFO - Filling up the DagBag from /opt/airflow/dags/main.py
[2026-02-23T01:32:39.224+0000] {processor.py:840} INFO - DAG(s) 'update_db', 'produce_json' retrieved from /opt/airflow/dags/main.py
[2026-02-23T01:32:39.270+0000] {logging_mixin.py:188} INFO - [2026-02-23T01:32:39.270+0000] {dag.py:3096} INFO - Sync 2 DAGs
[2026-02-23T01:32:39.303+0000] {logging_mixin.py:188} INFO - [2026-02-23T01:32:39.303+0000] {dag.py:3954} INFO - Setting next_dagrun for produce_json to 2026-02-22 14:00:00+00:00, run_after=2026-02-23 14:00:00+00:00
[2026-02-23T01:32:39.309+0000] {logging_mixin.py:188} INFO - [2026-02-23T01:32:39.309+0000] {dag.py:3954} INFO - Setting next_dagrun for update_db to 2026-02-22 15:00:00+00:00, run_after=2026-02-23 15:00:00+00:00
[2026-02-23T01:32:39.344+0000] {processor.py:183} INFO - Processing /opt/airflow/dags/main.py took 0.262 seconds
[2026-02-23T01:33:09.491+0000] {processor.py:161} INFO - Started process (PID=2336) to work on /opt/airflow/dags/main.py
[2026-02-23T01:33:09.492+0000] {processor.py:830} INFO - Processing file /opt/airflow/dags/main.py for tasks to queue
[2026-02-23T01:33:09.496+0000] {logging_mixin.py:188} INFO - [2026-02-23T01:33:09.496+0000] {dagbag.py:545} INFO - Filling up the DagBag from /opt/airflow/dags/main.py
[2026-02-23T01:33:09.653+0000] {processor.py:840} INFO - DAG(s) 'produce_json', 'update_db' retrieved from /opt/airflow/dags/main.py
[2026-02-23T01:33:09.688+0000] {logging_mixin.py:188} INFO - [2026-02-23T01:33:09.688+0000] {dag.py:3096} INFO - Sync 2 DAGs
[2026-02-23T01:33:09.710+0000] {logging_mixin.py:188} INFO - [2026-02-23T01:33:09.710+0000] {dag.py:3954} INFO - Setting next_dagrun for produce_json to 2026-02-22 14:00:00+00:00, run_after=2026-02-23 14:00:00+00:00
[2026-02-23T01:33:09.716+0000] {logging_mixin.py:188} INFO - [2026-02-23T01:33:09.716+0000] {dag.py:3954} INFO - Setting next_dagrun for update_db to 2026-02-22 15:00:00+00:00, run_after=2026-02-23 15:00:00+00:00
[2026-02-23T01:33:09.736+0000] {processor.py:183} INFO - Processing /opt/airflow/dags/main.py took 0.251 seconds
[2026-02-23T01:33:39.941+0000] {processor.py:161} INFO - Started process (PID=2343) to work on /opt/airflow/dags/main.py
[2026-02-23T01:33:39.942+0000] {processor.py:830} INFO - Processing file /opt/airflow/dags/main.py for tasks to queue
[2026-02-23T01:33:39.944+0000] {logging_mixin.py:188} INFO - [2026-02-23T01:33:39.944+0000] {dagbag.py:545} INFO - Filling up the DagBag from /opt/airflow/dags/main.py
[2026-02-23T01:33:40.114+0000] {processor.py:840} INFO - DAG(s) 'produce_json', 'update_db' retrieved from /opt/airflow/dags/main.py
[2026-02-23T01:33:40.158+0000] {logging_mixin.py:188} INFO - [2026-02-23T01:33:40.158+0000] {dag.py:3096} INFO - Sync 2 DAGs
[2026-02-23T01:33:40.183+0000] {logging_mixin.py:188} INFO - [2026-02-23T01:33:40.183+0000] {dag.py:3954} INFO - Setting next_dagrun for produce_json to 2026-02-22 14:00:00+00:00, run_after=2026-02-23 14:00:00+00:00
[2026-02-23T01:33:40.189+0000] {logging_mixin.py:188} INFO - [2026-02-23T01:33:40.188+0000] {dag.py:3954} INFO - Setting next_dagrun for update_db to 2026-02-22 15:00:00+00:00, run_after=2026-02-23 15:00:00+00:00
[2026-02-23T01:33:40.211+0000] {processor.py:183} INFO - Processing /opt/airflow/dags/main.py took 0.276 seconds
[2026-02-23T01:34:10.455+0000] {processor.py:161} INFO - Started process (PID=2350) to work on /opt/airflow/dags/main.py
[2026-02-23T01:34:10.457+0000] {processor.py:830} INFO - Processing file /opt/airflow/dags/main.py for tasks to queue
[2026-02-23T01:34:10.459+0000] {logging_mixin.py:188} INFO - [2026-02-23T01:34:10.459+0000] {dagbag.py:545} INFO - Filling up the DagBag from /opt/airflow/dags/main.py
[2026-02-23T01:34:10.620+0000] {processor.py:840} INFO - DAG(s) 'update_db', 'produce_json' retrieved from /opt/airflow/dags/main.py
[2026-02-23T01:34:10.661+0000] {logging_mixin.py:188} INFO - [2026-02-23T01:34:10.661+0000] {dag.py:3096} INFO - Sync 2 DAGs
[2026-02-23T01:34:10.688+0000] {logging_mixin.py:188} INFO - [2026-02-23T01:34:10.688+0000] {dag.py:3954} INFO - Setting next_dagrun for produce_json to 2026-02-22 14:00:00+00:00, run_after=2026-02-23 14:00:00+00:00
[2026-02-23T01:34:10.694+0000] {logging_mixin.py:188} INFO - [2026-02-23T01:34:10.694+0000] {dag.py:3954} INFO - Setting next_dagrun for update_db to 2026-02-22 15:00:00+00:00, run_after=2026-02-23 15:00:00+00:00
[2026-02-23T01:34:10.718+0000] {processor.py:183} INFO - Processing /opt/airflow/dags/main.py took 0.268 seconds
[2026-02-23T01:34:40.975+0000] {processor.py:161} INFO - Started process (PID=2357) to work on /opt/airflow/dags/main.py
[2026-02-23T01:34:40.977+0000] {processor.py:830} INFO - Processing file /opt/airflow/dags/main.py for tasks to queue
[2026-02-23T01:34:40.979+0000] {logging_mixin.py:188} INFO - [2026-02-23T01:34:40.979+0000] {dagbag.py:545} INFO - Filling up the DagBag from /opt/airflow/dags/main.py
[2026-02-23T01:34:41.127+0000] {processor.py:840} INFO - DAG(s) 'produce_json', 'update_db' retrieved from /opt/airflow/dags/main.py
[2026-02-23T01:34:41.159+0000] {logging_mixin.py:188} INFO - [2026-02-23T01:34:41.159+0000] {dag.py:3096} INFO - Sync 2 DAGs
[2026-02-23T01:34:41.184+0000] {logging_mixin.py:188} INFO - [2026-02-23T01:34:41.184+0000] {dag.py:3954} INFO - Setting next_dagrun for produce_json to 2026-02-22 14:00:00+00:00, run_after=2026-02-23 14:00:00+00:00
[2026-02-23T01:34:41.190+0000] {logging_mixin.py:188} INFO - [2026-02-23T01:34:41.190+0000] {dag.py:3954} INFO - Setting next_dagrun for update_db to 2026-02-22 15:00:00+00:00, run_after=2026-02-23 15:00:00+00:00
[2026-02-23T01:34:41.212+0000] {processor.py:183} INFO - Processing /opt/airflow/dags/main.py took 0.242 seconds
[2026-02-23T01:35:11.459+0000] {processor.py:161} INFO - Started process (PID=2365) to work on /opt/airflow/dags/main.py
[2026-02-23T01:35:11.460+0000] {processor.py:830} INFO - Processing file /opt/airflow/dags/main.py for tasks to queue
[2026-02-23T01:35:11.463+0000] {logging_mixin.py:188} INFO - [2026-02-23T01:35:11.462+0000] {dagbag.py:545} INFO - Filling up the DagBag from /opt/airflow/dags/main.py
[2026-02-23T01:35:11.672+0000] {processor.py:840} INFO - DAG(s) 'produce_json', 'update_db' retrieved from /opt/airflow/dags/main.py
[2026-02-23T01:35:11.706+0000] {logging_mixin.py:188} INFO - [2026-02-23T01:35:11.706+0000] {dag.py:3096} INFO - Sync 2 DAGs
[2026-02-23T01:35:11.731+0000] {logging_mixin.py:188} INFO - [2026-02-23T01:35:11.730+0000] {dag.py:3954} INFO - Setting next_dagrun for produce_json to 2026-02-22 14:00:00+00:00, run_after=2026-02-23 14:00:00+00:00
[2026-02-23T01:35:11.736+0000] {logging_mixin.py:188} INFO - [2026-02-23T01:35:11.736+0000] {dag.py:3954} INFO - Setting next_dagrun for update_db to 2026-02-22 15:00:00+00:00, run_after=2026-02-23 15:00:00+00:00
[2026-02-23T01:35:11.768+0000] {processor.py:183} INFO - Processing /opt/airflow/dags/main.py took 0.315 seconds
[2026-02-23T01:35:42.022+0000] {processor.py:161} INFO - Started process (PID=2372) to work on /opt/airflow/dags/main.py
[2026-02-23T01:35:42.023+0000] {processor.py:830} INFO - Processing file /opt/airflow/dags/main.py for tasks to queue
[2026-02-23T01:35:42.026+0000] {logging_mixin.py:188} INFO - [2026-02-23T01:35:42.026+0000] {dagbag.py:545} INFO - Filling up the DagBag from /opt/airflow/dags/main.py
[2026-02-23T01:35:42.199+0000] {processor.py:840} INFO - DAG(s) 'produce_json', 'update_db' retrieved from /opt/airflow/dags/main.py
[2026-02-23T01:35:42.253+0000] {logging_mixin.py:188} INFO - [2026-02-23T01:35:42.252+0000] {dag.py:3096} INFO - Sync 2 DAGs
[2026-02-23T01:35:42.280+0000] {logging_mixin.py:188} INFO - [2026-02-23T01:35:42.279+0000] {dag.py:3954} INFO - Setting next_dagrun for produce_json to 2026-02-22 14:00:00+00:00, run_after=2026-02-23 14:00:00+00:00
[2026-02-23T01:35:42.287+0000] {logging_mixin.py:188} INFO - [2026-02-23T01:35:42.287+0000] {dag.py:3954} INFO - Setting next_dagrun for update_db to 2026-02-22 15:00:00+00:00, run_after=2026-02-23 15:00:00+00:00
[2026-02-23T01:35:42.317+0000] {processor.py:183} INFO - Processing /opt/airflow/dags/main.py took 0.303 seconds
[2026-02-23T01:36:12.550+0000] {processor.py:161} INFO - Started process (PID=2379) to work on /opt/airflow/dags/main.py
[2026-02-23T01:36:12.552+0000] {processor.py:830} INFO - Processing file /opt/airflow/dags/main.py for tasks to queue
[2026-02-23T01:36:12.555+0000] {logging_mixin.py:188} INFO - [2026-02-23T01:36:12.554+0000] {dagbag.py:545} INFO - Filling up the DagBag from /opt/airflow/dags/main.py
[2026-02-23T01:36:12.658+0000] {processor.py:840} INFO - DAG(s) 'update_db', 'produce_json' retrieved from /opt/airflow/dags/main.py
[2026-02-23T01:36:12.690+0000] {logging_mixin.py:188} INFO - [2026-02-23T01:36:12.690+0000] {dag.py:3096} INFO - Sync 2 DAGs
[2026-02-23T01:36:12.711+0000] {logging_mixin.py:188} INFO - [2026-02-23T01:36:12.711+0000] {dag.py:3954} INFO - Setting next_dagrun for produce_json to 2026-02-22 14:00:00+00:00, run_after=2026-02-23 14:00:00+00:00
[2026-02-23T01:36:12.716+0000] {logging_mixin.py:188} INFO - [2026-02-23T01:36:12.716+0000] {dag.py:3954} INFO - Setting next_dagrun for update_db to 2026-02-22 15:00:00+00:00, run_after=2026-02-23 15:00:00+00:00
[2026-02-23T01:36:12.748+0000] {processor.py:183} INFO - Processing /opt/airflow/dags/main.py took 0.204 seconds
[2026-02-23T01:36:43.036+0000] {processor.py:161} INFO - Started process (PID=2386) to work on /opt/airflow/dags/main.py
[2026-02-23T01:36:43.037+0000] {processor.py:830} INFO - Processing file /opt/airflow/dags/main.py for tasks to queue
[2026-02-23T01:36:43.040+0000] {logging_mixin.py:188} INFO - [2026-02-23T01:36:43.039+0000] {dagbag.py:545} INFO - Filling up the DagBag from /opt/airflow/dags/main.py
[2026-02-23T01:36:43.228+0000] {processor.py:840} INFO - DAG(s) 'produce_json', 'update_db' retrieved from /opt/airflow/dags/main.py
[2026-02-23T01:36:43.277+0000] {logging_mixin.py:188} INFO - [2026-02-23T01:36:43.276+0000] {dag.py:3096} INFO - Sync 2 DAGs
[2026-02-23T01:36:43.304+0000] {logging_mixin.py:188} INFO - [2026-02-23T01:36:43.304+0000] {dag.py:3954} INFO - Setting next_dagrun for produce_json to 2026-02-22 14:00:00+00:00, run_after=2026-02-23 14:00:00+00:00
[2026-02-23T01:36:43.310+0000] {logging_mixin.py:188} INFO - [2026-02-23T01:36:43.310+0000] {dag.py:3954} INFO - Setting next_dagrun for update_db to 2026-02-22 15:00:00+00:00, run_after=2026-02-23 15:00:00+00:00
[2026-02-23T01:36:43.338+0000] {processor.py:183} INFO - Processing /opt/airflow/dags/main.py took 0.308 seconds
[2026-02-23T01:37:13.573+0000] {processor.py:161} INFO - Started process (PID=2393) to work on /opt/airflow/dags/main.py
[2026-02-23T01:37:13.575+0000] {processor.py:830} INFO - Processing file /opt/airflow/dags/main.py for tasks to queue
[2026-02-23T01:37:13.578+0000] {logging_mixin.py:188} INFO - [2026-02-23T01:37:13.578+0000] {dagbag.py:545} INFO - Filling up the DagBag from /opt/airflow/dags/main.py
[2026-02-23T01:37:13.758+0000] {processor.py:840} INFO - DAG(s) 'produce_json', 'update_db' retrieved from /opt/airflow/dags/main.py
[2026-02-23T01:37:13.794+0000] {logging_mixin.py:188} INFO - [2026-02-23T01:37:13.794+0000] {dag.py:3096} INFO - Sync 2 DAGs
[2026-02-23T01:37:13.816+0000] {logging_mixin.py:188} INFO - [2026-02-23T01:37:13.816+0000] {dag.py:3954} INFO - Setting next_dagrun for produce_json to 2026-02-22 14:00:00+00:00, run_after=2026-02-23 14:00:00+00:00
[2026-02-23T01:37:13.822+0000] {logging_mixin.py:188} INFO - [2026-02-23T01:37:13.821+0000] {dag.py:3954} INFO - Setting next_dagrun for update_db to 2026-02-22 15:00:00+00:00, run_after=2026-02-23 15:00:00+00:00
[2026-02-23T01:37:13.843+0000] {processor.py:183} INFO - Processing /opt/airflow/dags/main.py took 0.278 seconds
[2026-02-23T01:37:44.129+0000] {processor.py:161} INFO - Started process (PID=2400) to work on /opt/airflow/dags/main.py
[2026-02-23T01:37:44.131+0000] {processor.py:830} INFO - Processing file /opt/airflow/dags/main.py for tasks to queue
[2026-02-23T01:37:44.136+0000] {logging_mixin.py:188} INFO - [2026-02-23T01:37:44.135+0000] {dagbag.py:545} INFO - Filling up the DagBag from /opt/airflow/dags/main.py
[2026-02-23T01:37:44.349+0000] {processor.py:840} INFO - DAG(s) 'update_db', 'produce_json' retrieved from /opt/airflow/dags/main.py
[2026-02-23T01:37:44.402+0000] {logging_mixin.py:188} INFO - [2026-02-23T01:37:44.402+0000] {dag.py:3096} INFO - Sync 2 DAGs
[2026-02-23T01:37:44.433+0000] {logging_mixin.py:188} INFO - [2026-02-23T01:37:44.433+0000] {dag.py:3954} INFO - Setting next_dagrun for produce_json to 2026-02-22 14:00:00+00:00, run_after=2026-02-23 14:00:00+00:00
[2026-02-23T01:37:44.444+0000] {logging_mixin.py:188} INFO - [2026-02-23T01:37:44.443+0000] {dag.py:3954} INFO - Setting next_dagrun for update_db to 2026-02-22 15:00:00+00:00, run_after=2026-02-23 15:00:00+00:00
[2026-02-23T01:37:44.483+0000] {processor.py:183} INFO - Processing /opt/airflow/dags/main.py took 0.361 seconds
[2026-02-23T01:38:14.702+0000] {processor.py:161} INFO - Started process (PID=2407) to work on /opt/airflow/dags/main.py
[2026-02-23T01:38:14.704+0000] {processor.py:830} INFO - Processing file /opt/airflow/dags/main.py for tasks to queue
[2026-02-23T01:38:14.707+0000] {logging_mixin.py:188} INFO - [2026-02-23T01:38:14.707+0000] {dagbag.py:545} INFO - Filling up the DagBag from /opt/airflow/dags/main.py
[2026-02-23T01:38:14.861+0000] {processor.py:840} INFO - DAG(s) 'update_db', 'produce_json' retrieved from /opt/airflow/dags/main.py
[2026-02-23T01:38:14.899+0000] {logging_mixin.py:188} INFO - [2026-02-23T01:38:14.899+0000] {dag.py:3096} INFO - Sync 2 DAGs
[2026-02-23T01:38:14.924+0000] {logging_mixin.py:188} INFO - [2026-02-23T01:38:14.924+0000] {dag.py:3954} INFO - Setting next_dagrun for produce_json to 2026-02-22 14:00:00+00:00, run_after=2026-02-23 14:00:00+00:00
[2026-02-23T01:38:14.931+0000] {logging_mixin.py:188} INFO - [2026-02-23T01:38:14.931+0000] {dag.py:3954} INFO - Setting next_dagrun for update_db to 2026-02-22 15:00:00+00:00, run_after=2026-02-23 15:00:00+00:00
[2026-02-23T01:38:14.964+0000] {processor.py:183} INFO - Processing /opt/airflow/dags/main.py took 0.268 seconds
[2026-02-23T01:38:45.211+0000] {processor.py:161} INFO - Started process (PID=2414) to work on /opt/airflow/dags/main.py
[2026-02-23T01:38:45.213+0000] {processor.py:830} INFO - Processing file /opt/airflow/dags/main.py for tasks to queue
[2026-02-23T01:38:45.216+0000] {logging_mixin.py:188} INFO - [2026-02-23T01:38:45.215+0000] {dagbag.py:545} INFO - Filling up the DagBag from /opt/airflow/dags/main.py
[2026-02-23T01:38:45.461+0000] {processor.py:840} INFO - DAG(s) 'produce_json', 'update_db' retrieved from /opt/airflow/dags/main.py
[2026-02-23T01:38:45.503+0000] {logging_mixin.py:188} INFO - [2026-02-23T01:38:45.503+0000] {dag.py:3096} INFO - Sync 2 DAGs
[2026-02-23T01:38:45.526+0000] {logging_mixin.py:188} INFO - [2026-02-23T01:38:45.525+0000] {dag.py:3954} INFO - Setting next_dagrun for produce_json to 2026-02-22 14:00:00+00:00, run_after=2026-02-23 14:00:00+00:00
[2026-02-23T01:38:45.532+0000] {logging_mixin.py:188} INFO - [2026-02-23T01:38:45.532+0000] {dag.py:3954} INFO - Setting next_dagrun for update_db to 2026-02-22 15:00:00+00:00, run_after=2026-02-23 15:00:00+00:00
[2026-02-23T01:38:45.555+0000] {processor.py:183} INFO - Processing /opt/airflow/dags/main.py took 0.349 seconds
[2026-02-23T01:39:15.812+0000] {processor.py:161} INFO - Started process (PID=2421) to work on /opt/airflow/dags/main.py
[2026-02-23T01:39:15.815+0000] {processor.py:830} INFO - Processing file /opt/airflow/dags/main.py for tasks to queue
[2026-02-23T01:39:15.822+0000] {logging_mixin.py:188} INFO - [2026-02-23T01:39:15.821+0000] {dagbag.py:545} INFO - Filling up the DagBag from /opt/airflow/dags/main.py
[2026-02-23T01:39:15.976+0000] {processor.py:840} INFO - DAG(s) 'update_db', 'produce_json' retrieved from /opt/airflow/dags/main.py
[2026-02-23T01:39:16.008+0000] {logging_mixin.py:188} INFO - [2026-02-23T01:39:16.007+0000] {dag.py:3096} INFO - Sync 2 DAGs
[2026-02-23T01:39:16.031+0000] {logging_mixin.py:188} INFO - [2026-02-23T01:39:16.031+0000] {dag.py:3954} INFO - Setting next_dagrun for produce_json to 2026-02-22 14:00:00+00:00, run_after=2026-02-23 14:00:00+00:00
[2026-02-23T01:39:16.036+0000] {logging_mixin.py:188} INFO - [2026-02-23T01:39:16.036+0000] {dag.py:3954} INFO - Setting next_dagrun for update_db to 2026-02-22 15:00:00+00:00, run_after=2026-02-23 15:00:00+00:00
[2026-02-23T01:39:16.058+0000] {processor.py:183} INFO - Processing /opt/airflow/dags/main.py took 0.255 seconds
[2026-02-23T01:39:46.318+0000] {processor.py:161} INFO - Started process (PID=2428) to work on /opt/airflow/dags/main.py
[2026-02-23T01:39:46.319+0000] {processor.py:830} INFO - Processing file /opt/airflow/dags/main.py for tasks to queue
[2026-02-23T01:39:46.322+0000] {logging_mixin.py:188} INFO - [2026-02-23T01:39:46.322+0000] {dagbag.py:545} INFO - Filling up the DagBag from /opt/airflow/dags/main.py
[2026-02-23T01:39:46.459+0000] {processor.py:840} INFO - DAG(s) 'update_db', 'produce_json' retrieved from /opt/airflow/dags/main.py
[2026-02-23T01:39:46.492+0000] {logging_mixin.py:188} INFO - [2026-02-23T01:39:46.492+0000] {dag.py:3096} INFO - Sync 2 DAGs
[2026-02-23T01:39:46.520+0000] {logging_mixin.py:188} INFO - [2026-02-23T01:39:46.519+0000] {dag.py:3954} INFO - Setting next_dagrun for produce_json to 2026-02-22 14:00:00+00:00, run_after=2026-02-23 14:00:00+00:00
[2026-02-23T01:39:46.528+0000] {logging_mixin.py:188} INFO - [2026-02-23T01:39:46.528+0000] {dag.py:3954} INFO - Setting next_dagrun for update_db to 2026-02-22 15:00:00+00:00, run_after=2026-02-23 15:00:00+00:00
[2026-02-23T01:39:46.550+0000] {processor.py:183} INFO - Processing /opt/airflow/dags/main.py took 0.238 seconds
[2026-02-23T01:40:16.811+0000] {processor.py:161} INFO - Started process (PID=2435) to work on /opt/airflow/dags/main.py
[2026-02-23T01:40:16.813+0000] {processor.py:830} INFO - Processing file /opt/airflow/dags/main.py for tasks to queue
[2026-02-23T01:40:16.816+0000] {logging_mixin.py:188} INFO - [2026-02-23T01:40:16.815+0000] {dagbag.py:545} INFO - Filling up the DagBag from /opt/airflow/dags/main.py
[2026-02-23T01:40:16.941+0000] {processor.py:840} INFO - DAG(s) 'produce_json', 'update_db' retrieved from /opt/airflow/dags/main.py
[2026-02-23T01:40:16.978+0000] {logging_mixin.py:188} INFO - [2026-02-23T01:40:16.977+0000] {dag.py:3096} INFO - Sync 2 DAGs
[2026-02-23T01:40:17.002+0000] {logging_mixin.py:188} INFO - [2026-02-23T01:40:17.002+0000] {dag.py:3954} INFO - Setting next_dagrun for produce_json to 2026-02-22 14:00:00+00:00, run_after=2026-02-23 14:00:00+00:00
[2026-02-23T01:40:17.008+0000] {logging_mixin.py:188} INFO - [2026-02-23T01:40:17.008+0000] {dag.py:3954} INFO - Setting next_dagrun for update_db to 2026-02-22 15:00:00+00:00, run_after=2026-02-23 15:00:00+00:00
[2026-02-23T01:40:17.040+0000] {processor.py:183} INFO - Processing /opt/airflow/dags/main.py took 0.235 seconds
[2026-02-23T01:40:47.252+0000] {processor.py:161} INFO - Started process (PID=2442) to work on /opt/airflow/dags/main.py
[2026-02-23T01:40:47.255+0000] {processor.py:830} INFO - Processing file /opt/airflow/dags/main.py for tasks to queue
[2026-02-23T01:40:47.260+0000] {logging_mixin.py:188} INFO - [2026-02-23T01:40:47.259+0000] {dagbag.py:545} INFO - Filling up the DagBag from /opt/airflow/dags/main.py
[2026-02-23T01:40:47.433+0000] {processor.py:840} INFO - DAG(s) 'update_db', 'produce_json' retrieved from /opt/airflow/dags/main.py
[2026-02-23T01:40:47.469+0000] {logging_mixin.py:188} INFO - [2026-02-23T01:40:47.469+0000] {dag.py:3096} INFO - Sync 2 DAGs
[2026-02-23T01:40:47.494+0000] {logging_mixin.py:188} INFO - [2026-02-23T01:40:47.493+0000] {dag.py:3954} INFO - Setting next_dagrun for produce_json to 2026-02-22 14:00:00+00:00, run_after=2026-02-23 14:00:00+00:00
[2026-02-23T01:40:47.499+0000] {logging_mixin.py:188} INFO - [2026-02-23T01:40:47.499+0000] {dag.py:3954} INFO - Setting next_dagrun for update_db to 2026-02-22 15:00:00+00:00, run_after=2026-02-23 15:00:00+00:00
[2026-02-23T01:40:47.516+0000] {processor.py:183} INFO - Processing /opt/airflow/dags/main.py took 0.273 seconds
[2026-02-23T01:41:17.760+0000] {processor.py:161} INFO - Started process (PID=2449) to work on /opt/airflow/dags/main.py
[2026-02-23T01:41:17.761+0000] {processor.py:830} INFO - Processing file /opt/airflow/dags/main.py for tasks to queue
[2026-02-23T01:41:17.764+0000] {logging_mixin.py:188} INFO - [2026-02-23T01:41:17.764+0000] {dagbag.py:545} INFO - Filling up the DagBag from /opt/airflow/dags/main.py
[2026-02-23T01:41:17.932+0000] {processor.py:840} INFO - DAG(s) 'produce_json', 'update_db' retrieved from /opt/airflow/dags/main.py
[2026-02-23T01:41:17.969+0000] {logging_mixin.py:188} INFO - [2026-02-23T01:41:17.969+0000] {dag.py:3096} INFO - Sync 2 DAGs
[2026-02-23T01:41:17.993+0000] {logging_mixin.py:188} INFO - [2026-02-23T01:41:17.992+0000] {dag.py:3954} INFO - Setting next_dagrun for produce_json to 2026-02-22 14:00:00+00:00, run_after=2026-02-23 14:00:00+00:00
[2026-02-23T01:41:17.998+0000] {logging_mixin.py:188} INFO - [2026-02-23T01:41:17.998+0000] {dag.py:3954} INFO - Setting next_dagrun for update_db to 2026-02-22 15:00:00+00:00, run_after=2026-02-23 15:00:00+00:00
[2026-02-23T01:41:18.032+0000] {processor.py:183} INFO - Processing /opt/airflow/dags/main.py took 0.278 seconds
[2026-02-23T01:41:48.259+0000] {processor.py:161} INFO - Started process (PID=2456) to work on /opt/airflow/dags/main.py
[2026-02-23T01:41:48.261+0000] {processor.py:830} INFO - Processing file /opt/airflow/dags/main.py for tasks to queue
[2026-02-23T01:41:48.264+0000] {logging_mixin.py:188} INFO - [2026-02-23T01:41:48.264+0000] {dagbag.py:545} INFO - Filling up the DagBag from /opt/airflow/dags/main.py
[2026-02-23T01:41:48.440+0000] {processor.py:840} INFO - DAG(s) 'update_db', 'produce_json' retrieved from /opt/airflow/dags/main.py
[2026-02-23T01:41:48.484+0000] {logging_mixin.py:188} INFO - [2026-02-23T01:41:48.484+0000] {dag.py:3096} INFO - Sync 2 DAGs
[2026-02-23T01:41:48.514+0000] {logging_mixin.py:188} INFO - [2026-02-23T01:41:48.514+0000] {dag.py:3954} INFO - Setting next_dagrun for produce_json to 2026-02-22 14:00:00+00:00, run_after=2026-02-23 14:00:00+00:00
[2026-02-23T01:41:48.520+0000] {logging_mixin.py:188} INFO - [2026-02-23T01:41:48.520+0000] {dag.py:3954} INFO - Setting next_dagrun for update_db to 2026-02-22 15:00:00+00:00, run_after=2026-02-23 15:00:00+00:00
[2026-02-23T01:41:48.552+0000] {processor.py:183} INFO - Processing /opt/airflow/dags/main.py took 0.299 seconds
[2026-02-23T01:42:18.628+0000] {processor.py:161} INFO - Started process (PID=2463) to work on /opt/airflow/dags/main.py
[2026-02-23T01:42:18.629+0000] {processor.py:830} INFO - Processing file /opt/airflow/dags/main.py for tasks to queue
[2026-02-23T01:42:18.631+0000] {logging_mixin.py:188} INFO - [2026-02-23T01:42:18.631+0000] {dagbag.py:545} INFO - Filling up the DagBag from /opt/airflow/dags/main.py
[2026-02-23T01:42:18.844+0000] {processor.py:840} INFO - DAG(s) 'update_db', 'produce_json' retrieved from /opt/airflow/dags/main.py
[2026-02-23T01:42:18.878+0000] {logging_mixin.py:188} INFO - [2026-02-23T01:42:18.878+0000] {dag.py:3096} INFO - Sync 2 DAGs
[2026-02-23T01:42:18.901+0000] {logging_mixin.py:188} INFO - [2026-02-23T01:42:18.901+0000] {dag.py:3954} INFO - Setting next_dagrun for produce_json to 2026-02-22 14:00:00+00:00, run_after=2026-02-23 14:00:00+00:00
[2026-02-23T01:42:18.907+0000] {logging_mixin.py:188} INFO - [2026-02-23T01:42:18.907+0000] {dag.py:3954} INFO - Setting next_dagrun for update_db to 2026-02-22 15:00:00+00:00, run_after=2026-02-23 15:00:00+00:00
[2026-02-23T01:42:18.941+0000] {processor.py:183} INFO - Processing /opt/airflow/dags/main.py took 0.319 seconds
[2026-02-23T01:42:49.016+0000] {processor.py:161} INFO - Started process (PID=2470) to work on /opt/airflow/dags/main.py
[2026-02-23T01:42:49.017+0000] {processor.py:830} INFO - Processing file /opt/airflow/dags/main.py for tasks to queue
[2026-02-23T01:42:49.019+0000] {logging_mixin.py:188} INFO - [2026-02-23T01:42:49.019+0000] {dagbag.py:545} INFO - Filling up the DagBag from /opt/airflow/dags/main.py
[2026-02-23T01:42:49.207+0000] {processor.py:840} INFO - DAG(s) 'update_db', 'produce_json' retrieved from /opt/airflow/dags/main.py
[2026-02-23T01:42:49.244+0000] {logging_mixin.py:188} INFO - [2026-02-23T01:42:49.244+0000] {dag.py:3096} INFO - Sync 2 DAGs
[2026-02-23T01:42:49.270+0000] {logging_mixin.py:188} INFO - [2026-02-23T01:42:49.270+0000] {dag.py:3954} INFO - Setting next_dagrun for produce_json to 2026-02-22 14:00:00+00:00, run_after=2026-02-23 14:00:00+00:00
[2026-02-23T01:42:49.277+0000] {logging_mixin.py:188} INFO - [2026-02-23T01:42:49.277+0000] {dag.py:3954} INFO - Setting next_dagrun for update_db to 2026-02-22 15:00:00+00:00, run_after=2026-02-23 15:00:00+00:00
[2026-02-23T01:42:49.301+0000] {processor.py:183} INFO - Processing /opt/airflow/dags/main.py took 0.291 seconds
[2026-02-23T01:43:19.407+0000] {processor.py:161} INFO - Started process (PID=2477) to work on /opt/airflow/dags/main.py
[2026-02-23T01:43:19.408+0000] {processor.py:830} INFO - Processing file /opt/airflow/dags/main.py for tasks to queue
[2026-02-23T01:43:19.413+0000] {logging_mixin.py:188} INFO - [2026-02-23T01:43:19.412+0000] {dagbag.py:545} INFO - Filling up the DagBag from /opt/airflow/dags/main.py
[2026-02-23T01:43:19.557+0000] {processor.py:840} INFO - DAG(s) 'produce_json', 'update_db' retrieved from /opt/airflow/dags/main.py
[2026-02-23T01:43:19.608+0000] {logging_mixin.py:188} INFO - [2026-02-23T01:43:19.608+0000] {dag.py:3096} INFO - Sync 2 DAGs
[2026-02-23T01:43:19.635+0000] {logging_mixin.py:188} INFO - [2026-02-23T01:43:19.635+0000] {dag.py:3954} INFO - Setting next_dagrun for produce_json to 2026-02-22 14:00:00+00:00, run_after=2026-02-23 14:00:00+00:00
[2026-02-23T01:43:19.642+0000] {logging_mixin.py:188} INFO - [2026-02-23T01:43:19.641+0000] {dag.py:3954} INFO - Setting next_dagrun for update_db to 2026-02-22 15:00:00+00:00, run_after=2026-02-23 15:00:00+00:00
[2026-02-23T01:43:19.676+0000] {processor.py:183} INFO - Processing /opt/airflow/dags/main.py took 0.275 seconds
[2026-02-23T01:43:49.913+0000] {processor.py:161} INFO - Started process (PID=2484) to work on /opt/airflow/dags/main.py
[2026-02-23T01:43:49.915+0000] {processor.py:830} INFO - Processing file /opt/airflow/dags/main.py for tasks to queue
[2026-02-23T01:43:49.918+0000] {logging_mixin.py:188} INFO - [2026-02-23T01:43:49.918+0000] {dagbag.py:545} INFO - Filling up the DagBag from /opt/airflow/dags/main.py
[2026-02-23T01:43:50.103+0000] {processor.py:840} INFO - DAG(s) 'produce_json', 'update_db' retrieved from /opt/airflow/dags/main.py
[2026-02-23T01:43:50.143+0000] {logging_mixin.py:188} INFO - [2026-02-23T01:43:50.143+0000] {dag.py:3096} INFO - Sync 2 DAGs
[2026-02-23T01:43:50.168+0000] {logging_mixin.py:188} INFO - [2026-02-23T01:43:50.168+0000] {dag.py:3954} INFO - Setting next_dagrun for produce_json to 2026-02-22 14:00:00+00:00, run_after=2026-02-23 14:00:00+00:00
[2026-02-23T01:43:50.173+0000] {logging_mixin.py:188} INFO - [2026-02-23T01:43:50.173+0000] {dag.py:3954} INFO - Setting next_dagrun for update_db to 2026-02-22 15:00:00+00:00, run_after=2026-02-23 15:00:00+00:00
[2026-02-23T01:43:50.192+0000] {processor.py:183} INFO - Processing /opt/airflow/dags/main.py took 0.286 seconds
[2026-02-23T01:44:20.417+0000] {processor.py:161} INFO - Started process (PID=2491) to work on /opt/airflow/dags/main.py
[2026-02-23T01:44:20.418+0000] {processor.py:830} INFO - Processing file /opt/airflow/dags/main.py for tasks to queue
[2026-02-23T01:44:20.421+0000] {logging_mixin.py:188} INFO - [2026-02-23T01:44:20.420+0000] {dagbag.py:545} INFO - Filling up the DagBag from /opt/airflow/dags/main.py
[2026-02-23T01:44:20.546+0000] {processor.py:840} INFO - DAG(s) 'update_db', 'produce_json' retrieved from /opt/airflow/dags/main.py
[2026-02-23T01:44:20.584+0000] {logging_mixin.py:188} INFO - [2026-02-23T01:44:20.584+0000] {dag.py:3096} INFO - Sync 2 DAGs
[2026-02-23T01:44:20.608+0000] {logging_mixin.py:188} INFO - [2026-02-23T01:44:20.608+0000] {dag.py:3954} INFO - Setting next_dagrun for produce_json to 2026-02-22 14:00:00+00:00, run_after=2026-02-23 14:00:00+00:00
[2026-02-23T01:44:20.615+0000] {logging_mixin.py:188} INFO - [2026-02-23T01:44:20.615+0000] {dag.py:3954} INFO - Setting next_dagrun for update_db to 2026-02-22 15:00:00+00:00, run_after=2026-02-23 15:00:00+00:00
[2026-02-23T01:44:20.634+0000] {processor.py:183} INFO - Processing /opt/airflow/dags/main.py took 0.224 seconds
[2026-02-23T01:44:50.866+0000] {processor.py:161} INFO - Started process (PID=2498) to work on /opt/airflow/dags/main.py
[2026-02-23T01:44:50.868+0000] {processor.py:830} INFO - Processing file /opt/airflow/dags/main.py for tasks to queue
[2026-02-23T01:44:50.874+0000] {logging_mixin.py:188} INFO - [2026-02-23T01:44:50.873+0000] {dagbag.py:545} INFO - Filling up the DagBag from /opt/airflow/dags/main.py
[2026-02-23T01:44:50.999+0000] {processor.py:840} INFO - DAG(s) 'produce_json', 'update_db' retrieved from /opt/airflow/dags/main.py
[2026-02-23T01:44:51.034+0000] {logging_mixin.py:188} INFO - [2026-02-23T01:44:51.034+0000] {dag.py:3096} INFO - Sync 2 DAGs
[2026-02-23T01:44:51.065+0000] {logging_mixin.py:188} INFO - [2026-02-23T01:44:51.065+0000] {dag.py:3954} INFO - Setting next_dagrun for produce_json to 2026-02-22 14:00:00+00:00, run_after=2026-02-23 14:00:00+00:00
[2026-02-23T01:44:51.077+0000] {logging_mixin.py:188} INFO - [2026-02-23T01:44:51.077+0000] {dag.py:3954} INFO - Setting next_dagrun for update_db to 2026-02-22 15:00:00+00:00, run_after=2026-02-23 15:00:00+00:00
[2026-02-23T01:44:51.112+0000] {processor.py:183} INFO - Processing /opt/airflow/dags/main.py took 0.254 seconds
[2026-02-23T01:45:21.359+0000] {processor.py:161} INFO - Started process (PID=2505) to work on /opt/airflow/dags/main.py
[2026-02-23T01:45:21.360+0000] {processor.py:830} INFO - Processing file /opt/airflow/dags/main.py for tasks to queue
[2026-02-23T01:45:21.363+0000] {logging_mixin.py:188} INFO - [2026-02-23T01:45:21.363+0000] {dagbag.py:545} INFO - Filling up the DagBag from /opt/airflow/dags/main.py
[2026-02-23T01:45:21.518+0000] {processor.py:840} INFO - DAG(s) 'update_db', 'produce_json' retrieved from /opt/airflow/dags/main.py
[2026-02-23T01:45:21.557+0000] {logging_mixin.py:188} INFO - [2026-02-23T01:45:21.557+0000] {dag.py:3096} INFO - Sync 2 DAGs
[2026-02-23T01:45:21.582+0000] {logging_mixin.py:188} INFO - [2026-02-23T01:45:21.581+0000] {dag.py:3954} INFO - Setting next_dagrun for produce_json to 2026-02-22 14:00:00+00:00, run_after=2026-02-23 14:00:00+00:00
[2026-02-23T01:45:21.588+0000] {logging_mixin.py:188} INFO - [2026-02-23T01:45:21.587+0000] {dag.py:3954} INFO - Setting next_dagrun for update_db to 2026-02-22 15:00:00+00:00, run_after=2026-02-23 15:00:00+00:00
[2026-02-23T01:45:21.621+0000] {processor.py:183} INFO - Processing /opt/airflow/dags/main.py took 0.268 seconds
[2026-02-23T01:45:51.872+0000] {processor.py:161} INFO - Started process (PID=2512) to work on /opt/airflow/dags/main.py
[2026-02-23T01:45:51.873+0000] {processor.py:830} INFO - Processing file /opt/airflow/dags/main.py for tasks to queue
[2026-02-23T01:45:51.875+0000] {logging_mixin.py:188} INFO - [2026-02-23T01:45:51.874+0000] {dagbag.py:545} INFO - Filling up the DagBag from /opt/airflow/dags/main.py
[2026-02-23T01:45:51.980+0000] {processor.py:840} INFO - DAG(s) 'produce_json', 'update_db' retrieved from /opt/airflow/dags/main.py
[2026-02-23T01:45:52.011+0000] {logging_mixin.py:188} INFO - [2026-02-23T01:45:52.011+0000] {dag.py:3096} INFO - Sync 2 DAGs
[2026-02-23T01:45:52.035+0000] {logging_mixin.py:188} INFO - [2026-02-23T01:45:52.035+0000] {dag.py:3954} INFO - Setting next_dagrun for produce_json to 2026-02-22 14:00:00+00:00, run_after=2026-02-23 14:00:00+00:00
[2026-02-23T01:45:52.041+0000] {logging_mixin.py:188} INFO - [2026-02-23T01:45:52.041+0000] {dag.py:3954} INFO - Setting next_dagrun for update_db to 2026-02-22 15:00:00+00:00, run_after=2026-02-23 15:00:00+00:00
[2026-02-23T01:45:52.060+0000] {processor.py:183} INFO - Processing /opt/airflow/dags/main.py took 0.194 seconds
[2026-02-23T01:46:22.307+0000] {processor.py:161} INFO - Started process (PID=2519) to work on /opt/airflow/dags/main.py
[2026-02-23T01:46:22.308+0000] {processor.py:830} INFO - Processing file /opt/airflow/dags/main.py for tasks to queue
[2026-02-23T01:46:22.311+0000] {logging_mixin.py:188} INFO - [2026-02-23T01:46:22.311+0000] {dagbag.py:545} INFO - Filling up the DagBag from /opt/airflow/dags/main.py
[2026-02-23T01:46:22.484+0000] {processor.py:840} INFO - DAG(s) 'produce_json', 'update_db' retrieved from /opt/airflow/dags/main.py
[2026-02-23T01:46:22.517+0000] {logging_mixin.py:188} INFO - [2026-02-23T01:46:22.517+0000] {dag.py:3096} INFO - Sync 2 DAGs
[2026-02-23T01:46:22.540+0000] {logging_mixin.py:188} INFO - [2026-02-23T01:46:22.539+0000] {dag.py:3954} INFO - Setting next_dagrun for produce_json to 2026-02-22 14:00:00+00:00, run_after=2026-02-23 14:00:00+00:00
[2026-02-23T01:46:22.545+0000] {logging_mixin.py:188} INFO - [2026-02-23T01:46:22.545+0000] {dag.py:3954} INFO - Setting next_dagrun for update_db to 2026-02-22 15:00:00+00:00, run_after=2026-02-23 15:00:00+00:00
[2026-02-23T01:46:22.571+0000] {processor.py:183} INFO - Processing /opt/airflow/dags/main.py took 0.271 seconds
[2026-02-23T01:46:52.856+0000] {processor.py:161} INFO - Started process (PID=2526) to work on /opt/airflow/dags/main.py
[2026-02-23T01:46:52.858+0000] {processor.py:830} INFO - Processing file /opt/airflow/dags/main.py for tasks to queue
[2026-02-23T01:46:52.861+0000] {logging_mixin.py:188} INFO - [2026-02-23T01:46:52.860+0000] {dagbag.py:545} INFO - Filling up the DagBag from /opt/airflow/dags/main.py
[2026-02-23T01:46:53.104+0000] {processor.py:840} INFO - DAG(s) 'produce_json', 'update_db' retrieved from /opt/airflow/dags/main.py
[2026-02-23T01:46:53.144+0000] {logging_mixin.py:188} INFO - [2026-02-23T01:46:53.144+0000] {dag.py:3096} INFO - Sync 2 DAGs
[2026-02-23T01:46:53.175+0000] {logging_mixin.py:188} INFO - [2026-02-23T01:46:53.175+0000] {dag.py:3954} INFO - Setting next_dagrun for produce_json to 2026-02-22 14:00:00+00:00, run_after=2026-02-23 14:00:00+00:00
[2026-02-23T01:46:53.180+0000] {logging_mixin.py:188} INFO - [2026-02-23T01:46:53.180+0000] {dag.py:3954} INFO - Setting next_dagrun for update_db to 2026-02-22 15:00:00+00:00, run_after=2026-02-23 15:00:00+00:00
[2026-02-23T01:46:53.206+0000] {processor.py:183} INFO - Processing /opt/airflow/dags/main.py took 0.356 seconds
[2026-02-23T01:47:23.462+0000] {processor.py:161} INFO - Started process (PID=2533) to work on /opt/airflow/dags/main.py
[2026-02-23T01:47:23.464+0000] {processor.py:830} INFO - Processing file /opt/airflow/dags/main.py for tasks to queue
[2026-02-23T01:47:23.466+0000] {logging_mixin.py:188} INFO - [2026-02-23T01:47:23.466+0000] {dagbag.py:545} INFO - Filling up the DagBag from /opt/airflow/dags/main.py
[2026-02-23T01:47:23.643+0000] {processor.py:840} INFO - DAG(s) 'produce_json', 'update_db' retrieved from /opt/airflow/dags/main.py
[2026-02-23T01:47:23.678+0000] {logging_mixin.py:188} INFO - [2026-02-23T01:47:23.677+0000] {dag.py:3096} INFO - Sync 2 DAGs
[2026-02-23T01:47:23.703+0000] {logging_mixin.py:188} INFO - [2026-02-23T01:47:23.703+0000] {dag.py:3954} INFO - Setting next_dagrun for produce_json to 2026-02-22 14:00:00+00:00, run_after=2026-02-23 14:00:00+00:00
[2026-02-23T01:47:23.710+0000] {logging_mixin.py:188} INFO - [2026-02-23T01:47:23.709+0000] {dag.py:3954} INFO - Setting next_dagrun for update_db to 2026-02-22 15:00:00+00:00, run_after=2026-02-23 15:00:00+00:00
[2026-02-23T01:47:23.730+0000] {processor.py:183} INFO - Processing /opt/airflow/dags/main.py took 0.274 seconds
[2026-02-23T01:47:54.006+0000] {processor.py:161} INFO - Started process (PID=2540) to work on /opt/airflow/dags/main.py
[2026-02-23T01:47:54.007+0000] {processor.py:830} INFO - Processing file /opt/airflow/dags/main.py for tasks to queue
[2026-02-23T01:47:54.010+0000] {logging_mixin.py:188} INFO - [2026-02-23T01:47:54.010+0000] {dagbag.py:545} INFO - Filling up the DagBag from /opt/airflow/dags/main.py
[2026-02-23T01:47:54.174+0000] {processor.py:840} INFO - DAG(s) 'produce_json', 'update_db' retrieved from /opt/airflow/dags/main.py
[2026-02-23T01:47:54.212+0000] {logging_mixin.py:188} INFO - [2026-02-23T01:47:54.212+0000] {dag.py:3096} INFO - Sync 2 DAGs
[2026-02-23T01:47:54.236+0000] {logging_mixin.py:188} INFO - [2026-02-23T01:47:54.235+0000] {dag.py:3954} INFO - Setting next_dagrun for produce_json to 2026-02-22 14:00:00+00:00, run_after=2026-02-23 14:00:00+00:00
[2026-02-23T01:47:54.241+0000] {logging_mixin.py:188} INFO - [2026-02-23T01:47:54.241+0000] {dag.py:3954} INFO - Setting next_dagrun for update_db to 2026-02-22 15:00:00+00:00, run_after=2026-02-23 15:00:00+00:00
[2026-02-23T01:47:54.272+0000] {processor.py:183} INFO - Processing /opt/airflow/dags/main.py took 0.273 seconds
[2026-02-23T01:48:24.532+0000] {processor.py:161} INFO - Started process (PID=2547) to work on /opt/airflow/dags/main.py
[2026-02-23T01:48:24.534+0000] {processor.py:830} INFO - Processing file /opt/airflow/dags/main.py for tasks to queue
[2026-02-23T01:48:24.536+0000] {logging_mixin.py:188} INFO - [2026-02-23T01:48:24.536+0000] {dagbag.py:545} INFO - Filling up the DagBag from /opt/airflow/dags/main.py
[2026-02-23T01:48:24.713+0000] {processor.py:840} INFO - DAG(s) 'update_db', 'produce_json' retrieved from /opt/airflow/dags/main.py
[2026-02-23T01:48:24.747+0000] {logging_mixin.py:188} INFO - [2026-02-23T01:48:24.746+0000] {dag.py:3096} INFO - Sync 2 DAGs
[2026-02-23T01:48:24.785+0000] {logging_mixin.py:188} INFO - [2026-02-23T01:48:24.785+0000] {dag.py:3954} INFO - Setting next_dagrun for produce_json to 2026-02-22 14:00:00+00:00, run_after=2026-02-23 14:00:00+00:00
[2026-02-23T01:48:24.792+0000] {logging_mixin.py:188} INFO - [2026-02-23T01:48:24.792+0000] {dag.py:3954} INFO - Setting next_dagrun for update_db to 2026-02-22 15:00:00+00:00, run_after=2026-02-23 15:00:00+00:00
[2026-02-23T01:48:24.818+0000] {processor.py:183} INFO - Processing /opt/airflow/dags/main.py took 0.293 seconds
[2026-02-23T01:48:55.054+0000] {processor.py:161} INFO - Started process (PID=2554) to work on /opt/airflow/dags/main.py
[2026-02-23T01:48:55.056+0000] {processor.py:830} INFO - Processing file /opt/airflow/dags/main.py for tasks to queue
[2026-02-23T01:48:55.059+0000] {logging_mixin.py:188} INFO - [2026-02-23T01:48:55.059+0000] {dagbag.py:545} INFO - Filling up the DagBag from /opt/airflow/dags/main.py
[2026-02-23T01:48:55.236+0000] {processor.py:840} INFO - DAG(s) 'update_db', 'produce_json' retrieved from /opt/airflow/dags/main.py
[2026-02-23T01:48:55.269+0000] {logging_mixin.py:188} INFO - [2026-02-23T01:48:55.269+0000] {dag.py:3096} INFO - Sync 2 DAGs
[2026-02-23T01:48:55.294+0000] {logging_mixin.py:188} INFO - [2026-02-23T01:48:55.294+0000] {dag.py:3954} INFO - Setting next_dagrun for produce_json to 2026-02-22 14:00:00+00:00, run_after=2026-02-23 14:00:00+00:00
[2026-02-23T01:48:55.299+0000] {logging_mixin.py:188} INFO - [2026-02-23T01:48:55.299+0000] {dag.py:3954} INFO - Setting next_dagrun for update_db to 2026-02-22 15:00:00+00:00, run_after=2026-02-23 15:00:00+00:00
[2026-02-23T01:48:55.332+0000] {processor.py:183} INFO - Processing /opt/airflow/dags/main.py took 0.285 seconds
[2026-02-23T01:49:25.576+0000] {processor.py:161} INFO - Started process (PID=2561) to work on /opt/airflow/dags/main.py
[2026-02-23T01:49:25.577+0000] {processor.py:830} INFO - Processing file /opt/airflow/dags/main.py for tasks to queue
[2026-02-23T01:49:25.579+0000] {logging_mixin.py:188} INFO - [2026-02-23T01:49:25.579+0000] {dagbag.py:545} INFO - Filling up the DagBag from /opt/airflow/dags/main.py
[2026-02-23T01:49:25.733+0000] {processor.py:840} INFO - DAG(s) 'update_db', 'produce_json' retrieved from /opt/airflow/dags/main.py
[2026-02-23T01:49:25.767+0000] {logging_mixin.py:188} INFO - [2026-02-23T01:49:25.766+0000] {dag.py:3096} INFO - Sync 2 DAGs
[2026-02-23T01:49:25.793+0000] {logging_mixin.py:188} INFO - [2026-02-23T01:49:25.792+0000] {dag.py:3954} INFO - Setting next_dagrun for produce_json to 2026-02-22 14:00:00+00:00, run_after=2026-02-23 14:00:00+00:00
[2026-02-23T01:49:25.798+0000] {logging_mixin.py:188} INFO - [2026-02-23T01:49:25.798+0000] {dag.py:3954} INFO - Setting next_dagrun for update_db to 2026-02-22 15:00:00+00:00, run_after=2026-02-23 15:00:00+00:00
[2026-02-23T01:49:25.817+0000] {processor.py:183} INFO - Processing /opt/airflow/dags/main.py took 0.247 seconds
[2026-02-23T01:49:56.098+0000] {processor.py:161} INFO - Started process (PID=2568) to work on /opt/airflow/dags/main.py
[2026-02-23T01:49:56.100+0000] {processor.py:830} INFO - Processing file /opt/airflow/dags/main.py for tasks to queue
[2026-02-23T01:49:56.104+0000] {logging_mixin.py:188} INFO - [2026-02-23T01:49:56.104+0000] {dagbag.py:545} INFO - Filling up the DagBag from /opt/airflow/dags/main.py
[2026-02-23T01:49:56.228+0000] {processor.py:840} INFO - DAG(s) 'produce_json', 'update_db' retrieved from /opt/airflow/dags/main.py
[2026-02-23T01:49:56.261+0000] {logging_mixin.py:188} INFO - [2026-02-23T01:49:56.260+0000] {dag.py:3096} INFO - Sync 2 DAGs
[2026-02-23T01:49:56.286+0000] {logging_mixin.py:188} INFO - [2026-02-23T01:49:56.286+0000] {dag.py:3954} INFO - Setting next_dagrun for produce_json to 2026-02-22 14:00:00+00:00, run_after=2026-02-23 14:00:00+00:00
[2026-02-23T01:49:56.292+0000] {logging_mixin.py:188} INFO - [2026-02-23T01:49:56.291+0000] {dag.py:3954} INFO - Setting next_dagrun for update_db to 2026-02-22 15:00:00+00:00, run_after=2026-02-23 15:00:00+00:00
[2026-02-23T01:49:56.313+0000] {processor.py:183} INFO - Processing /opt/airflow/dags/main.py took 0.224 seconds
[2026-02-23T01:50:26.549+0000] {processor.py:161} INFO - Started process (PID=2575) to work on /opt/airflow/dags/main.py
[2026-02-23T01:50:26.550+0000] {processor.py:830} INFO - Processing file /opt/airflow/dags/main.py for tasks to queue
[2026-02-23T01:50:26.554+0000] {logging_mixin.py:188} INFO - [2026-02-23T01:50:26.553+0000] {dagbag.py:545} INFO - Filling up the DagBag from /opt/airflow/dags/main.py
[2026-02-23T01:50:26.702+0000] {processor.py:840} INFO - DAG(s) 'update_db', 'produce_json' retrieved from /opt/airflow/dags/main.py
[2026-02-23T01:50:26.738+0000] {logging_mixin.py:188} INFO - [2026-02-23T01:50:26.737+0000] {dag.py:3096} INFO - Sync 2 DAGs
[2026-02-23T01:50:26.768+0000] {logging_mixin.py:188} INFO - [2026-02-23T01:50:26.768+0000] {dag.py:3954} INFO - Setting next_dagrun for produce_json to 2026-02-22 14:00:00+00:00, run_after=2026-02-23 14:00:00+00:00
[2026-02-23T01:50:26.775+0000] {logging_mixin.py:188} INFO - [2026-02-23T01:50:26.774+0000] {dag.py:3954} INFO - Setting next_dagrun for update_db to 2026-02-22 15:00:00+00:00, run_after=2026-02-23 15:00:00+00:00
[2026-02-23T01:50:26.801+0000] {processor.py:183} INFO - Processing /opt/airflow/dags/main.py took 0.258 seconds
[2026-02-23T01:50:57.061+0000] {processor.py:161} INFO - Started process (PID=2582) to work on /opt/airflow/dags/main.py
[2026-02-23T01:50:57.062+0000] {processor.py:830} INFO - Processing file /opt/airflow/dags/main.py for tasks to queue
[2026-02-23T01:50:57.065+0000] {logging_mixin.py:188} INFO - [2026-02-23T01:50:57.064+0000] {dagbag.py:545} INFO - Filling up the DagBag from /opt/airflow/dags/main.py
[2026-02-23T01:50:57.237+0000] {processor.py:840} INFO - DAG(s) 'produce_json', 'update_db' retrieved from /opt/airflow/dags/main.py
[2026-02-23T01:50:57.274+0000] {logging_mixin.py:188} INFO - [2026-02-23T01:50:57.274+0000] {dag.py:3096} INFO - Sync 2 DAGs
[2026-02-23T01:50:57.297+0000] {logging_mixin.py:188} INFO - [2026-02-23T01:50:57.297+0000] {dag.py:3954} INFO - Setting next_dagrun for produce_json to 2026-02-22 14:00:00+00:00, run_after=2026-02-23 14:00:00+00:00
[2026-02-23T01:50:57.302+0000] {logging_mixin.py:188} INFO - [2026-02-23T01:50:57.302+0000] {dag.py:3954} INFO - Setting next_dagrun for update_db to 2026-02-22 15:00:00+00:00, run_after=2026-02-23 15:00:00+00:00
[2026-02-23T01:50:57.328+0000] {processor.py:183} INFO - Processing /opt/airflow/dags/main.py took 0.273 seconds
[2026-02-23T01:51:27.587+0000] {processor.py:161} INFO - Started process (PID=2589) to work on /opt/airflow/dags/main.py
[2026-02-23T01:51:27.588+0000] {processor.py:830} INFO - Processing file /opt/airflow/dags/main.py for tasks to queue
[2026-02-23T01:51:27.591+0000] {logging_mixin.py:188} INFO - [2026-02-23T01:51:27.590+0000] {dagbag.py:545} INFO - Filling up the DagBag from /opt/airflow/dags/main.py
[2026-02-23T01:51:27.739+0000] {processor.py:840} INFO - DAG(s) 'produce_json', 'update_db' retrieved from /opt/airflow/dags/main.py
[2026-02-23T01:51:27.773+0000] {logging_mixin.py:188} INFO - [2026-02-23T01:51:27.773+0000] {dag.py:3096} INFO - Sync 2 DAGs
[2026-02-23T01:51:27.799+0000] {logging_mixin.py:188} INFO - [2026-02-23T01:51:27.799+0000] {dag.py:3954} INFO - Setting next_dagrun for produce_json to 2026-02-22 14:00:00+00:00, run_after=2026-02-23 14:00:00+00:00
[2026-02-23T01:51:27.813+0000] {logging_mixin.py:188} INFO - [2026-02-23T01:51:27.813+0000] {dag.py:3954} INFO - Setting next_dagrun for update_db to 2026-02-22 15:00:00+00:00, run_after=2026-02-23 15:00:00+00:00
[2026-02-23T01:51:27.864+0000] {processor.py:183} INFO - Processing /opt/airflow/dags/main.py took 0.283 seconds
[2026-02-23T01:51:58.116+0000] {processor.py:161} INFO - Started process (PID=2596) to work on /opt/airflow/dags/main.py
[2026-02-23T01:51:58.118+0000] {processor.py:830} INFO - Processing file /opt/airflow/dags/main.py for tasks to queue
[2026-02-23T01:51:58.121+0000] {logging_mixin.py:188} INFO - [2026-02-23T01:51:58.120+0000] {dagbag.py:545} INFO - Filling up the DagBag from /opt/airflow/dags/main.py
[2026-02-23T01:51:58.298+0000] {processor.py:840} INFO - DAG(s) 'update_db', 'produce_json' retrieved from /opt/airflow/dags/main.py
[2026-02-23T01:51:58.337+0000] {logging_mixin.py:188} INFO - [2026-02-23T01:51:58.336+0000] {dag.py:3096} INFO - Sync 2 DAGs
[2026-02-23T01:51:58.367+0000] {logging_mixin.py:188} INFO - [2026-02-23T01:51:58.367+0000] {dag.py:3954} INFO - Setting next_dagrun for produce_json to 2026-02-22 14:00:00+00:00, run_after=2026-02-23 14:00:00+00:00
[2026-02-23T01:51:58.373+0000] {logging_mixin.py:188} INFO - [2026-02-23T01:51:58.373+0000] {dag.py:3954} INFO - Setting next_dagrun for update_db to 2026-02-22 15:00:00+00:00, run_after=2026-02-23 15:00:00+00:00
[2026-02-23T01:51:58.395+0000] {processor.py:183} INFO - Processing /opt/airflow/dags/main.py took 0.285 seconds
[2026-02-23T01:52:28.479+0000] {processor.py:161} INFO - Started process (PID=2603) to work on /opt/airflow/dags/main.py
[2026-02-23T01:52:28.481+0000] {processor.py:830} INFO - Processing file /opt/airflow/dags/main.py for tasks to queue
[2026-02-23T01:52:28.486+0000] {logging_mixin.py:188} INFO - [2026-02-23T01:52:28.486+0000] {dagbag.py:545} INFO - Filling up the DagBag from /opt/airflow/dags/main.py
[2026-02-23T01:52:28.626+0000] {processor.py:840} INFO - DAG(s) 'produce_json', 'update_db' retrieved from /opt/airflow/dags/main.py
[2026-02-23T01:52:28.657+0000] {logging_mixin.py:188} INFO - [2026-02-23T01:52:28.657+0000] {dag.py:3096} INFO - Sync 2 DAGs
[2026-02-23T01:52:28.684+0000] {logging_mixin.py:188} INFO - [2026-02-23T01:52:28.684+0000] {dag.py:3954} INFO - Setting next_dagrun for produce_json to 2026-02-22 14:00:00+00:00, run_after=2026-02-23 14:00:00+00:00
[2026-02-23T01:52:28.690+0000] {logging_mixin.py:188} INFO - [2026-02-23T01:52:28.689+0000] {dag.py:3954} INFO - Setting next_dagrun for update_db to 2026-02-22 15:00:00+00:00, run_after=2026-02-23 15:00:00+00:00
[2026-02-23T01:52:28.722+0000] {processor.py:183} INFO - Processing /opt/airflow/dags/main.py took 0.249 seconds
[2026-02-23T01:52:58.859+0000] {processor.py:161} INFO - Started process (PID=2610) to work on /opt/airflow/dags/main.py
[2026-02-23T01:52:58.861+0000] {processor.py:830} INFO - Processing file /opt/airflow/dags/main.py for tasks to queue
[2026-02-23T01:52:58.865+0000] {logging_mixin.py:188} INFO - [2026-02-23T01:52:58.865+0000] {dagbag.py:545} INFO - Filling up the DagBag from /opt/airflow/dags/main.py
[2026-02-23T01:52:59.057+0000] {processor.py:840} INFO - DAG(s) 'update_db', 'produce_json' retrieved from /opt/airflow/dags/main.py
[2026-02-23T01:52:59.095+0000] {logging_mixin.py:188} INFO - [2026-02-23T01:52:59.095+0000] {dag.py:3096} INFO - Sync 2 DAGs
[2026-02-23T01:52:59.122+0000] {logging_mixin.py:188} INFO - [2026-02-23T01:52:59.122+0000] {dag.py:3954} INFO - Setting next_dagrun for produce_json to 2026-02-22 14:00:00+00:00, run_after=2026-02-23 14:00:00+00:00
[2026-02-23T01:52:59.128+0000] {logging_mixin.py:188} INFO - [2026-02-23T01:52:59.128+0000] {dag.py:3954} INFO - Setting next_dagrun for update_db to 2026-02-22 15:00:00+00:00, run_after=2026-02-23 15:00:00+00:00
[2026-02-23T01:52:59.149+0000] {processor.py:183} INFO - Processing /opt/airflow/dags/main.py took 0.300 seconds
[2026-02-23T01:53:29.381+0000] {processor.py:161} INFO - Started process (PID=2617) to work on /opt/airflow/dags/main.py
[2026-02-23T01:53:29.383+0000] {processor.py:830} INFO - Processing file /opt/airflow/dags/main.py for tasks to queue
[2026-02-23T01:53:29.386+0000] {logging_mixin.py:188} INFO - [2026-02-23T01:53:29.386+0000] {dagbag.py:545} INFO - Filling up the DagBag from /opt/airflow/dags/main.py
[2026-02-23T01:53:29.569+0000] {processor.py:840} INFO - DAG(s) 'update_db', 'produce_json' retrieved from /opt/airflow/dags/main.py
[2026-02-23T01:53:29.608+0000] {logging_mixin.py:188} INFO - [2026-02-23T01:53:29.608+0000] {dag.py:3096} INFO - Sync 2 DAGs
[2026-02-23T01:53:29.636+0000] {logging_mixin.py:188} INFO - [2026-02-23T01:53:29.636+0000] {dag.py:3954} INFO - Setting next_dagrun for produce_json to 2026-02-22 14:00:00+00:00, run_after=2026-02-23 14:00:00+00:00
[2026-02-23T01:53:29.642+0000] {logging_mixin.py:188} INFO - [2026-02-23T01:53:29.642+0000] {dag.py:3954} INFO - Setting next_dagrun for update_db to 2026-02-22 15:00:00+00:00, run_after=2026-02-23 15:00:00+00:00
[2026-02-23T01:53:29.680+0000] {processor.py:183} INFO - Processing /opt/airflow/dags/main.py took 0.305 seconds
[2026-02-23T01:53:59.952+0000] {processor.py:161} INFO - Started process (PID=2624) to work on /opt/airflow/dags/main.py
[2026-02-23T01:53:59.954+0000] {processor.py:830} INFO - Processing file /opt/airflow/dags/main.py for tasks to queue
[2026-02-23T01:53:59.956+0000] {logging_mixin.py:188} INFO - [2026-02-23T01:53:59.956+0000] {dagbag.py:545} INFO - Filling up the DagBag from /opt/airflow/dags/main.py
[2026-02-23T01:54:00.114+0000] {processor.py:840} INFO - DAG(s) 'update_db', 'produce_json' retrieved from /opt/airflow/dags/main.py
[2026-02-23T01:54:00.150+0000] {logging_mixin.py:188} INFO - [2026-02-23T01:54:00.150+0000] {dag.py:3096} INFO - Sync 2 DAGs
[2026-02-23T01:54:00.178+0000] {logging_mixin.py:188} INFO - [2026-02-23T01:54:00.178+0000] {dag.py:3954} INFO - Setting next_dagrun for produce_json to 2026-02-22 14:00:00+00:00, run_after=2026-02-23 14:00:00+00:00
[2026-02-23T01:54:00.184+0000] {logging_mixin.py:188} INFO - [2026-02-23T01:54:00.184+0000] {dag.py:3954} INFO - Setting next_dagrun for update_db to 2026-02-22 15:00:00+00:00, run_after=2026-02-23 15:00:00+00:00
[2026-02-23T01:54:00.213+0000] {processor.py:183} INFO - Processing /opt/airflow/dags/main.py took 0.268 seconds
[2026-02-23T01:54:30.439+0000] {processor.py:161} INFO - Started process (PID=2631) to work on /opt/airflow/dags/main.py
[2026-02-23T01:54:30.440+0000] {processor.py:830} INFO - Processing file /opt/airflow/dags/main.py for tasks to queue
[2026-02-23T01:54:30.444+0000] {logging_mixin.py:188} INFO - [2026-02-23T01:54:30.443+0000] {dagbag.py:545} INFO - Filling up the DagBag from /opt/airflow/dags/main.py
[2026-02-23T01:54:30.576+0000] {processor.py:840} INFO - DAG(s) 'update_db', 'produce_json' retrieved from /opt/airflow/dags/main.py
[2026-02-23T01:54:30.613+0000] {logging_mixin.py:188} INFO - [2026-02-23T01:54:30.613+0000] {dag.py:3096} INFO - Sync 2 DAGs
[2026-02-23T01:54:30.650+0000] {logging_mixin.py:188} INFO - [2026-02-23T01:54:30.650+0000] {dag.py:3954} INFO - Setting next_dagrun for produce_json to 2026-02-22 14:00:00+00:00, run_after=2026-02-23 14:00:00+00:00
[2026-02-23T01:54:30.657+0000] {logging_mixin.py:188} INFO - [2026-02-23T01:54:30.657+0000] {dag.py:3954} INFO - Setting next_dagrun for update_db to 2026-02-22 15:00:00+00:00, run_after=2026-02-23 15:00:00+00:00
[2026-02-23T01:54:30.697+0000] {processor.py:183} INFO - Processing /opt/airflow/dags/main.py took 0.265 seconds
[2026-02-23T01:55:00.937+0000] {processor.py:161} INFO - Started process (PID=2638) to work on /opt/airflow/dags/main.py
[2026-02-23T01:55:00.938+0000] {processor.py:830} INFO - Processing file /opt/airflow/dags/main.py for tasks to queue
[2026-02-23T01:55:00.941+0000] {logging_mixin.py:188} INFO - [2026-02-23T01:55:00.941+0000] {dagbag.py:545} INFO - Filling up the DagBag from /opt/airflow/dags/main.py
[2026-02-23T01:55:01.080+0000] {processor.py:840} INFO - DAG(s) 'update_db', 'produce_json' retrieved from /opt/airflow/dags/main.py
[2026-02-23T01:55:01.131+0000] {logging_mixin.py:188} INFO - [2026-02-23T01:55:01.130+0000] {dag.py:3096} INFO - Sync 2 DAGs
[2026-02-23T01:55:01.160+0000] {logging_mixin.py:188} INFO - [2026-02-23T01:55:01.160+0000] {dag.py:3954} INFO - Setting next_dagrun for produce_json to 2026-02-22 14:00:00+00:00, run_after=2026-02-23 14:00:00+00:00
[2026-02-23T01:55:01.167+0000] {logging_mixin.py:188} INFO - [2026-02-23T01:55:01.166+0000] {dag.py:3954} INFO - Setting next_dagrun for update_db to 2026-02-22 15:00:00+00:00, run_after=2026-02-23 15:00:00+00:00
[2026-02-23T01:55:01.191+0000] {processor.py:183} INFO - Processing /opt/airflow/dags/main.py took 0.262 seconds
[2026-02-23T01:55:31.433+0000] {processor.py:161} INFO - Started process (PID=2645) to work on /opt/airflow/dags/main.py
[2026-02-23T01:55:31.434+0000] {processor.py:830} INFO - Processing file /opt/airflow/dags/main.py for tasks to queue
[2026-02-23T01:55:31.436+0000] {logging_mixin.py:188} INFO - [2026-02-23T01:55:31.436+0000] {dagbag.py:545} INFO - Filling up the DagBag from /opt/airflow/dags/main.py
[2026-02-23T01:55:31.553+0000] {processor.py:840} INFO - DAG(s) 'update_db', 'produce_json' retrieved from /opt/airflow/dags/main.py
[2026-02-23T01:55:31.588+0000] {logging_mixin.py:188} INFO - [2026-02-23T01:55:31.587+0000] {dag.py:3096} INFO - Sync 2 DAGs
[2026-02-23T01:55:31.612+0000] {logging_mixin.py:188} INFO - [2026-02-23T01:55:31.612+0000] {dag.py:3954} INFO - Setting next_dagrun for produce_json to 2026-02-22 14:00:00+00:00, run_after=2026-02-23 14:00:00+00:00
[2026-02-23T01:55:31.617+0000] {logging_mixin.py:188} INFO - [2026-02-23T01:55:31.617+0000] {dag.py:3954} INFO - Setting next_dagrun for update_db to 2026-02-22 15:00:00+00:00, run_after=2026-02-23 15:00:00+00:00
[2026-02-23T01:55:31.638+0000] {processor.py:183} INFO - Processing /opt/airflow/dags/main.py took 0.211 seconds
[2026-02-23T01:56:01.941+0000] {processor.py:161} INFO - Started process (PID=2652) to work on /opt/airflow/dags/main.py
[2026-02-23T01:56:01.942+0000] {processor.py:830} INFO - Processing file /opt/airflow/dags/main.py for tasks to queue
[2026-02-23T01:56:01.945+0000] {logging_mixin.py:188} INFO - [2026-02-23T01:56:01.944+0000] {dagbag.py:545} INFO - Filling up the DagBag from /opt/airflow/dags/main.py
[2026-02-23T01:56:02.045+0000] {processor.py:840} INFO - DAG(s) 'update_db', 'produce_json' retrieved from /opt/airflow/dags/main.py
[2026-02-23T01:56:02.084+0000] {logging_mixin.py:188} INFO - [2026-02-23T01:56:02.084+0000] {dag.py:3096} INFO - Sync 2 DAGs
[2026-02-23T01:56:02.116+0000] {logging_mixin.py:188} INFO - [2026-02-23T01:56:02.115+0000] {dag.py:3954} INFO - Setting next_dagrun for produce_json to 2026-02-22 14:00:00+00:00, run_after=2026-02-23 14:00:00+00:00
[2026-02-23T01:56:02.121+0000] {logging_mixin.py:188} INFO - [2026-02-23T01:56:02.121+0000] {dag.py:3954} INFO - Setting next_dagrun for update_db to 2026-02-22 15:00:00+00:00, run_after=2026-02-23 15:00:00+00:00
[2026-02-23T01:56:02.141+0000] {processor.py:183} INFO - Processing /opt/airflow/dags/main.py took 0.206 seconds
[2026-02-23T01:56:32.385+0000] {processor.py:161} INFO - Started process (PID=2665) to work on /opt/airflow/dags/main.py
[2026-02-23T01:56:32.387+0000] {processor.py:830} INFO - Processing file /opt/airflow/dags/main.py for tasks to queue
[2026-02-23T01:56:32.390+0000] {logging_mixin.py:188} INFO - [2026-02-23T01:56:32.389+0000] {dagbag.py:545} INFO - Filling up the DagBag from /opt/airflow/dags/main.py
[2026-02-23T01:56:32.583+0000] {processor.py:840} INFO - DAG(s) 'update_db', 'produce_json' retrieved from /opt/airflow/dags/main.py
[2026-02-23T01:56:32.617+0000] {logging_mixin.py:188} INFO - [2026-02-23T01:56:32.617+0000] {dag.py:3096} INFO - Sync 2 DAGs
[2026-02-23T01:56:32.640+0000] {logging_mixin.py:188} INFO - [2026-02-23T01:56:32.640+0000] {dag.py:3954} INFO - Setting next_dagrun for produce_json to 2026-02-22 14:00:00+00:00, run_after=2026-02-23 14:00:00+00:00
[2026-02-23T01:56:32.646+0000] {logging_mixin.py:188} INFO - [2026-02-23T01:56:32.645+0000] {dag.py:3954} INFO - Setting next_dagrun for update_db to 2026-02-22 15:00:00+00:00, run_after=2026-02-23 15:00:00+00:00
[2026-02-23T01:56:32.667+0000] {processor.py:183} INFO - Processing /opt/airflow/dags/main.py took 0.288 seconds
[2026-02-23T01:57:02.949+0000] {processor.py:161} INFO - Started process (PID=2672) to work on /opt/airflow/dags/main.py
[2026-02-23T01:57:02.950+0000] {processor.py:830} INFO - Processing file /opt/airflow/dags/main.py for tasks to queue
[2026-02-23T01:57:02.953+0000] {logging_mixin.py:188} INFO - [2026-02-23T01:57:02.952+0000] {dagbag.py:545} INFO - Filling up the DagBag from /opt/airflow/dags/main.py
[2026-02-23T01:57:03.139+0000] {processor.py:840} INFO - DAG(s) 'produce_json', 'update_db' retrieved from /opt/airflow/dags/main.py
[2026-02-23T01:57:03.173+0000] {logging_mixin.py:188} INFO - [2026-02-23T01:57:03.173+0000] {dag.py:3096} INFO - Sync 2 DAGs
[2026-02-23T01:57:03.198+0000] {logging_mixin.py:188} INFO - [2026-02-23T01:57:03.198+0000] {dag.py:3954} INFO - Setting next_dagrun for produce_json to 2026-02-22 14:00:00+00:00, run_after=2026-02-23 14:00:00+00:00
[2026-02-23T01:57:03.204+0000] {logging_mixin.py:188} INFO - [2026-02-23T01:57:03.204+0000] {dag.py:3954} INFO - Setting next_dagrun for update_db to 2026-02-22 15:00:00+00:00, run_after=2026-02-23 15:00:00+00:00
[2026-02-23T01:57:03.237+0000] {processor.py:183} INFO - Processing /opt/airflow/dags/main.py took 0.294 seconds
[2026-02-23T01:57:33.612+0000] {processor.py:161} INFO - Started process (PID=2679) to work on /opt/airflow/dags/main.py
[2026-02-23T01:57:33.613+0000] {processor.py:830} INFO - Processing file /opt/airflow/dags/main.py for tasks to queue
[2026-02-23T01:57:33.620+0000] {logging_mixin.py:188} INFO - [2026-02-23T01:57:33.619+0000] {dagbag.py:545} INFO - Filling up the DagBag from /opt/airflow/dags/main.py
[2026-02-23T01:57:33.748+0000] {processor.py:840} INFO - DAG(s) 'update_db', 'produce_json' retrieved from /opt/airflow/dags/main.py
[2026-02-23T01:57:33.790+0000] {logging_mixin.py:188} INFO - [2026-02-23T01:57:33.789+0000] {dag.py:3096} INFO - Sync 2 DAGs
[2026-02-23T01:57:33.816+0000] {logging_mixin.py:188} INFO - [2026-02-23T01:57:33.815+0000] {dag.py:3954} INFO - Setting next_dagrun for produce_json to 2026-02-22 14:00:00+00:00, run_after=2026-02-23 14:00:00+00:00
[2026-02-23T01:57:33.822+0000] {logging_mixin.py:188} INFO - [2026-02-23T01:57:33.822+0000] {dag.py:3954} INFO - Setting next_dagrun for update_db to 2026-02-22 15:00:00+00:00, run_after=2026-02-23 15:00:00+00:00
[2026-02-23T01:57:33.848+0000] {processor.py:183} INFO - Processing /opt/airflow/dags/main.py took 0.246 seconds
[2026-02-23T01:58:04.111+0000] {processor.py:161} INFO - Started process (PID=2686) to work on /opt/airflow/dags/main.py
[2026-02-23T01:58:04.112+0000] {processor.py:830} INFO - Processing file /opt/airflow/dags/main.py for tasks to queue
[2026-02-23T01:58:04.114+0000] {logging_mixin.py:188} INFO - [2026-02-23T01:58:04.114+0000] {dagbag.py:545} INFO - Filling up the DagBag from /opt/airflow/dags/main.py
[2026-02-23T01:58:04.237+0000] {processor.py:840} INFO - DAG(s) 'produce_json', 'update_db' retrieved from /opt/airflow/dags/main.py
[2026-02-23T01:58:04.273+0000] {logging_mixin.py:188} INFO - [2026-02-23T01:58:04.273+0000] {dag.py:3096} INFO - Sync 2 DAGs
[2026-02-23T01:58:04.300+0000] {logging_mixin.py:188} INFO - [2026-02-23T01:58:04.300+0000] {dag.py:3954} INFO - Setting next_dagrun for produce_json to 2026-02-22 14:00:00+00:00, run_after=2026-02-23 14:00:00+00:00
[2026-02-23T01:58:04.306+0000] {logging_mixin.py:188} INFO - [2026-02-23T01:58:04.306+0000] {dag.py:3954} INFO - Setting next_dagrun for update_db to 2026-02-22 15:00:00+00:00, run_after=2026-02-23 15:00:00+00:00
[2026-02-23T01:58:04.331+0000] {processor.py:183} INFO - Processing /opt/airflow/dags/main.py took 0.227 seconds
[2026-02-23T01:58:34.675+0000] {processor.py:161} INFO - Started process (PID=2693) to work on /opt/airflow/dags/main.py
[2026-02-23T01:58:34.677+0000] {processor.py:830} INFO - Processing file /opt/airflow/dags/main.py for tasks to queue
[2026-02-23T01:58:34.679+0000] {logging_mixin.py:188} INFO - [2026-02-23T01:58:34.679+0000] {dagbag.py:545} INFO - Filling up the DagBag from /opt/airflow/dags/main.py
[2026-02-23T01:58:34.821+0000] {processor.py:840} INFO - DAG(s) 'produce_json', 'update_db' retrieved from /opt/airflow/dags/main.py
[2026-02-23T01:58:34.872+0000] {logging_mixin.py:188} INFO - [2026-02-23T01:58:34.872+0000] {dag.py:3096} INFO - Sync 2 DAGs
[2026-02-23T01:58:34.894+0000] {logging_mixin.py:188} INFO - [2026-02-23T01:58:34.894+0000] {dag.py:3954} INFO - Setting next_dagrun for produce_json to 2026-02-22 14:00:00+00:00, run_after=2026-02-23 14:00:00+00:00
[2026-02-23T01:58:34.899+0000] {logging_mixin.py:188} INFO - [2026-02-23T01:58:34.899+0000] {dag.py:3954} INFO - Setting next_dagrun for update_db to 2026-02-22 15:00:00+00:00, run_after=2026-02-23 15:00:00+00:00
[2026-02-23T01:58:34.920+0000] {processor.py:183} INFO - Processing /opt/airflow/dags/main.py took 0.251 seconds
[2026-02-23T01:59:05.179+0000] {processor.py:161} INFO - Started process (PID=2700) to work on /opt/airflow/dags/main.py
[2026-02-23T01:59:05.180+0000] {processor.py:830} INFO - Processing file /opt/airflow/dags/main.py for tasks to queue
[2026-02-23T01:59:05.184+0000] {logging_mixin.py:188} INFO - [2026-02-23T01:59:05.183+0000] {dagbag.py:545} INFO - Filling up the DagBag from /opt/airflow/dags/main.py
[2026-02-23T01:59:05.312+0000] {processor.py:840} INFO - DAG(s) 'produce_json', 'update_db' retrieved from /opt/airflow/dags/main.py
[2026-02-23T01:59:05.350+0000] {logging_mixin.py:188} INFO - [2026-02-23T01:59:05.350+0000] {dag.py:3096} INFO - Sync 2 DAGs
[2026-02-23T01:59:05.376+0000] {logging_mixin.py:188} INFO - [2026-02-23T01:59:05.376+0000] {dag.py:3954} INFO - Setting next_dagrun for produce_json to 2026-02-22 14:00:00+00:00, run_after=2026-02-23 14:00:00+00:00
[2026-02-23T01:59:05.383+0000] {logging_mixin.py:188} INFO - [2026-02-23T01:59:05.383+0000] {dag.py:3954} INFO - Setting next_dagrun for update_db to 2026-02-22 15:00:00+00:00, run_after=2026-02-23 15:00:00+00:00
[2026-02-23T01:59:05.438+0000] {processor.py:183} INFO - Processing /opt/airflow/dags/main.py took 0.266 seconds
[2026-02-23T01:59:35.674+0000] {processor.py:161} INFO - Started process (PID=2707) to work on /opt/airflow/dags/main.py
[2026-02-23T01:59:35.675+0000] {processor.py:830} INFO - Processing file /opt/airflow/dags/main.py for tasks to queue
[2026-02-23T01:59:35.677+0000] {logging_mixin.py:188} INFO - [2026-02-23T01:59:35.676+0000] {dagbag.py:545} INFO - Filling up the DagBag from /opt/airflow/dags/main.py
[2026-02-23T01:59:35.809+0000] {processor.py:840} INFO - DAG(s) 'update_db', 'produce_json' retrieved from /opt/airflow/dags/main.py
[2026-02-23T01:59:35.847+0000] {logging_mixin.py:188} INFO - [2026-02-23T01:59:35.847+0000] {dag.py:3096} INFO - Sync 2 DAGs
[2026-02-23T01:59:35.878+0000] {logging_mixin.py:188} INFO - [2026-02-23T01:59:35.878+0000] {dag.py:3954} INFO - Setting next_dagrun for produce_json to 2026-02-22 14:00:00+00:00, run_after=2026-02-23 14:00:00+00:00
[2026-02-23T01:59:35.885+0000] {logging_mixin.py:188} INFO - [2026-02-23T01:59:35.885+0000] {dag.py:3954} INFO - Setting next_dagrun for update_db to 2026-02-22 15:00:00+00:00, run_after=2026-02-23 15:00:00+00:00
[2026-02-23T01:59:35.924+0000] {processor.py:183} INFO - Processing /opt/airflow/dags/main.py took 0.257 seconds
[2026-02-23T02:00:06.185+0000] {processor.py:161} INFO - Started process (PID=2714) to work on /opt/airflow/dags/main.py
[2026-02-23T02:00:06.187+0000] {processor.py:830} INFO - Processing file /opt/airflow/dags/main.py for tasks to queue
[2026-02-23T02:00:06.189+0000] {logging_mixin.py:188} INFO - [2026-02-23T02:00:06.189+0000] {dagbag.py:545} INFO - Filling up the DagBag from /opt/airflow/dags/main.py
[2026-02-23T02:00:06.390+0000] {processor.py:840} INFO - DAG(s) 'update_db', 'produce_json' retrieved from /opt/airflow/dags/main.py
[2026-02-23T02:00:06.423+0000] {logging_mixin.py:188} INFO - [2026-02-23T02:00:06.422+0000] {dag.py:3096} INFO - Sync 2 DAGs
[2026-02-23T02:00:06.445+0000] {logging_mixin.py:188} INFO - [2026-02-23T02:00:06.445+0000] {dag.py:3954} INFO - Setting next_dagrun for produce_json to 2026-02-22 14:00:00+00:00, run_after=2026-02-23 14:00:00+00:00
[2026-02-23T02:00:06.452+0000] {logging_mixin.py:188} INFO - [2026-02-23T02:00:06.452+0000] {dag.py:3954} INFO - Setting next_dagrun for update_db to 2026-02-22 15:00:00+00:00, run_after=2026-02-23 15:00:00+00:00
[2026-02-23T02:00:06.473+0000] {processor.py:183} INFO - Processing /opt/airflow/dags/main.py took 0.293 seconds
[2026-02-23T02:00:36.732+0000] {processor.py:161} INFO - Started process (PID=2722) to work on /opt/airflow/dags/main.py
[2026-02-23T02:00:36.733+0000] {processor.py:830} INFO - Processing file /opt/airflow/dags/main.py for tasks to queue
[2026-02-23T02:00:36.735+0000] {logging_mixin.py:188} INFO - [2026-02-23T02:00:36.734+0000] {dagbag.py:545} INFO - Filling up the DagBag from /opt/airflow/dags/main.py
[2026-02-23T02:00:36.848+0000] {processor.py:840} INFO - DAG(s) 'produce_json', 'update_db' retrieved from /opt/airflow/dags/main.py
[2026-02-23T02:00:36.883+0000] {logging_mixin.py:188} INFO - [2026-02-23T02:00:36.883+0000] {dag.py:3096} INFO - Sync 2 DAGs
[2026-02-23T02:00:36.905+0000] {logging_mixin.py:188} INFO - [2026-02-23T02:00:36.905+0000] {dag.py:3954} INFO - Setting next_dagrun for produce_json to 2026-02-22 14:00:00+00:00, run_after=2026-02-23 14:00:00+00:00
[2026-02-23T02:00:36.910+0000] {logging_mixin.py:188} INFO - [2026-02-23T02:00:36.910+0000] {dag.py:3954} INFO - Setting next_dagrun for update_db to 2026-02-22 15:00:00+00:00, run_after=2026-02-23 15:00:00+00:00
[2026-02-23T02:00:36.941+0000] {processor.py:183} INFO - Processing /opt/airflow/dags/main.py took 0.242 seconds
[2026-02-23T02:08:51.267+0000] {processor.py:161} INFO - Started process (PID=88) to work on /opt/airflow/dags/main.py
[2026-02-23T02:08:51.270+0000] {processor.py:830} INFO - Processing file /opt/airflow/dags/main.py for tasks to queue
[2026-02-23T02:08:51.274+0000] {logging_mixin.py:188} INFO - [2026-02-23T02:08:51.273+0000] {dagbag.py:545} INFO - Filling up the DagBag from /opt/airflow/dags/main.py
[2026-02-23T02:08:51.497+0000] {processor.py:840} INFO - DAG(s) 'update_db', 'produce_json' retrieved from /opt/airflow/dags/main.py
[2026-02-23T02:08:51.567+0000] {logging_mixin.py:188} INFO - [2026-02-23T02:08:51.566+0000] {dag.py:3096} INFO - Sync 2 DAGs
[2026-02-23T02:08:51.596+0000] {logging_mixin.py:188} INFO - [2026-02-23T02:08:51.596+0000] {dag.py:3954} INFO - Setting next_dagrun for produce_json to 2026-02-22 14:00:00+00:00, run_after=2026-02-23 14:00:00+00:00
[2026-02-23T02:08:51.604+0000] {logging_mixin.py:188} INFO - [2026-02-23T02:08:51.604+0000] {dag.py:3954} INFO - Setting next_dagrun for update_db to 2026-02-22 15:00:00+00:00, run_after=2026-02-23 15:00:00+00:00
[2026-02-23T02:08:51.631+0000] {processor.py:183} INFO - Processing /opt/airflow/dags/main.py took 0.373 seconds
[2026-02-23T02:09:21.891+0000] {processor.py:161} INFO - Started process (PID=95) to work on /opt/airflow/dags/main.py
[2026-02-23T02:09:21.892+0000] {processor.py:830} INFO - Processing file /opt/airflow/dags/main.py for tasks to queue
[2026-02-23T02:09:21.895+0000] {logging_mixin.py:188} INFO - [2026-02-23T02:09:21.894+0000] {dagbag.py:545} INFO - Filling up the DagBag from /opt/airflow/dags/main.py
[2026-02-23T02:09:22.063+0000] {processor.py:840} INFO - DAG(s) 'update_db', 'produce_json' retrieved from /opt/airflow/dags/main.py
[2026-02-23T02:09:22.094+0000] {logging_mixin.py:188} INFO - [2026-02-23T02:09:22.094+0000] {dag.py:3096} INFO - Sync 2 DAGs
[2026-02-23T02:09:22.114+0000] {logging_mixin.py:188} INFO - [2026-02-23T02:09:22.114+0000] {dag.py:3954} INFO - Setting next_dagrun for produce_json to 2026-02-22 14:00:00+00:00, run_after=2026-02-23 14:00:00+00:00
[2026-02-23T02:09:22.120+0000] {logging_mixin.py:188} INFO - [2026-02-23T02:09:22.119+0000] {dag.py:3954} INFO - Setting next_dagrun for update_db to 2026-02-22 15:00:00+00:00, run_after=2026-02-23 15:00:00+00:00
[2026-02-23T02:09:22.139+0000] {processor.py:183} INFO - Processing /opt/airflow/dags/main.py took 0.253 seconds
[2026-02-23T02:09:52.410+0000] {processor.py:161} INFO - Started process (PID=102) to work on /opt/airflow/dags/main.py
[2026-02-23T02:09:52.411+0000] {processor.py:830} INFO - Processing file /opt/airflow/dags/main.py for tasks to queue
[2026-02-23T02:09:52.414+0000] {logging_mixin.py:188} INFO - [2026-02-23T02:09:52.413+0000] {dagbag.py:545} INFO - Filling up the DagBag from /opt/airflow/dags/main.py
[2026-02-23T02:09:52.599+0000] {processor.py:840} INFO - DAG(s) 'update_db', 'produce_json' retrieved from /opt/airflow/dags/main.py
[2026-02-23T02:09:52.632+0000] {logging_mixin.py:188} INFO - [2026-02-23T02:09:52.632+0000] {dag.py:3096} INFO - Sync 2 DAGs
[2026-02-23T02:09:52.655+0000] {logging_mixin.py:188} INFO - [2026-02-23T02:09:52.655+0000] {dag.py:3954} INFO - Setting next_dagrun for produce_json to 2026-02-22 14:00:00+00:00, run_after=2026-02-23 14:00:00+00:00
[2026-02-23T02:09:52.660+0000] {logging_mixin.py:188} INFO - [2026-02-23T02:09:52.660+0000] {dag.py:3954} INFO - Setting next_dagrun for update_db to 2026-02-22 15:00:00+00:00, run_after=2026-02-23 15:00:00+00:00
[2026-02-23T02:09:52.681+0000] {processor.py:183} INFO - Processing /opt/airflow/dags/main.py took 0.276 seconds
[2026-02-23T02:10:22.941+0000] {processor.py:161} INFO - Started process (PID=109) to work on /opt/airflow/dags/main.py
[2026-02-23T02:10:22.942+0000] {processor.py:830} INFO - Processing file /opt/airflow/dags/main.py for tasks to queue
[2026-02-23T02:10:22.947+0000] {logging_mixin.py:188} INFO - [2026-02-23T02:10:22.947+0000] {dagbag.py:545} INFO - Filling up the DagBag from /opt/airflow/dags/main.py
[2026-02-23T02:10:23.123+0000] {processor.py:840} INFO - DAG(s) 'produce_json', 'update_db' retrieved from /opt/airflow/dags/main.py
[2026-02-23T02:10:23.159+0000] {logging_mixin.py:188} INFO - [2026-02-23T02:10:23.158+0000] {dag.py:3096} INFO - Sync 2 DAGs
[2026-02-23T02:10:23.181+0000] {logging_mixin.py:188} INFO - [2026-02-23T02:10:23.181+0000] {dag.py:3954} INFO - Setting next_dagrun for produce_json to 2026-02-22 14:00:00+00:00, run_after=2026-02-23 14:00:00+00:00
[2026-02-23T02:10:23.186+0000] {logging_mixin.py:188} INFO - [2026-02-23T02:10:23.186+0000] {dag.py:3954} INFO - Setting next_dagrun for update_db to 2026-02-22 15:00:00+00:00, run_after=2026-02-23 15:00:00+00:00
[2026-02-23T02:10:23.217+0000] {processor.py:183} INFO - Processing /opt/airflow/dags/main.py took 0.282 seconds
[2026-02-23T02:10:53.491+0000] {processor.py:161} INFO - Started process (PID=116) to work on /opt/airflow/dags/main.py
[2026-02-23T02:10:53.492+0000] {processor.py:830} INFO - Processing file /opt/airflow/dags/main.py for tasks to queue
[2026-02-23T02:10:53.495+0000] {logging_mixin.py:188} INFO - [2026-02-23T02:10:53.494+0000] {dagbag.py:545} INFO - Filling up the DagBag from /opt/airflow/dags/main.py
[2026-02-23T02:10:53.588+0000] {processor.py:840} INFO - DAG(s) 'produce_json', 'update_db' retrieved from /opt/airflow/dags/main.py
[2026-02-23T02:10:53.619+0000] {logging_mixin.py:188} INFO - [2026-02-23T02:10:53.619+0000] {dag.py:3096} INFO - Sync 2 DAGs
[2026-02-23T02:10:53.641+0000] {logging_mixin.py:188} INFO - [2026-02-23T02:10:53.641+0000] {dag.py:3954} INFO - Setting next_dagrun for produce_json to 2026-02-22 14:00:00+00:00, run_after=2026-02-23 14:00:00+00:00
[2026-02-23T02:10:53.646+0000] {logging_mixin.py:188} INFO - [2026-02-23T02:10:53.646+0000] {dag.py:3954} INFO - Setting next_dagrun for update_db to 2026-02-22 15:00:00+00:00, run_after=2026-02-23 15:00:00+00:00
[2026-02-23T02:10:53.681+0000] {processor.py:183} INFO - Processing /opt/airflow/dags/main.py took 0.195 seconds
[2026-02-23T02:11:23.737+0000] {processor.py:161} INFO - Started process (PID=123) to work on /opt/airflow/dags/main.py
[2026-02-23T02:11:23.738+0000] {processor.py:830} INFO - Processing file /opt/airflow/dags/main.py for tasks to queue
[2026-02-23T02:11:23.741+0000] {logging_mixin.py:188} INFO - [2026-02-23T02:11:23.741+0000] {dagbag.py:545} INFO - Filling up the DagBag from /opt/airflow/dags/main.py
[2026-02-23T02:11:23.896+0000] {processor.py:840} INFO - DAG(s) 'produce_json', 'update_db' retrieved from /opt/airflow/dags/main.py
[2026-02-23T02:11:23.932+0000] {logging_mixin.py:188} INFO - [2026-02-23T02:11:23.932+0000] {dag.py:3096} INFO - Sync 2 DAGs
[2026-02-23T02:11:23.961+0000] {logging_mixin.py:188} INFO - [2026-02-23T02:11:23.960+0000] {dag.py:3954} INFO - Setting next_dagrun for produce_json to 2026-02-22 14:00:00+00:00, run_after=2026-02-23 14:00:00+00:00
[2026-02-23T02:11:23.967+0000] {logging_mixin.py:188} INFO - [2026-02-23T02:11:23.967+0000] {dag.py:3954} INFO - Setting next_dagrun for update_db to 2026-02-22 15:00:00+00:00, run_after=2026-02-23 15:00:00+00:00
[2026-02-23T02:11:23.994+0000] {processor.py:183} INFO - Processing /opt/airflow/dags/main.py took 0.261 seconds
[2026-02-23T02:11:54.172+0000] {processor.py:161} INFO - Started process (PID=130) to work on /opt/airflow/dags/main.py
[2026-02-23T02:11:54.174+0000] {processor.py:830} INFO - Processing file /opt/airflow/dags/main.py for tasks to queue
[2026-02-23T02:11:54.177+0000] {logging_mixin.py:188} INFO - [2026-02-23T02:11:54.176+0000] {dagbag.py:545} INFO - Filling up the DagBag from /opt/airflow/dags/main.py
[2026-02-23T02:11:54.352+0000] {processor.py:840} INFO - DAG(s) 'produce_json', 'update_db' retrieved from /opt/airflow/dags/main.py
[2026-02-23T02:11:54.384+0000] {logging_mixin.py:188} INFO - [2026-02-23T02:11:54.384+0000] {dag.py:3096} INFO - Sync 2 DAGs
[2026-02-23T02:11:54.407+0000] {logging_mixin.py:188} INFO - [2026-02-23T02:11:54.407+0000] {dag.py:3954} INFO - Setting next_dagrun for produce_json to 2026-02-22 14:00:00+00:00, run_after=2026-02-23 14:00:00+00:00
[2026-02-23T02:11:54.413+0000] {logging_mixin.py:188} INFO - [2026-02-23T02:11:54.413+0000] {dag.py:3954} INFO - Setting next_dagrun for update_db to 2026-02-22 15:00:00+00:00, run_after=2026-02-23 15:00:00+00:00
[2026-02-23T02:11:54.436+0000] {processor.py:183} INFO - Processing /opt/airflow/dags/main.py took 0.269 seconds
[2026-02-23T02:12:24.501+0000] {processor.py:161} INFO - Started process (PID=137) to work on /opt/airflow/dags/main.py
[2026-02-23T02:12:24.502+0000] {processor.py:830} INFO - Processing file /opt/airflow/dags/main.py for tasks to queue
[2026-02-23T02:12:24.504+0000] {logging_mixin.py:188} INFO - [2026-02-23T02:12:24.504+0000] {dagbag.py:545} INFO - Filling up the DagBag from /opt/airflow/dags/main.py
[2026-02-23T02:12:24.648+0000] {processor.py:840} INFO - DAG(s) 'produce_json', 'update_db' retrieved from /opt/airflow/dags/main.py
[2026-02-23T02:12:24.681+0000] {logging_mixin.py:188} INFO - [2026-02-23T02:12:24.681+0000] {dag.py:3096} INFO - Sync 2 DAGs
[2026-02-23T02:12:24.704+0000] {logging_mixin.py:188} INFO - [2026-02-23T02:12:24.703+0000] {dag.py:3954} INFO - Setting next_dagrun for produce_json to 2026-02-22 14:00:00+00:00, run_after=2026-02-23 14:00:00+00:00
[2026-02-23T02:12:24.710+0000] {logging_mixin.py:188} INFO - [2026-02-23T02:12:24.710+0000] {dag.py:3954} INFO - Setting next_dagrun for update_db to 2026-02-22 15:00:00+00:00, run_after=2026-02-23 15:00:00+00:00
[2026-02-23T02:12:24.741+0000] {processor.py:183} INFO - Processing /opt/airflow/dags/main.py took 0.246 seconds
[2026-02-23T02:12:54.937+0000] {processor.py:161} INFO - Started process (PID=144) to work on /opt/airflow/dags/main.py
[2026-02-23T02:12:54.938+0000] {processor.py:830} INFO - Processing file /opt/airflow/dags/main.py for tasks to queue
[2026-02-23T02:12:54.940+0000] {logging_mixin.py:188} INFO - [2026-02-23T02:12:54.940+0000] {dagbag.py:545} INFO - Filling up the DagBag from /opt/airflow/dags/main.py
[2026-02-23T02:12:55.094+0000] {processor.py:840} INFO - DAG(s) 'update_db', 'produce_json' retrieved from /opt/airflow/dags/main.py
[2026-02-23T02:12:55.127+0000] {logging_mixin.py:188} INFO - [2026-02-23T02:12:55.127+0000] {dag.py:3096} INFO - Sync 2 DAGs
[2026-02-23T02:12:55.153+0000] {logging_mixin.py:188} INFO - [2026-02-23T02:12:55.153+0000] {dag.py:3954} INFO - Setting next_dagrun for produce_json to 2026-02-22 14:00:00+00:00, run_after=2026-02-23 14:00:00+00:00
[2026-02-23T02:12:55.159+0000] {logging_mixin.py:188} INFO - [2026-02-23T02:12:55.158+0000] {dag.py:3954} INFO - Setting next_dagrun for update_db to 2026-02-22 15:00:00+00:00, run_after=2026-02-23 15:00:00+00:00
[2026-02-23T02:12:55.193+0000] {processor.py:183} INFO - Processing /opt/airflow/dags/main.py took 0.263 seconds
[2026-02-23T02:13:25.482+0000] {processor.py:161} INFO - Started process (PID=151) to work on /opt/airflow/dags/main.py
[2026-02-23T02:13:25.484+0000] {processor.py:830} INFO - Processing file /opt/airflow/dags/main.py for tasks to queue
[2026-02-23T02:13:25.486+0000] {logging_mixin.py:188} INFO - [2026-02-23T02:13:25.486+0000] {dagbag.py:545} INFO - Filling up the DagBag from /opt/airflow/dags/main.py
[2026-02-23T02:13:25.635+0000] {processor.py:840} INFO - DAG(s) 'produce_json', 'update_db' retrieved from /opt/airflow/dags/main.py
[2026-02-23T02:13:25.670+0000] {logging_mixin.py:188} INFO - [2026-02-23T02:13:25.669+0000] {dag.py:3096} INFO - Sync 2 DAGs
[2026-02-23T02:13:25.692+0000] {logging_mixin.py:188} INFO - [2026-02-23T02:13:25.692+0000] {dag.py:3954} INFO - Setting next_dagrun for produce_json to 2026-02-22 14:00:00+00:00, run_after=2026-02-23 14:00:00+00:00
[2026-02-23T02:13:25.697+0000] {logging_mixin.py:188} INFO - [2026-02-23T02:13:25.697+0000] {dag.py:3954} INFO - Setting next_dagrun for update_db to 2026-02-22 15:00:00+00:00, run_after=2026-02-23 15:00:00+00:00
[2026-02-23T02:13:25.723+0000] {processor.py:183} INFO - Processing /opt/airflow/dags/main.py took 0.248 seconds
[2026-02-23T02:13:57.623+0000] {processor.py:161} INFO - Started process (PID=157) to work on /opt/airflow/dags/main.py
[2026-02-23T02:13:57.638+0000] {processor.py:830} INFO - Processing file /opt/airflow/dags/main.py for tasks to queue
[2026-02-23T02:13:57.669+0000] {logging_mixin.py:188} INFO - [2026-02-23T02:13:57.667+0000] {dagbag.py:545} INFO - Filling up the DagBag from /opt/airflow/dags/main.py
[2026-02-23T02:13:57.895+0000] {processor.py:840} INFO - DAG(s) 'update_db', 'produce_json' retrieved from /opt/airflow/dags/main.py
[2026-02-23T02:13:57.981+0000] {logging_mixin.py:188} INFO - [2026-02-23T02:13:57.980+0000] {dag.py:3096} INFO - Sync 2 DAGs
[2026-02-23T02:13:58.034+0000] {logging_mixin.py:188} INFO - [2026-02-23T02:13:58.034+0000] {dag.py:3954} INFO - Setting next_dagrun for produce_json to 2026-02-22 14:00:00+00:00, run_after=2026-02-23 14:00:00+00:00
[2026-02-23T02:13:58.040+0000] {logging_mixin.py:188} INFO - [2026-02-23T02:13:58.040+0000] {dag.py:3954} INFO - Setting next_dagrun for update_db to 2026-02-22 15:00:00+00:00, run_after=2026-02-23 15:00:00+00:00
[2026-02-23T02:13:58.068+0000] {processor.py:183} INFO - Processing /opt/airflow/dags/main.py took 0.562 seconds
[2026-02-23T02:14:28.325+0000] {processor.py:161} INFO - Started process (PID=164) to work on /opt/airflow/dags/main.py
[2026-02-23T02:14:28.332+0000] {processor.py:830} INFO - Processing file /opt/airflow/dags/main.py for tasks to queue
[2026-02-23T02:14:28.337+0000] {logging_mixin.py:188} INFO - [2026-02-23T02:14:28.336+0000] {dagbag.py:545} INFO - Filling up the DagBag from /opt/airflow/dags/main.py
[2026-02-23T02:14:28.454+0000] {processor.py:840} INFO - DAG(s) 'produce_json', 'update_db' retrieved from /opt/airflow/dags/main.py
[2026-02-23T02:14:28.491+0000] {logging_mixin.py:188} INFO - [2026-02-23T02:14:28.491+0000] {dag.py:3096} INFO - Sync 2 DAGs
[2026-02-23T02:14:28.522+0000] {logging_mixin.py:188} INFO - [2026-02-23T02:14:28.521+0000] {dag.py:3954} INFO - Setting next_dagrun for produce_json to 2026-02-22 14:00:00+00:00, run_after=2026-02-23 14:00:00+00:00
[2026-02-23T02:14:28.528+0000] {logging_mixin.py:188} INFO - [2026-02-23T02:14:28.528+0000] {dag.py:3954} INFO - Setting next_dagrun for update_db to 2026-02-22 15:00:00+00:00, run_after=2026-02-23 15:00:00+00:00
[2026-02-23T02:14:28.552+0000] {processor.py:183} INFO - Processing /opt/airflow/dags/main.py took 0.236 seconds
[2026-02-23T02:14:58.755+0000] {processor.py:161} INFO - Started process (PID=171) to work on /opt/airflow/dags/main.py
[2026-02-23T02:14:58.757+0000] {processor.py:830} INFO - Processing file /opt/airflow/dags/main.py for tasks to queue
[2026-02-23T02:14:58.759+0000] {logging_mixin.py:188} INFO - [2026-02-23T02:14:58.759+0000] {dagbag.py:545} INFO - Filling up the DagBag from /opt/airflow/dags/main.py
[2026-02-23T02:14:58.899+0000] {processor.py:840} INFO - DAG(s) 'update_db', 'produce_json' retrieved from /opt/airflow/dags/main.py
[2026-02-23T02:14:58.939+0000] {logging_mixin.py:188} INFO - [2026-02-23T02:14:58.938+0000] {dag.py:3096} INFO - Sync 2 DAGs
[2026-02-23T02:14:58.973+0000] {logging_mixin.py:188} INFO - [2026-02-23T02:14:58.973+0000] {dag.py:3954} INFO - Setting next_dagrun for produce_json to 2026-02-22 14:00:00+00:00, run_after=2026-02-23 14:00:00+00:00
[2026-02-23T02:14:58.979+0000] {logging_mixin.py:188} INFO - [2026-02-23T02:14:58.979+0000] {dag.py:3954} INFO - Setting next_dagrun for update_db to 2026-02-22 15:00:00+00:00, run_after=2026-02-23 15:00:00+00:00
[2026-02-23T02:14:59.009+0000] {processor.py:183} INFO - Processing /opt/airflow/dags/main.py took 0.260 seconds
[2026-02-23T02:15:29.235+0000] {processor.py:161} INFO - Started process (PID=178) to work on /opt/airflow/dags/main.py
[2026-02-23T02:15:29.236+0000] {processor.py:830} INFO - Processing file /opt/airflow/dags/main.py for tasks to queue
[2026-02-23T02:15:29.239+0000] {logging_mixin.py:188} INFO - [2026-02-23T02:15:29.239+0000] {dagbag.py:545} INFO - Filling up the DagBag from /opt/airflow/dags/main.py
[2026-02-23T02:15:29.354+0000] {processor.py:840} INFO - DAG(s) 'update_db', 'produce_json' retrieved from /opt/airflow/dags/main.py
[2026-02-23T02:15:29.387+0000] {logging_mixin.py:188} INFO - [2026-02-23T02:15:29.387+0000] {dag.py:3096} INFO - Sync 2 DAGs
[2026-02-23T02:15:29.411+0000] {logging_mixin.py:188} INFO - [2026-02-23T02:15:29.411+0000] {dag.py:3954} INFO - Setting next_dagrun for produce_json to 2026-02-22 14:00:00+00:00, run_after=2026-02-23 14:00:00+00:00
[2026-02-23T02:15:29.417+0000] {logging_mixin.py:188} INFO - [2026-02-23T02:15:29.417+0000] {dag.py:3954} INFO - Setting next_dagrun for update_db to 2026-02-22 15:00:00+00:00, run_after=2026-02-23 15:00:00+00:00
[2026-02-23T02:15:29.440+0000] {processor.py:183} INFO - Processing /opt/airflow/dags/main.py took 0.213 seconds
[2026-02-23T02:15:59.687+0000] {processor.py:161} INFO - Started process (PID=185) to work on /opt/airflow/dags/main.py
[2026-02-23T02:15:59.689+0000] {processor.py:830} INFO - Processing file /opt/airflow/dags/main.py for tasks to queue
[2026-02-23T02:15:59.691+0000] {logging_mixin.py:188} INFO - [2026-02-23T02:15:59.691+0000] {dagbag.py:545} INFO - Filling up the DagBag from /opt/airflow/dags/main.py
[2026-02-23T02:15:59.854+0000] {processor.py:840} INFO - DAG(s) 'produce_json', 'update_db' retrieved from /opt/airflow/dags/main.py
[2026-02-23T02:15:59.900+0000] {logging_mixin.py:188} INFO - [2026-02-23T02:15:59.900+0000] {dag.py:3096} INFO - Sync 2 DAGs
[2026-02-23T02:15:59.922+0000] {logging_mixin.py:188} INFO - [2026-02-23T02:15:59.922+0000] {dag.py:3954} INFO - Setting next_dagrun for produce_json to 2026-02-22 14:00:00+00:00, run_after=2026-02-23 14:00:00+00:00
[2026-02-23T02:15:59.927+0000] {logging_mixin.py:188} INFO - [2026-02-23T02:15:59.927+0000] {dag.py:3954} INFO - Setting next_dagrun for update_db to 2026-02-22 15:00:00+00:00, run_after=2026-02-23 15:00:00+00:00
[2026-02-23T02:15:59.949+0000] {processor.py:183} INFO - Processing /opt/airflow/dags/main.py took 0.268 seconds
[2026-02-23T02:16:30.210+0000] {processor.py:161} INFO - Started process (PID=192) to work on /opt/airflow/dags/main.py
[2026-02-23T02:16:30.211+0000] {processor.py:830} INFO - Processing file /opt/airflow/dags/main.py for tasks to queue
[2026-02-23T02:16:30.214+0000] {logging_mixin.py:188} INFO - [2026-02-23T02:16:30.214+0000] {dagbag.py:545} INFO - Filling up the DagBag from /opt/airflow/dags/main.py
[2026-02-23T02:16:30.408+0000] {processor.py:840} INFO - DAG(s) 'update_db', 'produce_json' retrieved from /opt/airflow/dags/main.py
[2026-02-23T02:16:30.441+0000] {logging_mixin.py:188} INFO - [2026-02-23T02:16:30.441+0000] {dag.py:3096} INFO - Sync 2 DAGs
[2026-02-23T02:16:30.469+0000] {logging_mixin.py:188} INFO - [2026-02-23T02:16:30.468+0000] {dag.py:3954} INFO - Setting next_dagrun for produce_json to 2026-02-22 14:00:00+00:00, run_after=2026-02-23 14:00:00+00:00
[2026-02-23T02:16:30.473+0000] {logging_mixin.py:188} INFO - [2026-02-23T02:16:30.473+0000] {dag.py:3954} INFO - Setting next_dagrun for update_db to 2026-02-22 15:00:00+00:00, run_after=2026-02-23 15:00:00+00:00
[2026-02-23T02:16:30.497+0000] {processor.py:183} INFO - Processing /opt/airflow/dags/main.py took 0.293 seconds
[2026-02-23T02:17:00.827+0000] {processor.py:161} INFO - Started process (PID=199) to work on /opt/airflow/dags/main.py
[2026-02-23T02:17:00.828+0000] {processor.py:830} INFO - Processing file /opt/airflow/dags/main.py for tasks to queue
[2026-02-23T02:17:00.830+0000] {logging_mixin.py:188} INFO - [2026-02-23T02:17:00.830+0000] {dagbag.py:545} INFO - Filling up the DagBag from /opt/airflow/dags/main.py
[2026-02-23T02:17:00.922+0000] {processor.py:840} INFO - DAG(s) 'produce_json', 'update_db' retrieved from /opt/airflow/dags/main.py
[2026-02-23T02:17:00.960+0000] {logging_mixin.py:188} INFO - [2026-02-23T02:17:00.959+0000] {dag.py:3096} INFO - Sync 2 DAGs
[2026-02-23T02:17:00.983+0000] {logging_mixin.py:188} INFO - [2026-02-23T02:17:00.982+0000] {dag.py:3954} INFO - Setting next_dagrun for produce_json to 2026-02-22 14:00:00+00:00, run_after=2026-02-23 14:00:00+00:00
[2026-02-23T02:17:00.988+0000] {logging_mixin.py:188} INFO - [2026-02-23T02:17:00.988+0000] {dag.py:3954} INFO - Setting next_dagrun for update_db to 2026-02-22 15:00:00+00:00, run_after=2026-02-23 15:00:00+00:00
[2026-02-23T02:17:01.006+0000] {processor.py:183} INFO - Processing /opt/airflow/dags/main.py took 0.185 seconds
[2026-02-23T02:17:31.105+0000] {processor.py:161} INFO - Started process (PID=206) to work on /opt/airflow/dags/main.py
[2026-02-23T02:17:31.108+0000] {processor.py:830} INFO - Processing file /opt/airflow/dags/main.py for tasks to queue
[2026-02-23T02:17:31.110+0000] {logging_mixin.py:188} INFO - [2026-02-23T02:17:31.109+0000] {dagbag.py:545} INFO - Filling up the DagBag from /opt/airflow/dags/main.py
[2026-02-23T02:17:31.342+0000] {processor.py:840} INFO - DAG(s) 'update_db', 'produce_json' retrieved from /opt/airflow/dags/main.py
[2026-02-23T02:17:31.378+0000] {logging_mixin.py:188} INFO - [2026-02-23T02:17:31.378+0000] {dag.py:3096} INFO - Sync 2 DAGs
[2026-02-23T02:17:31.401+0000] {logging_mixin.py:188} INFO - [2026-02-23T02:17:31.400+0000] {dag.py:3954} INFO - Setting next_dagrun for produce_json to 2026-02-22 14:00:00+00:00, run_after=2026-02-23 14:00:00+00:00
[2026-02-23T02:17:31.407+0000] {logging_mixin.py:188} INFO - [2026-02-23T02:17:31.406+0000] {dag.py:3954} INFO - Setting next_dagrun for update_db to 2026-02-22 15:00:00+00:00, run_after=2026-02-23 15:00:00+00:00
[2026-02-23T02:17:31.440+0000] {processor.py:183} INFO - Processing /opt/airflow/dags/main.py took 0.341 seconds
[2026-02-23T02:18:01.533+0000] {processor.py:161} INFO - Started process (PID=213) to work on /opt/airflow/dags/main.py
[2026-02-23T02:18:01.534+0000] {processor.py:830} INFO - Processing file /opt/airflow/dags/main.py for tasks to queue
[2026-02-23T02:18:01.536+0000] {logging_mixin.py:188} INFO - [2026-02-23T02:18:01.535+0000] {dagbag.py:545} INFO - Filling up the DagBag from /opt/airflow/dags/main.py
[2026-02-23T02:18:01.636+0000] {processor.py:840} INFO - DAG(s) 'produce_json', 'update_db' retrieved from /opt/airflow/dags/main.py
[2026-02-23T02:18:01.670+0000] {logging_mixin.py:188} INFO - [2026-02-23T02:18:01.670+0000] {dag.py:3096} INFO - Sync 2 DAGs
[2026-02-23T02:18:01.704+0000] {logging_mixin.py:188} INFO - [2026-02-23T02:18:01.703+0000] {dag.py:3954} INFO - Setting next_dagrun for produce_json to 2026-02-22 14:00:00+00:00, run_after=2026-02-23 14:00:00+00:00
[2026-02-23T02:18:01.709+0000] {logging_mixin.py:188} INFO - [2026-02-23T02:18:01.709+0000] {dag.py:3954} INFO - Setting next_dagrun for update_db to 2026-02-22 15:00:00+00:00, run_after=2026-02-23 15:00:00+00:00
[2026-02-23T02:18:01.725+0000] {processor.py:183} INFO - Processing /opt/airflow/dags/main.py took 0.198 seconds
[2026-02-23T02:30:26.319+0000] {processor.py:161} INFO - Started process (PID=221) to work on /opt/airflow/dags/main.py
[2026-02-23T02:30:26.321+0000] {processor.py:830} INFO - Processing file /opt/airflow/dags/main.py for tasks to queue
[2026-02-23T02:30:26.324+0000] {logging_mixin.py:188} INFO - [2026-02-23T02:30:26.324+0000] {dagbag.py:545} INFO - Filling up the DagBag from /opt/airflow/dags/main.py
[2026-02-23T02:30:26.717+0000] {processor.py:840} INFO - DAG(s) 'update_db', 'produce_json' retrieved from /opt/airflow/dags/main.py
[2026-02-23T02:30:26.800+0000] {logging_mixin.py:188} INFO - [2026-02-23T02:30:26.799+0000] {dag.py:3096} INFO - Sync 2 DAGs
[2026-02-23T02:30:26.856+0000] {logging_mixin.py:188} INFO - [2026-02-23T02:30:26.856+0000] {dag.py:3954} INFO - Setting next_dagrun for produce_json to 2026-02-22 14:00:00+00:00, run_after=2026-02-23 14:00:00+00:00
[2026-02-23T02:30:26.881+0000] {logging_mixin.py:188} INFO - [2026-02-23T02:30:26.880+0000] {dag.py:3954} INFO - Setting next_dagrun for update_db to 2026-02-22 15:00:00+00:00, run_after=2026-02-23 15:00:00+00:00
[2026-02-23T02:30:26.926+0000] {processor.py:183} INFO - Processing /opt/airflow/dags/main.py took 0.619 seconds
[2026-02-23T03:14:25.520+0000] {processor.py:161} INFO - Started process (PID=222) to work on /opt/airflow/dags/main.py
[2026-02-23T03:14:25.523+0000] {processor.py:830} INFO - Processing file /opt/airflow/dags/main.py for tasks to queue
[2026-02-23T03:14:25.528+0000] {logging_mixin.py:188} INFO - [2026-02-23T03:14:25.526+0000] {dagbag.py:545} INFO - Filling up the DagBag from /opt/airflow/dags/main.py
[2026-02-23T03:14:26.182+0000] {processor.py:840} INFO - DAG(s) 'update_db', 'produce_json' retrieved from /opt/airflow/dags/main.py
[2026-02-23T03:14:26.327+0000] {logging_mixin.py:188} INFO - [2026-02-23T03:14:26.326+0000] {dag.py:3096} INFO - Sync 2 DAGs
[2026-02-23T03:14:26.469+0000] {logging_mixin.py:188} INFO - [2026-02-23T03:14:26.468+0000] {dag.py:3954} INFO - Setting next_dagrun for produce_json to 2026-02-22 14:00:00+00:00, run_after=2026-02-23 14:00:00+00:00
[2026-02-23T03:14:26.507+0000] {logging_mixin.py:188} INFO - [2026-02-23T03:14:26.506+0000] {dag.py:3954} INFO - Setting next_dagrun for update_db to 2026-02-22 15:00:00+00:00, run_after=2026-02-23 15:00:00+00:00
[2026-02-23T03:14:26.572+0000] {processor.py:183} INFO - Processing /opt/airflow/dags/main.py took 1.074 seconds
[2026-02-23T03:14:56.771+0000] {processor.py:161} INFO - Started process (PID=229) to work on /opt/airflow/dags/main.py
[2026-02-23T03:14:56.773+0000] {processor.py:830} INFO - Processing file /opt/airflow/dags/main.py for tasks to queue
[2026-02-23T03:14:56.775+0000] {logging_mixin.py:188} INFO - [2026-02-23T03:14:56.775+0000] {dagbag.py:545} INFO - Filling up the DagBag from /opt/airflow/dags/main.py
[2026-02-23T03:14:56.952+0000] {processor.py:840} INFO - DAG(s) 'update_db', 'produce_json' retrieved from /opt/airflow/dags/main.py
[2026-02-23T03:14:56.995+0000] {logging_mixin.py:188} INFO - [2026-02-23T03:14:56.995+0000] {dag.py:3096} INFO - Sync 2 DAGs
[2026-02-23T03:14:57.022+0000] {logging_mixin.py:188} INFO - [2026-02-23T03:14:57.022+0000] {dag.py:3954} INFO - Setting next_dagrun for produce_json to 2026-02-22 14:00:00+00:00, run_after=2026-02-23 14:00:00+00:00
[2026-02-23T03:14:57.027+0000] {logging_mixin.py:188} INFO - [2026-02-23T03:14:57.027+0000] {dag.py:3954} INFO - Setting next_dagrun for update_db to 2026-02-22 15:00:00+00:00, run_after=2026-02-23 15:00:00+00:00
[2026-02-23T03:14:57.043+0000] {processor.py:183} INFO - Processing /opt/airflow/dags/main.py took 0.277 seconds
[2026-02-23T11:42:00.662+0000] {processor.py:161} INFO - Started process (PID=236) to work on /opt/airflow/dags/main.py
[2026-02-23T11:42:00.664+0000] {processor.py:830} INFO - Processing file /opt/airflow/dags/main.py for tasks to queue
[2026-02-23T11:42:00.670+0000] {logging_mixin.py:188} INFO - [2026-02-23T11:42:00.669+0000] {dagbag.py:545} INFO - Filling up the DagBag from /opt/airflow/dags/main.py
[2026-02-23T11:42:00.935+0000] {processor.py:840} INFO - DAG(s) 'update_db', 'produce_json' retrieved from /opt/airflow/dags/main.py
[2026-02-23T11:42:01.315+0000] {logging_mixin.py:188} INFO - [2026-02-23T11:42:01.315+0000] {dag.py:3096} INFO - Sync 2 DAGs
[2026-02-23T11:42:01.426+0000] {logging_mixin.py:188} INFO - [2026-02-23T11:42:01.426+0000] {dag.py:3954} INFO - Setting next_dagrun for produce_json to 2026-02-22 14:00:00+00:00, run_after=2026-02-23 14:00:00+00:00
[2026-02-23T11:42:01.467+0000] {logging_mixin.py:188} INFO - [2026-02-23T11:42:01.466+0000] {dag.py:3954} INFO - Setting next_dagrun for update_db to 2026-02-22 15:00:00+00:00, run_after=2026-02-23 15:00:00+00:00
[2026-02-23T11:42:01.573+0000] {processor.py:183} INFO - Processing /opt/airflow/dags/main.py took 0.921 seconds
[2026-02-23T11:42:31.821+0000] {processor.py:161} INFO - Started process (PID=243) to work on /opt/airflow/dags/main.py
[2026-02-23T11:42:31.825+0000] {processor.py:830} INFO - Processing file /opt/airflow/dags/main.py for tasks to queue
[2026-02-23T11:42:31.827+0000] {logging_mixin.py:188} INFO - [2026-02-23T11:42:31.827+0000] {dagbag.py:545} INFO - Filling up the DagBag from /opt/airflow/dags/main.py
[2026-02-23T11:42:31.935+0000] {processor.py:840} INFO - DAG(s) 'update_db', 'produce_json' retrieved from /opt/airflow/dags/main.py
[2026-02-23T11:42:31.969+0000] {logging_mixin.py:188} INFO - [2026-02-23T11:42:31.969+0000] {dag.py:3096} INFO - Sync 2 DAGs
[2026-02-23T11:42:31.996+0000] {logging_mixin.py:188} INFO - [2026-02-23T11:42:31.995+0000] {dag.py:3954} INFO - Setting next_dagrun for produce_json to 2026-02-22 14:00:00+00:00, run_after=2026-02-23 14:00:00+00:00
[2026-02-23T11:42:32.003+0000] {logging_mixin.py:188} INFO - [2026-02-23T11:42:32.002+0000] {dag.py:3954} INFO - Setting next_dagrun for update_db to 2026-02-22 15:00:00+00:00, run_after=2026-02-23 15:00:00+00:00
[2026-02-23T11:42:32.025+0000] {processor.py:183} INFO - Processing /opt/airflow/dags/main.py took 0.211 seconds
[2026-02-23T11:43:02.238+0000] {processor.py:161} INFO - Started process (PID=250) to work on /opt/airflow/dags/main.py
[2026-02-23T11:43:02.240+0000] {processor.py:830} INFO - Processing file /opt/airflow/dags/main.py for tasks to queue
[2026-02-23T11:43:02.243+0000] {logging_mixin.py:188} INFO - [2026-02-23T11:43:02.243+0000] {dagbag.py:545} INFO - Filling up the DagBag from /opt/airflow/dags/main.py
[2026-02-23T11:43:02.422+0000] {processor.py:840} INFO - DAG(s) 'update_db', 'produce_json' retrieved from /opt/airflow/dags/main.py
[2026-02-23T11:43:02.456+0000] {logging_mixin.py:188} INFO - [2026-02-23T11:43:02.456+0000] {dag.py:3096} INFO - Sync 2 DAGs
[2026-02-23T11:43:02.485+0000] {logging_mixin.py:188} INFO - [2026-02-23T11:43:02.485+0000] {dag.py:3954} INFO - Setting next_dagrun for produce_json to 2026-02-22 14:00:00+00:00, run_after=2026-02-23 14:00:00+00:00
[2026-02-23T11:43:02.491+0000] {logging_mixin.py:188} INFO - [2026-02-23T11:43:02.491+0000] {dag.py:3954} INFO - Setting next_dagrun for update_db to 2026-02-22 15:00:00+00:00, run_after=2026-02-23 15:00:00+00:00
[2026-02-23T11:43:02.518+0000] {processor.py:183} INFO - Processing /opt/airflow/dags/main.py took 0.287 seconds
[2026-02-23T11:43:32.737+0000] {processor.py:161} INFO - Started process (PID=257) to work on /opt/airflow/dags/main.py
[2026-02-23T11:43:32.738+0000] {processor.py:830} INFO - Processing file /opt/airflow/dags/main.py for tasks to queue
[2026-02-23T11:43:32.741+0000] {logging_mixin.py:188} INFO - [2026-02-23T11:43:32.740+0000] {dagbag.py:545} INFO - Filling up the DagBag from /opt/airflow/dags/main.py
[2026-02-23T11:43:32.898+0000] {processor.py:840} INFO - DAG(s) 'produce_json', 'update_db' retrieved from /opt/airflow/dags/main.py
[2026-02-23T11:43:32.937+0000] {logging_mixin.py:188} INFO - [2026-02-23T11:43:32.937+0000] {dag.py:3096} INFO - Sync 2 DAGs
[2026-02-23T11:43:32.961+0000] {logging_mixin.py:188} INFO - [2026-02-23T11:43:32.961+0000] {dag.py:3954} INFO - Setting next_dagrun for produce_json to 2026-02-22 14:00:00+00:00, run_after=2026-02-23 14:00:00+00:00
[2026-02-23T11:43:32.967+0000] {logging_mixin.py:188} INFO - [2026-02-23T11:43:32.967+0000] {dag.py:3954} INFO - Setting next_dagrun for update_db to 2026-02-22 15:00:00+00:00, run_after=2026-02-23 15:00:00+00:00
[2026-02-23T11:43:32.989+0000] {processor.py:183} INFO - Processing /opt/airflow/dags/main.py took 0.258 seconds
[2026-02-23T11:44:03.237+0000] {processor.py:161} INFO - Started process (PID=264) to work on /opt/airflow/dags/main.py
[2026-02-23T11:44:03.238+0000] {processor.py:830} INFO - Processing file /opt/airflow/dags/main.py for tasks to queue
[2026-02-23T11:44:03.241+0000] {logging_mixin.py:188} INFO - [2026-02-23T11:44:03.241+0000] {dagbag.py:545} INFO - Filling up the DagBag from /opt/airflow/dags/main.py
[2026-02-23T11:44:03.396+0000] {processor.py:840} INFO - DAG(s) 'update_db', 'produce_json' retrieved from /opt/airflow/dags/main.py
[2026-02-23T11:44:03.430+0000] {logging_mixin.py:188} INFO - [2026-02-23T11:44:03.430+0000] {dag.py:3096} INFO - Sync 2 DAGs
[2026-02-23T11:44:03.452+0000] {logging_mixin.py:188} INFO - [2026-02-23T11:44:03.452+0000] {dag.py:3954} INFO - Setting next_dagrun for produce_json to 2026-02-22 14:00:00+00:00, run_after=2026-02-23 14:00:00+00:00
[2026-02-23T11:44:03.459+0000] {logging_mixin.py:188} INFO - [2026-02-23T11:44:03.458+0000] {dag.py:3954} INFO - Setting next_dagrun for update_db to 2026-02-22 15:00:00+00:00, run_after=2026-02-23 15:00:00+00:00
[2026-02-23T11:44:03.478+0000] {processor.py:183} INFO - Processing /opt/airflow/dags/main.py took 0.247 seconds
[2026-02-23T11:44:33.724+0000] {processor.py:161} INFO - Started process (PID=271) to work on /opt/airflow/dags/main.py
[2026-02-23T11:44:33.725+0000] {processor.py:830} INFO - Processing file /opt/airflow/dags/main.py for tasks to queue
[2026-02-23T11:44:33.727+0000] {logging_mixin.py:188} INFO - [2026-02-23T11:44:33.727+0000] {dagbag.py:545} INFO - Filling up the DagBag from /opt/airflow/dags/main.py
[2026-02-23T11:44:33.941+0000] {processor.py:840} INFO - DAG(s) 'update_db', 'produce_json' retrieved from /opt/airflow/dags/main.py
[2026-02-23T11:44:33.977+0000] {logging_mixin.py:188} INFO - [2026-02-23T11:44:33.977+0000] {dag.py:3096} INFO - Sync 2 DAGs
[2026-02-23T11:44:33.998+0000] {logging_mixin.py:188} INFO - [2026-02-23T11:44:33.998+0000] {dag.py:3954} INFO - Setting next_dagrun for produce_json to 2026-02-22 14:00:00+00:00, run_after=2026-02-23 14:00:00+00:00
[2026-02-23T11:44:34.003+0000] {logging_mixin.py:188} INFO - [2026-02-23T11:44:34.003+0000] {dag.py:3954} INFO - Setting next_dagrun for update_db to 2026-02-22 15:00:00+00:00, run_after=2026-02-23 15:00:00+00:00
[2026-02-23T11:44:34.031+0000] {processor.py:183} INFO - Processing /opt/airflow/dags/main.py took 0.312 seconds
[2026-02-23T11:45:04.306+0000] {processor.py:161} INFO - Started process (PID=278) to work on /opt/airflow/dags/main.py
[2026-02-23T11:45:04.308+0000] {processor.py:830} INFO - Processing file /opt/airflow/dags/main.py for tasks to queue
[2026-02-23T11:45:04.311+0000] {logging_mixin.py:188} INFO - [2026-02-23T11:45:04.311+0000] {dagbag.py:545} INFO - Filling up the DagBag from /opt/airflow/dags/main.py
[2026-02-23T11:45:04.500+0000] {processor.py:840} INFO - DAG(s) 'produce_json', 'update_db' retrieved from /opt/airflow/dags/main.py
[2026-02-23T11:45:04.545+0000] {logging_mixin.py:188} INFO - [2026-02-23T11:45:04.545+0000] {dag.py:3096} INFO - Sync 2 DAGs
[2026-02-23T11:45:04.569+0000] {logging_mixin.py:188} INFO - [2026-02-23T11:45:04.568+0000] {dag.py:3954} INFO - Setting next_dagrun for produce_json to 2026-02-22 14:00:00+00:00, run_after=2026-02-23 14:00:00+00:00
[2026-02-23T11:45:04.575+0000] {logging_mixin.py:188} INFO - [2026-02-23T11:45:04.575+0000] {dag.py:3954} INFO - Setting next_dagrun for update_db to 2026-02-22 15:00:00+00:00, run_after=2026-02-23 15:00:00+00:00
[2026-02-23T11:45:04.602+0000] {processor.py:183} INFO - Processing /opt/airflow/dags/main.py took 0.304 seconds
[2026-02-23T11:45:34.845+0000] {processor.py:161} INFO - Started process (PID=285) to work on /opt/airflow/dags/main.py
[2026-02-23T11:45:34.847+0000] {processor.py:830} INFO - Processing file /opt/airflow/dags/main.py for tasks to queue
[2026-02-23T11:45:34.849+0000] {logging_mixin.py:188} INFO - [2026-02-23T11:45:34.849+0000] {dagbag.py:545} INFO - Filling up the DagBag from /opt/airflow/dags/main.py
[2026-02-23T11:45:35.040+0000] {processor.py:840} INFO - DAG(s) 'produce_json', 'update_db' retrieved from /opt/airflow/dags/main.py
[2026-02-23T11:45:35.079+0000] {logging_mixin.py:188} INFO - [2026-02-23T11:45:35.079+0000] {dag.py:3096} INFO - Sync 2 DAGs
[2026-02-23T11:45:35.105+0000] {logging_mixin.py:188} INFO - [2026-02-23T11:45:35.104+0000] {dag.py:3954} INFO - Setting next_dagrun for produce_json to 2026-02-22 14:00:00+00:00, run_after=2026-02-23 14:00:00+00:00
[2026-02-23T11:45:35.111+0000] {logging_mixin.py:188} INFO - [2026-02-23T11:45:35.111+0000] {dag.py:3954} INFO - Setting next_dagrun for update_db to 2026-02-22 15:00:00+00:00, run_after=2026-02-23 15:00:00+00:00
[2026-02-23T11:45:35.138+0000] {processor.py:183} INFO - Processing /opt/airflow/dags/main.py took 0.303 seconds
[2026-02-23T11:46:05.439+0000] {processor.py:161} INFO - Started process (PID=292) to work on /opt/airflow/dags/main.py
[2026-02-23T11:46:05.441+0000] {processor.py:830} INFO - Processing file /opt/airflow/dags/main.py for tasks to queue
[2026-02-23T11:46:05.443+0000] {logging_mixin.py:188} INFO - [2026-02-23T11:46:05.443+0000] {dagbag.py:545} INFO - Filling up the DagBag from /opt/airflow/dags/main.py
[2026-02-23T11:46:05.566+0000] {processor.py:840} INFO - DAG(s) 'produce_json', 'update_db' retrieved from /opt/airflow/dags/main.py
[2026-02-23T11:46:05.594+0000] {logging_mixin.py:188} INFO - [2026-02-23T11:46:05.594+0000] {dag.py:3096} INFO - Sync 2 DAGs
[2026-02-23T11:46:05.613+0000] {logging_mixin.py:188} INFO - [2026-02-23T11:46:05.613+0000] {dag.py:3954} INFO - Setting next_dagrun for produce_json to 2026-02-22 14:00:00+00:00, run_after=2026-02-23 14:00:00+00:00
[2026-02-23T11:46:05.618+0000] {logging_mixin.py:188} INFO - [2026-02-23T11:46:05.618+0000] {dag.py:3954} INFO - Setting next_dagrun for update_db to 2026-02-22 15:00:00+00:00, run_after=2026-02-23 15:00:00+00:00
[2026-02-23T11:46:05.651+0000] {processor.py:183} INFO - Processing /opt/airflow/dags/main.py took 0.220 seconds
[2026-02-23T11:46:36.516+0000] {processor.py:161} INFO - Started process (PID=299) to work on /opt/airflow/dags/main.py
[2026-02-23T11:46:36.517+0000] {processor.py:830} INFO - Processing file /opt/airflow/dags/main.py for tasks to queue
[2026-02-23T11:46:36.519+0000] {logging_mixin.py:188} INFO - [2026-02-23T11:46:36.519+0000] {dagbag.py:545} INFO - Filling up the DagBag from /opt/airflow/dags/main.py
[2026-02-23T11:46:36.665+0000] {processor.py:840} INFO - DAG(s) 'produce_json', 'update_db' retrieved from /opt/airflow/dags/main.py
[2026-02-23T11:46:36.698+0000] {logging_mixin.py:188} INFO - [2026-02-23T11:46:36.698+0000] {dag.py:3096} INFO - Sync 2 DAGs
[2026-02-23T11:46:36.727+0000] {logging_mixin.py:188} INFO - [2026-02-23T11:46:36.727+0000] {dag.py:3954} INFO - Setting next_dagrun for produce_json to 2026-02-22 14:00:00+00:00, run_after=2026-02-23 14:00:00+00:00
[2026-02-23T11:46:36.733+0000] {logging_mixin.py:188} INFO - [2026-02-23T11:46:36.733+0000] {dag.py:3954} INFO - Setting next_dagrun for update_db to 2026-02-22 15:00:00+00:00, run_after=2026-02-23 15:00:00+00:00
[2026-02-23T11:46:36.754+0000] {processor.py:183} INFO - Processing /opt/airflow/dags/main.py took 0.243 seconds
[2026-02-23T11:47:06.955+0000] {processor.py:161} INFO - Started process (PID=306) to work on /opt/airflow/dags/main.py
[2026-02-23T11:47:06.956+0000] {processor.py:830} INFO - Processing file /opt/airflow/dags/main.py for tasks to queue
[2026-02-23T11:47:06.959+0000] {logging_mixin.py:188} INFO - [2026-02-23T11:47:06.959+0000] {dagbag.py:545} INFO - Filling up the DagBag from /opt/airflow/dags/main.py
[2026-02-23T11:47:07.094+0000] {processor.py:840} INFO - DAG(s) 'produce_json', 'update_db' retrieved from /opt/airflow/dags/main.py
[2026-02-23T11:47:07.124+0000] {logging_mixin.py:188} INFO - [2026-02-23T11:47:07.123+0000] {dag.py:3096} INFO - Sync 2 DAGs
[2026-02-23T11:47:07.146+0000] {logging_mixin.py:188} INFO - [2026-02-23T11:47:07.146+0000] {dag.py:3954} INFO - Setting next_dagrun for produce_json to 2026-02-22 14:00:00+00:00, run_after=2026-02-23 14:00:00+00:00
[2026-02-23T11:47:07.151+0000] {logging_mixin.py:188} INFO - [2026-02-23T11:47:07.151+0000] {dag.py:3954} INFO - Setting next_dagrun for update_db to 2026-02-22 15:00:00+00:00, run_after=2026-02-23 15:00:00+00:00
[2026-02-23T11:47:07.173+0000] {processor.py:183} INFO - Processing /opt/airflow/dags/main.py took 0.223 seconds
[2026-02-23T12:17:07.002+0000] {processor.py:161} INFO - Started process (PID=313) to work on /opt/airflow/dags/main.py
[2026-02-23T12:17:07.009+0000] {processor.py:830} INFO - Processing file /opt/airflow/dags/main.py for tasks to queue
[2026-02-23T12:17:07.016+0000] {logging_mixin.py:188} INFO - [2026-02-23T12:17:07.015+0000] {dagbag.py:545} INFO - Filling up the DagBag from /opt/airflow/dags/main.py
[2026-02-23T12:17:07.603+0000] {processor.py:840} INFO - DAG(s) 'update_db', 'produce_json' retrieved from /opt/airflow/dags/main.py
[2026-02-23T12:17:07.703+0000] {logging_mixin.py:188} INFO - [2026-02-23T12:17:07.702+0000] {dag.py:3096} INFO - Sync 2 DAGs
[2026-02-23T12:17:07.766+0000] {logging_mixin.py:188} INFO - [2026-02-23T12:17:07.766+0000] {dag.py:3954} INFO - Setting next_dagrun for produce_json to 2026-02-22 14:00:00+00:00, run_after=2026-02-23 14:00:00+00:00
[2026-02-23T13:18:44.784+0000] {logging_mixin.py:188} INFO - [2026-02-23T13:18:44.784+0000] {dag.py:3954} INFO - Setting next_dagrun for update_db to 2026-02-22 15:00:00+00:00, run_after=2026-02-23 15:00:00+00:00
[2026-02-23T13:18:44.849+0000] {processor.py:183} INFO - Processing /opt/airflow/dags/main.py took 0.871 seconds
[2026-02-23T13:19:15.432+0000] {processor.py:161} INFO - Started process (PID=320) to work on /opt/airflow/dags/main.py
[2026-02-23T13:19:15.433+0000] {processor.py:830} INFO - Processing file /opt/airflow/dags/main.py for tasks to queue
[2026-02-23T13:19:15.434+0000] {logging_mixin.py:188} INFO - [2026-02-23T13:19:15.434+0000] {dagbag.py:545} INFO - Filling up the DagBag from /opt/airflow/dags/main.py
[2026-02-23T13:19:15.538+0000] {processor.py:840} INFO - DAG(s) 'produce_json', 'update_db' retrieved from /opt/airflow/dags/main.py
[2026-02-23T13:19:15.699+0000] {logging_mixin.py:188} INFO - [2026-02-23T13:19:15.699+0000] {dag.py:3096} INFO - Sync 2 DAGs
[2026-02-23T13:19:15.722+0000] {logging_mixin.py:188} INFO - [2026-02-23T13:19:15.721+0000] {dag.py:3954} INFO - Setting next_dagrun for produce_json to 2026-02-22 14:00:00+00:00, run_after=2026-02-23 14:00:00+00:00
[2026-02-23T13:19:15.727+0000] {logging_mixin.py:188} INFO - [2026-02-23T13:19:15.727+0000] {dag.py:3954} INFO - Setting next_dagrun for update_db to 2026-02-22 15:00:00+00:00, run_after=2026-02-23 15:00:00+00:00
[2026-02-23T13:19:15.754+0000] {processor.py:183} INFO - Processing /opt/airflow/dags/main.py took 0.329 seconds
[2026-02-23T13:19:45.968+0000] {processor.py:161} INFO - Started process (PID=327) to work on /opt/airflow/dags/main.py
[2026-02-23T13:19:45.969+0000] {processor.py:830} INFO - Processing file /opt/airflow/dags/main.py for tasks to queue
[2026-02-23T13:19:45.971+0000] {logging_mixin.py:188} INFO - [2026-02-23T13:19:45.970+0000] {dagbag.py:545} INFO - Filling up the DagBag from /opt/airflow/dags/main.py
[2026-02-23T13:19:46.121+0000] {processor.py:840} INFO - DAG(s) 'produce_json', 'update_db' retrieved from /opt/airflow/dags/main.py
[2026-02-23T13:19:46.169+0000] {logging_mixin.py:188} INFO - [2026-02-23T13:19:46.168+0000] {dag.py:3096} INFO - Sync 2 DAGs
[2026-02-23T13:19:46.211+0000] {logging_mixin.py:188} INFO - [2026-02-23T13:19:46.210+0000] {dag.py:3954} INFO - Setting next_dagrun for produce_json to 2026-02-22 14:00:00+00:00, run_after=2026-02-23 14:00:00+00:00
[2026-02-23T13:19:46.218+0000] {logging_mixin.py:188} INFO - [2026-02-23T13:19:46.218+0000] {dag.py:3954} INFO - Setting next_dagrun for update_db to 2026-02-22 15:00:00+00:00, run_after=2026-02-23 15:00:00+00:00
[2026-02-23T13:19:46.240+0000] {processor.py:183} INFO - Processing /opt/airflow/dags/main.py took 0.279 seconds
[2026-02-23T13:20:16.456+0000] {processor.py:161} INFO - Started process (PID=334) to work on /opt/airflow/dags/main.py
[2026-02-23T13:20:16.458+0000] {processor.py:830} INFO - Processing file /opt/airflow/dags/main.py for tasks to queue
[2026-02-23T13:20:16.459+0000] {logging_mixin.py:188} INFO - [2026-02-23T13:20:16.458+0000] {dagbag.py:545} INFO - Filling up the DagBag from /opt/airflow/dags/main.py
[2026-02-23T13:20:16.607+0000] {processor.py:840} INFO - DAG(s) 'produce_json', 'update_db' retrieved from /opt/airflow/dags/main.py
[2026-02-23T13:20:16.640+0000] {logging_mixin.py:188} INFO - [2026-02-23T13:20:16.640+0000] {dag.py:3096} INFO - Sync 2 DAGs
[2026-02-23T13:20:16.670+0000] {logging_mixin.py:188} INFO - [2026-02-23T13:20:16.670+0000] {dag.py:3954} INFO - Setting next_dagrun for produce_json to 2026-02-22 14:00:00+00:00, run_after=2026-02-23 14:00:00+00:00
[2026-02-23T13:20:16.677+0000] {logging_mixin.py:188} INFO - [2026-02-23T13:20:16.677+0000] {dag.py:3954} INFO - Setting next_dagrun for update_db to 2026-02-22 15:00:00+00:00, run_after=2026-02-23 15:00:00+00:00
[2026-02-23T13:20:16.704+0000] {processor.py:183} INFO - Processing /opt/airflow/dags/main.py took 0.254 seconds
[2026-02-23T13:20:46.955+0000] {processor.py:161} INFO - Started process (PID=341) to work on /opt/airflow/dags/main.py
[2026-02-23T13:20:46.956+0000] {processor.py:830} INFO - Processing file /opt/airflow/dags/main.py for tasks to queue
[2026-02-23T13:20:46.957+0000] {logging_mixin.py:188} INFO - [2026-02-23T13:20:46.957+0000] {dagbag.py:545} INFO - Filling up the DagBag from /opt/airflow/dags/main.py
[2026-02-23T13:20:47.128+0000] {processor.py:840} INFO - DAG(s) 'update_db', 'produce_json' retrieved from /opt/airflow/dags/main.py
[2026-02-23T13:20:47.164+0000] {logging_mixin.py:188} INFO - [2026-02-23T13:20:47.163+0000] {dag.py:3096} INFO - Sync 2 DAGs
[2026-02-23T13:20:47.193+0000] {logging_mixin.py:188} INFO - [2026-02-23T13:20:47.193+0000] {dag.py:3954} INFO - Setting next_dagrun for produce_json to 2026-02-22 14:00:00+00:00, run_after=2026-02-23 14:00:00+00:00
[2026-02-23T13:20:47.200+0000] {logging_mixin.py:188} INFO - [2026-02-23T13:20:47.200+0000] {dag.py:3954} INFO - Setting next_dagrun for update_db to 2026-02-22 15:00:00+00:00, run_after=2026-02-23 15:00:00+00:00
[2026-02-23T13:20:47.224+0000] {processor.py:183} INFO - Processing /opt/airflow/dags/main.py took 0.275 seconds
[2026-02-23T13:21:17.456+0000] {processor.py:161} INFO - Started process (PID=348) to work on /opt/airflow/dags/main.py
[2026-02-23T13:21:17.457+0000] {processor.py:830} INFO - Processing file /opt/airflow/dags/main.py for tasks to queue
[2026-02-23T13:21:17.458+0000] {logging_mixin.py:188} INFO - [2026-02-23T13:21:17.458+0000] {dagbag.py:545} INFO - Filling up the DagBag from /opt/airflow/dags/main.py
[2026-02-23T13:21:17.569+0000] {processor.py:840} INFO - DAG(s) 'update_db', 'produce_json' retrieved from /opt/airflow/dags/main.py
[2026-02-23T13:21:17.603+0000] {logging_mixin.py:188} INFO - [2026-02-23T13:21:17.603+0000] {dag.py:3096} INFO - Sync 2 DAGs
[2026-02-23T13:21:17.627+0000] {logging_mixin.py:188} INFO - [2026-02-23T13:21:17.627+0000] {dag.py:3954} INFO - Setting next_dagrun for produce_json to 2026-02-22 14:00:00+00:00, run_after=2026-02-23 14:00:00+00:00
[2026-02-23T13:21:17.634+0000] {logging_mixin.py:188} INFO - [2026-02-23T13:21:17.633+0000] {dag.py:3954} INFO - Setting next_dagrun for update_db to 2026-02-22 15:00:00+00:00, run_after=2026-02-23 15:00:00+00:00
[2026-02-23T13:21:17.656+0000] {processor.py:183} INFO - Processing /opt/airflow/dags/main.py took 0.206 seconds
[2026-02-23T13:21:47.903+0000] {processor.py:161} INFO - Started process (PID=355) to work on /opt/airflow/dags/main.py
[2026-02-23T13:21:47.904+0000] {processor.py:830} INFO - Processing file /opt/airflow/dags/main.py for tasks to queue
[2026-02-23T13:21:47.906+0000] {logging_mixin.py:188} INFO - [2026-02-23T13:21:47.905+0000] {dagbag.py:545} INFO - Filling up the DagBag from /opt/airflow/dags/main.py
[2026-02-23T13:21:48.025+0000] {processor.py:840} INFO - DAG(s) 'produce_json', 'update_db' retrieved from /opt/airflow/dags/main.py
[2026-02-23T13:21:48.063+0000] {logging_mixin.py:188} INFO - [2026-02-23T13:21:48.062+0000] {dag.py:3096} INFO - Sync 2 DAGs
[2026-02-23T13:21:48.087+0000] {logging_mixin.py:188} INFO - [2026-02-23T13:21:48.087+0000] {dag.py:3954} INFO - Setting next_dagrun for produce_json to 2026-02-22 14:00:00+00:00, run_after=2026-02-23 14:00:00+00:00
[2026-02-23T13:21:48.092+0000] {logging_mixin.py:188} INFO - [2026-02-23T13:21:48.092+0000] {dag.py:3954} INFO - Setting next_dagrun for update_db to 2026-02-22 15:00:00+00:00, run_after=2026-02-23 15:00:00+00:00
[2026-02-23T13:21:48.112+0000] {processor.py:183} INFO - Processing /opt/airflow/dags/main.py took 0.215 seconds
[2026-02-23T13:22:18.322+0000] {processor.py:161} INFO - Started process (PID=362) to work on /opt/airflow/dags/main.py
[2026-02-23T13:22:18.324+0000] {processor.py:830} INFO - Processing file /opt/airflow/dags/main.py for tasks to queue
[2026-02-23T13:22:18.325+0000] {logging_mixin.py:188} INFO - [2026-02-23T13:22:18.325+0000] {dagbag.py:545} INFO - Filling up the DagBag from /opt/airflow/dags/main.py
[2026-02-23T13:22:18.449+0000] {processor.py:840} INFO - DAG(s) 'update_db', 'produce_json' retrieved from /opt/airflow/dags/main.py
[2026-02-23T13:22:18.483+0000] {logging_mixin.py:188} INFO - [2026-02-23T13:22:18.483+0000] {dag.py:3096} INFO - Sync 2 DAGs
[2026-02-23T13:22:18.507+0000] {logging_mixin.py:188} INFO - [2026-02-23T13:22:18.507+0000] {dag.py:3954} INFO - Setting next_dagrun for produce_json to 2026-02-22 14:00:00+00:00, run_after=2026-02-23 14:00:00+00:00
[2026-02-23T13:22:18.513+0000] {logging_mixin.py:188} INFO - [2026-02-23T13:22:18.513+0000] {dag.py:3954} INFO - Setting next_dagrun for update_db to 2026-02-22 15:00:00+00:00, run_after=2026-02-23 15:00:00+00:00
[2026-02-23T13:22:18.540+0000] {processor.py:183} INFO - Processing /opt/airflow/dags/main.py took 0.223 seconds
[2026-02-23T13:22:48.767+0000] {processor.py:161} INFO - Started process (PID=369) to work on /opt/airflow/dags/main.py
[2026-02-23T13:22:48.768+0000] {processor.py:830} INFO - Processing file /opt/airflow/dags/main.py for tasks to queue
[2026-02-23T13:22:48.769+0000] {logging_mixin.py:188} INFO - [2026-02-23T13:22:48.769+0000] {dagbag.py:545} INFO - Filling up the DagBag from /opt/airflow/dags/main.py
[2026-02-23T13:22:48.879+0000] {processor.py:840} INFO - DAG(s) 'produce_json', 'update_db' retrieved from /opt/airflow/dags/main.py
[2026-02-23T13:22:48.913+0000] {logging_mixin.py:188} INFO - [2026-02-23T13:22:48.912+0000] {dag.py:3096} INFO - Sync 2 DAGs
[2026-02-23T13:22:48.936+0000] {logging_mixin.py:188} INFO - [2026-02-23T13:22:48.936+0000] {dag.py:3954} INFO - Setting next_dagrun for produce_json to 2026-02-22 14:00:00+00:00, run_after=2026-02-23 14:00:00+00:00
[2026-02-23T13:22:48.943+0000] {logging_mixin.py:188} INFO - [2026-02-23T13:22:48.943+0000] {dag.py:3954} INFO - Setting next_dagrun for update_db to 2026-02-22 15:00:00+00:00, run_after=2026-02-23 15:00:00+00:00
[2026-02-23T13:22:48.961+0000] {processor.py:183} INFO - Processing /opt/airflow/dags/main.py took 0.200 seconds
[2026-02-23T13:23:19.172+0000] {processor.py:161} INFO - Started process (PID=376) to work on /opt/airflow/dags/main.py
[2026-02-23T13:23:19.174+0000] {processor.py:830} INFO - Processing file /opt/airflow/dags/main.py for tasks to queue
[2026-02-23T13:23:19.175+0000] {logging_mixin.py:188} INFO - [2026-02-23T13:23:19.175+0000] {dagbag.py:545} INFO - Filling up the DagBag from /opt/airflow/dags/main.py
[2026-02-23T13:23:19.362+0000] {processor.py:840} INFO - DAG(s) 'produce_json', 'update_db' retrieved from /opt/airflow/dags/main.py
[2026-02-23T13:23:19.400+0000] {logging_mixin.py:188} INFO - [2026-02-23T13:23:19.400+0000] {dag.py:3096} INFO - Sync 2 DAGs
[2026-02-23T13:23:19.424+0000] {logging_mixin.py:188} INFO - [2026-02-23T13:23:19.424+0000] {dag.py:3954} INFO - Setting next_dagrun for produce_json to 2026-02-22 14:00:00+00:00, run_after=2026-02-23 14:00:00+00:00
[2026-02-23T13:23:19.429+0000] {logging_mixin.py:188} INFO - [2026-02-23T13:23:19.429+0000] {dag.py:3954} INFO - Setting next_dagrun for update_db to 2026-02-22 15:00:00+00:00, run_after=2026-02-23 15:00:00+00:00
[2026-02-23T13:23:19.451+0000] {processor.py:183} INFO - Processing /opt/airflow/dags/main.py took 0.285 seconds
[2026-02-23T13:23:49.586+0000] {processor.py:161} INFO - Started process (PID=383) to work on /opt/airflow/dags/main.py
[2026-02-23T13:23:49.588+0000] {processor.py:830} INFO - Processing file /opt/airflow/dags/main.py for tasks to queue
[2026-02-23T13:23:49.589+0000] {logging_mixin.py:188} INFO - [2026-02-23T13:23:49.589+0000] {dagbag.py:545} INFO - Filling up the DagBag from /opt/airflow/dags/main.py
[2026-02-23T13:23:49.712+0000] {processor.py:840} INFO - DAG(s) 'produce_json', 'update_db' retrieved from /opt/airflow/dags/main.py
[2026-02-23T13:23:49.745+0000] {logging_mixin.py:188} INFO - [2026-02-23T13:23:49.745+0000] {dag.py:3096} INFO - Sync 2 DAGs
[2026-02-23T13:23:49.770+0000] {logging_mixin.py:188} INFO - [2026-02-23T13:23:49.770+0000] {dag.py:3954} INFO - Setting next_dagrun for produce_json to 2026-02-22 14:00:00+00:00, run_after=2026-02-23 14:00:00+00:00
[2026-02-23T13:23:49.776+0000] {logging_mixin.py:188} INFO - [2026-02-23T13:23:49.775+0000] {dag.py:3954} INFO - Setting next_dagrun for update_db to 2026-02-22 15:00:00+00:00, run_after=2026-02-23 15:00:00+00:00
[2026-02-23T13:23:49.794+0000] {processor.py:183} INFO - Processing /opt/airflow/dags/main.py took 0.215 seconds
[2026-02-23T13:24:19.891+0000] {processor.py:161} INFO - Started process (PID=390) to work on /opt/airflow/dags/main.py
[2026-02-23T13:24:19.892+0000] {processor.py:830} INFO - Processing file /opt/airflow/dags/main.py for tasks to queue
[2026-02-23T13:24:19.893+0000] {logging_mixin.py:188} INFO - [2026-02-23T13:24:19.893+0000] {dagbag.py:545} INFO - Filling up the DagBag from /opt/airflow/dags/main.py
[2026-02-23T13:24:20.006+0000] {processor.py:840} INFO - DAG(s) 'produce_json', 'update_db' retrieved from /opt/airflow/dags/main.py
[2026-02-23T13:24:20.038+0000] {logging_mixin.py:188} INFO - [2026-02-23T13:24:20.038+0000] {dag.py:3096} INFO - Sync 2 DAGs
[2026-02-23T13:24:20.065+0000] {logging_mixin.py:188} INFO - [2026-02-23T13:24:20.065+0000] {dag.py:3954} INFO - Setting next_dagrun for produce_json to 2026-02-22 14:00:00+00:00, run_after=2026-02-23 14:00:00+00:00
[2026-02-23T13:24:20.071+0000] {logging_mixin.py:188} INFO - [2026-02-23T13:24:20.070+0000] {dag.py:3954} INFO - Setting next_dagrun for update_db to 2026-02-22 15:00:00+00:00, run_after=2026-02-23 15:00:00+00:00
[2026-02-23T13:24:20.093+0000] {processor.py:183} INFO - Processing /opt/airflow/dags/main.py took 0.209 seconds
[2026-02-23T13:24:50.238+0000] {processor.py:161} INFO - Started process (PID=398) to work on /opt/airflow/dags/main.py
[2026-02-23T13:24:50.240+0000] {processor.py:830} INFO - Processing file /opt/airflow/dags/main.py for tasks to queue
[2026-02-23T13:24:50.241+0000] {logging_mixin.py:188} INFO - [2026-02-23T13:24:50.241+0000] {dagbag.py:545} INFO - Filling up the DagBag from /opt/airflow/dags/main.py
[2026-02-23T13:24:50.393+0000] {processor.py:840} INFO - DAG(s) 'update_db', 'produce_json' retrieved from /opt/airflow/dags/main.py
[2026-02-23T13:24:50.443+0000] {logging_mixin.py:188} INFO - [2026-02-23T13:24:50.443+0000] {dag.py:3096} INFO - Sync 2 DAGs
[2026-02-23T13:24:50.474+0000] {logging_mixin.py:188} INFO - [2026-02-23T13:24:50.473+0000] {dag.py:3954} INFO - Setting next_dagrun for produce_json to 2026-02-22 14:00:00+00:00, run_after=2026-02-23 14:00:00+00:00
[2026-02-23T13:24:50.481+0000] {logging_mixin.py:188} INFO - [2026-02-23T13:24:50.481+0000] {dag.py:3954} INFO - Setting next_dagrun for update_db to 2026-02-22 15:00:00+00:00, run_after=2026-02-23 15:00:00+00:00
[2026-02-23T13:24:50.503+0000] {processor.py:183} INFO - Processing /opt/airflow/dags/main.py took 0.271 seconds
[2026-02-23T13:25:20.726+0000] {processor.py:161} INFO - Started process (PID=405) to work on /opt/airflow/dags/main.py
[2026-02-23T13:25:20.728+0000] {processor.py:830} INFO - Processing file /opt/airflow/dags/main.py for tasks to queue
[2026-02-23T13:25:20.730+0000] {logging_mixin.py:188} INFO - [2026-02-23T13:25:20.730+0000] {dagbag.py:545} INFO - Filling up the DagBag from /opt/airflow/dags/main.py
[2026-02-23T13:25:20.881+0000] {processor.py:840} INFO - DAG(s) 'produce_json', 'update_db' retrieved from /opt/airflow/dags/main.py
[2026-02-23T13:25:20.917+0000] {logging_mixin.py:188} INFO - [2026-02-23T13:25:20.917+0000] {dag.py:3096} INFO - Sync 2 DAGs
[2026-02-23T13:25:20.943+0000] {logging_mixin.py:188} INFO - [2026-02-23T13:25:20.943+0000] {dag.py:3954} INFO - Setting next_dagrun for produce_json to 2026-02-22 14:00:00+00:00, run_after=2026-02-23 14:00:00+00:00
[2026-02-23T13:25:20.951+0000] {logging_mixin.py:188} INFO - [2026-02-23T13:25:20.950+0000] {dag.py:3954} INFO - Setting next_dagrun for update_db to 2026-02-22 15:00:00+00:00, run_after=2026-02-23 15:00:00+00:00
[2026-02-23T13:25:20.972+0000] {processor.py:183} INFO - Processing /opt/airflow/dags/main.py took 0.255 seconds
[2026-02-23T13:25:51.210+0000] {processor.py:161} INFO - Started process (PID=412) to work on /opt/airflow/dags/main.py
[2026-02-23T13:25:51.212+0000] {processor.py:830} INFO - Processing file /opt/airflow/dags/main.py for tasks to queue
[2026-02-23T13:25:51.213+0000] {logging_mixin.py:188} INFO - [2026-02-23T13:25:51.213+0000] {dagbag.py:545} INFO - Filling up the DagBag from /opt/airflow/dags/main.py
[2026-02-23T13:25:51.375+0000] {processor.py:840} INFO - DAG(s) 'update_db', 'produce_json' retrieved from /opt/airflow/dags/main.py
[2026-02-23T13:25:51.412+0000] {logging_mixin.py:188} INFO - [2026-02-23T13:25:51.412+0000] {dag.py:3096} INFO - Sync 2 DAGs
[2026-02-23T13:25:51.442+0000] {logging_mixin.py:188} INFO - [2026-02-23T13:25:51.442+0000] {dag.py:3954} INFO - Setting next_dagrun for produce_json to 2026-02-22 14:00:00+00:00, run_after=2026-02-23 14:00:00+00:00
[2026-02-23T13:25:51.450+0000] {logging_mixin.py:188} INFO - [2026-02-23T13:25:51.449+0000] {dag.py:3954} INFO - Setting next_dagrun for update_db to 2026-02-22 15:00:00+00:00, run_after=2026-02-23 15:00:00+00:00
[2026-02-23T13:25:51.473+0000] {processor.py:183} INFO - Processing /opt/airflow/dags/main.py took 0.269 seconds
[2026-02-23T13:26:21.714+0000] {processor.py:161} INFO - Started process (PID=419) to work on /opt/airflow/dags/main.py
[2026-02-23T13:26:21.715+0000] {processor.py:830} INFO - Processing file /opt/airflow/dags/main.py for tasks to queue
[2026-02-23T13:26:21.716+0000] {logging_mixin.py:188} INFO - [2026-02-23T13:26:21.716+0000] {dagbag.py:545} INFO - Filling up the DagBag from /opt/airflow/dags/main.py
[2026-02-23T13:26:21.856+0000] {processor.py:840} INFO - DAG(s) 'update_db', 'produce_json' retrieved from /opt/airflow/dags/main.py
[2026-02-23T13:26:21.900+0000] {logging_mixin.py:188} INFO - [2026-02-23T13:26:21.900+0000] {dag.py:3096} INFO - Sync 2 DAGs
[2026-02-23T13:26:21.925+0000] {logging_mixin.py:188} INFO - [2026-02-23T13:26:21.925+0000] {dag.py:3954} INFO - Setting next_dagrun for produce_json to 2026-02-22 14:00:00+00:00, run_after=2026-02-23 14:00:00+00:00
[2026-02-23T13:26:21.930+0000] {logging_mixin.py:188} INFO - [2026-02-23T13:26:21.930+0000] {dag.py:3954} INFO - Setting next_dagrun for update_db to 2026-02-22 15:00:00+00:00, run_after=2026-02-23 15:00:00+00:00
[2026-02-23T13:26:21.948+0000] {processor.py:183} INFO - Processing /opt/airflow/dags/main.py took 0.240 seconds
[2026-02-23T13:26:52.218+0000] {processor.py:161} INFO - Started process (PID=427) to work on /opt/airflow/dags/main.py
[2026-02-23T13:26:52.220+0000] {processor.py:830} INFO - Processing file /opt/airflow/dags/main.py for tasks to queue
[2026-02-23T13:26:52.222+0000] {logging_mixin.py:188} INFO - [2026-02-23T13:26:52.221+0000] {dagbag.py:545} INFO - Filling up the DagBag from /opt/airflow/dags/main.py
[2026-02-23T13:26:52.354+0000] {processor.py:840} INFO - DAG(s) 'produce_json', 'update_db' retrieved from /opt/airflow/dags/main.py
[2026-02-23T13:26:52.393+0000] {logging_mixin.py:188} INFO - [2026-02-23T13:26:52.393+0000] {dag.py:3096} INFO - Sync 2 DAGs
[2026-02-23T13:26:52.424+0000] {logging_mixin.py:188} INFO - [2026-02-23T13:26:52.424+0000] {dag.py:3954} INFO - Setting next_dagrun for produce_json to 2026-02-22 14:00:00+00:00, run_after=2026-02-23 14:00:00+00:00
[2026-02-23T13:26:52.430+0000] {logging_mixin.py:188} INFO - [2026-02-23T13:26:52.430+0000] {dag.py:3954} INFO - Setting next_dagrun for update_db to 2026-02-22 15:00:00+00:00, run_after=2026-02-23 15:00:00+00:00
[2026-02-23T13:26:52.455+0000] {processor.py:183} INFO - Processing /opt/airflow/dags/main.py took 0.243 seconds
[2026-02-23T13:27:22.773+0000] {processor.py:161} INFO - Started process (PID=434) to work on /opt/airflow/dags/main.py
[2026-02-23T13:27:22.774+0000] {processor.py:830} INFO - Processing file /opt/airflow/dags/main.py for tasks to queue
[2026-02-23T13:27:22.776+0000] {logging_mixin.py:188} INFO - [2026-02-23T13:27:22.776+0000] {dagbag.py:545} INFO - Filling up the DagBag from /opt/airflow/dags/main.py
[2026-02-23T13:27:23.007+0000] {processor.py:840} INFO - DAG(s) 'update_db', 'produce_json' retrieved from /opt/airflow/dags/main.py
[2026-02-23T13:27:23.042+0000] {logging_mixin.py:188} INFO - [2026-02-23T13:27:23.042+0000] {dag.py:3096} INFO - Sync 2 DAGs
[2026-02-23T13:27:23.065+0000] {logging_mixin.py:188} INFO - [2026-02-23T13:27:23.065+0000] {dag.py:3954} INFO - Setting next_dagrun for produce_json to 2026-02-22 14:00:00+00:00, run_after=2026-02-23 14:00:00+00:00
[2026-02-23T13:27:23.070+0000] {logging_mixin.py:188} INFO - [2026-02-23T13:27:23.070+0000] {dag.py:3954} INFO - Setting next_dagrun for update_db to 2026-02-22 15:00:00+00:00, run_after=2026-02-23 15:00:00+00:00
[2026-02-23T13:27:23.091+0000] {processor.py:183} INFO - Processing /opt/airflow/dags/main.py took 0.324 seconds
[2026-02-23T17:53:49.042+0000] {processor.py:161} INFO - Started process (PID=445) to work on /opt/airflow/dags/main.py
[2026-02-23T17:53:49.049+0000] {processor.py:830} INFO - Processing file /opt/airflow/dags/main.py for tasks to queue
[2026-02-23T17:53:49.056+0000] {logging_mixin.py:188} INFO - [2026-02-23T17:53:49.055+0000] {dagbag.py:545} INFO - Filling up the DagBag from /opt/airflow/dags/main.py
[2026-02-23T17:53:49.589+0000] {processor.py:840} INFO - DAG(s) 'update_db', 'produce_json' retrieved from /opt/airflow/dags/main.py
[2026-02-23T17:53:49.758+0000] {logging_mixin.py:188} INFO - [2026-02-23T17:53:49.748+0000] {dag.py:3096} INFO - Sync 2 DAGs
[2026-02-23T17:53:49.876+0000] {logging_mixin.py:188} INFO - [2026-02-23T17:53:49.876+0000] {dag.py:3954} INFO - Setting next_dagrun for produce_json to 2026-02-23 14:00:00+00:00, run_after=2026-02-24 14:00:00+00:00
[2026-02-23T17:53:49.907+0000] {logging_mixin.py:188} INFO - [2026-02-23T17:53:49.907+0000] {dag.py:3954} INFO - Setting next_dagrun for update_db to 2026-02-23 15:00:00+00:00, run_after=2026-02-24 15:00:00+00:00
[2026-02-23T17:53:49.986+0000] {processor.py:183} INFO - Processing /opt/airflow/dags/main.py took 0.970 seconds
[2026-02-23T21:19:50.207+0000] {processor.py:161} INFO - Started process (PID=452) to work on /opt/airflow/dags/main.py
[2026-02-23T21:19:50.217+0000] {processor.py:830} INFO - Processing file /opt/airflow/dags/main.py for tasks to queue
[2026-02-23T21:19:50.220+0000] {logging_mixin.py:188} INFO - [2026-02-23T21:19:50.220+0000] {dagbag.py:545} INFO - Filling up the DagBag from /opt/airflow/dags/main.py
[2026-02-23T21:19:50.473+0000] {processor.py:840} INFO - DAG(s) 'update_db', 'produce_json' retrieved from /opt/airflow/dags/main.py
[2026-02-23T21:19:50.612+0000] {logging_mixin.py:188} INFO - [2026-02-23T21:19:50.605+0000] {dag.py:3096} INFO - Sync 2 DAGs
[2026-02-23T21:19:50.675+0000] {logging_mixin.py:188} INFO - [2026-02-23T21:19:50.675+0000] {dag.py:3954} INFO - Setting next_dagrun for produce_json to 2026-02-23 14:00:00+00:00, run_after=2026-02-24 14:00:00+00:00
[2026-02-23T21:19:50.694+0000] {logging_mixin.py:188} INFO - [2026-02-23T21:19:50.694+0000] {dag.py:3954} INFO - Setting next_dagrun for update_db to 2026-02-23 15:00:00+00:00, run_after=2026-02-24 15:00:00+00:00
[2026-02-23T21:19:50.759+0000] {processor.py:183} INFO - Processing /opt/airflow/dags/main.py took 0.566 seconds
[2026-02-23T22:18:18.202+0000] {processor.py:161} INFO - Started process (PID=463) to work on /opt/airflow/dags/main.py
[2026-02-23T22:18:18.221+0000] {processor.py:830} INFO - Processing file /opt/airflow/dags/main.py for tasks to queue
[2026-02-23T22:18:18.227+0000] {logging_mixin.py:188} INFO - [2026-02-23T22:18:18.226+0000] {dagbag.py:545} INFO - Filling up the DagBag from /opt/airflow/dags/main.py
[2026-02-23T22:18:19.331+0000] {processor.py:840} INFO - DAG(s) 'produce_json', 'update_db' retrieved from /opt/airflow/dags/main.py
[2026-02-23T22:18:19.507+0000] {logging_mixin.py:188} INFO - [2026-02-23T22:18:19.507+0000] {dag.py:3096} INFO - Sync 2 DAGs
[2026-02-23T22:18:19.646+0000] {logging_mixin.py:188} INFO - [2026-02-23T22:18:19.646+0000] {dag.py:3954} INFO - Setting next_dagrun for produce_json to 2026-02-23 14:00:00+00:00, run_after=2026-02-24 14:00:00+00:00
[2026-02-23T22:18:19.692+0000] {logging_mixin.py:188} INFO - [2026-02-23T22:18:19.692+0000] {dag.py:3954} INFO - Setting next_dagrun for update_db to 2026-02-23 15:00:00+00:00, run_after=2026-02-24 15:00:00+00:00
[2026-02-23T22:18:19.805+0000] {processor.py:183} INFO - Processing /opt/airflow/dags/main.py took 1.627 seconds
[2026-02-23T22:18:50.075+0000] {processor.py:161} INFO - Started process (PID=470) to work on /opt/airflow/dags/main.py
[2026-02-23T22:18:50.077+0000] {processor.py:830} INFO - Processing file /opt/airflow/dags/main.py for tasks to queue
[2026-02-23T22:18:50.078+0000] {logging_mixin.py:188} INFO - [2026-02-23T22:18:50.077+0000] {dagbag.py:545} INFO - Filling up the DagBag from /opt/airflow/dags/main.py
[2026-02-23T22:18:50.192+0000] {processor.py:840} INFO - DAG(s) 'update_db', 'produce_json' retrieved from /opt/airflow/dags/main.py
[2026-02-23T22:18:50.229+0000] {logging_mixin.py:188} INFO - [2026-02-23T22:18:50.228+0000] {dag.py:3096} INFO - Sync 2 DAGs
[2026-02-23T22:18:50.258+0000] {logging_mixin.py:188} INFO - [2026-02-23T22:18:50.258+0000] {dag.py:3954} INFO - Setting next_dagrun for produce_json to 2026-02-23 14:00:00+00:00, run_after=2026-02-24 14:00:00+00:00
[2026-02-23T22:18:50.265+0000] {logging_mixin.py:188} INFO - [2026-02-23T22:18:50.265+0000] {dag.py:3954} INFO - Setting next_dagrun for update_db to 2026-02-23 15:00:00+00:00, run_after=2026-02-24 15:00:00+00:00
[2026-02-23T22:18:50.290+0000] {processor.py:183} INFO - Processing /opt/airflow/dags/main.py took 0.222 seconds
[2026-02-23T22:19:20.598+0000] {processor.py:161} INFO - Started process (PID=478) to work on /opt/airflow/dags/main.py
[2026-02-23T22:19:20.599+0000] {processor.py:830} INFO - Processing file /opt/airflow/dags/main.py for tasks to queue
[2026-02-23T22:19:20.601+0000] {logging_mixin.py:188} INFO - [2026-02-23T22:19:20.600+0000] {dagbag.py:545} INFO - Filling up the DagBag from /opt/airflow/dags/main.py
[2026-02-23T22:19:20.716+0000] {processor.py:840} INFO - DAG(s) 'update_db', 'produce_json' retrieved from /opt/airflow/dags/main.py
[2026-02-23T22:19:20.752+0000] {logging_mixin.py:188} INFO - [2026-02-23T22:19:20.752+0000] {dag.py:3096} INFO - Sync 2 DAGs
[2026-02-23T22:19:20.776+0000] {logging_mixin.py:188} INFO - [2026-02-23T22:19:20.775+0000] {dag.py:3954} INFO - Setting next_dagrun for produce_json to 2026-02-23 14:00:00+00:00, run_after=2026-02-24 14:00:00+00:00
[2026-02-23T22:19:20.781+0000] {logging_mixin.py:188} INFO - [2026-02-23T22:19:20.781+0000] {dag.py:3954} INFO - Setting next_dagrun for update_db to 2026-02-23 15:00:00+00:00, run_after=2026-02-24 15:00:00+00:00
[2026-02-23T22:19:20.835+0000] {processor.py:183} INFO - Processing /opt/airflow/dags/main.py took 0.242 seconds
[2026-02-23T22:19:51.335+0000] {processor.py:161} INFO - Started process (PID=485) to work on /opt/airflow/dags/main.py
[2026-02-23T22:19:51.339+0000] {processor.py:830} INFO - Processing file /opt/airflow/dags/main.py for tasks to queue
[2026-02-23T22:19:51.343+0000] {logging_mixin.py:188} INFO - [2026-02-23T22:19:51.342+0000] {dagbag.py:545} INFO - Filling up the DagBag from /opt/airflow/dags/main.py
[2026-02-23T22:19:51.587+0000] {processor.py:840} INFO - DAG(s) 'produce_json', 'update_db' retrieved from /opt/airflow/dags/main.py
[2026-02-23T22:19:51.635+0000] {logging_mixin.py:188} INFO - [2026-02-23T22:19:51.634+0000] {dag.py:3096} INFO - Sync 2 DAGs
[2026-02-23T22:19:51.672+0000] {logging_mixin.py:188} INFO - [2026-02-23T22:19:51.672+0000] {dag.py:3954} INFO - Setting next_dagrun for produce_json to 2026-02-23 14:00:00+00:00, run_after=2026-02-24 14:00:00+00:00
[2026-02-23T22:19:51.681+0000] {logging_mixin.py:188} INFO - [2026-02-23T22:19:51.680+0000] {dag.py:3954} INFO - Setting next_dagrun for update_db to 2026-02-23 15:00:00+00:00, run_after=2026-02-24 15:00:00+00:00
[2026-02-23T22:19:51.727+0000] {processor.py:183} INFO - Processing /opt/airflow/dags/main.py took 0.413 seconds
[2026-02-23T22:20:22.044+0000] {processor.py:161} INFO - Started process (PID=492) to work on /opt/airflow/dags/main.py
[2026-02-23T22:20:22.046+0000] {processor.py:830} INFO - Processing file /opt/airflow/dags/main.py for tasks to queue
[2026-02-23T22:20:22.048+0000] {logging_mixin.py:188} INFO - [2026-02-23T22:20:22.048+0000] {dagbag.py:545} INFO - Filling up the DagBag from /opt/airflow/dags/main.py
[2026-02-23T22:20:22.246+0000] {processor.py:840} INFO - DAG(s) 'update_db', 'produce_json' retrieved from /opt/airflow/dags/main.py
[2026-02-23T22:20:22.295+0000] {logging_mixin.py:188} INFO - [2026-02-23T22:20:22.295+0000] {dag.py:3096} INFO - Sync 2 DAGs
[2026-02-23T22:20:22.326+0000] {logging_mixin.py:188} INFO - [2026-02-23T22:20:22.326+0000] {dag.py:3954} INFO - Setting next_dagrun for produce_json to 2026-02-23 14:00:00+00:00, run_after=2026-02-24 14:00:00+00:00
[2026-02-23T22:20:22.333+0000] {logging_mixin.py:188} INFO - [2026-02-23T22:20:22.333+0000] {dag.py:3954} INFO - Setting next_dagrun for update_db to 2026-02-23 15:00:00+00:00, run_after=2026-02-24 15:00:00+00:00
[2026-02-23T22:20:22.403+0000] {processor.py:183} INFO - Processing /opt/airflow/dags/main.py took 0.368 seconds
[2026-02-23T22:20:52.740+0000] {processor.py:161} INFO - Started process (PID=499) to work on /opt/airflow/dags/main.py
[2026-02-23T22:20:52.742+0000] {processor.py:830} INFO - Processing file /opt/airflow/dags/main.py for tasks to queue
[2026-02-23T22:20:52.744+0000] {logging_mixin.py:188} INFO - [2026-02-23T22:20:52.744+0000] {dagbag.py:545} INFO - Filling up the DagBag from /opt/airflow/dags/main.py
[2026-02-23T22:20:52.927+0000] {processor.py:840} INFO - DAG(s) 'produce_json', 'update_db' retrieved from /opt/airflow/dags/main.py
[2026-02-23T22:20:52.973+0000] {logging_mixin.py:188} INFO - [2026-02-23T22:20:52.973+0000] {dag.py:3096} INFO - Sync 2 DAGs
[2026-02-23T22:20:53.005+0000] {logging_mixin.py:188} INFO - [2026-02-23T22:20:53.005+0000] {dag.py:3954} INFO - Setting next_dagrun for produce_json to 2026-02-23 14:00:00+00:00, run_after=2026-02-24 14:00:00+00:00
[2026-02-23T22:20:53.013+0000] {logging_mixin.py:188} INFO - [2026-02-23T22:20:53.012+0000] {dag.py:3954} INFO - Setting next_dagrun for update_db to 2026-02-23 15:00:00+00:00, run_after=2026-02-24 15:00:00+00:00
[2026-02-23T22:20:53.046+0000] {processor.py:183} INFO - Processing /opt/airflow/dags/main.py took 0.313 seconds
[2026-02-23T22:21:23.360+0000] {processor.py:161} INFO - Started process (PID=506) to work on /opt/airflow/dags/main.py
[2026-02-23T22:21:23.362+0000] {processor.py:830} INFO - Processing file /opt/airflow/dags/main.py for tasks to queue
[2026-02-23T22:21:23.364+0000] {logging_mixin.py:188} INFO - [2026-02-23T22:21:23.363+0000] {dagbag.py:545} INFO - Filling up the DagBag from /opt/airflow/dags/main.py
[2026-02-23T22:21:23.574+0000] {processor.py:840} INFO - DAG(s) 'produce_json', 'update_db' retrieved from /opt/airflow/dags/main.py
[2026-02-23T22:21:23.619+0000] {logging_mixin.py:188} INFO - [2026-02-23T22:21:23.619+0000] {dag.py:3096} INFO - Sync 2 DAGs
[2026-02-23T22:21:23.667+0000] {logging_mixin.py:188} INFO - [2026-02-23T22:21:23.667+0000] {dag.py:3954} INFO - Setting next_dagrun for produce_json to 2026-02-23 14:00:00+00:00, run_after=2026-02-24 14:00:00+00:00
[2026-02-23T22:21:23.682+0000] {logging_mixin.py:188} INFO - [2026-02-23T22:21:23.682+0000] {dag.py:3954} INFO - Setting next_dagrun for update_db to 2026-02-23 15:00:00+00:00, run_after=2026-02-24 15:00:00+00:00
[2026-02-23T22:21:23.708+0000] {processor.py:183} INFO - Processing /opt/airflow/dags/main.py took 0.357 seconds
[2026-02-23T22:21:54.018+0000] {processor.py:161} INFO - Started process (PID=513) to work on /opt/airflow/dags/main.py
[2026-02-23T22:21:54.020+0000] {processor.py:830} INFO - Processing file /opt/airflow/dags/main.py for tasks to queue
[2026-02-23T22:21:54.022+0000] {logging_mixin.py:188} INFO - [2026-02-23T22:21:54.021+0000] {dagbag.py:545} INFO - Filling up the DagBag from /opt/airflow/dags/main.py
[2026-02-23T22:21:54.264+0000] {processor.py:840} INFO - DAG(s) 'produce_json', 'update_db' retrieved from /opt/airflow/dags/main.py
[2026-02-23T22:21:54.326+0000] {logging_mixin.py:188} INFO - [2026-02-23T22:21:54.325+0000] {dag.py:3096} INFO - Sync 2 DAGs
[2026-02-23T22:21:54.357+0000] {logging_mixin.py:188} INFO - [2026-02-23T22:21:54.356+0000] {dag.py:3954} INFO - Setting next_dagrun for produce_json to 2026-02-23 14:00:00+00:00, run_after=2026-02-24 14:00:00+00:00
[2026-02-23T22:21:54.364+0000] {logging_mixin.py:188} INFO - [2026-02-23T22:21:54.364+0000] {dag.py:3954} INFO - Setting next_dagrun for update_db to 2026-02-23 15:00:00+00:00, run_after=2026-02-24 15:00:00+00:00
[2026-02-23T22:21:54.436+0000] {processor.py:183} INFO - Processing /opt/airflow/dags/main.py took 0.431 seconds
[2026-02-23T22:22:24.746+0000] {processor.py:161} INFO - Started process (PID=520) to work on /opt/airflow/dags/main.py
[2026-02-23T22:22:24.747+0000] {processor.py:830} INFO - Processing file /opt/airflow/dags/main.py for tasks to queue
[2026-02-23T22:22:24.749+0000] {logging_mixin.py:188} INFO - [2026-02-23T22:22:24.748+0000] {dagbag.py:545} INFO - Filling up the DagBag from /opt/airflow/dags/main.py
[2026-02-23T22:22:24.902+0000] {processor.py:840} INFO - DAG(s) 'update_db', 'produce_json' retrieved from /opt/airflow/dags/main.py
[2026-02-23T22:22:24.944+0000] {logging_mixin.py:188} INFO - [2026-02-23T22:22:24.944+0000] {dag.py:3096} INFO - Sync 2 DAGs
[2026-02-23T22:22:24.975+0000] {logging_mixin.py:188} INFO - [2026-02-23T22:22:24.975+0000] {dag.py:3954} INFO - Setting next_dagrun for produce_json to 2026-02-23 14:00:00+00:00, run_after=2026-02-24 14:00:00+00:00
[2026-02-23T22:22:24.982+0000] {logging_mixin.py:188} INFO - [2026-02-23T22:22:24.982+0000] {dag.py:3954} INFO - Setting next_dagrun for update_db to 2026-02-23 15:00:00+00:00, run_after=2026-02-24 15:00:00+00:00
[2026-02-23T22:22:25.047+0000] {processor.py:183} INFO - Processing /opt/airflow/dags/main.py took 0.311 seconds
[2026-02-23T22:22:55.358+0000] {processor.py:161} INFO - Started process (PID=527) to work on /opt/airflow/dags/main.py
[2026-02-23T22:22:55.360+0000] {processor.py:830} INFO - Processing file /opt/airflow/dags/main.py for tasks to queue
[2026-02-23T22:22:55.361+0000] {logging_mixin.py:188} INFO - [2026-02-23T22:22:55.361+0000] {dagbag.py:545} INFO - Filling up the DagBag from /opt/airflow/dags/main.py
[2026-02-23T22:22:55.540+0000] {processor.py:840} INFO - DAG(s) 'update_db', 'produce_json' retrieved from /opt/airflow/dags/main.py
[2026-02-23T22:22:55.591+0000] {logging_mixin.py:188} INFO - [2026-02-23T22:22:55.591+0000] {dag.py:3096} INFO - Sync 2 DAGs
[2026-02-23T22:22:55.621+0000] {logging_mixin.py:188} INFO - [2026-02-23T22:22:55.620+0000] {dag.py:3954} INFO - Setting next_dagrun for produce_json to 2026-02-23 14:00:00+00:00, run_after=2026-02-24 14:00:00+00:00
[2026-02-23T22:22:55.629+0000] {logging_mixin.py:188} INFO - [2026-02-23T22:22:55.629+0000] {dag.py:3954} INFO - Setting next_dagrun for update_db to 2026-02-23 15:00:00+00:00, run_after=2026-02-24 15:00:00+00:00
[2026-02-23T22:22:55.657+0000] {processor.py:183} INFO - Processing /opt/airflow/dags/main.py took 0.307 seconds
[2026-02-23T22:23:26.065+0000] {processor.py:161} INFO - Started process (PID=534) to work on /opt/airflow/dags/main.py
[2026-02-23T22:23:26.067+0000] {processor.py:830} INFO - Processing file /opt/airflow/dags/main.py for tasks to queue
[2026-02-23T22:23:26.069+0000] {logging_mixin.py:188} INFO - [2026-02-23T22:23:26.068+0000] {dagbag.py:545} INFO - Filling up the DagBag from /opt/airflow/dags/main.py
[2026-02-23T22:23:26.308+0000] {processor.py:840} INFO - DAG(s) 'produce_json', 'update_db' retrieved from /opt/airflow/dags/main.py
[2026-02-23T22:23:26.353+0000] {logging_mixin.py:188} INFO - [2026-02-23T22:23:26.353+0000] {dag.py:3096} INFO - Sync 2 DAGs
[2026-02-23T22:23:26.396+0000] {logging_mixin.py:188} INFO - [2026-02-23T22:23:26.396+0000] {dag.py:3954} INFO - Setting next_dagrun for produce_json to 2026-02-23 14:00:00+00:00, run_after=2026-02-24 14:00:00+00:00
[2026-02-23T22:23:26.404+0000] {logging_mixin.py:188} INFO - [2026-02-23T22:23:26.404+0000] {dag.py:3954} INFO - Setting next_dagrun for update_db to 2026-02-23 15:00:00+00:00, run_after=2026-02-24 15:00:00+00:00
[2026-02-23T22:23:26.434+0000] {processor.py:183} INFO - Processing /opt/airflow/dags/main.py took 0.383 seconds
[2026-02-23T22:23:56.888+0000] {processor.py:161} INFO - Started process (PID=541) to work on /opt/airflow/dags/main.py
[2026-02-23T22:23:56.890+0000] {processor.py:830} INFO - Processing file /opt/airflow/dags/main.py for tasks to queue
[2026-02-23T22:23:56.892+0000] {logging_mixin.py:188} INFO - [2026-02-23T22:23:56.892+0000] {dagbag.py:545} INFO - Filling up the DagBag from /opt/airflow/dags/main.py
[2026-02-23T22:23:57.109+0000] {processor.py:840} INFO - DAG(s) 'produce_json', 'update_db' retrieved from /opt/airflow/dags/main.py
[2026-02-23T22:23:57.150+0000] {logging_mixin.py:188} INFO - [2026-02-23T22:23:57.150+0000] {dag.py:3096} INFO - Sync 2 DAGs
[2026-02-23T22:23:57.180+0000] {logging_mixin.py:188} INFO - [2026-02-23T22:23:57.179+0000] {dag.py:3954} INFO - Setting next_dagrun for produce_json to 2026-02-23 14:00:00+00:00, run_after=2026-02-24 14:00:00+00:00
[2026-02-23T22:23:57.186+0000] {logging_mixin.py:188} INFO - [2026-02-23T22:23:57.186+0000] {dag.py:3954} INFO - Setting next_dagrun for update_db to 2026-02-23 15:00:00+00:00, run_after=2026-02-24 15:00:00+00:00
[2026-02-23T22:23:57.249+0000] {processor.py:183} INFO - Processing /opt/airflow/dags/main.py took 0.367 seconds
[2026-02-23T22:24:27.826+0000] {processor.py:161} INFO - Started process (PID=548) to work on /opt/airflow/dags/main.py
[2026-02-23T22:24:27.828+0000] {processor.py:830} INFO - Processing file /opt/airflow/dags/main.py for tasks to queue
[2026-02-23T22:24:27.830+0000] {logging_mixin.py:188} INFO - [2026-02-23T22:24:27.829+0000] {dagbag.py:545} INFO - Filling up the DagBag from /opt/airflow/dags/main.py
[2026-02-23T22:24:28.014+0000] {processor.py:840} INFO - DAG(s) 'update_db', 'produce_json' retrieved from /opt/airflow/dags/main.py
[2026-02-23T22:24:28.062+0000] {logging_mixin.py:188} INFO - [2026-02-23T22:24:28.061+0000] {dag.py:3096} INFO - Sync 2 DAGs
[2026-02-23T22:24:28.102+0000] {logging_mixin.py:188} INFO - [2026-02-23T22:24:28.102+0000] {dag.py:3954} INFO - Setting next_dagrun for produce_json to 2026-02-23 14:00:00+00:00, run_after=2026-02-24 14:00:00+00:00
[2026-02-23T22:24:28.111+0000] {logging_mixin.py:188} INFO - [2026-02-23T22:24:28.111+0000] {dag.py:3954} INFO - Setting next_dagrun for update_db to 2026-02-23 15:00:00+00:00, run_after=2026-02-24 15:00:00+00:00
[2026-02-23T22:24:28.136+0000] {processor.py:183} INFO - Processing /opt/airflow/dags/main.py took 0.320 seconds
[2026-02-23T22:24:58.619+0000] {processor.py:161} INFO - Started process (PID=555) to work on /opt/airflow/dags/main.py
[2026-02-23T22:24:58.621+0000] {processor.py:830} INFO - Processing file /opt/airflow/dags/main.py for tasks to queue
[2026-02-23T22:24:58.624+0000] {logging_mixin.py:188} INFO - [2026-02-23T22:24:58.624+0000] {dagbag.py:545} INFO - Filling up the DagBag from /opt/airflow/dags/main.py
[2026-02-23T22:24:58.936+0000] {processor.py:840} INFO - DAG(s) 'produce_json', 'update_db' retrieved from /opt/airflow/dags/main.py
[2026-02-23T22:24:58.987+0000] {logging_mixin.py:188} INFO - [2026-02-23T22:24:58.986+0000] {dag.py:3096} INFO - Sync 2 DAGs
[2026-02-23T22:24:59.024+0000] {logging_mixin.py:188} INFO - [2026-02-23T22:24:59.023+0000] {dag.py:3954} INFO - Setting next_dagrun for produce_json to 2026-02-23 14:00:00+00:00, run_after=2026-02-24 14:00:00+00:00
[2026-02-23T22:24:59.031+0000] {logging_mixin.py:188} INFO - [2026-02-23T22:24:59.031+0000] {dag.py:3954} INFO - Setting next_dagrun for update_db to 2026-02-23 15:00:00+00:00, run_after=2026-02-24 15:00:00+00:00
[2026-02-23T22:24:59.096+0000] {processor.py:183} INFO - Processing /opt/airflow/dags/main.py took 0.488 seconds
[2026-02-23T22:25:29.719+0000] {processor.py:161} INFO - Started process (PID=562) to work on /opt/airflow/dags/main.py
[2026-02-23T22:25:29.722+0000] {processor.py:830} INFO - Processing file /opt/airflow/dags/main.py for tasks to queue
[2026-02-23T22:25:29.724+0000] {logging_mixin.py:188} INFO - [2026-02-23T22:25:29.723+0000] {dagbag.py:545} INFO - Filling up the DagBag from /opt/airflow/dags/main.py
[2026-02-23T22:25:29.980+0000] {processor.py:840} INFO - DAG(s) 'produce_json', 'update_db' retrieved from /opt/airflow/dags/main.py
[2026-02-23T22:25:30.022+0000] {logging_mixin.py:188} INFO - [2026-02-23T22:25:30.021+0000] {dag.py:3096} INFO - Sync 2 DAGs
[2026-02-23T22:25:30.050+0000] {logging_mixin.py:188} INFO - [2026-02-23T22:25:30.050+0000] {dag.py:3954} INFO - Setting next_dagrun for produce_json to 2026-02-23 14:00:00+00:00, run_after=2026-02-24 14:00:00+00:00
[2026-02-23T22:25:30.056+0000] {logging_mixin.py:188} INFO - [2026-02-23T22:25:30.056+0000] {dag.py:3954} INFO - Setting next_dagrun for update_db to 2026-02-23 15:00:00+00:00, run_after=2026-02-24 15:00:00+00:00
[2026-02-23T22:25:30.115+0000] {processor.py:183} INFO - Processing /opt/airflow/dags/main.py took 0.412 seconds
[2026-02-23T22:26:00.808+0000] {processor.py:161} INFO - Started process (PID=569) to work on /opt/airflow/dags/main.py
[2026-02-23T22:26:00.810+0000] {processor.py:830} INFO - Processing file /opt/airflow/dags/main.py for tasks to queue
[2026-02-23T22:26:00.812+0000] {logging_mixin.py:188} INFO - [2026-02-23T22:26:00.812+0000] {dagbag.py:545} INFO - Filling up the DagBag from /opt/airflow/dags/main.py
[2026-02-23T22:26:00.997+0000] {processor.py:840} INFO - DAG(s) 'update_db', 'produce_json' retrieved from /opt/airflow/dags/main.py
[2026-02-23T22:26:01.041+0000] {logging_mixin.py:188} INFO - [2026-02-23T22:26:01.041+0000] {dag.py:3096} INFO - Sync 2 DAGs
[2026-02-23T22:26:01.073+0000] {logging_mixin.py:188} INFO - [2026-02-23T22:26:01.072+0000] {dag.py:3954} INFO - Setting next_dagrun for produce_json to 2026-02-23 14:00:00+00:00, run_after=2026-02-24 14:00:00+00:00
[2026-02-23T22:26:01.080+0000] {logging_mixin.py:188} INFO - [2026-02-23T22:26:01.079+0000] {dag.py:3954} INFO - Setting next_dagrun for update_db to 2026-02-23 15:00:00+00:00, run_after=2026-02-24 15:00:00+00:00
[2026-02-23T22:26:01.100+0000] {processor.py:183} INFO - Processing /opt/airflow/dags/main.py took 0.305 seconds
[2026-02-23T22:26:31.842+0000] {processor.py:161} INFO - Started process (PID=576) to work on /opt/airflow/dags/main.py
[2026-02-23T22:26:31.844+0000] {processor.py:830} INFO - Processing file /opt/airflow/dags/main.py for tasks to queue
[2026-02-23T22:26:31.846+0000] {logging_mixin.py:188} INFO - [2026-02-23T22:26:31.845+0000] {dagbag.py:545} INFO - Filling up the DagBag from /opt/airflow/dags/main.py
[2026-02-23T22:26:32.010+0000] {processor.py:840} INFO - DAG(s) 'produce_json', 'update_db' retrieved from /opt/airflow/dags/main.py
[2026-02-23T22:26:32.052+0000] {logging_mixin.py:188} INFO - [2026-02-23T22:26:32.052+0000] {dag.py:3096} INFO - Sync 2 DAGs
[2026-02-23T22:26:32.085+0000] {logging_mixin.py:188} INFO - [2026-02-23T22:26:32.084+0000] {dag.py:3954} INFO - Setting next_dagrun for produce_json to 2026-02-23 14:00:00+00:00, run_after=2026-02-24 14:00:00+00:00
[2026-02-23T22:26:32.092+0000] {logging_mixin.py:188} INFO - [2026-02-23T22:26:32.092+0000] {dag.py:3954} INFO - Setting next_dagrun for update_db to 2026-02-23 15:00:00+00:00, run_after=2026-02-24 15:00:00+00:00
[2026-02-23T22:26:32.154+0000] {processor.py:183} INFO - Processing /opt/airflow/dags/main.py took 0.321 seconds
[2026-02-23T22:27:02.699+0000] {processor.py:161} INFO - Started process (PID=583) to work on /opt/airflow/dags/main.py
[2026-02-23T22:27:02.701+0000] {processor.py:830} INFO - Processing file /opt/airflow/dags/main.py for tasks to queue
[2026-02-23T22:27:02.703+0000] {logging_mixin.py:188} INFO - [2026-02-23T22:27:02.703+0000] {dagbag.py:545} INFO - Filling up the DagBag from /opt/airflow/dags/main.py
[2026-02-23T22:27:02.934+0000] {processor.py:840} INFO - DAG(s) 'update_db', 'produce_json' retrieved from /opt/airflow/dags/main.py
[2026-02-23T22:27:02.987+0000] {logging_mixin.py:188} INFO - [2026-02-23T22:27:02.987+0000] {dag.py:3096} INFO - Sync 2 DAGs
[2026-02-23T22:27:03.029+0000] {logging_mixin.py:188} INFO - [2026-02-23T22:27:03.028+0000] {dag.py:3954} INFO - Setting next_dagrun for produce_json to 2026-02-23 14:00:00+00:00, run_after=2026-02-24 14:00:00+00:00
[2026-02-23T22:27:03.042+0000] {logging_mixin.py:188} INFO - [2026-02-23T22:27:03.042+0000] {dag.py:3954} INFO - Setting next_dagrun for update_db to 2026-02-23 15:00:00+00:00, run_after=2026-02-24 15:00:00+00:00
[2026-02-23T22:27:03.110+0000] {processor.py:183} INFO - Processing /opt/airflow/dags/main.py took 0.422 seconds
[2026-02-23T22:27:33.867+0000] {processor.py:161} INFO - Started process (PID=590) to work on /opt/airflow/dags/main.py
[2026-02-23T22:27:33.869+0000] {processor.py:830} INFO - Processing file /opt/airflow/dags/main.py for tasks to queue
[2026-02-23T22:27:33.872+0000] {logging_mixin.py:188} INFO - [2026-02-23T22:27:33.871+0000] {dagbag.py:545} INFO - Filling up the DagBag from /opt/airflow/dags/main.py
[2026-02-23T22:27:34.074+0000] {processor.py:840} INFO - DAG(s) 'update_db', 'produce_json' retrieved from /opt/airflow/dags/main.py
[2026-02-23T22:27:34.140+0000] {logging_mixin.py:188} INFO - [2026-02-23T22:27:34.140+0000] {dag.py:3096} INFO - Sync 2 DAGs
[2026-02-23T22:27:34.187+0000] {logging_mixin.py:188} INFO - [2026-02-23T22:27:34.182+0000] {dag.py:3954} INFO - Setting next_dagrun for produce_json to 2026-02-23 14:00:00+00:00, run_after=2026-02-24 14:00:00+00:00
[2026-02-23T22:27:34.200+0000] {logging_mixin.py:188} INFO - [2026-02-23T22:27:34.199+0000] {dag.py:3954} INFO - Setting next_dagrun for update_db to 2026-02-23 15:00:00+00:00, run_after=2026-02-24 15:00:00+00:00
[2026-02-23T22:27:34.236+0000] {processor.py:183} INFO - Processing /opt/airflow/dags/main.py took 0.380 seconds
[2026-02-23T22:28:04.733+0000] {processor.py:161} INFO - Started process (PID=597) to work on /opt/airflow/dags/main.py
[2026-02-23T22:28:04.734+0000] {processor.py:830} INFO - Processing file /opt/airflow/dags/main.py for tasks to queue
[2026-02-23T22:28:04.736+0000] {logging_mixin.py:188} INFO - [2026-02-23T22:28:04.735+0000] {dagbag.py:545} INFO - Filling up the DagBag from /opt/airflow/dags/main.py
[2026-02-23T22:28:04.857+0000] {processor.py:840} INFO - DAG(s) 'produce_json', 'update_db' retrieved from /opt/airflow/dags/main.py
[2026-02-23T22:28:04.909+0000] {logging_mixin.py:188} INFO - [2026-02-23T22:28:04.908+0000] {dag.py:3096} INFO - Sync 2 DAGs
[2026-02-23T22:28:04.940+0000] {logging_mixin.py:188} INFO - [2026-02-23T22:28:04.940+0000] {dag.py:3954} INFO - Setting next_dagrun for produce_json to 2026-02-23 14:00:00+00:00, run_after=2026-02-24 14:00:00+00:00
[2026-02-23T22:28:04.948+0000] {logging_mixin.py:188} INFO - [2026-02-23T22:28:04.948+0000] {dag.py:3954} INFO - Setting next_dagrun for update_db to 2026-02-23 15:00:00+00:00, run_after=2026-02-24 15:00:00+00:00
[2026-02-23T22:28:05.014+0000] {processor.py:183} INFO - Processing /opt/airflow/dags/main.py took 0.289 seconds
[2026-02-23T22:28:35.176+0000] {processor.py:161} INFO - Started process (PID=605) to work on /opt/airflow/dags/main.py
[2026-02-23T22:28:35.178+0000] {processor.py:830} INFO - Processing file /opt/airflow/dags/main.py for tasks to queue
[2026-02-23T22:28:35.180+0000] {logging_mixin.py:188} INFO - [2026-02-23T22:28:35.179+0000] {dagbag.py:545} INFO - Filling up the DagBag from /opt/airflow/dags/main.py
[2026-02-23T22:28:35.411+0000] {processor.py:840} INFO - DAG(s) 'produce_json', 'update_db' retrieved from /opt/airflow/dags/main.py
[2026-02-23T22:28:35.458+0000] {logging_mixin.py:188} INFO - [2026-02-23T22:28:35.458+0000] {dag.py:3096} INFO - Sync 2 DAGs
[2026-02-23T22:28:35.488+0000] {logging_mixin.py:188} INFO - [2026-02-23T22:28:35.488+0000] {dag.py:3954} INFO - Setting next_dagrun for produce_json to 2026-02-23 14:00:00+00:00, run_after=2026-02-24 14:00:00+00:00
[2026-02-23T22:28:35.497+0000] {logging_mixin.py:188} INFO - [2026-02-23T22:28:35.497+0000] {dag.py:3954} INFO - Setting next_dagrun for update_db to 2026-02-23 15:00:00+00:00, run_after=2026-02-24 15:00:00+00:00
[2026-02-23T22:28:35.523+0000] {processor.py:183} INFO - Processing /opt/airflow/dags/main.py took 0.357 seconds
[2026-02-23T22:29:06.221+0000] {processor.py:161} INFO - Started process (PID=612) to work on /opt/airflow/dags/main.py
[2026-02-23T22:29:06.223+0000] {processor.py:830} INFO - Processing file /opt/airflow/dags/main.py for tasks to queue
[2026-02-23T22:29:06.224+0000] {logging_mixin.py:188} INFO - [2026-02-23T22:29:06.224+0000] {dagbag.py:545} INFO - Filling up the DagBag from /opt/airflow/dags/main.py
[2026-02-23T22:29:06.363+0000] {processor.py:840} INFO - DAG(s) 'produce_json', 'update_db' retrieved from /opt/airflow/dags/main.py
[2026-02-23T22:29:06.426+0000] {logging_mixin.py:188} INFO - [2026-02-23T22:29:06.425+0000] {dag.py:3096} INFO - Sync 2 DAGs
[2026-02-23T22:29:06.459+0000] {logging_mixin.py:188} INFO - [2026-02-23T22:29:06.459+0000] {dag.py:3954} INFO - Setting next_dagrun for produce_json to 2026-02-23 14:00:00+00:00, run_after=2026-02-24 14:00:00+00:00
[2026-02-23T22:29:06.467+0000] {logging_mixin.py:188} INFO - [2026-02-23T22:29:06.466+0000] {dag.py:3954} INFO - Setting next_dagrun for update_db to 2026-02-23 15:00:00+00:00, run_after=2026-02-24 15:00:00+00:00
[2026-02-23T22:29:06.496+0000] {processor.py:183} INFO - Processing /opt/airflow/dags/main.py took 0.282 seconds
[2026-02-23T22:29:37.049+0000] {processor.py:161} INFO - Started process (PID=619) to work on /opt/airflow/dags/main.py
[2026-02-23T22:29:37.050+0000] {processor.py:830} INFO - Processing file /opt/airflow/dags/main.py for tasks to queue
[2026-02-23T22:29:37.052+0000] {logging_mixin.py:188} INFO - [2026-02-23T22:29:37.051+0000] {dagbag.py:545} INFO - Filling up the DagBag from /opt/airflow/dags/main.py
[2026-02-23T22:29:37.163+0000] {processor.py:840} INFO - DAG(s) 'produce_json', 'update_db' retrieved from /opt/airflow/dags/main.py
[2026-02-23T22:29:37.219+0000] {logging_mixin.py:188} INFO - [2026-02-23T22:29:37.219+0000] {dag.py:3096} INFO - Sync 2 DAGs
[2026-02-23T22:29:37.250+0000] {logging_mixin.py:188} INFO - [2026-02-23T22:29:37.250+0000] {dag.py:3954} INFO - Setting next_dagrun for produce_json to 2026-02-23 14:00:00+00:00, run_after=2026-02-24 14:00:00+00:00
[2026-02-23T22:29:37.259+0000] {logging_mixin.py:188} INFO - [2026-02-23T22:29:37.259+0000] {dag.py:3954} INFO - Setting next_dagrun for update_db to 2026-02-23 15:00:00+00:00, run_after=2026-02-24 15:00:00+00:00
[2026-02-23T22:29:37.326+0000] {processor.py:183} INFO - Processing /opt/airflow/dags/main.py took 0.285 seconds
[2026-02-23T22:30:07.964+0000] {processor.py:161} INFO - Started process (PID=626) to work on /opt/airflow/dags/main.py
[2026-02-23T22:30:07.967+0000] {processor.py:830} INFO - Processing file /opt/airflow/dags/main.py for tasks to queue
[2026-02-23T22:30:07.968+0000] {logging_mixin.py:188} INFO - [2026-02-23T22:30:07.968+0000] {dagbag.py:545} INFO - Filling up the DagBag from /opt/airflow/dags/main.py
[2026-02-23T22:30:08.148+0000] {processor.py:840} INFO - DAG(s) 'produce_json', 'update_db' retrieved from /opt/airflow/dags/main.py
[2026-02-23T22:30:08.195+0000] {logging_mixin.py:188} INFO - [2026-02-23T22:30:08.195+0000] {dag.py:3096} INFO - Sync 2 DAGs
[2026-02-23T22:30:08.226+0000] {logging_mixin.py:188} INFO - [2026-02-23T22:30:08.226+0000] {dag.py:3954} INFO - Setting next_dagrun for produce_json to 2026-02-23 14:00:00+00:00, run_after=2026-02-24 14:00:00+00:00
[2026-02-23T22:30:08.233+0000] {logging_mixin.py:188} INFO - [2026-02-23T22:30:08.232+0000] {dag.py:3954} INFO - Setting next_dagrun for update_db to 2026-02-23 15:00:00+00:00, run_after=2026-02-24 15:00:00+00:00
[2026-02-23T22:30:08.257+0000] {processor.py:183} INFO - Processing /opt/airflow/dags/main.py took 0.303 seconds
[2026-02-23T22:30:38.779+0000] {processor.py:161} INFO - Started process (PID=633) to work on /opt/airflow/dags/main.py
[2026-02-23T22:30:38.782+0000] {processor.py:830} INFO - Processing file /opt/airflow/dags/main.py for tasks to queue
[2026-02-23T22:30:38.783+0000] {logging_mixin.py:188} INFO - [2026-02-23T22:30:38.783+0000] {dagbag.py:545} INFO - Filling up the DagBag from /opt/airflow/dags/main.py
[2026-02-23T22:30:38.933+0000] {processor.py:840} INFO - DAG(s) 'produce_json', 'update_db' retrieved from /opt/airflow/dags/main.py
[2026-02-23T22:30:38.984+0000] {logging_mixin.py:188} INFO - [2026-02-23T22:30:38.983+0000] {dag.py:3096} INFO - Sync 2 DAGs
[2026-02-23T22:30:39.015+0000] {logging_mixin.py:188} INFO - [2026-02-23T22:30:39.015+0000] {dag.py:3954} INFO - Setting next_dagrun for produce_json to 2026-02-23 14:00:00+00:00, run_after=2026-02-24 14:00:00+00:00
[2026-02-23T22:30:39.023+0000] {logging_mixin.py:188} INFO - [2026-02-23T22:30:39.023+0000] {dag.py:3954} INFO - Setting next_dagrun for update_db to 2026-02-23 15:00:00+00:00, run_after=2026-02-24 15:00:00+00:00
[2026-02-23T22:30:39.044+0000] {processor.py:183} INFO - Processing /opt/airflow/dags/main.py took 0.274 seconds
[2026-02-23T22:31:09.793+0000] {processor.py:161} INFO - Started process (PID=640) to work on /opt/airflow/dags/main.py
[2026-02-23T22:31:09.794+0000] {processor.py:830} INFO - Processing file /opt/airflow/dags/main.py for tasks to queue
[2026-02-23T22:31:09.796+0000] {logging_mixin.py:188} INFO - [2026-02-23T22:31:09.795+0000] {dagbag.py:545} INFO - Filling up the DagBag from /opt/airflow/dags/main.py
[2026-02-23T22:31:09.915+0000] {processor.py:840} INFO - DAG(s) 'update_db', 'produce_json' retrieved from /opt/airflow/dags/main.py
[2026-02-23T22:31:09.966+0000] {logging_mixin.py:188} INFO - [2026-02-23T22:31:09.966+0000] {dag.py:3096} INFO - Sync 2 DAGs
[2026-02-23T22:31:09.998+0000] {logging_mixin.py:188} INFO - [2026-02-23T22:31:09.998+0000] {dag.py:3954} INFO - Setting next_dagrun for produce_json to 2026-02-23 14:00:00+00:00, run_after=2026-02-24 14:00:00+00:00
[2026-02-23T22:31:10.005+0000] {logging_mixin.py:188} INFO - [2026-02-23T22:31:10.005+0000] {dag.py:3954} INFO - Setting next_dagrun for update_db to 2026-02-23 15:00:00+00:00, run_after=2026-02-24 15:00:00+00:00
[2026-02-23T22:31:10.032+0000] {processor.py:183} INFO - Processing /opt/airflow/dags/main.py took 0.247 seconds
[2026-02-23T22:31:40.571+0000] {processor.py:161} INFO - Started process (PID=653) to work on /opt/airflow/dags/main.py
[2026-02-23T22:31:40.573+0000] {processor.py:830} INFO - Processing file /opt/airflow/dags/main.py for tasks to queue
[2026-02-23T22:31:40.575+0000] {logging_mixin.py:188} INFO - [2026-02-23T22:31:40.574+0000] {dagbag.py:545} INFO - Filling up the DagBag from /opt/airflow/dags/main.py
[2026-02-23T22:31:40.749+0000] {processor.py:840} INFO - DAG(s) 'update_db', 'produce_json' retrieved from /opt/airflow/dags/main.py
[2026-02-23T22:31:40.797+0000] {logging_mixin.py:188} INFO - [2026-02-23T22:31:40.797+0000] {dag.py:3096} INFO - Sync 2 DAGs
[2026-02-23T22:31:40.831+0000] {logging_mixin.py:188} INFO - [2026-02-23T22:31:40.830+0000] {dag.py:3954} INFO - Setting next_dagrun for produce_json to 2026-02-23 14:00:00+00:00, run_after=2026-02-24 14:00:00+00:00
[2026-02-23T22:31:40.838+0000] {logging_mixin.py:188} INFO - [2026-02-23T22:31:40.838+0000] {dag.py:3954} INFO - Setting next_dagrun for update_db to 2026-02-23 15:00:00+00:00, run_after=2026-02-24 15:00:00+00:00
[2026-02-23T22:31:40.868+0000] {processor.py:183} INFO - Processing /opt/airflow/dags/main.py took 0.308 seconds
[2026-02-23T22:32:10.926+0000] {processor.py:161} INFO - Started process (PID=660) to work on /opt/airflow/dags/main.py
[2026-02-23T22:32:10.929+0000] {processor.py:830} INFO - Processing file /opt/airflow/dags/main.py for tasks to queue
[2026-02-23T22:32:10.930+0000] {logging_mixin.py:188} INFO - [2026-02-23T22:32:10.930+0000] {dagbag.py:545} INFO - Filling up the DagBag from /opt/airflow/dags/main.py
[2026-02-23T22:32:11.173+0000] {processor.py:840} INFO - DAG(s) 'produce_json', 'update_db' retrieved from /opt/airflow/dags/main.py
[2026-02-23T22:32:11.222+0000] {logging_mixin.py:188} INFO - [2026-02-23T22:32:11.221+0000] {dag.py:3096} INFO - Sync 2 DAGs
[2026-02-23T22:32:11.256+0000] {logging_mixin.py:188} INFO - [2026-02-23T22:32:11.256+0000] {dag.py:3954} INFO - Setting next_dagrun for produce_json to 2026-02-23 14:00:00+00:00, run_after=2026-02-24 14:00:00+00:00
[2026-02-23T22:32:11.263+0000] {logging_mixin.py:188} INFO - [2026-02-23T22:32:11.263+0000] {dag.py:3954} INFO - Setting next_dagrun for update_db to 2026-02-23 15:00:00+00:00, run_after=2026-02-24 15:00:00+00:00
[2026-02-23T22:32:11.289+0000] {processor.py:183} INFO - Processing /opt/airflow/dags/main.py took 0.372 seconds
[2026-02-23T22:32:41.698+0000] {processor.py:161} INFO - Started process (PID=667) to work on /opt/airflow/dags/main.py
[2026-02-23T22:32:41.701+0000] {processor.py:830} INFO - Processing file /opt/airflow/dags/main.py for tasks to queue
[2026-02-23T22:32:41.703+0000] {logging_mixin.py:188} INFO - [2026-02-23T22:32:41.703+0000] {dagbag.py:545} INFO - Filling up the DagBag from /opt/airflow/dags/main.py
[2026-02-23T22:32:41.928+0000] {processor.py:840} INFO - DAG(s) 'update_db', 'produce_json' retrieved from /opt/airflow/dags/main.py
[2026-02-23T22:32:41.976+0000] {logging_mixin.py:188} INFO - [2026-02-23T22:32:41.976+0000] {dag.py:3096} INFO - Sync 2 DAGs
[2026-02-23T22:32:42.004+0000] {logging_mixin.py:188} INFO - [2026-02-23T22:32:42.004+0000] {dag.py:3954} INFO - Setting next_dagrun for produce_json to 2026-02-23 14:00:00+00:00, run_after=2026-02-24 14:00:00+00:00
[2026-02-23T22:32:42.011+0000] {logging_mixin.py:188} INFO - [2026-02-23T22:32:42.011+0000] {dag.py:3954} INFO - Setting next_dagrun for update_db to 2026-02-23 15:00:00+00:00, run_after=2026-02-24 15:00:00+00:00
[2026-02-23T22:32:42.075+0000] {processor.py:183} INFO - Processing /opt/airflow/dags/main.py took 0.390 seconds
[2026-02-23T22:33:12.673+0000] {processor.py:161} INFO - Started process (PID=674) to work on /opt/airflow/dags/main.py
[2026-02-23T22:33:12.675+0000] {processor.py:830} INFO - Processing file /opt/airflow/dags/main.py for tasks to queue
[2026-02-23T22:33:12.677+0000] {logging_mixin.py:188} INFO - [2026-02-23T22:33:12.676+0000] {dagbag.py:545} INFO - Filling up the DagBag from /opt/airflow/dags/main.py
[2026-02-23T22:33:12.937+0000] {processor.py:840} INFO - DAG(s) 'update_db', 'produce_json' retrieved from /opt/airflow/dags/main.py
[2026-02-23T22:33:12.982+0000] {logging_mixin.py:188} INFO - [2026-02-23T22:33:12.982+0000] {dag.py:3096} INFO - Sync 2 DAGs
[2026-02-23T22:33:13.021+0000] {logging_mixin.py:188} INFO - [2026-02-23T22:33:13.020+0000] {dag.py:3954} INFO - Setting next_dagrun for produce_json to 2026-02-23 14:00:00+00:00, run_after=2026-02-24 14:00:00+00:00
[2026-02-23T22:33:13.030+0000] {logging_mixin.py:188} INFO - [2026-02-23T22:33:13.030+0000] {dag.py:3954} INFO - Setting next_dagrun for update_db to 2026-02-23 15:00:00+00:00, run_after=2026-02-24 15:00:00+00:00
[2026-02-23T22:33:13.060+0000] {processor.py:183} INFO - Processing /opt/airflow/dags/main.py took 0.396 seconds
[2026-02-23T22:33:43.959+0000] {processor.py:161} INFO - Started process (PID=681) to work on /opt/airflow/dags/main.py
[2026-02-23T22:33:43.961+0000] {processor.py:830} INFO - Processing file /opt/airflow/dags/main.py for tasks to queue
[2026-02-23T22:33:43.962+0000] {logging_mixin.py:188} INFO - [2026-02-23T22:33:43.962+0000] {dagbag.py:545} INFO - Filling up the DagBag from /opt/airflow/dags/main.py
[2026-02-23T22:33:44.143+0000] {processor.py:840} INFO - DAG(s) 'update_db', 'produce_json' retrieved from /opt/airflow/dags/main.py
[2026-02-23T22:33:44.203+0000] {logging_mixin.py:188} INFO - [2026-02-23T22:33:44.202+0000] {dag.py:3096} INFO - Sync 2 DAGs
[2026-02-23T22:33:44.243+0000] {logging_mixin.py:188} INFO - [2026-02-23T22:33:44.243+0000] {dag.py:3954} INFO - Setting next_dagrun for produce_json to 2026-02-23 14:00:00+00:00, run_after=2026-02-24 14:00:00+00:00
[2026-02-23T22:33:44.251+0000] {logging_mixin.py:188} INFO - [2026-02-23T22:33:44.251+0000] {dag.py:3954} INFO - Setting next_dagrun for update_db to 2026-02-23 15:00:00+00:00, run_after=2026-02-24 15:00:00+00:00
[2026-02-23T22:33:44.318+0000] {processor.py:183} INFO - Processing /opt/airflow/dags/main.py took 0.368 seconds
[2026-02-23T22:34:14.701+0000] {processor.py:161} INFO - Started process (PID=688) to work on /opt/airflow/dags/main.py
[2026-02-23T22:34:14.703+0000] {processor.py:830} INFO - Processing file /opt/airflow/dags/main.py for tasks to queue
[2026-02-23T22:34:14.705+0000] {logging_mixin.py:188} INFO - [2026-02-23T22:34:14.704+0000] {dagbag.py:545} INFO - Filling up the DagBag from /opt/airflow/dags/main.py
[2026-02-23T22:34:14.886+0000] {processor.py:840} INFO - DAG(s) 'produce_json', 'update_db' retrieved from /opt/airflow/dags/main.py
[2026-02-23T22:34:14.940+0000] {logging_mixin.py:188} INFO - [2026-02-23T22:34:14.940+0000] {dag.py:3096} INFO - Sync 2 DAGs
[2026-02-23T22:34:14.978+0000] {logging_mixin.py:188} INFO - [2026-02-23T22:34:14.978+0000] {dag.py:3954} INFO - Setting next_dagrun for produce_json to 2026-02-23 14:00:00+00:00, run_after=2026-02-24 14:00:00+00:00
[2026-02-23T22:34:14.987+0000] {logging_mixin.py:188} INFO - [2026-02-23T22:34:14.987+0000] {dag.py:3954} INFO - Setting next_dagrun for update_db to 2026-02-23 15:00:00+00:00, run_after=2026-02-24 15:00:00+00:00
[2026-02-23T22:34:15.018+0000] {processor.py:183} INFO - Processing /opt/airflow/dags/main.py took 0.326 seconds
[2026-02-23T22:34:45.379+0000] {processor.py:161} INFO - Started process (PID=695) to work on /opt/airflow/dags/main.py
[2026-02-23T22:34:45.381+0000] {processor.py:830} INFO - Processing file /opt/airflow/dags/main.py for tasks to queue
[2026-02-23T22:34:45.384+0000] {logging_mixin.py:188} INFO - [2026-02-23T22:34:45.383+0000] {dagbag.py:545} INFO - Filling up the DagBag from /opt/airflow/dags/main.py
[2026-02-23T22:34:45.601+0000] {processor.py:840} INFO - DAG(s) 'produce_json', 'update_db' retrieved from /opt/airflow/dags/main.py
[2026-02-23T22:34:45.646+0000] {logging_mixin.py:188} INFO - [2026-02-23T22:34:45.646+0000] {dag.py:3096} INFO - Sync 2 DAGs
[2026-02-23T22:34:45.681+0000] {logging_mixin.py:188} INFO - [2026-02-23T22:34:45.680+0000] {dag.py:3954} INFO - Setting next_dagrun for produce_json to 2026-02-23 14:00:00+00:00, run_after=2026-02-24 14:00:00+00:00
[2026-02-23T22:34:45.688+0000] {logging_mixin.py:188} INFO - [2026-02-23T22:34:45.688+0000] {dag.py:3954} INFO - Setting next_dagrun for update_db to 2026-02-23 15:00:00+00:00, run_after=2026-02-24 15:00:00+00:00
[2026-02-23T22:34:45.758+0000] {processor.py:183} INFO - Processing /opt/airflow/dags/main.py took 0.391 seconds
[2026-02-23T22:35:16.358+0000] {processor.py:161} INFO - Started process (PID=703) to work on /opt/airflow/dags/main.py
[2026-02-23T22:35:16.359+0000] {processor.py:830} INFO - Processing file /opt/airflow/dags/main.py for tasks to queue
[2026-02-23T22:35:16.362+0000] {logging_mixin.py:188} INFO - [2026-02-23T22:35:16.361+0000] {dagbag.py:545} INFO - Filling up the DagBag from /opt/airflow/dags/main.py
[2026-02-23T22:35:16.560+0000] {processor.py:840} INFO - DAG(s) 'produce_json', 'update_db' retrieved from /opt/airflow/dags/main.py
[2026-02-23T22:35:16.604+0000] {logging_mixin.py:188} INFO - [2026-02-23T22:35:16.604+0000] {dag.py:3096} INFO - Sync 2 DAGs
[2026-02-23T22:35:16.633+0000] {logging_mixin.py:188} INFO - [2026-02-23T22:35:16.633+0000] {dag.py:3954} INFO - Setting next_dagrun for produce_json to 2026-02-23 14:00:00+00:00, run_after=2026-02-24 14:00:00+00:00
[2026-02-23T22:35:16.640+0000] {logging_mixin.py:188} INFO - [2026-02-23T22:35:16.640+0000] {dag.py:3954} INFO - Setting next_dagrun for update_db to 2026-02-23 15:00:00+00:00, run_after=2026-02-24 15:00:00+00:00
[2026-02-23T22:35:16.711+0000] {processor.py:183} INFO - Processing /opt/airflow/dags/main.py took 0.364 seconds
[2026-02-23T22:35:47.194+0000] {processor.py:161} INFO - Started process (PID=710) to work on /opt/airflow/dags/main.py
[2026-02-23T22:35:47.196+0000] {processor.py:830} INFO - Processing file /opt/airflow/dags/main.py for tasks to queue
[2026-02-23T22:35:47.198+0000] {logging_mixin.py:188} INFO - [2026-02-23T22:35:47.198+0000] {dagbag.py:545} INFO - Filling up the DagBag from /opt/airflow/dags/main.py
[2026-02-23T22:35:47.447+0000] {processor.py:840} INFO - DAG(s) 'update_db', 'produce_json' retrieved from /opt/airflow/dags/main.py
[2026-02-23T22:35:47.506+0000] {logging_mixin.py:188} INFO - [2026-02-23T22:35:47.505+0000] {dag.py:3096} INFO - Sync 2 DAGs
[2026-02-23T22:35:47.540+0000] {logging_mixin.py:188} INFO - [2026-02-23T22:35:47.539+0000] {dag.py:3954} INFO - Setting next_dagrun for produce_json to 2026-02-23 14:00:00+00:00, run_after=2026-02-24 14:00:00+00:00
[2026-02-23T22:35:47.549+0000] {logging_mixin.py:188} INFO - [2026-02-23T22:35:47.549+0000] {dag.py:3954} INFO - Setting next_dagrun for update_db to 2026-02-23 15:00:00+00:00, run_after=2026-02-24 15:00:00+00:00
[2026-02-23T22:35:47.615+0000] {processor.py:183} INFO - Processing /opt/airflow/dags/main.py took 0.431 seconds
[2026-02-23T22:36:18.126+0000] {processor.py:161} INFO - Started process (PID=717) to work on /opt/airflow/dags/main.py
[2026-02-23T22:36:18.129+0000] {processor.py:830} INFO - Processing file /opt/airflow/dags/main.py for tasks to queue
[2026-02-23T22:36:18.130+0000] {logging_mixin.py:188} INFO - [2026-02-23T22:36:18.130+0000] {dagbag.py:545} INFO - Filling up the DagBag from /opt/airflow/dags/main.py
[2026-02-23T22:36:18.258+0000] {processor.py:840} INFO - DAG(s) 'produce_json', 'update_db' retrieved from /opt/airflow/dags/main.py
[2026-02-23T22:36:18.304+0000] {logging_mixin.py:188} INFO - [2026-02-23T22:36:18.303+0000] {dag.py:3096} INFO - Sync 2 DAGs
[2026-02-23T22:36:18.333+0000] {logging_mixin.py:188} INFO - [2026-02-23T22:36:18.333+0000] {dag.py:3954} INFO - Setting next_dagrun for produce_json to 2026-02-23 14:00:00+00:00, run_after=2026-02-24 14:00:00+00:00
[2026-02-23T22:36:18.340+0000] {logging_mixin.py:188} INFO - [2026-02-23T22:36:18.339+0000] {dag.py:3954} INFO - Setting next_dagrun for update_db to 2026-02-23 15:00:00+00:00, run_after=2026-02-24 15:00:00+00:00
[2026-02-23T22:36:18.403+0000] {processor.py:183} INFO - Processing /opt/airflow/dags/main.py took 0.288 seconds
[2026-02-23T22:36:49.049+0000] {processor.py:161} INFO - Started process (PID=724) to work on /opt/airflow/dags/main.py
[2026-02-23T22:36:49.051+0000] {processor.py:830} INFO - Processing file /opt/airflow/dags/main.py for tasks to queue
[2026-02-23T22:36:49.053+0000] {logging_mixin.py:188} INFO - [2026-02-23T22:36:49.053+0000] {dagbag.py:545} INFO - Filling up the DagBag from /opt/airflow/dags/main.py
[2026-02-23T22:36:49.332+0000] {processor.py:840} INFO - DAG(s) 'produce_json', 'update_db' retrieved from /opt/airflow/dags/main.py
[2026-02-23T22:36:49.377+0000] {logging_mixin.py:188} INFO - [2026-02-23T22:36:49.377+0000] {dag.py:3096} INFO - Sync 2 DAGs
[2026-02-23T22:36:49.417+0000] {logging_mixin.py:188} INFO - [2026-02-23T22:36:49.416+0000] {dag.py:3954} INFO - Setting next_dagrun for produce_json to 2026-02-23 14:00:00+00:00, run_after=2026-02-24 14:00:00+00:00
[2026-02-23T22:36:49.424+0000] {logging_mixin.py:188} INFO - [2026-02-23T22:36:49.424+0000] {dag.py:3954} INFO - Setting next_dagrun for update_db to 2026-02-23 15:00:00+00:00, run_after=2026-02-24 15:00:00+00:00
[2026-02-23T22:36:49.451+0000] {processor.py:183} INFO - Processing /opt/airflow/dags/main.py took 0.412 seconds
[2026-02-23T22:37:19.789+0000] {processor.py:161} INFO - Started process (PID=731) to work on /opt/airflow/dags/main.py
[2026-02-23T22:37:19.790+0000] {processor.py:830} INFO - Processing file /opt/airflow/dags/main.py for tasks to queue
[2026-02-23T22:37:19.792+0000] {logging_mixin.py:188} INFO - [2026-02-23T22:37:19.792+0000] {dagbag.py:545} INFO - Filling up the DagBag from /opt/airflow/dags/main.py
[2026-02-23T22:37:19.960+0000] {processor.py:840} INFO - DAG(s) 'produce_json', 'update_db' retrieved from /opt/airflow/dags/main.py
[2026-02-23T22:37:20.004+0000] {logging_mixin.py:188} INFO - [2026-02-23T22:37:20.004+0000] {dag.py:3096} INFO - Sync 2 DAGs
[2026-02-23T22:37:20.038+0000] {logging_mixin.py:188} INFO - [2026-02-23T22:37:20.037+0000] {dag.py:3954} INFO - Setting next_dagrun for produce_json to 2026-02-23 14:00:00+00:00, run_after=2026-02-24 14:00:00+00:00
[2026-02-23T22:37:20.047+0000] {logging_mixin.py:188} INFO - [2026-02-23T22:37:20.046+0000] {dag.py:3954} INFO - Setting next_dagrun for update_db to 2026-02-23 15:00:00+00:00, run_after=2026-02-24 15:00:00+00:00
[2026-02-23T22:37:20.074+0000] {processor.py:183} INFO - Processing /opt/airflow/dags/main.py took 0.296 seconds
[2026-02-23T22:37:50.488+0000] {processor.py:161} INFO - Started process (PID=738) to work on /opt/airflow/dags/main.py
[2026-02-23T22:37:50.496+0000] {processor.py:830} INFO - Processing file /opt/airflow/dags/main.py for tasks to queue
[2026-02-23T22:37:50.497+0000] {logging_mixin.py:188} INFO - [2026-02-23T22:37:50.497+0000] {dagbag.py:545} INFO - Filling up the DagBag from /opt/airflow/dags/main.py
[2026-02-23T22:37:50.732+0000] {processor.py:840} INFO - DAG(s) 'update_db', 'produce_json' retrieved from /opt/airflow/dags/main.py
[2026-02-23T22:37:50.781+0000] {logging_mixin.py:188} INFO - [2026-02-23T22:37:50.781+0000] {dag.py:3096} INFO - Sync 2 DAGs
[2026-02-23T22:37:50.820+0000] {logging_mixin.py:188} INFO - [2026-02-23T22:37:50.820+0000] {dag.py:3954} INFO - Setting next_dagrun for produce_json to 2026-02-23 14:00:00+00:00, run_after=2026-02-24 14:00:00+00:00
[2026-02-23T22:37:50.827+0000] {logging_mixin.py:188} INFO - [2026-02-23T22:37:50.827+0000] {dag.py:3954} INFO - Setting next_dagrun for update_db to 2026-02-23 15:00:00+00:00, run_after=2026-02-24 15:00:00+00:00
[2026-02-23T22:37:50.853+0000] {processor.py:183} INFO - Processing /opt/airflow/dags/main.py took 0.374 seconds
[2026-02-23T22:38:21.590+0000] {processor.py:161} INFO - Started process (PID=745) to work on /opt/airflow/dags/main.py
[2026-02-23T22:38:21.592+0000] {processor.py:830} INFO - Processing file /opt/airflow/dags/main.py for tasks to queue
[2026-02-23T22:38:21.594+0000] {logging_mixin.py:188} INFO - [2026-02-23T22:38:21.593+0000] {dagbag.py:545} INFO - Filling up the DagBag from /opt/airflow/dags/main.py
[2026-02-23T22:38:21.853+0000] {processor.py:840} INFO - DAG(s) 'produce_json', 'update_db' retrieved from /opt/airflow/dags/main.py
[2026-02-23T22:38:21.899+0000] {logging_mixin.py:188} INFO - [2026-02-23T22:38:21.899+0000] {dag.py:3096} INFO - Sync 2 DAGs
[2026-02-23T22:38:21.932+0000] {logging_mixin.py:188} INFO - [2026-02-23T22:38:21.932+0000] {dag.py:3954} INFO - Setting next_dagrun for produce_json to 2026-02-23 14:00:00+00:00, run_after=2026-02-24 14:00:00+00:00
[2026-02-23T22:38:21.940+0000] {logging_mixin.py:188} INFO - [2026-02-23T22:38:21.939+0000] {dag.py:3954} INFO - Setting next_dagrun for update_db to 2026-02-23 15:00:00+00:00, run_after=2026-02-24 15:00:00+00:00
[2026-02-23T22:38:22.006+0000] {processor.py:183} INFO - Processing /opt/airflow/dags/main.py took 0.423 seconds
[2026-02-23T22:38:52.329+0000] {processor.py:161} INFO - Started process (PID=752) to work on /opt/airflow/dags/main.py
[2026-02-23T22:38:52.331+0000] {processor.py:830} INFO - Processing file /opt/airflow/dags/main.py for tasks to queue
[2026-02-23T22:38:52.333+0000] {logging_mixin.py:188} INFO - [2026-02-23T22:38:52.333+0000] {dagbag.py:545} INFO - Filling up the DagBag from /opt/airflow/dags/main.py
[2026-02-23T22:38:52.537+0000] {processor.py:840} INFO - DAG(s) 'produce_json', 'update_db' retrieved from /opt/airflow/dags/main.py
[2026-02-23T22:38:52.603+0000] {logging_mixin.py:188} INFO - [2026-02-23T22:38:52.603+0000] {dag.py:3096} INFO - Sync 2 DAGs
[2026-02-23T22:38:52.642+0000] {logging_mixin.py:188} INFO - [2026-02-23T22:38:52.641+0000] {dag.py:3954} INFO - Setting next_dagrun for produce_json to 2026-02-23 14:00:00+00:00, run_after=2026-02-24 14:00:00+00:00
[2026-02-23T22:38:52.651+0000] {logging_mixin.py:188} INFO - [2026-02-23T22:38:52.650+0000] {dag.py:3954} INFO - Setting next_dagrun for update_db to 2026-02-23 15:00:00+00:00, run_after=2026-02-24 15:00:00+00:00
[2026-02-23T22:38:52.715+0000] {processor.py:183} INFO - Processing /opt/airflow/dags/main.py took 0.395 seconds
[2026-02-23T22:39:23.036+0000] {processor.py:161} INFO - Started process (PID=759) to work on /opt/airflow/dags/main.py
[2026-02-23T22:39:23.038+0000] {processor.py:830} INFO - Processing file /opt/airflow/dags/main.py for tasks to queue
[2026-02-23T22:39:23.040+0000] {logging_mixin.py:188} INFO - [2026-02-23T22:39:23.040+0000] {dagbag.py:545} INFO - Filling up the DagBag from /opt/airflow/dags/main.py
[2026-02-23T22:39:23.250+0000] {processor.py:840} INFO - DAG(s) 'update_db', 'produce_json' retrieved from /opt/airflow/dags/main.py
[2026-02-23T22:39:23.305+0000] {logging_mixin.py:188} INFO - [2026-02-23T22:39:23.305+0000] {dag.py:3096} INFO - Sync 2 DAGs
[2026-02-23T22:39:23.353+0000] {logging_mixin.py:188} INFO - [2026-02-23T22:39:23.353+0000] {dag.py:3954} INFO - Setting next_dagrun for produce_json to 2026-02-23 14:00:00+00:00, run_after=2026-02-24 14:00:00+00:00
[2026-02-23T22:39:23.364+0000] {logging_mixin.py:188} INFO - [2026-02-23T22:39:23.364+0000] {dag.py:3954} INFO - Setting next_dagrun for update_db to 2026-02-23 15:00:00+00:00, run_after=2026-02-24 15:00:00+00:00
[2026-02-23T22:39:23.398+0000] {processor.py:183} INFO - Processing /opt/airflow/dags/main.py took 0.369 seconds
[2026-02-23T22:39:54.057+0000] {processor.py:161} INFO - Started process (PID=766) to work on /opt/airflow/dags/main.py
[2026-02-23T22:39:54.059+0000] {processor.py:830} INFO - Processing file /opt/airflow/dags/main.py for tasks to queue
[2026-02-23T22:39:54.061+0000] {logging_mixin.py:188} INFO - [2026-02-23T22:39:54.060+0000] {dagbag.py:545} INFO - Filling up the DagBag from /opt/airflow/dags/main.py
[2026-02-23T22:39:54.295+0000] {processor.py:840} INFO - DAG(s) 'produce_json', 'update_db' retrieved from /opt/airflow/dags/main.py
[2026-02-23T22:39:54.340+0000] {logging_mixin.py:188} INFO - [2026-02-23T22:39:54.340+0000] {dag.py:3096} INFO - Sync 2 DAGs
[2026-02-23T22:39:54.372+0000] {logging_mixin.py:188} INFO - [2026-02-23T22:39:54.372+0000] {dag.py:3954} INFO - Setting next_dagrun for produce_json to 2026-02-23 14:00:00+00:00, run_after=2026-02-24 14:00:00+00:00
[2026-02-23T22:39:54.380+0000] {logging_mixin.py:188} INFO - [2026-02-23T22:39:54.379+0000] {dag.py:3954} INFO - Setting next_dagrun for update_db to 2026-02-23 15:00:00+00:00, run_after=2026-02-24 15:00:00+00:00
[2026-02-23T22:39:54.463+0000] {processor.py:183} INFO - Processing /opt/airflow/dags/main.py took 0.413 seconds
[2026-02-23T22:40:24.700+0000] {processor.py:161} INFO - Started process (PID=773) to work on /opt/airflow/dags/main.py
[2026-02-23T22:40:24.703+0000] {processor.py:830} INFO - Processing file /opt/airflow/dags/main.py for tasks to queue
[2026-02-23T22:40:24.706+0000] {logging_mixin.py:188} INFO - [2026-02-23T22:40:24.705+0000] {dagbag.py:545} INFO - Filling up the DagBag from /opt/airflow/dags/main.py
[2026-02-23T22:40:24.927+0000] {processor.py:840} INFO - DAG(s) 'update_db', 'produce_json' retrieved from /opt/airflow/dags/main.py
[2026-02-23T22:40:24.974+0000] {logging_mixin.py:188} INFO - [2026-02-23T22:40:24.974+0000] {dag.py:3096} INFO - Sync 2 DAGs
[2026-02-23T22:40:25.006+0000] {logging_mixin.py:188} INFO - [2026-02-23T22:40:25.006+0000] {dag.py:3954} INFO - Setting next_dagrun for produce_json to 2026-02-23 14:00:00+00:00, run_after=2026-02-24 14:00:00+00:00
[2026-02-23T22:40:25.015+0000] {logging_mixin.py:188} INFO - [2026-02-23T22:40:25.015+0000] {dag.py:3954} INFO - Setting next_dagrun for update_db to 2026-02-23 15:00:00+00:00, run_after=2026-02-24 15:00:00+00:00
[2026-02-23T22:40:25.083+0000] {processor.py:183} INFO - Processing /opt/airflow/dags/main.py took 0.396 seconds
[2026-02-23T22:40:55.822+0000] {processor.py:161} INFO - Started process (PID=781) to work on /opt/airflow/dags/main.py
[2026-02-23T22:40:55.825+0000] {processor.py:830} INFO - Processing file /opt/airflow/dags/main.py for tasks to queue
[2026-02-23T22:40:55.828+0000] {logging_mixin.py:188} INFO - [2026-02-23T22:40:55.827+0000] {dagbag.py:545} INFO - Filling up the DagBag from /opt/airflow/dags/main.py
[2026-02-23T22:40:56.058+0000] {processor.py:840} INFO - DAG(s) 'update_db', 'produce_json' retrieved from /opt/airflow/dags/main.py
[2026-02-23T22:40:56.120+0000] {logging_mixin.py:188} INFO - [2026-02-23T22:40:56.120+0000] {dag.py:3096} INFO - Sync 2 DAGs
[2026-02-23T22:40:56.173+0000] {logging_mixin.py:188} INFO - [2026-02-23T22:40:56.173+0000] {dag.py:3954} INFO - Setting next_dagrun for produce_json to 2026-02-23 14:00:00+00:00, run_after=2026-02-24 14:00:00+00:00
[2026-02-23T22:40:56.182+0000] {logging_mixin.py:188} INFO - [2026-02-23T22:40:56.182+0000] {dag.py:3954} INFO - Setting next_dagrun for update_db to 2026-02-23 15:00:00+00:00, run_after=2026-02-24 15:00:00+00:00
[2026-02-23T22:40:56.251+0000] {processor.py:183} INFO - Processing /opt/airflow/dags/main.py took 0.453 seconds
[2026-02-23T22:41:26.364+0000] {processor.py:161} INFO - Started process (PID=788) to work on /opt/airflow/dags/main.py
[2026-02-23T22:41:26.366+0000] {processor.py:830} INFO - Processing file /opt/airflow/dags/main.py for tasks to queue
[2026-02-23T22:41:26.368+0000] {logging_mixin.py:188} INFO - [2026-02-23T22:41:26.367+0000] {dagbag.py:545} INFO - Filling up the DagBag from /opt/airflow/dags/main.py
[2026-02-23T22:41:26.559+0000] {processor.py:840} INFO - DAG(s) 'produce_json', 'update_db' retrieved from /opt/airflow/dags/main.py
[2026-02-23T22:41:26.607+0000] {logging_mixin.py:188} INFO - [2026-02-23T22:41:26.607+0000] {dag.py:3096} INFO - Sync 2 DAGs
[2026-02-23T22:41:26.651+0000] {logging_mixin.py:188} INFO - [2026-02-23T22:41:26.651+0000] {dag.py:3954} INFO - Setting next_dagrun for produce_json to 2026-02-23 14:00:00+00:00, run_after=2026-02-24 14:00:00+00:00
[2026-02-23T22:41:26.659+0000] {logging_mixin.py:188} INFO - [2026-02-23T22:41:26.658+0000] {dag.py:3954} INFO - Setting next_dagrun for update_db to 2026-02-23 15:00:00+00:00, run_after=2026-02-24 15:00:00+00:00
[2026-02-23T22:41:26.721+0000] {processor.py:183} INFO - Processing /opt/airflow/dags/main.py took 0.367 seconds
[2026-02-23T22:41:57.022+0000] {processor.py:161} INFO - Started process (PID=795) to work on /opt/airflow/dags/main.py
[2026-02-23T22:41:57.024+0000] {processor.py:830} INFO - Processing file /opt/airflow/dags/main.py for tasks to queue
[2026-02-23T22:41:57.026+0000] {logging_mixin.py:188} INFO - [2026-02-23T22:41:57.025+0000] {dagbag.py:545} INFO - Filling up the DagBag from /opt/airflow/dags/main.py
[2026-02-23T22:41:57.210+0000] {processor.py:840} INFO - DAG(s) 'update_db', 'produce_json' retrieved from /opt/airflow/dags/main.py
[2026-02-23T22:41:57.266+0000] {logging_mixin.py:188} INFO - [2026-02-23T22:41:57.265+0000] {dag.py:3096} INFO - Sync 2 DAGs
[2026-02-23T22:41:57.304+0000] {logging_mixin.py:188} INFO - [2026-02-23T22:41:57.303+0000] {dag.py:3954} INFO - Setting next_dagrun for produce_json to 2026-02-23 14:00:00+00:00, run_after=2026-02-24 14:00:00+00:00
[2026-02-23T22:41:57.312+0000] {logging_mixin.py:188} INFO - [2026-02-23T22:41:57.311+0000] {dag.py:3954} INFO - Setting next_dagrun for update_db to 2026-02-23 15:00:00+00:00, run_after=2026-02-24 15:00:00+00:00
[2026-02-23T22:41:57.338+0000] {processor.py:183} INFO - Processing /opt/airflow/dags/main.py took 0.327 seconds
[2026-02-23T22:42:27.957+0000] {processor.py:161} INFO - Started process (PID=808) to work on /opt/airflow/dags/main.py
[2026-02-23T22:42:27.959+0000] {processor.py:830} INFO - Processing file /opt/airflow/dags/main.py for tasks to queue
[2026-02-23T22:42:27.961+0000] {logging_mixin.py:188} INFO - [2026-02-23T22:42:27.960+0000] {dagbag.py:545} INFO - Filling up the DagBag from /opt/airflow/dags/main.py
[2026-02-23T22:42:28.088+0000] {processor.py:840} INFO - DAG(s) 'update_db', 'produce_json' retrieved from /opt/airflow/dags/main.py
[2026-02-23T22:42:28.144+0000] {logging_mixin.py:188} INFO - [2026-02-23T22:42:28.144+0000] {dag.py:3096} INFO - Sync 2 DAGs
[2026-02-23T22:42:28.176+0000] {logging_mixin.py:188} INFO - [2026-02-23T22:42:28.176+0000] {dag.py:3954} INFO - Setting next_dagrun for produce_json to 2026-02-23 14:00:00+00:00, run_after=2026-02-24 14:00:00+00:00
[2026-02-23T22:42:28.183+0000] {logging_mixin.py:188} INFO - [2026-02-23T22:42:28.183+0000] {dag.py:3954} INFO - Setting next_dagrun for update_db to 2026-02-23 15:00:00+00:00, run_after=2026-02-24 15:00:00+00:00
[2026-02-23T22:42:28.209+0000] {processor.py:183} INFO - Processing /opt/airflow/dags/main.py took 0.262 seconds
[2026-02-23T22:42:58.912+0000] {processor.py:161} INFO - Started process (PID=815) to work on /opt/airflow/dags/main.py
[2026-02-23T22:42:58.914+0000] {processor.py:830} INFO - Processing file /opt/airflow/dags/main.py for tasks to queue
[2026-02-23T22:42:58.916+0000] {logging_mixin.py:188} INFO - [2026-02-23T22:42:58.915+0000] {dagbag.py:545} INFO - Filling up the DagBag from /opt/airflow/dags/main.py
[2026-02-23T22:42:59.073+0000] {processor.py:840} INFO - DAG(s) 'produce_json', 'update_db' retrieved from /opt/airflow/dags/main.py
[2026-02-23T22:42:59.120+0000] {logging_mixin.py:188} INFO - [2026-02-23T22:42:59.120+0000] {dag.py:3096} INFO - Sync 2 DAGs
[2026-02-23T22:42:59.163+0000] {logging_mixin.py:188} INFO - [2026-02-23T22:42:59.163+0000] {dag.py:3954} INFO - Setting next_dagrun for produce_json to 2026-02-23 14:00:00+00:00, run_after=2026-02-24 14:00:00+00:00
[2026-02-23T22:42:59.172+0000] {logging_mixin.py:188} INFO - [2026-02-23T22:42:59.172+0000] {dag.py:3954} INFO - Setting next_dagrun for update_db to 2026-02-23 15:00:00+00:00, run_after=2026-02-24 15:00:00+00:00
[2026-02-23T22:42:59.238+0000] {processor.py:183} INFO - Processing /opt/airflow/dags/main.py took 0.334 seconds
[2026-02-23T22:43:29.545+0000] {processor.py:161} INFO - Started process (PID=822) to work on /opt/airflow/dags/main.py
[2026-02-23T22:43:29.547+0000] {processor.py:830} INFO - Processing file /opt/airflow/dags/main.py for tasks to queue
[2026-02-23T22:43:29.548+0000] {logging_mixin.py:188} INFO - [2026-02-23T22:43:29.548+0000] {dagbag.py:545} INFO - Filling up the DagBag from /opt/airflow/dags/main.py
[2026-02-23T22:43:29.819+0000] {processor.py:840} INFO - DAG(s) 'update_db', 'produce_json' retrieved from /opt/airflow/dags/main.py
[2026-02-23T22:43:29.870+0000] {logging_mixin.py:188} INFO - [2026-02-23T22:43:29.869+0000] {dag.py:3096} INFO - Sync 2 DAGs
[2026-02-23T22:43:29.913+0000] {logging_mixin.py:188} INFO - [2026-02-23T22:43:29.913+0000] {dag.py:3954} INFO - Setting next_dagrun for produce_json to 2026-02-23 14:00:00+00:00, run_after=2026-02-24 14:00:00+00:00
[2026-02-23T22:43:29.923+0000] {logging_mixin.py:188} INFO - [2026-02-23T22:43:29.923+0000] {dag.py:3954} INFO - Setting next_dagrun for update_db to 2026-02-23 15:00:00+00:00, run_after=2026-02-24 15:00:00+00:00
[2026-02-23T22:43:29.959+0000] {processor.py:183} INFO - Processing /opt/airflow/dags/main.py took 0.422 seconds
[2026-02-23T22:44:00.170+0000] {processor.py:161} INFO - Started process (PID=829) to work on /opt/airflow/dags/main.py
[2026-02-23T22:44:00.172+0000] {processor.py:830} INFO - Processing file /opt/airflow/dags/main.py for tasks to queue
[2026-02-23T22:44:00.174+0000] {logging_mixin.py:188} INFO - [2026-02-23T22:44:00.173+0000] {dagbag.py:545} INFO - Filling up the DagBag from /opt/airflow/dags/main.py
[2026-02-23T22:44:00.333+0000] {processor.py:840} INFO - DAG(s) 'produce_json', 'update_db' retrieved from /opt/airflow/dags/main.py
[2026-02-23T22:44:00.384+0000] {logging_mixin.py:188} INFO - [2026-02-23T22:44:00.384+0000] {dag.py:3096} INFO - Sync 2 DAGs
[2026-02-23T22:44:00.417+0000] {logging_mixin.py:188} INFO - [2026-02-23T22:44:00.417+0000] {dag.py:3954} INFO - Setting next_dagrun for produce_json to 2026-02-23 14:00:00+00:00, run_after=2026-02-24 14:00:00+00:00
[2026-02-23T22:44:00.424+0000] {logging_mixin.py:188} INFO - [2026-02-23T22:44:00.424+0000] {dag.py:3954} INFO - Setting next_dagrun for update_db to 2026-02-23 15:00:00+00:00, run_after=2026-02-24 15:00:00+00:00
[2026-02-23T22:44:00.495+0000] {processor.py:183} INFO - Processing /opt/airflow/dags/main.py took 0.340 seconds
[2026-02-23T22:44:30.675+0000] {processor.py:161} INFO - Started process (PID=836) to work on /opt/airflow/dags/main.py
[2026-02-23T22:44:30.677+0000] {processor.py:830} INFO - Processing file /opt/airflow/dags/main.py for tasks to queue
[2026-02-23T22:44:30.679+0000] {logging_mixin.py:188} INFO - [2026-02-23T22:44:30.679+0000] {dagbag.py:545} INFO - Filling up the DagBag from /opt/airflow/dags/main.py
[2026-02-23T22:44:30.889+0000] {processor.py:840} INFO - DAG(s) 'produce_json', 'update_db' retrieved from /opt/airflow/dags/main.py
[2026-02-23T22:44:30.934+0000] {logging_mixin.py:188} INFO - [2026-02-23T22:44:30.933+0000] {dag.py:3096} INFO - Sync 2 DAGs
[2026-02-23T22:44:30.965+0000] {logging_mixin.py:188} INFO - [2026-02-23T22:44:30.964+0000] {dag.py:3954} INFO - Setting next_dagrun for produce_json to 2026-02-23 14:00:00+00:00, run_after=2026-02-24 14:00:00+00:00
[2026-02-23T22:44:30.973+0000] {logging_mixin.py:188} INFO - [2026-02-23T22:44:30.973+0000] {dag.py:3954} INFO - Setting next_dagrun for update_db to 2026-02-23 15:00:00+00:00, run_after=2026-02-24 15:00:00+00:00
[2026-02-23T22:44:31.040+0000] {processor.py:183} INFO - Processing /opt/airflow/dags/main.py took 0.374 seconds
[2026-02-23T22:45:01.223+0000] {processor.py:161} INFO - Started process (PID=843) to work on /opt/airflow/dags/main.py
[2026-02-23T22:45:01.225+0000] {processor.py:830} INFO - Processing file /opt/airflow/dags/main.py for tasks to queue
[2026-02-23T22:45:01.227+0000] {logging_mixin.py:188} INFO - [2026-02-23T22:45:01.226+0000] {dagbag.py:545} INFO - Filling up the DagBag from /opt/airflow/dags/main.py
[2026-02-23T22:45:01.480+0000] {processor.py:840} INFO - DAG(s) 'produce_json', 'update_db' retrieved from /opt/airflow/dags/main.py
[2026-02-23T22:45:01.525+0000] {logging_mixin.py:188} INFO - [2026-02-23T22:45:01.525+0000] {dag.py:3096} INFO - Sync 2 DAGs
[2026-02-23T22:45:01.563+0000] {logging_mixin.py:188} INFO - [2026-02-23T22:45:01.562+0000] {dag.py:3954} INFO - Setting next_dagrun for produce_json to 2026-02-23 14:00:00+00:00, run_after=2026-02-24 14:00:00+00:00
[2026-02-23T22:45:01.577+0000] {logging_mixin.py:188} INFO - [2026-02-23T22:45:01.577+0000] {dag.py:3954} INFO - Setting next_dagrun for update_db to 2026-02-23 15:00:00+00:00, run_after=2026-02-24 15:00:00+00:00
[2026-02-23T22:45:01.617+0000] {processor.py:183} INFO - Processing /opt/airflow/dags/main.py took 0.404 seconds
[2026-02-23T22:45:32.294+0000] {processor.py:161} INFO - Started process (PID=850) to work on /opt/airflow/dags/main.py
[2026-02-23T22:45:32.296+0000] {processor.py:830} INFO - Processing file /opt/airflow/dags/main.py for tasks to queue
[2026-02-23T22:45:32.298+0000] {logging_mixin.py:188} INFO - [2026-02-23T22:45:32.297+0000] {dagbag.py:545} INFO - Filling up the DagBag from /opt/airflow/dags/main.py
[2026-02-23T22:45:32.524+0000] {processor.py:840} INFO - DAG(s) 'update_db', 'produce_json' retrieved from /opt/airflow/dags/main.py
[2026-02-23T22:45:32.569+0000] {logging_mixin.py:188} INFO - [2026-02-23T22:45:32.569+0000] {dag.py:3096} INFO - Sync 2 DAGs
[2026-02-23T22:45:32.606+0000] {logging_mixin.py:188} INFO - [2026-02-23T22:45:32.606+0000] {dag.py:3954} INFO - Setting next_dagrun for produce_json to 2026-02-23 14:00:00+00:00, run_after=2026-02-24 14:00:00+00:00
[2026-02-23T22:45:32.615+0000] {logging_mixin.py:188} INFO - [2026-02-23T22:45:32.615+0000] {dag.py:3954} INFO - Setting next_dagrun for update_db to 2026-02-23 15:00:00+00:00, run_after=2026-02-24 15:00:00+00:00
[2026-02-23T22:45:32.686+0000] {processor.py:183} INFO - Processing /opt/airflow/dags/main.py took 0.399 seconds
[2026-02-23T22:46:03.009+0000] {processor.py:161} INFO - Started process (PID=857) to work on /opt/airflow/dags/main.py
[2026-02-23T22:46:03.012+0000] {processor.py:830} INFO - Processing file /opt/airflow/dags/main.py for tasks to queue
[2026-02-23T22:46:03.014+0000] {logging_mixin.py:188} INFO - [2026-02-23T22:46:03.013+0000] {dagbag.py:545} INFO - Filling up the DagBag from /opt/airflow/dags/main.py
[2026-02-23T22:46:03.210+0000] {processor.py:840} INFO - DAG(s) 'update_db', 'produce_json' retrieved from /opt/airflow/dags/main.py
[2026-02-23T22:46:03.254+0000] {logging_mixin.py:188} INFO - [2026-02-23T22:46:03.253+0000] {dag.py:3096} INFO - Sync 2 DAGs
[2026-02-23T22:46:03.288+0000] {logging_mixin.py:188} INFO - [2026-02-23T22:46:03.287+0000] {dag.py:3954} INFO - Setting next_dagrun for produce_json to 2026-02-23 14:00:00+00:00, run_after=2026-02-24 14:00:00+00:00
[2026-02-23T22:46:03.295+0000] {logging_mixin.py:188} INFO - [2026-02-23T22:46:03.295+0000] {dag.py:3954} INFO - Setting next_dagrun for update_db to 2026-02-23 15:00:00+00:00, run_after=2026-02-24 15:00:00+00:00
[2026-02-23T22:46:03.338+0000] {processor.py:183} INFO - Processing /opt/airflow/dags/main.py took 0.338 seconds
[2026-02-23T22:46:34.004+0000] {processor.py:161} INFO - Started process (PID=865) to work on /opt/airflow/dags/main.py
[2026-02-23T22:46:34.006+0000] {processor.py:830} INFO - Processing file /opt/airflow/dags/main.py for tasks to queue
[2026-02-23T22:46:34.008+0000] {logging_mixin.py:188} INFO - [2026-02-23T22:46:34.007+0000] {dagbag.py:545} INFO - Filling up the DagBag from /opt/airflow/dags/main.py
[2026-02-23T22:46:34.201+0000] {processor.py:840} INFO - DAG(s) 'produce_json', 'update_db' retrieved from /opt/airflow/dags/main.py
[2026-02-23T22:46:34.252+0000] {logging_mixin.py:188} INFO - [2026-02-23T22:46:34.251+0000] {dag.py:3096} INFO - Sync 2 DAGs
[2026-02-23T22:46:34.301+0000] {logging_mixin.py:188} INFO - [2026-02-23T22:46:34.300+0000] {dag.py:3954} INFO - Setting next_dagrun for produce_json to 2026-02-23 14:00:00+00:00, run_after=2026-02-24 14:00:00+00:00
[2026-02-23T22:46:34.310+0000] {logging_mixin.py:188} INFO - [2026-02-23T22:46:34.310+0000] {dag.py:3954} INFO - Setting next_dagrun for update_db to 2026-02-23 15:00:00+00:00, run_after=2026-02-24 15:00:00+00:00
[2026-02-23T22:46:34.377+0000] {processor.py:183} INFO - Processing /opt/airflow/dags/main.py took 0.381 seconds
[2026-02-23T22:47:04.658+0000] {processor.py:161} INFO - Started process (PID=872) to work on /opt/airflow/dags/main.py
[2026-02-23T22:47:04.661+0000] {processor.py:830} INFO - Processing file /opt/airflow/dags/main.py for tasks to queue
[2026-02-23T22:47:04.664+0000] {logging_mixin.py:188} INFO - [2026-02-23T22:47:04.663+0000] {dagbag.py:545} INFO - Filling up the DagBag from /opt/airflow/dags/main.py
[2026-02-23T22:47:04.845+0000] {processor.py:840} INFO - DAG(s) 'produce_json', 'update_db' retrieved from /opt/airflow/dags/main.py
[2026-02-23T22:47:04.890+0000] {logging_mixin.py:188} INFO - [2026-02-23T22:47:04.889+0000] {dag.py:3096} INFO - Sync 2 DAGs
[2026-02-23T22:47:04.918+0000] {logging_mixin.py:188} INFO - [2026-02-23T22:47:04.918+0000] {dag.py:3954} INFO - Setting next_dagrun for produce_json to 2026-02-23 14:00:00+00:00, run_after=2026-02-24 14:00:00+00:00
[2026-02-23T22:47:04.926+0000] {logging_mixin.py:188} INFO - [2026-02-23T22:47:04.926+0000] {dag.py:3954} INFO - Setting next_dagrun for update_db to 2026-02-23 15:00:00+00:00, run_after=2026-02-24 15:00:00+00:00
[2026-02-23T22:47:04.970+0000] {processor.py:183} INFO - Processing /opt/airflow/dags/main.py took 0.320 seconds
[2026-02-23T22:47:35.603+0000] {processor.py:161} INFO - Started process (PID=879) to work on /opt/airflow/dags/main.py
[2026-02-23T22:47:35.605+0000] {processor.py:830} INFO - Processing file /opt/airflow/dags/main.py for tasks to queue
[2026-02-23T22:47:35.606+0000] {logging_mixin.py:188} INFO - [2026-02-23T22:47:35.606+0000] {dagbag.py:545} INFO - Filling up the DagBag from /opt/airflow/dags/main.py
[2026-02-23T22:47:35.855+0000] {processor.py:840} INFO - DAG(s) 'produce_json', 'update_db' retrieved from /opt/airflow/dags/main.py
[2026-02-23T22:47:35.915+0000] {logging_mixin.py:188} INFO - [2026-02-23T22:47:35.915+0000] {dag.py:3096} INFO - Sync 2 DAGs
[2026-02-23T22:47:35.949+0000] {logging_mixin.py:188} INFO - [2026-02-23T22:47:35.949+0000] {dag.py:3954} INFO - Setting next_dagrun for produce_json to 2026-02-23 14:00:00+00:00, run_after=2026-02-24 14:00:00+00:00
[2026-02-23T22:47:35.956+0000] {logging_mixin.py:188} INFO - [2026-02-23T22:47:35.956+0000] {dag.py:3954} INFO - Setting next_dagrun for update_db to 2026-02-23 15:00:00+00:00, run_after=2026-02-24 15:00:00+00:00
[2026-02-23T22:47:35.988+0000] {processor.py:183} INFO - Processing /opt/airflow/dags/main.py took 0.394 seconds
[2026-02-23T22:48:06.312+0000] {processor.py:161} INFO - Started process (PID=886) to work on /opt/airflow/dags/main.py
[2026-02-23T22:48:06.314+0000] {processor.py:830} INFO - Processing file /opt/airflow/dags/main.py for tasks to queue
[2026-02-23T22:48:06.317+0000] {logging_mixin.py:188} INFO - [2026-02-23T22:48:06.316+0000] {dagbag.py:545} INFO - Filling up the DagBag from /opt/airflow/dags/main.py
[2026-02-23T22:48:06.535+0000] {processor.py:840} INFO - DAG(s) 'produce_json', 'update_db' retrieved from /opt/airflow/dags/main.py
[2026-02-23T22:48:06.586+0000] {logging_mixin.py:188} INFO - [2026-02-23T22:48:06.586+0000] {dag.py:3096} INFO - Sync 2 DAGs
[2026-02-23T22:48:06.620+0000] {logging_mixin.py:188} INFO - [2026-02-23T22:48:06.620+0000] {dag.py:3954} INFO - Setting next_dagrun for produce_json to 2026-02-23 14:00:00+00:00, run_after=2026-02-24 14:00:00+00:00
[2026-02-23T22:48:06.630+0000] {logging_mixin.py:188} INFO - [2026-02-23T22:48:06.629+0000] {dag.py:3954} INFO - Setting next_dagrun for update_db to 2026-02-23 15:00:00+00:00, run_after=2026-02-24 15:00:00+00:00
[2026-02-23T22:48:06.697+0000] {processor.py:183} INFO - Processing /opt/airflow/dags/main.py took 0.394 seconds
[2026-02-23T22:48:36.790+0000] {processor.py:161} INFO - Started process (PID=894) to work on /opt/airflow/dags/main.py
[2026-02-23T22:48:36.792+0000] {processor.py:830} INFO - Processing file /opt/airflow/dags/main.py for tasks to queue
[2026-02-23T22:48:36.795+0000] {logging_mixin.py:188} INFO - [2026-02-23T22:48:36.794+0000] {dagbag.py:545} INFO - Filling up the DagBag from /opt/airflow/dags/main.py
[2026-02-23T22:48:37.039+0000] {processor.py:840} INFO - DAG(s) 'produce_json', 'update_db' retrieved from /opt/airflow/dags/main.py
[2026-02-23T22:48:37.081+0000] {logging_mixin.py:188} INFO - [2026-02-23T22:48:37.081+0000] {dag.py:3096} INFO - Sync 2 DAGs
[2026-02-23T22:48:37.113+0000] {logging_mixin.py:188} INFO - [2026-02-23T22:48:37.112+0000] {dag.py:3954} INFO - Setting next_dagrun for produce_json to 2026-02-23 14:00:00+00:00, run_after=2026-02-24 14:00:00+00:00
[2026-02-23T22:48:37.122+0000] {logging_mixin.py:188} INFO - [2026-02-23T22:48:37.122+0000] {dag.py:3954} INFO - Setting next_dagrun for update_db to 2026-02-23 15:00:00+00:00, run_after=2026-02-24 15:00:00+00:00
[2026-02-23T22:48:37.189+0000] {processor.py:183} INFO - Processing /opt/airflow/dags/main.py took 0.411 seconds
[2026-02-23T22:49:07.574+0000] {processor.py:161} INFO - Started process (PID=901) to work on /opt/airflow/dags/main.py
[2026-02-23T22:49:07.576+0000] {processor.py:830} INFO - Processing file /opt/airflow/dags/main.py for tasks to queue
[2026-02-23T22:49:07.578+0000] {logging_mixin.py:188} INFO - [2026-02-23T22:49:07.578+0000] {dagbag.py:545} INFO - Filling up the DagBag from /opt/airflow/dags/main.py
[2026-02-23T22:49:07.876+0000] {processor.py:840} INFO - DAG(s) 'produce_json', 'update_db' retrieved from /opt/airflow/dags/main.py
[2026-02-23T22:49:07.928+0000] {logging_mixin.py:188} INFO - [2026-02-23T22:49:07.927+0000] {dag.py:3096} INFO - Sync 2 DAGs
[2026-02-23T22:49:07.963+0000] {logging_mixin.py:188} INFO - [2026-02-23T22:49:07.963+0000] {dag.py:3954} INFO - Setting next_dagrun for produce_json to 2026-02-23 14:00:00+00:00, run_after=2026-02-24 14:00:00+00:00
[2026-02-23T22:49:07.975+0000] {logging_mixin.py:188} INFO - [2026-02-23T22:49:07.975+0000] {dag.py:3954} INFO - Setting next_dagrun for update_db to 2026-02-23 15:00:00+00:00, run_after=2026-02-24 15:00:00+00:00
[2026-02-23T22:49:08.009+0000] {processor.py:183} INFO - Processing /opt/airflow/dags/main.py took 0.444 seconds
[2026-02-23T22:49:38.442+0000] {processor.py:161} INFO - Started process (PID=909) to work on /opt/airflow/dags/main.py
[2026-02-23T22:49:38.444+0000] {processor.py:830} INFO - Processing file /opt/airflow/dags/main.py for tasks to queue
[2026-02-23T22:49:38.446+0000] {logging_mixin.py:188} INFO - [2026-02-23T22:49:38.445+0000] {dagbag.py:545} INFO - Filling up the DagBag from /opt/airflow/dags/main.py
[2026-02-23T22:49:38.732+0000] {processor.py:840} INFO - DAG(s) 'produce_json', 'update_db' retrieved from /opt/airflow/dags/main.py
[2026-02-23T22:49:38.806+0000] {logging_mixin.py:188} INFO - [2026-02-23T22:49:38.806+0000] {dag.py:3096} INFO - Sync 2 DAGs
[2026-02-23T22:49:38.894+0000] {logging_mixin.py:188} INFO - [2026-02-23T22:49:38.893+0000] {dag.py:3954} INFO - Setting next_dagrun for produce_json to 2026-02-23 14:00:00+00:00, run_after=2026-02-24 14:00:00+00:00
[2026-02-23T22:49:38.909+0000] {logging_mixin.py:188} INFO - [2026-02-23T22:49:38.908+0000] {dag.py:3954} INFO - Setting next_dagrun for update_db to 2026-02-23 15:00:00+00:00, run_after=2026-02-24 15:00:00+00:00
[2026-02-23T22:49:38.948+0000] {processor.py:183} INFO - Processing /opt/airflow/dags/main.py took 0.516 seconds
[2026-02-23T22:50:09.342+0000] {processor.py:161} INFO - Started process (PID=916) to work on /opt/airflow/dags/main.py
[2026-02-23T22:50:09.344+0000] {processor.py:830} INFO - Processing file /opt/airflow/dags/main.py for tasks to queue
[2026-02-23T22:50:09.346+0000] {logging_mixin.py:188} INFO - [2026-02-23T22:50:09.346+0000] {dagbag.py:545} INFO - Filling up the DagBag from /opt/airflow/dags/main.py
[2026-02-23T22:50:09.542+0000] {processor.py:840} INFO - DAG(s) 'produce_json', 'update_db' retrieved from /opt/airflow/dags/main.py
[2026-02-23T22:50:09.598+0000] {logging_mixin.py:188} INFO - [2026-02-23T22:50:09.598+0000] {dag.py:3096} INFO - Sync 2 DAGs
[2026-02-23T22:50:09.632+0000] {logging_mixin.py:188} INFO - [2026-02-23T22:50:09.632+0000] {dag.py:3954} INFO - Setting next_dagrun for produce_json to 2026-02-23 14:00:00+00:00, run_after=2026-02-24 14:00:00+00:00
[2026-02-23T22:50:09.640+0000] {logging_mixin.py:188} INFO - [2026-02-23T22:50:09.640+0000] {dag.py:3954} INFO - Setting next_dagrun for update_db to 2026-02-23 15:00:00+00:00, run_after=2026-02-24 15:00:00+00:00
[2026-02-23T22:50:09.665+0000] {processor.py:183} INFO - Processing /opt/airflow/dags/main.py took 0.334 seconds
[2026-02-23T22:50:40.317+0000] {processor.py:161} INFO - Started process (PID=923) to work on /opt/airflow/dags/main.py
[2026-02-23T22:50:40.319+0000] {processor.py:830} INFO - Processing file /opt/airflow/dags/main.py for tasks to queue
[2026-02-23T22:50:40.321+0000] {logging_mixin.py:188} INFO - [2026-02-23T22:50:40.321+0000] {dagbag.py:545} INFO - Filling up the DagBag from /opt/airflow/dags/main.py
[2026-02-23T22:50:40.474+0000] {processor.py:840} INFO - DAG(s) 'update_db', 'produce_json' retrieved from /opt/airflow/dags/main.py
[2026-02-23T22:50:40.526+0000] {logging_mixin.py:188} INFO - [2026-02-23T22:50:40.526+0000] {dag.py:3096} INFO - Sync 2 DAGs
[2026-02-23T22:50:40.567+0000] {logging_mixin.py:188} INFO - [2026-02-23T22:50:40.567+0000] {dag.py:3954} INFO - Setting next_dagrun for produce_json to 2026-02-23 14:00:00+00:00, run_after=2026-02-24 14:00:00+00:00
[2026-02-23T22:50:40.576+0000] {logging_mixin.py:188} INFO - [2026-02-23T22:50:40.576+0000] {dag.py:3954} INFO - Setting next_dagrun for update_db to 2026-02-23 15:00:00+00:00, run_after=2026-02-24 15:00:00+00:00
[2026-02-23T22:50:40.606+0000] {processor.py:183} INFO - Processing /opt/airflow/dags/main.py took 0.298 seconds
[2026-02-23T22:51:10.924+0000] {processor.py:161} INFO - Started process (PID=930) to work on /opt/airflow/dags/main.py
[2026-02-23T22:51:10.926+0000] {processor.py:830} INFO - Processing file /opt/airflow/dags/main.py for tasks to queue
[2026-02-23T22:51:10.927+0000] {logging_mixin.py:188} INFO - [2026-02-23T22:51:10.927+0000] {dagbag.py:545} INFO - Filling up the DagBag from /opt/airflow/dags/main.py
[2026-02-23T22:51:11.138+0000] {processor.py:840} INFO - DAG(s) 'produce_json', 'update_db' retrieved from /opt/airflow/dags/main.py
[2026-02-23T22:51:11.195+0000] {logging_mixin.py:188} INFO - [2026-02-23T22:51:11.194+0000] {dag.py:3096} INFO - Sync 2 DAGs
[2026-02-23T22:51:11.231+0000] {logging_mixin.py:188} INFO - [2026-02-23T22:51:11.230+0000] {dag.py:3954} INFO - Setting next_dagrun for produce_json to 2026-02-23 14:00:00+00:00, run_after=2026-02-24 14:00:00+00:00
[2026-02-23T22:51:11.238+0000] {logging_mixin.py:188} INFO - [2026-02-23T22:51:11.238+0000] {dag.py:3954} INFO - Setting next_dagrun for update_db to 2026-02-23 15:00:00+00:00, run_after=2026-02-24 15:00:00+00:00
[2026-02-23T22:51:11.306+0000] {processor.py:183} INFO - Processing /opt/airflow/dags/main.py took 0.393 seconds
[2026-02-23T22:51:41.716+0000] {processor.py:161} INFO - Started process (PID=937) to work on /opt/airflow/dags/main.py
[2026-02-23T22:51:41.719+0000] {processor.py:830} INFO - Processing file /opt/airflow/dags/main.py for tasks to queue
[2026-02-23T22:51:41.721+0000] {logging_mixin.py:188} INFO - [2026-02-23T22:51:41.720+0000] {dagbag.py:545} INFO - Filling up the DagBag from /opt/airflow/dags/main.py
[2026-02-23T22:51:41.966+0000] {processor.py:840} INFO - DAG(s) 'update_db', 'produce_json' retrieved from /opt/airflow/dags/main.py
[2026-02-23T22:51:42.013+0000] {logging_mixin.py:188} INFO - [2026-02-23T22:51:42.012+0000] {dag.py:3096} INFO - Sync 2 DAGs
[2026-02-23T22:51:42.052+0000] {logging_mixin.py:188} INFO - [2026-02-23T22:51:42.051+0000] {dag.py:3954} INFO - Setting next_dagrun for produce_json to 2026-02-23 14:00:00+00:00, run_after=2026-02-24 14:00:00+00:00
[2026-02-23T22:51:42.060+0000] {logging_mixin.py:188} INFO - [2026-02-23T22:51:42.060+0000] {dag.py:3954} INFO - Setting next_dagrun for update_db to 2026-02-23 15:00:00+00:00, run_after=2026-02-24 15:00:00+00:00
[2026-02-23T22:51:42.128+0000] {processor.py:183} INFO - Processing /opt/airflow/dags/main.py took 0.422 seconds
[2026-02-23T22:52:12.476+0000] {processor.py:161} INFO - Started process (PID=944) to work on /opt/airflow/dags/main.py
[2026-02-23T22:52:12.478+0000] {processor.py:830} INFO - Processing file /opt/airflow/dags/main.py for tasks to queue
[2026-02-23T22:52:12.480+0000] {logging_mixin.py:188} INFO - [2026-02-23T22:52:12.480+0000] {dagbag.py:545} INFO - Filling up the DagBag from /opt/airflow/dags/main.py
[2026-02-23T22:52:12.754+0000] {processor.py:840} INFO - DAG(s) 'produce_json', 'update_db' retrieved from /opt/airflow/dags/main.py
[2026-02-23T22:52:12.805+0000] {logging_mixin.py:188} INFO - [2026-02-23T22:52:12.805+0000] {dag.py:3096} INFO - Sync 2 DAGs
[2026-02-23T22:52:12.841+0000] {logging_mixin.py:188} INFO - [2026-02-23T22:52:12.841+0000] {dag.py:3954} INFO - Setting next_dagrun for produce_json to 2026-02-23 14:00:00+00:00, run_after=2026-02-24 14:00:00+00:00
[2026-02-23T22:52:12.850+0000] {logging_mixin.py:188} INFO - [2026-02-23T22:52:12.850+0000] {dag.py:3954} INFO - Setting next_dagrun for update_db to 2026-02-23 15:00:00+00:00, run_after=2026-02-24 15:00:00+00:00
[2026-02-23T22:52:12.921+0000] {processor.py:183} INFO - Processing /opt/airflow/dags/main.py took 0.454 seconds
[2026-02-23T22:52:43.418+0000] {processor.py:161} INFO - Started process (PID=951) to work on /opt/airflow/dags/main.py
[2026-02-23T22:52:43.452+0000] {processor.py:830} INFO - Processing file /opt/airflow/dags/main.py for tasks to queue
[2026-02-23T22:52:43.488+0000] {logging_mixin.py:188} INFO - [2026-02-23T22:52:43.486+0000] {dagbag.py:545} INFO - Filling up the DagBag from /opt/airflow/dags/main.py
[2026-02-23T22:52:43.730+0000] {processor.py:840} INFO - DAG(s) 'produce_json', 'update_db' retrieved from /opt/airflow/dags/main.py
[2026-02-23T22:52:43.801+0000] {logging_mixin.py:188} INFO - [2026-02-23T22:52:43.801+0000] {dag.py:3096} INFO - Sync 2 DAGs
[2026-02-23T22:52:43.853+0000] {logging_mixin.py:188} INFO - [2026-02-23T22:52:43.852+0000] {dag.py:3954} INFO - Setting next_dagrun for produce_json to 2026-02-23 14:00:00+00:00, run_after=2026-02-24 14:00:00+00:00
[2026-02-23T22:52:43.865+0000] {logging_mixin.py:188} INFO - [2026-02-23T22:52:43.864+0000] {dag.py:3954} INFO - Setting next_dagrun for update_db to 2026-02-23 15:00:00+00:00, run_after=2026-02-24 15:00:00+00:00
[2026-02-23T22:52:43.932+0000] {processor.py:183} INFO - Processing /opt/airflow/dags/main.py took 0.525 seconds
[2026-02-23T22:53:14.032+0000] {processor.py:161} INFO - Started process (PID=959) to work on /opt/airflow/dags/main.py
[2026-02-23T22:53:14.035+0000] {processor.py:830} INFO - Processing file /opt/airflow/dags/main.py for tasks to queue
[2026-02-23T22:53:14.037+0000] {logging_mixin.py:188} INFO - [2026-02-23T22:53:14.037+0000] {dagbag.py:545} INFO - Filling up the DagBag from /opt/airflow/dags/main.py
[2026-02-23T22:53:14.261+0000] {processor.py:840} INFO - DAG(s) 'update_db', 'produce_json' retrieved from /opt/airflow/dags/main.py
[2026-02-23T22:53:14.309+0000] {logging_mixin.py:188} INFO - [2026-02-23T22:53:14.308+0000] {dag.py:3096} INFO - Sync 2 DAGs
[2026-02-23T22:53:14.341+0000] {logging_mixin.py:188} INFO - [2026-02-23T22:53:14.341+0000] {dag.py:3954} INFO - Setting next_dagrun for produce_json to 2026-02-23 14:00:00+00:00, run_after=2026-02-24 14:00:00+00:00
[2026-02-23T22:53:14.348+0000] {logging_mixin.py:188} INFO - [2026-02-23T22:53:14.348+0000] {dag.py:3954} INFO - Setting next_dagrun for update_db to 2026-02-23 15:00:00+00:00, run_after=2026-02-24 15:00:00+00:00
[2026-02-23T22:53:14.418+0000] {processor.py:183} INFO - Processing /opt/airflow/dags/main.py took 0.395 seconds
[2026-02-23T22:53:44.520+0000] {processor.py:161} INFO - Started process (PID=966) to work on /opt/airflow/dags/main.py
[2026-02-23T22:53:44.522+0000] {processor.py:830} INFO - Processing file /opt/airflow/dags/main.py for tasks to queue
[2026-02-23T22:53:44.524+0000] {logging_mixin.py:188} INFO - [2026-02-23T22:53:44.523+0000] {dagbag.py:545} INFO - Filling up the DagBag from /opt/airflow/dags/main.py
[2026-02-23T22:53:44.695+0000] {processor.py:840} INFO - DAG(s) 'produce_json', 'update_db' retrieved from /opt/airflow/dags/main.py
[2026-02-23T22:53:44.744+0000] {logging_mixin.py:188} INFO - [2026-02-23T22:53:44.744+0000] {dag.py:3096} INFO - Sync 2 DAGs
[2026-02-23T22:53:44.782+0000] {logging_mixin.py:188} INFO - [2026-02-23T22:53:44.782+0000] {dag.py:3954} INFO - Setting next_dagrun for produce_json to 2026-02-23 14:00:00+00:00, run_after=2026-02-24 14:00:00+00:00
[2026-02-23T22:53:44.791+0000] {logging_mixin.py:188} INFO - [2026-02-23T22:53:44.791+0000] {dag.py:3954} INFO - Setting next_dagrun for update_db to 2026-02-23 15:00:00+00:00, run_after=2026-02-24 15:00:00+00:00
[2026-02-23T22:53:44.821+0000] {processor.py:183} INFO - Processing /opt/airflow/dags/main.py took 0.309 seconds
[2026-02-23T22:54:15.191+0000] {processor.py:161} INFO - Started process (PID=973) to work on /opt/airflow/dags/main.py
[2026-02-23T22:54:15.200+0000] {processor.py:830} INFO - Processing file /opt/airflow/dags/main.py for tasks to queue
[2026-02-23T22:54:15.212+0000] {logging_mixin.py:188} INFO - [2026-02-23T22:54:15.204+0000] {dagbag.py:545} INFO - Filling up the DagBag from /opt/airflow/dags/main.py
[2026-02-23T22:54:15.583+0000] {processor.py:840} INFO - DAG(s) 'produce_json', 'update_db' retrieved from /opt/airflow/dags/main.py
[2026-02-23T22:54:15.729+0000] {logging_mixin.py:188} INFO - [2026-02-23T22:54:15.728+0000] {dag.py:3096} INFO - Sync 2 DAGs
[2026-02-23T22:54:15.821+0000] {logging_mixin.py:188} INFO - [2026-02-23T22:54:15.821+0000] {dag.py:3954} INFO - Setting next_dagrun for produce_json to 2026-02-23 14:00:00+00:00, run_after=2026-02-24 14:00:00+00:00
[2026-02-23T22:54:15.839+0000] {logging_mixin.py:188} INFO - [2026-02-23T22:54:15.838+0000] {dag.py:3954} INFO - Setting next_dagrun for update_db to 2026-02-23 15:00:00+00:00, run_after=2026-02-24 15:00:00+00:00
[2026-02-23T22:54:15.927+0000] {processor.py:183} INFO - Processing /opt/airflow/dags/main.py took 0.801 seconds
[2026-02-23T22:54:46.576+0000] {processor.py:161} INFO - Started process (PID=985) to work on /opt/airflow/dags/main.py
[2026-02-23T22:54:46.579+0000] {processor.py:830} INFO - Processing file /opt/airflow/dags/main.py for tasks to queue
[2026-02-23T22:54:46.584+0000] {logging_mixin.py:188} INFO - [2026-02-23T22:54:46.583+0000] {dagbag.py:545} INFO - Filling up the DagBag from /opt/airflow/dags/main.py
[2026-02-23T22:54:46.994+0000] {processor.py:840} INFO - DAG(s) 'produce_json', 'update_db' retrieved from /opt/airflow/dags/main.py
[2026-02-23T22:54:47.095+0000] {logging_mixin.py:188} INFO - [2026-02-23T22:54:47.094+0000] {dag.py:3096} INFO - Sync 2 DAGs
[2026-02-23T22:54:47.176+0000] {logging_mixin.py:188} INFO - [2026-02-23T22:54:47.175+0000] {dag.py:3954} INFO - Setting next_dagrun for produce_json to 2026-02-23 14:00:00+00:00, run_after=2026-02-24 14:00:00+00:00
[2026-02-23T22:54:47.188+0000] {logging_mixin.py:188} INFO - [2026-02-23T22:54:47.188+0000] {dag.py:3954} INFO - Setting next_dagrun for update_db to 2026-02-23 15:00:00+00:00, run_after=2026-02-24 15:00:00+00:00
[2026-02-23T22:54:47.232+0000] {processor.py:183} INFO - Processing /opt/airflow/dags/main.py took 0.669 seconds
[2026-02-23T22:55:17.455+0000] {processor.py:161} INFO - Started process (PID=992) to work on /opt/airflow/dags/main.py
[2026-02-23T22:55:17.458+0000] {processor.py:830} INFO - Processing file /opt/airflow/dags/main.py for tasks to queue
[2026-02-23T22:55:17.459+0000] {logging_mixin.py:188} INFO - [2026-02-23T22:55:17.459+0000] {dagbag.py:545} INFO - Filling up the DagBag from /opt/airflow/dags/main.py
[2026-02-23T22:55:17.647+0000] {processor.py:840} INFO - DAG(s) 'update_db', 'produce_json' retrieved from /opt/airflow/dags/main.py
[2026-02-23T22:55:17.707+0000] {logging_mixin.py:188} INFO - [2026-02-23T22:55:17.707+0000] {dag.py:3096} INFO - Sync 2 DAGs
[2026-02-23T22:55:17.752+0000] {logging_mixin.py:188} INFO - [2026-02-23T22:55:17.751+0000] {dag.py:3954} INFO - Setting next_dagrun for produce_json to 2026-02-23 14:00:00+00:00, run_after=2026-02-24 14:00:00+00:00
[2026-02-23T22:55:17.761+0000] {logging_mixin.py:188} INFO - [2026-02-23T22:55:17.760+0000] {dag.py:3954} INFO - Setting next_dagrun for update_db to 2026-02-23 15:00:00+00:00, run_after=2026-02-24 15:00:00+00:00
[2026-02-23T22:55:17.797+0000] {processor.py:183} INFO - Processing /opt/airflow/dags/main.py took 0.354 seconds
[2026-02-23T22:55:48.409+0000] {processor.py:161} INFO - Started process (PID=999) to work on /opt/airflow/dags/main.py
[2026-02-23T22:55:48.411+0000] {processor.py:830} INFO - Processing file /opt/airflow/dags/main.py for tasks to queue
[2026-02-23T22:55:48.413+0000] {logging_mixin.py:188} INFO - [2026-02-23T22:55:48.412+0000] {dagbag.py:545} INFO - Filling up the DagBag from /opt/airflow/dags/main.py
[2026-02-23T22:55:48.658+0000] {processor.py:840} INFO - DAG(s) 'update_db', 'produce_json' retrieved from /opt/airflow/dags/main.py
[2026-02-23T22:55:48.706+0000] {logging_mixin.py:188} INFO - [2026-02-23T22:55:48.705+0000] {dag.py:3096} INFO - Sync 2 DAGs
[2026-02-23T22:55:48.744+0000] {logging_mixin.py:188} INFO - [2026-02-23T22:55:48.743+0000] {dag.py:3954} INFO - Setting next_dagrun for produce_json to 2026-02-23 14:00:00+00:00, run_after=2026-02-24 14:00:00+00:00
[2026-02-23T22:55:48.756+0000] {logging_mixin.py:188} INFO - [2026-02-23T22:55:48.755+0000] {dag.py:3954} INFO - Setting next_dagrun for update_db to 2026-02-23 15:00:00+00:00, run_after=2026-02-24 15:00:00+00:00
[2026-02-23T22:55:48.817+0000] {processor.py:183} INFO - Processing /opt/airflow/dags/main.py took 0.418 seconds
[2026-02-23T22:56:18.947+0000] {processor.py:161} INFO - Started process (PID=1006) to work on /opt/airflow/dags/main.py
[2026-02-23T22:56:18.950+0000] {processor.py:830} INFO - Processing file /opt/airflow/dags/main.py for tasks to queue
[2026-02-23T22:56:18.952+0000] {logging_mixin.py:188} INFO - [2026-02-23T22:56:18.951+0000] {dagbag.py:545} INFO - Filling up the DagBag from /opt/airflow/dags/main.py
[2026-02-23T22:56:19.159+0000] {processor.py:840} INFO - DAG(s) 'produce_json', 'update_db' retrieved from /opt/airflow/dags/main.py
[2026-02-23T22:56:19.206+0000] {logging_mixin.py:188} INFO - [2026-02-23T22:56:19.206+0000] {dag.py:3096} INFO - Sync 2 DAGs
[2026-02-23T22:56:19.238+0000] {logging_mixin.py:188} INFO - [2026-02-23T22:56:19.237+0000] {dag.py:3954} INFO - Setting next_dagrun for produce_json to 2026-02-23 14:00:00+00:00, run_after=2026-02-24 14:00:00+00:00
[2026-02-23T22:56:19.245+0000] {logging_mixin.py:188} INFO - [2026-02-23T22:56:19.245+0000] {dag.py:3954} INFO - Setting next_dagrun for update_db to 2026-02-23 15:00:00+00:00, run_after=2026-02-24 15:00:00+00:00
[2026-02-23T22:56:19.321+0000] {processor.py:183} INFO - Processing /opt/airflow/dags/main.py took 0.383 seconds
[2026-02-23T22:56:49.399+0000] {processor.py:161} INFO - Started process (PID=1013) to work on /opt/airflow/dags/main.py
[2026-02-23T22:56:49.402+0000] {processor.py:830} INFO - Processing file /opt/airflow/dags/main.py for tasks to queue
[2026-02-23T22:56:49.405+0000] {logging_mixin.py:188} INFO - [2026-02-23T22:56:49.405+0000] {dagbag.py:545} INFO - Filling up the DagBag from /opt/airflow/dags/main.py
[2026-02-23T22:56:49.706+0000] {processor.py:840} INFO - DAG(s) 'update_db', 'produce_json' retrieved from /opt/airflow/dags/main.py
[2026-02-23T22:56:49.768+0000] {logging_mixin.py:188} INFO - [2026-02-23T22:56:49.767+0000] {dag.py:3096} INFO - Sync 2 DAGs
[2026-02-23T22:56:49.808+0000] {logging_mixin.py:188} INFO - [2026-02-23T22:56:49.807+0000] {dag.py:3954} INFO - Setting next_dagrun for produce_json to 2026-02-23 14:00:00+00:00, run_after=2026-02-24 14:00:00+00:00
[2026-02-23T22:56:49.815+0000] {logging_mixin.py:188} INFO - [2026-02-23T22:56:49.815+0000] {dag.py:3954} INFO - Setting next_dagrun for update_db to 2026-02-23 15:00:00+00:00, run_after=2026-02-24 15:00:00+00:00
[2026-02-23T22:56:49.880+0000] {processor.py:183} INFO - Processing /opt/airflow/dags/main.py took 0.492 seconds
[2026-02-23T22:57:20.395+0000] {processor.py:161} INFO - Started process (PID=1020) to work on /opt/airflow/dags/main.py
[2026-02-23T22:57:20.397+0000] {processor.py:830} INFO - Processing file /opt/airflow/dags/main.py for tasks to queue
[2026-02-23T22:57:20.400+0000] {logging_mixin.py:188} INFO - [2026-02-23T22:57:20.399+0000] {dagbag.py:545} INFO - Filling up the DagBag from /opt/airflow/dags/main.py
[2026-02-23T22:57:20.663+0000] {processor.py:840} INFO - DAG(s) 'produce_json', 'update_db' retrieved from /opt/airflow/dags/main.py
[2026-02-23T22:57:20.709+0000] {logging_mixin.py:188} INFO - [2026-02-23T22:57:20.708+0000] {dag.py:3096} INFO - Sync 2 DAGs
[2026-02-23T22:57:20.739+0000] {logging_mixin.py:188} INFO - [2026-02-23T22:57:20.739+0000] {dag.py:3954} INFO - Setting next_dagrun for produce_json to 2026-02-23 14:00:00+00:00, run_after=2026-02-24 14:00:00+00:00
[2026-02-23T22:57:20.749+0000] {logging_mixin.py:188} INFO - [2026-02-23T22:57:20.748+0000] {dag.py:3954} INFO - Setting next_dagrun for update_db to 2026-02-23 15:00:00+00:00, run_after=2026-02-24 15:00:00+00:00
[2026-02-23T22:57:20.817+0000] {processor.py:183} INFO - Processing /opt/airflow/dags/main.py took 0.430 seconds
[2026-02-23T22:57:50.900+0000] {processor.py:161} INFO - Started process (PID=1027) to work on /opt/airflow/dags/main.py
[2026-02-23T22:57:50.903+0000] {processor.py:830} INFO - Processing file /opt/airflow/dags/main.py for tasks to queue
[2026-02-23T22:57:50.905+0000] {logging_mixin.py:188} INFO - [2026-02-23T22:57:50.905+0000] {dagbag.py:545} INFO - Filling up the DagBag from /opt/airflow/dags/main.py
[2026-02-23T22:57:51.063+0000] {processor.py:840} INFO - DAG(s) 'produce_json', 'update_db' retrieved from /opt/airflow/dags/main.py
[2026-02-23T22:57:51.126+0000] {logging_mixin.py:188} INFO - [2026-02-23T22:57:51.125+0000] {dag.py:3096} INFO - Sync 2 DAGs
[2026-02-23T22:57:51.167+0000] {logging_mixin.py:188} INFO - [2026-02-23T22:57:51.167+0000] {dag.py:3954} INFO - Setting next_dagrun for produce_json to 2026-02-23 14:00:00+00:00, run_after=2026-02-24 14:00:00+00:00
[2026-02-23T22:57:51.175+0000] {logging_mixin.py:188} INFO - [2026-02-23T22:57:51.175+0000] {dag.py:3954} INFO - Setting next_dagrun for update_db to 2026-02-23 15:00:00+00:00, run_after=2026-02-24 15:00:00+00:00
[2026-02-23T22:57:51.247+0000] {processor.py:183} INFO - Processing /opt/airflow/dags/main.py took 0.359 seconds
[2026-02-23T22:58:22.245+0000] {processor.py:161} INFO - Started process (PID=1034) to work on /opt/airflow/dags/main.py
[2026-02-23T22:58:22.247+0000] {processor.py:830} INFO - Processing file /opt/airflow/dags/main.py for tasks to queue
[2026-02-23T22:58:22.251+0000] {logging_mixin.py:188} INFO - [2026-02-23T22:58:22.250+0000] {dagbag.py:545} INFO - Filling up the DagBag from /opt/airflow/dags/main.py
[2026-02-23T22:58:22.479+0000] {processor.py:840} INFO - DAG(s) 'produce_json', 'update_db' retrieved from /opt/airflow/dags/main.py
[2026-02-23T22:58:22.553+0000] {logging_mixin.py:188} INFO - [2026-02-23T22:58:22.552+0000] {dag.py:3096} INFO - Sync 2 DAGs
[2026-02-23T22:58:22.612+0000] {logging_mixin.py:188} INFO - [2026-02-23T22:58:22.612+0000] {dag.py:3954} INFO - Setting next_dagrun for produce_json to 2026-02-23 14:00:00+00:00, run_after=2026-02-24 14:00:00+00:00
[2026-02-23T22:58:22.625+0000] {logging_mixin.py:188} INFO - [2026-02-23T22:58:22.625+0000] {dag.py:3954} INFO - Setting next_dagrun for update_db to 2026-02-23 15:00:00+00:00, run_after=2026-02-24 15:00:00+00:00
[2026-02-23T22:58:22.660+0000] {processor.py:183} INFO - Processing /opt/airflow/dags/main.py took 0.438 seconds
[2026-02-23T22:58:52.752+0000] {processor.py:161} INFO - Started process (PID=1041) to work on /opt/airflow/dags/main.py
[2026-02-23T22:58:52.754+0000] {processor.py:830} INFO - Processing file /opt/airflow/dags/main.py for tasks to queue
[2026-02-23T22:58:52.757+0000] {logging_mixin.py:188} INFO - [2026-02-23T22:58:52.756+0000] {dagbag.py:545} INFO - Filling up the DagBag from /opt/airflow/dags/main.py
[2026-02-23T22:58:53.153+0000] {processor.py:840} INFO - DAG(s) 'update_db', 'produce_json' retrieved from /opt/airflow/dags/main.py
[2026-02-23T22:58:53.213+0000] {logging_mixin.py:188} INFO - [2026-02-23T22:58:53.212+0000] {dag.py:3096} INFO - Sync 2 DAGs
[2026-02-23T22:58:53.257+0000] {logging_mixin.py:188} INFO - [2026-02-23T22:58:53.257+0000] {dag.py:3954} INFO - Setting next_dagrun for produce_json to 2026-02-23 14:00:00+00:00, run_after=2026-02-24 14:00:00+00:00
[2026-02-23T22:58:53.267+0000] {logging_mixin.py:188} INFO - [2026-02-23T22:58:53.267+0000] {dag.py:3954} INFO - Setting next_dagrun for update_db to 2026-02-23 15:00:00+00:00, run_after=2026-02-24 15:00:00+00:00
[2026-02-23T22:58:53.307+0000] {processor.py:183} INFO - Processing /opt/airflow/dags/main.py took 0.566 seconds
[2026-02-23T22:59:23.776+0000] {processor.py:161} INFO - Started process (PID=1048) to work on /opt/airflow/dags/main.py
[2026-02-23T22:59:23.779+0000] {processor.py:830} INFO - Processing file /opt/airflow/dags/main.py for tasks to queue
[2026-02-23T22:59:23.782+0000] {logging_mixin.py:188} INFO - [2026-02-23T22:59:23.781+0000] {dagbag.py:545} INFO - Filling up the DagBag from /opt/airflow/dags/main.py
[2026-02-23T22:59:24.005+0000] {processor.py:840} INFO - DAG(s) 'update_db', 'produce_json' retrieved from /opt/airflow/dags/main.py
[2026-02-23T22:59:24.087+0000] {logging_mixin.py:188} INFO - [2026-02-23T22:59:24.087+0000] {dag.py:3096} INFO - Sync 2 DAGs
[2026-02-23T22:59:24.135+0000] {logging_mixin.py:188} INFO - [2026-02-23T22:59:24.135+0000] {dag.py:3954} INFO - Setting next_dagrun for produce_json to 2026-02-23 14:00:00+00:00, run_after=2026-02-24 14:00:00+00:00
[2026-02-23T22:59:24.145+0000] {logging_mixin.py:188} INFO - [2026-02-23T22:59:24.145+0000] {dag.py:3954} INFO - Setting next_dagrun for update_db to 2026-02-23 15:00:00+00:00, run_after=2026-02-24 15:00:00+00:00
[2026-02-23T22:59:24.180+0000] {processor.py:183} INFO - Processing /opt/airflow/dags/main.py took 0.416 seconds
[2026-02-23T22:59:54.550+0000] {processor.py:161} INFO - Started process (PID=1055) to work on /opt/airflow/dags/main.py
[2026-02-23T22:59:54.553+0000] {processor.py:830} INFO - Processing file /opt/airflow/dags/main.py for tasks to queue
[2026-02-23T22:59:54.556+0000] {logging_mixin.py:188} INFO - [2026-02-23T22:59:54.555+0000] {dagbag.py:545} INFO - Filling up the DagBag from /opt/airflow/dags/main.py
[2026-02-23T22:59:54.832+0000] {processor.py:840} INFO - DAG(s) 'produce_json', 'update_db' retrieved from /opt/airflow/dags/main.py
[2026-02-23T22:59:54.890+0000] {logging_mixin.py:188} INFO - [2026-02-23T22:59:54.888+0000] {dag.py:3096} INFO - Sync 2 DAGs
[2026-02-23T22:59:54.936+0000] {logging_mixin.py:188} INFO - [2026-02-23T22:59:54.935+0000] {dag.py:3954} INFO - Setting next_dagrun for produce_json to 2026-02-23 14:00:00+00:00, run_after=2026-02-24 14:00:00+00:00
[2026-02-23T22:59:54.943+0000] {logging_mixin.py:188} INFO - [2026-02-23T22:59:54.943+0000] {dag.py:3954} INFO - Setting next_dagrun for update_db to 2026-02-23 15:00:00+00:00, run_after=2026-02-24 15:00:00+00:00
[2026-02-23T22:59:55.006+0000] {processor.py:183} INFO - Processing /opt/airflow/dags/main.py took 0.472 seconds
[2026-02-23T23:00:25.413+0000] {processor.py:161} INFO - Started process (PID=1062) to work on /opt/airflow/dags/main.py
[2026-02-23T23:00:25.415+0000] {processor.py:830} INFO - Processing file /opt/airflow/dags/main.py for tasks to queue
[2026-02-23T23:00:25.417+0000] {logging_mixin.py:188} INFO - [2026-02-23T23:00:25.417+0000] {dagbag.py:545} INFO - Filling up the DagBag from /opt/airflow/dags/main.py
[2026-02-23T23:00:25.628+0000] {processor.py:840} INFO - DAG(s) 'update_db', 'produce_json' retrieved from /opt/airflow/dags/main.py
[2026-02-23T23:00:25.707+0000] {logging_mixin.py:188} INFO - [2026-02-23T23:00:25.707+0000] {dag.py:3096} INFO - Sync 2 DAGs
[2026-02-23T23:00:25.740+0000] {logging_mixin.py:188} INFO - [2026-02-23T23:00:25.739+0000] {dag.py:3954} INFO - Setting next_dagrun for produce_json to 2026-02-23 14:00:00+00:00, run_after=2026-02-24 14:00:00+00:00
[2026-02-23T23:00:25.747+0000] {logging_mixin.py:188} INFO - [2026-02-23T23:00:25.746+0000] {dag.py:3954} INFO - Setting next_dagrun for update_db to 2026-02-23 15:00:00+00:00, run_after=2026-02-24 15:00:00+00:00
[2026-02-23T23:00:25.775+0000] {processor.py:183} INFO - Processing /opt/airflow/dags/main.py took 0.372 seconds
[2026-02-23T23:00:56.134+0000] {processor.py:161} INFO - Started process (PID=1069) to work on /opt/airflow/dags/main.py
[2026-02-23T23:00:56.137+0000] {processor.py:830} INFO - Processing file /opt/airflow/dags/main.py for tasks to queue
[2026-02-23T23:00:56.138+0000] {logging_mixin.py:188} INFO - [2026-02-23T23:00:56.138+0000] {dagbag.py:545} INFO - Filling up the DagBag from /opt/airflow/dags/main.py
[2026-02-23T23:00:56.308+0000] {processor.py:840} INFO - DAG(s) 'produce_json', 'update_db' retrieved from /opt/airflow/dags/main.py
[2026-02-23T23:00:56.356+0000] {logging_mixin.py:188} INFO - [2026-02-23T23:00:56.355+0000] {dag.py:3096} INFO - Sync 2 DAGs
[2026-02-23T23:00:56.389+0000] {logging_mixin.py:188} INFO - [2026-02-23T23:00:56.388+0000] {dag.py:3954} INFO - Setting next_dagrun for produce_json to 2026-02-23 14:00:00+00:00, run_after=2026-02-24 14:00:00+00:00
[2026-02-23T23:00:56.396+0000] {logging_mixin.py:188} INFO - [2026-02-23T23:00:56.396+0000] {dag.py:3954} INFO - Setting next_dagrun for update_db to 2026-02-23 15:00:00+00:00, run_after=2026-02-24 15:00:00+00:00
[2026-02-23T23:00:56.423+0000] {processor.py:183} INFO - Processing /opt/airflow/dags/main.py took 0.299 seconds
[2026-02-23T23:01:27.000+0000] {processor.py:161} INFO - Started process (PID=1076) to work on /opt/airflow/dags/main.py
[2026-02-23T23:01:27.002+0000] {processor.py:830} INFO - Processing file /opt/airflow/dags/main.py for tasks to queue
[2026-02-23T23:01:27.004+0000] {logging_mixin.py:188} INFO - [2026-02-23T23:01:27.003+0000] {dagbag.py:545} INFO - Filling up the DagBag from /opt/airflow/dags/main.py
[2026-02-23T23:01:27.186+0000] {processor.py:840} INFO - DAG(s) 'produce_json', 'update_db' retrieved from /opt/airflow/dags/main.py
[2026-02-23T23:01:27.232+0000] {logging_mixin.py:188} INFO - [2026-02-23T23:01:27.232+0000] {dag.py:3096} INFO - Sync 2 DAGs
[2026-02-23T23:01:27.270+0000] {logging_mixin.py:188} INFO - [2026-02-23T23:01:27.270+0000] {dag.py:3954} INFO - Setting next_dagrun for produce_json to 2026-02-23 14:00:00+00:00, run_after=2026-02-24 14:00:00+00:00
[2026-02-23T23:01:27.278+0000] {logging_mixin.py:188} INFO - [2026-02-23T23:01:27.277+0000] {dag.py:3954} INFO - Setting next_dagrun for update_db to 2026-02-23 15:00:00+00:00, run_after=2026-02-24 15:00:00+00:00
[2026-02-23T23:01:27.305+0000] {processor.py:183} INFO - Processing /opt/airflow/dags/main.py took 0.315 seconds
[2026-02-23T23:01:57.666+0000] {processor.py:161} INFO - Started process (PID=1083) to work on /opt/airflow/dags/main.py
[2026-02-23T23:01:57.669+0000] {processor.py:830} INFO - Processing file /opt/airflow/dags/main.py for tasks to queue
[2026-02-23T23:01:57.670+0000] {logging_mixin.py:188} INFO - [2026-02-23T23:01:57.670+0000] {dagbag.py:545} INFO - Filling up the DagBag from /opt/airflow/dags/main.py
[2026-02-23T23:01:57.829+0000] {processor.py:840} INFO - DAG(s) 'produce_json', 'update_db' retrieved from /opt/airflow/dags/main.py
[2026-02-23T23:01:57.885+0000] {logging_mixin.py:188} INFO - [2026-02-23T23:01:57.884+0000] {dag.py:3096} INFO - Sync 2 DAGs
[2026-02-23T23:01:57.919+0000] {logging_mixin.py:188} INFO - [2026-02-23T23:01:57.918+0000] {dag.py:3954} INFO - Setting next_dagrun for produce_json to 2026-02-23 14:00:00+00:00, run_after=2026-02-24 14:00:00+00:00
[2026-02-23T23:01:57.930+0000] {logging_mixin.py:188} INFO - [2026-02-23T23:01:57.930+0000] {dag.py:3954} INFO - Setting next_dagrun for update_db to 2026-02-23 15:00:00+00:00, run_after=2026-02-24 15:00:00+00:00
[2026-02-23T23:01:57.999+0000] {processor.py:183} INFO - Processing /opt/airflow/dags/main.py took 0.344 seconds
[2026-02-23T23:02:28.406+0000] {processor.py:161} INFO - Started process (PID=1090) to work on /opt/airflow/dags/main.py
[2026-02-23T23:02:28.408+0000] {processor.py:830} INFO - Processing file /opt/airflow/dags/main.py for tasks to queue
[2026-02-23T23:02:28.410+0000] {logging_mixin.py:188} INFO - [2026-02-23T23:02:28.410+0000] {dagbag.py:545} INFO - Filling up the DagBag from /opt/airflow/dags/main.py
[2026-02-23T23:02:28.633+0000] {processor.py:840} INFO - DAG(s) 'produce_json', 'update_db' retrieved from /opt/airflow/dags/main.py
[2026-02-23T23:02:28.689+0000] {logging_mixin.py:188} INFO - [2026-02-23T23:02:28.689+0000] {dag.py:3096} INFO - Sync 2 DAGs
[2026-02-23T23:02:28.728+0000] {logging_mixin.py:188} INFO - [2026-02-23T23:02:28.728+0000] {dag.py:3954} INFO - Setting next_dagrun for produce_json to 2026-02-23 14:00:00+00:00, run_after=2026-02-24 14:00:00+00:00
[2026-02-23T23:02:28.739+0000] {logging_mixin.py:188} INFO - [2026-02-23T23:02:28.739+0000] {dag.py:3954} INFO - Setting next_dagrun for update_db to 2026-02-23 15:00:00+00:00, run_after=2026-02-24 15:00:00+00:00
[2026-02-23T23:02:28.807+0000] {processor.py:183} INFO - Processing /opt/airflow/dags/main.py took 0.410 seconds
[2026-02-23T23:02:59.102+0000] {processor.py:161} INFO - Started process (PID=1097) to work on /opt/airflow/dags/main.py
[2026-02-23T23:02:59.105+0000] {processor.py:830} INFO - Processing file /opt/airflow/dags/main.py for tasks to queue
[2026-02-23T23:02:59.107+0000] {logging_mixin.py:188} INFO - [2026-02-23T23:02:59.106+0000] {dagbag.py:545} INFO - Filling up the DagBag from /opt/airflow/dags/main.py
[2026-02-23T23:02:59.340+0000] {processor.py:840} INFO - DAG(s) 'produce_json', 'update_db' retrieved from /opt/airflow/dags/main.py
[2026-02-23T23:02:59.391+0000] {logging_mixin.py:188} INFO - [2026-02-23T23:02:59.390+0000] {dag.py:3096} INFO - Sync 2 DAGs
[2026-02-23T23:02:59.431+0000] {logging_mixin.py:188} INFO - [2026-02-23T23:02:59.431+0000] {dag.py:3954} INFO - Setting next_dagrun for produce_json to 2026-02-23 14:00:00+00:00, run_after=2026-02-24 14:00:00+00:00
[2026-02-23T23:02:59.445+0000] {logging_mixin.py:188} INFO - [2026-02-23T23:02:59.444+0000] {dag.py:3954} INFO - Setting next_dagrun for update_db to 2026-02-23 15:00:00+00:00, run_after=2026-02-24 15:00:00+00:00
[2026-02-23T23:02:59.519+0000] {processor.py:183} INFO - Processing /opt/airflow/dags/main.py took 0.427 seconds
[2026-02-23T23:03:30.450+0000] {processor.py:161} INFO - Started process (PID=1104) to work on /opt/airflow/dags/main.py
[2026-02-23T23:03:30.452+0000] {processor.py:830} INFO - Processing file /opt/airflow/dags/main.py for tasks to queue
[2026-02-23T23:03:30.454+0000] {logging_mixin.py:188} INFO - [2026-02-23T23:03:30.453+0000] {dagbag.py:545} INFO - Filling up the DagBag from /opt/airflow/dags/main.py
[2026-02-23T23:03:30.699+0000] {processor.py:840} INFO - DAG(s) 'update_db', 'produce_json' retrieved from /opt/airflow/dags/main.py
[2026-02-23T23:03:30.763+0000] {logging_mixin.py:188} INFO - [2026-02-23T23:03:30.762+0000] {dag.py:3096} INFO - Sync 2 DAGs
[2026-02-23T23:03:30.800+0000] {logging_mixin.py:188} INFO - [2026-02-23T23:03:30.800+0000] {dag.py:3954} INFO - Setting next_dagrun for produce_json to 2026-02-23 14:00:00+00:00, run_after=2026-02-24 14:00:00+00:00
[2026-02-23T23:03:30.809+0000] {logging_mixin.py:188} INFO - [2026-02-23T23:03:30.808+0000] {dag.py:3954} INFO - Setting next_dagrun for update_db to 2026-02-23 15:00:00+00:00, run_after=2026-02-24 15:00:00+00:00
[2026-02-23T23:03:30.882+0000] {processor.py:183} INFO - Processing /opt/airflow/dags/main.py took 0.440 seconds
[2026-02-23T23:04:01.072+0000] {processor.py:161} INFO - Started process (PID=1111) to work on /opt/airflow/dags/main.py
[2026-02-23T23:04:01.074+0000] {processor.py:830} INFO - Processing file /opt/airflow/dags/main.py for tasks to queue
[2026-02-23T23:04:01.076+0000] {logging_mixin.py:188} INFO - [2026-02-23T23:04:01.076+0000] {dagbag.py:545} INFO - Filling up the DagBag from /opt/airflow/dags/main.py
[2026-02-23T23:04:01.326+0000] {processor.py:840} INFO - DAG(s) 'update_db', 'produce_json' retrieved from /opt/airflow/dags/main.py
[2026-02-23T23:04:01.372+0000] {logging_mixin.py:188} INFO - [2026-02-23T23:04:01.372+0000] {dag.py:3096} INFO - Sync 2 DAGs
[2026-02-23T23:04:01.405+0000] {logging_mixin.py:188} INFO - [2026-02-23T23:04:01.404+0000] {dag.py:3954} INFO - Setting next_dagrun for produce_json to 2026-02-23 14:00:00+00:00, run_after=2026-02-24 14:00:00+00:00
[2026-02-23T23:04:01.412+0000] {logging_mixin.py:188} INFO - [2026-02-23T23:04:01.412+0000] {dag.py:3954} INFO - Setting next_dagrun for update_db to 2026-02-23 15:00:00+00:00, run_after=2026-02-24 15:00:00+00:00
[2026-02-23T23:04:01.436+0000] {processor.py:183} INFO - Processing /opt/airflow/dags/main.py took 0.372 seconds
[2026-02-23T23:04:32.130+0000] {processor.py:161} INFO - Started process (PID=1118) to work on /opt/airflow/dags/main.py
[2026-02-23T23:04:32.132+0000] {processor.py:830} INFO - Processing file /opt/airflow/dags/main.py for tasks to queue
[2026-02-23T23:04:32.134+0000] {logging_mixin.py:188} INFO - [2026-02-23T23:04:32.133+0000] {dagbag.py:545} INFO - Filling up the DagBag from /opt/airflow/dags/main.py
[2026-02-23T23:04:32.362+0000] {processor.py:840} INFO - DAG(s) 'update_db', 'produce_json' retrieved from /opt/airflow/dags/main.py
[2026-02-23T23:04:32.412+0000] {logging_mixin.py:188} INFO - [2026-02-23T23:04:32.412+0000] {dag.py:3096} INFO - Sync 2 DAGs
[2026-02-23T23:04:32.443+0000] {logging_mixin.py:188} INFO - [2026-02-23T23:04:32.442+0000] {dag.py:3954} INFO - Setting next_dagrun for produce_json to 2026-02-23 14:00:00+00:00, run_after=2026-02-24 14:00:00+00:00
[2026-02-23T23:04:32.452+0000] {logging_mixin.py:188} INFO - [2026-02-23T23:04:32.452+0000] {dag.py:3954} INFO - Setting next_dagrun for update_db to 2026-02-23 15:00:00+00:00, run_after=2026-02-24 15:00:00+00:00
[2026-02-23T23:04:32.479+0000] {processor.py:183} INFO - Processing /opt/airflow/dags/main.py took 0.357 seconds
[2026-02-23T23:05:02.626+0000] {processor.py:161} INFO - Started process (PID=1132) to work on /opt/airflow/dags/main.py
[2026-02-23T23:05:02.628+0000] {processor.py:830} INFO - Processing file /opt/airflow/dags/main.py for tasks to queue
[2026-02-23T23:05:02.630+0000] {logging_mixin.py:188} INFO - [2026-02-23T23:05:02.629+0000] {dagbag.py:545} INFO - Filling up the DagBag from /opt/airflow/dags/main.py
[2026-02-23T23:05:02.891+0000] {processor.py:840} INFO - DAG(s) 'update_db', 'produce_json' retrieved from /opt/airflow/dags/main.py
[2026-02-23T23:05:02.944+0000] {logging_mixin.py:188} INFO - [2026-02-23T23:05:02.944+0000] {dag.py:3096} INFO - Sync 2 DAGs
[2026-02-23T23:05:02.984+0000] {logging_mixin.py:188} INFO - [2026-02-23T23:05:02.984+0000] {dag.py:3954} INFO - Setting next_dagrun for produce_json to 2026-02-23 14:00:00+00:00, run_after=2026-02-24 14:00:00+00:00
[2026-02-23T23:05:02.991+0000] {logging_mixin.py:188} INFO - [2026-02-23T23:05:02.991+0000] {dag.py:3954} INFO - Setting next_dagrun for update_db to 2026-02-23 15:00:00+00:00, run_after=2026-02-24 15:00:00+00:00
[2026-02-23T23:05:03.062+0000] {processor.py:183} INFO - Processing /opt/airflow/dags/main.py took 0.445 seconds
[2026-02-23T23:05:33.682+0000] {processor.py:161} INFO - Started process (PID=1139) to work on /opt/airflow/dags/main.py
[2026-02-23T23:05:33.684+0000] {processor.py:830} INFO - Processing file /opt/airflow/dags/main.py for tasks to queue
[2026-02-23T23:05:33.686+0000] {logging_mixin.py:188} INFO - [2026-02-23T23:05:33.686+0000] {dagbag.py:545} INFO - Filling up the DagBag from /opt/airflow/dags/main.py
[2026-02-23T23:05:33.880+0000] {processor.py:840} INFO - DAG(s) 'produce_json', 'update_db' retrieved from /opt/airflow/dags/main.py
[2026-02-23T23:05:33.930+0000] {logging_mixin.py:188} INFO - [2026-02-23T23:05:33.929+0000] {dag.py:3096} INFO - Sync 2 DAGs
[2026-02-23T23:05:33.959+0000] {logging_mixin.py:188} INFO - [2026-02-23T23:05:33.959+0000] {dag.py:3954} INFO - Setting next_dagrun for produce_json to 2026-02-23 14:00:00+00:00, run_after=2026-02-24 14:00:00+00:00
[2026-02-23T23:05:33.967+0000] {logging_mixin.py:188} INFO - [2026-02-23T23:05:33.966+0000] {dag.py:3954} INFO - Setting next_dagrun for update_db to 2026-02-23 15:00:00+00:00, run_after=2026-02-24 15:00:00+00:00
[2026-02-23T23:05:33.991+0000] {processor.py:183} INFO - Processing /opt/airflow/dags/main.py took 0.317 seconds
[2026-02-23T23:06:04.280+0000] {processor.py:161} INFO - Started process (PID=1146) to work on /opt/airflow/dags/main.py
[2026-02-23T23:06:04.282+0000] {processor.py:830} INFO - Processing file /opt/airflow/dags/main.py for tasks to queue
[2026-02-23T23:06:04.284+0000] {logging_mixin.py:188} INFO - [2026-02-23T23:06:04.283+0000] {dagbag.py:545} INFO - Filling up the DagBag from /opt/airflow/dags/main.py
[2026-02-23T23:06:04.497+0000] {processor.py:840} INFO - DAG(s) 'update_db', 'produce_json' retrieved from /opt/airflow/dags/main.py
[2026-02-23T23:06:04.554+0000] {logging_mixin.py:188} INFO - [2026-02-23T23:06:04.553+0000] {dag.py:3096} INFO - Sync 2 DAGs
[2026-02-23T23:06:04.594+0000] {logging_mixin.py:188} INFO - [2026-02-23T23:06:04.593+0000] {dag.py:3954} INFO - Setting next_dagrun for produce_json to 2026-02-23 14:00:00+00:00, run_after=2026-02-24 14:00:00+00:00
[2026-02-23T23:06:04.609+0000] {logging_mixin.py:188} INFO - [2026-02-23T23:06:04.609+0000] {dag.py:3954} INFO - Setting next_dagrun for update_db to 2026-02-23 15:00:00+00:00, run_after=2026-02-24 15:00:00+00:00
[2026-02-23T23:06:04.683+0000] {processor.py:183} INFO - Processing /opt/airflow/dags/main.py took 0.411 seconds
[2026-02-23T23:06:34.993+0000] {processor.py:161} INFO - Started process (PID=1153) to work on /opt/airflow/dags/main.py
[2026-02-23T23:06:34.995+0000] {processor.py:830} INFO - Processing file /opt/airflow/dags/main.py for tasks to queue
[2026-02-23T23:06:34.997+0000] {logging_mixin.py:188} INFO - [2026-02-23T23:06:34.997+0000] {dagbag.py:545} INFO - Filling up the DagBag from /opt/airflow/dags/main.py
[2026-02-23T23:06:35.174+0000] {processor.py:840} INFO - DAG(s) 'produce_json', 'update_db' retrieved from /opt/airflow/dags/main.py
[2026-02-23T23:06:35.231+0000] {logging_mixin.py:188} INFO - [2026-02-23T23:06:35.231+0000] {dag.py:3096} INFO - Sync 2 DAGs
[2026-02-23T23:06:35.271+0000] {logging_mixin.py:188} INFO - [2026-02-23T23:06:35.271+0000] {dag.py:3954} INFO - Setting next_dagrun for produce_json to 2026-02-23 14:00:00+00:00, run_after=2026-02-24 14:00:00+00:00
[2026-02-23T23:06:35.279+0000] {logging_mixin.py:188} INFO - [2026-02-23T23:06:35.279+0000] {dag.py:3954} INFO - Setting next_dagrun for update_db to 2026-02-23 15:00:00+00:00, run_after=2026-02-24 15:00:00+00:00
[2026-02-23T23:06:35.305+0000] {processor.py:183} INFO - Processing /opt/airflow/dags/main.py took 0.323 seconds
[2026-02-23T23:07:05.869+0000] {processor.py:161} INFO - Started process (PID=1160) to work on /opt/airflow/dags/main.py
[2026-02-23T23:07:05.870+0000] {processor.py:830} INFO - Processing file /opt/airflow/dags/main.py for tasks to queue
[2026-02-23T23:07:05.872+0000] {logging_mixin.py:188} INFO - [2026-02-23T23:07:05.871+0000] {dagbag.py:545} INFO - Filling up the DagBag from /opt/airflow/dags/main.py
[2026-02-23T23:07:06.084+0000] {processor.py:840} INFO - DAG(s) 'update_db', 'produce_json' retrieved from /opt/airflow/dags/main.py
[2026-02-23T23:07:06.139+0000] {logging_mixin.py:188} INFO - [2026-02-23T23:07:06.138+0000] {dag.py:3096} INFO - Sync 2 DAGs
[2026-02-23T23:07:06.188+0000] {logging_mixin.py:188} INFO - [2026-02-23T23:07:06.188+0000] {dag.py:3954} INFO - Setting next_dagrun for produce_json to 2026-02-23 14:00:00+00:00, run_after=2026-02-24 14:00:00+00:00
[2026-02-23T23:07:06.196+0000] {logging_mixin.py:188} INFO - [2026-02-23T23:07:06.196+0000] {dag.py:3954} INFO - Setting next_dagrun for update_db to 2026-02-23 15:00:00+00:00, run_after=2026-02-24 15:00:00+00:00
[2026-02-23T23:07:06.228+0000] {processor.py:183} INFO - Processing /opt/airflow/dags/main.py took 0.367 seconds
[2026-02-23T23:07:36.524+0000] {processor.py:161} INFO - Started process (PID=1167) to work on /opt/airflow/dags/main.py
[2026-02-23T23:07:36.526+0000] {processor.py:830} INFO - Processing file /opt/airflow/dags/main.py for tasks to queue
[2026-02-23T23:07:36.528+0000] {logging_mixin.py:188} INFO - [2026-02-23T23:07:36.528+0000] {dagbag.py:545} INFO - Filling up the DagBag from /opt/airflow/dags/main.py
[2026-02-23T23:07:36.726+0000] {processor.py:840} INFO - DAG(s) 'produce_json', 'update_db' retrieved from /opt/airflow/dags/main.py
[2026-02-23T23:07:36.775+0000] {logging_mixin.py:188} INFO - [2026-02-23T23:07:36.775+0000] {dag.py:3096} INFO - Sync 2 DAGs
[2026-02-23T23:07:36.812+0000] {logging_mixin.py:188} INFO - [2026-02-23T23:07:36.812+0000] {dag.py:3954} INFO - Setting next_dagrun for produce_json to 2026-02-23 14:00:00+00:00, run_after=2026-02-24 14:00:00+00:00
[2026-02-23T23:07:36.824+0000] {logging_mixin.py:188} INFO - [2026-02-23T23:07:36.823+0000] {dag.py:3954} INFO - Setting next_dagrun for update_db to 2026-02-23 15:00:00+00:00, run_after=2026-02-24 15:00:00+00:00
[2026-02-23T23:07:36.852+0000] {processor.py:183} INFO - Processing /opt/airflow/dags/main.py took 0.338 seconds
[2026-02-23T23:08:07.231+0000] {processor.py:161} INFO - Started process (PID=1174) to work on /opt/airflow/dags/main.py
[2026-02-23T23:08:07.232+0000] {processor.py:830} INFO - Processing file /opt/airflow/dags/main.py for tasks to queue
[2026-02-23T23:08:07.234+0000] {logging_mixin.py:188} INFO - [2026-02-23T23:08:07.234+0000] {dagbag.py:545} INFO - Filling up the DagBag from /opt/airflow/dags/main.py
[2026-02-23T23:08:07.441+0000] {processor.py:840} INFO - DAG(s) 'update_db', 'produce_json' retrieved from /opt/airflow/dags/main.py
[2026-02-23T23:08:07.487+0000] {logging_mixin.py:188} INFO - [2026-02-23T23:08:07.486+0000] {dag.py:3096} INFO - Sync 2 DAGs
[2026-02-23T23:08:07.538+0000] {logging_mixin.py:188} INFO - [2026-02-23T23:08:07.538+0000] {dag.py:3954} INFO - Setting next_dagrun for produce_json to 2026-02-23 14:00:00+00:00, run_after=2026-02-24 14:00:00+00:00
[2026-02-23T23:08:07.550+0000] {logging_mixin.py:188} INFO - [2026-02-23T23:08:07.549+0000] {dag.py:3954} INFO - Setting next_dagrun for update_db to 2026-02-23 15:00:00+00:00, run_after=2026-02-24 15:00:00+00:00
[2026-02-23T23:08:07.617+0000] {processor.py:183} INFO - Processing /opt/airflow/dags/main.py took 0.397 seconds
[2026-02-23T23:08:38.436+0000] {processor.py:161} INFO - Started process (PID=1181) to work on /opt/airflow/dags/main.py
[2026-02-23T23:08:38.438+0000] {processor.py:830} INFO - Processing file /opt/airflow/dags/main.py for tasks to queue
[2026-02-23T23:08:38.440+0000] {logging_mixin.py:188} INFO - [2026-02-23T23:08:38.439+0000] {dagbag.py:545} INFO - Filling up the DagBag from /opt/airflow/dags/main.py
[2026-02-23T23:08:38.683+0000] {processor.py:840} INFO - DAG(s) 'update_db', 'produce_json' retrieved from /opt/airflow/dags/main.py
[2026-02-23T23:08:38.739+0000] {logging_mixin.py:188} INFO - [2026-02-23T23:08:38.738+0000] {dag.py:3096} INFO - Sync 2 DAGs
[2026-02-23T23:08:38.777+0000] {logging_mixin.py:188} INFO - [2026-02-23T23:08:38.777+0000] {dag.py:3954} INFO - Setting next_dagrun for produce_json to 2026-02-23 14:00:00+00:00, run_after=2026-02-24 14:00:00+00:00
[2026-02-23T23:08:38.792+0000] {logging_mixin.py:188} INFO - [2026-02-23T23:08:38.792+0000] {dag.py:3954} INFO - Setting next_dagrun for update_db to 2026-02-23 15:00:00+00:00, run_after=2026-02-24 15:00:00+00:00
[2026-02-23T23:08:38.823+0000] {processor.py:183} INFO - Processing /opt/airflow/dags/main.py took 0.397 seconds
[2026-02-23T23:09:08.941+0000] {processor.py:161} INFO - Started process (PID=1188) to work on /opt/airflow/dags/main.py
[2026-02-23T23:09:08.943+0000] {processor.py:830} INFO - Processing file /opt/airflow/dags/main.py for tasks to queue
[2026-02-23T23:09:08.945+0000] {logging_mixin.py:188} INFO - [2026-02-23T23:09:08.944+0000] {dagbag.py:545} INFO - Filling up the DagBag from /opt/airflow/dags/main.py
[2026-02-23T23:09:09.104+0000] {processor.py:840} INFO - DAG(s) 'update_db', 'produce_json' retrieved from /opt/airflow/dags/main.py
[2026-02-23T23:09:09.157+0000] {logging_mixin.py:188} INFO - [2026-02-23T23:09:09.156+0000] {dag.py:3096} INFO - Sync 2 DAGs
[2026-02-23T23:09:09.192+0000] {logging_mixin.py:188} INFO - [2026-02-23T23:09:09.192+0000] {dag.py:3954} INFO - Setting next_dagrun for produce_json to 2026-02-23 14:00:00+00:00, run_after=2026-02-24 14:00:00+00:00
[2026-02-23T23:09:09.206+0000] {logging_mixin.py:188} INFO - [2026-02-23T23:09:09.205+0000] {dag.py:3954} INFO - Setting next_dagrun for update_db to 2026-02-23 15:00:00+00:00, run_after=2026-02-24 15:00:00+00:00
[2026-02-23T23:09:09.245+0000] {processor.py:183} INFO - Processing /opt/airflow/dags/main.py took 0.313 seconds
[2026-02-23T23:09:39.538+0000] {processor.py:161} INFO - Started process (PID=1195) to work on /opt/airflow/dags/main.py
[2026-02-23T23:09:39.541+0000] {processor.py:830} INFO - Processing file /opt/airflow/dags/main.py for tasks to queue
[2026-02-23T23:09:39.544+0000] {logging_mixin.py:188} INFO - [2026-02-23T23:09:39.543+0000] {dagbag.py:545} INFO - Filling up the DagBag from /opt/airflow/dags/main.py
[2026-02-23T23:09:39.798+0000] {processor.py:840} INFO - DAG(s) 'update_db', 'produce_json' retrieved from /opt/airflow/dags/main.py
[2026-02-23T23:09:39.844+0000] {logging_mixin.py:188} INFO - [2026-02-23T23:09:39.843+0000] {dag.py:3096} INFO - Sync 2 DAGs
[2026-02-23T23:09:39.878+0000] {logging_mixin.py:188} INFO - [2026-02-23T23:09:39.878+0000] {dag.py:3954} INFO - Setting next_dagrun for produce_json to 2026-02-23 14:00:00+00:00, run_after=2026-02-24 14:00:00+00:00
[2026-02-23T23:09:39.886+0000] {logging_mixin.py:188} INFO - [2026-02-23T23:09:39.886+0000] {dag.py:3954} INFO - Setting next_dagrun for update_db to 2026-02-23 15:00:00+00:00, run_after=2026-02-24 15:00:00+00:00
[2026-02-23T23:09:39.964+0000] {processor.py:183} INFO - Processing /opt/airflow/dags/main.py took 0.443 seconds
[2026-02-23T23:10:10.385+0000] {processor.py:161} INFO - Started process (PID=1202) to work on /opt/airflow/dags/main.py
[2026-02-23T23:10:10.387+0000] {processor.py:830} INFO - Processing file /opt/airflow/dags/main.py for tasks to queue
[2026-02-23T23:10:10.389+0000] {logging_mixin.py:188} INFO - [2026-02-23T23:10:10.388+0000] {dagbag.py:545} INFO - Filling up the DagBag from /opt/airflow/dags/main.py
[2026-02-23T23:10:10.633+0000] {processor.py:840} INFO - DAG(s) 'update_db', 'produce_json' retrieved from /opt/airflow/dags/main.py
[2026-02-23T23:10:10.678+0000] {logging_mixin.py:188} INFO - [2026-02-23T23:10:10.678+0000] {dag.py:3096} INFO - Sync 2 DAGs
[2026-02-23T23:10:10.713+0000] {logging_mixin.py:188} INFO - [2026-02-23T23:10:10.712+0000] {dag.py:3954} INFO - Setting next_dagrun for produce_json to 2026-02-23 14:00:00+00:00, run_after=2026-02-24 14:00:00+00:00
[2026-02-23T23:10:10.720+0000] {logging_mixin.py:188} INFO - [2026-02-23T23:10:10.720+0000] {dag.py:3954} INFO - Setting next_dagrun for update_db to 2026-02-23 15:00:00+00:00, run_after=2026-02-24 15:00:00+00:00
[2026-02-23T23:10:10.786+0000] {processor.py:183} INFO - Processing /opt/airflow/dags/main.py took 0.411 seconds
[2026-02-23T23:10:41.064+0000] {processor.py:161} INFO - Started process (PID=1209) to work on /opt/airflow/dags/main.py
[2026-02-23T23:10:41.066+0000] {processor.py:830} INFO - Processing file /opt/airflow/dags/main.py for tasks to queue
[2026-02-23T23:10:41.068+0000] {logging_mixin.py:188} INFO - [2026-02-23T23:10:41.067+0000] {dagbag.py:545} INFO - Filling up the DagBag from /opt/airflow/dags/main.py
[2026-02-23T23:10:41.311+0000] {processor.py:840} INFO - DAG(s) 'update_db', 'produce_json' retrieved from /opt/airflow/dags/main.py
[2026-02-23T23:10:41.356+0000] {logging_mixin.py:188} INFO - [2026-02-23T23:10:41.356+0000] {dag.py:3096} INFO - Sync 2 DAGs
[2026-02-23T23:10:41.387+0000] {logging_mixin.py:188} INFO - [2026-02-23T23:10:41.387+0000] {dag.py:3954} INFO - Setting next_dagrun for produce_json to 2026-02-23 14:00:00+00:00, run_after=2026-02-24 14:00:00+00:00
[2026-02-23T23:10:41.395+0000] {logging_mixin.py:188} INFO - [2026-02-23T23:10:41.394+0000] {dag.py:3954} INFO - Setting next_dagrun for update_db to 2026-02-23 15:00:00+00:00, run_after=2026-02-24 15:00:00+00:00
[2026-02-23T23:10:41.455+0000] {processor.py:183} INFO - Processing /opt/airflow/dags/main.py took 0.398 seconds
[2026-02-23T23:11:11.969+0000] {processor.py:161} INFO - Started process (PID=1217) to work on /opt/airflow/dags/main.py
[2026-02-23T23:11:11.971+0000] {processor.py:830} INFO - Processing file /opt/airflow/dags/main.py for tasks to queue
[2026-02-23T23:11:11.973+0000] {logging_mixin.py:188} INFO - [2026-02-23T23:11:11.973+0000] {dagbag.py:545} INFO - Filling up the DagBag from /opt/airflow/dags/main.py
[2026-02-23T23:11:12.216+0000] {processor.py:840} INFO - DAG(s) 'produce_json', 'update_db' retrieved from /opt/airflow/dags/main.py
[2026-02-23T23:11:12.268+0000] {logging_mixin.py:188} INFO - [2026-02-23T23:11:12.267+0000] {dag.py:3096} INFO - Sync 2 DAGs
[2026-02-23T23:11:12.302+0000] {logging_mixin.py:188} INFO - [2026-02-23T23:11:12.302+0000] {dag.py:3954} INFO - Setting next_dagrun for produce_json to 2026-02-23 14:00:00+00:00, run_after=2026-02-24 14:00:00+00:00
[2026-02-23T23:11:12.309+0000] {logging_mixin.py:188} INFO - [2026-02-23T23:11:12.309+0000] {dag.py:3954} INFO - Setting next_dagrun for update_db to 2026-02-23 15:00:00+00:00, run_after=2026-02-24 15:00:00+00:00
[2026-02-23T23:11:12.377+0000] {processor.py:183} INFO - Processing /opt/airflow/dags/main.py took 0.415 seconds
[2026-02-23T23:11:42.548+0000] {processor.py:161} INFO - Started process (PID=1224) to work on /opt/airflow/dags/main.py
[2026-02-23T23:11:42.551+0000] {processor.py:830} INFO - Processing file /opt/airflow/dags/main.py for tasks to queue
[2026-02-23T23:11:42.552+0000] {logging_mixin.py:188} INFO - [2026-02-23T23:11:42.552+0000] {dagbag.py:545} INFO - Filling up the DagBag from /opt/airflow/dags/main.py
[2026-02-23T23:11:42.761+0000] {processor.py:840} INFO - DAG(s) 'update_db', 'produce_json' retrieved from /opt/airflow/dags/main.py
[2026-02-23T23:11:42.810+0000] {logging_mixin.py:188} INFO - [2026-02-23T23:11:42.809+0000] {dag.py:3096} INFO - Sync 2 DAGs
[2026-02-23T23:11:42.846+0000] {logging_mixin.py:188} INFO - [2026-02-23T23:11:42.846+0000] {dag.py:3954} INFO - Setting next_dagrun for produce_json to 2026-02-23 14:00:00+00:00, run_after=2026-02-24 14:00:00+00:00
[2026-02-23T23:11:42.854+0000] {logging_mixin.py:188} INFO - [2026-02-23T23:11:42.854+0000] {dag.py:3954} INFO - Setting next_dagrun for update_db to 2026-02-23 15:00:00+00:00, run_after=2026-02-24 15:00:00+00:00
[2026-02-23T23:11:42.932+0000] {processor.py:183} INFO - Processing /opt/airflow/dags/main.py took 0.395 seconds
[2026-02-23T23:12:13.414+0000] {processor.py:161} INFO - Started process (PID=1231) to work on /opt/airflow/dags/main.py
[2026-02-23T23:12:13.416+0000] {processor.py:830} INFO - Processing file /opt/airflow/dags/main.py for tasks to queue
[2026-02-23T23:12:13.418+0000] {logging_mixin.py:188} INFO - [2026-02-23T23:12:13.418+0000] {dagbag.py:545} INFO - Filling up the DagBag from /opt/airflow/dags/main.py
[2026-02-23T23:12:13.672+0000] {processor.py:840} INFO - DAG(s) 'produce_json', 'update_db' retrieved from /opt/airflow/dags/main.py
[2026-02-23T23:12:13.718+0000] {logging_mixin.py:188} INFO - [2026-02-23T23:12:13.718+0000] {dag.py:3096} INFO - Sync 2 DAGs
[2026-02-23T23:12:13.754+0000] {logging_mixin.py:188} INFO - [2026-02-23T23:12:13.753+0000] {dag.py:3954} INFO - Setting next_dagrun for produce_json to 2026-02-23 14:00:00+00:00, run_after=2026-02-24 14:00:00+00:00
[2026-02-23T23:12:13.762+0000] {logging_mixin.py:188} INFO - [2026-02-23T23:12:13.761+0000] {dag.py:3954} INFO - Setting next_dagrun for update_db to 2026-02-23 15:00:00+00:00, run_after=2026-02-24 15:00:00+00:00
[2026-02-23T23:12:13.807+0000] {processor.py:183} INFO - Processing /opt/airflow/dags/main.py took 0.400 seconds
[2026-02-23T23:12:44.312+0000] {processor.py:161} INFO - Started process (PID=1238) to work on /opt/airflow/dags/main.py
[2026-02-23T23:12:44.314+0000] {processor.py:830} INFO - Processing file /opt/airflow/dags/main.py for tasks to queue
[2026-02-23T23:12:44.315+0000] {logging_mixin.py:188} INFO - [2026-02-23T23:12:44.315+0000] {dagbag.py:545} INFO - Filling up the DagBag from /opt/airflow/dags/main.py
[2026-02-23T23:12:44.506+0000] {processor.py:840} INFO - DAG(s) 'produce_json', 'update_db' retrieved from /opt/airflow/dags/main.py
[2026-02-23T23:12:44.554+0000] {logging_mixin.py:188} INFO - [2026-02-23T23:12:44.553+0000] {dag.py:3096} INFO - Sync 2 DAGs
[2026-02-23T23:12:44.589+0000] {logging_mixin.py:188} INFO - [2026-02-23T23:12:44.588+0000] {dag.py:3954} INFO - Setting next_dagrun for produce_json to 2026-02-23 14:00:00+00:00, run_after=2026-02-24 14:00:00+00:00
[2026-02-23T23:12:44.597+0000] {logging_mixin.py:188} INFO - [2026-02-23T23:12:44.597+0000] {dag.py:3954} INFO - Setting next_dagrun for update_db to 2026-02-23 15:00:00+00:00, run_after=2026-02-24 15:00:00+00:00
[2026-02-23T23:12:44.666+0000] {processor.py:183} INFO - Processing /opt/airflow/dags/main.py took 0.365 seconds
[2026-02-23T23:13:15.042+0000] {processor.py:161} INFO - Started process (PID=1245) to work on /opt/airflow/dags/main.py
[2026-02-23T23:13:15.044+0000] {processor.py:830} INFO - Processing file /opt/airflow/dags/main.py for tasks to queue
[2026-02-23T23:13:15.046+0000] {logging_mixin.py:188} INFO - [2026-02-23T23:13:15.045+0000] {dagbag.py:545} INFO - Filling up the DagBag from /opt/airflow/dags/main.py
[2026-02-23T23:13:15.191+0000] {processor.py:840} INFO - DAG(s) 'produce_json', 'update_db' retrieved from /opt/airflow/dags/main.py
[2026-02-23T23:13:15.240+0000] {logging_mixin.py:188} INFO - [2026-02-23T23:13:15.240+0000] {dag.py:3096} INFO - Sync 2 DAGs
[2026-02-23T23:13:15.275+0000] {logging_mixin.py:188} INFO - [2026-02-23T23:13:15.275+0000] {dag.py:3954} INFO - Setting next_dagrun for produce_json to 2026-02-23 14:00:00+00:00, run_after=2026-02-24 14:00:00+00:00
[2026-02-23T23:13:15.284+0000] {logging_mixin.py:188} INFO - [2026-02-23T23:13:15.283+0000] {dag.py:3954} INFO - Setting next_dagrun for update_db to 2026-02-23 15:00:00+00:00, run_after=2026-02-24 15:00:00+00:00
[2026-02-23T23:13:15.312+0000] {processor.py:183} INFO - Processing /opt/airflow/dags/main.py took 0.279 seconds
[2026-02-23T23:13:46.152+0000] {processor.py:161} INFO - Started process (PID=1252) to work on /opt/airflow/dags/main.py
[2026-02-23T23:13:46.154+0000] {processor.py:830} INFO - Processing file /opt/airflow/dags/main.py for tasks to queue
[2026-02-23T23:13:46.155+0000] {logging_mixin.py:188} INFO - [2026-02-23T23:13:46.155+0000] {dagbag.py:545} INFO - Filling up the DagBag from /opt/airflow/dags/main.py
[2026-02-23T23:13:46.386+0000] {processor.py:840} INFO - DAG(s) 'produce_json', 'update_db' retrieved from /opt/airflow/dags/main.py
[2026-02-23T23:13:46.431+0000] {logging_mixin.py:188} INFO - [2026-02-23T23:13:46.431+0000] {dag.py:3096} INFO - Sync 2 DAGs
[2026-02-23T23:13:46.469+0000] {logging_mixin.py:188} INFO - [2026-02-23T23:13:46.469+0000] {dag.py:3954} INFO - Setting next_dagrun for produce_json to 2026-02-23 14:00:00+00:00, run_after=2026-02-24 14:00:00+00:00
[2026-02-23T23:13:46.477+0000] {logging_mixin.py:188} INFO - [2026-02-23T23:13:46.477+0000] {dag.py:3954} INFO - Setting next_dagrun for update_db to 2026-02-23 15:00:00+00:00, run_after=2026-02-24 15:00:00+00:00
[2026-02-23T23:13:46.544+0000] {processor.py:183} INFO - Processing /opt/airflow/dags/main.py took 0.400 seconds
[2026-02-23T23:14:16.713+0000] {processor.py:161} INFO - Started process (PID=1259) to work on /opt/airflow/dags/main.py
[2026-02-23T23:14:16.715+0000] {processor.py:830} INFO - Processing file /opt/airflow/dags/main.py for tasks to queue
[2026-02-23T23:14:16.717+0000] {logging_mixin.py:188} INFO - [2026-02-23T23:14:16.716+0000] {dagbag.py:545} INFO - Filling up the DagBag from /opt/airflow/dags/main.py
[2026-02-23T23:14:16.917+0000] {processor.py:840} INFO - DAG(s) 'produce_json', 'update_db' retrieved from /opt/airflow/dags/main.py
[2026-02-23T23:14:16.965+0000] {logging_mixin.py:188} INFO - [2026-02-23T23:14:16.964+0000] {dag.py:3096} INFO - Sync 2 DAGs
[2026-02-23T23:14:17.000+0000] {logging_mixin.py:188} INFO - [2026-02-23T23:14:17.000+0000] {dag.py:3954} INFO - Setting next_dagrun for produce_json to 2026-02-23 14:00:00+00:00, run_after=2026-02-24 14:00:00+00:00
[2026-02-23T23:14:17.010+0000] {logging_mixin.py:188} INFO - [2026-02-23T23:14:17.009+0000] {dag.py:3954} INFO - Setting next_dagrun for update_db to 2026-02-23 15:00:00+00:00, run_after=2026-02-24 15:00:00+00:00
[2026-02-23T23:14:17.077+0000] {processor.py:183} INFO - Processing /opt/airflow/dags/main.py took 0.375 seconds
[2026-02-23T23:14:47.225+0000] {processor.py:161} INFO - Started process (PID=1266) to work on /opt/airflow/dags/main.py
[2026-02-23T23:14:47.227+0000] {processor.py:830} INFO - Processing file /opt/airflow/dags/main.py for tasks to queue
[2026-02-23T23:14:47.229+0000] {logging_mixin.py:188} INFO - [2026-02-23T23:14:47.228+0000] {dagbag.py:545} INFO - Filling up the DagBag from /opt/airflow/dags/main.py
[2026-02-23T23:14:47.474+0000] {processor.py:840} INFO - DAG(s) 'update_db', 'produce_json' retrieved from /opt/airflow/dags/main.py
[2026-02-23T23:14:47.540+0000] {logging_mixin.py:188} INFO - [2026-02-23T23:14:47.540+0000] {dag.py:3096} INFO - Sync 2 DAGs
[2026-02-23T23:14:47.572+0000] {logging_mixin.py:188} INFO - [2026-02-23T23:14:47.572+0000] {dag.py:3954} INFO - Setting next_dagrun for produce_json to 2026-02-23 14:00:00+00:00, run_after=2026-02-24 14:00:00+00:00
[2026-02-23T23:14:47.580+0000] {logging_mixin.py:188} INFO - [2026-02-23T23:14:47.579+0000] {dag.py:3954} INFO - Setting next_dagrun for update_db to 2026-02-23 15:00:00+00:00, run_after=2026-02-24 15:00:00+00:00
[2026-02-23T23:14:47.605+0000] {processor.py:183} INFO - Processing /opt/airflow/dags/main.py took 0.388 seconds
[2026-02-23T23:15:18.601+0000] {processor.py:161} INFO - Started process (PID=1280) to work on /opt/airflow/dags/main.py
[2026-02-23T23:15:18.603+0000] {processor.py:830} INFO - Processing file /opt/airflow/dags/main.py for tasks to queue
[2026-02-23T23:15:18.606+0000] {logging_mixin.py:188} INFO - [2026-02-23T23:15:18.605+0000] {dagbag.py:545} INFO - Filling up the DagBag from /opt/airflow/dags/main.py
[2026-02-23T23:15:18.827+0000] {processor.py:840} INFO - DAG(s) 'produce_json', 'update_db' retrieved from /opt/airflow/dags/main.py
[2026-02-23T23:15:18.881+0000] {logging_mixin.py:188} INFO - [2026-02-23T23:15:18.880+0000] {dag.py:3096} INFO - Sync 2 DAGs
[2026-02-23T23:15:18.914+0000] {logging_mixin.py:188} INFO - [2026-02-23T23:15:18.914+0000] {dag.py:3954} INFO - Setting next_dagrun for produce_json to 2026-02-23 14:00:00+00:00, run_after=2026-02-24 14:00:00+00:00
[2026-02-23T23:15:18.922+0000] {logging_mixin.py:188} INFO - [2026-02-23T23:15:18.922+0000] {dag.py:3954} INFO - Setting next_dagrun for update_db to 2026-02-23 15:00:00+00:00, run_after=2026-02-24 15:00:00+00:00
[2026-02-23T23:15:18.992+0000] {processor.py:183} INFO - Processing /opt/airflow/dags/main.py took 0.406 seconds
[2026-02-23T23:15:49.169+0000] {processor.py:161} INFO - Started process (PID=1287) to work on /opt/airflow/dags/main.py
[2026-02-23T23:15:49.171+0000] {processor.py:830} INFO - Processing file /opt/airflow/dags/main.py for tasks to queue
[2026-02-23T23:15:49.173+0000] {logging_mixin.py:188} INFO - [2026-02-23T23:15:49.172+0000] {dagbag.py:545} INFO - Filling up the DagBag from /opt/airflow/dags/main.py
[2026-02-23T23:15:49.332+0000] {processor.py:840} INFO - DAG(s) 'produce_json', 'update_db' retrieved from /opt/airflow/dags/main.py
[2026-02-23T23:15:49.390+0000] {logging_mixin.py:188} INFO - [2026-02-23T23:15:49.390+0000] {dag.py:3096} INFO - Sync 2 DAGs
[2026-02-23T23:15:49.426+0000] {logging_mixin.py:188} INFO - [2026-02-23T23:15:49.426+0000] {dag.py:3954} INFO - Setting next_dagrun for produce_json to 2026-02-23 14:00:00+00:00, run_after=2026-02-24 14:00:00+00:00
[2026-02-23T23:15:49.433+0000] {logging_mixin.py:188} INFO - [2026-02-23T23:15:49.433+0000] {dag.py:3954} INFO - Setting next_dagrun for update_db to 2026-02-23 15:00:00+00:00, run_after=2026-02-24 15:00:00+00:00
[2026-02-23T23:15:49.494+0000] {processor.py:183} INFO - Processing /opt/airflow/dags/main.py took 0.336 seconds
[2026-02-23T23:16:19.702+0000] {processor.py:161} INFO - Started process (PID=1294) to work on /opt/airflow/dags/main.py
[2026-02-23T23:16:19.705+0000] {processor.py:830} INFO - Processing file /opt/airflow/dags/main.py for tasks to queue
[2026-02-23T23:16:19.706+0000] {logging_mixin.py:188} INFO - [2026-02-23T23:16:19.706+0000] {dagbag.py:545} INFO - Filling up the DagBag from /opt/airflow/dags/main.py
[2026-02-23T23:16:19.906+0000] {processor.py:840} INFO - DAG(s) 'produce_json', 'update_db' retrieved from /opt/airflow/dags/main.py
[2026-02-23T23:16:19.958+0000] {logging_mixin.py:188} INFO - [2026-02-23T23:16:19.957+0000] {dag.py:3096} INFO - Sync 2 DAGs
[2026-02-23T23:16:20.016+0000] {logging_mixin.py:188} INFO - [2026-02-23T23:16:20.016+0000] {dag.py:3954} INFO - Setting next_dagrun for produce_json to 2026-02-23 14:00:00+00:00, run_after=2026-02-24 14:00:00+00:00
[2026-02-23T23:16:20.027+0000] {logging_mixin.py:188} INFO - [2026-02-23T23:16:20.027+0000] {dag.py:3954} INFO - Setting next_dagrun for update_db to 2026-02-23 15:00:00+00:00, run_after=2026-02-24 15:00:00+00:00
[2026-02-23T23:16:20.098+0000] {processor.py:183} INFO - Processing /opt/airflow/dags/main.py took 0.405 seconds
[2026-02-23T23:16:50.514+0000] {processor.py:161} INFO - Started process (PID=1301) to work on /opt/airflow/dags/main.py
[2026-02-23T23:16:50.517+0000] {processor.py:830} INFO - Processing file /opt/airflow/dags/main.py for tasks to queue
[2026-02-23T23:16:50.520+0000] {logging_mixin.py:188} INFO - [2026-02-23T23:16:50.519+0000] {dagbag.py:545} INFO - Filling up the DagBag from /opt/airflow/dags/main.py
[2026-02-23T23:16:50.894+0000] {processor.py:840} INFO - DAG(s) 'produce_json', 'update_db' retrieved from /opt/airflow/dags/main.py
[2026-02-23T23:16:50.993+0000] {logging_mixin.py:188} INFO - [2026-02-23T23:16:50.992+0000] {dag.py:3096} INFO - Sync 2 DAGs
[2026-02-23T23:16:51.037+0000] {logging_mixin.py:188} INFO - [2026-02-23T23:16:51.036+0000] {dag.py:3954} INFO - Setting next_dagrun for produce_json to 2026-02-23 14:00:00+00:00, run_after=2026-02-24 14:00:00+00:00
[2026-02-23T23:16:51.048+0000] {logging_mixin.py:188} INFO - [2026-02-23T23:16:51.048+0000] {dag.py:3954} INFO - Setting next_dagrun for update_db to 2026-02-23 15:00:00+00:00, run_after=2026-02-24 15:00:00+00:00
[2026-02-23T23:16:51.085+0000] {processor.py:183} INFO - Processing /opt/airflow/dags/main.py took 0.583 seconds
[2026-02-23T23:17:21.644+0000] {processor.py:161} INFO - Started process (PID=1308) to work on /opt/airflow/dags/main.py
[2026-02-23T23:17:21.647+0000] {processor.py:830} INFO - Processing file /opt/airflow/dags/main.py for tasks to queue
[2026-02-23T23:17:21.649+0000] {logging_mixin.py:188} INFO - [2026-02-23T23:17:21.649+0000] {dagbag.py:545} INFO - Filling up the DagBag from /opt/airflow/dags/main.py
[2026-02-23T23:17:21.878+0000] {processor.py:840} INFO - DAG(s) 'produce_json', 'update_db' retrieved from /opt/airflow/dags/main.py
[2026-02-23T23:17:21.937+0000] {logging_mixin.py:188} INFO - [2026-02-23T23:17:21.937+0000] {dag.py:3096} INFO - Sync 2 DAGs
[2026-02-23T23:17:21.980+0000] {logging_mixin.py:188} INFO - [2026-02-23T23:17:21.980+0000] {dag.py:3954} INFO - Setting next_dagrun for produce_json to 2026-02-23 14:00:00+00:00, run_after=2026-02-24 14:00:00+00:00
[2026-02-23T23:17:21.992+0000] {logging_mixin.py:188} INFO - [2026-02-23T23:17:21.991+0000] {dag.py:3954} INFO - Setting next_dagrun for update_db to 2026-02-23 15:00:00+00:00, run_after=2026-02-24 15:00:00+00:00
[2026-02-23T23:17:22.058+0000] {processor.py:183} INFO - Processing /opt/airflow/dags/main.py took 0.422 seconds
[2026-02-23T23:17:52.672+0000] {processor.py:161} INFO - Started process (PID=1315) to work on /opt/airflow/dags/main.py
[2026-02-23T23:17:52.674+0000] {processor.py:830} INFO - Processing file /opt/airflow/dags/main.py for tasks to queue
[2026-02-23T23:17:52.676+0000] {logging_mixin.py:188} INFO - [2026-02-23T23:17:52.675+0000] {dagbag.py:545} INFO - Filling up the DagBag from /opt/airflow/dags/main.py
[2026-02-23T23:17:52.886+0000] {processor.py:840} INFO - DAG(s) 'update_db', 'produce_json' retrieved from /opt/airflow/dags/main.py
[2026-02-23T23:17:52.952+0000] {logging_mixin.py:188} INFO - [2026-02-23T23:17:52.952+0000] {dag.py:3096} INFO - Sync 2 DAGs
[2026-02-23T23:17:52.985+0000] {logging_mixin.py:188} INFO - [2026-02-23T23:17:52.985+0000] {dag.py:3954} INFO - Setting next_dagrun for produce_json to 2026-02-23 14:00:00+00:00, run_after=2026-02-24 14:00:00+00:00
[2026-02-23T23:17:52.993+0000] {logging_mixin.py:188} INFO - [2026-02-23T23:17:52.993+0000] {dag.py:3954} INFO - Setting next_dagrun for update_db to 2026-02-23 15:00:00+00:00, run_after=2026-02-24 15:00:00+00:00
[2026-02-23T23:17:53.067+0000] {processor.py:183} INFO - Processing /opt/airflow/dags/main.py took 0.403 seconds
[2026-02-23T23:18:24.041+0000] {processor.py:161} INFO - Started process (PID=1322) to work on /opt/airflow/dags/main.py
[2026-02-23T23:18:24.042+0000] {processor.py:830} INFO - Processing file /opt/airflow/dags/main.py for tasks to queue
[2026-02-23T23:18:24.044+0000] {logging_mixin.py:188} INFO - [2026-02-23T23:18:24.044+0000] {dagbag.py:545} INFO - Filling up the DagBag from /opt/airflow/dags/main.py
[2026-02-23T23:18:24.248+0000] {processor.py:840} INFO - DAG(s) 'produce_json', 'update_db' retrieved from /opt/airflow/dags/main.py
[2026-02-23T23:18:24.296+0000] {logging_mixin.py:188} INFO - [2026-02-23T23:18:24.295+0000] {dag.py:3096} INFO - Sync 2 DAGs
[2026-02-23T23:18:24.333+0000] {logging_mixin.py:188} INFO - [2026-02-23T23:18:24.333+0000] {dag.py:3954} INFO - Setting next_dagrun for produce_json to 2026-02-23 14:00:00+00:00, run_after=2026-02-24 14:00:00+00:00
[2026-02-23T23:18:24.342+0000] {logging_mixin.py:188} INFO - [2026-02-23T23:18:24.342+0000] {dag.py:3954} INFO - Setting next_dagrun for update_db to 2026-02-23 15:00:00+00:00, run_after=2026-02-24 15:00:00+00:00
[2026-02-23T23:18:24.371+0000] {processor.py:183} INFO - Processing /opt/airflow/dags/main.py took 0.341 seconds
[2026-02-23T23:18:54.480+0000] {processor.py:161} INFO - Started process (PID=1329) to work on /opt/airflow/dags/main.py
[2026-02-23T23:18:54.483+0000] {processor.py:830} INFO - Processing file /opt/airflow/dags/main.py for tasks to queue
[2026-02-23T23:18:54.485+0000] {logging_mixin.py:188} INFO - [2026-02-23T23:18:54.484+0000] {dagbag.py:545} INFO - Filling up the DagBag from /opt/airflow/dags/main.py
[2026-02-23T23:18:54.737+0000] {processor.py:840} INFO - DAG(s) 'produce_json', 'update_db' retrieved from /opt/airflow/dags/main.py
[2026-02-23T23:18:54.784+0000] {logging_mixin.py:188} INFO - [2026-02-23T23:18:54.784+0000] {dag.py:3096} INFO - Sync 2 DAGs
[2026-02-23T23:18:54.815+0000] {logging_mixin.py:188} INFO - [2026-02-23T23:18:54.815+0000] {dag.py:3954} INFO - Setting next_dagrun for produce_json to 2026-02-23 14:00:00+00:00, run_after=2026-02-24 14:00:00+00:00
[2026-02-23T23:18:54.823+0000] {logging_mixin.py:188} INFO - [2026-02-23T23:18:54.823+0000] {dag.py:3954} INFO - Setting next_dagrun for update_db to 2026-02-23 15:00:00+00:00, run_after=2026-02-24 15:00:00+00:00
[2026-02-23T23:18:54.850+0000] {processor.py:183} INFO - Processing /opt/airflow/dags/main.py took 0.384 seconds
[2026-02-23T23:19:25.181+0000] {processor.py:161} INFO - Started process (PID=1336) to work on /opt/airflow/dags/main.py
[2026-02-23T23:19:25.183+0000] {processor.py:830} INFO - Processing file /opt/airflow/dags/main.py for tasks to queue
[2026-02-23T23:19:25.185+0000] {logging_mixin.py:188} INFO - [2026-02-23T23:19:25.184+0000] {dagbag.py:545} INFO - Filling up the DagBag from /opt/airflow/dags/main.py
[2026-02-23T23:19:25.363+0000] {processor.py:840} INFO - DAG(s) 'update_db', 'produce_json' retrieved from /opt/airflow/dags/main.py
[2026-02-23T23:19:25.414+0000] {logging_mixin.py:188} INFO - [2026-02-23T23:19:25.413+0000] {dag.py:3096} INFO - Sync 2 DAGs
[2026-02-23T23:19:25.449+0000] {logging_mixin.py:188} INFO - [2026-02-23T23:19:25.449+0000] {dag.py:3954} INFO - Setting next_dagrun for produce_json to 2026-02-23 14:00:00+00:00, run_after=2026-02-24 14:00:00+00:00
[2026-02-23T23:19:25.457+0000] {logging_mixin.py:188} INFO - [2026-02-23T23:19:25.456+0000] {dag.py:3954} INFO - Setting next_dagrun for update_db to 2026-02-23 15:00:00+00:00, run_after=2026-02-24 15:00:00+00:00
[2026-02-23T23:19:25.482+0000] {processor.py:183} INFO - Processing /opt/airflow/dags/main.py took 0.308 seconds
[2026-02-23T23:19:55.966+0000] {processor.py:161} INFO - Started process (PID=1343) to work on /opt/airflow/dags/main.py
[2026-02-23T23:19:55.968+0000] {processor.py:830} INFO - Processing file /opt/airflow/dags/main.py for tasks to queue
[2026-02-23T23:19:55.969+0000] {logging_mixin.py:188} INFO - [2026-02-23T23:19:55.969+0000] {dagbag.py:545} INFO - Filling up the DagBag from /opt/airflow/dags/main.py
[2026-02-23T23:19:56.085+0000] {processor.py:840} INFO - DAG(s) 'produce_json', 'update_db' retrieved from /opt/airflow/dags/main.py
[2026-02-23T23:19:56.138+0000] {logging_mixin.py:188} INFO - [2026-02-23T23:19:56.137+0000] {dag.py:3096} INFO - Sync 2 DAGs
[2026-02-23T23:19:56.175+0000] {logging_mixin.py:188} INFO - [2026-02-23T23:19:56.175+0000] {dag.py:3954} INFO - Setting next_dagrun for produce_json to 2026-02-23 14:00:00+00:00, run_after=2026-02-24 14:00:00+00:00
[2026-02-23T23:19:56.185+0000] {logging_mixin.py:188} INFO - [2026-02-23T23:19:56.185+0000] {dag.py:3954} INFO - Setting next_dagrun for update_db to 2026-02-23 15:00:00+00:00, run_after=2026-02-24 15:00:00+00:00
[2026-02-23T23:19:56.247+0000] {processor.py:183} INFO - Processing /opt/airflow/dags/main.py took 0.291 seconds
[2026-02-23T23:20:26.572+0000] {processor.py:161} INFO - Started process (PID=1350) to work on /opt/airflow/dags/main.py
[2026-02-23T23:20:26.574+0000] {processor.py:830} INFO - Processing file /opt/airflow/dags/main.py for tasks to queue
[2026-02-23T23:20:26.576+0000] {logging_mixin.py:188} INFO - [2026-02-23T23:20:26.575+0000] {dagbag.py:545} INFO - Filling up the DagBag from /opt/airflow/dags/main.py
[2026-02-23T23:20:26.758+0000] {processor.py:840} INFO - DAG(s) 'produce_json', 'update_db' retrieved from /opt/airflow/dags/main.py
[2026-02-23T23:20:26.802+0000] {logging_mixin.py:188} INFO - [2026-02-23T23:20:26.802+0000] {dag.py:3096} INFO - Sync 2 DAGs
[2026-02-23T23:20:26.833+0000] {logging_mixin.py:188} INFO - [2026-02-23T23:20:26.833+0000] {dag.py:3954} INFO - Setting next_dagrun for produce_json to 2026-02-23 14:00:00+00:00, run_after=2026-02-24 14:00:00+00:00
[2026-02-23T23:20:26.842+0000] {logging_mixin.py:188} INFO - [2026-02-23T23:20:26.842+0000] {dag.py:3954} INFO - Setting next_dagrun for update_db to 2026-02-23 15:00:00+00:00, run_after=2026-02-24 15:00:00+00:00
[2026-02-23T23:20:26.917+0000] {processor.py:183} INFO - Processing /opt/airflow/dags/main.py took 0.356 seconds
[2026-02-23T23:20:57.295+0000] {processor.py:161} INFO - Started process (PID=1357) to work on /opt/airflow/dags/main.py
[2026-02-23T23:20:57.297+0000] {processor.py:830} INFO - Processing file /opt/airflow/dags/main.py for tasks to queue
[2026-02-23T23:20:57.300+0000] {logging_mixin.py:188} INFO - [2026-02-23T23:20:57.299+0000] {dagbag.py:545} INFO - Filling up the DagBag from /opt/airflow/dags/main.py
[2026-02-23T23:20:57.487+0000] {processor.py:840} INFO - DAG(s) 'update_db', 'produce_json' retrieved from /opt/airflow/dags/main.py
[2026-02-23T23:20:57.533+0000] {logging_mixin.py:188} INFO - [2026-02-23T23:20:57.533+0000] {dag.py:3096} INFO - Sync 2 DAGs
[2026-02-23T23:20:57.566+0000] {logging_mixin.py:188} INFO - [2026-02-23T23:20:57.566+0000] {dag.py:3954} INFO - Setting next_dagrun for produce_json to 2026-02-23 14:00:00+00:00, run_after=2026-02-24 14:00:00+00:00
[2026-02-23T23:20:57.575+0000] {logging_mixin.py:188} INFO - [2026-02-23T23:20:57.575+0000] {dag.py:3954} INFO - Setting next_dagrun for update_db to 2026-02-23 15:00:00+00:00, run_after=2026-02-24 15:00:00+00:00
[2026-02-23T23:20:57.645+0000] {processor.py:183} INFO - Processing /opt/airflow/dags/main.py took 0.358 seconds
[2026-02-23T23:21:28.040+0000] {processor.py:161} INFO - Started process (PID=1364) to work on /opt/airflow/dags/main.py
[2026-02-23T23:21:28.041+0000] {processor.py:830} INFO - Processing file /opt/airflow/dags/main.py for tasks to queue
[2026-02-23T23:21:28.043+0000] {logging_mixin.py:188} INFO - [2026-02-23T23:21:28.043+0000] {dagbag.py:545} INFO - Filling up the DagBag from /opt/airflow/dags/main.py
[2026-02-23T23:21:28.275+0000] {processor.py:840} INFO - DAG(s) 'update_db', 'produce_json' retrieved from /opt/airflow/dags/main.py
[2026-02-23T23:21:28.330+0000] {logging_mixin.py:188} INFO - [2026-02-23T23:21:28.330+0000] {dag.py:3096} INFO - Sync 2 DAGs
[2026-02-23T23:21:28.368+0000] {logging_mixin.py:188} INFO - [2026-02-23T23:21:28.368+0000] {dag.py:3954} INFO - Setting next_dagrun for produce_json to 2026-02-23 14:00:00+00:00, run_after=2026-02-24 14:00:00+00:00
[2026-02-23T23:21:28.377+0000] {logging_mixin.py:188} INFO - [2026-02-23T23:21:28.376+0000] {dag.py:3954} INFO - Setting next_dagrun for update_db to 2026-02-23 15:00:00+00:00, run_after=2026-02-24 15:00:00+00:00
[2026-02-23T23:21:28.460+0000] {processor.py:183} INFO - Processing /opt/airflow/dags/main.py took 0.431 seconds
[2026-02-23T23:21:58.737+0000] {processor.py:161} INFO - Started process (PID=1371) to work on /opt/airflow/dags/main.py
[2026-02-23T23:21:58.739+0000] {processor.py:830} INFO - Processing file /opt/airflow/dags/main.py for tasks to queue
[2026-02-23T23:21:58.742+0000] {logging_mixin.py:188} INFO - [2026-02-23T23:21:58.741+0000] {dagbag.py:545} INFO - Filling up the DagBag from /opt/airflow/dags/main.py
[2026-02-23T23:21:58.921+0000] {processor.py:840} INFO - DAG(s) 'produce_json', 'update_db' retrieved from /opt/airflow/dags/main.py
[2026-02-23T23:21:58.586+0000] {logging_mixin.py:188} INFO - [2026-02-23T23:21:58.586+0000] {dag.py:3096} INFO - Sync 2 DAGs
[2026-02-23T23:21:58.622+0000] {logging_mixin.py:188} INFO - [2026-02-23T23:21:58.622+0000] {dag.py:3954} INFO - Setting next_dagrun for produce_json to 2026-02-23 14:00:00+00:00, run_after=2026-02-24 14:00:00+00:00
[2026-02-23T23:21:58.630+0000] {logging_mixin.py:188} INFO - [2026-02-23T23:21:58.630+0000] {dag.py:3954} INFO - Setting next_dagrun for update_db to 2026-02-23 15:00:00+00:00, run_after=2026-02-24 15:00:00+00:00
[2026-02-23T23:21:58.698+0000] {processor.py:183} INFO - Processing /opt/airflow/dags/main.py took 0.380 seconds
[2026-02-23T23:31:04.344+0000] {processor.py:161} INFO - Started process (PID=1372) to work on /opt/airflow/dags/main.py
[2026-02-23T23:31:04.355+0000] {processor.py:830} INFO - Processing file /opt/airflow/dags/main.py for tasks to queue
[2026-02-23T23:31:04.393+0000] {logging_mixin.py:188} INFO - [2026-02-23T23:31:04.392+0000] {dagbag.py:545} INFO - Filling up the DagBag from /opt/airflow/dags/main.py
[2026-02-23T23:31:04.836+0000] {processor.py:840} INFO - DAG(s) 'update_db', 'produce_json' retrieved from /opt/airflow/dags/main.py
[2026-02-23T23:31:04.940+0000] {logging_mixin.py:188} INFO - [2026-02-23T23:31:04.940+0000] {dag.py:3096} INFO - Sync 2 DAGs
[2026-02-23T23:31:05.009+0000] {logging_mixin.py:188} INFO - [2026-02-23T23:31:05.008+0000] {dag.py:3954} INFO - Setting next_dagrun for produce_json to 2026-02-23 14:00:00+00:00, run_after=2026-02-24 14:00:00+00:00
[2026-02-23T23:31:05.020+0000] {logging_mixin.py:188} INFO - [2026-02-23T23:31:05.019+0000] {dag.py:3954} INFO - Setting next_dagrun for update_db to 2026-02-23 15:00:00+00:00, run_after=2026-02-24 15:00:00+00:00
[2026-02-23T23:31:05.053+0000] {processor.py:183} INFO - Processing /opt/airflow/dags/main.py took 0.727 seconds
[2026-02-23T23:31:35.910+0000] {processor.py:161} INFO - Started process (PID=1385) to work on /opt/airflow/dags/main.py
[2026-02-23T23:31:35.912+0000] {processor.py:830} INFO - Processing file /opt/airflow/dags/main.py for tasks to queue
[2026-02-23T23:31:35.914+0000] {logging_mixin.py:188} INFO - [2026-02-23T23:31:35.913+0000] {dagbag.py:545} INFO - Filling up the DagBag from /opt/airflow/dags/main.py
[2026-02-23T23:31:36.082+0000] {processor.py:840} INFO - DAG(s) 'update_db', 'produce_json' retrieved from /opt/airflow/dags/main.py
[2026-02-23T23:31:36.134+0000] {logging_mixin.py:188} INFO - [2026-02-23T23:31:36.134+0000] {dag.py:3096} INFO - Sync 2 DAGs
[2026-02-23T23:31:36.172+0000] {logging_mixin.py:188} INFO - [2026-02-23T23:31:36.172+0000] {dag.py:3954} INFO - Setting next_dagrun for produce_json to 2026-02-23 14:00:00+00:00, run_after=2026-02-24 14:00:00+00:00
[2026-02-23T23:31:36.183+0000] {logging_mixin.py:188} INFO - [2026-02-23T23:31:36.182+0000] {dag.py:3954} INFO - Setting next_dagrun for update_db to 2026-02-23 15:00:00+00:00, run_after=2026-02-24 15:00:00+00:00
[2026-02-23T23:31:36.210+0000] {processor.py:183} INFO - Processing /opt/airflow/dags/main.py took 0.309 seconds
[2026-02-23T23:32:06.763+0000] {processor.py:161} INFO - Started process (PID=1392) to work on /opt/airflow/dags/main.py
[2026-02-23T23:32:06.765+0000] {processor.py:830} INFO - Processing file /opt/airflow/dags/main.py for tasks to queue
[2026-02-23T23:32:06.767+0000] {logging_mixin.py:188} INFO - [2026-02-23T23:32:06.767+0000] {dagbag.py:545} INFO - Filling up the DagBag from /opt/airflow/dags/main.py
[2026-02-23T23:32:07.022+0000] {processor.py:840} INFO - DAG(s) 'produce_json', 'update_db' retrieved from /opt/airflow/dags/main.py
[2026-02-23T23:32:07.096+0000] {logging_mixin.py:188} INFO - [2026-02-23T23:32:07.096+0000] {dag.py:3096} INFO - Sync 2 DAGs
[2026-02-23T23:32:07.152+0000] {logging_mixin.py:188} INFO - [2026-02-23T23:32:07.152+0000] {dag.py:3954} INFO - Setting next_dagrun for produce_json to 2026-02-23 14:00:00+00:00, run_after=2026-02-24 14:00:00+00:00
[2026-02-23T23:32:07.168+0000] {logging_mixin.py:188} INFO - [2026-02-23T23:32:07.167+0000] {dag.py:3954} INFO - Setting next_dagrun for update_db to 2026-02-23 15:00:00+00:00, run_after=2026-02-24 15:00:00+00:00
[2026-02-23T23:32:07.220+0000] {processor.py:183} INFO - Processing /opt/airflow/dags/main.py took 0.467 seconds
[2026-02-23T23:32:37.641+0000] {processor.py:161} INFO - Started process (PID=1399) to work on /opt/airflow/dags/main.py
[2026-02-23T23:32:37.644+0000] {processor.py:830} INFO - Processing file /opt/airflow/dags/main.py for tasks to queue
[2026-02-23T23:32:37.646+0000] {logging_mixin.py:188} INFO - [2026-02-23T23:32:37.645+0000] {dagbag.py:545} INFO - Filling up the DagBag from /opt/airflow/dags/main.py
[2026-02-23T23:32:37.838+0000] {processor.py:840} INFO - DAG(s) 'update_db', 'produce_json' retrieved from /opt/airflow/dags/main.py
[2026-02-23T23:32:37.883+0000] {logging_mixin.py:188} INFO - [2026-02-23T23:32:37.882+0000] {dag.py:3096} INFO - Sync 2 DAGs
[2026-02-23T23:32:37.921+0000] {logging_mixin.py:188} INFO - [2026-02-23T23:32:37.921+0000] {dag.py:3954} INFO - Setting next_dagrun for produce_json to 2026-02-23 14:00:00+00:00, run_after=2026-02-24 14:00:00+00:00
[2026-02-23T23:32:37.931+0000] {logging_mixin.py:188} INFO - [2026-02-23T23:32:37.930+0000] {dag.py:3954} INFO - Setting next_dagrun for update_db to 2026-02-23 15:00:00+00:00, run_after=2026-02-24 15:00:00+00:00
[2026-02-23T23:32:37.999+0000] {processor.py:183} INFO - Processing /opt/airflow/dags/main.py took 0.368 seconds
[2026-02-23T23:33:08.672+0000] {processor.py:161} INFO - Started process (PID=1406) to work on /opt/airflow/dags/main.py
[2026-02-23T23:33:08.674+0000] {processor.py:830} INFO - Processing file /opt/airflow/dags/main.py for tasks to queue
[2026-02-23T23:33:08.675+0000] {logging_mixin.py:188} INFO - [2026-02-23T23:33:08.675+0000] {dagbag.py:545} INFO - Filling up the DagBag from /opt/airflow/dags/main.py
[2026-02-23T23:33:08.901+0000] {processor.py:840} INFO - DAG(s) 'produce_json', 'update_db' retrieved from /opt/airflow/dags/main.py
[2026-02-23T23:33:08.950+0000] {logging_mixin.py:188} INFO - [2026-02-23T23:33:08.950+0000] {dag.py:3096} INFO - Sync 2 DAGs
[2026-02-23T23:33:08.986+0000] {logging_mixin.py:188} INFO - [2026-02-23T23:33:08.986+0000] {dag.py:3954} INFO - Setting next_dagrun for produce_json to 2026-02-23 14:00:00+00:00, run_after=2026-02-24 14:00:00+00:00
[2026-02-23T23:33:08.994+0000] {logging_mixin.py:188} INFO - [2026-02-23T23:33:08.993+0000] {dag.py:3954} INFO - Setting next_dagrun for update_db to 2026-02-23 15:00:00+00:00, run_after=2026-02-24 15:00:00+00:00
[2026-02-23T23:33:09.059+0000] {processor.py:183} INFO - Processing /opt/airflow/dags/main.py took 0.394 seconds
[2026-02-23T23:33:39.377+0000] {processor.py:161} INFO - Started process (PID=1413) to work on /opt/airflow/dags/main.py
[2026-02-23T23:33:39.379+0000] {processor.py:830} INFO - Processing file /opt/airflow/dags/main.py for tasks to queue
[2026-02-23T23:33:39.381+0000] {logging_mixin.py:188} INFO - [2026-02-23T23:33:39.380+0000] {dagbag.py:545} INFO - Filling up the DagBag from /opt/airflow/dags/main.py
[2026-02-23T23:33:39.513+0000] {processor.py:840} INFO - DAG(s) 'update_db', 'produce_json' retrieved from /opt/airflow/dags/main.py
[2026-02-23T23:33:39.563+0000] {logging_mixin.py:188} INFO - [2026-02-23T23:33:39.563+0000] {dag.py:3096} INFO - Sync 2 DAGs
[2026-02-23T23:33:39.602+0000] {logging_mixin.py:188} INFO - [2026-02-23T23:33:39.601+0000] {dag.py:3954} INFO - Setting next_dagrun for produce_json to 2026-02-23 14:00:00+00:00, run_after=2026-02-24 14:00:00+00:00
[2026-02-23T23:33:39.610+0000] {logging_mixin.py:188} INFO - [2026-02-23T23:33:39.610+0000] {dag.py:3954} INFO - Setting next_dagrun for update_db to 2026-02-23 15:00:00+00:00, run_after=2026-02-24 15:00:00+00:00
[2026-02-23T23:33:39.636+0000] {processor.py:183} INFO - Processing /opt/airflow/dags/main.py took 0.268 seconds
[2026-02-23T23:34:10.017+0000] {processor.py:161} INFO - Started process (PID=1420) to work on /opt/airflow/dags/main.py
[2026-02-23T23:34:10.019+0000] {processor.py:830} INFO - Processing file /opt/airflow/dags/main.py for tasks to queue
[2026-02-23T23:34:10.021+0000] {logging_mixin.py:188} INFO - [2026-02-23T23:34:10.020+0000] {dagbag.py:545} INFO - Filling up the DagBag from /opt/airflow/dags/main.py
[2026-02-23T23:34:10.261+0000] {processor.py:840} INFO - DAG(s) 'produce_json', 'update_db' retrieved from /opt/airflow/dags/main.py
[2026-02-23T23:34:10.307+0000] {logging_mixin.py:188} INFO - [2026-02-23T23:34:10.307+0000] {dag.py:3096} INFO - Sync 2 DAGs
[2026-02-23T23:34:10.340+0000] {logging_mixin.py:188} INFO - [2026-02-23T23:34:10.339+0000] {dag.py:3954} INFO - Setting next_dagrun for produce_json to 2026-02-23 14:00:00+00:00, run_after=2026-02-24 14:00:00+00:00
[2026-02-23T23:34:10.347+0000] {logging_mixin.py:188} INFO - [2026-02-23T23:34:10.347+0000] {dag.py:3954} INFO - Setting next_dagrun for update_db to 2026-02-23 15:00:00+00:00, run_after=2026-02-24 15:00:00+00:00
[2026-02-23T23:34:10.376+0000] {processor.py:183} INFO - Processing /opt/airflow/dags/main.py took 0.367 seconds
[2026-02-23T23:34:41.065+0000] {processor.py:161} INFO - Started process (PID=1427) to work on /opt/airflow/dags/main.py
[2026-02-23T23:34:41.067+0000] {processor.py:830} INFO - Processing file /opt/airflow/dags/main.py for tasks to queue
[2026-02-23T23:34:41.070+0000] {logging_mixin.py:188} INFO - [2026-02-23T23:34:41.069+0000] {dagbag.py:545} INFO - Filling up the DagBag from /opt/airflow/dags/main.py
[2026-02-23T23:34:41.253+0000] {processor.py:840} INFO - DAG(s) 'produce_json', 'update_db' retrieved from /opt/airflow/dags/main.py
[2026-02-23T23:34:41.321+0000] {logging_mixin.py:188} INFO - [2026-02-23T23:34:41.320+0000] {dag.py:3096} INFO - Sync 2 DAGs
[2026-02-23T23:34:41.356+0000] {logging_mixin.py:188} INFO - [2026-02-23T23:34:41.356+0000] {dag.py:3954} INFO - Setting next_dagrun for produce_json to 2026-02-23 14:00:00+00:00, run_after=2026-02-24 14:00:00+00:00
[2026-02-23T23:34:41.364+0000] {logging_mixin.py:188} INFO - [2026-02-23T23:34:41.363+0000] {dag.py:3954} INFO - Setting next_dagrun for update_db to 2026-02-23 15:00:00+00:00, run_after=2026-02-24 15:00:00+00:00
[2026-02-23T23:34:41.427+0000] {processor.py:183} INFO - Processing /opt/airflow/dags/main.py took 0.370 seconds
[2026-02-23T23:35:11.802+0000] {processor.py:161} INFO - Started process (PID=1434) to work on /opt/airflow/dags/main.py
[2026-02-23T23:35:11.804+0000] {processor.py:830} INFO - Processing file /opt/airflow/dags/main.py for tasks to queue
[2026-02-23T23:35:11.806+0000] {logging_mixin.py:188} INFO - [2026-02-23T23:35:11.806+0000] {dagbag.py:545} INFO - Filling up the DagBag from /opt/airflow/dags/main.py
[2026-02-23T23:35:12.035+0000] {processor.py:840} INFO - DAG(s) 'update_db', 'produce_json' retrieved from /opt/airflow/dags/main.py
[2026-02-23T23:35:12.085+0000] {logging_mixin.py:188} INFO - [2026-02-23T23:35:12.085+0000] {dag.py:3096} INFO - Sync 2 DAGs
[2026-02-23T23:35:12.118+0000] {logging_mixin.py:188} INFO - [2026-02-23T23:35:12.118+0000] {dag.py:3954} INFO - Setting next_dagrun for produce_json to 2026-02-23 14:00:00+00:00, run_after=2026-02-24 14:00:00+00:00
[2026-02-23T23:35:12.127+0000] {logging_mixin.py:188} INFO - [2026-02-23T23:35:12.126+0000] {dag.py:3954} INFO - Setting next_dagrun for update_db to 2026-02-23 15:00:00+00:00, run_after=2026-02-24 15:00:00+00:00
[2026-02-23T23:35:12.197+0000] {processor.py:183} INFO - Processing /opt/airflow/dags/main.py took 0.404 seconds
[2026-02-23T23:35:42.828+0000] {processor.py:161} INFO - Started process (PID=1441) to work on /opt/airflow/dags/main.py
[2026-02-23T23:35:42.831+0000] {processor.py:830} INFO - Processing file /opt/airflow/dags/main.py for tasks to queue
[2026-02-23T23:35:42.833+0000] {logging_mixin.py:188} INFO - [2026-02-23T23:35:42.832+0000] {dagbag.py:545} INFO - Filling up the DagBag from /opt/airflow/dags/main.py
[2026-02-23T23:35:43.034+0000] {processor.py:840} INFO - DAG(s) 'produce_json', 'update_db' retrieved from /opt/airflow/dags/main.py
[2026-02-23T23:35:43.087+0000] {logging_mixin.py:188} INFO - [2026-02-23T23:35:43.087+0000] {dag.py:3096} INFO - Sync 2 DAGs
[2026-02-23T23:35:43.135+0000] {logging_mixin.py:188} INFO - [2026-02-23T23:35:43.134+0000] {dag.py:3954} INFO - Setting next_dagrun for produce_json to 2026-02-23 14:00:00+00:00, run_after=2026-02-24 14:00:00+00:00
[2026-02-23T23:35:43.146+0000] {logging_mixin.py:188} INFO - [2026-02-23T23:35:43.145+0000] {dag.py:3954} INFO - Setting next_dagrun for update_db to 2026-02-23 15:00:00+00:00, run_after=2026-02-24 15:00:00+00:00
[2026-02-23T23:35:43.177+0000] {processor.py:183} INFO - Processing /opt/airflow/dags/main.py took 0.365 seconds
[2026-02-23T23:36:14.111+0000] {processor.py:161} INFO - Started process (PID=1448) to work on /opt/airflow/dags/main.py
[2026-02-23T23:36:14.114+0000] {processor.py:830} INFO - Processing file /opt/airflow/dags/main.py for tasks to queue
[2026-02-23T23:36:14.116+0000] {logging_mixin.py:188} INFO - [2026-02-23T23:36:14.115+0000] {dagbag.py:545} INFO - Filling up the DagBag from /opt/airflow/dags/main.py
[2026-02-23T23:36:14.349+0000] {processor.py:840} INFO - DAG(s) 'produce_json', 'update_db' retrieved from /opt/airflow/dags/main.py
[2026-02-23T23:36:14.409+0000] {logging_mixin.py:188} INFO - [2026-02-23T23:36:14.408+0000] {dag.py:3096} INFO - Sync 2 DAGs
[2026-02-23T23:36:14.447+0000] {logging_mixin.py:188} INFO - [2026-02-23T23:36:14.447+0000] {dag.py:3954} INFO - Setting next_dagrun for produce_json to 2026-02-23 14:00:00+00:00, run_after=2026-02-24 14:00:00+00:00
[2026-02-23T23:36:14.455+0000] {logging_mixin.py:188} INFO - [2026-02-23T23:36:14.454+0000] {dag.py:3954} INFO - Setting next_dagrun for update_db to 2026-02-23 15:00:00+00:00, run_after=2026-02-24 15:00:00+00:00
[2026-02-23T23:36:14.515+0000] {processor.py:183} INFO - Processing /opt/airflow/dags/main.py took 0.412 seconds
[2026-02-23T23:36:44.648+0000] {processor.py:161} INFO - Started process (PID=1455) to work on /opt/airflow/dags/main.py
[2026-02-23T23:36:44.650+0000] {processor.py:830} INFO - Processing file /opt/airflow/dags/main.py for tasks to queue
[2026-02-23T23:36:44.653+0000] {logging_mixin.py:188} INFO - [2026-02-23T23:36:44.652+0000] {dagbag.py:545} INFO - Filling up the DagBag from /opt/airflow/dags/main.py
[2026-02-23T23:36:44.864+0000] {processor.py:840} INFO - DAG(s) 'update_db', 'produce_json' retrieved from /opt/airflow/dags/main.py
[2026-02-23T23:36:44.918+0000] {logging_mixin.py:188} INFO - [2026-02-23T23:36:44.918+0000] {dag.py:3096} INFO - Sync 2 DAGs
[2026-02-23T23:36:44.956+0000] {logging_mixin.py:188} INFO - [2026-02-23T23:36:44.956+0000] {dag.py:3954} INFO - Setting next_dagrun for produce_json to 2026-02-23 14:00:00+00:00, run_after=2026-02-24 14:00:00+00:00
[2026-02-23T23:36:44.965+0000] {logging_mixin.py:188} INFO - [2026-02-23T23:36:44.965+0000] {dag.py:3954} INFO - Setting next_dagrun for update_db to 2026-02-23 15:00:00+00:00, run_after=2026-02-24 15:00:00+00:00
[2026-02-23T23:36:45.029+0000] {processor.py:183} INFO - Processing /opt/airflow/dags/main.py took 0.391 seconds
[2026-02-23T23:37:15.157+0000] {processor.py:161} INFO - Started process (PID=1462) to work on /opt/airflow/dags/main.py
[2026-02-23T23:37:15.159+0000] {processor.py:830} INFO - Processing file /opt/airflow/dags/main.py for tasks to queue
[2026-02-23T23:37:15.161+0000] {logging_mixin.py:188} INFO - [2026-02-23T23:37:15.160+0000] {dagbag.py:545} INFO - Filling up the DagBag from /opt/airflow/dags/main.py
[2026-02-23T23:37:15.350+0000] {processor.py:840} INFO - DAG(s) 'produce_json', 'update_db' retrieved from /opt/airflow/dags/main.py
[2026-02-23T23:37:15.421+0000] {logging_mixin.py:188} INFO - [2026-02-23T23:37:15.421+0000] {dag.py:3096} INFO - Sync 2 DAGs
[2026-02-23T23:37:15.473+0000] {logging_mixin.py:188} INFO - [2026-02-23T23:37:15.473+0000] {dag.py:3954} INFO - Setting next_dagrun for produce_json to 2026-02-23 14:00:00+00:00, run_after=2026-02-24 14:00:00+00:00
[2026-02-23T23:37:15.485+0000] {logging_mixin.py:188} INFO - [2026-02-23T23:37:15.484+0000] {dag.py:3954} INFO - Setting next_dagrun for update_db to 2026-02-23 15:00:00+00:00, run_after=2026-02-24 15:00:00+00:00
[2026-02-23T23:37:15.566+0000] {processor.py:183} INFO - Processing /opt/airflow/dags/main.py took 0.420 seconds
[2026-02-23T23:37:46.354+0000] {processor.py:161} INFO - Started process (PID=1469) to work on /opt/airflow/dags/main.py
[2026-02-23T23:37:46.357+0000] {processor.py:830} INFO - Processing file /opt/airflow/dags/main.py for tasks to queue
[2026-02-23T23:37:46.359+0000] {logging_mixin.py:188} INFO - [2026-02-23T23:37:46.358+0000] {dagbag.py:545} INFO - Filling up the DagBag from /opt/airflow/dags/main.py
[2026-02-23T23:37:46.609+0000] {processor.py:840} INFO - DAG(s) 'update_db', 'produce_json' retrieved from /opt/airflow/dags/main.py
[2026-02-23T23:37:46.659+0000] {logging_mixin.py:188} INFO - [2026-02-23T23:37:46.659+0000] {dag.py:3096} INFO - Sync 2 DAGs
[2026-02-23T23:37:46.693+0000] {logging_mixin.py:188} INFO - [2026-02-23T23:37:46.693+0000] {dag.py:3954} INFO - Setting next_dagrun for produce_json to 2026-02-23 14:00:00+00:00, run_after=2026-02-24 14:00:00+00:00
[2026-02-23T23:37:46.703+0000] {logging_mixin.py:188} INFO - [2026-02-23T23:37:46.702+0000] {dag.py:3954} INFO - Setting next_dagrun for update_db to 2026-02-23 15:00:00+00:00, run_after=2026-02-24 15:00:00+00:00
[2026-02-23T23:37:46.768+0000] {processor.py:183} INFO - Processing /opt/airflow/dags/main.py took 0.428 seconds
[2026-02-23T23:38:17.056+0000] {processor.py:161} INFO - Started process (PID=1476) to work on /opt/airflow/dags/main.py
[2026-02-23T23:38:17.059+0000] {processor.py:830} INFO - Processing file /opt/airflow/dags/main.py for tasks to queue
[2026-02-23T23:38:17.060+0000] {logging_mixin.py:188} INFO - [2026-02-23T23:38:17.060+0000] {dagbag.py:545} INFO - Filling up the DagBag from /opt/airflow/dags/main.py
[2026-02-23T23:38:17.304+0000] {processor.py:840} INFO - DAG(s) 'update_db', 'produce_json' retrieved from /opt/airflow/dags/main.py
[2026-02-23T23:38:17.360+0000] {logging_mixin.py:188} INFO - [2026-02-23T23:38:17.360+0000] {dag.py:3096} INFO - Sync 2 DAGs
[2026-02-23T23:38:17.399+0000] {logging_mixin.py:188} INFO - [2026-02-23T23:38:17.398+0000] {dag.py:3954} INFO - Setting next_dagrun for produce_json to 2026-02-23 14:00:00+00:00, run_after=2026-02-24 14:00:00+00:00
[2026-02-23T23:38:17.407+0000] {logging_mixin.py:188} INFO - [2026-02-23T23:38:17.407+0000] {dag.py:3954} INFO - Setting next_dagrun for update_db to 2026-02-23 15:00:00+00:00, run_after=2026-02-24 15:00:00+00:00
[2026-02-23T23:38:17.474+0000] {processor.py:183} INFO - Processing /opt/airflow/dags/main.py took 0.427 seconds
[2026-02-23T23:38:47.436+0000] {processor.py:161} INFO - Started process (PID=1483) to work on /opt/airflow/dags/main.py
[2026-02-23T23:38:47.439+0000] {processor.py:830} INFO - Processing file /opt/airflow/dags/main.py for tasks to queue
[2026-02-23T23:38:47.442+0000] {logging_mixin.py:188} INFO - [2026-02-23T23:38:47.441+0000] {dagbag.py:545} INFO - Filling up the DagBag from /opt/airflow/dags/main.py
[2026-02-23T23:38:47.641+0000] {processor.py:840} INFO - DAG(s) 'produce_json', 'update_db' retrieved from /opt/airflow/dags/main.py
[2026-02-23T23:38:47.712+0000] {logging_mixin.py:188} INFO - [2026-02-23T23:38:47.712+0000] {dag.py:3096} INFO - Sync 2 DAGs
[2026-02-23T23:38:47.758+0000] {logging_mixin.py:188} INFO - [2026-02-23T23:38:47.758+0000] {dag.py:3954} INFO - Setting next_dagrun for produce_json to 2026-02-23 14:00:00+00:00, run_after=2026-02-24 14:00:00+00:00
[2026-02-23T23:38:47.768+0000] {logging_mixin.py:188} INFO - [2026-02-23T23:38:47.768+0000] {dag.py:3954} INFO - Setting next_dagrun for update_db to 2026-02-23 15:00:00+00:00, run_after=2026-02-24 15:00:00+00:00
[2026-02-23T23:38:47.844+0000] {processor.py:183} INFO - Processing /opt/airflow/dags/main.py took 0.420 seconds
[2026-02-23T23:39:18.086+0000] {processor.py:161} INFO - Started process (PID=1490) to work on /opt/airflow/dags/main.py
[2026-02-23T23:39:18.088+0000] {processor.py:830} INFO - Processing file /opt/airflow/dags/main.py for tasks to queue
[2026-02-23T23:39:18.091+0000] {logging_mixin.py:188} INFO - [2026-02-23T23:39:18.090+0000] {dagbag.py:545} INFO - Filling up the DagBag from /opt/airflow/dags/main.py
[2026-02-23T23:39:18.290+0000] {processor.py:840} INFO - DAG(s) 'update_db', 'produce_json' retrieved from /opt/airflow/dags/main.py
[2026-02-23T23:39:18.340+0000] {logging_mixin.py:188} INFO - [2026-02-23T23:39:18.340+0000] {dag.py:3096} INFO - Sync 2 DAGs
[2026-02-23T23:39:18.380+0000] {logging_mixin.py:188} INFO - [2026-02-23T23:39:18.379+0000] {dag.py:3954} INFO - Setting next_dagrun for produce_json to 2026-02-23 14:00:00+00:00, run_after=2026-02-24 14:00:00+00:00
[2026-02-23T23:39:18.389+0000] {logging_mixin.py:188} INFO - [2026-02-23T23:39:18.389+0000] {dag.py:3954} INFO - Setting next_dagrun for update_db to 2026-02-23 15:00:00+00:00, run_after=2026-02-24 15:00:00+00:00
[2026-02-23T23:39:18.456+0000] {processor.py:183} INFO - Processing /opt/airflow/dags/main.py took 0.386 seconds
[2026-02-23T23:39:49.153+0000] {processor.py:161} INFO - Started process (PID=1497) to work on /opt/airflow/dags/main.py
[2026-02-23T23:39:49.155+0000] {processor.py:830} INFO - Processing file /opt/airflow/dags/main.py for tasks to queue
[2026-02-23T23:39:49.157+0000] {logging_mixin.py:188} INFO - [2026-02-23T23:39:49.156+0000] {dagbag.py:545} INFO - Filling up the DagBag from /opt/airflow/dags/main.py
[2026-02-23T23:39:49.395+0000] {processor.py:840} INFO - DAG(s) 'update_db', 'produce_json' retrieved from /opt/airflow/dags/main.py
[2026-02-23T23:39:49.449+0000] {logging_mixin.py:188} INFO - [2026-02-23T23:39:49.449+0000] {dag.py:3096} INFO - Sync 2 DAGs
[2026-02-23T23:39:49.487+0000] {logging_mixin.py:188} INFO - [2026-02-23T23:39:49.486+0000] {dag.py:3954} INFO - Setting next_dagrun for produce_json to 2026-02-23 14:00:00+00:00, run_after=2026-02-24 14:00:00+00:00
[2026-02-23T23:39:49.497+0000] {logging_mixin.py:188} INFO - [2026-02-23T23:39:49.496+0000] {dag.py:3954} INFO - Setting next_dagrun for update_db to 2026-02-23 15:00:00+00:00, run_after=2026-02-24 15:00:00+00:00
[2026-02-23T23:39:49.541+0000] {processor.py:183} INFO - Processing /opt/airflow/dags/main.py took 0.396 seconds
[2026-02-23T23:40:19.821+0000] {processor.py:161} INFO - Started process (PID=1504) to work on /opt/airflow/dags/main.py
[2026-02-23T23:40:19.823+0000] {processor.py:830} INFO - Processing file /opt/airflow/dags/main.py for tasks to queue
[2026-02-23T23:40:19.825+0000] {logging_mixin.py:188} INFO - [2026-02-23T23:40:19.825+0000] {dagbag.py:545} INFO - Filling up the DagBag from /opt/airflow/dags/main.py
[2026-02-23T23:40:20.082+0000] {processor.py:840} INFO - DAG(s) 'produce_json', 'update_db' retrieved from /opt/airflow/dags/main.py
[2026-02-23T23:40:20.135+0000] {logging_mixin.py:188} INFO - [2026-02-23T23:40:20.135+0000] {dag.py:3096} INFO - Sync 2 DAGs
[2026-02-23T23:40:20.184+0000] {logging_mixin.py:188} INFO - [2026-02-23T23:40:20.184+0000] {dag.py:3954} INFO - Setting next_dagrun for produce_json to 2026-02-23 14:00:00+00:00, run_after=2026-02-24 14:00:00+00:00
[2026-02-23T23:40:20.194+0000] {logging_mixin.py:188} INFO - [2026-02-23T23:40:20.194+0000] {dag.py:3954} INFO - Setting next_dagrun for update_db to 2026-02-23 15:00:00+00:00, run_after=2026-02-24 15:00:00+00:00
[2026-02-23T23:40:20.226+0000] {processor.py:183} INFO - Processing /opt/airflow/dags/main.py took 0.413 seconds
[2026-02-23T23:40:50.819+0000] {processor.py:161} INFO - Started process (PID=1511) to work on /opt/airflow/dags/main.py
[2026-02-23T23:40:50.822+0000] {processor.py:830} INFO - Processing file /opt/airflow/dags/main.py for tasks to queue
[2026-02-23T23:40:50.824+0000] {logging_mixin.py:188} INFO - [2026-02-23T23:40:50.824+0000] {dagbag.py:545} INFO - Filling up the DagBag from /opt/airflow/dags/main.py
[2026-02-23T23:40:51.067+0000] {processor.py:840} INFO - DAG(s) 'produce_json', 'update_db' retrieved from /opt/airflow/dags/main.py
[2026-02-23T23:40:51.118+0000] {logging_mixin.py:188} INFO - [2026-02-23T23:40:51.118+0000] {dag.py:3096} INFO - Sync 2 DAGs
[2026-02-23T23:40:51.154+0000] {logging_mixin.py:188} INFO - [2026-02-23T23:40:51.153+0000] {dag.py:3954} INFO - Setting next_dagrun for produce_json to 2026-02-23 14:00:00+00:00, run_after=2026-02-24 14:00:00+00:00
[2026-02-23T23:40:51.162+0000] {logging_mixin.py:188} INFO - [2026-02-23T23:40:51.162+0000] {dag.py:3954} INFO - Setting next_dagrun for update_db to 2026-02-23 15:00:00+00:00, run_after=2026-02-24 15:00:00+00:00
[2026-02-23T23:40:51.192+0000] {processor.py:183} INFO - Processing /opt/airflow/dags/main.py took 0.383 seconds
[2026-02-23T23:41:21.975+0000] {processor.py:161} INFO - Started process (PID=1518) to work on /opt/airflow/dags/main.py
[2026-02-23T23:41:21.977+0000] {processor.py:830} INFO - Processing file /opt/airflow/dags/main.py for tasks to queue
[2026-02-23T23:41:21.979+0000] {logging_mixin.py:188} INFO - [2026-02-23T23:41:21.978+0000] {dagbag.py:545} INFO - Filling up the DagBag from /opt/airflow/dags/main.py
[2026-02-23T23:41:22.183+0000] {processor.py:840} INFO - DAG(s) 'update_db', 'produce_json' retrieved from /opt/airflow/dags/main.py
[2026-02-23T23:41:22.235+0000] {logging_mixin.py:188} INFO - [2026-02-23T23:41:22.235+0000] {dag.py:3096} INFO - Sync 2 DAGs
[2026-02-23T23:41:22.287+0000] {logging_mixin.py:188} INFO - [2026-02-23T23:41:22.286+0000] {dag.py:3954} INFO - Setting next_dagrun for produce_json to 2026-02-23 14:00:00+00:00, run_after=2026-02-24 14:00:00+00:00
[2026-02-23T23:41:22.298+0000] {logging_mixin.py:188} INFO - [2026-02-23T23:41:22.298+0000] {dag.py:3954} INFO - Setting next_dagrun for update_db to 2026-02-23 15:00:00+00:00, run_after=2026-02-24 15:00:00+00:00
[2026-02-23T23:41:22.385+0000] {processor.py:183} INFO - Processing /opt/airflow/dags/main.py took 0.422 seconds
[2026-02-23T23:41:52.513+0000] {processor.py:161} INFO - Started process (PID=1525) to work on /opt/airflow/dags/main.py
[2026-02-23T23:41:52.515+0000] {processor.py:830} INFO - Processing file /opt/airflow/dags/main.py for tasks to queue
[2026-02-23T23:41:52.517+0000] {logging_mixin.py:188} INFO - [2026-02-23T23:41:52.517+0000] {dagbag.py:545} INFO - Filling up the DagBag from /opt/airflow/dags/main.py
[2026-02-23T23:41:52.690+0000] {processor.py:840} INFO - DAG(s) 'produce_json', 'update_db' retrieved from /opt/airflow/dags/main.py
[2026-02-23T23:41:52.743+0000] {logging_mixin.py:188} INFO - [2026-02-23T23:41:52.742+0000] {dag.py:3096} INFO - Sync 2 DAGs
[2026-02-23T23:41:52.794+0000] {logging_mixin.py:188} INFO - [2026-02-23T23:41:52.794+0000] {dag.py:3954} INFO - Setting next_dagrun for produce_json to 2026-02-23 14:00:00+00:00, run_after=2026-02-24 14:00:00+00:00
[2026-02-23T23:41:52.803+0000] {logging_mixin.py:188} INFO - [2026-02-23T23:41:52.803+0000] {dag.py:3954} INFO - Setting next_dagrun for update_db to 2026-02-23 15:00:00+00:00, run_after=2026-02-24 15:00:00+00:00
[2026-02-23T23:41:52.875+0000] {processor.py:183} INFO - Processing /opt/airflow/dags/main.py took 0.372 seconds
[2026-02-23T23:42:23.121+0000] {processor.py:161} INFO - Started process (PID=1532) to work on /opt/airflow/dags/main.py
[2026-02-23T23:42:23.123+0000] {processor.py:830} INFO - Processing file /opt/airflow/dags/main.py for tasks to queue
[2026-02-23T23:42:23.124+0000] {logging_mixin.py:188} INFO - [2026-02-23T23:42:23.124+0000] {dagbag.py:545} INFO - Filling up the DagBag from /opt/airflow/dags/main.py
[2026-02-23T23:42:23.294+0000] {processor.py:840} INFO - DAG(s) 'update_db', 'produce_json' retrieved from /opt/airflow/dags/main.py
[2026-02-23T23:42:23.344+0000] {logging_mixin.py:188} INFO - [2026-02-23T23:42:23.344+0000] {dag.py:3096} INFO - Sync 2 DAGs
[2026-02-23T23:42:23.386+0000] {logging_mixin.py:188} INFO - [2026-02-23T23:42:23.385+0000] {dag.py:3954} INFO - Setting next_dagrun for produce_json to 2026-02-23 14:00:00+00:00, run_after=2026-02-24 14:00:00+00:00
[2026-02-23T23:42:23.398+0000] {logging_mixin.py:188} INFO - [2026-02-23T23:42:23.397+0000] {dag.py:3954} INFO - Setting next_dagrun for update_db to 2026-02-23 15:00:00+00:00, run_after=2026-02-24 15:00:00+00:00
[2026-02-23T23:42:23.463+0000] {processor.py:183} INFO - Processing /opt/airflow/dags/main.py took 0.351 seconds
[2026-02-23T23:42:54.172+0000] {processor.py:161} INFO - Started process (PID=1545) to work on /opt/airflow/dags/main.py
[2026-02-23T23:42:54.175+0000] {processor.py:830} INFO - Processing file /opt/airflow/dags/main.py for tasks to queue
[2026-02-23T23:42:54.177+0000] {logging_mixin.py:188} INFO - [2026-02-23T23:42:54.176+0000] {dagbag.py:545} INFO - Filling up the DagBag from /opt/airflow/dags/main.py
[2026-02-23T23:42:54.434+0000] {processor.py:840} INFO - DAG(s) 'produce_json', 'update_db' retrieved from /opt/airflow/dags/main.py
[2026-02-23T23:42:54.491+0000] {logging_mixin.py:188} INFO - [2026-02-23T23:42:54.491+0000] {dag.py:3096} INFO - Sync 2 DAGs
[2026-02-23T23:42:54.532+0000] {logging_mixin.py:188} INFO - [2026-02-23T23:42:54.532+0000] {dag.py:3954} INFO - Setting next_dagrun for produce_json to 2026-02-23 14:00:00+00:00, run_after=2026-02-24 14:00:00+00:00
[2026-02-23T23:42:54.540+0000] {logging_mixin.py:188} INFO - [2026-02-23T23:42:54.540+0000] {dag.py:3954} INFO - Setting next_dagrun for update_db to 2026-02-23 15:00:00+00:00, run_after=2026-02-24 15:00:00+00:00
[2026-02-23T23:42:54.608+0000] {processor.py:183} INFO - Processing /opt/airflow/dags/main.py took 0.444 seconds
[2026-02-23T23:43:24.736+0000] {processor.py:161} INFO - Started process (PID=1552) to work on /opt/airflow/dags/main.py
[2026-02-23T23:43:24.739+0000] {processor.py:830} INFO - Processing file /opt/airflow/dags/main.py for tasks to queue
[2026-02-23T23:43:24.742+0000] {logging_mixin.py:188} INFO - [2026-02-23T23:43:24.741+0000] {dagbag.py:545} INFO - Filling up the DagBag from /opt/airflow/dags/main.py
[2026-02-23T23:43:24.920+0000] {processor.py:840} INFO - DAG(s) 'produce_json', 'update_db' retrieved from /opt/airflow/dags/main.py
[2026-02-23T23:43:24.977+0000] {logging_mixin.py:188} INFO - [2026-02-23T23:43:24.976+0000] {dag.py:3096} INFO - Sync 2 DAGs
[2026-02-23T23:43:25.007+0000] {logging_mixin.py:188} INFO - [2026-02-23T23:43:25.007+0000] {dag.py:3954} INFO - Setting next_dagrun for produce_json to 2026-02-23 14:00:00+00:00, run_after=2026-02-24 14:00:00+00:00
[2026-02-23T23:43:25.016+0000] {logging_mixin.py:188} INFO - [2026-02-23T23:43:25.016+0000] {dag.py:3954} INFO - Setting next_dagrun for update_db to 2026-02-23 15:00:00+00:00, run_after=2026-02-24 15:00:00+00:00
[2026-02-23T23:43:25.084+0000] {processor.py:183} INFO - Processing /opt/airflow/dags/main.py took 0.360 seconds
[2026-02-23T23:43:55.292+0000] {processor.py:161} INFO - Started process (PID=1559) to work on /opt/airflow/dags/main.py
[2026-02-23T23:43:55.294+0000] {processor.py:830} INFO - Processing file /opt/airflow/dags/main.py for tasks to queue
[2026-02-23T23:43:55.297+0000] {logging_mixin.py:188} INFO - [2026-02-23T23:43:55.296+0000] {dagbag.py:545} INFO - Filling up the DagBag from /opt/airflow/dags/main.py
[2026-02-23T23:43:55.501+0000] {processor.py:840} INFO - DAG(s) 'produce_json', 'update_db' retrieved from /opt/airflow/dags/main.py
[2026-02-23T23:43:55.563+0000] {logging_mixin.py:188} INFO - [2026-02-23T23:43:55.562+0000] {dag.py:3096} INFO - Sync 2 DAGs
[2026-02-23T23:43:55.608+0000] {logging_mixin.py:188} INFO - [2026-02-23T23:43:55.608+0000] {dag.py:3954} INFO - Setting next_dagrun for produce_json to 2026-02-23 14:00:00+00:00, run_after=2026-02-24 14:00:00+00:00
[2026-02-23T23:43:55.618+0000] {logging_mixin.py:188} INFO - [2026-02-23T23:43:55.617+0000] {dag.py:3954} INFO - Setting next_dagrun for update_db to 2026-02-23 15:00:00+00:00, run_after=2026-02-24 15:00:00+00:00
[2026-02-23T23:43:55.685+0000] {processor.py:183} INFO - Processing /opt/airflow/dags/main.py took 0.404 seconds
[2026-02-23T23:44:26.435+0000] {processor.py:161} INFO - Started process (PID=1567) to work on /opt/airflow/dags/main.py
[2026-02-23T23:44:26.437+0000] {processor.py:830} INFO - Processing file /opt/airflow/dags/main.py for tasks to queue
[2026-02-23T23:44:26.440+0000] {logging_mixin.py:188} INFO - [2026-02-23T23:44:26.439+0000] {dagbag.py:545} INFO - Filling up the DagBag from /opt/airflow/dags/main.py
[2026-02-23T23:44:26.647+0000] {processor.py:840} INFO - DAG(s) 'produce_json', 'update_db' retrieved from /opt/airflow/dags/main.py
[2026-02-23T23:44:26.716+0000] {logging_mixin.py:188} INFO - [2026-02-23T23:44:26.715+0000] {dag.py:3096} INFO - Sync 2 DAGs
[2026-02-23T23:44:26.767+0000] {logging_mixin.py:188} INFO - [2026-02-23T23:44:26.767+0000] {dag.py:3954} INFO - Setting next_dagrun for produce_json to 2026-02-23 14:00:00+00:00, run_after=2026-02-24 14:00:00+00:00
[2026-02-23T23:44:26.779+0000] {logging_mixin.py:188} INFO - [2026-02-23T23:44:26.778+0000] {dag.py:3954} INFO - Setting next_dagrun for update_db to 2026-02-23 15:00:00+00:00, run_after=2026-02-24 15:00:00+00:00
[2026-02-23T23:44:26.828+0000] {processor.py:183} INFO - Processing /opt/airflow/dags/main.py took 0.402 seconds
[2026-02-23T23:44:56.991+0000] {processor.py:161} INFO - Started process (PID=1574) to work on /opt/airflow/dags/main.py
[2026-02-23T23:44:56.993+0000] {processor.py:830} INFO - Processing file /opt/airflow/dags/main.py for tasks to queue
[2026-02-23T23:44:56.995+0000] {logging_mixin.py:188} INFO - [2026-02-23T23:44:56.994+0000] {dagbag.py:545} INFO - Filling up the DagBag from /opt/airflow/dags/main.py
[2026-02-23T23:44:57.221+0000] {processor.py:840} INFO - DAG(s) 'produce_json', 'update_db' retrieved from /opt/airflow/dags/main.py
[2026-02-23T23:44:57.276+0000] {logging_mixin.py:188} INFO - [2026-02-23T23:44:57.276+0000] {dag.py:3096} INFO - Sync 2 DAGs
[2026-02-23T23:44:57.320+0000] {logging_mixin.py:188} INFO - [2026-02-23T23:44:57.319+0000] {dag.py:3954} INFO - Setting next_dagrun for produce_json to 2026-02-23 14:00:00+00:00, run_after=2026-02-24 14:00:00+00:00
[2026-02-23T23:44:57.330+0000] {logging_mixin.py:188} INFO - [2026-02-23T23:44:57.330+0000] {dag.py:3954} INFO - Setting next_dagrun for update_db to 2026-02-23 15:00:00+00:00, run_after=2026-02-24 15:00:00+00:00
[2026-02-23T23:44:57.361+0000] {processor.py:183} INFO - Processing /opt/airflow/dags/main.py took 0.379 seconds
[2026-02-23T23:45:28.002+0000] {processor.py:161} INFO - Started process (PID=1582) to work on /opt/airflow/dags/main.py
[2026-02-23T23:45:28.004+0000] {processor.py:830} INFO - Processing file /opt/airflow/dags/main.py for tasks to queue
[2026-02-23T23:45:28.006+0000] {logging_mixin.py:188} INFO - [2026-02-23T23:45:28.006+0000] {dagbag.py:545} INFO - Filling up the DagBag from /opt/airflow/dags/main.py
[2026-02-23T23:45:28.237+0000] {processor.py:840} INFO - DAG(s) 'produce_json', 'update_db' retrieved from /opt/airflow/dags/main.py
[2026-02-23T23:45:28.288+0000] {logging_mixin.py:188} INFO - [2026-02-23T23:45:28.287+0000] {dag.py:3096} INFO - Sync 2 DAGs
[2026-02-23T23:45:28.328+0000] {logging_mixin.py:188} INFO - [2026-02-23T23:45:28.328+0000] {dag.py:3954} INFO - Setting next_dagrun for produce_json to 2026-02-23 14:00:00+00:00, run_after=2026-02-24 14:00:00+00:00
[2026-02-23T23:45:28.337+0000] {logging_mixin.py:188} INFO - [2026-02-23T23:45:28.337+0000] {dag.py:3954} INFO - Setting next_dagrun for update_db to 2026-02-23 15:00:00+00:00, run_after=2026-02-24 15:00:00+00:00
[2026-02-23T23:45:28.410+0000] {processor.py:183} INFO - Processing /opt/airflow/dags/main.py took 0.416 seconds
[2026-02-23T23:45:58.534+0000] {processor.py:161} INFO - Started process (PID=1589) to work on /opt/airflow/dags/main.py
[2026-02-23T23:45:58.536+0000] {processor.py:830} INFO - Processing file /opt/airflow/dags/main.py for tasks to queue
[2026-02-23T23:45:58.538+0000] {logging_mixin.py:188} INFO - [2026-02-23T23:45:58.538+0000] {dagbag.py:545} INFO - Filling up the DagBag from /opt/airflow/dags/main.py
[2026-02-23T23:45:58.805+0000] {processor.py:840} INFO - DAG(s) 'produce_json', 'update_db' retrieved from /opt/airflow/dags/main.py
[2026-02-23T23:45:58.859+0000] {logging_mixin.py:188} INFO - [2026-02-23T23:45:58.858+0000] {dag.py:3096} INFO - Sync 2 DAGs
[2026-02-23T23:45:58.905+0000] {logging_mixin.py:188} INFO - [2026-02-23T23:45:58.904+0000] {dag.py:3954} INFO - Setting next_dagrun for produce_json to 2026-02-23 14:00:00+00:00, run_after=2026-02-24 14:00:00+00:00
[2026-02-23T23:45:58.914+0000] {logging_mixin.py:188} INFO - [2026-02-23T23:45:58.914+0000] {dag.py:3954} INFO - Setting next_dagrun for update_db to 2026-02-23 15:00:00+00:00, run_after=2026-02-24 15:00:00+00:00
[2026-02-23T23:45:58.980+0000] {processor.py:183} INFO - Processing /opt/airflow/dags/main.py took 0.454 seconds
[2026-02-23T23:46:29.916+0000] {processor.py:161} INFO - Started process (PID=1597) to work on /opt/airflow/dags/main.py
[2026-02-23T23:46:29.918+0000] {processor.py:830} INFO - Processing file /opt/airflow/dags/main.py for tasks to queue
[2026-02-23T23:46:29.921+0000] {logging_mixin.py:188} INFO - [2026-02-23T23:46:29.920+0000] {dagbag.py:545} INFO - Filling up the DagBag from /opt/airflow/dags/main.py
[2026-02-23T23:46:30.197+0000] {processor.py:840} INFO - DAG(s) 'produce_json', 'update_db' retrieved from /opt/airflow/dags/main.py
[2026-02-23T23:46:30.250+0000] {logging_mixin.py:188} INFO - [2026-02-23T23:46:30.249+0000] {dag.py:3096} INFO - Sync 2 DAGs
[2026-02-23T23:46:30.287+0000] {logging_mixin.py:188} INFO - [2026-02-23T23:46:30.286+0000] {dag.py:3954} INFO - Setting next_dagrun for produce_json to 2026-02-23 14:00:00+00:00, run_after=2026-02-24 14:00:00+00:00
[2026-02-23T23:46:30.296+0000] {logging_mixin.py:188} INFO - [2026-02-23T23:46:30.296+0000] {dag.py:3954} INFO - Setting next_dagrun for update_db to 2026-02-23 15:00:00+00:00, run_after=2026-02-24 15:00:00+00:00
[2026-02-23T23:46:30.363+0000] {processor.py:183} INFO - Processing /opt/airflow/dags/main.py took 0.458 seconds
[2026-02-23T23:47:00.937+0000] {processor.py:161} INFO - Started process (PID=1604) to work on /opt/airflow/dags/main.py
[2026-02-23T23:47:00.939+0000] {processor.py:830} INFO - Processing file /opt/airflow/dags/main.py for tasks to queue
[2026-02-23T23:47:00.940+0000] {logging_mixin.py:188} INFO - [2026-02-23T23:47:00.940+0000] {dagbag.py:545} INFO - Filling up the DagBag from /opt/airflow/dags/main.py
[2026-02-23T23:47:01.183+0000] {processor.py:840} INFO - DAG(s) 'produce_json', 'update_db' retrieved from /opt/airflow/dags/main.py
[2026-02-23T23:47:01.236+0000] {logging_mixin.py:188} INFO - [2026-02-23T23:47:01.235+0000] {dag.py:3096} INFO - Sync 2 DAGs
[2026-02-23T23:47:01.272+0000] {logging_mixin.py:188} INFO - [2026-02-23T23:47:01.272+0000] {dag.py:3954} INFO - Setting next_dagrun for produce_json to 2026-02-23 14:00:00+00:00, run_after=2026-02-24 14:00:00+00:00
[2026-02-23T23:47:01.282+0000] {logging_mixin.py:188} INFO - [2026-02-23T23:47:01.281+0000] {dag.py:3954} INFO - Setting next_dagrun for update_db to 2026-02-23 15:00:00+00:00, run_after=2026-02-24 15:00:00+00:00
[2026-02-23T23:47:01.349+0000] {processor.py:183} INFO - Processing /opt/airflow/dags/main.py took 0.421 seconds
[2026-02-23T23:47:31.536+0000] {processor.py:161} INFO - Started process (PID=1611) to work on /opt/airflow/dags/main.py
[2026-02-23T23:47:31.540+0000] {processor.py:830} INFO - Processing file /opt/airflow/dags/main.py for tasks to queue
[2026-02-23T23:47:31.542+0000] {logging_mixin.py:188} INFO - [2026-02-23T23:47:31.541+0000] {dagbag.py:545} INFO - Filling up the DagBag from /opt/airflow/dags/main.py
[2026-02-23T23:47:31.801+0000] {processor.py:840} INFO - DAG(s) 'produce_json', 'update_db' retrieved from /opt/airflow/dags/main.py
[2026-02-23T23:47:31.859+0000] {logging_mixin.py:188} INFO - [2026-02-23T23:47:31.859+0000] {dag.py:3096} INFO - Sync 2 DAGs
[2026-02-23T23:47:31.901+0000] {logging_mixin.py:188} INFO - [2026-02-23T23:47:31.900+0000] {dag.py:3954} INFO - Setting next_dagrun for produce_json to 2026-02-23 14:00:00+00:00, run_after=2026-02-24 14:00:00+00:00
[2026-02-23T23:47:31.909+0000] {logging_mixin.py:188} INFO - [2026-02-23T23:47:31.908+0000] {dag.py:3954} INFO - Setting next_dagrun for update_db to 2026-02-23 15:00:00+00:00, run_after=2026-02-24 15:00:00+00:00
[2026-02-23T23:47:31.982+0000] {processor.py:183} INFO - Processing /opt/airflow/dags/main.py took 0.461 seconds
[2026-02-23T23:48:02.564+0000] {processor.py:161} INFO - Started process (PID=1618) to work on /opt/airflow/dags/main.py
[2026-02-23T23:48:02.566+0000] {processor.py:830} INFO - Processing file /opt/airflow/dags/main.py for tasks to queue
[2026-02-23T23:48:02.568+0000] {logging_mixin.py:188} INFO - [2026-02-23T23:48:02.568+0000] {dagbag.py:545} INFO - Filling up the DagBag from /opt/airflow/dags/main.py
[2026-02-23T23:48:02.761+0000] {processor.py:840} INFO - DAG(s) 'update_db', 'produce_json' retrieved from /opt/airflow/dags/main.py
[2026-02-23T23:48:02.821+0000] {logging_mixin.py:188} INFO - [2026-02-23T23:48:02.820+0000] {dag.py:3096} INFO - Sync 2 DAGs
[2026-02-23T23:48:02.859+0000] {logging_mixin.py:188} INFO - [2026-02-23T23:48:02.858+0000] {dag.py:3954} INFO - Setting next_dagrun for produce_json to 2026-02-23 14:00:00+00:00, run_after=2026-02-24 14:00:00+00:00
[2026-02-23T23:48:02.869+0000] {logging_mixin.py:188} INFO - [2026-02-23T23:48:02.868+0000] {dag.py:3954} INFO - Setting next_dagrun for update_db to 2026-02-23 15:00:00+00:00, run_after=2026-02-24 15:00:00+00:00
[2026-02-23T23:48:02.967+0000] {processor.py:183} INFO - Processing /opt/airflow/dags/main.py took 0.411 seconds
[2026-02-23T23:48:33.122+0000] {processor.py:161} INFO - Started process (PID=1625) to work on /opt/airflow/dags/main.py
[2026-02-23T23:48:33.126+0000] {processor.py:830} INFO - Processing file /opt/airflow/dags/main.py for tasks to queue
[2026-02-23T23:48:33.129+0000] {logging_mixin.py:188} INFO - [2026-02-23T23:48:33.128+0000] {dagbag.py:545} INFO - Filling up the DagBag from /opt/airflow/dags/main.py
[2026-02-23T23:48:33.347+0000] {processor.py:840} INFO - DAG(s) 'update_db', 'produce_json' retrieved from /opt/airflow/dags/main.py
[2026-02-23T23:48:33.131+0000] {logging_mixin.py:188} INFO - [2026-02-23T23:48:33.130+0000] {dag.py:3096} INFO - Sync 2 DAGs
[2026-02-23T23:48:33.167+0000] {logging_mixin.py:188} INFO - [2026-02-23T23:48:33.166+0000] {dag.py:3954} INFO - Setting next_dagrun for produce_json to 2026-02-23 14:00:00+00:00, run_after=2026-02-24 14:00:00+00:00
[2026-02-23T23:48:33.175+0000] {logging_mixin.py:188} INFO - [2026-02-23T23:48:33.175+0000] {dag.py:3954} INFO - Setting next_dagrun for update_db to 2026-02-23 15:00:00+00:00, run_after=2026-02-24 15:00:00+00:00
[2026-02-23T23:48:33.204+0000] {processor.py:183} INFO - Processing /opt/airflow/dags/main.py took 0.399 seconds
[2026-02-23T23:49:03.373+0000] {processor.py:161} INFO - Started process (PID=1632) to work on /opt/airflow/dags/main.py
[2026-02-23T23:49:03.375+0000] {processor.py:830} INFO - Processing file /opt/airflow/dags/main.py for tasks to queue
[2026-02-23T23:49:03.378+0000] {logging_mixin.py:188} INFO - [2026-02-23T23:49:03.377+0000] {dagbag.py:545} INFO - Filling up the DagBag from /opt/airflow/dags/main.py
[2026-02-23T23:49:03.637+0000] {processor.py:840} INFO - DAG(s) 'produce_json', 'update_db' retrieved from /opt/airflow/dags/main.py
[2026-02-23T23:49:03.691+0000] {logging_mixin.py:188} INFO - [2026-02-23T23:49:03.690+0000] {dag.py:3096} INFO - Sync 2 DAGs
[2026-02-23T23:49:03.724+0000] {logging_mixin.py:188} INFO - [2026-02-23T23:49:03.723+0000] {dag.py:3954} INFO - Setting next_dagrun for produce_json to 2026-02-23 14:00:00+00:00, run_after=2026-02-24 14:00:00+00:00
[2026-02-23T23:49:03.731+0000] {logging_mixin.py:188} INFO - [2026-02-23T23:49:03.731+0000] {dag.py:3954} INFO - Setting next_dagrun for update_db to 2026-02-23 15:00:00+00:00, run_after=2026-02-24 15:00:00+00:00
[2026-02-23T23:49:03.799+0000] {processor.py:183} INFO - Processing /opt/airflow/dags/main.py took 0.441 seconds
[2026-02-23T23:49:33.924+0000] {processor.py:161} INFO - Started process (PID=1639) to work on /opt/airflow/dags/main.py
[2026-02-23T23:49:33.926+0000] {processor.py:830} INFO - Processing file /opt/airflow/dags/main.py for tasks to queue
[2026-02-23T23:49:33.928+0000] {logging_mixin.py:188} INFO - [2026-02-23T23:49:33.928+0000] {dagbag.py:545} INFO - Filling up the DagBag from /opt/airflow/dags/main.py
[2026-02-23T23:49:34.175+0000] {processor.py:840} INFO - DAG(s) 'produce_json', 'update_db' retrieved from /opt/airflow/dags/main.py
[2026-02-23T23:49:34.224+0000] {logging_mixin.py:188} INFO - [2026-02-23T23:49:34.224+0000] {dag.py:3096} INFO - Sync 2 DAGs
[2026-02-23T23:49:34.260+0000] {logging_mixin.py:188} INFO - [2026-02-23T23:49:34.260+0000] {dag.py:3954} INFO - Setting next_dagrun for produce_json to 2026-02-23 14:00:00+00:00, run_after=2026-02-24 14:00:00+00:00
[2026-02-23T23:49:34.269+0000] {logging_mixin.py:188} INFO - [2026-02-23T23:49:34.269+0000] {dag.py:3954} INFO - Setting next_dagrun for update_db to 2026-02-23 15:00:00+00:00, run_after=2026-02-24 15:00:00+00:00
[2026-02-23T23:49:34.338+0000] {processor.py:183} INFO - Processing /opt/airflow/dags/main.py took 0.438 seconds
[2026-02-23T23:50:04.765+0000] {processor.py:161} INFO - Started process (PID=1646) to work on /opt/airflow/dags/main.py
[2026-02-23T23:50:04.767+0000] {processor.py:830} INFO - Processing file /opt/airflow/dags/main.py for tasks to queue
[2026-02-23T23:50:04.769+0000] {logging_mixin.py:188} INFO - [2026-02-23T23:50:04.769+0000] {dagbag.py:545} INFO - Filling up the DagBag from /opt/airflow/dags/main.py
[2026-02-23T23:50:04.970+0000] {processor.py:840} INFO - DAG(s) 'produce_json', 'update_db' retrieved from /opt/airflow/dags/main.py
[2026-02-23T23:50:05.024+0000] {logging_mixin.py:188} INFO - [2026-02-23T23:50:05.023+0000] {dag.py:3096} INFO - Sync 2 DAGs
[2026-02-23T23:50:05.071+0000] {logging_mixin.py:188} INFO - [2026-02-23T23:50:05.071+0000] {dag.py:3954} INFO - Setting next_dagrun for produce_json to 2026-02-23 14:00:00+00:00, run_after=2026-02-24 14:00:00+00:00
[2026-02-23T23:50:05.088+0000] {logging_mixin.py:188} INFO - [2026-02-23T23:50:05.087+0000] {dag.py:3954} INFO - Setting next_dagrun for update_db to 2026-02-23 15:00:00+00:00, run_after=2026-02-24 15:00:00+00:00
[2026-02-23T23:50:05.166+0000] {processor.py:183} INFO - Processing /opt/airflow/dags/main.py took 0.410 seconds
[2026-02-23T23:50:35.493+0000] {processor.py:161} INFO - Started process (PID=1653) to work on /opt/airflow/dags/main.py
[2026-02-23T23:50:35.495+0000] {processor.py:830} INFO - Processing file /opt/airflow/dags/main.py for tasks to queue
[2026-02-23T23:50:35.497+0000] {logging_mixin.py:188} INFO - [2026-02-23T23:50:35.496+0000] {dagbag.py:545} INFO - Filling up the DagBag from /opt/airflow/dags/main.py
[2026-02-23T23:50:35.686+0000] {processor.py:840} INFO - DAG(s) 'produce_json', 'update_db' retrieved from /opt/airflow/dags/main.py
[2026-02-23T23:50:35.756+0000] {logging_mixin.py:188} INFO - [2026-02-23T23:50:35.755+0000] {dag.py:3096} INFO - Sync 2 DAGs
[2026-02-23T23:50:35.818+0000] {logging_mixin.py:188} INFO - [2026-02-23T23:50:35.817+0000] {dag.py:3954} INFO - Setting next_dagrun for produce_json to 2026-02-23 14:00:00+00:00, run_after=2026-02-24 14:00:00+00:00
[2026-02-23T23:50:35.866+0000] {logging_mixin.py:188} INFO - [2026-02-23T23:50:35.866+0000] {dag.py:3954} INFO - Setting next_dagrun for update_db to 2026-02-23 15:00:00+00:00, run_after=2026-02-24 15:00:00+00:00
[2026-02-23T23:50:35.917+0000] {processor.py:183} INFO - Processing /opt/airflow/dags/main.py took 0.433 seconds
[2026-02-23T23:51:06.747+0000] {processor.py:161} INFO - Started process (PID=1660) to work on /opt/airflow/dags/main.py
[2026-02-23T23:51:06.768+0000] {processor.py:830} INFO - Processing file /opt/airflow/dags/main.py for tasks to queue
[2026-02-23T23:51:06.771+0000] {logging_mixin.py:188} INFO - [2026-02-23T23:51:06.770+0000] {dagbag.py:545} INFO - Filling up the DagBag from /opt/airflow/dags/main.py
[2026-02-23T23:51:07.056+0000] {processor.py:840} INFO - DAG(s) 'update_db', 'produce_json' retrieved from /opt/airflow/dags/main.py
[2026-02-23T23:51:07.113+0000] {logging_mixin.py:188} INFO - [2026-02-23T23:51:07.112+0000] {dag.py:3096} INFO - Sync 2 DAGs
[2026-02-23T23:51:07.150+0000] {logging_mixin.py:188} INFO - [2026-02-23T23:51:07.149+0000] {dag.py:3954} INFO - Setting next_dagrun for produce_json to 2026-02-23 14:00:00+00:00, run_after=2026-02-24 14:00:00+00:00
[2026-02-23T23:51:07.189+0000] {logging_mixin.py:188} INFO - [2026-02-23T23:51:07.189+0000] {dag.py:3954} INFO - Setting next_dagrun for update_db to 2026-02-23 15:00:00+00:00, run_after=2026-02-24 15:00:00+00:00
[2026-02-23T23:51:07.229+0000] {processor.py:183} INFO - Processing /opt/airflow/dags/main.py took 0.490 seconds
[2026-02-23T23:51:37.823+0000] {processor.py:161} INFO - Started process (PID=1667) to work on /opt/airflow/dags/main.py
[2026-02-23T23:51:37.825+0000] {processor.py:830} INFO - Processing file /opt/airflow/dags/main.py for tasks to queue
[2026-02-23T23:51:37.826+0000] {logging_mixin.py:188} INFO - [2026-02-23T23:51:37.826+0000] {dagbag.py:545} INFO - Filling up the DagBag from /opt/airflow/dags/main.py
[2026-02-23T23:51:38.045+0000] {processor.py:840} INFO - DAG(s) 'update_db', 'produce_json' retrieved from /opt/airflow/dags/main.py
[2026-02-23T23:51:38.115+0000] {logging_mixin.py:188} INFO - [2026-02-23T23:51:38.114+0000] {dag.py:3096} INFO - Sync 2 DAGs
[2026-02-23T23:51:38.160+0000] {logging_mixin.py:188} INFO - [2026-02-23T23:51:38.160+0000] {dag.py:3954} INFO - Setting next_dagrun for produce_json to 2026-02-23 14:00:00+00:00, run_after=2026-02-24 14:00:00+00:00
[2026-02-23T23:51:38.168+0000] {logging_mixin.py:188} INFO - [2026-02-23T23:51:38.167+0000] {dag.py:3954} INFO - Setting next_dagrun for update_db to 2026-02-23 15:00:00+00:00, run_after=2026-02-24 15:00:00+00:00
[2026-02-23T23:51:38.239+0000] {processor.py:183} INFO - Processing /opt/airflow/dags/main.py took 0.427 seconds
[2026-02-23T23:52:08.974+0000] {processor.py:161} INFO - Started process (PID=1674) to work on /opt/airflow/dags/main.py
[2026-02-23T23:52:08.977+0000] {processor.py:830} INFO - Processing file /opt/airflow/dags/main.py for tasks to queue
[2026-02-23T23:52:08.979+0000] {logging_mixin.py:188} INFO - [2026-02-23T23:52:08.978+0000] {dagbag.py:545} INFO - Filling up the DagBag from /opt/airflow/dags/main.py
[2026-02-23T23:52:09.195+0000] {processor.py:840} INFO - DAG(s) 'update_db', 'produce_json' retrieved from /opt/airflow/dags/main.py
[2026-02-23T23:52:09.248+0000] {logging_mixin.py:188} INFO - [2026-02-23T23:52:09.248+0000] {dag.py:3096} INFO - Sync 2 DAGs
[2026-02-23T23:52:09.284+0000] {logging_mixin.py:188} INFO - [2026-02-23T23:52:09.283+0000] {dag.py:3954} INFO - Setting next_dagrun for produce_json to 2026-02-23 14:00:00+00:00, run_after=2026-02-24 14:00:00+00:00
[2026-02-23T23:52:09.291+0000] {logging_mixin.py:188} INFO - [2026-02-23T23:52:09.291+0000] {dag.py:3954} INFO - Setting next_dagrun for update_db to 2026-02-23 15:00:00+00:00, run_after=2026-02-24 15:00:00+00:00
[2026-02-23T23:52:09.360+0000] {processor.py:183} INFO - Processing /opt/airflow/dags/main.py took 0.395 seconds
[2026-02-23T23:52:39.481+0000] {processor.py:161} INFO - Started process (PID=1687) to work on /opt/airflow/dags/main.py
[2026-02-23T23:52:39.483+0000] {processor.py:830} INFO - Processing file /opt/airflow/dags/main.py for tasks to queue
[2026-02-23T23:52:39.485+0000] {logging_mixin.py:188} INFO - [2026-02-23T23:52:39.484+0000] {dagbag.py:545} INFO - Filling up the DagBag from /opt/airflow/dags/main.py
[2026-02-23T23:52:39.746+0000] {processor.py:840} INFO - DAG(s) 'update_db', 'produce_json' retrieved from /opt/airflow/dags/main.py
[2026-02-23T23:52:39.795+0000] {logging_mixin.py:188} INFO - [2026-02-23T23:52:39.795+0000] {dag.py:3096} INFO - Sync 2 DAGs
[2026-02-23T23:52:39.831+0000] {logging_mixin.py:188} INFO - [2026-02-23T23:52:39.831+0000] {dag.py:3954} INFO - Setting next_dagrun for produce_json to 2026-02-23 14:00:00+00:00, run_after=2026-02-24 14:00:00+00:00
[2026-02-23T23:52:39.840+0000] {logging_mixin.py:188} INFO - [2026-02-23T23:52:39.840+0000] {dag.py:3954} INFO - Setting next_dagrun for update_db to 2026-02-23 15:00:00+00:00, run_after=2026-02-24 15:00:00+00:00
[2026-02-23T23:52:39.905+0000] {processor.py:183} INFO - Processing /opt/airflow/dags/main.py took 0.434 seconds
[2026-02-23T23:53:10.397+0000] {processor.py:161} INFO - Started process (PID=1694) to work on /opt/airflow/dags/main.py
[2026-02-23T23:53:10.400+0000] {processor.py:830} INFO - Processing file /opt/airflow/dags/main.py for tasks to queue
[2026-02-23T23:53:10.402+0000] {logging_mixin.py:188} INFO - [2026-02-23T23:53:10.401+0000] {dagbag.py:545} INFO - Filling up the DagBag from /opt/airflow/dags/main.py
[2026-02-23T23:53:10.605+0000] {processor.py:840} INFO - DAG(s) 'produce_json', 'update_db' retrieved from /opt/airflow/dags/main.py
[2026-02-23T23:53:10.655+0000] {logging_mixin.py:188} INFO - [2026-02-23T23:53:10.654+0000] {dag.py:3096} INFO - Sync 2 DAGs
[2026-02-23T23:53:10.694+0000] {logging_mixin.py:188} INFO - [2026-02-23T23:53:10.693+0000] {dag.py:3954} INFO - Setting next_dagrun for produce_json to 2026-02-23 14:00:00+00:00, run_after=2026-02-24 14:00:00+00:00
[2026-02-23T23:53:10.707+0000] {logging_mixin.py:188} INFO - [2026-02-23T23:53:10.706+0000] {dag.py:3954} INFO - Setting next_dagrun for update_db to 2026-02-23 15:00:00+00:00, run_after=2026-02-24 15:00:00+00:00
[2026-02-23T23:53:10.765+0000] {processor.py:183} INFO - Processing /opt/airflow/dags/main.py took 0.378 seconds
[2026-02-23T23:53:40.944+0000] {processor.py:161} INFO - Started process (PID=1701) to work on /opt/airflow/dags/main.py
[2026-02-23T23:53:40.946+0000] {processor.py:830} INFO - Processing file /opt/airflow/dags/main.py for tasks to queue
[2026-02-23T23:53:40.948+0000] {logging_mixin.py:188} INFO - [2026-02-23T23:53:40.948+0000] {dagbag.py:545} INFO - Filling up the DagBag from /opt/airflow/dags/main.py
[2026-02-23T23:53:41.180+0000] {processor.py:840} INFO - DAG(s) 'produce_json', 'update_db' retrieved from /opt/airflow/dags/main.py
[2026-02-23T23:53:41.224+0000] {logging_mixin.py:188} INFO - [2026-02-23T23:53:41.224+0000] {dag.py:3096} INFO - Sync 2 DAGs
[2026-02-23T23:53:41.263+0000] {logging_mixin.py:188} INFO - [2026-02-23T23:53:41.263+0000] {dag.py:3954} INFO - Setting next_dagrun for produce_json to 2026-02-23 14:00:00+00:00, run_after=2026-02-24 14:00:00+00:00
[2026-02-23T23:53:41.273+0000] {logging_mixin.py:188} INFO - [2026-02-23T23:53:41.273+0000] {dag.py:3954} INFO - Setting next_dagrun for update_db to 2026-02-23 15:00:00+00:00, run_after=2026-02-24 15:00:00+00:00
[2026-02-23T23:53:41.345+0000] {processor.py:183} INFO - Processing /opt/airflow/dags/main.py took 0.412 seconds
[2026-02-23T23:54:11.836+0000] {processor.py:161} INFO - Started process (PID=1708) to work on /opt/airflow/dags/main.py
[2026-02-23T23:54:11.838+0000] {processor.py:830} INFO - Processing file /opt/airflow/dags/main.py for tasks to queue
[2026-02-23T23:54:11.840+0000] {logging_mixin.py:188} INFO - [2026-02-23T23:54:11.840+0000] {dagbag.py:545} INFO - Filling up the DagBag from /opt/airflow/dags/main.py
[2026-02-23T23:54:12.070+0000] {processor.py:840} INFO - DAG(s) 'produce_json', 'update_db' retrieved from /opt/airflow/dags/main.py
[2026-02-23T23:54:12.120+0000] {logging_mixin.py:188} INFO - [2026-02-23T23:54:12.119+0000] {dag.py:3096} INFO - Sync 2 DAGs
[2026-02-23T23:54:12.157+0000] {logging_mixin.py:188} INFO - [2026-02-23T23:54:12.157+0000] {dag.py:3954} INFO - Setting next_dagrun for produce_json to 2026-02-23 14:00:00+00:00, run_after=2026-02-24 14:00:00+00:00
[2026-02-23T23:54:12.166+0000] {logging_mixin.py:188} INFO - [2026-02-23T23:54:12.166+0000] {dag.py:3954} INFO - Setting next_dagrun for update_db to 2026-02-23 15:00:00+00:00, run_after=2026-02-24 15:00:00+00:00
[2026-02-23T23:54:12.235+0000] {processor.py:183} INFO - Processing /opt/airflow/dags/main.py took 0.408 seconds
[2026-02-23T23:54:42.484+0000] {processor.py:161} INFO - Started process (PID=1715) to work on /opt/airflow/dags/main.py
[2026-02-23T23:54:42.486+0000] {processor.py:830} INFO - Processing file /opt/airflow/dags/main.py for tasks to queue
[2026-02-23T23:54:42.488+0000] {logging_mixin.py:188} INFO - [2026-02-23T23:54:42.488+0000] {dagbag.py:545} INFO - Filling up the DagBag from /opt/airflow/dags/main.py
[2026-02-23T23:54:42.762+0000] {processor.py:840} INFO - DAG(s) 'update_db', 'produce_json' retrieved from /opt/airflow/dags/main.py
[2026-02-23T23:54:42.812+0000] {logging_mixin.py:188} INFO - [2026-02-23T23:54:42.811+0000] {dag.py:3096} INFO - Sync 2 DAGs
[2026-02-23T23:54:42.844+0000] {logging_mixin.py:188} INFO - [2026-02-23T23:54:42.844+0000] {dag.py:3954} INFO - Setting next_dagrun for produce_json to 2026-02-23 14:00:00+00:00, run_after=2026-02-24 14:00:00+00:00
[2026-02-23T23:54:42.851+0000] {logging_mixin.py:188} INFO - [2026-02-23T23:54:42.851+0000] {dag.py:3954} INFO - Setting next_dagrun for update_db to 2026-02-23 15:00:00+00:00, run_after=2026-02-24 15:00:00+00:00
[2026-02-23T23:54:42.920+0000] {processor.py:183} INFO - Processing /opt/airflow/dags/main.py took 0.444 seconds
[2026-02-23T23:55:13.281+0000] {processor.py:161} INFO - Started process (PID=1722) to work on /opt/airflow/dags/main.py
[2026-02-23T23:55:13.283+0000] {processor.py:830} INFO - Processing file /opt/airflow/dags/main.py for tasks to queue
[2026-02-23T23:55:13.284+0000] {logging_mixin.py:188} INFO - [2026-02-23T23:55:13.284+0000] {dagbag.py:545} INFO - Filling up the DagBag from /opt/airflow/dags/main.py
[2026-02-23T23:55:13.485+0000] {processor.py:840} INFO - DAG(s) 'update_db', 'produce_json' retrieved from /opt/airflow/dags/main.py
[2026-02-23T23:55:13.536+0000] {logging_mixin.py:188} INFO - [2026-02-23T23:55:13.536+0000] {dag.py:3096} INFO - Sync 2 DAGs
[2026-02-23T23:55:13.572+0000] {logging_mixin.py:188} INFO - [2026-02-23T23:55:13.572+0000] {dag.py:3954} INFO - Setting next_dagrun for produce_json to 2026-02-23 14:00:00+00:00, run_after=2026-02-24 14:00:00+00:00
[2026-02-23T23:55:13.580+0000] {logging_mixin.py:188} INFO - [2026-02-23T23:55:13.579+0000] {dag.py:3954} INFO - Setting next_dagrun for update_db to 2026-02-23 15:00:00+00:00, run_after=2026-02-24 15:00:00+00:00
[2026-02-23T23:55:13.649+0000] {processor.py:183} INFO - Processing /opt/airflow/dags/main.py took 0.377 seconds
[2026-02-23T23:55:44.002+0000] {processor.py:161} INFO - Started process (PID=1729) to work on /opt/airflow/dags/main.py
[2026-02-23T23:55:44.004+0000] {processor.py:830} INFO - Processing file /opt/airflow/dags/main.py for tasks to queue
[2026-02-23T23:55:44.007+0000] {logging_mixin.py:188} INFO - [2026-02-23T23:55:44.006+0000] {dagbag.py:545} INFO - Filling up the DagBag from /opt/airflow/dags/main.py
[2026-02-23T23:55:44.190+0000] {processor.py:840} INFO - DAG(s) 'update_db', 'produce_json' retrieved from /opt/airflow/dags/main.py
[2026-02-23T23:55:44.249+0000] {logging_mixin.py:188} INFO - [2026-02-23T23:55:44.248+0000] {dag.py:3096} INFO - Sync 2 DAGs
[2026-02-23T23:55:44.291+0000] {logging_mixin.py:188} INFO - [2026-02-23T23:55:44.290+0000] {dag.py:3954} INFO - Setting next_dagrun for produce_json to 2026-02-23 14:00:00+00:00, run_after=2026-02-24 14:00:00+00:00
[2026-02-23T23:55:44.300+0000] {logging_mixin.py:188} INFO - [2026-02-23T23:55:44.300+0000] {dag.py:3954} INFO - Setting next_dagrun for update_db to 2026-02-23 15:00:00+00:00, run_after=2026-02-24 15:00:00+00:00
[2026-02-23T23:55:44.332+0000] {processor.py:183} INFO - Processing /opt/airflow/dags/main.py took 0.340 seconds
[2026-02-23T23:56:15.263+0000] {processor.py:161} INFO - Started process (PID=1736) to work on /opt/airflow/dags/main.py
[2026-02-23T23:56:15.265+0000] {processor.py:830} INFO - Processing file /opt/airflow/dags/main.py for tasks to queue
[2026-02-23T23:56:15.266+0000] {logging_mixin.py:188} INFO - [2026-02-23T23:56:15.266+0000] {dagbag.py:545} INFO - Filling up the DagBag from /opt/airflow/dags/main.py
[2026-02-23T23:56:15.469+0000] {processor.py:840} INFO - DAG(s) 'produce_json', 'update_db' retrieved from /opt/airflow/dags/main.py
[2026-02-23T23:56:15.530+0000] {logging_mixin.py:188} INFO - [2026-02-23T23:56:15.530+0000] {dag.py:3096} INFO - Sync 2 DAGs
[2026-02-23T23:56:15.565+0000] {logging_mixin.py:188} INFO - [2026-02-23T23:56:15.565+0000] {dag.py:3954} INFO - Setting next_dagrun for produce_json to 2026-02-23 14:00:00+00:00, run_after=2026-02-24 14:00:00+00:00
[2026-02-23T23:56:15.573+0000] {logging_mixin.py:188} INFO - [2026-02-23T23:56:15.573+0000] {dag.py:3954} INFO - Setting next_dagrun for update_db to 2026-02-23 15:00:00+00:00, run_after=2026-02-24 15:00:00+00:00
[2026-02-23T23:56:15.648+0000] {processor.py:183} INFO - Processing /opt/airflow/dags/main.py took 0.395 seconds
[2026-02-23T23:56:45.731+0000] {processor.py:161} INFO - Started process (PID=1743) to work on /opt/airflow/dags/main.py
[2026-02-23T23:56:45.734+0000] {processor.py:830} INFO - Processing file /opt/airflow/dags/main.py for tasks to queue
[2026-02-23T23:56:45.735+0000] {logging_mixin.py:188} INFO - [2026-02-23T23:56:45.735+0000] {dagbag.py:545} INFO - Filling up the DagBag from /opt/airflow/dags/main.py
[2026-02-23T23:56:46.006+0000] {processor.py:840} INFO - DAG(s) 'produce_json', 'update_db' retrieved from /opt/airflow/dags/main.py
[2026-02-23T23:56:46.069+0000] {logging_mixin.py:188} INFO - [2026-02-23T23:56:46.069+0000] {dag.py:3096} INFO - Sync 2 DAGs
[2026-02-23T23:56:46.105+0000] {logging_mixin.py:188} INFO - [2026-02-23T23:56:46.105+0000] {dag.py:3954} INFO - Setting next_dagrun for produce_json to 2026-02-23 14:00:00+00:00, run_after=2026-02-24 14:00:00+00:00
[2026-02-23T23:56:46.115+0000] {logging_mixin.py:188} INFO - [2026-02-23T23:56:46.115+0000] {dag.py:3954} INFO - Setting next_dagrun for update_db to 2026-02-23 15:00:00+00:00, run_after=2026-02-24 15:00:00+00:00
[2026-02-23T23:56:46.149+0000] {processor.py:183} INFO - Processing /opt/airflow/dags/main.py took 0.426 seconds
[2026-02-23T23:57:17.168+0000] {processor.py:161} INFO - Started process (PID=1750) to work on /opt/airflow/dags/main.py
[2026-02-23T23:57:17.171+0000] {processor.py:830} INFO - Processing file /opt/airflow/dags/main.py for tasks to queue
[2026-02-23T23:57:17.173+0000] {logging_mixin.py:188} INFO - [2026-02-23T23:57:17.172+0000] {dagbag.py:545} INFO - Filling up the DagBag from /opt/airflow/dags/main.py
[2026-02-23T23:57:17.382+0000] {processor.py:840} INFO - DAG(s) 'produce_json', 'update_db' retrieved from /opt/airflow/dags/main.py
[2026-02-23T23:57:17.442+0000] {logging_mixin.py:188} INFO - [2026-02-23T23:57:17.441+0000] {dag.py:3096} INFO - Sync 2 DAGs
[2026-02-23T23:57:17.478+0000] {logging_mixin.py:188} INFO - [2026-02-23T23:57:17.478+0000] {dag.py:3954} INFO - Setting next_dagrun for produce_json to 2026-02-23 14:00:00+00:00, run_after=2026-02-24 14:00:00+00:00
[2026-02-23T23:57:17.486+0000] {logging_mixin.py:188} INFO - [2026-02-23T23:57:17.486+0000] {dag.py:3954} INFO - Setting next_dagrun for update_db to 2026-02-23 15:00:00+00:00, run_after=2026-02-24 15:00:00+00:00
[2026-02-23T23:57:17.561+0000] {processor.py:183} INFO - Processing /opt/airflow/dags/main.py took 0.401 seconds
[2026-02-23T23:57:47.705+0000] {processor.py:161} INFO - Started process (PID=1758) to work on /opt/airflow/dags/main.py
[2026-02-23T23:57:47.707+0000] {processor.py:830} INFO - Processing file /opt/airflow/dags/main.py for tasks to queue
[2026-02-23T23:57:47.709+0000] {logging_mixin.py:188} INFO - [2026-02-23T23:57:47.708+0000] {dagbag.py:545} INFO - Filling up the DagBag from /opt/airflow/dags/main.py
[2026-02-23T23:57:47.907+0000] {processor.py:840} INFO - DAG(s) 'produce_json', 'update_db' retrieved from /opt/airflow/dags/main.py
[2026-02-23T23:57:47.964+0000] {logging_mixin.py:188} INFO - [2026-02-23T23:57:47.963+0000] {dag.py:3096} INFO - Sync 2 DAGs
[2026-02-23T23:57:47.999+0000] {logging_mixin.py:188} INFO - [2026-02-23T23:57:47.999+0000] {dag.py:3954} INFO - Setting next_dagrun for produce_json to 2026-02-23 14:00:00+00:00, run_after=2026-02-24 14:00:00+00:00
[2026-02-23T23:57:48.008+0000] {logging_mixin.py:188} INFO - [2026-02-23T23:57:48.007+0000] {dag.py:3954} INFO - Setting next_dagrun for update_db to 2026-02-23 15:00:00+00:00, run_after=2026-02-24 15:00:00+00:00
[2026-02-23T23:57:48.075+0000] {processor.py:183} INFO - Processing /opt/airflow/dags/main.py took 0.382 seconds
[2026-02-23T23:58:18.355+0000] {processor.py:161} INFO - Started process (PID=1765) to work on /opt/airflow/dags/main.py
[2026-02-23T23:58:18.357+0000] {processor.py:830} INFO - Processing file /opt/airflow/dags/main.py for tasks to queue
[2026-02-23T23:58:18.361+0000] {logging_mixin.py:188} INFO - [2026-02-23T23:58:18.360+0000] {dagbag.py:545} INFO - Filling up the DagBag from /opt/airflow/dags/main.py
[2026-02-23T23:58:18.627+0000] {processor.py:840} INFO - DAG(s) 'produce_json', 'update_db' retrieved from /opt/airflow/dags/main.py
[2026-02-23T23:58:18.674+0000] {logging_mixin.py:188} INFO - [2026-02-23T23:58:18.674+0000] {dag.py:3096} INFO - Sync 2 DAGs
[2026-02-23T23:58:18.719+0000] {logging_mixin.py:188} INFO - [2026-02-23T23:58:18.719+0000] {dag.py:3954} INFO - Setting next_dagrun for produce_json to 2026-02-23 14:00:00+00:00, run_after=2026-02-24 14:00:00+00:00
[2026-02-23T23:58:18.728+0000] {logging_mixin.py:188} INFO - [2026-02-23T23:58:18.728+0000] {dag.py:3954} INFO - Setting next_dagrun for update_db to 2026-02-23 15:00:00+00:00, run_after=2026-02-24 15:00:00+00:00
[2026-02-23T23:58:18.807+0000] {processor.py:183} INFO - Processing /opt/airflow/dags/main.py took 0.474 seconds
[2026-02-23T23:58:49.437+0000] {processor.py:161} INFO - Started process (PID=1772) to work on /opt/airflow/dags/main.py
[2026-02-23T23:58:49.439+0000] {processor.py:830} INFO - Processing file /opt/airflow/dags/main.py for tasks to queue
[2026-02-23T23:58:49.441+0000] {logging_mixin.py:188} INFO - [2026-02-23T23:58:49.440+0000] {dagbag.py:545} INFO - Filling up the DagBag from /opt/airflow/dags/main.py
[2026-02-23T23:58:49.703+0000] {processor.py:840} INFO - DAG(s) 'produce_json', 'update_db' retrieved from /opt/airflow/dags/main.py
[2026-02-23T23:58:49.754+0000] {logging_mixin.py:188} INFO - [2026-02-23T23:58:49.754+0000] {dag.py:3096} INFO - Sync 2 DAGs
[2026-02-23T23:58:49.790+0000] {logging_mixin.py:188} INFO - [2026-02-23T23:58:49.790+0000] {dag.py:3954} INFO - Setting next_dagrun for produce_json to 2026-02-23 14:00:00+00:00, run_after=2026-02-24 14:00:00+00:00
[2026-02-23T23:58:49.798+0000] {logging_mixin.py:188} INFO - [2026-02-23T23:58:49.798+0000] {dag.py:3954} INFO - Setting next_dagrun for update_db to 2026-02-23 15:00:00+00:00, run_after=2026-02-24 15:00:00+00:00
[2026-02-23T23:58:49.827+0000] {processor.py:183} INFO - Processing /opt/airflow/dags/main.py took 0.399 seconds
[2026-02-23T23:59:19.926+0000] {processor.py:161} INFO - Started process (PID=1779) to work on /opt/airflow/dags/main.py
[2026-02-23T23:59:19.928+0000] {processor.py:830} INFO - Processing file /opt/airflow/dags/main.py for tasks to queue
[2026-02-23T23:59:19.930+0000] {logging_mixin.py:188} INFO - [2026-02-23T23:59:19.929+0000] {dagbag.py:545} INFO - Filling up the DagBag from /opt/airflow/dags/main.py
[2026-02-23T23:59:20.128+0000] {processor.py:840} INFO - DAG(s) 'update_db', 'produce_json' retrieved from /opt/airflow/dags/main.py
[2026-02-23T23:59:20.180+0000] {logging_mixin.py:188} INFO - [2026-02-23T23:59:20.180+0000] {dag.py:3096} INFO - Sync 2 DAGs
[2026-02-23T23:59:20.214+0000] {logging_mixin.py:188} INFO - [2026-02-23T23:59:20.214+0000] {dag.py:3954} INFO - Setting next_dagrun for produce_json to 2026-02-23 14:00:00+00:00, run_after=2026-02-24 14:00:00+00:00
[2026-02-23T23:59:20.221+0000] {logging_mixin.py:188} INFO - [2026-02-23T23:59:20.221+0000] {dag.py:3954} INFO - Setting next_dagrun for update_db to 2026-02-23 15:00:00+00:00, run_after=2026-02-24 15:00:00+00:00
[2026-02-23T23:59:20.288+0000] {processor.py:183} INFO - Processing /opt/airflow/dags/main.py took 0.371 seconds
[2026-02-23T23:59:50.846+0000] {processor.py:161} INFO - Started process (PID=1786) to work on /opt/airflow/dags/main.py
[2026-02-23T23:59:50.848+0000] {processor.py:830} INFO - Processing file /opt/airflow/dags/main.py for tasks to queue
[2026-02-23T23:59:50.850+0000] {logging_mixin.py:188} INFO - [2026-02-23T23:59:50.849+0000] {dagbag.py:545} INFO - Filling up the DagBag from /opt/airflow/dags/main.py
[2026-02-23T23:59:51.086+0000] {processor.py:840} INFO - DAG(s) 'update_db', 'produce_json' retrieved from /opt/airflow/dags/main.py
[2026-02-23T23:59:51.136+0000] {logging_mixin.py:188} INFO - [2026-02-23T23:59:51.135+0000] {dag.py:3096} INFO - Sync 2 DAGs
[2026-02-23T23:59:51.172+0000] {logging_mixin.py:188} INFO - [2026-02-23T23:59:51.171+0000] {dag.py:3954} INFO - Setting next_dagrun for produce_json to 2026-02-23 14:00:00+00:00, run_after=2026-02-24 14:00:00+00:00
[2026-02-23T23:59:51.181+0000] {logging_mixin.py:188} INFO - [2026-02-23T23:59:51.181+0000] {dag.py:3954} INFO - Setting next_dagrun for update_db to 2026-02-23 15:00:00+00:00, run_after=2026-02-24 15:00:00+00:00
[2026-02-23T23:59:51.247+0000] {processor.py:183} INFO - Processing /opt/airflow/dags/main.py took 0.412 seconds
