[2026-02-18T00:35:27.167+0000] {processor.py:161} INFO - Started process (PID=2431) to work on /opt/airflow/dags/main.py
[2026-02-18T00:35:27.191+0000] {processor.py:830} INFO - Processing file /opt/airflow/dags/main.py for tasks to queue
[2026-02-18T00:35:27.195+0000] {logging_mixin.py:188} INFO - [2026-02-18T00:35:27.194+0000] {dagbag.py:545} INFO - Filling up the DagBag from /opt/airflow/dags/main.py
[2026-02-18T00:35:27.514+0000] {processor.py:840} INFO - DAG(s) 'produce_json', 'update_db' retrieved from /opt/airflow/dags/main.py
[2026-02-18T00:35:27.622+0000] {logging_mixin.py:188} INFO - [2026-02-18T00:35:27.621+0000] {dag.py:3096} INFO - Sync 2 DAGs
[2026-02-18T00:35:27.710+0000] {logging_mixin.py:188} INFO - [2026-02-18T00:35:27.710+0000] {dag.py:3954} INFO - Setting next_dagrun for produce_json to 2026-02-17 14:00:00+00:00, run_after=2026-02-18 14:00:00+00:00
[2026-02-18T00:35:27.720+0000] {logging_mixin.py:188} INFO - [2026-02-18T00:35:27.720+0000] {dag.py:3954} INFO - Setting next_dagrun for update_db to 2026-02-16 15:00:00+00:00, run_after=2026-02-17 15:00:00+00:00
[2026-02-18T00:35:27.778+0000] {processor.py:183} INFO - Processing /opt/airflow/dags/main.py took 0.628 seconds
[2026-02-18T00:35:58.058+0000] {processor.py:161} INFO - Started process (PID=2438) to work on /opt/airflow/dags/main.py
[2026-02-18T00:35:58.059+0000] {processor.py:830} INFO - Processing file /opt/airflow/dags/main.py for tasks to queue
[2026-02-18T00:35:58.062+0000] {logging_mixin.py:188} INFO - [2026-02-18T00:35:58.062+0000] {dagbag.py:545} INFO - Filling up the DagBag from /opt/airflow/dags/main.py
[2026-02-18T00:35:58.136+0000] {processor.py:840} INFO - DAG(s) 'update_db', 'produce_json' retrieved from /opt/airflow/dags/main.py
[2026-02-18T00:35:58.165+0000] {logging_mixin.py:188} INFO - [2026-02-18T00:35:58.165+0000] {dag.py:3096} INFO - Sync 2 DAGs
[2026-02-18T00:35:58.188+0000] {logging_mixin.py:188} INFO - [2026-02-18T00:35:58.188+0000] {dag.py:3954} INFO - Setting next_dagrun for produce_json to 2026-02-17 14:00:00+00:00, run_after=2026-02-18 14:00:00+00:00
[2026-02-18T00:35:58.192+0000] {logging_mixin.py:188} INFO - [2026-02-18T00:35:58.192+0000] {dag.py:3954} INFO - Setting next_dagrun for update_db to 2026-02-16 15:00:00+00:00, run_after=2026-02-17 15:00:00+00:00
[2026-02-18T00:35:58.212+0000] {processor.py:183} INFO - Processing /opt/airflow/dags/main.py took 0.160 seconds
[2026-02-18T00:36:28.322+0000] {processor.py:161} INFO - Started process (PID=2445) to work on /opt/airflow/dags/main.py
[2026-02-18T00:36:28.323+0000] {processor.py:830} INFO - Processing file /opt/airflow/dags/main.py for tasks to queue
[2026-02-18T00:36:28.325+0000] {logging_mixin.py:188} INFO - [2026-02-18T00:36:28.325+0000] {dagbag.py:545} INFO - Filling up the DagBag from /opt/airflow/dags/main.py
[2026-02-18T00:36:28.396+0000] {processor.py:840} INFO - DAG(s) 'produce_json', 'update_db' retrieved from /opt/airflow/dags/main.py
[2026-02-18T00:36:28.429+0000] {logging_mixin.py:188} INFO - [2026-02-18T00:36:28.429+0000] {dag.py:3096} INFO - Sync 2 DAGs
[2026-02-18T00:36:28.451+0000] {logging_mixin.py:188} INFO - [2026-02-18T00:36:28.451+0000] {dag.py:3954} INFO - Setting next_dagrun for produce_json to 2026-02-17 14:00:00+00:00, run_after=2026-02-18 14:00:00+00:00
[2026-02-18T00:36:28.456+0000] {logging_mixin.py:188} INFO - [2026-02-18T00:36:28.455+0000] {dag.py:3954} INFO - Setting next_dagrun for update_db to 2026-02-16 15:00:00+00:00, run_after=2026-02-17 15:00:00+00:00
[2026-02-18T00:36:28.484+0000] {processor.py:183} INFO - Processing /opt/airflow/dags/main.py took 0.167 seconds
[2026-02-18T00:36:58.705+0000] {processor.py:161} INFO - Started process (PID=2452) to work on /opt/airflow/dags/main.py
[2026-02-18T00:36:58.707+0000] {processor.py:830} INFO - Processing file /opt/airflow/dags/main.py for tasks to queue
[2026-02-18T00:36:58.710+0000] {logging_mixin.py:188} INFO - [2026-02-18T00:36:58.709+0000] {dagbag.py:545} INFO - Filling up the DagBag from /opt/airflow/dags/main.py
[2026-02-18T00:36:58.800+0000] {processor.py:840} INFO - DAG(s) 'produce_json', 'update_db' retrieved from /opt/airflow/dags/main.py
[2026-02-18T00:36:58.831+0000] {logging_mixin.py:188} INFO - [2026-02-18T00:36:58.831+0000] {dag.py:3096} INFO - Sync 2 DAGs
[2026-02-18T00:36:58.850+0000] {logging_mixin.py:188} INFO - [2026-02-18T00:36:58.850+0000] {dag.py:3954} INFO - Setting next_dagrun for produce_json to 2026-02-17 14:00:00+00:00, run_after=2026-02-18 14:00:00+00:00
[2026-02-18T00:36:58.855+0000] {logging_mixin.py:188} INFO - [2026-02-18T00:36:58.855+0000] {dag.py:3954} INFO - Setting next_dagrun for update_db to 2026-02-16 15:00:00+00:00, run_after=2026-02-17 15:00:00+00:00
[2026-02-18T00:36:58.874+0000] {processor.py:183} INFO - Processing /opt/airflow/dags/main.py took 0.174 seconds
[2026-02-18T00:37:28.996+0000] {processor.py:161} INFO - Started process (PID=2459) to work on /opt/airflow/dags/main.py
[2026-02-18T00:37:28.997+0000] {processor.py:830} INFO - Processing file /opt/airflow/dags/main.py for tasks to queue
[2026-02-18T00:37:28.999+0000] {logging_mixin.py:188} INFO - [2026-02-18T00:37:28.999+0000] {dagbag.py:545} INFO - Filling up the DagBag from /opt/airflow/dags/main.py
[2026-02-18T00:37:29.067+0000] {processor.py:840} INFO - DAG(s) 'update_db', 'produce_json' retrieved from /opt/airflow/dags/main.py
[2026-02-18T00:37:29.102+0000] {logging_mixin.py:188} INFO - [2026-02-18T00:37:29.101+0000] {dag.py:3096} INFO - Sync 2 DAGs
[2026-02-18T00:37:29.121+0000] {logging_mixin.py:188} INFO - [2026-02-18T00:37:29.121+0000] {dag.py:3954} INFO - Setting next_dagrun for produce_json to 2026-02-17 14:00:00+00:00, run_after=2026-02-18 14:00:00+00:00
[2026-02-18T00:37:29.126+0000] {logging_mixin.py:188} INFO - [2026-02-18T00:37:29.126+0000] {dag.py:3954} INFO - Setting next_dagrun for update_db to 2026-02-16 15:00:00+00:00, run_after=2026-02-17 15:00:00+00:00
[2026-02-18T00:37:29.145+0000] {processor.py:183} INFO - Processing /opt/airflow/dags/main.py took 0.154 seconds
[2026-02-18T00:37:59.393+0000] {processor.py:161} INFO - Started process (PID=2466) to work on /opt/airflow/dags/main.py
[2026-02-18T00:37:59.394+0000] {processor.py:830} INFO - Processing file /opt/airflow/dags/main.py for tasks to queue
[2026-02-18T00:37:59.397+0000] {logging_mixin.py:188} INFO - [2026-02-18T00:37:59.396+0000] {dagbag.py:545} INFO - Filling up the DagBag from /opt/airflow/dags/main.py
[2026-02-18T00:37:59.470+0000] {processor.py:840} INFO - DAG(s) 'produce_json', 'update_db' retrieved from /opt/airflow/dags/main.py
[2026-02-18T00:37:59.499+0000] {logging_mixin.py:188} INFO - [2026-02-18T00:37:59.499+0000] {dag.py:3096} INFO - Sync 2 DAGs
[2026-02-18T00:37:59.519+0000] {logging_mixin.py:188} INFO - [2026-02-18T00:37:59.519+0000] {dag.py:3954} INFO - Setting next_dagrun for produce_json to 2026-02-17 14:00:00+00:00, run_after=2026-02-18 14:00:00+00:00
[2026-02-18T00:37:59.524+0000] {logging_mixin.py:188} INFO - [2026-02-18T00:37:59.524+0000] {dag.py:3954} INFO - Setting next_dagrun for update_db to 2026-02-16 15:00:00+00:00, run_after=2026-02-17 15:00:00+00:00
[2026-02-18T00:37:59.553+0000] {processor.py:183} INFO - Processing /opt/airflow/dags/main.py took 0.165 seconds
[2026-02-18T00:38:29.662+0000] {processor.py:161} INFO - Started process (PID=2473) to work on /opt/airflow/dags/main.py
[2026-02-18T00:38:29.664+0000] {processor.py:830} INFO - Processing file /opt/airflow/dags/main.py for tasks to queue
[2026-02-18T00:38:29.666+0000] {logging_mixin.py:188} INFO - [2026-02-18T00:38:29.665+0000] {dagbag.py:545} INFO - Filling up the DagBag from /opt/airflow/dags/main.py
[2026-02-18T00:38:29.764+0000] {processor.py:840} INFO - DAG(s) 'produce_json', 'update_db' retrieved from /opt/airflow/dags/main.py
[2026-02-18T00:38:29.796+0000] {logging_mixin.py:188} INFO - [2026-02-18T00:38:29.796+0000] {dag.py:3096} INFO - Sync 2 DAGs
[2026-02-18T00:38:29.824+0000] {logging_mixin.py:188} INFO - [2026-02-18T00:38:29.824+0000] {dag.py:3954} INFO - Setting next_dagrun for produce_json to 2026-02-17 14:00:00+00:00, run_after=2026-02-18 14:00:00+00:00
[2026-02-18T00:38:29.829+0000] {logging_mixin.py:188} INFO - [2026-02-18T00:38:29.829+0000] {dag.py:3954} INFO - Setting next_dagrun for update_db to 2026-02-16 15:00:00+00:00, run_after=2026-02-17 15:00:00+00:00
[2026-02-18T00:38:29.855+0000] {processor.py:183} INFO - Processing /opt/airflow/dags/main.py took 0.198 seconds
[2026-02-18T00:39:00.006+0000] {processor.py:161} INFO - Started process (PID=2480) to work on /opt/airflow/dags/main.py
[2026-02-18T00:39:00.007+0000] {processor.py:830} INFO - Processing file /opt/airflow/dags/main.py for tasks to queue
[2026-02-18T00:39:00.009+0000] {logging_mixin.py:188} INFO - [2026-02-18T00:39:00.009+0000] {dagbag.py:545} INFO - Filling up the DagBag from /opt/airflow/dags/main.py
[2026-02-18T00:39:00.093+0000] {processor.py:840} INFO - DAG(s) 'produce_json', 'update_db' retrieved from /opt/airflow/dags/main.py
[2026-02-18T00:39:00.123+0000] {logging_mixin.py:188} INFO - [2026-02-18T00:39:00.123+0000] {dag.py:3096} INFO - Sync 2 DAGs
[2026-02-18T00:39:00.155+0000] {logging_mixin.py:188} INFO - [2026-02-18T00:39:00.155+0000] {dag.py:3954} INFO - Setting next_dagrun for produce_json to 2026-02-17 14:00:00+00:00, run_after=2026-02-18 14:00:00+00:00
[2026-02-18T00:39:00.160+0000] {logging_mixin.py:188} INFO - [2026-02-18T00:39:00.160+0000] {dag.py:3954} INFO - Setting next_dagrun for update_db to 2026-02-16 15:00:00+00:00, run_after=2026-02-17 15:00:00+00:00
[2026-02-18T00:39:00.179+0000] {processor.py:183} INFO - Processing /opt/airflow/dags/main.py took 0.182 seconds
[2026-02-18T00:39:30.329+0000] {processor.py:161} INFO - Started process (PID=2487) to work on /opt/airflow/dags/main.py
[2026-02-18T00:39:30.330+0000] {processor.py:830} INFO - Processing file /opt/airflow/dags/main.py for tasks to queue
[2026-02-18T00:39:30.331+0000] {logging_mixin.py:188} INFO - [2026-02-18T00:39:30.331+0000] {dagbag.py:545} INFO - Filling up the DagBag from /opt/airflow/dags/main.py
[2026-02-18T00:39:30.397+0000] {processor.py:840} INFO - DAG(s) 'produce_json', 'update_db' retrieved from /opt/airflow/dags/main.py
[2026-02-18T00:39:30.425+0000] {logging_mixin.py:188} INFO - [2026-02-18T00:39:30.425+0000] {dag.py:3096} INFO - Sync 2 DAGs
[2026-02-18T00:39:30.446+0000] {logging_mixin.py:188} INFO - [2026-02-18T00:39:30.445+0000] {dag.py:3954} INFO - Setting next_dagrun for produce_json to 2026-02-17 14:00:00+00:00, run_after=2026-02-18 14:00:00+00:00
[2026-02-18T00:39:30.450+0000] {logging_mixin.py:188} INFO - [2026-02-18T00:39:30.450+0000] {dag.py:3954} INFO - Setting next_dagrun for update_db to 2026-02-16 15:00:00+00:00, run_after=2026-02-17 15:00:00+00:00
[2026-02-18T00:39:30.479+0000] {processor.py:183} INFO - Processing /opt/airflow/dags/main.py took 0.156 seconds
[2026-02-18T00:40:00.683+0000] {processor.py:161} INFO - Started process (PID=2494) to work on /opt/airflow/dags/main.py
[2026-02-18T00:40:00.684+0000] {processor.py:830} INFO - Processing file /opt/airflow/dags/main.py for tasks to queue
[2026-02-18T00:40:00.686+0000] {logging_mixin.py:188} INFO - [2026-02-18T00:40:00.686+0000] {dagbag.py:545} INFO - Filling up the DagBag from /opt/airflow/dags/main.py
[2026-02-18T00:40:00.756+0000] {processor.py:840} INFO - DAG(s) 'update_db', 'produce_json' retrieved from /opt/airflow/dags/main.py
[2026-02-18T00:40:00.788+0000] {logging_mixin.py:188} INFO - [2026-02-18T00:40:00.787+0000] {dag.py:3096} INFO - Sync 2 DAGs
[2026-02-18T00:40:00.811+0000] {logging_mixin.py:188} INFO - [2026-02-18T00:40:00.811+0000] {dag.py:3954} INFO - Setting next_dagrun for produce_json to 2026-02-17 14:00:00+00:00, run_after=2026-02-18 14:00:00+00:00
[2026-02-18T00:40:00.818+0000] {logging_mixin.py:188} INFO - [2026-02-18T00:40:00.817+0000] {dag.py:3954} INFO - Setting next_dagrun for update_db to 2026-02-16 15:00:00+00:00, run_after=2026-02-17 15:00:00+00:00
[2026-02-18T00:40:00.847+0000] {processor.py:183} INFO - Processing /opt/airflow/dags/main.py took 0.170 seconds
[2026-02-18T00:40:31.072+0000] {processor.py:161} INFO - Started process (PID=2501) to work on /opt/airflow/dags/main.py
[2026-02-18T00:40:31.073+0000] {processor.py:830} INFO - Processing file /opt/airflow/dags/main.py for tasks to queue
[2026-02-18T00:40:31.076+0000] {logging_mixin.py:188} INFO - [2026-02-18T00:40:31.076+0000] {dagbag.py:545} INFO - Filling up the DagBag from /opt/airflow/dags/main.py
[2026-02-18T00:40:31.173+0000] {processor.py:840} INFO - DAG(s) 'update_db', 'produce_json' retrieved from /opt/airflow/dags/main.py
[2026-02-18T00:40:31.207+0000] {logging_mixin.py:188} INFO - [2026-02-18T00:40:31.207+0000] {dag.py:3096} INFO - Sync 2 DAGs
[2026-02-18T00:40:31.234+0000] {logging_mixin.py:188} INFO - [2026-02-18T00:40:31.234+0000] {dag.py:3954} INFO - Setting next_dagrun for produce_json to 2026-02-17 14:00:00+00:00, run_after=2026-02-18 14:00:00+00:00
[2026-02-18T00:40:31.240+0000] {logging_mixin.py:188} INFO - [2026-02-18T00:40:31.239+0000] {dag.py:3954} INFO - Setting next_dagrun for update_db to 2026-02-16 15:00:00+00:00, run_after=2026-02-17 15:00:00+00:00
[2026-02-18T00:40:31.260+0000] {processor.py:183} INFO - Processing /opt/airflow/dags/main.py took 0.197 seconds
[2026-02-18T00:41:01.327+0000] {processor.py:161} INFO - Started process (PID=2508) to work on /opt/airflow/dags/main.py
[2026-02-18T00:41:01.328+0000] {processor.py:830} INFO - Processing file /opt/airflow/dags/main.py for tasks to queue
[2026-02-18T00:41:01.330+0000] {logging_mixin.py:188} INFO - [2026-02-18T00:41:01.330+0000] {dagbag.py:545} INFO - Filling up the DagBag from /opt/airflow/dags/main.py
[2026-02-18T00:41:01.406+0000] {processor.py:840} INFO - DAG(s) 'update_db', 'produce_json' retrieved from /opt/airflow/dags/main.py
[2026-02-18T00:41:01.434+0000] {logging_mixin.py:188} INFO - [2026-02-18T00:41:01.434+0000] {dag.py:3096} INFO - Sync 2 DAGs
[2026-02-18T00:41:01.455+0000] {logging_mixin.py:188} INFO - [2026-02-18T00:41:01.455+0000] {dag.py:3954} INFO - Setting next_dagrun for produce_json to 2026-02-17 14:00:00+00:00, run_after=2026-02-18 14:00:00+00:00
[2026-02-18T00:41:01.460+0000] {logging_mixin.py:188} INFO - [2026-02-18T00:41:01.460+0000] {dag.py:3954} INFO - Setting next_dagrun for update_db to 2026-02-16 15:00:00+00:00, run_after=2026-02-17 15:00:00+00:00
[2026-02-18T00:41:01.491+0000] {processor.py:183} INFO - Processing /opt/airflow/dags/main.py took 0.169 seconds
[2026-02-18T00:41:31.780+0000] {processor.py:161} INFO - Started process (PID=2515) to work on /opt/airflow/dags/main.py
[2026-02-18T00:41:31.781+0000] {processor.py:830} INFO - Processing file /opt/airflow/dags/main.py for tasks to queue
[2026-02-18T00:41:31.782+0000] {logging_mixin.py:188} INFO - [2026-02-18T00:41:31.782+0000] {dagbag.py:545} INFO - Filling up the DagBag from /opt/airflow/dags/main.py
[2026-02-18T00:41:31.846+0000] {processor.py:840} INFO - DAG(s) 'produce_json', 'update_db' retrieved from /opt/airflow/dags/main.py
[2026-02-18T00:41:31.873+0000] {logging_mixin.py:188} INFO - [2026-02-18T00:41:31.873+0000] {dag.py:3096} INFO - Sync 2 DAGs
[2026-02-18T00:41:31.892+0000] {logging_mixin.py:188} INFO - [2026-02-18T00:41:31.892+0000] {dag.py:3954} INFO - Setting next_dagrun for produce_json to 2026-02-17 14:00:00+00:00, run_after=2026-02-18 14:00:00+00:00
[2026-02-18T00:41:31.896+0000] {logging_mixin.py:188} INFO - [2026-02-18T00:41:31.896+0000] {dag.py:3954} INFO - Setting next_dagrun for update_db to 2026-02-16 15:00:00+00:00, run_after=2026-02-17 15:00:00+00:00
[2026-02-18T00:41:31.927+0000] {processor.py:183} INFO - Processing /opt/airflow/dags/main.py took 0.153 seconds
[2026-02-18T00:42:02.041+0000] {processor.py:161} INFO - Started process (PID=2522) to work on /opt/airflow/dags/main.py
[2026-02-18T00:42:02.042+0000] {processor.py:830} INFO - Processing file /opt/airflow/dags/main.py for tasks to queue
[2026-02-18T00:42:02.044+0000] {logging_mixin.py:188} INFO - [2026-02-18T00:42:02.043+0000] {dagbag.py:545} INFO - Filling up the DagBag from /opt/airflow/dags/main.py
[2026-02-18T00:42:02.121+0000] {processor.py:840} INFO - DAG(s) 'produce_json', 'update_db' retrieved from /opt/airflow/dags/main.py
[2026-02-18T00:42:02.153+0000] {logging_mixin.py:188} INFO - [2026-02-18T00:42:02.153+0000] {dag.py:3096} INFO - Sync 2 DAGs
[2026-02-18T00:42:02.177+0000] {logging_mixin.py:188} INFO - [2026-02-18T00:42:02.177+0000] {dag.py:3954} INFO - Setting next_dagrun for produce_json to 2026-02-17 14:00:00+00:00, run_after=2026-02-18 14:00:00+00:00
[2026-02-18T00:42:02.182+0000] {logging_mixin.py:188} INFO - [2026-02-18T00:42:02.182+0000] {dag.py:3954} INFO - Setting next_dagrun for update_db to 2026-02-16 15:00:00+00:00, run_after=2026-02-17 15:00:00+00:00
[2026-02-18T00:42:02.202+0000] {processor.py:183} INFO - Processing /opt/airflow/dags/main.py took 0.166 seconds
[2026-02-18T00:42:32.446+0000] {processor.py:161} INFO - Started process (PID=2529) to work on /opt/airflow/dags/main.py
[2026-02-18T00:42:32.447+0000] {processor.py:830} INFO - Processing file /opt/airflow/dags/main.py for tasks to queue
[2026-02-18T00:42:32.450+0000] {logging_mixin.py:188} INFO - [2026-02-18T00:42:32.449+0000] {dagbag.py:545} INFO - Filling up the DagBag from /opt/airflow/dags/main.py
[2026-02-18T00:42:32.520+0000] {processor.py:840} INFO - DAG(s) 'update_db', 'produce_json' retrieved from /opt/airflow/dags/main.py
[2026-02-18T00:42:32.549+0000] {logging_mixin.py:188} INFO - [2026-02-18T00:42:32.548+0000] {dag.py:3096} INFO - Sync 2 DAGs
[2026-02-18T00:42:32.569+0000] {logging_mixin.py:188} INFO - [2026-02-18T00:42:32.569+0000] {dag.py:3954} INFO - Setting next_dagrun for produce_json to 2026-02-17 14:00:00+00:00, run_after=2026-02-18 14:00:00+00:00
[2026-02-18T00:42:32.574+0000] {logging_mixin.py:188} INFO - [2026-02-18T00:42:32.574+0000] {dag.py:3954} INFO - Setting next_dagrun for update_db to 2026-02-16 15:00:00+00:00, run_after=2026-02-17 15:00:00+00:00
[2026-02-18T00:42:32.593+0000] {processor.py:183} INFO - Processing /opt/airflow/dags/main.py took 0.152 seconds
[2026-02-18T00:43:02.746+0000] {processor.py:161} INFO - Started process (PID=2536) to work on /opt/airflow/dags/main.py
[2026-02-18T00:43:02.747+0000] {processor.py:830} INFO - Processing file /opt/airflow/dags/main.py for tasks to queue
[2026-02-18T00:43:02.749+0000] {logging_mixin.py:188} INFO - [2026-02-18T00:43:02.749+0000] {dagbag.py:545} INFO - Filling up the DagBag from /opt/airflow/dags/main.py
[2026-02-18T00:43:02.825+0000] {processor.py:840} INFO - DAG(s) 'produce_json', 'update_db' retrieved from /opt/airflow/dags/main.py
[2026-02-18T00:43:02.852+0000] {logging_mixin.py:188} INFO - [2026-02-18T00:43:02.852+0000] {dag.py:3096} INFO - Sync 2 DAGs
[2026-02-18T00:43:02.871+0000] {logging_mixin.py:188} INFO - [2026-02-18T00:43:02.871+0000] {dag.py:3954} INFO - Setting next_dagrun for produce_json to 2026-02-17 14:00:00+00:00, run_after=2026-02-18 14:00:00+00:00
[2026-02-18T00:43:02.876+0000] {logging_mixin.py:188} INFO - [2026-02-18T00:43:02.876+0000] {dag.py:3954} INFO - Setting next_dagrun for update_db to 2026-02-16 15:00:00+00:00, run_after=2026-02-17 15:00:00+00:00
[2026-02-18T00:43:02.905+0000] {processor.py:183} INFO - Processing /opt/airflow/dags/main.py took 0.167 seconds
[2026-02-18T00:43:34.555+0000] {processor.py:161} INFO - Started process (PID=2543) to work on /opt/airflow/dags/main.py
[2026-02-18T00:43:34.556+0000] {processor.py:830} INFO - Processing file /opt/airflow/dags/main.py for tasks to queue
[2026-02-18T00:43:34.568+0000] {logging_mixin.py:188} INFO - [2026-02-18T00:43:34.567+0000] {dagbag.py:545} INFO - Filling up the DagBag from /opt/airflow/dags/main.py
[2026-02-18T00:43:34.888+0000] {processor.py:840} INFO - DAG(s) 'produce_json', 'update_db' retrieved from /opt/airflow/dags/main.py
[2026-02-18T00:43:34.967+0000] {logging_mixin.py:188} INFO - [2026-02-18T00:43:34.967+0000] {dag.py:3096} INFO - Sync 2 DAGs
[2026-02-18T00:43:35.005+0000] {logging_mixin.py:188} INFO - [2026-02-18T00:43:35.004+0000] {dag.py:3954} INFO - Setting next_dagrun for produce_json to 2026-02-17 14:00:00+00:00, run_after=2026-02-18 14:00:00+00:00
[2026-02-18T00:43:35.011+0000] {logging_mixin.py:188} INFO - [2026-02-18T00:43:35.011+0000] {dag.py:3954} INFO - Setting next_dagrun for update_db to 2026-02-16 15:00:00+00:00, run_after=2026-02-17 15:00:00+00:00
[2026-02-18T00:43:35.045+0000] {processor.py:183} INFO - Processing /opt/airflow/dags/main.py took 0.499 seconds
[2026-02-18T00:44:05.450+0000] {processor.py:161} INFO - Started process (PID=2550) to work on /opt/airflow/dags/main.py
[2026-02-18T00:44:05.451+0000] {processor.py:830} INFO - Processing file /opt/airflow/dags/main.py for tasks to queue
[2026-02-18T00:44:05.453+0000] {logging_mixin.py:188} INFO - [2026-02-18T00:44:05.453+0000] {dagbag.py:545} INFO - Filling up the DagBag from /opt/airflow/dags/main.py
[2026-02-18T00:44:05.547+0000] {processor.py:840} INFO - DAG(s) 'produce_json', 'update_db' retrieved from /opt/airflow/dags/main.py
[2026-02-18T00:44:05.587+0000] {logging_mixin.py:188} INFO - [2026-02-18T00:44:05.586+0000] {dag.py:3096} INFO - Sync 2 DAGs
[2026-02-18T00:44:05.613+0000] {logging_mixin.py:188} INFO - [2026-02-18T00:44:05.613+0000] {dag.py:3954} INFO - Setting next_dagrun for produce_json to 2026-02-17 14:00:00+00:00, run_after=2026-02-18 14:00:00+00:00
[2026-02-18T00:44:05.618+0000] {logging_mixin.py:188} INFO - [2026-02-18T00:44:05.618+0000] {dag.py:3954} INFO - Setting next_dagrun for update_db to 2026-02-16 15:00:00+00:00, run_after=2026-02-17 15:00:00+00:00
[2026-02-18T00:44:05.650+0000] {processor.py:183} INFO - Processing /opt/airflow/dags/main.py took 0.206 seconds
[2026-02-18T00:44:35.695+0000] {processor.py:161} INFO - Started process (PID=2557) to work on /opt/airflow/dags/main.py
[2026-02-18T00:44:35.696+0000] {processor.py:830} INFO - Processing file /opt/airflow/dags/main.py for tasks to queue
[2026-02-18T00:44:35.699+0000] {logging_mixin.py:188} INFO - [2026-02-18T00:44:35.698+0000] {dagbag.py:545} INFO - Filling up the DagBag from /opt/airflow/dags/main.py
[2026-02-18T00:44:35.767+0000] {processor.py:840} INFO - DAG(s) 'produce_json', 'update_db' retrieved from /opt/airflow/dags/main.py
[2026-02-18T00:44:35.795+0000] {logging_mixin.py:188} INFO - [2026-02-18T00:44:35.795+0000] {dag.py:3096} INFO - Sync 2 DAGs
[2026-02-18T00:44:35.814+0000] {logging_mixin.py:188} INFO - [2026-02-18T00:44:35.814+0000] {dag.py:3954} INFO - Setting next_dagrun for produce_json to 2026-02-17 14:00:00+00:00, run_after=2026-02-18 14:00:00+00:00
[2026-02-18T00:44:35.819+0000] {logging_mixin.py:188} INFO - [2026-02-18T00:44:35.818+0000] {dag.py:3954} INFO - Setting next_dagrun for update_db to 2026-02-16 15:00:00+00:00, run_after=2026-02-17 15:00:00+00:00
[2026-02-18T00:44:35.849+0000] {processor.py:183} INFO - Processing /opt/airflow/dags/main.py took 0.160 seconds
[2026-02-18T00:45:06.133+0000] {processor.py:161} INFO - Started process (PID=2565) to work on /opt/airflow/dags/main.py
[2026-02-18T00:45:06.134+0000] {processor.py:830} INFO - Processing file /opt/airflow/dags/main.py for tasks to queue
[2026-02-18T00:45:06.136+0000] {logging_mixin.py:188} INFO - [2026-02-18T00:45:06.136+0000] {dagbag.py:545} INFO - Filling up the DagBag from /opt/airflow/dags/main.py
[2026-02-18T00:45:06.206+0000] {processor.py:840} INFO - DAG(s) 'produce_json', 'update_db' retrieved from /opt/airflow/dags/main.py
[2026-02-18T00:45:06.234+0000] {logging_mixin.py:188} INFO - [2026-02-18T00:45:06.233+0000] {dag.py:3096} INFO - Sync 2 DAGs
[2026-02-18T00:45:06.254+0000] {logging_mixin.py:188} INFO - [2026-02-18T00:45:06.253+0000] {dag.py:3954} INFO - Setting next_dagrun for produce_json to 2026-02-17 14:00:00+00:00, run_after=2026-02-18 14:00:00+00:00
[2026-02-18T00:45:06.259+0000] {logging_mixin.py:188} INFO - [2026-02-18T00:45:06.259+0000] {dag.py:3954} INFO - Setting next_dagrun for update_db to 2026-02-16 15:00:00+00:00, run_after=2026-02-17 15:00:00+00:00
[2026-02-18T00:45:06.280+0000] {processor.py:183} INFO - Processing /opt/airflow/dags/main.py took 0.151 seconds
[2026-02-18T00:45:36.500+0000] {processor.py:161} INFO - Started process (PID=2572) to work on /opt/airflow/dags/main.py
[2026-02-18T00:45:36.501+0000] {processor.py:830} INFO - Processing file /opt/airflow/dags/main.py for tasks to queue
[2026-02-18T00:45:36.503+0000] {logging_mixin.py:188} INFO - [2026-02-18T00:45:36.502+0000] {dagbag.py:545} INFO - Filling up the DagBag from /opt/airflow/dags/main.py
[2026-02-18T00:45:36.582+0000] {processor.py:840} INFO - DAG(s) 'produce_json', 'update_db' retrieved from /opt/airflow/dags/main.py
[2026-02-18T00:45:36.610+0000] {logging_mixin.py:188} INFO - [2026-02-18T00:45:36.610+0000] {dag.py:3096} INFO - Sync 2 DAGs
[2026-02-18T00:45:36.630+0000] {logging_mixin.py:188} INFO - [2026-02-18T00:45:36.630+0000] {dag.py:3954} INFO - Setting next_dagrun for produce_json to 2026-02-17 14:00:00+00:00, run_after=2026-02-18 14:00:00+00:00
[2026-02-18T00:45:36.634+0000] {logging_mixin.py:188} INFO - [2026-02-18T00:45:36.634+0000] {dag.py:3954} INFO - Setting next_dagrun for update_db to 2026-02-16 15:00:00+00:00, run_after=2026-02-17 15:00:00+00:00
[2026-02-18T00:45:36.655+0000] {processor.py:183} INFO - Processing /opt/airflow/dags/main.py took 0.160 seconds
[2026-02-18T00:46:06.766+0000] {processor.py:161} INFO - Started process (PID=2579) to work on /opt/airflow/dags/main.py
[2026-02-18T00:46:06.767+0000] {processor.py:830} INFO - Processing file /opt/airflow/dags/main.py for tasks to queue
[2026-02-18T00:46:06.769+0000] {logging_mixin.py:188} INFO - [2026-02-18T00:46:06.769+0000] {dagbag.py:545} INFO - Filling up the DagBag from /opt/airflow/dags/main.py
[2026-02-18T00:46:06.845+0000] {processor.py:840} INFO - DAG(s) 'produce_json', 'update_db' retrieved from /opt/airflow/dags/main.py
[2026-02-18T00:46:06.879+0000] {logging_mixin.py:188} INFO - [2026-02-18T00:46:06.878+0000] {dag.py:3096} INFO - Sync 2 DAGs
[2026-02-18T00:46:06.902+0000] {logging_mixin.py:188} INFO - [2026-02-18T00:46:06.902+0000] {dag.py:3954} INFO - Setting next_dagrun for produce_json to 2026-02-17 14:00:00+00:00, run_after=2026-02-18 14:00:00+00:00
[2026-02-18T00:46:06.908+0000] {logging_mixin.py:188} INFO - [2026-02-18T00:46:06.908+0000] {dag.py:3954} INFO - Setting next_dagrun for update_db to 2026-02-16 15:00:00+00:00, run_after=2026-02-17 15:00:00+00:00
[2026-02-18T00:46:06.929+0000] {processor.py:183} INFO - Processing /opt/airflow/dags/main.py took 0.167 seconds
[2026-02-18T00:46:37.141+0000] {processor.py:161} INFO - Started process (PID=2586) to work on /opt/airflow/dags/main.py
[2026-02-18T00:46:37.142+0000] {processor.py:830} INFO - Processing file /opt/airflow/dags/main.py for tasks to queue
[2026-02-18T00:46:37.144+0000] {logging_mixin.py:188} INFO - [2026-02-18T00:46:37.144+0000] {dagbag.py:545} INFO - Filling up the DagBag from /opt/airflow/dags/main.py
[2026-02-18T00:46:37.223+0000] {processor.py:840} INFO - DAG(s) 'update_db', 'produce_json' retrieved from /opt/airflow/dags/main.py
[2026-02-18T00:46:37.253+0000] {logging_mixin.py:188} INFO - [2026-02-18T00:46:37.253+0000] {dag.py:3096} INFO - Sync 2 DAGs
[2026-02-18T00:46:37.273+0000] {logging_mixin.py:188} INFO - [2026-02-18T00:46:37.273+0000] {dag.py:3954} INFO - Setting next_dagrun for produce_json to 2026-02-17 14:00:00+00:00, run_after=2026-02-18 14:00:00+00:00
[2026-02-18T00:46:37.278+0000] {logging_mixin.py:188} INFO - [2026-02-18T00:46:37.278+0000] {dag.py:3954} INFO - Setting next_dagrun for update_db to 2026-02-16 15:00:00+00:00, run_after=2026-02-17 15:00:00+00:00
[2026-02-18T00:46:37.297+0000] {processor.py:183} INFO - Processing /opt/airflow/dags/main.py took 0.161 seconds
[2026-02-18T00:47:07.427+0000] {processor.py:161} INFO - Started process (PID=2593) to work on /opt/airflow/dags/main.py
[2026-02-18T00:47:07.428+0000] {processor.py:830} INFO - Processing file /opt/airflow/dags/main.py for tasks to queue
[2026-02-18T00:47:07.432+0000] {logging_mixin.py:188} INFO - [2026-02-18T00:47:07.431+0000] {dagbag.py:545} INFO - Filling up the DagBag from /opt/airflow/dags/main.py
[2026-02-18T00:47:07.505+0000] {processor.py:840} INFO - DAG(s) 'update_db', 'produce_json' retrieved from /opt/airflow/dags/main.py
[2026-02-18T00:47:07.533+0000] {logging_mixin.py:188} INFO - [2026-02-18T00:47:07.533+0000] {dag.py:3096} INFO - Sync 2 DAGs
[2026-02-18T00:47:07.554+0000] {logging_mixin.py:188} INFO - [2026-02-18T00:47:07.553+0000] {dag.py:3954} INFO - Setting next_dagrun for produce_json to 2026-02-17 14:00:00+00:00, run_after=2026-02-18 14:00:00+00:00
[2026-02-18T00:47:07.559+0000] {logging_mixin.py:188} INFO - [2026-02-18T00:47:07.559+0000] {dag.py:3954} INFO - Setting next_dagrun for update_db to 2026-02-16 15:00:00+00:00, run_after=2026-02-17 15:00:00+00:00
[2026-02-18T00:47:07.579+0000] {processor.py:183} INFO - Processing /opt/airflow/dags/main.py took 0.161 seconds
[2026-02-18T00:47:37.724+0000] {processor.py:161} INFO - Started process (PID=2600) to work on /opt/airflow/dags/main.py
[2026-02-18T00:47:37.725+0000] {processor.py:830} INFO - Processing file /opt/airflow/dags/main.py for tasks to queue
[2026-02-18T00:47:37.727+0000] {logging_mixin.py:188} INFO - [2026-02-18T00:47:37.727+0000] {dagbag.py:545} INFO - Filling up the DagBag from /opt/airflow/dags/main.py
[2026-02-18T00:47:37.879+0000] {processor.py:840} INFO - DAG(s) 'produce_json', 'update_db' retrieved from /opt/airflow/dags/main.py
[2026-02-18T00:47:37.931+0000] {logging_mixin.py:188} INFO - [2026-02-18T00:47:37.930+0000] {dag.py:3096} INFO - Sync 2 DAGs
[2026-02-18T00:47:37.961+0000] {logging_mixin.py:188} INFO - [2026-02-18T00:47:37.961+0000] {dag.py:3954} INFO - Setting next_dagrun for produce_json to 2026-02-17 14:00:00+00:00, run_after=2026-02-18 14:00:00+00:00
[2026-02-18T00:47:37.967+0000] {logging_mixin.py:188} INFO - [2026-02-18T00:47:37.967+0000] {dag.py:3954} INFO - Setting next_dagrun for update_db to 2026-02-16 15:00:00+00:00, run_after=2026-02-17 15:00:00+00:00
[2026-02-18T00:47:37.985+0000] {processor.py:183} INFO - Processing /opt/airflow/dags/main.py took 0.268 seconds
[2026-02-18T00:48:08.271+0000] {processor.py:161} INFO - Started process (PID=2607) to work on /opt/airflow/dags/main.py
[2026-02-18T00:48:08.279+0000] {processor.py:830} INFO - Processing file /opt/airflow/dags/main.py for tasks to queue
[2026-02-18T00:48:08.281+0000] {logging_mixin.py:188} INFO - [2026-02-18T00:48:08.281+0000] {dagbag.py:545} INFO - Filling up the DagBag from /opt/airflow/dags/main.py
[2026-02-18T00:48:08.416+0000] {processor.py:840} INFO - DAG(s) 'update_db', 'produce_json' retrieved from /opt/airflow/dags/main.py
[2026-02-18T00:48:08.453+0000] {logging_mixin.py:188} INFO - [2026-02-18T00:48:08.453+0000] {dag.py:3096} INFO - Sync 2 DAGs
[2026-02-18T00:48:08.481+0000] {logging_mixin.py:188} INFO - [2026-02-18T00:48:08.481+0000] {dag.py:3954} INFO - Setting next_dagrun for produce_json to 2026-02-17 14:00:00+00:00, run_after=2026-02-18 14:00:00+00:00
[2026-02-18T00:48:08.488+0000] {logging_mixin.py:188} INFO - [2026-02-18T00:48:08.488+0000] {dag.py:3954} INFO - Setting next_dagrun for update_db to 2026-02-16 15:00:00+00:00, run_after=2026-02-17 15:00:00+00:00
[2026-02-18T00:48:08.510+0000] {processor.py:183} INFO - Processing /opt/airflow/dags/main.py took 0.258 seconds
[2026-02-18T00:48:38.770+0000] {processor.py:161} INFO - Started process (PID=2614) to work on /opt/airflow/dags/main.py
[2026-02-18T00:48:38.771+0000] {processor.py:830} INFO - Processing file /opt/airflow/dags/main.py for tasks to queue
[2026-02-18T00:48:38.774+0000] {logging_mixin.py:188} INFO - [2026-02-18T00:48:38.773+0000] {dagbag.py:545} INFO - Filling up the DagBag from /opt/airflow/dags/main.py
[2026-02-18T00:48:38.942+0000] {processor.py:840} INFO - DAG(s) 'update_db', 'produce_json' retrieved from /opt/airflow/dags/main.py
[2026-02-18T00:48:39.060+0000] {logging_mixin.py:188} INFO - [2026-02-18T00:48:39.059+0000] {dag.py:3096} INFO - Sync 2 DAGs
[2026-02-18T00:48:39.142+0000] {logging_mixin.py:188} INFO - [2026-02-18T00:48:39.142+0000] {dag.py:3954} INFO - Setting next_dagrun for produce_json to 2026-02-17 14:00:00+00:00, run_after=2026-02-18 14:00:00+00:00
[2026-02-18T00:48:39.150+0000] {logging_mixin.py:188} INFO - [2026-02-18T00:48:39.150+0000] {dag.py:3954} INFO - Setting next_dagrun for update_db to 2026-02-16 15:00:00+00:00, run_after=2026-02-17 15:00:00+00:00
[2026-02-18T00:48:39.213+0000] {processor.py:183} INFO - Processing /opt/airflow/dags/main.py took 0.449 seconds
[2026-02-18T00:49:09.474+0000] {processor.py:161} INFO - Started process (PID=2621) to work on /opt/airflow/dags/main.py
[2026-02-18T00:49:09.475+0000] {processor.py:830} INFO - Processing file /opt/airflow/dags/main.py for tasks to queue
[2026-02-18T00:49:09.477+0000] {logging_mixin.py:188} INFO - [2026-02-18T00:49:09.477+0000] {dagbag.py:545} INFO - Filling up the DagBag from /opt/airflow/dags/main.py
[2026-02-18T00:49:09.571+0000] {processor.py:840} INFO - DAG(s) 'produce_json', 'update_db' retrieved from /opt/airflow/dags/main.py
[2026-02-18T00:49:09.634+0000] {logging_mixin.py:188} INFO - [2026-02-18T00:49:09.633+0000] {dag.py:3096} INFO - Sync 2 DAGs
[2026-02-18T00:49:09.674+0000] {logging_mixin.py:188} INFO - [2026-02-18T00:49:09.674+0000] {dag.py:3954} INFO - Setting next_dagrun for produce_json to 2026-02-17 14:00:00+00:00, run_after=2026-02-18 14:00:00+00:00
[2026-02-18T00:49:09.680+0000] {logging_mixin.py:188} INFO - [2026-02-18T00:49:09.679+0000] {dag.py:3954} INFO - Setting next_dagrun for update_db to 2026-02-16 15:00:00+00:00, run_after=2026-02-17 15:00:00+00:00
[2026-02-18T00:49:09.701+0000] {processor.py:183} INFO - Processing /opt/airflow/dags/main.py took 0.237 seconds
[2026-02-18T00:49:40.029+0000] {processor.py:161} INFO - Started process (PID=2628) to work on /opt/airflow/dags/main.py
[2026-02-18T00:49:40.030+0000] {processor.py:830} INFO - Processing file /opt/airflow/dags/main.py for tasks to queue
[2026-02-18T00:49:40.032+0000] {logging_mixin.py:188} INFO - [2026-02-18T00:49:40.032+0000] {dagbag.py:545} INFO - Filling up the DagBag from /opt/airflow/dags/main.py
[2026-02-18T00:49:40.100+0000] {processor.py:840} INFO - DAG(s) 'produce_json', 'update_db' retrieved from /opt/airflow/dags/main.py
[2026-02-18T00:49:40.130+0000] {logging_mixin.py:188} INFO - [2026-02-18T00:49:40.130+0000] {dag.py:3096} INFO - Sync 2 DAGs
[2026-02-18T00:49:40.150+0000] {logging_mixin.py:188} INFO - [2026-02-18T00:49:40.150+0000] {dag.py:3954} INFO - Setting next_dagrun for produce_json to 2026-02-17 14:00:00+00:00, run_after=2026-02-18 14:00:00+00:00
[2026-02-18T00:49:40.155+0000] {logging_mixin.py:188} INFO - [2026-02-18T00:49:40.155+0000] {dag.py:3954} INFO - Setting next_dagrun for update_db to 2026-02-16 15:00:00+00:00, run_after=2026-02-17 15:00:00+00:00
[2026-02-18T00:49:40.184+0000] {processor.py:183} INFO - Processing /opt/airflow/dags/main.py took 0.160 seconds
[2026-02-18T00:50:10.290+0000] {processor.py:161} INFO - Started process (PID=2635) to work on /opt/airflow/dags/main.py
[2026-02-18T00:50:10.291+0000] {processor.py:830} INFO - Processing file /opt/airflow/dags/main.py for tasks to queue
[2026-02-18T00:50:10.294+0000] {logging_mixin.py:188} INFO - [2026-02-18T00:50:10.293+0000] {dagbag.py:545} INFO - Filling up the DagBag from /opt/airflow/dags/main.py
[2026-02-18T00:50:10.371+0000] {processor.py:840} INFO - DAG(s) 'update_db', 'produce_json' retrieved from /opt/airflow/dags/main.py
[2026-02-18T00:50:10.400+0000] {logging_mixin.py:188} INFO - [2026-02-18T00:50:10.400+0000] {dag.py:3096} INFO - Sync 2 DAGs
[2026-02-18T00:50:10.420+0000] {logging_mixin.py:188} INFO - [2026-02-18T00:50:10.420+0000] {dag.py:3954} INFO - Setting next_dagrun for produce_json to 2026-02-17 14:00:00+00:00, run_after=2026-02-18 14:00:00+00:00
[2026-02-18T00:50:10.425+0000] {logging_mixin.py:188} INFO - [2026-02-18T00:50:10.425+0000] {dag.py:3954} INFO - Setting next_dagrun for update_db to 2026-02-16 15:00:00+00:00, run_after=2026-02-17 15:00:00+00:00
[2026-02-18T00:50:10.445+0000] {processor.py:183} INFO - Processing /opt/airflow/dags/main.py took 0.161 seconds
[2026-02-18T00:50:40.797+0000] {processor.py:161} INFO - Started process (PID=2642) to work on /opt/airflow/dags/main.py
[2026-02-18T00:50:40.798+0000] {processor.py:830} INFO - Processing file /opt/airflow/dags/main.py for tasks to queue
[2026-02-18T00:50:40.801+0000] {logging_mixin.py:188} INFO - [2026-02-18T00:50:40.800+0000] {dagbag.py:545} INFO - Filling up the DagBag from /opt/airflow/dags/main.py
[2026-02-18T00:50:40.877+0000] {processor.py:840} INFO - DAG(s) 'produce_json', 'update_db' retrieved from /opt/airflow/dags/main.py
[2026-02-18T00:50:40.905+0000] {logging_mixin.py:188} INFO - [2026-02-18T00:50:40.904+0000] {dag.py:3096} INFO - Sync 2 DAGs
[2026-02-18T00:50:40.925+0000] {logging_mixin.py:188} INFO - [2026-02-18T00:50:40.924+0000] {dag.py:3954} INFO - Setting next_dagrun for produce_json to 2026-02-17 14:00:00+00:00, run_after=2026-02-18 14:00:00+00:00
[2026-02-18T00:50:40.929+0000] {logging_mixin.py:188} INFO - [2026-02-18T00:50:40.929+0000] {dag.py:3954} INFO - Setting next_dagrun for update_db to 2026-02-16 15:00:00+00:00, run_after=2026-02-17 15:00:00+00:00
[2026-02-18T00:50:40.959+0000] {processor.py:183} INFO - Processing /opt/airflow/dags/main.py took 0.167 seconds
[2026-02-18T00:52:12.393+0000] {processor.py:161} INFO - Started process (PID=61) to work on /opt/airflow/dags/main.py
[2026-02-18T00:52:12.396+0000] {processor.py:830} INFO - Processing file /opt/airflow/dags/main.py for tasks to queue
[2026-02-18T00:52:12.401+0000] {logging_mixin.py:188} INFO - [2026-02-18T00:52:12.400+0000] {dagbag.py:545} INFO - Filling up the DagBag from /opt/airflow/dags/main.py
[2026-02-18T00:52:12.660+0000] {processor.py:840} INFO - DAG(s) 'produce_json', 'update_db' retrieved from /opt/airflow/dags/main.py
[2026-02-18T00:52:13.097+0000] {logging_mixin.py:188} INFO - [2026-02-18T00:52:13.096+0000] {dag.py:3096} INFO - Sync 2 DAGs
[2026-02-18T00:52:13.138+0000] {logging_mixin.py:188} INFO - [2026-02-18T00:52:13.138+0000] {dag.py:3954} INFO - Setting next_dagrun for produce_json to 2026-02-17 14:00:00+00:00, run_after=2026-02-18 14:00:00+00:00
[2026-02-18T00:52:13.144+0000] {logging_mixin.py:188} INFO - [2026-02-18T00:52:13.144+0000] {dag.py:3954} INFO - Setting next_dagrun for update_db to 2026-02-16 15:00:00+00:00, run_after=2026-02-17 15:00:00+00:00
[2026-02-18T00:52:13.175+0000] {processor.py:183} INFO - Processing /opt/airflow/dags/main.py took 0.795 seconds
[2026-02-18T00:52:43.452+0000] {processor.py:161} INFO - Started process (PID=68) to work on /opt/airflow/dags/main.py
[2026-02-18T00:52:43.454+0000] {processor.py:830} INFO - Processing file /opt/airflow/dags/main.py for tasks to queue
[2026-02-18T00:52:43.458+0000] {logging_mixin.py:188} INFO - [2026-02-18T00:52:43.457+0000] {dagbag.py:545} INFO - Filling up the DagBag from /opt/airflow/dags/main.py
[2026-02-18T00:52:43.584+0000] {processor.py:840} INFO - DAG(s) 'produce_json', 'update_db' retrieved from /opt/airflow/dags/main.py
[2026-02-18T00:52:43.641+0000] {logging_mixin.py:188} INFO - [2026-02-18T00:52:43.640+0000] {dag.py:3096} INFO - Sync 2 DAGs
[2026-02-18T00:52:43.681+0000] {logging_mixin.py:188} INFO - [2026-02-18T00:52:43.681+0000] {dag.py:3954} INFO - Setting next_dagrun for produce_json to 2026-02-17 14:00:00+00:00, run_after=2026-02-18 14:00:00+00:00
[2026-02-18T00:52:43.687+0000] {logging_mixin.py:188} INFO - [2026-02-18T00:52:43.687+0000] {dag.py:3954} INFO - Setting next_dagrun for update_db to 2026-02-16 15:00:00+00:00, run_after=2026-02-17 15:00:00+00:00
[2026-02-18T00:52:43.712+0000] {processor.py:183} INFO - Processing /opt/airflow/dags/main.py took 0.268 seconds
[2026-02-18T00:53:13.945+0000] {processor.py:161} INFO - Started process (PID=75) to work on /opt/airflow/dags/main.py
[2026-02-18T00:53:13.946+0000] {processor.py:830} INFO - Processing file /opt/airflow/dags/main.py for tasks to queue
[2026-02-18T00:53:13.949+0000] {logging_mixin.py:188} INFO - [2026-02-18T00:53:13.948+0000] {dagbag.py:545} INFO - Filling up the DagBag from /opt/airflow/dags/main.py
[2026-02-18T00:53:14.020+0000] {processor.py:840} INFO - DAG(s) 'update_db', 'produce_json' retrieved from /opt/airflow/dags/main.py
[2026-02-18T00:53:14.051+0000] {logging_mixin.py:188} INFO - [2026-02-18T00:53:14.051+0000] {dag.py:3096} INFO - Sync 2 DAGs
[2026-02-18T00:53:14.074+0000] {logging_mixin.py:188} INFO - [2026-02-18T00:53:14.073+0000] {dag.py:3954} INFO - Setting next_dagrun for produce_json to 2026-02-17 14:00:00+00:00, run_after=2026-02-18 14:00:00+00:00
[2026-02-18T00:53:14.078+0000] {logging_mixin.py:188} INFO - [2026-02-18T00:53:14.078+0000] {dag.py:3954} INFO - Setting next_dagrun for update_db to 2026-02-16 15:00:00+00:00, run_after=2026-02-17 15:00:00+00:00
[2026-02-18T00:53:14.098+0000] {processor.py:183} INFO - Processing /opt/airflow/dags/main.py took 0.158 seconds
[2026-02-18T00:53:44.176+0000] {processor.py:161} INFO - Started process (PID=82) to work on /opt/airflow/dags/main.py
[2026-02-18T00:53:44.177+0000] {processor.py:830} INFO - Processing file /opt/airflow/dags/main.py for tasks to queue
[2026-02-18T00:53:44.179+0000] {logging_mixin.py:188} INFO - [2026-02-18T00:53:44.179+0000] {dagbag.py:545} INFO - Filling up the DagBag from /opt/airflow/dags/main.py
[2026-02-18T00:53:44.250+0000] {processor.py:840} INFO - DAG(s) 'update_db', 'produce_json' retrieved from /opt/airflow/dags/main.py
[2026-02-18T00:53:44.282+0000] {logging_mixin.py:188} INFO - [2026-02-18T00:53:44.282+0000] {dag.py:3096} INFO - Sync 2 DAGs
[2026-02-18T00:53:44.305+0000] {logging_mixin.py:188} INFO - [2026-02-18T00:53:44.304+0000] {dag.py:3954} INFO - Setting next_dagrun for produce_json to 2026-02-17 14:00:00+00:00, run_after=2026-02-18 14:00:00+00:00
[2026-02-18T00:53:44.310+0000] {logging_mixin.py:188} INFO - [2026-02-18T00:53:44.310+0000] {dag.py:3954} INFO - Setting next_dagrun for update_db to 2026-02-16 15:00:00+00:00, run_after=2026-02-17 15:00:00+00:00
[2026-02-18T00:53:44.332+0000] {processor.py:183} INFO - Processing /opt/airflow/dags/main.py took 0.162 seconds
[2026-02-18T00:54:14.544+0000] {processor.py:161} INFO - Started process (PID=89) to work on /opt/airflow/dags/main.py
[2026-02-18T00:54:14.545+0000] {processor.py:830} INFO - Processing file /opt/airflow/dags/main.py for tasks to queue
[2026-02-18T00:54:14.547+0000] {logging_mixin.py:188} INFO - [2026-02-18T00:54:14.547+0000] {dagbag.py:545} INFO - Filling up the DagBag from /opt/airflow/dags/main.py
[2026-02-18T00:54:14.616+0000] {processor.py:840} INFO - DAG(s) 'update_db', 'produce_json' retrieved from /opt/airflow/dags/main.py
[2026-02-18T00:54:14.647+0000] {logging_mixin.py:188} INFO - [2026-02-18T00:54:14.647+0000] {dag.py:3096} INFO - Sync 2 DAGs
[2026-02-18T00:54:14.668+0000] {logging_mixin.py:188} INFO - [2026-02-18T00:54:14.668+0000] {dag.py:3954} INFO - Setting next_dagrun for produce_json to 2026-02-17 14:00:00+00:00, run_after=2026-02-18 14:00:00+00:00
[2026-02-18T00:54:14.673+0000] {logging_mixin.py:188} INFO - [2026-02-18T00:54:14.673+0000] {dag.py:3954} INFO - Setting next_dagrun for update_db to 2026-02-16 15:00:00+00:00, run_after=2026-02-17 15:00:00+00:00
[2026-02-18T00:54:14.708+0000] {processor.py:183} INFO - Processing /opt/airflow/dags/main.py took 0.170 seconds
[2026-02-18T00:54:44.785+0000] {processor.py:161} INFO - Started process (PID=96) to work on /opt/airflow/dags/main.py
[2026-02-18T00:54:44.786+0000] {processor.py:830} INFO - Processing file /opt/airflow/dags/main.py for tasks to queue
[2026-02-18T00:54:44.789+0000] {logging_mixin.py:188} INFO - [2026-02-18T00:54:44.788+0000] {dagbag.py:545} INFO - Filling up the DagBag from /opt/airflow/dags/main.py
[2026-02-18T00:54:44.925+0000] {processor.py:840} INFO - DAG(s) 'update_db', 'produce_json' retrieved from /opt/airflow/dags/main.py
[2026-02-18T00:54:45.099+0000] {logging_mixin.py:188} INFO - [2026-02-18T00:54:45.099+0000] {dag.py:3096} INFO - Sync 2 DAGs
[2026-02-18T00:54:45.182+0000] {logging_mixin.py:188} INFO - [2026-02-18T00:54:45.182+0000] {dag.py:3954} INFO - Setting next_dagrun for produce_json to 2026-02-17 14:00:00+00:00, run_after=2026-02-18 14:00:00+00:00
[2026-02-18T00:54:45.189+0000] {logging_mixin.py:188} INFO - [2026-02-18T00:54:45.189+0000] {dag.py:3954} INFO - Setting next_dagrun for update_db to 2026-02-16 15:00:00+00:00, run_after=2026-02-17 15:00:00+00:00
[2026-02-18T00:54:45.217+0000] {processor.py:183} INFO - Processing /opt/airflow/dags/main.py took 0.442 seconds
[2026-02-18T00:55:15.462+0000] {processor.py:161} INFO - Started process (PID=103) to work on /opt/airflow/dags/main.py
[2026-02-18T00:55:15.463+0000] {processor.py:830} INFO - Processing file /opt/airflow/dags/main.py for tasks to queue
[2026-02-18T00:55:15.464+0000] {logging_mixin.py:188} INFO - [2026-02-18T00:55:15.464+0000] {dagbag.py:545} INFO - Filling up the DagBag from /opt/airflow/dags/main.py
[2026-02-18T00:55:15.561+0000] {processor.py:840} INFO - DAG(s) 'produce_json', 'update_db' retrieved from /opt/airflow/dags/main.py
[2026-02-18T00:55:15.594+0000] {logging_mixin.py:188} INFO - [2026-02-18T00:55:15.593+0000] {dag.py:3096} INFO - Sync 2 DAGs
[2026-02-18T00:55:15.616+0000] {logging_mixin.py:188} INFO - [2026-02-18T00:55:15.616+0000] {dag.py:3954} INFO - Setting next_dagrun for produce_json to 2026-02-17 14:00:00+00:00, run_after=2026-02-18 14:00:00+00:00
[2026-02-18T00:55:15.622+0000] {logging_mixin.py:188} INFO - [2026-02-18T00:55:15.622+0000] {dag.py:3954} INFO - Setting next_dagrun for update_db to 2026-02-16 15:00:00+00:00, run_after=2026-02-17 15:00:00+00:00
[2026-02-18T00:55:15.639+0000] {processor.py:183} INFO - Processing /opt/airflow/dags/main.py took 0.182 seconds
[2026-02-18T00:55:45.886+0000] {processor.py:161} INFO - Started process (PID=110) to work on /opt/airflow/dags/main.py
[2026-02-18T00:55:45.895+0000] {processor.py:830} INFO - Processing file /opt/airflow/dags/main.py for tasks to queue
[2026-02-18T00:55:45.897+0000] {logging_mixin.py:188} INFO - [2026-02-18T00:55:45.896+0000] {dagbag.py:545} INFO - Filling up the DagBag from /opt/airflow/dags/main.py
[2026-02-18T00:55:45.986+0000] {processor.py:840} INFO - DAG(s) 'update_db', 'produce_json' retrieved from /opt/airflow/dags/main.py
[2026-02-18T00:55:46.031+0000] {logging_mixin.py:188} INFO - [2026-02-18T00:55:46.031+0000] {dag.py:3096} INFO - Sync 2 DAGs
[2026-02-18T00:55:46.052+0000] {logging_mixin.py:188} INFO - [2026-02-18T00:55:46.052+0000] {dag.py:3954} INFO - Setting next_dagrun for produce_json to 2026-02-17 14:00:00+00:00, run_after=2026-02-18 14:00:00+00:00
[2026-02-18T00:55:46.057+0000] {logging_mixin.py:188} INFO - [2026-02-18T00:55:46.057+0000] {dag.py:3954} INFO - Setting next_dagrun for update_db to 2026-02-16 15:00:00+00:00, run_after=2026-02-17 15:00:00+00:00
[2026-02-18T00:55:46.077+0000] {processor.py:183} INFO - Processing /opt/airflow/dags/main.py took 0.238 seconds
[2026-02-18T00:56:16.358+0000] {processor.py:161} INFO - Started process (PID=117) to work on /opt/airflow/dags/main.py
[2026-02-18T00:56:16.359+0000] {processor.py:830} INFO - Processing file /opt/airflow/dags/main.py for tasks to queue
[2026-02-18T00:56:16.361+0000] {logging_mixin.py:188} INFO - [2026-02-18T00:56:16.360+0000] {dagbag.py:545} INFO - Filling up the DagBag from /opt/airflow/dags/main.py
[2026-02-18T00:56:16.429+0000] {processor.py:840} INFO - DAG(s) 'update_db', 'produce_json' retrieved from /opt/airflow/dags/main.py
[2026-02-18T00:56:16.465+0000] {logging_mixin.py:188} INFO - [2026-02-18T00:56:16.465+0000] {dag.py:3096} INFO - Sync 2 DAGs
[2026-02-18T00:56:16.497+0000] {logging_mixin.py:188} INFO - [2026-02-18T00:56:16.497+0000] {dag.py:3954} INFO - Setting next_dagrun for produce_json to 2026-02-17 14:00:00+00:00, run_after=2026-02-18 14:00:00+00:00
[2026-02-18T00:56:16.506+0000] {logging_mixin.py:188} INFO - [2026-02-18T00:56:16.506+0000] {dag.py:3954} INFO - Setting next_dagrun for update_db to 2026-02-16 15:00:00+00:00, run_after=2026-02-17 15:00:00+00:00
[2026-02-18T00:56:16.539+0000] {processor.py:183} INFO - Processing /opt/airflow/dags/main.py took 0.187 seconds
[2026-02-18T00:56:46.650+0000] {processor.py:161} INFO - Started process (PID=124) to work on /opt/airflow/dags/main.py
[2026-02-18T00:56:46.651+0000] {processor.py:830} INFO - Processing file /opt/airflow/dags/main.py for tasks to queue
[2026-02-18T00:56:46.653+0000] {logging_mixin.py:188} INFO - [2026-02-18T00:56:46.653+0000] {dagbag.py:545} INFO - Filling up the DagBag from /opt/airflow/dags/main.py
[2026-02-18T00:56:46.733+0000] {processor.py:840} INFO - DAG(s) 'produce_json', 'update_db' retrieved from /opt/airflow/dags/main.py
[2026-02-18T00:56:46.768+0000] {logging_mixin.py:188} INFO - [2026-02-18T00:56:46.768+0000] {dag.py:3096} INFO - Sync 2 DAGs
[2026-02-18T00:56:46.793+0000] {logging_mixin.py:188} INFO - [2026-02-18T00:56:46.793+0000] {dag.py:3954} INFO - Setting next_dagrun for produce_json to 2026-02-17 14:00:00+00:00, run_after=2026-02-18 14:00:00+00:00
[2026-02-18T00:56:46.798+0000] {logging_mixin.py:188} INFO - [2026-02-18T00:56:46.798+0000] {dag.py:3954} INFO - Setting next_dagrun for update_db to 2026-02-16 15:00:00+00:00, run_after=2026-02-17 15:00:00+00:00
[2026-02-18T00:56:46.826+0000] {processor.py:183} INFO - Processing /opt/airflow/dags/main.py took 0.185 seconds
[2026-02-18T00:57:16.985+0000] {processor.py:161} INFO - Started process (PID=131) to work on /opt/airflow/dags/main.py
[2026-02-18T00:57:16.986+0000] {processor.py:830} INFO - Processing file /opt/airflow/dags/main.py for tasks to queue
[2026-02-18T00:57:16.987+0000] {logging_mixin.py:188} INFO - [2026-02-18T00:57:16.987+0000] {dagbag.py:545} INFO - Filling up the DagBag from /opt/airflow/dags/main.py
[2026-02-18T00:57:17.059+0000] {processor.py:840} INFO - DAG(s) 'produce_json', 'update_db' retrieved from /opt/airflow/dags/main.py
[2026-02-18T00:57:17.091+0000] {logging_mixin.py:188} INFO - [2026-02-18T00:57:17.091+0000] {dag.py:3096} INFO - Sync 2 DAGs
[2026-02-18T00:57:17.114+0000] {logging_mixin.py:188} INFO - [2026-02-18T00:57:17.114+0000] {dag.py:3954} INFO - Setting next_dagrun for produce_json to 2026-02-17 14:00:00+00:00, run_after=2026-02-18 14:00:00+00:00
[2026-02-18T00:57:17.119+0000] {logging_mixin.py:188} INFO - [2026-02-18T00:57:17.119+0000] {dag.py:3954} INFO - Setting next_dagrun for update_db to 2026-02-16 15:00:00+00:00, run_after=2026-02-17 15:00:00+00:00
[2026-02-18T00:57:17.151+0000] {processor.py:183} INFO - Processing /opt/airflow/dags/main.py took 0.171 seconds
[2026-02-18T00:57:47.233+0000] {processor.py:161} INFO - Started process (PID=138) to work on /opt/airflow/dags/main.py
[2026-02-18T00:57:47.234+0000] {processor.py:830} INFO - Processing file /opt/airflow/dags/main.py for tasks to queue
[2026-02-18T00:57:47.236+0000] {logging_mixin.py:188} INFO - [2026-02-18T00:57:47.236+0000] {dagbag.py:545} INFO - Filling up the DagBag from /opt/airflow/dags/main.py
[2026-02-18T00:57:47.309+0000] {processor.py:840} INFO - DAG(s) 'produce_json', 'update_db' retrieved from /opt/airflow/dags/main.py
[2026-02-18T00:57:47.341+0000] {logging_mixin.py:188} INFO - [2026-02-18T00:57:47.341+0000] {dag.py:3096} INFO - Sync 2 DAGs
[2026-02-18T00:57:47.365+0000] {logging_mixin.py:188} INFO - [2026-02-18T00:57:47.365+0000] {dag.py:3954} INFO - Setting next_dagrun for produce_json to 2026-02-17 14:00:00+00:00, run_after=2026-02-18 14:00:00+00:00
[2026-02-18T00:57:47.371+0000] {logging_mixin.py:188} INFO - [2026-02-18T00:57:47.371+0000] {dag.py:3954} INFO - Setting next_dagrun for update_db to 2026-02-16 15:00:00+00:00, run_after=2026-02-17 15:00:00+00:00
[2026-02-18T00:57:47.391+0000] {processor.py:183} INFO - Processing /opt/airflow/dags/main.py took 0.163 seconds
[2026-02-18T00:58:17.654+0000] {processor.py:161} INFO - Started process (PID=145) to work on /opt/airflow/dags/main.py
[2026-02-18T00:58:17.661+0000] {processor.py:830} INFO - Processing file /opt/airflow/dags/main.py for tasks to queue
[2026-02-18T00:58:17.670+0000] {logging_mixin.py:188} INFO - [2026-02-18T00:58:17.669+0000] {dagbag.py:545} INFO - Filling up the DagBag from /opt/airflow/dags/main.py
[2026-02-18T00:58:17.791+0000] {processor.py:840} INFO - DAG(s) 'update_db', 'produce_json' retrieved from /opt/airflow/dags/main.py
[2026-02-18T00:58:17.842+0000] {logging_mixin.py:188} INFO - [2026-02-18T00:58:17.841+0000] {dag.py:3096} INFO - Sync 2 DAGs
[2026-02-18T00:58:17.870+0000] {logging_mixin.py:188} INFO - [2026-02-18T00:58:17.870+0000] {dag.py:3954} INFO - Setting next_dagrun for produce_json to 2026-02-17 14:00:00+00:00, run_after=2026-02-18 14:00:00+00:00
[2026-02-18T00:58:17.875+0000] {logging_mixin.py:188} INFO - [2026-02-18T00:58:17.875+0000] {dag.py:3954} INFO - Setting next_dagrun for update_db to 2026-02-16 15:00:00+00:00, run_after=2026-02-17 15:00:00+00:00
[2026-02-18T00:58:17.891+0000] {processor.py:183} INFO - Processing /opt/airflow/dags/main.py took 0.262 seconds
[2026-02-18T00:58:48.113+0000] {processor.py:161} INFO - Started process (PID=152) to work on /opt/airflow/dags/main.py
[2026-02-18T00:58:48.114+0000] {processor.py:830} INFO - Processing file /opt/airflow/dags/main.py for tasks to queue
[2026-02-18T00:58:48.116+0000] {logging_mixin.py:188} INFO - [2026-02-18T00:58:48.115+0000] {dagbag.py:545} INFO - Filling up the DagBag from /opt/airflow/dags/main.py
[2026-02-18T00:58:48.224+0000] {processor.py:840} INFO - DAG(s) 'produce_json', 'update_db' retrieved from /opt/airflow/dags/main.py
[2026-02-18T00:58:48.261+0000] {logging_mixin.py:188} INFO - [2026-02-18T00:58:48.261+0000] {dag.py:3096} INFO - Sync 2 DAGs
[2026-02-18T00:58:48.291+0000] {logging_mixin.py:188} INFO - [2026-02-18T00:58:48.291+0000] {dag.py:3954} INFO - Setting next_dagrun for produce_json to 2026-02-17 14:00:00+00:00, run_after=2026-02-18 14:00:00+00:00
[2026-02-18T00:58:48.299+0000] {logging_mixin.py:188} INFO - [2026-02-18T00:58:48.299+0000] {dag.py:3954} INFO - Setting next_dagrun for update_db to 2026-02-16 15:00:00+00:00, run_after=2026-02-17 15:00:00+00:00
[2026-02-18T00:58:48.317+0000] {processor.py:183} INFO - Processing /opt/airflow/dags/main.py took 0.210 seconds
[2026-02-18T00:59:18.530+0000] {processor.py:161} INFO - Started process (PID=159) to work on /opt/airflow/dags/main.py
[2026-02-18T00:59:18.531+0000] {processor.py:830} INFO - Processing file /opt/airflow/dags/main.py for tasks to queue
[2026-02-18T00:59:18.534+0000] {logging_mixin.py:188} INFO - [2026-02-18T00:59:18.534+0000] {dagbag.py:545} INFO - Filling up the DagBag from /opt/airflow/dags/main.py
[2026-02-18T00:59:18.619+0000] {processor.py:840} INFO - DAG(s) 'update_db', 'produce_json' retrieved from /opt/airflow/dags/main.py
[2026-02-18T00:59:18.656+0000] {logging_mixin.py:188} INFO - [2026-02-18T00:59:18.656+0000] {dag.py:3096} INFO - Sync 2 DAGs
[2026-02-18T00:59:18.681+0000] {logging_mixin.py:188} INFO - [2026-02-18T00:59:18.681+0000] {dag.py:3954} INFO - Setting next_dagrun for produce_json to 2026-02-17 14:00:00+00:00, run_after=2026-02-18 14:00:00+00:00
[2026-02-18T00:59:18.687+0000] {logging_mixin.py:188} INFO - [2026-02-18T00:59:18.687+0000] {dag.py:3954} INFO - Setting next_dagrun for update_db to 2026-02-16 15:00:00+00:00, run_after=2026-02-17 15:00:00+00:00
[2026-02-18T00:59:18.707+0000] {processor.py:183} INFO - Processing /opt/airflow/dags/main.py took 0.185 seconds
[2026-02-18T00:59:48.762+0000] {processor.py:161} INFO - Started process (PID=166) to work on /opt/airflow/dags/main.py
[2026-02-18T00:59:48.764+0000] {processor.py:830} INFO - Processing file /opt/airflow/dags/main.py for tasks to queue
[2026-02-18T00:59:48.768+0000] {logging_mixin.py:188} INFO - [2026-02-18T00:59:48.767+0000] {dagbag.py:545} INFO - Filling up the DagBag from /opt/airflow/dags/main.py
[2026-02-18T00:59:48.895+0000] {processor.py:840} INFO - DAG(s) 'produce_json', 'update_db' retrieved from /opt/airflow/dags/main.py
[2026-02-18T00:59:48.949+0000] {logging_mixin.py:188} INFO - [2026-02-18T00:59:48.949+0000] {dag.py:3096} INFO - Sync 2 DAGs
[2026-02-18T00:59:48.976+0000] {logging_mixin.py:188} INFO - [2026-02-18T00:59:48.975+0000] {dag.py:3954} INFO - Setting next_dagrun for produce_json to 2026-02-17 14:00:00+00:00, run_after=2026-02-18 14:00:00+00:00
[2026-02-18T00:59:48.981+0000] {logging_mixin.py:188} INFO - [2026-02-18T00:59:48.981+0000] {dag.py:3954} INFO - Setting next_dagrun for update_db to 2026-02-16 15:00:00+00:00, run_after=2026-02-17 15:00:00+00:00
[2026-02-18T00:59:48.998+0000] {processor.py:183} INFO - Processing /opt/airflow/dags/main.py took 0.245 seconds
[2026-02-18T01:00:19.192+0000] {processor.py:161} INFO - Started process (PID=173) to work on /opt/airflow/dags/main.py
[2026-02-18T01:00:19.206+0000] {processor.py:830} INFO - Processing file /opt/airflow/dags/main.py for tasks to queue
[2026-02-18T01:00:19.218+0000] {logging_mixin.py:188} INFO - [2026-02-18T01:00:19.217+0000] {dagbag.py:545} INFO - Filling up the DagBag from /opt/airflow/dags/main.py
[2026-02-18T01:00:19.330+0000] {processor.py:840} INFO - DAG(s) 'update_db', 'produce_json' retrieved from /opt/airflow/dags/main.py
[2026-02-18T01:00:19.436+0000] {logging_mixin.py:188} INFO - [2026-02-18T01:00:19.435+0000] {dag.py:3096} INFO - Sync 2 DAGs
[2026-02-18T01:00:19.498+0000] {logging_mixin.py:188} INFO - [2026-02-18T01:00:19.498+0000] {dag.py:3954} INFO - Setting next_dagrun for produce_json to 2026-02-17 14:00:00+00:00, run_after=2026-02-18 14:00:00+00:00
[2026-02-18T01:00:19.508+0000] {logging_mixin.py:188} INFO - [2026-02-18T01:00:19.508+0000] {dag.py:3954} INFO - Setting next_dagrun for update_db to 2026-02-16 15:00:00+00:00, run_after=2026-02-17 15:00:00+00:00
[2026-02-18T01:00:19.534+0000] {processor.py:183} INFO - Processing /opt/airflow/dags/main.py took 0.397 seconds
[2026-02-18T01:00:49.763+0000] {processor.py:161} INFO - Started process (PID=180) to work on /opt/airflow/dags/main.py
[2026-02-18T01:00:49.765+0000] {processor.py:830} INFO - Processing file /opt/airflow/dags/main.py for tasks to queue
[2026-02-18T01:00:49.768+0000] {logging_mixin.py:188} INFO - [2026-02-18T01:00:49.767+0000] {dagbag.py:545} INFO - Filling up the DagBag from /opt/airflow/dags/main.py
[2026-02-18T01:00:49.858+0000] {processor.py:840} INFO - DAG(s) 'update_db', 'produce_json' retrieved from /opt/airflow/dags/main.py
[2026-02-18T01:00:49.908+0000] {logging_mixin.py:188} INFO - [2026-02-18T01:00:49.907+0000] {dag.py:3096} INFO - Sync 2 DAGs
[2026-02-18T01:00:49.939+0000] {logging_mixin.py:188} INFO - [2026-02-18T01:00:49.939+0000] {dag.py:3954} INFO - Setting next_dagrun for produce_json to 2026-02-17 14:00:00+00:00, run_after=2026-02-18 14:00:00+00:00
[2026-02-18T01:00:49.946+0000] {logging_mixin.py:188} INFO - [2026-02-18T01:00:49.946+0000] {dag.py:3954} INFO - Setting next_dagrun for update_db to 2026-02-16 15:00:00+00:00, run_after=2026-02-17 15:00:00+00:00
[2026-02-18T01:00:49.970+0000] {processor.py:183} INFO - Processing /opt/airflow/dags/main.py took 0.216 seconds
[2026-02-18T01:01:20.196+0000] {processor.py:161} INFO - Started process (PID=193) to work on /opt/airflow/dags/main.py
[2026-02-18T01:01:20.197+0000] {processor.py:830} INFO - Processing file /opt/airflow/dags/main.py for tasks to queue
[2026-02-18T01:01:20.200+0000] {logging_mixin.py:188} INFO - [2026-02-18T01:01:20.199+0000] {dagbag.py:545} INFO - Filling up the DagBag from /opt/airflow/dags/main.py
[2026-02-18T01:01:20.286+0000] {processor.py:840} INFO - DAG(s) 'produce_json', 'update_db' retrieved from /opt/airflow/dags/main.py
[2026-02-18T01:01:20.333+0000] {logging_mixin.py:188} INFO - [2026-02-18T01:01:20.333+0000] {dag.py:3096} INFO - Sync 2 DAGs
[2026-02-18T01:01:20.364+0000] {logging_mixin.py:188} INFO - [2026-02-18T01:01:20.364+0000] {dag.py:3954} INFO - Setting next_dagrun for produce_json to 2026-02-17 14:00:00+00:00, run_after=2026-02-18 14:00:00+00:00
[2026-02-18T01:01:20.374+0000] {logging_mixin.py:188} INFO - [2026-02-18T01:01:20.373+0000] {dag.py:3954} INFO - Setting next_dagrun for update_db to 2026-02-16 15:00:00+00:00, run_after=2026-02-17 15:00:00+00:00
[2026-02-18T01:01:20.406+0000] {processor.py:183} INFO - Processing /opt/airflow/dags/main.py took 0.216 seconds
[2026-02-18T01:01:50.641+0000] {processor.py:161} INFO - Started process (PID=200) to work on /opt/airflow/dags/main.py
[2026-02-18T01:01:50.642+0000] {processor.py:830} INFO - Processing file /opt/airflow/dags/main.py for tasks to queue
[2026-02-18T01:01:50.646+0000] {logging_mixin.py:188} INFO - [2026-02-18T01:01:50.646+0000] {dagbag.py:545} INFO - Filling up the DagBag from /opt/airflow/dags/main.py
[2026-02-18T01:01:50.737+0000] {processor.py:840} INFO - DAG(s) 'produce_json', 'update_db' retrieved from /opt/airflow/dags/main.py
[2026-02-18T01:01:50.772+0000] {logging_mixin.py:188} INFO - [2026-02-18T01:01:50.771+0000] {dag.py:3096} INFO - Sync 2 DAGs
[2026-02-18T01:01:50.798+0000] {logging_mixin.py:188} INFO - [2026-02-18T01:01:50.798+0000] {dag.py:3954} INFO - Setting next_dagrun for produce_json to 2026-02-17 14:00:00+00:00, run_after=2026-02-18 14:00:00+00:00
[2026-02-18T01:01:50.803+0000] {logging_mixin.py:188} INFO - [2026-02-18T01:01:50.803+0000] {dag.py:3954} INFO - Setting next_dagrun for update_db to 2026-02-16 15:00:00+00:00, run_after=2026-02-17 15:00:00+00:00
[2026-02-18T01:01:50.821+0000] {processor.py:183} INFO - Processing /opt/airflow/dags/main.py took 0.186 seconds
[2026-02-18T01:02:20.987+0000] {processor.py:161} INFO - Started process (PID=207) to work on /opt/airflow/dags/main.py
[2026-02-18T01:02:20.988+0000] {processor.py:830} INFO - Processing file /opt/airflow/dags/main.py for tasks to queue
[2026-02-18T01:02:20.991+0000] {logging_mixin.py:188} INFO - [2026-02-18T01:02:20.991+0000] {dagbag.py:545} INFO - Filling up the DagBag from /opt/airflow/dags/main.py
[2026-02-18T01:02:21.087+0000] {processor.py:840} INFO - DAG(s) 'produce_json', 'update_db' retrieved from /opt/airflow/dags/main.py
[2026-02-18T01:02:21.134+0000] {logging_mixin.py:188} INFO - [2026-02-18T01:02:21.134+0000] {dag.py:3096} INFO - Sync 2 DAGs
[2026-02-18T01:02:21.155+0000] {logging_mixin.py:188} INFO - [2026-02-18T01:02:21.155+0000] {dag.py:3954} INFO - Setting next_dagrun for produce_json to 2026-02-17 14:00:00+00:00, run_after=2026-02-18 14:00:00+00:00
[2026-02-18T01:02:21.160+0000] {logging_mixin.py:188} INFO - [2026-02-18T01:02:21.160+0000] {dag.py:3954} INFO - Setting next_dagrun for update_db to 2026-02-16 15:00:00+00:00, run_after=2026-02-17 15:00:00+00:00
[2026-02-18T01:02:21.179+0000] {processor.py:183} INFO - Processing /opt/airflow/dags/main.py took 0.201 seconds
[2026-02-18T01:02:51.281+0000] {processor.py:161} INFO - Started process (PID=214) to work on /opt/airflow/dags/main.py
[2026-02-18T01:02:51.282+0000] {processor.py:830} INFO - Processing file /opt/airflow/dags/main.py for tasks to queue
[2026-02-18T01:02:51.285+0000] {logging_mixin.py:188} INFO - [2026-02-18T01:02:51.284+0000] {dagbag.py:545} INFO - Filling up the DagBag from /opt/airflow/dags/main.py
[2026-02-18T01:02:51.359+0000] {processor.py:840} INFO - DAG(s) 'update_db', 'produce_json' retrieved from /opt/airflow/dags/main.py
[2026-02-18T01:02:51.386+0000] {logging_mixin.py:188} INFO - [2026-02-18T01:02:51.386+0000] {dag.py:3096} INFO - Sync 2 DAGs
[2026-02-18T01:02:51.406+0000] {logging_mixin.py:188} INFO - [2026-02-18T01:02:51.406+0000] {dag.py:3954} INFO - Setting next_dagrun for produce_json to 2026-02-17 14:00:00+00:00, run_after=2026-02-18 14:00:00+00:00
[2026-02-18T01:02:51.410+0000] {logging_mixin.py:188} INFO - [2026-02-18T01:02:51.410+0000] {dag.py:3954} INFO - Setting next_dagrun for update_db to 2026-02-16 15:00:00+00:00, run_after=2026-02-17 15:00:00+00:00
[2026-02-18T01:02:51.427+0000] {processor.py:183} INFO - Processing /opt/airflow/dags/main.py took 0.153 seconds
[2026-02-18T01:03:21.652+0000] {processor.py:161} INFO - Started process (PID=221) to work on /opt/airflow/dags/main.py
[2026-02-18T01:03:21.653+0000] {processor.py:830} INFO - Processing file /opt/airflow/dags/main.py for tasks to queue
[2026-02-18T01:03:21.656+0000] {logging_mixin.py:188} INFO - [2026-02-18T01:03:21.656+0000] {dagbag.py:545} INFO - Filling up the DagBag from /opt/airflow/dags/main.py
[2026-02-18T01:03:21.751+0000] {processor.py:840} INFO - DAG(s) 'produce_json', 'update_db' retrieved from /opt/airflow/dags/main.py
[2026-02-18T01:03:21.792+0000] {logging_mixin.py:188} INFO - [2026-02-18T01:03:21.792+0000] {dag.py:3096} INFO - Sync 2 DAGs
[2026-02-18T01:03:21.818+0000] {logging_mixin.py:188} INFO - [2026-02-18T01:03:21.817+0000] {dag.py:3954} INFO - Setting next_dagrun for produce_json to 2026-02-17 14:00:00+00:00, run_after=2026-02-18 14:00:00+00:00
[2026-02-18T01:03:21.823+0000] {logging_mixin.py:188} INFO - [2026-02-18T01:03:21.823+0000] {dag.py:3954} INFO - Setting next_dagrun for update_db to 2026-02-16 15:00:00+00:00, run_after=2026-02-17 15:00:00+00:00
[2026-02-18T01:03:21.845+0000] {processor.py:183} INFO - Processing /opt/airflow/dags/main.py took 0.201 seconds
[2026-02-18T01:03:52.119+0000] {processor.py:161} INFO - Started process (PID=228) to work on /opt/airflow/dags/main.py
[2026-02-18T01:03:52.120+0000] {processor.py:830} INFO - Processing file /opt/airflow/dags/main.py for tasks to queue
[2026-02-18T01:03:52.122+0000] {logging_mixin.py:188} INFO - [2026-02-18T01:03:52.122+0000] {dagbag.py:545} INFO - Filling up the DagBag from /opt/airflow/dags/main.py
[2026-02-18T01:03:52.195+0000] {processor.py:840} INFO - DAG(s) 'produce_json', 'update_db' retrieved from /opt/airflow/dags/main.py
[2026-02-18T01:03:52.224+0000] {logging_mixin.py:188} INFO - [2026-02-18T01:03:52.224+0000] {dag.py:3096} INFO - Sync 2 DAGs
[2026-02-18T01:03:52.245+0000] {logging_mixin.py:188} INFO - [2026-02-18T01:03:52.245+0000] {dag.py:3954} INFO - Setting next_dagrun for produce_json to 2026-02-17 14:00:00+00:00, run_after=2026-02-18 14:00:00+00:00
[2026-02-18T01:03:52.250+0000] {logging_mixin.py:188} INFO - [2026-02-18T01:03:52.250+0000] {dag.py:3954} INFO - Setting next_dagrun for update_db to 2026-02-16 15:00:00+00:00, run_after=2026-02-17 15:00:00+00:00
[2026-02-18T01:03:52.268+0000] {processor.py:183} INFO - Processing /opt/airflow/dags/main.py took 0.155 seconds
[2026-02-18T01:04:22.390+0000] {processor.py:161} INFO - Started process (PID=235) to work on /opt/airflow/dags/main.py
[2026-02-18T01:04:22.392+0000] {processor.py:830} INFO - Processing file /opt/airflow/dags/main.py for tasks to queue
[2026-02-18T01:04:22.397+0000] {logging_mixin.py:188} INFO - [2026-02-18T01:04:22.397+0000] {dagbag.py:545} INFO - Filling up the DagBag from /opt/airflow/dags/main.py
[2026-02-18T01:04:22.521+0000] {processor.py:840} INFO - DAG(s) 'update_db', 'produce_json' retrieved from /opt/airflow/dags/main.py
[2026-02-18T01:04:22.553+0000] {logging_mixin.py:188} INFO - [2026-02-18T01:04:22.553+0000] {dag.py:3096} INFO - Sync 2 DAGs
[2026-02-18T01:04:22.580+0000] {logging_mixin.py:188} INFO - [2026-02-18T01:04:22.580+0000] {dag.py:3954} INFO - Setting next_dagrun for produce_json to 2026-02-17 14:00:00+00:00, run_after=2026-02-18 14:00:00+00:00
[2026-02-18T01:04:22.585+0000] {logging_mixin.py:188} INFO - [2026-02-18T01:04:22.585+0000] {dag.py:3954} INFO - Setting next_dagrun for update_db to 2026-02-16 15:00:00+00:00, run_after=2026-02-17 15:00:00+00:00
[2026-02-18T01:04:22.601+0000] {processor.py:183} INFO - Processing /opt/airflow/dags/main.py took 0.221 seconds
[2026-02-18T01:04:52.743+0000] {processor.py:161} INFO - Started process (PID=248) to work on /opt/airflow/dags/main.py
[2026-02-18T01:04:52.744+0000] {processor.py:830} INFO - Processing file /opt/airflow/dags/main.py for tasks to queue
[2026-02-18T01:04:52.747+0000] {logging_mixin.py:188} INFO - [2026-02-18T01:04:52.746+0000] {dagbag.py:545} INFO - Filling up the DagBag from /opt/airflow/dags/main.py
[2026-02-18T01:04:52.823+0000] {processor.py:840} INFO - DAG(s) 'produce_json', 'update_db' retrieved from /opt/airflow/dags/main.py
[2026-02-18T01:04:52.851+0000] {logging_mixin.py:188} INFO - [2026-02-18T01:04:52.851+0000] {dag.py:3096} INFO - Sync 2 DAGs
[2026-02-18T01:04:52.888+0000] {logging_mixin.py:188} INFO - [2026-02-18T01:04:52.888+0000] {dag.py:3954} INFO - Setting next_dagrun for produce_json to 2026-02-17 14:00:00+00:00, run_after=2026-02-18 14:00:00+00:00
[2026-02-18T01:04:52.895+0000] {logging_mixin.py:188} INFO - [2026-02-18T01:04:52.895+0000] {dag.py:3954} INFO - Setting next_dagrun for update_db to 2026-02-16 15:00:00+00:00, run_after=2026-02-17 15:00:00+00:00
[2026-02-18T01:04:52.921+0000] {processor.py:183} INFO - Processing /opt/airflow/dags/main.py took 0.185 seconds
[2026-02-18T01:05:23.055+0000] {processor.py:161} INFO - Started process (PID=255) to work on /opt/airflow/dags/main.py
[2026-02-18T01:05:23.056+0000] {processor.py:830} INFO - Processing file /opt/airflow/dags/main.py for tasks to queue
[2026-02-18T01:05:23.059+0000] {logging_mixin.py:188} INFO - [2026-02-18T01:05:23.059+0000] {dagbag.py:545} INFO - Filling up the DagBag from /opt/airflow/dags/main.py
[2026-02-18T01:05:23.133+0000] {processor.py:840} INFO - DAG(s) 'produce_json', 'update_db' retrieved from /opt/airflow/dags/main.py
[2026-02-18T01:05:23.167+0000] {logging_mixin.py:188} INFO - [2026-02-18T01:05:23.167+0000] {dag.py:3096} INFO - Sync 2 DAGs
[2026-02-18T01:05:23.189+0000] {logging_mixin.py:188} INFO - [2026-02-18T01:05:23.189+0000] {dag.py:3954} INFO - Setting next_dagrun for produce_json to 2026-02-17 14:00:00+00:00, run_after=2026-02-18 14:00:00+00:00
[2026-02-18T01:05:23.193+0000] {logging_mixin.py:188} INFO - [2026-02-18T01:05:23.193+0000] {dag.py:3954} INFO - Setting next_dagrun for update_db to 2026-02-16 15:00:00+00:00, run_after=2026-02-17 15:00:00+00:00
[2026-02-18T01:05:23.210+0000] {processor.py:183} INFO - Processing /opt/airflow/dags/main.py took 0.161 seconds
[2026-02-18T01:05:53.359+0000] {processor.py:161} INFO - Started process (PID=262) to work on /opt/airflow/dags/main.py
[2026-02-18T01:05:53.360+0000] {processor.py:830} INFO - Processing file /opt/airflow/dags/main.py for tasks to queue
[2026-02-18T01:05:53.362+0000] {logging_mixin.py:188} INFO - [2026-02-18T01:05:53.362+0000] {dagbag.py:545} INFO - Filling up the DagBag from /opt/airflow/dags/main.py
[2026-02-18T01:05:53.434+0000] {processor.py:840} INFO - DAG(s) 'produce_json', 'update_db' retrieved from /opt/airflow/dags/main.py
[2026-02-18T01:05:53.463+0000] {logging_mixin.py:188} INFO - [2026-02-18T01:05:53.462+0000] {dag.py:3096} INFO - Sync 2 DAGs
[2026-02-18T01:05:53.485+0000] {logging_mixin.py:188} INFO - [2026-02-18T01:05:53.485+0000] {dag.py:3954} INFO - Setting next_dagrun for produce_json to 2026-02-17 14:00:00+00:00, run_after=2026-02-18 14:00:00+00:00
[2026-02-18T01:05:53.490+0000] {logging_mixin.py:188} INFO - [2026-02-18T01:05:53.490+0000] {dag.py:3954} INFO - Setting next_dagrun for update_db to 2026-02-16 15:00:00+00:00, run_after=2026-02-17 15:00:00+00:00
[2026-02-18T01:05:53.520+0000] {processor.py:183} INFO - Processing /opt/airflow/dags/main.py took 0.167 seconds
[2026-02-18T01:06:23.653+0000] {processor.py:161} INFO - Started process (PID=269) to work on /opt/airflow/dags/main.py
[2026-02-18T01:06:23.655+0000] {processor.py:830} INFO - Processing file /opt/airflow/dags/main.py for tasks to queue
[2026-02-18T01:06:23.656+0000] {logging_mixin.py:188} INFO - [2026-02-18T01:06:23.656+0000] {dagbag.py:545} INFO - Filling up the DagBag from /opt/airflow/dags/main.py
[2026-02-18T01:06:23.733+0000] {processor.py:840} INFO - DAG(s) 'update_db', 'produce_json' retrieved from /opt/airflow/dags/main.py
[2026-02-18T01:06:23.761+0000] {logging_mixin.py:188} INFO - [2026-02-18T01:06:23.760+0000] {dag.py:3096} INFO - Sync 2 DAGs
[2026-02-18T01:06:23.783+0000] {logging_mixin.py:188} INFO - [2026-02-18T01:06:23.782+0000] {dag.py:3954} INFO - Setting next_dagrun for produce_json to 2026-02-17 14:00:00+00:00, run_after=2026-02-18 14:00:00+00:00
[2026-02-18T01:06:23.787+0000] {logging_mixin.py:188} INFO - [2026-02-18T01:06:23.787+0000] {dag.py:3954} INFO - Setting next_dagrun for update_db to 2026-02-16 15:00:00+00:00, run_after=2026-02-17 15:00:00+00:00
[2026-02-18T01:06:23.807+0000] {processor.py:183} INFO - Processing /opt/airflow/dags/main.py took 0.160 seconds
[2026-02-18T01:06:53.957+0000] {processor.py:161} INFO - Started process (PID=282) to work on /opt/airflow/dags/main.py
[2026-02-18T01:06:53.958+0000] {processor.py:830} INFO - Processing file /opt/airflow/dags/main.py for tasks to queue
[2026-02-18T01:06:53.960+0000] {logging_mixin.py:188} INFO - [2026-02-18T01:06:53.960+0000] {dagbag.py:545} INFO - Filling up the DagBag from /opt/airflow/dags/main.py
[2026-02-18T01:06:54.027+0000] {processor.py:840} INFO - DAG(s) 'update_db', 'produce_json' retrieved from /opt/airflow/dags/main.py
[2026-02-18T01:06:54.059+0000] {logging_mixin.py:188} INFO - [2026-02-18T01:06:54.058+0000] {dag.py:3096} INFO - Sync 2 DAGs
[2026-02-18T01:06:54.079+0000] {logging_mixin.py:188} INFO - [2026-02-18T01:06:54.079+0000] {dag.py:3954} INFO - Setting next_dagrun for produce_json to 2026-02-17 14:00:00+00:00, run_after=2026-02-18 14:00:00+00:00
[2026-02-18T01:06:54.085+0000] {logging_mixin.py:188} INFO - [2026-02-18T01:06:54.085+0000] {dag.py:3954} INFO - Setting next_dagrun for update_db to 2026-02-16 15:00:00+00:00, run_after=2026-02-17 15:00:00+00:00
[2026-02-18T01:06:54.104+0000] {processor.py:183} INFO - Processing /opt/airflow/dags/main.py took 0.152 seconds
[2026-02-18T01:07:24.354+0000] {processor.py:161} INFO - Started process (PID=302) to work on /opt/airflow/dags/main.py
[2026-02-18T01:07:24.355+0000] {processor.py:830} INFO - Processing file /opt/airflow/dags/main.py for tasks to queue
[2026-02-18T01:07:24.358+0000] {logging_mixin.py:188} INFO - [2026-02-18T01:07:24.358+0000] {dagbag.py:545} INFO - Filling up the DagBag from /opt/airflow/dags/main.py
[2026-02-18T01:07:24.451+0000] {processor.py:840} INFO - DAG(s) 'produce_json', 'update_db' retrieved from /opt/airflow/dags/main.py
[2026-02-18T01:07:24.493+0000] {logging_mixin.py:188} INFO - [2026-02-18T01:07:24.493+0000] {dag.py:3096} INFO - Sync 2 DAGs
[2026-02-18T01:07:24.526+0000] {logging_mixin.py:188} INFO - [2026-02-18T01:07:24.526+0000] {dag.py:3954} INFO - Setting next_dagrun for produce_json to 2026-02-17 14:00:00+00:00, run_after=2026-02-18 14:00:00+00:00
[2026-02-18T01:07:24.531+0000] {logging_mixin.py:188} INFO - [2026-02-18T01:07:24.531+0000] {dag.py:3954} INFO - Setting next_dagrun for update_db to 2026-02-16 15:00:00+00:00, run_after=2026-02-17 15:00:00+00:00
[2026-02-18T01:07:24.552+0000] {processor.py:183} INFO - Processing /opt/airflow/dags/main.py took 0.204 seconds
[2026-02-18T01:07:54.776+0000] {processor.py:161} INFO - Started process (PID=315) to work on /opt/airflow/dags/main.py
[2026-02-18T01:07:54.777+0000] {processor.py:830} INFO - Processing file /opt/airflow/dags/main.py for tasks to queue
[2026-02-18T01:07:54.779+0000] {logging_mixin.py:188} INFO - [2026-02-18T01:07:54.779+0000] {dagbag.py:545} INFO - Filling up the DagBag from /opt/airflow/dags/main.py
[2026-02-18T01:07:54.928+0000] {processor.py:840} INFO - DAG(s) 'update_db', 'produce_json' retrieved from /opt/airflow/dags/main.py
[2026-02-18T01:07:54.969+0000] {logging_mixin.py:188} INFO - [2026-02-18T01:07:54.969+0000] {dag.py:3096} INFO - Sync 2 DAGs
[2026-02-18T01:07:54.995+0000] {logging_mixin.py:188} INFO - [2026-02-18T01:07:54.995+0000] {dag.py:3954} INFO - Setting next_dagrun for produce_json to 2026-02-17 14:00:00+00:00, run_after=2026-02-18 14:00:00+00:00
[2026-02-18T01:07:55.005+0000] {logging_mixin.py:188} INFO - [2026-02-18T01:07:55.005+0000] {dag.py:3954} INFO - Setting next_dagrun for update_db to 2026-02-16 15:00:00+00:00, run_after=2026-02-17 15:00:00+00:00
[2026-02-18T01:07:55.059+0000] {processor.py:183} INFO - Processing /opt/airflow/dags/main.py took 0.292 seconds
[2026-02-18T01:08:25.259+0000] {processor.py:161} INFO - Started process (PID=328) to work on /opt/airflow/dags/main.py
[2026-02-18T01:08:25.260+0000] {processor.py:830} INFO - Processing file /opt/airflow/dags/main.py for tasks to queue
[2026-02-18T01:08:25.263+0000] {logging_mixin.py:188} INFO - [2026-02-18T01:08:25.262+0000] {dagbag.py:545} INFO - Filling up the DagBag from /opt/airflow/dags/main.py
[2026-02-18T01:08:25.354+0000] {processor.py:840} INFO - DAG(s) 'update_db', 'produce_json' retrieved from /opt/airflow/dags/main.py
[2026-02-18T01:08:25.385+0000] {logging_mixin.py:188} INFO - [2026-02-18T01:08:25.384+0000] {dag.py:3096} INFO - Sync 2 DAGs
[2026-02-18T01:08:25.408+0000] {logging_mixin.py:188} INFO - [2026-02-18T01:08:25.408+0000] {dag.py:3954} INFO - Setting next_dagrun for produce_json to 2026-02-17 14:00:00+00:00, run_after=2026-02-18 14:00:00+00:00
[2026-02-18T01:08:25.412+0000] {logging_mixin.py:188} INFO - [2026-02-18T01:08:25.412+0000] {dag.py:3954} INFO - Setting next_dagrun for update_db to 2026-02-16 15:00:00+00:00, run_after=2026-02-17 15:00:00+00:00
[2026-02-18T01:08:25.432+0000] {processor.py:183} INFO - Processing /opt/airflow/dags/main.py took 0.180 seconds
[2026-02-18T01:08:55.473+0000] {processor.py:161} INFO - Started process (PID=335) to work on /opt/airflow/dags/main.py
[2026-02-18T01:08:55.474+0000] {processor.py:830} INFO - Processing file /opt/airflow/dags/main.py for tasks to queue
[2026-02-18T01:08:55.476+0000] {logging_mixin.py:188} INFO - [2026-02-18T01:08:55.476+0000] {dagbag.py:545} INFO - Filling up the DagBag from /opt/airflow/dags/main.py
[2026-02-18T01:08:55.551+0000] {processor.py:840} INFO - DAG(s) 'update_db', 'produce_json' retrieved from /opt/airflow/dags/main.py
[2026-02-18T01:08:55.586+0000] {logging_mixin.py:188} INFO - [2026-02-18T01:08:55.585+0000] {dag.py:3096} INFO - Sync 2 DAGs
[2026-02-18T01:08:55.608+0000] {logging_mixin.py:188} INFO - [2026-02-18T01:08:55.607+0000] {dag.py:3954} INFO - Setting next_dagrun for produce_json to 2026-02-17 14:00:00+00:00, run_after=2026-02-18 14:00:00+00:00
[2026-02-18T01:08:55.612+0000] {logging_mixin.py:188} INFO - [2026-02-18T01:08:55.612+0000] {dag.py:3954} INFO - Setting next_dagrun for update_db to 2026-02-16 15:00:00+00:00, run_after=2026-02-17 15:00:00+00:00
[2026-02-18T01:08:55.631+0000] {processor.py:183} INFO - Processing /opt/airflow/dags/main.py took 0.164 seconds
[2026-02-18T01:09:25.940+0000] {processor.py:161} INFO - Started process (PID=342) to work on /opt/airflow/dags/main.py
[2026-02-18T01:09:25.941+0000] {processor.py:830} INFO - Processing file /opt/airflow/dags/main.py for tasks to queue
[2026-02-18T01:09:25.943+0000] {logging_mixin.py:188} INFO - [2026-02-18T01:09:25.943+0000] {dagbag.py:545} INFO - Filling up the DagBag from /opt/airflow/dags/main.py
[2026-02-18T01:09:26.017+0000] {processor.py:840} INFO - DAG(s) 'update_db', 'produce_json' retrieved from /opt/airflow/dags/main.py
[2026-02-18T01:09:26.047+0000] {logging_mixin.py:188} INFO - [2026-02-18T01:09:26.047+0000] {dag.py:3096} INFO - Sync 2 DAGs
[2026-02-18T01:09:26.075+0000] {logging_mixin.py:188} INFO - [2026-02-18T01:09:26.075+0000] {dag.py:3954} INFO - Setting next_dagrun for produce_json to 2026-02-17 14:00:00+00:00, run_after=2026-02-18 14:00:00+00:00
[2026-02-18T01:09:26.080+0000] {logging_mixin.py:188} INFO - [2026-02-18T01:09:26.080+0000] {dag.py:3954} INFO - Setting next_dagrun for update_db to 2026-02-16 15:00:00+00:00, run_after=2026-02-17 15:00:00+00:00
[2026-02-18T01:09:26.102+0000] {processor.py:183} INFO - Processing /opt/airflow/dags/main.py took 0.167 seconds
[2026-02-18T01:09:56.186+0000] {processor.py:161} INFO - Started process (PID=349) to work on /opt/airflow/dags/main.py
[2026-02-18T01:09:56.187+0000] {processor.py:830} INFO - Processing file /opt/airflow/dags/main.py for tasks to queue
[2026-02-18T01:09:56.190+0000] {logging_mixin.py:188} INFO - [2026-02-18T01:09:56.190+0000] {dagbag.py:545} INFO - Filling up the DagBag from /opt/airflow/dags/main.py
[2026-02-18T01:09:56.268+0000] {processor.py:840} INFO - DAG(s) 'update_db', 'produce_json' retrieved from /opt/airflow/dags/main.py
[2026-02-18T01:09:56.300+0000] {logging_mixin.py:188} INFO - [2026-02-18T01:09:56.300+0000] {dag.py:3096} INFO - Sync 2 DAGs
[2026-02-18T01:09:56.331+0000] {logging_mixin.py:188} INFO - [2026-02-18T01:09:56.331+0000] {dag.py:3954} INFO - Setting next_dagrun for produce_json to 2026-02-17 14:00:00+00:00, run_after=2026-02-18 14:00:00+00:00
[2026-02-18T01:09:56.336+0000] {logging_mixin.py:188} INFO - [2026-02-18T01:09:56.335+0000] {dag.py:3954} INFO - Setting next_dagrun for update_db to 2026-02-16 15:00:00+00:00, run_after=2026-02-17 15:00:00+00:00
[2026-02-18T01:09:56.356+0000] {processor.py:183} INFO - Processing /opt/airflow/dags/main.py took 0.177 seconds
[2026-02-18T01:10:26.590+0000] {processor.py:161} INFO - Started process (PID=356) to work on /opt/airflow/dags/main.py
[2026-02-18T01:10:26.591+0000] {processor.py:830} INFO - Processing file /opt/airflow/dags/main.py for tasks to queue
[2026-02-18T01:10:26.593+0000] {logging_mixin.py:188} INFO - [2026-02-18T01:10:26.593+0000] {dagbag.py:545} INFO - Filling up the DagBag from /opt/airflow/dags/main.py
[2026-02-18T01:10:26.659+0000] {processor.py:840} INFO - DAG(s) 'produce_json', 'update_db' retrieved from /opt/airflow/dags/main.py
[2026-02-18T01:10:26.689+0000] {logging_mixin.py:188} INFO - [2026-02-18T01:10:26.689+0000] {dag.py:3096} INFO - Sync 2 DAGs
[2026-02-18T01:10:26.712+0000] {logging_mixin.py:188} INFO - [2026-02-18T01:10:26.712+0000] {dag.py:3954} INFO - Setting next_dagrun for produce_json to 2026-02-17 14:00:00+00:00, run_after=2026-02-18 14:00:00+00:00
[2026-02-18T01:10:26.719+0000] {logging_mixin.py:188} INFO - [2026-02-18T01:10:26.718+0000] {dag.py:3954} INFO - Setting next_dagrun for update_db to 2026-02-16 15:00:00+00:00, run_after=2026-02-17 15:00:00+00:00
[2026-02-18T01:10:26.739+0000] {processor.py:183} INFO - Processing /opt/airflow/dags/main.py took 0.154 seconds
[2026-02-18T01:10:56.859+0000] {processor.py:161} INFO - Started process (PID=369) to work on /opt/airflow/dags/main.py
[2026-02-18T01:10:56.860+0000] {processor.py:830} INFO - Processing file /opt/airflow/dags/main.py for tasks to queue
[2026-02-18T01:10:56.862+0000] {logging_mixin.py:188} INFO - [2026-02-18T01:10:56.862+0000] {dagbag.py:545} INFO - Filling up the DagBag from /opt/airflow/dags/main.py
[2026-02-18T01:10:56.939+0000] {processor.py:840} INFO - DAG(s) 'update_db', 'produce_json' retrieved from /opt/airflow/dags/main.py
[2026-02-18T01:10:56.967+0000] {logging_mixin.py:188} INFO - [2026-02-18T01:10:56.967+0000] {dag.py:3096} INFO - Sync 2 DAGs
[2026-02-18T01:10:56.990+0000] {logging_mixin.py:188} INFO - [2026-02-18T01:10:56.990+0000] {dag.py:3954} INFO - Setting next_dagrun for produce_json to 2026-02-17 14:00:00+00:00, run_after=2026-02-18 14:00:00+00:00
[2026-02-18T01:10:56.995+0000] {logging_mixin.py:188} INFO - [2026-02-18T01:10:56.994+0000] {dag.py:3954} INFO - Setting next_dagrun for update_db to 2026-02-16 15:00:00+00:00, run_after=2026-02-17 15:00:00+00:00
[2026-02-18T01:10:57.011+0000] {processor.py:183} INFO - Processing /opt/airflow/dags/main.py took 0.157 seconds
[2026-02-18T01:11:27.192+0000] {processor.py:161} INFO - Started process (PID=376) to work on /opt/airflow/dags/main.py
[2026-02-18T01:11:27.193+0000] {processor.py:830} INFO - Processing file /opt/airflow/dags/main.py for tasks to queue
[2026-02-18T01:11:27.196+0000] {logging_mixin.py:188} INFO - [2026-02-18T01:11:27.196+0000] {dagbag.py:545} INFO - Filling up the DagBag from /opt/airflow/dags/main.py
[2026-02-18T01:11:27.279+0000] {processor.py:840} INFO - DAG(s) 'update_db', 'produce_json' retrieved from /opt/airflow/dags/main.py
[2026-02-18T01:11:27.317+0000] {logging_mixin.py:188} INFO - [2026-02-18T01:11:27.316+0000] {dag.py:3096} INFO - Sync 2 DAGs
[2026-02-18T01:11:27.339+0000] {logging_mixin.py:188} INFO - [2026-02-18T01:11:27.339+0000] {dag.py:3954} INFO - Setting next_dagrun for produce_json to 2026-02-17 14:00:00+00:00, run_after=2026-02-18 14:00:00+00:00
[2026-02-18T01:11:27.345+0000] {logging_mixin.py:188} INFO - [2026-02-18T01:11:27.344+0000] {dag.py:3954} INFO - Setting next_dagrun for update_db to 2026-02-16 15:00:00+00:00, run_after=2026-02-17 15:00:00+00:00
[2026-02-18T01:11:27.364+0000] {processor.py:183} INFO - Processing /opt/airflow/dags/main.py took 0.179 seconds
[2026-02-18T01:11:57.522+0000] {processor.py:161} INFO - Started process (PID=383) to work on /opt/airflow/dags/main.py
[2026-02-18T01:11:57.523+0000] {processor.py:830} INFO - Processing file /opt/airflow/dags/main.py for tasks to queue
[2026-02-18T01:11:57.525+0000] {logging_mixin.py:188} INFO - [2026-02-18T01:11:57.525+0000] {dagbag.py:545} INFO - Filling up the DagBag from /opt/airflow/dags/main.py
[2026-02-18T01:11:57.594+0000] {processor.py:840} INFO - DAG(s) 'update_db', 'produce_json' retrieved from /opt/airflow/dags/main.py
[2026-02-18T01:11:57.622+0000] {logging_mixin.py:188} INFO - [2026-02-18T01:11:57.622+0000] {dag.py:3096} INFO - Sync 2 DAGs
[2026-02-18T01:11:57.645+0000] {logging_mixin.py:188} INFO - [2026-02-18T01:11:57.645+0000] {dag.py:3954} INFO - Setting next_dagrun for produce_json to 2026-02-17 14:00:00+00:00, run_after=2026-02-18 14:00:00+00:00
[2026-02-18T01:11:57.651+0000] {logging_mixin.py:188} INFO - [2026-02-18T01:11:57.651+0000] {dag.py:3954} INFO - Setting next_dagrun for update_db to 2026-02-16 15:00:00+00:00, run_after=2026-02-17 15:00:00+00:00
[2026-02-18T01:11:57.672+0000] {processor.py:183} INFO - Processing /opt/airflow/dags/main.py took 0.157 seconds
[2026-02-18T01:12:27.966+0000] {processor.py:161} INFO - Started process (PID=390) to work on /opt/airflow/dags/main.py
[2026-02-18T01:12:27.968+0000] {processor.py:830} INFO - Processing file /opt/airflow/dags/main.py for tasks to queue
[2026-02-18T01:12:27.971+0000] {logging_mixin.py:188} INFO - [2026-02-18T01:12:27.970+0000] {dagbag.py:545} INFO - Filling up the DagBag from /opt/airflow/dags/main.py
[2026-02-18T01:12:28.052+0000] {processor.py:840} INFO - DAG(s) 'update_db', 'produce_json' retrieved from /opt/airflow/dags/main.py
[2026-02-18T01:12:28.082+0000] {logging_mixin.py:188} INFO - [2026-02-18T01:12:28.081+0000] {dag.py:3096} INFO - Sync 2 DAGs
[2026-02-18T01:12:28.105+0000] {logging_mixin.py:188} INFO - [2026-02-18T01:12:28.105+0000] {dag.py:3954} INFO - Setting next_dagrun for produce_json to 2026-02-17 14:00:00+00:00, run_after=2026-02-18 14:00:00+00:00
[2026-02-18T01:12:28.111+0000] {logging_mixin.py:188} INFO - [2026-02-18T01:12:28.110+0000] {dag.py:3954} INFO - Setting next_dagrun for update_db to 2026-02-16 15:00:00+00:00, run_after=2026-02-17 15:00:00+00:00
[2026-02-18T01:12:28.142+0000] {processor.py:183} INFO - Processing /opt/airflow/dags/main.py took 0.182 seconds
[2026-02-18T01:12:58.261+0000] {processor.py:161} INFO - Started process (PID=397) to work on /opt/airflow/dags/main.py
[2026-02-18T01:12:58.262+0000] {processor.py:830} INFO - Processing file /opt/airflow/dags/main.py for tasks to queue
[2026-02-18T01:12:58.267+0000] {logging_mixin.py:188} INFO - [2026-02-18T01:12:58.266+0000] {dagbag.py:545} INFO - Filling up the DagBag from /opt/airflow/dags/main.py
[2026-02-18T01:12:58.360+0000] {processor.py:840} INFO - DAG(s) 'produce_json', 'update_db' retrieved from /opt/airflow/dags/main.py
[2026-02-18T01:12:58.398+0000] {logging_mixin.py:188} INFO - [2026-02-18T01:12:58.397+0000] {dag.py:3096} INFO - Sync 2 DAGs
[2026-02-18T01:12:58.430+0000] {logging_mixin.py:188} INFO - [2026-02-18T01:12:58.430+0000] {dag.py:3954} INFO - Setting next_dagrun for produce_json to 2026-02-17 14:00:00+00:00, run_after=2026-02-18 14:00:00+00:00
[2026-02-18T01:12:58.437+0000] {logging_mixin.py:188} INFO - [2026-02-18T01:12:58.437+0000] {dag.py:3954} INFO - Setting next_dagrun for update_db to 2026-02-16 15:00:00+00:00, run_after=2026-02-17 15:00:00+00:00
[2026-02-18T01:12:58.460+0000] {processor.py:183} INFO - Processing /opt/airflow/dags/main.py took 0.207 seconds
[2026-02-18T01:13:28.586+0000] {processor.py:161} INFO - Started process (PID=404) to work on /opt/airflow/dags/main.py
[2026-02-18T01:13:28.587+0000] {processor.py:830} INFO - Processing file /opt/airflow/dags/main.py for tasks to queue
[2026-02-18T01:13:28.589+0000] {logging_mixin.py:188} INFO - [2026-02-18T01:13:28.589+0000] {dagbag.py:545} INFO - Filling up the DagBag from /opt/airflow/dags/main.py
[2026-02-18T01:13:28.664+0000] {processor.py:840} INFO - DAG(s) 'produce_json', 'update_db' retrieved from /opt/airflow/dags/main.py
[2026-02-18T01:13:28.692+0000] {logging_mixin.py:188} INFO - [2026-02-18T01:13:28.691+0000] {dag.py:3096} INFO - Sync 2 DAGs
[2026-02-18T01:13:28.712+0000] {logging_mixin.py:188} INFO - [2026-02-18T01:13:28.712+0000] {dag.py:3954} INFO - Setting next_dagrun for produce_json to 2026-02-17 14:00:00+00:00, run_after=2026-02-18 14:00:00+00:00
[2026-02-18T01:13:28.717+0000] {logging_mixin.py:188} INFO - [2026-02-18T01:13:28.717+0000] {dag.py:3954} INFO - Setting next_dagrun for update_db to 2026-02-16 15:00:00+00:00, run_after=2026-02-17 15:00:00+00:00
[2026-02-18T01:13:28.737+0000] {processor.py:183} INFO - Processing /opt/airflow/dags/main.py took 0.157 seconds
[2026-02-18T01:13:58.919+0000] {processor.py:161} INFO - Started process (PID=411) to work on /opt/airflow/dags/main.py
[2026-02-18T01:13:58.920+0000] {processor.py:830} INFO - Processing file /opt/airflow/dags/main.py for tasks to queue
[2026-02-18T01:13:58.923+0000] {logging_mixin.py:188} INFO - [2026-02-18T01:13:58.922+0000] {dagbag.py:545} INFO - Filling up the DagBag from /opt/airflow/dags/main.py
[2026-02-18T01:13:59.001+0000] {processor.py:840} INFO - DAG(s) 'update_db', 'produce_json' retrieved from /opt/airflow/dags/main.py
[2026-02-18T01:13:59.030+0000] {logging_mixin.py:188} INFO - [2026-02-18T01:13:59.030+0000] {dag.py:3096} INFO - Sync 2 DAGs
[2026-02-18T01:13:59.052+0000] {logging_mixin.py:188} INFO - [2026-02-18T01:13:59.051+0000] {dag.py:3954} INFO - Setting next_dagrun for produce_json to 2026-02-17 14:00:00+00:00, run_after=2026-02-18 14:00:00+00:00
[2026-02-18T01:13:59.056+0000] {logging_mixin.py:188} INFO - [2026-02-18T01:13:59.056+0000] {dag.py:3954} INFO - Setting next_dagrun for update_db to 2026-02-16 15:00:00+00:00, run_after=2026-02-17 15:00:00+00:00
[2026-02-18T01:13:59.087+0000] {processor.py:183} INFO - Processing /opt/airflow/dags/main.py took 0.174 seconds
[2026-02-18T01:14:29.214+0000] {processor.py:161} INFO - Started process (PID=418) to work on /opt/airflow/dags/main.py
[2026-02-18T01:14:29.215+0000] {processor.py:830} INFO - Processing file /opt/airflow/dags/main.py for tasks to queue
[2026-02-18T01:14:29.218+0000] {logging_mixin.py:188} INFO - [2026-02-18T01:14:29.217+0000] {dagbag.py:545} INFO - Filling up the DagBag from /opt/airflow/dags/main.py
[2026-02-18T01:14:29.291+0000] {processor.py:840} INFO - DAG(s) 'update_db', 'produce_json' retrieved from /opt/airflow/dags/main.py
[2026-02-18T01:14:29.323+0000] {logging_mixin.py:188} INFO - [2026-02-18T01:14:29.323+0000] {dag.py:3096} INFO - Sync 2 DAGs
[2026-02-18T01:14:29.345+0000] {logging_mixin.py:188} INFO - [2026-02-18T01:14:29.345+0000] {dag.py:3954} INFO - Setting next_dagrun for produce_json to 2026-02-17 14:00:00+00:00, run_after=2026-02-18 14:00:00+00:00
[2026-02-18T01:14:29.349+0000] {logging_mixin.py:188} INFO - [2026-02-18T01:14:29.349+0000] {dag.py:3954} INFO - Setting next_dagrun for update_db to 2026-02-16 15:00:00+00:00, run_after=2026-02-17 15:00:00+00:00
[2026-02-18T01:14:29.368+0000] {processor.py:183} INFO - Processing /opt/airflow/dags/main.py took 0.160 seconds
[2026-02-18T01:14:59.543+0000] {processor.py:161} INFO - Started process (PID=425) to work on /opt/airflow/dags/main.py
[2026-02-18T01:14:59.545+0000] {processor.py:830} INFO - Processing file /opt/airflow/dags/main.py for tasks to queue
[2026-02-18T01:14:59.547+0000] {logging_mixin.py:188} INFO - [2026-02-18T01:14:59.547+0000] {dagbag.py:545} INFO - Filling up the DagBag from /opt/airflow/dags/main.py
[2026-02-18T01:14:59.618+0000] {processor.py:840} INFO - DAG(s) 'produce_json', 'update_db' retrieved from /opt/airflow/dags/main.py
[2026-02-18T01:14:59.646+0000] {logging_mixin.py:188} INFO - [2026-02-18T01:14:59.645+0000] {dag.py:3096} INFO - Sync 2 DAGs
[2026-02-18T01:14:59.667+0000] {logging_mixin.py:188} INFO - [2026-02-18T01:14:59.667+0000] {dag.py:3954} INFO - Setting next_dagrun for produce_json to 2026-02-17 14:00:00+00:00, run_after=2026-02-18 14:00:00+00:00
[2026-02-18T01:14:59.672+0000] {logging_mixin.py:188} INFO - [2026-02-18T01:14:59.672+0000] {dag.py:3954} INFO - Setting next_dagrun for update_db to 2026-02-16 15:00:00+00:00, run_after=2026-02-17 15:00:00+00:00
[2026-02-18T01:14:59.691+0000] {processor.py:183} INFO - Processing /opt/airflow/dags/main.py took 0.154 seconds
[2026-02-18T01:15:29.810+0000] {processor.py:161} INFO - Started process (PID=432) to work on /opt/airflow/dags/main.py
[2026-02-18T01:15:29.812+0000] {processor.py:830} INFO - Processing file /opt/airflow/dags/main.py for tasks to queue
[2026-02-18T01:15:29.816+0000] {logging_mixin.py:188} INFO - [2026-02-18T01:15:29.815+0000] {dagbag.py:545} INFO - Filling up the DagBag from /opt/airflow/dags/main.py
[2026-02-18T01:15:29.920+0000] {processor.py:840} INFO - DAG(s) 'produce_json', 'update_db' retrieved from /opt/airflow/dags/main.py
[2026-02-18T01:15:29.967+0000] {logging_mixin.py:188} INFO - [2026-02-18T01:15:29.967+0000] {dag.py:3096} INFO - Sync 2 DAGs
[2026-02-18T01:15:30.002+0000] {logging_mixin.py:188} INFO - [2026-02-18T01:15:30.002+0000] {dag.py:3954} INFO - Setting next_dagrun for produce_json to 2026-02-17 14:00:00+00:00, run_after=2026-02-18 14:00:00+00:00
[2026-02-18T01:15:30.008+0000] {logging_mixin.py:188} INFO - [2026-02-18T01:15:30.008+0000] {dag.py:3954} INFO - Setting next_dagrun for update_db to 2026-02-16 15:00:00+00:00, run_after=2026-02-17 15:00:00+00:00
[2026-02-18T01:15:30.034+0000] {processor.py:183} INFO - Processing /opt/airflow/dags/main.py took 0.231 seconds
[2026-02-18T01:16:00.128+0000] {processor.py:161} INFO - Started process (PID=445) to work on /opt/airflow/dags/main.py
[2026-02-18T01:16:00.129+0000] {processor.py:830} INFO - Processing file /opt/airflow/dags/main.py for tasks to queue
[2026-02-18T01:16:00.132+0000] {logging_mixin.py:188} INFO - [2026-02-18T01:16:00.132+0000] {dagbag.py:545} INFO - Filling up the DagBag from /opt/airflow/dags/main.py
[2026-02-18T01:16:00.205+0000] {processor.py:840} INFO - DAG(s) 'produce_json', 'update_db' retrieved from /opt/airflow/dags/main.py
[2026-02-18T01:16:00.246+0000] {logging_mixin.py:188} INFO - [2026-02-18T01:16:00.245+0000] {dag.py:3096} INFO - Sync 2 DAGs
[2026-02-18T01:16:00.282+0000] {logging_mixin.py:188} INFO - [2026-02-18T01:16:00.281+0000] {dag.py:3954} INFO - Setting next_dagrun for produce_json to 2026-02-17 14:00:00+00:00, run_after=2026-02-18 14:00:00+00:00
[2026-02-18T01:16:00.287+0000] {logging_mixin.py:188} INFO - [2026-02-18T01:16:00.286+0000] {dag.py:3954} INFO - Setting next_dagrun for update_db to 2026-02-16 15:00:00+00:00, run_after=2026-02-17 15:00:00+00:00
[2026-02-18T01:16:00.307+0000] {processor.py:183} INFO - Processing /opt/airflow/dags/main.py took 0.185 seconds
[2026-02-18T01:16:30.502+0000] {processor.py:161} INFO - Started process (PID=452) to work on /opt/airflow/dags/main.py
[2026-02-18T01:16:30.504+0000] {processor.py:830} INFO - Processing file /opt/airflow/dags/main.py for tasks to queue
[2026-02-18T01:16:30.507+0000] {logging_mixin.py:188} INFO - [2026-02-18T01:16:30.507+0000] {dagbag.py:545} INFO - Filling up the DagBag from /opt/airflow/dags/main.py
[2026-02-18T01:16:30.588+0000] {processor.py:840} INFO - DAG(s) 'update_db', 'produce_json' retrieved from /opt/airflow/dags/main.py
[2026-02-18T01:16:30.620+0000] {logging_mixin.py:188} INFO - [2026-02-18T01:16:30.620+0000] {dag.py:3096} INFO - Sync 2 DAGs
[2026-02-18T01:16:30.642+0000] {logging_mixin.py:188} INFO - [2026-02-18T01:16:30.642+0000] {dag.py:3954} INFO - Setting next_dagrun for produce_json to 2026-02-17 14:00:00+00:00, run_after=2026-02-18 14:00:00+00:00
[2026-02-18T01:16:30.647+0000] {logging_mixin.py:188} INFO - [2026-02-18T01:16:30.646+0000] {dag.py:3954} INFO - Setting next_dagrun for update_db to 2026-02-16 15:00:00+00:00, run_after=2026-02-17 15:00:00+00:00
[2026-02-18T01:16:30.677+0000] {processor.py:183} INFO - Processing /opt/airflow/dags/main.py took 0.183 seconds
[2026-02-18T01:17:00.798+0000] {processor.py:161} INFO - Started process (PID=459) to work on /opt/airflow/dags/main.py
[2026-02-18T01:17:00.799+0000] {processor.py:830} INFO - Processing file /opt/airflow/dags/main.py for tasks to queue
[2026-02-18T01:17:00.802+0000] {logging_mixin.py:188} INFO - [2026-02-18T01:17:00.802+0000] {dagbag.py:545} INFO - Filling up the DagBag from /opt/airflow/dags/main.py
[2026-02-18T01:17:00.886+0000] {processor.py:840} INFO - DAG(s) 'produce_json', 'update_db' retrieved from /opt/airflow/dags/main.py
[2026-02-18T01:17:00.916+0000] {logging_mixin.py:188} INFO - [2026-02-18T01:17:00.916+0000] {dag.py:3096} INFO - Sync 2 DAGs
[2026-02-18T01:17:00.937+0000] {logging_mixin.py:188} INFO - [2026-02-18T01:17:00.937+0000] {dag.py:3954} INFO - Setting next_dagrun for produce_json to 2026-02-17 14:00:00+00:00, run_after=2026-02-18 14:00:00+00:00
[2026-02-18T01:17:00.942+0000] {logging_mixin.py:188} INFO - [2026-02-18T01:17:00.942+0000] {dag.py:3954} INFO - Setting next_dagrun for update_db to 2026-02-16 15:00:00+00:00, run_after=2026-02-17 15:00:00+00:00
[2026-02-18T01:17:00.962+0000] {processor.py:183} INFO - Processing /opt/airflow/dags/main.py took 0.170 seconds
[2026-02-18T01:17:31.287+0000] {processor.py:161} INFO - Started process (PID=466) to work on /opt/airflow/dags/main.py
[2026-02-18T01:17:31.288+0000] {processor.py:830} INFO - Processing file /opt/airflow/dags/main.py for tasks to queue
[2026-02-18T01:17:31.290+0000] {logging_mixin.py:188} INFO - [2026-02-18T01:17:31.290+0000] {dagbag.py:545} INFO - Filling up the DagBag from /opt/airflow/dags/main.py
[2026-02-18T01:17:31.366+0000] {processor.py:840} INFO - DAG(s) 'update_db', 'produce_json' retrieved from /opt/airflow/dags/main.py
[2026-02-18T01:17:31.398+0000] {logging_mixin.py:188} INFO - [2026-02-18T01:17:31.398+0000] {dag.py:3096} INFO - Sync 2 DAGs
[2026-02-18T01:17:31.420+0000] {logging_mixin.py:188} INFO - [2026-02-18T01:17:31.420+0000] {dag.py:3954} INFO - Setting next_dagrun for produce_json to 2026-02-17 14:00:00+00:00, run_after=2026-02-18 14:00:00+00:00
[2026-02-18T01:17:31.425+0000] {logging_mixin.py:188} INFO - [2026-02-18T01:17:31.425+0000] {dag.py:3954} INFO - Setting next_dagrun for update_db to 2026-02-16 15:00:00+00:00, run_after=2026-02-17 15:00:00+00:00
[2026-02-18T01:17:31.445+0000] {processor.py:183} INFO - Processing /opt/airflow/dags/main.py took 0.165 seconds
[2026-02-18T01:18:01.534+0000] {processor.py:161} INFO - Started process (PID=473) to work on /opt/airflow/dags/main.py
[2026-02-18T01:18:01.535+0000] {processor.py:830} INFO - Processing file /opt/airflow/dags/main.py for tasks to queue
[2026-02-18T01:18:01.537+0000] {logging_mixin.py:188} INFO - [2026-02-18T01:18:01.536+0000] {dagbag.py:545} INFO - Filling up the DagBag from /opt/airflow/dags/main.py
[2026-02-18T01:18:01.612+0000] {processor.py:840} INFO - DAG(s) 'update_db', 'produce_json' retrieved from /opt/airflow/dags/main.py
[2026-02-18T01:18:01.648+0000] {logging_mixin.py:188} INFO - [2026-02-18T01:18:01.648+0000] {dag.py:3096} INFO - Sync 2 DAGs
[2026-02-18T01:18:01.674+0000] {logging_mixin.py:188} INFO - [2026-02-18T01:18:01.674+0000] {dag.py:3954} INFO - Setting next_dagrun for produce_json to 2026-02-17 14:00:00+00:00, run_after=2026-02-18 14:00:00+00:00
[2026-02-18T01:18:01.679+0000] {logging_mixin.py:188} INFO - [2026-02-18T01:18:01.679+0000] {dag.py:3954} INFO - Setting next_dagrun for update_db to 2026-02-16 15:00:00+00:00, run_after=2026-02-17 15:00:00+00:00
[2026-02-18T01:18:01.712+0000] {processor.py:183} INFO - Processing /opt/airflow/dags/main.py took 0.184 seconds
[2026-02-18T01:18:31.979+0000] {processor.py:161} INFO - Started process (PID=480) to work on /opt/airflow/dags/main.py
[2026-02-18T01:18:31.980+0000] {processor.py:830} INFO - Processing file /opt/airflow/dags/main.py for tasks to queue
[2026-02-18T01:18:31.982+0000] {logging_mixin.py:188} INFO - [2026-02-18T01:18:31.982+0000] {dagbag.py:545} INFO - Filling up the DagBag from /opt/airflow/dags/main.py
[2026-02-18T01:18:32.071+0000] {processor.py:840} INFO - DAG(s) 'update_db', 'produce_json' retrieved from /opt/airflow/dags/main.py
[2026-02-18T01:18:32.107+0000] {logging_mixin.py:188} INFO - [2026-02-18T01:18:32.107+0000] {dag.py:3096} INFO - Sync 2 DAGs
[2026-02-18T01:18:32.129+0000] {logging_mixin.py:188} INFO - [2026-02-18T01:18:32.129+0000] {dag.py:3954} INFO - Setting next_dagrun for produce_json to 2026-02-17 14:00:00+00:00, run_after=2026-02-18 14:00:00+00:00
[2026-02-18T01:18:32.135+0000] {logging_mixin.py:188} INFO - [2026-02-18T01:18:32.135+0000] {dag.py:3954} INFO - Setting next_dagrun for update_db to 2026-02-16 15:00:00+00:00, run_after=2026-02-17 15:00:00+00:00
[2026-02-18T01:18:32.156+0000] {processor.py:183} INFO - Processing /opt/airflow/dags/main.py took 0.182 seconds
[2026-02-18T01:19:02.230+0000] {processor.py:161} INFO - Started process (PID=487) to work on /opt/airflow/dags/main.py
[2026-02-18T01:19:02.231+0000] {processor.py:830} INFO - Processing file /opt/airflow/dags/main.py for tasks to queue
[2026-02-18T01:19:02.232+0000] {logging_mixin.py:188} INFO - [2026-02-18T01:19:02.232+0000] {dagbag.py:545} INFO - Filling up the DagBag from /opt/airflow/dags/main.py
[2026-02-18T01:19:02.301+0000] {processor.py:840} INFO - DAG(s) 'produce_json', 'update_db' retrieved from /opt/airflow/dags/main.py
[2026-02-18T01:19:02.334+0000] {logging_mixin.py:188} INFO - [2026-02-18T01:19:02.334+0000] {dag.py:3096} INFO - Sync 2 DAGs
[2026-02-18T01:19:02.357+0000] {logging_mixin.py:188} INFO - [2026-02-18T01:19:02.357+0000] {dag.py:3954} INFO - Setting next_dagrun for produce_json to 2026-02-17 14:00:00+00:00, run_after=2026-02-18 14:00:00+00:00
[2026-02-18T01:19:02.362+0000] {logging_mixin.py:188} INFO - [2026-02-18T01:19:02.362+0000] {dag.py:3954} INFO - Setting next_dagrun for update_db to 2026-02-16 15:00:00+00:00, run_after=2026-02-17 15:00:00+00:00
[2026-02-18T01:19:02.393+0000] {processor.py:183} INFO - Processing /opt/airflow/dags/main.py took 0.169 seconds
[2026-02-18T01:19:33.546+0000] {processor.py:161} INFO - Started process (PID=42) to work on /opt/airflow/dags/main.py
[2026-02-18T01:19:33.548+0000] {processor.py:830} INFO - Processing file /opt/airflow/dags/main.py for tasks to queue
[2026-02-18T01:19:33.550+0000] {logging_mixin.py:188} INFO - [2026-02-18T01:19:33.550+0000] {dagbag.py:545} INFO - Filling up the DagBag from /opt/airflow/dags/main.py
[2026-02-18T01:19:33.632+0000] {processor.py:840} INFO - DAG(s) 'produce_json', 'update_db' retrieved from /opt/airflow/dags/main.py
[2026-02-18T01:19:33.796+0000] {logging_mixin.py:188} INFO - [2026-02-18T01:19:33.795+0000] {dag.py:3096} INFO - Sync 2 DAGs
[2026-02-18T01:19:33.818+0000] {logging_mixin.py:188} INFO - [2026-02-18T01:19:33.817+0000] {dag.py:3954} INFO - Setting next_dagrun for produce_json to 2026-02-17 14:00:00+00:00, run_after=2026-02-18 14:00:00+00:00
[2026-02-18T01:19:33.824+0000] {logging_mixin.py:188} INFO - [2026-02-18T01:19:33.823+0000] {dag.py:3954} INFO - Setting next_dagrun for update_db to 2026-02-16 15:00:00+00:00, run_after=2026-02-17 15:00:00+00:00
[2026-02-18T01:19:33.847+0000] {processor.py:183} INFO - Processing /opt/airflow/dags/main.py took 0.309 seconds
[2026-02-18T01:20:04.083+0000] {processor.py:161} INFO - Started process (PID=49) to work on /opt/airflow/dags/main.py
[2026-02-18T01:20:04.084+0000] {processor.py:830} INFO - Processing file /opt/airflow/dags/main.py for tasks to queue
[2026-02-18T01:20:04.087+0000] {logging_mixin.py:188} INFO - [2026-02-18T01:20:04.087+0000] {dagbag.py:545} INFO - Filling up the DagBag from /opt/airflow/dags/main.py
[2026-02-18T01:20:04.177+0000] {processor.py:840} INFO - DAG(s) 'produce_json', 'update_db' retrieved from /opt/airflow/dags/main.py
[2026-02-18T01:20:04.214+0000] {logging_mixin.py:188} INFO - [2026-02-18T01:20:04.213+0000] {dag.py:3096} INFO - Sync 2 DAGs
[2026-02-18T01:20:04.249+0000] {logging_mixin.py:188} INFO - [2026-02-18T01:20:04.249+0000] {dag.py:3954} INFO - Setting next_dagrun for produce_json to 2026-02-17 14:00:00+00:00, run_after=2026-02-18 14:00:00+00:00
[2026-02-18T01:20:04.255+0000] {logging_mixin.py:188} INFO - [2026-02-18T01:20:04.255+0000] {dag.py:3954} INFO - Setting next_dagrun for update_db to 2026-02-16 15:00:00+00:00, run_after=2026-02-17 15:00:00+00:00
[2026-02-18T01:20:04.276+0000] {processor.py:183} INFO - Processing /opt/airflow/dags/main.py took 0.200 seconds
[2026-02-18T01:20:34.343+0000] {processor.py:161} INFO - Started process (PID=62) to work on /opt/airflow/dags/main.py
[2026-02-18T01:20:34.344+0000] {processor.py:830} INFO - Processing file /opt/airflow/dags/main.py for tasks to queue
[2026-02-18T01:20:34.347+0000] {logging_mixin.py:188} INFO - [2026-02-18T01:20:34.347+0000] {dagbag.py:545} INFO - Filling up the DagBag from /opt/airflow/dags/main.py
[2026-02-18T01:20:34.467+0000] {processor.py:840} INFO - DAG(s) 'produce_json', 'update_db' retrieved from /opt/airflow/dags/main.py
[2026-02-18T01:20:34.502+0000] {logging_mixin.py:188} INFO - [2026-02-18T01:20:34.502+0000] {dag.py:3096} INFO - Sync 2 DAGs
[2026-02-18T01:20:34.526+0000] {logging_mixin.py:188} INFO - [2026-02-18T01:20:34.525+0000] {dag.py:3954} INFO - Setting next_dagrun for produce_json to 2026-02-17 14:00:00+00:00, run_after=2026-02-18 14:00:00+00:00
[2026-02-18T01:20:34.530+0000] {logging_mixin.py:188} INFO - [2026-02-18T01:20:34.530+0000] {dag.py:3954} INFO - Setting next_dagrun for update_db to 2026-02-16 15:00:00+00:00, run_after=2026-02-17 15:00:00+00:00
[2026-02-18T01:20:34.550+0000] {processor.py:183} INFO - Processing /opt/airflow/dags/main.py took 0.214 seconds
[2026-02-18T01:21:04.735+0000] {processor.py:161} INFO - Started process (PID=70) to work on /opt/airflow/dags/main.py
[2026-02-18T01:21:04.737+0000] {processor.py:830} INFO - Processing file /opt/airflow/dags/main.py for tasks to queue
[2026-02-18T01:21:04.740+0000] {logging_mixin.py:188} INFO - [2026-02-18T01:21:04.739+0000] {dagbag.py:545} INFO - Filling up the DagBag from /opt/airflow/dags/main.py
[2026-02-18T01:21:04.811+0000] {processor.py:840} INFO - DAG(s) 'update_db', 'produce_json' retrieved from /opt/airflow/dags/main.py
[2026-02-18T01:21:04.841+0000] {logging_mixin.py:188} INFO - [2026-02-18T01:21:04.841+0000] {dag.py:3096} INFO - Sync 2 DAGs
[2026-02-18T01:21:04.864+0000] {logging_mixin.py:188} INFO - [2026-02-18T01:21:04.864+0000] {dag.py:3954} INFO - Setting next_dagrun for produce_json to 2026-02-17 14:00:00+00:00, run_after=2026-02-18 14:00:00+00:00
[2026-02-18T01:21:04.869+0000] {logging_mixin.py:188} INFO - [2026-02-18T01:21:04.869+0000] {dag.py:3954} INFO - Setting next_dagrun for update_db to 2026-02-16 15:00:00+00:00, run_after=2026-02-17 15:00:00+00:00
[2026-02-18T01:21:04.901+0000] {processor.py:183} INFO - Processing /opt/airflow/dags/main.py took 0.171 seconds
[2026-02-18T01:21:35.017+0000] {processor.py:161} INFO - Started process (PID=82) to work on /opt/airflow/dags/main.py
[2026-02-18T01:21:35.018+0000] {processor.py:830} INFO - Processing file /opt/airflow/dags/main.py for tasks to queue
[2026-02-18T01:21:35.020+0000] {logging_mixin.py:188} INFO - [2026-02-18T01:21:35.019+0000] {dagbag.py:545} INFO - Filling up the DagBag from /opt/airflow/dags/main.py
[2026-02-18T01:21:35.092+0000] {processor.py:840} INFO - DAG(s) 'update_db', 'produce_json' retrieved from /opt/airflow/dags/main.py
[2026-02-18T01:21:35.129+0000] {logging_mixin.py:188} INFO - [2026-02-18T01:21:35.129+0000] {dag.py:3096} INFO - Sync 2 DAGs
[2026-02-18T01:21:35.149+0000] {logging_mixin.py:188} INFO - [2026-02-18T01:21:35.148+0000] {dag.py:3954} INFO - Setting next_dagrun for produce_json to 2026-02-17 14:00:00+00:00, run_after=2026-02-18 14:00:00+00:00
[2026-02-18T01:21:35.153+0000] {logging_mixin.py:188} INFO - [2026-02-18T01:21:35.153+0000] {dag.py:3954} INFO - Setting next_dagrun for update_db to 2026-02-16 15:00:00+00:00, run_after=2026-02-17 15:00:00+00:00
[2026-02-18T01:21:35.171+0000] {processor.py:183} INFO - Processing /opt/airflow/dags/main.py took 0.161 seconds
[2026-02-18T01:22:05.372+0000] {processor.py:161} INFO - Started process (PID=89) to work on /opt/airflow/dags/main.py
[2026-02-18T01:22:05.373+0000] {processor.py:830} INFO - Processing file /opt/airflow/dags/main.py for tasks to queue
[2026-02-18T01:22:05.375+0000] {logging_mixin.py:188} INFO - [2026-02-18T01:22:05.375+0000] {dagbag.py:545} INFO - Filling up the DagBag from /opt/airflow/dags/main.py
[2026-02-18T01:22:05.461+0000] {processor.py:840} INFO - DAG(s) 'update_db', 'produce_json' retrieved from /opt/airflow/dags/main.py
[2026-02-18T01:22:05.497+0000] {logging_mixin.py:188} INFO - [2026-02-18T01:22:05.496+0000] {dag.py:3096} INFO - Sync 2 DAGs
[2026-02-18T01:22:05.519+0000] {logging_mixin.py:188} INFO - [2026-02-18T01:22:05.519+0000] {dag.py:3954} INFO - Setting next_dagrun for produce_json to 2026-02-17 14:00:00+00:00, run_after=2026-02-18 14:00:00+00:00
[2026-02-18T01:22:05.524+0000] {logging_mixin.py:188} INFO - [2026-02-18T01:22:05.524+0000] {dag.py:3954} INFO - Setting next_dagrun for update_db to 2026-02-16 15:00:00+00:00, run_after=2026-02-17 15:00:00+00:00
[2026-02-18T01:22:05.549+0000] {processor.py:183} INFO - Processing /opt/airflow/dags/main.py took 0.183 seconds
[2026-02-18T01:43:39.715+0000] {processor.py:161} INFO - Started process (PID=96) to work on /opt/airflow/dags/main.py
[2026-02-18T01:43:39.716+0000] {processor.py:830} INFO - Processing file /opt/airflow/dags/main.py for tasks to queue
[2026-02-18T01:43:39.728+0000] {logging_mixin.py:188} INFO - [2026-02-18T01:43:39.727+0000] {dagbag.py:545} INFO - Filling up the DagBag from /opt/airflow/dags/main.py
[2026-02-18T01:43:39.995+0000] {processor.py:840} INFO - DAG(s) 'update_db', 'produce_json' retrieved from /opt/airflow/dags/main.py
[2026-02-18T01:43:40.043+0000] {logging_mixin.py:188} INFO - [2026-02-18T01:43:40.043+0000] {dag.py:3096} INFO - Sync 2 DAGs
[2026-02-18T01:43:40.070+0000] {logging_mixin.py:188} INFO - [2026-02-18T01:43:40.070+0000] {dag.py:3954} INFO - Setting next_dagrun for produce_json to 2026-02-17 14:00:00+00:00, run_after=2026-02-18 14:00:00+00:00
[2026-02-18T01:43:40.076+0000] {logging_mixin.py:188} INFO - [2026-02-18T01:43:40.076+0000] {dag.py:3954} INFO - Setting next_dagrun for update_db to 2026-02-16 15:00:00+00:00, run_after=2026-02-17 15:00:00+00:00
[2026-02-18T01:43:40.122+0000] {processor.py:183} INFO - Processing /opt/airflow/dags/main.py took 0.414 seconds
[2026-02-18T01:44:10.352+0000] {processor.py:161} INFO - Started process (PID=115) to work on /opt/airflow/dags/main.py
[2026-02-18T01:44:10.353+0000] {processor.py:830} INFO - Processing file /opt/airflow/dags/main.py for tasks to queue
[2026-02-18T01:44:10.355+0000] {logging_mixin.py:188} INFO - [2026-02-18T01:44:10.355+0000] {dagbag.py:545} INFO - Filling up the DagBag from /opt/airflow/dags/main.py
[2026-02-18T01:44:10.435+0000] {processor.py:840} INFO - DAG(s) 'produce_json', 'update_db' retrieved from /opt/airflow/dags/main.py
[2026-02-18T01:44:10.470+0000] {logging_mixin.py:188} INFO - [2026-02-18T01:44:10.469+0000] {dag.py:3096} INFO - Sync 2 DAGs
[2026-02-18T01:44:10.493+0000] {logging_mixin.py:188} INFO - [2026-02-18T01:44:10.493+0000] {dag.py:3954} INFO - Setting next_dagrun for produce_json to 2026-02-17 14:00:00+00:00, run_after=2026-02-18 14:00:00+00:00
[2026-02-18T01:44:10.499+0000] {logging_mixin.py:188} INFO - [2026-02-18T01:44:10.499+0000] {dag.py:3954} INFO - Setting next_dagrun for update_db to 2026-02-16 15:00:00+00:00, run_after=2026-02-17 15:00:00+00:00
[2026-02-18T01:44:10.520+0000] {processor.py:183} INFO - Processing /opt/airflow/dags/main.py took 0.174 seconds
[2026-02-18T01:44:40.576+0000] {processor.py:161} INFO - Started process (PID=122) to work on /opt/airflow/dags/main.py
[2026-02-18T01:44:40.577+0000] {processor.py:830} INFO - Processing file /opt/airflow/dags/main.py for tasks to queue
[2026-02-18T01:44:40.579+0000] {logging_mixin.py:188} INFO - [2026-02-18T01:44:40.579+0000] {dagbag.py:545} INFO - Filling up the DagBag from /opt/airflow/dags/main.py
[2026-02-18T01:44:40.655+0000] {processor.py:840} INFO - DAG(s) 'update_db', 'produce_json' retrieved from /opt/airflow/dags/main.py
[2026-02-18T01:44:40.700+0000] {logging_mixin.py:188} INFO - [2026-02-18T01:44:40.700+0000] {dag.py:3096} INFO - Sync 2 DAGs
[2026-02-18T01:44:40.731+0000] {logging_mixin.py:188} INFO - [2026-02-18T01:44:40.731+0000] {dag.py:3954} INFO - Setting next_dagrun for produce_json to 2026-02-17 14:00:00+00:00, run_after=2026-02-18 14:00:00+00:00
[2026-02-18T01:44:40.737+0000] {logging_mixin.py:188} INFO - [2026-02-18T01:44:40.737+0000] {dag.py:3954} INFO - Setting next_dagrun for update_db to 2026-02-16 15:00:00+00:00, run_after=2026-02-17 15:00:00+00:00
[2026-02-18T01:44:40.763+0000] {processor.py:183} INFO - Processing /opt/airflow/dags/main.py took 0.192 seconds
[2026-02-18T01:45:11.003+0000] {processor.py:161} INFO - Started process (PID=129) to work on /opt/airflow/dags/main.py
[2026-02-18T01:45:11.004+0000] {processor.py:830} INFO - Processing file /opt/airflow/dags/main.py for tasks to queue
[2026-02-18T01:45:11.006+0000] {logging_mixin.py:188} INFO - [2026-02-18T01:45:11.006+0000] {dagbag.py:545} INFO - Filling up the DagBag from /opt/airflow/dags/main.py
[2026-02-18T01:45:11.076+0000] {processor.py:840} INFO - DAG(s) 'update_db', 'produce_json' retrieved from /opt/airflow/dags/main.py
[2026-02-18T01:45:11.105+0000] {logging_mixin.py:188} INFO - [2026-02-18T01:45:11.105+0000] {dag.py:3096} INFO - Sync 2 DAGs
[2026-02-18T01:45:11.126+0000] {logging_mixin.py:188} INFO - [2026-02-18T01:45:11.126+0000] {dag.py:3954} INFO - Setting next_dagrun for produce_json to 2026-02-17 14:00:00+00:00, run_after=2026-02-18 14:00:00+00:00
[2026-02-18T01:45:11.131+0000] {logging_mixin.py:188} INFO - [2026-02-18T01:45:11.131+0000] {dag.py:3954} INFO - Setting next_dagrun for update_db to 2026-02-16 15:00:00+00:00, run_after=2026-02-17 15:00:00+00:00
[2026-02-18T01:45:11.150+0000] {processor.py:183} INFO - Processing /opt/airflow/dags/main.py took 0.151 seconds
[2026-02-18T01:45:41.280+0000] {processor.py:161} INFO - Started process (PID=136) to work on /opt/airflow/dags/main.py
[2026-02-18T01:45:41.281+0000] {processor.py:830} INFO - Processing file /opt/airflow/dags/main.py for tasks to queue
[2026-02-18T01:45:41.283+0000] {logging_mixin.py:188} INFO - [2026-02-18T01:45:41.283+0000] {dagbag.py:545} INFO - Filling up the DagBag from /opt/airflow/dags/main.py
[2026-02-18T01:45:41.356+0000] {processor.py:840} INFO - DAG(s) 'update_db', 'produce_json' retrieved from /opt/airflow/dags/main.py
[2026-02-18T01:45:41.394+0000] {logging_mixin.py:188} INFO - [2026-02-18T01:45:41.393+0000] {dag.py:3096} INFO - Sync 2 DAGs
[2026-02-18T01:45:41.414+0000] {logging_mixin.py:188} INFO - [2026-02-18T01:45:41.414+0000] {dag.py:3954} INFO - Setting next_dagrun for produce_json to 2026-02-17 14:00:00+00:00, run_after=2026-02-18 14:00:00+00:00
[2026-02-18T01:45:41.419+0000] {logging_mixin.py:188} INFO - [2026-02-18T01:45:41.419+0000] {dag.py:3954} INFO - Setting next_dagrun for update_db to 2026-02-16 15:00:00+00:00, run_after=2026-02-17 15:00:00+00:00
[2026-02-18T01:45:41.436+0000] {processor.py:183} INFO - Processing /opt/airflow/dags/main.py took 0.161 seconds
[2026-02-18T01:46:11.639+0000] {processor.py:161} INFO - Started process (PID=143) to work on /opt/airflow/dags/main.py
[2026-02-18T01:46:11.640+0000] {processor.py:830} INFO - Processing file /opt/airflow/dags/main.py for tasks to queue
[2026-02-18T01:46:11.642+0000] {logging_mixin.py:188} INFO - [2026-02-18T01:46:11.641+0000] {dagbag.py:545} INFO - Filling up the DagBag from /opt/airflow/dags/main.py
[2026-02-18T01:46:11.717+0000] {processor.py:840} INFO - DAG(s) 'produce_json', 'update_db' retrieved from /opt/airflow/dags/main.py
[2026-02-18T01:46:11.751+0000] {logging_mixin.py:188} INFO - [2026-02-18T01:46:11.751+0000] {dag.py:3096} INFO - Sync 2 DAGs
[2026-02-18T01:46:11.770+0000] {logging_mixin.py:188} INFO - [2026-02-18T01:46:11.770+0000] {dag.py:3954} INFO - Setting next_dagrun for produce_json to 2026-02-17 14:00:00+00:00, run_after=2026-02-18 14:00:00+00:00
[2026-02-18T01:46:11.775+0000] {logging_mixin.py:188} INFO - [2026-02-18T01:46:11.775+0000] {dag.py:3954} INFO - Setting next_dagrun for update_db to 2026-02-16 15:00:00+00:00, run_after=2026-02-17 15:00:00+00:00
[2026-02-18T01:46:11.804+0000] {processor.py:183} INFO - Processing /opt/airflow/dags/main.py took 0.170 seconds
[2026-02-18T01:46:41.905+0000] {processor.py:161} INFO - Started process (PID=150) to work on /opt/airflow/dags/main.py
[2026-02-18T01:46:41.905+0000] {processor.py:830} INFO - Processing file /opt/airflow/dags/main.py for tasks to queue
[2026-02-18T01:46:41.907+0000] {logging_mixin.py:188} INFO - [2026-02-18T01:46:41.907+0000] {dagbag.py:545} INFO - Filling up the DagBag from /opt/airflow/dags/main.py
[2026-02-18T01:46:41.976+0000] {processor.py:840} INFO - DAG(s) 'update_db', 'produce_json' retrieved from /opt/airflow/dags/main.py
[2026-02-18T01:46:42.005+0000] {logging_mixin.py:188} INFO - [2026-02-18T01:46:42.005+0000] {dag.py:3096} INFO - Sync 2 DAGs
[2026-02-18T01:46:42.024+0000] {logging_mixin.py:188} INFO - [2026-02-18T01:46:42.024+0000] {dag.py:3954} INFO - Setting next_dagrun for produce_json to 2026-02-17 14:00:00+00:00, run_after=2026-02-18 14:00:00+00:00
[2026-02-18T01:46:42.030+0000] {logging_mixin.py:188} INFO - [2026-02-18T01:46:42.030+0000] {dag.py:3954} INFO - Setting next_dagrun for update_db to 2026-02-16 15:00:00+00:00, run_after=2026-02-17 15:00:00+00:00
[2026-02-18T01:46:42.060+0000] {processor.py:183} INFO - Processing /opt/airflow/dags/main.py took 0.161 seconds
[2026-02-18T20:27:46.917+0000] {processor.py:161} INFO - Started process (PID=157) to work on /opt/airflow/dags/main.py
[2026-02-18T20:27:46.921+0000] {processor.py:830} INFO - Processing file /opt/airflow/dags/main.py for tasks to queue
[2026-02-18T20:27:46.932+0000] {logging_mixin.py:188} INFO - [2026-02-18T20:27:46.931+0000] {dagbag.py:545} INFO - Filling up the DagBag from /opt/airflow/dags/main.py
[2026-02-18T20:27:47.451+0000] {processor.py:840} INFO - DAG(s) 'update_db', 'produce_json' retrieved from /opt/airflow/dags/main.py
[2026-02-18T20:27:47.566+0000] {logging_mixin.py:188} INFO - [2026-02-18T20:27:47.565+0000] {dag.py:3096} INFO - Sync 2 DAGs
[2026-02-18T20:27:47.665+0000] {logging_mixin.py:188} INFO - [2026-02-18T20:27:47.664+0000] {dag.py:3954} INFO - Setting next_dagrun for produce_json to 2026-02-17 14:00:00+00:00, run_after=2026-02-18 14:00:00+00:00
[2026-02-18T20:27:47.689+0000] {logging_mixin.py:188} INFO - [2026-02-18T20:27:47.687+0000] {dag.py:3954} INFO - Setting next_dagrun for update_db to 2026-02-17 15:00:00+00:00, run_after=2026-02-18 15:00:00+00:00
[2026-02-18T20:27:47.780+0000] {processor.py:183} INFO - Processing /opt/airflow/dags/main.py took 0.883 seconds
[2026-02-18T20:28:18.463+0000] {processor.py:161} INFO - Started process (PID=164) to work on /opt/airflow/dags/main.py
[2026-02-18T20:28:18.478+0000] {processor.py:830} INFO - Processing file /opt/airflow/dags/main.py for tasks to queue
[2026-02-18T20:28:18.504+0000] {logging_mixin.py:188} INFO - [2026-02-18T20:28:18.501+0000] {dagbag.py:545} INFO - Filling up the DagBag from /opt/airflow/dags/main.py
[2026-02-18T20:28:18.804+0000] {processor.py:840} INFO - DAG(s) 'update_db', 'produce_json' retrieved from /opt/airflow/dags/main.py
[2026-02-18T20:28:18.969+0000] {logging_mixin.py:188} INFO - [2026-02-18T20:28:18.969+0000] {dag.py:3096} INFO - Sync 2 DAGs
[2026-02-18T20:28:19.094+0000] {logging_mixin.py:188} INFO - [2026-02-18T20:28:19.093+0000] {dag.py:3954} INFO - Setting next_dagrun for produce_json to 2026-02-17 14:00:00+00:00, run_after=2026-02-18 14:00:00+00:00
[2026-02-18T20:28:19.110+0000] {logging_mixin.py:188} INFO - [2026-02-18T20:28:19.110+0000] {dag.py:3954} INFO - Setting next_dagrun for update_db to 2026-02-17 15:00:00+00:00, run_after=2026-02-18 15:00:00+00:00
[2026-02-18T20:28:19.172+0000] {processor.py:183} INFO - Processing /opt/airflow/dags/main.py took 0.726 seconds
[2026-02-18T20:28:49.543+0000] {processor.py:161} INFO - Started process (PID=171) to work on /opt/airflow/dags/main.py
[2026-02-18T20:28:49.545+0000] {processor.py:830} INFO - Processing file /opt/airflow/dags/main.py for tasks to queue
[2026-02-18T20:28:49.550+0000] {logging_mixin.py:188} INFO - [2026-02-18T20:28:49.549+0000] {dagbag.py:545} INFO - Filling up the DagBag from /opt/airflow/dags/main.py
[2026-02-18T20:28:49.764+0000] {processor.py:840} INFO - DAG(s) 'update_db', 'produce_json' retrieved from /opt/airflow/dags/main.py
[2026-02-18T20:28:49.827+0000] {logging_mixin.py:188} INFO - [2026-02-18T20:28:49.826+0000] {dag.py:3096} INFO - Sync 2 DAGs
[2026-02-18T20:28:49.874+0000] {logging_mixin.py:188} INFO - [2026-02-18T20:28:49.873+0000] {dag.py:3954} INFO - Setting next_dagrun for produce_json to 2026-02-17 14:00:00+00:00, run_after=2026-02-18 14:00:00+00:00
[2026-02-18T20:28:49.883+0000] {logging_mixin.py:188} INFO - [2026-02-18T20:28:49.882+0000] {dag.py:3954} INFO - Setting next_dagrun for update_db to 2026-02-17 15:00:00+00:00, run_after=2026-02-18 15:00:00+00:00
[2026-02-18T20:28:49.922+0000] {processor.py:183} INFO - Processing /opt/airflow/dags/main.py took 0.390 seconds
[2026-02-18T20:29:20.217+0000] {processor.py:161} INFO - Started process (PID=178) to work on /opt/airflow/dags/main.py
[2026-02-18T20:29:20.219+0000] {processor.py:830} INFO - Processing file /opt/airflow/dags/main.py for tasks to queue
[2026-02-18T20:29:20.223+0000] {logging_mixin.py:188} INFO - [2026-02-18T20:29:20.222+0000] {dagbag.py:545} INFO - Filling up the DagBag from /opt/airflow/dags/main.py
[2026-02-18T20:29:20.401+0000] {processor.py:840} INFO - DAG(s) 'update_db', 'produce_json' retrieved from /opt/airflow/dags/main.py
[2026-02-18T20:29:20.448+0000] {logging_mixin.py:188} INFO - [2026-02-18T20:29:20.448+0000] {dag.py:3096} INFO - Sync 2 DAGs
[2026-02-18T20:29:20.487+0000] {logging_mixin.py:188} INFO - [2026-02-18T20:29:20.487+0000] {dag.py:3954} INFO - Setting next_dagrun for produce_json to 2026-02-17 14:00:00+00:00, run_after=2026-02-18 14:00:00+00:00
[2026-02-18T20:29:20.495+0000] {logging_mixin.py:188} INFO - [2026-02-18T20:29:20.495+0000] {dag.py:3954} INFO - Setting next_dagrun for update_db to 2026-02-17 15:00:00+00:00, run_after=2026-02-18 15:00:00+00:00
[2026-02-18T20:29:20.567+0000] {processor.py:183} INFO - Processing /opt/airflow/dags/main.py took 0.359 seconds
[2026-02-18T20:29:50.893+0000] {processor.py:161} INFO - Started process (PID=185) to work on /opt/airflow/dags/main.py
[2026-02-18T20:29:50.896+0000] {processor.py:830} INFO - Processing file /opt/airflow/dags/main.py for tasks to queue
[2026-02-18T20:29:50.899+0000] {logging_mixin.py:188} INFO - [2026-02-18T20:29:50.898+0000] {dagbag.py:545} INFO - Filling up the DagBag from /opt/airflow/dags/main.py
[2026-02-18T20:29:51.139+0000] {processor.py:840} INFO - DAG(s) 'update_db', 'produce_json' retrieved from /opt/airflow/dags/main.py
[2026-02-18T20:29:51.190+0000] {logging_mixin.py:188} INFO - [2026-02-18T20:29:51.190+0000] {dag.py:3096} INFO - Sync 2 DAGs
[2026-02-18T20:29:51.220+0000] {logging_mixin.py:188} INFO - [2026-02-18T20:29:51.220+0000] {dag.py:3954} INFO - Setting next_dagrun for produce_json to 2026-02-17 14:00:00+00:00, run_after=2026-02-18 14:00:00+00:00
[2026-02-18T20:29:51.227+0000] {logging_mixin.py:188} INFO - [2026-02-18T20:29:51.227+0000] {dag.py:3954} INFO - Setting next_dagrun for update_db to 2026-02-17 15:00:00+00:00, run_after=2026-02-18 15:00:00+00:00
[2026-02-18T20:29:51.254+0000] {processor.py:183} INFO - Processing /opt/airflow/dags/main.py took 0.368 seconds
[2026-02-18T20:30:21.586+0000] {processor.py:161} INFO - Started process (PID=192) to work on /opt/airflow/dags/main.py
[2026-02-18T20:30:21.588+0000] {processor.py:830} INFO - Processing file /opt/airflow/dags/main.py for tasks to queue
[2026-02-18T20:30:21.591+0000] {logging_mixin.py:188} INFO - [2026-02-18T20:30:21.591+0000] {dagbag.py:545} INFO - Filling up the DagBag from /opt/airflow/dags/main.py
[2026-02-18T20:30:21.814+0000] {processor.py:840} INFO - DAG(s) 'produce_json', 'update_db' retrieved from /opt/airflow/dags/main.py
[2026-02-18T20:30:21.863+0000] {logging_mixin.py:188} INFO - [2026-02-18T20:30:21.862+0000] {dag.py:3096} INFO - Sync 2 DAGs
[2026-02-18T20:30:21.904+0000] {logging_mixin.py:188} INFO - [2026-02-18T20:30:21.903+0000] {dag.py:3954} INFO - Setting next_dagrun for produce_json to 2026-02-17 14:00:00+00:00, run_after=2026-02-18 14:00:00+00:00
[2026-02-18T20:30:21.912+0000] {logging_mixin.py:188} INFO - [2026-02-18T20:30:21.911+0000] {dag.py:3954} INFO - Setting next_dagrun for update_db to 2026-02-17 15:00:00+00:00, run_after=2026-02-18 15:00:00+00:00
[2026-02-18T20:30:21.940+0000] {processor.py:183} INFO - Processing /opt/airflow/dags/main.py took 0.363 seconds
[2026-02-18T20:30:52.271+0000] {processor.py:161} INFO - Started process (PID=199) to work on /opt/airflow/dags/main.py
[2026-02-18T20:30:52.273+0000] {processor.py:830} INFO - Processing file /opt/airflow/dags/main.py for tasks to queue
[2026-02-18T20:30:52.276+0000] {logging_mixin.py:188} INFO - [2026-02-18T20:30:52.275+0000] {dagbag.py:545} INFO - Filling up the DagBag from /opt/airflow/dags/main.py
[2026-02-18T20:30:52.388+0000] {processor.py:840} INFO - DAG(s) 'produce_json', 'update_db' retrieved from /opt/airflow/dags/main.py
[2026-02-18T20:30:52.433+0000] {logging_mixin.py:188} INFO - [2026-02-18T20:30:52.432+0000] {dag.py:3096} INFO - Sync 2 DAGs
[2026-02-18T20:30:52.472+0000] {logging_mixin.py:188} INFO - [2026-02-18T20:30:52.471+0000] {dag.py:3954} INFO - Setting next_dagrun for produce_json to 2026-02-17 14:00:00+00:00, run_after=2026-02-18 14:00:00+00:00
[2026-02-18T20:30:52.479+0000] {logging_mixin.py:188} INFO - [2026-02-18T20:30:52.478+0000] {dag.py:3954} INFO - Setting next_dagrun for update_db to 2026-02-17 15:00:00+00:00, run_after=2026-02-18 15:00:00+00:00
[2026-02-18T20:30:52.505+0000] {processor.py:183} INFO - Processing /opt/airflow/dags/main.py took 0.242 seconds
[2026-02-18T20:31:22.599+0000] {processor.py:161} INFO - Started process (PID=206) to work on /opt/airflow/dags/main.py
[2026-02-18T20:31:22.601+0000] {processor.py:830} INFO - Processing file /opt/airflow/dags/main.py for tasks to queue
[2026-02-18T20:31:22.604+0000] {logging_mixin.py:188} INFO - [2026-02-18T20:31:22.604+0000] {dagbag.py:545} INFO - Filling up the DagBag from /opt/airflow/dags/main.py
[2026-02-18T20:31:22.818+0000] {processor.py:840} INFO - DAG(s) 'produce_json', 'update_db' retrieved from /opt/airflow/dags/main.py
[2026-02-18T20:31:22.871+0000] {logging_mixin.py:188} INFO - [2026-02-18T20:31:22.871+0000] {dag.py:3096} INFO - Sync 2 DAGs
[2026-02-18T20:31:22.903+0000] {logging_mixin.py:188} INFO - [2026-02-18T20:31:22.903+0000] {dag.py:3954} INFO - Setting next_dagrun for produce_json to 2026-02-17 14:00:00+00:00, run_after=2026-02-18 14:00:00+00:00
[2026-02-18T20:31:22.911+0000] {logging_mixin.py:188} INFO - [2026-02-18T20:31:22.910+0000] {dag.py:3954} INFO - Setting next_dagrun for update_db to 2026-02-17 15:00:00+00:00, run_after=2026-02-18 15:00:00+00:00
[2026-02-18T20:31:22.939+0000] {processor.py:183} INFO - Processing /opt/airflow/dags/main.py took 0.347 seconds
[2026-02-18T20:31:53.145+0000] {processor.py:161} INFO - Started process (PID=213) to work on /opt/airflow/dags/main.py
[2026-02-18T20:31:53.147+0000] {processor.py:830} INFO - Processing file /opt/airflow/dags/main.py for tasks to queue
[2026-02-18T20:31:53.150+0000] {logging_mixin.py:188} INFO - [2026-02-18T20:31:53.150+0000] {dagbag.py:545} INFO - Filling up the DagBag from /opt/airflow/dags/main.py
[2026-02-18T20:31:53.352+0000] {processor.py:840} INFO - DAG(s) 'produce_json', 'update_db' retrieved from /opt/airflow/dags/main.py
[2026-02-18T20:31:53.398+0000] {logging_mixin.py:188} INFO - [2026-02-18T20:31:53.397+0000] {dag.py:3096} INFO - Sync 2 DAGs
[2026-02-18T20:31:53.438+0000] {logging_mixin.py:188} INFO - [2026-02-18T20:31:53.438+0000] {dag.py:3954} INFO - Setting next_dagrun for produce_json to 2026-02-17 14:00:00+00:00, run_after=2026-02-18 14:00:00+00:00
[2026-02-18T20:31:53.449+0000] {logging_mixin.py:188} INFO - [2026-02-18T20:31:53.449+0000] {dag.py:3954} INFO - Setting next_dagrun for update_db to 2026-02-17 15:00:00+00:00, run_after=2026-02-18 15:00:00+00:00
[2026-02-18T20:31:53.481+0000] {processor.py:183} INFO - Processing /opt/airflow/dags/main.py took 0.344 seconds
[2026-02-18T20:32:23.815+0000] {processor.py:161} INFO - Started process (PID=220) to work on /opt/airflow/dags/main.py
[2026-02-18T20:32:23.817+0000] {processor.py:830} INFO - Processing file /opt/airflow/dags/main.py for tasks to queue
[2026-02-18T20:32:23.820+0000] {logging_mixin.py:188} INFO - [2026-02-18T20:32:23.819+0000] {dagbag.py:545} INFO - Filling up the DagBag from /opt/airflow/dags/main.py
[2026-02-18T20:32:23.977+0000] {processor.py:840} INFO - DAG(s) 'update_db', 'produce_json' retrieved from /opt/airflow/dags/main.py
[2026-02-18T20:32:24.022+0000] {logging_mixin.py:188} INFO - [2026-02-18T20:32:24.022+0000] {dag.py:3096} INFO - Sync 2 DAGs
[2026-02-18T20:32:24.053+0000] {logging_mixin.py:188} INFO - [2026-02-18T20:32:24.053+0000] {dag.py:3954} INFO - Setting next_dagrun for produce_json to 2026-02-17 14:00:00+00:00, run_after=2026-02-18 14:00:00+00:00
[2026-02-18T20:32:24.061+0000] {logging_mixin.py:188} INFO - [2026-02-18T20:32:24.060+0000] {dag.py:3954} INFO - Setting next_dagrun for update_db to 2026-02-17 15:00:00+00:00, run_after=2026-02-18 15:00:00+00:00
[2026-02-18T20:32:24.125+0000] {processor.py:183} INFO - Processing /opt/airflow/dags/main.py took 0.319 seconds
[2026-02-18T20:32:54.367+0000] {processor.py:161} INFO - Started process (PID=227) to work on /opt/airflow/dags/main.py
[2026-02-18T20:32:54.370+0000] {processor.py:830} INFO - Processing file /opt/airflow/dags/main.py for tasks to queue
[2026-02-18T20:32:54.373+0000] {logging_mixin.py:188} INFO - [2026-02-18T20:32:54.372+0000] {dagbag.py:545} INFO - Filling up the DagBag from /opt/airflow/dags/main.py
[2026-02-18T20:32:54.563+0000] {processor.py:840} INFO - DAG(s) 'update_db', 'produce_json' retrieved from /opt/airflow/dags/main.py
[2026-02-18T20:32:54.606+0000] {logging_mixin.py:188} INFO - [2026-02-18T20:32:54.605+0000] {dag.py:3096} INFO - Sync 2 DAGs
[2026-02-18T20:32:54.639+0000] {logging_mixin.py:188} INFO - [2026-02-18T20:32:54.639+0000] {dag.py:3954} INFO - Setting next_dagrun for produce_json to 2026-02-17 14:00:00+00:00, run_after=2026-02-18 14:00:00+00:00
[2026-02-18T20:32:54.647+0000] {logging_mixin.py:188} INFO - [2026-02-18T20:32:54.646+0000] {dag.py:3954} INFO - Setting next_dagrun for update_db to 2026-02-17 15:00:00+00:00, run_after=2026-02-18 15:00:00+00:00
[2026-02-18T20:32:54.709+0000] {processor.py:183} INFO - Processing /opt/airflow/dags/main.py took 0.350 seconds
[2026-02-18T20:33:25.048+0000] {processor.py:161} INFO - Started process (PID=234) to work on /opt/airflow/dags/main.py
[2026-02-18T20:33:25.050+0000] {processor.py:830} INFO - Processing file /opt/airflow/dags/main.py for tasks to queue
[2026-02-18T20:33:25.056+0000] {logging_mixin.py:188} INFO - [2026-02-18T20:33:25.055+0000] {dagbag.py:545} INFO - Filling up the DagBag from /opt/airflow/dags/main.py
[2026-02-18T20:33:25.235+0000] {processor.py:840} INFO - DAG(s) 'produce_json', 'update_db' retrieved from /opt/airflow/dags/main.py
[2026-02-18T20:33:25.285+0000] {logging_mixin.py:188} INFO - [2026-02-18T20:33:25.284+0000] {dag.py:3096} INFO - Sync 2 DAGs
[2026-02-18T20:33:25.317+0000] {logging_mixin.py:188} INFO - [2026-02-18T20:33:25.317+0000] {dag.py:3954} INFO - Setting next_dagrun for produce_json to 2026-02-17 14:00:00+00:00, run_after=2026-02-18 14:00:00+00:00
[2026-02-18T20:33:25.324+0000] {logging_mixin.py:188} INFO - [2026-02-18T20:33:25.324+0000] {dag.py:3954} INFO - Setting next_dagrun for update_db to 2026-02-17 15:00:00+00:00, run_after=2026-02-18 15:00:00+00:00
[2026-02-18T20:33:25.390+0000] {processor.py:183} INFO - Processing /opt/airflow/dags/main.py took 0.352 seconds
[2026-02-18T20:33:55.702+0000] {processor.py:161} INFO - Started process (PID=241) to work on /opt/airflow/dags/main.py
[2026-02-18T20:33:55.704+0000] {processor.py:830} INFO - Processing file /opt/airflow/dags/main.py for tasks to queue
[2026-02-18T20:33:55.710+0000] {logging_mixin.py:188} INFO - [2026-02-18T20:33:55.709+0000] {dagbag.py:545} INFO - Filling up the DagBag from /opt/airflow/dags/main.py
[2026-02-18T20:33:55.950+0000] {processor.py:840} INFO - DAG(s) 'produce_json', 'update_db' retrieved from /opt/airflow/dags/main.py
[2026-02-18T20:33:55.997+0000] {logging_mixin.py:188} INFO - [2026-02-18T20:33:55.997+0000] {dag.py:3096} INFO - Sync 2 DAGs
[2026-02-18T20:33:56.032+0000] {logging_mixin.py:188} INFO - [2026-02-18T20:33:56.032+0000] {dag.py:3954} INFO - Setting next_dagrun for produce_json to 2026-02-17 14:00:00+00:00, run_after=2026-02-18 14:00:00+00:00
[2026-02-18T20:33:56.041+0000] {logging_mixin.py:188} INFO - [2026-02-18T20:33:56.041+0000] {dag.py:3954} INFO - Setting next_dagrun for update_db to 2026-02-17 15:00:00+00:00, run_after=2026-02-18 15:00:00+00:00
[2026-02-18T20:33:56.077+0000] {processor.py:183} INFO - Processing /opt/airflow/dags/main.py took 0.383 seconds
[2026-02-18T20:34:26.403+0000] {processor.py:161} INFO - Started process (PID=248) to work on /opt/airflow/dags/main.py
[2026-02-18T20:34:26.406+0000] {processor.py:830} INFO - Processing file /opt/airflow/dags/main.py for tasks to queue
[2026-02-18T20:34:26.410+0000] {logging_mixin.py:188} INFO - [2026-02-18T20:34:26.409+0000] {dagbag.py:545} INFO - Filling up the DagBag from /opt/airflow/dags/main.py
[2026-02-18T20:34:26.626+0000] {processor.py:840} INFO - DAG(s) 'update_db', 'produce_json' retrieved from /opt/airflow/dags/main.py
[2026-02-18T20:34:26.694+0000] {logging_mixin.py:188} INFO - [2026-02-18T20:34:26.693+0000] {dag.py:3096} INFO - Sync 2 DAGs
[2026-02-18T20:34:26.731+0000] {logging_mixin.py:188} INFO - [2026-02-18T20:34:26.730+0000] {dag.py:3954} INFO - Setting next_dagrun for produce_json to 2026-02-17 14:00:00+00:00, run_after=2026-02-18 14:00:00+00:00
[2026-02-18T20:34:26.737+0000] {logging_mixin.py:188} INFO - [2026-02-18T20:34:26.737+0000] {dag.py:3954} INFO - Setting next_dagrun for update_db to 2026-02-17 15:00:00+00:00, run_after=2026-02-18 15:00:00+00:00
[2026-02-18T20:34:26.800+0000] {processor.py:183} INFO - Processing /opt/airflow/dags/main.py took 0.408 seconds
[2026-02-18T20:34:57.158+0000] {processor.py:161} INFO - Started process (PID=255) to work on /opt/airflow/dags/main.py
[2026-02-18T20:34:57.160+0000] {processor.py:830} INFO - Processing file /opt/airflow/dags/main.py for tasks to queue
[2026-02-18T20:34:57.163+0000] {logging_mixin.py:188} INFO - [2026-02-18T20:34:57.162+0000] {dagbag.py:545} INFO - Filling up the DagBag from /opt/airflow/dags/main.py
[2026-02-18T20:34:57.339+0000] {processor.py:840} INFO - DAG(s) 'produce_json', 'update_db' retrieved from /opt/airflow/dags/main.py
[2026-02-18T20:34:57.381+0000] {logging_mixin.py:188} INFO - [2026-02-18T20:34:57.381+0000] {dag.py:3096} INFO - Sync 2 DAGs
[2026-02-18T20:34:57.427+0000] {logging_mixin.py:188} INFO - [2026-02-18T20:34:57.427+0000] {dag.py:3954} INFO - Setting next_dagrun for produce_json to 2026-02-17 14:00:00+00:00, run_after=2026-02-18 14:00:00+00:00
[2026-02-18T20:34:57.434+0000] {logging_mixin.py:188} INFO - [2026-02-18T20:34:57.434+0000] {dag.py:3954} INFO - Setting next_dagrun for update_db to 2026-02-17 15:00:00+00:00, run_after=2026-02-18 15:00:00+00:00
[2026-02-18T20:34:57.504+0000] {processor.py:183} INFO - Processing /opt/airflow/dags/main.py took 0.354 seconds
[2026-02-18T20:35:27.849+0000] {processor.py:161} INFO - Started process (PID=262) to work on /opt/airflow/dags/main.py
[2026-02-18T20:35:27.851+0000] {processor.py:830} INFO - Processing file /opt/airflow/dags/main.py for tasks to queue
[2026-02-18T20:35:27.855+0000] {logging_mixin.py:188} INFO - [2026-02-18T20:35:27.855+0000] {dagbag.py:545} INFO - Filling up the DagBag from /opt/airflow/dags/main.py
[2026-02-18T20:35:28.017+0000] {processor.py:840} INFO - DAG(s) 'produce_json', 'update_db' retrieved from /opt/airflow/dags/main.py
[2026-02-18T20:35:28.061+0000] {logging_mixin.py:188} INFO - [2026-02-18T20:35:28.061+0000] {dag.py:3096} INFO - Sync 2 DAGs
[2026-02-18T20:35:28.092+0000] {logging_mixin.py:188} INFO - [2026-02-18T20:35:28.092+0000] {dag.py:3954} INFO - Setting next_dagrun for produce_json to 2026-02-17 14:00:00+00:00, run_after=2026-02-18 14:00:00+00:00
[2026-02-18T20:35:28.099+0000] {logging_mixin.py:188} INFO - [2026-02-18T20:35:28.099+0000] {dag.py:3954} INFO - Setting next_dagrun for update_db to 2026-02-17 15:00:00+00:00, run_after=2026-02-18 15:00:00+00:00
[2026-02-18T20:35:28.167+0000] {processor.py:183} INFO - Processing /opt/airflow/dags/main.py took 0.324 seconds
[2026-02-18T20:35:58.507+0000] {processor.py:161} INFO - Started process (PID=269) to work on /opt/airflow/dags/main.py
[2026-02-18T20:35:58.509+0000] {processor.py:830} INFO - Processing file /opt/airflow/dags/main.py for tasks to queue
[2026-02-18T20:35:58.513+0000] {logging_mixin.py:188} INFO - [2026-02-18T20:35:58.513+0000] {dagbag.py:545} INFO - Filling up the DagBag from /opt/airflow/dags/main.py
[2026-02-18T20:35:58.646+0000] {processor.py:840} INFO - DAG(s) 'update_db', 'produce_json' retrieved from /opt/airflow/dags/main.py
[2026-02-18T20:35:58.695+0000] {logging_mixin.py:188} INFO - [2026-02-18T20:35:58.695+0000] {dag.py:3096} INFO - Sync 2 DAGs
[2026-02-18T20:35:58.725+0000] {logging_mixin.py:188} INFO - [2026-02-18T20:35:58.725+0000] {dag.py:3954} INFO - Setting next_dagrun for produce_json to 2026-02-17 14:00:00+00:00, run_after=2026-02-18 14:00:00+00:00
[2026-02-18T20:35:58.732+0000] {logging_mixin.py:188} INFO - [2026-02-18T20:35:58.732+0000] {dag.py:3954} INFO - Setting next_dagrun for update_db to 2026-02-17 15:00:00+00:00, run_after=2026-02-18 15:00:00+00:00
[2026-02-18T20:35:58.759+0000] {processor.py:183} INFO - Processing /opt/airflow/dags/main.py took 0.260 seconds
[2026-02-18T20:36:29.043+0000] {processor.py:161} INFO - Started process (PID=276) to work on /opt/airflow/dags/main.py
[2026-02-18T20:36:29.045+0000] {processor.py:830} INFO - Processing file /opt/airflow/dags/main.py for tasks to queue
[2026-02-18T20:36:29.050+0000] {logging_mixin.py:188} INFO - [2026-02-18T20:36:29.049+0000] {dagbag.py:545} INFO - Filling up the DagBag from /opt/airflow/dags/main.py
[2026-02-18T20:36:29.259+0000] {processor.py:840} INFO - DAG(s) 'produce_json', 'update_db' retrieved from /opt/airflow/dags/main.py
[2026-02-18T20:36:29.303+0000] {logging_mixin.py:188} INFO - [2026-02-18T20:36:29.303+0000] {dag.py:3096} INFO - Sync 2 DAGs
[2026-02-18T20:36:29.335+0000] {logging_mixin.py:188} INFO - [2026-02-18T20:36:29.334+0000] {dag.py:3954} INFO - Setting next_dagrun for produce_json to 2026-02-17 14:00:00+00:00, run_after=2026-02-18 14:00:00+00:00
[2026-02-18T20:36:29.343+0000] {logging_mixin.py:188} INFO - [2026-02-18T20:36:29.342+0000] {dag.py:3954} INFO - Setting next_dagrun for update_db to 2026-02-17 15:00:00+00:00, run_after=2026-02-18 15:00:00+00:00
[2026-02-18T20:36:29.364+0000] {processor.py:183} INFO - Processing /opt/airflow/dags/main.py took 0.331 seconds
[2026-02-18T20:36:59.698+0000] {processor.py:161} INFO - Started process (PID=283) to work on /opt/airflow/dags/main.py
[2026-02-18T20:36:59.700+0000] {processor.py:830} INFO - Processing file /opt/airflow/dags/main.py for tasks to queue
[2026-02-18T20:36:59.704+0000] {logging_mixin.py:188} INFO - [2026-02-18T20:36:59.703+0000] {dagbag.py:545} INFO - Filling up the DagBag from /opt/airflow/dags/main.py
[2026-02-18T20:36:59.889+0000] {processor.py:840} INFO - DAG(s) 'update_db', 'produce_json' retrieved from /opt/airflow/dags/main.py
[2026-02-18T20:36:59.939+0000] {logging_mixin.py:188} INFO - [2026-02-18T20:36:59.939+0000] {dag.py:3096} INFO - Sync 2 DAGs
[2026-02-18T20:36:59.973+0000] {logging_mixin.py:188} INFO - [2026-02-18T20:36:59.973+0000] {dag.py:3954} INFO - Setting next_dagrun for produce_json to 2026-02-17 14:00:00+00:00, run_after=2026-02-18 14:00:00+00:00
[2026-02-18T20:36:59.984+0000] {logging_mixin.py:188} INFO - [2026-02-18T20:36:59.984+0000] {dag.py:3954} INFO - Setting next_dagrun for update_db to 2026-02-17 15:00:00+00:00, run_after=2026-02-18 15:00:00+00:00
[2026-02-18T20:37:00.019+0000] {processor.py:183} INFO - Processing /opt/airflow/dags/main.py took 0.329 seconds
[2026-02-18T20:37:30.381+0000] {processor.py:161} INFO - Started process (PID=290) to work on /opt/airflow/dags/main.py
[2026-02-18T20:37:30.382+0000] {processor.py:830} INFO - Processing file /opt/airflow/dags/main.py for tasks to queue
[2026-02-18T20:37:30.386+0000] {logging_mixin.py:188} INFO - [2026-02-18T20:37:30.386+0000] {dagbag.py:545} INFO - Filling up the DagBag from /opt/airflow/dags/main.py
[2026-02-18T20:37:30.523+0000] {processor.py:840} INFO - DAG(s) 'produce_json', 'update_db' retrieved from /opt/airflow/dags/main.py
[2026-02-18T20:37:30.565+0000] {logging_mixin.py:188} INFO - [2026-02-18T20:37:30.564+0000] {dag.py:3096} INFO - Sync 2 DAGs
[2026-02-18T20:37:30.603+0000] {logging_mixin.py:188} INFO - [2026-02-18T20:37:30.602+0000] {dag.py:3954} INFO - Setting next_dagrun for produce_json to 2026-02-17 14:00:00+00:00, run_after=2026-02-18 14:00:00+00:00
[2026-02-18T20:37:30.610+0000] {logging_mixin.py:188} INFO - [2026-02-18T20:37:30.610+0000] {dag.py:3954} INFO - Setting next_dagrun for update_db to 2026-02-17 15:00:00+00:00, run_after=2026-02-18 15:00:00+00:00
[2026-02-18T20:37:30.683+0000] {processor.py:183} INFO - Processing /opt/airflow/dags/main.py took 0.312 seconds
[2026-02-18T20:38:00.961+0000] {processor.py:161} INFO - Started process (PID=297) to work on /opt/airflow/dags/main.py
[2026-02-18T20:38:00.963+0000] {processor.py:830} INFO - Processing file /opt/airflow/dags/main.py for tasks to queue
[2026-02-18T20:38:00.966+0000] {logging_mixin.py:188} INFO - [2026-02-18T20:38:00.965+0000] {dagbag.py:545} INFO - Filling up the DagBag from /opt/airflow/dags/main.py
[2026-02-18T20:38:01.176+0000] {processor.py:840} INFO - DAG(s) 'update_db', 'produce_json' retrieved from /opt/airflow/dags/main.py
[2026-02-18T20:38:01.227+0000] {logging_mixin.py:188} INFO - [2026-02-18T20:38:01.226+0000] {dag.py:3096} INFO - Sync 2 DAGs
[2026-02-18T20:38:01.263+0000] {logging_mixin.py:188} INFO - [2026-02-18T20:38:01.262+0000] {dag.py:3954} INFO - Setting next_dagrun for produce_json to 2026-02-17 14:00:00+00:00, run_after=2026-02-18 14:00:00+00:00
[2026-02-18T20:38:01.270+0000] {logging_mixin.py:188} INFO - [2026-02-18T20:38:01.270+0000] {dag.py:3954} INFO - Setting next_dagrun for update_db to 2026-02-17 15:00:00+00:00, run_after=2026-02-18 15:00:00+00:00
[2026-02-18T20:38:01.333+0000] {processor.py:183} INFO - Processing /opt/airflow/dags/main.py took 0.381 seconds
[2026-02-18T20:38:31.677+0000] {processor.py:161} INFO - Started process (PID=304) to work on /opt/airflow/dags/main.py
[2026-02-18T20:38:31.680+0000] {processor.py:830} INFO - Processing file /opt/airflow/dags/main.py for tasks to queue
[2026-02-18T20:38:31.683+0000] {logging_mixin.py:188} INFO - [2026-02-18T20:38:31.682+0000] {dagbag.py:545} INFO - Filling up the DagBag from /opt/airflow/dags/main.py
[2026-02-18T20:38:31.895+0000] {processor.py:840} INFO - DAG(s) 'update_db', 'produce_json' retrieved from /opt/airflow/dags/main.py
[2026-02-18T20:38:31.943+0000] {logging_mixin.py:188} INFO - [2026-02-18T20:38:31.942+0000] {dag.py:3096} INFO - Sync 2 DAGs
[2026-02-18T20:38:31.972+0000] {logging_mixin.py:188} INFO - [2026-02-18T20:38:31.972+0000] {dag.py:3954} INFO - Setting next_dagrun for produce_json to 2026-02-17 14:00:00+00:00, run_after=2026-02-18 14:00:00+00:00
[2026-02-18T20:38:31.979+0000] {logging_mixin.py:188} INFO - [2026-02-18T20:38:31.979+0000] {dag.py:3954} INFO - Setting next_dagrun for update_db to 2026-02-17 15:00:00+00:00, run_after=2026-02-18 15:00:00+00:00
[2026-02-18T20:38:32.007+0000] {processor.py:183} INFO - Processing /opt/airflow/dags/main.py took 0.337 seconds
[2026-02-18T20:39:02.304+0000] {processor.py:161} INFO - Started process (PID=311) to work on /opt/airflow/dags/main.py
[2026-02-18T20:39:02.306+0000] {processor.py:830} INFO - Processing file /opt/airflow/dags/main.py for tasks to queue
[2026-02-18T20:39:02.309+0000] {logging_mixin.py:188} INFO - [2026-02-18T20:39:02.309+0000] {dagbag.py:545} INFO - Filling up the DagBag from /opt/airflow/dags/main.py
[2026-02-18T20:39:02.414+0000] {processor.py:840} INFO - DAG(s) 'update_db', 'produce_json' retrieved from /opt/airflow/dags/main.py
[2026-02-18T20:39:02.465+0000] {logging_mixin.py:188} INFO - [2026-02-18T20:39:02.465+0000] {dag.py:3096} INFO - Sync 2 DAGs
[2026-02-18T20:39:02.496+0000] {logging_mixin.py:188} INFO - [2026-02-18T20:39:02.496+0000] {dag.py:3954} INFO - Setting next_dagrun for produce_json to 2026-02-17 14:00:00+00:00, run_after=2026-02-18 14:00:00+00:00
[2026-02-18T20:39:02.503+0000] {logging_mixin.py:188} INFO - [2026-02-18T20:39:02.503+0000] {dag.py:3954} INFO - Setting next_dagrun for update_db to 2026-02-17 15:00:00+00:00, run_after=2026-02-18 15:00:00+00:00
[2026-02-18T20:39:02.574+0000] {processor.py:183} INFO - Processing /opt/airflow/dags/main.py took 0.278 seconds
[2026-02-18T20:39:32.868+0000] {processor.py:161} INFO - Started process (PID=318) to work on /opt/airflow/dags/main.py
[2026-02-18T20:39:32.870+0000] {processor.py:830} INFO - Processing file /opt/airflow/dags/main.py for tasks to queue
[2026-02-18T20:39:32.874+0000] {logging_mixin.py:188} INFO - [2026-02-18T20:39:32.873+0000] {dagbag.py:545} INFO - Filling up the DagBag from /opt/airflow/dags/main.py
[2026-02-18T20:39:33.101+0000] {processor.py:840} INFO - DAG(s) 'produce_json', 'update_db' retrieved from /opt/airflow/dags/main.py
[2026-02-18T20:39:33.146+0000] {logging_mixin.py:188} INFO - [2026-02-18T20:39:33.146+0000] {dag.py:3096} INFO - Sync 2 DAGs
[2026-02-18T20:39:33.181+0000] {logging_mixin.py:188} INFO - [2026-02-18T20:39:33.181+0000] {dag.py:3954} INFO - Setting next_dagrun for produce_json to 2026-02-17 14:00:00+00:00, run_after=2026-02-18 14:00:00+00:00
[2026-02-18T20:39:33.190+0000] {logging_mixin.py:188} INFO - [2026-02-18T20:39:33.190+0000] {dag.py:3954} INFO - Setting next_dagrun for update_db to 2026-02-17 15:00:00+00:00, run_after=2026-02-18 15:00:00+00:00
[2026-02-18T20:39:33.219+0000] {processor.py:183} INFO - Processing /opt/airflow/dags/main.py took 0.362 seconds
[2026-02-18T20:40:03.556+0000] {processor.py:161} INFO - Started process (PID=325) to work on /opt/airflow/dags/main.py
[2026-02-18T20:40:03.558+0000] {processor.py:830} INFO - Processing file /opt/airflow/dags/main.py for tasks to queue
[2026-02-18T20:40:03.561+0000] {logging_mixin.py:188} INFO - [2026-02-18T20:40:03.560+0000] {dagbag.py:545} INFO - Filling up the DagBag from /opt/airflow/dags/main.py
[2026-02-18T20:40:03.741+0000] {processor.py:840} INFO - DAG(s) 'update_db', 'produce_json' retrieved from /opt/airflow/dags/main.py
[2026-02-18T20:40:03.789+0000] {logging_mixin.py:188} INFO - [2026-02-18T20:40:03.788+0000] {dag.py:3096} INFO - Sync 2 DAGs
[2026-02-18T20:40:03.818+0000] {logging_mixin.py:188} INFO - [2026-02-18T20:40:03.818+0000] {dag.py:3954} INFO - Setting next_dagrun for produce_json to 2026-02-17 14:00:00+00:00, run_after=2026-02-18 14:00:00+00:00
[2026-02-18T20:40:03.827+0000] {logging_mixin.py:188} INFO - [2026-02-18T20:40:03.827+0000] {dag.py:3954} INFO - Setting next_dagrun for update_db to 2026-02-17 15:00:00+00:00, run_after=2026-02-18 15:00:00+00:00
[2026-02-18T20:40:03.895+0000] {processor.py:183} INFO - Processing /opt/airflow/dags/main.py took 0.349 seconds
[2026-02-18T20:40:34.219+0000] {processor.py:161} INFO - Started process (PID=332) to work on /opt/airflow/dags/main.py
[2026-02-18T20:40:34.221+0000] {processor.py:830} INFO - Processing file /opt/airflow/dags/main.py for tasks to queue
[2026-02-18T20:40:34.224+0000] {logging_mixin.py:188} INFO - [2026-02-18T20:40:34.223+0000] {dagbag.py:545} INFO - Filling up the DagBag from /opt/airflow/dags/main.py
[2026-02-18T20:40:34.366+0000] {processor.py:840} INFO - DAG(s) 'produce_json', 'update_db' retrieved from /opt/airflow/dags/main.py
[2026-02-18T20:40:34.409+0000] {logging_mixin.py:188} INFO - [2026-02-18T20:40:34.408+0000] {dag.py:3096} INFO - Sync 2 DAGs
[2026-02-18T20:40:34.447+0000] {logging_mixin.py:188} INFO - [2026-02-18T20:40:34.446+0000] {dag.py:3954} INFO - Setting next_dagrun for produce_json to 2026-02-17 14:00:00+00:00, run_after=2026-02-18 14:00:00+00:00
[2026-02-18T20:40:34.459+0000] {logging_mixin.py:188} INFO - [2026-02-18T20:40:34.459+0000] {dag.py:3954} INFO - Setting next_dagrun for update_db to 2026-02-17 15:00:00+00:00, run_after=2026-02-18 15:00:00+00:00
[2026-02-18T20:40:34.532+0000] {processor.py:183} INFO - Processing /opt/airflow/dags/main.py took 0.321 seconds
[2026-02-18T20:41:04.857+0000] {processor.py:161} INFO - Started process (PID=339) to work on /opt/airflow/dags/main.py
[2026-02-18T20:41:04.859+0000] {processor.py:830} INFO - Processing file /opt/airflow/dags/main.py for tasks to queue
[2026-02-18T20:41:04.862+0000] {logging_mixin.py:188} INFO - [2026-02-18T20:41:04.862+0000] {dagbag.py:545} INFO - Filling up the DagBag from /opt/airflow/dags/main.py
[2026-02-18T20:41:05.004+0000] {processor.py:840} INFO - DAG(s) 'update_db', 'produce_json' retrieved from /opt/airflow/dags/main.py
[2026-02-18T20:41:05.063+0000] {logging_mixin.py:188} INFO - [2026-02-18T20:41:05.063+0000] {dag.py:3096} INFO - Sync 2 DAGs
[2026-02-18T20:41:05.103+0000] {logging_mixin.py:188} INFO - [2026-02-18T20:41:05.103+0000] {dag.py:3954} INFO - Setting next_dagrun for produce_json to 2026-02-17 14:00:00+00:00, run_after=2026-02-18 14:00:00+00:00
[2026-02-18T20:41:05.113+0000] {logging_mixin.py:188} INFO - [2026-02-18T20:41:05.112+0000] {dag.py:3954} INFO - Setting next_dagrun for update_db to 2026-02-17 15:00:00+00:00, run_after=2026-02-18 15:00:00+00:00
[2026-02-18T20:41:05.179+0000] {processor.py:183} INFO - Processing /opt/airflow/dags/main.py took 0.334 seconds
[2026-02-18T20:41:35.492+0000] {processor.py:161} INFO - Started process (PID=346) to work on /opt/airflow/dags/main.py
[2026-02-18T20:41:35.494+0000] {processor.py:830} INFO - Processing file /opt/airflow/dags/main.py for tasks to queue
[2026-02-18T20:41:35.496+0000] {logging_mixin.py:188} INFO - [2026-02-18T20:41:35.496+0000] {dagbag.py:545} INFO - Filling up the DagBag from /opt/airflow/dags/main.py
[2026-02-18T20:41:35.641+0000] {processor.py:840} INFO - DAG(s) 'update_db', 'produce_json' retrieved from /opt/airflow/dags/main.py
[2026-02-18T20:41:35.694+0000] {logging_mixin.py:188} INFO - [2026-02-18T20:41:35.693+0000] {dag.py:3096} INFO - Sync 2 DAGs
[2026-02-18T20:41:35.732+0000] {logging_mixin.py:188} INFO - [2026-02-18T20:41:35.732+0000] {dag.py:3954} INFO - Setting next_dagrun for produce_json to 2026-02-17 14:00:00+00:00, run_after=2026-02-18 14:00:00+00:00
[2026-02-18T20:41:35.739+0000] {logging_mixin.py:188} INFO - [2026-02-18T20:41:35.739+0000] {dag.py:3954} INFO - Setting next_dagrun for update_db to 2026-02-17 15:00:00+00:00, run_after=2026-02-18 15:00:00+00:00
[2026-02-18T20:41:35.802+0000] {processor.py:183} INFO - Processing /opt/airflow/dags/main.py took 0.320 seconds
[2026-02-18T20:42:06.152+0000] {processor.py:161} INFO - Started process (PID=353) to work on /opt/airflow/dags/main.py
[2026-02-18T20:42:06.154+0000] {processor.py:830} INFO - Processing file /opt/airflow/dags/main.py for tasks to queue
[2026-02-18T20:42:06.159+0000] {logging_mixin.py:188} INFO - [2026-02-18T20:42:06.158+0000] {dagbag.py:545} INFO - Filling up the DagBag from /opt/airflow/dags/main.py
[2026-02-18T20:42:06.347+0000] {processor.py:840} INFO - DAG(s) 'update_db', 'produce_json' retrieved from /opt/airflow/dags/main.py
[2026-02-18T20:42:06.396+0000] {logging_mixin.py:188} INFO - [2026-02-18T20:42:06.395+0000] {dag.py:3096} INFO - Sync 2 DAGs
[2026-02-18T20:42:06.427+0000] {logging_mixin.py:188} INFO - [2026-02-18T20:42:06.427+0000] {dag.py:3954} INFO - Setting next_dagrun for produce_json to 2026-02-17 14:00:00+00:00, run_after=2026-02-18 14:00:00+00:00
[2026-02-18T20:42:06.434+0000] {logging_mixin.py:188} INFO - [2026-02-18T20:42:06.434+0000] {dag.py:3954} INFO - Setting next_dagrun for update_db to 2026-02-17 15:00:00+00:00, run_after=2026-02-18 15:00:00+00:00
[2026-02-18T20:42:06.507+0000] {processor.py:183} INFO - Processing /opt/airflow/dags/main.py took 0.366 seconds
[2026-02-18T20:42:36.828+0000] {processor.py:161} INFO - Started process (PID=360) to work on /opt/airflow/dags/main.py
[2026-02-18T20:42:36.830+0000] {processor.py:830} INFO - Processing file /opt/airflow/dags/main.py for tasks to queue
[2026-02-18T20:42:36.832+0000] {logging_mixin.py:188} INFO - [2026-02-18T20:42:36.832+0000] {dagbag.py:545} INFO - Filling up the DagBag from /opt/airflow/dags/main.py
[2026-02-18T20:42:36.941+0000] {processor.py:840} INFO - DAG(s) 'produce_json', 'update_db' retrieved from /opt/airflow/dags/main.py
[2026-02-18T20:42:36.987+0000] {logging_mixin.py:188} INFO - [2026-02-18T20:42:36.986+0000] {dag.py:3096} INFO - Sync 2 DAGs
[2026-02-18T20:42:37.016+0000] {logging_mixin.py:188} INFO - [2026-02-18T20:42:37.015+0000] {dag.py:3954} INFO - Setting next_dagrun for produce_json to 2026-02-17 14:00:00+00:00, run_after=2026-02-18 14:00:00+00:00
[2026-02-18T20:42:37.023+0000] {logging_mixin.py:188} INFO - [2026-02-18T20:42:37.023+0000] {dag.py:3954} INFO - Setting next_dagrun for update_db to 2026-02-17 15:00:00+00:00, run_after=2026-02-18 15:00:00+00:00
[2026-02-18T20:42:37.093+0000] {processor.py:183} INFO - Processing /opt/airflow/dags/main.py took 0.273 seconds
[2026-02-18T20:43:07.315+0000] {processor.py:161} INFO - Started process (PID=367) to work on /opt/airflow/dags/main.py
[2026-02-18T20:43:07.317+0000] {processor.py:830} INFO - Processing file /opt/airflow/dags/main.py for tasks to queue
[2026-02-18T20:43:07.320+0000] {logging_mixin.py:188} INFO - [2026-02-18T20:43:07.319+0000] {dagbag.py:545} INFO - Filling up the DagBag from /opt/airflow/dags/main.py
[2026-02-18T20:43:07.559+0000] {processor.py:840} INFO - DAG(s) 'produce_json', 'update_db' retrieved from /opt/airflow/dags/main.py
[2026-02-18T20:43:07.603+0000] {logging_mixin.py:188} INFO - [2026-02-18T20:43:07.602+0000] {dag.py:3096} INFO - Sync 2 DAGs
[2026-02-18T20:43:07.632+0000] {logging_mixin.py:188} INFO - [2026-02-18T20:43:07.632+0000] {dag.py:3954} INFO - Setting next_dagrun for produce_json to 2026-02-17 14:00:00+00:00, run_after=2026-02-18 14:00:00+00:00
[2026-02-18T20:43:07.643+0000] {logging_mixin.py:188} INFO - [2026-02-18T20:43:07.643+0000] {dag.py:3954} INFO - Setting next_dagrun for update_db to 2026-02-17 15:00:00+00:00, run_after=2026-02-18 15:00:00+00:00
[2026-02-18T20:43:07.711+0000] {processor.py:183} INFO - Processing /opt/airflow/dags/main.py took 0.405 seconds
[2026-02-18T20:43:37.980+0000] {processor.py:161} INFO - Started process (PID=374) to work on /opt/airflow/dags/main.py
[2026-02-18T20:43:37.983+0000] {processor.py:830} INFO - Processing file /opt/airflow/dags/main.py for tasks to queue
[2026-02-18T20:43:37.987+0000] {logging_mixin.py:188} INFO - [2026-02-18T20:43:37.986+0000] {dagbag.py:545} INFO - Filling up the DagBag from /opt/airflow/dags/main.py
[2026-02-18T20:43:38.144+0000] {processor.py:840} INFO - DAG(s) 'update_db', 'produce_json' retrieved from /opt/airflow/dags/main.py
[2026-02-18T20:43:38.189+0000] {logging_mixin.py:188} INFO - [2026-02-18T20:43:38.188+0000] {dag.py:3096} INFO - Sync 2 DAGs
[2026-02-18T20:43:38.222+0000] {logging_mixin.py:188} INFO - [2026-02-18T20:43:38.222+0000] {dag.py:3954} INFO - Setting next_dagrun for produce_json to 2026-02-17 14:00:00+00:00, run_after=2026-02-18 14:00:00+00:00
[2026-02-18T20:43:38.229+0000] {logging_mixin.py:188} INFO - [2026-02-18T20:43:38.229+0000] {dag.py:3954} INFO - Setting next_dagrun for update_db to 2026-02-17 15:00:00+00:00, run_after=2026-02-18 15:00:00+00:00
[2026-02-18T20:43:38.253+0000] {processor.py:183} INFO - Processing /opt/airflow/dags/main.py took 0.284 seconds
[2026-02-18T20:44:08.600+0000] {processor.py:161} INFO - Started process (PID=387) to work on /opt/airflow/dags/main.py
[2026-02-18T20:44:08.602+0000] {processor.py:830} INFO - Processing file /opt/airflow/dags/main.py for tasks to queue
[2026-02-18T20:44:08.608+0000] {logging_mixin.py:188} INFO - [2026-02-18T20:44:08.607+0000] {dagbag.py:545} INFO - Filling up the DagBag from /opt/airflow/dags/main.py
[2026-02-18T20:44:08.840+0000] {processor.py:840} INFO - DAG(s) 'produce_json', 'update_db' retrieved from /opt/airflow/dags/main.py
[2026-02-18T20:44:08.902+0000] {logging_mixin.py:188} INFO - [2026-02-18T20:44:08.902+0000] {dag.py:3096} INFO - Sync 2 DAGs
[2026-02-18T20:44:08.935+0000] {logging_mixin.py:188} INFO - [2026-02-18T20:44:08.935+0000] {dag.py:3954} INFO - Setting next_dagrun for produce_json to 2026-02-17 14:00:00+00:00, run_after=2026-02-18 14:00:00+00:00
[2026-02-18T20:44:08.943+0000] {logging_mixin.py:188} INFO - [2026-02-18T20:44:08.943+0000] {dag.py:3954} INFO - Setting next_dagrun for update_db to 2026-02-17 15:00:00+00:00, run_after=2026-02-18 15:00:00+00:00
[2026-02-18T20:44:09.006+0000] {processor.py:183} INFO - Processing /opt/airflow/dags/main.py took 0.421 seconds
[2026-02-18T20:44:39.408+0000] {processor.py:161} INFO - Started process (PID=394) to work on /opt/airflow/dags/main.py
[2026-02-18T20:44:39.410+0000] {processor.py:830} INFO - Processing file /opt/airflow/dags/main.py for tasks to queue
[2026-02-18T20:44:39.414+0000] {logging_mixin.py:188} INFO - [2026-02-18T20:44:39.413+0000] {dagbag.py:545} INFO - Filling up the DagBag from /opt/airflow/dags/main.py
[2026-02-18T20:44:39.593+0000] {processor.py:840} INFO - DAG(s) 'produce_json', 'update_db' retrieved from /opt/airflow/dags/main.py
[2026-02-18T20:44:39.645+0000] {logging_mixin.py:188} INFO - [2026-02-18T20:44:39.644+0000] {dag.py:3096} INFO - Sync 2 DAGs
[2026-02-18T20:44:39.675+0000] {logging_mixin.py:188} INFO - [2026-02-18T20:44:39.674+0000] {dag.py:3954} INFO - Setting next_dagrun for produce_json to 2026-02-17 14:00:00+00:00, run_after=2026-02-18 14:00:00+00:00
[2026-02-18T20:44:39.682+0000] {logging_mixin.py:188} INFO - [2026-02-18T20:44:39.682+0000] {dag.py:3954} INFO - Setting next_dagrun for update_db to 2026-02-17 15:00:00+00:00, run_after=2026-02-18 15:00:00+00:00
[2026-02-18T20:44:39.712+0000] {processor.py:183} INFO - Processing /opt/airflow/dags/main.py took 0.319 seconds
[2026-02-18T20:45:10.024+0000] {processor.py:161} INFO - Started process (PID=401) to work on /opt/airflow/dags/main.py
[2026-02-18T20:45:10.026+0000] {processor.py:830} INFO - Processing file /opt/airflow/dags/main.py for tasks to queue
[2026-02-18T20:45:10.030+0000] {logging_mixin.py:188} INFO - [2026-02-18T20:45:10.029+0000] {dagbag.py:545} INFO - Filling up the DagBag from /opt/airflow/dags/main.py
[2026-02-18T20:45:10.209+0000] {processor.py:840} INFO - DAG(s) 'produce_json', 'update_db' retrieved from /opt/airflow/dags/main.py
[2026-02-18T20:45:10.278+0000] {logging_mixin.py:188} INFO - [2026-02-18T20:45:10.277+0000] {dag.py:3096} INFO - Sync 2 DAGs
[2026-02-18T20:45:10.306+0000] {logging_mixin.py:188} INFO - [2026-02-18T20:45:10.306+0000] {dag.py:3954} INFO - Setting next_dagrun for produce_json to 2026-02-17 14:00:00+00:00, run_after=2026-02-18 14:00:00+00:00
[2026-02-18T20:45:10.313+0000] {logging_mixin.py:188} INFO - [2026-02-18T20:45:10.313+0000] {dag.py:3954} INFO - Setting next_dagrun for update_db to 2026-02-17 15:00:00+00:00, run_after=2026-02-18 15:00:00+00:00
[2026-02-18T20:45:10.387+0000] {processor.py:183} INFO - Processing /opt/airflow/dags/main.py took 0.377 seconds
[2026-02-18T20:45:40.677+0000] {processor.py:161} INFO - Started process (PID=408) to work on /opt/airflow/dags/main.py
[2026-02-18T20:45:40.679+0000] {processor.py:830} INFO - Processing file /opt/airflow/dags/main.py for tasks to queue
[2026-02-18T20:45:40.683+0000] {logging_mixin.py:188} INFO - [2026-02-18T20:45:40.682+0000] {dagbag.py:545} INFO - Filling up the DagBag from /opt/airflow/dags/main.py
[2026-02-18T20:45:40.896+0000] {processor.py:840} INFO - DAG(s) 'update_db', 'produce_json' retrieved from /opt/airflow/dags/main.py
[2026-02-18T20:45:40.940+0000] {logging_mixin.py:188} INFO - [2026-02-18T20:45:40.939+0000] {dag.py:3096} INFO - Sync 2 DAGs
[2026-02-18T20:45:40.972+0000] {logging_mixin.py:188} INFO - [2026-02-18T20:45:40.972+0000] {dag.py:3954} INFO - Setting next_dagrun for produce_json to 2026-02-17 14:00:00+00:00, run_after=2026-02-18 14:00:00+00:00
[2026-02-18T20:45:40.980+0000] {logging_mixin.py:188} INFO - [2026-02-18T20:45:40.979+0000] {dag.py:3954} INFO - Setting next_dagrun for update_db to 2026-02-17 15:00:00+00:00, run_after=2026-02-18 15:00:00+00:00
[2026-02-18T20:45:41.041+0000] {processor.py:183} INFO - Processing /opt/airflow/dags/main.py took 0.374 seconds
[2026-02-18T20:46:11.410+0000] {processor.py:161} INFO - Started process (PID=415) to work on /opt/airflow/dags/main.py
[2026-02-18T20:46:11.412+0000] {processor.py:830} INFO - Processing file /opt/airflow/dags/main.py for tasks to queue
[2026-02-18T20:46:11.416+0000] {logging_mixin.py:188} INFO - [2026-02-18T20:46:11.415+0000] {dagbag.py:545} INFO - Filling up the DagBag from /opt/airflow/dags/main.py
[2026-02-18T20:46:11.632+0000] {processor.py:840} INFO - DAG(s) 'update_db', 'produce_json' retrieved from /opt/airflow/dags/main.py
[2026-02-18T20:46:11.680+0000] {logging_mixin.py:188} INFO - [2026-02-18T20:46:11.679+0000] {dag.py:3096} INFO - Sync 2 DAGs
[2026-02-18T20:46:11.711+0000] {logging_mixin.py:188} INFO - [2026-02-18T20:46:11.711+0000] {dag.py:3954} INFO - Setting next_dagrun for produce_json to 2026-02-17 14:00:00+00:00, run_after=2026-02-18 14:00:00+00:00
[2026-02-18T20:46:11.721+0000] {logging_mixin.py:188} INFO - [2026-02-18T20:46:11.720+0000] {dag.py:3954} INFO - Setting next_dagrun for update_db to 2026-02-17 15:00:00+00:00, run_after=2026-02-18 15:00:00+00:00
[2026-02-18T20:46:11.785+0000] {processor.py:183} INFO - Processing /opt/airflow/dags/main.py took 0.385 seconds
[2026-02-18T20:46:42.082+0000] {processor.py:161} INFO - Started process (PID=422) to work on /opt/airflow/dags/main.py
[2026-02-18T20:46:42.083+0000] {processor.py:830} INFO - Processing file /opt/airflow/dags/main.py for tasks to queue
[2026-02-18T20:46:42.085+0000] {logging_mixin.py:188} INFO - [2026-02-18T20:46:42.084+0000] {dagbag.py:545} INFO - Filling up the DagBag from /opt/airflow/dags/main.py
[2026-02-18T20:46:42.148+0000] {processor.py:840} INFO - DAG(s) 'update_db', 'produce_json' retrieved from /opt/airflow/dags/main.py
[2026-02-18T20:46:42.177+0000] {logging_mixin.py:188} INFO - [2026-02-18T20:46:42.177+0000] {dag.py:3096} INFO - Sync 2 DAGs
[2026-02-18T20:46:42.198+0000] {logging_mixin.py:188} INFO - [2026-02-18T20:46:42.198+0000] {dag.py:3954} INFO - Setting next_dagrun for produce_json to 2026-02-17 14:00:00+00:00, run_after=2026-02-18 14:00:00+00:00
[2026-02-18T20:46:42.203+0000] {logging_mixin.py:188} INFO - [2026-02-18T20:46:42.203+0000] {dag.py:3954} INFO - Setting next_dagrun for update_db to 2026-02-17 15:00:00+00:00, run_after=2026-02-18 15:00:00+00:00
[2026-02-18T20:46:42.232+0000] {processor.py:183} INFO - Processing /opt/airflow/dags/main.py took 0.156 seconds
[2026-02-18T20:47:12.371+0000] {processor.py:161} INFO - Started process (PID=429) to work on /opt/airflow/dags/main.py
[2026-02-18T20:47:12.372+0000] {processor.py:830} INFO - Processing file /opt/airflow/dags/main.py for tasks to queue
[2026-02-18T20:47:12.374+0000] {logging_mixin.py:188} INFO - [2026-02-18T20:47:12.374+0000] {dagbag.py:545} INFO - Filling up the DagBag from /opt/airflow/dags/main.py
[2026-02-18T20:47:12.449+0000] {processor.py:840} INFO - DAG(s) 'update_db', 'produce_json' retrieved from /opt/airflow/dags/main.py
[2026-02-18T20:47:12.482+0000] {logging_mixin.py:188} INFO - [2026-02-18T20:47:12.482+0000] {dag.py:3096} INFO - Sync 2 DAGs
[2026-02-18T20:47:12.502+0000] {logging_mixin.py:188} INFO - [2026-02-18T20:47:12.502+0000] {dag.py:3954} INFO - Setting next_dagrun for produce_json to 2026-02-17 14:00:00+00:00, run_after=2026-02-18 14:00:00+00:00
[2026-02-18T20:47:12.507+0000] {logging_mixin.py:188} INFO - [2026-02-18T20:47:12.507+0000] {dag.py:3954} INFO - Setting next_dagrun for update_db to 2026-02-17 15:00:00+00:00, run_after=2026-02-18 15:00:00+00:00
[2026-02-18T20:47:12.526+0000] {processor.py:183} INFO - Processing /opt/airflow/dags/main.py took 0.160 seconds
[2026-02-18T20:47:42.754+0000] {processor.py:161} INFO - Started process (PID=436) to work on /opt/airflow/dags/main.py
[2026-02-18T20:47:42.755+0000] {processor.py:830} INFO - Processing file /opt/airflow/dags/main.py for tasks to queue
[2026-02-18T20:47:42.757+0000] {logging_mixin.py:188} INFO - [2026-02-18T20:47:42.757+0000] {dagbag.py:545} INFO - Filling up the DagBag from /opt/airflow/dags/main.py
[2026-02-18T20:47:42.823+0000] {processor.py:840} INFO - DAG(s) 'produce_json', 'update_db' retrieved from /opt/airflow/dags/main.py
[2026-02-18T20:47:42.856+0000] {logging_mixin.py:188} INFO - [2026-02-18T20:47:42.856+0000] {dag.py:3096} INFO - Sync 2 DAGs
[2026-02-18T20:47:42.875+0000] {logging_mixin.py:188} INFO - [2026-02-18T20:47:42.875+0000] {dag.py:3954} INFO - Setting next_dagrun for produce_json to 2026-02-17 14:00:00+00:00, run_after=2026-02-18 14:00:00+00:00
[2026-02-18T20:47:42.880+0000] {logging_mixin.py:188} INFO - [2026-02-18T20:47:42.880+0000] {dag.py:3954} INFO - Setting next_dagrun for update_db to 2026-02-17 15:00:00+00:00, run_after=2026-02-18 15:00:00+00:00
[2026-02-18T20:47:42.909+0000] {processor.py:183} INFO - Processing /opt/airflow/dags/main.py took 0.160 seconds
[2026-02-18T20:48:13.036+0000] {processor.py:161} INFO - Started process (PID=443) to work on /opt/airflow/dags/main.py
[2026-02-18T20:48:13.037+0000] {processor.py:830} INFO - Processing file /opt/airflow/dags/main.py for tasks to queue
[2026-02-18T20:48:13.039+0000] {logging_mixin.py:188} INFO - [2026-02-18T20:48:13.039+0000] {dagbag.py:545} INFO - Filling up the DagBag from /opt/airflow/dags/main.py
[2026-02-18T20:48:13.122+0000] {processor.py:840} INFO - DAG(s) 'produce_json', 'update_db' retrieved from /opt/airflow/dags/main.py
[2026-02-18T20:48:13.153+0000] {logging_mixin.py:188} INFO - [2026-02-18T20:48:13.153+0000] {dag.py:3096} INFO - Sync 2 DAGs
[2026-02-18T20:48:13.174+0000] {logging_mixin.py:188} INFO - [2026-02-18T20:48:13.174+0000] {dag.py:3954} INFO - Setting next_dagrun for produce_json to 2026-02-17 14:00:00+00:00, run_after=2026-02-18 14:00:00+00:00
[2026-02-18T20:48:13.179+0000] {logging_mixin.py:188} INFO - [2026-02-18T20:48:13.179+0000] {dag.py:3954} INFO - Setting next_dagrun for update_db to 2026-02-17 15:00:00+00:00, run_after=2026-02-18 15:00:00+00:00
[2026-02-18T20:48:13.209+0000] {processor.py:183} INFO - Processing /opt/airflow/dags/main.py took 0.179 seconds
[2026-02-18T20:48:43.285+0000] {processor.py:161} INFO - Started process (PID=450) to work on /opt/airflow/dags/main.py
[2026-02-18T20:48:43.286+0000] {processor.py:830} INFO - Processing file /opt/airflow/dags/main.py for tasks to queue
[2026-02-18T20:48:43.289+0000] {logging_mixin.py:188} INFO - [2026-02-18T20:48:43.289+0000] {dagbag.py:545} INFO - Filling up the DagBag from /opt/airflow/dags/main.py
[2026-02-18T20:48:43.364+0000] {processor.py:840} INFO - DAG(s) 'update_db', 'produce_json' retrieved from /opt/airflow/dags/main.py
[2026-02-18T20:48:43.393+0000] {logging_mixin.py:188} INFO - [2026-02-18T20:48:43.393+0000] {dag.py:3096} INFO - Sync 2 DAGs
[2026-02-18T20:48:43.414+0000] {logging_mixin.py:188} INFO - [2026-02-18T20:48:43.414+0000] {dag.py:3954} INFO - Setting next_dagrun for produce_json to 2026-02-17 14:00:00+00:00, run_after=2026-02-18 14:00:00+00:00
[2026-02-18T20:48:43.419+0000] {logging_mixin.py:188} INFO - [2026-02-18T20:48:43.419+0000] {dag.py:3954} INFO - Setting next_dagrun for update_db to 2026-02-17 15:00:00+00:00, run_after=2026-02-18 15:00:00+00:00
[2026-02-18T20:48:43.451+0000] {processor.py:183} INFO - Processing /opt/airflow/dags/main.py took 0.172 seconds
[2026-02-18T20:49:13.695+0000] {processor.py:161} INFO - Started process (PID=457) to work on /opt/airflow/dags/main.py
[2026-02-18T20:49:13.696+0000] {processor.py:830} INFO - Processing file /opt/airflow/dags/main.py for tasks to queue
[2026-02-18T20:49:13.698+0000] {logging_mixin.py:188} INFO - [2026-02-18T20:49:13.698+0000] {dagbag.py:545} INFO - Filling up the DagBag from /opt/airflow/dags/main.py
[2026-02-18T20:49:13.780+0000] {processor.py:840} INFO - DAG(s) 'produce_json', 'update_db' retrieved from /opt/airflow/dags/main.py
[2026-02-18T20:49:13.812+0000] {logging_mixin.py:188} INFO - [2026-02-18T20:49:13.812+0000] {dag.py:3096} INFO - Sync 2 DAGs
[2026-02-18T20:49:13.837+0000] {logging_mixin.py:188} INFO - [2026-02-18T20:49:13.836+0000] {dag.py:3954} INFO - Setting next_dagrun for produce_json to 2026-02-17 14:00:00+00:00, run_after=2026-02-18 14:00:00+00:00
[2026-02-18T20:49:13.842+0000] {logging_mixin.py:188} INFO - [2026-02-18T20:49:13.842+0000] {dag.py:3954} INFO - Setting next_dagrun for update_db to 2026-02-17 15:00:00+00:00, run_after=2026-02-18 15:00:00+00:00
[2026-02-18T20:49:13.863+0000] {processor.py:183} INFO - Processing /opt/airflow/dags/main.py took 0.174 seconds
[2026-02-18T20:49:43.975+0000] {processor.py:161} INFO - Started process (PID=464) to work on /opt/airflow/dags/main.py
[2026-02-18T20:49:43.977+0000] {processor.py:830} INFO - Processing file /opt/airflow/dags/main.py for tasks to queue
[2026-02-18T20:49:43.979+0000] {logging_mixin.py:188} INFO - [2026-02-18T20:49:43.979+0000] {dagbag.py:545} INFO - Filling up the DagBag from /opt/airflow/dags/main.py
[2026-02-18T20:49:44.142+0000] {processor.py:840} INFO - DAG(s) 'update_db', 'produce_json' retrieved from /opt/airflow/dags/main.py
[2026-02-18T20:49:44.173+0000] {logging_mixin.py:188} INFO - [2026-02-18T20:49:44.173+0000] {dag.py:3096} INFO - Sync 2 DAGs
[2026-02-18T20:49:44.194+0000] {logging_mixin.py:188} INFO - [2026-02-18T20:49:44.194+0000] {dag.py:3954} INFO - Setting next_dagrun for produce_json to 2026-02-17 14:00:00+00:00, run_after=2026-02-18 14:00:00+00:00
[2026-02-18T20:49:44.199+0000] {logging_mixin.py:188} INFO - [2026-02-18T20:49:44.199+0000] {dag.py:3954} INFO - Setting next_dagrun for update_db to 2026-02-17 15:00:00+00:00, run_after=2026-02-18 15:00:00+00:00
[2026-02-18T20:49:44.220+0000] {processor.py:183} INFO - Processing /opt/airflow/dags/main.py took 0.251 seconds
[2026-02-18T20:50:14.279+0000] {processor.py:161} INFO - Started process (PID=471) to work on /opt/airflow/dags/main.py
[2026-02-18T20:50:14.280+0000] {processor.py:830} INFO - Processing file /opt/airflow/dags/main.py for tasks to queue
[2026-02-18T20:50:14.282+0000] {logging_mixin.py:188} INFO - [2026-02-18T20:50:14.282+0000] {dagbag.py:545} INFO - Filling up the DagBag from /opt/airflow/dags/main.py
[2026-02-18T20:50:14.357+0000] {processor.py:840} INFO - DAG(s) 'update_db', 'produce_json' retrieved from /opt/airflow/dags/main.py
[2026-02-18T20:50:14.386+0000] {logging_mixin.py:188} INFO - [2026-02-18T20:50:14.386+0000] {dag.py:3096} INFO - Sync 2 DAGs
[2026-02-18T20:50:14.406+0000] {logging_mixin.py:188} INFO - [2026-02-18T20:50:14.406+0000] {dag.py:3954} INFO - Setting next_dagrun for produce_json to 2026-02-17 14:00:00+00:00, run_after=2026-02-18 14:00:00+00:00
[2026-02-18T20:50:14.412+0000] {logging_mixin.py:188} INFO - [2026-02-18T20:50:14.411+0000] {dag.py:3954} INFO - Setting next_dagrun for update_db to 2026-02-17 15:00:00+00:00, run_after=2026-02-18 15:00:00+00:00
[2026-02-18T20:50:14.431+0000] {processor.py:183} INFO - Processing /opt/airflow/dags/main.py took 0.158 seconds
[2026-02-18T20:50:44.552+0000] {processor.py:161} INFO - Started process (PID=478) to work on /opt/airflow/dags/main.py
[2026-02-18T20:50:44.553+0000] {processor.py:830} INFO - Processing file /opt/airflow/dags/main.py for tasks to queue
[2026-02-18T20:50:44.555+0000] {logging_mixin.py:188} INFO - [2026-02-18T20:50:44.555+0000] {dagbag.py:545} INFO - Filling up the DagBag from /opt/airflow/dags/main.py
[2026-02-18T20:50:44.623+0000] {processor.py:840} INFO - DAG(s) 'update_db', 'produce_json' retrieved from /opt/airflow/dags/main.py
[2026-02-18T20:50:44.656+0000] {logging_mixin.py:188} INFO - [2026-02-18T20:50:44.655+0000] {dag.py:3096} INFO - Sync 2 DAGs
[2026-02-18T20:50:44.684+0000] {logging_mixin.py:188} INFO - [2026-02-18T20:50:44.684+0000] {dag.py:3954} INFO - Setting next_dagrun for produce_json to 2026-02-17 14:00:00+00:00, run_after=2026-02-18 14:00:00+00:00
[2026-02-18T20:50:44.689+0000] {logging_mixin.py:188} INFO - [2026-02-18T20:50:44.689+0000] {dag.py:3954} INFO - Setting next_dagrun for update_db to 2026-02-17 15:00:00+00:00, run_after=2026-02-18 15:00:00+00:00
[2026-02-18T20:50:44.719+0000] {processor.py:183} INFO - Processing /opt/airflow/dags/main.py took 0.173 seconds
[2026-02-18T20:51:14.947+0000] {processor.py:161} INFO - Started process (PID=485) to work on /opt/airflow/dags/main.py
[2026-02-18T20:51:14.948+0000] {processor.py:830} INFO - Processing file /opt/airflow/dags/main.py for tasks to queue
[2026-02-18T20:51:14.951+0000] {logging_mixin.py:188} INFO - [2026-02-18T20:51:14.950+0000] {dagbag.py:545} INFO - Filling up the DagBag from /opt/airflow/dags/main.py
[2026-02-18T20:51:15.024+0000] {processor.py:840} INFO - DAG(s) 'update_db', 'produce_json' retrieved from /opt/airflow/dags/main.py
[2026-02-18T20:51:15.052+0000] {logging_mixin.py:188} INFO - [2026-02-18T20:51:15.052+0000] {dag.py:3096} INFO - Sync 2 DAGs
[2026-02-18T20:51:15.075+0000] {logging_mixin.py:188} INFO - [2026-02-18T20:51:15.074+0000] {dag.py:3954} INFO - Setting next_dagrun for produce_json to 2026-02-17 14:00:00+00:00, run_after=2026-02-18 14:00:00+00:00
[2026-02-18T20:51:15.079+0000] {logging_mixin.py:188} INFO - [2026-02-18T20:51:15.079+0000] {dag.py:3954} INFO - Setting next_dagrun for update_db to 2026-02-17 15:00:00+00:00, run_after=2026-02-18 15:00:00+00:00
[2026-02-18T20:51:15.095+0000] {processor.py:183} INFO - Processing /opt/airflow/dags/main.py took 0.153 seconds
[2026-02-18T20:51:45.259+0000] {processor.py:161} INFO - Started process (PID=492) to work on /opt/airflow/dags/main.py
[2026-02-18T20:51:45.260+0000] {processor.py:830} INFO - Processing file /opt/airflow/dags/main.py for tasks to queue
[2026-02-18T20:51:45.262+0000] {logging_mixin.py:188} INFO - [2026-02-18T20:51:45.262+0000] {dagbag.py:545} INFO - Filling up the DagBag from /opt/airflow/dags/main.py
[2026-02-18T20:51:45.341+0000] {processor.py:840} INFO - DAG(s) 'produce_json', 'update_db' retrieved from /opt/airflow/dags/main.py
[2026-02-18T20:51:45.369+0000] {logging_mixin.py:188} INFO - [2026-02-18T20:51:45.369+0000] {dag.py:3096} INFO - Sync 2 DAGs
[2026-02-18T20:51:45.388+0000] {logging_mixin.py:188} INFO - [2026-02-18T20:51:45.388+0000] {dag.py:3954} INFO - Setting next_dagrun for produce_json to 2026-02-17 14:00:00+00:00, run_after=2026-02-18 14:00:00+00:00
[2026-02-18T20:51:45.393+0000] {logging_mixin.py:188} INFO - [2026-02-18T20:51:45.393+0000] {dag.py:3954} INFO - Setting next_dagrun for update_db to 2026-02-17 15:00:00+00:00, run_after=2026-02-18 15:00:00+00:00
[2026-02-18T20:51:45.425+0000] {processor.py:183} INFO - Processing /opt/airflow/dags/main.py took 0.173 seconds
[2026-02-18T20:52:15.649+0000] {processor.py:161} INFO - Started process (PID=499) to work on /opt/airflow/dags/main.py
[2026-02-18T20:52:15.650+0000] {processor.py:830} INFO - Processing file /opt/airflow/dags/main.py for tasks to queue
[2026-02-18T20:52:15.652+0000] {logging_mixin.py:188} INFO - [2026-02-18T20:52:15.652+0000] {dagbag.py:545} INFO - Filling up the DagBag from /opt/airflow/dags/main.py
[2026-02-18T20:52:15.721+0000] {processor.py:840} INFO - DAG(s) 'produce_json', 'update_db' retrieved from /opt/airflow/dags/main.py
[2026-02-18T20:52:15.751+0000] {logging_mixin.py:188} INFO - [2026-02-18T20:52:15.751+0000] {dag.py:3096} INFO - Sync 2 DAGs
[2026-02-18T20:52:15.773+0000] {logging_mixin.py:188} INFO - [2026-02-18T20:52:15.773+0000] {dag.py:3954} INFO - Setting next_dagrun for produce_json to 2026-02-17 14:00:00+00:00, run_after=2026-02-18 14:00:00+00:00
[2026-02-18T20:52:15.778+0000] {logging_mixin.py:188} INFO - [2026-02-18T20:52:15.778+0000] {dag.py:3954} INFO - Setting next_dagrun for update_db to 2026-02-17 15:00:00+00:00, run_after=2026-02-18 15:00:00+00:00
[2026-02-18T20:52:15.798+0000] {processor.py:183} INFO - Processing /opt/airflow/dags/main.py took 0.154 seconds
[2026-02-18T20:52:45.935+0000] {processor.py:161} INFO - Started process (PID=506) to work on /opt/airflow/dags/main.py
[2026-02-18T20:52:45.936+0000] {processor.py:830} INFO - Processing file /opt/airflow/dags/main.py for tasks to queue
[2026-02-18T20:52:45.938+0000] {logging_mixin.py:188} INFO - [2026-02-18T20:52:45.938+0000] {dagbag.py:545} INFO - Filling up the DagBag from /opt/airflow/dags/main.py
[2026-02-18T20:52:46.014+0000] {processor.py:840} INFO - DAG(s) 'produce_json', 'update_db' retrieved from /opt/airflow/dags/main.py
[2026-02-18T20:52:46.046+0000] {logging_mixin.py:188} INFO - [2026-02-18T20:52:46.045+0000] {dag.py:3096} INFO - Sync 2 DAGs
[2026-02-18T20:52:46.070+0000] {logging_mixin.py:188} INFO - [2026-02-18T20:52:46.070+0000] {dag.py:3954} INFO - Setting next_dagrun for produce_json to 2026-02-17 14:00:00+00:00, run_after=2026-02-18 14:00:00+00:00
[2026-02-18T20:52:46.075+0000] {logging_mixin.py:188} INFO - [2026-02-18T20:52:46.075+0000] {dag.py:3954} INFO - Setting next_dagrun for update_db to 2026-02-17 15:00:00+00:00, run_after=2026-02-18 15:00:00+00:00
[2026-02-18T20:52:46.097+0000] {processor.py:183} INFO - Processing /opt/airflow/dags/main.py took 0.168 seconds
[2026-02-18T20:53:16.525+0000] {processor.py:161} INFO - Started process (PID=513) to work on /opt/airflow/dags/main.py
[2026-02-18T20:53:16.526+0000] {processor.py:830} INFO - Processing file /opt/airflow/dags/main.py for tasks to queue
[2026-02-18T20:53:16.528+0000] {logging_mixin.py:188} INFO - [2026-02-18T20:53:16.528+0000] {dagbag.py:545} INFO - Filling up the DagBag from /opt/airflow/dags/main.py
[2026-02-18T20:53:16.589+0000] {processor.py:840} INFO - DAG(s) 'produce_json', 'update_db' retrieved from /opt/airflow/dags/main.py
[2026-02-18T20:53:16.617+0000] {logging_mixin.py:188} INFO - [2026-02-18T20:53:16.616+0000] {dag.py:3096} INFO - Sync 2 DAGs
[2026-02-18T20:53:16.637+0000] {logging_mixin.py:188} INFO - [2026-02-18T20:53:16.637+0000] {dag.py:3954} INFO - Setting next_dagrun for produce_json to 2026-02-17 14:00:00+00:00, run_after=2026-02-18 14:00:00+00:00
[2026-02-18T20:53:16.641+0000] {logging_mixin.py:188} INFO - [2026-02-18T20:53:16.641+0000] {dag.py:3954} INFO - Setting next_dagrun for update_db to 2026-02-17 15:00:00+00:00, run_after=2026-02-18 15:00:00+00:00
[2026-02-18T20:53:16.670+0000] {processor.py:183} INFO - Processing /opt/airflow/dags/main.py took 0.150 seconds
[2026-02-18T20:53:46.778+0000] {processor.py:161} INFO - Started process (PID=520) to work on /opt/airflow/dags/main.py
[2026-02-18T20:53:46.779+0000] {processor.py:830} INFO - Processing file /opt/airflow/dags/main.py for tasks to queue
[2026-02-18T20:53:46.781+0000] {logging_mixin.py:188} INFO - [2026-02-18T20:53:46.780+0000] {dagbag.py:545} INFO - Filling up the DagBag from /opt/airflow/dags/main.py
[2026-02-18T20:53:46.851+0000] {processor.py:840} INFO - DAG(s) 'produce_json', 'update_db' retrieved from /opt/airflow/dags/main.py
[2026-02-18T20:53:46.883+0000] {logging_mixin.py:188} INFO - [2026-02-18T20:53:46.883+0000] {dag.py:3096} INFO - Sync 2 DAGs
[2026-02-18T20:53:46.904+0000] {logging_mixin.py:188} INFO - [2026-02-18T20:53:46.903+0000] {dag.py:3954} INFO - Setting next_dagrun for produce_json to 2026-02-17 14:00:00+00:00, run_after=2026-02-18 14:00:00+00:00
[2026-02-18T20:53:46.908+0000] {logging_mixin.py:188} INFO - [2026-02-18T20:53:46.908+0000] {dag.py:3954} INFO - Setting next_dagrun for update_db to 2026-02-17 15:00:00+00:00, run_after=2026-02-18 15:00:00+00:00
[2026-02-18T20:53:46.938+0000] {processor.py:183} INFO - Processing /opt/airflow/dags/main.py took 0.166 seconds
[2026-02-18T20:54:17.172+0000] {processor.py:161} INFO - Started process (PID=527) to work on /opt/airflow/dags/main.py
[2026-02-18T20:54:17.173+0000] {processor.py:830} INFO - Processing file /opt/airflow/dags/main.py for tasks to queue
[2026-02-18T20:54:17.175+0000] {logging_mixin.py:188} INFO - [2026-02-18T20:54:17.175+0000] {dagbag.py:545} INFO - Filling up the DagBag from /opt/airflow/dags/main.py
[2026-02-18T20:54:17.246+0000] {processor.py:840} INFO - DAG(s) 'update_db', 'produce_json' retrieved from /opt/airflow/dags/main.py
[2026-02-18T20:54:17.273+0000] {logging_mixin.py:188} INFO - [2026-02-18T20:54:17.273+0000] {dag.py:3096} INFO - Sync 2 DAGs
[2026-02-18T20:54:17.292+0000] {logging_mixin.py:188} INFO - [2026-02-18T20:54:17.292+0000] {dag.py:3954} INFO - Setting next_dagrun for produce_json to 2026-02-17 14:00:00+00:00, run_after=2026-02-18 14:00:00+00:00
[2026-02-18T20:54:17.297+0000] {logging_mixin.py:188} INFO - [2026-02-18T20:54:17.297+0000] {dag.py:3954} INFO - Setting next_dagrun for update_db to 2026-02-17 15:00:00+00:00, run_after=2026-02-18 15:00:00+00:00
[2026-02-18T20:54:17.326+0000] {processor.py:183} INFO - Processing /opt/airflow/dags/main.py took 0.159 seconds
[2026-02-18T20:54:47.473+0000] {processor.py:161} INFO - Started process (PID=534) to work on /opt/airflow/dags/main.py
[2026-02-18T20:54:47.474+0000] {processor.py:830} INFO - Processing file /opt/airflow/dags/main.py for tasks to queue
[2026-02-18T20:54:47.476+0000] {logging_mixin.py:188} INFO - [2026-02-18T20:54:47.475+0000] {dagbag.py:545} INFO - Filling up the DagBag from /opt/airflow/dags/main.py
[2026-02-18T20:54:47.552+0000] {processor.py:840} INFO - DAG(s) 'produce_json', 'update_db' retrieved from /opt/airflow/dags/main.py
[2026-02-18T20:54:47.579+0000] {logging_mixin.py:188} INFO - [2026-02-18T20:54:47.579+0000] {dag.py:3096} INFO - Sync 2 DAGs
[2026-02-18T20:54:47.600+0000] {logging_mixin.py:188} INFO - [2026-02-18T20:54:47.600+0000] {dag.py:3954} INFO - Setting next_dagrun for produce_json to 2026-02-17 14:00:00+00:00, run_after=2026-02-18 14:00:00+00:00
[2026-02-18T20:54:47.605+0000] {logging_mixin.py:188} INFO - [2026-02-18T20:54:47.605+0000] {dag.py:3954} INFO - Setting next_dagrun for update_db to 2026-02-17 15:00:00+00:00, run_after=2026-02-18 15:00:00+00:00
[2026-02-18T20:54:47.626+0000] {processor.py:183} INFO - Processing /opt/airflow/dags/main.py took 0.159 seconds
[2026-02-18T20:55:17.803+0000] {processor.py:161} INFO - Started process (PID=541) to work on /opt/airflow/dags/main.py
[2026-02-18T20:55:17.804+0000] {processor.py:830} INFO - Processing file /opt/airflow/dags/main.py for tasks to queue
[2026-02-18T20:55:17.806+0000] {logging_mixin.py:188} INFO - [2026-02-18T20:55:17.806+0000] {dagbag.py:545} INFO - Filling up the DagBag from /opt/airflow/dags/main.py
[2026-02-18T20:55:17.882+0000] {processor.py:840} INFO - DAG(s) 'produce_json', 'update_db' retrieved from /opt/airflow/dags/main.py
[2026-02-18T20:55:17.909+0000] {logging_mixin.py:188} INFO - [2026-02-18T20:55:17.909+0000] {dag.py:3096} INFO - Sync 2 DAGs
[2026-02-18T20:55:17.932+0000] {logging_mixin.py:188} INFO - [2026-02-18T20:55:17.932+0000] {dag.py:3954} INFO - Setting next_dagrun for produce_json to 2026-02-17 14:00:00+00:00, run_after=2026-02-18 14:00:00+00:00
[2026-02-18T20:55:17.940+0000] {logging_mixin.py:188} INFO - [2026-02-18T20:55:17.940+0000] {dag.py:3954} INFO - Setting next_dagrun for update_db to 2026-02-17 15:00:00+00:00, run_after=2026-02-18 15:00:00+00:00
[2026-02-18T20:55:17.969+0000] {processor.py:183} INFO - Processing /opt/airflow/dags/main.py took 0.171 seconds
[2026-02-18T20:55:48.124+0000] {processor.py:161} INFO - Started process (PID=548) to work on /opt/airflow/dags/main.py
[2026-02-18T20:55:48.126+0000] {processor.py:830} INFO - Processing file /opt/airflow/dags/main.py for tasks to queue
[2026-02-18T20:55:48.128+0000] {logging_mixin.py:188} INFO - [2026-02-18T20:55:48.127+0000] {dagbag.py:545} INFO - Filling up the DagBag from /opt/airflow/dags/main.py
[2026-02-18T20:55:48.197+0000] {processor.py:840} INFO - DAG(s) 'produce_json', 'update_db' retrieved from /opt/airflow/dags/main.py
[2026-02-18T20:55:48.225+0000] {logging_mixin.py:188} INFO - [2026-02-18T20:55:48.225+0000] {dag.py:3096} INFO - Sync 2 DAGs
[2026-02-18T20:55:48.248+0000] {logging_mixin.py:188} INFO - [2026-02-18T20:55:48.248+0000] {dag.py:3954} INFO - Setting next_dagrun for produce_json to 2026-02-17 14:00:00+00:00, run_after=2026-02-18 14:00:00+00:00
[2026-02-18T20:55:48.253+0000] {logging_mixin.py:188} INFO - [2026-02-18T20:55:48.253+0000] {dag.py:3954} INFO - Setting next_dagrun for update_db to 2026-02-17 15:00:00+00:00, run_after=2026-02-18 15:00:00+00:00
[2026-02-18T20:55:48.283+0000] {processor.py:183} INFO - Processing /opt/airflow/dags/main.py took 0.163 seconds
[2026-02-18T20:56:18.522+0000] {processor.py:161} INFO - Started process (PID=555) to work on /opt/airflow/dags/main.py
[2026-02-18T20:56:18.524+0000] {processor.py:830} INFO - Processing file /opt/airflow/dags/main.py for tasks to queue
[2026-02-18T20:56:18.527+0000] {logging_mixin.py:188} INFO - [2026-02-18T20:56:18.526+0000] {dagbag.py:545} INFO - Filling up the DagBag from /opt/airflow/dags/main.py
[2026-02-18T20:56:18.599+0000] {processor.py:840} INFO - DAG(s) 'produce_json', 'update_db' retrieved from /opt/airflow/dags/main.py
[2026-02-18T20:56:18.630+0000] {logging_mixin.py:188} INFO - [2026-02-18T20:56:18.629+0000] {dag.py:3096} INFO - Sync 2 DAGs
[2026-02-18T20:56:18.650+0000] {logging_mixin.py:188} INFO - [2026-02-18T20:56:18.650+0000] {dag.py:3954} INFO - Setting next_dagrun for produce_json to 2026-02-17 14:00:00+00:00, run_after=2026-02-18 14:00:00+00:00
[2026-02-18T20:56:18.655+0000] {logging_mixin.py:188} INFO - [2026-02-18T20:56:18.655+0000] {dag.py:3954} INFO - Setting next_dagrun for update_db to 2026-02-17 15:00:00+00:00, run_after=2026-02-18 15:00:00+00:00
[2026-02-18T20:56:18.684+0000] {processor.py:183} INFO - Processing /opt/airflow/dags/main.py took 0.168 seconds
[2026-02-18T20:56:48.807+0000] {processor.py:161} INFO - Started process (PID=562) to work on /opt/airflow/dags/main.py
[2026-02-18T20:56:48.808+0000] {processor.py:830} INFO - Processing file /opt/airflow/dags/main.py for tasks to queue
[2026-02-18T20:56:48.810+0000] {logging_mixin.py:188} INFO - [2026-02-18T20:56:48.810+0000] {dagbag.py:545} INFO - Filling up the DagBag from /opt/airflow/dags/main.py
[2026-02-18T20:56:48.878+0000] {processor.py:840} INFO - DAG(s) 'produce_json', 'update_db' retrieved from /opt/airflow/dags/main.py
[2026-02-18T20:56:48.908+0000] {logging_mixin.py:188} INFO - [2026-02-18T20:56:48.907+0000] {dag.py:3096} INFO - Sync 2 DAGs
[2026-02-18T20:56:48.929+0000] {logging_mixin.py:188} INFO - [2026-02-18T20:56:48.928+0000] {dag.py:3954} INFO - Setting next_dagrun for produce_json to 2026-02-17 14:00:00+00:00, run_after=2026-02-18 14:00:00+00:00
[2026-02-18T20:56:48.934+0000] {logging_mixin.py:188} INFO - [2026-02-18T20:56:48.934+0000] {dag.py:3954} INFO - Setting next_dagrun for update_db to 2026-02-17 15:00:00+00:00, run_after=2026-02-18 15:00:00+00:00
[2026-02-18T20:56:48.954+0000] {processor.py:183} INFO - Processing /opt/airflow/dags/main.py took 0.153 seconds
[2026-02-18T20:57:19.177+0000] {processor.py:161} INFO - Started process (PID=570) to work on /opt/airflow/dags/main.py
[2026-02-18T20:57:19.178+0000] {processor.py:830} INFO - Processing file /opt/airflow/dags/main.py for tasks to queue
[2026-02-18T20:57:19.179+0000] {logging_mixin.py:188} INFO - [2026-02-18T20:57:19.179+0000] {dagbag.py:545} INFO - Filling up the DagBag from /opt/airflow/dags/main.py
[2026-02-18T20:57:19.254+0000] {processor.py:840} INFO - DAG(s) 'update_db', 'produce_json' retrieved from /opt/airflow/dags/main.py
[2026-02-18T20:57:19.282+0000] {logging_mixin.py:188} INFO - [2026-02-18T20:57:19.282+0000] {dag.py:3096} INFO - Sync 2 DAGs
[2026-02-18T20:57:19.302+0000] {logging_mixin.py:188} INFO - [2026-02-18T20:57:19.301+0000] {dag.py:3954} INFO - Setting next_dagrun for produce_json to 2026-02-17 14:00:00+00:00, run_after=2026-02-18 14:00:00+00:00
[2026-02-18T20:57:19.306+0000] {logging_mixin.py:188} INFO - [2026-02-18T20:57:19.306+0000] {dag.py:3954} INFO - Setting next_dagrun for update_db to 2026-02-17 15:00:00+00:00, run_after=2026-02-18 15:00:00+00:00
[2026-02-18T20:57:19.326+0000] {processor.py:183} INFO - Processing /opt/airflow/dags/main.py took 0.155 seconds
[2026-02-18T20:57:49.565+0000] {processor.py:161} INFO - Started process (PID=577) to work on /opt/airflow/dags/main.py
[2026-02-18T20:57:49.567+0000] {processor.py:830} INFO - Processing file /opt/airflow/dags/main.py for tasks to queue
[2026-02-18T20:57:49.570+0000] {logging_mixin.py:188} INFO - [2026-02-18T20:57:49.569+0000] {dagbag.py:545} INFO - Filling up the DagBag from /opt/airflow/dags/main.py
[2026-02-18T20:57:49.649+0000] {processor.py:840} INFO - DAG(s) 'produce_json', 'update_db' retrieved from /opt/airflow/dags/main.py
[2026-02-18T20:57:49.684+0000] {logging_mixin.py:188} INFO - [2026-02-18T20:57:49.684+0000] {dag.py:3096} INFO - Sync 2 DAGs
[2026-02-18T20:57:49.707+0000] {logging_mixin.py:188} INFO - [2026-02-18T20:57:49.707+0000] {dag.py:3954} INFO - Setting next_dagrun for produce_json to 2026-02-17 14:00:00+00:00, run_after=2026-02-18 14:00:00+00:00
[2026-02-18T20:57:49.712+0000] {logging_mixin.py:188} INFO - [2026-02-18T20:57:49.712+0000] {dag.py:3954} INFO - Setting next_dagrun for update_db to 2026-02-17 15:00:00+00:00, run_after=2026-02-18 15:00:00+00:00
[2026-02-18T20:57:49.735+0000] {processor.py:183} INFO - Processing /opt/airflow/dags/main.py took 0.180 seconds
[2026-02-18T20:58:19.853+0000] {processor.py:161} INFO - Started process (PID=584) to work on /opt/airflow/dags/main.py
[2026-02-18T20:58:19.854+0000] {processor.py:830} INFO - Processing file /opt/airflow/dags/main.py for tasks to queue
[2026-02-18T20:58:19.856+0000] {logging_mixin.py:188} INFO - [2026-02-18T20:58:19.856+0000] {dagbag.py:545} INFO - Filling up the DagBag from /opt/airflow/dags/main.py
[2026-02-18T20:58:19.927+0000] {processor.py:840} INFO - DAG(s) 'update_db', 'produce_json' retrieved from /opt/airflow/dags/main.py
[2026-02-18T20:58:19.954+0000] {logging_mixin.py:188} INFO - [2026-02-18T20:58:19.954+0000] {dag.py:3096} INFO - Sync 2 DAGs
[2026-02-18T20:58:19.975+0000] {logging_mixin.py:188} INFO - [2026-02-18T20:58:19.975+0000] {dag.py:3954} INFO - Setting next_dagrun for produce_json to 2026-02-17 14:00:00+00:00, run_after=2026-02-18 14:00:00+00:00
[2026-02-18T20:58:19.980+0000] {logging_mixin.py:188} INFO - [2026-02-18T20:58:19.980+0000] {dag.py:3954} INFO - Setting next_dagrun for update_db to 2026-02-17 15:00:00+00:00, run_after=2026-02-18 15:00:00+00:00
[2026-02-18T20:58:20.001+0000] {processor.py:183} INFO - Processing /opt/airflow/dags/main.py took 0.153 seconds
[2026-02-18T20:58:50.232+0000] {processor.py:161} INFO - Started process (PID=591) to work on /opt/airflow/dags/main.py
[2026-02-18T20:58:50.233+0000] {processor.py:830} INFO - Processing file /opt/airflow/dags/main.py for tasks to queue
[2026-02-18T20:58:50.235+0000] {logging_mixin.py:188} INFO - [2026-02-18T20:58:50.234+0000] {dagbag.py:545} INFO - Filling up the DagBag from /opt/airflow/dags/main.py
[2026-02-18T20:58:50.302+0000] {processor.py:840} INFO - DAG(s) 'update_db', 'produce_json' retrieved from /opt/airflow/dags/main.py
[2026-02-18T20:58:50.345+0000] {logging_mixin.py:188} INFO - [2026-02-18T20:58:50.345+0000] {dag.py:3096} INFO - Sync 2 DAGs
[2026-02-18T20:58:50.365+0000] {logging_mixin.py:188} INFO - [2026-02-18T20:58:50.365+0000] {dag.py:3954} INFO - Setting next_dagrun for produce_json to 2026-02-17 14:00:00+00:00, run_after=2026-02-18 14:00:00+00:00
[2026-02-18T20:58:50.370+0000] {logging_mixin.py:188} INFO - [2026-02-18T20:58:50.370+0000] {dag.py:3954} INFO - Setting next_dagrun for update_db to 2026-02-17 15:00:00+00:00, run_after=2026-02-18 15:00:00+00:00
[2026-02-18T20:58:50.389+0000] {processor.py:183} INFO - Processing /opt/airflow/dags/main.py took 0.162 seconds
[2026-02-18T20:59:20.495+0000] {processor.py:161} INFO - Started process (PID=598) to work on /opt/airflow/dags/main.py
[2026-02-18T20:59:20.496+0000] {processor.py:830} INFO - Processing file /opt/airflow/dags/main.py for tasks to queue
[2026-02-18T20:59:20.498+0000] {logging_mixin.py:188} INFO - [2026-02-18T20:59:20.498+0000] {dagbag.py:545} INFO - Filling up the DagBag from /opt/airflow/dags/main.py
[2026-02-18T20:59:20.568+0000] {processor.py:840} INFO - DAG(s) 'produce_json', 'update_db' retrieved from /opt/airflow/dags/main.py
[2026-02-18T20:59:20.597+0000] {logging_mixin.py:188} INFO - [2026-02-18T20:59:20.596+0000] {dag.py:3096} INFO - Sync 2 DAGs
[2026-02-18T20:59:20.616+0000] {logging_mixin.py:188} INFO - [2026-02-18T20:59:20.616+0000] {dag.py:3954} INFO - Setting next_dagrun for produce_json to 2026-02-17 14:00:00+00:00, run_after=2026-02-18 14:00:00+00:00
[2026-02-18T20:59:20.621+0000] {logging_mixin.py:188} INFO - [2026-02-18T20:59:20.620+0000] {dag.py:3954} INFO - Setting next_dagrun for update_db to 2026-02-17 15:00:00+00:00, run_after=2026-02-18 15:00:00+00:00
[2026-02-18T20:59:20.649+0000] {processor.py:183} INFO - Processing /opt/airflow/dags/main.py took 0.160 seconds
[2026-02-18T20:59:50.911+0000] {processor.py:161} INFO - Started process (PID=605) to work on /opt/airflow/dags/main.py
[2026-02-18T20:59:50.912+0000] {processor.py:830} INFO - Processing file /opt/airflow/dags/main.py for tasks to queue
[2026-02-18T20:59:50.914+0000] {logging_mixin.py:188} INFO - [2026-02-18T20:59:50.914+0000] {dagbag.py:545} INFO - Filling up the DagBag from /opt/airflow/dags/main.py
[2026-02-18T20:59:50.983+0000] {processor.py:840} INFO - DAG(s) 'update_db', 'produce_json' retrieved from /opt/airflow/dags/main.py
[2026-02-18T20:59:51.011+0000] {logging_mixin.py:188} INFO - [2026-02-18T20:59:51.011+0000] {dag.py:3096} INFO - Sync 2 DAGs
[2026-02-18T20:59:51.031+0000] {logging_mixin.py:188} INFO - [2026-02-18T20:59:51.031+0000] {dag.py:3954} INFO - Setting next_dagrun for produce_json to 2026-02-17 14:00:00+00:00, run_after=2026-02-18 14:00:00+00:00
[2026-02-18T20:59:51.035+0000] {logging_mixin.py:188} INFO - [2026-02-18T20:59:51.035+0000] {dag.py:3954} INFO - Setting next_dagrun for update_db to 2026-02-17 15:00:00+00:00, run_after=2026-02-18 15:00:00+00:00
[2026-02-18T20:59:51.065+0000] {processor.py:183} INFO - Processing /opt/airflow/dags/main.py took 0.159 seconds
[2026-02-18T21:00:21.187+0000] {processor.py:161} INFO - Started process (PID=612) to work on /opt/airflow/dags/main.py
[2026-02-18T21:00:21.188+0000] {processor.py:830} INFO - Processing file /opt/airflow/dags/main.py for tasks to queue
[2026-02-18T21:00:21.191+0000] {logging_mixin.py:188} INFO - [2026-02-18T21:00:21.190+0000] {dagbag.py:545} INFO - Filling up the DagBag from /opt/airflow/dags/main.py
[2026-02-18T21:00:21.268+0000] {processor.py:840} INFO - DAG(s) 'update_db', 'produce_json' retrieved from /opt/airflow/dags/main.py
[2026-02-18T21:00:21.303+0000] {logging_mixin.py:188} INFO - [2026-02-18T21:00:21.303+0000] {dag.py:3096} INFO - Sync 2 DAGs
[2026-02-18T21:00:21.325+0000] {logging_mixin.py:188} INFO - [2026-02-18T21:00:21.325+0000] {dag.py:3954} INFO - Setting next_dagrun for produce_json to 2026-02-17 14:00:00+00:00, run_after=2026-02-18 14:00:00+00:00
[2026-02-18T21:00:21.330+0000] {logging_mixin.py:188} INFO - [2026-02-18T21:00:21.330+0000] {dag.py:3954} INFO - Setting next_dagrun for update_db to 2026-02-17 15:00:00+00:00, run_after=2026-02-18 15:00:00+00:00
[2026-02-18T21:00:21.363+0000] {processor.py:183} INFO - Processing /opt/airflow/dags/main.py took 0.184 seconds
[2026-02-18T21:00:51.616+0000] {processor.py:161} INFO - Started process (PID=619) to work on /opt/airflow/dags/main.py
[2026-02-18T21:00:51.617+0000] {processor.py:830} INFO - Processing file /opt/airflow/dags/main.py for tasks to queue
[2026-02-18T21:00:51.620+0000] {logging_mixin.py:188} INFO - [2026-02-18T21:00:51.620+0000] {dagbag.py:545} INFO - Filling up the DagBag from /opt/airflow/dags/main.py
[2026-02-18T21:00:51.689+0000] {processor.py:840} INFO - DAG(s) 'update_db', 'produce_json' retrieved from /opt/airflow/dags/main.py
[2026-02-18T21:00:51.718+0000] {logging_mixin.py:188} INFO - [2026-02-18T21:00:51.718+0000] {dag.py:3096} INFO - Sync 2 DAGs
[2026-02-18T21:00:51.738+0000] {logging_mixin.py:188} INFO - [2026-02-18T21:00:51.738+0000] {dag.py:3954} INFO - Setting next_dagrun for produce_json to 2026-02-17 14:00:00+00:00, run_after=2026-02-18 14:00:00+00:00
[2026-02-18T21:00:51.743+0000] {logging_mixin.py:188} INFO - [2026-02-18T21:00:51.743+0000] {dag.py:3954} INFO - Setting next_dagrun for update_db to 2026-02-17 15:00:00+00:00, run_after=2026-02-18 15:00:00+00:00
[2026-02-18T21:00:51.763+0000] {processor.py:183} INFO - Processing /opt/airflow/dags/main.py took 0.153 seconds
[2026-02-18T21:01:21.880+0000] {processor.py:161} INFO - Started process (PID=626) to work on /opt/airflow/dags/main.py
[2026-02-18T21:01:21.882+0000] {processor.py:830} INFO - Processing file /opt/airflow/dags/main.py for tasks to queue
[2026-02-18T21:01:21.885+0000] {logging_mixin.py:188} INFO - [2026-02-18T21:01:21.885+0000] {dagbag.py:545} INFO - Filling up the DagBag from /opt/airflow/dags/main.py
[2026-02-18T21:01:21.986+0000] {processor.py:840} INFO - DAG(s) 'update_db', 'produce_json' retrieved from /opt/airflow/dags/main.py
[2026-02-18T21:01:22.023+0000] {logging_mixin.py:188} INFO - [2026-02-18T21:01:22.022+0000] {dag.py:3096} INFO - Sync 2 DAGs
[2026-02-18T21:01:22.046+0000] {logging_mixin.py:188} INFO - [2026-02-18T21:01:22.046+0000] {dag.py:3954} INFO - Setting next_dagrun for produce_json to 2026-02-17 14:00:00+00:00, run_after=2026-02-18 14:00:00+00:00
[2026-02-18T21:01:22.051+0000] {logging_mixin.py:188} INFO - [2026-02-18T21:01:22.051+0000] {dag.py:3954} INFO - Setting next_dagrun for update_db to 2026-02-17 15:00:00+00:00, run_after=2026-02-18 15:00:00+00:00
[2026-02-18T21:01:22.086+0000] {processor.py:183} INFO - Processing /opt/airflow/dags/main.py took 0.211 seconds
[2026-02-18T21:01:52.228+0000] {processor.py:161} INFO - Started process (PID=633) to work on /opt/airflow/dags/main.py
[2026-02-18T21:01:52.229+0000] {processor.py:830} INFO - Processing file /opt/airflow/dags/main.py for tasks to queue
[2026-02-18T21:01:52.231+0000] {logging_mixin.py:188} INFO - [2026-02-18T21:01:52.231+0000] {dagbag.py:545} INFO - Filling up the DagBag from /opt/airflow/dags/main.py
[2026-02-18T21:01:52.302+0000] {processor.py:840} INFO - DAG(s) 'produce_json', 'update_db' retrieved from /opt/airflow/dags/main.py
[2026-02-18T21:01:52.330+0000] {logging_mixin.py:188} INFO - [2026-02-18T21:01:52.330+0000] {dag.py:3096} INFO - Sync 2 DAGs
[2026-02-18T21:01:52.351+0000] {logging_mixin.py:188} INFO - [2026-02-18T21:01:52.350+0000] {dag.py:3954} INFO - Setting next_dagrun for produce_json to 2026-02-17 14:00:00+00:00, run_after=2026-02-18 14:00:00+00:00
[2026-02-18T21:01:52.355+0000] {logging_mixin.py:188} INFO - [2026-02-18T21:01:52.355+0000] {dag.py:3954} INFO - Setting next_dagrun for update_db to 2026-02-17 15:00:00+00:00, run_after=2026-02-18 15:00:00+00:00
[2026-02-18T21:01:52.385+0000] {processor.py:183} INFO - Processing /opt/airflow/dags/main.py took 0.163 seconds
[2026-02-18T21:02:22.560+0000] {processor.py:161} INFO - Started process (PID=640) to work on /opt/airflow/dags/main.py
[2026-02-18T21:02:22.561+0000] {processor.py:830} INFO - Processing file /opt/airflow/dags/main.py for tasks to queue
[2026-02-18T21:02:22.563+0000] {logging_mixin.py:188} INFO - [2026-02-18T21:02:22.563+0000] {dagbag.py:545} INFO - Filling up the DagBag from /opt/airflow/dags/main.py
[2026-02-18T21:02:22.637+0000] {processor.py:840} INFO - DAG(s) 'update_db', 'produce_json' retrieved from /opt/airflow/dags/main.py
[2026-02-18T21:02:22.665+0000] {logging_mixin.py:188} INFO - [2026-02-18T21:02:22.665+0000] {dag.py:3096} INFO - Sync 2 DAGs
[2026-02-18T21:02:22.685+0000] {logging_mixin.py:188} INFO - [2026-02-18T21:02:22.685+0000] {dag.py:3954} INFO - Setting next_dagrun for produce_json to 2026-02-17 14:00:00+00:00, run_after=2026-02-18 14:00:00+00:00
[2026-02-18T21:02:22.689+0000] {logging_mixin.py:188} INFO - [2026-02-18T21:02:22.689+0000] {dag.py:3954} INFO - Setting next_dagrun for update_db to 2026-02-17 15:00:00+00:00, run_after=2026-02-18 15:00:00+00:00
[2026-02-18T21:02:22.718+0000] {processor.py:183} INFO - Processing /opt/airflow/dags/main.py took 0.164 seconds
[2026-02-18T21:02:52.973+0000] {processor.py:161} INFO - Started process (PID=647) to work on /opt/airflow/dags/main.py
[2026-02-18T21:02:52.974+0000] {processor.py:830} INFO - Processing file /opt/airflow/dags/main.py for tasks to queue
[2026-02-18T21:02:52.976+0000] {logging_mixin.py:188} INFO - [2026-02-18T21:02:52.976+0000] {dagbag.py:545} INFO - Filling up the DagBag from /opt/airflow/dags/main.py
[2026-02-18T21:02:53.050+0000] {processor.py:840} INFO - DAG(s) 'update_db', 'produce_json' retrieved from /opt/airflow/dags/main.py
[2026-02-18T21:02:53.078+0000] {logging_mixin.py:188} INFO - [2026-02-18T21:02:53.078+0000] {dag.py:3096} INFO - Sync 2 DAGs
[2026-02-18T21:02:53.097+0000] {logging_mixin.py:188} INFO - [2026-02-18T21:02:53.097+0000] {dag.py:3954} INFO - Setting next_dagrun for produce_json to 2026-02-17 14:00:00+00:00, run_after=2026-02-18 14:00:00+00:00
[2026-02-18T21:02:53.102+0000] {logging_mixin.py:188} INFO - [2026-02-18T21:02:53.102+0000] {dag.py:3954} INFO - Setting next_dagrun for update_db to 2026-02-17 15:00:00+00:00, run_after=2026-02-18 15:00:00+00:00
[2026-02-18T21:02:53.132+0000] {processor.py:183} INFO - Processing /opt/airflow/dags/main.py took 0.164 seconds
[2026-02-18T21:03:23.255+0000] {processor.py:161} INFO - Started process (PID=654) to work on /opt/airflow/dags/main.py
[2026-02-18T21:03:23.256+0000] {processor.py:830} INFO - Processing file /opt/airflow/dags/main.py for tasks to queue
[2026-02-18T21:03:23.258+0000] {logging_mixin.py:188} INFO - [2026-02-18T21:03:23.258+0000] {dagbag.py:545} INFO - Filling up the DagBag from /opt/airflow/dags/main.py
[2026-02-18T21:03:23.331+0000] {processor.py:840} INFO - DAG(s) 'update_db', 'produce_json' retrieved from /opt/airflow/dags/main.py
[2026-02-18T21:03:23.359+0000] {logging_mixin.py:188} INFO - [2026-02-18T21:03:23.359+0000] {dag.py:3096} INFO - Sync 2 DAGs
[2026-02-18T21:03:23.379+0000] {logging_mixin.py:188} INFO - [2026-02-18T21:03:23.379+0000] {dag.py:3954} INFO - Setting next_dagrun for produce_json to 2026-02-17 14:00:00+00:00, run_after=2026-02-18 14:00:00+00:00
[2026-02-18T21:03:23.383+0000] {logging_mixin.py:188} INFO - [2026-02-18T21:03:23.383+0000] {dag.py:3954} INFO - Setting next_dagrun for update_db to 2026-02-17 15:00:00+00:00, run_after=2026-02-18 15:00:00+00:00
[2026-02-18T21:03:23.412+0000] {processor.py:183} INFO - Processing /opt/airflow/dags/main.py took 0.162 seconds
[2026-02-18T21:03:53.704+0000] {processor.py:161} INFO - Started process (PID=661) to work on /opt/airflow/dags/main.py
[2026-02-18T21:03:53.705+0000] {processor.py:830} INFO - Processing file /opt/airflow/dags/main.py for tasks to queue
[2026-02-18T21:03:53.707+0000] {logging_mixin.py:188} INFO - [2026-02-18T21:03:53.706+0000] {dagbag.py:545} INFO - Filling up the DagBag from /opt/airflow/dags/main.py
[2026-02-18T21:03:53.782+0000] {processor.py:840} INFO - DAG(s) 'update_db', 'produce_json' retrieved from /opt/airflow/dags/main.py
[2026-02-18T21:03:53.810+0000] {logging_mixin.py:188} INFO - [2026-02-18T21:03:53.809+0000] {dag.py:3096} INFO - Sync 2 DAGs
[2026-02-18T21:03:53.829+0000] {logging_mixin.py:188} INFO - [2026-02-18T21:03:53.829+0000] {dag.py:3954} INFO - Setting next_dagrun for produce_json to 2026-02-17 14:00:00+00:00, run_after=2026-02-18 14:00:00+00:00
[2026-02-18T21:03:53.835+0000] {logging_mixin.py:188} INFO - [2026-02-18T21:03:53.835+0000] {dag.py:3954} INFO - Setting next_dagrun for update_db to 2026-02-17 15:00:00+00:00, run_after=2026-02-18 15:00:00+00:00
[2026-02-18T21:03:53.854+0000] {processor.py:183} INFO - Processing /opt/airflow/dags/main.py took 0.155 seconds
[2026-02-18T21:04:23.994+0000] {processor.py:161} INFO - Started process (PID=668) to work on /opt/airflow/dags/main.py
[2026-02-18T21:04:23.996+0000] {processor.py:830} INFO - Processing file /opt/airflow/dags/main.py for tasks to queue
[2026-02-18T21:04:24.009+0000] {logging_mixin.py:188} INFO - [2026-02-18T21:04:24.008+0000] {dagbag.py:545} INFO - Filling up the DagBag from /opt/airflow/dags/main.py
[2026-02-18T21:04:24.134+0000] {processor.py:840} INFO - DAG(s) 'produce_json', 'update_db' retrieved from /opt/airflow/dags/main.py
[2026-02-18T21:04:24.164+0000] {logging_mixin.py:188} INFO - [2026-02-18T21:04:24.164+0000] {dag.py:3096} INFO - Sync 2 DAGs
[2026-02-18T21:04:24.185+0000] {logging_mixin.py:188} INFO - [2026-02-18T21:04:24.185+0000] {dag.py:3954} INFO - Setting next_dagrun for produce_json to 2026-02-17 14:00:00+00:00, run_after=2026-02-18 14:00:00+00:00
[2026-02-18T21:04:24.190+0000] {logging_mixin.py:188} INFO - [2026-02-18T21:04:24.190+0000] {dag.py:3954} INFO - Setting next_dagrun for update_db to 2026-02-17 15:00:00+00:00, run_after=2026-02-18 15:00:00+00:00
[2026-02-18T21:04:24.208+0000] {processor.py:183} INFO - Processing /opt/airflow/dags/main.py took 0.226 seconds
[2026-02-18T21:04:54.357+0000] {processor.py:161} INFO - Started process (PID=676) to work on /opt/airflow/dags/main.py
[2026-02-18T21:04:54.359+0000] {processor.py:830} INFO - Processing file /opt/airflow/dags/main.py for tasks to queue
[2026-02-18T21:04:54.360+0000] {logging_mixin.py:188} INFO - [2026-02-18T21:04:54.360+0000] {dagbag.py:545} INFO - Filling up the DagBag from /opt/airflow/dags/main.py
[2026-02-18T21:04:54.452+0000] {processor.py:840} INFO - DAG(s) 'update_db', 'produce_json' retrieved from /opt/airflow/dags/main.py
[2026-02-18T21:04:54.482+0000] {logging_mixin.py:188} INFO - [2026-02-18T21:04:54.482+0000] {dag.py:3096} INFO - Sync 2 DAGs
[2026-02-18T21:04:54.503+0000] {logging_mixin.py:188} INFO - [2026-02-18T21:04:54.502+0000] {dag.py:3954} INFO - Setting next_dagrun for produce_json to 2026-02-17 14:00:00+00:00, run_after=2026-02-18 14:00:00+00:00
[2026-02-18T21:04:54.507+0000] {logging_mixin.py:188} INFO - [2026-02-18T21:04:54.507+0000] {dag.py:3954} INFO - Setting next_dagrun for update_db to 2026-02-17 15:00:00+00:00, run_after=2026-02-18 15:00:00+00:00
[2026-02-18T21:04:54.526+0000] {processor.py:183} INFO - Processing /opt/airflow/dags/main.py took 0.174 seconds
[2026-02-18T21:05:24.800+0000] {processor.py:161} INFO - Started process (PID=683) to work on /opt/airflow/dags/main.py
[2026-02-18T21:05:24.801+0000] {processor.py:830} INFO - Processing file /opt/airflow/dags/main.py for tasks to queue
[2026-02-18T21:05:24.803+0000] {logging_mixin.py:188} INFO - [2026-02-18T21:05:24.803+0000] {dagbag.py:545} INFO - Filling up the DagBag from /opt/airflow/dags/main.py
[2026-02-18T21:05:24.883+0000] {processor.py:840} INFO - DAG(s) 'update_db', 'produce_json' retrieved from /opt/airflow/dags/main.py
[2026-02-18T21:05:24.913+0000] {logging_mixin.py:188} INFO - [2026-02-18T21:05:24.913+0000] {dag.py:3096} INFO - Sync 2 DAGs
[2026-02-18T21:05:24.936+0000] {logging_mixin.py:188} INFO - [2026-02-18T21:05:24.935+0000] {dag.py:3954} INFO - Setting next_dagrun for produce_json to 2026-02-17 14:00:00+00:00, run_after=2026-02-18 14:00:00+00:00
[2026-02-18T21:05:24.941+0000] {logging_mixin.py:188} INFO - [2026-02-18T21:05:24.940+0000] {dag.py:3954} INFO - Setting next_dagrun for update_db to 2026-02-17 15:00:00+00:00, run_after=2026-02-18 15:00:00+00:00
[2026-02-18T21:05:24.970+0000] {processor.py:183} INFO - Processing /opt/airflow/dags/main.py took 0.175 seconds
[2026-02-18T21:05:55.048+0000] {processor.py:161} INFO - Started process (PID=690) to work on /opt/airflow/dags/main.py
[2026-02-18T21:05:55.049+0000] {processor.py:830} INFO - Processing file /opt/airflow/dags/main.py for tasks to queue
[2026-02-18T21:05:55.051+0000] {logging_mixin.py:188} INFO - [2026-02-18T21:05:55.051+0000] {dagbag.py:545} INFO - Filling up the DagBag from /opt/airflow/dags/main.py
[2026-02-18T21:05:55.124+0000] {processor.py:840} INFO - DAG(s) 'produce_json', 'update_db' retrieved from /opt/airflow/dags/main.py
[2026-02-18T21:05:55.154+0000] {logging_mixin.py:188} INFO - [2026-02-18T21:05:55.154+0000] {dag.py:3096} INFO - Sync 2 DAGs
[2026-02-18T21:05:55.177+0000] {logging_mixin.py:188} INFO - [2026-02-18T21:05:55.177+0000] {dag.py:3954} INFO - Setting next_dagrun for produce_json to 2026-02-17 14:00:00+00:00, run_after=2026-02-18 14:00:00+00:00
[2026-02-18T21:05:55.184+0000] {logging_mixin.py:188} INFO - [2026-02-18T21:05:55.183+0000] {dag.py:3954} INFO - Setting next_dagrun for update_db to 2026-02-17 15:00:00+00:00, run_after=2026-02-18 15:00:00+00:00
[2026-02-18T21:05:55.213+0000] {processor.py:183} INFO - Processing /opt/airflow/dags/main.py took 0.170 seconds
[2026-02-18T21:06:25.495+0000] {processor.py:161} INFO - Started process (PID=697) to work on /opt/airflow/dags/main.py
[2026-02-18T21:06:25.496+0000] {processor.py:830} INFO - Processing file /opt/airflow/dags/main.py for tasks to queue
[2026-02-18T21:06:25.499+0000] {logging_mixin.py:188} INFO - [2026-02-18T21:06:25.499+0000] {dagbag.py:545} INFO - Filling up the DagBag from /opt/airflow/dags/main.py
[2026-02-18T21:06:25.587+0000] {processor.py:840} INFO - DAG(s) 'produce_json', 'update_db' retrieved from /opt/airflow/dags/main.py
[2026-02-18T21:06:25.616+0000] {logging_mixin.py:188} INFO - [2026-02-18T21:06:25.616+0000] {dag.py:3096} INFO - Sync 2 DAGs
[2026-02-18T21:06:25.641+0000] {logging_mixin.py:188} INFO - [2026-02-18T21:06:25.641+0000] {dag.py:3954} INFO - Setting next_dagrun for produce_json to 2026-02-17 14:00:00+00:00, run_after=2026-02-18 14:00:00+00:00
[2026-02-18T21:06:25.646+0000] {logging_mixin.py:188} INFO - [2026-02-18T21:06:25.646+0000] {dag.py:3954} INFO - Setting next_dagrun for update_db to 2026-02-17 15:00:00+00:00, run_after=2026-02-18 15:00:00+00:00
[2026-02-18T21:06:25.665+0000] {processor.py:183} INFO - Processing /opt/airflow/dags/main.py took 0.175 seconds
[2026-02-18T21:06:55.803+0000] {processor.py:161} INFO - Started process (PID=704) to work on /opt/airflow/dags/main.py
[2026-02-18T21:06:55.804+0000] {processor.py:830} INFO - Processing file /opt/airflow/dags/main.py for tasks to queue
[2026-02-18T21:06:55.806+0000] {logging_mixin.py:188} INFO - [2026-02-18T21:06:55.806+0000] {dagbag.py:545} INFO - Filling up the DagBag from /opt/airflow/dags/main.py
[2026-02-18T21:06:55.874+0000] {processor.py:840} INFO - DAG(s) 'produce_json', 'update_db' retrieved from /opt/airflow/dags/main.py
[2026-02-18T21:06:55.912+0000] {logging_mixin.py:188} INFO - [2026-02-18T21:06:55.912+0000] {dag.py:3096} INFO - Sync 2 DAGs
[2026-02-18T21:06:55.935+0000] {logging_mixin.py:188} INFO - [2026-02-18T21:06:55.935+0000] {dag.py:3954} INFO - Setting next_dagrun for produce_json to 2026-02-17 14:00:00+00:00, run_after=2026-02-18 14:00:00+00:00
[2026-02-18T21:06:55.941+0000] {logging_mixin.py:188} INFO - [2026-02-18T21:06:55.941+0000] {dag.py:3954} INFO - Setting next_dagrun for update_db to 2026-02-17 15:00:00+00:00, run_after=2026-02-18 15:00:00+00:00
[2026-02-18T21:06:55.971+0000] {processor.py:183} INFO - Processing /opt/airflow/dags/main.py took 0.174 seconds
[2026-02-18T21:07:26.221+0000] {processor.py:161} INFO - Started process (PID=711) to work on /opt/airflow/dags/main.py
[2026-02-18T21:07:26.222+0000] {processor.py:830} INFO - Processing file /opt/airflow/dags/main.py for tasks to queue
[2026-02-18T21:07:26.224+0000] {logging_mixin.py:188} INFO - [2026-02-18T21:07:26.223+0000] {dagbag.py:545} INFO - Filling up the DagBag from /opt/airflow/dags/main.py
[2026-02-18T21:07:26.301+0000] {processor.py:840} INFO - DAG(s) 'produce_json', 'update_db' retrieved from /opt/airflow/dags/main.py
[2026-02-18T21:07:26.333+0000] {logging_mixin.py:188} INFO - [2026-02-18T21:07:26.333+0000] {dag.py:3096} INFO - Sync 2 DAGs
[2026-02-18T21:07:26.357+0000] {logging_mixin.py:188} INFO - [2026-02-18T21:07:26.357+0000] {dag.py:3954} INFO - Setting next_dagrun for produce_json to 2026-02-17 14:00:00+00:00, run_after=2026-02-18 14:00:00+00:00
[2026-02-18T21:07:26.362+0000] {logging_mixin.py:188} INFO - [2026-02-18T21:07:26.362+0000] {dag.py:3954} INFO - Setting next_dagrun for update_db to 2026-02-17 15:00:00+00:00, run_after=2026-02-18 15:00:00+00:00
[2026-02-18T21:07:26.395+0000] {processor.py:183} INFO - Processing /opt/airflow/dags/main.py took 0.180 seconds
[2026-02-18T21:07:56.629+0000] {processor.py:161} INFO - Started process (PID=718) to work on /opt/airflow/dags/main.py
[2026-02-18T21:07:56.630+0000] {processor.py:830} INFO - Processing file /opt/airflow/dags/main.py for tasks to queue
[2026-02-18T21:07:56.632+0000] {logging_mixin.py:188} INFO - [2026-02-18T21:07:56.632+0000] {dagbag.py:545} INFO - Filling up the DagBag from /opt/airflow/dags/main.py
[2026-02-18T21:07:56.700+0000] {processor.py:840} INFO - DAG(s) 'produce_json', 'update_db' retrieved from /opt/airflow/dags/main.py
[2026-02-18T21:07:56.730+0000] {logging_mixin.py:188} INFO - [2026-02-18T21:07:56.730+0000] {dag.py:3096} INFO - Sync 2 DAGs
[2026-02-18T21:07:56.750+0000] {logging_mixin.py:188} INFO - [2026-02-18T21:07:56.750+0000] {dag.py:3954} INFO - Setting next_dagrun for produce_json to 2026-02-17 14:00:00+00:00, run_after=2026-02-18 14:00:00+00:00
[2026-02-18T21:07:56.756+0000] {logging_mixin.py:188} INFO - [2026-02-18T21:07:56.755+0000] {dag.py:3954} INFO - Setting next_dagrun for update_db to 2026-02-17 15:00:00+00:00, run_after=2026-02-18 15:00:00+00:00
[2026-02-18T21:07:56.772+0000] {processor.py:183} INFO - Processing /opt/airflow/dags/main.py took 0.148 seconds
[2026-02-18T21:08:26.944+0000] {processor.py:161} INFO - Started process (PID=726) to work on /opt/airflow/dags/main.py
[2026-02-18T21:08:26.946+0000] {processor.py:830} INFO - Processing file /opt/airflow/dags/main.py for tasks to queue
[2026-02-18T21:08:26.947+0000] {logging_mixin.py:188} INFO - [2026-02-18T21:08:26.947+0000] {dagbag.py:545} INFO - Filling up the DagBag from /opt/airflow/dags/main.py
[2026-02-18T21:08:27.016+0000] {processor.py:840} INFO - DAG(s) 'update_db', 'produce_json' retrieved from /opt/airflow/dags/main.py
[2026-02-18T21:08:27.046+0000] {logging_mixin.py:188} INFO - [2026-02-18T21:08:27.046+0000] {dag.py:3096} INFO - Sync 2 DAGs
[2026-02-18T21:08:27.065+0000] {logging_mixin.py:188} INFO - [2026-02-18T21:08:27.065+0000] {dag.py:3954} INFO - Setting next_dagrun for produce_json to 2026-02-17 14:00:00+00:00, run_after=2026-02-18 14:00:00+00:00
[2026-02-18T21:08:27.070+0000] {logging_mixin.py:188} INFO - [2026-02-18T21:08:27.070+0000] {dag.py:3954} INFO - Setting next_dagrun for update_db to 2026-02-17 15:00:00+00:00, run_after=2026-02-18 15:00:00+00:00
[2026-02-18T21:08:27.099+0000] {processor.py:183} INFO - Processing /opt/airflow/dags/main.py took 0.160 seconds
[2026-02-18T21:08:57.254+0000] {processor.py:161} INFO - Started process (PID=734) to work on /opt/airflow/dags/main.py
[2026-02-18T21:08:57.255+0000] {processor.py:830} INFO - Processing file /opt/airflow/dags/main.py for tasks to queue
[2026-02-18T21:08:57.257+0000] {logging_mixin.py:188} INFO - [2026-02-18T21:08:57.257+0000] {dagbag.py:545} INFO - Filling up the DagBag from /opt/airflow/dags/main.py
[2026-02-18T21:08:57.319+0000] {processor.py:840} INFO - DAG(s) 'update_db', 'produce_json' retrieved from /opt/airflow/dags/main.py
[2026-02-18T21:08:57.346+0000] {logging_mixin.py:188} INFO - [2026-02-18T21:08:57.346+0000] {dag.py:3096} INFO - Sync 2 DAGs
[2026-02-18T21:08:57.366+0000] {logging_mixin.py:188} INFO - [2026-02-18T21:08:57.365+0000] {dag.py:3954} INFO - Setting next_dagrun for produce_json to 2026-02-17 14:00:00+00:00, run_after=2026-02-18 14:00:00+00:00
[2026-02-18T21:08:57.371+0000] {logging_mixin.py:188} INFO - [2026-02-18T21:08:57.370+0000] {dag.py:3954} INFO - Setting next_dagrun for update_db to 2026-02-17 15:00:00+00:00, run_after=2026-02-18 15:00:00+00:00
[2026-02-18T21:08:57.399+0000] {processor.py:183} INFO - Processing /opt/airflow/dags/main.py took 0.152 seconds
[2026-02-18T21:09:27.635+0000] {processor.py:161} INFO - Started process (PID=741) to work on /opt/airflow/dags/main.py
[2026-02-18T21:09:27.636+0000] {processor.py:830} INFO - Processing file /opt/airflow/dags/main.py for tasks to queue
[2026-02-18T21:09:27.638+0000] {logging_mixin.py:188} INFO - [2026-02-18T21:09:27.638+0000] {dagbag.py:545} INFO - Filling up the DagBag from /opt/airflow/dags/main.py
[2026-02-18T21:09:27.707+0000] {processor.py:840} INFO - DAG(s) 'produce_json', 'update_db' retrieved from /opt/airflow/dags/main.py
[2026-02-18T21:09:27.734+0000] {logging_mixin.py:188} INFO - [2026-02-18T21:09:27.734+0000] {dag.py:3096} INFO - Sync 2 DAGs
[2026-02-18T21:09:27.753+0000] {logging_mixin.py:188} INFO - [2026-02-18T21:09:27.753+0000] {dag.py:3954} INFO - Setting next_dagrun for produce_json to 2026-02-17 14:00:00+00:00, run_after=2026-02-18 14:00:00+00:00
[2026-02-18T21:09:27.758+0000] {logging_mixin.py:188} INFO - [2026-02-18T21:09:27.758+0000] {dag.py:3954} INFO - Setting next_dagrun for update_db to 2026-02-17 15:00:00+00:00, run_after=2026-02-18 15:00:00+00:00
[2026-02-18T21:09:27.787+0000] {processor.py:183} INFO - Processing /opt/airflow/dags/main.py took 0.158 seconds
[2026-02-18T21:09:57.954+0000] {processor.py:161} INFO - Started process (PID=748) to work on /opt/airflow/dags/main.py
[2026-02-18T21:09:57.955+0000] {processor.py:830} INFO - Processing file /opt/airflow/dags/main.py for tasks to queue
[2026-02-18T21:09:57.958+0000] {logging_mixin.py:188} INFO - [2026-02-18T21:09:57.957+0000] {dagbag.py:545} INFO - Filling up the DagBag from /opt/airflow/dags/main.py
[2026-02-18T21:09:58.027+0000] {processor.py:840} INFO - DAG(s) 'update_db', 'produce_json' retrieved from /opt/airflow/dags/main.py
[2026-02-18T21:09:58.055+0000] {logging_mixin.py:188} INFO - [2026-02-18T21:09:58.055+0000] {dag.py:3096} INFO - Sync 2 DAGs
[2026-02-18T21:09:58.078+0000] {logging_mixin.py:188} INFO - [2026-02-18T21:09:58.077+0000] {dag.py:3954} INFO - Setting next_dagrun for produce_json to 2026-02-17 14:00:00+00:00, run_after=2026-02-18 14:00:00+00:00
[2026-02-18T21:09:58.084+0000] {logging_mixin.py:188} INFO - [2026-02-18T21:09:58.084+0000] {dag.py:3954} INFO - Setting next_dagrun for update_db to 2026-02-17 15:00:00+00:00, run_after=2026-02-18 15:00:00+00:00
[2026-02-18T21:09:58.103+0000] {processor.py:183} INFO - Processing /opt/airflow/dags/main.py took 0.154 seconds
[2026-02-18T21:10:28.328+0000] {processor.py:161} INFO - Started process (PID=755) to work on /opt/airflow/dags/main.py
[2026-02-18T21:10:28.329+0000] {processor.py:830} INFO - Processing file /opt/airflow/dags/main.py for tasks to queue
[2026-02-18T21:10:28.331+0000] {logging_mixin.py:188} INFO - [2026-02-18T21:10:28.330+0000] {dagbag.py:545} INFO - Filling up the DagBag from /opt/airflow/dags/main.py
[2026-02-18T21:10:28.401+0000] {processor.py:840} INFO - DAG(s) 'produce_json', 'update_db' retrieved from /opt/airflow/dags/main.py
[2026-02-18T21:10:28.428+0000] {logging_mixin.py:188} INFO - [2026-02-18T21:10:28.428+0000] {dag.py:3096} INFO - Sync 2 DAGs
[2026-02-18T21:10:28.448+0000] {logging_mixin.py:188} INFO - [2026-02-18T21:10:28.448+0000] {dag.py:3954} INFO - Setting next_dagrun for produce_json to 2026-02-17 14:00:00+00:00, run_after=2026-02-18 14:00:00+00:00
[2026-02-18T21:10:28.453+0000] {logging_mixin.py:188} INFO - [2026-02-18T21:10:28.453+0000] {dag.py:3954} INFO - Setting next_dagrun for update_db to 2026-02-17 15:00:00+00:00, run_after=2026-02-18 15:00:00+00:00
[2026-02-18T21:10:28.480+0000] {processor.py:183} INFO - Processing /opt/airflow/dags/main.py took 0.157 seconds
[2026-02-18T21:10:58.648+0000] {processor.py:161} INFO - Started process (PID=762) to work on /opt/airflow/dags/main.py
[2026-02-18T21:10:58.649+0000] {processor.py:830} INFO - Processing file /opt/airflow/dags/main.py for tasks to queue
[2026-02-18T21:10:58.652+0000] {logging_mixin.py:188} INFO - [2026-02-18T21:10:58.651+0000] {dagbag.py:545} INFO - Filling up the DagBag from /opt/airflow/dags/main.py
[2026-02-18T21:10:58.732+0000] {processor.py:840} INFO - DAG(s) 'produce_json', 'update_db' retrieved from /opt/airflow/dags/main.py
[2026-02-18T21:10:58.768+0000] {logging_mixin.py:188} INFO - [2026-02-18T21:10:58.767+0000] {dag.py:3096} INFO - Sync 2 DAGs
[2026-02-18T21:10:58.794+0000] {logging_mixin.py:188} INFO - [2026-02-18T21:10:58.794+0000] {dag.py:3954} INFO - Setting next_dagrun for produce_json to 2026-02-17 14:00:00+00:00, run_after=2026-02-18 14:00:00+00:00
[2026-02-18T21:10:58.802+0000] {logging_mixin.py:188} INFO - [2026-02-18T21:10:58.802+0000] {dag.py:3954} INFO - Setting next_dagrun for update_db to 2026-02-17 15:00:00+00:00, run_after=2026-02-18 15:00:00+00:00
[2026-02-18T21:10:58.825+0000] {processor.py:183} INFO - Processing /opt/airflow/dags/main.py took 0.186 seconds
[2026-02-18T21:11:29.011+0000] {processor.py:161} INFO - Started process (PID=769) to work on /opt/airflow/dags/main.py
[2026-02-18T21:11:29.012+0000] {processor.py:830} INFO - Processing file /opt/airflow/dags/main.py for tasks to queue
[2026-02-18T21:11:29.015+0000] {logging_mixin.py:188} INFO - [2026-02-18T21:11:29.015+0000] {dagbag.py:545} INFO - Filling up the DagBag from /opt/airflow/dags/main.py
[2026-02-18T21:11:29.101+0000] {processor.py:840} INFO - DAG(s) 'update_db', 'produce_json' retrieved from /opt/airflow/dags/main.py
[2026-02-18T21:11:29.130+0000] {logging_mixin.py:188} INFO - [2026-02-18T21:11:29.130+0000] {dag.py:3096} INFO - Sync 2 DAGs
[2026-02-18T21:11:29.149+0000] {logging_mixin.py:188} INFO - [2026-02-18T21:11:29.149+0000] {dag.py:3954} INFO - Setting next_dagrun for produce_json to 2026-02-17 14:00:00+00:00, run_after=2026-02-18 14:00:00+00:00
[2026-02-18T21:11:29.154+0000] {logging_mixin.py:188} INFO - [2026-02-18T21:11:29.154+0000] {dag.py:3954} INFO - Setting next_dagrun for update_db to 2026-02-17 15:00:00+00:00, run_after=2026-02-18 15:00:00+00:00
[2026-02-18T21:11:29.182+0000] {processor.py:183} INFO - Processing /opt/airflow/dags/main.py took 0.176 seconds
[2026-02-18T21:11:59.358+0000] {processor.py:161} INFO - Started process (PID=776) to work on /opt/airflow/dags/main.py
[2026-02-18T21:11:59.359+0000] {processor.py:830} INFO - Processing file /opt/airflow/dags/main.py for tasks to queue
[2026-02-18T21:11:59.361+0000] {logging_mixin.py:188} INFO - [2026-02-18T21:11:59.361+0000] {dagbag.py:545} INFO - Filling up the DagBag from /opt/airflow/dags/main.py
[2026-02-18T21:11:59.445+0000] {processor.py:840} INFO - DAG(s) 'produce_json', 'update_db' retrieved from /opt/airflow/dags/main.py
[2026-02-18T21:11:59.474+0000] {logging_mixin.py:188} INFO - [2026-02-18T21:11:59.474+0000] {dag.py:3096} INFO - Sync 2 DAGs
[2026-02-18T21:11:59.494+0000] {logging_mixin.py:188} INFO - [2026-02-18T21:11:59.493+0000] {dag.py:3954} INFO - Setting next_dagrun for produce_json to 2026-02-17 14:00:00+00:00, run_after=2026-02-18 14:00:00+00:00
[2026-02-18T21:11:59.498+0000] {logging_mixin.py:188} INFO - [2026-02-18T21:11:59.498+0000] {dag.py:3954} INFO - Setting next_dagrun for update_db to 2026-02-17 15:00:00+00:00, run_after=2026-02-18 15:00:00+00:00
[2026-02-18T21:11:59.516+0000] {processor.py:183} INFO - Processing /opt/airflow/dags/main.py took 0.166 seconds
[2026-02-18T21:12:29.689+0000] {processor.py:161} INFO - Started process (PID=783) to work on /opt/airflow/dags/main.py
[2026-02-18T21:12:29.690+0000] {processor.py:830} INFO - Processing file /opt/airflow/dags/main.py for tasks to queue
[2026-02-18T21:12:29.692+0000] {logging_mixin.py:188} INFO - [2026-02-18T21:12:29.692+0000] {dagbag.py:545} INFO - Filling up the DagBag from /opt/airflow/dags/main.py
[2026-02-18T21:12:29.775+0000] {processor.py:840} INFO - DAG(s) 'update_db', 'produce_json' retrieved from /opt/airflow/dags/main.py
[2026-02-18T21:12:29.805+0000] {logging_mixin.py:188} INFO - [2026-02-18T21:12:29.805+0000] {dag.py:3096} INFO - Sync 2 DAGs
[2026-02-18T21:12:29.826+0000] {logging_mixin.py:188} INFO - [2026-02-18T21:12:29.826+0000] {dag.py:3954} INFO - Setting next_dagrun for produce_json to 2026-02-17 14:00:00+00:00, run_after=2026-02-18 14:00:00+00:00
[2026-02-18T21:12:29.831+0000] {logging_mixin.py:188} INFO - [2026-02-18T21:12:29.831+0000] {dag.py:3954} INFO - Setting next_dagrun for update_db to 2026-02-17 15:00:00+00:00, run_after=2026-02-18 15:00:00+00:00
[2026-02-18T21:12:29.850+0000] {processor.py:183} INFO - Processing /opt/airflow/dags/main.py took 0.166 seconds
[2026-02-18T21:13:00.111+0000] {processor.py:161} INFO - Started process (PID=790) to work on /opt/airflow/dags/main.py
[2026-02-18T21:13:00.118+0000] {processor.py:830} INFO - Processing file /opt/airflow/dags/main.py for tasks to queue
[2026-02-18T21:13:00.122+0000] {logging_mixin.py:188} INFO - [2026-02-18T21:13:00.122+0000] {dagbag.py:545} INFO - Filling up the DagBag from /opt/airflow/dags/main.py
[2026-02-18T21:13:00.210+0000] {processor.py:840} INFO - DAG(s) 'update_db', 'produce_json' retrieved from /opt/airflow/dags/main.py
[2026-02-18T21:13:00.238+0000] {logging_mixin.py:188} INFO - [2026-02-18T21:13:00.237+0000] {dag.py:3096} INFO - Sync 2 DAGs
[2026-02-18T21:13:00.258+0000] {logging_mixin.py:188} INFO - [2026-02-18T21:13:00.257+0000] {dag.py:3954} INFO - Setting next_dagrun for produce_json to 2026-02-17 14:00:00+00:00, run_after=2026-02-18 14:00:00+00:00
[2026-02-18T21:13:00.262+0000] {logging_mixin.py:188} INFO - [2026-02-18T21:13:00.262+0000] {dag.py:3954} INFO - Setting next_dagrun for update_db to 2026-02-17 15:00:00+00:00, run_after=2026-02-18 15:00:00+00:00
[2026-02-18T21:13:00.289+0000] {processor.py:183} INFO - Processing /opt/airflow/dags/main.py took 0.185 seconds
[2026-02-18T21:13:30.405+0000] {processor.py:161} INFO - Started process (PID=797) to work on /opt/airflow/dags/main.py
[2026-02-18T21:13:30.406+0000] {processor.py:830} INFO - Processing file /opt/airflow/dags/main.py for tasks to queue
[2026-02-18T21:13:30.408+0000] {logging_mixin.py:188} INFO - [2026-02-18T21:13:30.408+0000] {dagbag.py:545} INFO - Filling up the DagBag from /opt/airflow/dags/main.py
[2026-02-18T21:13:30.476+0000] {processor.py:840} INFO - DAG(s) 'produce_json', 'update_db' retrieved from /opt/airflow/dags/main.py
[2026-02-18T21:13:30.505+0000] {logging_mixin.py:188} INFO - [2026-02-18T21:13:30.505+0000] {dag.py:3096} INFO - Sync 2 DAGs
[2026-02-18T21:13:30.532+0000] {logging_mixin.py:188} INFO - [2026-02-18T21:13:30.532+0000] {dag.py:3954} INFO - Setting next_dagrun for produce_json to 2026-02-17 14:00:00+00:00, run_after=2026-02-18 14:00:00+00:00
[2026-02-18T21:13:30.537+0000] {logging_mixin.py:188} INFO - [2026-02-18T21:13:30.537+0000] {dag.py:3954} INFO - Setting next_dagrun for update_db to 2026-02-17 15:00:00+00:00, run_after=2026-02-18 15:00:00+00:00
[2026-02-18T21:13:30.565+0000] {processor.py:183} INFO - Processing /opt/airflow/dags/main.py took 0.166 seconds
[2026-02-18T21:14:00.835+0000] {processor.py:161} INFO - Started process (PID=804) to work on /opt/airflow/dags/main.py
[2026-02-18T21:14:00.836+0000] {processor.py:830} INFO - Processing file /opt/airflow/dags/main.py for tasks to queue
[2026-02-18T21:14:00.839+0000] {logging_mixin.py:188} INFO - [2026-02-18T21:14:00.838+0000] {dagbag.py:545} INFO - Filling up the DagBag from /opt/airflow/dags/main.py
[2026-02-18T21:14:00.906+0000] {processor.py:840} INFO - DAG(s) 'produce_json', 'update_db' retrieved from /opt/airflow/dags/main.py
[2026-02-18T21:14:00.933+0000] {logging_mixin.py:188} INFO - [2026-02-18T21:14:00.933+0000] {dag.py:3096} INFO - Sync 2 DAGs
[2026-02-18T21:14:00.958+0000] {logging_mixin.py:188} INFO - [2026-02-18T21:14:00.958+0000] {dag.py:3954} INFO - Setting next_dagrun for produce_json to 2026-02-17 14:00:00+00:00, run_after=2026-02-18 14:00:00+00:00
[2026-02-18T21:14:00.963+0000] {logging_mixin.py:188} INFO - [2026-02-18T21:14:00.963+0000] {dag.py:3954} INFO - Setting next_dagrun for update_db to 2026-02-17 15:00:00+00:00, run_after=2026-02-18 15:00:00+00:00
[2026-02-18T21:14:00.981+0000] {processor.py:183} INFO - Processing /opt/airflow/dags/main.py took 0.151 seconds
[2026-02-18T21:14:31.132+0000] {processor.py:161} INFO - Started process (PID=811) to work on /opt/airflow/dags/main.py
[2026-02-18T21:14:31.133+0000] {processor.py:830} INFO - Processing file /opt/airflow/dags/main.py for tasks to queue
[2026-02-18T21:14:31.135+0000] {logging_mixin.py:188} INFO - [2026-02-18T21:14:31.135+0000] {dagbag.py:545} INFO - Filling up the DagBag from /opt/airflow/dags/main.py
[2026-02-18T21:14:31.201+0000] {processor.py:840} INFO - DAG(s) 'produce_json', 'update_db' retrieved from /opt/airflow/dags/main.py
[2026-02-18T21:14:31.229+0000] {logging_mixin.py:188} INFO - [2026-02-18T21:14:31.229+0000] {dag.py:3096} INFO - Sync 2 DAGs
[2026-02-18T21:14:31.248+0000] {logging_mixin.py:188} INFO - [2026-02-18T21:14:31.248+0000] {dag.py:3954} INFO - Setting next_dagrun for produce_json to 2026-02-17 14:00:00+00:00, run_after=2026-02-18 14:00:00+00:00
[2026-02-18T21:14:31.253+0000] {logging_mixin.py:188} INFO - [2026-02-18T21:14:31.252+0000] {dag.py:3954} INFO - Setting next_dagrun for update_db to 2026-02-17 15:00:00+00:00, run_after=2026-02-18 15:00:00+00:00
[2026-02-18T21:14:31.281+0000] {processor.py:183} INFO - Processing /opt/airflow/dags/main.py took 0.155 seconds
[2026-02-18T21:15:01.498+0000] {processor.py:161} INFO - Started process (PID=818) to work on /opt/airflow/dags/main.py
[2026-02-18T21:15:01.500+0000] {processor.py:830} INFO - Processing file /opt/airflow/dags/main.py for tasks to queue
[2026-02-18T21:15:01.502+0000] {logging_mixin.py:188} INFO - [2026-02-18T21:15:01.501+0000] {dagbag.py:545} INFO - Filling up the DagBag from /opt/airflow/dags/main.py
[2026-02-18T21:15:01.570+0000] {processor.py:840} INFO - DAG(s) 'update_db', 'produce_json' retrieved from /opt/airflow/dags/main.py
[2026-02-18T21:15:01.597+0000] {logging_mixin.py:188} INFO - [2026-02-18T21:15:01.597+0000] {dag.py:3096} INFO - Sync 2 DAGs
[2026-02-18T21:15:01.617+0000] {logging_mixin.py:188} INFO - [2026-02-18T21:15:01.616+0000] {dag.py:3954} INFO - Setting next_dagrun for produce_json to 2026-02-17 14:00:00+00:00, run_after=2026-02-18 14:00:00+00:00
[2026-02-18T21:15:01.622+0000] {logging_mixin.py:188} INFO - [2026-02-18T21:15:01.621+0000] {dag.py:3954} INFO - Setting next_dagrun for update_db to 2026-02-17 15:00:00+00:00, run_after=2026-02-18 15:00:00+00:00
[2026-02-18T21:15:01.640+0000] {processor.py:183} INFO - Processing /opt/airflow/dags/main.py took 0.147 seconds
[2026-02-18T21:15:31.820+0000] {processor.py:161} INFO - Started process (PID=825) to work on /opt/airflow/dags/main.py
[2026-02-18T21:15:31.821+0000] {processor.py:830} INFO - Processing file /opt/airflow/dags/main.py for tasks to queue
[2026-02-18T21:15:31.823+0000] {logging_mixin.py:188} INFO - [2026-02-18T21:15:31.823+0000] {dagbag.py:545} INFO - Filling up the DagBag from /opt/airflow/dags/main.py
[2026-02-18T21:15:31.895+0000] {processor.py:840} INFO - DAG(s) 'produce_json', 'update_db' retrieved from /opt/airflow/dags/main.py
[2026-02-18T21:15:31.924+0000] {logging_mixin.py:188} INFO - [2026-02-18T21:15:31.924+0000] {dag.py:3096} INFO - Sync 2 DAGs
[2026-02-18T21:15:31.944+0000] {logging_mixin.py:188} INFO - [2026-02-18T21:15:31.943+0000] {dag.py:3954} INFO - Setting next_dagrun for produce_json to 2026-02-17 14:00:00+00:00, run_after=2026-02-18 14:00:00+00:00
[2026-02-18T21:15:31.950+0000] {logging_mixin.py:188} INFO - [2026-02-18T21:15:31.950+0000] {dag.py:3954} INFO - Setting next_dagrun for update_db to 2026-02-17 15:00:00+00:00, run_after=2026-02-18 15:00:00+00:00
[2026-02-18T21:15:31.981+0000] {processor.py:183} INFO - Processing /opt/airflow/dags/main.py took 0.166 seconds
[2026-02-18T21:16:02.184+0000] {processor.py:161} INFO - Started process (PID=832) to work on /opt/airflow/dags/main.py
[2026-02-18T21:16:02.185+0000] {processor.py:830} INFO - Processing file /opt/airflow/dags/main.py for tasks to queue
[2026-02-18T21:16:02.187+0000] {logging_mixin.py:188} INFO - [2026-02-18T21:16:02.187+0000] {dagbag.py:545} INFO - Filling up the DagBag from /opt/airflow/dags/main.py
[2026-02-18T21:16:02.265+0000] {processor.py:840} INFO - DAG(s) 'produce_json', 'update_db' retrieved from /opt/airflow/dags/main.py
[2026-02-18T21:16:02.298+0000] {logging_mixin.py:188} INFO - [2026-02-18T21:16:02.298+0000] {dag.py:3096} INFO - Sync 2 DAGs
[2026-02-18T21:16:02.323+0000] {logging_mixin.py:188} INFO - [2026-02-18T21:16:02.323+0000] {dag.py:3954} INFO - Setting next_dagrun for produce_json to 2026-02-17 14:00:00+00:00, run_after=2026-02-18 14:00:00+00:00
[2026-02-18T21:16:02.329+0000] {logging_mixin.py:188} INFO - [2026-02-18T21:16:02.329+0000] {dag.py:3954} INFO - Setting next_dagrun for update_db to 2026-02-17 15:00:00+00:00, run_after=2026-02-18 15:00:00+00:00
[2026-02-18T21:16:02.362+0000] {processor.py:183} INFO - Processing /opt/airflow/dags/main.py took 0.185 seconds
[2026-02-18T21:16:32.510+0000] {processor.py:161} INFO - Started process (PID=839) to work on /opt/airflow/dags/main.py
[2026-02-18T21:16:32.512+0000] {processor.py:830} INFO - Processing file /opt/airflow/dags/main.py for tasks to queue
[2026-02-18T21:16:32.514+0000] {logging_mixin.py:188} INFO - [2026-02-18T21:16:32.513+0000] {dagbag.py:545} INFO - Filling up the DagBag from /opt/airflow/dags/main.py
[2026-02-18T21:16:32.589+0000] {processor.py:840} INFO - DAG(s) 'update_db', 'produce_json' retrieved from /opt/airflow/dags/main.py
[2026-02-18T21:16:32.618+0000] {logging_mixin.py:188} INFO - [2026-02-18T21:16:32.617+0000] {dag.py:3096} INFO - Sync 2 DAGs
[2026-02-18T21:16:32.638+0000] {logging_mixin.py:188} INFO - [2026-02-18T21:16:32.638+0000] {dag.py:3954} INFO - Setting next_dagrun for produce_json to 2026-02-17 14:00:00+00:00, run_after=2026-02-18 14:00:00+00:00
[2026-02-18T21:16:32.643+0000] {logging_mixin.py:188} INFO - [2026-02-18T21:16:32.643+0000] {dag.py:3954} INFO - Setting next_dagrun for update_db to 2026-02-17 15:00:00+00:00, run_after=2026-02-18 15:00:00+00:00
[2026-02-18T21:16:32.673+0000] {processor.py:183} INFO - Processing /opt/airflow/dags/main.py took 0.169 seconds
[2026-02-18T21:17:02.912+0000] {processor.py:161} INFO - Started process (PID=847) to work on /opt/airflow/dags/main.py
[2026-02-18T21:17:02.913+0000] {processor.py:830} INFO - Processing file /opt/airflow/dags/main.py for tasks to queue
[2026-02-18T21:17:02.915+0000] {logging_mixin.py:188} INFO - [2026-02-18T21:17:02.915+0000] {dagbag.py:545} INFO - Filling up the DagBag from /opt/airflow/dags/main.py
[2026-02-18T21:17:02.995+0000] {processor.py:840} INFO - DAG(s) 'produce_json', 'update_db' retrieved from /opt/airflow/dags/main.py
[2026-02-18T21:17:03.029+0000] {logging_mixin.py:188} INFO - [2026-02-18T21:17:03.028+0000] {dag.py:3096} INFO - Sync 2 DAGs
[2026-02-18T21:17:03.061+0000] {logging_mixin.py:188} INFO - [2026-02-18T21:17:03.061+0000] {dag.py:3954} INFO - Setting next_dagrun for produce_json to 2026-02-17 14:00:00+00:00, run_after=2026-02-18 14:00:00+00:00
[2026-02-18T21:17:03.068+0000] {logging_mixin.py:188} INFO - [2026-02-18T21:17:03.068+0000] {dag.py:3954} INFO - Setting next_dagrun for update_db to 2026-02-17 15:00:00+00:00, run_after=2026-02-18 15:00:00+00:00
[2026-02-18T21:17:03.096+0000] {processor.py:183} INFO - Processing /opt/airflow/dags/main.py took 0.190 seconds
[2026-02-18T21:17:33.211+0000] {processor.py:161} INFO - Started process (PID=854) to work on /opt/airflow/dags/main.py
[2026-02-18T21:17:33.212+0000] {processor.py:830} INFO - Processing file /opt/airflow/dags/main.py for tasks to queue
[2026-02-18T21:17:33.214+0000] {logging_mixin.py:188} INFO - [2026-02-18T21:17:33.214+0000] {dagbag.py:545} INFO - Filling up the DagBag from /opt/airflow/dags/main.py
[2026-02-18T21:17:33.299+0000] {processor.py:840} INFO - DAG(s) 'update_db', 'produce_json' retrieved from /opt/airflow/dags/main.py
[2026-02-18T21:17:33.330+0000] {logging_mixin.py:188} INFO - [2026-02-18T21:17:33.330+0000] {dag.py:3096} INFO - Sync 2 DAGs
[2026-02-18T21:17:33.349+0000] {logging_mixin.py:188} INFO - [2026-02-18T21:17:33.349+0000] {dag.py:3954} INFO - Setting next_dagrun for produce_json to 2026-02-17 14:00:00+00:00, run_after=2026-02-18 14:00:00+00:00
[2026-02-18T21:17:33.354+0000] {logging_mixin.py:188} INFO - [2026-02-18T21:17:33.354+0000] {dag.py:3954} INFO - Setting next_dagrun for update_db to 2026-02-17 15:00:00+00:00, run_after=2026-02-18 15:00:00+00:00
[2026-02-18T21:17:33.385+0000] {processor.py:183} INFO - Processing /opt/airflow/dags/main.py took 0.180 seconds
[2026-02-18T21:18:03.685+0000] {processor.py:161} INFO - Started process (PID=861) to work on /opt/airflow/dags/main.py
[2026-02-18T21:18:03.686+0000] {processor.py:830} INFO - Processing file /opt/airflow/dags/main.py for tasks to queue
[2026-02-18T21:18:03.688+0000] {logging_mixin.py:188} INFO - [2026-02-18T21:18:03.688+0000] {dagbag.py:545} INFO - Filling up the DagBag from /opt/airflow/dags/main.py
[2026-02-18T21:18:03.755+0000] {processor.py:840} INFO - DAG(s) 'produce_json', 'update_db' retrieved from /opt/airflow/dags/main.py
[2026-02-18T21:18:03.783+0000] {logging_mixin.py:188} INFO - [2026-02-18T21:18:03.782+0000] {dag.py:3096} INFO - Sync 2 DAGs
[2026-02-18T21:18:03.803+0000] {logging_mixin.py:188} INFO - [2026-02-18T21:18:03.802+0000] {dag.py:3954} INFO - Setting next_dagrun for produce_json to 2026-02-17 14:00:00+00:00, run_after=2026-02-18 14:00:00+00:00
[2026-02-18T21:18:03.807+0000] {logging_mixin.py:188} INFO - [2026-02-18T21:18:03.807+0000] {dag.py:3954} INFO - Setting next_dagrun for update_db to 2026-02-17 15:00:00+00:00, run_after=2026-02-18 15:00:00+00:00
[2026-02-18T21:18:03.826+0000] {processor.py:183} INFO - Processing /opt/airflow/dags/main.py took 0.146 seconds
[2026-02-18T21:18:33.965+0000] {processor.py:161} INFO - Started process (PID=868) to work on /opt/airflow/dags/main.py
[2026-02-18T21:18:33.966+0000] {processor.py:830} INFO - Processing file /opt/airflow/dags/main.py for tasks to queue
[2026-02-18T21:18:33.968+0000] {logging_mixin.py:188} INFO - [2026-02-18T21:18:33.968+0000] {dagbag.py:545} INFO - Filling up the DagBag from /opt/airflow/dags/main.py
[2026-02-18T21:18:34.036+0000] {processor.py:840} INFO - DAG(s) 'produce_json', 'update_db' retrieved from /opt/airflow/dags/main.py
[2026-02-18T21:18:34.065+0000] {logging_mixin.py:188} INFO - [2026-02-18T21:18:34.065+0000] {dag.py:3096} INFO - Sync 2 DAGs
[2026-02-18T21:18:34.085+0000] {logging_mixin.py:188} INFO - [2026-02-18T21:18:34.085+0000] {dag.py:3954} INFO - Setting next_dagrun for produce_json to 2026-02-17 14:00:00+00:00, run_after=2026-02-18 14:00:00+00:00
[2026-02-18T21:18:34.090+0000] {logging_mixin.py:188} INFO - [2026-02-18T21:18:34.089+0000] {dag.py:3954} INFO - Setting next_dagrun for update_db to 2026-02-17 15:00:00+00:00, run_after=2026-02-18 15:00:00+00:00
[2026-02-18T21:18:34.110+0000] {processor.py:183} INFO - Processing /opt/airflow/dags/main.py took 0.150 seconds
[2026-02-18T21:19:04.325+0000] {processor.py:161} INFO - Started process (PID=875) to work on /opt/airflow/dags/main.py
[2026-02-18T21:19:04.326+0000] {processor.py:830} INFO - Processing file /opt/airflow/dags/main.py for tasks to queue
[2026-02-18T21:19:04.328+0000] {logging_mixin.py:188} INFO - [2026-02-18T21:19:04.328+0000] {dagbag.py:545} INFO - Filling up the DagBag from /opt/airflow/dags/main.py
[2026-02-18T21:19:04.400+0000] {processor.py:840} INFO - DAG(s) 'produce_json', 'update_db' retrieved from /opt/airflow/dags/main.py
[2026-02-18T21:19:04.427+0000] {logging_mixin.py:188} INFO - [2026-02-18T21:19:04.427+0000] {dag.py:3096} INFO - Sync 2 DAGs
[2026-02-18T21:19:04.448+0000] {logging_mixin.py:188} INFO - [2026-02-18T21:19:04.448+0000] {dag.py:3954} INFO - Setting next_dagrun for produce_json to 2026-02-17 14:00:00+00:00, run_after=2026-02-18 14:00:00+00:00
[2026-02-18T21:19:04.453+0000] {logging_mixin.py:188} INFO - [2026-02-18T21:19:04.453+0000] {dag.py:3954} INFO - Setting next_dagrun for update_db to 2026-02-17 15:00:00+00:00, run_after=2026-02-18 15:00:00+00:00
[2026-02-18T21:19:04.472+0000] {processor.py:183} INFO - Processing /opt/airflow/dags/main.py took 0.152 seconds
[2026-02-18T21:19:34.547+0000] {processor.py:161} INFO - Started process (PID=882) to work on /opt/airflow/dags/main.py
[2026-02-18T21:19:34.548+0000] {processor.py:830} INFO - Processing file /opt/airflow/dags/main.py for tasks to queue
[2026-02-18T21:19:34.550+0000] {logging_mixin.py:188} INFO - [2026-02-18T21:19:34.550+0000] {dagbag.py:545} INFO - Filling up the DagBag from /opt/airflow/dags/main.py
[2026-02-18T21:19:34.617+0000] {processor.py:840} INFO - DAG(s) 'update_db', 'produce_json' retrieved from /opt/airflow/dags/main.py
[2026-02-18T21:19:34.645+0000] {logging_mixin.py:188} INFO - [2026-02-18T21:19:34.645+0000] {dag.py:3096} INFO - Sync 2 DAGs
[2026-02-18T21:19:34.668+0000] {logging_mixin.py:188} INFO - [2026-02-18T21:19:34.667+0000] {dag.py:3954} INFO - Setting next_dagrun for produce_json to 2026-02-17 14:00:00+00:00, run_after=2026-02-18 14:00:00+00:00
[2026-02-18T21:19:34.672+0000] {logging_mixin.py:188} INFO - [2026-02-18T21:19:34.672+0000] {dag.py:3954} INFO - Setting next_dagrun for update_db to 2026-02-17 15:00:00+00:00, run_after=2026-02-18 15:00:00+00:00
[2026-02-18T21:19:34.691+0000] {processor.py:183} INFO - Processing /opt/airflow/dags/main.py took 0.149 seconds
[2026-02-18T21:20:04.796+0000] {processor.py:161} INFO - Started process (PID=889) to work on /opt/airflow/dags/main.py
[2026-02-18T21:20:04.797+0000] {processor.py:830} INFO - Processing file /opt/airflow/dags/main.py for tasks to queue
[2026-02-18T21:20:04.799+0000] {logging_mixin.py:188} INFO - [2026-02-18T21:20:04.799+0000] {dagbag.py:545} INFO - Filling up the DagBag from /opt/airflow/dags/main.py
[2026-02-18T21:20:04.868+0000] {processor.py:840} INFO - DAG(s) 'produce_json', 'update_db' retrieved from /opt/airflow/dags/main.py
[2026-02-18T21:20:04.902+0000] {logging_mixin.py:188} INFO - [2026-02-18T21:20:04.901+0000] {dag.py:3096} INFO - Sync 2 DAGs
[2026-02-18T21:20:04.922+0000] {logging_mixin.py:188} INFO - [2026-02-18T21:20:04.921+0000] {dag.py:3954} INFO - Setting next_dagrun for produce_json to 2026-02-17 14:00:00+00:00, run_after=2026-02-18 14:00:00+00:00
[2026-02-18T21:20:04.927+0000] {logging_mixin.py:188} INFO - [2026-02-18T21:20:04.926+0000] {dag.py:3954} INFO - Setting next_dagrun for update_db to 2026-02-17 15:00:00+00:00, run_after=2026-02-18 15:00:00+00:00
[2026-02-18T21:20:04.945+0000] {processor.py:183} INFO - Processing /opt/airflow/dags/main.py took 0.155 seconds
[2026-02-18T21:20:35.242+0000] {processor.py:161} INFO - Started process (PID=896) to work on /opt/airflow/dags/main.py
[2026-02-18T21:20:35.243+0000] {processor.py:830} INFO - Processing file /opt/airflow/dags/main.py for tasks to queue
[2026-02-18T21:20:35.245+0000] {logging_mixin.py:188} INFO - [2026-02-18T21:20:35.245+0000] {dagbag.py:545} INFO - Filling up the DagBag from /opt/airflow/dags/main.py
[2026-02-18T21:20:35.320+0000] {processor.py:840} INFO - DAG(s) 'update_db', 'produce_json' retrieved from /opt/airflow/dags/main.py
[2026-02-18T21:20:35.350+0000] {logging_mixin.py:188} INFO - [2026-02-18T21:20:35.350+0000] {dag.py:3096} INFO - Sync 2 DAGs
[2026-02-18T21:20:35.370+0000] {logging_mixin.py:188} INFO - [2026-02-18T21:20:35.370+0000] {dag.py:3954} INFO - Setting next_dagrun for produce_json to 2026-02-17 14:00:00+00:00, run_after=2026-02-18 14:00:00+00:00
[2026-02-18T21:20:35.375+0000] {logging_mixin.py:188} INFO - [2026-02-18T21:20:35.375+0000] {dag.py:3954} INFO - Setting next_dagrun for update_db to 2026-02-17 15:00:00+00:00, run_after=2026-02-18 15:00:00+00:00
[2026-02-18T21:20:35.404+0000] {processor.py:183} INFO - Processing /opt/airflow/dags/main.py took 0.168 seconds
[2026-02-18T21:21:05.484+0000] {processor.py:161} INFO - Started process (PID=903) to work on /opt/airflow/dags/main.py
[2026-02-18T21:21:05.485+0000] {processor.py:830} INFO - Processing file /opt/airflow/dags/main.py for tasks to queue
[2026-02-18T21:21:05.487+0000] {logging_mixin.py:188} INFO - [2026-02-18T21:21:05.487+0000] {dagbag.py:545} INFO - Filling up the DagBag from /opt/airflow/dags/main.py
[2026-02-18T21:21:05.569+0000] {processor.py:840} INFO - DAG(s) 'update_db', 'produce_json' retrieved from /opt/airflow/dags/main.py
[2026-02-18T21:21:05.600+0000] {logging_mixin.py:188} INFO - [2026-02-18T21:21:05.600+0000] {dag.py:3096} INFO - Sync 2 DAGs
[2026-02-18T21:21:05.633+0000] {logging_mixin.py:188} INFO - [2026-02-18T21:21:05.633+0000] {dag.py:3954} INFO - Setting next_dagrun for produce_json to 2026-02-17 14:00:00+00:00, run_after=2026-02-18 14:00:00+00:00
[2026-02-18T21:21:05.638+0000] {logging_mixin.py:188} INFO - [2026-02-18T21:21:05.638+0000] {dag.py:3954} INFO - Setting next_dagrun for update_db to 2026-02-17 15:00:00+00:00, run_after=2026-02-18 15:00:00+00:00
[2026-02-18T21:21:05.660+0000] {processor.py:183} INFO - Processing /opt/airflow/dags/main.py took 0.182 seconds
[2026-02-18T21:21:35.940+0000] {processor.py:161} INFO - Started process (PID=910) to work on /opt/airflow/dags/main.py
[2026-02-18T21:21:35.941+0000] {processor.py:830} INFO - Processing file /opt/airflow/dags/main.py for tasks to queue
[2026-02-18T21:21:35.943+0000] {logging_mixin.py:188} INFO - [2026-02-18T21:21:35.943+0000] {dagbag.py:545} INFO - Filling up the DagBag from /opt/airflow/dags/main.py
[2026-02-18T21:21:36.013+0000] {processor.py:840} INFO - DAG(s) 'produce_json', 'update_db' retrieved from /opt/airflow/dags/main.py
[2026-02-18T21:21:36.058+0000] {logging_mixin.py:188} INFO - [2026-02-18T21:21:36.058+0000] {dag.py:3096} INFO - Sync 2 DAGs
[2026-02-18T21:21:36.093+0000] {logging_mixin.py:188} INFO - [2026-02-18T21:21:36.093+0000] {dag.py:3954} INFO - Setting next_dagrun for produce_json to 2026-02-17 14:00:00+00:00, run_after=2026-02-18 14:00:00+00:00
[2026-02-18T21:21:36.099+0000] {logging_mixin.py:188} INFO - [2026-02-18T21:21:36.098+0000] {dag.py:3954} INFO - Setting next_dagrun for update_db to 2026-02-17 15:00:00+00:00, run_after=2026-02-18 15:00:00+00:00
[2026-02-18T21:21:36.122+0000] {processor.py:183} INFO - Processing /opt/airflow/dags/main.py took 0.187 seconds
[2026-02-18T21:22:06.208+0000] {processor.py:161} INFO - Started process (PID=917) to work on /opt/airflow/dags/main.py
[2026-02-18T21:22:06.209+0000] {processor.py:830} INFO - Processing file /opt/airflow/dags/main.py for tasks to queue
[2026-02-18T21:22:06.211+0000] {logging_mixin.py:188} INFO - [2026-02-18T21:22:06.210+0000] {dagbag.py:545} INFO - Filling up the DagBag from /opt/airflow/dags/main.py
[2026-02-18T21:22:06.283+0000] {processor.py:840} INFO - DAG(s) 'update_db', 'produce_json' retrieved from /opt/airflow/dags/main.py
[2026-02-18T21:22:06.312+0000] {logging_mixin.py:188} INFO - [2026-02-18T21:22:06.312+0000] {dag.py:3096} INFO - Sync 2 DAGs
[2026-02-18T21:22:06.332+0000] {logging_mixin.py:188} INFO - [2026-02-18T21:22:06.332+0000] {dag.py:3954} INFO - Setting next_dagrun for produce_json to 2026-02-17 14:00:00+00:00, run_after=2026-02-18 14:00:00+00:00
[2026-02-18T21:22:06.337+0000] {logging_mixin.py:188} INFO - [2026-02-18T21:22:06.337+0000] {dag.py:3954} INFO - Setting next_dagrun for update_db to 2026-02-17 15:00:00+00:00, run_after=2026-02-18 15:00:00+00:00
[2026-02-18T21:22:06.366+0000] {processor.py:183} INFO - Processing /opt/airflow/dags/main.py took 0.164 seconds
[2026-02-18T21:22:36.481+0000] {processor.py:161} INFO - Started process (PID=924) to work on /opt/airflow/dags/main.py
[2026-02-18T21:22:36.482+0000] {processor.py:830} INFO - Processing file /opt/airflow/dags/main.py for tasks to queue
[2026-02-18T21:22:36.484+0000] {logging_mixin.py:188} INFO - [2026-02-18T21:22:36.484+0000] {dagbag.py:545} INFO - Filling up the DagBag from /opt/airflow/dags/main.py
[2026-02-18T21:22:36.561+0000] {processor.py:840} INFO - DAG(s) 'update_db', 'produce_json' retrieved from /opt/airflow/dags/main.py
[2026-02-18T21:22:36.589+0000] {logging_mixin.py:188} INFO - [2026-02-18T21:22:36.589+0000] {dag.py:3096} INFO - Sync 2 DAGs
[2026-02-18T21:22:36.614+0000] {logging_mixin.py:188} INFO - [2026-02-18T21:22:36.613+0000] {dag.py:3954} INFO - Setting next_dagrun for produce_json to 2026-02-17 14:00:00+00:00, run_after=2026-02-18 14:00:00+00:00
[2026-02-18T21:22:36.629+0000] {logging_mixin.py:188} INFO - [2026-02-18T21:22:36.629+0000] {dag.py:3954} INFO - Setting next_dagrun for update_db to 2026-02-17 15:00:00+00:00, run_after=2026-02-18 15:00:00+00:00
[2026-02-18T21:22:36.665+0000] {processor.py:183} INFO - Processing /opt/airflow/dags/main.py took 0.190 seconds
[2026-02-18T21:23:07.050+0000] {processor.py:161} INFO - Started process (PID=931) to work on /opt/airflow/dags/main.py
[2026-02-18T21:23:07.051+0000] {processor.py:830} INFO - Processing file /opt/airflow/dags/main.py for tasks to queue
[2026-02-18T21:23:07.053+0000] {logging_mixin.py:188} INFO - [2026-02-18T21:23:07.052+0000] {dagbag.py:545} INFO - Filling up the DagBag from /opt/airflow/dags/main.py
[2026-02-18T21:23:07.120+0000] {processor.py:840} INFO - DAG(s) 'update_db', 'produce_json' retrieved from /opt/airflow/dags/main.py
[2026-02-18T21:23:07.148+0000] {logging_mixin.py:188} INFO - [2026-02-18T21:23:07.148+0000] {dag.py:3096} INFO - Sync 2 DAGs
[2026-02-18T21:23:07.168+0000] {logging_mixin.py:188} INFO - [2026-02-18T21:23:07.167+0000] {dag.py:3954} INFO - Setting next_dagrun for produce_json to 2026-02-17 14:00:00+00:00, run_after=2026-02-18 14:00:00+00:00
[2026-02-18T21:23:07.172+0000] {logging_mixin.py:188} INFO - [2026-02-18T21:23:07.172+0000] {dag.py:3954} INFO - Setting next_dagrun for update_db to 2026-02-17 15:00:00+00:00, run_after=2026-02-18 15:00:00+00:00
[2026-02-18T21:23:07.202+0000] {processor.py:183} INFO - Processing /opt/airflow/dags/main.py took 0.157 seconds
[2026-02-18T21:23:37.315+0000] {processor.py:161} INFO - Started process (PID=938) to work on /opt/airflow/dags/main.py
[2026-02-18T21:23:37.317+0000] {processor.py:830} INFO - Processing file /opt/airflow/dags/main.py for tasks to queue
[2026-02-18T21:23:37.330+0000] {logging_mixin.py:188} INFO - [2026-02-18T21:23:37.330+0000] {dagbag.py:545} INFO - Filling up the DagBag from /opt/airflow/dags/main.py
[2026-02-18T21:23:37.400+0000] {processor.py:840} INFO - DAG(s) 'produce_json', 'update_db' retrieved from /opt/airflow/dags/main.py
[2026-02-18T21:23:37.432+0000] {logging_mixin.py:188} INFO - [2026-02-18T21:23:37.432+0000] {dag.py:3096} INFO - Sync 2 DAGs
[2026-02-18T21:23:37.453+0000] {logging_mixin.py:188} INFO - [2026-02-18T21:23:37.453+0000] {dag.py:3954} INFO - Setting next_dagrun for produce_json to 2026-02-17 14:00:00+00:00, run_after=2026-02-18 14:00:00+00:00
[2026-02-18T21:23:37.458+0000] {logging_mixin.py:188} INFO - [2026-02-18T21:23:37.457+0000] {dag.py:3954} INFO - Setting next_dagrun for update_db to 2026-02-17 15:00:00+00:00, run_after=2026-02-18 15:00:00+00:00
[2026-02-18T21:23:37.476+0000] {processor.py:183} INFO - Processing /opt/airflow/dags/main.py took 0.169 seconds
[2026-02-18T21:24:07.739+0000] {processor.py:161} INFO - Started process (PID=945) to work on /opt/airflow/dags/main.py
[2026-02-18T21:24:07.740+0000] {processor.py:830} INFO - Processing file /opt/airflow/dags/main.py for tasks to queue
[2026-02-18T21:24:07.742+0000] {logging_mixin.py:188} INFO - [2026-02-18T21:24:07.741+0000] {dagbag.py:545} INFO - Filling up the DagBag from /opt/airflow/dags/main.py
[2026-02-18T21:24:07.811+0000] {processor.py:840} INFO - DAG(s) 'update_db', 'produce_json' retrieved from /opt/airflow/dags/main.py
[2026-02-18T21:24:07.843+0000] {logging_mixin.py:188} INFO - [2026-02-18T21:24:07.843+0000] {dag.py:3096} INFO - Sync 2 DAGs
[2026-02-18T21:24:07.863+0000] {logging_mixin.py:188} INFO - [2026-02-18T21:24:07.862+0000] {dag.py:3954} INFO - Setting next_dagrun for produce_json to 2026-02-17 14:00:00+00:00, run_after=2026-02-18 14:00:00+00:00
[2026-02-18T21:24:07.867+0000] {logging_mixin.py:188} INFO - [2026-02-18T21:24:07.867+0000] {dag.py:3954} INFO - Setting next_dagrun for update_db to 2026-02-17 15:00:00+00:00, run_after=2026-02-18 15:00:00+00:00
[2026-02-18T21:24:07.897+0000] {processor.py:183} INFO - Processing /opt/airflow/dags/main.py took 0.163 seconds
[2026-02-18T21:24:38.040+0000] {processor.py:161} INFO - Started process (PID=952) to work on /opt/airflow/dags/main.py
[2026-02-18T21:24:38.041+0000] {processor.py:830} INFO - Processing file /opt/airflow/dags/main.py for tasks to queue
[2026-02-18T21:24:38.044+0000] {logging_mixin.py:188} INFO - [2026-02-18T21:24:38.043+0000] {dagbag.py:545} INFO - Filling up the DagBag from /opt/airflow/dags/main.py
[2026-02-18T21:24:38.113+0000] {processor.py:840} INFO - DAG(s) 'update_db', 'produce_json' retrieved from /opt/airflow/dags/main.py
[2026-02-18T21:24:38.142+0000] {logging_mixin.py:188} INFO - [2026-02-18T21:24:38.141+0000] {dag.py:3096} INFO - Sync 2 DAGs
[2026-02-18T21:24:38.161+0000] {logging_mixin.py:188} INFO - [2026-02-18T21:24:38.161+0000] {dag.py:3954} INFO - Setting next_dagrun for produce_json to 2026-02-17 14:00:00+00:00, run_after=2026-02-18 14:00:00+00:00
[2026-02-18T21:24:38.166+0000] {logging_mixin.py:188} INFO - [2026-02-18T21:24:38.166+0000] {dag.py:3954} INFO - Setting next_dagrun for update_db to 2026-02-17 15:00:00+00:00, run_after=2026-02-18 15:00:00+00:00
[2026-02-18T21:24:38.186+0000] {processor.py:183} INFO - Processing /opt/airflow/dags/main.py took 0.152 seconds
[2026-02-18T21:25:08.394+0000] {processor.py:161} INFO - Started process (PID=959) to work on /opt/airflow/dags/main.py
[2026-02-18T21:25:08.395+0000] {processor.py:830} INFO - Processing file /opt/airflow/dags/main.py for tasks to queue
[2026-02-18T21:25:08.397+0000] {logging_mixin.py:188} INFO - [2026-02-18T21:25:08.397+0000] {dagbag.py:545} INFO - Filling up the DagBag from /opt/airflow/dags/main.py
[2026-02-18T21:25:08.462+0000] {processor.py:840} INFO - DAG(s) 'produce_json', 'update_db' retrieved from /opt/airflow/dags/main.py
[2026-02-18T21:25:08.489+0000] {logging_mixin.py:188} INFO - [2026-02-18T21:25:08.489+0000] {dag.py:3096} INFO - Sync 2 DAGs
[2026-02-18T21:25:08.510+0000] {logging_mixin.py:188} INFO - [2026-02-18T21:25:08.510+0000] {dag.py:3954} INFO - Setting next_dagrun for produce_json to 2026-02-17 14:00:00+00:00, run_after=2026-02-18 14:00:00+00:00
[2026-02-18T21:25:08.515+0000] {logging_mixin.py:188} INFO - [2026-02-18T21:25:08.514+0000] {dag.py:3954} INFO - Setting next_dagrun for update_db to 2026-02-17 15:00:00+00:00, run_after=2026-02-18 15:00:00+00:00
[2026-02-18T21:25:08.536+0000] {processor.py:183} INFO - Processing /opt/airflow/dags/main.py took 0.147 seconds
[2026-02-18T21:25:38.684+0000] {processor.py:161} INFO - Started process (PID=966) to work on /opt/airflow/dags/main.py
[2026-02-18T21:25:38.685+0000] {processor.py:830} INFO - Processing file /opt/airflow/dags/main.py for tasks to queue
[2026-02-18T21:25:38.686+0000] {logging_mixin.py:188} INFO - [2026-02-18T21:25:38.686+0000] {dagbag.py:545} INFO - Filling up the DagBag from /opt/airflow/dags/main.py
[2026-02-18T21:25:38.760+0000] {processor.py:840} INFO - DAG(s) 'update_db', 'produce_json' retrieved from /opt/airflow/dags/main.py
[2026-02-18T21:25:38.792+0000] {logging_mixin.py:188} INFO - [2026-02-18T21:25:38.792+0000] {dag.py:3096} INFO - Sync 2 DAGs
[2026-02-18T21:25:38.813+0000] {logging_mixin.py:188} INFO - [2026-02-18T21:25:38.813+0000] {dag.py:3954} INFO - Setting next_dagrun for produce_json to 2026-02-17 14:00:00+00:00, run_after=2026-02-18 14:00:00+00:00
[2026-02-18T21:25:38.818+0000] {logging_mixin.py:188} INFO - [2026-02-18T21:25:38.818+0000] {dag.py:3954} INFO - Setting next_dagrun for update_db to 2026-02-17 15:00:00+00:00, run_after=2026-02-18 15:00:00+00:00
[2026-02-18T21:25:38.839+0000] {processor.py:183} INFO - Processing /opt/airflow/dags/main.py took 0.161 seconds
[2026-02-18T21:26:09.063+0000] {processor.py:161} INFO - Started process (PID=974) to work on /opt/airflow/dags/main.py
[2026-02-18T21:26:09.064+0000] {processor.py:830} INFO - Processing file /opt/airflow/dags/main.py for tasks to queue
[2026-02-18T21:26:09.066+0000] {logging_mixin.py:188} INFO - [2026-02-18T21:26:09.066+0000] {dagbag.py:545} INFO - Filling up the DagBag from /opt/airflow/dags/main.py
[2026-02-18T21:26:09.136+0000] {processor.py:840} INFO - DAG(s) 'update_db', 'produce_json' retrieved from /opt/airflow/dags/main.py
[2026-02-18T21:26:09.165+0000] {logging_mixin.py:188} INFO - [2026-02-18T21:26:09.165+0000] {dag.py:3096} INFO - Sync 2 DAGs
[2026-02-18T21:26:09.186+0000] {logging_mixin.py:188} INFO - [2026-02-18T21:26:09.186+0000] {dag.py:3954} INFO - Setting next_dagrun for produce_json to 2026-02-17 14:00:00+00:00, run_after=2026-02-18 14:00:00+00:00
[2026-02-18T21:26:09.191+0000] {logging_mixin.py:188} INFO - [2026-02-18T21:26:09.191+0000] {dag.py:3954} INFO - Setting next_dagrun for update_db to 2026-02-17 15:00:00+00:00, run_after=2026-02-18 15:00:00+00:00
[2026-02-18T21:26:09.221+0000] {processor.py:183} INFO - Processing /opt/airflow/dags/main.py took 0.164 seconds
[2026-02-18T21:26:39.352+0000] {processor.py:161} INFO - Started process (PID=981) to work on /opt/airflow/dags/main.py
[2026-02-18T21:26:39.353+0000] {processor.py:830} INFO - Processing file /opt/airflow/dags/main.py for tasks to queue
[2026-02-18T21:26:39.355+0000] {logging_mixin.py:188} INFO - [2026-02-18T21:26:39.355+0000] {dagbag.py:545} INFO - Filling up the DagBag from /opt/airflow/dags/main.py
[2026-02-18T21:26:39.423+0000] {processor.py:840} INFO - DAG(s) 'update_db', 'produce_json' retrieved from /opt/airflow/dags/main.py
[2026-02-18T21:26:39.453+0000] {logging_mixin.py:188} INFO - [2026-02-18T21:26:39.453+0000] {dag.py:3096} INFO - Sync 2 DAGs
[2026-02-18T21:26:39.476+0000] {logging_mixin.py:188} INFO - [2026-02-18T21:26:39.476+0000] {dag.py:3954} INFO - Setting next_dagrun for produce_json to 2026-02-17 14:00:00+00:00, run_after=2026-02-18 14:00:00+00:00
[2026-02-18T21:26:39.481+0000] {logging_mixin.py:188} INFO - [2026-02-18T21:26:39.481+0000] {dag.py:3954} INFO - Setting next_dagrun for update_db to 2026-02-17 15:00:00+00:00, run_after=2026-02-18 15:00:00+00:00
[2026-02-18T21:26:39.500+0000] {processor.py:183} INFO - Processing /opt/airflow/dags/main.py took 0.154 seconds
[2026-02-18T21:27:09.690+0000] {processor.py:161} INFO - Started process (PID=988) to work on /opt/airflow/dags/main.py
[2026-02-18T21:27:09.691+0000] {processor.py:830} INFO - Processing file /opt/airflow/dags/main.py for tasks to queue
[2026-02-18T21:27:09.694+0000] {logging_mixin.py:188} INFO - [2026-02-18T21:27:09.693+0000] {dagbag.py:545} INFO - Filling up the DagBag from /opt/airflow/dags/main.py
[2026-02-18T21:27:09.766+0000] {processor.py:840} INFO - DAG(s) 'produce_json', 'update_db' retrieved from /opt/airflow/dags/main.py
[2026-02-18T21:27:09.794+0000] {logging_mixin.py:188} INFO - [2026-02-18T21:27:09.794+0000] {dag.py:3096} INFO - Sync 2 DAGs
[2026-02-18T21:27:09.815+0000] {logging_mixin.py:188} INFO - [2026-02-18T21:27:09.815+0000] {dag.py:3954} INFO - Setting next_dagrun for produce_json to 2026-02-17 14:00:00+00:00, run_after=2026-02-18 14:00:00+00:00
[2026-02-18T21:27:09.820+0000] {logging_mixin.py:188} INFO - [2026-02-18T21:27:09.820+0000] {dag.py:3954} INFO - Setting next_dagrun for update_db to 2026-02-17 15:00:00+00:00, run_after=2026-02-18 15:00:00+00:00
[2026-02-18T21:27:09.839+0000] {processor.py:183} INFO - Processing /opt/airflow/dags/main.py took 0.155 seconds
[2026-02-18T21:27:40.002+0000] {processor.py:161} INFO - Started process (PID=995) to work on /opt/airflow/dags/main.py
[2026-02-18T21:27:40.003+0000] {processor.py:830} INFO - Processing file /opt/airflow/dags/main.py for tasks to queue
[2026-02-18T21:27:40.005+0000] {logging_mixin.py:188} INFO - [2026-02-18T21:27:40.005+0000] {dagbag.py:545} INFO - Filling up the DagBag from /opt/airflow/dags/main.py
[2026-02-18T21:27:40.081+0000] {processor.py:840} INFO - DAG(s) 'produce_json', 'update_db' retrieved from /opt/airflow/dags/main.py
[2026-02-18T21:27:40.114+0000] {logging_mixin.py:188} INFO - [2026-02-18T21:27:40.114+0000] {dag.py:3096} INFO - Sync 2 DAGs
[2026-02-18T21:27:40.135+0000] {logging_mixin.py:188} INFO - [2026-02-18T21:27:40.135+0000] {dag.py:3954} INFO - Setting next_dagrun for produce_json to 2026-02-17 14:00:00+00:00, run_after=2026-02-18 14:00:00+00:00
[2026-02-18T21:27:40.139+0000] {logging_mixin.py:188} INFO - [2026-02-18T21:27:40.139+0000] {dag.py:3954} INFO - Setting next_dagrun for update_db to 2026-02-17 15:00:00+00:00, run_after=2026-02-18 15:00:00+00:00
[2026-02-18T21:27:40.160+0000] {processor.py:183} INFO - Processing /opt/airflow/dags/main.py took 0.164 seconds
[2026-02-18T21:28:10.466+0000] {processor.py:161} INFO - Started process (PID=1002) to work on /opt/airflow/dags/main.py
[2026-02-18T21:28:10.467+0000] {processor.py:830} INFO - Processing file /opt/airflow/dags/main.py for tasks to queue
[2026-02-18T21:28:10.469+0000] {logging_mixin.py:188} INFO - [2026-02-18T21:28:10.469+0000] {dagbag.py:545} INFO - Filling up the DagBag from /opt/airflow/dags/main.py
[2026-02-18T21:28:10.536+0000] {processor.py:840} INFO - DAG(s) 'produce_json', 'update_db' retrieved from /opt/airflow/dags/main.py
[2026-02-18T21:28:10.564+0000] {logging_mixin.py:188} INFO - [2026-02-18T21:28:10.564+0000] {dag.py:3096} INFO - Sync 2 DAGs
[2026-02-18T21:28:10.585+0000] {logging_mixin.py:188} INFO - [2026-02-18T21:28:10.584+0000] {dag.py:3954} INFO - Setting next_dagrun for produce_json to 2026-02-17 14:00:00+00:00, run_after=2026-02-18 14:00:00+00:00
[2026-02-18T21:28:10.590+0000] {logging_mixin.py:188} INFO - [2026-02-18T21:28:10.589+0000] {dag.py:3954} INFO - Setting next_dagrun for update_db to 2026-02-17 15:00:00+00:00, run_after=2026-02-18 15:00:00+00:00
[2026-02-18T21:28:10.608+0000] {processor.py:183} INFO - Processing /opt/airflow/dags/main.py took 0.147 seconds
[2026-02-18T21:28:40.741+0000] {processor.py:161} INFO - Started process (PID=1009) to work on /opt/airflow/dags/main.py
[2026-02-18T21:28:40.742+0000] {processor.py:830} INFO - Processing file /opt/airflow/dags/main.py for tasks to queue
[2026-02-18T21:28:40.744+0000] {logging_mixin.py:188} INFO - [2026-02-18T21:28:40.744+0000] {dagbag.py:545} INFO - Filling up the DagBag from /opt/airflow/dags/main.py
[2026-02-18T21:28:40.811+0000] {processor.py:840} INFO - DAG(s) 'produce_json', 'update_db' retrieved from /opt/airflow/dags/main.py
[2026-02-18T21:28:40.841+0000] {logging_mixin.py:188} INFO - [2026-02-18T21:28:40.841+0000] {dag.py:3096} INFO - Sync 2 DAGs
[2026-02-18T21:28:40.860+0000] {logging_mixin.py:188} INFO - [2026-02-18T21:28:40.860+0000] {dag.py:3954} INFO - Setting next_dagrun for produce_json to 2026-02-17 14:00:00+00:00, run_after=2026-02-18 14:00:00+00:00
[2026-02-18T21:28:40.865+0000] {logging_mixin.py:188} INFO - [2026-02-18T21:28:40.865+0000] {dag.py:3954} INFO - Setting next_dagrun for update_db to 2026-02-17 15:00:00+00:00, run_after=2026-02-18 15:00:00+00:00
[2026-02-18T21:28:40.884+0000] {processor.py:183} INFO - Processing /opt/airflow/dags/main.py took 0.152 seconds
[2026-02-18T21:29:11.153+0000] {processor.py:161} INFO - Started process (PID=1016) to work on /opt/airflow/dags/main.py
[2026-02-18T21:29:11.154+0000] {processor.py:830} INFO - Processing file /opt/airflow/dags/main.py for tasks to queue
[2026-02-18T21:29:11.156+0000] {logging_mixin.py:188} INFO - [2026-02-18T21:29:11.156+0000] {dagbag.py:545} INFO - Filling up the DagBag from /opt/airflow/dags/main.py
[2026-02-18T21:29:11.228+0000] {processor.py:840} INFO - DAG(s) 'update_db', 'produce_json' retrieved from /opt/airflow/dags/main.py
[2026-02-18T21:29:11.256+0000] {logging_mixin.py:188} INFO - [2026-02-18T21:29:11.256+0000] {dag.py:3096} INFO - Sync 2 DAGs
[2026-02-18T21:29:11.275+0000] {logging_mixin.py:188} INFO - [2026-02-18T21:29:11.275+0000] {dag.py:3954} INFO - Setting next_dagrun for produce_json to 2026-02-17 14:00:00+00:00, run_after=2026-02-18 14:00:00+00:00
[2026-02-18T21:29:11.280+0000] {logging_mixin.py:188} INFO - [2026-02-18T21:29:11.280+0000] {dag.py:3954} INFO - Setting next_dagrun for update_db to 2026-02-17 15:00:00+00:00, run_after=2026-02-18 15:00:00+00:00
[2026-02-18T21:29:11.299+0000] {processor.py:183} INFO - Processing /opt/airflow/dags/main.py took 0.151 seconds
[2026-02-18T21:29:41.455+0000] {processor.py:161} INFO - Started process (PID=1023) to work on /opt/airflow/dags/main.py
[2026-02-18T21:29:41.456+0000] {processor.py:830} INFO - Processing file /opt/airflow/dags/main.py for tasks to queue
[2026-02-18T21:29:41.458+0000] {logging_mixin.py:188} INFO - [2026-02-18T21:29:41.458+0000] {dagbag.py:545} INFO - Filling up the DagBag from /opt/airflow/dags/main.py
[2026-02-18T21:29:41.523+0000] {processor.py:840} INFO - DAG(s) 'produce_json', 'update_db' retrieved from /opt/airflow/dags/main.py
[2026-02-18T21:29:41.551+0000] {logging_mixin.py:188} INFO - [2026-02-18T21:29:41.551+0000] {dag.py:3096} INFO - Sync 2 DAGs
[2026-02-18T21:29:41.577+0000] {logging_mixin.py:188} INFO - [2026-02-18T21:29:41.577+0000] {dag.py:3954} INFO - Setting next_dagrun for produce_json to 2026-02-17 14:00:00+00:00, run_after=2026-02-18 14:00:00+00:00
[2026-02-18T21:29:41.582+0000] {logging_mixin.py:188} INFO - [2026-02-18T21:29:41.582+0000] {dag.py:3954} INFO - Setting next_dagrun for update_db to 2026-02-17 15:00:00+00:00, run_after=2026-02-18 15:00:00+00:00
[2026-02-18T21:29:41.611+0000] {processor.py:183} INFO - Processing /opt/airflow/dags/main.py took 0.161 seconds
[2026-02-18T21:30:11.780+0000] {processor.py:161} INFO - Started process (PID=1030) to work on /opt/airflow/dags/main.py
[2026-02-18T21:30:11.781+0000] {processor.py:830} INFO - Processing file /opt/airflow/dags/main.py for tasks to queue
[2026-02-18T21:30:11.783+0000] {logging_mixin.py:188} INFO - [2026-02-18T21:30:11.782+0000] {dagbag.py:545} INFO - Filling up the DagBag from /opt/airflow/dags/main.py
[2026-02-18T21:30:11.847+0000] {processor.py:840} INFO - DAG(s) 'update_db', 'produce_json' retrieved from /opt/airflow/dags/main.py
[2026-02-18T21:30:11.876+0000] {logging_mixin.py:188} INFO - [2026-02-18T21:30:11.875+0000] {dag.py:3096} INFO - Sync 2 DAGs
[2026-02-18T21:30:11.895+0000] {logging_mixin.py:188} INFO - [2026-02-18T21:30:11.895+0000] {dag.py:3954} INFO - Setting next_dagrun for produce_json to 2026-02-17 14:00:00+00:00, run_after=2026-02-18 14:00:00+00:00
[2026-02-18T21:30:11.900+0000] {logging_mixin.py:188} INFO - [2026-02-18T21:30:11.899+0000] {dag.py:3954} INFO - Setting next_dagrun for update_db to 2026-02-17 15:00:00+00:00, run_after=2026-02-18 15:00:00+00:00
[2026-02-18T21:30:11.929+0000] {processor.py:183} INFO - Processing /opt/airflow/dags/main.py took 0.155 seconds
[2026-02-18T21:30:42.169+0000] {processor.py:161} INFO - Started process (PID=1037) to work on /opt/airflow/dags/main.py
[2026-02-18T21:30:42.170+0000] {processor.py:830} INFO - Processing file /opt/airflow/dags/main.py for tasks to queue
[2026-02-18T21:30:42.172+0000] {logging_mixin.py:188} INFO - [2026-02-18T21:30:42.172+0000] {dagbag.py:545} INFO - Filling up the DagBag from /opt/airflow/dags/main.py
[2026-02-18T21:30:42.240+0000] {processor.py:840} INFO - DAG(s) 'produce_json', 'update_db' retrieved from /opt/airflow/dags/main.py
[2026-02-18T21:30:42.268+0000] {logging_mixin.py:188} INFO - [2026-02-18T21:30:42.268+0000] {dag.py:3096} INFO - Sync 2 DAGs
[2026-02-18T21:30:42.288+0000] {logging_mixin.py:188} INFO - [2026-02-18T21:30:42.287+0000] {dag.py:3954} INFO - Setting next_dagrun for produce_json to 2026-02-17 14:00:00+00:00, run_after=2026-02-18 14:00:00+00:00
[2026-02-18T21:30:42.293+0000] {logging_mixin.py:188} INFO - [2026-02-18T21:30:42.293+0000] {dag.py:3954} INFO - Setting next_dagrun for update_db to 2026-02-17 15:00:00+00:00, run_after=2026-02-18 15:00:00+00:00
[2026-02-18T21:30:42.322+0000] {processor.py:183} INFO - Processing /opt/airflow/dags/main.py took 0.158 seconds
[2026-02-18T21:31:12.454+0000] {processor.py:161} INFO - Started process (PID=1044) to work on /opt/airflow/dags/main.py
[2026-02-18T21:31:12.455+0000] {processor.py:830} INFO - Processing file /opt/airflow/dags/main.py for tasks to queue
[2026-02-18T21:31:12.457+0000] {logging_mixin.py:188} INFO - [2026-02-18T21:31:12.456+0000] {dagbag.py:545} INFO - Filling up the DagBag from /opt/airflow/dags/main.py
[2026-02-18T21:31:12.531+0000] {processor.py:840} INFO - DAG(s) 'produce_json', 'update_db' retrieved from /opt/airflow/dags/main.py
[2026-02-18T21:31:12.559+0000] {logging_mixin.py:188} INFO - [2026-02-18T21:31:12.559+0000] {dag.py:3096} INFO - Sync 2 DAGs
[2026-02-18T21:31:12.580+0000] {logging_mixin.py:188} INFO - [2026-02-18T21:31:12.580+0000] {dag.py:3954} INFO - Setting next_dagrun for produce_json to 2026-02-17 14:00:00+00:00, run_after=2026-02-18 14:00:00+00:00
[2026-02-18T21:31:12.585+0000] {logging_mixin.py:188} INFO - [2026-02-18T21:31:12.585+0000] {dag.py:3954} INFO - Setting next_dagrun for update_db to 2026-02-17 15:00:00+00:00, run_after=2026-02-18 15:00:00+00:00
[2026-02-18T21:31:12.604+0000] {processor.py:183} INFO - Processing /opt/airflow/dags/main.py took 0.155 seconds
[2026-02-18T21:31:42.847+0000] {processor.py:161} INFO - Started process (PID=1051) to work on /opt/airflow/dags/main.py
[2026-02-18T21:31:42.848+0000] {processor.py:830} INFO - Processing file /opt/airflow/dags/main.py for tasks to queue
[2026-02-18T21:31:42.850+0000] {logging_mixin.py:188} INFO - [2026-02-18T21:31:42.850+0000] {dagbag.py:545} INFO - Filling up the DagBag from /opt/airflow/dags/main.py
[2026-02-18T21:31:42.933+0000] {processor.py:840} INFO - DAG(s) 'produce_json', 'update_db' retrieved from /opt/airflow/dags/main.py
[2026-02-18T21:31:42.962+0000] {logging_mixin.py:188} INFO - [2026-02-18T21:31:42.961+0000] {dag.py:3096} INFO - Sync 2 DAGs
[2026-02-18T21:31:42.981+0000] {logging_mixin.py:188} INFO - [2026-02-18T21:31:42.981+0000] {dag.py:3954} INFO - Setting next_dagrun for produce_json to 2026-02-17 14:00:00+00:00, run_after=2026-02-18 14:00:00+00:00
[2026-02-18T21:31:42.986+0000] {logging_mixin.py:188} INFO - [2026-02-18T21:31:42.985+0000] {dag.py:3954} INFO - Setting next_dagrun for update_db to 2026-02-17 15:00:00+00:00, run_after=2026-02-18 15:00:00+00:00
[2026-02-18T21:31:43.015+0000] {processor.py:183} INFO - Processing /opt/airflow/dags/main.py took 0.172 seconds
[2026-02-18T21:32:13.119+0000] {processor.py:161} INFO - Started process (PID=1058) to work on /opt/airflow/dags/main.py
[2026-02-18T21:32:13.120+0000] {processor.py:830} INFO - Processing file /opt/airflow/dags/main.py for tasks to queue
[2026-02-18T21:32:13.122+0000] {logging_mixin.py:188} INFO - [2026-02-18T21:32:13.121+0000] {dagbag.py:545} INFO - Filling up the DagBag from /opt/airflow/dags/main.py
[2026-02-18T21:32:13.188+0000] {processor.py:840} INFO - DAG(s) 'update_db', 'produce_json' retrieved from /opt/airflow/dags/main.py
[2026-02-18T21:32:13.219+0000] {logging_mixin.py:188} INFO - [2026-02-18T21:32:13.219+0000] {dag.py:3096} INFO - Sync 2 DAGs
[2026-02-18T21:32:13.241+0000] {logging_mixin.py:188} INFO - [2026-02-18T21:32:13.241+0000] {dag.py:3954} INFO - Setting next_dagrun for produce_json to 2026-02-17 14:00:00+00:00, run_after=2026-02-18 14:00:00+00:00
[2026-02-18T21:32:13.247+0000] {logging_mixin.py:188} INFO - [2026-02-18T21:32:13.246+0000] {dag.py:3954} INFO - Setting next_dagrun for update_db to 2026-02-17 15:00:00+00:00, run_after=2026-02-18 15:00:00+00:00
[2026-02-18T21:32:13.275+0000] {processor.py:183} INFO - Processing /opt/airflow/dags/main.py took 0.162 seconds
[2026-02-18T21:32:43.557+0000] {processor.py:161} INFO - Started process (PID=1065) to work on /opt/airflow/dags/main.py
[2026-02-18T21:32:43.558+0000] {processor.py:830} INFO - Processing file /opt/airflow/dags/main.py for tasks to queue
[2026-02-18T21:32:43.560+0000] {logging_mixin.py:188} INFO - [2026-02-18T21:32:43.560+0000] {dagbag.py:545} INFO - Filling up the DagBag from /opt/airflow/dags/main.py
[2026-02-18T21:32:43.628+0000] {processor.py:840} INFO - DAG(s) 'update_db', 'produce_json' retrieved from /opt/airflow/dags/main.py
[2026-02-18T21:32:43.656+0000] {logging_mixin.py:188} INFO - [2026-02-18T21:32:43.656+0000] {dag.py:3096} INFO - Sync 2 DAGs
[2026-02-18T21:32:43.676+0000] {logging_mixin.py:188} INFO - [2026-02-18T21:32:43.675+0000] {dag.py:3954} INFO - Setting next_dagrun for produce_json to 2026-02-17 14:00:00+00:00, run_after=2026-02-18 14:00:00+00:00
[2026-02-18T21:32:43.680+0000] {logging_mixin.py:188} INFO - [2026-02-18T21:32:43.680+0000] {dag.py:3954} INFO - Setting next_dagrun for update_db to 2026-02-17 15:00:00+00:00, run_after=2026-02-18 15:00:00+00:00
[2026-02-18T21:32:43.700+0000] {processor.py:183} INFO - Processing /opt/airflow/dags/main.py took 0.148 seconds
[2026-02-18T21:33:14.010+0000] {processor.py:161} INFO - Started process (PID=1072) to work on /opt/airflow/dags/main.py
[2026-02-18T21:33:14.012+0000] {processor.py:830} INFO - Processing file /opt/airflow/dags/main.py for tasks to queue
[2026-02-18T21:33:14.014+0000] {logging_mixin.py:188} INFO - [2026-02-18T21:33:14.014+0000] {dagbag.py:545} INFO - Filling up the DagBag from /opt/airflow/dags/main.py
[2026-02-18T21:33:14.086+0000] {processor.py:840} INFO - DAG(s) 'produce_json', 'update_db' retrieved from /opt/airflow/dags/main.py
[2026-02-18T21:33:14.115+0000] {logging_mixin.py:188} INFO - [2026-02-18T21:33:14.115+0000] {dag.py:3096} INFO - Sync 2 DAGs
[2026-02-18T21:33:14.134+0000] {logging_mixin.py:188} INFO - [2026-02-18T21:33:14.134+0000] {dag.py:3954} INFO - Setting next_dagrun for produce_json to 2026-02-17 14:00:00+00:00, run_after=2026-02-18 14:00:00+00:00
[2026-02-18T21:33:14.139+0000] {logging_mixin.py:188} INFO - [2026-02-18T21:33:14.138+0000] {dag.py:3954} INFO - Setting next_dagrun for update_db to 2026-02-17 15:00:00+00:00, run_after=2026-02-18 15:00:00+00:00
[2026-02-18T21:33:14.158+0000] {processor.py:183} INFO - Processing /opt/airflow/dags/main.py took 0.153 seconds
[2026-02-18T21:33:44.307+0000] {processor.py:161} INFO - Started process (PID=1079) to work on /opt/airflow/dags/main.py
[2026-02-18T21:33:44.309+0000] {processor.py:830} INFO - Processing file /opt/airflow/dags/main.py for tasks to queue
[2026-02-18T21:33:44.313+0000] {logging_mixin.py:188} INFO - [2026-02-18T21:33:44.312+0000] {dagbag.py:545} INFO - Filling up the DagBag from /opt/airflow/dags/main.py
[2026-02-18T21:33:44.388+0000] {processor.py:840} INFO - DAG(s) 'update_db', 'produce_json' retrieved from /opt/airflow/dags/main.py
[2026-02-18T21:33:44.416+0000] {logging_mixin.py:188} INFO - [2026-02-18T21:33:44.415+0000] {dag.py:3096} INFO - Sync 2 DAGs
[2026-02-18T21:33:44.435+0000] {logging_mixin.py:188} INFO - [2026-02-18T21:33:44.435+0000] {dag.py:3954} INFO - Setting next_dagrun for produce_json to 2026-02-17 14:00:00+00:00, run_after=2026-02-18 14:00:00+00:00
[2026-02-18T21:33:44.440+0000] {logging_mixin.py:188} INFO - [2026-02-18T21:33:44.440+0000] {dag.py:3954} INFO - Setting next_dagrun for update_db to 2026-02-17 15:00:00+00:00, run_after=2026-02-18 15:00:00+00:00
[2026-02-18T21:33:44.460+0000] {processor.py:183} INFO - Processing /opt/airflow/dags/main.py took 0.163 seconds
[2026-02-18T21:34:14.641+0000] {processor.py:161} INFO - Started process (PID=1086) to work on /opt/airflow/dags/main.py
[2026-02-18T21:34:14.702+0000] {processor.py:830} INFO - Processing file /opt/airflow/dags/main.py for tasks to queue
[2026-02-18T21:34:14.709+0000] {logging_mixin.py:188} INFO - [2026-02-18T21:34:14.706+0000] {dagbag.py:545} INFO - Filling up the DagBag from /opt/airflow/dags/main.py
[2026-02-18T21:34:14.966+0000] {processor.py:840} INFO - DAG(s) 'produce_json', 'update_db' retrieved from /opt/airflow/dags/main.py
[2026-02-18T21:34:15.025+0000] {logging_mixin.py:188} INFO - [2026-02-18T21:34:15.025+0000] {dag.py:3096} INFO - Sync 2 DAGs
[2026-02-18T21:34:15.058+0000] {logging_mixin.py:188} INFO - [2026-02-18T21:34:15.058+0000] {dag.py:3954} INFO - Setting next_dagrun for produce_json to 2026-02-17 14:00:00+00:00, run_after=2026-02-18 14:00:00+00:00
[2026-02-18T21:34:15.064+0000] {logging_mixin.py:188} INFO - [2026-02-18T21:34:15.064+0000] {dag.py:3954} INFO - Setting next_dagrun for update_db to 2026-02-17 15:00:00+00:00, run_after=2026-02-18 15:00:00+00:00
[2026-02-18T21:34:15.088+0000] {processor.py:183} INFO - Processing /opt/airflow/dags/main.py took 0.474 seconds
[2026-02-18T21:34:45.360+0000] {processor.py:161} INFO - Started process (PID=1099) to work on /opt/airflow/dags/main.py
[2026-02-18T21:34:45.394+0000] {processor.py:830} INFO - Processing file /opt/airflow/dags/main.py for tasks to queue
[2026-02-18T21:34:45.399+0000] {logging_mixin.py:188} INFO - [2026-02-18T21:34:45.399+0000] {dagbag.py:545} INFO - Filling up the DagBag from /opt/airflow/dags/main.py
[2026-02-18T21:34:45.529+0000] {processor.py:840} INFO - DAG(s) 'update_db', 'produce_json' retrieved from /opt/airflow/dags/main.py
[2026-02-18T21:34:45.577+0000] {logging_mixin.py:188} INFO - [2026-02-18T21:34:45.577+0000] {dag.py:3096} INFO - Sync 2 DAGs
[2026-02-18T21:34:45.610+0000] {logging_mixin.py:188} INFO - [2026-02-18T21:34:45.610+0000] {dag.py:3954} INFO - Setting next_dagrun for produce_json to 2026-02-17 14:00:00+00:00, run_after=2026-02-18 14:00:00+00:00
[2026-02-18T21:34:45.617+0000] {logging_mixin.py:188} INFO - [2026-02-18T21:34:45.616+0000] {dag.py:3954} INFO - Setting next_dagrun for update_db to 2026-02-17 15:00:00+00:00, run_after=2026-02-18 15:00:00+00:00
[2026-02-18T21:34:45.643+0000] {processor.py:183} INFO - Processing /opt/airflow/dags/main.py took 0.297 seconds
[2026-02-18T21:35:15.888+0000] {processor.py:161} INFO - Started process (PID=1106) to work on /opt/airflow/dags/main.py
[2026-02-18T21:35:15.889+0000] {processor.py:830} INFO - Processing file /opt/airflow/dags/main.py for tasks to queue
[2026-02-18T21:35:15.891+0000] {logging_mixin.py:188} INFO - [2026-02-18T21:35:15.891+0000] {dagbag.py:545} INFO - Filling up the DagBag from /opt/airflow/dags/main.py
[2026-02-18T21:35:15.965+0000] {processor.py:840} INFO - DAG(s) 'update_db', 'produce_json' retrieved from /opt/airflow/dags/main.py
[2026-02-18T21:35:15.997+0000] {logging_mixin.py:188} INFO - [2026-02-18T21:35:15.997+0000] {dag.py:3096} INFO - Sync 2 DAGs
[2026-02-18T21:35:16.020+0000] {logging_mixin.py:188} INFO - [2026-02-18T21:35:16.019+0000] {dag.py:3954} INFO - Setting next_dagrun for produce_json to 2026-02-17 14:00:00+00:00, run_after=2026-02-18 14:00:00+00:00
[2026-02-18T21:35:16.025+0000] {logging_mixin.py:188} INFO - [2026-02-18T21:35:16.025+0000] {dag.py:3954} INFO - Setting next_dagrun for update_db to 2026-02-17 15:00:00+00:00, run_after=2026-02-18 15:00:00+00:00
[2026-02-18T21:35:16.044+0000] {processor.py:183} INFO - Processing /opt/airflow/dags/main.py took 0.162 seconds
[2026-02-18T21:35:46.138+0000] {processor.py:161} INFO - Started process (PID=1113) to work on /opt/airflow/dags/main.py
[2026-02-18T21:35:46.139+0000] {processor.py:830} INFO - Processing file /opt/airflow/dags/main.py for tasks to queue
[2026-02-18T21:35:46.141+0000] {logging_mixin.py:188} INFO - [2026-02-18T21:35:46.141+0000] {dagbag.py:545} INFO - Filling up the DagBag from /opt/airflow/dags/main.py
[2026-02-18T21:35:46.226+0000] {processor.py:840} INFO - DAG(s) 'produce_json', 'update_db' retrieved from /opt/airflow/dags/main.py
[2026-02-18T21:35:46.263+0000] {logging_mixin.py:188} INFO - [2026-02-18T21:35:46.262+0000] {dag.py:3096} INFO - Sync 2 DAGs
[2026-02-18T21:35:46.285+0000] {logging_mixin.py:188} INFO - [2026-02-18T21:35:46.285+0000] {dag.py:3954} INFO - Setting next_dagrun for produce_json to 2026-02-17 14:00:00+00:00, run_after=2026-02-18 14:00:00+00:00
[2026-02-18T21:35:46.290+0000] {logging_mixin.py:188} INFO - [2026-02-18T21:35:46.290+0000] {dag.py:3954} INFO - Setting next_dagrun for update_db to 2026-02-17 15:00:00+00:00, run_after=2026-02-18 15:00:00+00:00
[2026-02-18T21:35:46.321+0000] {processor.py:183} INFO - Processing /opt/airflow/dags/main.py took 0.189 seconds
[2026-02-18T21:36:16.563+0000] {processor.py:161} INFO - Started process (PID=1120) to work on /opt/airflow/dags/main.py
[2026-02-18T21:36:16.564+0000] {processor.py:830} INFO - Processing file /opt/airflow/dags/main.py for tasks to queue
[2026-02-18T21:36:16.566+0000] {logging_mixin.py:188} INFO - [2026-02-18T21:36:16.566+0000] {dagbag.py:545} INFO - Filling up the DagBag from /opt/airflow/dags/main.py
[2026-02-18T21:36:16.634+0000] {processor.py:840} INFO - DAG(s) 'update_db', 'produce_json' retrieved from /opt/airflow/dags/main.py
[2026-02-18T21:36:16.662+0000] {logging_mixin.py:188} INFO - [2026-02-18T21:36:16.662+0000] {dag.py:3096} INFO - Sync 2 DAGs
[2026-02-18T21:36:16.683+0000] {logging_mixin.py:188} INFO - [2026-02-18T21:36:16.683+0000] {dag.py:3954} INFO - Setting next_dagrun for produce_json to 2026-02-17 14:00:00+00:00, run_after=2026-02-18 14:00:00+00:00
[2026-02-18T21:36:16.688+0000] {logging_mixin.py:188} INFO - [2026-02-18T21:36:16.688+0000] {dag.py:3954} INFO - Setting next_dagrun for update_db to 2026-02-17 15:00:00+00:00, run_after=2026-02-18 15:00:00+00:00
[2026-02-18T21:36:16.707+0000] {processor.py:183} INFO - Processing /opt/airflow/dags/main.py took 0.149 seconds
[2026-02-18T21:36:46.784+0000] {processor.py:161} INFO - Started process (PID=1127) to work on /opt/airflow/dags/main.py
[2026-02-18T21:36:46.785+0000] {processor.py:830} INFO - Processing file /opt/airflow/dags/main.py for tasks to queue
[2026-02-18T21:36:46.787+0000] {logging_mixin.py:188} INFO - [2026-02-18T21:36:46.787+0000] {dagbag.py:545} INFO - Filling up the DagBag from /opt/airflow/dags/main.py
[2026-02-18T21:36:46.854+0000] {processor.py:840} INFO - DAG(s) 'produce_json', 'update_db' retrieved from /opt/airflow/dags/main.py
[2026-02-18T21:36:46.883+0000] {logging_mixin.py:188} INFO - [2026-02-18T21:36:46.883+0000] {dag.py:3096} INFO - Sync 2 DAGs
[2026-02-18T21:36:46.904+0000] {logging_mixin.py:188} INFO - [2026-02-18T21:36:46.903+0000] {dag.py:3954} INFO - Setting next_dagrun for produce_json to 2026-02-17 14:00:00+00:00, run_after=2026-02-18 14:00:00+00:00
[2026-02-18T21:36:46.910+0000] {logging_mixin.py:188} INFO - [2026-02-18T21:36:46.909+0000] {dag.py:3954} INFO - Setting next_dagrun for update_db to 2026-02-17 15:00:00+00:00, run_after=2026-02-18 15:00:00+00:00
[2026-02-18T21:36:46.930+0000] {processor.py:183} INFO - Processing /opt/airflow/dags/main.py took 0.151 seconds
[2026-02-18T21:37:17.210+0000] {processor.py:161} INFO - Started process (PID=1134) to work on /opt/airflow/dags/main.py
[2026-02-18T21:37:17.211+0000] {processor.py:830} INFO - Processing file /opt/airflow/dags/main.py for tasks to queue
[2026-02-18T21:37:17.213+0000] {logging_mixin.py:188} INFO - [2026-02-18T21:37:17.213+0000] {dagbag.py:545} INFO - Filling up the DagBag from /opt/airflow/dags/main.py
[2026-02-18T21:37:17.280+0000] {processor.py:840} INFO - DAG(s) 'produce_json', 'update_db' retrieved from /opt/airflow/dags/main.py
[2026-02-18T21:37:17.308+0000] {logging_mixin.py:188} INFO - [2026-02-18T21:37:17.308+0000] {dag.py:3096} INFO - Sync 2 DAGs
[2026-02-18T21:37:17.329+0000] {logging_mixin.py:188} INFO - [2026-02-18T21:37:17.329+0000] {dag.py:3954} INFO - Setting next_dagrun for produce_json to 2026-02-17 14:00:00+00:00, run_after=2026-02-18 14:00:00+00:00
[2026-02-18T21:37:17.334+0000] {logging_mixin.py:188} INFO - [2026-02-18T21:37:17.334+0000] {dag.py:3954} INFO - Setting next_dagrun for update_db to 2026-02-17 15:00:00+00:00, run_after=2026-02-18 15:00:00+00:00
[2026-02-18T21:37:17.365+0000] {processor.py:183} INFO - Processing /opt/airflow/dags/main.py took 0.159 seconds
[2026-02-18T21:37:47.511+0000] {processor.py:161} INFO - Started process (PID=1141) to work on /opt/airflow/dags/main.py
[2026-02-18T21:37:47.512+0000] {processor.py:830} INFO - Processing file /opt/airflow/dags/main.py for tasks to queue
[2026-02-18T21:37:47.514+0000] {logging_mixin.py:188} INFO - [2026-02-18T21:37:47.513+0000] {dagbag.py:545} INFO - Filling up the DagBag from /opt/airflow/dags/main.py
[2026-02-18T21:37:47.574+0000] {processor.py:840} INFO - DAG(s) 'produce_json', 'update_db' retrieved from /opt/airflow/dags/main.py
[2026-02-18T21:37:47.603+0000] {logging_mixin.py:188} INFO - [2026-02-18T21:37:47.602+0000] {dag.py:3096} INFO - Sync 2 DAGs
[2026-02-18T21:37:47.622+0000] {logging_mixin.py:188} INFO - [2026-02-18T21:37:47.622+0000] {dag.py:3954} INFO - Setting next_dagrun for produce_json to 2026-02-17 14:00:00+00:00, run_after=2026-02-18 14:00:00+00:00
[2026-02-18T21:37:47.627+0000] {logging_mixin.py:188} INFO - [2026-02-18T21:37:47.627+0000] {dag.py:3954} INFO - Setting next_dagrun for update_db to 2026-02-17 15:00:00+00:00, run_after=2026-02-18 15:00:00+00:00
[2026-02-18T21:37:47.646+0000] {processor.py:183} INFO - Processing /opt/airflow/dags/main.py took 0.140 seconds
[2026-02-18T21:38:17.991+0000] {processor.py:161} INFO - Started process (PID=1148) to work on /opt/airflow/dags/main.py
[2026-02-18T21:38:17.992+0000] {processor.py:830} INFO - Processing file /opt/airflow/dags/main.py for tasks to queue
[2026-02-18T21:38:17.993+0000] {logging_mixin.py:188} INFO - [2026-02-18T21:38:17.993+0000] {dagbag.py:545} INFO - Filling up the DagBag from /opt/airflow/dags/main.py
[2026-02-18T21:38:18.061+0000] {processor.py:840} INFO - DAG(s) 'produce_json', 'update_db' retrieved from /opt/airflow/dags/main.py
[2026-02-18T21:38:18.091+0000] {logging_mixin.py:188} INFO - [2026-02-18T21:38:18.090+0000] {dag.py:3096} INFO - Sync 2 DAGs
[2026-02-18T21:38:18.113+0000] {logging_mixin.py:188} INFO - [2026-02-18T21:38:18.113+0000] {dag.py:3954} INFO - Setting next_dagrun for produce_json to 2026-02-17 14:00:00+00:00, run_after=2026-02-18 14:00:00+00:00
[2026-02-18T21:38:18.118+0000] {logging_mixin.py:188} INFO - [2026-02-18T21:38:18.118+0000] {dag.py:3954} INFO - Setting next_dagrun for update_db to 2026-02-17 15:00:00+00:00, run_after=2026-02-18 15:00:00+00:00
[2026-02-18T21:38:18.137+0000] {processor.py:183} INFO - Processing /opt/airflow/dags/main.py took 0.152 seconds
[2026-02-18T21:38:48.266+0000] {processor.py:161} INFO - Started process (PID=1155) to work on /opt/airflow/dags/main.py
[2026-02-18T21:38:48.267+0000] {processor.py:830} INFO - Processing file /opt/airflow/dags/main.py for tasks to queue
[2026-02-18T21:38:48.269+0000] {logging_mixin.py:188} INFO - [2026-02-18T21:38:48.269+0000] {dagbag.py:545} INFO - Filling up the DagBag from /opt/airflow/dags/main.py
[2026-02-18T21:38:48.335+0000] {processor.py:840} INFO - DAG(s) 'update_db', 'produce_json' retrieved from /opt/airflow/dags/main.py
[2026-02-18T21:38:48.363+0000] {logging_mixin.py:188} INFO - [2026-02-18T21:38:48.363+0000] {dag.py:3096} INFO - Sync 2 DAGs
[2026-02-18T21:38:48.383+0000] {logging_mixin.py:188} INFO - [2026-02-18T21:38:48.383+0000] {dag.py:3954} INFO - Setting next_dagrun for produce_json to 2026-02-17 14:00:00+00:00, run_after=2026-02-18 14:00:00+00:00
[2026-02-18T21:38:48.388+0000] {logging_mixin.py:188} INFO - [2026-02-18T21:38:48.388+0000] {dag.py:3954} INFO - Setting next_dagrun for update_db to 2026-02-17 15:00:00+00:00, run_after=2026-02-18 15:00:00+00:00
[2026-02-18T21:38:48.408+0000] {processor.py:183} INFO - Processing /opt/airflow/dags/main.py took 0.148 seconds
[2026-02-18T21:39:18.694+0000] {processor.py:161} INFO - Started process (PID=1162) to work on /opt/airflow/dags/main.py
[2026-02-18T21:39:18.695+0000] {processor.py:830} INFO - Processing file /opt/airflow/dags/main.py for tasks to queue
[2026-02-18T21:39:18.697+0000] {logging_mixin.py:188} INFO - [2026-02-18T21:39:18.696+0000] {dagbag.py:545} INFO - Filling up the DagBag from /opt/airflow/dags/main.py
[2026-02-18T21:39:18.763+0000] {processor.py:840} INFO - DAG(s) 'update_db', 'produce_json' retrieved from /opt/airflow/dags/main.py
[2026-02-18T21:39:18.791+0000] {logging_mixin.py:188} INFO - [2026-02-18T21:39:18.791+0000] {dag.py:3096} INFO - Sync 2 DAGs
[2026-02-18T21:39:18.811+0000] {logging_mixin.py:188} INFO - [2026-02-18T21:39:18.811+0000] {dag.py:3954} INFO - Setting next_dagrun for produce_json to 2026-02-17 14:00:00+00:00, run_after=2026-02-18 14:00:00+00:00
[2026-02-18T21:39:18.816+0000] {logging_mixin.py:188} INFO - [2026-02-18T21:39:18.816+0000] {dag.py:3954} INFO - Setting next_dagrun for update_db to 2026-02-17 15:00:00+00:00, run_after=2026-02-18 15:00:00+00:00
[2026-02-18T21:39:18.849+0000] {processor.py:183} INFO - Processing /opt/airflow/dags/main.py took 0.160 seconds
[2026-02-18T21:39:48.998+0000] {processor.py:161} INFO - Started process (PID=1169) to work on /opt/airflow/dags/main.py
[2026-02-18T21:39:48.999+0000] {processor.py:830} INFO - Processing file /opt/airflow/dags/main.py for tasks to queue
[2026-02-18T21:39:49.001+0000] {logging_mixin.py:188} INFO - [2026-02-18T21:39:49.001+0000] {dagbag.py:545} INFO - Filling up the DagBag from /opt/airflow/dags/main.py
[2026-02-18T21:39:49.087+0000] {processor.py:840} INFO - DAG(s) 'produce_json', 'update_db' retrieved from /opt/airflow/dags/main.py
[2026-02-18T21:39:49.123+0000] {logging_mixin.py:188} INFO - [2026-02-18T21:39:49.123+0000] {dag.py:3096} INFO - Sync 2 DAGs
[2026-02-18T21:39:49.149+0000] {logging_mixin.py:188} INFO - [2026-02-18T21:39:49.148+0000] {dag.py:3954} INFO - Setting next_dagrun for produce_json to 2026-02-17 14:00:00+00:00, run_after=2026-02-18 14:00:00+00:00
[2026-02-18T21:39:49.154+0000] {logging_mixin.py:188} INFO - [2026-02-18T21:39:49.154+0000] {dag.py:3954} INFO - Setting next_dagrun for update_db to 2026-02-17 15:00:00+00:00, run_after=2026-02-18 15:00:00+00:00
[2026-02-18T21:39:49.174+0000] {processor.py:183} INFO - Processing /opt/airflow/dags/main.py took 0.182 seconds
[2026-02-18T21:40:19.348+0000] {processor.py:161} INFO - Started process (PID=1176) to work on /opt/airflow/dags/main.py
[2026-02-18T21:40:19.350+0000] {processor.py:830} INFO - Processing file /opt/airflow/dags/main.py for tasks to queue
[2026-02-18T21:40:19.352+0000] {logging_mixin.py:188} INFO - [2026-02-18T21:40:19.351+0000] {dagbag.py:545} INFO - Filling up the DagBag from /opt/airflow/dags/main.py
[2026-02-18T21:40:19.426+0000] {processor.py:840} INFO - DAG(s) 'produce_json', 'update_db' retrieved from /opt/airflow/dags/main.py
[2026-02-18T21:40:19.456+0000] {logging_mixin.py:188} INFO - [2026-02-18T21:40:19.455+0000] {dag.py:3096} INFO - Sync 2 DAGs
[2026-02-18T21:40:19.478+0000] {logging_mixin.py:188} INFO - [2026-02-18T21:40:19.478+0000] {dag.py:3954} INFO - Setting next_dagrun for produce_json to 2026-02-17 14:00:00+00:00, run_after=2026-02-18 14:00:00+00:00
[2026-02-18T21:40:19.484+0000] {logging_mixin.py:188} INFO - [2026-02-18T21:40:19.483+0000] {dag.py:3954} INFO - Setting next_dagrun for update_db to 2026-02-17 15:00:00+00:00, run_after=2026-02-18 15:00:00+00:00
[2026-02-18T21:40:19.512+0000] {processor.py:183} INFO - Processing /opt/airflow/dags/main.py took 0.170 seconds
[2026-02-18T21:40:49.586+0000] {processor.py:161} INFO - Started process (PID=1183) to work on /opt/airflow/dags/main.py
[2026-02-18T21:40:49.587+0000] {processor.py:830} INFO - Processing file /opt/airflow/dags/main.py for tasks to queue
[2026-02-18T21:40:49.589+0000] {logging_mixin.py:188} INFO - [2026-02-18T21:40:49.589+0000] {dagbag.py:545} INFO - Filling up the DagBag from /opt/airflow/dags/main.py
[2026-02-18T21:40:49.660+0000] {processor.py:840} INFO - DAG(s) 'produce_json', 'update_db' retrieved from /opt/airflow/dags/main.py
[2026-02-18T21:40:49.691+0000] {logging_mixin.py:188} INFO - [2026-02-18T21:40:49.691+0000] {dag.py:3096} INFO - Sync 2 DAGs
[2026-02-18T21:40:49.712+0000] {logging_mixin.py:188} INFO - [2026-02-18T21:40:49.711+0000] {dag.py:3954} INFO - Setting next_dagrun for produce_json to 2026-02-17 14:00:00+00:00, run_after=2026-02-18 14:00:00+00:00
[2026-02-18T21:40:49.719+0000] {logging_mixin.py:188} INFO - [2026-02-18T21:40:49.719+0000] {dag.py:3954} INFO - Setting next_dagrun for update_db to 2026-02-17 15:00:00+00:00, run_after=2026-02-18 15:00:00+00:00
[2026-02-18T21:40:49.752+0000] {processor.py:183} INFO - Processing /opt/airflow/dags/main.py took 0.173 seconds
[2026-02-18T21:41:19.896+0000] {processor.py:161} INFO - Started process (PID=1190) to work on /opt/airflow/dags/main.py
[2026-02-18T21:41:19.897+0000] {processor.py:830} INFO - Processing file /opt/airflow/dags/main.py for tasks to queue
[2026-02-18T21:41:19.899+0000] {logging_mixin.py:188} INFO - [2026-02-18T21:41:19.899+0000] {dagbag.py:545} INFO - Filling up the DagBag from /opt/airflow/dags/main.py
[2026-02-18T21:41:20.018+0000] {processor.py:840} INFO - DAG(s) 'update_db', 'produce_json' retrieved from /opt/airflow/dags/main.py
[2026-02-18T21:41:20.051+0000] {logging_mixin.py:188} INFO - [2026-02-18T21:41:20.050+0000] {dag.py:3096} INFO - Sync 2 DAGs
[2026-02-18T21:41:20.072+0000] {logging_mixin.py:188} INFO - [2026-02-18T21:41:20.071+0000] {dag.py:3954} INFO - Setting next_dagrun for produce_json to 2026-02-17 14:00:00+00:00, run_after=2026-02-18 14:00:00+00:00
[2026-02-18T21:41:20.078+0000] {logging_mixin.py:188} INFO - [2026-02-18T21:41:20.078+0000] {dag.py:3954} INFO - Setting next_dagrun for update_db to 2026-02-17 15:00:00+00:00, run_after=2026-02-18 15:00:00+00:00
[2026-02-18T21:41:20.108+0000] {processor.py:183} INFO - Processing /opt/airflow/dags/main.py took 0.218 seconds
[2026-02-18T21:41:50.340+0000] {processor.py:161} INFO - Started process (PID=1197) to work on /opt/airflow/dags/main.py
[2026-02-18T21:41:50.341+0000] {processor.py:830} INFO - Processing file /opt/airflow/dags/main.py for tasks to queue
[2026-02-18T21:41:50.343+0000] {logging_mixin.py:188} INFO - [2026-02-18T21:41:50.343+0000] {dagbag.py:545} INFO - Filling up the DagBag from /opt/airflow/dags/main.py
[2026-02-18T21:41:50.415+0000] {processor.py:840} INFO - DAG(s) 'produce_json', 'update_db' retrieved from /opt/airflow/dags/main.py
[2026-02-18T21:41:50.447+0000] {logging_mixin.py:188} INFO - [2026-02-18T21:41:50.446+0000] {dag.py:3096} INFO - Sync 2 DAGs
[2026-02-18T21:41:50.468+0000] {logging_mixin.py:188} INFO - [2026-02-18T21:41:50.468+0000] {dag.py:3954} INFO - Setting next_dagrun for produce_json to 2026-02-17 14:00:00+00:00, run_after=2026-02-18 14:00:00+00:00
[2026-02-18T21:41:50.474+0000] {logging_mixin.py:188} INFO - [2026-02-18T21:41:50.473+0000] {dag.py:3954} INFO - Setting next_dagrun for update_db to 2026-02-17 15:00:00+00:00, run_after=2026-02-18 15:00:00+00:00
[2026-02-18T21:41:50.502+0000] {processor.py:183} INFO - Processing /opt/airflow/dags/main.py took 0.167 seconds
[2026-02-18T21:42:20.700+0000] {processor.py:161} INFO - Started process (PID=1205) to work on /opt/airflow/dags/main.py
[2026-02-18T21:42:20.701+0000] {processor.py:830} INFO - Processing file /opt/airflow/dags/main.py for tasks to queue
[2026-02-18T21:42:20.704+0000] {logging_mixin.py:188} INFO - [2026-02-18T21:42:20.704+0000] {dagbag.py:545} INFO - Filling up the DagBag from /opt/airflow/dags/main.py
[2026-02-18T21:42:20.794+0000] {processor.py:840} INFO - DAG(s) 'update_db', 'produce_json' retrieved from /opt/airflow/dags/main.py
[2026-02-18T21:42:20.831+0000] {logging_mixin.py:188} INFO - [2026-02-18T21:42:20.831+0000] {dag.py:3096} INFO - Sync 2 DAGs
[2026-02-18T21:42:20.865+0000] {logging_mixin.py:188} INFO - [2026-02-18T21:42:20.864+0000] {dag.py:3954} INFO - Setting next_dagrun for produce_json to 2026-02-17 14:00:00+00:00, run_after=2026-02-18 14:00:00+00:00
[2026-02-18T21:42:20.871+0000] {logging_mixin.py:188} INFO - [2026-02-18T21:42:20.871+0000] {dag.py:3954} INFO - Setting next_dagrun for update_db to 2026-02-17 15:00:00+00:00, run_after=2026-02-18 15:00:00+00:00
[2026-02-18T21:42:20.903+0000] {processor.py:183} INFO - Processing /opt/airflow/dags/main.py took 0.209 seconds
[2026-02-18T21:42:51.096+0000] {processor.py:161} INFO - Started process (PID=1212) to work on /opt/airflow/dags/main.py
[2026-02-18T21:42:51.098+0000] {processor.py:830} INFO - Processing file /opt/airflow/dags/main.py for tasks to queue
[2026-02-18T21:42:51.099+0000] {logging_mixin.py:188} INFO - [2026-02-18T21:42:51.099+0000] {dagbag.py:545} INFO - Filling up the DagBag from /opt/airflow/dags/main.py
[2026-02-18T21:42:51.174+0000] {processor.py:840} INFO - DAG(s) 'produce_json', 'update_db' retrieved from /opt/airflow/dags/main.py
[2026-02-18T21:42:51.206+0000] {logging_mixin.py:188} INFO - [2026-02-18T21:42:51.206+0000] {dag.py:3096} INFO - Sync 2 DAGs
[2026-02-18T21:42:51.229+0000] {logging_mixin.py:188} INFO - [2026-02-18T21:42:51.228+0000] {dag.py:3954} INFO - Setting next_dagrun for produce_json to 2026-02-17 14:00:00+00:00, run_after=2026-02-18 14:00:00+00:00
[2026-02-18T21:42:51.233+0000] {logging_mixin.py:188} INFO - [2026-02-18T21:42:51.233+0000] {dag.py:3954} INFO - Setting next_dagrun for update_db to 2026-02-17 15:00:00+00:00, run_after=2026-02-18 15:00:00+00:00
[2026-02-18T21:42:51.264+0000] {processor.py:183} INFO - Processing /opt/airflow/dags/main.py took 0.173 seconds
[2026-02-18T21:43:21.435+0000] {processor.py:161} INFO - Started process (PID=1219) to work on /opt/airflow/dags/main.py
[2026-02-18T21:43:21.437+0000] {processor.py:830} INFO - Processing file /opt/airflow/dags/main.py for tasks to queue
[2026-02-18T21:43:21.439+0000] {logging_mixin.py:188} INFO - [2026-02-18T21:43:21.438+0000] {dagbag.py:545} INFO - Filling up the DagBag from /opt/airflow/dags/main.py
[2026-02-18T21:43:21.511+0000] {processor.py:840} INFO - DAG(s) 'produce_json', 'update_db' retrieved from /opt/airflow/dags/main.py
[2026-02-18T21:43:21.543+0000] {logging_mixin.py:188} INFO - [2026-02-18T21:43:21.543+0000] {dag.py:3096} INFO - Sync 2 DAGs
[2026-02-18T21:43:21.565+0000] {logging_mixin.py:188} INFO - [2026-02-18T21:43:21.565+0000] {dag.py:3954} INFO - Setting next_dagrun for produce_json to 2026-02-17 14:00:00+00:00, run_after=2026-02-18 14:00:00+00:00
[2026-02-18T21:43:21.571+0000] {logging_mixin.py:188} INFO - [2026-02-18T21:43:21.571+0000] {dag.py:3954} INFO - Setting next_dagrun for update_db to 2026-02-17 15:00:00+00:00, run_after=2026-02-18 15:00:00+00:00
[2026-02-18T21:43:21.601+0000] {processor.py:183} INFO - Processing /opt/airflow/dags/main.py took 0.171 seconds
[2026-02-18T21:43:51.655+0000] {processor.py:161} INFO - Started process (PID=1226) to work on /opt/airflow/dags/main.py
[2026-02-18T21:43:51.656+0000] {processor.py:830} INFO - Processing file /opt/airflow/dags/main.py for tasks to queue
[2026-02-18T21:43:51.658+0000] {logging_mixin.py:188} INFO - [2026-02-18T21:43:51.657+0000] {dagbag.py:545} INFO - Filling up the DagBag from /opt/airflow/dags/main.py
[2026-02-18T21:43:51.728+0000] {processor.py:840} INFO - DAG(s) 'update_db', 'produce_json' retrieved from /opt/airflow/dags/main.py
[2026-02-18T21:43:51.758+0000] {logging_mixin.py:188} INFO - [2026-02-18T21:43:51.758+0000] {dag.py:3096} INFO - Sync 2 DAGs
[2026-02-18T21:43:51.781+0000] {logging_mixin.py:188} INFO - [2026-02-18T21:43:51.781+0000] {dag.py:3954} INFO - Setting next_dagrun for produce_json to 2026-02-17 14:00:00+00:00, run_after=2026-02-18 14:00:00+00:00
[2026-02-18T21:43:51.787+0000] {logging_mixin.py:188} INFO - [2026-02-18T21:43:51.787+0000] {dag.py:3954} INFO - Setting next_dagrun for update_db to 2026-02-17 15:00:00+00:00, run_after=2026-02-18 15:00:00+00:00
[2026-02-18T21:43:51.816+0000] {processor.py:183} INFO - Processing /opt/airflow/dags/main.py took 0.168 seconds
[2026-02-18T21:44:22.010+0000] {processor.py:161} INFO - Started process (PID=1233) to work on /opt/airflow/dags/main.py
[2026-02-18T21:44:22.011+0000] {processor.py:830} INFO - Processing file /opt/airflow/dags/main.py for tasks to queue
[2026-02-18T21:44:22.013+0000] {logging_mixin.py:188} INFO - [2026-02-18T21:44:22.013+0000] {dagbag.py:545} INFO - Filling up the DagBag from /opt/airflow/dags/main.py
[2026-02-18T21:44:22.092+0000] {processor.py:840} INFO - DAG(s) 'update_db', 'produce_json' retrieved from /opt/airflow/dags/main.py
[2026-02-18T21:44:22.121+0000] {logging_mixin.py:188} INFO - [2026-02-18T21:44:22.121+0000] {dag.py:3096} INFO - Sync 2 DAGs
[2026-02-18T21:44:22.143+0000] {logging_mixin.py:188} INFO - [2026-02-18T21:44:22.142+0000] {dag.py:3954} INFO - Setting next_dagrun for produce_json to 2026-02-17 14:00:00+00:00, run_after=2026-02-18 14:00:00+00:00
[2026-02-18T21:44:22.148+0000] {logging_mixin.py:188} INFO - [2026-02-18T21:44:22.148+0000] {dag.py:3954} INFO - Setting next_dagrun for update_db to 2026-02-17 15:00:00+00:00, run_after=2026-02-18 15:00:00+00:00
[2026-02-18T21:44:22.176+0000] {processor.py:183} INFO - Processing /opt/airflow/dags/main.py took 0.171 seconds
[2026-02-18T21:44:52.376+0000] {processor.py:161} INFO - Started process (PID=1241) to work on /opt/airflow/dags/main.py
[2026-02-18T21:44:52.377+0000] {processor.py:830} INFO - Processing file /opt/airflow/dags/main.py for tasks to queue
[2026-02-18T21:44:52.380+0000] {logging_mixin.py:188} INFO - [2026-02-18T21:44:52.379+0000] {dagbag.py:545} INFO - Filling up the DagBag from /opt/airflow/dags/main.py
[2026-02-18T21:44:52.473+0000] {processor.py:840} INFO - DAG(s) 'produce_json', 'update_db' retrieved from /opt/airflow/dags/main.py
[2026-02-18T21:44:52.507+0000] {logging_mixin.py:188} INFO - [2026-02-18T21:44:52.506+0000] {dag.py:3096} INFO - Sync 2 DAGs
[2026-02-18T21:44:52.529+0000] {logging_mixin.py:188} INFO - [2026-02-18T21:44:52.529+0000] {dag.py:3954} INFO - Setting next_dagrun for produce_json to 2026-02-17 14:00:00+00:00, run_after=2026-02-18 14:00:00+00:00
[2026-02-18T21:44:52.534+0000] {logging_mixin.py:188} INFO - [2026-02-18T21:44:52.534+0000] {dag.py:3954} INFO - Setting next_dagrun for update_db to 2026-02-17 15:00:00+00:00, run_after=2026-02-18 15:00:00+00:00
[2026-02-18T21:44:52.555+0000] {processor.py:183} INFO - Processing /opt/airflow/dags/main.py took 0.185 seconds
[2026-02-18T21:45:22.750+0000] {processor.py:161} INFO - Started process (PID=1248) to work on /opt/airflow/dags/main.py
[2026-02-18T21:45:22.751+0000] {processor.py:830} INFO - Processing file /opt/airflow/dags/main.py for tasks to queue
[2026-02-18T21:45:22.753+0000] {logging_mixin.py:188} INFO - [2026-02-18T21:45:22.753+0000] {dagbag.py:545} INFO - Filling up the DagBag from /opt/airflow/dags/main.py
[2026-02-18T21:45:22.832+0000] {processor.py:840} INFO - DAG(s) 'produce_json', 'update_db' retrieved from /opt/airflow/dags/main.py
[2026-02-18T21:45:22.865+0000] {logging_mixin.py:188} INFO - [2026-02-18T21:45:22.865+0000] {dag.py:3096} INFO - Sync 2 DAGs
[2026-02-18T21:45:22.888+0000] {logging_mixin.py:188} INFO - [2026-02-18T21:45:22.887+0000] {dag.py:3954} INFO - Setting next_dagrun for produce_json to 2026-02-17 14:00:00+00:00, run_after=2026-02-18 14:00:00+00:00
[2026-02-18T21:45:22.893+0000] {logging_mixin.py:188} INFO - [2026-02-18T21:45:22.893+0000] {dag.py:3954} INFO - Setting next_dagrun for update_db to 2026-02-17 15:00:00+00:00, run_after=2026-02-18 15:00:00+00:00
[2026-02-18T21:45:22.914+0000] {processor.py:183} INFO - Processing /opt/airflow/dags/main.py took 0.169 seconds
[2026-02-18T21:45:53.114+0000] {processor.py:161} INFO - Started process (PID=1255) to work on /opt/airflow/dags/main.py
[2026-02-18T21:45:53.115+0000] {processor.py:830} INFO - Processing file /opt/airflow/dags/main.py for tasks to queue
[2026-02-18T21:45:53.117+0000] {logging_mixin.py:188} INFO - [2026-02-18T21:45:53.117+0000] {dagbag.py:545} INFO - Filling up the DagBag from /opt/airflow/dags/main.py
[2026-02-18T21:45:53.185+0000] {processor.py:840} INFO - DAG(s) 'update_db', 'produce_json' retrieved from /opt/airflow/dags/main.py
[2026-02-18T21:45:53.217+0000] {logging_mixin.py:188} INFO - [2026-02-18T21:45:53.216+0000] {dag.py:3096} INFO - Sync 2 DAGs
[2026-02-18T21:45:53.239+0000] {logging_mixin.py:188} INFO - [2026-02-18T21:45:53.239+0000] {dag.py:3954} INFO - Setting next_dagrun for produce_json to 2026-02-17 14:00:00+00:00, run_after=2026-02-18 14:00:00+00:00
[2026-02-18T21:45:53.244+0000] {logging_mixin.py:188} INFO - [2026-02-18T21:45:53.244+0000] {dag.py:3954} INFO - Setting next_dagrun for update_db to 2026-02-17 15:00:00+00:00, run_after=2026-02-18 15:00:00+00:00
[2026-02-18T21:45:53.265+0000] {processor.py:183} INFO - Processing /opt/airflow/dags/main.py took 0.157 seconds
[2026-02-18T21:46:23.464+0000] {processor.py:161} INFO - Started process (PID=1262) to work on /opt/airflow/dags/main.py
[2026-02-18T21:46:23.466+0000] {processor.py:830} INFO - Processing file /opt/airflow/dags/main.py for tasks to queue
[2026-02-18T21:46:23.468+0000] {logging_mixin.py:188} INFO - [2026-02-18T21:46:23.467+0000] {dagbag.py:545} INFO - Filling up the DagBag from /opt/airflow/dags/main.py
[2026-02-18T21:46:23.567+0000] {processor.py:840} INFO - DAG(s) 'update_db', 'produce_json' retrieved from /opt/airflow/dags/main.py
[2026-02-18T21:46:23.597+0000] {logging_mixin.py:188} INFO - [2026-02-18T21:46:23.597+0000] {dag.py:3096} INFO - Sync 2 DAGs
[2026-02-18T21:46:23.625+0000] {logging_mixin.py:188} INFO - [2026-02-18T21:46:23.625+0000] {dag.py:3954} INFO - Setting next_dagrun for produce_json to 2026-02-17 14:00:00+00:00, run_after=2026-02-18 14:00:00+00:00
[2026-02-18T21:46:23.631+0000] {logging_mixin.py:188} INFO - [2026-02-18T21:46:23.630+0000] {dag.py:3954} INFO - Setting next_dagrun for update_db to 2026-02-17 15:00:00+00:00, run_after=2026-02-18 15:00:00+00:00
[2026-02-18T21:46:23.661+0000] {processor.py:183} INFO - Processing /opt/airflow/dags/main.py took 0.202 seconds
[2026-02-18T21:46:53.852+0000] {processor.py:161} INFO - Started process (PID=1269) to work on /opt/airflow/dags/main.py
[2026-02-18T21:46:53.853+0000] {processor.py:830} INFO - Processing file /opt/airflow/dags/main.py for tasks to queue
[2026-02-18T21:46:53.856+0000] {logging_mixin.py:188} INFO - [2026-02-18T21:46:53.855+0000] {dagbag.py:545} INFO - Filling up the DagBag from /opt/airflow/dags/main.py
[2026-02-18T21:46:53.926+0000] {processor.py:840} INFO - DAG(s) 'produce_json', 'update_db' retrieved from /opt/airflow/dags/main.py
[2026-02-18T21:46:53.960+0000] {logging_mixin.py:188} INFO - [2026-02-18T21:46:53.959+0000] {dag.py:3096} INFO - Sync 2 DAGs
[2026-02-18T21:46:53.983+0000] {logging_mixin.py:188} INFO - [2026-02-18T21:46:53.983+0000] {dag.py:3954} INFO - Setting next_dagrun for produce_json to 2026-02-17 14:00:00+00:00, run_after=2026-02-18 14:00:00+00:00
[2026-02-18T21:46:53.988+0000] {logging_mixin.py:188} INFO - [2026-02-18T21:46:53.988+0000] {dag.py:3954} INFO - Setting next_dagrun for update_db to 2026-02-17 15:00:00+00:00, run_after=2026-02-18 15:00:00+00:00
[2026-02-18T21:46:54.019+0000] {processor.py:183} INFO - Processing /opt/airflow/dags/main.py took 0.172 seconds
[2026-02-18T21:47:24.222+0000] {processor.py:161} INFO - Started process (PID=1276) to work on /opt/airflow/dags/main.py
[2026-02-18T21:47:24.223+0000] {processor.py:830} INFO - Processing file /opt/airflow/dags/main.py for tasks to queue
[2026-02-18T21:47:24.225+0000] {logging_mixin.py:188} INFO - [2026-02-18T21:47:24.224+0000] {dagbag.py:545} INFO - Filling up the DagBag from /opt/airflow/dags/main.py
[2026-02-18T21:47:24.301+0000] {processor.py:840} INFO - DAG(s) 'update_db', 'produce_json' retrieved from /opt/airflow/dags/main.py
[2026-02-18T21:47:24.331+0000] {logging_mixin.py:188} INFO - [2026-02-18T21:47:24.331+0000] {dag.py:3096} INFO - Sync 2 DAGs
[2026-02-18T21:47:24.352+0000] {logging_mixin.py:188} INFO - [2026-02-18T21:47:24.352+0000] {dag.py:3954} INFO - Setting next_dagrun for produce_json to 2026-02-17 14:00:00+00:00, run_after=2026-02-18 14:00:00+00:00
[2026-02-18T21:47:24.358+0000] {logging_mixin.py:188} INFO - [2026-02-18T21:47:24.358+0000] {dag.py:3954} INFO - Setting next_dagrun for update_db to 2026-02-17 15:00:00+00:00, run_after=2026-02-18 15:00:00+00:00
[2026-02-18T21:47:24.389+0000] {processor.py:183} INFO - Processing /opt/airflow/dags/main.py took 0.173 seconds
[2026-02-18T21:47:54.562+0000] {processor.py:161} INFO - Started process (PID=1283) to work on /opt/airflow/dags/main.py
[2026-02-18T21:47:54.563+0000] {processor.py:830} INFO - Processing file /opt/airflow/dags/main.py for tasks to queue
[2026-02-18T21:47:54.566+0000] {logging_mixin.py:188} INFO - [2026-02-18T21:47:54.566+0000] {dagbag.py:545} INFO - Filling up the DagBag from /opt/airflow/dags/main.py
[2026-02-18T21:47:54.642+0000] {processor.py:840} INFO - DAG(s) 'update_db', 'produce_json' retrieved from /opt/airflow/dags/main.py
[2026-02-18T21:47:54.673+0000] {logging_mixin.py:188} INFO - [2026-02-18T21:47:54.673+0000] {dag.py:3096} INFO - Sync 2 DAGs
[2026-02-18T21:47:54.693+0000] {logging_mixin.py:188} INFO - [2026-02-18T21:47:54.693+0000] {dag.py:3954} INFO - Setting next_dagrun for produce_json to 2026-02-17 14:00:00+00:00, run_after=2026-02-18 14:00:00+00:00
[2026-02-18T21:47:54.699+0000] {logging_mixin.py:188} INFO - [2026-02-18T21:47:54.699+0000] {dag.py:3954} INFO - Setting next_dagrun for update_db to 2026-02-17 15:00:00+00:00, run_after=2026-02-18 15:00:00+00:00
[2026-02-18T21:47:54.720+0000] {processor.py:183} INFO - Processing /opt/airflow/dags/main.py took 0.163 seconds
[2026-02-18T21:48:24.773+0000] {processor.py:161} INFO - Started process (PID=1291) to work on /opt/airflow/dags/main.py
[2026-02-18T21:48:24.774+0000] {processor.py:830} INFO - Processing file /opt/airflow/dags/main.py for tasks to queue
[2026-02-18T21:48:24.776+0000] {logging_mixin.py:188} INFO - [2026-02-18T21:48:24.776+0000] {dagbag.py:545} INFO - Filling up the DagBag from /opt/airflow/dags/main.py
[2026-02-18T21:48:24.870+0000] {processor.py:840} INFO - DAG(s) 'update_db', 'produce_json' retrieved from /opt/airflow/dags/main.py
[2026-02-18T21:48:24.904+0000] {logging_mixin.py:188} INFO - [2026-02-18T21:48:24.904+0000] {dag.py:3096} INFO - Sync 2 DAGs
[2026-02-18T21:48:24.927+0000] {logging_mixin.py:188} INFO - [2026-02-18T21:48:24.926+0000] {dag.py:3954} INFO - Setting next_dagrun for produce_json to 2026-02-17 14:00:00+00:00, run_after=2026-02-18 14:00:00+00:00
[2026-02-18T21:48:24.933+0000] {logging_mixin.py:188} INFO - [2026-02-18T21:48:24.933+0000] {dag.py:3954} INFO - Setting next_dagrun for update_db to 2026-02-17 15:00:00+00:00, run_after=2026-02-18 15:00:00+00:00
[2026-02-18T21:48:24.956+0000] {processor.py:183} INFO - Processing /opt/airflow/dags/main.py took 0.189 seconds
[2026-02-18T21:48:55.113+0000] {processor.py:161} INFO - Started process (PID=1298) to work on /opt/airflow/dags/main.py
[2026-02-18T21:48:55.114+0000] {processor.py:830} INFO - Processing file /opt/airflow/dags/main.py for tasks to queue
[2026-02-18T21:48:55.116+0000] {logging_mixin.py:188} INFO - [2026-02-18T21:48:55.116+0000] {dagbag.py:545} INFO - Filling up the DagBag from /opt/airflow/dags/main.py
[2026-02-18T21:48:55.250+0000] {processor.py:840} INFO - DAG(s) 'produce_json', 'update_db' retrieved from /opt/airflow/dags/main.py
[2026-02-18T21:48:55.282+0000] {logging_mixin.py:188} INFO - [2026-02-18T21:48:55.282+0000] {dag.py:3096} INFO - Sync 2 DAGs
[2026-02-18T21:48:55.305+0000] {logging_mixin.py:188} INFO - [2026-02-18T21:48:55.305+0000] {dag.py:3954} INFO - Setting next_dagrun for produce_json to 2026-02-17 14:00:00+00:00, run_after=2026-02-18 14:00:00+00:00
[2026-02-18T21:48:55.309+0000] {logging_mixin.py:188} INFO - [2026-02-18T21:48:55.309+0000] {dag.py:3954} INFO - Setting next_dagrun for update_db to 2026-02-17 15:00:00+00:00, run_after=2026-02-18 15:00:00+00:00
[2026-02-18T21:48:55.339+0000] {processor.py:183} INFO - Processing /opt/airflow/dags/main.py took 0.233 seconds
[2026-02-18T21:49:25.532+0000] {processor.py:161} INFO - Started process (PID=1305) to work on /opt/airflow/dags/main.py
[2026-02-18T21:49:25.534+0000] {processor.py:830} INFO - Processing file /opt/airflow/dags/main.py for tasks to queue
[2026-02-18T21:49:25.537+0000] {logging_mixin.py:188} INFO - [2026-02-18T21:49:25.536+0000] {dagbag.py:545} INFO - Filling up the DagBag from /opt/airflow/dags/main.py
[2026-02-18T21:49:25.614+0000] {processor.py:840} INFO - DAG(s) 'update_db', 'produce_json' retrieved from /opt/airflow/dags/main.py
[2026-02-18T21:49:25.647+0000] {logging_mixin.py:188} INFO - [2026-02-18T21:49:25.647+0000] {dag.py:3096} INFO - Sync 2 DAGs
[2026-02-18T21:49:25.673+0000] {logging_mixin.py:188} INFO - [2026-02-18T21:49:25.673+0000] {dag.py:3954} INFO - Setting next_dagrun for produce_json to 2026-02-17 14:00:00+00:00, run_after=2026-02-18 14:00:00+00:00
[2026-02-18T21:49:25.680+0000] {logging_mixin.py:188} INFO - [2026-02-18T21:49:25.679+0000] {dag.py:3954} INFO - Setting next_dagrun for update_db to 2026-02-17 15:00:00+00:00, run_after=2026-02-18 15:00:00+00:00
[2026-02-18T21:49:25.713+0000] {processor.py:183} INFO - Processing /opt/airflow/dags/main.py took 0.186 seconds
[2026-02-18T21:49:55.905+0000] {processor.py:161} INFO - Started process (PID=1312) to work on /opt/airflow/dags/main.py
[2026-02-18T21:49:55.906+0000] {processor.py:830} INFO - Processing file /opt/airflow/dags/main.py for tasks to queue
[2026-02-18T21:49:55.908+0000] {logging_mixin.py:188} INFO - [2026-02-18T21:49:55.908+0000] {dagbag.py:545} INFO - Filling up the DagBag from /opt/airflow/dags/main.py
[2026-02-18T21:49:55.980+0000] {processor.py:840} INFO - DAG(s) 'update_db', 'produce_json' retrieved from /opt/airflow/dags/main.py
[2026-02-18T21:49:56.012+0000] {logging_mixin.py:188} INFO - [2026-02-18T21:49:56.012+0000] {dag.py:3096} INFO - Sync 2 DAGs
[2026-02-18T21:49:56.037+0000] {logging_mixin.py:188} INFO - [2026-02-18T21:49:56.037+0000] {dag.py:3954} INFO - Setting next_dagrun for produce_json to 2026-02-17 14:00:00+00:00, run_after=2026-02-18 14:00:00+00:00
[2026-02-18T21:49:56.043+0000] {logging_mixin.py:188} INFO - [2026-02-18T21:49:56.042+0000] {dag.py:3954} INFO - Setting next_dagrun for update_db to 2026-02-17 15:00:00+00:00, run_after=2026-02-18 15:00:00+00:00
[2026-02-18T21:49:56.071+0000] {processor.py:183} INFO - Processing /opt/airflow/dags/main.py took 0.171 seconds
[2026-02-18T21:50:26.273+0000] {processor.py:161} INFO - Started process (PID=1319) to work on /opt/airflow/dags/main.py
[2026-02-18T21:50:26.274+0000] {processor.py:830} INFO - Processing file /opt/airflow/dags/main.py for tasks to queue
[2026-02-18T21:50:26.277+0000] {logging_mixin.py:188} INFO - [2026-02-18T21:50:26.276+0000] {dagbag.py:545} INFO - Filling up the DagBag from /opt/airflow/dags/main.py
[2026-02-18T21:50:26.351+0000] {processor.py:840} INFO - DAG(s) 'produce_json', 'update_db' retrieved from /opt/airflow/dags/main.py
[2026-02-18T21:50:26.382+0000] {logging_mixin.py:188} INFO - [2026-02-18T21:50:26.382+0000] {dag.py:3096} INFO - Sync 2 DAGs
[2026-02-18T21:50:26.404+0000] {logging_mixin.py:188} INFO - [2026-02-18T21:50:26.404+0000] {dag.py:3954} INFO - Setting next_dagrun for produce_json to 2026-02-17 14:00:00+00:00, run_after=2026-02-18 14:00:00+00:00
[2026-02-18T21:50:26.408+0000] {logging_mixin.py:188} INFO - [2026-02-18T21:50:26.408+0000] {dag.py:3954} INFO - Setting next_dagrun for update_db to 2026-02-17 15:00:00+00:00, run_after=2026-02-18 15:00:00+00:00
[2026-02-18T21:50:26.440+0000] {processor.py:183} INFO - Processing /opt/airflow/dags/main.py took 0.176 seconds
[2026-02-18T21:50:56.493+0000] {processor.py:161} INFO - Started process (PID=1326) to work on /opt/airflow/dags/main.py
[2026-02-18T21:50:56.494+0000] {processor.py:830} INFO - Processing file /opt/airflow/dags/main.py for tasks to queue
[2026-02-18T21:50:56.496+0000] {logging_mixin.py:188} INFO - [2026-02-18T21:50:56.496+0000] {dagbag.py:545} INFO - Filling up the DagBag from /opt/airflow/dags/main.py
[2026-02-18T21:50:56.589+0000] {processor.py:840} INFO - DAG(s) 'produce_json', 'update_db' retrieved from /opt/airflow/dags/main.py
[2026-02-18T21:50:56.627+0000] {logging_mixin.py:188} INFO - [2026-02-18T21:50:56.626+0000] {dag.py:3096} INFO - Sync 2 DAGs
[2026-02-18T21:50:56.651+0000] {logging_mixin.py:188} INFO - [2026-02-18T21:50:56.651+0000] {dag.py:3954} INFO - Setting next_dagrun for produce_json to 2026-02-17 14:00:00+00:00, run_after=2026-02-18 14:00:00+00:00
[2026-02-18T21:50:56.656+0000] {logging_mixin.py:188} INFO - [2026-02-18T21:50:56.656+0000] {dag.py:3954} INFO - Setting next_dagrun for update_db to 2026-02-17 15:00:00+00:00, run_after=2026-02-18 15:00:00+00:00
[2026-02-18T21:50:56.695+0000] {processor.py:183} INFO - Processing /opt/airflow/dags/main.py took 0.208 seconds
[2026-02-18T21:51:26.840+0000] {processor.py:161} INFO - Started process (PID=1333) to work on /opt/airflow/dags/main.py
[2026-02-18T21:51:26.841+0000] {processor.py:830} INFO - Processing file /opt/airflow/dags/main.py for tasks to queue
[2026-02-18T21:51:26.843+0000] {logging_mixin.py:188} INFO - [2026-02-18T21:51:26.843+0000] {dagbag.py:545} INFO - Filling up the DagBag from /opt/airflow/dags/main.py
[2026-02-18T21:51:26.916+0000] {processor.py:840} INFO - DAG(s) 'produce_json', 'update_db' retrieved from /opt/airflow/dags/main.py
[2026-02-18T21:51:26.952+0000] {logging_mixin.py:188} INFO - [2026-02-18T21:51:26.952+0000] {dag.py:3096} INFO - Sync 2 DAGs
[2026-02-18T21:51:26.972+0000] {logging_mixin.py:188} INFO - [2026-02-18T21:51:26.972+0000] {dag.py:3954} INFO - Setting next_dagrun for produce_json to 2026-02-17 14:00:00+00:00, run_after=2026-02-18 14:00:00+00:00
[2026-02-18T21:51:26.978+0000] {logging_mixin.py:188} INFO - [2026-02-18T21:51:26.978+0000] {dag.py:3954} INFO - Setting next_dagrun for update_db to 2026-02-17 15:00:00+00:00, run_after=2026-02-18 15:00:00+00:00
[2026-02-18T21:51:27.009+0000] {processor.py:183} INFO - Processing /opt/airflow/dags/main.py took 0.175 seconds
[2026-02-18T21:51:57.079+0000] {processor.py:161} INFO - Started process (PID=1340) to work on /opt/airflow/dags/main.py
[2026-02-18T21:51:57.080+0000] {processor.py:830} INFO - Processing file /opt/airflow/dags/main.py for tasks to queue
[2026-02-18T21:51:57.082+0000] {logging_mixin.py:188} INFO - [2026-02-18T21:51:57.081+0000] {dagbag.py:545} INFO - Filling up the DagBag from /opt/airflow/dags/main.py
[2026-02-18T21:51:57.167+0000] {processor.py:840} INFO - DAG(s) 'update_db', 'produce_json' retrieved from /opt/airflow/dags/main.py
[2026-02-18T21:51:57.196+0000] {logging_mixin.py:188} INFO - [2026-02-18T21:51:57.196+0000] {dag.py:3096} INFO - Sync 2 DAGs
[2026-02-18T21:51:57.218+0000] {logging_mixin.py:188} INFO - [2026-02-18T21:51:57.218+0000] {dag.py:3954} INFO - Setting next_dagrun for produce_json to 2026-02-17 14:00:00+00:00, run_after=2026-02-18 14:00:00+00:00
[2026-02-18T21:51:57.224+0000] {logging_mixin.py:188} INFO - [2026-02-18T21:51:57.224+0000] {dag.py:3954} INFO - Setting next_dagrun for update_db to 2026-02-17 15:00:00+00:00, run_after=2026-02-18 15:00:00+00:00
[2026-02-18T21:51:57.245+0000] {processor.py:183} INFO - Processing /opt/airflow/dags/main.py took 0.171 seconds
[2026-02-18T21:52:27.380+0000] {processor.py:161} INFO - Started process (PID=1347) to work on /opt/airflow/dags/main.py
[2026-02-18T21:52:27.381+0000] {processor.py:830} INFO - Processing file /opt/airflow/dags/main.py for tasks to queue
[2026-02-18T21:52:27.383+0000] {logging_mixin.py:188} INFO - [2026-02-18T21:52:27.383+0000] {dagbag.py:545} INFO - Filling up the DagBag from /opt/airflow/dags/main.py
[2026-02-18T21:52:27.465+0000] {processor.py:840} INFO - DAG(s) 'produce_json', 'update_db' retrieved from /opt/airflow/dags/main.py
[2026-02-18T21:52:27.496+0000] {logging_mixin.py:188} INFO - [2026-02-18T21:52:27.496+0000] {dag.py:3096} INFO - Sync 2 DAGs
[2026-02-18T21:52:27.518+0000] {logging_mixin.py:188} INFO - [2026-02-18T21:52:27.518+0000] {dag.py:3954} INFO - Setting next_dagrun for produce_json to 2026-02-17 14:00:00+00:00, run_after=2026-02-18 14:00:00+00:00
[2026-02-18T21:52:27.523+0000] {logging_mixin.py:188} INFO - [2026-02-18T21:52:27.523+0000] {dag.py:3954} INFO - Setting next_dagrun for update_db to 2026-02-17 15:00:00+00:00, run_after=2026-02-18 15:00:00+00:00
[2026-02-18T21:52:27.543+0000] {processor.py:183} INFO - Processing /opt/airflow/dags/main.py took 0.169 seconds
[2026-02-18T21:52:57.742+0000] {processor.py:161} INFO - Started process (PID=1354) to work on /opt/airflow/dags/main.py
[2026-02-18T21:52:57.743+0000] {processor.py:830} INFO - Processing file /opt/airflow/dags/main.py for tasks to queue
[2026-02-18T21:52:57.745+0000] {logging_mixin.py:188} INFO - [2026-02-18T21:52:57.745+0000] {dagbag.py:545} INFO - Filling up the DagBag from /opt/airflow/dags/main.py
[2026-02-18T21:52:57.818+0000] {processor.py:840} INFO - DAG(s) 'produce_json', 'update_db' retrieved from /opt/airflow/dags/main.py
[2026-02-18T21:52:57.850+0000] {logging_mixin.py:188} INFO - [2026-02-18T21:52:57.850+0000] {dag.py:3096} INFO - Sync 2 DAGs
[2026-02-18T21:52:57.873+0000] {logging_mixin.py:188} INFO - [2026-02-18T21:52:57.872+0000] {dag.py:3954} INFO - Setting next_dagrun for produce_json to 2026-02-17 14:00:00+00:00, run_after=2026-02-18 14:00:00+00:00
[2026-02-18T21:52:57.879+0000] {logging_mixin.py:188} INFO - [2026-02-18T21:52:57.878+0000] {dag.py:3954} INFO - Setting next_dagrun for update_db to 2026-02-17 15:00:00+00:00, run_after=2026-02-18 15:00:00+00:00
[2026-02-18T21:52:57.901+0000] {processor.py:183} INFO - Processing /opt/airflow/dags/main.py took 0.164 seconds
[2026-02-18T21:53:27.953+0000] {processor.py:161} INFO - Started process (PID=1361) to work on /opt/airflow/dags/main.py
[2026-02-18T21:53:27.954+0000] {processor.py:830} INFO - Processing file /opt/airflow/dags/main.py for tasks to queue
[2026-02-18T21:53:27.956+0000] {logging_mixin.py:188} INFO - [2026-02-18T21:53:27.956+0000] {dagbag.py:545} INFO - Filling up the DagBag from /opt/airflow/dags/main.py
[2026-02-18T21:53:28.040+0000] {processor.py:840} INFO - DAG(s) 'update_db', 'produce_json' retrieved from /opt/airflow/dags/main.py
[2026-02-18T21:53:28.071+0000] {logging_mixin.py:188} INFO - [2026-02-18T21:53:28.071+0000] {dag.py:3096} INFO - Sync 2 DAGs
[2026-02-18T21:53:28.094+0000] {logging_mixin.py:188} INFO - [2026-02-18T21:53:28.094+0000] {dag.py:3954} INFO - Setting next_dagrun for produce_json to 2026-02-17 14:00:00+00:00, run_after=2026-02-18 14:00:00+00:00
[2026-02-18T21:53:28.100+0000] {logging_mixin.py:188} INFO - [2026-02-18T21:53:28.100+0000] {dag.py:3954} INFO - Setting next_dagrun for update_db to 2026-02-17 15:00:00+00:00, run_after=2026-02-18 15:00:00+00:00
[2026-02-18T21:53:28.120+0000] {processor.py:183} INFO - Processing /opt/airflow/dags/main.py took 0.172 seconds
[2026-02-18T21:53:58.287+0000] {processor.py:161} INFO - Started process (PID=1368) to work on /opt/airflow/dags/main.py
[2026-02-18T21:53:58.288+0000] {processor.py:830} INFO - Processing file /opt/airflow/dags/main.py for tasks to queue
[2026-02-18T21:53:58.290+0000] {logging_mixin.py:188} INFO - [2026-02-18T21:53:58.290+0000] {dagbag.py:545} INFO - Filling up the DagBag from /opt/airflow/dags/main.py
[2026-02-18T21:53:58.375+0000] {processor.py:840} INFO - DAG(s) 'update_db', 'produce_json' retrieved from /opt/airflow/dags/main.py
[2026-02-18T21:53:58.406+0000] {logging_mixin.py:188} INFO - [2026-02-18T21:53:58.405+0000] {dag.py:3096} INFO - Sync 2 DAGs
[2026-02-18T21:53:58.427+0000] {logging_mixin.py:188} INFO - [2026-02-18T21:53:58.427+0000] {dag.py:3954} INFO - Setting next_dagrun for produce_json to 2026-02-17 14:00:00+00:00, run_after=2026-02-18 14:00:00+00:00
[2026-02-18T21:53:58.432+0000] {logging_mixin.py:188} INFO - [2026-02-18T21:53:58.432+0000] {dag.py:3954} INFO - Setting next_dagrun for update_db to 2026-02-17 15:00:00+00:00, run_after=2026-02-18 15:00:00+00:00
[2026-02-18T21:53:58.451+0000] {processor.py:183} INFO - Processing /opt/airflow/dags/main.py took 0.169 seconds
[2026-02-18T21:54:28.668+0000] {processor.py:161} INFO - Started process (PID=1375) to work on /opt/airflow/dags/main.py
[2026-02-18T21:54:28.669+0000] {processor.py:830} INFO - Processing file /opt/airflow/dags/main.py for tasks to queue
[2026-02-18T21:54:28.671+0000] {logging_mixin.py:188} INFO - [2026-02-18T21:54:28.671+0000] {dagbag.py:545} INFO - Filling up the DagBag from /opt/airflow/dags/main.py
[2026-02-18T21:54:28.746+0000] {processor.py:840} INFO - DAG(s) 'update_db', 'produce_json' retrieved from /opt/airflow/dags/main.py
[2026-02-18T21:54:28.777+0000] {logging_mixin.py:188} INFO - [2026-02-18T21:54:28.776+0000] {dag.py:3096} INFO - Sync 2 DAGs
[2026-02-18T21:54:28.799+0000] {logging_mixin.py:188} INFO - [2026-02-18T21:54:28.799+0000] {dag.py:3954} INFO - Setting next_dagrun for produce_json to 2026-02-17 14:00:00+00:00, run_after=2026-02-18 14:00:00+00:00
[2026-02-18T21:54:28.806+0000] {logging_mixin.py:188} INFO - [2026-02-18T21:54:28.805+0000] {dag.py:3954} INFO - Setting next_dagrun for update_db to 2026-02-17 15:00:00+00:00, run_after=2026-02-18 15:00:00+00:00
[2026-02-18T21:54:28.829+0000] {processor.py:183} INFO - Processing /opt/airflow/dags/main.py took 0.166 seconds
[2026-02-18T21:54:59.019+0000] {processor.py:161} INFO - Started process (PID=1382) to work on /opt/airflow/dags/main.py
[2026-02-18T21:54:59.021+0000] {processor.py:830} INFO - Processing file /opt/airflow/dags/main.py for tasks to queue
[2026-02-18T21:54:59.023+0000] {logging_mixin.py:188} INFO - [2026-02-18T21:54:59.023+0000] {dagbag.py:545} INFO - Filling up the DagBag from /opt/airflow/dags/main.py
[2026-02-18T21:54:59.104+0000] {processor.py:840} INFO - DAG(s) 'produce_json', 'update_db' retrieved from /opt/airflow/dags/main.py
[2026-02-18T21:54:59.139+0000] {logging_mixin.py:188} INFO - [2026-02-18T21:54:59.139+0000] {dag.py:3096} INFO - Sync 2 DAGs
[2026-02-18T21:54:59.162+0000] {logging_mixin.py:188} INFO - [2026-02-18T21:54:59.162+0000] {dag.py:3954} INFO - Setting next_dagrun for produce_json to 2026-02-17 14:00:00+00:00, run_after=2026-02-18 14:00:00+00:00
[2026-02-18T21:54:59.167+0000] {logging_mixin.py:188} INFO - [2026-02-18T21:54:59.167+0000] {dag.py:3954} INFO - Setting next_dagrun for update_db to 2026-02-17 15:00:00+00:00, run_after=2026-02-18 15:00:00+00:00
[2026-02-18T21:54:59.187+0000] {processor.py:183} INFO - Processing /opt/airflow/dags/main.py took 0.174 seconds
[2026-02-18T21:55:29.223+0000] {processor.py:161} INFO - Started process (PID=1389) to work on /opt/airflow/dags/main.py
[2026-02-18T21:55:29.224+0000] {processor.py:830} INFO - Processing file /opt/airflow/dags/main.py for tasks to queue
[2026-02-18T21:55:29.226+0000] {logging_mixin.py:188} INFO - [2026-02-18T21:55:29.226+0000] {dagbag.py:545} INFO - Filling up the DagBag from /opt/airflow/dags/main.py
[2026-02-18T21:55:29.300+0000] {processor.py:840} INFO - DAG(s) 'produce_json', 'update_db' retrieved from /opt/airflow/dags/main.py
[2026-02-18T21:55:29.331+0000] {logging_mixin.py:188} INFO - [2026-02-18T21:55:29.330+0000] {dag.py:3096} INFO - Sync 2 DAGs
[2026-02-18T21:55:29.354+0000] {logging_mixin.py:188} INFO - [2026-02-18T21:55:29.353+0000] {dag.py:3954} INFO - Setting next_dagrun for produce_json to 2026-02-17 14:00:00+00:00, run_after=2026-02-18 14:00:00+00:00
[2026-02-18T21:55:29.359+0000] {logging_mixin.py:188} INFO - [2026-02-18T21:55:29.359+0000] {dag.py:3954} INFO - Setting next_dagrun for update_db to 2026-02-17 15:00:00+00:00, run_after=2026-02-18 15:00:00+00:00
[2026-02-18T21:55:29.388+0000] {processor.py:183} INFO - Processing /opt/airflow/dags/main.py took 0.171 seconds
[2026-02-18T21:55:59.552+0000] {processor.py:161} INFO - Started process (PID=1396) to work on /opt/airflow/dags/main.py
[2026-02-18T21:55:59.553+0000] {processor.py:830} INFO - Processing file /opt/airflow/dags/main.py for tasks to queue
[2026-02-18T21:55:59.554+0000] {logging_mixin.py:188} INFO - [2026-02-18T21:55:59.554+0000] {dagbag.py:545} INFO - Filling up the DagBag from /opt/airflow/dags/main.py
[2026-02-18T21:55:59.629+0000] {processor.py:840} INFO - DAG(s) 'update_db', 'produce_json' retrieved from /opt/airflow/dags/main.py
[2026-02-18T21:55:59.660+0000] {logging_mixin.py:188} INFO - [2026-02-18T21:55:59.660+0000] {dag.py:3096} INFO - Sync 2 DAGs
[2026-02-18T21:55:59.683+0000] {logging_mixin.py:188} INFO - [2026-02-18T21:55:59.682+0000] {dag.py:3954} INFO - Setting next_dagrun for produce_json to 2026-02-17 14:00:00+00:00, run_after=2026-02-18 14:00:00+00:00
[2026-02-18T21:55:59.690+0000] {logging_mixin.py:188} INFO - [2026-02-18T21:55:59.689+0000] {dag.py:3954} INFO - Setting next_dagrun for update_db to 2026-02-17 15:00:00+00:00, run_after=2026-02-18 15:00:00+00:00
[2026-02-18T21:55:59.720+0000] {processor.py:183} INFO - Processing /opt/airflow/dags/main.py took 0.174 seconds
[2026-02-18T21:56:29.753+0000] {processor.py:161} INFO - Started process (PID=1403) to work on /opt/airflow/dags/main.py
[2026-02-18T21:56:29.754+0000] {processor.py:830} INFO - Processing file /opt/airflow/dags/main.py for tasks to queue
[2026-02-18T21:56:29.756+0000] {logging_mixin.py:188} INFO - [2026-02-18T21:56:29.755+0000] {dagbag.py:545} INFO - Filling up the DagBag from /opt/airflow/dags/main.py
[2026-02-18T21:56:29.827+0000] {processor.py:840} INFO - DAG(s) 'update_db', 'produce_json' retrieved from /opt/airflow/dags/main.py
[2026-02-18T21:56:29.857+0000] {logging_mixin.py:188} INFO - [2026-02-18T21:56:29.856+0000] {dag.py:3096} INFO - Sync 2 DAGs
[2026-02-18T21:56:29.878+0000] {logging_mixin.py:188} INFO - [2026-02-18T21:56:29.878+0000] {dag.py:3954} INFO - Setting next_dagrun for produce_json to 2026-02-17 14:00:00+00:00, run_after=2026-02-18 14:00:00+00:00
[2026-02-18T21:56:29.883+0000] {logging_mixin.py:188} INFO - [2026-02-18T21:56:29.883+0000] {dag.py:3954} INFO - Setting next_dagrun for update_db to 2026-02-17 15:00:00+00:00, run_after=2026-02-18 15:00:00+00:00
[2026-02-18T21:56:29.907+0000] {processor.py:183} INFO - Processing /opt/airflow/dags/main.py took 0.160 seconds
[2026-02-18T21:57:00.096+0000] {processor.py:161} INFO - Started process (PID=1410) to work on /opt/airflow/dags/main.py
[2026-02-18T21:57:00.097+0000] {processor.py:830} INFO - Processing file /opt/airflow/dags/main.py for tasks to queue
[2026-02-18T21:57:00.099+0000] {logging_mixin.py:188} INFO - [2026-02-18T21:57:00.099+0000] {dagbag.py:545} INFO - Filling up the DagBag from /opt/airflow/dags/main.py
[2026-02-18T21:57:00.172+0000] {processor.py:840} INFO - DAG(s) 'produce_json', 'update_db' retrieved from /opt/airflow/dags/main.py
[2026-02-18T21:57:00.218+0000] {logging_mixin.py:188} INFO - [2026-02-18T21:57:00.217+0000] {dag.py:3096} INFO - Sync 2 DAGs
[2026-02-18T21:57:00.252+0000] {logging_mixin.py:188} INFO - [2026-02-18T21:57:00.252+0000] {dag.py:3954} INFO - Setting next_dagrun for produce_json to 2026-02-17 14:00:00+00:00, run_after=2026-02-18 14:00:00+00:00
[2026-02-18T21:57:00.257+0000] {logging_mixin.py:188} INFO - [2026-02-18T21:57:00.257+0000] {dag.py:3954} INFO - Setting next_dagrun for update_db to 2026-02-17 15:00:00+00:00, run_after=2026-02-18 15:00:00+00:00
[2026-02-18T21:57:00.288+0000] {processor.py:183} INFO - Processing /opt/airflow/dags/main.py took 0.198 seconds
[2026-02-18T21:57:30.494+0000] {processor.py:161} INFO - Started process (PID=1417) to work on /opt/airflow/dags/main.py
[2026-02-18T21:57:30.495+0000] {processor.py:830} INFO - Processing file /opt/airflow/dags/main.py for tasks to queue
[2026-02-18T21:57:30.498+0000] {logging_mixin.py:188} INFO - [2026-02-18T21:57:30.497+0000] {dagbag.py:545} INFO - Filling up the DagBag from /opt/airflow/dags/main.py
[2026-02-18T21:57:30.568+0000] {processor.py:840} INFO - DAG(s) 'update_db', 'produce_json' retrieved from /opt/airflow/dags/main.py
[2026-02-18T21:57:30.599+0000] {logging_mixin.py:188} INFO - [2026-02-18T21:57:30.599+0000] {dag.py:3096} INFO - Sync 2 DAGs
[2026-02-18T21:57:30.620+0000] {logging_mixin.py:188} INFO - [2026-02-18T21:57:30.620+0000] {dag.py:3954} INFO - Setting next_dagrun for produce_json to 2026-02-17 14:00:00+00:00, run_after=2026-02-18 14:00:00+00:00
[2026-02-18T21:57:30.626+0000] {logging_mixin.py:188} INFO - [2026-02-18T21:57:30.626+0000] {dag.py:3954} INFO - Setting next_dagrun for update_db to 2026-02-17 15:00:00+00:00, run_after=2026-02-18 15:00:00+00:00
[2026-02-18T21:57:30.657+0000] {processor.py:183} INFO - Processing /opt/airflow/dags/main.py took 0.169 seconds
[2026-02-18T21:58:00.804+0000] {processor.py:161} INFO - Started process (PID=1424) to work on /opt/airflow/dags/main.py
[2026-02-18T21:58:00.805+0000] {processor.py:830} INFO - Processing file /opt/airflow/dags/main.py for tasks to queue
[2026-02-18T21:58:00.807+0000] {logging_mixin.py:188} INFO - [2026-02-18T21:58:00.806+0000] {dagbag.py:545} INFO - Filling up the DagBag from /opt/airflow/dags/main.py
[2026-02-18T21:58:00.885+0000] {processor.py:840} INFO - DAG(s) 'update_db', 'produce_json' retrieved from /opt/airflow/dags/main.py
[2026-02-18T21:58:00.922+0000] {logging_mixin.py:188} INFO - [2026-02-18T21:58:00.922+0000] {dag.py:3096} INFO - Sync 2 DAGs
[2026-02-18T21:58:00.944+0000] {logging_mixin.py:188} INFO - [2026-02-18T21:58:00.944+0000] {dag.py:3954} INFO - Setting next_dagrun for produce_json to 2026-02-17 14:00:00+00:00, run_after=2026-02-18 14:00:00+00:00
[2026-02-18T21:58:00.949+0000] {logging_mixin.py:188} INFO - [2026-02-18T21:58:00.949+0000] {dag.py:3954} INFO - Setting next_dagrun for update_db to 2026-02-17 15:00:00+00:00, run_after=2026-02-18 15:00:00+00:00
[2026-02-18T21:58:00.969+0000] {processor.py:183} INFO - Processing /opt/airflow/dags/main.py took 0.172 seconds
[2026-02-18T21:58:31.037+0000] {processor.py:161} INFO - Started process (PID=1431) to work on /opt/airflow/dags/main.py
[2026-02-18T21:58:31.038+0000] {processor.py:830} INFO - Processing file /opt/airflow/dags/main.py for tasks to queue
[2026-02-18T21:58:31.040+0000] {logging_mixin.py:188} INFO - [2026-02-18T21:58:31.040+0000] {dagbag.py:545} INFO - Filling up the DagBag from /opt/airflow/dags/main.py
[2026-02-18T21:58:31.115+0000] {processor.py:840} INFO - DAG(s) 'produce_json', 'update_db' retrieved from /opt/airflow/dags/main.py
[2026-02-18T21:58:31.147+0000] {logging_mixin.py:188} INFO - [2026-02-18T21:58:31.147+0000] {dag.py:3096} INFO - Sync 2 DAGs
[2026-02-18T21:58:31.168+0000] {logging_mixin.py:188} INFO - [2026-02-18T21:58:31.168+0000] {dag.py:3954} INFO - Setting next_dagrun for produce_json to 2026-02-17 14:00:00+00:00, run_after=2026-02-18 14:00:00+00:00
[2026-02-18T21:58:31.173+0000] {logging_mixin.py:188} INFO - [2026-02-18T21:58:31.173+0000] {dag.py:3954} INFO - Setting next_dagrun for update_db to 2026-02-17 15:00:00+00:00, run_after=2026-02-18 15:00:00+00:00
[2026-02-18T21:58:31.193+0000] {processor.py:183} INFO - Processing /opt/airflow/dags/main.py took 0.161 seconds
[2026-02-18T21:59:01.357+0000] {processor.py:161} INFO - Started process (PID=1438) to work on /opt/airflow/dags/main.py
[2026-02-18T21:59:01.358+0000] {processor.py:830} INFO - Processing file /opt/airflow/dags/main.py for tasks to queue
[2026-02-18T21:59:01.361+0000] {logging_mixin.py:188} INFO - [2026-02-18T21:59:01.361+0000] {dagbag.py:545} INFO - Filling up the DagBag from /opt/airflow/dags/main.py
[2026-02-18T21:59:01.452+0000] {processor.py:840} INFO - DAG(s) 'produce_json', 'update_db' retrieved from /opt/airflow/dags/main.py
[2026-02-18T21:59:01.489+0000] {logging_mixin.py:188} INFO - [2026-02-18T21:59:01.489+0000] {dag.py:3096} INFO - Sync 2 DAGs
[2026-02-18T21:59:01.517+0000] {logging_mixin.py:188} INFO - [2026-02-18T21:59:01.517+0000] {dag.py:3954} INFO - Setting next_dagrun for produce_json to 2026-02-17 14:00:00+00:00, run_after=2026-02-18 14:00:00+00:00
[2026-02-18T21:59:01.523+0000] {logging_mixin.py:188} INFO - [2026-02-18T21:59:01.522+0000] {dag.py:3954} INFO - Setting next_dagrun for update_db to 2026-02-17 15:00:00+00:00, run_after=2026-02-18 15:00:00+00:00
[2026-02-18T21:59:01.555+0000] {processor.py:183} INFO - Processing /opt/airflow/dags/main.py took 0.203 seconds
[2026-02-18T21:59:31.759+0000] {processor.py:161} INFO - Started process (PID=1445) to work on /opt/airflow/dags/main.py
[2026-02-18T21:59:31.760+0000] {processor.py:830} INFO - Processing file /opt/airflow/dags/main.py for tasks to queue
[2026-02-18T21:59:31.762+0000] {logging_mixin.py:188} INFO - [2026-02-18T21:59:31.762+0000] {dagbag.py:545} INFO - Filling up the DagBag from /opt/airflow/dags/main.py
[2026-02-18T21:59:31.826+0000] {processor.py:840} INFO - DAG(s) 'produce_json', 'update_db' retrieved from /opt/airflow/dags/main.py
[2026-02-18T21:59:31.854+0000] {logging_mixin.py:188} INFO - [2026-02-18T21:59:31.854+0000] {dag.py:3096} INFO - Sync 2 DAGs
[2026-02-18T21:59:31.876+0000] {logging_mixin.py:188} INFO - [2026-02-18T21:59:31.876+0000] {dag.py:3954} INFO - Setting next_dagrun for produce_json to 2026-02-17 14:00:00+00:00, run_after=2026-02-18 14:00:00+00:00
[2026-02-18T21:59:31.881+0000] {logging_mixin.py:188} INFO - [2026-02-18T21:59:31.881+0000] {dag.py:3954} INFO - Setting next_dagrun for update_db to 2026-02-17 15:00:00+00:00, run_after=2026-02-18 15:00:00+00:00
[2026-02-18T21:59:31.912+0000] {processor.py:183} INFO - Processing /opt/airflow/dags/main.py took 0.159 seconds
[2026-02-18T22:00:01.971+0000] {processor.py:161} INFO - Started process (PID=1452) to work on /opt/airflow/dags/main.py
[2026-02-18T22:00:01.972+0000] {processor.py:830} INFO - Processing file /opt/airflow/dags/main.py for tasks to queue
[2026-02-18T22:00:01.975+0000] {logging_mixin.py:188} INFO - [2026-02-18T22:00:01.975+0000] {dagbag.py:545} INFO - Filling up the DagBag from /opt/airflow/dags/main.py
[2026-02-18T22:00:02.054+0000] {processor.py:840} INFO - DAG(s) 'produce_json', 'update_db' retrieved from /opt/airflow/dags/main.py
[2026-02-18T22:00:02.088+0000] {logging_mixin.py:188} INFO - [2026-02-18T22:00:02.088+0000] {dag.py:3096} INFO - Sync 2 DAGs
[2026-02-18T22:00:02.111+0000] {logging_mixin.py:188} INFO - [2026-02-18T22:00:02.111+0000] {dag.py:3954} INFO - Setting next_dagrun for produce_json to 2026-02-17 14:00:00+00:00, run_after=2026-02-18 14:00:00+00:00
[2026-02-18T22:00:02.116+0000] {logging_mixin.py:188} INFO - [2026-02-18T22:00:02.116+0000] {dag.py:3954} INFO - Setting next_dagrun for update_db to 2026-02-17 15:00:00+00:00, run_after=2026-02-18 15:00:00+00:00
[2026-02-18T22:00:02.148+0000] {processor.py:183} INFO - Processing /opt/airflow/dags/main.py took 0.183 seconds
[2026-02-18T22:00:32.416+0000] {processor.py:161} INFO - Started process (PID=1459) to work on /opt/airflow/dags/main.py
[2026-02-18T22:00:32.417+0000] {processor.py:830} INFO - Processing file /opt/airflow/dags/main.py for tasks to queue
[2026-02-18T22:00:32.419+0000] {logging_mixin.py:188} INFO - [2026-02-18T22:00:32.418+0000] {dagbag.py:545} INFO - Filling up the DagBag from /opt/airflow/dags/main.py
[2026-02-18T22:00:32.493+0000] {processor.py:840} INFO - DAG(s) 'produce_json', 'update_db' retrieved from /opt/airflow/dags/main.py
[2026-02-18T22:00:32.523+0000] {logging_mixin.py:188} INFO - [2026-02-18T22:00:32.523+0000] {dag.py:3096} INFO - Sync 2 DAGs
[2026-02-18T22:00:32.545+0000] {logging_mixin.py:188} INFO - [2026-02-18T22:00:32.545+0000] {dag.py:3954} INFO - Setting next_dagrun for produce_json to 2026-02-17 14:00:00+00:00, run_after=2026-02-18 14:00:00+00:00
[2026-02-18T22:00:32.550+0000] {logging_mixin.py:188} INFO - [2026-02-18T22:00:32.550+0000] {dag.py:3954} INFO - Setting next_dagrun for update_db to 2026-02-17 15:00:00+00:00, run_after=2026-02-18 15:00:00+00:00
[2026-02-18T22:00:32.569+0000] {processor.py:183} INFO - Processing /opt/airflow/dags/main.py took 0.158 seconds
[2026-02-18T22:01:02.685+0000] {processor.py:161} INFO - Started process (PID=1466) to work on /opt/airflow/dags/main.py
[2026-02-18T22:01:02.686+0000] {processor.py:830} INFO - Processing file /opt/airflow/dags/main.py for tasks to queue
[2026-02-18T22:01:02.689+0000] {logging_mixin.py:188} INFO - [2026-02-18T22:01:02.689+0000] {dagbag.py:545} INFO - Filling up the DagBag from /opt/airflow/dags/main.py
[2026-02-18T22:01:02.761+0000] {processor.py:840} INFO - DAG(s) 'produce_json', 'update_db' retrieved from /opt/airflow/dags/main.py
[2026-02-18T22:01:02.793+0000] {logging_mixin.py:188} INFO - [2026-02-18T22:01:02.793+0000] {dag.py:3096} INFO - Sync 2 DAGs
[2026-02-18T22:01:02.815+0000] {logging_mixin.py:188} INFO - [2026-02-18T22:01:02.814+0000] {dag.py:3954} INFO - Setting next_dagrun for produce_json to 2026-02-17 14:00:00+00:00, run_after=2026-02-18 14:00:00+00:00
[2026-02-18T22:01:02.820+0000] {logging_mixin.py:188} INFO - [2026-02-18T22:01:02.820+0000] {dag.py:3954} INFO - Setting next_dagrun for update_db to 2026-02-17 15:00:00+00:00, run_after=2026-02-18 15:00:00+00:00
[2026-02-18T22:01:02.851+0000] {processor.py:183} INFO - Processing /opt/airflow/dags/main.py took 0.171 seconds
[2026-02-18T22:01:33.112+0000] {processor.py:161} INFO - Started process (PID=1473) to work on /opt/airflow/dags/main.py
[2026-02-18T22:01:33.113+0000] {processor.py:830} INFO - Processing file /opt/airflow/dags/main.py for tasks to queue
[2026-02-18T22:01:33.117+0000] {logging_mixin.py:188} INFO - [2026-02-18T22:01:33.117+0000] {dagbag.py:545} INFO - Filling up the DagBag from /opt/airflow/dags/main.py
[2026-02-18T22:01:33.184+0000] {processor.py:840} INFO - DAG(s) 'update_db', 'produce_json' retrieved from /opt/airflow/dags/main.py
[2026-02-18T22:01:33.212+0000] {logging_mixin.py:188} INFO - [2026-02-18T22:01:33.212+0000] {dag.py:3096} INFO - Sync 2 DAGs
[2026-02-18T22:01:33.232+0000] {logging_mixin.py:188} INFO - [2026-02-18T22:01:33.232+0000] {dag.py:3954} INFO - Setting next_dagrun for produce_json to 2026-02-17 14:00:00+00:00, run_after=2026-02-18 14:00:00+00:00
[2026-02-18T22:01:33.238+0000] {logging_mixin.py:188} INFO - [2026-02-18T22:01:33.237+0000] {dag.py:3954} INFO - Setting next_dagrun for update_db to 2026-02-17 15:00:00+00:00, run_after=2026-02-18 15:00:00+00:00
[2026-02-18T22:01:33.267+0000] {processor.py:183} INFO - Processing /opt/airflow/dags/main.py took 0.160 seconds
[2026-02-18T22:02:03.398+0000] {processor.py:161} INFO - Started process (PID=1481) to work on /opt/airflow/dags/main.py
[2026-02-18T22:02:03.399+0000] {processor.py:830} INFO - Processing file /opt/airflow/dags/main.py for tasks to queue
[2026-02-18T22:02:03.402+0000] {logging_mixin.py:188} INFO - [2026-02-18T22:02:03.401+0000] {dagbag.py:545} INFO - Filling up the DagBag from /opt/airflow/dags/main.py
[2026-02-18T22:02:03.502+0000] {processor.py:840} INFO - DAG(s) 'produce_json', 'update_db' retrieved from /opt/airflow/dags/main.py
[2026-02-18T22:02:03.540+0000] {logging_mixin.py:188} INFO - [2026-02-18T22:02:03.540+0000] {dag.py:3096} INFO - Sync 2 DAGs
[2026-02-18T22:02:03.564+0000] {logging_mixin.py:188} INFO - [2026-02-18T22:02:03.564+0000] {dag.py:3954} INFO - Setting next_dagrun for produce_json to 2026-02-17 14:00:00+00:00, run_after=2026-02-18 14:00:00+00:00
[2026-02-18T22:02:03.569+0000] {logging_mixin.py:188} INFO - [2026-02-18T22:02:03.569+0000] {dag.py:3954} INFO - Setting next_dagrun for update_db to 2026-02-17 15:00:00+00:00, run_after=2026-02-18 15:00:00+00:00
[2026-02-18T22:02:03.599+0000] {processor.py:183} INFO - Processing /opt/airflow/dags/main.py took 0.207 seconds
[2026-02-18T22:02:33.846+0000] {processor.py:161} INFO - Started process (PID=1488) to work on /opt/airflow/dags/main.py
[2026-02-18T22:02:33.847+0000] {processor.py:830} INFO - Processing file /opt/airflow/dags/main.py for tasks to queue
[2026-02-18T22:02:33.849+0000] {logging_mixin.py:188} INFO - [2026-02-18T22:02:33.848+0000] {dagbag.py:545} INFO - Filling up the DagBag from /opt/airflow/dags/main.py
[2026-02-18T22:02:33.918+0000] {processor.py:840} INFO - DAG(s) 'produce_json', 'update_db' retrieved from /opt/airflow/dags/main.py
[2026-02-18T22:02:33.948+0000] {logging_mixin.py:188} INFO - [2026-02-18T22:02:33.948+0000] {dag.py:3096} INFO - Sync 2 DAGs
[2026-02-18T22:02:33.969+0000] {logging_mixin.py:188} INFO - [2026-02-18T22:02:33.969+0000] {dag.py:3954} INFO - Setting next_dagrun for produce_json to 2026-02-17 14:00:00+00:00, run_after=2026-02-18 14:00:00+00:00
[2026-02-18T22:02:33.974+0000] {logging_mixin.py:188} INFO - [2026-02-18T22:02:33.974+0000] {dag.py:3954} INFO - Setting next_dagrun for update_db to 2026-02-17 15:00:00+00:00, run_after=2026-02-18 15:00:00+00:00
[2026-02-18T22:02:34.002+0000] {processor.py:183} INFO - Processing /opt/airflow/dags/main.py took 0.162 seconds
[2026-02-18T22:03:04.257+0000] {processor.py:161} INFO - Started process (PID=1495) to work on /opt/airflow/dags/main.py
[2026-02-18T22:03:04.258+0000] {processor.py:830} INFO - Processing file /opt/airflow/dags/main.py for tasks to queue
[2026-02-18T22:03:04.260+0000] {logging_mixin.py:188} INFO - [2026-02-18T22:03:04.260+0000] {dagbag.py:545} INFO - Filling up the DagBag from /opt/airflow/dags/main.py
[2026-02-18T22:03:04.342+0000] {processor.py:840} INFO - DAG(s) 'update_db', 'produce_json' retrieved from /opt/airflow/dags/main.py
[2026-02-18T22:03:04.373+0000] {logging_mixin.py:188} INFO - [2026-02-18T22:03:04.373+0000] {dag.py:3096} INFO - Sync 2 DAGs
[2026-02-18T22:03:04.396+0000] {logging_mixin.py:188} INFO - [2026-02-18T22:03:04.395+0000] {dag.py:3954} INFO - Setting next_dagrun for produce_json to 2026-02-17 14:00:00+00:00, run_after=2026-02-18 14:00:00+00:00
[2026-02-18T22:03:04.401+0000] {logging_mixin.py:188} INFO - [2026-02-18T22:03:04.401+0000] {dag.py:3954} INFO - Setting next_dagrun for update_db to 2026-02-17 15:00:00+00:00, run_after=2026-02-18 15:00:00+00:00
[2026-02-18T22:03:04.422+0000] {processor.py:183} INFO - Processing /opt/airflow/dags/main.py took 0.170 seconds
[2026-02-18T22:03:34.567+0000] {processor.py:161} INFO - Started process (PID=1502) to work on /opt/airflow/dags/main.py
[2026-02-18T22:03:34.568+0000] {processor.py:830} INFO - Processing file /opt/airflow/dags/main.py for tasks to queue
[2026-02-18T22:03:34.570+0000] {logging_mixin.py:188} INFO - [2026-02-18T22:03:34.569+0000] {dagbag.py:545} INFO - Filling up the DagBag from /opt/airflow/dags/main.py
[2026-02-18T22:03:34.637+0000] {processor.py:840} INFO - DAG(s) 'update_db', 'produce_json' retrieved from /opt/airflow/dags/main.py
[2026-02-18T22:03:34.666+0000] {logging_mixin.py:188} INFO - [2026-02-18T22:03:34.666+0000] {dag.py:3096} INFO - Sync 2 DAGs
[2026-02-18T22:03:34.687+0000] {logging_mixin.py:188} INFO - [2026-02-18T22:03:34.687+0000] {dag.py:3954} INFO - Setting next_dagrun for produce_json to 2026-02-17 14:00:00+00:00, run_after=2026-02-18 14:00:00+00:00
[2026-02-18T22:03:34.692+0000] {logging_mixin.py:188} INFO - [2026-02-18T22:03:34.692+0000] {dag.py:3954} INFO - Setting next_dagrun for update_db to 2026-02-17 15:00:00+00:00, run_after=2026-02-18 15:00:00+00:00
[2026-02-18T22:03:34.723+0000] {processor.py:183} INFO - Processing /opt/airflow/dags/main.py took 0.162 seconds
[2026-02-18T22:04:04.993+0000] {processor.py:161} INFO - Started process (PID=1509) to work on /opt/airflow/dags/main.py
[2026-02-18T22:04:04.994+0000] {processor.py:830} INFO - Processing file /opt/airflow/dags/main.py for tasks to queue
[2026-02-18T22:04:04.996+0000] {logging_mixin.py:188} INFO - [2026-02-18T22:04:04.996+0000] {dagbag.py:545} INFO - Filling up the DagBag from /opt/airflow/dags/main.py
[2026-02-18T22:04:05.067+0000] {processor.py:840} INFO - DAG(s) 'update_db', 'produce_json' retrieved from /opt/airflow/dags/main.py
[2026-02-18T22:04:05.096+0000] {logging_mixin.py:188} INFO - [2026-02-18T22:04:05.095+0000] {dag.py:3096} INFO - Sync 2 DAGs
[2026-02-18T22:04:05.116+0000] {logging_mixin.py:188} INFO - [2026-02-18T22:04:05.116+0000] {dag.py:3954} INFO - Setting next_dagrun for produce_json to 2026-02-17 14:00:00+00:00, run_after=2026-02-18 14:00:00+00:00
[2026-02-18T22:04:05.121+0000] {logging_mixin.py:188} INFO - [2026-02-18T22:04:05.121+0000] {dag.py:3954} INFO - Setting next_dagrun for update_db to 2026-02-17 15:00:00+00:00, run_after=2026-02-18 15:00:00+00:00
[2026-02-18T22:04:05.140+0000] {processor.py:183} INFO - Processing /opt/airflow/dags/main.py took 0.152 seconds
[2026-02-18T22:04:35.261+0000] {processor.py:161} INFO - Started process (PID=1516) to work on /opt/airflow/dags/main.py
[2026-02-18T22:04:35.263+0000] {processor.py:830} INFO - Processing file /opt/airflow/dags/main.py for tasks to queue
[2026-02-18T22:04:35.267+0000] {logging_mixin.py:188} INFO - [2026-02-18T22:04:35.267+0000] {dagbag.py:545} INFO - Filling up the DagBag from /opt/airflow/dags/main.py
[2026-02-18T22:04:35.391+0000] {processor.py:840} INFO - DAG(s) 'produce_json', 'update_db' retrieved from /opt/airflow/dags/main.py
[2026-02-18T22:04:35.447+0000] {logging_mixin.py:188} INFO - [2026-02-18T22:04:35.446+0000] {dag.py:3096} INFO - Sync 2 DAGs
[2026-02-18T22:04:35.478+0000] {logging_mixin.py:188} INFO - [2026-02-18T22:04:35.477+0000] {dag.py:3954} INFO - Setting next_dagrun for produce_json to 2026-02-17 14:00:00+00:00, run_after=2026-02-18 14:00:00+00:00
[2026-02-18T22:04:35.485+0000] {logging_mixin.py:188} INFO - [2026-02-18T22:04:35.484+0000] {dag.py:3954} INFO - Setting next_dagrun for update_db to 2026-02-17 15:00:00+00:00, run_after=2026-02-18 15:00:00+00:00
[2026-02-18T22:04:35.505+0000] {processor.py:183} INFO - Processing /opt/airflow/dags/main.py took 0.251 seconds
[2026-02-18T22:05:05.599+0000] {processor.py:161} INFO - Started process (PID=1523) to work on /opt/airflow/dags/main.py
[2026-02-18T22:05:05.601+0000] {processor.py:830} INFO - Processing file /opt/airflow/dags/main.py for tasks to queue
[2026-02-18T22:05:05.602+0000] {logging_mixin.py:188} INFO - [2026-02-18T22:05:05.602+0000] {dagbag.py:545} INFO - Filling up the DagBag from /opt/airflow/dags/main.py
[2026-02-18T22:05:05.683+0000] {processor.py:840} INFO - DAG(s) 'produce_json', 'update_db' retrieved from /opt/airflow/dags/main.py
[2026-02-18T22:05:05.714+0000] {logging_mixin.py:188} INFO - [2026-02-18T22:05:05.714+0000] {dag.py:3096} INFO - Sync 2 DAGs
[2026-02-18T22:05:05.734+0000] {logging_mixin.py:188} INFO - [2026-02-18T22:05:05.734+0000] {dag.py:3954} INFO - Setting next_dagrun for produce_json to 2026-02-17 14:00:00+00:00, run_after=2026-02-18 14:00:00+00:00
[2026-02-18T22:05:05.739+0000] {logging_mixin.py:188} INFO - [2026-02-18T22:05:05.739+0000] {dag.py:3954} INFO - Setting next_dagrun for update_db to 2026-02-17 15:00:00+00:00, run_after=2026-02-18 15:00:00+00:00
[2026-02-18T22:05:05.758+0000] {processor.py:183} INFO - Processing /opt/airflow/dags/main.py took 0.164 seconds
[2026-02-18T22:05:35.998+0000] {processor.py:161} INFO - Started process (PID=1530) to work on /opt/airflow/dags/main.py
[2026-02-18T22:05:35.999+0000] {processor.py:830} INFO - Processing file /opt/airflow/dags/main.py for tasks to queue
[2026-02-18T22:05:36.001+0000] {logging_mixin.py:188} INFO - [2026-02-18T22:05:36.001+0000] {dagbag.py:545} INFO - Filling up the DagBag from /opt/airflow/dags/main.py
[2026-02-18T22:05:36.079+0000] {processor.py:840} INFO - DAG(s) 'produce_json', 'update_db' retrieved from /opt/airflow/dags/main.py
[2026-02-18T22:05:36.106+0000] {logging_mixin.py:188} INFO - [2026-02-18T22:05:36.106+0000] {dag.py:3096} INFO - Sync 2 DAGs
[2026-02-18T22:05:36.126+0000] {logging_mixin.py:188} INFO - [2026-02-18T22:05:36.126+0000] {dag.py:3954} INFO - Setting next_dagrun for produce_json to 2026-02-17 14:00:00+00:00, run_after=2026-02-18 14:00:00+00:00
[2026-02-18T22:05:36.133+0000] {logging_mixin.py:188} INFO - [2026-02-18T22:05:36.133+0000] {dag.py:3954} INFO - Setting next_dagrun for update_db to 2026-02-17 15:00:00+00:00, run_after=2026-02-18 15:00:00+00:00
[2026-02-18T22:05:36.166+0000] {processor.py:183} INFO - Processing /opt/airflow/dags/main.py took 0.173 seconds
[2026-02-18T22:06:06.287+0000] {processor.py:161} INFO - Started process (PID=1537) to work on /opt/airflow/dags/main.py
[2026-02-18T22:06:06.289+0000] {processor.py:830} INFO - Processing file /opt/airflow/dags/main.py for tasks to queue
[2026-02-18T22:06:06.292+0000] {logging_mixin.py:188} INFO - [2026-02-18T22:06:06.291+0000] {dagbag.py:545} INFO - Filling up the DagBag from /opt/airflow/dags/main.py
[2026-02-18T22:06:06.365+0000] {processor.py:840} INFO - DAG(s) 'update_db', 'produce_json' retrieved from /opt/airflow/dags/main.py
[2026-02-18T22:06:06.394+0000] {logging_mixin.py:188} INFO - [2026-02-18T22:06:06.393+0000] {dag.py:3096} INFO - Sync 2 DAGs
[2026-02-18T22:06:06.415+0000] {logging_mixin.py:188} INFO - [2026-02-18T22:06:06.415+0000] {dag.py:3954} INFO - Setting next_dagrun for produce_json to 2026-02-17 14:00:00+00:00, run_after=2026-02-18 14:00:00+00:00
[2026-02-18T22:06:06.419+0000] {logging_mixin.py:188} INFO - [2026-02-18T22:06:06.419+0000] {dag.py:3954} INFO - Setting next_dagrun for update_db to 2026-02-17 15:00:00+00:00, run_after=2026-02-18 15:00:00+00:00
[2026-02-18T22:06:06.440+0000] {processor.py:183} INFO - Processing /opt/airflow/dags/main.py took 0.160 seconds
[2026-02-18T22:06:36.725+0000] {processor.py:161} INFO - Started process (PID=1544) to work on /opt/airflow/dags/main.py
[2026-02-18T22:06:36.726+0000] {processor.py:830} INFO - Processing file /opt/airflow/dags/main.py for tasks to queue
[2026-02-18T22:06:36.728+0000] {logging_mixin.py:188} INFO - [2026-02-18T22:06:36.728+0000] {dagbag.py:545} INFO - Filling up the DagBag from /opt/airflow/dags/main.py
[2026-02-18T22:06:36.794+0000] {processor.py:840} INFO - DAG(s) 'produce_json', 'update_db' retrieved from /opt/airflow/dags/main.py
[2026-02-18T22:06:36.821+0000] {logging_mixin.py:188} INFO - [2026-02-18T22:06:36.821+0000] {dag.py:3096} INFO - Sync 2 DAGs
[2026-02-18T22:06:36.842+0000] {logging_mixin.py:188} INFO - [2026-02-18T22:06:36.841+0000] {dag.py:3954} INFO - Setting next_dagrun for produce_json to 2026-02-17 14:00:00+00:00, run_after=2026-02-18 14:00:00+00:00
[2026-02-18T22:06:36.846+0000] {logging_mixin.py:188} INFO - [2026-02-18T22:06:36.846+0000] {dag.py:3954} INFO - Setting next_dagrun for update_db to 2026-02-17 15:00:00+00:00, run_after=2026-02-18 15:00:00+00:00
[2026-02-18T22:06:36.877+0000] {processor.py:183} INFO - Processing /opt/airflow/dags/main.py took 0.157 seconds
[2026-02-18T22:07:07.017+0000] {processor.py:161} INFO - Started process (PID=1551) to work on /opt/airflow/dags/main.py
[2026-02-18T22:07:07.018+0000] {processor.py:830} INFO - Processing file /opt/airflow/dags/main.py for tasks to queue
[2026-02-18T22:07:07.021+0000] {logging_mixin.py:188} INFO - [2026-02-18T22:07:07.020+0000] {dagbag.py:545} INFO - Filling up the DagBag from /opt/airflow/dags/main.py
[2026-02-18T22:07:07.087+0000] {processor.py:840} INFO - DAG(s) 'produce_json', 'update_db' retrieved from /opt/airflow/dags/main.py
[2026-02-18T22:07:07.116+0000] {logging_mixin.py:188} INFO - [2026-02-18T22:07:07.115+0000] {dag.py:3096} INFO - Sync 2 DAGs
[2026-02-18T22:07:07.136+0000] {logging_mixin.py:188} INFO - [2026-02-18T22:07:07.136+0000] {dag.py:3954} INFO - Setting next_dagrun for produce_json to 2026-02-17 14:00:00+00:00, run_after=2026-02-18 14:00:00+00:00
[2026-02-18T22:07:07.141+0000] {logging_mixin.py:188} INFO - [2026-02-18T22:07:07.141+0000] {dag.py:3954} INFO - Setting next_dagrun for update_db to 2026-02-17 15:00:00+00:00, run_after=2026-02-18 15:00:00+00:00
[2026-02-18T22:07:07.169+0000] {processor.py:183} INFO - Processing /opt/airflow/dags/main.py took 0.158 seconds
[2026-02-18T22:07:37.394+0000] {processor.py:161} INFO - Started process (PID=1558) to work on /opt/airflow/dags/main.py
[2026-02-18T22:07:37.395+0000] {processor.py:830} INFO - Processing file /opt/airflow/dags/main.py for tasks to queue
[2026-02-18T22:07:37.398+0000] {logging_mixin.py:188} INFO - [2026-02-18T22:07:37.397+0000] {dagbag.py:545} INFO - Filling up the DagBag from /opt/airflow/dags/main.py
[2026-02-18T22:07:37.478+0000] {processor.py:840} INFO - DAG(s) 'update_db', 'produce_json' retrieved from /opt/airflow/dags/main.py
[2026-02-18T22:07:37.519+0000] {logging_mixin.py:188} INFO - [2026-02-18T22:07:37.519+0000] {dag.py:3096} INFO - Sync 2 DAGs
[2026-02-18T22:07:37.544+0000] {logging_mixin.py:188} INFO - [2026-02-18T22:07:37.544+0000] {dag.py:3954} INFO - Setting next_dagrun for produce_json to 2026-02-17 14:00:00+00:00, run_after=2026-02-18 14:00:00+00:00
[2026-02-18T22:07:37.549+0000] {logging_mixin.py:188} INFO - [2026-02-18T22:07:37.549+0000] {dag.py:3954} INFO - Setting next_dagrun for update_db to 2026-02-17 15:00:00+00:00, run_after=2026-02-18 15:00:00+00:00
[2026-02-18T22:07:37.582+0000] {processor.py:183} INFO - Processing /opt/airflow/dags/main.py took 0.194 seconds
[2026-02-18T22:08:07.800+0000] {processor.py:161} INFO - Started process (PID=1565) to work on /opt/airflow/dags/main.py
[2026-02-18T22:08:07.801+0000] {processor.py:830} INFO - Processing file /opt/airflow/dags/main.py for tasks to queue
[2026-02-18T22:08:07.803+0000] {logging_mixin.py:188} INFO - [2026-02-18T22:08:07.802+0000] {dagbag.py:545} INFO - Filling up the DagBag from /opt/airflow/dags/main.py
[2026-02-18T22:08:07.891+0000] {processor.py:840} INFO - DAG(s) 'produce_json', 'update_db' retrieved from /opt/airflow/dags/main.py
[2026-02-18T22:08:07.923+0000] {logging_mixin.py:188} INFO - [2026-02-18T22:08:07.923+0000] {dag.py:3096} INFO - Sync 2 DAGs
[2026-02-18T22:08:07.947+0000] {logging_mixin.py:188} INFO - [2026-02-18T22:08:07.947+0000] {dag.py:3954} INFO - Setting next_dagrun for produce_json to 2026-02-17 14:00:00+00:00, run_after=2026-02-18 14:00:00+00:00
[2026-02-18T22:08:07.952+0000] {logging_mixin.py:188} INFO - [2026-02-18T22:08:07.952+0000] {dag.py:3954} INFO - Setting next_dagrun for update_db to 2026-02-17 15:00:00+00:00, run_after=2026-02-18 15:00:00+00:00
[2026-02-18T22:08:07.971+0000] {processor.py:183} INFO - Processing /opt/airflow/dags/main.py took 0.177 seconds
[2026-02-18T22:08:38.110+0000] {processor.py:161} INFO - Started process (PID=1572) to work on /opt/airflow/dags/main.py
[2026-02-18T22:08:38.112+0000] {processor.py:830} INFO - Processing file /opt/airflow/dags/main.py for tasks to queue
[2026-02-18T22:08:38.115+0000] {logging_mixin.py:188} INFO - [2026-02-18T22:08:38.114+0000] {dagbag.py:545} INFO - Filling up the DagBag from /opt/airflow/dags/main.py
[2026-02-18T22:08:38.236+0000] {processor.py:840} INFO - DAG(s) 'update_db', 'produce_json' retrieved from /opt/airflow/dags/main.py
[2026-02-18T22:08:38.276+0000] {logging_mixin.py:188} INFO - [2026-02-18T22:08:38.275+0000] {dag.py:3096} INFO - Sync 2 DAGs
[2026-02-18T22:08:38.308+0000] {logging_mixin.py:188} INFO - [2026-02-18T22:08:38.308+0000] {dag.py:3954} INFO - Setting next_dagrun for produce_json to 2026-02-17 14:00:00+00:00, run_after=2026-02-18 14:00:00+00:00
[2026-02-18T22:08:38.315+0000] {logging_mixin.py:188} INFO - [2026-02-18T22:08:38.315+0000] {dag.py:3954} INFO - Setting next_dagrun for update_db to 2026-02-17 15:00:00+00:00, run_after=2026-02-18 15:00:00+00:00
[2026-02-18T22:08:38.339+0000] {processor.py:183} INFO - Processing /opt/airflow/dags/main.py took 0.239 seconds
[2026-02-18T22:09:08.524+0000] {processor.py:161} INFO - Started process (PID=1579) to work on /opt/airflow/dags/main.py
[2026-02-18T22:09:08.525+0000] {processor.py:830} INFO - Processing file /opt/airflow/dags/main.py for tasks to queue
[2026-02-18T22:09:08.528+0000] {logging_mixin.py:188} INFO - [2026-02-18T22:09:08.528+0000] {dagbag.py:545} INFO - Filling up the DagBag from /opt/airflow/dags/main.py
[2026-02-18T22:09:08.600+0000] {processor.py:840} INFO - DAG(s) 'produce_json', 'update_db' retrieved from /opt/airflow/dags/main.py
[2026-02-18T22:09:08.628+0000] {logging_mixin.py:188} INFO - [2026-02-18T22:09:08.628+0000] {dag.py:3096} INFO - Sync 2 DAGs
[2026-02-18T22:09:08.649+0000] {logging_mixin.py:188} INFO - [2026-02-18T22:09:08.649+0000] {dag.py:3954} INFO - Setting next_dagrun for produce_json to 2026-02-17 14:00:00+00:00, run_after=2026-02-18 14:00:00+00:00
[2026-02-18T22:09:08.654+0000] {logging_mixin.py:188} INFO - [2026-02-18T22:09:08.654+0000] {dag.py:3954} INFO - Setting next_dagrun for update_db to 2026-02-17 15:00:00+00:00, run_after=2026-02-18 15:00:00+00:00
[2026-02-18T22:09:08.685+0000] {processor.py:183} INFO - Processing /opt/airflow/dags/main.py took 0.166 seconds
[2026-02-18T22:09:38.879+0000] {processor.py:161} INFO - Started process (PID=1586) to work on /opt/airflow/dags/main.py
[2026-02-18T22:09:38.880+0000] {processor.py:830} INFO - Processing file /opt/airflow/dags/main.py for tasks to queue
[2026-02-18T22:09:38.882+0000] {logging_mixin.py:188} INFO - [2026-02-18T22:09:38.882+0000] {dagbag.py:545} INFO - Filling up the DagBag from /opt/airflow/dags/main.py
[2026-02-18T22:09:38.954+0000] {processor.py:840} INFO - DAG(s) 'update_db', 'produce_json' retrieved from /opt/airflow/dags/main.py
[2026-02-18T22:09:38.982+0000] {logging_mixin.py:188} INFO - [2026-02-18T22:09:38.981+0000] {dag.py:3096} INFO - Sync 2 DAGs
[2026-02-18T22:09:39.003+0000] {logging_mixin.py:188} INFO - [2026-02-18T22:09:39.003+0000] {dag.py:3954} INFO - Setting next_dagrun for produce_json to 2026-02-17 14:00:00+00:00, run_after=2026-02-18 14:00:00+00:00
[2026-02-18T22:09:39.009+0000] {logging_mixin.py:188} INFO - [2026-02-18T22:09:39.008+0000] {dag.py:3954} INFO - Setting next_dagrun for update_db to 2026-02-17 15:00:00+00:00, run_after=2026-02-18 15:00:00+00:00
[2026-02-18T22:09:39.034+0000] {processor.py:183} INFO - Processing /opt/airflow/dags/main.py took 0.160 seconds
[2026-02-18T22:10:09.250+0000] {processor.py:161} INFO - Started process (PID=1593) to work on /opt/airflow/dags/main.py
[2026-02-18T22:10:09.251+0000] {processor.py:830} INFO - Processing file /opt/airflow/dags/main.py for tasks to queue
[2026-02-18T22:10:09.252+0000] {logging_mixin.py:188} INFO - [2026-02-18T22:10:09.252+0000] {dagbag.py:545} INFO - Filling up the DagBag from /opt/airflow/dags/main.py
[2026-02-18T22:10:09.323+0000] {processor.py:840} INFO - DAG(s) 'update_db', 'produce_json' retrieved from /opt/airflow/dags/main.py
[2026-02-18T22:10:09.351+0000] {logging_mixin.py:188} INFO - [2026-02-18T22:10:09.351+0000] {dag.py:3096} INFO - Sync 2 DAGs
[2026-02-18T22:10:09.372+0000] {logging_mixin.py:188} INFO - [2026-02-18T22:10:09.372+0000] {dag.py:3954} INFO - Setting next_dagrun for produce_json to 2026-02-17 14:00:00+00:00, run_after=2026-02-18 14:00:00+00:00
[2026-02-18T22:10:09.377+0000] {logging_mixin.py:188} INFO - [2026-02-18T22:10:09.377+0000] {dag.py:3954} INFO - Setting next_dagrun for update_db to 2026-02-17 15:00:00+00:00, run_after=2026-02-18 15:00:00+00:00
[2026-02-18T22:10:09.405+0000] {processor.py:183} INFO - Processing /opt/airflow/dags/main.py took 0.160 seconds
[2026-02-18T22:10:39.559+0000] {processor.py:161} INFO - Started process (PID=1600) to work on /opt/airflow/dags/main.py
[2026-02-18T22:10:39.560+0000] {processor.py:830} INFO - Processing file /opt/airflow/dags/main.py for tasks to queue
[2026-02-18T22:10:39.562+0000] {logging_mixin.py:188} INFO - [2026-02-18T22:10:39.562+0000] {dagbag.py:545} INFO - Filling up the DagBag from /opt/airflow/dags/main.py
[2026-02-18T22:10:39.629+0000] {processor.py:840} INFO - DAG(s) 'update_db', 'produce_json' retrieved from /opt/airflow/dags/main.py
[2026-02-18T22:10:39.658+0000] {logging_mixin.py:188} INFO - [2026-02-18T22:10:39.658+0000] {dag.py:3096} INFO - Sync 2 DAGs
[2026-02-18T22:10:39.685+0000] {logging_mixin.py:188} INFO - [2026-02-18T22:10:39.685+0000] {dag.py:3954} INFO - Setting next_dagrun for produce_json to 2026-02-17 14:00:00+00:00, run_after=2026-02-18 14:00:00+00:00
[2026-02-18T22:10:39.690+0000] {logging_mixin.py:188} INFO - [2026-02-18T22:10:39.689+0000] {dag.py:3954} INFO - Setting next_dagrun for update_db to 2026-02-17 15:00:00+00:00, run_after=2026-02-18 15:00:00+00:00
[2026-02-18T22:10:39.713+0000] {processor.py:183} INFO - Processing /opt/airflow/dags/main.py took 0.159 seconds
[2026-02-18T22:11:09.959+0000] {processor.py:161} INFO - Started process (PID=1607) to work on /opt/airflow/dags/main.py
[2026-02-18T22:11:09.960+0000] {processor.py:830} INFO - Processing file /opt/airflow/dags/main.py for tasks to queue
[2026-02-18T22:11:09.963+0000] {logging_mixin.py:188} INFO - [2026-02-18T22:11:09.962+0000] {dagbag.py:545} INFO - Filling up the DagBag from /opt/airflow/dags/main.py
[2026-02-18T22:11:10.042+0000] {processor.py:840} INFO - DAG(s) 'produce_json', 'update_db' retrieved from /opt/airflow/dags/main.py
[2026-02-18T22:11:10.071+0000] {logging_mixin.py:188} INFO - [2026-02-18T22:11:10.071+0000] {dag.py:3096} INFO - Sync 2 DAGs
[2026-02-18T22:11:10.093+0000] {logging_mixin.py:188} INFO - [2026-02-18T22:11:10.093+0000] {dag.py:3954} INFO - Setting next_dagrun for produce_json to 2026-02-17 14:00:00+00:00, run_after=2026-02-18 14:00:00+00:00
[2026-02-18T22:11:10.098+0000] {logging_mixin.py:188} INFO - [2026-02-18T22:11:10.098+0000] {dag.py:3954} INFO - Setting next_dagrun for update_db to 2026-02-17 15:00:00+00:00, run_after=2026-02-18 15:00:00+00:00
[2026-02-18T22:11:10.117+0000] {processor.py:183} INFO - Processing /opt/airflow/dags/main.py took 0.165 seconds
[2026-02-18T22:11:40.250+0000] {processor.py:161} INFO - Started process (PID=1614) to work on /opt/airflow/dags/main.py
[2026-02-18T22:11:40.251+0000] {processor.py:830} INFO - Processing file /opt/airflow/dags/main.py for tasks to queue
[2026-02-18T22:11:40.253+0000] {logging_mixin.py:188} INFO - [2026-02-18T22:11:40.253+0000] {dagbag.py:545} INFO - Filling up the DagBag from /opt/airflow/dags/main.py
[2026-02-18T22:11:40.325+0000] {processor.py:840} INFO - DAG(s) 'update_db', 'produce_json' retrieved from /opt/airflow/dags/main.py
[2026-02-18T22:11:40.354+0000] {logging_mixin.py:188} INFO - [2026-02-18T22:11:40.354+0000] {dag.py:3096} INFO - Sync 2 DAGs
[2026-02-18T22:11:40.375+0000] {logging_mixin.py:188} INFO - [2026-02-18T22:11:40.374+0000] {dag.py:3954} INFO - Setting next_dagrun for produce_json to 2026-02-17 14:00:00+00:00, run_after=2026-02-18 14:00:00+00:00
[2026-02-18T22:11:40.380+0000] {logging_mixin.py:188} INFO - [2026-02-18T22:11:40.380+0000] {dag.py:3954} INFO - Setting next_dagrun for update_db to 2026-02-17 15:00:00+00:00, run_after=2026-02-18 15:00:00+00:00
[2026-02-18T22:11:40.402+0000] {processor.py:183} INFO - Processing /opt/airflow/dags/main.py took 0.158 seconds
[2026-02-18T22:12:10.669+0000] {processor.py:161} INFO - Started process (PID=1621) to work on /opt/airflow/dags/main.py
[2026-02-18T22:12:10.671+0000] {processor.py:830} INFO - Processing file /opt/airflow/dags/main.py for tasks to queue
[2026-02-18T22:12:10.673+0000] {logging_mixin.py:188} INFO - [2026-02-18T22:12:10.673+0000] {dagbag.py:545} INFO - Filling up the DagBag from /opt/airflow/dags/main.py
[2026-02-18T22:12:10.751+0000] {processor.py:840} INFO - DAG(s) 'update_db', 'produce_json' retrieved from /opt/airflow/dags/main.py
[2026-02-18T22:12:10.779+0000] {logging_mixin.py:188} INFO - [2026-02-18T22:12:10.779+0000] {dag.py:3096} INFO - Sync 2 DAGs
[2026-02-18T22:12:10.799+0000] {logging_mixin.py:188} INFO - [2026-02-18T22:12:10.799+0000] {dag.py:3954} INFO - Setting next_dagrun for produce_json to 2026-02-17 14:00:00+00:00, run_after=2026-02-18 14:00:00+00:00
[2026-02-18T22:12:10.804+0000] {logging_mixin.py:188} INFO - [2026-02-18T22:12:10.804+0000] {dag.py:3954} INFO - Setting next_dagrun for update_db to 2026-02-17 15:00:00+00:00, run_after=2026-02-18 15:00:00+00:00
[2026-02-18T22:12:10.825+0000] {processor.py:183} INFO - Processing /opt/airflow/dags/main.py took 0.161 seconds
[2026-02-18T22:12:40.951+0000] {processor.py:161} INFO - Started process (PID=1628) to work on /opt/airflow/dags/main.py
[2026-02-18T22:12:40.952+0000] {processor.py:830} INFO - Processing file /opt/airflow/dags/main.py for tasks to queue
[2026-02-18T22:12:40.954+0000] {logging_mixin.py:188} INFO - [2026-02-18T22:12:40.954+0000] {dagbag.py:545} INFO - Filling up the DagBag from /opt/airflow/dags/main.py
[2026-02-18T22:12:41.023+0000] {processor.py:840} INFO - DAG(s) 'update_db', 'produce_json' retrieved from /opt/airflow/dags/main.py
[2026-02-18T22:12:41.053+0000] {logging_mixin.py:188} INFO - [2026-02-18T22:12:41.053+0000] {dag.py:3096} INFO - Sync 2 DAGs
[2026-02-18T22:12:41.075+0000] {logging_mixin.py:188} INFO - [2026-02-18T22:12:41.075+0000] {dag.py:3954} INFO - Setting next_dagrun for produce_json to 2026-02-17 14:00:00+00:00, run_after=2026-02-18 14:00:00+00:00
[2026-02-18T22:12:41.080+0000] {logging_mixin.py:188} INFO - [2026-02-18T22:12:41.080+0000] {dag.py:3954} INFO - Setting next_dagrun for update_db to 2026-02-17 15:00:00+00:00, run_after=2026-02-18 15:00:00+00:00
[2026-02-18T22:12:41.100+0000] {processor.py:183} INFO - Processing /opt/airflow/dags/main.py took 0.155 seconds
[2026-02-18T22:13:11.480+0000] {processor.py:161} INFO - Started process (PID=1635) to work on /opt/airflow/dags/main.py
[2026-02-18T22:13:11.481+0000] {processor.py:830} INFO - Processing file /opt/airflow/dags/main.py for tasks to queue
[2026-02-18T22:13:11.483+0000] {logging_mixin.py:188} INFO - [2026-02-18T22:13:11.482+0000] {dagbag.py:545} INFO - Filling up the DagBag from /opt/airflow/dags/main.py
[2026-02-18T22:13:11.554+0000] {processor.py:840} INFO - DAG(s) 'update_db', 'produce_json' retrieved from /opt/airflow/dags/main.py
[2026-02-18T22:13:11.582+0000] {logging_mixin.py:188} INFO - [2026-02-18T22:13:11.582+0000] {dag.py:3096} INFO - Sync 2 DAGs
[2026-02-18T22:13:11.602+0000] {logging_mixin.py:188} INFO - [2026-02-18T22:13:11.602+0000] {dag.py:3954} INFO - Setting next_dagrun for produce_json to 2026-02-17 14:00:00+00:00, run_after=2026-02-18 14:00:00+00:00
[2026-02-18T22:13:11.606+0000] {logging_mixin.py:188} INFO - [2026-02-18T22:13:11.606+0000] {dag.py:3954} INFO - Setting next_dagrun for update_db to 2026-02-17 15:00:00+00:00, run_after=2026-02-18 15:00:00+00:00
[2026-02-18T22:13:11.625+0000] {processor.py:183} INFO - Processing /opt/airflow/dags/main.py took 0.152 seconds
[2026-02-18T22:13:41.755+0000] {processor.py:161} INFO - Started process (PID=1642) to work on /opt/airflow/dags/main.py
[2026-02-18T22:13:41.756+0000] {processor.py:830} INFO - Processing file /opt/airflow/dags/main.py for tasks to queue
[2026-02-18T22:13:41.758+0000] {logging_mixin.py:188} INFO - [2026-02-18T22:13:41.758+0000] {dagbag.py:545} INFO - Filling up the DagBag from /opt/airflow/dags/main.py
[2026-02-18T22:13:41.828+0000] {processor.py:840} INFO - DAG(s) 'update_db', 'produce_json' retrieved from /opt/airflow/dags/main.py
[2026-02-18T22:13:41.858+0000] {logging_mixin.py:188} INFO - [2026-02-18T22:13:41.858+0000] {dag.py:3096} INFO - Sync 2 DAGs
[2026-02-18T22:13:41.878+0000] {logging_mixin.py:188} INFO - [2026-02-18T22:13:41.878+0000] {dag.py:3954} INFO - Setting next_dagrun for produce_json to 2026-02-17 14:00:00+00:00, run_after=2026-02-18 14:00:00+00:00
[2026-02-18T22:13:41.883+0000] {logging_mixin.py:188} INFO - [2026-02-18T22:13:41.883+0000] {dag.py:3954} INFO - Setting next_dagrun for update_db to 2026-02-17 15:00:00+00:00, run_after=2026-02-18 15:00:00+00:00
[2026-02-18T22:13:41.910+0000] {processor.py:183} INFO - Processing /opt/airflow/dags/main.py took 0.160 seconds
[2026-02-18T22:14:12.171+0000] {processor.py:161} INFO - Started process (PID=1649) to work on /opt/airflow/dags/main.py
[2026-02-18T22:14:12.172+0000] {processor.py:830} INFO - Processing file /opt/airflow/dags/main.py for tasks to queue
[2026-02-18T22:14:12.174+0000] {logging_mixin.py:188} INFO - [2026-02-18T22:14:12.174+0000] {dagbag.py:545} INFO - Filling up the DagBag from /opt/airflow/dags/main.py
[2026-02-18T22:14:12.259+0000] {processor.py:840} INFO - DAG(s) 'update_db', 'produce_json' retrieved from /opt/airflow/dags/main.py
[2026-02-18T22:14:12.289+0000] {logging_mixin.py:188} INFO - [2026-02-18T22:14:12.288+0000] {dag.py:3096} INFO - Sync 2 DAGs
[2026-02-18T22:14:12.309+0000] {logging_mixin.py:188} INFO - [2026-02-18T22:14:12.309+0000] {dag.py:3954} INFO - Setting next_dagrun for produce_json to 2026-02-17 14:00:00+00:00, run_after=2026-02-18 14:00:00+00:00
[2026-02-18T22:14:12.314+0000] {logging_mixin.py:188} INFO - [2026-02-18T22:14:12.314+0000] {dag.py:3954} INFO - Setting next_dagrun for update_db to 2026-02-17 15:00:00+00:00, run_after=2026-02-18 15:00:00+00:00
[2026-02-18T22:14:12.343+0000] {processor.py:183} INFO - Processing /opt/airflow/dags/main.py took 0.177 seconds
[2026-02-18T22:14:42.430+0000] {processor.py:161} INFO - Started process (PID=1656) to work on /opt/airflow/dags/main.py
[2026-02-18T22:14:42.431+0000] {processor.py:830} INFO - Processing file /opt/airflow/dags/main.py for tasks to queue
[2026-02-18T22:14:42.434+0000] {logging_mixin.py:188} INFO - [2026-02-18T22:14:42.433+0000] {dagbag.py:545} INFO - Filling up the DagBag from /opt/airflow/dags/main.py
[2026-02-18T22:14:42.526+0000] {processor.py:840} INFO - DAG(s) 'produce_json', 'update_db' retrieved from /opt/airflow/dags/main.py
[2026-02-18T22:14:42.594+0000] {logging_mixin.py:188} INFO - [2026-02-18T22:14:42.594+0000] {dag.py:3096} INFO - Sync 2 DAGs
[2026-02-18T22:14:42.632+0000] {logging_mixin.py:188} INFO - [2026-02-18T22:14:42.632+0000] {dag.py:3954} INFO - Setting next_dagrun for produce_json to 2026-02-17 14:00:00+00:00, run_after=2026-02-18 14:00:00+00:00
[2026-02-18T22:14:42.639+0000] {logging_mixin.py:188} INFO - [2026-02-18T22:14:42.639+0000] {dag.py:3954} INFO - Setting next_dagrun for update_db to 2026-02-17 15:00:00+00:00, run_after=2026-02-18 15:00:00+00:00
[2026-02-18T22:14:42.675+0000] {processor.py:183} INFO - Processing /opt/airflow/dags/main.py took 0.252 seconds
[2026-02-18T22:15:12.813+0000] {processor.py:161} INFO - Started process (PID=1663) to work on /opt/airflow/dags/main.py
[2026-02-18T22:15:12.814+0000] {processor.py:830} INFO - Processing file /opt/airflow/dags/main.py for tasks to queue
[2026-02-18T22:15:12.817+0000] {logging_mixin.py:188} INFO - [2026-02-18T22:15:12.816+0000] {dagbag.py:545} INFO - Filling up the DagBag from /opt/airflow/dags/main.py
[2026-02-18T22:15:12.907+0000] {processor.py:840} INFO - DAG(s) 'update_db', 'produce_json' retrieved from /opt/airflow/dags/main.py
[2026-02-18T22:15:12.942+0000] {logging_mixin.py:188} INFO - [2026-02-18T22:15:12.942+0000] {dag.py:3096} INFO - Sync 2 DAGs
[2026-02-18T22:15:12.973+0000] {logging_mixin.py:188} INFO - [2026-02-18T22:15:12.973+0000] {dag.py:3954} INFO - Setting next_dagrun for produce_json to 2026-02-17 14:00:00+00:00, run_after=2026-02-18 14:00:00+00:00
[2026-02-18T22:15:12.981+0000] {logging_mixin.py:188} INFO - [2026-02-18T22:15:12.980+0000] {dag.py:3954} INFO - Setting next_dagrun for update_db to 2026-02-17 15:00:00+00:00, run_after=2026-02-18 15:00:00+00:00
[2026-02-18T22:15:12.999+0000] {processor.py:183} INFO - Processing /opt/airflow/dags/main.py took 0.195 seconds
[2026-02-18T22:15:43.083+0000] {processor.py:161} INFO - Started process (PID=1670) to work on /opt/airflow/dags/main.py
[2026-02-18T22:15:43.084+0000] {processor.py:830} INFO - Processing file /opt/airflow/dags/main.py for tasks to queue
[2026-02-18T22:15:43.086+0000] {logging_mixin.py:188} INFO - [2026-02-18T22:15:43.086+0000] {dagbag.py:545} INFO - Filling up the DagBag from /opt/airflow/dags/main.py
[2026-02-18T22:15:43.174+0000] {processor.py:840} INFO - DAG(s) 'update_db', 'produce_json' retrieved from /opt/airflow/dags/main.py
[2026-02-18T22:15:43.208+0000] {logging_mixin.py:188} INFO - [2026-02-18T22:15:43.207+0000] {dag.py:3096} INFO - Sync 2 DAGs
[2026-02-18T22:15:43.234+0000] {logging_mixin.py:188} INFO - [2026-02-18T22:15:43.234+0000] {dag.py:3954} INFO - Setting next_dagrun for produce_json to 2026-02-17 14:00:00+00:00, run_after=2026-02-18 14:00:00+00:00
[2026-02-18T22:15:43.240+0000] {logging_mixin.py:188} INFO - [2026-02-18T22:15:43.239+0000] {dag.py:3954} INFO - Setting next_dagrun for update_db to 2026-02-17 15:00:00+00:00, run_after=2026-02-18 15:00:00+00:00
[2026-02-18T22:15:43.272+0000] {processor.py:183} INFO - Processing /opt/airflow/dags/main.py took 0.195 seconds
[2026-02-18T22:16:13.516+0000] {processor.py:161} INFO - Started process (PID=1677) to work on /opt/airflow/dags/main.py
[2026-02-18T22:16:13.518+0000] {processor.py:830} INFO - Processing file /opt/airflow/dags/main.py for tasks to queue
[2026-02-18T22:16:13.520+0000] {logging_mixin.py:188} INFO - [2026-02-18T22:16:13.520+0000] {dagbag.py:545} INFO - Filling up the DagBag from /opt/airflow/dags/main.py
[2026-02-18T22:16:13.603+0000] {processor.py:840} INFO - DAG(s) 'update_db', 'produce_json' retrieved from /opt/airflow/dags/main.py
[2026-02-18T22:16:13.633+0000] {logging_mixin.py:188} INFO - [2026-02-18T22:16:13.633+0000] {dag.py:3096} INFO - Sync 2 DAGs
[2026-02-18T22:16:13.653+0000] {logging_mixin.py:188} INFO - [2026-02-18T22:16:13.653+0000] {dag.py:3954} INFO - Setting next_dagrun for produce_json to 2026-02-17 14:00:00+00:00, run_after=2026-02-18 14:00:00+00:00
[2026-02-18T22:16:13.658+0000] {logging_mixin.py:188} INFO - [2026-02-18T22:16:13.658+0000] {dag.py:3954} INFO - Setting next_dagrun for update_db to 2026-02-17 15:00:00+00:00, run_after=2026-02-18 15:00:00+00:00
[2026-02-18T22:16:13.675+0000] {processor.py:183} INFO - Processing /opt/airflow/dags/main.py took 0.165 seconds
[2026-02-18T22:16:43.781+0000] {processor.py:161} INFO - Started process (PID=1684) to work on /opt/airflow/dags/main.py
[2026-02-18T22:16:43.783+0000] {processor.py:830} INFO - Processing file /opt/airflow/dags/main.py for tasks to queue
[2026-02-18T22:16:43.784+0000] {logging_mixin.py:188} INFO - [2026-02-18T22:16:43.784+0000] {dagbag.py:545} INFO - Filling up the DagBag from /opt/airflow/dags/main.py
[2026-02-18T22:16:43.860+0000] {processor.py:840} INFO - DAG(s) 'produce_json', 'update_db' retrieved from /opt/airflow/dags/main.py
[2026-02-18T22:16:43.891+0000] {logging_mixin.py:188} INFO - [2026-02-18T22:16:43.891+0000] {dag.py:3096} INFO - Sync 2 DAGs
[2026-02-18T22:16:43.912+0000] {logging_mixin.py:188} INFO - [2026-02-18T22:16:43.911+0000] {dag.py:3954} INFO - Setting next_dagrun for produce_json to 2026-02-17 14:00:00+00:00, run_after=2026-02-18 14:00:00+00:00
[2026-02-18T22:16:43.916+0000] {logging_mixin.py:188} INFO - [2026-02-18T22:16:43.916+0000] {dag.py:3954} INFO - Setting next_dagrun for update_db to 2026-02-17 15:00:00+00:00, run_after=2026-02-18 15:00:00+00:00
[2026-02-18T22:16:43.936+0000] {processor.py:183} INFO - Processing /opt/airflow/dags/main.py took 0.160 seconds
[2026-02-18T22:17:14.052+0000] {processor.py:161} INFO - Started process (PID=1691) to work on /opt/airflow/dags/main.py
[2026-02-18T22:17:14.053+0000] {processor.py:830} INFO - Processing file /opt/airflow/dags/main.py for tasks to queue
[2026-02-18T22:17:14.055+0000] {logging_mixin.py:188} INFO - [2026-02-18T22:17:14.055+0000] {dagbag.py:545} INFO - Filling up the DagBag from /opt/airflow/dags/main.py
[2026-02-18T22:17:14.124+0000] {processor.py:840} INFO - DAG(s) 'update_db', 'produce_json' retrieved from /opt/airflow/dags/main.py
[2026-02-18T22:17:14.153+0000] {logging_mixin.py:188} INFO - [2026-02-18T22:17:14.152+0000] {dag.py:3096} INFO - Sync 2 DAGs
[2026-02-18T22:17:14.173+0000] {logging_mixin.py:188} INFO - [2026-02-18T22:17:14.172+0000] {dag.py:3954} INFO - Setting next_dagrun for produce_json to 2026-02-17 14:00:00+00:00, run_after=2026-02-18 14:00:00+00:00
[2026-02-18T22:17:14.177+0000] {logging_mixin.py:188} INFO - [2026-02-18T22:17:14.177+0000] {dag.py:3954} INFO - Setting next_dagrun for update_db to 2026-02-17 15:00:00+00:00, run_after=2026-02-18 15:00:00+00:00
[2026-02-18T22:17:14.209+0000] {processor.py:183} INFO - Processing /opt/airflow/dags/main.py took 0.162 seconds
[2026-02-18T22:17:44.456+0000] {processor.py:161} INFO - Started process (PID=1698) to work on /opt/airflow/dags/main.py
[2026-02-18T22:17:44.457+0000] {processor.py:830} INFO - Processing file /opt/airflow/dags/main.py for tasks to queue
[2026-02-18T22:17:44.458+0000] {logging_mixin.py:188} INFO - [2026-02-18T22:17:44.458+0000] {dagbag.py:545} INFO - Filling up the DagBag from /opt/airflow/dags/main.py
[2026-02-18T22:17:44.546+0000] {processor.py:840} INFO - DAG(s) 'update_db', 'produce_json' retrieved from /opt/airflow/dags/main.py
[2026-02-18T22:17:44.578+0000] {logging_mixin.py:188} INFO - [2026-02-18T22:17:44.578+0000] {dag.py:3096} INFO - Sync 2 DAGs
[2026-02-18T22:17:44.598+0000] {logging_mixin.py:188} INFO - [2026-02-18T22:17:44.598+0000] {dag.py:3954} INFO - Setting next_dagrun for produce_json to 2026-02-17 14:00:00+00:00, run_after=2026-02-18 14:00:00+00:00
[2026-02-18T22:17:44.603+0000] {logging_mixin.py:188} INFO - [2026-02-18T22:17:44.603+0000] {dag.py:3954} INFO - Setting next_dagrun for update_db to 2026-02-17 15:00:00+00:00, run_after=2026-02-18 15:00:00+00:00
[2026-02-18T22:17:44.632+0000] {processor.py:183} INFO - Processing /opt/airflow/dags/main.py took 0.182 seconds
[2026-02-18T22:18:14.850+0000] {processor.py:161} INFO - Started process (PID=1705) to work on /opt/airflow/dags/main.py
[2026-02-18T22:18:14.851+0000] {processor.py:830} INFO - Processing file /opt/airflow/dags/main.py for tasks to queue
[2026-02-18T22:18:14.853+0000] {logging_mixin.py:188} INFO - [2026-02-18T22:18:14.853+0000] {dagbag.py:545} INFO - Filling up the DagBag from /opt/airflow/dags/main.py
[2026-02-18T22:18:14.921+0000] {processor.py:840} INFO - DAG(s) 'produce_json', 'update_db' retrieved from /opt/airflow/dags/main.py
[2026-02-18T22:18:14.949+0000] {logging_mixin.py:188} INFO - [2026-02-18T22:18:14.949+0000] {dag.py:3096} INFO - Sync 2 DAGs
[2026-02-18T22:18:14.968+0000] {logging_mixin.py:188} INFO - [2026-02-18T22:18:14.968+0000] {dag.py:3954} INFO - Setting next_dagrun for produce_json to 2026-02-17 14:00:00+00:00, run_after=2026-02-18 14:00:00+00:00
[2026-02-18T22:18:14.974+0000] {logging_mixin.py:188} INFO - [2026-02-18T22:18:14.974+0000] {dag.py:3954} INFO - Setting next_dagrun for update_db to 2026-02-17 15:00:00+00:00, run_after=2026-02-18 15:00:00+00:00
[2026-02-18T22:18:15.003+0000] {processor.py:183} INFO - Processing /opt/airflow/dags/main.py took 0.159 seconds
[2026-02-18T22:18:45.181+0000] {processor.py:161} INFO - Started process (PID=1712) to work on /opt/airflow/dags/main.py
[2026-02-18T22:18:45.182+0000] {processor.py:830} INFO - Processing file /opt/airflow/dags/main.py for tasks to queue
[2026-02-18T22:18:45.185+0000] {logging_mixin.py:188} INFO - [2026-02-18T22:18:45.184+0000] {dagbag.py:545} INFO - Filling up the DagBag from /opt/airflow/dags/main.py
[2026-02-18T22:18:45.267+0000] {processor.py:840} INFO - DAG(s) 'update_db', 'produce_json' retrieved from /opt/airflow/dags/main.py
[2026-02-18T22:18:45.295+0000] {logging_mixin.py:188} INFO - [2026-02-18T22:18:45.295+0000] {dag.py:3096} INFO - Sync 2 DAGs
[2026-02-18T22:18:45.316+0000] {logging_mixin.py:188} INFO - [2026-02-18T22:18:45.316+0000] {dag.py:3954} INFO - Setting next_dagrun for produce_json to 2026-02-17 14:00:00+00:00, run_after=2026-02-18 14:00:00+00:00
[2026-02-18T22:18:45.321+0000] {logging_mixin.py:188} INFO - [2026-02-18T22:18:45.320+0000] {dag.py:3954} INFO - Setting next_dagrun for update_db to 2026-02-17 15:00:00+00:00, run_after=2026-02-18 15:00:00+00:00
[2026-02-18T22:18:45.339+0000] {processor.py:183} INFO - Processing /opt/airflow/dags/main.py took 0.164 seconds
[2026-02-18T22:19:15.539+0000] {processor.py:161} INFO - Started process (PID=1719) to work on /opt/airflow/dags/main.py
[2026-02-18T22:19:15.540+0000] {processor.py:830} INFO - Processing file /opt/airflow/dags/main.py for tasks to queue
[2026-02-18T22:19:15.542+0000] {logging_mixin.py:188} INFO - [2026-02-18T22:19:15.542+0000] {dagbag.py:545} INFO - Filling up the DagBag from /opt/airflow/dags/main.py
[2026-02-18T22:19:15.625+0000] {processor.py:840} INFO - DAG(s) 'produce_json', 'update_db' retrieved from /opt/airflow/dags/main.py
[2026-02-18T22:19:15.656+0000] {logging_mixin.py:188} INFO - [2026-02-18T22:19:15.656+0000] {dag.py:3096} INFO - Sync 2 DAGs
[2026-02-18T22:19:15.677+0000] {logging_mixin.py:188} INFO - [2026-02-18T22:19:15.676+0000] {dag.py:3954} INFO - Setting next_dagrun for produce_json to 2026-02-17 14:00:00+00:00, run_after=2026-02-18 14:00:00+00:00
[2026-02-18T22:19:15.681+0000] {logging_mixin.py:188} INFO - [2026-02-18T22:19:15.681+0000] {dag.py:3954} INFO - Setting next_dagrun for update_db to 2026-02-17 15:00:00+00:00, run_after=2026-02-18 15:00:00+00:00
[2026-02-18T22:19:15.698+0000] {processor.py:183} INFO - Processing /opt/airflow/dags/main.py took 0.165 seconds
[2026-02-18T22:19:45.892+0000] {processor.py:161} INFO - Started process (PID=1726) to work on /opt/airflow/dags/main.py
[2026-02-18T22:19:45.894+0000] {processor.py:830} INFO - Processing file /opt/airflow/dags/main.py for tasks to queue
[2026-02-18T22:19:45.896+0000] {logging_mixin.py:188} INFO - [2026-02-18T22:19:45.895+0000] {dagbag.py:545} INFO - Filling up the DagBag from /opt/airflow/dags/main.py
[2026-02-18T22:19:45.985+0000] {processor.py:840} INFO - DAG(s) 'produce_json', 'update_db' retrieved from /opt/airflow/dags/main.py
[2026-02-18T22:19:46.014+0000] {logging_mixin.py:188} INFO - [2026-02-18T22:19:46.014+0000] {dag.py:3096} INFO - Sync 2 DAGs
[2026-02-18T22:19:46.035+0000] {logging_mixin.py:188} INFO - [2026-02-18T22:19:46.034+0000] {dag.py:3954} INFO - Setting next_dagrun for produce_json to 2026-02-17 14:00:00+00:00, run_after=2026-02-18 14:00:00+00:00
[2026-02-18T22:19:46.040+0000] {logging_mixin.py:188} INFO - [2026-02-18T22:19:46.040+0000] {dag.py:3954} INFO - Setting next_dagrun for update_db to 2026-02-17 15:00:00+00:00, run_after=2026-02-18 15:00:00+00:00
[2026-02-18T22:19:46.060+0000] {processor.py:183} INFO - Processing /opt/airflow/dags/main.py took 0.174 seconds
[2026-02-18T22:20:16.269+0000] {processor.py:161} INFO - Started process (PID=1733) to work on /opt/airflow/dags/main.py
[2026-02-18T22:20:16.270+0000] {processor.py:830} INFO - Processing file /opt/airflow/dags/main.py for tasks to queue
[2026-02-18T22:20:16.272+0000] {logging_mixin.py:188} INFO - [2026-02-18T22:20:16.271+0000] {dagbag.py:545} INFO - Filling up the DagBag from /opt/airflow/dags/main.py
[2026-02-18T22:20:16.348+0000] {processor.py:840} INFO - DAG(s) 'update_db', 'produce_json' retrieved from /opt/airflow/dags/main.py
[2026-02-18T22:20:16.375+0000] {logging_mixin.py:188} INFO - [2026-02-18T22:20:16.375+0000] {dag.py:3096} INFO - Sync 2 DAGs
[2026-02-18T22:20:16.394+0000] {logging_mixin.py:188} INFO - [2026-02-18T22:20:16.394+0000] {dag.py:3954} INFO - Setting next_dagrun for produce_json to 2026-02-17 14:00:00+00:00, run_after=2026-02-18 14:00:00+00:00
[2026-02-18T22:20:16.399+0000] {logging_mixin.py:188} INFO - [2026-02-18T22:20:16.399+0000] {dag.py:3954} INFO - Setting next_dagrun for update_db to 2026-02-17 15:00:00+00:00, run_after=2026-02-18 15:00:00+00:00
[2026-02-18T22:20:16.419+0000] {processor.py:183} INFO - Processing /opt/airflow/dags/main.py took 0.156 seconds
[2026-02-18T22:20:46.596+0000] {processor.py:161} INFO - Started process (PID=1740) to work on /opt/airflow/dags/main.py
[2026-02-18T22:20:46.597+0000] {processor.py:830} INFO - Processing file /opt/airflow/dags/main.py for tasks to queue
[2026-02-18T22:20:46.600+0000] {logging_mixin.py:188} INFO - [2026-02-18T22:20:46.599+0000] {dagbag.py:545} INFO - Filling up the DagBag from /opt/airflow/dags/main.py
[2026-02-18T22:20:46.671+0000] {processor.py:840} INFO - DAG(s) 'update_db', 'produce_json' retrieved from /opt/airflow/dags/main.py
[2026-02-18T22:20:46.699+0000] {logging_mixin.py:188} INFO - [2026-02-18T22:20:46.699+0000] {dag.py:3096} INFO - Sync 2 DAGs
[2026-02-18T22:20:46.718+0000] {logging_mixin.py:188} INFO - [2026-02-18T22:20:46.718+0000] {dag.py:3954} INFO - Setting next_dagrun for produce_json to 2026-02-17 14:00:00+00:00, run_after=2026-02-18 14:00:00+00:00
[2026-02-18T22:20:46.723+0000] {logging_mixin.py:188} INFO - [2026-02-18T22:20:46.723+0000] {dag.py:3954} INFO - Setting next_dagrun for update_db to 2026-02-17 15:00:00+00:00, run_after=2026-02-18 15:00:00+00:00
[2026-02-18T22:20:46.752+0000] {processor.py:183} INFO - Processing /opt/airflow/dags/main.py took 0.163 seconds
[2026-02-18T22:21:16.916+0000] {processor.py:161} INFO - Started process (PID=1747) to work on /opt/airflow/dags/main.py
[2026-02-18T22:21:16.917+0000] {processor.py:830} INFO - Processing file /opt/airflow/dags/main.py for tasks to queue
[2026-02-18T22:21:16.919+0000] {logging_mixin.py:188} INFO - [2026-02-18T22:21:16.919+0000] {dagbag.py:545} INFO - Filling up the DagBag from /opt/airflow/dags/main.py
[2026-02-18T22:21:16.995+0000] {processor.py:840} INFO - DAG(s) 'produce_json', 'update_db' retrieved from /opt/airflow/dags/main.py
[2026-02-18T22:21:17.025+0000] {logging_mixin.py:188} INFO - [2026-02-18T22:21:17.025+0000] {dag.py:3096} INFO - Sync 2 DAGs
[2026-02-18T22:21:17.045+0000] {logging_mixin.py:188} INFO - [2026-02-18T22:21:17.045+0000] {dag.py:3954} INFO - Setting next_dagrun for produce_json to 2026-02-17 14:00:00+00:00, run_after=2026-02-18 14:00:00+00:00
[2026-02-18T22:21:17.051+0000] {logging_mixin.py:188} INFO - [2026-02-18T22:21:17.051+0000] {dag.py:3954} INFO - Setting next_dagrun for update_db to 2026-02-17 15:00:00+00:00, run_after=2026-02-18 15:00:00+00:00
[2026-02-18T22:21:17.072+0000] {processor.py:183} INFO - Processing /opt/airflow/dags/main.py took 0.161 seconds
[2026-02-18T22:21:47.227+0000] {processor.py:161} INFO - Started process (PID=1754) to work on /opt/airflow/dags/main.py
[2026-02-18T22:21:47.228+0000] {processor.py:830} INFO - Processing file /opt/airflow/dags/main.py for tasks to queue
[2026-02-18T22:21:47.230+0000] {logging_mixin.py:188} INFO - [2026-02-18T22:21:47.230+0000] {dagbag.py:545} INFO - Filling up the DagBag from /opt/airflow/dags/main.py
[2026-02-18T22:21:47.299+0000] {processor.py:840} INFO - DAG(s) 'update_db', 'produce_json' retrieved from /opt/airflow/dags/main.py
[2026-02-18T22:21:47.327+0000] {logging_mixin.py:188} INFO - [2026-02-18T22:21:47.327+0000] {dag.py:3096} INFO - Sync 2 DAGs
[2026-02-18T22:21:47.348+0000] {logging_mixin.py:188} INFO - [2026-02-18T22:21:47.348+0000] {dag.py:3954} INFO - Setting next_dagrun for produce_json to 2026-02-17 14:00:00+00:00, run_after=2026-02-18 14:00:00+00:00
[2026-02-18T22:21:47.353+0000] {logging_mixin.py:188} INFO - [2026-02-18T22:21:47.353+0000] {dag.py:3954} INFO - Setting next_dagrun for update_db to 2026-02-17 15:00:00+00:00, run_after=2026-02-18 15:00:00+00:00
[2026-02-18T22:21:47.373+0000] {processor.py:183} INFO - Processing /opt/airflow/dags/main.py took 0.151 seconds
[2026-02-18T22:22:17.582+0000] {processor.py:161} INFO - Started process (PID=1761) to work on /opt/airflow/dags/main.py
[2026-02-18T22:22:17.583+0000] {processor.py:830} INFO - Processing file /opt/airflow/dags/main.py for tasks to queue
[2026-02-18T22:22:17.585+0000] {logging_mixin.py:188} INFO - [2026-02-18T22:22:17.585+0000] {dagbag.py:545} INFO - Filling up the DagBag from /opt/airflow/dags/main.py
[2026-02-18T22:22:17.650+0000] {processor.py:840} INFO - DAG(s) 'produce_json', 'update_db' retrieved from /opt/airflow/dags/main.py
[2026-02-18T22:22:17.678+0000] {logging_mixin.py:188} INFO - [2026-02-18T22:22:17.678+0000] {dag.py:3096} INFO - Sync 2 DAGs
[2026-02-18T22:22:17.699+0000] {logging_mixin.py:188} INFO - [2026-02-18T22:22:17.699+0000] {dag.py:3954} INFO - Setting next_dagrun for produce_json to 2026-02-17 14:00:00+00:00, run_after=2026-02-18 14:00:00+00:00
[2026-02-18T22:22:17.704+0000] {logging_mixin.py:188} INFO - [2026-02-18T22:22:17.703+0000] {dag.py:3954} INFO - Setting next_dagrun for update_db to 2026-02-17 15:00:00+00:00, run_after=2026-02-18 15:00:00+00:00
[2026-02-18T22:22:17.734+0000] {processor.py:183} INFO - Processing /opt/airflow/dags/main.py took 0.157 seconds
[2026-02-18T22:22:47.896+0000] {processor.py:161} INFO - Started process (PID=1768) to work on /opt/airflow/dags/main.py
[2026-02-18T22:22:47.897+0000] {processor.py:830} INFO - Processing file /opt/airflow/dags/main.py for tasks to queue
[2026-02-18T22:22:47.899+0000] {logging_mixin.py:188} INFO - [2026-02-18T22:22:47.899+0000] {dagbag.py:545} INFO - Filling up the DagBag from /opt/airflow/dags/main.py
[2026-02-18T22:22:47.966+0000] {processor.py:840} INFO - DAG(s) 'produce_json', 'update_db' retrieved from /opt/airflow/dags/main.py
[2026-02-18T22:22:47.996+0000] {logging_mixin.py:188} INFO - [2026-02-18T22:22:47.996+0000] {dag.py:3096} INFO - Sync 2 DAGs
[2026-02-18T22:22:48.016+0000] {logging_mixin.py:188} INFO - [2026-02-18T22:22:48.016+0000] {dag.py:3954} INFO - Setting next_dagrun for produce_json to 2026-02-17 14:00:00+00:00, run_after=2026-02-18 14:00:00+00:00
[2026-02-18T22:22:48.021+0000] {logging_mixin.py:188} INFO - [2026-02-18T22:22:48.020+0000] {dag.py:3954} INFO - Setting next_dagrun for update_db to 2026-02-17 15:00:00+00:00, run_after=2026-02-18 15:00:00+00:00
[2026-02-18T22:22:48.050+0000] {processor.py:183} INFO - Processing /opt/airflow/dags/main.py took 0.159 seconds
[2026-02-18T22:23:18.383+0000] {processor.py:161} INFO - Started process (PID=1775) to work on /opt/airflow/dags/main.py
[2026-02-18T22:23:18.384+0000] {processor.py:830} INFO - Processing file /opt/airflow/dags/main.py for tasks to queue
[2026-02-18T22:23:18.386+0000] {logging_mixin.py:188} INFO - [2026-02-18T22:23:18.386+0000] {dagbag.py:545} INFO - Filling up the DagBag from /opt/airflow/dags/main.py
[2026-02-18T22:23:18.463+0000] {processor.py:840} INFO - DAG(s) 'produce_json', 'update_db' retrieved from /opt/airflow/dags/main.py
[2026-02-18T22:23:18.490+0000] {logging_mixin.py:188} INFO - [2026-02-18T22:23:18.490+0000] {dag.py:3096} INFO - Sync 2 DAGs
[2026-02-18T22:23:18.510+0000] {logging_mixin.py:188} INFO - [2026-02-18T22:23:18.510+0000] {dag.py:3954} INFO - Setting next_dagrun for produce_json to 2026-02-17 14:00:00+00:00, run_after=2026-02-18 14:00:00+00:00
[2026-02-18T22:23:18.515+0000] {logging_mixin.py:188} INFO - [2026-02-18T22:23:18.515+0000] {dag.py:3954} INFO - Setting next_dagrun for update_db to 2026-02-17 15:00:00+00:00, run_after=2026-02-18 15:00:00+00:00
[2026-02-18T22:23:18.544+0000] {processor.py:183} INFO - Processing /opt/airflow/dags/main.py took 0.166 seconds
[2026-02-18T22:23:48.677+0000] {processor.py:161} INFO - Started process (PID=1782) to work on /opt/airflow/dags/main.py
[2026-02-18T22:23:48.679+0000] {processor.py:830} INFO - Processing file /opt/airflow/dags/main.py for tasks to queue
[2026-02-18T22:23:48.681+0000] {logging_mixin.py:188} INFO - [2026-02-18T22:23:48.681+0000] {dagbag.py:545} INFO - Filling up the DagBag from /opt/airflow/dags/main.py
[2026-02-18T22:23:48.744+0000] {processor.py:840} INFO - DAG(s) 'update_db', 'produce_json' retrieved from /opt/airflow/dags/main.py
[2026-02-18T22:23:48.773+0000] {logging_mixin.py:188} INFO - [2026-02-18T22:23:48.773+0000] {dag.py:3096} INFO - Sync 2 DAGs
[2026-02-18T22:23:48.792+0000] {logging_mixin.py:188} INFO - [2026-02-18T22:23:48.792+0000] {dag.py:3954} INFO - Setting next_dagrun for produce_json to 2026-02-17 14:00:00+00:00, run_after=2026-02-18 14:00:00+00:00
[2026-02-18T22:23:48.797+0000] {logging_mixin.py:188} INFO - [2026-02-18T22:23:48.797+0000] {dag.py:3954} INFO - Setting next_dagrun for update_db to 2026-02-17 15:00:00+00:00, run_after=2026-02-18 15:00:00+00:00
[2026-02-18T22:23:48.826+0000] {processor.py:183} INFO - Processing /opt/airflow/dags/main.py took 0.154 seconds
[2026-02-18T22:24:19.091+0000] {processor.py:161} INFO - Started process (PID=1789) to work on /opt/airflow/dags/main.py
[2026-02-18T22:24:19.092+0000] {processor.py:830} INFO - Processing file /opt/airflow/dags/main.py for tasks to queue
[2026-02-18T22:24:19.095+0000] {logging_mixin.py:188} INFO - [2026-02-18T22:24:19.094+0000] {dagbag.py:545} INFO - Filling up the DagBag from /opt/airflow/dags/main.py
[2026-02-18T22:24:19.162+0000] {processor.py:840} INFO - DAG(s) 'produce_json', 'update_db' retrieved from /opt/airflow/dags/main.py
[2026-02-18T22:24:19.191+0000] {logging_mixin.py:188} INFO - [2026-02-18T22:24:19.191+0000] {dag.py:3096} INFO - Sync 2 DAGs
[2026-02-18T22:24:19.213+0000] {logging_mixin.py:188} INFO - [2026-02-18T22:24:19.213+0000] {dag.py:3954} INFO - Setting next_dagrun for produce_json to 2026-02-17 14:00:00+00:00, run_after=2026-02-18 14:00:00+00:00
[2026-02-18T22:24:19.217+0000] {logging_mixin.py:188} INFO - [2026-02-18T22:24:19.217+0000] {dag.py:3954} INFO - Setting next_dagrun for update_db to 2026-02-17 15:00:00+00:00, run_after=2026-02-18 15:00:00+00:00
[2026-02-18T22:24:19.247+0000] {processor.py:183} INFO - Processing /opt/airflow/dags/main.py took 0.162 seconds
[2026-02-18T22:24:49.389+0000] {processor.py:161} INFO - Started process (PID=1796) to work on /opt/airflow/dags/main.py
[2026-02-18T22:24:49.390+0000] {processor.py:830} INFO - Processing file /opt/airflow/dags/main.py for tasks to queue
[2026-02-18T22:24:49.392+0000] {logging_mixin.py:188} INFO - [2026-02-18T22:24:49.392+0000] {dagbag.py:545} INFO - Filling up the DagBag from /opt/airflow/dags/main.py
[2026-02-18T22:24:49.463+0000] {processor.py:840} INFO - DAG(s) 'update_db', 'produce_json' retrieved from /opt/airflow/dags/main.py
[2026-02-18T22:24:49.492+0000] {logging_mixin.py:188} INFO - [2026-02-18T22:24:49.492+0000] {dag.py:3096} INFO - Sync 2 DAGs
[2026-02-18T22:24:49.512+0000] {logging_mixin.py:188} INFO - [2026-02-18T22:24:49.512+0000] {dag.py:3954} INFO - Setting next_dagrun for produce_json to 2026-02-17 14:00:00+00:00, run_after=2026-02-18 14:00:00+00:00
[2026-02-18T22:24:49.517+0000] {logging_mixin.py:188} INFO - [2026-02-18T22:24:49.517+0000] {dag.py:3954} INFO - Setting next_dagrun for update_db to 2026-02-17 15:00:00+00:00, run_after=2026-02-18 15:00:00+00:00
[2026-02-18T22:24:49.547+0000] {processor.py:183} INFO - Processing /opt/airflow/dags/main.py took 0.164 seconds
[2026-02-18T22:25:19.783+0000] {processor.py:161} INFO - Started process (PID=1804) to work on /opt/airflow/dags/main.py
[2026-02-18T22:25:19.784+0000] {processor.py:830} INFO - Processing file /opt/airflow/dags/main.py for tasks to queue
[2026-02-18T22:25:19.787+0000] {logging_mixin.py:188} INFO - [2026-02-18T22:25:19.787+0000] {dagbag.py:545} INFO - Filling up the DagBag from /opt/airflow/dags/main.py
[2026-02-18T22:25:19.867+0000] {processor.py:840} INFO - DAG(s) 'produce_json', 'update_db' retrieved from /opt/airflow/dags/main.py
[2026-02-18T22:25:19.908+0000] {logging_mixin.py:188} INFO - [2026-02-18T22:25:19.907+0000] {dag.py:3096} INFO - Sync 2 DAGs
[2026-02-18T22:25:19.930+0000] {logging_mixin.py:188} INFO - [2026-02-18T22:25:19.930+0000] {dag.py:3954} INFO - Setting next_dagrun for produce_json to 2026-02-17 14:00:00+00:00, run_after=2026-02-18 14:00:00+00:00
[2026-02-18T22:25:19.935+0000] {logging_mixin.py:188} INFO - [2026-02-18T22:25:19.935+0000] {dag.py:3954} INFO - Setting next_dagrun for update_db to 2026-02-17 15:00:00+00:00, run_after=2026-02-18 15:00:00+00:00
[2026-02-18T22:25:19.966+0000] {processor.py:183} INFO - Processing /opt/airflow/dags/main.py took 0.189 seconds
[2026-02-18T22:25:50.074+0000] {processor.py:161} INFO - Started process (PID=1811) to work on /opt/airflow/dags/main.py
[2026-02-18T22:25:50.075+0000] {processor.py:830} INFO - Processing file /opt/airflow/dags/main.py for tasks to queue
[2026-02-18T22:25:50.077+0000] {logging_mixin.py:188} INFO - [2026-02-18T22:25:50.077+0000] {dagbag.py:545} INFO - Filling up the DagBag from /opt/airflow/dags/main.py
[2026-02-18T22:25:50.144+0000] {processor.py:840} INFO - DAG(s) 'update_db', 'produce_json' retrieved from /opt/airflow/dags/main.py
[2026-02-18T22:25:50.174+0000] {logging_mixin.py:188} INFO - [2026-02-18T22:25:50.174+0000] {dag.py:3096} INFO - Sync 2 DAGs
[2026-02-18T22:25:50.194+0000] {logging_mixin.py:188} INFO - [2026-02-18T22:25:50.194+0000] {dag.py:3954} INFO - Setting next_dagrun for produce_json to 2026-02-17 14:00:00+00:00, run_after=2026-02-18 14:00:00+00:00
[2026-02-18T22:25:50.200+0000] {logging_mixin.py:188} INFO - [2026-02-18T22:25:50.199+0000] {dag.py:3954} INFO - Setting next_dagrun for update_db to 2026-02-17 15:00:00+00:00, run_after=2026-02-18 15:00:00+00:00
[2026-02-18T22:25:50.226+0000] {processor.py:183} INFO - Processing /opt/airflow/dags/main.py took 0.158 seconds
[2026-02-18T22:26:20.498+0000] {processor.py:161} INFO - Started process (PID=1818) to work on /opt/airflow/dags/main.py
[2026-02-18T22:26:20.499+0000] {processor.py:830} INFO - Processing file /opt/airflow/dags/main.py for tasks to queue
[2026-02-18T22:26:20.501+0000] {logging_mixin.py:188} INFO - [2026-02-18T22:26:20.501+0000] {dagbag.py:545} INFO - Filling up the DagBag from /opt/airflow/dags/main.py
[2026-02-18T22:26:20.568+0000] {processor.py:840} INFO - DAG(s) 'update_db', 'produce_json' retrieved from /opt/airflow/dags/main.py
[2026-02-18T22:26:20.595+0000] {logging_mixin.py:188} INFO - [2026-02-18T22:26:20.595+0000] {dag.py:3096} INFO - Sync 2 DAGs
[2026-02-18T22:26:20.615+0000] {logging_mixin.py:188} INFO - [2026-02-18T22:26:20.615+0000] {dag.py:3954} INFO - Setting next_dagrun for produce_json to 2026-02-17 14:00:00+00:00, run_after=2026-02-18 14:00:00+00:00
[2026-02-18T22:26:20.620+0000] {logging_mixin.py:188} INFO - [2026-02-18T22:26:20.620+0000] {dag.py:3954} INFO - Setting next_dagrun for update_db to 2026-02-17 15:00:00+00:00, run_after=2026-02-18 15:00:00+00:00
[2026-02-18T22:26:20.651+0000] {processor.py:183} INFO - Processing /opt/airflow/dags/main.py took 0.157 seconds
[2026-02-18T22:26:50.799+0000] {processor.py:161} INFO - Started process (PID=1825) to work on /opt/airflow/dags/main.py
[2026-02-18T22:26:50.800+0000] {processor.py:830} INFO - Processing file /opt/airflow/dags/main.py for tasks to queue
[2026-02-18T22:26:50.802+0000] {logging_mixin.py:188} INFO - [2026-02-18T22:26:50.802+0000] {dagbag.py:545} INFO - Filling up the DagBag from /opt/airflow/dags/main.py
[2026-02-18T22:26:50.871+0000] {processor.py:840} INFO - DAG(s) 'update_db', 'produce_json' retrieved from /opt/airflow/dags/main.py
[2026-02-18T22:26:50.900+0000] {logging_mixin.py:188} INFO - [2026-02-18T22:26:50.899+0000] {dag.py:3096} INFO - Sync 2 DAGs
[2026-02-18T22:26:50.920+0000] {logging_mixin.py:188} INFO - [2026-02-18T22:26:50.920+0000] {dag.py:3954} INFO - Setting next_dagrun for produce_json to 2026-02-17 14:00:00+00:00, run_after=2026-02-18 14:00:00+00:00
[2026-02-18T22:26:50.925+0000] {logging_mixin.py:188} INFO - [2026-02-18T22:26:50.925+0000] {dag.py:3954} INFO - Setting next_dagrun for update_db to 2026-02-17 15:00:00+00:00, run_after=2026-02-18 15:00:00+00:00
[2026-02-18T22:26:50.945+0000] {processor.py:183} INFO - Processing /opt/airflow/dags/main.py took 0.151 seconds
[2026-02-18T22:27:21.164+0000] {processor.py:161} INFO - Started process (PID=1832) to work on /opt/airflow/dags/main.py
[2026-02-18T22:27:21.165+0000] {processor.py:830} INFO - Processing file /opt/airflow/dags/main.py for tasks to queue
[2026-02-18T22:27:21.168+0000] {logging_mixin.py:188} INFO - [2026-02-18T22:27:21.167+0000] {dagbag.py:545} INFO - Filling up the DagBag from /opt/airflow/dags/main.py
[2026-02-18T22:27:21.262+0000] {processor.py:840} INFO - DAG(s) 'update_db', 'produce_json' retrieved from /opt/airflow/dags/main.py
[2026-02-18T22:27:21.294+0000] {logging_mixin.py:188} INFO - [2026-02-18T22:27:21.293+0000] {dag.py:3096} INFO - Sync 2 DAGs
[2026-02-18T22:27:21.317+0000] {logging_mixin.py:188} INFO - [2026-02-18T22:27:21.317+0000] {dag.py:3954} INFO - Setting next_dagrun for produce_json to 2026-02-17 14:00:00+00:00, run_after=2026-02-18 14:00:00+00:00
[2026-02-18T22:27:21.323+0000] {logging_mixin.py:188} INFO - [2026-02-18T22:27:21.323+0000] {dag.py:3954} INFO - Setting next_dagrun for update_db to 2026-02-17 15:00:00+00:00, run_after=2026-02-18 15:00:00+00:00
[2026-02-18T22:27:21.354+0000] {processor.py:183} INFO - Processing /opt/airflow/dags/main.py took 0.196 seconds
[2026-02-18T22:27:51.545+0000] {processor.py:161} INFO - Started process (PID=1839) to work on /opt/airflow/dags/main.py
[2026-02-18T22:27:51.546+0000] {processor.py:830} INFO - Processing file /opt/airflow/dags/main.py for tasks to queue
[2026-02-18T22:27:51.548+0000] {logging_mixin.py:188} INFO - [2026-02-18T22:27:51.548+0000] {dagbag.py:545} INFO - Filling up the DagBag from /opt/airflow/dags/main.py
[2026-02-18T22:27:51.621+0000] {processor.py:840} INFO - DAG(s) 'produce_json', 'update_db' retrieved from /opt/airflow/dags/main.py
[2026-02-18T22:27:51.650+0000] {logging_mixin.py:188} INFO - [2026-02-18T22:27:51.650+0000] {dag.py:3096} INFO - Sync 2 DAGs
[2026-02-18T22:27:51.672+0000] {logging_mixin.py:188} INFO - [2026-02-18T22:27:51.672+0000] {dag.py:3954} INFO - Setting next_dagrun for produce_json to 2026-02-17 14:00:00+00:00, run_after=2026-02-18 14:00:00+00:00
[2026-02-18T22:27:51.677+0000] {logging_mixin.py:188} INFO - [2026-02-18T22:27:51.677+0000] {dag.py:3954} INFO - Setting next_dagrun for update_db to 2026-02-17 15:00:00+00:00, run_after=2026-02-18 15:00:00+00:00
[2026-02-18T22:27:51.714+0000] {processor.py:183} INFO - Processing /opt/airflow/dags/main.py took 0.174 seconds
[2026-02-18T22:28:21.859+0000] {processor.py:161} INFO - Started process (PID=1846) to work on /opt/airflow/dags/main.py
[2026-02-18T22:28:21.860+0000] {processor.py:830} INFO - Processing file /opt/airflow/dags/main.py for tasks to queue
[2026-02-18T22:28:21.863+0000] {logging_mixin.py:188} INFO - [2026-02-18T22:28:21.862+0000] {dagbag.py:545} INFO - Filling up the DagBag from /opt/airflow/dags/main.py
[2026-02-18T22:28:21.954+0000] {processor.py:840} INFO - DAG(s) 'produce_json', 'update_db' retrieved from /opt/airflow/dags/main.py
[2026-02-18T22:28:21.990+0000] {logging_mixin.py:188} INFO - [2026-02-18T22:28:21.990+0000] {dag.py:3096} INFO - Sync 2 DAGs
[2026-02-18T22:28:22.018+0000] {logging_mixin.py:188} INFO - [2026-02-18T22:28:22.018+0000] {dag.py:3954} INFO - Setting next_dagrun for produce_json to 2026-02-17 14:00:00+00:00, run_after=2026-02-18 14:00:00+00:00
[2026-02-18T22:28:22.024+0000] {logging_mixin.py:188} INFO - [2026-02-18T22:28:22.024+0000] {dag.py:3954} INFO - Setting next_dagrun for update_db to 2026-02-17 15:00:00+00:00, run_after=2026-02-18 15:00:00+00:00
[2026-02-18T22:28:22.045+0000] {processor.py:183} INFO - Processing /opt/airflow/dags/main.py took 0.193 seconds
[2026-02-18T22:28:52.098+0000] {processor.py:161} INFO - Started process (PID=1853) to work on /opt/airflow/dags/main.py
[2026-02-18T22:28:52.099+0000] {processor.py:830} INFO - Processing file /opt/airflow/dags/main.py for tasks to queue
[2026-02-18T22:28:52.102+0000] {logging_mixin.py:188} INFO - [2026-02-18T22:28:52.101+0000] {dagbag.py:545} INFO - Filling up the DagBag from /opt/airflow/dags/main.py
[2026-02-18T22:28:52.178+0000] {processor.py:840} INFO - DAG(s) 'produce_json', 'update_db' retrieved from /opt/airflow/dags/main.py
[2026-02-18T22:28:52.208+0000] {logging_mixin.py:188} INFO - [2026-02-18T22:28:52.207+0000] {dag.py:3096} INFO - Sync 2 DAGs
[2026-02-18T22:28:52.232+0000] {logging_mixin.py:188} INFO - [2026-02-18T22:28:52.232+0000] {dag.py:3954} INFO - Setting next_dagrun for produce_json to 2026-02-17 14:00:00+00:00, run_after=2026-02-18 14:00:00+00:00
[2026-02-18T22:28:52.238+0000] {logging_mixin.py:188} INFO - [2026-02-18T22:28:52.238+0000] {dag.py:3954} INFO - Setting next_dagrun for update_db to 2026-02-17 15:00:00+00:00, run_after=2026-02-18 15:00:00+00:00
[2026-02-18T22:28:52.256+0000] {processor.py:183} INFO - Processing /opt/airflow/dags/main.py took 0.163 seconds
[2026-02-18T22:29:22.454+0000] {processor.py:161} INFO - Started process (PID=1860) to work on /opt/airflow/dags/main.py
[2026-02-18T22:29:22.455+0000] {processor.py:830} INFO - Processing file /opt/airflow/dags/main.py for tasks to queue
[2026-02-18T22:29:22.457+0000] {logging_mixin.py:188} INFO - [2026-02-18T22:29:22.456+0000] {dagbag.py:545} INFO - Filling up the DagBag from /opt/airflow/dags/main.py
[2026-02-18T22:29:22.530+0000] {processor.py:840} INFO - DAG(s) 'update_db', 'produce_json' retrieved from /opt/airflow/dags/main.py
[2026-02-18T22:29:22.560+0000] {logging_mixin.py:188} INFO - [2026-02-18T22:29:22.559+0000] {dag.py:3096} INFO - Sync 2 DAGs
[2026-02-18T22:29:22.581+0000] {logging_mixin.py:188} INFO - [2026-02-18T22:29:22.581+0000] {dag.py:3954} INFO - Setting next_dagrun for produce_json to 2026-02-17 14:00:00+00:00, run_after=2026-02-18 14:00:00+00:00
[2026-02-18T22:29:22.587+0000] {logging_mixin.py:188} INFO - [2026-02-18T22:29:22.587+0000] {dag.py:3954} INFO - Setting next_dagrun for update_db to 2026-02-17 15:00:00+00:00, run_after=2026-02-18 15:00:00+00:00
[2026-02-18T22:29:22.608+0000] {processor.py:183} INFO - Processing /opt/airflow/dags/main.py took 0.159 seconds
[2026-02-18T22:29:52.652+0000] {processor.py:161} INFO - Started process (PID=1867) to work on /opt/airflow/dags/main.py
[2026-02-18T22:29:52.653+0000] {processor.py:830} INFO - Processing file /opt/airflow/dags/main.py for tasks to queue
[2026-02-18T22:29:52.657+0000] {logging_mixin.py:188} INFO - [2026-02-18T22:29:52.657+0000] {dagbag.py:545} INFO - Filling up the DagBag from /opt/airflow/dags/main.py
[2026-02-18T22:29:52.737+0000] {processor.py:840} INFO - DAG(s) 'produce_json', 'update_db' retrieved from /opt/airflow/dags/main.py
[2026-02-18T22:29:52.768+0000] {logging_mixin.py:188} INFO - [2026-02-18T22:29:52.767+0000] {dag.py:3096} INFO - Sync 2 DAGs
[2026-02-18T22:29:52.790+0000] {logging_mixin.py:188} INFO - [2026-02-18T22:29:52.790+0000] {dag.py:3954} INFO - Setting next_dagrun for produce_json to 2026-02-17 14:00:00+00:00, run_after=2026-02-18 14:00:00+00:00
[2026-02-18T22:29:52.795+0000] {logging_mixin.py:188} INFO - [2026-02-18T22:29:52.795+0000] {dag.py:3954} INFO - Setting next_dagrun for update_db to 2026-02-17 15:00:00+00:00, run_after=2026-02-18 15:00:00+00:00
[2026-02-18T22:29:52.828+0000] {processor.py:183} INFO - Processing /opt/airflow/dags/main.py took 0.182 seconds
[2026-02-18T22:30:22.991+0000] {processor.py:161} INFO - Started process (PID=1880) to work on /opt/airflow/dags/main.py
[2026-02-18T22:30:22.992+0000] {processor.py:830} INFO - Processing file /opt/airflow/dags/main.py for tasks to queue
[2026-02-18T22:30:22.994+0000] {logging_mixin.py:188} INFO - [2026-02-18T22:30:22.994+0000] {dagbag.py:545} INFO - Filling up the DagBag from /opt/airflow/dags/main.py
[2026-02-18T22:30:23.067+0000] {processor.py:840} INFO - DAG(s) 'update_db', 'produce_json' retrieved from /opt/airflow/dags/main.py
[2026-02-18T22:30:23.097+0000] {logging_mixin.py:188} INFO - [2026-02-18T22:30:23.097+0000] {dag.py:3096} INFO - Sync 2 DAGs
[2026-02-18T22:30:23.119+0000] {logging_mixin.py:188} INFO - [2026-02-18T22:30:23.119+0000] {dag.py:3954} INFO - Setting next_dagrun for produce_json to 2026-02-17 14:00:00+00:00, run_after=2026-02-18 14:00:00+00:00
[2026-02-18T22:30:23.124+0000] {logging_mixin.py:188} INFO - [2026-02-18T22:30:23.124+0000] {dag.py:3954} INFO - Setting next_dagrun for update_db to 2026-02-17 15:00:00+00:00, run_after=2026-02-18 15:00:00+00:00
[2026-02-18T22:30:23.146+0000] {processor.py:183} INFO - Processing /opt/airflow/dags/main.py took 0.160 seconds
[2026-02-18T22:30:53.196+0000] {processor.py:161} INFO - Started process (PID=1887) to work on /opt/airflow/dags/main.py
[2026-02-18T22:30:53.198+0000] {processor.py:830} INFO - Processing file /opt/airflow/dags/main.py for tasks to queue
[2026-02-18T22:30:53.200+0000] {logging_mixin.py:188} INFO - [2026-02-18T22:30:53.199+0000] {dagbag.py:545} INFO - Filling up the DagBag from /opt/airflow/dags/main.py
[2026-02-18T22:30:53.274+0000] {processor.py:840} INFO - DAG(s) 'update_db', 'produce_json' retrieved from /opt/airflow/dags/main.py
[2026-02-18T22:30:53.304+0000] {logging_mixin.py:188} INFO - [2026-02-18T22:30:53.303+0000] {dag.py:3096} INFO - Sync 2 DAGs
[2026-02-18T22:30:53.327+0000] {logging_mixin.py:188} INFO - [2026-02-18T22:30:53.327+0000] {dag.py:3954} INFO - Setting next_dagrun for produce_json to 2026-02-17 14:00:00+00:00, run_after=2026-02-18 14:00:00+00:00
[2026-02-18T22:30:53.332+0000] {logging_mixin.py:188} INFO - [2026-02-18T22:30:53.332+0000] {dag.py:3954} INFO - Setting next_dagrun for update_db to 2026-02-17 15:00:00+00:00, run_after=2026-02-18 15:00:00+00:00
[2026-02-18T22:30:53.354+0000] {processor.py:183} INFO - Processing /opt/airflow/dags/main.py took 0.163 seconds
[2026-02-18T22:31:23.543+0000] {processor.py:161} INFO - Started process (PID=1894) to work on /opt/airflow/dags/main.py
[2026-02-18T22:31:23.544+0000] {processor.py:830} INFO - Processing file /opt/airflow/dags/main.py for tasks to queue
[2026-02-18T22:31:23.546+0000] {logging_mixin.py:188} INFO - [2026-02-18T22:31:23.546+0000] {dagbag.py:545} INFO - Filling up the DagBag from /opt/airflow/dags/main.py
[2026-02-18T22:31:23.620+0000] {processor.py:840} INFO - DAG(s) 'update_db', 'produce_json' retrieved from /opt/airflow/dags/main.py
[2026-02-18T22:31:23.653+0000] {logging_mixin.py:188} INFO - [2026-02-18T22:31:23.653+0000] {dag.py:3096} INFO - Sync 2 DAGs
[2026-02-18T22:31:23.674+0000] {logging_mixin.py:188} INFO - [2026-02-18T22:31:23.674+0000] {dag.py:3954} INFO - Setting next_dagrun for produce_json to 2026-02-17 14:00:00+00:00, run_after=2026-02-18 14:00:00+00:00
[2026-02-18T22:31:23.680+0000] {logging_mixin.py:188} INFO - [2026-02-18T22:31:23.679+0000] {dag.py:3954} INFO - Setting next_dagrun for update_db to 2026-02-17 15:00:00+00:00, run_after=2026-02-18 15:00:00+00:00
[2026-02-18T22:31:23.702+0000] {processor.py:183} INFO - Processing /opt/airflow/dags/main.py took 0.164 seconds
[2026-02-18T22:31:53.743+0000] {processor.py:161} INFO - Started process (PID=1901) to work on /opt/airflow/dags/main.py
[2026-02-18T22:31:53.744+0000] {processor.py:830} INFO - Processing file /opt/airflow/dags/main.py for tasks to queue
[2026-02-18T22:31:53.746+0000] {logging_mixin.py:188} INFO - [2026-02-18T22:31:53.746+0000] {dagbag.py:545} INFO - Filling up the DagBag from /opt/airflow/dags/main.py
[2026-02-18T22:31:53.820+0000] {processor.py:840} INFO - DAG(s) 'produce_json', 'update_db' retrieved from /opt/airflow/dags/main.py
[2026-02-18T22:31:53.852+0000] {logging_mixin.py:188} INFO - [2026-02-18T22:31:53.852+0000] {dag.py:3096} INFO - Sync 2 DAGs
[2026-02-18T22:31:53.882+0000] {logging_mixin.py:188} INFO - [2026-02-18T22:31:53.882+0000] {dag.py:3954} INFO - Setting next_dagrun for produce_json to 2026-02-17 14:00:00+00:00, run_after=2026-02-18 14:00:00+00:00
[2026-02-18T22:31:53.887+0000] {logging_mixin.py:188} INFO - [2026-02-18T22:31:53.887+0000] {dag.py:3954} INFO - Setting next_dagrun for update_db to 2026-02-17 15:00:00+00:00, run_after=2026-02-18 15:00:00+00:00
[2026-02-18T22:31:53.907+0000] {processor.py:183} INFO - Processing /opt/airflow/dags/main.py took 0.170 seconds
[2026-02-18T22:32:24.083+0000] {processor.py:161} INFO - Started process (PID=1908) to work on /opt/airflow/dags/main.py
[2026-02-18T22:32:24.084+0000] {processor.py:830} INFO - Processing file /opt/airflow/dags/main.py for tasks to queue
[2026-02-18T22:32:24.086+0000] {logging_mixin.py:188} INFO - [2026-02-18T22:32:24.085+0000] {dagbag.py:545} INFO - Filling up the DagBag from /opt/airflow/dags/main.py
[2026-02-18T22:32:24.154+0000] {processor.py:840} INFO - DAG(s) 'update_db', 'produce_json' retrieved from /opt/airflow/dags/main.py
[2026-02-18T22:32:24.183+0000] {logging_mixin.py:188} INFO - [2026-02-18T22:32:24.183+0000] {dag.py:3096} INFO - Sync 2 DAGs
[2026-02-18T22:32:24.204+0000] {logging_mixin.py:188} INFO - [2026-02-18T22:32:24.204+0000] {dag.py:3954} INFO - Setting next_dagrun for produce_json to 2026-02-17 14:00:00+00:00, run_after=2026-02-18 14:00:00+00:00
[2026-02-18T22:32:24.209+0000] {logging_mixin.py:188} INFO - [2026-02-18T22:32:24.209+0000] {dag.py:3954} INFO - Setting next_dagrun for update_db to 2026-02-17 15:00:00+00:00, run_after=2026-02-18 15:00:00+00:00
[2026-02-18T22:32:24.230+0000] {processor.py:183} INFO - Processing /opt/airflow/dags/main.py took 0.153 seconds
[2026-02-18T22:32:54.447+0000] {processor.py:161} INFO - Started process (PID=1915) to work on /opt/airflow/dags/main.py
[2026-02-18T22:32:54.448+0000] {processor.py:830} INFO - Processing file /opt/airflow/dags/main.py for tasks to queue
[2026-02-18T22:32:54.450+0000] {logging_mixin.py:188} INFO - [2026-02-18T22:32:54.450+0000] {dagbag.py:545} INFO - Filling up the DagBag from /opt/airflow/dags/main.py
[2026-02-18T22:32:54.520+0000] {processor.py:840} INFO - DAG(s) 'update_db', 'produce_json' retrieved from /opt/airflow/dags/main.py
[2026-02-18T22:32:54.550+0000] {logging_mixin.py:188} INFO - [2026-02-18T22:32:54.550+0000] {dag.py:3096} INFO - Sync 2 DAGs
[2026-02-18T22:32:54.576+0000] {logging_mixin.py:188} INFO - [2026-02-18T22:32:54.575+0000] {dag.py:3954} INFO - Setting next_dagrun for produce_json to 2026-02-17 14:00:00+00:00, run_after=2026-02-18 14:00:00+00:00
[2026-02-18T22:32:54.581+0000] {logging_mixin.py:188} INFO - [2026-02-18T22:32:54.581+0000] {dag.py:3954} INFO - Setting next_dagrun for update_db to 2026-02-17 15:00:00+00:00, run_after=2026-02-18 15:00:00+00:00
[2026-02-18T22:32:54.602+0000] {processor.py:183} INFO - Processing /opt/airflow/dags/main.py took 0.160 seconds
[2026-02-18T22:33:24.744+0000] {processor.py:161} INFO - Started process (PID=1922) to work on /opt/airflow/dags/main.py
[2026-02-18T22:33:24.745+0000] {processor.py:830} INFO - Processing file /opt/airflow/dags/main.py for tasks to queue
[2026-02-18T22:33:24.747+0000] {logging_mixin.py:188} INFO - [2026-02-18T22:33:24.747+0000] {dagbag.py:545} INFO - Filling up the DagBag from /opt/airflow/dags/main.py
[2026-02-18T22:33:24.827+0000] {processor.py:840} INFO - DAG(s) 'produce_json', 'update_db' retrieved from /opt/airflow/dags/main.py
[2026-02-18T22:33:24.861+0000] {logging_mixin.py:188} INFO - [2026-02-18T22:33:24.860+0000] {dag.py:3096} INFO - Sync 2 DAGs
[2026-02-18T22:33:24.884+0000] {logging_mixin.py:188} INFO - [2026-02-18T22:33:24.883+0000] {dag.py:3954} INFO - Setting next_dagrun for produce_json to 2026-02-17 14:00:00+00:00, run_after=2026-02-18 14:00:00+00:00
[2026-02-18T22:33:24.889+0000] {logging_mixin.py:188} INFO - [2026-02-18T22:33:24.888+0000] {dag.py:3954} INFO - Setting next_dagrun for update_db to 2026-02-17 15:00:00+00:00, run_after=2026-02-18 15:00:00+00:00
[2026-02-18T22:33:24.909+0000] {processor.py:183} INFO - Processing /opt/airflow/dags/main.py took 0.170 seconds
[2026-02-18T22:33:55.116+0000] {processor.py:161} INFO - Started process (PID=1929) to work on /opt/airflow/dags/main.py
[2026-02-18T22:33:55.117+0000] {processor.py:830} INFO - Processing file /opt/airflow/dags/main.py for tasks to queue
[2026-02-18T22:33:55.119+0000] {logging_mixin.py:188} INFO - [2026-02-18T22:33:55.119+0000] {dagbag.py:545} INFO - Filling up the DagBag from /opt/airflow/dags/main.py
[2026-02-18T22:33:55.233+0000] {processor.py:840} INFO - DAG(s) 'produce_json', 'update_db' retrieved from /opt/airflow/dags/main.py
[2026-02-18T22:33:55.267+0000] {logging_mixin.py:188} INFO - [2026-02-18T22:33:55.267+0000] {dag.py:3096} INFO - Sync 2 DAGs
[2026-02-18T22:33:55.298+0000] {logging_mixin.py:188} INFO - [2026-02-18T22:33:55.297+0000] {dag.py:3954} INFO - Setting next_dagrun for produce_json to 2026-02-17 14:00:00+00:00, run_after=2026-02-18 14:00:00+00:00
[2026-02-18T22:33:55.303+0000] {logging_mixin.py:188} INFO - [2026-02-18T22:33:55.303+0000] {dag.py:3954} INFO - Setting next_dagrun for update_db to 2026-02-17 15:00:00+00:00, run_after=2026-02-18 15:00:00+00:00
[2026-02-18T22:33:55.335+0000] {processor.py:183} INFO - Processing /opt/airflow/dags/main.py took 0.225 seconds
[2026-02-18T22:34:25.587+0000] {processor.py:161} INFO - Started process (PID=1936) to work on /opt/airflow/dags/main.py
[2026-02-18T22:34:25.588+0000] {processor.py:830} INFO - Processing file /opt/airflow/dags/main.py for tasks to queue
[2026-02-18T22:34:25.590+0000] {logging_mixin.py:188} INFO - [2026-02-18T22:34:25.590+0000] {dagbag.py:545} INFO - Filling up the DagBag from /opt/airflow/dags/main.py
[2026-02-18T22:34:25.661+0000] {processor.py:840} INFO - DAG(s) 'update_db', 'produce_json' retrieved from /opt/airflow/dags/main.py
[2026-02-18T22:34:25.691+0000] {logging_mixin.py:188} INFO - [2026-02-18T22:34:25.691+0000] {dag.py:3096} INFO - Sync 2 DAGs
[2026-02-18T22:34:25.713+0000] {logging_mixin.py:188} INFO - [2026-02-18T22:34:25.713+0000] {dag.py:3954} INFO - Setting next_dagrun for produce_json to 2026-02-17 14:00:00+00:00, run_after=2026-02-18 14:00:00+00:00
[2026-02-18T22:34:25.718+0000] {logging_mixin.py:188} INFO - [2026-02-18T22:34:25.718+0000] {dag.py:3954} INFO - Setting next_dagrun for update_db to 2026-02-17 15:00:00+00:00, run_after=2026-02-18 15:00:00+00:00
[2026-02-18T22:34:25.749+0000] {processor.py:183} INFO - Processing /opt/airflow/dags/main.py took 0.169 seconds
[2026-02-18T22:34:55.954+0000] {processor.py:161} INFO - Started process (PID=1943) to work on /opt/airflow/dags/main.py
[2026-02-18T22:34:55.955+0000] {processor.py:830} INFO - Processing file /opt/airflow/dags/main.py for tasks to queue
[2026-02-18T22:34:55.958+0000] {logging_mixin.py:188} INFO - [2026-02-18T22:34:55.957+0000] {dagbag.py:545} INFO - Filling up the DagBag from /opt/airflow/dags/main.py
[2026-02-18T22:34:56.029+0000] {processor.py:840} INFO - DAG(s) 'update_db', 'produce_json' retrieved from /opt/airflow/dags/main.py
[2026-02-18T22:34:56.060+0000] {logging_mixin.py:188} INFO - [2026-02-18T22:34:56.060+0000] {dag.py:3096} INFO - Sync 2 DAGs
[2026-02-18T22:34:56.081+0000] {logging_mixin.py:188} INFO - [2026-02-18T22:34:56.081+0000] {dag.py:3954} INFO - Setting next_dagrun for produce_json to 2026-02-17 14:00:00+00:00, run_after=2026-02-18 14:00:00+00:00
[2026-02-18T22:34:56.086+0000] {logging_mixin.py:188} INFO - [2026-02-18T22:34:56.086+0000] {dag.py:3954} INFO - Setting next_dagrun for update_db to 2026-02-17 15:00:00+00:00, run_after=2026-02-18 15:00:00+00:00
[2026-02-18T22:34:56.106+0000] {processor.py:183} INFO - Processing /opt/airflow/dags/main.py took 0.157 seconds
[2026-02-18T22:35:26.167+0000] {processor.py:161} INFO - Started process (PID=1950) to work on /opt/airflow/dags/main.py
[2026-02-18T22:35:26.169+0000] {processor.py:830} INFO - Processing file /opt/airflow/dags/main.py for tasks to queue
[2026-02-18T22:35:26.171+0000] {logging_mixin.py:188} INFO - [2026-02-18T22:35:26.170+0000] {dagbag.py:545} INFO - Filling up the DagBag from /opt/airflow/dags/main.py
[2026-02-18T22:35:26.241+0000] {processor.py:840} INFO - DAG(s) 'produce_json', 'update_db' retrieved from /opt/airflow/dags/main.py
[2026-02-18T22:35:26.270+0000] {logging_mixin.py:188} INFO - [2026-02-18T22:35:26.270+0000] {dag.py:3096} INFO - Sync 2 DAGs
[2026-02-18T22:35:26.293+0000] {logging_mixin.py:188} INFO - [2026-02-18T22:35:26.293+0000] {dag.py:3954} INFO - Setting next_dagrun for produce_json to 2026-02-17 14:00:00+00:00, run_after=2026-02-18 14:00:00+00:00
[2026-02-18T22:35:26.298+0000] {logging_mixin.py:188} INFO - [2026-02-18T22:35:26.298+0000] {dag.py:3954} INFO - Setting next_dagrun for update_db to 2026-02-17 15:00:00+00:00, run_after=2026-02-18 15:00:00+00:00
[2026-02-18T22:35:26.319+0000] {processor.py:183} INFO - Processing /opt/airflow/dags/main.py took 0.157 seconds
[2026-02-18T22:35:56.499+0000] {processor.py:161} INFO - Started process (PID=1957) to work on /opt/airflow/dags/main.py
[2026-02-18T22:35:56.500+0000] {processor.py:830} INFO - Processing file /opt/airflow/dags/main.py for tasks to queue
[2026-02-18T22:35:56.503+0000] {logging_mixin.py:188} INFO - [2026-02-18T22:35:56.502+0000] {dagbag.py:545} INFO - Filling up the DagBag from /opt/airflow/dags/main.py
[2026-02-18T22:35:56.574+0000] {processor.py:840} INFO - DAG(s) 'produce_json', 'update_db' retrieved from /opt/airflow/dags/main.py
[2026-02-18T22:35:56.603+0000] {logging_mixin.py:188} INFO - [2026-02-18T22:35:56.602+0000] {dag.py:3096} INFO - Sync 2 DAGs
[2026-02-18T22:35:56.625+0000] {logging_mixin.py:188} INFO - [2026-02-18T22:35:56.625+0000] {dag.py:3954} INFO - Setting next_dagrun for produce_json to 2026-02-17 14:00:00+00:00, run_after=2026-02-18 14:00:00+00:00
[2026-02-18T22:35:56.630+0000] {logging_mixin.py:188} INFO - [2026-02-18T22:35:56.630+0000] {dag.py:3954} INFO - Setting next_dagrun for update_db to 2026-02-17 15:00:00+00:00, run_after=2026-02-18 15:00:00+00:00
[2026-02-18T22:35:56.662+0000] {processor.py:183} INFO - Processing /opt/airflow/dags/main.py took 0.168 seconds
[2026-02-18T22:36:26.728+0000] {processor.py:161} INFO - Started process (PID=1964) to work on /opt/airflow/dags/main.py
[2026-02-18T22:36:26.730+0000] {processor.py:830} INFO - Processing file /opt/airflow/dags/main.py for tasks to queue
[2026-02-18T22:36:26.732+0000] {logging_mixin.py:188} INFO - [2026-02-18T22:36:26.732+0000] {dagbag.py:545} INFO - Filling up the DagBag from /opt/airflow/dags/main.py
[2026-02-18T22:36:26.797+0000] {processor.py:840} INFO - DAG(s) 'update_db', 'produce_json' retrieved from /opt/airflow/dags/main.py
[2026-02-18T22:36:26.826+0000] {logging_mixin.py:188} INFO - [2026-02-18T22:36:26.826+0000] {dag.py:3096} INFO - Sync 2 DAGs
[2026-02-18T22:36:26.848+0000] {logging_mixin.py:188} INFO - [2026-02-18T22:36:26.848+0000] {dag.py:3954} INFO - Setting next_dagrun for produce_json to 2026-02-17 14:00:00+00:00, run_after=2026-02-18 14:00:00+00:00
[2026-02-18T22:36:26.853+0000] {logging_mixin.py:188} INFO - [2026-02-18T22:36:26.853+0000] {dag.py:3954} INFO - Setting next_dagrun for update_db to 2026-02-17 15:00:00+00:00, run_after=2026-02-18 15:00:00+00:00
[2026-02-18T22:36:26.881+0000] {processor.py:183} INFO - Processing /opt/airflow/dags/main.py took 0.160 seconds
[2026-02-18T22:36:57.133+0000] {processor.py:161} INFO - Started process (PID=1971) to work on /opt/airflow/dags/main.py
[2026-02-18T22:36:57.134+0000] {processor.py:830} INFO - Processing file /opt/airflow/dags/main.py for tasks to queue
[2026-02-18T22:36:57.137+0000] {logging_mixin.py:188} INFO - [2026-02-18T22:36:57.137+0000] {dagbag.py:545} INFO - Filling up the DagBag from /opt/airflow/dags/main.py
[2026-02-18T22:36:57.212+0000] {processor.py:840} INFO - DAG(s) 'produce_json', 'update_db' retrieved from /opt/airflow/dags/main.py
[2026-02-18T22:36:57.240+0000] {logging_mixin.py:188} INFO - [2026-02-18T22:36:57.240+0000] {dag.py:3096} INFO - Sync 2 DAGs
[2026-02-18T22:36:57.261+0000] {logging_mixin.py:188} INFO - [2026-02-18T22:36:57.261+0000] {dag.py:3954} INFO - Setting next_dagrun for produce_json to 2026-02-17 14:00:00+00:00, run_after=2026-02-18 14:00:00+00:00
[2026-02-18T22:36:57.266+0000] {logging_mixin.py:188} INFO - [2026-02-18T22:36:57.266+0000] {dag.py:3954} INFO - Setting next_dagrun for update_db to 2026-02-17 15:00:00+00:00, run_after=2026-02-18 15:00:00+00:00
[2026-02-18T22:36:57.298+0000] {processor.py:183} INFO - Processing /opt/airflow/dags/main.py took 0.170 seconds
[2026-02-18T22:37:27.417+0000] {processor.py:161} INFO - Started process (PID=1978) to work on /opt/airflow/dags/main.py
[2026-02-18T22:37:27.418+0000] {processor.py:830} INFO - Processing file /opt/airflow/dags/main.py for tasks to queue
[2026-02-18T22:37:27.421+0000] {logging_mixin.py:188} INFO - [2026-02-18T22:37:27.420+0000] {dagbag.py:545} INFO - Filling up the DagBag from /opt/airflow/dags/main.py
[2026-02-18T22:37:27.497+0000] {processor.py:840} INFO - DAG(s) 'produce_json', 'update_db' retrieved from /opt/airflow/dags/main.py
[2026-02-18T22:37:27.530+0000] {logging_mixin.py:188} INFO - [2026-02-18T22:37:27.530+0000] {dag.py:3096} INFO - Sync 2 DAGs
[2026-02-18T22:37:27.551+0000] {logging_mixin.py:188} INFO - [2026-02-18T22:37:27.551+0000] {dag.py:3954} INFO - Setting next_dagrun for produce_json to 2026-02-17 14:00:00+00:00, run_after=2026-02-18 14:00:00+00:00
[2026-02-18T22:37:27.556+0000] {logging_mixin.py:188} INFO - [2026-02-18T22:37:27.556+0000] {dag.py:3954} INFO - Setting next_dagrun for update_db to 2026-02-17 15:00:00+00:00, run_after=2026-02-18 15:00:00+00:00
[2026-02-18T22:37:27.577+0000] {processor.py:183} INFO - Processing /opt/airflow/dags/main.py took 0.166 seconds
[2026-02-18T22:37:57.950+0000] {processor.py:161} INFO - Started process (PID=1985) to work on /opt/airflow/dags/main.py
[2026-02-18T22:37:57.951+0000] {processor.py:830} INFO - Processing file /opt/airflow/dags/main.py for tasks to queue
[2026-02-18T22:37:57.953+0000] {logging_mixin.py:188} INFO - [2026-02-18T22:37:57.953+0000] {dagbag.py:545} INFO - Filling up the DagBag from /opt/airflow/dags/main.py
[2026-02-18T22:37:58.021+0000] {processor.py:840} INFO - DAG(s) 'produce_json', 'update_db' retrieved from /opt/airflow/dags/main.py
[2026-02-18T22:37:58.049+0000] {logging_mixin.py:188} INFO - [2026-02-18T22:37:58.049+0000] {dag.py:3096} INFO - Sync 2 DAGs
[2026-02-18T22:37:58.069+0000] {logging_mixin.py:188} INFO - [2026-02-18T22:37:58.069+0000] {dag.py:3954} INFO - Setting next_dagrun for produce_json to 2026-02-17 14:00:00+00:00, run_after=2026-02-18 14:00:00+00:00
[2026-02-18T22:37:58.074+0000] {logging_mixin.py:188} INFO - [2026-02-18T22:37:58.074+0000] {dag.py:3954} INFO - Setting next_dagrun for update_db to 2026-02-17 15:00:00+00:00, run_after=2026-02-18 15:00:00+00:00
[2026-02-18T22:37:58.103+0000] {processor.py:183} INFO - Processing /opt/airflow/dags/main.py took 0.158 seconds
[2026-02-18T22:38:28.262+0000] {processor.py:161} INFO - Started process (PID=1992) to work on /opt/airflow/dags/main.py
[2026-02-18T22:38:28.263+0000] {processor.py:830} INFO - Processing file /opt/airflow/dags/main.py for tasks to queue
[2026-02-18T22:38:28.265+0000] {logging_mixin.py:188} INFO - [2026-02-18T22:38:28.264+0000] {dagbag.py:545} INFO - Filling up the DagBag from /opt/airflow/dags/main.py
[2026-02-18T22:38:28.330+0000] {processor.py:840} INFO - DAG(s) 'update_db', 'produce_json' retrieved from /opt/airflow/dags/main.py
[2026-02-18T22:38:28.358+0000] {logging_mixin.py:188} INFO - [2026-02-18T22:38:28.358+0000] {dag.py:3096} INFO - Sync 2 DAGs
[2026-02-18T22:38:28.378+0000] {logging_mixin.py:188} INFO - [2026-02-18T22:38:28.378+0000] {dag.py:3954} INFO - Setting next_dagrun for produce_json to 2026-02-17 14:00:00+00:00, run_after=2026-02-18 14:00:00+00:00
[2026-02-18T22:38:28.383+0000] {logging_mixin.py:188} INFO - [2026-02-18T22:38:28.383+0000] {dag.py:3954} INFO - Setting next_dagrun for update_db to 2026-02-17 15:00:00+00:00, run_after=2026-02-18 15:00:00+00:00
[2026-02-18T22:38:28.412+0000] {processor.py:183} INFO - Processing /opt/airflow/dags/main.py took 0.155 seconds
[2026-02-18T22:38:58.641+0000] {processor.py:161} INFO - Started process (PID=1999) to work on /opt/airflow/dags/main.py
[2026-02-18T22:38:58.642+0000] {processor.py:830} INFO - Processing file /opt/airflow/dags/main.py for tasks to queue
[2026-02-18T22:38:58.644+0000] {logging_mixin.py:188} INFO - [2026-02-18T22:38:58.643+0000] {dagbag.py:545} INFO - Filling up the DagBag from /opt/airflow/dags/main.py
[2026-02-18T22:38:58.712+0000] {processor.py:840} INFO - DAG(s) 'produce_json', 'update_db' retrieved from /opt/airflow/dags/main.py
[2026-02-18T22:38:58.742+0000] {logging_mixin.py:188} INFO - [2026-02-18T22:38:58.741+0000] {dag.py:3096} INFO - Sync 2 DAGs
[2026-02-18T22:38:58.761+0000] {logging_mixin.py:188} INFO - [2026-02-18T22:38:58.761+0000] {dag.py:3954} INFO - Setting next_dagrun for produce_json to 2026-02-17 14:00:00+00:00, run_after=2026-02-18 14:00:00+00:00
[2026-02-18T22:38:58.767+0000] {logging_mixin.py:188} INFO - [2026-02-18T22:38:58.767+0000] {dag.py:3954} INFO - Setting next_dagrun for update_db to 2026-02-17 15:00:00+00:00, run_after=2026-02-18 15:00:00+00:00
[2026-02-18T22:38:58.793+0000] {processor.py:183} INFO - Processing /opt/airflow/dags/main.py took 0.157 seconds
[2026-02-18T22:39:28.958+0000] {processor.py:161} INFO - Started process (PID=2006) to work on /opt/airflow/dags/main.py
[2026-02-18T22:39:28.959+0000] {processor.py:830} INFO - Processing file /opt/airflow/dags/main.py for tasks to queue
[2026-02-18T22:39:28.961+0000] {logging_mixin.py:188} INFO - [2026-02-18T22:39:28.961+0000] {dagbag.py:545} INFO - Filling up the DagBag from /opt/airflow/dags/main.py
[2026-02-18T22:39:29.034+0000] {processor.py:840} INFO - DAG(s) 'produce_json', 'update_db' retrieved from /opt/airflow/dags/main.py
[2026-02-18T22:39:29.062+0000] {logging_mixin.py:188} INFO - [2026-02-18T22:39:29.062+0000] {dag.py:3096} INFO - Sync 2 DAGs
[2026-02-18T22:39:29.083+0000] {logging_mixin.py:188} INFO - [2026-02-18T22:39:29.082+0000] {dag.py:3954} INFO - Setting next_dagrun for produce_json to 2026-02-17 14:00:00+00:00, run_after=2026-02-18 14:00:00+00:00
[2026-02-18T22:39:29.087+0000] {logging_mixin.py:188} INFO - [2026-02-18T22:39:29.087+0000] {dag.py:3954} INFO - Setting next_dagrun for update_db to 2026-02-17 15:00:00+00:00, run_after=2026-02-18 15:00:00+00:00
[2026-02-18T22:39:29.116+0000] {processor.py:183} INFO - Processing /opt/airflow/dags/main.py took 0.163 seconds
[2026-02-18T22:39:59.289+0000] {processor.py:161} INFO - Started process (PID=2013) to work on /opt/airflow/dags/main.py
[2026-02-18T22:39:59.290+0000] {processor.py:830} INFO - Processing file /opt/airflow/dags/main.py for tasks to queue
[2026-02-18T22:39:59.292+0000] {logging_mixin.py:188} INFO - [2026-02-18T22:39:59.292+0000] {dagbag.py:545} INFO - Filling up the DagBag from /opt/airflow/dags/main.py
[2026-02-18T22:39:59.363+0000] {processor.py:840} INFO - DAG(s) 'update_db', 'produce_json' retrieved from /opt/airflow/dags/main.py
[2026-02-18T22:39:59.397+0000] {logging_mixin.py:188} INFO - [2026-02-18T22:39:59.397+0000] {dag.py:3096} INFO - Sync 2 DAGs
[2026-02-18T22:39:59.416+0000] {logging_mixin.py:188} INFO - [2026-02-18T22:39:59.416+0000] {dag.py:3954} INFO - Setting next_dagrun for produce_json to 2026-02-17 14:00:00+00:00, run_after=2026-02-18 14:00:00+00:00
[2026-02-18T22:39:59.421+0000] {logging_mixin.py:188} INFO - [2026-02-18T22:39:59.421+0000] {dag.py:3954} INFO - Setting next_dagrun for update_db to 2026-02-17 15:00:00+00:00, run_after=2026-02-18 15:00:00+00:00
[2026-02-18T22:39:59.451+0000] {processor.py:183} INFO - Processing /opt/airflow/dags/main.py took 0.167 seconds
[2026-02-18T22:40:29.681+0000] {processor.py:161} INFO - Started process (PID=2020) to work on /opt/airflow/dags/main.py
[2026-02-18T22:40:29.682+0000] {processor.py:830} INFO - Processing file /opt/airflow/dags/main.py for tasks to queue
[2026-02-18T22:40:29.684+0000] {logging_mixin.py:188} INFO - [2026-02-18T22:40:29.684+0000] {dagbag.py:545} INFO - Filling up the DagBag from /opt/airflow/dags/main.py
[2026-02-18T22:40:29.765+0000] {processor.py:840} INFO - DAG(s) 'update_db', 'produce_json' retrieved from /opt/airflow/dags/main.py
[2026-02-18T22:40:29.794+0000] {logging_mixin.py:188} INFO - [2026-02-18T22:40:29.794+0000] {dag.py:3096} INFO - Sync 2 DAGs
[2026-02-18T22:40:29.814+0000] {logging_mixin.py:188} INFO - [2026-02-18T22:40:29.814+0000] {dag.py:3954} INFO - Setting next_dagrun for produce_json to 2026-02-17 14:00:00+00:00, run_after=2026-02-18 14:00:00+00:00
[2026-02-18T22:40:29.819+0000] {logging_mixin.py:188} INFO - [2026-02-18T22:40:29.819+0000] {dag.py:3954} INFO - Setting next_dagrun for update_db to 2026-02-17 15:00:00+00:00, run_after=2026-02-18 15:00:00+00:00
[2026-02-18T22:40:29.849+0000] {processor.py:183} INFO - Processing /opt/airflow/dags/main.py took 0.174 seconds
[2026-02-18T22:41:00.005+0000] {processor.py:161} INFO - Started process (PID=2027) to work on /opt/airflow/dags/main.py
[2026-02-18T22:41:00.006+0000] {processor.py:830} INFO - Processing file /opt/airflow/dags/main.py for tasks to queue
[2026-02-18T22:41:00.008+0000] {logging_mixin.py:188} INFO - [2026-02-18T22:41:00.008+0000] {dagbag.py:545} INFO - Filling up the DagBag from /opt/airflow/dags/main.py
[2026-02-18T22:41:00.098+0000] {processor.py:840} INFO - DAG(s) 'update_db', 'produce_json' retrieved from /opt/airflow/dags/main.py
[2026-02-18T22:41:00.130+0000] {logging_mixin.py:188} INFO - [2026-02-18T22:41:00.130+0000] {dag.py:3096} INFO - Sync 2 DAGs
[2026-02-18T22:41:00.161+0000] {logging_mixin.py:188} INFO - [2026-02-18T22:41:00.161+0000] {dag.py:3954} INFO - Setting next_dagrun for produce_json to 2026-02-17 14:00:00+00:00, run_after=2026-02-18 14:00:00+00:00
[2026-02-18T22:41:00.167+0000] {logging_mixin.py:188} INFO - [2026-02-18T22:41:00.167+0000] {dag.py:3954} INFO - Setting next_dagrun for update_db to 2026-02-17 15:00:00+00:00, run_after=2026-02-18 15:00:00+00:00
[2026-02-18T22:41:00.188+0000] {processor.py:183} INFO - Processing /opt/airflow/dags/main.py took 0.190 seconds
[2026-02-18T22:41:30.402+0000] {processor.py:161} INFO - Started process (PID=2034) to work on /opt/airflow/dags/main.py
[2026-02-18T22:41:30.403+0000] {processor.py:830} INFO - Processing file /opt/airflow/dags/main.py for tasks to queue
[2026-02-18T22:41:30.404+0000] {logging_mixin.py:188} INFO - [2026-02-18T22:41:30.404+0000] {dagbag.py:545} INFO - Filling up the DagBag from /opt/airflow/dags/main.py
[2026-02-18T22:41:30.474+0000] {processor.py:840} INFO - DAG(s) 'update_db', 'produce_json' retrieved from /opt/airflow/dags/main.py
[2026-02-18T22:41:30.502+0000] {logging_mixin.py:188} INFO - [2026-02-18T22:41:30.502+0000] {dag.py:3096} INFO - Sync 2 DAGs
[2026-02-18T22:41:30.522+0000] {logging_mixin.py:188} INFO - [2026-02-18T22:41:30.521+0000] {dag.py:3954} INFO - Setting next_dagrun for produce_json to 2026-02-17 14:00:00+00:00, run_after=2026-02-18 14:00:00+00:00
[2026-02-18T22:41:30.527+0000] {logging_mixin.py:188} INFO - [2026-02-18T22:41:30.527+0000] {dag.py:3954} INFO - Setting next_dagrun for update_db to 2026-02-17 15:00:00+00:00, run_after=2026-02-18 15:00:00+00:00
[2026-02-18T22:41:30.548+0000] {processor.py:183} INFO - Processing /opt/airflow/dags/main.py took 0.152 seconds
[2026-02-18T22:42:00.733+0000] {processor.py:161} INFO - Started process (PID=2041) to work on /opt/airflow/dags/main.py
[2026-02-18T22:42:00.734+0000] {processor.py:830} INFO - Processing file /opt/airflow/dags/main.py for tasks to queue
[2026-02-18T22:42:00.737+0000] {logging_mixin.py:188} INFO - [2026-02-18T22:42:00.736+0000] {dagbag.py:545} INFO - Filling up the DagBag from /opt/airflow/dags/main.py
[2026-02-18T22:42:00.808+0000] {processor.py:840} INFO - DAG(s) 'produce_json', 'update_db' retrieved from /opt/airflow/dags/main.py
[2026-02-18T22:42:00.835+0000] {logging_mixin.py:188} INFO - [2026-02-18T22:42:00.835+0000] {dag.py:3096} INFO - Sync 2 DAGs
[2026-02-18T22:42:00.855+0000] {logging_mixin.py:188} INFO - [2026-02-18T22:42:00.855+0000] {dag.py:3954} INFO - Setting next_dagrun for produce_json to 2026-02-17 14:00:00+00:00, run_after=2026-02-18 14:00:00+00:00
[2026-02-18T22:42:00.861+0000] {logging_mixin.py:188} INFO - [2026-02-18T22:42:00.861+0000] {dag.py:3954} INFO - Setting next_dagrun for update_db to 2026-02-17 15:00:00+00:00, run_after=2026-02-18 15:00:00+00:00
[2026-02-18T22:42:00.880+0000] {processor.py:183} INFO - Processing /opt/airflow/dags/main.py took 0.156 seconds
[2026-02-18T22:42:31.107+0000] {processor.py:161} INFO - Started process (PID=2048) to work on /opt/airflow/dags/main.py
[2026-02-18T22:42:31.108+0000] {processor.py:830} INFO - Processing file /opt/airflow/dags/main.py for tasks to queue
[2026-02-18T22:42:31.110+0000] {logging_mixin.py:188} INFO - [2026-02-18T22:42:31.109+0000] {dagbag.py:545} INFO - Filling up the DagBag from /opt/airflow/dags/main.py
[2026-02-18T22:42:31.185+0000] {processor.py:840} INFO - DAG(s) 'update_db', 'produce_json' retrieved from /opt/airflow/dags/main.py
[2026-02-18T22:42:31.213+0000] {logging_mixin.py:188} INFO - [2026-02-18T22:42:31.213+0000] {dag.py:3096} INFO - Sync 2 DAGs
[2026-02-18T22:42:31.235+0000] {logging_mixin.py:188} INFO - [2026-02-18T22:42:31.235+0000] {dag.py:3954} INFO - Setting next_dagrun for produce_json to 2026-02-17 14:00:00+00:00, run_after=2026-02-18 14:00:00+00:00
[2026-02-18T22:42:31.240+0000] {logging_mixin.py:188} INFO - [2026-02-18T22:42:31.240+0000] {dag.py:3954} INFO - Setting next_dagrun for update_db to 2026-02-17 15:00:00+00:00, run_after=2026-02-18 15:00:00+00:00
[2026-02-18T22:42:31.270+0000] {processor.py:183} INFO - Processing /opt/airflow/dags/main.py took 0.169 seconds
[2026-02-18T22:43:01.568+0000] {processor.py:161} INFO - Started process (PID=2055) to work on /opt/airflow/dags/main.py
[2026-02-18T22:43:01.569+0000] {processor.py:830} INFO - Processing file /opt/airflow/dags/main.py for tasks to queue
[2026-02-18T22:43:01.571+0000] {logging_mixin.py:188} INFO - [2026-02-18T22:43:01.571+0000] {dagbag.py:545} INFO - Filling up the DagBag from /opt/airflow/dags/main.py
[2026-02-18T22:43:01.647+0000] {processor.py:840} INFO - DAG(s) 'produce_json', 'update_db' retrieved from /opt/airflow/dags/main.py
[2026-02-18T22:43:01.675+0000] {logging_mixin.py:188} INFO - [2026-02-18T22:43:01.675+0000] {dag.py:3096} INFO - Sync 2 DAGs
[2026-02-18T22:43:01.698+0000] {logging_mixin.py:188} INFO - [2026-02-18T22:43:01.698+0000] {dag.py:3954} INFO - Setting next_dagrun for produce_json to 2026-02-17 14:00:00+00:00, run_after=2026-02-18 14:00:00+00:00
[2026-02-18T22:43:01.703+0000] {logging_mixin.py:188} INFO - [2026-02-18T22:43:01.703+0000] {dag.py:3954} INFO - Setting next_dagrun for update_db to 2026-02-17 15:00:00+00:00, run_after=2026-02-18 15:00:00+00:00
[2026-02-18T22:43:01.734+0000] {processor.py:183} INFO - Processing /opt/airflow/dags/main.py took 0.173 seconds
[2026-02-18T22:43:31.856+0000] {processor.py:161} INFO - Started process (PID=2062) to work on /opt/airflow/dags/main.py
[2026-02-18T22:43:31.857+0000] {processor.py:830} INFO - Processing file /opt/airflow/dags/main.py for tasks to queue
[2026-02-18T22:43:31.859+0000] {logging_mixin.py:188} INFO - [2026-02-18T22:43:31.859+0000] {dagbag.py:545} INFO - Filling up the DagBag from /opt/airflow/dags/main.py
[2026-02-18T22:43:31.925+0000] {processor.py:840} INFO - DAG(s) 'produce_json', 'update_db' retrieved from /opt/airflow/dags/main.py
[2026-02-18T22:43:31.955+0000] {logging_mixin.py:188} INFO - [2026-02-18T22:43:31.955+0000] {dag.py:3096} INFO - Sync 2 DAGs
[2026-02-18T22:43:31.975+0000] {logging_mixin.py:188} INFO - [2026-02-18T22:43:31.975+0000] {dag.py:3954} INFO - Setting next_dagrun for produce_json to 2026-02-17 14:00:00+00:00, run_after=2026-02-18 14:00:00+00:00
[2026-02-18T22:43:31.980+0000] {logging_mixin.py:188} INFO - [2026-02-18T22:43:31.980+0000] {dag.py:3954} INFO - Setting next_dagrun for update_db to 2026-02-17 15:00:00+00:00, run_after=2026-02-18 15:00:00+00:00
[2026-02-18T22:43:32.009+0000] {processor.py:183} INFO - Processing /opt/airflow/dags/main.py took 0.158 seconds
[2026-02-18T22:44:02.285+0000] {processor.py:161} INFO - Started process (PID=2069) to work on /opt/airflow/dags/main.py
[2026-02-18T22:44:02.286+0000] {processor.py:830} INFO - Processing file /opt/airflow/dags/main.py for tasks to queue
[2026-02-18T22:44:02.288+0000] {logging_mixin.py:188} INFO - [2026-02-18T22:44:02.288+0000] {dagbag.py:545} INFO - Filling up the DagBag from /opt/airflow/dags/main.py
[2026-02-18T22:44:02.360+0000] {processor.py:840} INFO - DAG(s) 'update_db', 'produce_json' retrieved from /opt/airflow/dags/main.py
[2026-02-18T22:44:02.387+0000] {logging_mixin.py:188} INFO - [2026-02-18T22:44:02.387+0000] {dag.py:3096} INFO - Sync 2 DAGs
[2026-02-18T22:44:02.406+0000] {logging_mixin.py:188} INFO - [2026-02-18T22:44:02.406+0000] {dag.py:3954} INFO - Setting next_dagrun for produce_json to 2026-02-17 14:00:00+00:00, run_after=2026-02-18 14:00:00+00:00
[2026-02-18T22:44:02.411+0000] {logging_mixin.py:188} INFO - [2026-02-18T22:44:02.411+0000] {dag.py:3954} INFO - Setting next_dagrun for update_db to 2026-02-17 15:00:00+00:00, run_after=2026-02-18 15:00:00+00:00
[2026-02-18T22:44:02.431+0000] {processor.py:183} INFO - Processing /opt/airflow/dags/main.py took 0.152 seconds
[2026-02-18T22:47:23.320+0000] {processor.py:161} INFO - Started process (PID=2076) to work on /opt/airflow/dags/main.py
[2026-02-18T22:47:23.321+0000] {processor.py:830} INFO - Processing file /opt/airflow/dags/main.py for tasks to queue
[2026-02-18T22:47:23.323+0000] {logging_mixin.py:188} INFO - [2026-02-18T22:47:23.323+0000] {dagbag.py:545} INFO - Filling up the DagBag from /opt/airflow/dags/main.py
[2026-02-18T22:47:23.409+0000] {processor.py:840} INFO - DAG(s) 'update_db', 'produce_json' retrieved from /opt/airflow/dags/main.py
[2026-02-18T22:47:23.456+0000] {logging_mixin.py:188} INFO - [2026-02-18T22:47:23.455+0000] {dag.py:3096} INFO - Sync 2 DAGs
[2026-02-18T22:47:23.485+0000] {logging_mixin.py:188} INFO - [2026-02-18T22:47:23.484+0000] {dag.py:3954} INFO - Setting next_dagrun for produce_json to 2026-02-17 14:00:00+00:00, run_after=2026-02-18 14:00:00+00:00
[2026-02-18T22:47:23.490+0000] {logging_mixin.py:188} INFO - [2026-02-18T22:47:23.490+0000] {dag.py:3954} INFO - Setting next_dagrun for update_db to 2026-02-17 15:00:00+00:00, run_after=2026-02-18 15:00:00+00:00
[2026-02-18T22:47:23.517+0000] {processor.py:183} INFO - Processing /opt/airflow/dags/main.py took 0.202 seconds
[2026-02-18T22:47:53.718+0000] {processor.py:161} INFO - Started process (PID=2083) to work on /opt/airflow/dags/main.py
[2026-02-18T22:47:53.719+0000] {processor.py:830} INFO - Processing file /opt/airflow/dags/main.py for tasks to queue
[2026-02-18T22:47:53.721+0000] {logging_mixin.py:188} INFO - [2026-02-18T22:47:53.721+0000] {dagbag.py:545} INFO - Filling up the DagBag from /opt/airflow/dags/main.py
[2026-02-18T22:47:53.798+0000] {processor.py:840} INFO - DAG(s) 'produce_json', 'update_db' retrieved from /opt/airflow/dags/main.py
[2026-02-18T22:47:53.827+0000] {logging_mixin.py:188} INFO - [2026-02-18T22:47:53.827+0000] {dag.py:3096} INFO - Sync 2 DAGs
[2026-02-18T22:47:53.851+0000] {logging_mixin.py:188} INFO - [2026-02-18T22:47:53.851+0000] {dag.py:3954} INFO - Setting next_dagrun for produce_json to 2026-02-17 14:00:00+00:00, run_after=2026-02-18 14:00:00+00:00
[2026-02-18T22:47:53.857+0000] {logging_mixin.py:188} INFO - [2026-02-18T22:47:53.857+0000] {dag.py:3954} INFO - Setting next_dagrun for update_db to 2026-02-17 15:00:00+00:00, run_after=2026-02-18 15:00:00+00:00
[2026-02-18T22:47:53.877+0000] {processor.py:183} INFO - Processing /opt/airflow/dags/main.py took 0.165 seconds
[2026-02-18T22:48:24.130+0000] {processor.py:161} INFO - Started process (PID=2090) to work on /opt/airflow/dags/main.py
[2026-02-18T22:48:24.131+0000] {processor.py:830} INFO - Processing file /opt/airflow/dags/main.py for tasks to queue
[2026-02-18T22:48:24.133+0000] {logging_mixin.py:188} INFO - [2026-02-18T22:48:24.133+0000] {dagbag.py:545} INFO - Filling up the DagBag from /opt/airflow/dags/main.py
[2026-02-18T22:48:24.207+0000] {processor.py:840} INFO - DAG(s) 'update_db', 'produce_json' retrieved from /opt/airflow/dags/main.py
[2026-02-18T22:48:24.235+0000] {logging_mixin.py:188} INFO - [2026-02-18T22:48:24.235+0000] {dag.py:3096} INFO - Sync 2 DAGs
[2026-02-18T22:48:24.256+0000] {logging_mixin.py:188} INFO - [2026-02-18T22:48:24.255+0000] {dag.py:3954} INFO - Setting next_dagrun for produce_json to 2026-02-17 14:00:00+00:00, run_after=2026-02-18 14:00:00+00:00
[2026-02-18T22:48:24.261+0000] {logging_mixin.py:188} INFO - [2026-02-18T22:48:24.260+0000] {dag.py:3954} INFO - Setting next_dagrun for update_db to 2026-02-17 15:00:00+00:00, run_after=2026-02-18 15:00:00+00:00
[2026-02-18T22:48:24.293+0000] {processor.py:183} INFO - Processing /opt/airflow/dags/main.py took 0.169 seconds
[2026-02-18T22:48:54.413+0000] {processor.py:161} INFO - Started process (PID=2097) to work on /opt/airflow/dags/main.py
[2026-02-18T22:48:54.414+0000] {processor.py:830} INFO - Processing file /opt/airflow/dags/main.py for tasks to queue
[2026-02-18T22:48:54.415+0000] {logging_mixin.py:188} INFO - [2026-02-18T22:48:54.415+0000] {dagbag.py:545} INFO - Filling up the DagBag from /opt/airflow/dags/main.py
[2026-02-18T22:48:54.494+0000] {processor.py:840} INFO - DAG(s) 'produce_json', 'update_db' retrieved from /opt/airflow/dags/main.py
[2026-02-18T22:48:54.524+0000] {logging_mixin.py:188} INFO - [2026-02-18T22:48:54.524+0000] {dag.py:3096} INFO - Sync 2 DAGs
[2026-02-18T22:48:54.544+0000] {logging_mixin.py:188} INFO - [2026-02-18T22:48:54.544+0000] {dag.py:3954} INFO - Setting next_dagrun for produce_json to 2026-02-17 14:00:00+00:00, run_after=2026-02-18 14:00:00+00:00
[2026-02-18T22:48:54.549+0000] {logging_mixin.py:188} INFO - [2026-02-18T22:48:54.549+0000] {dag.py:3954} INFO - Setting next_dagrun for update_db to 2026-02-17 15:00:00+00:00, run_after=2026-02-18 15:00:00+00:00
[2026-02-18T22:48:54.569+0000] {processor.py:183} INFO - Processing /opt/airflow/dags/main.py took 0.162 seconds
[2026-02-18T22:49:24.805+0000] {processor.py:161} INFO - Started process (PID=2104) to work on /opt/airflow/dags/main.py
[2026-02-18T22:49:24.806+0000] {processor.py:830} INFO - Processing file /opt/airflow/dags/main.py for tasks to queue
[2026-02-18T22:49:24.808+0000] {logging_mixin.py:188} INFO - [2026-02-18T22:49:24.808+0000] {dagbag.py:545} INFO - Filling up the DagBag from /opt/airflow/dags/main.py
[2026-02-18T22:49:24.892+0000] {processor.py:840} INFO - DAG(s) 'update_db', 'produce_json' retrieved from /opt/airflow/dags/main.py
[2026-02-18T22:49:24.920+0000] {logging_mixin.py:188} INFO - [2026-02-18T22:49:24.920+0000] {dag.py:3096} INFO - Sync 2 DAGs
[2026-02-18T22:49:24.944+0000] {logging_mixin.py:188} INFO - [2026-02-18T22:49:24.944+0000] {dag.py:3954} INFO - Setting next_dagrun for produce_json to 2026-02-17 14:00:00+00:00, run_after=2026-02-18 14:00:00+00:00
[2026-02-18T22:49:24.951+0000] {logging_mixin.py:188} INFO - [2026-02-18T22:49:24.949+0000] {dag.py:3954} INFO - Setting next_dagrun for update_db to 2026-02-17 15:00:00+00:00, run_after=2026-02-18 15:00:00+00:00
[2026-02-18T22:49:24.969+0000] {processor.py:183} INFO - Processing /opt/airflow/dags/main.py took 0.169 seconds
[2026-02-18T22:49:55.089+0000] {processor.py:161} INFO - Started process (PID=2111) to work on /opt/airflow/dags/main.py
[2026-02-18T22:49:55.090+0000] {processor.py:830} INFO - Processing file /opt/airflow/dags/main.py for tasks to queue
[2026-02-18T22:49:55.092+0000] {logging_mixin.py:188} INFO - [2026-02-18T22:49:55.092+0000] {dagbag.py:545} INFO - Filling up the DagBag from /opt/airflow/dags/main.py
[2026-02-18T22:49:55.164+0000] {processor.py:840} INFO - DAG(s) 'update_db', 'produce_json' retrieved from /opt/airflow/dags/main.py
[2026-02-18T22:49:55.199+0000] {logging_mixin.py:188} INFO - [2026-02-18T22:49:55.199+0000] {dag.py:3096} INFO - Sync 2 DAGs
[2026-02-18T22:49:55.218+0000] {logging_mixin.py:188} INFO - [2026-02-18T22:49:55.218+0000] {dag.py:3954} INFO - Setting next_dagrun for produce_json to 2026-02-17 14:00:00+00:00, run_after=2026-02-18 14:00:00+00:00
[2026-02-18T22:49:55.223+0000] {logging_mixin.py:188} INFO - [2026-02-18T22:49:55.223+0000] {dag.py:3954} INFO - Setting next_dagrun for update_db to 2026-02-17 15:00:00+00:00, run_after=2026-02-18 15:00:00+00:00
[2026-02-18T22:49:55.242+0000] {processor.py:183} INFO - Processing /opt/airflow/dags/main.py took 0.158 seconds
[2026-02-18T22:50:25.539+0000] {processor.py:161} INFO - Started process (PID=2118) to work on /opt/airflow/dags/main.py
[2026-02-18T22:50:25.540+0000] {processor.py:830} INFO - Processing file /opt/airflow/dags/main.py for tasks to queue
[2026-02-18T22:50:25.542+0000] {logging_mixin.py:188} INFO - [2026-02-18T22:50:25.542+0000] {dagbag.py:545} INFO - Filling up the DagBag from /opt/airflow/dags/main.py
[2026-02-18T22:50:25.615+0000] {processor.py:840} INFO - DAG(s) 'produce_json', 'update_db' retrieved from /opt/airflow/dags/main.py
[2026-02-18T22:50:25.643+0000] {logging_mixin.py:188} INFO - [2026-02-18T22:50:25.643+0000] {dag.py:3096} INFO - Sync 2 DAGs
[2026-02-18T22:50:25.663+0000] {logging_mixin.py:188} INFO - [2026-02-18T22:50:25.663+0000] {dag.py:3954} INFO - Setting next_dagrun for produce_json to 2026-02-17 14:00:00+00:00, run_after=2026-02-18 14:00:00+00:00
[2026-02-18T22:50:25.667+0000] {logging_mixin.py:188} INFO - [2026-02-18T22:50:25.667+0000] {dag.py:3954} INFO - Setting next_dagrun for update_db to 2026-02-17 15:00:00+00:00, run_after=2026-02-18 15:00:00+00:00
[2026-02-18T22:50:25.697+0000] {processor.py:183} INFO - Processing /opt/airflow/dags/main.py took 0.164 seconds
[2026-02-18T22:50:55.745+0000] {processor.py:161} INFO - Started process (PID=2125) to work on /opt/airflow/dags/main.py
[2026-02-18T22:50:55.747+0000] {processor.py:830} INFO - Processing file /opt/airflow/dags/main.py for tasks to queue
[2026-02-18T22:50:55.754+0000] {logging_mixin.py:188} INFO - [2026-02-18T22:50:55.753+0000] {dagbag.py:545} INFO - Filling up the DagBag from /opt/airflow/dags/main.py
[2026-02-18T22:50:55.858+0000] {processor.py:840} INFO - DAG(s) 'produce_json', 'update_db' retrieved from /opt/airflow/dags/main.py
[2026-02-18T22:50:55.902+0000] {logging_mixin.py:188} INFO - [2026-02-18T22:50:55.902+0000] {dag.py:3096} INFO - Sync 2 DAGs
[2026-02-18T22:50:55.933+0000] {logging_mixin.py:188} INFO - [2026-02-18T22:50:55.932+0000] {dag.py:3954} INFO - Setting next_dagrun for produce_json to 2026-02-17 14:00:00+00:00, run_after=2026-02-18 14:00:00+00:00
[2026-02-18T22:50:55.941+0000] {logging_mixin.py:188} INFO - [2026-02-18T22:50:55.941+0000] {dag.py:3954} INFO - Setting next_dagrun for update_db to 2026-02-17 15:00:00+00:00, run_after=2026-02-18 15:00:00+00:00
[2026-02-18T22:50:55.961+0000] {processor.py:183} INFO - Processing /opt/airflow/dags/main.py took 0.224 seconds
[2026-02-18T22:51:26.243+0000] {processor.py:161} INFO - Started process (PID=2132) to work on /opt/airflow/dags/main.py
[2026-02-18T22:51:26.244+0000] {processor.py:830} INFO - Processing file /opt/airflow/dags/main.py for tasks to queue
[2026-02-18T22:51:26.249+0000] {logging_mixin.py:188} INFO - [2026-02-18T22:51:26.248+0000] {dagbag.py:545} INFO - Filling up the DagBag from /opt/airflow/dags/main.py
[2026-02-18T22:51:26.464+0000] {processor.py:840} INFO - DAG(s) 'update_db', 'produce_json' retrieved from /opt/airflow/dags/main.py
[2026-02-18T22:51:26.544+0000] {logging_mixin.py:188} INFO - [2026-02-18T22:51:26.544+0000] {dag.py:3096} INFO - Sync 2 DAGs
[2026-02-18T22:51:26.615+0000] {logging_mixin.py:188} INFO - [2026-02-18T22:51:26.615+0000] {dag.py:3954} INFO - Setting next_dagrun for produce_json to 2026-02-17 14:00:00+00:00, run_after=2026-02-18 14:00:00+00:00
[2026-02-18T22:51:26.631+0000] {logging_mixin.py:188} INFO - [2026-02-18T22:51:26.631+0000] {dag.py:3954} INFO - Setting next_dagrun for update_db to 2026-02-17 15:00:00+00:00, run_after=2026-02-18 15:00:00+00:00
[2026-02-18T22:51:26.676+0000] {processor.py:183} INFO - Processing /opt/airflow/dags/main.py took 0.448 seconds
[2026-02-18T22:51:56.947+0000] {processor.py:161} INFO - Started process (PID=2139) to work on /opt/airflow/dags/main.py
[2026-02-18T22:51:56.948+0000] {processor.py:830} INFO - Processing file /opt/airflow/dags/main.py for tasks to queue
[2026-02-18T22:51:56.951+0000] {logging_mixin.py:188} INFO - [2026-02-18T22:51:56.950+0000] {dagbag.py:545} INFO - Filling up the DagBag from /opt/airflow/dags/main.py
[2026-02-18T22:51:57.032+0000] {processor.py:840} INFO - DAG(s) 'produce_json', 'update_db' retrieved from /opt/airflow/dags/main.py
[2026-02-18T22:51:57.070+0000] {logging_mixin.py:188} INFO - [2026-02-18T22:51:57.070+0000] {dag.py:3096} INFO - Sync 2 DAGs
[2026-02-18T22:51:57.099+0000] {logging_mixin.py:188} INFO - [2026-02-18T22:51:57.098+0000] {dag.py:3954} INFO - Setting next_dagrun for produce_json to 2026-02-17 14:00:00+00:00, run_after=2026-02-18 14:00:00+00:00
[2026-02-18T22:51:57.104+0000] {logging_mixin.py:188} INFO - [2026-02-18T22:51:57.104+0000] {dag.py:3954} INFO - Setting next_dagrun for update_db to 2026-02-17 15:00:00+00:00, run_after=2026-02-18 15:00:00+00:00
[2026-02-18T22:51:57.127+0000] {processor.py:183} INFO - Processing /opt/airflow/dags/main.py took 0.187 seconds
[2026-02-18T22:52:27.216+0000] {processor.py:161} INFO - Started process (PID=2146) to work on /opt/airflow/dags/main.py
[2026-02-18T22:52:27.217+0000] {processor.py:830} INFO - Processing file /opt/airflow/dags/main.py for tasks to queue
[2026-02-18T22:52:27.219+0000] {logging_mixin.py:188} INFO - [2026-02-18T22:52:27.218+0000] {dagbag.py:545} INFO - Filling up the DagBag from /opt/airflow/dags/main.py
[2026-02-18T22:52:27.290+0000] {processor.py:840} INFO - DAG(s) 'update_db', 'produce_json' retrieved from /opt/airflow/dags/main.py
[2026-02-18T22:52:27.320+0000] {logging_mixin.py:188} INFO - [2026-02-18T22:52:27.319+0000] {dag.py:3096} INFO - Sync 2 DAGs
[2026-02-18T22:52:27.341+0000] {logging_mixin.py:188} INFO - [2026-02-18T22:52:27.341+0000] {dag.py:3954} INFO - Setting next_dagrun for produce_json to 2026-02-17 14:00:00+00:00, run_after=2026-02-18 14:00:00+00:00
[2026-02-18T22:52:27.346+0000] {logging_mixin.py:188} INFO - [2026-02-18T22:52:27.346+0000] {dag.py:3954} INFO - Setting next_dagrun for update_db to 2026-02-17 15:00:00+00:00, run_after=2026-02-18 15:00:00+00:00
[2026-02-18T22:52:27.368+0000] {processor.py:183} INFO - Processing /opt/airflow/dags/main.py took 0.157 seconds
[2026-02-18T22:52:57.706+0000] {processor.py:161} INFO - Started process (PID=2153) to work on /opt/airflow/dags/main.py
[2026-02-18T22:52:57.707+0000] {processor.py:830} INFO - Processing file /opt/airflow/dags/main.py for tasks to queue
[2026-02-18T22:52:57.709+0000] {logging_mixin.py:188} INFO - [2026-02-18T22:52:57.708+0000] {dagbag.py:545} INFO - Filling up the DagBag from /opt/airflow/dags/main.py
[2026-02-18T22:52:57.778+0000] {processor.py:840} INFO - DAG(s) 'produce_json', 'update_db' retrieved from /opt/airflow/dags/main.py
[2026-02-18T22:52:57.809+0000] {logging_mixin.py:188} INFO - [2026-02-18T22:52:57.808+0000] {dag.py:3096} INFO - Sync 2 DAGs
[2026-02-18T22:52:57.835+0000] {logging_mixin.py:188} INFO - [2026-02-18T22:52:57.835+0000] {dag.py:3954} INFO - Setting next_dagrun for produce_json to 2026-02-17 14:00:00+00:00, run_after=2026-02-18 14:00:00+00:00
[2026-02-18T22:52:57.841+0000] {logging_mixin.py:188} INFO - [2026-02-18T22:52:57.841+0000] {dag.py:3954} INFO - Setting next_dagrun for update_db to 2026-02-17 15:00:00+00:00, run_after=2026-02-18 15:00:00+00:00
[2026-02-18T22:52:57.861+0000] {processor.py:183} INFO - Processing /opt/airflow/dags/main.py took 0.160 seconds
[2026-02-18T22:56:48.101+0000] {processor.py:161} INFO - Started process (PID=54) to work on /opt/airflow/dags/main.py
[2026-02-18T22:56:48.104+0000] {processor.py:830} INFO - Processing file /opt/airflow/dags/main.py for tasks to queue
[2026-02-18T22:56:48.108+0000] {logging_mixin.py:188} INFO - [2026-02-18T22:56:48.107+0000] {dagbag.py:545} INFO - Filling up the DagBag from /opt/airflow/dags/main.py
[2026-02-18T22:56:48.301+0000] {processor.py:840} INFO - DAG(s) 'update_db', 'produce_json' retrieved from /opt/airflow/dags/main.py
[2026-02-18T22:56:48.787+0000] {logging_mixin.py:188} INFO - [2026-02-18T22:56:48.786+0000] {dag.py:3096} INFO - Sync 2 DAGs
[2026-02-18T22:56:48.834+0000] {logging_mixin.py:188} INFO - [2026-02-18T22:56:48.834+0000] {dag.py:3954} INFO - Setting next_dagrun for produce_json to 2026-02-17 14:00:00+00:00, run_after=2026-02-18 14:00:00+00:00
[2026-02-18T22:56:48.846+0000] {logging_mixin.py:188} INFO - [2026-02-18T22:56:48.845+0000] {dag.py:3954} INFO - Setting next_dagrun for update_db to 2026-02-17 15:00:00+00:00, run_after=2026-02-18 15:00:00+00:00
[2026-02-18T22:56:48.885+0000] {processor.py:183} INFO - Processing /opt/airflow/dags/main.py took 0.798 seconds
[2026-02-18T22:57:19.147+0000] {processor.py:161} INFO - Started process (PID=61) to work on /opt/airflow/dags/main.py
[2026-02-18T22:57:19.149+0000] {processor.py:830} INFO - Processing file /opt/airflow/dags/main.py for tasks to queue
[2026-02-18T22:57:19.153+0000] {logging_mixin.py:188} INFO - [2026-02-18T22:57:19.152+0000] {dagbag.py:545} INFO - Filling up the DagBag from /opt/airflow/dags/main.py
[2026-02-18T22:57:19.264+0000] {processor.py:840} INFO - DAG(s) 'update_db', 'produce_json' retrieved from /opt/airflow/dags/main.py
[2026-02-18T22:57:19.312+0000] {logging_mixin.py:188} INFO - [2026-02-18T22:57:19.312+0000] {dag.py:3096} INFO - Sync 2 DAGs
[2026-02-18T22:57:19.346+0000] {logging_mixin.py:188} INFO - [2026-02-18T22:57:19.345+0000] {dag.py:3954} INFO - Setting next_dagrun for produce_json to 2026-02-17 14:00:00+00:00, run_after=2026-02-18 14:00:00+00:00
[2026-02-18T22:57:19.352+0000] {logging_mixin.py:188} INFO - [2026-02-18T22:57:19.352+0000] {dag.py:3954} INFO - Setting next_dagrun for update_db to 2026-02-17 15:00:00+00:00, run_after=2026-02-18 15:00:00+00:00
[2026-02-18T22:57:19.371+0000] {processor.py:183} INFO - Processing /opt/airflow/dags/main.py took 0.231 seconds
[2026-02-18T22:57:49.660+0000] {processor.py:161} INFO - Started process (PID=68) to work on /opt/airflow/dags/main.py
[2026-02-18T22:57:49.661+0000] {processor.py:830} INFO - Processing file /opt/airflow/dags/main.py for tasks to queue
[2026-02-18T22:57:49.663+0000] {logging_mixin.py:188} INFO - [2026-02-18T22:57:49.663+0000] {dagbag.py:545} INFO - Filling up the DagBag from /opt/airflow/dags/main.py
[2026-02-18T22:57:49.754+0000] {processor.py:840} INFO - DAG(s) 'update_db', 'produce_json' retrieved from /opt/airflow/dags/main.py
[2026-02-18T22:57:49.785+0000] {logging_mixin.py:188} INFO - [2026-02-18T22:57:49.785+0000] {dag.py:3096} INFO - Sync 2 DAGs
[2026-02-18T22:57:49.808+0000] {logging_mixin.py:188} INFO - [2026-02-18T22:57:49.807+0000] {dag.py:3954} INFO - Setting next_dagrun for produce_json to 2026-02-17 14:00:00+00:00, run_after=2026-02-18 14:00:00+00:00
[2026-02-18T22:57:49.812+0000] {logging_mixin.py:188} INFO - [2026-02-18T22:57:49.812+0000] {dag.py:3954} INFO - Setting next_dagrun for update_db to 2026-02-17 15:00:00+00:00, run_after=2026-02-18 15:00:00+00:00
[2026-02-18T22:57:49.831+0000] {processor.py:183} INFO - Processing /opt/airflow/dags/main.py took 0.178 seconds
[2026-02-18T22:58:19.916+0000] {processor.py:161} INFO - Started process (PID=75) to work on /opt/airflow/dags/main.py
[2026-02-18T22:58:19.918+0000] {processor.py:830} INFO - Processing file /opt/airflow/dags/main.py for tasks to queue
[2026-02-18T22:58:19.920+0000] {logging_mixin.py:188} INFO - [2026-02-18T22:58:19.919+0000] {dagbag.py:545} INFO - Filling up the DagBag from /opt/airflow/dags/main.py
[2026-02-18T22:58:19.991+0000] {processor.py:840} INFO - DAG(s) 'update_db', 'produce_json' retrieved from /opt/airflow/dags/main.py
[2026-02-18T22:58:20.022+0000] {logging_mixin.py:188} INFO - [2026-02-18T22:58:20.021+0000] {dag.py:3096} INFO - Sync 2 DAGs
[2026-02-18T22:58:20.043+0000] {logging_mixin.py:188} INFO - [2026-02-18T22:58:20.042+0000] {dag.py:3954} INFO - Setting next_dagrun for produce_json to 2026-02-17 14:00:00+00:00, run_after=2026-02-18 14:00:00+00:00
[2026-02-18T22:58:20.048+0000] {logging_mixin.py:188} INFO - [2026-02-18T22:58:20.047+0000] {dag.py:3954} INFO - Setting next_dagrun for update_db to 2026-02-17 15:00:00+00:00, run_after=2026-02-18 15:00:00+00:00
[2026-02-18T22:58:20.078+0000] {processor.py:183} INFO - Processing /opt/airflow/dags/main.py took 0.167 seconds
[2026-02-18T22:58:50.344+0000] {processor.py:161} INFO - Started process (PID=82) to work on /opt/airflow/dags/main.py
[2026-02-18T22:58:50.345+0000] {processor.py:830} INFO - Processing file /opt/airflow/dags/main.py for tasks to queue
[2026-02-18T22:58:50.347+0000] {logging_mixin.py:188} INFO - [2026-02-18T22:58:50.347+0000] {dagbag.py:545} INFO - Filling up the DagBag from /opt/airflow/dags/main.py
[2026-02-18T22:58:50.430+0000] {processor.py:840} INFO - DAG(s) 'produce_json', 'update_db' retrieved from /opt/airflow/dags/main.py
[2026-02-18T22:58:50.464+0000] {logging_mixin.py:188} INFO - [2026-02-18T22:58:50.464+0000] {dag.py:3096} INFO - Sync 2 DAGs
[2026-02-18T22:58:50.489+0000] {logging_mixin.py:188} INFO - [2026-02-18T22:58:50.488+0000] {dag.py:3954} INFO - Setting next_dagrun for produce_json to 2026-02-17 14:00:00+00:00, run_after=2026-02-18 14:00:00+00:00
[2026-02-18T22:58:50.494+0000] {logging_mixin.py:188} INFO - [2026-02-18T22:58:50.494+0000] {dag.py:3954} INFO - Setting next_dagrun for update_db to 2026-02-17 15:00:00+00:00, run_after=2026-02-18 15:00:00+00:00
[2026-02-18T22:58:50.514+0000] {processor.py:183} INFO - Processing /opt/airflow/dags/main.py took 0.175 seconds
[2026-02-18T22:59:20.618+0000] {processor.py:161} INFO - Started process (PID=89) to work on /opt/airflow/dags/main.py
[2026-02-18T22:59:20.619+0000] {processor.py:830} INFO - Processing file /opt/airflow/dags/main.py for tasks to queue
[2026-02-18T22:59:20.621+0000] {logging_mixin.py:188} INFO - [2026-02-18T22:59:20.621+0000] {dagbag.py:545} INFO - Filling up the DagBag from /opt/airflow/dags/main.py
[2026-02-18T22:59:20.684+0000] {processor.py:840} INFO - DAG(s) 'produce_json', 'update_db' retrieved from /opt/airflow/dags/main.py
[2026-02-18T22:59:20.717+0000] {logging_mixin.py:188} INFO - [2026-02-18T22:59:20.716+0000] {dag.py:3096} INFO - Sync 2 DAGs
[2026-02-18T22:59:20.738+0000] {logging_mixin.py:188} INFO - [2026-02-18T22:59:20.738+0000] {dag.py:3954} INFO - Setting next_dagrun for produce_json to 2026-02-17 14:00:00+00:00, run_after=2026-02-18 14:00:00+00:00
[2026-02-18T22:59:20.745+0000] {logging_mixin.py:188} INFO - [2026-02-18T22:59:20.744+0000] {dag.py:3954} INFO - Setting next_dagrun for update_db to 2026-02-17 15:00:00+00:00, run_after=2026-02-18 15:00:00+00:00
[2026-02-18T22:59:20.763+0000] {processor.py:183} INFO - Processing /opt/airflow/dags/main.py took 0.151 seconds
[2026-02-18T22:59:51.028+0000] {processor.py:161} INFO - Started process (PID=96) to work on /opt/airflow/dags/main.py
[2026-02-18T22:59:51.029+0000] {processor.py:830} INFO - Processing file /opt/airflow/dags/main.py for tasks to queue
[2026-02-18T22:59:51.031+0000] {logging_mixin.py:188} INFO - [2026-02-18T22:59:51.031+0000] {dagbag.py:545} INFO - Filling up the DagBag from /opt/airflow/dags/main.py
[2026-02-18T22:59:51.108+0000] {processor.py:840} INFO - DAG(s) 'produce_json', 'update_db' retrieved from /opt/airflow/dags/main.py
[2026-02-18T22:59:51.138+0000] {logging_mixin.py:188} INFO - [2026-02-18T22:59:51.138+0000] {dag.py:3096} INFO - Sync 2 DAGs
[2026-02-18T22:59:51.159+0000] {logging_mixin.py:188} INFO - [2026-02-18T22:59:51.159+0000] {dag.py:3954} INFO - Setting next_dagrun for produce_json to 2026-02-17 14:00:00+00:00, run_after=2026-02-18 14:00:00+00:00
[2026-02-18T22:59:51.163+0000] {logging_mixin.py:188} INFO - [2026-02-18T22:59:51.163+0000] {dag.py:3954} INFO - Setting next_dagrun for update_db to 2026-02-17 15:00:00+00:00, run_after=2026-02-18 15:00:00+00:00
[2026-02-18T22:59:51.194+0000] {processor.py:183} INFO - Processing /opt/airflow/dags/main.py took 0.171 seconds
[2026-02-18T23:00:21.305+0000] {processor.py:161} INFO - Started process (PID=110) to work on /opt/airflow/dags/main.py
[2026-02-18T23:00:21.306+0000] {processor.py:830} INFO - Processing file /opt/airflow/dags/main.py for tasks to queue
[2026-02-18T23:00:21.307+0000] {logging_mixin.py:188} INFO - [2026-02-18T23:00:21.307+0000] {dagbag.py:545} INFO - Filling up the DagBag from /opt/airflow/dags/main.py
[2026-02-18T23:00:21.388+0000] {processor.py:840} INFO - DAG(s) 'produce_json', 'update_db' retrieved from /opt/airflow/dags/main.py
[2026-02-18T23:00:21.432+0000] {logging_mixin.py:188} INFO - [2026-02-18T23:00:21.431+0000] {dag.py:3096} INFO - Sync 2 DAGs
[2026-02-18T23:00:21.460+0000] {logging_mixin.py:188} INFO - [2026-02-18T23:00:21.460+0000] {dag.py:3954} INFO - Setting next_dagrun for produce_json to 2026-02-17 14:00:00+00:00, run_after=2026-02-18 14:00:00+00:00
[2026-02-18T23:00:21.467+0000] {logging_mixin.py:188} INFO - [2026-02-18T23:00:21.467+0000] {dag.py:3954} INFO - Setting next_dagrun for update_db to 2026-02-17 15:00:00+00:00, run_after=2026-02-18 15:00:00+00:00
[2026-02-18T23:00:21.484+0000] {processor.py:183} INFO - Processing /opt/airflow/dags/main.py took 0.185 seconds
[2026-02-18T23:00:51.721+0000] {processor.py:161} INFO - Started process (PID=117) to work on /opt/airflow/dags/main.py
[2026-02-18T23:00:51.722+0000] {processor.py:830} INFO - Processing file /opt/airflow/dags/main.py for tasks to queue
[2026-02-18T23:00:51.725+0000] {logging_mixin.py:188} INFO - [2026-02-18T23:00:51.724+0000] {dagbag.py:545} INFO - Filling up the DagBag from /opt/airflow/dags/main.py
[2026-02-18T23:00:51.793+0000] {processor.py:840} INFO - DAG(s) 'produce_json', 'update_db' retrieved from /opt/airflow/dags/main.py
[2026-02-18T23:00:51.820+0000] {logging_mixin.py:188} INFO - [2026-02-18T23:00:51.819+0000] {dag.py:3096} INFO - Sync 2 DAGs
[2026-02-18T23:00:51.845+0000] {logging_mixin.py:188} INFO - [2026-02-18T23:00:51.845+0000] {dag.py:3954} INFO - Setting next_dagrun for produce_json to 2026-02-17 14:00:00+00:00, run_after=2026-02-18 14:00:00+00:00
[2026-02-18T23:00:51.850+0000] {logging_mixin.py:188} INFO - [2026-02-18T23:00:51.850+0000] {dag.py:3954} INFO - Setting next_dagrun for update_db to 2026-02-17 15:00:00+00:00, run_after=2026-02-18 15:00:00+00:00
[2026-02-18T23:00:51.872+0000] {processor.py:183} INFO - Processing /opt/airflow/dags/main.py took 0.158 seconds
[2026-02-18T23:01:21.974+0000] {processor.py:161} INFO - Started process (PID=124) to work on /opt/airflow/dags/main.py
[2026-02-18T23:01:21.975+0000] {processor.py:830} INFO - Processing file /opt/airflow/dags/main.py for tasks to queue
[2026-02-18T23:01:21.978+0000] {logging_mixin.py:188} INFO - [2026-02-18T23:01:21.977+0000] {dagbag.py:545} INFO - Filling up the DagBag from /opt/airflow/dags/main.py
[2026-02-18T23:01:22.047+0000] {processor.py:840} INFO - DAG(s) 'produce_json', 'update_db' retrieved from /opt/airflow/dags/main.py
[2026-02-18T23:01:22.074+0000] {logging_mixin.py:188} INFO - [2026-02-18T23:01:22.073+0000] {dag.py:3096} INFO - Sync 2 DAGs
[2026-02-18T23:01:22.097+0000] {logging_mixin.py:188} INFO - [2026-02-18T23:01:22.097+0000] {dag.py:3954} INFO - Setting next_dagrun for produce_json to 2026-02-17 14:00:00+00:00, run_after=2026-02-18 14:00:00+00:00
[2026-02-18T23:01:22.103+0000] {logging_mixin.py:188} INFO - [2026-02-18T23:01:22.103+0000] {dag.py:3954} INFO - Setting next_dagrun for update_db to 2026-02-17 15:00:00+00:00, run_after=2026-02-18 15:00:00+00:00
[2026-02-18T23:01:22.133+0000] {processor.py:183} INFO - Processing /opt/airflow/dags/main.py took 0.166 seconds
[2026-02-18T23:01:52.490+0000] {processor.py:161} INFO - Started process (PID=131) to work on /opt/airflow/dags/main.py
[2026-02-18T23:01:52.491+0000] {processor.py:830} INFO - Processing file /opt/airflow/dags/main.py for tasks to queue
[2026-02-18T23:01:52.493+0000] {logging_mixin.py:188} INFO - [2026-02-18T23:01:52.492+0000] {dagbag.py:545} INFO - Filling up the DagBag from /opt/airflow/dags/main.py
[2026-02-18T23:01:52.574+0000] {processor.py:840} INFO - DAG(s) 'produce_json', 'update_db' retrieved from /opt/airflow/dags/main.py
[2026-02-18T23:01:52.601+0000] {logging_mixin.py:188} INFO - [2026-02-18T23:01:52.601+0000] {dag.py:3096} INFO - Sync 2 DAGs
[2026-02-18T23:01:52.623+0000] {logging_mixin.py:188} INFO - [2026-02-18T23:01:52.622+0000] {dag.py:3954} INFO - Setting next_dagrun for produce_json to 2026-02-17 14:00:00+00:00, run_after=2026-02-18 14:00:00+00:00
[2026-02-18T23:01:52.627+0000] {logging_mixin.py:188} INFO - [2026-02-18T23:01:52.627+0000] {dag.py:3954} INFO - Setting next_dagrun for update_db to 2026-02-17 15:00:00+00:00, run_after=2026-02-18 15:00:00+00:00
[2026-02-18T23:01:52.646+0000] {processor.py:183} INFO - Processing /opt/airflow/dags/main.py took 0.163 seconds
[2026-02-18T23:02:22.747+0000] {processor.py:161} INFO - Started process (PID=138) to work on /opt/airflow/dags/main.py
[2026-02-18T23:02:22.748+0000] {processor.py:830} INFO - Processing file /opt/airflow/dags/main.py for tasks to queue
[2026-02-18T23:02:22.750+0000] {logging_mixin.py:188} INFO - [2026-02-18T23:02:22.750+0000] {dagbag.py:545} INFO - Filling up the DagBag from /opt/airflow/dags/main.py
[2026-02-18T23:02:22.818+0000] {processor.py:840} INFO - DAG(s) 'update_db', 'produce_json' retrieved from /opt/airflow/dags/main.py
[2026-02-18T23:02:22.847+0000] {logging_mixin.py:188} INFO - [2026-02-18T23:02:22.847+0000] {dag.py:3096} INFO - Sync 2 DAGs
[2026-02-18T23:02:22.867+0000] {logging_mixin.py:188} INFO - [2026-02-18T23:02:22.866+0000] {dag.py:3954} INFO - Setting next_dagrun for produce_json to 2026-02-17 14:00:00+00:00, run_after=2026-02-18 14:00:00+00:00
[2026-02-18T23:02:22.875+0000] {logging_mixin.py:188} INFO - [2026-02-18T23:02:22.874+0000] {dag.py:3954} INFO - Setting next_dagrun for update_db to 2026-02-17 15:00:00+00:00, run_after=2026-02-18 15:00:00+00:00
[2026-02-18T23:02:22.894+0000] {processor.py:183} INFO - Processing /opt/airflow/dags/main.py took 0.152 seconds
[2026-02-18T23:02:53.166+0000] {processor.py:161} INFO - Started process (PID=145) to work on /opt/airflow/dags/main.py
[2026-02-18T23:02:53.167+0000] {processor.py:830} INFO - Processing file /opt/airflow/dags/main.py for tasks to queue
[2026-02-18T23:02:53.169+0000] {logging_mixin.py:188} INFO - [2026-02-18T23:02:53.169+0000] {dagbag.py:545} INFO - Filling up the DagBag from /opt/airflow/dags/main.py
[2026-02-18T23:02:53.240+0000] {processor.py:840} INFO - DAG(s) 'produce_json', 'update_db' retrieved from /opt/airflow/dags/main.py
[2026-02-18T23:02:53.267+0000] {logging_mixin.py:188} INFO - [2026-02-18T23:02:53.266+0000] {dag.py:3096} INFO - Sync 2 DAGs
[2026-02-18T23:02:53.288+0000] {logging_mixin.py:188} INFO - [2026-02-18T23:02:53.287+0000] {dag.py:3954} INFO - Setting next_dagrun for produce_json to 2026-02-17 14:00:00+00:00, run_after=2026-02-18 14:00:00+00:00
[2026-02-18T23:02:53.292+0000] {logging_mixin.py:188} INFO - [2026-02-18T23:02:53.292+0000] {dag.py:3954} INFO - Setting next_dagrun for update_db to 2026-02-17 15:00:00+00:00, run_after=2026-02-18 15:00:00+00:00
[2026-02-18T23:02:53.315+0000] {processor.py:183} INFO - Processing /opt/airflow/dags/main.py took 0.153 seconds
[2026-02-18T23:03:23.442+0000] {processor.py:161} INFO - Started process (PID=152) to work on /opt/airflow/dags/main.py
[2026-02-18T23:03:23.443+0000] {processor.py:830} INFO - Processing file /opt/airflow/dags/main.py for tasks to queue
[2026-02-18T23:03:23.445+0000] {logging_mixin.py:188} INFO - [2026-02-18T23:03:23.445+0000] {dagbag.py:545} INFO - Filling up the DagBag from /opt/airflow/dags/main.py
[2026-02-18T23:03:23.515+0000] {processor.py:840} INFO - DAG(s) 'update_db', 'produce_json' retrieved from /opt/airflow/dags/main.py
[2026-02-18T23:03:23.545+0000] {logging_mixin.py:188} INFO - [2026-02-18T23:03:23.545+0000] {dag.py:3096} INFO - Sync 2 DAGs
[2026-02-18T23:03:23.567+0000] {logging_mixin.py:188} INFO - [2026-02-18T23:03:23.567+0000] {dag.py:3954} INFO - Setting next_dagrun for produce_json to 2026-02-17 14:00:00+00:00, run_after=2026-02-18 14:00:00+00:00
[2026-02-18T23:03:23.573+0000] {logging_mixin.py:188} INFO - [2026-02-18T23:03:23.573+0000] {dag.py:3954} INFO - Setting next_dagrun for update_db to 2026-02-17 15:00:00+00:00, run_after=2026-02-18 15:00:00+00:00
[2026-02-18T23:03:23.592+0000] {processor.py:183} INFO - Processing /opt/airflow/dags/main.py took 0.156 seconds
[2026-02-18T23:03:53.822+0000] {processor.py:161} INFO - Started process (PID=159) to work on /opt/airflow/dags/main.py
[2026-02-18T23:03:53.823+0000] {processor.py:830} INFO - Processing file /opt/airflow/dags/main.py for tasks to queue
[2026-02-18T23:03:53.825+0000] {logging_mixin.py:188} INFO - [2026-02-18T23:03:53.825+0000] {dagbag.py:545} INFO - Filling up the DagBag from /opt/airflow/dags/main.py
[2026-02-18T23:03:53.910+0000] {processor.py:840} INFO - DAG(s) 'produce_json', 'update_db' retrieved from /opt/airflow/dags/main.py
[2026-02-18T23:03:53.943+0000] {logging_mixin.py:188} INFO - [2026-02-18T23:03:53.942+0000] {dag.py:3096} INFO - Sync 2 DAGs
[2026-02-18T23:03:53.966+0000] {logging_mixin.py:188} INFO - [2026-02-18T23:03:53.966+0000] {dag.py:3954} INFO - Setting next_dagrun for produce_json to 2026-02-17 14:00:00+00:00, run_after=2026-02-18 14:00:00+00:00
[2026-02-18T23:03:53.970+0000] {logging_mixin.py:188} INFO - [2026-02-18T23:03:53.970+0000] {dag.py:3954} INFO - Setting next_dagrun for update_db to 2026-02-17 15:00:00+00:00, run_after=2026-02-18 15:00:00+00:00
[2026-02-18T23:03:53.999+0000] {processor.py:183} INFO - Processing /opt/airflow/dags/main.py took 0.183 seconds
[2026-02-18T23:04:24.139+0000] {processor.py:161} INFO - Started process (PID=166) to work on /opt/airflow/dags/main.py
[2026-02-18T23:04:24.141+0000] {processor.py:830} INFO - Processing file /opt/airflow/dags/main.py for tasks to queue
[2026-02-18T23:04:24.143+0000] {logging_mixin.py:188} INFO - [2026-02-18T23:04:24.143+0000] {dagbag.py:545} INFO - Filling up the DagBag from /opt/airflow/dags/main.py
[2026-02-18T23:04:24.224+0000] {processor.py:840} INFO - DAG(s) 'produce_json', 'update_db' retrieved from /opt/airflow/dags/main.py
[2026-02-18T23:04:24.257+0000] {logging_mixin.py:188} INFO - [2026-02-18T23:04:24.257+0000] {dag.py:3096} INFO - Sync 2 DAGs
[2026-02-18T23:04:24.279+0000] {logging_mixin.py:188} INFO - [2026-02-18T23:04:24.278+0000] {dag.py:3954} INFO - Setting next_dagrun for produce_json to 2026-02-17 14:00:00+00:00, run_after=2026-02-18 14:00:00+00:00
[2026-02-18T23:04:24.284+0000] {logging_mixin.py:188} INFO - [2026-02-18T23:04:24.284+0000] {dag.py:3954} INFO - Setting next_dagrun for update_db to 2026-02-17 15:00:00+00:00, run_after=2026-02-18 15:00:00+00:00
[2026-02-18T23:04:24.319+0000] {processor.py:183} INFO - Processing /opt/airflow/dags/main.py took 0.187 seconds
[2026-02-18T23:04:54.558+0000] {processor.py:161} INFO - Started process (PID=173) to work on /opt/airflow/dags/main.py
[2026-02-18T23:04:54.560+0000] {processor.py:830} INFO - Processing file /opt/airflow/dags/main.py for tasks to queue
[2026-02-18T23:04:54.562+0000] {logging_mixin.py:188} INFO - [2026-02-18T23:04:54.561+0000] {dagbag.py:545} INFO - Filling up the DagBag from /opt/airflow/dags/main.py
[2026-02-18T23:04:54.679+0000] {processor.py:840} INFO - DAG(s) 'produce_json', 'update_db' retrieved from /opt/airflow/dags/main.py
[2026-02-18T23:04:54.728+0000] {logging_mixin.py:188} INFO - [2026-02-18T23:04:54.728+0000] {dag.py:3096} INFO - Sync 2 DAGs
[2026-02-18T23:04:54.756+0000] {logging_mixin.py:188} INFO - [2026-02-18T23:04:54.756+0000] {dag.py:3954} INFO - Setting next_dagrun for produce_json to 2026-02-17 14:00:00+00:00, run_after=2026-02-18 14:00:00+00:00
[2026-02-18T23:04:54.761+0000] {logging_mixin.py:188} INFO - [2026-02-18T23:04:54.760+0000] {dag.py:3954} INFO - Setting next_dagrun for update_db to 2026-02-17 15:00:00+00:00, run_after=2026-02-18 15:00:00+00:00
[2026-02-18T23:04:54.793+0000] {processor.py:183} INFO - Processing /opt/airflow/dags/main.py took 0.241 seconds
[2026-02-18T23:05:25.020+0000] {processor.py:161} INFO - Started process (PID=180) to work on /opt/airflow/dags/main.py
[2026-02-18T23:05:25.021+0000] {processor.py:830} INFO - Processing file /opt/airflow/dags/main.py for tasks to queue
[2026-02-18T23:05:25.023+0000] {logging_mixin.py:188} INFO - [2026-02-18T23:05:25.022+0000] {dagbag.py:545} INFO - Filling up the DagBag from /opt/airflow/dags/main.py
[2026-02-18T23:05:25.089+0000] {processor.py:840} INFO - DAG(s) 'produce_json', 'update_db' retrieved from /opt/airflow/dags/main.py
[2026-02-18T23:05:25.117+0000] {logging_mixin.py:188} INFO - [2026-02-18T23:05:25.117+0000] {dag.py:3096} INFO - Sync 2 DAGs
[2026-02-18T23:05:25.138+0000] {logging_mixin.py:188} INFO - [2026-02-18T23:05:25.137+0000] {dag.py:3954} INFO - Setting next_dagrun for produce_json to 2026-02-17 14:00:00+00:00, run_after=2026-02-18 14:00:00+00:00
[2026-02-18T23:05:25.144+0000] {logging_mixin.py:188} INFO - [2026-02-18T23:05:25.144+0000] {dag.py:3954} INFO - Setting next_dagrun for update_db to 2026-02-17 15:00:00+00:00, run_after=2026-02-18 15:00:00+00:00
[2026-02-18T23:05:25.163+0000] {processor.py:183} INFO - Processing /opt/airflow/dags/main.py took 0.150 seconds
[2026-02-18T23:05:55.299+0000] {processor.py:161} INFO - Started process (PID=187) to work on /opt/airflow/dags/main.py
[2026-02-18T23:05:55.300+0000] {processor.py:830} INFO - Processing file /opt/airflow/dags/main.py for tasks to queue
[2026-02-18T23:05:55.302+0000] {logging_mixin.py:188} INFO - [2026-02-18T23:05:55.302+0000] {dagbag.py:545} INFO - Filling up the DagBag from /opt/airflow/dags/main.py
[2026-02-18T23:05:55.365+0000] {processor.py:840} INFO - DAG(s) 'update_db', 'produce_json' retrieved from /opt/airflow/dags/main.py
[2026-02-18T23:05:55.394+0000] {logging_mixin.py:188} INFO - [2026-02-18T23:05:55.394+0000] {dag.py:3096} INFO - Sync 2 DAGs
[2026-02-18T23:05:55.415+0000] {logging_mixin.py:188} INFO - [2026-02-18T23:05:55.415+0000] {dag.py:3954} INFO - Setting next_dagrun for produce_json to 2026-02-17 14:00:00+00:00, run_after=2026-02-18 14:00:00+00:00
[2026-02-18T23:05:55.420+0000] {logging_mixin.py:188} INFO - [2026-02-18T23:05:55.420+0000] {dag.py:3954} INFO - Setting next_dagrun for update_db to 2026-02-17 15:00:00+00:00, run_after=2026-02-18 15:00:00+00:00
[2026-02-18T23:05:55.450+0000] {processor.py:183} INFO - Processing /opt/airflow/dags/main.py took 0.156 seconds
[2026-02-18T23:06:25.695+0000] {processor.py:161} INFO - Started process (PID=194) to work on /opt/airflow/dags/main.py
[2026-02-18T23:06:25.696+0000] {processor.py:830} INFO - Processing file /opt/airflow/dags/main.py for tasks to queue
[2026-02-18T23:06:25.698+0000] {logging_mixin.py:188} INFO - [2026-02-18T23:06:25.698+0000] {dagbag.py:545} INFO - Filling up the DagBag from /opt/airflow/dags/main.py
[2026-02-18T23:06:25.774+0000] {processor.py:840} INFO - DAG(s) 'produce_json', 'update_db' retrieved from /opt/airflow/dags/main.py
[2026-02-18T23:06:25.806+0000] {logging_mixin.py:188} INFO - [2026-02-18T23:06:25.806+0000] {dag.py:3096} INFO - Sync 2 DAGs
[2026-02-18T23:06:25.836+0000] {logging_mixin.py:188} INFO - [2026-02-18T23:06:25.836+0000] {dag.py:3954} INFO - Setting next_dagrun for produce_json to 2026-02-17 14:00:00+00:00, run_after=2026-02-18 14:00:00+00:00
[2026-02-18T23:06:25.841+0000] {logging_mixin.py:188} INFO - [2026-02-18T23:06:25.841+0000] {dag.py:3954} INFO - Setting next_dagrun for update_db to 2026-02-17 15:00:00+00:00, run_after=2026-02-18 15:00:00+00:00
[2026-02-18T23:06:25.862+0000] {processor.py:183} INFO - Processing /opt/airflow/dags/main.py took 0.173 seconds
[2026-02-18T23:06:56.078+0000] {processor.py:161} INFO - Started process (PID=201) to work on /opt/airflow/dags/main.py
[2026-02-18T23:06:56.080+0000] {processor.py:830} INFO - Processing file /opt/airflow/dags/main.py for tasks to queue
[2026-02-18T23:06:56.082+0000] {logging_mixin.py:188} INFO - [2026-02-18T23:06:56.082+0000] {dagbag.py:545} INFO - Filling up the DagBag from /opt/airflow/dags/main.py
[2026-02-18T23:06:56.158+0000] {processor.py:840} INFO - DAG(s) 'update_db', 'produce_json' retrieved from /opt/airflow/dags/main.py
[2026-02-18T23:06:56.195+0000] {logging_mixin.py:188} INFO - [2026-02-18T23:06:56.195+0000] {dag.py:3096} INFO - Sync 2 DAGs
[2026-02-18T23:06:56.226+0000] {logging_mixin.py:188} INFO - [2026-02-18T23:06:56.226+0000] {dag.py:3954} INFO - Setting next_dagrun for produce_json to 2026-02-17 14:00:00+00:00, run_after=2026-02-18 14:00:00+00:00
[2026-02-18T23:06:56.232+0000] {logging_mixin.py:188} INFO - [2026-02-18T23:06:56.231+0000] {dag.py:3954} INFO - Setting next_dagrun for update_db to 2026-02-17 15:00:00+00:00, run_after=2026-02-18 15:00:00+00:00
[2026-02-18T23:06:56.252+0000] {processor.py:183} INFO - Processing /opt/airflow/dags/main.py took 0.179 seconds
[2026-02-18T23:07:26.344+0000] {processor.py:161} INFO - Started process (PID=208) to work on /opt/airflow/dags/main.py
[2026-02-18T23:07:26.346+0000] {processor.py:830} INFO - Processing file /opt/airflow/dags/main.py for tasks to queue
[2026-02-18T23:07:26.353+0000] {logging_mixin.py:188} INFO - [2026-02-18T23:07:26.351+0000] {dagbag.py:545} INFO - Filling up the DagBag from /opt/airflow/dags/main.py
[2026-02-18T23:07:26.480+0000] {processor.py:840} INFO - DAG(s) 'update_db', 'produce_json' retrieved from /opt/airflow/dags/main.py
[2026-02-18T23:07:26.531+0000] {logging_mixin.py:188} INFO - [2026-02-18T23:07:26.531+0000] {dag.py:3096} INFO - Sync 2 DAGs
[2026-02-18T23:07:26.568+0000] {logging_mixin.py:188} INFO - [2026-02-18T23:07:26.567+0000] {dag.py:3954} INFO - Setting next_dagrun for produce_json to 2026-02-17 14:00:00+00:00, run_after=2026-02-18 14:00:00+00:00
[2026-02-18T23:07:26.575+0000] {logging_mixin.py:188} INFO - [2026-02-18T23:07:26.575+0000] {dag.py:3954} INFO - Setting next_dagrun for update_db to 2026-02-17 15:00:00+00:00, run_after=2026-02-18 15:00:00+00:00
[2026-02-18T23:07:26.601+0000] {processor.py:183} INFO - Processing /opt/airflow/dags/main.py took 0.269 seconds
[2026-02-18T23:07:56.683+0000] {processor.py:161} INFO - Started process (PID=215) to work on /opt/airflow/dags/main.py
[2026-02-18T23:07:56.684+0000] {processor.py:830} INFO - Processing file /opt/airflow/dags/main.py for tasks to queue
[2026-02-18T23:07:56.686+0000] {logging_mixin.py:188} INFO - [2026-02-18T23:07:56.686+0000] {dagbag.py:545} INFO - Filling up the DagBag from /opt/airflow/dags/main.py
[2026-02-18T23:07:56.772+0000] {processor.py:840} INFO - DAG(s) 'produce_json', 'update_db' retrieved from /opt/airflow/dags/main.py
[2026-02-18T23:07:56.805+0000] {logging_mixin.py:188} INFO - [2026-02-18T23:07:56.804+0000] {dag.py:3096} INFO - Sync 2 DAGs
[2026-02-18T23:07:56.827+0000] {logging_mixin.py:188} INFO - [2026-02-18T23:07:56.827+0000] {dag.py:3954} INFO - Setting next_dagrun for produce_json to 2026-02-17 14:00:00+00:00, run_after=2026-02-18 14:00:00+00:00
[2026-02-18T23:07:56.832+0000] {logging_mixin.py:188} INFO - [2026-02-18T23:07:56.832+0000] {dag.py:3954} INFO - Setting next_dagrun for update_db to 2026-02-17 15:00:00+00:00, run_after=2026-02-18 15:00:00+00:00
[2026-02-18T23:07:56.852+0000] {processor.py:183} INFO - Processing /opt/airflow/dags/main.py took 0.174 seconds
[2026-02-18T23:08:27.040+0000] {processor.py:161} INFO - Started process (PID=222) to work on /opt/airflow/dags/main.py
[2026-02-18T23:08:27.041+0000] {processor.py:830} INFO - Processing file /opt/airflow/dags/main.py for tasks to queue
[2026-02-18T23:08:27.046+0000] {logging_mixin.py:188} INFO - [2026-02-18T23:08:27.045+0000] {dagbag.py:545} INFO - Filling up the DagBag from /opt/airflow/dags/main.py
[2026-02-18T23:08:27.147+0000] {processor.py:840} INFO - DAG(s) 'update_db', 'produce_json' retrieved from /opt/airflow/dags/main.py
[2026-02-18T23:08:27.180+0000] {logging_mixin.py:188} INFO - [2026-02-18T23:08:27.180+0000] {dag.py:3096} INFO - Sync 2 DAGs
[2026-02-18T23:08:27.203+0000] {logging_mixin.py:188} INFO - [2026-02-18T23:08:27.203+0000] {dag.py:3954} INFO - Setting next_dagrun for produce_json to 2026-02-17 14:00:00+00:00, run_after=2026-02-18 14:00:00+00:00
[2026-02-18T23:08:27.208+0000] {logging_mixin.py:188} INFO - [2026-02-18T23:08:27.208+0000] {dag.py:3954} INFO - Setting next_dagrun for update_db to 2026-02-17 15:00:00+00:00, run_after=2026-02-18 15:00:00+00:00
[2026-02-18T23:08:27.230+0000] {processor.py:183} INFO - Processing /opt/airflow/dags/main.py took 0.196 seconds
[2026-02-18T23:08:57.279+0000] {processor.py:161} INFO - Started process (PID=229) to work on /opt/airflow/dags/main.py
[2026-02-18T23:08:57.281+0000] {processor.py:830} INFO - Processing file /opt/airflow/dags/main.py for tasks to queue
[2026-02-18T23:08:57.283+0000] {logging_mixin.py:188} INFO - [2026-02-18T23:08:57.283+0000] {dagbag.py:545} INFO - Filling up the DagBag from /opt/airflow/dags/main.py
[2026-02-18T23:08:57.361+0000] {processor.py:840} INFO - DAG(s) 'update_db', 'produce_json' retrieved from /opt/airflow/dags/main.py
[2026-02-18T23:08:57.397+0000] {logging_mixin.py:188} INFO - [2026-02-18T23:08:57.397+0000] {dag.py:3096} INFO - Sync 2 DAGs
[2026-02-18T23:08:57.426+0000] {logging_mixin.py:188} INFO - [2026-02-18T23:08:57.426+0000] {dag.py:3954} INFO - Setting next_dagrun for produce_json to 2026-02-17 14:00:00+00:00, run_after=2026-02-18 14:00:00+00:00
[2026-02-18T23:08:57.432+0000] {logging_mixin.py:188} INFO - [2026-02-18T23:08:57.432+0000] {dag.py:3954} INFO - Setting next_dagrun for update_db to 2026-02-17 15:00:00+00:00, run_after=2026-02-18 15:00:00+00:00
[2026-02-18T23:08:57.458+0000] {processor.py:183} INFO - Processing /opt/airflow/dags/main.py took 0.184 seconds
[2026-02-18T23:09:27.689+0000] {processor.py:161} INFO - Started process (PID=236) to work on /opt/airflow/dags/main.py
[2026-02-18T23:09:27.690+0000] {processor.py:830} INFO - Processing file /opt/airflow/dags/main.py for tasks to queue
[2026-02-18T23:09:27.694+0000] {logging_mixin.py:188} INFO - [2026-02-18T23:09:27.693+0000] {dagbag.py:545} INFO - Filling up the DagBag from /opt/airflow/dags/main.py
[2026-02-18T23:09:27.797+0000] {processor.py:840} INFO - DAG(s) 'update_db', 'produce_json' retrieved from /opt/airflow/dags/main.py
[2026-02-18T23:09:27.833+0000] {logging_mixin.py:188} INFO - [2026-02-18T23:09:27.833+0000] {dag.py:3096} INFO - Sync 2 DAGs
[2026-02-18T23:09:27.860+0000] {logging_mixin.py:188} INFO - [2026-02-18T23:09:27.860+0000] {dag.py:3954} INFO - Setting next_dagrun for produce_json to 2026-02-17 14:00:00+00:00, run_after=2026-02-18 14:00:00+00:00
[2026-02-18T23:09:27.866+0000] {logging_mixin.py:188} INFO - [2026-02-18T23:09:27.866+0000] {dag.py:3954} INFO - Setting next_dagrun for update_db to 2026-02-17 15:00:00+00:00, run_after=2026-02-18 15:00:00+00:00
[2026-02-18T23:09:27.888+0000] {processor.py:183} INFO - Processing /opt/airflow/dags/main.py took 0.206 seconds
[2026-02-18T23:09:58.083+0000] {processor.py:161} INFO - Started process (PID=243) to work on /opt/airflow/dags/main.py
[2026-02-18T23:09:58.084+0000] {processor.py:830} INFO - Processing file /opt/airflow/dags/main.py for tasks to queue
[2026-02-18T23:09:58.086+0000] {logging_mixin.py:188} INFO - [2026-02-18T23:09:58.086+0000] {dagbag.py:545} INFO - Filling up the DagBag from /opt/airflow/dags/main.py
[2026-02-18T23:09:58.162+0000] {processor.py:840} INFO - DAG(s) 'produce_json', 'update_db' retrieved from /opt/airflow/dags/main.py
[2026-02-18T23:09:58.196+0000] {logging_mixin.py:188} INFO - [2026-02-18T23:09:58.196+0000] {dag.py:3096} INFO - Sync 2 DAGs
[2026-02-18T23:09:58.219+0000] {logging_mixin.py:188} INFO - [2026-02-18T23:09:58.219+0000] {dag.py:3954} INFO - Setting next_dagrun for produce_json to 2026-02-17 14:00:00+00:00, run_after=2026-02-18 14:00:00+00:00
[2026-02-18T23:09:58.224+0000] {logging_mixin.py:188} INFO - [2026-02-18T23:09:58.224+0000] {dag.py:3954} INFO - Setting next_dagrun for update_db to 2026-02-17 15:00:00+00:00, run_after=2026-02-18 15:00:00+00:00
[2026-02-18T23:09:58.244+0000] {processor.py:183} INFO - Processing /opt/airflow/dags/main.py took 0.166 seconds
[2026-02-18T23:10:28.293+0000] {processor.py:161} INFO - Started process (PID=250) to work on /opt/airflow/dags/main.py
[2026-02-18T23:10:28.294+0000] {processor.py:830} INFO - Processing file /opt/airflow/dags/main.py for tasks to queue
[2026-02-18T23:10:28.298+0000] {logging_mixin.py:188} INFO - [2026-02-18T23:10:28.298+0000] {dagbag.py:545} INFO - Filling up the DagBag from /opt/airflow/dags/main.py
[2026-02-18T23:10:28.400+0000] {processor.py:840} INFO - DAG(s) 'produce_json', 'update_db' retrieved from /opt/airflow/dags/main.py
[2026-02-18T23:10:28.463+0000] {logging_mixin.py:188} INFO - [2026-02-18T23:10:28.463+0000] {dag.py:3096} INFO - Sync 2 DAGs
[2026-02-18T23:10:28.495+0000] {logging_mixin.py:188} INFO - [2026-02-18T23:10:28.495+0000] {dag.py:3954} INFO - Setting next_dagrun for produce_json to 2026-02-17 14:00:00+00:00, run_after=2026-02-18 14:00:00+00:00
[2026-02-18T23:10:28.502+0000] {logging_mixin.py:188} INFO - [2026-02-18T23:10:28.502+0000] {dag.py:3954} INFO - Setting next_dagrun for update_db to 2026-02-17 15:00:00+00:00, run_after=2026-02-18 15:00:00+00:00
[2026-02-18T23:10:28.529+0000] {processor.py:183} INFO - Processing /opt/airflow/dags/main.py took 0.245 seconds
[2026-02-18T23:10:58.628+0000] {processor.py:161} INFO - Started process (PID=265) to work on /opt/airflow/dags/main.py
[2026-02-18T23:10:58.629+0000] {processor.py:830} INFO - Processing file /opt/airflow/dags/main.py for tasks to queue
[2026-02-18T23:10:58.634+0000] {logging_mixin.py:188} INFO - [2026-02-18T23:10:58.631+0000] {dagbag.py:545} INFO - Filling up the DagBag from /opt/airflow/dags/main.py
[2026-02-18T23:10:58.739+0000] {processor.py:840} INFO - DAG(s) 'update_db', 'produce_json' retrieved from /opt/airflow/dags/main.py
[2026-02-18T23:10:58.776+0000] {logging_mixin.py:188} INFO - [2026-02-18T23:10:58.775+0000] {dag.py:3096} INFO - Sync 2 DAGs
[2026-02-18T23:10:58.809+0000] {logging_mixin.py:188} INFO - [2026-02-18T23:10:58.809+0000] {dag.py:3954} INFO - Setting next_dagrun for produce_json to 2026-02-18 14:00:00+00:00, run_after=2026-02-19 14:00:00+00:00
[2026-02-18T23:10:58.815+0000] {logging_mixin.py:188} INFO - [2026-02-18T23:10:58.815+0000] {dag.py:3954} INFO - Setting next_dagrun for update_db to 2026-02-17 15:00:00+00:00, run_after=2026-02-18 15:00:00+00:00
[2026-02-18T23:10:58.839+0000] {processor.py:183} INFO - Processing /opt/airflow/dags/main.py took 0.218 seconds
[2026-02-18T23:11:28.963+0000] {processor.py:161} INFO - Started process (PID=276) to work on /opt/airflow/dags/main.py
[2026-02-18T23:11:28.964+0000] {processor.py:830} INFO - Processing file /opt/airflow/dags/main.py for tasks to queue
[2026-02-18T23:11:28.966+0000] {logging_mixin.py:188} INFO - [2026-02-18T23:11:28.966+0000] {dagbag.py:545} INFO - Filling up the DagBag from /opt/airflow/dags/main.py
[2026-02-18T23:11:29.044+0000] {processor.py:840} INFO - DAG(s) 'produce_json', 'update_db' retrieved from /opt/airflow/dags/main.py
[2026-02-18T23:11:29.073+0000] {logging_mixin.py:188} INFO - [2026-02-18T23:11:29.072+0000] {dag.py:3096} INFO - Sync 2 DAGs
[2026-02-18T23:11:29.093+0000] {logging_mixin.py:188} INFO - [2026-02-18T23:11:29.093+0000] {dag.py:3954} INFO - Setting next_dagrun for produce_json to 2026-02-18 14:00:00+00:00, run_after=2026-02-19 14:00:00+00:00
[2026-02-18T23:11:29.098+0000] {logging_mixin.py:188} INFO - [2026-02-18T23:11:29.098+0000] {dag.py:3954} INFO - Setting next_dagrun for update_db to 2026-02-17 15:00:00+00:00, run_after=2026-02-18 15:00:00+00:00
[2026-02-18T23:11:29.117+0000] {processor.py:183} INFO - Processing /opt/airflow/dags/main.py took 0.160 seconds
[2026-02-18T23:11:59.397+0000] {processor.py:161} INFO - Started process (PID=283) to work on /opt/airflow/dags/main.py
[2026-02-18T23:11:59.399+0000] {processor.py:830} INFO - Processing file /opt/airflow/dags/main.py for tasks to queue
[2026-02-18T23:11:59.401+0000] {logging_mixin.py:188} INFO - [2026-02-18T23:11:59.401+0000] {dagbag.py:545} INFO - Filling up the DagBag from /opt/airflow/dags/main.py
[2026-02-18T23:11:59.492+0000] {processor.py:840} INFO - DAG(s) 'produce_json', 'update_db' retrieved from /opt/airflow/dags/main.py
[2026-02-18T23:11:59.525+0000] {logging_mixin.py:188} INFO - [2026-02-18T23:11:59.524+0000] {dag.py:3096} INFO - Sync 2 DAGs
[2026-02-18T23:11:59.552+0000] {logging_mixin.py:188} INFO - [2026-02-18T23:11:59.552+0000] {dag.py:3954} INFO - Setting next_dagrun for produce_json to 2026-02-18 14:00:00+00:00, run_after=2026-02-19 14:00:00+00:00
[2026-02-18T23:11:59.557+0000] {logging_mixin.py:188} INFO - [2026-02-18T23:11:59.557+0000] {dag.py:3954} INFO - Setting next_dagrun for update_db to 2026-02-17 15:00:00+00:00, run_after=2026-02-18 15:00:00+00:00
[2026-02-18T23:11:59.579+0000] {processor.py:183} INFO - Processing /opt/airflow/dags/main.py took 0.188 seconds
[2026-02-18T23:12:29.611+0000] {processor.py:161} INFO - Started process (PID=290) to work on /opt/airflow/dags/main.py
[2026-02-18T23:12:29.612+0000] {processor.py:830} INFO - Processing file /opt/airflow/dags/main.py for tasks to queue
[2026-02-18T23:12:29.614+0000] {logging_mixin.py:188} INFO - [2026-02-18T23:12:29.614+0000] {dagbag.py:545} INFO - Filling up the DagBag from /opt/airflow/dags/main.py
[2026-02-18T23:12:29.698+0000] {processor.py:840} INFO - DAG(s) 'update_db', 'produce_json' retrieved from /opt/airflow/dags/main.py
[2026-02-18T23:12:29.731+0000] {logging_mixin.py:188} INFO - [2026-02-18T23:12:29.730+0000] {dag.py:3096} INFO - Sync 2 DAGs
[2026-02-18T23:12:29.754+0000] {logging_mixin.py:188} INFO - [2026-02-18T23:12:29.754+0000] {dag.py:3954} INFO - Setting next_dagrun for produce_json to 2026-02-18 14:00:00+00:00, run_after=2026-02-19 14:00:00+00:00
[2026-02-18T23:12:29.759+0000] {logging_mixin.py:188} INFO - [2026-02-18T23:12:29.759+0000] {dag.py:3954} INFO - Setting next_dagrun for update_db to 2026-02-17 15:00:00+00:00, run_after=2026-02-18 15:00:00+00:00
[2026-02-18T23:12:29.780+0000] {processor.py:183} INFO - Processing /opt/airflow/dags/main.py took 0.174 seconds
[2026-02-18T23:12:59.953+0000] {processor.py:161} INFO - Started process (PID=297) to work on /opt/airflow/dags/main.py
[2026-02-18T23:12:59.954+0000] {processor.py:830} INFO - Processing file /opt/airflow/dags/main.py for tasks to queue
[2026-02-18T23:12:59.956+0000] {logging_mixin.py:188} INFO - [2026-02-18T23:12:59.956+0000] {dagbag.py:545} INFO - Filling up the DagBag from /opt/airflow/dags/main.py
[2026-02-18T23:13:00.043+0000] {processor.py:840} INFO - DAG(s) 'update_db', 'produce_json' retrieved from /opt/airflow/dags/main.py
[2026-02-18T23:13:00.080+0000] {logging_mixin.py:188} INFO - [2026-02-18T23:13:00.079+0000] {dag.py:3096} INFO - Sync 2 DAGs
[2026-02-18T23:13:00.105+0000] {logging_mixin.py:188} INFO - [2026-02-18T23:13:00.104+0000] {dag.py:3954} INFO - Setting next_dagrun for produce_json to 2026-02-18 14:00:00+00:00, run_after=2026-02-19 14:00:00+00:00
[2026-02-18T23:13:00.110+0000] {logging_mixin.py:188} INFO - [2026-02-18T23:13:00.110+0000] {dag.py:3954} INFO - Setting next_dagrun for update_db to 2026-02-17 15:00:00+00:00, run_after=2026-02-18 15:00:00+00:00
[2026-02-18T23:13:00.134+0000] {processor.py:183} INFO - Processing /opt/airflow/dags/main.py took 0.186 seconds
[2026-02-18T23:13:30.208+0000] {processor.py:161} INFO - Started process (PID=304) to work on /opt/airflow/dags/main.py
[2026-02-18T23:13:30.209+0000] {processor.py:830} INFO - Processing file /opt/airflow/dags/main.py for tasks to queue
[2026-02-18T23:13:30.211+0000] {logging_mixin.py:188} INFO - [2026-02-18T23:13:30.211+0000] {dagbag.py:545} INFO - Filling up the DagBag from /opt/airflow/dags/main.py
[2026-02-18T23:13:30.288+0000] {processor.py:840} INFO - DAG(s) 'produce_json', 'update_db' retrieved from /opt/airflow/dags/main.py
[2026-02-18T23:13:30.319+0000] {logging_mixin.py:188} INFO - [2026-02-18T23:13:30.319+0000] {dag.py:3096} INFO - Sync 2 DAGs
[2026-02-18T23:13:30.341+0000] {logging_mixin.py:188} INFO - [2026-02-18T23:13:30.341+0000] {dag.py:3954} INFO - Setting next_dagrun for produce_json to 2026-02-18 14:00:00+00:00, run_after=2026-02-19 14:00:00+00:00
[2026-02-18T23:13:30.346+0000] {logging_mixin.py:188} INFO - [2026-02-18T23:13:30.346+0000] {dag.py:3954} INFO - Setting next_dagrun for update_db to 2026-02-17 15:00:00+00:00, run_after=2026-02-18 15:00:00+00:00
[2026-02-18T23:13:30.366+0000] {processor.py:183} INFO - Processing /opt/airflow/dags/main.py took 0.163 seconds
[2026-02-18T23:14:00.599+0000] {processor.py:161} INFO - Started process (PID=311) to work on /opt/airflow/dags/main.py
[2026-02-18T23:14:00.600+0000] {processor.py:830} INFO - Processing file /opt/airflow/dags/main.py for tasks to queue
[2026-02-18T23:14:00.602+0000] {logging_mixin.py:188} INFO - [2026-02-18T23:14:00.602+0000] {dagbag.py:545} INFO - Filling up the DagBag from /opt/airflow/dags/main.py
[2026-02-18T23:14:00.676+0000] {processor.py:840} INFO - DAG(s) 'update_db', 'produce_json' retrieved from /opt/airflow/dags/main.py
[2026-02-18T23:14:00.708+0000] {logging_mixin.py:188} INFO - [2026-02-18T23:14:00.708+0000] {dag.py:3096} INFO - Sync 2 DAGs
[2026-02-18T23:14:00.730+0000] {logging_mixin.py:188} INFO - [2026-02-18T23:14:00.729+0000] {dag.py:3954} INFO - Setting next_dagrun for produce_json to 2026-02-18 14:00:00+00:00, run_after=2026-02-19 14:00:00+00:00
[2026-02-18T23:14:00.734+0000] {logging_mixin.py:188} INFO - [2026-02-18T23:14:00.734+0000] {dag.py:3954} INFO - Setting next_dagrun for update_db to 2026-02-17 15:00:00+00:00, run_after=2026-02-18 15:00:00+00:00
[2026-02-18T23:14:00.768+0000] {processor.py:183} INFO - Processing /opt/airflow/dags/main.py took 0.174 seconds
[2026-02-18T23:14:30.892+0000] {processor.py:161} INFO - Started process (PID=318) to work on /opt/airflow/dags/main.py
[2026-02-18T23:14:30.893+0000] {processor.py:830} INFO - Processing file /opt/airflow/dags/main.py for tasks to queue
[2026-02-18T23:14:30.895+0000] {logging_mixin.py:188} INFO - [2026-02-18T23:14:30.895+0000] {dagbag.py:545} INFO - Filling up the DagBag from /opt/airflow/dags/main.py
[2026-02-18T23:14:30.968+0000] {processor.py:840} INFO - DAG(s) 'update_db', 'produce_json' retrieved from /opt/airflow/dags/main.py
[2026-02-18T23:14:31.001+0000] {logging_mixin.py:188} INFO - [2026-02-18T23:14:31.001+0000] {dag.py:3096} INFO - Sync 2 DAGs
[2026-02-18T23:14:31.025+0000] {logging_mixin.py:188} INFO - [2026-02-18T23:14:31.025+0000] {dag.py:3954} INFO - Setting next_dagrun for produce_json to 2026-02-18 14:00:00+00:00, run_after=2026-02-19 14:00:00+00:00
[2026-02-18T23:14:31.030+0000] {logging_mixin.py:188} INFO - [2026-02-18T23:14:31.030+0000] {dag.py:3954} INFO - Setting next_dagrun for update_db to 2026-02-17 15:00:00+00:00, run_after=2026-02-18 15:00:00+00:00
[2026-02-18T23:14:31.050+0000] {processor.py:183} INFO - Processing /opt/airflow/dags/main.py took 0.164 seconds
[2026-02-18T23:15:01.288+0000] {processor.py:161} INFO - Started process (PID=325) to work on /opt/airflow/dags/main.py
[2026-02-18T23:15:01.289+0000] {processor.py:830} INFO - Processing file /opt/airflow/dags/main.py for tasks to queue
[2026-02-18T23:15:01.291+0000] {logging_mixin.py:188} INFO - [2026-02-18T23:15:01.290+0000] {dagbag.py:545} INFO - Filling up the DagBag from /opt/airflow/dags/main.py
[2026-02-18T23:15:01.355+0000] {processor.py:840} INFO - DAG(s) 'update_db', 'produce_json' retrieved from /opt/airflow/dags/main.py
[2026-02-18T23:15:01.386+0000] {logging_mixin.py:188} INFO - [2026-02-18T23:15:01.386+0000] {dag.py:3096} INFO - Sync 2 DAGs
[2026-02-18T23:15:01.409+0000] {logging_mixin.py:188} INFO - [2026-02-18T23:15:01.409+0000] {dag.py:3954} INFO - Setting next_dagrun for produce_json to 2026-02-18 14:00:00+00:00, run_after=2026-02-19 14:00:00+00:00
[2026-02-18T23:15:01.416+0000] {logging_mixin.py:188} INFO - [2026-02-18T23:15:01.415+0000] {dag.py:3954} INFO - Setting next_dagrun for update_db to 2026-02-17 15:00:00+00:00, run_after=2026-02-18 15:00:00+00:00
[2026-02-18T23:15:01.446+0000] {processor.py:183} INFO - Processing /opt/airflow/dags/main.py took 0.164 seconds
[2026-02-18T23:15:31.547+0000] {processor.py:161} INFO - Started process (PID=332) to work on /opt/airflow/dags/main.py
[2026-02-18T23:15:31.548+0000] {processor.py:830} INFO - Processing file /opt/airflow/dags/main.py for tasks to queue
[2026-02-18T23:15:31.549+0000] {logging_mixin.py:188} INFO - [2026-02-18T23:15:31.549+0000] {dagbag.py:545} INFO - Filling up the DagBag from /opt/airflow/dags/main.py
[2026-02-18T23:15:31.627+0000] {processor.py:840} INFO - DAG(s) 'update_db', 'produce_json' retrieved from /opt/airflow/dags/main.py
[2026-02-18T23:15:31.658+0000] {logging_mixin.py:188} INFO - [2026-02-18T23:15:31.658+0000] {dag.py:3096} INFO - Sync 2 DAGs
[2026-02-18T23:15:31.687+0000] {logging_mixin.py:188} INFO - [2026-02-18T23:15:31.687+0000] {dag.py:3954} INFO - Setting next_dagrun for produce_json to 2026-02-18 14:00:00+00:00, run_after=2026-02-19 14:00:00+00:00
[2026-02-18T23:15:31.692+0000] {logging_mixin.py:188} INFO - [2026-02-18T23:15:31.692+0000] {dag.py:3954} INFO - Setting next_dagrun for update_db to 2026-02-17 15:00:00+00:00, run_after=2026-02-18 15:00:00+00:00
[2026-02-18T23:15:31.711+0000] {processor.py:183} INFO - Processing /opt/airflow/dags/main.py took 0.170 seconds
[2026-02-18T23:16:01.967+0000] {processor.py:161} INFO - Started process (PID=339) to work on /opt/airflow/dags/main.py
[2026-02-18T23:16:01.968+0000] {processor.py:830} INFO - Processing file /opt/airflow/dags/main.py for tasks to queue
[2026-02-18T23:16:01.970+0000] {logging_mixin.py:188} INFO - [2026-02-18T23:16:01.970+0000] {dagbag.py:545} INFO - Filling up the DagBag from /opt/airflow/dags/main.py
[2026-02-18T23:16:02.056+0000] {processor.py:840} INFO - DAG(s) 'produce_json', 'update_db' retrieved from /opt/airflow/dags/main.py
[2026-02-18T23:16:02.092+0000] {logging_mixin.py:188} INFO - [2026-02-18T23:16:02.092+0000] {dag.py:3096} INFO - Sync 2 DAGs
[2026-02-18T23:16:02.114+0000] {logging_mixin.py:188} INFO - [2026-02-18T23:16:02.114+0000] {dag.py:3954} INFO - Setting next_dagrun for produce_json to 2026-02-18 14:00:00+00:00, run_after=2026-02-19 14:00:00+00:00
[2026-02-18T23:16:02.120+0000] {logging_mixin.py:188} INFO - [2026-02-18T23:16:02.119+0000] {dag.py:3954} INFO - Setting next_dagrun for update_db to 2026-02-17 15:00:00+00:00, run_after=2026-02-18 15:00:00+00:00
[2026-02-18T23:16:02.150+0000] {processor.py:183} INFO - Processing /opt/airflow/dags/main.py took 0.190 seconds
[2026-02-18T23:16:32.229+0000] {processor.py:161} INFO - Started process (PID=346) to work on /opt/airflow/dags/main.py
[2026-02-18T23:16:32.230+0000] {processor.py:830} INFO - Processing file /opt/airflow/dags/main.py for tasks to queue
[2026-02-18T23:16:32.232+0000] {logging_mixin.py:188} INFO - [2026-02-18T23:16:32.232+0000] {dagbag.py:545} INFO - Filling up the DagBag from /opt/airflow/dags/main.py
[2026-02-18T23:16:32.320+0000] {processor.py:840} INFO - DAG(s) 'update_db', 'produce_json' retrieved from /opt/airflow/dags/main.py
[2026-02-18T23:16:32.363+0000] {logging_mixin.py:188} INFO - [2026-02-18T23:16:32.363+0000] {dag.py:3096} INFO - Sync 2 DAGs
[2026-02-18T23:16:32.391+0000] {logging_mixin.py:188} INFO - [2026-02-18T23:16:32.391+0000] {dag.py:3954} INFO - Setting next_dagrun for produce_json to 2026-02-18 14:00:00+00:00, run_after=2026-02-19 14:00:00+00:00
[2026-02-18T23:16:32.397+0000] {logging_mixin.py:188} INFO - [2026-02-18T23:16:32.396+0000] {dag.py:3954} INFO - Setting next_dagrun for update_db to 2026-02-17 15:00:00+00:00, run_after=2026-02-18 15:00:00+00:00
[2026-02-18T23:16:32.424+0000] {processor.py:183} INFO - Processing /opt/airflow/dags/main.py took 0.201 seconds
[2026-02-18T23:17:02.766+0000] {processor.py:161} INFO - Started process (PID=353) to work on /opt/airflow/dags/main.py
[2026-02-18T23:17:02.767+0000] {processor.py:830} INFO - Processing file /opt/airflow/dags/main.py for tasks to queue
[2026-02-18T23:17:02.769+0000] {logging_mixin.py:188} INFO - [2026-02-18T23:17:02.769+0000] {dagbag.py:545} INFO - Filling up the DagBag from /opt/airflow/dags/main.py
[2026-02-18T23:17:02.858+0000] {processor.py:840} INFO - DAG(s) 'update_db', 'produce_json' retrieved from /opt/airflow/dags/main.py
[2026-02-18T23:17:02.890+0000] {logging_mixin.py:188} INFO - [2026-02-18T23:17:02.890+0000] {dag.py:3096} INFO - Sync 2 DAGs
[2026-02-18T23:17:02.944+0000] {logging_mixin.py:188} INFO - [2026-02-18T23:17:02.943+0000] {dag.py:3954} INFO - Setting next_dagrun for produce_json to 2026-02-18 14:00:00+00:00, run_after=2026-02-19 14:00:00+00:00
[2026-02-18T23:17:02.948+0000] {logging_mixin.py:188} INFO - [2026-02-18T23:17:02.948+0000] {dag.py:3954} INFO - Setting next_dagrun for update_db to 2026-02-17 15:00:00+00:00, run_after=2026-02-18 15:00:00+00:00
[2026-02-18T23:17:02.968+0000] {processor.py:183} INFO - Processing /opt/airflow/dags/main.py took 0.207 seconds
[2026-02-18T23:17:33.046+0000] {processor.py:161} INFO - Started process (PID=360) to work on /opt/airflow/dags/main.py
[2026-02-18T23:17:33.047+0000] {processor.py:830} INFO - Processing file /opt/airflow/dags/main.py for tasks to queue
[2026-02-18T23:17:33.049+0000] {logging_mixin.py:188} INFO - [2026-02-18T23:17:33.049+0000] {dagbag.py:545} INFO - Filling up the DagBag from /opt/airflow/dags/main.py
[2026-02-18T23:17:33.119+0000] {processor.py:840} INFO - DAG(s) 'update_db', 'produce_json' retrieved from /opt/airflow/dags/main.py
[2026-02-18T23:17:33.152+0000] {logging_mixin.py:188} INFO - [2026-02-18T23:17:33.151+0000] {dag.py:3096} INFO - Sync 2 DAGs
[2026-02-18T23:17:33.178+0000] {logging_mixin.py:188} INFO - [2026-02-18T23:17:33.178+0000] {dag.py:3954} INFO - Setting next_dagrun for produce_json to 2026-02-18 14:00:00+00:00, run_after=2026-02-19 14:00:00+00:00
[2026-02-18T23:17:33.184+0000] {logging_mixin.py:188} INFO - [2026-02-18T23:17:33.184+0000] {dag.py:3954} INFO - Setting next_dagrun for update_db to 2026-02-17 15:00:00+00:00, run_after=2026-02-18 15:00:00+00:00
[2026-02-18T23:17:33.204+0000] {processor.py:183} INFO - Processing /opt/airflow/dags/main.py took 0.165 seconds
[2026-02-18T23:18:03.466+0000] {processor.py:161} INFO - Started process (PID=367) to work on /opt/airflow/dags/main.py
[2026-02-18T23:18:03.467+0000] {processor.py:830} INFO - Processing file /opt/airflow/dags/main.py for tasks to queue
[2026-02-18T23:18:03.469+0000] {logging_mixin.py:188} INFO - [2026-02-18T23:18:03.469+0000] {dagbag.py:545} INFO - Filling up the DagBag from /opt/airflow/dags/main.py
[2026-02-18T23:18:03.565+0000] {processor.py:840} INFO - DAG(s) 'update_db', 'produce_json' retrieved from /opt/airflow/dags/main.py
[2026-02-18T23:18:03.602+0000] {logging_mixin.py:188} INFO - [2026-02-18T23:18:03.602+0000] {dag.py:3096} INFO - Sync 2 DAGs
[2026-02-18T23:18:03.629+0000] {logging_mixin.py:188} INFO - [2026-02-18T23:18:03.629+0000] {dag.py:3954} INFO - Setting next_dagrun for produce_json to 2026-02-18 14:00:00+00:00, run_after=2026-02-19 14:00:00+00:00
[2026-02-18T23:18:03.636+0000] {logging_mixin.py:188} INFO - [2026-02-18T23:18:03.635+0000] {dag.py:3954} INFO - Setting next_dagrun for update_db to 2026-02-17 15:00:00+00:00, run_after=2026-02-18 15:00:00+00:00
[2026-02-18T23:18:03.659+0000] {processor.py:183} INFO - Processing /opt/airflow/dags/main.py took 0.198 seconds
[2026-02-18T23:18:33.903+0000] {processor.py:161} INFO - Started process (PID=374) to work on /opt/airflow/dags/main.py
[2026-02-18T23:18:33.905+0000] {processor.py:830} INFO - Processing file /opt/airflow/dags/main.py for tasks to queue
[2026-02-18T23:18:33.910+0000] {logging_mixin.py:188} INFO - [2026-02-18T23:18:33.910+0000] {dagbag.py:545} INFO - Filling up the DagBag from /opt/airflow/dags/main.py
[2026-02-18T23:18:34.040+0000] {processor.py:840} INFO - DAG(s) 'update_db', 'produce_json' retrieved from /opt/airflow/dags/main.py
[2026-02-18T23:18:34.076+0000] {logging_mixin.py:188} INFO - [2026-02-18T23:18:34.076+0000] {dag.py:3096} INFO - Sync 2 DAGs
[2026-02-18T23:18:34.102+0000] {logging_mixin.py:188} INFO - [2026-02-18T23:18:34.102+0000] {dag.py:3954} INFO - Setting next_dagrun for produce_json to 2026-02-18 14:00:00+00:00, run_after=2026-02-19 14:00:00+00:00
[2026-02-18T23:18:34.108+0000] {logging_mixin.py:188} INFO - [2026-02-18T23:18:34.108+0000] {dag.py:3954} INFO - Setting next_dagrun for update_db to 2026-02-17 15:00:00+00:00, run_after=2026-02-18 15:00:00+00:00
[2026-02-18T23:18:34.128+0000] {processor.py:183} INFO - Processing /opt/airflow/dags/main.py took 0.235 seconds
[2026-02-18T23:19:04.309+0000] {processor.py:161} INFO - Started process (PID=381) to work on /opt/airflow/dags/main.py
[2026-02-18T23:19:04.310+0000] {processor.py:830} INFO - Processing file /opt/airflow/dags/main.py for tasks to queue
[2026-02-18T23:19:04.312+0000] {logging_mixin.py:188} INFO - [2026-02-18T23:19:04.312+0000] {dagbag.py:545} INFO - Filling up the DagBag from /opt/airflow/dags/main.py
[2026-02-18T23:19:04.395+0000] {processor.py:840} INFO - DAG(s) 'produce_json', 'update_db' retrieved from /opt/airflow/dags/main.py
[2026-02-18T23:19:04.426+0000] {logging_mixin.py:188} INFO - [2026-02-18T23:19:04.426+0000] {dag.py:3096} INFO - Sync 2 DAGs
[2026-02-18T23:19:04.451+0000] {logging_mixin.py:188} INFO - [2026-02-18T23:19:04.451+0000] {dag.py:3954} INFO - Setting next_dagrun for produce_json to 2026-02-18 14:00:00+00:00, run_after=2026-02-19 14:00:00+00:00
[2026-02-18T23:19:04.455+0000] {logging_mixin.py:188} INFO - [2026-02-18T23:19:04.455+0000] {dag.py:3954} INFO - Setting next_dagrun for update_db to 2026-02-17 15:00:00+00:00, run_after=2026-02-18 15:00:00+00:00
[2026-02-18T23:19:04.472+0000] {processor.py:183} INFO - Processing /opt/airflow/dags/main.py took 0.169 seconds
[2026-02-18T23:19:34.552+0000] {processor.py:161} INFO - Started process (PID=388) to work on /opt/airflow/dags/main.py
[2026-02-18T23:19:34.553+0000] {processor.py:830} INFO - Processing file /opt/airflow/dags/main.py for tasks to queue
[2026-02-18T23:19:34.556+0000] {logging_mixin.py:188} INFO - [2026-02-18T23:19:34.555+0000] {dagbag.py:545} INFO - Filling up the DagBag from /opt/airflow/dags/main.py
[2026-02-18T23:19:34.654+0000] {processor.py:840} INFO - DAG(s) 'produce_json', 'update_db' retrieved from /opt/airflow/dags/main.py
[2026-02-18T23:19:34.685+0000] {logging_mixin.py:188} INFO - [2026-02-18T23:19:34.685+0000] {dag.py:3096} INFO - Sync 2 DAGs
[2026-02-18T23:19:34.706+0000] {logging_mixin.py:188} INFO - [2026-02-18T23:19:34.706+0000] {dag.py:3954} INFO - Setting next_dagrun for produce_json to 2026-02-18 14:00:00+00:00, run_after=2026-02-19 14:00:00+00:00
[2026-02-18T23:19:34.711+0000] {logging_mixin.py:188} INFO - [2026-02-18T23:19:34.711+0000] {dag.py:3954} INFO - Setting next_dagrun for update_db to 2026-02-17 15:00:00+00:00, run_after=2026-02-18 15:00:00+00:00
[2026-02-18T23:19:34.730+0000] {processor.py:183} INFO - Processing /opt/airflow/dags/main.py took 0.184 seconds
[2026-02-18T23:20:04.949+0000] {processor.py:161} INFO - Started process (PID=395) to work on /opt/airflow/dags/main.py
[2026-02-18T23:20:04.950+0000] {processor.py:830} INFO - Processing file /opt/airflow/dags/main.py for tasks to queue
[2026-02-18T23:20:04.953+0000] {logging_mixin.py:188} INFO - [2026-02-18T23:20:04.952+0000] {dagbag.py:545} INFO - Filling up the DagBag from /opt/airflow/dags/main.py
[2026-02-18T23:20:05.030+0000] {processor.py:840} INFO - DAG(s) 'produce_json', 'update_db' retrieved from /opt/airflow/dags/main.py
[2026-02-18T23:20:05.062+0000] {logging_mixin.py:188} INFO - [2026-02-18T23:20:05.061+0000] {dag.py:3096} INFO - Sync 2 DAGs
[2026-02-18T23:20:05.085+0000] {logging_mixin.py:188} INFO - [2026-02-18T23:20:05.085+0000] {dag.py:3954} INFO - Setting next_dagrun for produce_json to 2026-02-18 14:00:00+00:00, run_after=2026-02-19 14:00:00+00:00
[2026-02-18T23:20:05.091+0000] {logging_mixin.py:188} INFO - [2026-02-18T23:20:05.090+0000] {dag.py:3954} INFO - Setting next_dagrun for update_db to 2026-02-17 15:00:00+00:00, run_after=2026-02-18 15:00:00+00:00
[2026-02-18T23:20:05.116+0000] {processor.py:183} INFO - Processing /opt/airflow/dags/main.py took 0.172 seconds
[2026-02-18T23:20:35.179+0000] {processor.py:161} INFO - Started process (PID=403) to work on /opt/airflow/dags/main.py
[2026-02-18T23:20:35.181+0000] {processor.py:830} INFO - Processing file /opt/airflow/dags/main.py for tasks to queue
[2026-02-18T23:20:35.186+0000] {logging_mixin.py:188} INFO - [2026-02-18T23:20:35.185+0000] {dagbag.py:545} INFO - Filling up the DagBag from /opt/airflow/dags/main.py
[2026-02-18T23:20:35.332+0000] {processor.py:840} INFO - DAG(s) 'produce_json', 'update_db' retrieved from /opt/airflow/dags/main.py
[2026-02-18T23:20:35.419+0000] {logging_mixin.py:188} INFO - [2026-02-18T23:20:35.418+0000] {dag.py:3096} INFO - Sync 2 DAGs
[2026-02-18T23:20:35.458+0000] {logging_mixin.py:188} INFO - [2026-02-18T23:20:35.458+0000] {dag.py:3954} INFO - Setting next_dagrun for produce_json to 2026-02-18 14:00:00+00:00, run_after=2026-02-19 14:00:00+00:00
[2026-02-18T23:20:35.467+0000] {logging_mixin.py:188} INFO - [2026-02-18T23:20:35.467+0000] {dag.py:3954} INFO - Setting next_dagrun for update_db to 2026-02-17 15:00:00+00:00, run_after=2026-02-18 15:00:00+00:00
[2026-02-18T23:20:35.494+0000] {processor.py:183} INFO - Processing /opt/airflow/dags/main.py took 0.327 seconds
[2026-02-18T23:21:05.623+0000] {processor.py:161} INFO - Started process (PID=410) to work on /opt/airflow/dags/main.py
[2026-02-18T23:21:05.625+0000] {processor.py:830} INFO - Processing file /opt/airflow/dags/main.py for tasks to queue
[2026-02-18T23:21:05.628+0000] {logging_mixin.py:188} INFO - [2026-02-18T23:21:05.627+0000] {dagbag.py:545} INFO - Filling up the DagBag from /opt/airflow/dags/main.py
[2026-02-18T23:21:05.714+0000] {processor.py:840} INFO - DAG(s) 'update_db', 'produce_json' retrieved from /opt/airflow/dags/main.py
[2026-02-18T23:21:05.748+0000] {logging_mixin.py:188} INFO - [2026-02-18T23:21:05.748+0000] {dag.py:3096} INFO - Sync 2 DAGs
[2026-02-18T23:21:05.771+0000] {logging_mixin.py:188} INFO - [2026-02-18T23:21:05.771+0000] {dag.py:3954} INFO - Setting next_dagrun for produce_json to 2026-02-18 14:00:00+00:00, run_after=2026-02-19 14:00:00+00:00
[2026-02-18T23:21:05.776+0000] {logging_mixin.py:188} INFO - [2026-02-18T23:21:05.776+0000] {dag.py:3954} INFO - Setting next_dagrun for update_db to 2026-02-17 15:00:00+00:00, run_after=2026-02-18 15:00:00+00:00
[2026-02-18T23:21:05.808+0000] {processor.py:183} INFO - Processing /opt/airflow/dags/main.py took 0.191 seconds
[2026-02-18T23:21:35.978+0000] {processor.py:161} INFO - Started process (PID=417) to work on /opt/airflow/dags/main.py
[2026-02-18T23:21:35.979+0000] {processor.py:830} INFO - Processing file /opt/airflow/dags/main.py for tasks to queue
[2026-02-18T23:21:35.982+0000] {logging_mixin.py:188} INFO - [2026-02-18T23:21:35.982+0000] {dagbag.py:545} INFO - Filling up the DagBag from /opt/airflow/dags/main.py
[2026-02-18T23:21:36.060+0000] {processor.py:840} INFO - DAG(s) 'produce_json', 'update_db' retrieved from /opt/airflow/dags/main.py
[2026-02-18T23:21:36.091+0000] {logging_mixin.py:188} INFO - [2026-02-18T23:21:36.091+0000] {dag.py:3096} INFO - Sync 2 DAGs
[2026-02-18T23:21:36.114+0000] {logging_mixin.py:188} INFO - [2026-02-18T23:21:36.113+0000] {dag.py:3954} INFO - Setting next_dagrun for produce_json to 2026-02-18 14:00:00+00:00, run_after=2026-02-19 14:00:00+00:00
[2026-02-18T23:21:36.118+0000] {logging_mixin.py:188} INFO - [2026-02-18T23:21:36.118+0000] {dag.py:3954} INFO - Setting next_dagrun for update_db to 2026-02-17 15:00:00+00:00, run_after=2026-02-18 15:00:00+00:00
[2026-02-18T23:21:36.137+0000] {processor.py:183} INFO - Processing /opt/airflow/dags/main.py took 0.166 seconds
[2026-02-18T23:22:06.408+0000] {processor.py:161} INFO - Started process (PID=424) to work on /opt/airflow/dags/main.py
[2026-02-18T23:22:06.409+0000] {processor.py:830} INFO - Processing file /opt/airflow/dags/main.py for tasks to queue
[2026-02-18T23:22:06.416+0000] {logging_mixin.py:188} INFO - [2026-02-18T23:22:06.416+0000] {dagbag.py:545} INFO - Filling up the DagBag from /opt/airflow/dags/main.py
[2026-02-18T23:22:06.520+0000] {processor.py:840} INFO - DAG(s) 'update_db', 'produce_json' retrieved from /opt/airflow/dags/main.py
[2026-02-18T23:22:06.560+0000] {logging_mixin.py:188} INFO - [2026-02-18T23:22:06.560+0000] {dag.py:3096} INFO - Sync 2 DAGs
[2026-02-18T23:22:06.592+0000] {logging_mixin.py:188} INFO - [2026-02-18T23:22:06.592+0000] {dag.py:3954} INFO - Setting next_dagrun for produce_json to 2026-02-18 14:00:00+00:00, run_after=2026-02-19 14:00:00+00:00
[2026-02-18T23:22:06.598+0000] {logging_mixin.py:188} INFO - [2026-02-18T23:22:06.598+0000] {dag.py:3954} INFO - Setting next_dagrun for update_db to 2026-02-17 15:00:00+00:00, run_after=2026-02-18 15:00:00+00:00
[2026-02-18T23:22:06.621+0000] {processor.py:183} INFO - Processing /opt/airflow/dags/main.py took 0.220 seconds
[2026-02-18T23:22:36.684+0000] {processor.py:161} INFO - Started process (PID=431) to work on /opt/airflow/dags/main.py
[2026-02-18T23:22:36.685+0000] {processor.py:830} INFO - Processing file /opt/airflow/dags/main.py for tasks to queue
[2026-02-18T23:22:36.688+0000] {logging_mixin.py:188} INFO - [2026-02-18T23:22:36.687+0000] {dagbag.py:545} INFO - Filling up the DagBag from /opt/airflow/dags/main.py
[2026-02-18T23:22:36.772+0000] {processor.py:840} INFO - DAG(s) 'produce_json', 'update_db' retrieved from /opt/airflow/dags/main.py
[2026-02-18T23:22:36.804+0000] {logging_mixin.py:188} INFO - [2026-02-18T23:22:36.804+0000] {dag.py:3096} INFO - Sync 2 DAGs
[2026-02-18T23:22:36.826+0000] {logging_mixin.py:188} INFO - [2026-02-18T23:22:36.826+0000] {dag.py:3954} INFO - Setting next_dagrun for produce_json to 2026-02-18 14:00:00+00:00, run_after=2026-02-19 14:00:00+00:00
[2026-02-18T23:22:36.831+0000] {logging_mixin.py:188} INFO - [2026-02-18T23:22:36.831+0000] {dag.py:3954} INFO - Setting next_dagrun for update_db to 2026-02-17 15:00:00+00:00, run_after=2026-02-18 15:00:00+00:00
[2026-02-18T23:22:36.862+0000] {processor.py:183} INFO - Processing /opt/airflow/dags/main.py took 0.186 seconds
[2026-02-18T23:23:07.171+0000] {processor.py:161} INFO - Started process (PID=438) to work on /opt/airflow/dags/main.py
[2026-02-18T23:23:07.172+0000] {processor.py:830} INFO - Processing file /opt/airflow/dags/main.py for tasks to queue
[2026-02-18T23:23:07.174+0000] {logging_mixin.py:188} INFO - [2026-02-18T23:23:07.173+0000] {dagbag.py:545} INFO - Filling up the DagBag from /opt/airflow/dags/main.py
[2026-02-18T23:23:07.246+0000] {processor.py:840} INFO - DAG(s) 'produce_json', 'update_db' retrieved from /opt/airflow/dags/main.py
[2026-02-18T23:23:07.273+0000] {logging_mixin.py:188} INFO - [2026-02-18T23:23:07.273+0000] {dag.py:3096} INFO - Sync 2 DAGs
[2026-02-18T23:23:07.292+0000] {logging_mixin.py:188} INFO - [2026-02-18T23:23:07.292+0000] {dag.py:3954} INFO - Setting next_dagrun for produce_json to 2026-02-18 14:00:00+00:00, run_after=2026-02-19 14:00:00+00:00
[2026-02-18T23:23:07.298+0000] {logging_mixin.py:188} INFO - [2026-02-18T23:23:07.298+0000] {dag.py:3954} INFO - Setting next_dagrun for update_db to 2026-02-17 15:00:00+00:00, run_after=2026-02-18 15:00:00+00:00
[2026-02-18T23:23:07.328+0000] {processor.py:183} INFO - Processing /opt/airflow/dags/main.py took 0.163 seconds
[2026-02-18T23:23:37.442+0000] {processor.py:161} INFO - Started process (PID=445) to work on /opt/airflow/dags/main.py
[2026-02-18T23:23:37.443+0000] {processor.py:830} INFO - Processing file /opt/airflow/dags/main.py for tasks to queue
[2026-02-18T23:23:37.445+0000] {logging_mixin.py:188} INFO - [2026-02-18T23:23:37.444+0000] {dagbag.py:545} INFO - Filling up the DagBag from /opt/airflow/dags/main.py
[2026-02-18T23:23:37.531+0000] {processor.py:840} INFO - DAG(s) 'produce_json', 'update_db' retrieved from /opt/airflow/dags/main.py
[2026-02-18T23:23:37.561+0000] {logging_mixin.py:188} INFO - [2026-02-18T23:23:37.561+0000] {dag.py:3096} INFO - Sync 2 DAGs
[2026-02-18T23:23:37.586+0000] {logging_mixin.py:188} INFO - [2026-02-18T23:23:37.585+0000] {dag.py:3954} INFO - Setting next_dagrun for produce_json to 2026-02-18 14:00:00+00:00, run_after=2026-02-19 14:00:00+00:00
[2026-02-18T23:23:37.592+0000] {logging_mixin.py:188} INFO - [2026-02-18T23:23:37.592+0000] {dag.py:3954} INFO - Setting next_dagrun for update_db to 2026-02-17 15:00:00+00:00, run_after=2026-02-18 15:00:00+00:00
[2026-02-18T23:23:37.611+0000] {processor.py:183} INFO - Processing /opt/airflow/dags/main.py took 0.175 seconds
[2026-02-18T23:24:07.819+0000] {processor.py:161} INFO - Started process (PID=452) to work on /opt/airflow/dags/main.py
[2026-02-18T23:24:07.820+0000] {processor.py:830} INFO - Processing file /opt/airflow/dags/main.py for tasks to queue
[2026-02-18T23:24:07.822+0000] {logging_mixin.py:188} INFO - [2026-02-18T23:24:07.821+0000] {dagbag.py:545} INFO - Filling up the DagBag from /opt/airflow/dags/main.py
[2026-02-18T23:24:07.896+0000] {processor.py:840} INFO - DAG(s) 'produce_json', 'update_db' retrieved from /opt/airflow/dags/main.py
[2026-02-18T23:24:07.925+0000] {logging_mixin.py:188} INFO - [2026-02-18T23:24:07.925+0000] {dag.py:3096} INFO - Sync 2 DAGs
[2026-02-18T23:24:07.947+0000] {logging_mixin.py:188} INFO - [2026-02-18T23:24:07.947+0000] {dag.py:3954} INFO - Setting next_dagrun for produce_json to 2026-02-18 14:00:00+00:00, run_after=2026-02-19 14:00:00+00:00
[2026-02-18T23:24:07.952+0000] {logging_mixin.py:188} INFO - [2026-02-18T23:24:07.952+0000] {dag.py:3954} INFO - Setting next_dagrun for update_db to 2026-02-17 15:00:00+00:00, run_after=2026-02-18 15:00:00+00:00
[2026-02-18T23:24:07.984+0000] {processor.py:183} INFO - Processing /opt/airflow/dags/main.py took 0.171 seconds
[2026-02-18T23:24:38.116+0000] {processor.py:161} INFO - Started process (PID=459) to work on /opt/airflow/dags/main.py
[2026-02-18T23:24:38.117+0000] {processor.py:830} INFO - Processing file /opt/airflow/dags/main.py for tasks to queue
[2026-02-18T23:24:38.119+0000] {logging_mixin.py:188} INFO - [2026-02-18T23:24:38.119+0000] {dagbag.py:545} INFO - Filling up the DagBag from /opt/airflow/dags/main.py
[2026-02-18T23:24:38.219+0000] {processor.py:840} INFO - DAG(s) 'update_db', 'produce_json' retrieved from /opt/airflow/dags/main.py
[2026-02-18T23:24:38.254+0000] {logging_mixin.py:188} INFO - [2026-02-18T23:24:38.254+0000] {dag.py:3096} INFO - Sync 2 DAGs
[2026-02-18T23:24:38.279+0000] {logging_mixin.py:188} INFO - [2026-02-18T23:24:38.279+0000] {dag.py:3954} INFO - Setting next_dagrun for produce_json to 2026-02-18 14:00:00+00:00, run_after=2026-02-19 14:00:00+00:00
[2026-02-18T23:24:38.285+0000] {logging_mixin.py:188} INFO - [2026-02-18T23:24:38.285+0000] {dag.py:3954} INFO - Setting next_dagrun for update_db to 2026-02-17 15:00:00+00:00, run_after=2026-02-18 15:00:00+00:00
[2026-02-18T23:24:38.310+0000] {processor.py:183} INFO - Processing /opt/airflow/dags/main.py took 0.200 seconds
[2026-02-18T23:25:08.451+0000] {processor.py:161} INFO - Started process (PID=466) to work on /opt/airflow/dags/main.py
[2026-02-18T23:25:08.452+0000] {processor.py:830} INFO - Processing file /opt/airflow/dags/main.py for tasks to queue
[2026-02-18T23:25:08.454+0000] {logging_mixin.py:188} INFO - [2026-02-18T23:25:08.454+0000] {dagbag.py:545} INFO - Filling up the DagBag from /opt/airflow/dags/main.py
[2026-02-18T23:25:08.527+0000] {processor.py:840} INFO - DAG(s) 'update_db', 'produce_json' retrieved from /opt/airflow/dags/main.py
[2026-02-18T23:25:08.558+0000] {logging_mixin.py:188} INFO - [2026-02-18T23:25:08.558+0000] {dag.py:3096} INFO - Sync 2 DAGs
[2026-02-18T23:25:08.584+0000] {logging_mixin.py:188} INFO - [2026-02-18T23:25:08.584+0000] {dag.py:3954} INFO - Setting next_dagrun for produce_json to 2026-02-18 14:00:00+00:00, run_after=2026-02-19 14:00:00+00:00
[2026-02-18T23:25:08.589+0000] {logging_mixin.py:188} INFO - [2026-02-18T23:25:08.589+0000] {dag.py:3954} INFO - Setting next_dagrun for update_db to 2026-02-17 15:00:00+00:00, run_after=2026-02-18 15:00:00+00:00
[2026-02-18T23:25:08.609+0000] {processor.py:183} INFO - Processing /opt/airflow/dags/main.py took 0.163 seconds
[2026-02-18T23:25:38.753+0000] {processor.py:161} INFO - Started process (PID=473) to work on /opt/airflow/dags/main.py
[2026-02-18T23:25:38.754+0000] {processor.py:830} INFO - Processing file /opt/airflow/dags/main.py for tasks to queue
[2026-02-18T23:25:38.756+0000] {logging_mixin.py:188} INFO - [2026-02-18T23:25:38.756+0000] {dagbag.py:545} INFO - Filling up the DagBag from /opt/airflow/dags/main.py
[2026-02-18T23:25:38.853+0000] {processor.py:840} INFO - DAG(s) 'produce_json', 'update_db' retrieved from /opt/airflow/dags/main.py
[2026-02-18T23:25:38.891+0000] {logging_mixin.py:188} INFO - [2026-02-18T23:25:38.891+0000] {dag.py:3096} INFO - Sync 2 DAGs
[2026-02-18T23:25:38.917+0000] {logging_mixin.py:188} INFO - [2026-02-18T23:25:38.917+0000] {dag.py:3954} INFO - Setting next_dagrun for produce_json to 2026-02-18 14:00:00+00:00, run_after=2026-02-19 14:00:00+00:00
[2026-02-18T23:25:38.923+0000] {logging_mixin.py:188} INFO - [2026-02-18T23:25:38.923+0000] {dag.py:3954} INFO - Setting next_dagrun for update_db to 2026-02-17 15:00:00+00:00, run_after=2026-02-18 15:00:00+00:00
[2026-02-18T23:25:38.947+0000] {processor.py:183} INFO - Processing /opt/airflow/dags/main.py took 0.202 seconds
[2026-02-18T23:26:09.012+0000] {processor.py:161} INFO - Started process (PID=480) to work on /opt/airflow/dags/main.py
[2026-02-18T23:26:09.013+0000] {processor.py:830} INFO - Processing file /opt/airflow/dags/main.py for tasks to queue
[2026-02-18T23:26:09.015+0000] {logging_mixin.py:188} INFO - [2026-02-18T23:26:09.015+0000] {dagbag.py:545} INFO - Filling up the DagBag from /opt/airflow/dags/main.py
[2026-02-18T23:26:09.096+0000] {processor.py:840} INFO - DAG(s) 'produce_json', 'update_db' retrieved from /opt/airflow/dags/main.py
[2026-02-18T23:26:09.132+0000] {logging_mixin.py:188} INFO - [2026-02-18T23:26:09.132+0000] {dag.py:3096} INFO - Sync 2 DAGs
[2026-02-18T23:26:09.156+0000] {logging_mixin.py:188} INFO - [2026-02-18T23:26:09.156+0000] {dag.py:3954} INFO - Setting next_dagrun for produce_json to 2026-02-18 14:00:00+00:00, run_after=2026-02-19 14:00:00+00:00
[2026-02-18T23:26:09.164+0000] {logging_mixin.py:188} INFO - [2026-02-18T23:26:09.164+0000] {dag.py:3954} INFO - Setting next_dagrun for update_db to 2026-02-18 15:00:00+00:00, run_after=2026-02-19 15:00:00+00:00
[2026-02-18T23:26:09.184+0000] {processor.py:183} INFO - Processing /opt/airflow/dags/main.py took 0.179 seconds
[2026-02-18T23:26:39.377+0000] {processor.py:161} INFO - Started process (PID=487) to work on /opt/airflow/dags/main.py
[2026-02-18T23:26:39.378+0000] {processor.py:830} INFO - Processing file /opt/airflow/dags/main.py for tasks to queue
[2026-02-18T23:26:39.382+0000] {logging_mixin.py:188} INFO - [2026-02-18T23:26:39.381+0000] {dagbag.py:545} INFO - Filling up the DagBag from /opt/airflow/dags/main.py
[2026-02-18T23:26:39.464+0000] {processor.py:840} INFO - DAG(s) 'update_db', 'produce_json' retrieved from /opt/airflow/dags/main.py
[2026-02-18T23:26:39.497+0000] {logging_mixin.py:188} INFO - [2026-02-18T23:26:39.497+0000] {dag.py:3096} INFO - Sync 2 DAGs
[2026-02-18T23:26:39.521+0000] {logging_mixin.py:188} INFO - [2026-02-18T23:26:39.521+0000] {dag.py:3954} INFO - Setting next_dagrun for produce_json to 2026-02-18 14:00:00+00:00, run_after=2026-02-19 14:00:00+00:00
[2026-02-18T23:26:39.527+0000] {logging_mixin.py:188} INFO - [2026-02-18T23:26:39.526+0000] {dag.py:3954} INFO - Setting next_dagrun for update_db to 2026-02-18 15:00:00+00:00, run_after=2026-02-19 15:00:00+00:00
[2026-02-18T23:26:39.549+0000] {processor.py:183} INFO - Processing /opt/airflow/dags/main.py took 0.180 seconds
[2026-02-18T23:27:09.720+0000] {processor.py:161} INFO - Started process (PID=494) to work on /opt/airflow/dags/main.py
[2026-02-18T23:27:09.721+0000] {processor.py:830} INFO - Processing file /opt/airflow/dags/main.py for tasks to queue
[2026-02-18T23:27:09.724+0000] {logging_mixin.py:188} INFO - [2026-02-18T23:27:09.724+0000] {dagbag.py:545} INFO - Filling up the DagBag from /opt/airflow/dags/main.py
[2026-02-18T23:27:09.815+0000] {processor.py:840} INFO - DAG(s) 'update_db', 'produce_json' retrieved from /opt/airflow/dags/main.py
[2026-02-18T23:27:09.851+0000] {logging_mixin.py:188} INFO - [2026-02-18T23:27:09.851+0000] {dag.py:3096} INFO - Sync 2 DAGs
[2026-02-18T23:27:09.879+0000] {logging_mixin.py:188} INFO - [2026-02-18T23:27:09.878+0000] {dag.py:3954} INFO - Setting next_dagrun for produce_json to 2026-02-18 14:00:00+00:00, run_after=2026-02-19 14:00:00+00:00
[2026-02-18T23:27:09.884+0000] {logging_mixin.py:188} INFO - [2026-02-18T23:27:09.884+0000] {dag.py:3954} INFO - Setting next_dagrun for update_db to 2026-02-18 15:00:00+00:00, run_after=2026-02-19 15:00:00+00:00
[2026-02-18T23:27:09.909+0000] {processor.py:183} INFO - Processing /opt/airflow/dags/main.py took 0.195 seconds
[2026-02-18T23:27:39.969+0000] {processor.py:161} INFO - Started process (PID=501) to work on /opt/airflow/dags/main.py
[2026-02-18T23:27:39.970+0000] {processor.py:830} INFO - Processing file /opt/airflow/dags/main.py for tasks to queue
[2026-02-18T23:27:39.972+0000] {logging_mixin.py:188} INFO - [2026-02-18T23:27:39.972+0000] {dagbag.py:545} INFO - Filling up the DagBag from /opt/airflow/dags/main.py
[2026-02-18T23:27:40.049+0000] {processor.py:840} INFO - DAG(s) 'update_db', 'produce_json' retrieved from /opt/airflow/dags/main.py
[2026-02-18T23:27:40.081+0000] {logging_mixin.py:188} INFO - [2026-02-18T23:27:40.081+0000] {dag.py:3096} INFO - Sync 2 DAGs
[2026-02-18T23:27:40.106+0000] {logging_mixin.py:188} INFO - [2026-02-18T23:27:40.106+0000] {dag.py:3954} INFO - Setting next_dagrun for produce_json to 2026-02-18 14:00:00+00:00, run_after=2026-02-19 14:00:00+00:00
[2026-02-18T23:27:40.111+0000] {logging_mixin.py:188} INFO - [2026-02-18T23:27:40.111+0000] {dag.py:3954} INFO - Setting next_dagrun for update_db to 2026-02-18 15:00:00+00:00, run_after=2026-02-19 15:00:00+00:00
[2026-02-18T23:27:40.143+0000] {processor.py:183} INFO - Processing /opt/airflow/dags/main.py took 0.181 seconds
[2026-02-18T23:28:10.330+0000] {processor.py:161} INFO - Started process (PID=508) to work on /opt/airflow/dags/main.py
[2026-02-18T23:28:10.331+0000] {processor.py:830} INFO - Processing file /opt/airflow/dags/main.py for tasks to queue
[2026-02-18T23:28:10.334+0000] {logging_mixin.py:188} INFO - [2026-02-18T23:28:10.333+0000] {dagbag.py:545} INFO - Filling up the DagBag from /opt/airflow/dags/main.py
[2026-02-18T23:28:10.413+0000] {processor.py:840} INFO - DAG(s) 'produce_json', 'update_db' retrieved from /opt/airflow/dags/main.py
[2026-02-18T23:28:10.448+0000] {logging_mixin.py:188} INFO - [2026-02-18T23:28:10.448+0000] {dag.py:3096} INFO - Sync 2 DAGs
[2026-02-18T23:28:10.471+0000] {logging_mixin.py:188} INFO - [2026-02-18T23:28:10.471+0000] {dag.py:3954} INFO - Setting next_dagrun for produce_json to 2026-02-18 14:00:00+00:00, run_after=2026-02-19 14:00:00+00:00
[2026-02-18T23:28:10.476+0000] {logging_mixin.py:188} INFO - [2026-02-18T23:28:10.476+0000] {dag.py:3954} INFO - Setting next_dagrun for update_db to 2026-02-18 15:00:00+00:00, run_after=2026-02-19 15:00:00+00:00
[2026-02-18T23:28:10.497+0000] {processor.py:183} INFO - Processing /opt/airflow/dags/main.py took 0.175 seconds
[2026-02-18T23:28:40.579+0000] {processor.py:161} INFO - Started process (PID=515) to work on /opt/airflow/dags/main.py
[2026-02-18T23:28:40.580+0000] {processor.py:830} INFO - Processing file /opt/airflow/dags/main.py for tasks to queue
[2026-02-18T23:28:40.582+0000] {logging_mixin.py:188} INFO - [2026-02-18T23:28:40.581+0000] {dagbag.py:545} INFO - Filling up the DagBag from /opt/airflow/dags/main.py
[2026-02-18T23:28:40.656+0000] {processor.py:840} INFO - DAG(s) 'produce_json', 'update_db' retrieved from /opt/airflow/dags/main.py
[2026-02-18T23:28:40.686+0000] {logging_mixin.py:188} INFO - [2026-02-18T23:28:40.686+0000] {dag.py:3096} INFO - Sync 2 DAGs
[2026-02-18T23:28:40.710+0000] {logging_mixin.py:188} INFO - [2026-02-18T23:28:40.709+0000] {dag.py:3954} INFO - Setting next_dagrun for produce_json to 2026-02-18 14:00:00+00:00, run_after=2026-02-19 14:00:00+00:00
[2026-02-18T23:28:40.714+0000] {logging_mixin.py:188} INFO - [2026-02-18T23:28:40.714+0000] {dag.py:3954} INFO - Setting next_dagrun for update_db to 2026-02-18 15:00:00+00:00, run_after=2026-02-19 15:00:00+00:00
[2026-02-18T23:28:40.733+0000] {processor.py:183} INFO - Processing /opt/airflow/dags/main.py took 0.160 seconds
[2026-02-18T23:29:10.991+0000] {processor.py:161} INFO - Started process (PID=522) to work on /opt/airflow/dags/main.py
[2026-02-18T23:29:10.993+0000] {processor.py:830} INFO - Processing file /opt/airflow/dags/main.py for tasks to queue
[2026-02-18T23:29:10.995+0000] {logging_mixin.py:188} INFO - [2026-02-18T23:29:10.995+0000] {dagbag.py:545} INFO - Filling up the DagBag from /opt/airflow/dags/main.py
[2026-02-18T23:29:11.076+0000] {processor.py:840} INFO - DAG(s) 'produce_json', 'update_db' retrieved from /opt/airflow/dags/main.py
[2026-02-18T23:29:11.107+0000] {logging_mixin.py:188} INFO - [2026-02-18T23:29:11.106+0000] {dag.py:3096} INFO - Sync 2 DAGs
[2026-02-18T23:29:11.129+0000] {logging_mixin.py:188} INFO - [2026-02-18T23:29:11.129+0000] {dag.py:3954} INFO - Setting next_dagrun for produce_json to 2026-02-18 14:00:00+00:00, run_after=2026-02-19 14:00:00+00:00
[2026-02-18T23:29:11.136+0000] {logging_mixin.py:188} INFO - [2026-02-18T23:29:11.136+0000] {dag.py:3954} INFO - Setting next_dagrun for update_db to 2026-02-18 15:00:00+00:00, run_after=2026-02-19 15:00:00+00:00
[2026-02-18T23:29:11.158+0000] {processor.py:183} INFO - Processing /opt/airflow/dags/main.py took 0.173 seconds
[2026-02-18T23:29:41.250+0000] {processor.py:161} INFO - Started process (PID=530) to work on /opt/airflow/dags/main.py
[2026-02-18T23:29:41.252+0000] {processor.py:830} INFO - Processing file /opt/airflow/dags/main.py for tasks to queue
[2026-02-18T23:29:41.254+0000] {logging_mixin.py:188} INFO - [2026-02-18T23:29:41.253+0000] {dagbag.py:545} INFO - Filling up the DagBag from /opt/airflow/dags/main.py
[2026-02-18T23:29:41.336+0000] {processor.py:840} INFO - DAG(s) 'update_db', 'produce_json' retrieved from /opt/airflow/dags/main.py
[2026-02-18T23:29:41.369+0000] {logging_mixin.py:188} INFO - [2026-02-18T23:29:41.369+0000] {dag.py:3096} INFO - Sync 2 DAGs
[2026-02-18T23:29:41.394+0000] {logging_mixin.py:188} INFO - [2026-02-18T23:29:41.394+0000] {dag.py:3954} INFO - Setting next_dagrun for produce_json to 2026-02-18 14:00:00+00:00, run_after=2026-02-19 14:00:00+00:00
[2026-02-18T23:29:41.400+0000] {logging_mixin.py:188} INFO - [2026-02-18T23:29:41.400+0000] {dag.py:3954} INFO - Setting next_dagrun for update_db to 2026-02-18 15:00:00+00:00, run_after=2026-02-19 15:00:00+00:00
[2026-02-18T23:29:41.432+0000] {processor.py:183} INFO - Processing /opt/airflow/dags/main.py took 0.188 seconds
[2026-02-18T23:30:11.690+0000] {processor.py:161} INFO - Started process (PID=537) to work on /opt/airflow/dags/main.py
[2026-02-18T23:30:11.691+0000] {processor.py:830} INFO - Processing file /opt/airflow/dags/main.py for tasks to queue
[2026-02-18T23:30:11.693+0000] {logging_mixin.py:188} INFO - [2026-02-18T23:30:11.693+0000] {dagbag.py:545} INFO - Filling up the DagBag from /opt/airflow/dags/main.py
[2026-02-18T23:30:11.780+0000] {processor.py:840} INFO - DAG(s) 'produce_json', 'update_db' retrieved from /opt/airflow/dags/main.py
[2026-02-18T23:30:11.819+0000] {logging_mixin.py:188} INFO - [2026-02-18T23:30:11.819+0000] {dag.py:3096} INFO - Sync 2 DAGs
[2026-02-18T23:30:11.843+0000] {logging_mixin.py:188} INFO - [2026-02-18T23:30:11.842+0000] {dag.py:3954} INFO - Setting next_dagrun for produce_json to 2026-02-18 14:00:00+00:00, run_after=2026-02-19 14:00:00+00:00
[2026-02-18T23:30:11.848+0000] {logging_mixin.py:188} INFO - [2026-02-18T23:30:11.848+0000] {dag.py:3954} INFO - Setting next_dagrun for update_db to 2026-02-18 15:00:00+00:00, run_after=2026-02-19 15:00:00+00:00
[2026-02-18T23:30:11.881+0000] {processor.py:183} INFO - Processing /opt/airflow/dags/main.py took 0.196 seconds
[2026-02-18T23:30:41.931+0000] {processor.py:161} INFO - Started process (PID=544) to work on /opt/airflow/dags/main.py
[2026-02-18T23:30:41.932+0000] {processor.py:830} INFO - Processing file /opt/airflow/dags/main.py for tasks to queue
[2026-02-18T23:30:41.935+0000] {logging_mixin.py:188} INFO - [2026-02-18T23:30:41.934+0000] {dagbag.py:545} INFO - Filling up the DagBag from /opt/airflow/dags/main.py
[2026-02-18T23:30:42.022+0000] {processor.py:840} INFO - DAG(s) 'update_db', 'produce_json' retrieved from /opt/airflow/dags/main.py
[2026-02-18T23:30:42.055+0000] {logging_mixin.py:188} INFO - [2026-02-18T23:30:42.055+0000] {dag.py:3096} INFO - Sync 2 DAGs
[2026-02-18T23:30:42.079+0000] {logging_mixin.py:188} INFO - [2026-02-18T23:30:42.078+0000] {dag.py:3954} INFO - Setting next_dagrun for produce_json to 2026-02-18 14:00:00+00:00, run_after=2026-02-19 14:00:00+00:00
[2026-02-18T23:30:42.085+0000] {logging_mixin.py:188} INFO - [2026-02-18T23:30:42.084+0000] {dag.py:3954} INFO - Setting next_dagrun for update_db to 2026-02-18 15:00:00+00:00, run_after=2026-02-19 15:00:00+00:00
[2026-02-18T23:30:42.104+0000] {processor.py:183} INFO - Processing /opt/airflow/dags/main.py took 0.179 seconds
[2026-02-18T23:31:12.323+0000] {processor.py:161} INFO - Started process (PID=551) to work on /opt/airflow/dags/main.py
[2026-02-18T23:31:12.324+0000] {processor.py:830} INFO - Processing file /opt/airflow/dags/main.py for tasks to queue
[2026-02-18T23:31:12.326+0000] {logging_mixin.py:188} INFO - [2026-02-18T23:31:12.326+0000] {dagbag.py:545} INFO - Filling up the DagBag from /opt/airflow/dags/main.py
[2026-02-18T23:31:12.404+0000] {processor.py:840} INFO - DAG(s) 'produce_json', 'update_db' retrieved from /opt/airflow/dags/main.py
[2026-02-18T23:31:12.436+0000] {logging_mixin.py:188} INFO - [2026-02-18T23:31:12.436+0000] {dag.py:3096} INFO - Sync 2 DAGs
[2026-02-18T23:31:12.460+0000] {logging_mixin.py:188} INFO - [2026-02-18T23:31:12.460+0000] {dag.py:3954} INFO - Setting next_dagrun for produce_json to 2026-02-18 14:00:00+00:00, run_after=2026-02-19 14:00:00+00:00
[2026-02-18T23:31:12.466+0000] {logging_mixin.py:188} INFO - [2026-02-18T23:31:12.466+0000] {dag.py:3954} INFO - Setting next_dagrun for update_db to 2026-02-18 15:00:00+00:00, run_after=2026-02-19 15:00:00+00:00
[2026-02-18T23:31:12.487+0000] {processor.py:183} INFO - Processing /opt/airflow/dags/main.py took 0.170 seconds
[2026-02-18T23:31:42.598+0000] {processor.py:161} INFO - Started process (PID=558) to work on /opt/airflow/dags/main.py
[2026-02-18T23:31:42.599+0000] {processor.py:830} INFO - Processing file /opt/airflow/dags/main.py for tasks to queue
[2026-02-18T23:31:42.603+0000] {logging_mixin.py:188} INFO - [2026-02-18T23:31:42.603+0000] {dagbag.py:545} INFO - Filling up the DagBag from /opt/airflow/dags/main.py
[2026-02-18T23:31:42.703+0000] {processor.py:840} INFO - DAG(s) 'update_db', 'produce_json' retrieved from /opt/airflow/dags/main.py
[2026-02-18T23:31:42.768+0000] {logging_mixin.py:188} INFO - [2026-02-18T23:31:42.767+0000] {dag.py:3096} INFO - Sync 2 DAGs
[2026-02-18T23:31:42.810+0000] {logging_mixin.py:188} INFO - [2026-02-18T23:31:42.810+0000] {dag.py:3954} INFO - Setting next_dagrun for produce_json to 2026-02-18 14:00:00+00:00, run_after=2026-02-19 14:00:00+00:00
[2026-02-18T23:31:42.820+0000] {logging_mixin.py:188} INFO - [2026-02-18T23:31:42.819+0000] {dag.py:3954} INFO - Setting next_dagrun for update_db to 2026-02-18 15:00:00+00:00, run_after=2026-02-19 15:00:00+00:00
[2026-02-18T23:31:42.848+0000] {processor.py:183} INFO - Processing /opt/airflow/dags/main.py took 0.288 seconds
[2026-02-18T23:32:13.134+0000] {processor.py:161} INFO - Started process (PID=565) to work on /opt/airflow/dags/main.py
[2026-02-18T23:32:13.135+0000] {processor.py:830} INFO - Processing file /opt/airflow/dags/main.py for tasks to queue
[2026-02-18T23:32:13.138+0000] {logging_mixin.py:188} INFO - [2026-02-18T23:32:13.138+0000] {dagbag.py:545} INFO - Filling up the DagBag from /opt/airflow/dags/main.py
[2026-02-18T23:32:13.206+0000] {processor.py:840} INFO - DAG(s) 'produce_json', 'update_db' retrieved from /opt/airflow/dags/main.py
[2026-02-18T23:32:13.235+0000] {logging_mixin.py:188} INFO - [2026-02-18T23:32:13.235+0000] {dag.py:3096} INFO - Sync 2 DAGs
[2026-02-18T23:32:13.257+0000] {logging_mixin.py:188} INFO - [2026-02-18T23:32:13.256+0000] {dag.py:3954} INFO - Setting next_dagrun for produce_json to 2026-02-18 14:00:00+00:00, run_after=2026-02-19 14:00:00+00:00
[2026-02-18T23:32:13.261+0000] {logging_mixin.py:188} INFO - [2026-02-18T23:32:13.261+0000] {dag.py:3954} INFO - Setting next_dagrun for update_db to 2026-02-18 15:00:00+00:00, run_after=2026-02-19 15:00:00+00:00
[2026-02-18T23:32:13.290+0000] {processor.py:183} INFO - Processing /opt/airflow/dags/main.py took 0.161 seconds
[2026-02-18T23:32:43.407+0000] {processor.py:161} INFO - Started process (PID=572) to work on /opt/airflow/dags/main.py
[2026-02-18T23:32:43.408+0000] {processor.py:830} INFO - Processing file /opt/airflow/dags/main.py for tasks to queue
[2026-02-18T23:32:43.410+0000] {logging_mixin.py:188} INFO - [2026-02-18T23:32:43.410+0000] {dagbag.py:545} INFO - Filling up the DagBag from /opt/airflow/dags/main.py
[2026-02-18T23:32:43.482+0000] {processor.py:840} INFO - DAG(s) 'produce_json', 'update_db' retrieved from /opt/airflow/dags/main.py
[2026-02-18T23:32:43.513+0000] {logging_mixin.py:188} INFO - [2026-02-18T23:32:43.513+0000] {dag.py:3096} INFO - Sync 2 DAGs
[2026-02-18T23:32:43.543+0000] {logging_mixin.py:188} INFO - [2026-02-18T23:32:43.542+0000] {dag.py:3954} INFO - Setting next_dagrun for produce_json to 2026-02-18 14:00:00+00:00, run_after=2026-02-19 14:00:00+00:00
[2026-02-18T23:32:43.549+0000] {logging_mixin.py:188} INFO - [2026-02-18T23:32:43.548+0000] {dag.py:3954} INFO - Setting next_dagrun for update_db to 2026-02-18 15:00:00+00:00, run_after=2026-02-19 15:00:00+00:00
[2026-02-18T23:32:43.581+0000] {processor.py:183} INFO - Processing /opt/airflow/dags/main.py took 0.180 seconds
[2026-02-18T23:33:13.799+0000] {processor.py:161} INFO - Started process (PID=579) to work on /opt/airflow/dags/main.py
[2026-02-18T23:33:13.800+0000] {processor.py:830} INFO - Processing file /opt/airflow/dags/main.py for tasks to queue
[2026-02-18T23:33:13.803+0000] {logging_mixin.py:188} INFO - [2026-02-18T23:33:13.802+0000] {dagbag.py:545} INFO - Filling up the DagBag from /opt/airflow/dags/main.py
[2026-02-18T23:33:13.890+0000] {processor.py:840} INFO - DAG(s) 'produce_json', 'update_db' retrieved from /opt/airflow/dags/main.py
[2026-02-18T23:33:13.919+0000] {logging_mixin.py:188} INFO - [2026-02-18T23:33:13.919+0000] {dag.py:3096} INFO - Sync 2 DAGs
[2026-02-18T23:33:13.941+0000] {logging_mixin.py:188} INFO - [2026-02-18T23:33:13.940+0000] {dag.py:3954} INFO - Setting next_dagrun for produce_json to 2026-02-18 14:00:00+00:00, run_after=2026-02-19 14:00:00+00:00
[2026-02-18T23:33:13.946+0000] {logging_mixin.py:188} INFO - [2026-02-18T23:33:13.945+0000] {dag.py:3954} INFO - Setting next_dagrun for update_db to 2026-02-18 15:00:00+00:00, run_after=2026-02-19 15:00:00+00:00
[2026-02-18T23:33:13.965+0000] {processor.py:183} INFO - Processing /opt/airflow/dags/main.py took 0.172 seconds
[2026-02-18T23:33:44.049+0000] {processor.py:161} INFO - Started process (PID=586) to work on /opt/airflow/dags/main.py
[2026-02-18T23:33:44.050+0000] {processor.py:830} INFO - Processing file /opt/airflow/dags/main.py for tasks to queue
[2026-02-18T23:33:44.053+0000] {logging_mixin.py:188} INFO - [2026-02-18T23:33:44.052+0000] {dagbag.py:545} INFO - Filling up the DagBag from /opt/airflow/dags/main.py
[2026-02-18T23:33:44.122+0000] {processor.py:840} INFO - DAG(s) 'produce_json', 'update_db' retrieved from /opt/airflow/dags/main.py
[2026-02-18T23:33:44.154+0000] {logging_mixin.py:188} INFO - [2026-02-18T23:33:44.154+0000] {dag.py:3096} INFO - Sync 2 DAGs
[2026-02-18T23:33:44.176+0000] {logging_mixin.py:188} INFO - [2026-02-18T23:33:44.176+0000] {dag.py:3954} INFO - Setting next_dagrun for produce_json to 2026-02-18 14:00:00+00:00, run_after=2026-02-19 14:00:00+00:00
[2026-02-18T23:33:44.183+0000] {logging_mixin.py:188} INFO - [2026-02-18T23:33:44.182+0000] {dag.py:3954} INFO - Setting next_dagrun for update_db to 2026-02-18 15:00:00+00:00, run_after=2026-02-19 15:00:00+00:00
[2026-02-18T23:33:44.201+0000] {processor.py:183} INFO - Processing /opt/airflow/dags/main.py took 0.158 seconds
[2026-02-18T23:34:14.394+0000] {processor.py:161} INFO - Started process (PID=593) to work on /opt/airflow/dags/main.py
[2026-02-18T23:34:14.394+0000] {processor.py:830} INFO - Processing file /opt/airflow/dags/main.py for tasks to queue
[2026-02-18T23:34:14.397+0000] {logging_mixin.py:188} INFO - [2026-02-18T23:34:14.397+0000] {dagbag.py:545} INFO - Filling up the DagBag from /opt/airflow/dags/main.py
[2026-02-18T23:34:14.475+0000] {processor.py:840} INFO - DAG(s) 'produce_json', 'update_db' retrieved from /opt/airflow/dags/main.py
[2026-02-18T23:34:14.510+0000] {logging_mixin.py:188} INFO - [2026-02-18T23:34:14.510+0000] {dag.py:3096} INFO - Sync 2 DAGs
[2026-02-18T23:34:14.535+0000] {logging_mixin.py:188} INFO - [2026-02-18T23:34:14.534+0000] {dag.py:3954} INFO - Setting next_dagrun for produce_json to 2026-02-18 14:00:00+00:00, run_after=2026-02-19 14:00:00+00:00
[2026-02-18T23:34:14.542+0000] {logging_mixin.py:188} INFO - [2026-02-18T23:34:14.541+0000] {dag.py:3954} INFO - Setting next_dagrun for update_db to 2026-02-18 15:00:00+00:00, run_after=2026-02-19 15:00:00+00:00
[2026-02-18T23:34:14.579+0000] {processor.py:183} INFO - Processing /opt/airflow/dags/main.py took 0.191 seconds
[2026-02-18T23:34:44.649+0000] {processor.py:161} INFO - Started process (PID=600) to work on /opt/airflow/dags/main.py
[2026-02-18T23:34:44.650+0000] {processor.py:830} INFO - Processing file /opt/airflow/dags/main.py for tasks to queue
[2026-02-18T23:34:44.652+0000] {logging_mixin.py:188} INFO - [2026-02-18T23:34:44.652+0000] {dagbag.py:545} INFO - Filling up the DagBag from /opt/airflow/dags/main.py
[2026-02-18T23:34:44.726+0000] {processor.py:840} INFO - DAG(s) 'produce_json', 'update_db' retrieved from /opt/airflow/dags/main.py
[2026-02-18T23:34:44.757+0000] {logging_mixin.py:188} INFO - [2026-02-18T23:34:44.757+0000] {dag.py:3096} INFO - Sync 2 DAGs
[2026-02-18T23:34:44.785+0000] {logging_mixin.py:188} INFO - [2026-02-18T23:34:44.785+0000] {dag.py:3954} INFO - Setting next_dagrun for produce_json to 2026-02-18 14:00:00+00:00, run_after=2026-02-19 14:00:00+00:00
[2026-02-18T23:34:44.791+0000] {logging_mixin.py:188} INFO - [2026-02-18T23:34:44.791+0000] {dag.py:3954} INFO - Setting next_dagrun for update_db to 2026-02-18 15:00:00+00:00, run_after=2026-02-19 15:00:00+00:00
[2026-02-18T23:34:44.813+0000] {processor.py:183} INFO - Processing /opt/airflow/dags/main.py took 0.172 seconds
[2026-02-18T23:35:15.130+0000] {processor.py:161} INFO - Started process (PID=607) to work on /opt/airflow/dags/main.py
[2026-02-18T23:35:15.132+0000] {processor.py:830} INFO - Processing file /opt/airflow/dags/main.py for tasks to queue
[2026-02-18T23:35:15.134+0000] {logging_mixin.py:188} INFO - [2026-02-18T23:35:15.134+0000] {dagbag.py:545} INFO - Filling up the DagBag from /opt/airflow/dags/main.py
[2026-02-18T23:35:15.213+0000] {processor.py:840} INFO - DAG(s) 'produce_json', 'update_db' retrieved from /opt/airflow/dags/main.py
[2026-02-18T23:35:15.242+0000] {logging_mixin.py:188} INFO - [2026-02-18T23:35:15.242+0000] {dag.py:3096} INFO - Sync 2 DAGs
[2026-02-18T23:35:15.272+0000] {logging_mixin.py:188} INFO - [2026-02-18T23:35:15.272+0000] {dag.py:3954} INFO - Setting next_dagrun for produce_json to 2026-02-18 14:00:00+00:00, run_after=2026-02-19 14:00:00+00:00
[2026-02-18T23:35:15.277+0000] {logging_mixin.py:188} INFO - [2026-02-18T23:35:15.277+0000] {dag.py:3954} INFO - Setting next_dagrun for update_db to 2026-02-18 15:00:00+00:00, run_after=2026-02-19 15:00:00+00:00
[2026-02-18T23:35:15.309+0000] {processor.py:183} INFO - Processing /opt/airflow/dags/main.py took 0.184 seconds
[2026-02-18T23:35:45.387+0000] {processor.py:161} INFO - Started process (PID=614) to work on /opt/airflow/dags/main.py
[2026-02-18T23:35:45.388+0000] {processor.py:830} INFO - Processing file /opt/airflow/dags/main.py for tasks to queue
[2026-02-18T23:35:45.390+0000] {logging_mixin.py:188} INFO - [2026-02-18T23:35:45.389+0000] {dagbag.py:545} INFO - Filling up the DagBag from /opt/airflow/dags/main.py
[2026-02-18T23:35:45.470+0000] {processor.py:840} INFO - DAG(s) 'update_db', 'produce_json' retrieved from /opt/airflow/dags/main.py
[2026-02-18T23:35:45.505+0000] {logging_mixin.py:188} INFO - [2026-02-18T23:35:45.505+0000] {dag.py:3096} INFO - Sync 2 DAGs
[2026-02-18T23:35:45.527+0000] {logging_mixin.py:188} INFO - [2026-02-18T23:35:45.527+0000] {dag.py:3954} INFO - Setting next_dagrun for produce_json to 2026-02-18 14:00:00+00:00, run_after=2026-02-19 14:00:00+00:00
[2026-02-18T23:35:45.532+0000] {logging_mixin.py:188} INFO - [2026-02-18T23:35:45.532+0000] {dag.py:3954} INFO - Setting next_dagrun for update_db to 2026-02-18 15:00:00+00:00, run_after=2026-02-19 15:00:00+00:00
[2026-02-18T23:35:45.553+0000] {processor.py:183} INFO - Processing /opt/airflow/dags/main.py took 0.172 seconds
[2026-02-18T23:36:15.815+0000] {processor.py:161} INFO - Started process (PID=621) to work on /opt/airflow/dags/main.py
[2026-02-18T23:36:15.816+0000] {processor.py:830} INFO - Processing file /opt/airflow/dags/main.py for tasks to queue
[2026-02-18T23:36:15.818+0000] {logging_mixin.py:188} INFO - [2026-02-18T23:36:15.818+0000] {dagbag.py:545} INFO - Filling up the DagBag from /opt/airflow/dags/main.py
[2026-02-18T23:36:15.885+0000] {processor.py:840} INFO - DAG(s) 'update_db', 'produce_json' retrieved from /opt/airflow/dags/main.py
[2026-02-18T23:36:15.912+0000] {logging_mixin.py:188} INFO - [2026-02-18T23:36:15.912+0000] {dag.py:3096} INFO - Sync 2 DAGs
[2026-02-18T23:36:15.933+0000] {logging_mixin.py:188} INFO - [2026-02-18T23:36:15.933+0000] {dag.py:3954} INFO - Setting next_dagrun for produce_json to 2026-02-18 14:00:00+00:00, run_after=2026-02-19 14:00:00+00:00
[2026-02-18T23:36:15.938+0000] {logging_mixin.py:188} INFO - [2026-02-18T23:36:15.938+0000] {dag.py:3954} INFO - Setting next_dagrun for update_db to 2026-02-18 15:00:00+00:00, run_after=2026-02-19 15:00:00+00:00
[2026-02-18T23:36:15.957+0000] {processor.py:183} INFO - Processing /opt/airflow/dags/main.py took 0.147 seconds
[2026-02-18T23:36:46.112+0000] {processor.py:161} INFO - Started process (PID=628) to work on /opt/airflow/dags/main.py
[2026-02-18T23:36:46.113+0000] {processor.py:830} INFO - Processing file /opt/airflow/dags/main.py for tasks to queue
[2026-02-18T23:36:46.115+0000] {logging_mixin.py:188} INFO - [2026-02-18T23:36:46.114+0000] {dagbag.py:545} INFO - Filling up the DagBag from /opt/airflow/dags/main.py
[2026-02-18T23:36:46.194+0000] {processor.py:840} INFO - DAG(s) 'produce_json', 'update_db' retrieved from /opt/airflow/dags/main.py
[2026-02-18T23:36:46.229+0000] {logging_mixin.py:188} INFO - [2026-02-18T23:36:46.229+0000] {dag.py:3096} INFO - Sync 2 DAGs
[2026-02-18T23:36:46.250+0000] {logging_mixin.py:188} INFO - [2026-02-18T23:36:46.249+0000] {dag.py:3954} INFO - Setting next_dagrun for produce_json to 2026-02-18 14:00:00+00:00, run_after=2026-02-19 14:00:00+00:00
[2026-02-18T23:36:46.255+0000] {logging_mixin.py:188} INFO - [2026-02-18T23:36:46.255+0000] {dag.py:3954} INFO - Setting next_dagrun for update_db to 2026-02-18 15:00:00+00:00, run_after=2026-02-19 15:00:00+00:00
[2026-02-18T23:36:46.285+0000] {processor.py:183} INFO - Processing /opt/airflow/dags/main.py took 0.178 seconds
[2026-02-18T23:37:16.589+0000] {processor.py:161} INFO - Started process (PID=635) to work on /opt/airflow/dags/main.py
[2026-02-18T23:37:16.590+0000] {processor.py:830} INFO - Processing file /opt/airflow/dags/main.py for tasks to queue
[2026-02-18T23:37:16.591+0000] {logging_mixin.py:188} INFO - [2026-02-18T23:37:16.591+0000] {dagbag.py:545} INFO - Filling up the DagBag from /opt/airflow/dags/main.py
[2026-02-18T23:37:16.665+0000] {processor.py:840} INFO - DAG(s) 'produce_json', 'update_db' retrieved from /opt/airflow/dags/main.py
[2026-02-18T23:37:16.693+0000] {logging_mixin.py:188} INFO - [2026-02-18T23:37:16.693+0000] {dag.py:3096} INFO - Sync 2 DAGs
[2026-02-18T23:37:16.712+0000] {logging_mixin.py:188} INFO - [2026-02-18T23:37:16.712+0000] {dag.py:3954} INFO - Setting next_dagrun for produce_json to 2026-02-18 14:00:00+00:00, run_after=2026-02-19 14:00:00+00:00
[2026-02-18T23:37:16.718+0000] {logging_mixin.py:188} INFO - [2026-02-18T23:37:16.718+0000] {dag.py:3954} INFO - Setting next_dagrun for update_db to 2026-02-18 15:00:00+00:00, run_after=2026-02-19 15:00:00+00:00
[2026-02-18T23:37:16.747+0000] {processor.py:183} INFO - Processing /opt/airflow/dags/main.py took 0.164 seconds
[2026-02-18T23:37:46.838+0000] {processor.py:161} INFO - Started process (PID=642) to work on /opt/airflow/dags/main.py
[2026-02-18T23:37:46.840+0000] {processor.py:830} INFO - Processing file /opt/airflow/dags/main.py for tasks to queue
[2026-02-18T23:37:46.842+0000] {logging_mixin.py:188} INFO - [2026-02-18T23:37:46.841+0000] {dagbag.py:545} INFO - Filling up the DagBag from /opt/airflow/dags/main.py
[2026-02-18T23:37:46.922+0000] {processor.py:840} INFO - DAG(s) 'produce_json', 'update_db' retrieved from /opt/airflow/dags/main.py
[2026-02-18T23:37:46.955+0000] {logging_mixin.py:188} INFO - [2026-02-18T23:37:46.955+0000] {dag.py:3096} INFO - Sync 2 DAGs
[2026-02-18T23:37:46.978+0000] {logging_mixin.py:188} INFO - [2026-02-18T23:37:46.978+0000] {dag.py:3954} INFO - Setting next_dagrun for produce_json to 2026-02-18 14:00:00+00:00, run_after=2026-02-19 14:00:00+00:00
[2026-02-18T23:37:46.987+0000] {logging_mixin.py:188} INFO - [2026-02-18T23:37:46.987+0000] {dag.py:3954} INFO - Setting next_dagrun for update_db to 2026-02-18 15:00:00+00:00, run_after=2026-02-19 15:00:00+00:00
[2026-02-18T23:37:47.015+0000] {processor.py:183} INFO - Processing /opt/airflow/dags/main.py took 0.183 seconds
[2026-02-18T23:38:17.282+0000] {processor.py:161} INFO - Started process (PID=649) to work on /opt/airflow/dags/main.py
[2026-02-18T23:38:17.283+0000] {processor.py:830} INFO - Processing file /opt/airflow/dags/main.py for tasks to queue
[2026-02-18T23:38:17.285+0000] {logging_mixin.py:188} INFO - [2026-02-18T23:38:17.284+0000] {dagbag.py:545} INFO - Filling up the DagBag from /opt/airflow/dags/main.py
[2026-02-18T23:38:17.368+0000] {processor.py:840} INFO - DAG(s) 'produce_json', 'update_db' retrieved from /opt/airflow/dags/main.py
[2026-02-18T23:38:17.400+0000] {logging_mixin.py:188} INFO - [2026-02-18T23:38:17.400+0000] {dag.py:3096} INFO - Sync 2 DAGs
[2026-02-18T23:38:17.425+0000] {logging_mixin.py:188} INFO - [2026-02-18T23:38:17.424+0000] {dag.py:3954} INFO - Setting next_dagrun for produce_json to 2026-02-18 14:00:00+00:00, run_after=2026-02-19 14:00:00+00:00
[2026-02-18T23:38:17.430+0000] {logging_mixin.py:188} INFO - [2026-02-18T23:38:17.430+0000] {dag.py:3954} INFO - Setting next_dagrun for update_db to 2026-02-18 15:00:00+00:00, run_after=2026-02-19 15:00:00+00:00
[2026-02-18T23:38:17.460+0000] {processor.py:183} INFO - Processing /opt/airflow/dags/main.py took 0.185 seconds
[2026-02-18T23:38:47.527+0000] {processor.py:161} INFO - Started process (PID=656) to work on /opt/airflow/dags/main.py
[2026-02-18T23:38:47.528+0000] {processor.py:830} INFO - Processing file /opt/airflow/dags/main.py for tasks to queue
[2026-02-18T23:38:47.530+0000] {logging_mixin.py:188} INFO - [2026-02-18T23:38:47.529+0000] {dagbag.py:545} INFO - Filling up the DagBag from /opt/airflow/dags/main.py
[2026-02-18T23:38:47.612+0000] {processor.py:840} INFO - DAG(s) 'produce_json', 'update_db' retrieved from /opt/airflow/dags/main.py
[2026-02-18T23:38:47.647+0000] {logging_mixin.py:188} INFO - [2026-02-18T23:38:47.647+0000] {dag.py:3096} INFO - Sync 2 DAGs
[2026-02-18T23:38:47.672+0000] {logging_mixin.py:188} INFO - [2026-02-18T23:38:47.671+0000] {dag.py:3954} INFO - Setting next_dagrun for produce_json to 2026-02-18 14:00:00+00:00, run_after=2026-02-19 14:00:00+00:00
[2026-02-18T23:38:47.677+0000] {logging_mixin.py:188} INFO - [2026-02-18T23:38:47.677+0000] {dag.py:3954} INFO - Setting next_dagrun for update_db to 2026-02-18 15:00:00+00:00, run_after=2026-02-19 15:00:00+00:00
[2026-02-18T23:38:47.706+0000] {processor.py:183} INFO - Processing /opt/airflow/dags/main.py took 0.185 seconds
[2026-02-18T23:39:17.942+0000] {processor.py:161} INFO - Started process (PID=663) to work on /opt/airflow/dags/main.py
[2026-02-18T23:39:17.943+0000] {processor.py:830} INFO - Processing file /opt/airflow/dags/main.py for tasks to queue
[2026-02-18T23:39:17.946+0000] {logging_mixin.py:188} INFO - [2026-02-18T23:39:17.946+0000] {dagbag.py:545} INFO - Filling up the DagBag from /opt/airflow/dags/main.py
[2026-02-18T23:39:18.048+0000] {processor.py:840} INFO - DAG(s) 'update_db', 'produce_json' retrieved from /opt/airflow/dags/main.py
[2026-02-18T23:39:18.088+0000] {logging_mixin.py:188} INFO - [2026-02-18T23:39:18.087+0000] {dag.py:3096} INFO - Sync 2 DAGs
[2026-02-18T23:39:18.117+0000] {logging_mixin.py:188} INFO - [2026-02-18T23:39:18.117+0000] {dag.py:3954} INFO - Setting next_dagrun for produce_json to 2026-02-18 14:00:00+00:00, run_after=2026-02-19 14:00:00+00:00
[2026-02-18T23:39:18.124+0000] {logging_mixin.py:188} INFO - [2026-02-18T23:39:18.124+0000] {dag.py:3954} INFO - Setting next_dagrun for update_db to 2026-02-18 15:00:00+00:00, run_after=2026-02-19 15:00:00+00:00
[2026-02-18T23:39:18.146+0000] {processor.py:183} INFO - Processing /opt/airflow/dags/main.py took 0.212 seconds
[2026-02-18T23:39:48.186+0000] {processor.py:161} INFO - Started process (PID=670) to work on /opt/airflow/dags/main.py
[2026-02-18T23:39:48.187+0000] {processor.py:830} INFO - Processing file /opt/airflow/dags/main.py for tasks to queue
[2026-02-18T23:39:48.189+0000] {logging_mixin.py:188} INFO - [2026-02-18T23:39:48.189+0000] {dagbag.py:545} INFO - Filling up the DagBag from /opt/airflow/dags/main.py
[2026-02-18T23:39:48.263+0000] {processor.py:840} INFO - DAG(s) 'update_db', 'produce_json' retrieved from /opt/airflow/dags/main.py
[2026-02-18T23:39:48.295+0000] {logging_mixin.py:188} INFO - [2026-02-18T23:39:48.295+0000] {dag.py:3096} INFO - Sync 2 DAGs
[2026-02-18T23:39:48.321+0000] {logging_mixin.py:188} INFO - [2026-02-18T23:39:48.321+0000] {dag.py:3954} INFO - Setting next_dagrun for produce_json to 2026-02-18 14:00:00+00:00, run_after=2026-02-19 14:00:00+00:00
[2026-02-18T23:39:48.327+0000] {logging_mixin.py:188} INFO - [2026-02-18T23:39:48.327+0000] {dag.py:3954} INFO - Setting next_dagrun for update_db to 2026-02-18 15:00:00+00:00, run_after=2026-02-19 15:00:00+00:00
[2026-02-18T23:39:48.348+0000] {processor.py:183} INFO - Processing /opt/airflow/dags/main.py took 0.169 seconds
[2026-02-18T23:40:18.449+0000] {processor.py:161} INFO - Started process (PID=677) to work on /opt/airflow/dags/main.py
[2026-02-18T23:40:18.450+0000] {processor.py:830} INFO - Processing file /opt/airflow/dags/main.py for tasks to queue
[2026-02-18T23:40:18.452+0000] {logging_mixin.py:188} INFO - [2026-02-18T23:40:18.452+0000] {dagbag.py:545} INFO - Filling up the DagBag from /opt/airflow/dags/main.py
[2026-02-18T23:40:18.522+0000] {processor.py:840} INFO - DAG(s) 'update_db', 'produce_json' retrieved from /opt/airflow/dags/main.py
[2026-02-18T23:40:18.552+0000] {logging_mixin.py:188} INFO - [2026-02-18T23:40:18.552+0000] {dag.py:3096} INFO - Sync 2 DAGs
[2026-02-18T23:40:18.573+0000] {logging_mixin.py:188} INFO - [2026-02-18T23:40:18.573+0000] {dag.py:3954} INFO - Setting next_dagrun for produce_json to 2026-02-18 14:00:00+00:00, run_after=2026-02-19 14:00:00+00:00
[2026-02-18T23:40:18.578+0000] {logging_mixin.py:188} INFO - [2026-02-18T23:40:18.578+0000] {dag.py:3954} INFO - Setting next_dagrun for update_db to 2026-02-18 15:00:00+00:00, run_after=2026-02-19 15:00:00+00:00
[2026-02-18T23:40:18.611+0000] {processor.py:183} INFO - Processing /opt/airflow/dags/main.py took 0.167 seconds
[2026-02-18T23:40:48.797+0000] {processor.py:161} INFO - Started process (PID=684) to work on /opt/airflow/dags/main.py
[2026-02-18T23:40:48.798+0000] {processor.py:830} INFO - Processing file /opt/airflow/dags/main.py for tasks to queue
[2026-02-18T23:40:48.800+0000] {logging_mixin.py:188} INFO - [2026-02-18T23:40:48.800+0000] {dagbag.py:545} INFO - Filling up the DagBag from /opt/airflow/dags/main.py
[2026-02-18T23:40:48.878+0000] {processor.py:840} INFO - DAG(s) 'produce_json', 'update_db' retrieved from /opt/airflow/dags/main.py
[2026-02-18T23:40:48.909+0000] {logging_mixin.py:188} INFO - [2026-02-18T23:40:48.909+0000] {dag.py:3096} INFO - Sync 2 DAGs
[2026-02-18T23:40:48.934+0000] {logging_mixin.py:188} INFO - [2026-02-18T23:40:48.934+0000] {dag.py:3954} INFO - Setting next_dagrun for produce_json to 2026-02-18 14:00:00+00:00, run_after=2026-02-19 14:00:00+00:00
[2026-02-18T23:40:48.940+0000] {logging_mixin.py:188} INFO - [2026-02-18T23:40:48.939+0000] {dag.py:3954} INFO - Setting next_dagrun for update_db to 2026-02-18 15:00:00+00:00, run_after=2026-02-19 15:00:00+00:00
[2026-02-18T23:40:48.966+0000] {processor.py:183} INFO - Processing /opt/airflow/dags/main.py took 0.176 seconds
[2026-02-18T23:41:19.036+0000] {processor.py:161} INFO - Started process (PID=691) to work on /opt/airflow/dags/main.py
[2026-02-18T23:41:19.037+0000] {processor.py:830} INFO - Processing file /opt/airflow/dags/main.py for tasks to queue
[2026-02-18T23:41:19.040+0000] {logging_mixin.py:188} INFO - [2026-02-18T23:41:19.039+0000] {dagbag.py:545} INFO - Filling up the DagBag from /opt/airflow/dags/main.py
[2026-02-18T23:41:19.154+0000] {processor.py:840} INFO - DAG(s) 'produce_json', 'update_db' retrieved from /opt/airflow/dags/main.py
[2026-02-18T23:41:19.194+0000] {logging_mixin.py:188} INFO - [2026-02-18T23:41:19.194+0000] {dag.py:3096} INFO - Sync 2 DAGs
[2026-02-18T23:41:19.220+0000] {logging_mixin.py:188} INFO - [2026-02-18T23:41:19.219+0000] {dag.py:3954} INFO - Setting next_dagrun for produce_json to 2026-02-18 14:00:00+00:00, run_after=2026-02-19 14:00:00+00:00
[2026-02-18T23:41:19.227+0000] {logging_mixin.py:188} INFO - [2026-02-18T23:41:19.227+0000] {dag.py:3954} INFO - Setting next_dagrun for update_db to 2026-02-18 15:00:00+00:00, run_after=2026-02-19 15:00:00+00:00
[2026-02-18T23:41:19.249+0000] {processor.py:183} INFO - Processing /opt/airflow/dags/main.py took 0.220 seconds
[2026-02-18T23:41:49.392+0000] {processor.py:161} INFO - Started process (PID=710) to work on /opt/airflow/dags/main.py
[2026-02-18T23:41:49.393+0000] {processor.py:830} INFO - Processing file /opt/airflow/dags/main.py for tasks to queue
[2026-02-18T23:41:49.395+0000] {logging_mixin.py:188} INFO - [2026-02-18T23:41:49.395+0000] {dagbag.py:545} INFO - Filling up the DagBag from /opt/airflow/dags/main.py
[2026-02-18T23:41:49.478+0000] {processor.py:840} INFO - DAG(s) 'update_db', 'produce_json' retrieved from /opt/airflow/dags/main.py
[2026-02-18T23:41:49.513+0000] {logging_mixin.py:188} INFO - [2026-02-18T23:41:49.513+0000] {dag.py:3096} INFO - Sync 2 DAGs
[2026-02-18T23:41:49.538+0000] {logging_mixin.py:188} INFO - [2026-02-18T23:41:49.537+0000] {dag.py:3954} INFO - Setting next_dagrun for produce_json to 2026-02-18 14:00:00+00:00, run_after=2026-02-19 14:00:00+00:00
[2026-02-18T23:41:49.543+0000] {logging_mixin.py:188} INFO - [2026-02-18T23:41:49.543+0000] {dag.py:3954} INFO - Setting next_dagrun for update_db to 2026-02-18 15:00:00+00:00, run_after=2026-02-19 15:00:00+00:00
[2026-02-18T23:41:49.564+0000] {processor.py:183} INFO - Processing /opt/airflow/dags/main.py took 0.178 seconds
[2026-02-18T23:42:19.890+0000] {processor.py:161} INFO - Started process (PID=723) to work on /opt/airflow/dags/main.py
[2026-02-18T23:42:19.891+0000] {processor.py:830} INFO - Processing file /opt/airflow/dags/main.py for tasks to queue
[2026-02-18T23:42:19.894+0000] {logging_mixin.py:188} INFO - [2026-02-18T23:42:19.893+0000] {dagbag.py:545} INFO - Filling up the DagBag from /opt/airflow/dags/main.py
[2026-02-18T23:42:19.971+0000] {processor.py:840} INFO - DAG(s) 'update_db', 'produce_json' retrieved from /opt/airflow/dags/main.py
[2026-02-18T23:42:20.008+0000] {logging_mixin.py:188} INFO - [2026-02-18T23:42:20.007+0000] {dag.py:3096} INFO - Sync 2 DAGs
[2026-02-18T23:42:20.031+0000] {logging_mixin.py:188} INFO - [2026-02-18T23:42:20.031+0000] {dag.py:3954} INFO - Setting next_dagrun for produce_json to 2026-02-18 14:00:00+00:00, run_after=2026-02-19 14:00:00+00:00
[2026-02-18T23:42:20.036+0000] {logging_mixin.py:188} INFO - [2026-02-18T23:42:20.036+0000] {dag.py:3954} INFO - Setting next_dagrun for update_db to 2026-02-18 15:00:00+00:00, run_after=2026-02-19 15:00:00+00:00
[2026-02-18T23:42:20.057+0000] {processor.py:183} INFO - Processing /opt/airflow/dags/main.py took 0.174 seconds
[2026-02-18T23:42:50.129+0000] {processor.py:161} INFO - Started process (PID=730) to work on /opt/airflow/dags/main.py
[2026-02-18T23:42:50.131+0000] {processor.py:830} INFO - Processing file /opt/airflow/dags/main.py for tasks to queue
[2026-02-18T23:42:50.133+0000] {logging_mixin.py:188} INFO - [2026-02-18T23:42:50.133+0000] {dagbag.py:545} INFO - Filling up the DagBag from /opt/airflow/dags/main.py
[2026-02-18T23:42:50.210+0000] {processor.py:840} INFO - DAG(s) 'update_db', 'produce_json' retrieved from /opt/airflow/dags/main.py
[2026-02-18T23:42:50.241+0000] {logging_mixin.py:188} INFO - [2026-02-18T23:42:50.240+0000] {dag.py:3096} INFO - Sync 2 DAGs
[2026-02-18T23:42:50.261+0000] {logging_mixin.py:188} INFO - [2026-02-18T23:42:50.261+0000] {dag.py:3954} INFO - Setting next_dagrun for produce_json to 2026-02-18 14:00:00+00:00, run_after=2026-02-19 14:00:00+00:00
[2026-02-18T23:42:50.267+0000] {logging_mixin.py:188} INFO - [2026-02-18T23:42:50.266+0000] {dag.py:3954} INFO - Setting next_dagrun for update_db to 2026-02-18 15:00:00+00:00, run_after=2026-02-19 15:00:00+00:00
[2026-02-18T23:42:50.286+0000] {processor.py:183} INFO - Processing /opt/airflow/dags/main.py took 0.162 seconds
[2026-02-18T23:43:20.389+0000] {processor.py:161} INFO - Started process (PID=743) to work on /opt/airflow/dags/main.py
[2026-02-18T23:43:20.390+0000] {processor.py:830} INFO - Processing file /opt/airflow/dags/main.py for tasks to queue
[2026-02-18T23:43:20.393+0000] {logging_mixin.py:188} INFO - [2026-02-18T23:43:20.393+0000] {dagbag.py:545} INFO - Filling up the DagBag from /opt/airflow/dags/main.py
[2026-02-18T23:43:20.484+0000] {processor.py:840} INFO - DAG(s) 'produce_json', 'update_db' retrieved from /opt/airflow/dags/main.py
[2026-02-18T23:43:20.513+0000] {logging_mixin.py:188} INFO - [2026-02-18T23:43:20.513+0000] {dag.py:3096} INFO - Sync 2 DAGs
[2026-02-18T23:43:20.536+0000] {logging_mixin.py:188} INFO - [2026-02-18T23:43:20.536+0000] {dag.py:3954} INFO - Setting next_dagrun for produce_json to 2026-02-18 14:00:00+00:00, run_after=2026-02-19 14:00:00+00:00
[2026-02-18T23:43:20.541+0000] {logging_mixin.py:188} INFO - [2026-02-18T23:43:20.541+0000] {dag.py:3954} INFO - Setting next_dagrun for update_db to 2026-02-18 15:00:00+00:00, run_after=2026-02-19 15:00:00+00:00
[2026-02-18T23:43:20.561+0000] {processor.py:183} INFO - Processing /opt/airflow/dags/main.py took 0.181 seconds
[2026-02-18T23:43:50.728+0000] {processor.py:161} INFO - Started process (PID=756) to work on /opt/airflow/dags/main.py
[2026-02-18T23:43:50.729+0000] {processor.py:830} INFO - Processing file /opt/airflow/dags/main.py for tasks to queue
[2026-02-18T23:43:50.731+0000] {logging_mixin.py:188} INFO - [2026-02-18T23:43:50.731+0000] {dagbag.py:545} INFO - Filling up the DagBag from /opt/airflow/dags/main.py
[2026-02-18T23:43:50.797+0000] {processor.py:840} INFO - DAG(s) 'produce_json', 'update_db' retrieved from /opt/airflow/dags/main.py
[2026-02-18T23:43:50.824+0000] {logging_mixin.py:188} INFO - [2026-02-18T23:43:50.824+0000] {dag.py:3096} INFO - Sync 2 DAGs
[2026-02-18T23:43:50.845+0000] {logging_mixin.py:188} INFO - [2026-02-18T23:43:50.844+0000] {dag.py:3954} INFO - Setting next_dagrun for produce_json to 2026-02-18 14:00:00+00:00, run_after=2026-02-19 14:00:00+00:00
[2026-02-18T23:43:50.849+0000] {logging_mixin.py:188} INFO - [2026-02-18T23:43:50.849+0000] {dag.py:3954} INFO - Setting next_dagrun for update_db to 2026-02-18 15:00:00+00:00, run_after=2026-02-19 15:00:00+00:00
[2026-02-18T23:43:50.871+0000] {processor.py:183} INFO - Processing /opt/airflow/dags/main.py took 0.149 seconds
[2026-02-18T23:44:21.032+0000] {processor.py:161} INFO - Started process (PID=763) to work on /opt/airflow/dags/main.py
[2026-02-18T23:44:21.033+0000] {processor.py:830} INFO - Processing file /opt/airflow/dags/main.py for tasks to queue
[2026-02-18T23:44:21.035+0000] {logging_mixin.py:188} INFO - [2026-02-18T23:44:21.035+0000] {dagbag.py:545} INFO - Filling up the DagBag from /opt/airflow/dags/main.py
[2026-02-18T23:44:21.114+0000] {processor.py:840} INFO - DAG(s) 'update_db', 'produce_json' retrieved from /opt/airflow/dags/main.py
[2026-02-18T23:44:21.144+0000] {logging_mixin.py:188} INFO - [2026-02-18T23:44:21.144+0000] {dag.py:3096} INFO - Sync 2 DAGs
[2026-02-18T23:44:21.176+0000] {logging_mixin.py:188} INFO - [2026-02-18T23:44:21.176+0000] {dag.py:3954} INFO - Setting next_dagrun for produce_json to 2026-02-18 14:00:00+00:00, run_after=2026-02-19 14:00:00+00:00
[2026-02-18T23:44:21.182+0000] {logging_mixin.py:188} INFO - [2026-02-18T23:44:21.182+0000] {dag.py:3954} INFO - Setting next_dagrun for update_db to 2026-02-18 15:00:00+00:00, run_after=2026-02-19 15:00:00+00:00
[2026-02-18T23:44:21.203+0000] {processor.py:183} INFO - Processing /opt/airflow/dags/main.py took 0.177 seconds
[2026-02-18T23:44:51.316+0000] {processor.py:161} INFO - Started process (PID=770) to work on /opt/airflow/dags/main.py
[2026-02-18T23:44:51.317+0000] {processor.py:830} INFO - Processing file /opt/airflow/dags/main.py for tasks to queue
[2026-02-18T23:44:51.319+0000] {logging_mixin.py:188} INFO - [2026-02-18T23:44:51.318+0000] {dagbag.py:545} INFO - Filling up the DagBag from /opt/airflow/dags/main.py
[2026-02-18T23:44:51.395+0000] {processor.py:840} INFO - DAG(s) 'update_db', 'produce_json' retrieved from /opt/airflow/dags/main.py
[2026-02-18T23:44:51.427+0000] {logging_mixin.py:188} INFO - [2026-02-18T23:44:51.426+0000] {dag.py:3096} INFO - Sync 2 DAGs
[2026-02-18T23:44:51.448+0000] {logging_mixin.py:188} INFO - [2026-02-18T23:44:51.448+0000] {dag.py:3954} INFO - Setting next_dagrun for produce_json to 2026-02-18 14:00:00+00:00, run_after=2026-02-19 14:00:00+00:00
[2026-02-18T23:44:51.453+0000] {logging_mixin.py:188} INFO - [2026-02-18T23:44:51.453+0000] {dag.py:3954} INFO - Setting next_dagrun for update_db to 2026-02-18 15:00:00+00:00, run_after=2026-02-19 15:00:00+00:00
[2026-02-18T23:44:51.473+0000] {processor.py:183} INFO - Processing /opt/airflow/dags/main.py took 0.168 seconds
[2026-02-18T23:45:21.636+0000] {processor.py:161} INFO - Started process (PID=777) to work on /opt/airflow/dags/main.py
[2026-02-18T23:45:21.637+0000] {processor.py:830} INFO - Processing file /opt/airflow/dags/main.py for tasks to queue
[2026-02-18T23:45:21.640+0000] {logging_mixin.py:188} INFO - [2026-02-18T23:45:21.639+0000] {dagbag.py:545} INFO - Filling up the DagBag from /opt/airflow/dags/main.py
[2026-02-18T23:45:21.716+0000] {processor.py:840} INFO - DAG(s) 'produce_json', 'update_db' retrieved from /opt/airflow/dags/main.py
[2026-02-18T23:45:21.744+0000] {logging_mixin.py:188} INFO - [2026-02-18T23:45:21.744+0000] {dag.py:3096} INFO - Sync 2 DAGs
[2026-02-18T23:45:21.763+0000] {logging_mixin.py:188} INFO - [2026-02-18T23:45:21.763+0000] {dag.py:3954} INFO - Setting next_dagrun for produce_json to 2026-02-18 14:00:00+00:00, run_after=2026-02-19 14:00:00+00:00
[2026-02-18T23:45:21.768+0000] {logging_mixin.py:188} INFO - [2026-02-18T23:45:21.768+0000] {dag.py:3954} INFO - Setting next_dagrun for update_db to 2026-02-18 15:00:00+00:00, run_after=2026-02-19 15:00:00+00:00
[2026-02-18T23:45:21.787+0000] {processor.py:183} INFO - Processing /opt/airflow/dags/main.py took 0.157 seconds
[2026-02-18T23:45:51.921+0000] {processor.py:161} INFO - Started process (PID=784) to work on /opt/airflow/dags/main.py
[2026-02-18T23:45:51.922+0000] {processor.py:830} INFO - Processing file /opt/airflow/dags/main.py for tasks to queue
[2026-02-18T23:45:51.925+0000] {logging_mixin.py:188} INFO - [2026-02-18T23:45:51.924+0000] {dagbag.py:545} INFO - Filling up the DagBag from /opt/airflow/dags/main.py
[2026-02-18T23:45:51.996+0000] {processor.py:840} INFO - DAG(s) 'produce_json', 'update_db' retrieved from /opt/airflow/dags/main.py
[2026-02-18T23:45:52.028+0000] {logging_mixin.py:188} INFO - [2026-02-18T23:45:52.028+0000] {dag.py:3096} INFO - Sync 2 DAGs
[2026-02-18T23:45:52.051+0000] {logging_mixin.py:188} INFO - [2026-02-18T23:45:52.051+0000] {dag.py:3954} INFO - Setting next_dagrun for produce_json to 2026-02-18 14:00:00+00:00, run_after=2026-02-19 14:00:00+00:00
[2026-02-18T23:45:52.056+0000] {logging_mixin.py:188} INFO - [2026-02-18T23:45:52.056+0000] {dag.py:3954} INFO - Setting next_dagrun for update_db to 2026-02-18 15:00:00+00:00, run_after=2026-02-19 15:00:00+00:00
[2026-02-18T23:45:52.074+0000] {processor.py:183} INFO - Processing /opt/airflow/dags/main.py took 0.160 seconds
[2026-02-18T23:46:22.208+0000] {processor.py:161} INFO - Started process (PID=791) to work on /opt/airflow/dags/main.py
[2026-02-18T23:46:22.210+0000] {processor.py:830} INFO - Processing file /opt/airflow/dags/main.py for tasks to queue
[2026-02-18T23:46:22.213+0000] {logging_mixin.py:188} INFO - [2026-02-18T23:46:22.213+0000] {dagbag.py:545} INFO - Filling up the DagBag from /opt/airflow/dags/main.py
[2026-02-18T23:46:22.289+0000] {processor.py:840} INFO - DAG(s) 'update_db', 'produce_json' retrieved from /opt/airflow/dags/main.py
[2026-02-18T23:46:22.326+0000] {logging_mixin.py:188} INFO - [2026-02-18T23:46:22.326+0000] {dag.py:3096} INFO - Sync 2 DAGs
[2026-02-18T23:46:22.352+0000] {logging_mixin.py:188} INFO - [2026-02-18T23:46:22.352+0000] {dag.py:3954} INFO - Setting next_dagrun for produce_json to 2026-02-18 14:00:00+00:00, run_after=2026-02-19 14:00:00+00:00
[2026-02-18T23:46:22.359+0000] {logging_mixin.py:188} INFO - [2026-02-18T23:46:22.359+0000] {dag.py:3954} INFO - Setting next_dagrun for update_db to 2026-02-18 15:00:00+00:00, run_after=2026-02-19 15:00:00+00:00
[2026-02-18T23:46:22.383+0000] {processor.py:183} INFO - Processing /opt/airflow/dags/main.py took 0.182 seconds
[2026-02-18T23:46:52.761+0000] {processor.py:161} INFO - Started process (PID=798) to work on /opt/airflow/dags/main.py
[2026-02-18T23:46:52.763+0000] {processor.py:830} INFO - Processing file /opt/airflow/dags/main.py for tasks to queue
[2026-02-18T23:46:52.765+0000] {logging_mixin.py:188} INFO - [2026-02-18T23:46:52.765+0000] {dagbag.py:545} INFO - Filling up the DagBag from /opt/airflow/dags/main.py
[2026-02-18T23:46:52.850+0000] {processor.py:840} INFO - DAG(s) 'update_db', 'produce_json' retrieved from /opt/airflow/dags/main.py
[2026-02-18T23:46:52.893+0000] {logging_mixin.py:188} INFO - [2026-02-18T23:46:52.893+0000] {dag.py:3096} INFO - Sync 2 DAGs
[2026-02-18T23:46:52.928+0000] {logging_mixin.py:188} INFO - [2026-02-18T23:46:52.927+0000] {dag.py:3954} INFO - Setting next_dagrun for produce_json to 2026-02-18 14:00:00+00:00, run_after=2026-02-19 14:00:00+00:00
[2026-02-18T23:46:52.934+0000] {logging_mixin.py:188} INFO - [2026-02-18T23:46:52.934+0000] {dag.py:3954} INFO - Setting next_dagrun for update_db to 2026-02-18 15:00:00+00:00, run_after=2026-02-19 15:00:00+00:00
[2026-02-18T23:46:52.967+0000] {processor.py:183} INFO - Processing /opt/airflow/dags/main.py took 0.216 seconds
[2026-02-18T23:47:23.017+0000] {processor.py:161} INFO - Started process (PID=805) to work on /opt/airflow/dags/main.py
[2026-02-18T23:47:23.018+0000] {processor.py:830} INFO - Processing file /opt/airflow/dags/main.py for tasks to queue
[2026-02-18T23:47:23.020+0000] {logging_mixin.py:188} INFO - [2026-02-18T23:47:23.020+0000] {dagbag.py:545} INFO - Filling up the DagBag from /opt/airflow/dags/main.py
[2026-02-18T23:47:23.092+0000] {processor.py:840} INFO - DAG(s) 'update_db', 'produce_json' retrieved from /opt/airflow/dags/main.py
[2026-02-18T23:47:23.123+0000] {logging_mixin.py:188} INFO - [2026-02-18T23:47:23.122+0000] {dag.py:3096} INFO - Sync 2 DAGs
[2026-02-18T23:47:23.145+0000] {logging_mixin.py:188} INFO - [2026-02-18T23:47:23.145+0000] {dag.py:3954} INFO - Setting next_dagrun for produce_json to 2026-02-18 14:00:00+00:00, run_after=2026-02-19 14:00:00+00:00
[2026-02-18T23:47:23.150+0000] {logging_mixin.py:188} INFO - [2026-02-18T23:47:23.150+0000] {dag.py:3954} INFO - Setting next_dagrun for update_db to 2026-02-18 15:00:00+00:00, run_after=2026-02-19 15:00:00+00:00
[2026-02-18T23:47:23.180+0000] {processor.py:183} INFO - Processing /opt/airflow/dags/main.py took 0.168 seconds
[2026-02-18T23:47:53.414+0000] {processor.py:161} INFO - Started process (PID=812) to work on /opt/airflow/dags/main.py
[2026-02-18T23:47:53.415+0000] {processor.py:830} INFO - Processing file /opt/airflow/dags/main.py for tasks to queue
[2026-02-18T23:47:53.417+0000] {logging_mixin.py:188} INFO - [2026-02-18T23:47:53.417+0000] {dagbag.py:545} INFO - Filling up the DagBag from /opt/airflow/dags/main.py
[2026-02-18T23:47:53.495+0000] {processor.py:840} INFO - DAG(s) 'update_db', 'produce_json' retrieved from /opt/airflow/dags/main.py
[2026-02-18T23:47:53.526+0000] {logging_mixin.py:188} INFO - [2026-02-18T23:47:53.526+0000] {dag.py:3096} INFO - Sync 2 DAGs
[2026-02-18T23:47:53.551+0000] {logging_mixin.py:188} INFO - [2026-02-18T23:47:53.550+0000] {dag.py:3954} INFO - Setting next_dagrun for produce_json to 2026-02-18 14:00:00+00:00, run_after=2026-02-19 14:00:00+00:00
[2026-02-18T23:47:53.557+0000] {logging_mixin.py:188} INFO - [2026-02-18T23:47:53.557+0000] {dag.py:3954} INFO - Setting next_dagrun for update_db to 2026-02-18 15:00:00+00:00, run_after=2026-02-19 15:00:00+00:00
[2026-02-18T23:47:53.576+0000] {processor.py:183} INFO - Processing /opt/airflow/dags/main.py took 0.168 seconds
[2026-02-18T23:48:23.696+0000] {processor.py:161} INFO - Started process (PID=819) to work on /opt/airflow/dags/main.py
[2026-02-18T23:48:23.697+0000] {processor.py:830} INFO - Processing file /opt/airflow/dags/main.py for tasks to queue
[2026-02-18T23:48:23.700+0000] {logging_mixin.py:188} INFO - [2026-02-18T23:48:23.699+0000] {dagbag.py:545} INFO - Filling up the DagBag from /opt/airflow/dags/main.py
[2026-02-18T23:48:23.780+0000] {processor.py:840} INFO - DAG(s) 'update_db', 'produce_json' retrieved from /opt/airflow/dags/main.py
[2026-02-18T23:48:23.811+0000] {logging_mixin.py:188} INFO - [2026-02-18T23:48:23.811+0000] {dag.py:3096} INFO - Sync 2 DAGs
[2026-02-18T23:48:23.835+0000] {logging_mixin.py:188} INFO - [2026-02-18T23:48:23.834+0000] {dag.py:3954} INFO - Setting next_dagrun for produce_json to 2026-02-18 14:00:00+00:00, run_after=2026-02-19 14:00:00+00:00
[2026-02-18T23:48:23.840+0000] {logging_mixin.py:188} INFO - [2026-02-18T23:48:23.840+0000] {dag.py:3954} INFO - Setting next_dagrun for update_db to 2026-02-18 15:00:00+00:00, run_after=2026-02-19 15:00:00+00:00
[2026-02-18T23:48:23.869+0000] {processor.py:183} INFO - Processing /opt/airflow/dags/main.py took 0.178 seconds
[2026-02-18T23:48:54.115+0000] {processor.py:161} INFO - Started process (PID=826) to work on /opt/airflow/dags/main.py
[2026-02-18T23:48:54.115+0000] {processor.py:830} INFO - Processing file /opt/airflow/dags/main.py for tasks to queue
[2026-02-18T23:48:54.117+0000] {logging_mixin.py:188} INFO - [2026-02-18T23:48:54.117+0000] {dagbag.py:545} INFO - Filling up the DagBag from /opt/airflow/dags/main.py
[2026-02-18T23:48:54.189+0000] {processor.py:840} INFO - DAG(s) 'update_db', 'produce_json' retrieved from /opt/airflow/dags/main.py
[2026-02-18T23:48:54.220+0000] {logging_mixin.py:188} INFO - [2026-02-18T23:48:54.220+0000] {dag.py:3096} INFO - Sync 2 DAGs
[2026-02-18T23:48:54.242+0000] {logging_mixin.py:188} INFO - [2026-02-18T23:48:54.242+0000] {dag.py:3954} INFO - Setting next_dagrun for produce_json to 2026-02-18 14:00:00+00:00, run_after=2026-02-19 14:00:00+00:00
[2026-02-18T23:48:54.247+0000] {logging_mixin.py:188} INFO - [2026-02-18T23:48:54.247+0000] {dag.py:3954} INFO - Setting next_dagrun for update_db to 2026-02-18 15:00:00+00:00, run_after=2026-02-19 15:00:00+00:00
[2026-02-18T23:48:54.277+0000] {processor.py:183} INFO - Processing /opt/airflow/dags/main.py took 0.168 seconds
[2026-02-18T23:49:24.448+0000] {processor.py:161} INFO - Started process (PID=833) to work on /opt/airflow/dags/main.py
[2026-02-18T23:49:24.449+0000] {processor.py:830} INFO - Processing file /opt/airflow/dags/main.py for tasks to queue
[2026-02-18T23:49:24.451+0000] {logging_mixin.py:188} INFO - [2026-02-18T23:49:24.451+0000] {dagbag.py:545} INFO - Filling up the DagBag from /opt/airflow/dags/main.py
[2026-02-18T23:49:24.526+0000] {processor.py:840} INFO - DAG(s) 'update_db', 'produce_json' retrieved from /opt/airflow/dags/main.py
[2026-02-18T23:49:24.558+0000] {logging_mixin.py:188} INFO - [2026-02-18T23:49:24.558+0000] {dag.py:3096} INFO - Sync 2 DAGs
[2026-02-18T23:49:24.580+0000] {logging_mixin.py:188} INFO - [2026-02-18T23:49:24.580+0000] {dag.py:3954} INFO - Setting next_dagrun for produce_json to 2026-02-18 14:00:00+00:00, run_after=2026-02-19 14:00:00+00:00
[2026-02-18T23:49:24.586+0000] {logging_mixin.py:188} INFO - [2026-02-18T23:49:24.586+0000] {dag.py:3954} INFO - Setting next_dagrun for update_db to 2026-02-18 15:00:00+00:00, run_after=2026-02-19 15:00:00+00:00
[2026-02-18T23:49:24.616+0000] {processor.py:183} INFO - Processing /opt/airflow/dags/main.py took 0.174 seconds
[2026-02-18T23:49:54.812+0000] {processor.py:161} INFO - Started process (PID=840) to work on /opt/airflow/dags/main.py
[2026-02-18T23:49:54.813+0000] {processor.py:830} INFO - Processing file /opt/airflow/dags/main.py for tasks to queue
[2026-02-18T23:49:54.816+0000] {logging_mixin.py:188} INFO - [2026-02-18T23:49:54.815+0000] {dagbag.py:545} INFO - Filling up the DagBag from /opt/airflow/dags/main.py
[2026-02-18T23:49:54.892+0000] {processor.py:840} INFO - DAG(s) 'produce_json', 'update_db' retrieved from /opt/airflow/dags/main.py
[2026-02-18T23:49:54.925+0000] {logging_mixin.py:188} INFO - [2026-02-18T23:49:54.924+0000] {dag.py:3096} INFO - Sync 2 DAGs
[2026-02-18T23:49:54.947+0000] {logging_mixin.py:188} INFO - [2026-02-18T23:49:54.946+0000] {dag.py:3954} INFO - Setting next_dagrun for produce_json to 2026-02-18 14:00:00+00:00, run_after=2026-02-19 14:00:00+00:00
[2026-02-18T23:49:54.954+0000] {logging_mixin.py:188} INFO - [2026-02-18T23:49:54.954+0000] {dag.py:3954} INFO - Setting next_dagrun for update_db to 2026-02-18 15:00:00+00:00, run_after=2026-02-19 15:00:00+00:00
[2026-02-18T23:49:54.975+0000] {processor.py:183} INFO - Processing /opt/airflow/dags/main.py took 0.168 seconds
[2026-02-18T23:50:25.144+0000] {processor.py:161} INFO - Started process (PID=847) to work on /opt/airflow/dags/main.py
[2026-02-18T23:50:25.145+0000] {processor.py:830} INFO - Processing file /opt/airflow/dags/main.py for tasks to queue
[2026-02-18T23:50:25.147+0000] {logging_mixin.py:188} INFO - [2026-02-18T23:50:25.147+0000] {dagbag.py:545} INFO - Filling up the DagBag from /opt/airflow/dags/main.py
[2026-02-18T23:50:25.218+0000] {processor.py:840} INFO - DAG(s) 'produce_json', 'update_db' retrieved from /opt/airflow/dags/main.py
[2026-02-18T23:50:25.248+0000] {logging_mixin.py:188} INFO - [2026-02-18T23:50:25.248+0000] {dag.py:3096} INFO - Sync 2 DAGs
[2026-02-18T23:50:25.270+0000] {logging_mixin.py:188} INFO - [2026-02-18T23:50:25.270+0000] {dag.py:3954} INFO - Setting next_dagrun for produce_json to 2026-02-18 14:00:00+00:00, run_after=2026-02-19 14:00:00+00:00
[2026-02-18T23:50:25.275+0000] {logging_mixin.py:188} INFO - [2026-02-18T23:50:25.275+0000] {dag.py:3954} INFO - Setting next_dagrun for update_db to 2026-02-18 15:00:00+00:00, run_after=2026-02-19 15:00:00+00:00
[2026-02-18T23:50:25.306+0000] {processor.py:183} INFO - Processing /opt/airflow/dags/main.py took 0.168 seconds
[2026-02-18T23:50:55.500+0000] {processor.py:161} INFO - Started process (PID=854) to work on /opt/airflow/dags/main.py
[2026-02-18T23:50:55.501+0000] {processor.py:830} INFO - Processing file /opt/airflow/dags/main.py for tasks to queue
[2026-02-18T23:50:55.503+0000] {logging_mixin.py:188} INFO - [2026-02-18T23:50:55.503+0000] {dagbag.py:545} INFO - Filling up the DagBag from /opt/airflow/dags/main.py
[2026-02-18T23:50:55.576+0000] {processor.py:840} INFO - DAG(s) 'produce_json', 'update_db' retrieved from /opt/airflow/dags/main.py
[2026-02-18T23:50:55.608+0000] {logging_mixin.py:188} INFO - [2026-02-18T23:50:55.608+0000] {dag.py:3096} INFO - Sync 2 DAGs
[2026-02-18T23:50:55.629+0000] {logging_mixin.py:188} INFO - [2026-02-18T23:50:55.629+0000] {dag.py:3954} INFO - Setting next_dagrun for produce_json to 2026-02-18 14:00:00+00:00, run_after=2026-02-19 14:00:00+00:00
[2026-02-18T23:50:55.635+0000] {logging_mixin.py:188} INFO - [2026-02-18T23:50:55.634+0000] {dag.py:3954} INFO - Setting next_dagrun for update_db to 2026-02-18 15:00:00+00:00, run_after=2026-02-19 15:00:00+00:00
[2026-02-18T23:50:55.656+0000] {processor.py:183} INFO - Processing /opt/airflow/dags/main.py took 0.162 seconds
[2026-02-18T23:51:25.757+0000] {processor.py:161} INFO - Started process (PID=861) to work on /opt/airflow/dags/main.py
[2026-02-18T23:51:25.758+0000] {processor.py:830} INFO - Processing file /opt/airflow/dags/main.py for tasks to queue
[2026-02-18T23:51:25.760+0000] {logging_mixin.py:188} INFO - [2026-02-18T23:51:25.760+0000] {dagbag.py:545} INFO - Filling up the DagBag from /opt/airflow/dags/main.py
[2026-02-18T23:51:25.882+0000] {processor.py:840} INFO - DAG(s) 'produce_json', 'update_db' retrieved from /opt/airflow/dags/main.py
[2026-02-18T23:51:25.927+0000] {logging_mixin.py:188} INFO - [2026-02-18T23:51:25.927+0000] {dag.py:3096} INFO - Sync 2 DAGs
[2026-02-18T23:51:25.952+0000] {logging_mixin.py:188} INFO - [2026-02-18T23:51:25.952+0000] {dag.py:3954} INFO - Setting next_dagrun for produce_json to 2026-02-18 14:00:00+00:00, run_after=2026-02-19 14:00:00+00:00
[2026-02-18T23:51:25.959+0000] {logging_mixin.py:188} INFO - [2026-02-18T23:51:25.959+0000] {dag.py:3954} INFO - Setting next_dagrun for update_db to 2026-02-18 15:00:00+00:00, run_after=2026-02-19 15:00:00+00:00
[2026-02-18T23:51:25.979+0000] {processor.py:183} INFO - Processing /opt/airflow/dags/main.py took 0.230 seconds
[2026-02-18T23:51:56.231+0000] {processor.py:161} INFO - Started process (PID=868) to work on /opt/airflow/dags/main.py
[2026-02-18T23:51:56.232+0000] {processor.py:830} INFO - Processing file /opt/airflow/dags/main.py for tasks to queue
[2026-02-18T23:51:56.234+0000] {logging_mixin.py:188} INFO - [2026-02-18T23:51:56.233+0000] {dagbag.py:545} INFO - Filling up the DagBag from /opt/airflow/dags/main.py
[2026-02-18T23:51:56.308+0000] {processor.py:840} INFO - DAG(s) 'update_db', 'produce_json' retrieved from /opt/airflow/dags/main.py
[2026-02-18T23:51:56.338+0000] {logging_mixin.py:188} INFO - [2026-02-18T23:51:56.338+0000] {dag.py:3096} INFO - Sync 2 DAGs
[2026-02-18T23:51:56.361+0000] {logging_mixin.py:188} INFO - [2026-02-18T23:51:56.361+0000] {dag.py:3954} INFO - Setting next_dagrun for produce_json to 2026-02-18 14:00:00+00:00, run_after=2026-02-19 14:00:00+00:00
[2026-02-18T23:51:56.367+0000] {logging_mixin.py:188} INFO - [2026-02-18T23:51:56.367+0000] {dag.py:3954} INFO - Setting next_dagrun for update_db to 2026-02-18 15:00:00+00:00, run_after=2026-02-19 15:00:00+00:00
[2026-02-18T23:51:56.392+0000] {processor.py:183} INFO - Processing /opt/airflow/dags/main.py took 0.167 seconds
[2026-02-18T23:52:26.559+0000] {processor.py:161} INFO - Started process (PID=875) to work on /opt/airflow/dags/main.py
[2026-02-18T23:52:26.560+0000] {processor.py:830} INFO - Processing file /opt/airflow/dags/main.py for tasks to queue
[2026-02-18T23:52:26.562+0000] {logging_mixin.py:188} INFO - [2026-02-18T23:52:26.562+0000] {dagbag.py:545} INFO - Filling up the DagBag from /opt/airflow/dags/main.py
[2026-02-18T23:52:26.634+0000] {processor.py:840} INFO - DAG(s) 'update_db', 'produce_json' retrieved from /opt/airflow/dags/main.py
[2026-02-18T23:52:26.665+0000] {logging_mixin.py:188} INFO - [2026-02-18T23:52:26.664+0000] {dag.py:3096} INFO - Sync 2 DAGs
[2026-02-18T23:52:26.687+0000] {logging_mixin.py:188} INFO - [2026-02-18T23:52:26.686+0000] {dag.py:3954} INFO - Setting next_dagrun for produce_json to 2026-02-18 14:00:00+00:00, run_after=2026-02-19 14:00:00+00:00
[2026-02-18T23:52:26.692+0000] {logging_mixin.py:188} INFO - [2026-02-18T23:52:26.692+0000] {dag.py:3954} INFO - Setting next_dagrun for update_db to 2026-02-18 15:00:00+00:00, run_after=2026-02-19 15:00:00+00:00
[2026-02-18T23:52:26.709+0000] {processor.py:183} INFO - Processing /opt/airflow/dags/main.py took 0.156 seconds
[2026-02-18T23:52:56.895+0000] {processor.py:161} INFO - Started process (PID=882) to work on /opt/airflow/dags/main.py
[2026-02-18T23:52:56.896+0000] {processor.py:830} INFO - Processing file /opt/airflow/dags/main.py for tasks to queue
[2026-02-18T23:52:56.898+0000] {logging_mixin.py:188} INFO - [2026-02-18T23:52:56.898+0000] {dagbag.py:545} INFO - Filling up the DagBag from /opt/airflow/dags/main.py
[2026-02-18T23:52:56.981+0000] {processor.py:840} INFO - DAG(s) 'update_db', 'produce_json' retrieved from /opt/airflow/dags/main.py
[2026-02-18T23:52:57.016+0000] {logging_mixin.py:188} INFO - [2026-02-18T23:52:57.015+0000] {dag.py:3096} INFO - Sync 2 DAGs
[2026-02-18T23:52:57.039+0000] {logging_mixin.py:188} INFO - [2026-02-18T23:52:57.039+0000] {dag.py:3954} INFO - Setting next_dagrun for produce_json to 2026-02-18 14:00:00+00:00, run_after=2026-02-19 14:00:00+00:00
[2026-02-18T23:52:57.048+0000] {logging_mixin.py:188} INFO - [2026-02-18T23:52:57.048+0000] {dag.py:3954} INFO - Setting next_dagrun for update_db to 2026-02-18 15:00:00+00:00, run_after=2026-02-19 15:00:00+00:00
[2026-02-18T23:52:57.070+0000] {processor.py:183} INFO - Processing /opt/airflow/dags/main.py took 0.180 seconds
[2026-02-18T23:53:27.230+0000] {processor.py:161} INFO - Started process (PID=889) to work on /opt/airflow/dags/main.py
[2026-02-18T23:53:27.231+0000] {processor.py:830} INFO - Processing file /opt/airflow/dags/main.py for tasks to queue
[2026-02-18T23:53:27.233+0000] {logging_mixin.py:188} INFO - [2026-02-18T23:53:27.233+0000] {dagbag.py:545} INFO - Filling up the DagBag from /opt/airflow/dags/main.py
[2026-02-18T23:53:27.304+0000] {processor.py:840} INFO - DAG(s) 'update_db', 'produce_json' retrieved from /opt/airflow/dags/main.py
[2026-02-18T23:53:27.334+0000] {logging_mixin.py:188} INFO - [2026-02-18T23:53:27.334+0000] {dag.py:3096} INFO - Sync 2 DAGs
[2026-02-18T23:53:27.358+0000] {logging_mixin.py:188} INFO - [2026-02-18T23:53:27.358+0000] {dag.py:3954} INFO - Setting next_dagrun for produce_json to 2026-02-18 14:00:00+00:00, run_after=2026-02-19 14:00:00+00:00
[2026-02-18T23:53:27.364+0000] {logging_mixin.py:188} INFO - [2026-02-18T23:53:27.363+0000] {dag.py:3954} INFO - Setting next_dagrun for update_db to 2026-02-18 15:00:00+00:00, run_after=2026-02-19 15:00:00+00:00
[2026-02-18T23:53:27.383+0000] {processor.py:183} INFO - Processing /opt/airflow/dags/main.py took 0.159 seconds
[2026-02-18T23:53:57.593+0000] {processor.py:161} INFO - Started process (PID=896) to work on /opt/airflow/dags/main.py
[2026-02-18T23:53:57.594+0000] {processor.py:830} INFO - Processing file /opt/airflow/dags/main.py for tasks to queue
[2026-02-18T23:53:57.596+0000] {logging_mixin.py:188} INFO - [2026-02-18T23:53:57.596+0000] {dagbag.py:545} INFO - Filling up the DagBag from /opt/airflow/dags/main.py
[2026-02-18T23:53:57.676+0000] {processor.py:840} INFO - DAG(s) 'produce_json', 'update_db' retrieved from /opt/airflow/dags/main.py
[2026-02-18T23:53:57.704+0000] {logging_mixin.py:188} INFO - [2026-02-18T23:53:57.704+0000] {dag.py:3096} INFO - Sync 2 DAGs
[2026-02-18T23:53:57.725+0000] {logging_mixin.py:188} INFO - [2026-02-18T23:53:57.725+0000] {dag.py:3954} INFO - Setting next_dagrun for produce_json to 2026-02-18 14:00:00+00:00, run_after=2026-02-19 14:00:00+00:00
[2026-02-18T23:53:57.730+0000] {logging_mixin.py:188} INFO - [2026-02-18T23:53:57.730+0000] {dag.py:3954} INFO - Setting next_dagrun for update_db to 2026-02-18 15:00:00+00:00, run_after=2026-02-19 15:00:00+00:00
[2026-02-18T23:53:57.759+0000] {processor.py:183} INFO - Processing /opt/airflow/dags/main.py took 0.172 seconds
[2026-02-18T23:54:27.887+0000] {processor.py:161} INFO - Started process (PID=903) to work on /opt/airflow/dags/main.py
[2026-02-18T23:54:27.888+0000] {processor.py:830} INFO - Processing file /opt/airflow/dags/main.py for tasks to queue
[2026-02-18T23:54:27.891+0000] {logging_mixin.py:188} INFO - [2026-02-18T23:54:27.890+0000] {dagbag.py:545} INFO - Filling up the DagBag from /opt/airflow/dags/main.py
[2026-02-18T23:54:27.977+0000] {processor.py:840} INFO - DAG(s) 'update_db', 'produce_json' retrieved from /opt/airflow/dags/main.py
[2026-02-18T23:54:28.009+0000] {logging_mixin.py:188} INFO - [2026-02-18T23:54:28.009+0000] {dag.py:3096} INFO - Sync 2 DAGs
[2026-02-18T23:54:28.029+0000] {logging_mixin.py:188} INFO - [2026-02-18T23:54:28.029+0000] {dag.py:3954} INFO - Setting next_dagrun for produce_json to 2026-02-18 14:00:00+00:00, run_after=2026-02-19 14:00:00+00:00
[2026-02-18T23:54:28.035+0000] {logging_mixin.py:188} INFO - [2026-02-18T23:54:28.034+0000] {dag.py:3954} INFO - Setting next_dagrun for update_db to 2026-02-18 15:00:00+00:00, run_after=2026-02-19 15:00:00+00:00
[2026-02-18T23:54:28.054+0000] {processor.py:183} INFO - Processing /opt/airflow/dags/main.py took 0.174 seconds
[2026-02-18T23:55:26.180+0000] {processor.py:161} INFO - Started process (PID=910) to work on /opt/airflow/dags/main.py
[2026-02-18T23:55:26.182+0000] {processor.py:830} INFO - Processing file /opt/airflow/dags/main.py for tasks to queue
[2026-02-18T23:55:26.188+0000] {logging_mixin.py:188} INFO - [2026-02-18T23:55:26.187+0000] {dagbag.py:545} INFO - Filling up the DagBag from /opt/airflow/dags/main.py
[2026-02-18T23:55:26.310+0000] {processor.py:840} INFO - DAG(s) 'update_db', 'produce_json' retrieved from /opt/airflow/dags/main.py
[2026-02-18T23:55:26.347+0000] {logging_mixin.py:188} INFO - [2026-02-18T23:55:26.347+0000] {dag.py:3096} INFO - Sync 2 DAGs
[2026-02-18T23:55:26.374+0000] {logging_mixin.py:188} INFO - [2026-02-18T23:55:26.373+0000] {dag.py:3954} INFO - Setting next_dagrun for produce_json to 2026-02-18 14:00:00+00:00, run_after=2026-02-19 14:00:00+00:00
[2026-02-18T23:55:26.380+0000] {logging_mixin.py:188} INFO - [2026-02-18T23:55:26.379+0000] {dag.py:3954} INFO - Setting next_dagrun for update_db to 2026-02-18 15:00:00+00:00, run_after=2026-02-19 15:00:00+00:00
[2026-02-18T23:55:26.414+0000] {processor.py:183} INFO - Processing /opt/airflow/dags/main.py took 0.244 seconds
[2026-02-18T23:55:56.508+0000] {processor.py:161} INFO - Started process (PID=917) to work on /opt/airflow/dags/main.py
[2026-02-18T23:55:56.509+0000] {processor.py:830} INFO - Processing file /opt/airflow/dags/main.py for tasks to queue
[2026-02-18T23:55:56.511+0000] {logging_mixin.py:188} INFO - [2026-02-18T23:55:56.510+0000] {dagbag.py:545} INFO - Filling up the DagBag from /opt/airflow/dags/main.py
[2026-02-18T23:55:56.593+0000] {processor.py:840} INFO - DAG(s) 'update_db', 'produce_json' retrieved from /opt/airflow/dags/main.py
[2026-02-18T23:55:56.623+0000] {logging_mixin.py:188} INFO - [2026-02-18T23:55:56.623+0000] {dag.py:3096} INFO - Sync 2 DAGs
[2026-02-18T23:55:56.643+0000] {logging_mixin.py:188} INFO - [2026-02-18T23:55:56.643+0000] {dag.py:3954} INFO - Setting next_dagrun for produce_json to 2026-02-18 14:00:00+00:00, run_after=2026-02-19 14:00:00+00:00
[2026-02-18T23:55:56.648+0000] {logging_mixin.py:188} INFO - [2026-02-18T23:55:56.648+0000] {dag.py:3954} INFO - Setting next_dagrun for update_db to 2026-02-18 15:00:00+00:00, run_after=2026-02-19 15:00:00+00:00
[2026-02-18T23:55:56.668+0000] {processor.py:183} INFO - Processing /opt/airflow/dags/main.py took 0.167 seconds
[2026-02-18T23:56:26.961+0000] {processor.py:161} INFO - Started process (PID=924) to work on /opt/airflow/dags/main.py
[2026-02-18T23:56:26.962+0000] {processor.py:830} INFO - Processing file /opt/airflow/dags/main.py for tasks to queue
[2026-02-18T23:56:26.964+0000] {logging_mixin.py:188} INFO - [2026-02-18T23:56:26.964+0000] {dagbag.py:545} INFO - Filling up the DagBag from /opt/airflow/dags/main.py
[2026-02-18T23:56:27.041+0000] {processor.py:840} INFO - DAG(s) 'produce_json', 'update_db' retrieved from /opt/airflow/dags/main.py
[2026-02-18T23:56:27.070+0000] {logging_mixin.py:188} INFO - [2026-02-18T23:56:27.070+0000] {dag.py:3096} INFO - Sync 2 DAGs
[2026-02-18T23:56:27.092+0000] {logging_mixin.py:188} INFO - [2026-02-18T23:56:27.092+0000] {dag.py:3954} INFO - Setting next_dagrun for produce_json to 2026-02-18 14:00:00+00:00, run_after=2026-02-19 14:00:00+00:00
[2026-02-18T23:56:27.097+0000] {logging_mixin.py:188} INFO - [2026-02-18T23:56:27.097+0000] {dag.py:3954} INFO - Setting next_dagrun for update_db to 2026-02-18 15:00:00+00:00, run_after=2026-02-19 15:00:00+00:00
[2026-02-18T23:56:27.121+0000] {processor.py:183} INFO - Processing /opt/airflow/dags/main.py took 0.166 seconds
[2026-02-18T23:56:57.323+0000] {processor.py:161} INFO - Started process (PID=931) to work on /opt/airflow/dags/main.py
[2026-02-18T23:56:57.324+0000] {processor.py:830} INFO - Processing file /opt/airflow/dags/main.py for tasks to queue
[2026-02-18T23:56:57.326+0000] {logging_mixin.py:188} INFO - [2026-02-18T23:56:57.326+0000] {dagbag.py:545} INFO - Filling up the DagBag from /opt/airflow/dags/main.py
[2026-02-18T23:56:57.416+0000] {processor.py:840} INFO - DAG(s) 'produce_json', 'update_db' retrieved from /opt/airflow/dags/main.py
[2026-02-18T23:56:57.448+0000] {logging_mixin.py:188} INFO - [2026-02-18T23:56:57.447+0000] {dag.py:3096} INFO - Sync 2 DAGs
[2026-02-18T23:56:57.469+0000] {logging_mixin.py:188} INFO - [2026-02-18T23:56:57.468+0000] {dag.py:3954} INFO - Setting next_dagrun for produce_json to 2026-02-18 14:00:00+00:00, run_after=2026-02-19 14:00:00+00:00
[2026-02-18T23:56:57.474+0000] {logging_mixin.py:188} INFO - [2026-02-18T23:56:57.473+0000] {dag.py:3954} INFO - Setting next_dagrun for update_db to 2026-02-18 15:00:00+00:00, run_after=2026-02-19 15:00:00+00:00
[2026-02-18T23:56:57.504+0000] {processor.py:183} INFO - Processing /opt/airflow/dags/main.py took 0.186 seconds
[2026-02-18T23:57:27.558+0000] {processor.py:161} INFO - Started process (PID=938) to work on /opt/airflow/dags/main.py
[2026-02-18T23:57:27.559+0000] {processor.py:830} INFO - Processing file /opt/airflow/dags/main.py for tasks to queue
[2026-02-18T23:57:27.561+0000] {logging_mixin.py:188} INFO - [2026-02-18T23:57:27.560+0000] {dagbag.py:545} INFO - Filling up the DagBag from /opt/airflow/dags/main.py
[2026-02-18T23:57:27.640+0000] {processor.py:840} INFO - DAG(s) 'update_db', 'produce_json' retrieved from /opt/airflow/dags/main.py
[2026-02-18T23:57:27.676+0000] {logging_mixin.py:188} INFO - [2026-02-18T23:57:27.676+0000] {dag.py:3096} INFO - Sync 2 DAGs
[2026-02-18T23:57:27.701+0000] {logging_mixin.py:188} INFO - [2026-02-18T23:57:27.701+0000] {dag.py:3954} INFO - Setting next_dagrun for produce_json to 2026-02-18 14:00:00+00:00, run_after=2026-02-19 14:00:00+00:00
[2026-02-18T23:57:27.707+0000] {logging_mixin.py:188} INFO - [2026-02-18T23:57:27.707+0000] {dag.py:3954} INFO - Setting next_dagrun for update_db to 2026-02-18 15:00:00+00:00, run_after=2026-02-19 15:00:00+00:00
[2026-02-18T23:57:27.733+0000] {processor.py:183} INFO - Processing /opt/airflow/dags/main.py took 0.182 seconds
[2026-02-18T23:57:57.934+0000] {processor.py:161} INFO - Started process (PID=945) to work on /opt/airflow/dags/main.py
[2026-02-18T23:57:57.936+0000] {processor.py:830} INFO - Processing file /opt/airflow/dags/main.py for tasks to queue
[2026-02-18T23:57:57.939+0000] {logging_mixin.py:188} INFO - [2026-02-18T23:57:57.939+0000] {dagbag.py:545} INFO - Filling up the DagBag from /opt/airflow/dags/main.py
[2026-02-18T23:57:58.024+0000] {processor.py:840} INFO - DAG(s) 'produce_json', 'update_db' retrieved from /opt/airflow/dags/main.py
[2026-02-18T23:57:58.061+0000] {logging_mixin.py:188} INFO - [2026-02-18T23:57:58.060+0000] {dag.py:3096} INFO - Sync 2 DAGs
[2026-02-18T23:57:58.097+0000] {logging_mixin.py:188} INFO - [2026-02-18T23:57:58.097+0000] {dag.py:3954} INFO - Setting next_dagrun for produce_json to 2026-02-18 14:00:00+00:00, run_after=2026-02-19 14:00:00+00:00
[2026-02-18T23:57:58.109+0000] {logging_mixin.py:188} INFO - [2026-02-18T23:57:58.108+0000] {dag.py:3954} INFO - Setting next_dagrun for update_db to 2026-02-18 15:00:00+00:00, run_after=2026-02-19 15:00:00+00:00
[2026-02-18T23:57:58.138+0000] {processor.py:183} INFO - Processing /opt/airflow/dags/main.py took 0.211 seconds
[2026-02-18T23:58:28.199+0000] {processor.py:161} INFO - Started process (PID=952) to work on /opt/airflow/dags/main.py
[2026-02-18T23:58:28.200+0000] {processor.py:830} INFO - Processing file /opt/airflow/dags/main.py for tasks to queue
[2026-02-18T23:58:28.203+0000] {logging_mixin.py:188} INFO - [2026-02-18T23:58:28.203+0000] {dagbag.py:545} INFO - Filling up the DagBag from /opt/airflow/dags/main.py
[2026-02-18T23:58:28.277+0000] {processor.py:840} INFO - DAG(s) 'update_db', 'produce_json' retrieved from /opt/airflow/dags/main.py
[2026-02-18T23:58:28.308+0000] {logging_mixin.py:188} INFO - [2026-02-18T23:58:28.308+0000] {dag.py:3096} INFO - Sync 2 DAGs
[2026-02-18T23:58:28.330+0000] {logging_mixin.py:188} INFO - [2026-02-18T23:58:28.330+0000] {dag.py:3954} INFO - Setting next_dagrun for produce_json to 2026-02-18 14:00:00+00:00, run_after=2026-02-19 14:00:00+00:00
[2026-02-18T23:58:28.335+0000] {logging_mixin.py:188} INFO - [2026-02-18T23:58:28.335+0000] {dag.py:3954} INFO - Setting next_dagrun for update_db to 2026-02-18 15:00:00+00:00, run_after=2026-02-19 15:00:00+00:00
[2026-02-18T23:58:28.366+0000] {processor.py:183} INFO - Processing /opt/airflow/dags/main.py took 0.174 seconds
[2026-02-18T23:58:58.435+0000] {processor.py:161} INFO - Started process (PID=959) to work on /opt/airflow/dags/main.py
[2026-02-18T23:58:58.437+0000] {processor.py:830} INFO - Processing file /opt/airflow/dags/main.py for tasks to queue
[2026-02-18T23:58:58.440+0000] {logging_mixin.py:188} INFO - [2026-02-18T23:58:58.439+0000] {dagbag.py:545} INFO - Filling up the DagBag from /opt/airflow/dags/main.py
[2026-02-18T23:58:58.536+0000] {processor.py:840} INFO - DAG(s) 'update_db', 'produce_json' retrieved from /opt/airflow/dags/main.py
[2026-02-18T23:58:58.573+0000] {logging_mixin.py:188} INFO - [2026-02-18T23:58:58.572+0000] {dag.py:3096} INFO - Sync 2 DAGs
[2026-02-18T23:58:58.595+0000] {logging_mixin.py:188} INFO - [2026-02-18T23:58:58.595+0000] {dag.py:3954} INFO - Setting next_dagrun for produce_json to 2026-02-18 14:00:00+00:00, run_after=2026-02-19 14:00:00+00:00
[2026-02-18T23:58:58.600+0000] {logging_mixin.py:188} INFO - [2026-02-18T23:58:58.600+0000] {dag.py:3954} INFO - Setting next_dagrun for update_db to 2026-02-18 15:00:00+00:00, run_after=2026-02-19 15:00:00+00:00
[2026-02-18T23:58:58.630+0000] {processor.py:183} INFO - Processing /opt/airflow/dags/main.py took 0.202 seconds
[2026-02-18T23:59:28.925+0000] {processor.py:161} INFO - Started process (PID=966) to work on /opt/airflow/dags/main.py
[2026-02-18T23:59:28.926+0000] {processor.py:830} INFO - Processing file /opt/airflow/dags/main.py for tasks to queue
[2026-02-18T23:59:28.928+0000] {logging_mixin.py:188} INFO - [2026-02-18T23:59:28.928+0000] {dagbag.py:545} INFO - Filling up the DagBag from /opt/airflow/dags/main.py
[2026-02-18T23:59:29.007+0000] {processor.py:840} INFO - DAG(s) 'produce_json', 'update_db' retrieved from /opt/airflow/dags/main.py
[2026-02-18T23:59:29.037+0000] {logging_mixin.py:188} INFO - [2026-02-18T23:59:29.037+0000] {dag.py:3096} INFO - Sync 2 DAGs
[2026-02-18T23:59:29.058+0000] {logging_mixin.py:188} INFO - [2026-02-18T23:59:29.058+0000] {dag.py:3954} INFO - Setting next_dagrun for produce_json to 2026-02-18 14:00:00+00:00, run_after=2026-02-19 14:00:00+00:00
[2026-02-18T23:59:29.064+0000] {logging_mixin.py:188} INFO - [2026-02-18T23:59:29.064+0000] {dag.py:3954} INFO - Setting next_dagrun for update_db to 2026-02-18 15:00:00+00:00, run_after=2026-02-19 15:00:00+00:00
[2026-02-18T23:59:29.088+0000] {processor.py:183} INFO - Processing /opt/airflow/dags/main.py took 0.169 seconds
[2026-02-18T23:59:59.201+0000] {processor.py:161} INFO - Started process (PID=973) to work on /opt/airflow/dags/main.py
[2026-02-18T23:59:59.202+0000] {processor.py:830} INFO - Processing file /opt/airflow/dags/main.py for tasks to queue
[2026-02-18T23:59:59.206+0000] {logging_mixin.py:188} INFO - [2026-02-18T23:59:59.205+0000] {dagbag.py:545} INFO - Filling up the DagBag from /opt/airflow/dags/main.py
[2026-02-18T23:59:59.300+0000] {processor.py:840} INFO - DAG(s) 'update_db', 'produce_json' retrieved from /opt/airflow/dags/main.py
[2026-02-18T23:59:59.338+0000] {logging_mixin.py:188} INFO - [2026-02-18T23:59:59.337+0000] {dag.py:3096} INFO - Sync 2 DAGs
[2026-02-18T23:59:59.363+0000] {logging_mixin.py:188} INFO - [2026-02-18T23:59:59.363+0000] {dag.py:3954} INFO - Setting next_dagrun for produce_json to 2026-02-18 14:00:00+00:00, run_after=2026-02-19 14:00:00+00:00
[2026-02-18T23:59:59.368+0000] {logging_mixin.py:188} INFO - [2026-02-18T23:59:59.368+0000] {dag.py:3954} INFO - Setting next_dagrun for update_db to 2026-02-18 15:00:00+00:00, run_after=2026-02-19 15:00:00+00:00
[2026-02-18T23:59:59.400+0000] {processor.py:183} INFO - Processing /opt/airflow/dags/main.py took 0.205 seconds
