[2026-02-16T01:47:31.958+0000] {processor.py:161} INFO - Started process (PID=66) to work on /opt/airflow/dags/main.py
[2026-02-16T01:47:31.960+0000] {processor.py:830} INFO - Processing file /opt/airflow/dags/main.py for tasks to queue
[2026-02-16T01:47:31.965+0000] {logging_mixin.py:188} INFO - [2026-02-16T01:47:31.964+0000] {dagbag.py:545} INFO - Filling up the DagBag from /opt/airflow/dags/main.py
[2026-02-16T01:47:32.446+0000] {processor.py:840} INFO - DAG(s) 'produce_json' retrieved from /opt/airflow/dags/main.py
[2026-02-16T01:47:33.317+0000] {logging_mixin.py:188} INFO - [2026-02-16T01:47:33.316+0000] {override.py:1829} INFO - Created Permission View: can edit on DAG:produce_json
[2026-02-16T01:47:33.343+0000] {logging_mixin.py:188} INFO - [2026-02-16T01:47:33.343+0000] {override.py:1829} INFO - Created Permission View: can read on DAG:produce_json
[2026-02-16T01:47:33.359+0000] {logging_mixin.py:188} INFO - [2026-02-16T01:47:33.358+0000] {override.py:1829} INFO - Created Permission View: can delete on DAG:produce_json
[2026-02-16T01:47:33.361+0000] {logging_mixin.py:188} INFO - [2026-02-16T01:47:33.360+0000] {dag.py:3096} INFO - Sync 1 DAGs
[2026-02-16T01:47:33.385+0000] {logging_mixin.py:188} INFO - [2026-02-16T01:47:33.384+0000] {dag.py:3118} INFO - Creating ORM DAG for produce_json
[2026-02-16T01:47:33.413+0000] {logging_mixin.py:188} INFO - [2026-02-16T01:47:33.412+0000] {dag.py:3954} INFO - Setting next_dagrun for produce_json to 2026-02-14 14:00:00+00:00, run_after=2026-02-15 14:00:00+00:00
[2026-02-16T01:47:33.459+0000] {processor.py:183} INFO - Processing /opt/airflow/dags/main.py took 1.519 seconds
[2026-02-16T01:48:03.690+0000] {processor.py:161} INFO - Started process (PID=73) to work on /opt/airflow/dags/main.py
[2026-02-16T01:48:03.693+0000] {processor.py:830} INFO - Processing file /opt/airflow/dags/main.py for tasks to queue
[2026-02-16T01:48:03.698+0000] {logging_mixin.py:188} INFO - [2026-02-16T01:48:03.698+0000] {dagbag.py:545} INFO - Filling up the DagBag from /opt/airflow/dags/main.py
[2026-02-16T01:48:03.770+0000] {processor.py:840} INFO - DAG(s) 'produce_json' retrieved from /opt/airflow/dags/main.py
[2026-02-16T01:48:03.814+0000] {logging_mixin.py:188} INFO - [2026-02-16T01:48:03.813+0000] {dag.py:3096} INFO - Sync 1 DAGs
[2026-02-16T01:48:03.853+0000] {logging_mixin.py:188} INFO - [2026-02-16T01:48:03.853+0000] {dag.py:3954} INFO - Setting next_dagrun for produce_json to 2026-02-14 14:00:00+00:00, run_after=2026-02-15 14:00:00+00:00
[2026-02-16T01:48:03.887+0000] {processor.py:183} INFO - Processing /opt/airflow/dags/main.py took 0.208 seconds
[2026-02-16T01:48:34.107+0000] {processor.py:161} INFO - Started process (PID=80) to work on /opt/airflow/dags/main.py
[2026-02-16T01:48:34.108+0000] {processor.py:830} INFO - Processing file /opt/airflow/dags/main.py for tasks to queue
[2026-02-16T01:48:34.113+0000] {logging_mixin.py:188} INFO - [2026-02-16T01:48:34.112+0000] {dagbag.py:545} INFO - Filling up the DagBag from /opt/airflow/dags/main.py
[2026-02-16T01:48:34.206+0000] {processor.py:840} INFO - DAG(s) 'produce_json' retrieved from /opt/airflow/dags/main.py
[2026-02-16T01:48:34.252+0000] {logging_mixin.py:188} INFO - [2026-02-16T01:48:34.251+0000] {dag.py:3096} INFO - Sync 1 DAGs
[2026-02-16T01:48:34.281+0000] {logging_mixin.py:188} INFO - [2026-02-16T01:48:34.281+0000] {dag.py:3954} INFO - Setting next_dagrun for produce_json to 2026-02-14 14:00:00+00:00, run_after=2026-02-15 14:00:00+00:00
[2026-02-16T01:48:34.305+0000] {processor.py:183} INFO - Processing /opt/airflow/dags/main.py took 0.209 seconds
[2026-02-16T01:49:04.581+0000] {processor.py:161} INFO - Started process (PID=87) to work on /opt/airflow/dags/main.py
[2026-02-16T01:49:04.582+0000] {processor.py:830} INFO - Processing file /opt/airflow/dags/main.py for tasks to queue
[2026-02-16T01:49:04.584+0000] {logging_mixin.py:188} INFO - [2026-02-16T01:49:04.584+0000] {dagbag.py:545} INFO - Filling up the DagBag from /opt/airflow/dags/main.py
[2026-02-16T01:49:04.628+0000] {processor.py:840} INFO - DAG(s) 'produce_json' retrieved from /opt/airflow/dags/main.py
[2026-02-16T01:49:04.728+0000] {logging_mixin.py:188} INFO - [2026-02-16T01:49:04.727+0000] {dag.py:3096} INFO - Sync 1 DAGs
[2026-02-16T01:49:04.745+0000] {logging_mixin.py:188} INFO - [2026-02-16T01:49:04.745+0000] {dag.py:3954} INFO - Setting next_dagrun for produce_json to 2026-02-14 14:00:00+00:00, run_after=2026-02-15 14:00:00+00:00
[2026-02-16T01:49:04.768+0000] {processor.py:183} INFO - Processing /opt/airflow/dags/main.py took 0.193 seconds
[2026-02-16T01:49:34.836+0000] {processor.py:161} INFO - Started process (PID=94) to work on /opt/airflow/dags/main.py
[2026-02-16T01:49:34.837+0000] {processor.py:830} INFO - Processing file /opt/airflow/dags/main.py for tasks to queue
[2026-02-16T01:49:34.839+0000] {logging_mixin.py:188} INFO - [2026-02-16T01:49:34.839+0000] {dagbag.py:545} INFO - Filling up the DagBag from /opt/airflow/dags/main.py
[2026-02-16T01:49:34.883+0000] {processor.py:840} INFO - DAG(s) 'produce_json' retrieved from /opt/airflow/dags/main.py
[2026-02-16T01:49:34.910+0000] {logging_mixin.py:188} INFO - [2026-02-16T01:49:34.910+0000] {dag.py:3096} INFO - Sync 1 DAGs
[2026-02-16T01:49:34.934+0000] {logging_mixin.py:188} INFO - [2026-02-16T01:49:34.933+0000] {dag.py:3954} INFO - Setting next_dagrun for produce_json to 2026-02-14 14:00:00+00:00, run_after=2026-02-15 14:00:00+00:00
[2026-02-16T01:49:34.968+0000] {processor.py:183} INFO - Processing /opt/airflow/dags/main.py took 0.139 seconds
[2026-02-16T01:50:05.218+0000] {processor.py:161} INFO - Started process (PID=101) to work on /opt/airflow/dags/main.py
[2026-02-16T01:50:05.220+0000] {processor.py:830} INFO - Processing file /opt/airflow/dags/main.py for tasks to queue
[2026-02-16T01:50:05.222+0000] {logging_mixin.py:188} INFO - [2026-02-16T01:50:05.221+0000] {dagbag.py:545} INFO - Filling up the DagBag from /opt/airflow/dags/main.py
[2026-02-16T01:50:05.297+0000] {processor.py:840} INFO - DAG(s) 'produce_json' retrieved from /opt/airflow/dags/main.py
[2026-02-16T01:50:05.324+0000] {logging_mixin.py:188} INFO - [2026-02-16T01:50:05.324+0000] {dag.py:3096} INFO - Sync 1 DAGs
[2026-02-16T01:50:05.346+0000] {logging_mixin.py:188} INFO - [2026-02-16T01:50:05.346+0000] {dag.py:3954} INFO - Setting next_dagrun for produce_json to 2026-02-14 14:00:00+00:00, run_after=2026-02-15 14:00:00+00:00
[2026-02-16T01:50:05.365+0000] {processor.py:183} INFO - Processing /opt/airflow/dags/main.py took 0.155 seconds
[2026-02-16T01:51:37.600+0000] {processor.py:161} INFO - Started process (PID=65) to work on /opt/airflow/dags/main.py
[2026-02-16T01:51:37.601+0000] {processor.py:830} INFO - Processing file /opt/airflow/dags/main.py for tasks to queue
[2026-02-16T01:51:37.605+0000] {logging_mixin.py:188} INFO - [2026-02-16T01:51:37.604+0000] {dagbag.py:545} INFO - Filling up the DagBag from /opt/airflow/dags/main.py
[2026-02-16T01:51:37.742+0000] {processor.py:840} INFO - DAG(s) 'produce_json' retrieved from /opt/airflow/dags/main.py
[2026-02-16T01:51:38.220+0000] {logging_mixin.py:188} INFO - [2026-02-16T01:51:38.220+0000] {dag.py:3096} INFO - Sync 1 DAGs
[2026-02-16T01:51:38.258+0000] {logging_mixin.py:188} INFO - [2026-02-16T01:51:38.257+0000] {dag.py:3954} INFO - Setting next_dagrun for produce_json to 2026-02-14 14:00:00+00:00, run_after=2026-02-15 14:00:00+00:00
[2026-02-16T01:51:38.293+0000] {processor.py:183} INFO - Processing /opt/airflow/dags/main.py took 0.705 seconds
[2026-02-16T01:52:21.144+0000] {processor.py:161} INFO - Started process (PID=42) to work on /opt/airflow/dags/main.py
[2026-02-16T01:52:21.145+0000] {processor.py:830} INFO - Processing file /opt/airflow/dags/main.py for tasks to queue
[2026-02-16T01:52:21.148+0000] {logging_mixin.py:188} INFO - [2026-02-16T01:52:21.148+0000] {dagbag.py:545} INFO - Filling up the DagBag from /opt/airflow/dags/main.py
[2026-02-16T01:52:21.215+0000] {processor.py:840} INFO - DAG(s) 'produce_json' retrieved from /opt/airflow/dags/main.py
[2026-02-16T01:52:21.271+0000] {logging_mixin.py:188} INFO - [2026-02-16T01:52:21.271+0000] {dag.py:3096} INFO - Sync 1 DAGs
[2026-02-16T01:52:21.303+0000] {logging_mixin.py:188} INFO - [2026-02-16T01:52:21.303+0000] {dag.py:3954} INFO - Setting next_dagrun for produce_json to 2026-02-14 14:00:00+00:00, run_after=2026-02-15 14:00:00+00:00
[2026-02-16T01:52:21.331+0000] {processor.py:183} INFO - Processing /opt/airflow/dags/main.py took 0.194 seconds
[2026-02-16T01:52:51.378+0000] {processor.py:161} INFO - Started process (PID=49) to work on /opt/airflow/dags/main.py
[2026-02-16T01:52:51.379+0000] {processor.py:830} INFO - Processing file /opt/airflow/dags/main.py for tasks to queue
[2026-02-16T01:52:51.380+0000] {logging_mixin.py:188} INFO - [2026-02-16T01:52:51.380+0000] {dagbag.py:545} INFO - Filling up the DagBag from /opt/airflow/dags/main.py
[2026-02-16T01:52:51.435+0000] {processor.py:840} INFO - DAG(s) 'produce_json' retrieved from /opt/airflow/dags/main.py
[2026-02-16T01:52:51.462+0000] {logging_mixin.py:188} INFO - [2026-02-16T01:52:51.462+0000] {dag.py:3096} INFO - Sync 1 DAGs
[2026-02-16T01:52:51.482+0000] {logging_mixin.py:188} INFO - [2026-02-16T01:52:51.482+0000] {dag.py:3954} INFO - Setting next_dagrun for produce_json to 2026-02-14 14:00:00+00:00, run_after=2026-02-15 14:00:00+00:00
[2026-02-16T01:52:51.514+0000] {processor.py:183} INFO - Processing /opt/airflow/dags/main.py took 0.141 seconds
[2026-02-16T01:53:21.582+0000] {processor.py:161} INFO - Started process (PID=56) to work on /opt/airflow/dags/main.py
[2026-02-16T01:53:21.583+0000] {processor.py:830} INFO - Processing file /opt/airflow/dags/main.py for tasks to queue
[2026-02-16T01:53:21.585+0000] {logging_mixin.py:188} INFO - [2026-02-16T01:53:21.585+0000] {dagbag.py:545} INFO - Filling up the DagBag from /opt/airflow/dags/main.py
[2026-02-16T01:53:21.630+0000] {processor.py:840} INFO - DAG(s) 'produce_json' retrieved from /opt/airflow/dags/main.py
[2026-02-16T01:53:21.657+0000] {logging_mixin.py:188} INFO - [2026-02-16T01:53:21.657+0000] {dag.py:3096} INFO - Sync 1 DAGs
[2026-02-16T01:53:21.678+0000] {logging_mixin.py:188} INFO - [2026-02-16T01:53:21.678+0000] {dag.py:3954} INFO - Setting next_dagrun for produce_json to 2026-02-14 14:00:00+00:00, run_after=2026-02-15 14:00:00+00:00
[2026-02-16T01:53:21.701+0000] {processor.py:183} INFO - Processing /opt/airflow/dags/main.py took 0.124 seconds
[2026-02-16T01:53:52.141+0000] {processor.py:161} INFO - Started process (PID=63) to work on /opt/airflow/dags/main.py
[2026-02-16T01:53:52.142+0000] {processor.py:830} INFO - Processing file /opt/airflow/dags/main.py for tasks to queue
[2026-02-16T01:53:52.144+0000] {logging_mixin.py:188} INFO - [2026-02-16T01:53:52.144+0000] {dagbag.py:545} INFO - Filling up the DagBag from /opt/airflow/dags/main.py
[2026-02-16T01:53:52.197+0000] {processor.py:840} INFO - DAG(s) 'produce_json' retrieved from /opt/airflow/dags/main.py
[2026-02-16T01:53:52.240+0000] {logging_mixin.py:188} INFO - [2026-02-16T01:53:52.239+0000] {dag.py:3096} INFO - Sync 1 DAGs
[2026-02-16T01:53:52.269+0000] {logging_mixin.py:188} INFO - [2026-02-16T01:53:52.268+0000] {dag.py:3954} INFO - Setting next_dagrun for produce_json to 2026-02-14 14:00:00+00:00, run_after=2026-02-15 14:00:00+00:00
[2026-02-16T01:53:52.291+0000] {processor.py:183} INFO - Processing /opt/airflow/dags/main.py took 0.155 seconds
[2026-02-16T01:54:22.367+0000] {processor.py:161} INFO - Started process (PID=70) to work on /opt/airflow/dags/main.py
[2026-02-16T01:54:22.368+0000] {processor.py:830} INFO - Processing file /opt/airflow/dags/main.py for tasks to queue
[2026-02-16T01:54:22.370+0000] {logging_mixin.py:188} INFO - [2026-02-16T01:54:22.369+0000] {dagbag.py:545} INFO - Filling up the DagBag from /opt/airflow/dags/main.py
[2026-02-16T01:54:22.440+0000] {processor.py:840} INFO - DAG(s) 'produce_json' retrieved from /opt/airflow/dags/main.py
[2026-02-16T01:54:22.477+0000] {logging_mixin.py:188} INFO - [2026-02-16T01:54:22.477+0000] {dag.py:3096} INFO - Sync 1 DAGs
[2026-02-16T01:54:22.512+0000] {logging_mixin.py:188} INFO - [2026-02-16T01:54:22.511+0000] {dag.py:3954} INFO - Setting next_dagrun for produce_json to 2026-02-14 14:00:00+00:00, run_after=2026-02-15 14:00:00+00:00
[2026-02-16T01:54:22.547+0000] {processor.py:183} INFO - Processing /opt/airflow/dags/main.py took 0.187 seconds
[2026-02-16T01:54:52.740+0000] {processor.py:161} INFO - Started process (PID=83) to work on /opt/airflow/dags/main.py
[2026-02-16T01:54:52.741+0000] {processor.py:830} INFO - Processing file /opt/airflow/dags/main.py for tasks to queue
[2026-02-16T01:54:52.743+0000] {logging_mixin.py:188} INFO - [2026-02-16T01:54:52.742+0000] {dagbag.py:545} INFO - Filling up the DagBag from /opt/airflow/dags/main.py
[2026-02-16T01:54:52.793+0000] {processor.py:840} INFO - DAG(s) 'produce_json' retrieved from /opt/airflow/dags/main.py
[2026-02-16T01:54:52.821+0000] {logging_mixin.py:188} INFO - [2026-02-16T01:54:52.821+0000] {dag.py:3096} INFO - Sync 1 DAGs
[2026-02-16T01:54:52.841+0000] {logging_mixin.py:188} INFO - [2026-02-16T01:54:52.841+0000] {dag.py:3954} INFO - Setting next_dagrun for produce_json to 2026-02-14 14:00:00+00:00, run_after=2026-02-15 14:00:00+00:00
[2026-02-16T01:54:52.862+0000] {processor.py:183} INFO - Processing /opt/airflow/dags/main.py took 0.130 seconds
[2026-02-16T01:55:51.917+0000] {processor.py:161} INFO - Started process (PID=54) to work on /opt/airflow/dags/main.py
[2026-02-16T01:55:51.919+0000] {processor.py:830} INFO - Processing file /opt/airflow/dags/main.py for tasks to queue
[2026-02-16T01:55:51.923+0000] {logging_mixin.py:188} INFO - [2026-02-16T01:55:51.923+0000] {dagbag.py:545} INFO - Filling up the DagBag from /opt/airflow/dags/main.py
[2026-02-16T01:55:52.081+0000] {processor.py:840} INFO - DAG(s) 'produce_json' retrieved from /opt/airflow/dags/main.py
[2026-02-16T01:55:52.570+0000] {logging_mixin.py:188} INFO - [2026-02-16T01:55:52.570+0000] {dag.py:3096} INFO - Sync 1 DAGs
[2026-02-16T01:55:52.602+0000] {logging_mixin.py:188} INFO - [2026-02-16T01:55:52.601+0000] {dag.py:3954} INFO - Setting next_dagrun for produce_json to 2026-02-14 14:00:00+00:00, run_after=2026-02-15 14:00:00+00:00
[2026-02-16T01:55:52.638+0000] {processor.py:183} INFO - Processing /opt/airflow/dags/main.py took 0.730 seconds
[2026-02-16T01:56:22.872+0000] {processor.py:161} INFO - Started process (PID=67) to work on /opt/airflow/dags/main.py
[2026-02-16T01:56:22.873+0000] {processor.py:830} INFO - Processing file /opt/airflow/dags/main.py for tasks to queue
[2026-02-16T01:56:22.876+0000] {logging_mixin.py:188} INFO - [2026-02-16T01:56:22.876+0000] {dagbag.py:545} INFO - Filling up the DagBag from /opt/airflow/dags/main.py
[2026-02-16T01:56:22.927+0000] {processor.py:840} INFO - DAG(s) 'produce_json' retrieved from /opt/airflow/dags/main.py
[2026-02-16T01:56:22.959+0000] {logging_mixin.py:188} INFO - [2026-02-16T01:56:22.959+0000] {dag.py:3096} INFO - Sync 1 DAGs
[2026-02-16T01:56:22.983+0000] {logging_mixin.py:188} INFO - [2026-02-16T01:56:22.983+0000] {dag.py:3954} INFO - Setting next_dagrun for produce_json to 2026-02-14 14:00:00+00:00, run_after=2026-02-15 14:00:00+00:00
[2026-02-16T01:56:23.006+0000] {processor.py:183} INFO - Processing /opt/airflow/dags/main.py took 0.141 seconds
[2026-02-16T01:56:53.112+0000] {processor.py:161} INFO - Started process (PID=74) to work on /opt/airflow/dags/main.py
[2026-02-16T01:56:53.114+0000] {processor.py:830} INFO - Processing file /opt/airflow/dags/main.py for tasks to queue
[2026-02-16T01:56:53.117+0000] {logging_mixin.py:188} INFO - [2026-02-16T01:56:53.117+0000] {dagbag.py:545} INFO - Filling up the DagBag from /opt/airflow/dags/main.py
[2026-02-16T01:56:53.159+0000] {processor.py:840} INFO - DAG(s) 'produce_json' retrieved from /opt/airflow/dags/main.py
[2026-02-16T01:56:53.191+0000] {logging_mixin.py:188} INFO - [2026-02-16T01:56:53.191+0000] {dag.py:3096} INFO - Sync 1 DAGs
[2026-02-16T01:56:53.216+0000] {logging_mixin.py:188} INFO - [2026-02-16T01:56:53.216+0000] {dag.py:3954} INFO - Setting next_dagrun for produce_json to 2026-02-14 14:00:00+00:00, run_after=2026-02-15 14:00:00+00:00
[2026-02-16T01:56:53.241+0000] {processor.py:183} INFO - Processing /opt/airflow/dags/main.py took 0.137 seconds
[2026-02-16T01:57:23.519+0000] {processor.py:161} INFO - Started process (PID=81) to work on /opt/airflow/dags/main.py
[2026-02-16T01:57:23.521+0000] {processor.py:830} INFO - Processing file /opt/airflow/dags/main.py for tasks to queue
[2026-02-16T01:57:23.524+0000] {logging_mixin.py:188} INFO - [2026-02-16T01:57:23.524+0000] {dagbag.py:545} INFO - Filling up the DagBag from /opt/airflow/dags/main.py
[2026-02-16T01:57:23.578+0000] {processor.py:840} INFO - DAG(s) 'produce_json' retrieved from /opt/airflow/dags/main.py
[2026-02-16T01:57:23.616+0000] {logging_mixin.py:188} INFO - [2026-02-16T01:57:23.616+0000] {dag.py:3096} INFO - Sync 1 DAGs
[2026-02-16T01:57:23.644+0000] {logging_mixin.py:188} INFO - [2026-02-16T01:57:23.644+0000] {dag.py:3954} INFO - Setting next_dagrun for produce_json to 2026-02-14 14:00:00+00:00, run_after=2026-02-15 14:00:00+00:00
[2026-02-16T01:57:23.669+0000] {processor.py:183} INFO - Processing /opt/airflow/dags/main.py took 0.157 seconds
[2026-02-16T01:57:53.753+0000] {processor.py:161} INFO - Started process (PID=88) to work on /opt/airflow/dags/main.py
[2026-02-16T01:57:53.754+0000] {processor.py:830} INFO - Processing file /opt/airflow/dags/main.py for tasks to queue
[2026-02-16T01:57:53.758+0000] {logging_mixin.py:188} INFO - [2026-02-16T01:57:53.757+0000] {dagbag.py:545} INFO - Filling up the DagBag from /opt/airflow/dags/main.py
[2026-02-16T01:57:53.809+0000] {processor.py:840} INFO - DAG(s) 'produce_json' retrieved from /opt/airflow/dags/main.py
[2026-02-16T01:57:53.841+0000] {logging_mixin.py:188} INFO - [2026-02-16T01:57:53.840+0000] {dag.py:3096} INFO - Sync 1 DAGs
[2026-02-16T01:57:53.863+0000] {logging_mixin.py:188} INFO - [2026-02-16T01:57:53.863+0000] {dag.py:3954} INFO - Setting next_dagrun for produce_json to 2026-02-14 14:00:00+00:00, run_after=2026-02-15 14:00:00+00:00
[2026-02-16T01:57:53.887+0000] {processor.py:183} INFO - Processing /opt/airflow/dags/main.py took 0.143 seconds
[2026-02-16T01:58:24.140+0000] {processor.py:161} INFO - Started process (PID=95) to work on /opt/airflow/dags/main.py
[2026-02-16T01:58:24.141+0000] {processor.py:830} INFO - Processing file /opt/airflow/dags/main.py for tasks to queue
[2026-02-16T01:58:24.144+0000] {logging_mixin.py:188} INFO - [2026-02-16T01:58:24.143+0000] {dagbag.py:545} INFO - Filling up the DagBag from /opt/airflow/dags/main.py
[2026-02-16T01:58:24.196+0000] {processor.py:840} INFO - DAG(s) 'produce_json' retrieved from /opt/airflow/dags/main.py
[2026-02-16T01:58:24.228+0000] {logging_mixin.py:188} INFO - [2026-02-16T01:58:24.228+0000] {dag.py:3096} INFO - Sync 1 DAGs
[2026-02-16T01:58:24.252+0000] {logging_mixin.py:188} INFO - [2026-02-16T01:58:24.252+0000] {dag.py:3954} INFO - Setting next_dagrun for produce_json to 2026-02-14 14:00:00+00:00, run_after=2026-02-15 14:00:00+00:00
[2026-02-16T01:58:24.273+0000] {processor.py:183} INFO - Processing /opt/airflow/dags/main.py took 0.141 seconds
[2026-02-16T01:58:54.372+0000] {processor.py:161} INFO - Started process (PID=102) to work on /opt/airflow/dags/main.py
[2026-02-16T01:58:54.374+0000] {processor.py:830} INFO - Processing file /opt/airflow/dags/main.py for tasks to queue
[2026-02-16T01:58:54.377+0000] {logging_mixin.py:188} INFO - [2026-02-16T01:58:54.376+0000] {dagbag.py:545} INFO - Filling up the DagBag from /opt/airflow/dags/main.py
[2026-02-16T01:58:54.420+0000] {processor.py:840} INFO - DAG(s) 'produce_json' retrieved from /opt/airflow/dags/main.py
[2026-02-16T01:58:54.449+0000] {logging_mixin.py:188} INFO - [2026-02-16T01:58:54.449+0000] {dag.py:3096} INFO - Sync 1 DAGs
[2026-02-16T01:58:54.470+0000] {logging_mixin.py:188} INFO - [2026-02-16T01:58:54.470+0000] {dag.py:3954} INFO - Setting next_dagrun for produce_json to 2026-02-14 14:00:00+00:00, run_after=2026-02-15 14:00:00+00:00
[2026-02-16T01:58:54.492+0000] {processor.py:183} INFO - Processing /opt/airflow/dags/main.py took 0.125 seconds
[2026-02-16T01:59:24.621+0000] {processor.py:161} INFO - Started process (PID=109) to work on /opt/airflow/dags/main.py
[2026-02-16T01:59:24.622+0000] {processor.py:830} INFO - Processing file /opt/airflow/dags/main.py for tasks to queue
[2026-02-16T01:59:24.625+0000] {logging_mixin.py:188} INFO - [2026-02-16T01:59:24.625+0000] {dagbag.py:545} INFO - Filling up the DagBag from /opt/airflow/dags/main.py
[2026-02-16T01:59:24.673+0000] {processor.py:840} INFO - DAG(s) 'produce_json' retrieved from /opt/airflow/dags/main.py
[2026-02-16T01:59:24.706+0000] {logging_mixin.py:188} INFO - [2026-02-16T01:59:24.705+0000] {dag.py:3096} INFO - Sync 1 DAGs
[2026-02-16T01:59:24.728+0000] {logging_mixin.py:188} INFO - [2026-02-16T01:59:24.728+0000] {dag.py:3954} INFO - Setting next_dagrun for produce_json to 2026-02-14 14:00:00+00:00, run_after=2026-02-15 14:00:00+00:00
[2026-02-16T01:59:24.750+0000] {processor.py:183} INFO - Processing /opt/airflow/dags/main.py took 0.135 seconds
[2026-02-16T01:59:54.961+0000] {processor.py:161} INFO - Started process (PID=116) to work on /opt/airflow/dags/main.py
[2026-02-16T01:59:54.962+0000] {processor.py:830} INFO - Processing file /opt/airflow/dags/main.py for tasks to queue
[2026-02-16T01:59:54.966+0000] {logging_mixin.py:188} INFO - [2026-02-16T01:59:54.965+0000] {dagbag.py:545} INFO - Filling up the DagBag from /opt/airflow/dags/main.py
[2026-02-16T01:59:55.012+0000] {processor.py:840} INFO - DAG(s) 'produce_json' retrieved from /opt/airflow/dags/main.py
[2026-02-16T01:59:55.047+0000] {logging_mixin.py:188} INFO - [2026-02-16T01:59:55.047+0000] {dag.py:3096} INFO - Sync 1 DAGs
[2026-02-16T01:59:55.067+0000] {logging_mixin.py:188} INFO - [2026-02-16T01:59:55.067+0000] {dag.py:3954} INFO - Setting next_dagrun for produce_json to 2026-02-14 14:00:00+00:00, run_after=2026-02-15 14:00:00+00:00
[2026-02-16T01:59:55.090+0000] {processor.py:183} INFO - Processing /opt/airflow/dags/main.py took 0.135 seconds
[2026-02-16T02:00:25.229+0000] {processor.py:161} INFO - Started process (PID=123) to work on /opt/airflow/dags/main.py
[2026-02-16T02:00:25.231+0000] {processor.py:830} INFO - Processing file /opt/airflow/dags/main.py for tasks to queue
[2026-02-16T02:00:25.234+0000] {logging_mixin.py:188} INFO - [2026-02-16T02:00:25.233+0000] {dagbag.py:545} INFO - Filling up the DagBag from /opt/airflow/dags/main.py
[2026-02-16T02:00:25.315+0000] {processor.py:840} INFO - DAG(s) 'produce_json' retrieved from /opt/airflow/dags/main.py
[2026-02-16T02:00:25.367+0000] {logging_mixin.py:188} INFO - [2026-02-16T02:00:25.366+0000] {dag.py:3096} INFO - Sync 1 DAGs
[2026-02-16T02:00:25.397+0000] {logging_mixin.py:188} INFO - [2026-02-16T02:00:25.397+0000] {dag.py:3954} INFO - Setting next_dagrun for produce_json to 2026-02-14 14:00:00+00:00, run_after=2026-02-15 14:00:00+00:00
[2026-02-16T02:00:25.425+0000] {processor.py:183} INFO - Processing /opt/airflow/dags/main.py took 0.207 seconds
[2026-02-16T02:00:55.689+0000] {processor.py:161} INFO - Started process (PID=130) to work on /opt/airflow/dags/main.py
[2026-02-16T02:00:55.690+0000] {processor.py:830} INFO - Processing file /opt/airflow/dags/main.py for tasks to queue
[2026-02-16T02:00:55.692+0000] {logging_mixin.py:188} INFO - [2026-02-16T02:00:55.692+0000] {dagbag.py:545} INFO - Filling up the DagBag from /opt/airflow/dags/main.py
[2026-02-16T02:00:55.747+0000] {processor.py:840} INFO - DAG(s) 'produce_json' retrieved from /opt/airflow/dags/main.py
[2026-02-16T02:00:55.778+0000] {logging_mixin.py:188} INFO - [2026-02-16T02:00:55.778+0000] {dag.py:3096} INFO - Sync 1 DAGs
[2026-02-16T02:00:55.799+0000] {logging_mixin.py:188} INFO - [2026-02-16T02:00:55.799+0000] {dag.py:3954} INFO - Setting next_dagrun for produce_json to 2026-02-14 14:00:00+00:00, run_after=2026-02-15 14:00:00+00:00
[2026-02-16T02:00:55.822+0000] {processor.py:183} INFO - Processing /opt/airflow/dags/main.py took 0.140 seconds
[2026-02-16T02:01:25.960+0000] {processor.py:161} INFO - Started process (PID=137) to work on /opt/airflow/dags/main.py
[2026-02-16T02:01:25.962+0000] {processor.py:830} INFO - Processing file /opt/airflow/dags/main.py for tasks to queue
[2026-02-16T02:01:25.966+0000] {logging_mixin.py:188} INFO - [2026-02-16T02:01:25.965+0000] {dagbag.py:545} INFO - Filling up the DagBag from /opt/airflow/dags/main.py
[2026-02-16T02:01:26.035+0000] {processor.py:840} INFO - DAG(s) 'produce_json' retrieved from /opt/airflow/dags/main.py
[2026-02-16T02:01:26.074+0000] {logging_mixin.py:188} INFO - [2026-02-16T02:01:26.074+0000] {dag.py:3096} INFO - Sync 1 DAGs
[2026-02-16T02:01:26.103+0000] {logging_mixin.py:188} INFO - [2026-02-16T02:01:26.103+0000] {dag.py:3954} INFO - Setting next_dagrun for produce_json to 2026-02-14 14:00:00+00:00, run_after=2026-02-15 14:00:00+00:00
[2026-02-16T02:01:26.137+0000] {processor.py:183} INFO - Processing /opt/airflow/dags/main.py took 0.189 seconds
[2026-02-16T02:01:56.285+0000] {processor.py:161} INFO - Started process (PID=144) to work on /opt/airflow/dags/main.py
[2026-02-16T02:01:56.293+0000] {processor.py:830} INFO - Processing file /opt/airflow/dags/main.py for tasks to queue
[2026-02-16T02:01:56.301+0000] {logging_mixin.py:188} INFO - [2026-02-16T02:01:56.300+0000] {dagbag.py:545} INFO - Filling up the DagBag from /opt/airflow/dags/main.py
[2026-02-16T02:01:56.388+0000] {processor.py:840} INFO - DAG(s) 'produce_json' retrieved from /opt/airflow/dags/main.py
[2026-02-16T02:01:56.436+0000] {logging_mixin.py:188} INFO - [2026-02-16T02:01:56.436+0000] {dag.py:3096} INFO - Sync 1 DAGs
[2026-02-16T02:01:56.490+0000] {logging_mixin.py:188} INFO - [2026-02-16T02:01:56.490+0000] {dag.py:3954} INFO - Setting next_dagrun for produce_json to 2026-02-15 14:00:00+00:00, run_after=2026-02-16 14:00:00+00:00
[2026-02-16T02:01:56.516+0000] {processor.py:183} INFO - Processing /opt/airflow/dags/main.py took 0.244 seconds
[2026-02-16T02:02:26.584+0000] {processor.py:161} INFO - Started process (PID=151) to work on /opt/airflow/dags/main.py
[2026-02-16T02:02:26.585+0000] {processor.py:830} INFO - Processing file /opt/airflow/dags/main.py for tasks to queue
[2026-02-16T02:02:26.587+0000] {logging_mixin.py:188} INFO - [2026-02-16T02:02:26.587+0000] {dagbag.py:545} INFO - Filling up the DagBag from /opt/airflow/dags/main.py
[2026-02-16T02:02:26.717+0000] {processor.py:840} INFO - DAG(s) 'produce_json' retrieved from /opt/airflow/dags/main.py
[2026-02-16T02:02:26.754+0000] {logging_mixin.py:188} INFO - [2026-02-16T02:02:26.754+0000] {dag.py:3096} INFO - Sync 1 DAGs
[2026-02-16T02:02:26.789+0000] {logging_mixin.py:188} INFO - [2026-02-16T02:02:26.789+0000] {dag.py:3954} INFO - Setting next_dagrun for produce_json to 2026-02-15 14:00:00+00:00, run_after=2026-02-16 14:00:00+00:00
[2026-02-16T02:02:26.813+0000] {processor.py:183} INFO - Processing /opt/airflow/dags/main.py took 0.235 seconds
[2026-02-16T02:02:56.973+0000] {processor.py:161} INFO - Started process (PID=158) to work on /opt/airflow/dags/main.py
[2026-02-16T02:02:56.975+0000] {processor.py:830} INFO - Processing file /opt/airflow/dags/main.py for tasks to queue
[2026-02-16T02:02:56.977+0000] {logging_mixin.py:188} INFO - [2026-02-16T02:02:56.977+0000] {dagbag.py:545} INFO - Filling up the DagBag from /opt/airflow/dags/main.py
[2026-02-16T02:02:57.068+0000] {processor.py:840} INFO - DAG(s) 'produce_json' retrieved from /opt/airflow/dags/main.py
[2026-02-16T02:02:57.152+0000] {logging_mixin.py:188} INFO - [2026-02-16T02:02:57.151+0000] {dag.py:3096} INFO - Sync 1 DAGs
[2026-02-16T02:02:57.227+0000] {logging_mixin.py:188} INFO - [2026-02-16T02:02:57.227+0000] {dag.py:3954} INFO - Setting next_dagrun for produce_json to 2026-02-15 14:00:00+00:00, run_after=2026-02-16 14:00:00+00:00
[2026-02-16T02:02:57.264+0000] {processor.py:183} INFO - Processing /opt/airflow/dags/main.py took 0.299 seconds
[2026-02-16T02:03:27.502+0000] {processor.py:161} INFO - Started process (PID=165) to work on /opt/airflow/dags/main.py
[2026-02-16T02:03:27.503+0000] {processor.py:830} INFO - Processing file /opt/airflow/dags/main.py for tasks to queue
[2026-02-16T02:03:27.505+0000] {logging_mixin.py:188} INFO - [2026-02-16T02:03:27.505+0000] {dagbag.py:545} INFO - Filling up the DagBag from /opt/airflow/dags/main.py
[2026-02-16T02:03:27.558+0000] {processor.py:840} INFO - DAG(s) 'produce_json' retrieved from /opt/airflow/dags/main.py
[2026-02-16T02:03:27.605+0000] {logging_mixin.py:188} INFO - [2026-02-16T02:03:27.605+0000] {dag.py:3096} INFO - Sync 1 DAGs
[2026-02-16T02:03:27.637+0000] {logging_mixin.py:188} INFO - [2026-02-16T02:03:27.637+0000] {dag.py:3954} INFO - Setting next_dagrun for produce_json to 2026-02-15 14:00:00+00:00, run_after=2026-02-16 14:00:00+00:00
[2026-02-16T02:03:27.666+0000] {processor.py:183} INFO - Processing /opt/airflow/dags/main.py took 0.171 seconds
[2026-02-16T02:03:57.844+0000] {processor.py:161} INFO - Started process (PID=172) to work on /opt/airflow/dags/main.py
[2026-02-16T02:03:57.845+0000] {processor.py:830} INFO - Processing file /opt/airflow/dags/main.py for tasks to queue
[2026-02-16T02:03:57.848+0000] {logging_mixin.py:188} INFO - [2026-02-16T02:03:57.848+0000] {dagbag.py:545} INFO - Filling up the DagBag from /opt/airflow/dags/main.py
[2026-02-16T02:03:57.898+0000] {processor.py:840} INFO - DAG(s) 'produce_json' retrieved from /opt/airflow/dags/main.py
[2026-02-16T02:03:57.933+0000] {logging_mixin.py:188} INFO - [2026-02-16T02:03:57.933+0000] {dag.py:3096} INFO - Sync 1 DAGs
[2026-02-16T02:03:57.955+0000] {logging_mixin.py:188} INFO - [2026-02-16T02:03:57.955+0000] {dag.py:3954} INFO - Setting next_dagrun for produce_json to 2026-02-15 14:00:00+00:00, run_after=2026-02-16 14:00:00+00:00
[2026-02-16T02:03:57.979+0000] {processor.py:183} INFO - Processing /opt/airflow/dags/main.py took 0.144 seconds
[2026-02-16T02:04:28.056+0000] {processor.py:161} INFO - Started process (PID=179) to work on /opt/airflow/dags/main.py
[2026-02-16T02:04:28.057+0000] {processor.py:830} INFO - Processing file /opt/airflow/dags/main.py for tasks to queue
[2026-02-16T02:04:28.060+0000] {logging_mixin.py:188} INFO - [2026-02-16T02:04:28.059+0000] {dagbag.py:545} INFO - Filling up the DagBag from /opt/airflow/dags/main.py
[2026-02-16T02:04:28.129+0000] {processor.py:840} INFO - DAG(s) 'produce_json' retrieved from /opt/airflow/dags/main.py
[2026-02-16T02:04:28.177+0000] {logging_mixin.py:188} INFO - [2026-02-16T02:04:28.177+0000] {dag.py:3096} INFO - Sync 1 DAGs
[2026-02-16T02:04:28.205+0000] {logging_mixin.py:188} INFO - [2026-02-16T02:04:28.205+0000] {dag.py:3954} INFO - Setting next_dagrun for produce_json to 2026-02-15 14:00:00+00:00, run_after=2026-02-16 14:00:00+00:00
[2026-02-16T02:04:28.231+0000] {processor.py:183} INFO - Processing /opt/airflow/dags/main.py took 0.180 seconds
[2026-02-16T02:04:58.403+0000] {processor.py:161} INFO - Started process (PID=186) to work on /opt/airflow/dags/main.py
[2026-02-16T02:04:58.404+0000] {processor.py:830} INFO - Processing file /opt/airflow/dags/main.py for tasks to queue
[2026-02-16T02:04:58.406+0000] {logging_mixin.py:188} INFO - [2026-02-16T02:04:58.405+0000] {dagbag.py:545} INFO - Filling up the DagBag from /opt/airflow/dags/main.py
[2026-02-16T02:04:58.456+0000] {processor.py:840} INFO - DAG(s) 'produce_json' retrieved from /opt/airflow/dags/main.py
[2026-02-16T02:04:58.488+0000] {logging_mixin.py:188} INFO - [2026-02-16T02:04:58.488+0000] {dag.py:3096} INFO - Sync 1 DAGs
[2026-02-16T02:04:58.512+0000] {logging_mixin.py:188} INFO - [2026-02-16T02:04:58.512+0000] {dag.py:3954} INFO - Setting next_dagrun for produce_json to 2026-02-15 14:00:00+00:00, run_after=2026-02-16 14:00:00+00:00
[2026-02-16T02:04:58.531+0000] {processor.py:183} INFO - Processing /opt/airflow/dags/main.py took 0.135 seconds
[2026-02-16T02:05:28.683+0000] {processor.py:161} INFO - Started process (PID=194) to work on /opt/airflow/dags/main.py
[2026-02-16T02:05:28.684+0000] {processor.py:830} INFO - Processing file /opt/airflow/dags/main.py for tasks to queue
[2026-02-16T02:05:28.687+0000] {logging_mixin.py:188} INFO - [2026-02-16T02:05:28.687+0000] {dagbag.py:545} INFO - Filling up the DagBag from /opt/airflow/dags/main.py
[2026-02-16T02:05:28.740+0000] {processor.py:840} INFO - DAG(s) 'produce_json' retrieved from /opt/airflow/dags/main.py
[2026-02-16T02:05:28.776+0000] {logging_mixin.py:188} INFO - [2026-02-16T02:05:28.776+0000] {dag.py:3096} INFO - Sync 1 DAGs
[2026-02-16T02:05:28.800+0000] {logging_mixin.py:188} INFO - [2026-02-16T02:05:28.800+0000] {dag.py:3954} INFO - Setting next_dagrun for produce_json to 2026-02-15 14:00:00+00:00, run_after=2026-02-16 14:00:00+00:00
[2026-02-16T02:05:28.832+0000] {processor.py:183} INFO - Processing /opt/airflow/dags/main.py took 0.157 seconds
[2026-02-16T02:05:59.064+0000] {processor.py:161} INFO - Started process (PID=201) to work on /opt/airflow/dags/main.py
[2026-02-16T02:05:59.065+0000] {processor.py:830} INFO - Processing file /opt/airflow/dags/main.py for tasks to queue
[2026-02-16T02:05:59.067+0000] {logging_mixin.py:188} INFO - [2026-02-16T02:05:59.067+0000] {dagbag.py:545} INFO - Filling up the DagBag from /opt/airflow/dags/main.py
[2026-02-16T02:05:59.109+0000] {processor.py:840} INFO - DAG(s) 'produce_json' retrieved from /opt/airflow/dags/main.py
[2026-02-16T02:05:59.139+0000] {logging_mixin.py:188} INFO - [2026-02-16T02:05:59.139+0000] {dag.py:3096} INFO - Sync 1 DAGs
[2026-02-16T02:05:59.161+0000] {logging_mixin.py:188} INFO - [2026-02-16T02:05:59.161+0000] {dag.py:3954} INFO - Setting next_dagrun for produce_json to 2026-02-15 14:00:00+00:00, run_after=2026-02-16 14:00:00+00:00
[2026-02-16T02:05:59.182+0000] {processor.py:183} INFO - Processing /opt/airflow/dags/main.py took 0.124 seconds
[2026-02-16T02:06:29.322+0000] {processor.py:161} INFO - Started process (PID=209) to work on /opt/airflow/dags/main.py
[2026-02-16T02:06:29.323+0000] {processor.py:830} INFO - Processing file /opt/airflow/dags/main.py for tasks to queue
[2026-02-16T02:06:29.325+0000] {logging_mixin.py:188} INFO - [2026-02-16T02:06:29.325+0000] {dagbag.py:545} INFO - Filling up the DagBag from /opt/airflow/dags/main.py
[2026-02-16T02:06:29.375+0000] {processor.py:840} INFO - DAG(s) 'produce_json' retrieved from /opt/airflow/dags/main.py
[2026-02-16T02:06:29.410+0000] {logging_mixin.py:188} INFO - [2026-02-16T02:06:29.408+0000] {dag.py:3096} INFO - Sync 1 DAGs
[2026-02-16T02:06:29.446+0000] {logging_mixin.py:188} INFO - [2026-02-16T02:06:29.446+0000] {dag.py:3954} INFO - Setting next_dagrun for produce_json to 2026-02-15 14:00:00+00:00, run_after=2026-02-16 14:00:00+00:00
[2026-02-16T02:06:29.468+0000] {processor.py:183} INFO - Processing /opt/airflow/dags/main.py took 0.153 seconds
[2026-02-16T02:06:59.604+0000] {processor.py:161} INFO - Started process (PID=216) to work on /opt/airflow/dags/main.py
[2026-02-16T02:06:59.607+0000] {processor.py:830} INFO - Processing file /opt/airflow/dags/main.py for tasks to queue
[2026-02-16T02:06:59.610+0000] {logging_mixin.py:188} INFO - [2026-02-16T02:06:59.609+0000] {dagbag.py:545} INFO - Filling up the DagBag from /opt/airflow/dags/main.py
[2026-02-16T02:06:59.677+0000] {processor.py:840} INFO - DAG(s) 'produce_json' retrieved from /opt/airflow/dags/main.py
[2026-02-16T02:06:59.713+0000] {logging_mixin.py:188} INFO - [2026-02-16T02:06:59.712+0000] {dag.py:3096} INFO - Sync 1 DAGs
[2026-02-16T02:06:59.740+0000] {logging_mixin.py:188} INFO - [2026-02-16T02:06:59.739+0000] {dag.py:3954} INFO - Setting next_dagrun for produce_json to 2026-02-15 14:00:00+00:00, run_after=2026-02-16 14:00:00+00:00
[2026-02-16T02:06:59.764+0000] {processor.py:183} INFO - Processing /opt/airflow/dags/main.py took 0.167 seconds
[2026-02-16T02:07:29.871+0000] {processor.py:161} INFO - Started process (PID=223) to work on /opt/airflow/dags/main.py
[2026-02-16T02:07:29.880+0000] {processor.py:830} INFO - Processing file /opt/airflow/dags/main.py for tasks to queue
[2026-02-16T02:07:29.883+0000] {logging_mixin.py:188} INFO - [2026-02-16T02:07:29.883+0000] {dagbag.py:545} INFO - Filling up the DagBag from /opt/airflow/dags/main.py
[2026-02-16T02:07:29.985+0000] {processor.py:840} INFO - DAG(s) 'produce_json' retrieved from /opt/airflow/dags/main.py
[2026-02-16T02:07:30.033+0000] {logging_mixin.py:188} INFO - [2026-02-16T02:07:30.033+0000] {dag.py:3096} INFO - Sync 1 DAGs
[2026-02-16T02:07:30.059+0000] {logging_mixin.py:188} INFO - [2026-02-16T02:07:30.058+0000] {dag.py:3954} INFO - Setting next_dagrun for produce_json to 2026-02-15 14:00:00+00:00, run_after=2026-02-16 14:00:00+00:00
[2026-02-16T02:07:30.080+0000] {processor.py:183} INFO - Processing /opt/airflow/dags/main.py took 0.215 seconds
[2026-02-16T02:08:00.241+0000] {processor.py:161} INFO - Started process (PID=230) to work on /opt/airflow/dags/main.py
[2026-02-16T02:08:00.242+0000] {processor.py:830} INFO - Processing file /opt/airflow/dags/main.py for tasks to queue
[2026-02-16T02:08:00.244+0000] {logging_mixin.py:188} INFO - [2026-02-16T02:08:00.244+0000] {dagbag.py:545} INFO - Filling up the DagBag from /opt/airflow/dags/main.py
[2026-02-16T02:08:00.291+0000] {processor.py:840} INFO - DAG(s) 'produce_json' retrieved from /opt/airflow/dags/main.py
[2026-02-16T02:08:00.322+0000] {logging_mixin.py:188} INFO - [2026-02-16T02:08:00.321+0000] {dag.py:3096} INFO - Sync 1 DAGs
[2026-02-16T02:08:00.344+0000] {logging_mixin.py:188} INFO - [2026-02-16T02:08:00.344+0000] {dag.py:3954} INFO - Setting next_dagrun for produce_json to 2026-02-15 14:00:00+00:00, run_after=2026-02-16 14:00:00+00:00
[2026-02-16T02:08:00.367+0000] {processor.py:183} INFO - Processing /opt/airflow/dags/main.py took 0.132 seconds
[2026-02-16T02:08:30.530+0000] {processor.py:161} INFO - Started process (PID=237) to work on /opt/airflow/dags/main.py
[2026-02-16T02:08:30.531+0000] {processor.py:830} INFO - Processing file /opt/airflow/dags/main.py for tasks to queue
[2026-02-16T02:08:30.533+0000] {logging_mixin.py:188} INFO - [2026-02-16T02:08:30.533+0000] {dagbag.py:545} INFO - Filling up the DagBag from /opt/airflow/dags/main.py
[2026-02-16T02:08:30.602+0000] {processor.py:840} INFO - DAG(s) 'produce_json' retrieved from /opt/airflow/dags/main.py
[2026-02-16T02:08:30.638+0000] {logging_mixin.py:188} INFO - [2026-02-16T02:08:30.638+0000] {dag.py:3096} INFO - Sync 1 DAGs
[2026-02-16T02:08:30.677+0000] {logging_mixin.py:188} INFO - [2026-02-16T02:08:30.676+0000] {dag.py:3954} INFO - Setting next_dagrun for produce_json to 2026-02-15 14:00:00+00:00, run_after=2026-02-16 14:00:00+00:00
[2026-02-16T02:08:30.703+0000] {processor.py:183} INFO - Processing /opt/airflow/dags/main.py took 0.180 seconds
[2026-02-16T02:09:00.808+0000] {processor.py:161} INFO - Started process (PID=244) to work on /opt/airflow/dags/main.py
[2026-02-16T02:09:00.810+0000] {processor.py:830} INFO - Processing file /opt/airflow/dags/main.py for tasks to queue
[2026-02-16T02:09:00.815+0000] {logging_mixin.py:188} INFO - [2026-02-16T02:09:00.814+0000] {dagbag.py:545} INFO - Filling up the DagBag from /opt/airflow/dags/main.py
[2026-02-16T02:09:00.890+0000] {processor.py:840} INFO - DAG(s) 'produce_json' retrieved from /opt/airflow/dags/main.py
[2026-02-16T02:09:00.937+0000] {logging_mixin.py:188} INFO - [2026-02-16T02:09:00.937+0000] {dag.py:3096} INFO - Sync 1 DAGs
[2026-02-16T02:09:01.033+0000] {logging_mixin.py:188} INFO - [2026-02-16T02:09:01.032+0000] {dag.py:3954} INFO - Setting next_dagrun for produce_json to 2026-02-15 14:00:00+00:00, run_after=2026-02-16 14:00:00+00:00
[2026-02-16T02:09:01.059+0000] {processor.py:183} INFO - Processing /opt/airflow/dags/main.py took 0.273 seconds
[2026-02-16T02:09:31.102+0000] {processor.py:161} INFO - Started process (PID=251) to work on /opt/airflow/dags/main.py
[2026-02-16T02:09:31.103+0000] {processor.py:830} INFO - Processing file /opt/airflow/dags/main.py for tasks to queue
[2026-02-16T02:09:31.105+0000] {logging_mixin.py:188} INFO - [2026-02-16T02:09:31.105+0000] {dagbag.py:545} INFO - Filling up the DagBag from /opt/airflow/dags/main.py
[2026-02-16T02:09:31.152+0000] {processor.py:840} INFO - DAG(s) 'produce_json' retrieved from /opt/airflow/dags/main.py
[2026-02-16T02:09:31.184+0000] {logging_mixin.py:188} INFO - [2026-02-16T02:09:31.184+0000] {dag.py:3096} INFO - Sync 1 DAGs
[2026-02-16T02:09:31.206+0000] {logging_mixin.py:188} INFO - [2026-02-16T02:09:31.205+0000] {dag.py:3954} INFO - Setting next_dagrun for produce_json to 2026-02-15 14:00:00+00:00, run_after=2026-02-16 14:00:00+00:00
[2026-02-16T02:09:31.230+0000] {processor.py:183} INFO - Processing /opt/airflow/dags/main.py took 0.133 seconds
[2026-02-16T02:10:01.317+0000] {processor.py:161} INFO - Started process (PID=258) to work on /opt/airflow/dags/main.py
[2026-02-16T02:10:01.319+0000] {processor.py:830} INFO - Processing file /opt/airflow/dags/main.py for tasks to queue
[2026-02-16T02:10:01.323+0000] {logging_mixin.py:188} INFO - [2026-02-16T02:10:01.322+0000] {dagbag.py:545} INFO - Filling up the DagBag from /opt/airflow/dags/main.py
[2026-02-16T02:10:01.406+0000] {processor.py:840} INFO - DAG(s) 'produce_json' retrieved from /opt/airflow/dags/main.py
[2026-02-16T02:10:01.459+0000] {logging_mixin.py:188} INFO - [2026-02-16T02:10:01.458+0000] {dag.py:3096} INFO - Sync 1 DAGs
[2026-02-16T02:10:01.505+0000] {logging_mixin.py:188} INFO - [2026-02-16T02:10:01.505+0000] {dag.py:3954} INFO - Setting next_dagrun for produce_json to 2026-02-15 14:00:00+00:00, run_after=2026-02-16 14:00:00+00:00
[2026-02-16T02:10:01.527+0000] {processor.py:183} INFO - Processing /opt/airflow/dags/main.py took 0.218 seconds
[2026-02-16T02:10:31.669+0000] {processor.py:161} INFO - Started process (PID=265) to work on /opt/airflow/dags/main.py
[2026-02-16T02:10:31.670+0000] {processor.py:830} INFO - Processing file /opt/airflow/dags/main.py for tasks to queue
[2026-02-16T02:10:31.673+0000] {logging_mixin.py:188} INFO - [2026-02-16T02:10:31.672+0000] {dagbag.py:545} INFO - Filling up the DagBag from /opt/airflow/dags/main.py
[2026-02-16T02:10:31.739+0000] {processor.py:840} INFO - DAG(s) 'produce_json' retrieved from /opt/airflow/dags/main.py
[2026-02-16T02:10:31.774+0000] {logging_mixin.py:188} INFO - [2026-02-16T02:10:31.774+0000] {dag.py:3096} INFO - Sync 1 DAGs
[2026-02-16T02:10:31.803+0000] {logging_mixin.py:188} INFO - [2026-02-16T02:10:31.803+0000] {dag.py:3954} INFO - Setting next_dagrun for produce_json to 2026-02-15 14:00:00+00:00, run_after=2026-02-16 14:00:00+00:00
[2026-02-16T02:10:31.832+0000] {processor.py:183} INFO - Processing /opt/airflow/dags/main.py took 0.173 seconds
[2026-02-16T02:11:01.932+0000] {processor.py:161} INFO - Started process (PID=272) to work on /opt/airflow/dags/main.py
[2026-02-16T02:11:01.933+0000] {processor.py:830} INFO - Processing file /opt/airflow/dags/main.py for tasks to queue
[2026-02-16T02:11:01.939+0000] {logging_mixin.py:188} INFO - [2026-02-16T02:11:01.937+0000] {dagbag.py:545} INFO - Filling up the DagBag from /opt/airflow/dags/main.py
[2026-02-16T02:11:02.006+0000] {processor.py:840} INFO - DAG(s) 'produce_json' retrieved from /opt/airflow/dags/main.py
[2026-02-16T02:11:02.039+0000] {logging_mixin.py:188} INFO - [2026-02-16T02:11:02.038+0000] {dag.py:3096} INFO - Sync 1 DAGs
[2026-02-16T02:11:02.062+0000] {logging_mixin.py:188} INFO - [2026-02-16T02:11:02.061+0000] {dag.py:3954} INFO - Setting next_dagrun for produce_json to 2026-02-15 14:00:00+00:00, run_after=2026-02-16 14:00:00+00:00
[2026-02-16T02:11:02.087+0000] {processor.py:183} INFO - Processing /opt/airflow/dags/main.py took 0.161 seconds
[2026-02-16T02:11:32.145+0000] {processor.py:161} INFO - Started process (PID=280) to work on /opt/airflow/dags/main.py
[2026-02-16T02:11:32.146+0000] {processor.py:830} INFO - Processing file /opt/airflow/dags/main.py for tasks to queue
[2026-02-16T02:11:32.149+0000] {logging_mixin.py:188} INFO - [2026-02-16T02:11:32.148+0000] {dagbag.py:545} INFO - Filling up the DagBag from /opt/airflow/dags/main.py
[2026-02-16T02:11:32.200+0000] {processor.py:840} INFO - DAG(s) 'produce_json' retrieved from /opt/airflow/dags/main.py
[2026-02-16T02:11:32.239+0000] {logging_mixin.py:188} INFO - [2026-02-16T02:11:32.239+0000] {dag.py:3096} INFO - Sync 1 DAGs
[2026-02-16T02:11:32.272+0000] {logging_mixin.py:188} INFO - [2026-02-16T02:11:32.271+0000] {dag.py:3954} INFO - Setting next_dagrun for produce_json to 2026-02-15 14:00:00+00:00, run_after=2026-02-16 14:00:00+00:00
[2026-02-16T02:11:32.301+0000] {processor.py:183} INFO - Processing /opt/airflow/dags/main.py took 0.163 seconds
[2026-02-16T02:12:02.510+0000] {processor.py:161} INFO - Started process (PID=287) to work on /opt/airflow/dags/main.py
[2026-02-16T02:12:02.512+0000] {processor.py:830} INFO - Processing file /opt/airflow/dags/main.py for tasks to queue
[2026-02-16T02:12:02.514+0000] {logging_mixin.py:188} INFO - [2026-02-16T02:12:02.514+0000] {dagbag.py:545} INFO - Filling up the DagBag from /opt/airflow/dags/main.py
[2026-02-16T02:12:02.585+0000] {processor.py:840} INFO - DAG(s) 'produce_json' retrieved from /opt/airflow/dags/main.py
[2026-02-16T02:12:02.623+0000] {logging_mixin.py:188} INFO - [2026-02-16T02:12:02.623+0000] {dag.py:3096} INFO - Sync 1 DAGs
[2026-02-16T02:12:02.651+0000] {logging_mixin.py:188} INFO - [2026-02-16T02:12:02.651+0000] {dag.py:3954} INFO - Setting next_dagrun for produce_json to 2026-02-15 14:00:00+00:00, run_after=2026-02-16 14:00:00+00:00
[2026-02-16T02:12:02.680+0000] {processor.py:183} INFO - Processing /opt/airflow/dags/main.py took 0.179 seconds
[2026-02-16T02:12:32.889+0000] {processor.py:161} INFO - Started process (PID=294) to work on /opt/airflow/dags/main.py
[2026-02-16T02:12:32.891+0000] {processor.py:830} INFO - Processing file /opt/airflow/dags/main.py for tasks to queue
[2026-02-16T02:12:32.896+0000] {logging_mixin.py:188} INFO - [2026-02-16T02:12:32.895+0000] {dagbag.py:545} INFO - Filling up the DagBag from /opt/airflow/dags/main.py
[2026-02-16T02:12:32.959+0000] {processor.py:840} INFO - DAG(s) 'produce_json' retrieved from /opt/airflow/dags/main.py
[2026-02-16T02:12:32.994+0000] {logging_mixin.py:188} INFO - [2026-02-16T02:12:32.994+0000] {dag.py:3096} INFO - Sync 1 DAGs
[2026-02-16T02:12:33.022+0000] {logging_mixin.py:188} INFO - [2026-02-16T02:12:33.022+0000] {dag.py:3954} INFO - Setting next_dagrun for produce_json to 2026-02-15 14:00:00+00:00, run_after=2026-02-16 14:00:00+00:00
[2026-02-16T02:12:33.045+0000] {processor.py:183} INFO - Processing /opt/airflow/dags/main.py took 0.165 seconds
[2026-02-16T02:13:03.279+0000] {processor.py:161} INFO - Started process (PID=301) to work on /opt/airflow/dags/main.py
[2026-02-16T02:13:03.280+0000] {processor.py:830} INFO - Processing file /opt/airflow/dags/main.py for tasks to queue
[2026-02-16T02:13:03.284+0000] {logging_mixin.py:188} INFO - [2026-02-16T02:13:03.284+0000] {dagbag.py:545} INFO - Filling up the DagBag from /opt/airflow/dags/main.py
[2026-02-16T02:13:03.348+0000] {processor.py:840} INFO - DAG(s) 'produce_json' retrieved from /opt/airflow/dags/main.py
[2026-02-16T02:13:03.386+0000] {logging_mixin.py:188} INFO - [2026-02-16T02:13:03.386+0000] {dag.py:3096} INFO - Sync 1 DAGs
[2026-02-16T02:13:03.412+0000] {logging_mixin.py:188} INFO - [2026-02-16T02:13:03.412+0000] {dag.py:3954} INFO - Setting next_dagrun for produce_json to 2026-02-15 14:00:00+00:00, run_after=2026-02-16 14:00:00+00:00
[2026-02-16T02:13:03.439+0000] {processor.py:183} INFO - Processing /opt/airflow/dags/main.py took 0.169 seconds
[2026-02-16T02:13:33.677+0000] {processor.py:161} INFO - Started process (PID=308) to work on /opt/airflow/dags/main.py
[2026-02-16T02:13:33.680+0000] {processor.py:830} INFO - Processing file /opt/airflow/dags/main.py for tasks to queue
[2026-02-16T02:13:33.719+0000] {logging_mixin.py:188} INFO - [2026-02-16T02:13:33.712+0000] {dagbag.py:545} INFO - Filling up the DagBag from /opt/airflow/dags/main.py
[2026-02-16T02:13:33.817+0000] {processor.py:840} INFO - DAG(s) 'produce_json' retrieved from /opt/airflow/dags/main.py
[2026-02-16T02:13:33.879+0000] {logging_mixin.py:188} INFO - [2026-02-16T02:13:33.879+0000] {dag.py:3096} INFO - Sync 1 DAGs
[2026-02-16T02:13:33.940+0000] {logging_mixin.py:188} INFO - [2026-02-16T02:13:33.940+0000] {dag.py:3954} INFO - Setting next_dagrun for produce_json to 2026-02-15 14:00:00+00:00, run_after=2026-02-16 14:00:00+00:00
[2026-02-16T02:13:34.014+0000] {processor.py:183} INFO - Processing /opt/airflow/dags/main.py took 0.343 seconds
[2026-02-16T02:14:08.624+0000] {processor.py:161} INFO - Started process (PID=54) to work on /opt/airflow/dags/main.py
[2026-02-16T02:14:08.626+0000] {processor.py:830} INFO - Processing file /opt/airflow/dags/main.py for tasks to queue
[2026-02-16T02:14:08.634+0000] {logging_mixin.py:188} INFO - [2026-02-16T02:14:08.633+0000] {dagbag.py:545} INFO - Filling up the DagBag from /opt/airflow/dags/main.py
[2026-02-16T02:14:08.723+0000] {processor.py:840} INFO - DAG(s) 'produce_json' retrieved from /opt/airflow/dags/main.py
[2026-02-16T02:14:08.809+0000] {logging_mixin.py:188} INFO - [2026-02-16T02:14:08.808+0000] {dag.py:3096} INFO - Sync 1 DAGs
[2026-02-16T02:14:08.848+0000] {logging_mixin.py:188} INFO - [2026-02-16T02:14:08.847+0000] {dag.py:3954} INFO - Setting next_dagrun for produce_json to 2026-02-15 14:00:00+00:00, run_after=2026-02-16 14:00:00+00:00
[2026-02-16T02:14:08.886+0000] {processor.py:183} INFO - Processing /opt/airflow/dags/main.py took 0.275 seconds
[2026-02-16T02:14:39.161+0000] {processor.py:161} INFO - Started process (PID=67) to work on /opt/airflow/dags/main.py
[2026-02-16T02:14:39.162+0000] {processor.py:830} INFO - Processing file /opt/airflow/dags/main.py for tasks to queue
[2026-02-16T02:14:39.164+0000] {logging_mixin.py:188} INFO - [2026-02-16T02:14:39.164+0000] {dagbag.py:545} INFO - Filling up the DagBag from /opt/airflow/dags/main.py
[2026-02-16T02:14:39.211+0000] {processor.py:840} INFO - DAG(s) 'produce_json' retrieved from /opt/airflow/dags/main.py
[2026-02-16T02:14:39.243+0000] {logging_mixin.py:188} INFO - [2026-02-16T02:14:39.242+0000] {dag.py:3096} INFO - Sync 1 DAGs
[2026-02-16T02:14:39.266+0000] {logging_mixin.py:188} INFO - [2026-02-16T02:14:39.266+0000] {dag.py:3954} INFO - Setting next_dagrun for produce_json to 2026-02-15 14:00:00+00:00, run_after=2026-02-16 14:00:00+00:00
[2026-02-16T02:14:39.288+0000] {processor.py:183} INFO - Processing /opt/airflow/dags/main.py took 0.132 seconds
[2026-02-16T02:15:09.401+0000] {processor.py:161} INFO - Started process (PID=74) to work on /opt/airflow/dags/main.py
[2026-02-16T02:15:09.402+0000] {processor.py:830} INFO - Processing file /opt/airflow/dags/main.py for tasks to queue
[2026-02-16T02:15:09.405+0000] {logging_mixin.py:188} INFO - [2026-02-16T02:15:09.404+0000] {dagbag.py:545} INFO - Filling up the DagBag from /opt/airflow/dags/main.py
[2026-02-16T02:15:09.451+0000] {processor.py:840} INFO - DAG(s) 'produce_json' retrieved from /opt/airflow/dags/main.py
[2026-02-16T02:15:09.477+0000] {logging_mixin.py:188} INFO - [2026-02-16T02:15:09.477+0000] {dag.py:3096} INFO - Sync 1 DAGs
[2026-02-16T02:15:09.499+0000] {logging_mixin.py:188} INFO - [2026-02-16T02:15:09.499+0000] {dag.py:3954} INFO - Setting next_dagrun for produce_json to 2026-02-15 14:00:00+00:00, run_after=2026-02-16 14:00:00+00:00
[2026-02-16T02:15:09.521+0000] {processor.py:183} INFO - Processing /opt/airflow/dags/main.py took 0.126 seconds
[2026-02-16T02:16:32.566+0000] {processor.py:161} INFO - Started process (PID=60) to work on /opt/airflow/dags/main.py
[2026-02-16T02:16:32.567+0000] {processor.py:830} INFO - Processing file /opt/airflow/dags/main.py for tasks to queue
[2026-02-16T02:16:32.570+0000] {logging_mixin.py:188} INFO - [2026-02-16T02:16:32.570+0000] {dagbag.py:545} INFO - Filling up the DagBag from /opt/airflow/dags/main.py
[2026-02-16T02:16:32.704+0000] {processor.py:840} INFO - DAG(s) 'produce_json' retrieved from /opt/airflow/dags/main.py
[2026-02-16T02:16:33.166+0000] {logging_mixin.py:188} INFO - [2026-02-16T02:16:33.166+0000] {dag.py:3096} INFO - Sync 1 DAGs
[2026-02-16T02:16:33.204+0000] {logging_mixin.py:188} INFO - [2026-02-16T02:16:33.204+0000] {dag.py:3954} INFO - Setting next_dagrun for produce_json to 2026-02-15 14:00:00+00:00, run_after=2026-02-16 14:00:00+00:00
[2026-02-16T02:16:33.238+0000] {processor.py:183} INFO - Processing /opt/airflow/dags/main.py took 0.681 seconds
[2026-02-16T02:17:03.500+0000] {processor.py:161} INFO - Started process (PID=66) to work on /opt/airflow/dags/main.py
[2026-02-16T02:17:03.501+0000] {processor.py:830} INFO - Processing file /opt/airflow/dags/main.py for tasks to queue
[2026-02-16T02:17:03.504+0000] {logging_mixin.py:188} INFO - [2026-02-16T02:17:03.504+0000] {dagbag.py:545} INFO - Filling up the DagBag from /opt/airflow/dags/main.py
[2026-02-16T02:17:03.558+0000] {processor.py:840} INFO - DAG(s) 'produce_json' retrieved from /opt/airflow/dags/main.py
[2026-02-16T02:17:03.587+0000] {logging_mixin.py:188} INFO - [2026-02-16T02:17:03.587+0000] {dag.py:3096} INFO - Sync 1 DAGs
[2026-02-16T02:17:03.609+0000] {logging_mixin.py:188} INFO - [2026-02-16T02:17:03.609+0000] {dag.py:3954} INFO - Setting next_dagrun for produce_json to 2026-02-15 14:00:00+00:00, run_after=2026-02-16 14:00:00+00:00
[2026-02-16T02:17:03.641+0000] {processor.py:183} INFO - Processing /opt/airflow/dags/main.py took 0.147 seconds
[2026-02-16T02:17:33.753+0000] {processor.py:161} INFO - Started process (PID=73) to work on /opt/airflow/dags/main.py
[2026-02-16T02:17:33.754+0000] {processor.py:830} INFO - Processing file /opt/airflow/dags/main.py for tasks to queue
[2026-02-16T02:17:33.757+0000] {logging_mixin.py:188} INFO - [2026-02-16T02:17:33.756+0000] {dagbag.py:545} INFO - Filling up the DagBag from /opt/airflow/dags/main.py
[2026-02-16T02:17:33.804+0000] {processor.py:840} INFO - DAG(s) 'produce_json' retrieved from /opt/airflow/dags/main.py
[2026-02-16T02:17:33.837+0000] {logging_mixin.py:188} INFO - [2026-02-16T02:17:33.837+0000] {dag.py:3096} INFO - Sync 1 DAGs
[2026-02-16T02:17:33.859+0000] {logging_mixin.py:188} INFO - [2026-02-16T02:17:33.859+0000] {dag.py:3954} INFO - Setting next_dagrun for produce_json to 2026-02-15 14:00:00+00:00, run_after=2026-02-16 14:00:00+00:00
[2026-02-16T02:17:33.886+0000] {processor.py:183} INFO - Processing /opt/airflow/dags/main.py took 0.139 seconds
[2026-02-16T02:18:04.161+0000] {processor.py:161} INFO - Started process (PID=80) to work on /opt/airflow/dags/main.py
[2026-02-16T02:18:04.162+0000] {processor.py:830} INFO - Processing file /opt/airflow/dags/main.py for tasks to queue
[2026-02-16T02:18:04.164+0000] {logging_mixin.py:188} INFO - [2026-02-16T02:18:04.164+0000] {dagbag.py:545} INFO - Filling up the DagBag from /opt/airflow/dags/main.py
[2026-02-16T02:18:04.211+0000] {processor.py:840} INFO - DAG(s) 'produce_json' retrieved from /opt/airflow/dags/main.py
[2026-02-16T02:18:04.241+0000] {logging_mixin.py:188} INFO - [2026-02-16T02:18:04.241+0000] {dag.py:3096} INFO - Sync 1 DAGs
[2026-02-16T02:18:04.263+0000] {logging_mixin.py:188} INFO - [2026-02-16T02:18:04.263+0000] {dag.py:3954} INFO - Setting next_dagrun for produce_json to 2026-02-15 14:00:00+00:00, run_after=2026-02-16 14:00:00+00:00
[2026-02-16T02:18:04.299+0000] {processor.py:183} INFO - Processing /opt/airflow/dags/main.py took 0.144 seconds
[2026-02-16T02:18:34.378+0000] {processor.py:161} INFO - Started process (PID=87) to work on /opt/airflow/dags/main.py
[2026-02-16T02:18:34.380+0000] {processor.py:830} INFO - Processing file /opt/airflow/dags/main.py for tasks to queue
[2026-02-16T02:18:34.383+0000] {logging_mixin.py:188} INFO - [2026-02-16T02:18:34.383+0000] {dagbag.py:545} INFO - Filling up the DagBag from /opt/airflow/dags/main.py
[2026-02-16T02:18:34.440+0000] {processor.py:840} INFO - DAG(s) 'produce_json' retrieved from /opt/airflow/dags/main.py
[2026-02-16T02:18:34.475+0000] {logging_mixin.py:188} INFO - [2026-02-16T02:18:34.475+0000] {dag.py:3096} INFO - Sync 1 DAGs
[2026-02-16T02:18:34.510+0000] {logging_mixin.py:188} INFO - [2026-02-16T02:18:34.510+0000] {dag.py:3954} INFO - Setting next_dagrun for produce_json to 2026-02-15 14:00:00+00:00, run_after=2026-02-16 14:00:00+00:00
[2026-02-16T02:18:34.548+0000] {processor.py:183} INFO - Processing /opt/airflow/dags/main.py took 0.177 seconds
[2026-02-16T02:19:04.771+0000] {processor.py:161} INFO - Started process (PID=95) to work on /opt/airflow/dags/main.py
[2026-02-16T02:19:04.773+0000] {processor.py:830} INFO - Processing file /opt/airflow/dags/main.py for tasks to queue
[2026-02-16T02:19:04.775+0000] {logging_mixin.py:188} INFO - [2026-02-16T02:19:04.775+0000] {dagbag.py:545} INFO - Filling up the DagBag from /opt/airflow/dags/main.py
[2026-02-16T02:19:04.852+0000] {processor.py:840} INFO - DAG(s) 'produce_json' retrieved from /opt/airflow/dags/main.py
[2026-02-16T02:19:04.880+0000] {logging_mixin.py:188} INFO - [2026-02-16T02:19:04.880+0000] {dag.py:3096} INFO - Sync 1 DAGs
[2026-02-16T02:19:04.900+0000] {logging_mixin.py:188} INFO - [2026-02-16T02:19:04.899+0000] {dag.py:3954} INFO - Setting next_dagrun for produce_json to 2026-02-15 14:00:00+00:00, run_after=2026-02-16 14:00:00+00:00
[2026-02-16T02:19:04.924+0000] {processor.py:183} INFO - Processing /opt/airflow/dags/main.py took 0.161 seconds
[2026-02-16T02:19:35.056+0000] {processor.py:161} INFO - Started process (PID=102) to work on /opt/airflow/dags/main.py
[2026-02-16T02:19:35.057+0000] {processor.py:830} INFO - Processing file /opt/airflow/dags/main.py for tasks to queue
[2026-02-16T02:19:35.060+0000] {logging_mixin.py:188} INFO - [2026-02-16T02:19:35.059+0000] {dagbag.py:545} INFO - Filling up the DagBag from /opt/airflow/dags/main.py
[2026-02-16T02:19:35.112+0000] {processor.py:840} INFO - DAG(s) 'produce_json' retrieved from /opt/airflow/dags/main.py
[2026-02-16T02:19:35.153+0000] {logging_mixin.py:188} INFO - [2026-02-16T02:19:35.153+0000] {dag.py:3096} INFO - Sync 1 DAGs
[2026-02-16T02:19:35.184+0000] {logging_mixin.py:188} INFO - [2026-02-16T02:19:35.184+0000] {dag.py:3954} INFO - Setting next_dagrun for produce_json to 2026-02-15 14:00:00+00:00, run_after=2026-02-16 14:00:00+00:00
[2026-02-16T02:19:35.216+0000] {processor.py:183} INFO - Processing /opt/airflow/dags/main.py took 0.165 seconds
[2026-02-16T02:20:31.479+0000] {processor.py:161} INFO - Started process (PID=59) to work on /opt/airflow/dags/main.py
[2026-02-16T02:20:31.482+0000] {processor.py:830} INFO - Processing file /opt/airflow/dags/main.py for tasks to queue
[2026-02-16T02:20:31.485+0000] {logging_mixin.py:188} INFO - [2026-02-16T02:20:31.484+0000] {dagbag.py:545} INFO - Filling up the DagBag from /opt/airflow/dags/main.py
[2026-02-16T02:20:31.642+0000] {processor.py:840} INFO - DAG(s) 'produce_json' retrieved from /opt/airflow/dags/main.py
[2026-02-16T02:20:32.104+0000] {logging_mixin.py:188} INFO - [2026-02-16T02:20:32.103+0000] {override.py:1829} INFO - Created Permission View: can edit on DAG:produce_json
[2026-02-16T02:20:32.123+0000] {logging_mixin.py:188} INFO - [2026-02-16T02:20:32.123+0000] {override.py:1829} INFO - Created Permission View: can delete on DAG:produce_json
[2026-02-16T02:20:32.133+0000] {logging_mixin.py:188} INFO - [2026-02-16T02:20:32.132+0000] {override.py:1829} INFO - Created Permission View: can read on DAG:produce_json
[2026-02-16T02:20:32.134+0000] {logging_mixin.py:188} INFO - [2026-02-16T02:20:32.133+0000] {dag.py:3096} INFO - Sync 1 DAGs
[2026-02-16T02:20:32.154+0000] {logging_mixin.py:188} INFO - [2026-02-16T02:20:32.154+0000] {dag.py:3118} INFO - Creating ORM DAG for produce_json
[2026-02-16T02:20:32.171+0000] {logging_mixin.py:188} INFO - [2026-02-16T02:20:32.171+0000] {dag.py:3954} INFO - Setting next_dagrun for produce_json to 2026-02-14 14:00:00+00:00, run_after=2026-02-15 14:00:00+00:00
[2026-02-16T02:20:32.206+0000] {processor.py:183} INFO - Processing /opt/airflow/dags/main.py took 0.738 seconds
[2026-02-16T02:21:02.442+0000] {processor.py:161} INFO - Started process (PID=66) to work on /opt/airflow/dags/main.py
[2026-02-16T02:21:02.443+0000] {processor.py:830} INFO - Processing file /opt/airflow/dags/main.py for tasks to queue
[2026-02-16T02:21:02.445+0000] {logging_mixin.py:188} INFO - [2026-02-16T02:21:02.445+0000] {dagbag.py:545} INFO - Filling up the DagBag from /opt/airflow/dags/main.py
[2026-02-16T02:21:02.495+0000] {processor.py:840} INFO - DAG(s) 'produce_json' retrieved from /opt/airflow/dags/main.py
[2026-02-16T02:21:02.525+0000] {logging_mixin.py:188} INFO - [2026-02-16T02:21:02.524+0000] {dag.py:3096} INFO - Sync 1 DAGs
[2026-02-16T02:21:02.547+0000] {logging_mixin.py:188} INFO - [2026-02-16T02:21:02.547+0000] {dag.py:3954} INFO - Setting next_dagrun for produce_json to 2026-02-14 14:00:00+00:00, run_after=2026-02-15 14:00:00+00:00
[2026-02-16T02:21:02.572+0000] {processor.py:183} INFO - Processing /opt/airflow/dags/main.py took 0.137 seconds
[2026-02-16T02:21:32.679+0000] {processor.py:161} INFO - Started process (PID=72) to work on /opt/airflow/dags/main.py
[2026-02-16T02:21:32.680+0000] {processor.py:830} INFO - Processing file /opt/airflow/dags/main.py for tasks to queue
[2026-02-16T02:21:32.683+0000] {logging_mixin.py:188} INFO - [2026-02-16T02:21:32.683+0000] {dagbag.py:545} INFO - Filling up the DagBag from /opt/airflow/dags/main.py
[2026-02-16T02:21:32.729+0000] {processor.py:840} INFO - DAG(s) 'produce_json' retrieved from /opt/airflow/dags/main.py
[2026-02-16T02:21:32.764+0000] {logging_mixin.py:188} INFO - [2026-02-16T02:21:32.764+0000] {dag.py:3096} INFO - Sync 1 DAGs
[2026-02-16T02:21:32.787+0000] {logging_mixin.py:188} INFO - [2026-02-16T02:21:32.786+0000] {dag.py:3954} INFO - Setting next_dagrun for produce_json to 2026-02-14 14:00:00+00:00, run_after=2026-02-15 14:00:00+00:00
[2026-02-16T02:21:32.809+0000] {processor.py:183} INFO - Processing /opt/airflow/dags/main.py took 0.135 seconds
[2026-02-16T02:22:03.049+0000] {processor.py:161} INFO - Started process (PID=79) to work on /opt/airflow/dags/main.py
[2026-02-16T02:22:03.051+0000] {processor.py:830} INFO - Processing file /opt/airflow/dags/main.py for tasks to queue
[2026-02-16T02:22:03.054+0000] {logging_mixin.py:188} INFO - [2026-02-16T02:22:03.053+0000] {dagbag.py:545} INFO - Filling up the DagBag from /opt/airflow/dags/main.py
[2026-02-16T02:22:03.100+0000] {processor.py:840} INFO - DAG(s) 'produce_json' retrieved from /opt/airflow/dags/main.py
[2026-02-16T02:22:03.130+0000] {logging_mixin.py:188} INFO - [2026-02-16T02:22:03.130+0000] {dag.py:3096} INFO - Sync 1 DAGs
[2026-02-16T02:22:03.158+0000] {logging_mixin.py:188} INFO - [2026-02-16T02:22:03.158+0000] {dag.py:3954} INFO - Setting next_dagrun for produce_json to 2026-02-14 14:00:00+00:00, run_after=2026-02-15 14:00:00+00:00
[2026-02-16T02:22:03.179+0000] {processor.py:183} INFO - Processing /opt/airflow/dags/main.py took 0.136 seconds
[2026-02-16T02:23:14.846+0000] {processor.py:161} INFO - Started process (PID=60) to work on /opt/airflow/dags/main.py
[2026-02-16T02:23:14.848+0000] {processor.py:830} INFO - Processing file /opt/airflow/dags/main.py for tasks to queue
[2026-02-16T02:23:14.852+0000] {logging_mixin.py:188} INFO - [2026-02-16T02:23:14.852+0000] {dagbag.py:545} INFO - Filling up the DagBag from /opt/airflow/dags/main.py
[2026-02-16T02:23:14.987+0000] {processor.py:840} INFO - DAG(s) 'produce_json' retrieved from /opt/airflow/dags/main.py
[2026-02-16T02:23:15.510+0000] {logging_mixin.py:188} INFO - [2026-02-16T02:23:15.509+0000] {override.py:1829} INFO - Created Permission View: can delete on DAG:produce_json
[2026-02-16T02:23:15.529+0000] {logging_mixin.py:188} INFO - [2026-02-16T02:23:15.529+0000] {override.py:1829} INFO - Created Permission View: can read on DAG:produce_json
[2026-02-16T02:23:15.542+0000] {logging_mixin.py:188} INFO - [2026-02-16T02:23:15.541+0000] {override.py:1829} INFO - Created Permission View: can edit on DAG:produce_json
[2026-02-16T02:23:15.543+0000] {logging_mixin.py:188} INFO - [2026-02-16T02:23:15.543+0000] {dag.py:3096} INFO - Sync 1 DAGs
[2026-02-16T02:23:15.558+0000] {logging_mixin.py:188} INFO - [2026-02-16T02:23:15.558+0000] {dag.py:3118} INFO - Creating ORM DAG for produce_json
[2026-02-16T02:23:15.576+0000] {logging_mixin.py:188} INFO - [2026-02-16T02:23:15.575+0000] {dag.py:3954} INFO - Setting next_dagrun for produce_json to 2026-02-14 14:00:00+00:00, run_after=2026-02-15 14:00:00+00:00
[2026-02-16T02:23:15.608+0000] {processor.py:183} INFO - Processing /opt/airflow/dags/main.py took 0.773 seconds
[2026-02-16T02:23:45.873+0000] {processor.py:161} INFO - Started process (PID=67) to work on /opt/airflow/dags/main.py
[2026-02-16T02:23:45.875+0000] {processor.py:830} INFO - Processing file /opt/airflow/dags/main.py for tasks to queue
[2026-02-16T02:23:45.878+0000] {logging_mixin.py:188} INFO - [2026-02-16T02:23:45.877+0000] {dagbag.py:545} INFO - Filling up the DagBag from /opt/airflow/dags/main.py
[2026-02-16T02:23:45.947+0000] {processor.py:840} INFO - DAG(s) 'produce_json' retrieved from /opt/airflow/dags/main.py
[2026-02-16T02:23:45.981+0000] {logging_mixin.py:188} INFO - [2026-02-16T02:23:45.980+0000] {dag.py:3096} INFO - Sync 1 DAGs
[2026-02-16T02:23:46.005+0000] {logging_mixin.py:188} INFO - [2026-02-16T02:23:46.004+0000] {dag.py:3954} INFO - Setting next_dagrun for produce_json to 2026-02-14 14:00:00+00:00, run_after=2026-02-15 14:00:00+00:00
[2026-02-16T02:23:46.031+0000] {processor.py:183} INFO - Processing /opt/airflow/dags/main.py took 0.166 seconds
[2026-02-16T02:24:16.170+0000] {processor.py:161} INFO - Started process (PID=74) to work on /opt/airflow/dags/main.py
[2026-02-16T02:24:16.171+0000] {processor.py:830} INFO - Processing file /opt/airflow/dags/main.py for tasks to queue
[2026-02-16T02:24:16.173+0000] {logging_mixin.py:188} INFO - [2026-02-16T02:24:16.173+0000] {dagbag.py:545} INFO - Filling up the DagBag from /opt/airflow/dags/main.py
[2026-02-16T02:24:16.216+0000] {processor.py:840} INFO - DAG(s) 'produce_json' retrieved from /opt/airflow/dags/main.py
[2026-02-16T02:24:16.245+0000] {logging_mixin.py:188} INFO - [2026-02-16T02:24:16.244+0000] {dag.py:3096} INFO - Sync 1 DAGs
[2026-02-16T02:24:16.265+0000] {logging_mixin.py:188} INFO - [2026-02-16T02:24:16.265+0000] {dag.py:3954} INFO - Setting next_dagrun for produce_json to 2026-02-14 14:00:00+00:00, run_after=2026-02-15 14:00:00+00:00
[2026-02-16T02:24:16.287+0000] {processor.py:183} INFO - Processing /opt/airflow/dags/main.py took 0.123 seconds
[2026-02-16T02:24:46.454+0000] {processor.py:161} INFO - Started process (PID=100) to work on /opt/airflow/dags/main.py
[2026-02-16T02:24:46.456+0000] {processor.py:830} INFO - Processing file /opt/airflow/dags/main.py for tasks to queue
[2026-02-16T02:24:46.458+0000] {logging_mixin.py:188} INFO - [2026-02-16T02:24:46.458+0000] {dagbag.py:545} INFO - Filling up the DagBag from /opt/airflow/dags/main.py
[2026-02-16T02:24:46.507+0000] {processor.py:840} INFO - DAG(s) 'produce_json' retrieved from /opt/airflow/dags/main.py
[2026-02-16T02:24:46.539+0000] {logging_mixin.py:188} INFO - [2026-02-16T02:24:46.538+0000] {dag.py:3096} INFO - Sync 1 DAGs
[2026-02-16T02:24:46.562+0000] {logging_mixin.py:188} INFO - [2026-02-16T02:24:46.561+0000] {dag.py:3954} INFO - Setting next_dagrun for produce_json to 2026-02-14 14:00:00+00:00, run_after=2026-02-15 14:00:00+00:00
[2026-02-16T02:24:46.586+0000] {processor.py:183} INFO - Processing /opt/airflow/dags/main.py took 0.138 seconds
[2026-02-16T02:25:16.785+0000] {processor.py:161} INFO - Started process (PID=107) to work on /opt/airflow/dags/main.py
[2026-02-16T02:25:16.787+0000] {processor.py:830} INFO - Processing file /opt/airflow/dags/main.py for tasks to queue
[2026-02-16T02:25:16.790+0000] {logging_mixin.py:188} INFO - [2026-02-16T02:25:16.789+0000] {dagbag.py:545} INFO - Filling up the DagBag from /opt/airflow/dags/main.py
[2026-02-16T02:25:16.842+0000] {processor.py:840} INFO - DAG(s) 'produce_json' retrieved from /opt/airflow/dags/main.py
[2026-02-16T02:25:16.870+0000] {logging_mixin.py:188} INFO - [2026-02-16T02:25:16.870+0000] {dag.py:3096} INFO - Sync 1 DAGs
[2026-02-16T02:25:16.891+0000] {logging_mixin.py:188} INFO - [2026-02-16T02:25:16.891+0000] {dag.py:3954} INFO - Setting next_dagrun for produce_json to 2026-02-14 14:00:00+00:00, run_after=2026-02-15 14:00:00+00:00
[2026-02-16T02:25:16.910+0000] {processor.py:183} INFO - Processing /opt/airflow/dags/main.py took 0.133 seconds
[2026-02-16T02:25:47.057+0000] {processor.py:161} INFO - Started process (PID=114) to work on /opt/airflow/dags/main.py
[2026-02-16T02:25:47.059+0000] {processor.py:830} INFO - Processing file /opt/airflow/dags/main.py for tasks to queue
[2026-02-16T02:25:47.061+0000] {logging_mixin.py:188} INFO - [2026-02-16T02:25:47.061+0000] {dagbag.py:545} INFO - Filling up the DagBag from /opt/airflow/dags/main.py
[2026-02-16T02:25:47.178+0000] {processor.py:840} INFO - DAG(s) 'produce_json' retrieved from /opt/airflow/dags/main.py
[2026-02-16T02:25:47.206+0000] {logging_mixin.py:188} INFO - [2026-02-16T02:25:47.206+0000] {dag.py:3096} INFO - Sync 1 DAGs
[2026-02-16T02:25:47.228+0000] {logging_mixin.py:188} INFO - [2026-02-16T02:25:47.228+0000] {dag.py:3954} INFO - Setting next_dagrun for produce_json to 2026-02-14 14:00:00+00:00, run_after=2026-02-15 14:00:00+00:00
[2026-02-16T02:25:47.252+0000] {processor.py:183} INFO - Processing /opt/airflow/dags/main.py took 0.202 seconds
[2026-02-16T02:26:17.393+0000] {processor.py:161} INFO - Started process (PID=121) to work on /opt/airflow/dags/main.py
[2026-02-16T02:26:17.395+0000] {processor.py:830} INFO - Processing file /opt/airflow/dags/main.py for tasks to queue
[2026-02-16T02:26:17.397+0000] {logging_mixin.py:188} INFO - [2026-02-16T02:26:17.397+0000] {dagbag.py:545} INFO - Filling up the DagBag from /opt/airflow/dags/main.py
[2026-02-16T02:26:17.445+0000] {processor.py:840} INFO - DAG(s) 'produce_json' retrieved from /opt/airflow/dags/main.py
[2026-02-16T02:26:17.473+0000] {logging_mixin.py:188} INFO - [2026-02-16T02:26:17.473+0000] {dag.py:3096} INFO - Sync 1 DAGs
[2026-02-16T02:26:17.495+0000] {logging_mixin.py:188} INFO - [2026-02-16T02:26:17.494+0000] {dag.py:3954} INFO - Setting next_dagrun for produce_json to 2026-02-14 14:00:00+00:00, run_after=2026-02-15 14:00:00+00:00
[2026-02-16T02:26:17.516+0000] {processor.py:183} INFO - Processing /opt/airflow/dags/main.py took 0.129 seconds
[2026-02-16T02:26:47.743+0000] {processor.py:161} INFO - Started process (PID=128) to work on /opt/airflow/dags/main.py
[2026-02-16T02:26:47.744+0000] {processor.py:830} INFO - Processing file /opt/airflow/dags/main.py for tasks to queue
[2026-02-16T02:26:47.746+0000] {logging_mixin.py:188} INFO - [2026-02-16T02:26:47.746+0000] {dagbag.py:545} INFO - Filling up the DagBag from /opt/airflow/dags/main.py
[2026-02-16T02:26:47.789+0000] {processor.py:840} INFO - DAG(s) 'produce_json' retrieved from /opt/airflow/dags/main.py
[2026-02-16T02:26:47.815+0000] {logging_mixin.py:188} INFO - [2026-02-16T02:26:47.814+0000] {dag.py:3096} INFO - Sync 1 DAGs
[2026-02-16T02:26:47.842+0000] {logging_mixin.py:188} INFO - [2026-02-16T02:26:47.842+0000] {dag.py:3954} INFO - Setting next_dagrun for produce_json to 2026-02-14 14:00:00+00:00, run_after=2026-02-15 14:00:00+00:00
[2026-02-16T02:26:47.872+0000] {processor.py:183} INFO - Processing /opt/airflow/dags/main.py took 0.135 seconds
[2026-02-16T02:27:18.042+0000] {processor.py:161} INFO - Started process (PID=135) to work on /opt/airflow/dags/main.py
[2026-02-16T02:27:18.043+0000] {processor.py:830} INFO - Processing file /opt/airflow/dags/main.py for tasks to queue
[2026-02-16T02:27:18.046+0000] {logging_mixin.py:188} INFO - [2026-02-16T02:27:18.046+0000] {dagbag.py:545} INFO - Filling up the DagBag from /opt/airflow/dags/main.py
[2026-02-16T02:27:18.090+0000] {processor.py:840} INFO - DAG(s) 'produce_json' retrieved from /opt/airflow/dags/main.py
[2026-02-16T02:27:18.121+0000] {logging_mixin.py:188} INFO - [2026-02-16T02:27:18.121+0000] {dag.py:3096} INFO - Sync 1 DAGs
[2026-02-16T02:27:18.153+0000] {logging_mixin.py:188} INFO - [2026-02-16T02:27:18.153+0000] {dag.py:3954} INFO - Setting next_dagrun for produce_json to 2026-02-14 14:00:00+00:00, run_after=2026-02-15 14:00:00+00:00
[2026-02-16T02:27:18.179+0000] {processor.py:183} INFO - Processing /opt/airflow/dags/main.py took 0.142 seconds
[2026-02-16T02:27:48.374+0000] {processor.py:161} INFO - Started process (PID=142) to work on /opt/airflow/dags/main.py
[2026-02-16T02:27:48.376+0000] {processor.py:830} INFO - Processing file /opt/airflow/dags/main.py for tasks to queue
[2026-02-16T02:27:48.378+0000] {logging_mixin.py:188} INFO - [2026-02-16T02:27:48.378+0000] {dagbag.py:545} INFO - Filling up the DagBag from /opt/airflow/dags/main.py
[2026-02-16T02:27:48.425+0000] {processor.py:840} INFO - DAG(s) 'produce_json' retrieved from /opt/airflow/dags/main.py
[2026-02-16T02:27:48.454+0000] {logging_mixin.py:188} INFO - [2026-02-16T02:27:48.454+0000] {dag.py:3096} INFO - Sync 1 DAGs
[2026-02-16T02:27:48.474+0000] {logging_mixin.py:188} INFO - [2026-02-16T02:27:48.473+0000] {dag.py:3954} INFO - Setting next_dagrun for produce_json to 2026-02-14 14:00:00+00:00, run_after=2026-02-15 14:00:00+00:00
[2026-02-16T02:27:48.493+0000] {processor.py:183} INFO - Processing /opt/airflow/dags/main.py took 0.127 seconds
[2026-02-16T02:28:18.812+0000] {processor.py:161} INFO - Started process (PID=149) to work on /opt/airflow/dags/main.py
[2026-02-16T02:28:18.814+0000] {processor.py:830} INFO - Processing file /opt/airflow/dags/main.py for tasks to queue
[2026-02-16T02:28:18.816+0000] {logging_mixin.py:188} INFO - [2026-02-16T02:28:18.815+0000] {dagbag.py:545} INFO - Filling up the DagBag from /opt/airflow/dags/main.py
[2026-02-16T02:28:18.876+0000] {processor.py:840} INFO - DAG(s) 'produce_json' retrieved from /opt/airflow/dags/main.py
[2026-02-16T02:28:18.904+0000] {logging_mixin.py:188} INFO - [2026-02-16T02:28:18.904+0000] {dag.py:3096} INFO - Sync 1 DAGs
[2026-02-16T02:28:18.924+0000] {logging_mixin.py:188} INFO - [2026-02-16T02:28:18.924+0000] {dag.py:3954} INFO - Setting next_dagrun for produce_json to 2026-02-14 14:00:00+00:00, run_after=2026-02-15 14:00:00+00:00
[2026-02-16T02:28:18.957+0000] {processor.py:183} INFO - Processing /opt/airflow/dags/main.py took 0.149 seconds
[2026-02-16T02:28:49.022+0000] {processor.py:161} INFO - Started process (PID=164) to work on /opt/airflow/dags/main.py
[2026-02-16T02:28:49.023+0000] {processor.py:830} INFO - Processing file /opt/airflow/dags/main.py for tasks to queue
[2026-02-16T02:28:49.025+0000] {logging_mixin.py:188} INFO - [2026-02-16T02:28:49.025+0000] {dagbag.py:545} INFO - Filling up the DagBag from /opt/airflow/dags/main.py
[2026-02-16T02:28:49.068+0000] {processor.py:840} INFO - DAG(s) 'produce_json' retrieved from /opt/airflow/dags/main.py
[2026-02-16T02:28:49.102+0000] {logging_mixin.py:188} INFO - [2026-02-16T02:28:49.102+0000] {dag.py:3096} INFO - Sync 1 DAGs
[2026-02-16T02:28:49.122+0000] {logging_mixin.py:188} INFO - [2026-02-16T02:28:49.122+0000] {dag.py:3954} INFO - Setting next_dagrun for produce_json to 2026-02-15 14:00:00+00:00, run_after=2026-02-16 14:00:00+00:00
[2026-02-16T02:28:49.158+0000] {processor.py:183} INFO - Processing /opt/airflow/dags/main.py took 0.142 seconds
[2026-02-16T02:29:11.583+0000] {processor.py:161} INFO - Started process (PID=42) to work on /opt/airflow/dags/main.py
[2026-02-16T02:29:11.586+0000] {processor.py:830} INFO - Processing file /opt/airflow/dags/main.py for tasks to queue
[2026-02-16T02:29:11.592+0000] {logging_mixin.py:188} INFO - [2026-02-16T02:29:11.591+0000] {dagbag.py:545} INFO - Filling up the DagBag from /opt/airflow/dags/main.py
[2026-02-16T02:29:11.682+0000] {processor.py:840} INFO - DAG(s) 'produce_json' retrieved from /opt/airflow/dags/main.py
[2026-02-16T02:29:11.774+0000] {logging_mixin.py:188} INFO - [2026-02-16T02:29:11.774+0000] {dag.py:3096} INFO - Sync 1 DAGs
[2026-02-16T02:29:11.816+0000] {logging_mixin.py:188} INFO - [2026-02-16T02:29:11.816+0000] {dag.py:3954} INFO - Setting next_dagrun for produce_json to 2026-02-15 14:00:00+00:00, run_after=2026-02-16 14:00:00+00:00
[2026-02-16T02:29:11.848+0000] {processor.py:183} INFO - Processing /opt/airflow/dags/main.py took 0.281 seconds
[2026-02-16T02:29:42.168+0000] {processor.py:161} INFO - Started process (PID=54) to work on /opt/airflow/dags/main.py
[2026-02-16T02:29:42.169+0000] {processor.py:830} INFO - Processing file /opt/airflow/dags/main.py for tasks to queue
[2026-02-16T02:29:42.172+0000] {logging_mixin.py:188} INFO - [2026-02-16T02:29:42.171+0000] {dagbag.py:545} INFO - Filling up the DagBag from /opt/airflow/dags/main.py
[2026-02-16T02:29:42.231+0000] {processor.py:840} INFO - DAG(s) 'produce_json' retrieved from /opt/airflow/dags/main.py
[2026-02-16T02:29:42.257+0000] {logging_mixin.py:188} INFO - [2026-02-16T02:29:42.257+0000] {dag.py:3096} INFO - Sync 1 DAGs
[2026-02-16T02:29:42.279+0000] {logging_mixin.py:188} INFO - [2026-02-16T02:29:42.279+0000] {dag.py:3954} INFO - Setting next_dagrun for produce_json to 2026-02-15 14:00:00+00:00, run_after=2026-02-16 14:00:00+00:00
[2026-02-16T02:29:42.308+0000] {processor.py:183} INFO - Processing /opt/airflow/dags/main.py took 0.148 seconds
[2026-02-16T02:30:12.397+0000] {processor.py:161} INFO - Started process (PID=61) to work on /opt/airflow/dags/main.py
[2026-02-16T02:30:12.398+0000] {processor.py:830} INFO - Processing file /opt/airflow/dags/main.py for tasks to queue
[2026-02-16T02:30:12.400+0000] {logging_mixin.py:188} INFO - [2026-02-16T02:30:12.400+0000] {dagbag.py:545} INFO - Filling up the DagBag from /opt/airflow/dags/main.py
[2026-02-16T02:30:12.441+0000] {processor.py:840} INFO - DAG(s) 'produce_json' retrieved from /opt/airflow/dags/main.py
[2026-02-16T02:30:12.470+0000] {logging_mixin.py:188} INFO - [2026-02-16T02:30:12.469+0000] {dag.py:3096} INFO - Sync 1 DAGs
[2026-02-16T02:30:12.491+0000] {logging_mixin.py:188} INFO - [2026-02-16T02:30:12.491+0000] {dag.py:3954} INFO - Setting next_dagrun for produce_json to 2026-02-15 14:00:00+00:00, run_after=2026-02-16 14:00:00+00:00
[2026-02-16T02:30:12.522+0000] {processor.py:183} INFO - Processing /opt/airflow/dags/main.py took 0.130 seconds
[2026-02-16T02:30:42.650+0000] {processor.py:161} INFO - Started process (PID=68) to work on /opt/airflow/dags/main.py
[2026-02-16T02:30:42.651+0000] {processor.py:830} INFO - Processing file /opt/airflow/dags/main.py for tasks to queue
[2026-02-16T02:30:42.652+0000] {logging_mixin.py:188} INFO - [2026-02-16T02:30:42.652+0000] {dagbag.py:545} INFO - Filling up the DagBag from /opt/airflow/dags/main.py
[2026-02-16T02:30:42.697+0000] {processor.py:840} INFO - DAG(s) 'produce_json' retrieved from /opt/airflow/dags/main.py
[2026-02-16T02:30:42.724+0000] {logging_mixin.py:188} INFO - [2026-02-16T02:30:42.724+0000] {dag.py:3096} INFO - Sync 1 DAGs
[2026-02-16T02:30:42.746+0000] {logging_mixin.py:188} INFO - [2026-02-16T02:30:42.746+0000] {dag.py:3954} INFO - Setting next_dagrun for produce_json to 2026-02-15 14:00:00+00:00, run_after=2026-02-16 14:00:00+00:00
[2026-02-16T02:30:42.781+0000] {processor.py:183} INFO - Processing /opt/airflow/dags/main.py took 0.137 seconds
[2026-02-16T02:31:13.065+0000] {processor.py:161} INFO - Started process (PID=75) to work on /opt/airflow/dags/main.py
[2026-02-16T02:31:13.065+0000] {processor.py:830} INFO - Processing file /opt/airflow/dags/main.py for tasks to queue
[2026-02-16T02:31:13.068+0000] {logging_mixin.py:188} INFO - [2026-02-16T02:31:13.067+0000] {dagbag.py:545} INFO - Filling up the DagBag from /opt/airflow/dags/main.py
[2026-02-16T02:31:13.108+0000] {processor.py:840} INFO - DAG(s) 'produce_json' retrieved from /opt/airflow/dags/main.py
[2026-02-16T02:31:13.136+0000] {logging_mixin.py:188} INFO - [2026-02-16T02:31:13.136+0000] {dag.py:3096} INFO - Sync 1 DAGs
[2026-02-16T02:31:13.157+0000] {logging_mixin.py:188} INFO - [2026-02-16T02:31:13.157+0000] {dag.py:3954} INFO - Setting next_dagrun for produce_json to 2026-02-15 14:00:00+00:00, run_after=2026-02-16 14:00:00+00:00
[2026-02-16T02:31:13.179+0000] {processor.py:183} INFO - Processing /opt/airflow/dags/main.py took 0.120 seconds
[2026-02-16T02:31:43.322+0000] {processor.py:161} INFO - Started process (PID=82) to work on /opt/airflow/dags/main.py
[2026-02-16T02:31:43.322+0000] {processor.py:830} INFO - Processing file /opt/airflow/dags/main.py for tasks to queue
[2026-02-16T02:31:43.324+0000] {logging_mixin.py:188} INFO - [2026-02-16T02:31:43.324+0000] {dagbag.py:545} INFO - Filling up the DagBag from /opt/airflow/dags/main.py
[2026-02-16T02:31:43.366+0000] {processor.py:840} INFO - DAG(s) 'produce_json' retrieved from /opt/airflow/dags/main.py
[2026-02-16T02:31:43.396+0000] {logging_mixin.py:188} INFO - [2026-02-16T02:31:43.396+0000] {dag.py:3096} INFO - Sync 1 DAGs
[2026-02-16T02:31:43.418+0000] {logging_mixin.py:188} INFO - [2026-02-16T02:31:43.418+0000] {dag.py:3954} INFO - Setting next_dagrun for produce_json to 2026-02-15 14:00:00+00:00, run_after=2026-02-16 14:00:00+00:00
[2026-02-16T02:31:43.451+0000] {processor.py:183} INFO - Processing /opt/airflow/dags/main.py took 0.134 seconds
[2026-02-16T02:32:13.654+0000] {processor.py:161} INFO - Started process (PID=89) to work on /opt/airflow/dags/main.py
[2026-02-16T02:32:13.655+0000] {processor.py:830} INFO - Processing file /opt/airflow/dags/main.py for tasks to queue
[2026-02-16T02:32:13.658+0000] {logging_mixin.py:188} INFO - [2026-02-16T02:32:13.657+0000] {dagbag.py:545} INFO - Filling up the DagBag from /opt/airflow/dags/main.py
[2026-02-16T02:32:13.714+0000] {processor.py:840} INFO - DAG(s) 'produce_json' retrieved from /opt/airflow/dags/main.py
[2026-02-16T02:32:13.748+0000] {logging_mixin.py:188} INFO - [2026-02-16T02:32:13.748+0000] {dag.py:3096} INFO - Sync 1 DAGs
[2026-02-16T02:32:13.774+0000] {logging_mixin.py:188} INFO - [2026-02-16T02:32:13.773+0000] {dag.py:3954} INFO - Setting next_dagrun for produce_json to 2026-02-15 14:00:00+00:00, run_after=2026-02-16 14:00:00+00:00
[2026-02-16T02:32:13.811+0000] {processor.py:183} INFO - Processing /opt/airflow/dags/main.py took 0.164 seconds
[2026-02-16T02:32:43.919+0000] {processor.py:161} INFO - Started process (PID=96) to work on /opt/airflow/dags/main.py
[2026-02-16T02:32:43.920+0000] {processor.py:830} INFO - Processing file /opt/airflow/dags/main.py for tasks to queue
[2026-02-16T02:32:43.924+0000] {logging_mixin.py:188} INFO - [2026-02-16T02:32:43.923+0000] {dagbag.py:545} INFO - Filling up the DagBag from /opt/airflow/dags/main.py
[2026-02-16T02:32:43.993+0000] {processor.py:840} INFO - DAG(s) 'produce_json' retrieved from /opt/airflow/dags/main.py
[2026-02-16T02:32:44.031+0000] {logging_mixin.py:188} INFO - [2026-02-16T02:32:44.031+0000] {dag.py:3096} INFO - Sync 1 DAGs
[2026-02-16T02:32:44.061+0000] {logging_mixin.py:188} INFO - [2026-02-16T02:32:44.061+0000] {dag.py:3954} INFO - Setting next_dagrun for produce_json to 2026-02-15 14:00:00+00:00, run_after=2026-02-16 14:00:00+00:00
[2026-02-16T02:32:44.086+0000] {processor.py:183} INFO - Processing /opt/airflow/dags/main.py took 0.176 seconds
[2026-02-16T02:33:14.295+0000] {processor.py:161} INFO - Started process (PID=103) to work on /opt/airflow/dags/main.py
[2026-02-16T02:33:14.296+0000] {processor.py:830} INFO - Processing file /opt/airflow/dags/main.py for tasks to queue
[2026-02-16T02:33:14.298+0000] {logging_mixin.py:188} INFO - [2026-02-16T02:33:14.297+0000] {dagbag.py:545} INFO - Filling up the DagBag from /opt/airflow/dags/main.py
[2026-02-16T02:33:14.337+0000] {processor.py:840} INFO - DAG(s) 'produce_json' retrieved from /opt/airflow/dags/main.py
[2026-02-16T02:33:14.370+0000] {logging_mixin.py:188} INFO - [2026-02-16T02:33:14.369+0000] {dag.py:3096} INFO - Sync 1 DAGs
[2026-02-16T02:33:14.398+0000] {logging_mixin.py:188} INFO - [2026-02-16T02:33:14.397+0000] {dag.py:3954} INFO - Setting next_dagrun for produce_json to 2026-02-15 14:00:00+00:00, run_after=2026-02-16 14:00:00+00:00
[2026-02-16T02:33:14.423+0000] {processor.py:183} INFO - Processing /opt/airflow/dags/main.py took 0.133 seconds
[2026-02-16T02:33:44.563+0000] {processor.py:161} INFO - Started process (PID=110) to work on /opt/airflow/dags/main.py
[2026-02-16T02:33:44.564+0000] {processor.py:830} INFO - Processing file /opt/airflow/dags/main.py for tasks to queue
[2026-02-16T02:33:44.565+0000] {logging_mixin.py:188} INFO - [2026-02-16T02:33:44.565+0000] {dagbag.py:545} INFO - Filling up the DagBag from /opt/airflow/dags/main.py
[2026-02-16T02:33:44.611+0000] {processor.py:840} INFO - DAG(s) 'produce_json' retrieved from /opt/airflow/dags/main.py
[2026-02-16T02:33:44.646+0000] {logging_mixin.py:188} INFO - [2026-02-16T02:33:44.645+0000] {dag.py:3096} INFO - Sync 1 DAGs
[2026-02-16T02:33:44.669+0000] {logging_mixin.py:188} INFO - [2026-02-16T02:33:44.669+0000] {dag.py:3954} INFO - Setting next_dagrun for produce_json to 2026-02-15 14:00:00+00:00, run_after=2026-02-16 14:00:00+00:00
[2026-02-16T02:33:44.703+0000] {processor.py:183} INFO - Processing /opt/airflow/dags/main.py took 0.146 seconds
[2026-02-16T02:34:15.025+0000] {processor.py:161} INFO - Started process (PID=117) to work on /opt/airflow/dags/main.py
[2026-02-16T02:34:15.026+0000] {processor.py:830} INFO - Processing file /opt/airflow/dags/main.py for tasks to queue
[2026-02-16T02:34:15.028+0000] {logging_mixin.py:188} INFO - [2026-02-16T02:34:15.027+0000] {dagbag.py:545} INFO - Filling up the DagBag from /opt/airflow/dags/main.py
[2026-02-16T02:34:15.067+0000] {processor.py:840} INFO - DAG(s) 'produce_json' retrieved from /opt/airflow/dags/main.py
[2026-02-16T02:34:15.094+0000] {logging_mixin.py:188} INFO - [2026-02-16T02:34:15.094+0000] {dag.py:3096} INFO - Sync 1 DAGs
[2026-02-16T02:34:15.115+0000] {logging_mixin.py:188} INFO - [2026-02-16T02:34:15.115+0000] {dag.py:3954} INFO - Setting next_dagrun for produce_json to 2026-02-15 14:00:00+00:00, run_after=2026-02-16 14:00:00+00:00
[2026-02-16T02:34:15.149+0000] {processor.py:183} INFO - Processing /opt/airflow/dags/main.py took 0.129 seconds
[2026-02-16T02:34:45.262+0000] {processor.py:161} INFO - Started process (PID=124) to work on /opt/airflow/dags/main.py
[2026-02-16T02:34:45.263+0000] {processor.py:830} INFO - Processing file /opt/airflow/dags/main.py for tasks to queue
[2026-02-16T02:34:45.265+0000] {logging_mixin.py:188} INFO - [2026-02-16T02:34:45.265+0000] {dagbag.py:545} INFO - Filling up the DagBag from /opt/airflow/dags/main.py
[2026-02-16T02:34:45.301+0000] {processor.py:840} INFO - DAG(s) 'produce_json' retrieved from /opt/airflow/dags/main.py
[2026-02-16T02:34:45.329+0000] {logging_mixin.py:188} INFO - [2026-02-16T02:34:45.328+0000] {dag.py:3096} INFO - Sync 1 DAGs
[2026-02-16T02:34:45.348+0000] {logging_mixin.py:188} INFO - [2026-02-16T02:34:45.348+0000] {dag.py:3954} INFO - Setting next_dagrun for produce_json to 2026-02-15 14:00:00+00:00, run_after=2026-02-16 14:00:00+00:00
[2026-02-16T02:34:45.379+0000] {processor.py:183} INFO - Processing /opt/airflow/dags/main.py took 0.122 seconds
[2026-02-16T02:35:15.632+0000] {processor.py:161} INFO - Started process (PID=131) to work on /opt/airflow/dags/main.py
[2026-02-16T02:35:15.633+0000] {processor.py:830} INFO - Processing file /opt/airflow/dags/main.py for tasks to queue
[2026-02-16T02:35:15.635+0000] {logging_mixin.py:188} INFO - [2026-02-16T02:35:15.635+0000] {dagbag.py:545} INFO - Filling up the DagBag from /opt/airflow/dags/main.py
[2026-02-16T02:35:15.678+0000] {processor.py:840} INFO - DAG(s) 'produce_json' retrieved from /opt/airflow/dags/main.py
[2026-02-16T02:35:15.708+0000] {logging_mixin.py:188} INFO - [2026-02-16T02:35:15.708+0000] {dag.py:3096} INFO - Sync 1 DAGs
[2026-02-16T02:35:15.730+0000] {logging_mixin.py:188} INFO - [2026-02-16T02:35:15.730+0000] {dag.py:3954} INFO - Setting next_dagrun for produce_json to 2026-02-15 14:00:00+00:00, run_after=2026-02-16 14:00:00+00:00
[2026-02-16T02:35:15.751+0000] {processor.py:183} INFO - Processing /opt/airflow/dags/main.py took 0.124 seconds
[2026-02-16T02:35:45.899+0000] {processor.py:161} INFO - Started process (PID=138) to work on /opt/airflow/dags/main.py
[2026-02-16T02:35:45.900+0000] {processor.py:830} INFO - Processing file /opt/airflow/dags/main.py for tasks to queue
[2026-02-16T02:35:45.902+0000] {logging_mixin.py:188} INFO - [2026-02-16T02:35:45.902+0000] {dagbag.py:545} INFO - Filling up the DagBag from /opt/airflow/dags/main.py
[2026-02-16T02:35:45.946+0000] {processor.py:840} INFO - DAG(s) 'produce_json' retrieved from /opt/airflow/dags/main.py
[2026-02-16T02:35:45.974+0000] {logging_mixin.py:188} INFO - [2026-02-16T02:35:45.974+0000] {dag.py:3096} INFO - Sync 1 DAGs
[2026-02-16T02:35:45.996+0000] {logging_mixin.py:188} INFO - [2026-02-16T02:35:45.995+0000] {dag.py:3954} INFO - Setting next_dagrun for produce_json to 2026-02-15 14:00:00+00:00, run_after=2026-02-16 14:00:00+00:00
[2026-02-16T02:35:46.024+0000] {processor.py:183} INFO - Processing /opt/airflow/dags/main.py took 0.131 seconds
[2026-02-16T02:36:16.218+0000] {processor.py:161} INFO - Started process (PID=145) to work on /opt/airflow/dags/main.py
[2026-02-16T02:36:16.219+0000] {processor.py:830} INFO - Processing file /opt/airflow/dags/main.py for tasks to queue
[2026-02-16T02:36:16.223+0000] {logging_mixin.py:188} INFO - [2026-02-16T02:36:16.223+0000] {dagbag.py:545} INFO - Filling up the DagBag from /opt/airflow/dags/main.py
[2026-02-16T02:36:16.295+0000] {processor.py:840} INFO - DAG(s) 'produce_json' retrieved from /opt/airflow/dags/main.py
[2026-02-16T02:36:16.331+0000] {logging_mixin.py:188} INFO - [2026-02-16T02:36:16.331+0000] {dag.py:3096} INFO - Sync 1 DAGs
[2026-02-16T02:36:16.360+0000] {logging_mixin.py:188} INFO - [2026-02-16T02:36:16.360+0000] {dag.py:3954} INFO - Setting next_dagrun for produce_json to 2026-02-15 14:00:00+00:00, run_after=2026-02-16 14:00:00+00:00
[2026-02-16T02:36:16.394+0000] {processor.py:183} INFO - Processing /opt/airflow/dags/main.py took 0.191 seconds
[2026-02-16T02:36:46.475+0000] {processor.py:161} INFO - Started process (PID=152) to work on /opt/airflow/dags/main.py
[2026-02-16T02:36:46.476+0000] {processor.py:830} INFO - Processing file /opt/airflow/dags/main.py for tasks to queue
[2026-02-16T02:36:46.478+0000] {logging_mixin.py:188} INFO - [2026-02-16T02:36:46.478+0000] {dagbag.py:545} INFO - Filling up the DagBag from /opt/airflow/dags/main.py
[2026-02-16T02:36:46.519+0000] {processor.py:840} INFO - DAG(s) 'produce_json' retrieved from /opt/airflow/dags/main.py
[2026-02-16T02:36:46.549+0000] {logging_mixin.py:188} INFO - [2026-02-16T02:36:46.549+0000] {dag.py:3096} INFO - Sync 1 DAGs
[2026-02-16T02:36:46.571+0000] {logging_mixin.py:188} INFO - [2026-02-16T02:36:46.571+0000] {dag.py:3954} INFO - Setting next_dagrun for produce_json to 2026-02-15 14:00:00+00:00, run_after=2026-02-16 14:00:00+00:00
[2026-02-16T02:36:46.596+0000] {processor.py:183} INFO - Processing /opt/airflow/dags/main.py took 0.126 seconds
[2026-02-16T02:37:16.902+0000] {processor.py:161} INFO - Started process (PID=159) to work on /opt/airflow/dags/main.py
[2026-02-16T02:37:16.903+0000] {processor.py:830} INFO - Processing file /opt/airflow/dags/main.py for tasks to queue
[2026-02-16T02:37:16.905+0000] {logging_mixin.py:188} INFO - [2026-02-16T02:37:16.904+0000] {dagbag.py:545} INFO - Filling up the DagBag from /opt/airflow/dags/main.py
[2026-02-16T02:37:16.943+0000] {processor.py:840} INFO - DAG(s) 'produce_json' retrieved from /opt/airflow/dags/main.py
[2026-02-16T02:37:16.973+0000] {logging_mixin.py:188} INFO - [2026-02-16T02:37:16.972+0000] {dag.py:3096} INFO - Sync 1 DAGs
[2026-02-16T02:37:16.996+0000] {logging_mixin.py:188} INFO - [2026-02-16T02:37:16.996+0000] {dag.py:3954} INFO - Setting next_dagrun for produce_json to 2026-02-15 14:00:00+00:00, run_after=2026-02-16 14:00:00+00:00
[2026-02-16T02:37:17.018+0000] {processor.py:183} INFO - Processing /opt/airflow/dags/main.py took 0.121 seconds
[2026-02-16T02:37:47.180+0000] {processor.py:161} INFO - Started process (PID=172) to work on /opt/airflow/dags/main.py
[2026-02-16T02:37:47.181+0000] {processor.py:830} INFO - Processing file /opt/airflow/dags/main.py for tasks to queue
[2026-02-16T02:37:47.184+0000] {logging_mixin.py:188} INFO - [2026-02-16T02:37:47.183+0000] {dagbag.py:545} INFO - Filling up the DagBag from /opt/airflow/dags/main.py
[2026-02-16T02:37:47.226+0000] {processor.py:840} INFO - DAG(s) 'produce_json' retrieved from /opt/airflow/dags/main.py
[2026-02-16T02:37:47.254+0000] {logging_mixin.py:188} INFO - [2026-02-16T02:37:47.254+0000] {dag.py:3096} INFO - Sync 1 DAGs
[2026-02-16T02:37:47.286+0000] {logging_mixin.py:188} INFO - [2026-02-16T02:37:47.285+0000] {dag.py:3954} INFO - Setting next_dagrun for produce_json to 2026-02-15 14:00:00+00:00, run_after=2026-02-16 14:00:00+00:00
[2026-02-16T02:37:47.315+0000] {processor.py:183} INFO - Processing /opt/airflow/dags/main.py took 0.140 seconds
[2026-02-16T02:38:17.534+0000] {processor.py:161} INFO - Started process (PID=179) to work on /opt/airflow/dags/main.py
[2026-02-16T02:38:17.535+0000] {processor.py:830} INFO - Processing file /opt/airflow/dags/main.py for tasks to queue
[2026-02-16T02:38:17.537+0000] {logging_mixin.py:188} INFO - [2026-02-16T02:38:17.537+0000] {dagbag.py:545} INFO - Filling up the DagBag from /opt/airflow/dags/main.py
[2026-02-16T02:38:17.578+0000] {processor.py:840} INFO - DAG(s) 'produce_json' retrieved from /opt/airflow/dags/main.py
[2026-02-16T02:38:17.607+0000] {logging_mixin.py:188} INFO - [2026-02-16T02:38:17.607+0000] {dag.py:3096} INFO - Sync 1 DAGs
[2026-02-16T02:38:17.629+0000] {logging_mixin.py:188} INFO - [2026-02-16T02:38:17.629+0000] {dag.py:3954} INFO - Setting next_dagrun for produce_json to 2026-02-15 14:00:00+00:00, run_after=2026-02-16 14:00:00+00:00
[2026-02-16T02:38:17.651+0000] {processor.py:183} INFO - Processing /opt/airflow/dags/main.py took 0.122 seconds
[2026-02-16T02:38:47.787+0000] {processor.py:161} INFO - Started process (PID=186) to work on /opt/airflow/dags/main.py
[2026-02-16T02:38:47.788+0000] {processor.py:830} INFO - Processing file /opt/airflow/dags/main.py for tasks to queue
[2026-02-16T02:38:47.790+0000] {logging_mixin.py:188} INFO - [2026-02-16T02:38:47.789+0000] {dagbag.py:545} INFO - Filling up the DagBag from /opt/airflow/dags/main.py
[2026-02-16T02:38:47.828+0000] {processor.py:840} INFO - DAG(s) 'produce_json' retrieved from /opt/airflow/dags/main.py
[2026-02-16T02:38:47.857+0000] {logging_mixin.py:188} INFO - [2026-02-16T02:38:47.857+0000] {dag.py:3096} INFO - Sync 1 DAGs
[2026-02-16T02:38:47.883+0000] {logging_mixin.py:188} INFO - [2026-02-16T02:38:47.883+0000] {dag.py:3954} INFO - Setting next_dagrun for produce_json to 2026-02-15 14:00:00+00:00, run_after=2026-02-16 14:00:00+00:00
[2026-02-16T02:38:47.913+0000] {processor.py:183} INFO - Processing /opt/airflow/dags/main.py took 0.132 seconds
[2026-02-16T02:39:18.183+0000] {processor.py:161} INFO - Started process (PID=193) to work on /opt/airflow/dags/main.py
[2026-02-16T02:39:18.184+0000] {processor.py:830} INFO - Processing file /opt/airflow/dags/main.py for tasks to queue
[2026-02-16T02:39:18.186+0000] {logging_mixin.py:188} INFO - [2026-02-16T02:39:18.186+0000] {dagbag.py:545} INFO - Filling up the DagBag from /opt/airflow/dags/main.py
[2026-02-16T02:39:18.231+0000] {processor.py:840} INFO - DAG(s) 'produce_json' retrieved from /opt/airflow/dags/main.py
[2026-02-16T02:39:18.260+0000] {logging_mixin.py:188} INFO - [2026-02-16T02:39:18.260+0000] {dag.py:3096} INFO - Sync 1 DAGs
[2026-02-16T02:39:18.284+0000] {logging_mixin.py:188} INFO - [2026-02-16T02:39:18.284+0000] {dag.py:3954} INFO - Setting next_dagrun for produce_json to 2026-02-15 14:00:00+00:00, run_after=2026-02-16 14:00:00+00:00
[2026-02-16T02:39:18.309+0000] {processor.py:183} INFO - Processing /opt/airflow/dags/main.py took 0.131 seconds
[2026-02-16T02:39:48.466+0000] {processor.py:161} INFO - Started process (PID=200) to work on /opt/airflow/dags/main.py
[2026-02-16T02:39:48.467+0000] {processor.py:830} INFO - Processing file /opt/airflow/dags/main.py for tasks to queue
[2026-02-16T02:39:48.469+0000] {logging_mixin.py:188} INFO - [2026-02-16T02:39:48.468+0000] {dagbag.py:545} INFO - Filling up the DagBag from /opt/airflow/dags/main.py
[2026-02-16T02:39:48.511+0000] {processor.py:840} INFO - DAG(s) 'produce_json' retrieved from /opt/airflow/dags/main.py
[2026-02-16T02:39:48.538+0000] {logging_mixin.py:188} INFO - [2026-02-16T02:39:48.538+0000] {dag.py:3096} INFO - Sync 1 DAGs
[2026-02-16T02:39:48.558+0000] {logging_mixin.py:188} INFO - [2026-02-16T02:39:48.558+0000] {dag.py:3954} INFO - Setting next_dagrun for produce_json to 2026-02-15 14:00:00+00:00, run_after=2026-02-16 14:00:00+00:00
[2026-02-16T02:39:48.579+0000] {processor.py:183} INFO - Processing /opt/airflow/dags/main.py took 0.119 seconds
[2026-02-16T02:40:18.783+0000] {processor.py:161} INFO - Started process (PID=207) to work on /opt/airflow/dags/main.py
[2026-02-16T02:40:18.785+0000] {processor.py:830} INFO - Processing file /opt/airflow/dags/main.py for tasks to queue
[2026-02-16T02:40:18.788+0000] {logging_mixin.py:188} INFO - [2026-02-16T02:40:18.787+0000] {dagbag.py:545} INFO - Filling up the DagBag from /opt/airflow/dags/main.py
[2026-02-16T02:40:18.849+0000] {processor.py:840} INFO - DAG(s) 'produce_json' retrieved from /opt/airflow/dags/main.py
[2026-02-16T02:40:18.884+0000] {logging_mixin.py:188} INFO - [2026-02-16T02:40:18.884+0000] {dag.py:3096} INFO - Sync 1 DAGs
[2026-02-16T02:40:18.913+0000] {logging_mixin.py:188} INFO - [2026-02-16T02:40:18.913+0000] {dag.py:3954} INFO - Setting next_dagrun for produce_json to 2026-02-15 14:00:00+00:00, run_after=2026-02-16 14:00:00+00:00
[2026-02-16T02:40:18.930+0000] {processor.py:183} INFO - Processing /opt/airflow/dags/main.py took 0.154 seconds
[2026-02-16T02:40:49.067+0000] {processor.py:161} INFO - Started process (PID=214) to work on /opt/airflow/dags/main.py
[2026-02-16T02:40:49.068+0000] {processor.py:830} INFO - Processing file /opt/airflow/dags/main.py for tasks to queue
[2026-02-16T02:40:49.070+0000] {logging_mixin.py:188} INFO - [2026-02-16T02:40:49.069+0000] {dagbag.py:545} INFO - Filling up the DagBag from /opt/airflow/dags/main.py
[2026-02-16T02:40:49.114+0000] {processor.py:840} INFO - DAG(s) 'produce_json' retrieved from /opt/airflow/dags/main.py
[2026-02-16T02:40:49.141+0000] {logging_mixin.py:188} INFO - [2026-02-16T02:40:49.141+0000] {dag.py:3096} INFO - Sync 1 DAGs
[2026-02-16T02:40:49.160+0000] {logging_mixin.py:188} INFO - [2026-02-16T02:40:49.159+0000] {dag.py:3954} INFO - Setting next_dagrun for produce_json to 2026-02-15 14:00:00+00:00, run_after=2026-02-16 14:00:00+00:00
[2026-02-16T02:40:49.181+0000] {processor.py:183} INFO - Processing /opt/airflow/dags/main.py took 0.121 seconds
[2026-02-16T02:41:19.458+0000] {processor.py:161} INFO - Started process (PID=221) to work on /opt/airflow/dags/main.py
[2026-02-16T02:41:19.459+0000] {processor.py:830} INFO - Processing file /opt/airflow/dags/main.py for tasks to queue
[2026-02-16T02:41:19.461+0000] {logging_mixin.py:188} INFO - [2026-02-16T02:41:19.461+0000] {dagbag.py:545} INFO - Filling up the DagBag from /opt/airflow/dags/main.py
[2026-02-16T02:41:19.509+0000] {processor.py:840} INFO - DAG(s) 'produce_json' retrieved from /opt/airflow/dags/main.py
[2026-02-16T02:41:19.536+0000] {logging_mixin.py:188} INFO - [2026-02-16T02:41:19.535+0000] {dag.py:3096} INFO - Sync 1 DAGs
[2026-02-16T02:41:19.559+0000] {logging_mixin.py:188} INFO - [2026-02-16T02:41:19.559+0000] {dag.py:3954} INFO - Setting next_dagrun for produce_json to 2026-02-15 14:00:00+00:00, run_after=2026-02-16 14:00:00+00:00
[2026-02-16T02:41:19.582+0000] {processor.py:183} INFO - Processing /opt/airflow/dags/main.py took 0.130 seconds
[2026-02-16T02:41:49.708+0000] {processor.py:161} INFO - Started process (PID=228) to work on /opt/airflow/dags/main.py
[2026-02-16T02:41:49.709+0000] {processor.py:830} INFO - Processing file /opt/airflow/dags/main.py for tasks to queue
[2026-02-16T02:41:49.711+0000] {logging_mixin.py:188} INFO - [2026-02-16T02:41:49.710+0000] {dagbag.py:545} INFO - Filling up the DagBag from /opt/airflow/dags/main.py
[2026-02-16T02:41:49.753+0000] {processor.py:840} INFO - DAG(s) 'produce_json' retrieved from /opt/airflow/dags/main.py
[2026-02-16T02:41:49.779+0000] {logging_mixin.py:188} INFO - [2026-02-16T02:41:49.779+0000] {dag.py:3096} INFO - Sync 1 DAGs
[2026-02-16T02:41:49.800+0000] {logging_mixin.py:188} INFO - [2026-02-16T02:41:49.799+0000] {dag.py:3954} INFO - Setting next_dagrun for produce_json to 2026-02-15 14:00:00+00:00, run_after=2026-02-16 14:00:00+00:00
[2026-02-16T02:41:49.823+0000] {processor.py:183} INFO - Processing /opt/airflow/dags/main.py took 0.121 seconds
[2026-02-16T02:42:20.084+0000] {processor.py:161} INFO - Started process (PID=235) to work on /opt/airflow/dags/main.py
[2026-02-16T02:42:20.084+0000] {processor.py:830} INFO - Processing file /opt/airflow/dags/main.py for tasks to queue
[2026-02-16T02:42:20.086+0000] {logging_mixin.py:188} INFO - [2026-02-16T02:42:20.086+0000] {dagbag.py:545} INFO - Filling up the DagBag from /opt/airflow/dags/main.py
[2026-02-16T02:42:20.126+0000] {processor.py:840} INFO - DAG(s) 'produce_json' retrieved from /opt/airflow/dags/main.py
[2026-02-16T02:42:20.153+0000] {logging_mixin.py:188} INFO - [2026-02-16T02:42:20.153+0000] {dag.py:3096} INFO - Sync 1 DAGs
[2026-02-16T02:42:20.177+0000] {logging_mixin.py:188} INFO - [2026-02-16T02:42:20.177+0000] {dag.py:3954} INFO - Setting next_dagrun for produce_json to 2026-02-15 14:00:00+00:00, run_after=2026-02-16 14:00:00+00:00
[2026-02-16T02:42:20.209+0000] {processor.py:183} INFO - Processing /opt/airflow/dags/main.py took 0.130 seconds
[2026-02-16T02:42:50.356+0000] {processor.py:161} INFO - Started process (PID=242) to work on /opt/airflow/dags/main.py
[2026-02-16T02:42:50.357+0000] {processor.py:830} INFO - Processing file /opt/airflow/dags/main.py for tasks to queue
[2026-02-16T02:42:50.359+0000] {logging_mixin.py:188} INFO - [2026-02-16T02:42:50.359+0000] {dagbag.py:545} INFO - Filling up the DagBag from /opt/airflow/dags/main.py
[2026-02-16T02:42:50.399+0000] {processor.py:840} INFO - DAG(s) 'produce_json' retrieved from /opt/airflow/dags/main.py
[2026-02-16T02:42:50.429+0000] {logging_mixin.py:188} INFO - [2026-02-16T02:42:50.429+0000] {dag.py:3096} INFO - Sync 1 DAGs
[2026-02-16T02:42:50.452+0000] {logging_mixin.py:188} INFO - [2026-02-16T02:42:50.452+0000] {dag.py:3954} INFO - Setting next_dagrun for produce_json to 2026-02-15 14:00:00+00:00, run_after=2026-02-16 14:00:00+00:00
[2026-02-16T02:42:50.487+0000] {processor.py:183} INFO - Processing /opt/airflow/dags/main.py took 0.135 seconds
[2026-02-16T02:43:20.720+0000] {processor.py:161} INFO - Started process (PID=249) to work on /opt/airflow/dags/main.py
[2026-02-16T02:43:20.720+0000] {processor.py:830} INFO - Processing file /opt/airflow/dags/main.py for tasks to queue
[2026-02-16T02:43:20.722+0000] {logging_mixin.py:188} INFO - [2026-02-16T02:43:20.722+0000] {dagbag.py:545} INFO - Filling up the DagBag from /opt/airflow/dags/main.py
[2026-02-16T02:43:20.764+0000] {processor.py:840} INFO - DAG(s) 'produce_json' retrieved from /opt/airflow/dags/main.py
[2026-02-16T02:43:20.796+0000] {logging_mixin.py:188} INFO - [2026-02-16T02:43:20.796+0000] {dag.py:3096} INFO - Sync 1 DAGs
[2026-02-16T02:43:20.828+0000] {logging_mixin.py:188} INFO - [2026-02-16T02:43:20.828+0000] {dag.py:3954} INFO - Setting next_dagrun for produce_json to 2026-02-15 14:00:00+00:00, run_after=2026-02-16 14:00:00+00:00
[2026-02-16T02:43:20.848+0000] {processor.py:183} INFO - Processing /opt/airflow/dags/main.py took 0.134 seconds
[2026-02-16T02:43:50.969+0000] {processor.py:161} INFO - Started process (PID=256) to work on /opt/airflow/dags/main.py
[2026-02-16T02:43:50.970+0000] {processor.py:830} INFO - Processing file /opt/airflow/dags/main.py for tasks to queue
[2026-02-16T02:43:50.972+0000] {logging_mixin.py:188} INFO - [2026-02-16T02:43:50.972+0000] {dagbag.py:545} INFO - Filling up the DagBag from /opt/airflow/dags/main.py
[2026-02-16T02:43:51.022+0000] {processor.py:840} INFO - DAG(s) 'produce_json' retrieved from /opt/airflow/dags/main.py
[2026-02-16T02:43:51.060+0000] {logging_mixin.py:188} INFO - [2026-02-16T02:43:51.060+0000] {dag.py:3096} INFO - Sync 1 DAGs
[2026-02-16T02:43:51.082+0000] {logging_mixin.py:188} INFO - [2026-02-16T02:43:51.081+0000] {dag.py:3954} INFO - Setting next_dagrun for produce_json to 2026-02-15 14:00:00+00:00, run_after=2026-02-16 14:00:00+00:00
[2026-02-16T02:43:51.104+0000] {processor.py:183} INFO - Processing /opt/airflow/dags/main.py took 0.141 seconds
[2026-02-16T02:44:21.386+0000] {processor.py:161} INFO - Started process (PID=263) to work on /opt/airflow/dags/main.py
[2026-02-16T02:44:21.387+0000] {processor.py:830} INFO - Processing file /opt/airflow/dags/main.py for tasks to queue
[2026-02-16T02:44:21.390+0000] {logging_mixin.py:188} INFO - [2026-02-16T02:44:21.389+0000] {dagbag.py:545} INFO - Filling up the DagBag from /opt/airflow/dags/main.py
[2026-02-16T02:44:21.436+0000] {processor.py:840} INFO - DAG(s) 'produce_json' retrieved from /opt/airflow/dags/main.py
[2026-02-16T02:44:21.464+0000] {logging_mixin.py:188} INFO - [2026-02-16T02:44:21.463+0000] {dag.py:3096} INFO - Sync 1 DAGs
[2026-02-16T02:44:21.493+0000] {logging_mixin.py:188} INFO - [2026-02-16T02:44:21.493+0000] {dag.py:3954} INFO - Setting next_dagrun for produce_json to 2026-02-15 14:00:00+00:00, run_after=2026-02-16 14:00:00+00:00
[2026-02-16T02:44:21.529+0000] {processor.py:183} INFO - Processing /opt/airflow/dags/main.py took 0.148 seconds
[2026-02-16T02:44:51.664+0000] {processor.py:161} INFO - Started process (PID=270) to work on /opt/airflow/dags/main.py
[2026-02-16T02:44:51.665+0000] {processor.py:830} INFO - Processing file /opt/airflow/dags/main.py for tasks to queue
[2026-02-16T02:44:51.667+0000] {logging_mixin.py:188} INFO - [2026-02-16T02:44:51.667+0000] {dagbag.py:545} INFO - Filling up the DagBag from /opt/airflow/dags/main.py
[2026-02-16T02:44:51.721+0000] {processor.py:840} INFO - DAG(s) 'produce_json' retrieved from /opt/airflow/dags/main.py
[2026-02-16T02:44:51.756+0000] {logging_mixin.py:188} INFO - [2026-02-16T02:44:51.755+0000] {dag.py:3096} INFO - Sync 1 DAGs
[2026-02-16T02:44:51.780+0000] {logging_mixin.py:188} INFO - [2026-02-16T02:44:51.779+0000] {dag.py:3954} INFO - Setting next_dagrun for produce_json to 2026-02-15 14:00:00+00:00, run_after=2026-02-16 14:00:00+00:00
[2026-02-16T02:44:51.815+0000] {processor.py:183} INFO - Processing /opt/airflow/dags/main.py took 0.158 seconds
[2026-02-16T02:45:22.063+0000] {processor.py:161} INFO - Started process (PID=277) to work on /opt/airflow/dags/main.py
[2026-02-16T02:45:22.064+0000] {processor.py:830} INFO - Processing file /opt/airflow/dags/main.py for tasks to queue
[2026-02-16T02:45:22.066+0000] {logging_mixin.py:188} INFO - [2026-02-16T02:45:22.065+0000] {dagbag.py:545} INFO - Filling up the DagBag from /opt/airflow/dags/main.py
[2026-02-16T02:45:22.109+0000] {processor.py:840} INFO - DAG(s) 'produce_json' retrieved from /opt/airflow/dags/main.py
[2026-02-16T02:45:22.140+0000] {logging_mixin.py:188} INFO - [2026-02-16T02:45:22.140+0000] {dag.py:3096} INFO - Sync 1 DAGs
[2026-02-16T02:45:22.164+0000] {logging_mixin.py:188} INFO - [2026-02-16T02:45:22.163+0000] {dag.py:3954} INFO - Setting next_dagrun for produce_json to 2026-02-15 14:00:00+00:00, run_after=2026-02-16 14:00:00+00:00
[2026-02-16T02:45:22.207+0000] {processor.py:183} INFO - Processing /opt/airflow/dags/main.py took 0.149 seconds
[2026-02-16T02:45:52.326+0000] {processor.py:161} INFO - Started process (PID=284) to work on /opt/airflow/dags/main.py
[2026-02-16T02:45:52.326+0000] {processor.py:830} INFO - Processing file /opt/airflow/dags/main.py for tasks to queue
[2026-02-16T02:45:52.328+0000] {logging_mixin.py:188} INFO - [2026-02-16T02:45:52.328+0000] {dagbag.py:545} INFO - Filling up the DagBag from /opt/airflow/dags/main.py
[2026-02-16T02:45:52.368+0000] {processor.py:840} INFO - DAG(s) 'produce_json' retrieved from /opt/airflow/dags/main.py
[2026-02-16T02:45:52.395+0000] {logging_mixin.py:188} INFO - [2026-02-16T02:45:52.395+0000] {dag.py:3096} INFO - Sync 1 DAGs
[2026-02-16T02:45:52.416+0000] {logging_mixin.py:188} INFO - [2026-02-16T02:45:52.416+0000] {dag.py:3954} INFO - Setting next_dagrun for produce_json to 2026-02-15 14:00:00+00:00, run_after=2026-02-16 14:00:00+00:00
[2026-02-16T02:45:52.438+0000] {processor.py:183} INFO - Processing /opt/airflow/dags/main.py took 0.117 seconds
[2026-02-16T02:46:22.719+0000] {processor.py:161} INFO - Started process (PID=291) to work on /opt/airflow/dags/main.py
[2026-02-16T02:46:22.720+0000] {processor.py:830} INFO - Processing file /opt/airflow/dags/main.py for tasks to queue
[2026-02-16T02:46:22.722+0000] {logging_mixin.py:188} INFO - [2026-02-16T02:46:22.721+0000] {dagbag.py:545} INFO - Filling up the DagBag from /opt/airflow/dags/main.py
[2026-02-16T02:46:22.763+0000] {processor.py:840} INFO - DAG(s) 'produce_json' retrieved from /opt/airflow/dags/main.py
[2026-02-16T02:46:22.789+0000] {logging_mixin.py:188} INFO - [2026-02-16T02:46:22.789+0000] {dag.py:3096} INFO - Sync 1 DAGs
[2026-02-16T02:46:22.810+0000] {logging_mixin.py:188} INFO - [2026-02-16T02:46:22.810+0000] {dag.py:3954} INFO - Setting next_dagrun for produce_json to 2026-02-15 14:00:00+00:00, run_after=2026-02-16 14:00:00+00:00
[2026-02-16T02:46:22.847+0000] {processor.py:183} INFO - Processing /opt/airflow/dags/main.py took 0.133 seconds
[2026-02-16T02:46:52.966+0000] {processor.py:161} INFO - Started process (PID=298) to work on /opt/airflow/dags/main.py
[2026-02-16T02:46:52.967+0000] {processor.py:830} INFO - Processing file /opt/airflow/dags/main.py for tasks to queue
[2026-02-16T02:46:52.969+0000] {logging_mixin.py:188} INFO - [2026-02-16T02:46:52.969+0000] {dagbag.py:545} INFO - Filling up the DagBag from /opt/airflow/dags/main.py
[2026-02-16T02:46:53.028+0000] {processor.py:840} INFO - DAG(s) 'produce_json' retrieved from /opt/airflow/dags/main.py
[2026-02-16T02:46:53.055+0000] {logging_mixin.py:188} INFO - [2026-02-16T02:46:53.055+0000] {dag.py:3096} INFO - Sync 1 DAGs
[2026-02-16T02:46:53.075+0000] {logging_mixin.py:188} INFO - [2026-02-16T02:46:53.075+0000] {dag.py:3954} INFO - Setting next_dagrun for produce_json to 2026-02-15 14:00:00+00:00, run_after=2026-02-16 14:00:00+00:00
[2026-02-16T02:46:53.106+0000] {processor.py:183} INFO - Processing /opt/airflow/dags/main.py took 0.146 seconds
[2026-02-16T02:47:23.374+0000] {processor.py:161} INFO - Started process (PID=305) to work on /opt/airflow/dags/main.py
[2026-02-16T02:47:23.375+0000] {processor.py:830} INFO - Processing file /opt/airflow/dags/main.py for tasks to queue
[2026-02-16T02:47:23.377+0000] {logging_mixin.py:188} INFO - [2026-02-16T02:47:23.377+0000] {dagbag.py:545} INFO - Filling up the DagBag from /opt/airflow/dags/main.py
[2026-02-16T02:47:23.417+0000] {processor.py:840} INFO - DAG(s) 'produce_json' retrieved from /opt/airflow/dags/main.py
[2026-02-16T02:47:23.443+0000] {logging_mixin.py:188} INFO - [2026-02-16T02:47:23.443+0000] {dag.py:3096} INFO - Sync 1 DAGs
[2026-02-16T02:47:23.466+0000] {logging_mixin.py:188} INFO - [2026-02-16T02:47:23.465+0000] {dag.py:3954} INFO - Setting next_dagrun for produce_json to 2026-02-15 14:00:00+00:00, run_after=2026-02-16 14:00:00+00:00
[2026-02-16T02:47:23.499+0000] {processor.py:183} INFO - Processing /opt/airflow/dags/main.py took 0.129 seconds
[2026-02-16T02:47:53.765+0000] {processor.py:161} INFO - Started process (PID=312) to work on /opt/airflow/dags/main.py
[2026-02-16T02:47:53.767+0000] {processor.py:830} INFO - Processing file /opt/airflow/dags/main.py for tasks to queue
[2026-02-16T02:47:53.771+0000] {logging_mixin.py:188} INFO - [2026-02-16T02:47:53.770+0000] {dagbag.py:545} INFO - Filling up the DagBag from /opt/airflow/dags/main.py
[2026-02-16T02:47:53.893+0000] {processor.py:840} INFO - DAG(s) 'produce_json' retrieved from /opt/airflow/dags/main.py
[2026-02-16T02:47:53.942+0000] {logging_mixin.py:188} INFO - [2026-02-16T02:47:53.942+0000] {dag.py:3096} INFO - Sync 1 DAGs
[2026-02-16T02:47:53.988+0000] {logging_mixin.py:188} INFO - [2026-02-16T02:47:53.988+0000] {dag.py:3954} INFO - Setting next_dagrun for produce_json to 2026-02-15 14:00:00+00:00, run_after=2026-02-16 14:00:00+00:00
[2026-02-16T02:47:54.071+0000] {processor.py:183} INFO - Processing /opt/airflow/dags/main.py took 0.316 seconds
[2026-02-16T02:48:24.394+0000] {processor.py:161} INFO - Started process (PID=319) to work on /opt/airflow/dags/main.py
[2026-02-16T02:48:24.397+0000] {processor.py:830} INFO - Processing file /opt/airflow/dags/main.py for tasks to queue
[2026-02-16T02:48:24.402+0000] {logging_mixin.py:188} INFO - [2026-02-16T02:48:24.401+0000] {dagbag.py:545} INFO - Filling up the DagBag from /opt/airflow/dags/main.py
[2026-02-16T02:48:24.506+0000] {processor.py:840} INFO - DAG(s) 'produce_json' retrieved from /opt/airflow/dags/main.py
[2026-02-16T02:48:24.560+0000] {logging_mixin.py:188} INFO - [2026-02-16T02:48:24.559+0000] {dag.py:3096} INFO - Sync 1 DAGs
[2026-02-16T02:48:24.606+0000] {logging_mixin.py:188} INFO - [2026-02-16T02:48:24.606+0000] {dag.py:3954} INFO - Setting next_dagrun for produce_json to 2026-02-15 14:00:00+00:00, run_after=2026-02-16 14:00:00+00:00
[2026-02-16T02:48:24.638+0000] {processor.py:183} INFO - Processing /opt/airflow/dags/main.py took 0.254 seconds
[2026-02-16T02:48:54.958+0000] {processor.py:161} INFO - Started process (PID=326) to work on /opt/airflow/dags/main.py
[2026-02-16T02:48:54.960+0000] {processor.py:830} INFO - Processing file /opt/airflow/dags/main.py for tasks to queue
[2026-02-16T02:48:54.964+0000] {logging_mixin.py:188} INFO - [2026-02-16T02:48:54.963+0000] {dagbag.py:545} INFO - Filling up the DagBag from /opt/airflow/dags/main.py
[2026-02-16T02:48:55.081+0000] {processor.py:840} INFO - DAG(s) 'produce_json' retrieved from /opt/airflow/dags/main.py
[2026-02-16T02:48:55.125+0000] {logging_mixin.py:188} INFO - [2026-02-16T02:48:55.124+0000] {dag.py:3096} INFO - Sync 1 DAGs
[2026-02-16T02:48:55.165+0000] {logging_mixin.py:188} INFO - [2026-02-16T02:48:55.164+0000] {dag.py:3954} INFO - Setting next_dagrun for produce_json to 2026-02-15 14:00:00+00:00, run_after=2026-02-16 14:00:00+00:00
[2026-02-16T02:48:55.240+0000] {processor.py:183} INFO - Processing /opt/airflow/dags/main.py took 0.291 seconds
[2026-02-16T02:49:25.697+0000] {processor.py:161} INFO - Started process (PID=333) to work on /opt/airflow/dags/main.py
[2026-02-16T02:49:25.700+0000] {processor.py:830} INFO - Processing file /opt/airflow/dags/main.py for tasks to queue
[2026-02-16T02:49:25.706+0000] {logging_mixin.py:188} INFO - [2026-02-16T02:49:25.704+0000] {dagbag.py:545} INFO - Filling up the DagBag from /opt/airflow/dags/main.py
[2026-02-16T02:49:25.834+0000] {processor.py:840} INFO - DAG(s) 'produce_json' retrieved from /opt/airflow/dags/main.py
[2026-02-16T02:49:25.881+0000] {logging_mixin.py:188} INFO - [2026-02-16T02:49:25.881+0000] {dag.py:3096} INFO - Sync 1 DAGs
[2026-02-16T02:49:25.917+0000] {logging_mixin.py:188} INFO - [2026-02-16T02:49:25.916+0000] {dag.py:3954} INFO - Setting next_dagrun for produce_json to 2026-02-15 14:00:00+00:00, run_after=2026-02-16 14:00:00+00:00
[2026-02-16T02:49:25.994+0000] {processor.py:183} INFO - Processing /opt/airflow/dags/main.py took 0.306 seconds
[2026-02-16T02:49:56.299+0000] {processor.py:161} INFO - Started process (PID=340) to work on /opt/airflow/dags/main.py
[2026-02-16T02:49:56.302+0000] {processor.py:830} INFO - Processing file /opt/airflow/dags/main.py for tasks to queue
[2026-02-16T02:49:56.305+0000] {logging_mixin.py:188} INFO - [2026-02-16T02:49:56.305+0000] {dagbag.py:545} INFO - Filling up the DagBag from /opt/airflow/dags/main.py
[2026-02-16T02:49:56.405+0000] {processor.py:840} INFO - DAG(s) 'produce_json' retrieved from /opt/airflow/dags/main.py
[2026-02-16T02:49:56.448+0000] {logging_mixin.py:188} INFO - [2026-02-16T02:49:56.448+0000] {dag.py:3096} INFO - Sync 1 DAGs
[2026-02-16T02:49:56.479+0000] {logging_mixin.py:188} INFO - [2026-02-16T02:49:56.478+0000] {dag.py:3954} INFO - Setting next_dagrun for produce_json to 2026-02-15 14:00:00+00:00, run_after=2026-02-16 14:00:00+00:00
[2026-02-16T02:49:56.563+0000] {processor.py:183} INFO - Processing /opt/airflow/dags/main.py took 0.273 seconds
[2026-02-16T02:50:26.642+0000] {processor.py:161} INFO - Started process (PID=347) to work on /opt/airflow/dags/main.py
[2026-02-16T02:50:26.644+0000] {processor.py:830} INFO - Processing file /opt/airflow/dags/main.py for tasks to queue
[2026-02-16T02:50:26.647+0000] {logging_mixin.py:188} INFO - [2026-02-16T02:50:26.647+0000] {dagbag.py:545} INFO - Filling up the DagBag from /opt/airflow/dags/main.py
[2026-02-16T02:50:26.744+0000] {processor.py:840} INFO - DAG(s) 'produce_json' retrieved from /opt/airflow/dags/main.py
[2026-02-16T02:50:26.789+0000] {logging_mixin.py:188} INFO - [2026-02-16T02:50:26.788+0000] {dag.py:3096} INFO - Sync 1 DAGs
[2026-02-16T02:50:26.831+0000] {logging_mixin.py:188} INFO - [2026-02-16T02:50:26.831+0000] {dag.py:3954} INFO - Setting next_dagrun for produce_json to 2026-02-15 14:00:00+00:00, run_after=2026-02-16 14:00:00+00:00
[2026-02-16T02:50:26.901+0000] {processor.py:183} INFO - Processing /opt/airflow/dags/main.py took 0.267 seconds
[2026-02-16T02:50:57.168+0000] {processor.py:161} INFO - Started process (PID=354) to work on /opt/airflow/dags/main.py
[2026-02-16T02:50:57.170+0000] {processor.py:830} INFO - Processing file /opt/airflow/dags/main.py for tasks to queue
[2026-02-16T02:50:57.174+0000] {logging_mixin.py:188} INFO - [2026-02-16T02:50:57.173+0000] {dagbag.py:545} INFO - Filling up the DagBag from /opt/airflow/dags/main.py
[2026-02-16T02:50:57.252+0000] {processor.py:840} INFO - DAG(s) 'produce_json' retrieved from /opt/airflow/dags/main.py
[2026-02-16T02:50:57.299+0000] {logging_mixin.py:188} INFO - [2026-02-16T02:50:57.299+0000] {dag.py:3096} INFO - Sync 1 DAGs
[2026-02-16T02:50:57.336+0000] {logging_mixin.py:188} INFO - [2026-02-16T02:50:57.336+0000] {dag.py:3954} INFO - Setting next_dagrun for produce_json to 2026-02-15 14:00:00+00:00, run_after=2026-02-16 14:00:00+00:00
[2026-02-16T02:50:57.412+0000] {processor.py:183} INFO - Processing /opt/airflow/dags/main.py took 0.257 seconds
[2026-02-16T02:51:27.477+0000] {processor.py:161} INFO - Started process (PID=361) to work on /opt/airflow/dags/main.py
[2026-02-16T02:51:27.479+0000] {processor.py:830} INFO - Processing file /opt/airflow/dags/main.py for tasks to queue
[2026-02-16T02:51:27.486+0000] {logging_mixin.py:188} INFO - [2026-02-16T02:51:27.485+0000] {dagbag.py:545} INFO - Filling up the DagBag from /opt/airflow/dags/main.py
[2026-02-16T02:51:27.575+0000] {processor.py:840} INFO - DAG(s) 'produce_json' retrieved from /opt/airflow/dags/main.py
[2026-02-16T02:51:27.614+0000] {logging_mixin.py:188} INFO - [2026-02-16T02:51:27.614+0000] {dag.py:3096} INFO - Sync 1 DAGs
[2026-02-16T02:51:27.651+0000] {logging_mixin.py:188} INFO - [2026-02-16T02:51:27.651+0000] {dag.py:3954} INFO - Setting next_dagrun for produce_json to 2026-02-15 14:00:00+00:00, run_after=2026-02-16 14:00:00+00:00
[2026-02-16T02:51:27.685+0000] {processor.py:183} INFO - Processing /opt/airflow/dags/main.py took 0.216 seconds
[2026-02-16T02:51:58.006+0000] {processor.py:161} INFO - Started process (PID=368) to work on /opt/airflow/dags/main.py
[2026-02-16T02:51:58.008+0000] {processor.py:830} INFO - Processing file /opt/airflow/dags/main.py for tasks to queue
[2026-02-16T02:51:58.011+0000] {logging_mixin.py:188} INFO - [2026-02-16T02:51:58.011+0000] {dagbag.py:545} INFO - Filling up the DagBag from /opt/airflow/dags/main.py
[2026-02-16T02:51:58.112+0000] {processor.py:840} INFO - DAG(s) 'produce_json' retrieved from /opt/airflow/dags/main.py
[2026-02-16T02:51:58.164+0000] {logging_mixin.py:188} INFO - [2026-02-16T02:51:58.163+0000] {dag.py:3096} INFO - Sync 1 DAGs
[2026-02-16T02:51:58.199+0000] {logging_mixin.py:188} INFO - [2026-02-16T02:51:58.198+0000] {dag.py:3954} INFO - Setting next_dagrun for produce_json to 2026-02-15 14:00:00+00:00, run_after=2026-02-16 14:00:00+00:00
[2026-02-16T02:51:58.273+0000] {processor.py:183} INFO - Processing /opt/airflow/dags/main.py took 0.277 seconds
[2026-02-16T02:52:28.657+0000] {processor.py:161} INFO - Started process (PID=375) to work on /opt/airflow/dags/main.py
[2026-02-16T02:52:28.659+0000] {processor.py:830} INFO - Processing file /opt/airflow/dags/main.py for tasks to queue
[2026-02-16T02:52:28.664+0000] {logging_mixin.py:188} INFO - [2026-02-16T02:52:28.663+0000] {dagbag.py:545} INFO - Filling up the DagBag from /opt/airflow/dags/main.py
[2026-02-16T02:52:28.768+0000] {processor.py:840} INFO - DAG(s) 'produce_json' retrieved from /opt/airflow/dags/main.py
[2026-02-16T02:52:28.814+0000] {logging_mixin.py:188} INFO - [2026-02-16T02:52:28.813+0000] {dag.py:3096} INFO - Sync 1 DAGs
[2026-02-16T02:52:28.847+0000] {logging_mixin.py:188} INFO - [2026-02-16T02:52:28.846+0000] {dag.py:3954} INFO - Setting next_dagrun for produce_json to 2026-02-15 14:00:00+00:00, run_after=2026-02-16 14:00:00+00:00
[2026-02-16T02:52:28.918+0000] {processor.py:183} INFO - Processing /opt/airflow/dags/main.py took 0.269 seconds
[2026-02-16T02:52:59.270+0000] {processor.py:161} INFO - Started process (PID=382) to work on /opt/airflow/dags/main.py
[2026-02-16T02:52:59.272+0000] {processor.py:830} INFO - Processing file /opt/airflow/dags/main.py for tasks to queue
[2026-02-16T02:52:59.274+0000] {logging_mixin.py:188} INFO - [2026-02-16T02:52:59.274+0000] {dagbag.py:545} INFO - Filling up the DagBag from /opt/airflow/dags/main.py
[2026-02-16T02:52:59.372+0000] {processor.py:840} INFO - DAG(s) 'produce_json' retrieved from /opt/airflow/dags/main.py
[2026-02-16T02:52:59.414+0000] {logging_mixin.py:188} INFO - [2026-02-16T02:52:59.414+0000] {dag.py:3096} INFO - Sync 1 DAGs
[2026-02-16T02:52:59.445+0000] {logging_mixin.py:188} INFO - [2026-02-16T02:52:59.445+0000] {dag.py:3954} INFO - Setting next_dagrun for produce_json to 2026-02-15 14:00:00+00:00, run_after=2026-02-16 14:00:00+00:00
[2026-02-16T02:52:59.477+0000] {processor.py:183} INFO - Processing /opt/airflow/dags/main.py took 0.215 seconds
[2026-02-16T02:53:30.524+0000] {processor.py:161} INFO - Started process (PID=389) to work on /opt/airflow/dags/main.py
[2026-02-16T02:53:30.529+0000] {processor.py:830} INFO - Processing file /opt/airflow/dags/main.py for tasks to queue
[2026-02-16T02:53:30.544+0000] {logging_mixin.py:188} INFO - [2026-02-16T02:53:30.543+0000] {dagbag.py:545} INFO - Filling up the DagBag from /opt/airflow/dags/main.py
[2026-02-16T02:53:30.913+0000] {processor.py:840} INFO - DAG(s) 'produce_json' retrieved from /opt/airflow/dags/main.py
[2026-02-16T02:53:30.997+0000] {logging_mixin.py:188} INFO - [2026-02-16T02:53:30.996+0000] {dag.py:3096} INFO - Sync 1 DAGs
[2026-02-16T02:53:31.068+0000] {logging_mixin.py:188} INFO - [2026-02-16T02:53:31.067+0000] {dag.py:3954} INFO - Setting next_dagrun for produce_json to 2026-02-15 14:00:00+00:00, run_after=2026-02-16 14:00:00+00:00
[2026-02-16T02:53:31.117+0000] {processor.py:183} INFO - Processing /opt/airflow/dags/main.py took 0.641 seconds
[2026-02-16T02:59:14.092+0000] {processor.py:161} INFO - Started process (PID=390) to work on /opt/airflow/dags/main.py
[2026-02-16T02:59:14.093+0000] {processor.py:830} INFO - Processing file /opt/airflow/dags/main.py for tasks to queue
[2026-02-16T02:59:14.095+0000] {logging_mixin.py:188} INFO - [2026-02-16T02:59:14.095+0000] {dagbag.py:545} INFO - Filling up the DagBag from /opt/airflow/dags/main.py
[2026-02-16T02:59:14.153+0000] {processor.py:840} INFO - DAG(s) 'produce_json' retrieved from /opt/airflow/dags/main.py
[2026-02-16T02:59:14.185+0000] {logging_mixin.py:188} INFO - [2026-02-16T02:59:14.185+0000] {dag.py:3096} INFO - Sync 1 DAGs
[2026-02-16T02:59:14.209+0000] {logging_mixin.py:188} INFO - [2026-02-16T02:59:14.209+0000] {dag.py:3954} INFO - Setting next_dagrun for produce_json to 2026-02-15 14:00:00+00:00, run_after=2026-02-16 14:00:00+00:00
[2026-02-16T02:59:14.234+0000] {processor.py:183} INFO - Processing /opt/airflow/dags/main.py took 0.147 seconds
[2026-02-16T02:59:44.353+0000] {processor.py:161} INFO - Started process (PID=397) to work on /opt/airflow/dags/main.py
[2026-02-16T02:59:44.355+0000] {processor.py:830} INFO - Processing file /opt/airflow/dags/main.py for tasks to queue
[2026-02-16T02:59:44.357+0000] {logging_mixin.py:188} INFO - [2026-02-16T02:59:44.357+0000] {dagbag.py:545} INFO - Filling up the DagBag from /opt/airflow/dags/main.py
[2026-02-16T02:59:44.404+0000] {processor.py:840} INFO - DAG(s) 'produce_json' retrieved from /opt/airflow/dags/main.py
[2026-02-16T02:59:44.431+0000] {logging_mixin.py:188} INFO - [2026-02-16T02:59:44.431+0000] {dag.py:3096} INFO - Sync 1 DAGs
[2026-02-16T02:59:44.451+0000] {logging_mixin.py:188} INFO - [2026-02-16T02:59:44.451+0000] {dag.py:3954} INFO - Setting next_dagrun for produce_json to 2026-02-15 14:00:00+00:00, run_after=2026-02-16 14:00:00+00:00
[2026-02-16T02:59:44.482+0000] {processor.py:183} INFO - Processing /opt/airflow/dags/main.py took 0.134 seconds
[2026-02-16T03:00:14.745+0000] {processor.py:161} INFO - Started process (PID=404) to work on /opt/airflow/dags/main.py
[2026-02-16T03:00:14.747+0000] {processor.py:830} INFO - Processing file /opt/airflow/dags/main.py for tasks to queue
[2026-02-16T03:00:14.749+0000] {logging_mixin.py:188} INFO - [2026-02-16T03:00:14.748+0000] {dagbag.py:545} INFO - Filling up the DagBag from /opt/airflow/dags/main.py
[2026-02-16T03:00:14.796+0000] {processor.py:840} INFO - DAG(s) 'produce_json' retrieved from /opt/airflow/dags/main.py
[2026-02-16T03:00:14.823+0000] {logging_mixin.py:188} INFO - [2026-02-16T03:00:14.822+0000] {dag.py:3096} INFO - Sync 1 DAGs
[2026-02-16T03:00:14.843+0000] {logging_mixin.py:188} INFO - [2026-02-16T03:00:14.843+0000] {dag.py:3954} INFO - Setting next_dagrun for produce_json to 2026-02-15 14:00:00+00:00, run_after=2026-02-16 14:00:00+00:00
[2026-02-16T03:00:14.873+0000] {processor.py:183} INFO - Processing /opt/airflow/dags/main.py took 0.133 seconds
[2026-02-16T03:00:44.997+0000] {processor.py:161} INFO - Started process (PID=411) to work on /opt/airflow/dags/main.py
[2026-02-16T03:00:44.999+0000] {processor.py:830} INFO - Processing file /opt/airflow/dags/main.py for tasks to queue
[2026-02-16T03:00:45.002+0000] {logging_mixin.py:188} INFO - [2026-02-16T03:00:45.001+0000] {dagbag.py:545} INFO - Filling up the DagBag from /opt/airflow/dags/main.py
[2026-02-16T03:00:45.046+0000] {processor.py:840} INFO - DAG(s) 'produce_json' retrieved from /opt/airflow/dags/main.py
[2026-02-16T03:00:45.074+0000] {logging_mixin.py:188} INFO - [2026-02-16T03:00:45.074+0000] {dag.py:3096} INFO - Sync 1 DAGs
[2026-02-16T03:00:45.093+0000] {logging_mixin.py:188} INFO - [2026-02-16T03:00:45.093+0000] {dag.py:3954} INFO - Setting next_dagrun for produce_json to 2026-02-15 14:00:00+00:00, run_after=2026-02-16 14:00:00+00:00
[2026-02-16T03:00:45.114+0000] {processor.py:183} INFO - Processing /opt/airflow/dags/main.py took 0.123 seconds
[2026-02-16T03:01:15.350+0000] {processor.py:161} INFO - Started process (PID=418) to work on /opt/airflow/dags/main.py
[2026-02-16T03:01:15.351+0000] {processor.py:830} INFO - Processing file /opt/airflow/dags/main.py for tasks to queue
[2026-02-16T03:01:15.354+0000] {logging_mixin.py:188} INFO - [2026-02-16T03:01:15.353+0000] {dagbag.py:545} INFO - Filling up the DagBag from /opt/airflow/dags/main.py
[2026-02-16T03:01:15.402+0000] {processor.py:840} INFO - DAG(s) 'produce_json' retrieved from /opt/airflow/dags/main.py
[2026-02-16T03:01:15.432+0000] {logging_mixin.py:188} INFO - [2026-02-16T03:01:15.432+0000] {dag.py:3096} INFO - Sync 1 DAGs
[2026-02-16T03:01:15.452+0000] {logging_mixin.py:188} INFO - [2026-02-16T03:01:15.452+0000] {dag.py:3954} INFO - Setting next_dagrun for produce_json to 2026-02-15 14:00:00+00:00, run_after=2026-02-16 14:00:00+00:00
[2026-02-16T03:01:15.474+0000] {processor.py:183} INFO - Processing /opt/airflow/dags/main.py took 0.129 seconds
[2026-02-16T03:01:45.604+0000] {processor.py:161} INFO - Started process (PID=425) to work on /opt/airflow/dags/main.py
[2026-02-16T03:01:45.607+0000] {processor.py:830} INFO - Processing file /opt/airflow/dags/main.py for tasks to queue
[2026-02-16T03:01:45.610+0000] {logging_mixin.py:188} INFO - [2026-02-16T03:01:45.610+0000] {dagbag.py:545} INFO - Filling up the DagBag from /opt/airflow/dags/main.py
[2026-02-16T03:01:45.671+0000] {processor.py:840} INFO - DAG(s) 'produce_json' retrieved from /opt/airflow/dags/main.py
[2026-02-16T03:01:45.699+0000] {logging_mixin.py:188} INFO - [2026-02-16T03:01:45.699+0000] {dag.py:3096} INFO - Sync 1 DAGs
[2026-02-16T03:01:45.719+0000] {logging_mixin.py:188} INFO - [2026-02-16T03:01:45.719+0000] {dag.py:3954} INFO - Setting next_dagrun for produce_json to 2026-02-15 14:00:00+00:00, run_after=2026-02-16 14:00:00+00:00
[2026-02-16T03:01:45.741+0000] {processor.py:183} INFO - Processing /opt/airflow/dags/main.py took 0.145 seconds
[2026-02-16T03:02:15.978+0000] {processor.py:161} INFO - Started process (PID=432) to work on /opt/airflow/dags/main.py
[2026-02-16T03:02:15.980+0000] {processor.py:830} INFO - Processing file /opt/airflow/dags/main.py for tasks to queue
[2026-02-16T03:02:15.984+0000] {logging_mixin.py:188} INFO - [2026-02-16T03:02:15.983+0000] {dagbag.py:545} INFO - Filling up the DagBag from /opt/airflow/dags/main.py
[2026-02-16T03:02:16.069+0000] {processor.py:840} INFO - DAG(s) 'produce_json' retrieved from /opt/airflow/dags/main.py
[2026-02-16T03:02:16.115+0000] {logging_mixin.py:188} INFO - [2026-02-16T03:02:16.114+0000] {dag.py:3096} INFO - Sync 1 DAGs
[2026-02-16T03:02:16.157+0000] {logging_mixin.py:188} INFO - [2026-02-16T03:02:16.156+0000] {dag.py:3954} INFO - Setting next_dagrun for produce_json to 2026-02-15 14:00:00+00:00, run_after=2026-02-16 14:00:00+00:00
[2026-02-16T03:02:16.197+0000] {processor.py:183} INFO - Processing /opt/airflow/dags/main.py took 0.229 seconds
[2026-02-16T03:02:46.292+0000] {processor.py:161} INFO - Started process (PID=439) to work on /opt/airflow/dags/main.py
[2026-02-16T03:02:46.295+0000] {processor.py:830} INFO - Processing file /opt/airflow/dags/main.py for tasks to queue
[2026-02-16T03:02:46.300+0000] {logging_mixin.py:188} INFO - [2026-02-16T03:02:46.299+0000] {dagbag.py:545} INFO - Filling up the DagBag from /opt/airflow/dags/main.py
[2026-02-16T03:02:46.400+0000] {processor.py:840} INFO - DAG(s) 'produce_json' retrieved from /opt/airflow/dags/main.py
[2026-02-16T03:02:46.444+0000] {logging_mixin.py:188} INFO - [2026-02-16T03:02:46.444+0000] {dag.py:3096} INFO - Sync 1 DAGs
[2026-02-16T03:02:46.481+0000] {logging_mixin.py:188} INFO - [2026-02-16T03:02:46.480+0000] {dag.py:3954} INFO - Setting next_dagrun for produce_json to 2026-02-15 14:00:00+00:00, run_after=2026-02-16 14:00:00+00:00
[2026-02-16T03:02:46.520+0000] {processor.py:183} INFO - Processing /opt/airflow/dags/main.py took 0.236 seconds
[2026-02-16T03:03:16.859+0000] {processor.py:161} INFO - Started process (PID=446) to work on /opt/airflow/dags/main.py
[2026-02-16T03:03:16.861+0000] {processor.py:830} INFO - Processing file /opt/airflow/dags/main.py for tasks to queue
[2026-02-16T03:03:16.866+0000] {logging_mixin.py:188} INFO - [2026-02-16T03:03:16.865+0000] {dagbag.py:545} INFO - Filling up the DagBag from /opt/airflow/dags/main.py
[2026-02-16T03:03:16.983+0000] {processor.py:840} INFO - DAG(s) 'produce_json' retrieved from /opt/airflow/dags/main.py
[2026-02-16T03:03:17.026+0000] {logging_mixin.py:188} INFO - [2026-02-16T03:03:17.026+0000] {dag.py:3096} INFO - Sync 1 DAGs
[2026-02-16T03:03:17.068+0000] {logging_mixin.py:188} INFO - [2026-02-16T03:03:17.068+0000] {dag.py:3954} INFO - Setting next_dagrun for produce_json to 2026-02-15 14:00:00+00:00, run_after=2026-02-16 14:00:00+00:00
[2026-02-16T03:03:17.099+0000] {processor.py:183} INFO - Processing /opt/airflow/dags/main.py took 0.255 seconds
[2026-02-16T03:03:47.459+0000] {processor.py:161} INFO - Started process (PID=453) to work on /opt/airflow/dags/main.py
[2026-02-16T03:03:47.461+0000] {processor.py:830} INFO - Processing file /opt/airflow/dags/main.py for tasks to queue
[2026-02-16T03:03:47.466+0000] {logging_mixin.py:188} INFO - [2026-02-16T03:03:47.466+0000] {dagbag.py:545} INFO - Filling up the DagBag from /opt/airflow/dags/main.py
[2026-02-16T03:03:47.579+0000] {processor.py:840} INFO - DAG(s) 'produce_json' retrieved from /opt/airflow/dags/main.py
[2026-02-16T03:03:47.626+0000] {logging_mixin.py:188} INFO - [2026-02-16T03:03:47.626+0000] {dag.py:3096} INFO - Sync 1 DAGs
[2026-02-16T03:03:47.673+0000] {logging_mixin.py:188} INFO - [2026-02-16T03:03:47.673+0000] {dag.py:3954} INFO - Setting next_dagrun for produce_json to 2026-02-15 14:00:00+00:00, run_after=2026-02-16 14:00:00+00:00
[2026-02-16T03:03:47.707+0000] {processor.py:183} INFO - Processing /opt/airflow/dags/main.py took 0.263 seconds
[2026-02-16T03:04:17.935+0000] {processor.py:161} INFO - Started process (PID=460) to work on /opt/airflow/dags/main.py
[2026-02-16T03:04:17.938+0000] {processor.py:830} INFO - Processing file /opt/airflow/dags/main.py for tasks to queue
[2026-02-16T03:04:17.942+0000] {logging_mixin.py:188} INFO - [2026-02-16T03:04:17.941+0000] {dagbag.py:545} INFO - Filling up the DagBag from /opt/airflow/dags/main.py
[2026-02-16T03:04:18.064+0000] {processor.py:840} INFO - DAG(s) 'produce_json' retrieved from /opt/airflow/dags/main.py
[2026-02-16T03:04:18.120+0000] {logging_mixin.py:188} INFO - [2026-02-16T03:04:18.119+0000] {dag.py:3096} INFO - Sync 1 DAGs
[2026-02-16T03:04:18.199+0000] {logging_mixin.py:188} INFO - [2026-02-16T03:04:18.199+0000] {dag.py:3954} INFO - Setting next_dagrun for produce_json to 2026-02-15 14:00:00+00:00, run_after=2026-02-16 14:00:00+00:00
[2026-02-16T03:04:18.233+0000] {processor.py:183} INFO - Processing /opt/airflow/dags/main.py took 0.317 seconds
[2026-02-16T03:04:48.388+0000] {processor.py:161} INFO - Started process (PID=467) to work on /opt/airflow/dags/main.py
[2026-02-16T03:04:48.392+0000] {processor.py:830} INFO - Processing file /opt/airflow/dags/main.py for tasks to queue
[2026-02-16T03:04:48.402+0000] {logging_mixin.py:188} INFO - [2026-02-16T03:04:48.399+0000] {dagbag.py:545} INFO - Filling up the DagBag from /opt/airflow/dags/main.py
[2026-02-16T03:04:48.578+0000] {processor.py:840} INFO - DAG(s) 'produce_json' retrieved from /opt/airflow/dags/main.py
[2026-02-16T03:04:48.641+0000] {logging_mixin.py:188} INFO - [2026-02-16T03:04:48.641+0000] {dag.py:3096} INFO - Sync 1 DAGs
[2026-02-16T03:04:48.702+0000] {logging_mixin.py:188} INFO - [2026-02-16T03:04:48.701+0000] {dag.py:3954} INFO - Setting next_dagrun for produce_json to 2026-02-15 14:00:00+00:00, run_after=2026-02-16 14:00:00+00:00
[2026-02-16T03:04:48.759+0000] {processor.py:183} INFO - Processing /opt/airflow/dags/main.py took 0.393 seconds
[2026-02-16T03:05:18.957+0000] {processor.py:161} INFO - Started process (PID=474) to work on /opt/airflow/dags/main.py
[2026-02-16T03:05:18.959+0000] {processor.py:830} INFO - Processing file /opt/airflow/dags/main.py for tasks to queue
[2026-02-16T03:05:18.963+0000] {logging_mixin.py:188} INFO - [2026-02-16T03:05:18.962+0000] {dagbag.py:545} INFO - Filling up the DagBag from /opt/airflow/dags/main.py
[2026-02-16T03:05:19.092+0000] {processor.py:840} INFO - DAG(s) 'produce_json' retrieved from /opt/airflow/dags/main.py
[2026-02-16T03:05:19.142+0000] {logging_mixin.py:188} INFO - [2026-02-16T03:05:19.141+0000] {dag.py:3096} INFO - Sync 1 DAGs
[2026-02-16T03:05:19.190+0000] {logging_mixin.py:188} INFO - [2026-02-16T03:05:19.190+0000] {dag.py:3954} INFO - Setting next_dagrun for produce_json to 2026-02-15 14:00:00+00:00, run_after=2026-02-16 14:00:00+00:00
[2026-02-16T03:05:19.248+0000] {processor.py:183} INFO - Processing /opt/airflow/dags/main.py took 0.301 seconds
[2026-02-16T03:05:49.471+0000] {processor.py:161} INFO - Started process (PID=481) to work on /opt/airflow/dags/main.py
[2026-02-16T03:05:49.473+0000] {processor.py:830} INFO - Processing file /opt/airflow/dags/main.py for tasks to queue
[2026-02-16T03:05:49.477+0000] {logging_mixin.py:188} INFO - [2026-02-16T03:05:49.477+0000] {dagbag.py:545} INFO - Filling up the DagBag from /opt/airflow/dags/main.py
[2026-02-16T03:05:49.592+0000] {processor.py:840} INFO - DAG(s) 'produce_json' retrieved from /opt/airflow/dags/main.py
[2026-02-16T03:05:49.634+0000] {logging_mixin.py:188} INFO - [2026-02-16T03:05:49.633+0000] {dag.py:3096} INFO - Sync 1 DAGs
[2026-02-16T03:05:49.665+0000] {logging_mixin.py:188} INFO - [2026-02-16T03:05:49.665+0000] {dag.py:3954} INFO - Setting next_dagrun for produce_json to 2026-02-15 14:00:00+00:00, run_after=2026-02-16 14:00:00+00:00
[2026-02-16T03:05:49.697+0000] {processor.py:183} INFO - Processing /opt/airflow/dags/main.py took 0.233 seconds
[2026-02-16T03:06:19.902+0000] {processor.py:161} INFO - Started process (PID=488) to work on /opt/airflow/dags/main.py
[2026-02-16T03:06:19.905+0000] {processor.py:830} INFO - Processing file /opt/airflow/dags/main.py for tasks to queue
[2026-02-16T03:06:19.907+0000] {logging_mixin.py:188} INFO - [2026-02-16T03:06:19.907+0000] {dagbag.py:545} INFO - Filling up the DagBag from /opt/airflow/dags/main.py
[2026-02-16T03:06:19.986+0000] {processor.py:840} INFO - DAG(s) 'produce_json' retrieved from /opt/airflow/dags/main.py
[2026-02-16T03:06:20.028+0000] {logging_mixin.py:188} INFO - [2026-02-16T03:06:20.028+0000] {dag.py:3096} INFO - Sync 1 DAGs
[2026-02-16T03:06:20.067+0000] {logging_mixin.py:188} INFO - [2026-02-16T03:06:20.067+0000] {dag.py:3954} INFO - Setting next_dagrun for produce_json to 2026-02-15 14:00:00+00:00, run_after=2026-02-16 14:00:00+00:00
[2026-02-16T03:06:20.107+0000] {processor.py:183} INFO - Processing /opt/airflow/dags/main.py took 0.213 seconds
[2026-02-16T03:06:50.331+0000] {processor.py:161} INFO - Started process (PID=495) to work on /opt/airflow/dags/main.py
[2026-02-16T03:06:50.334+0000] {processor.py:830} INFO - Processing file /opt/airflow/dags/main.py for tasks to queue
[2026-02-16T03:06:50.338+0000] {logging_mixin.py:188} INFO - [2026-02-16T03:06:50.337+0000] {dagbag.py:545} INFO - Filling up the DagBag from /opt/airflow/dags/main.py
[2026-02-16T03:06:50.483+0000] {processor.py:840} INFO - DAG(s) 'produce_json' retrieved from /opt/airflow/dags/main.py
[2026-02-16T03:06:50.524+0000] {logging_mixin.py:188} INFO - [2026-02-16T03:06:50.524+0000] {dag.py:3096} INFO - Sync 1 DAGs
[2026-02-16T03:06:50.561+0000] {logging_mixin.py:188} INFO - [2026-02-16T03:06:50.560+0000] {dag.py:3954} INFO - Setting next_dagrun for produce_json to 2026-02-15 14:00:00+00:00, run_after=2026-02-16 14:00:00+00:00
[2026-02-16T03:06:50.604+0000] {processor.py:183} INFO - Processing /opt/airflow/dags/main.py took 0.283 seconds
[2026-02-16T03:07:20.777+0000] {processor.py:161} INFO - Started process (PID=502) to work on /opt/airflow/dags/main.py
[2026-02-16T03:07:20.780+0000] {processor.py:830} INFO - Processing file /opt/airflow/dags/main.py for tasks to queue
[2026-02-16T03:07:20.783+0000] {logging_mixin.py:188} INFO - [2026-02-16T03:07:20.783+0000] {dagbag.py:545} INFO - Filling up the DagBag from /opt/airflow/dags/main.py
[2026-02-16T03:07:20.912+0000] {processor.py:840} INFO - DAG(s) 'produce_json' retrieved from /opt/airflow/dags/main.py
[2026-02-16T03:07:20.967+0000] {logging_mixin.py:188} INFO - [2026-02-16T03:07:20.967+0000] {dag.py:3096} INFO - Sync 1 DAGs
[2026-02-16T03:07:21.002+0000] {logging_mixin.py:188} INFO - [2026-02-16T03:07:21.002+0000] {dag.py:3954} INFO - Setting next_dagrun for produce_json to 2026-02-15 14:00:00+00:00, run_after=2026-02-16 14:00:00+00:00
[2026-02-16T03:07:21.032+0000] {processor.py:183} INFO - Processing /opt/airflow/dags/main.py took 0.264 seconds
[2026-02-16T03:07:51.274+0000] {processor.py:161} INFO - Started process (PID=509) to work on /opt/airflow/dags/main.py
[2026-02-16T03:07:51.276+0000] {processor.py:830} INFO - Processing file /opt/airflow/dags/main.py for tasks to queue
[2026-02-16T03:07:51.279+0000] {logging_mixin.py:188} INFO - [2026-02-16T03:07:51.278+0000] {dagbag.py:545} INFO - Filling up the DagBag from /opt/airflow/dags/main.py
[2026-02-16T03:07:51.371+0000] {processor.py:840} INFO - DAG(s) 'produce_json' retrieved from /opt/airflow/dags/main.py
[2026-02-16T03:07:51.413+0000] {logging_mixin.py:188} INFO - [2026-02-16T03:07:51.413+0000] {dag.py:3096} INFO - Sync 1 DAGs
[2026-02-16T03:07:51.443+0000] {logging_mixin.py:188} INFO - [2026-02-16T03:07:51.443+0000] {dag.py:3954} INFO - Setting next_dagrun for produce_json to 2026-02-15 14:00:00+00:00, run_after=2026-02-16 14:00:00+00:00
[2026-02-16T03:07:51.474+0000] {processor.py:183} INFO - Processing /opt/airflow/dags/main.py took 0.208 seconds
[2026-02-16T03:08:21.720+0000] {processor.py:161} INFO - Started process (PID=516) to work on /opt/airflow/dags/main.py
[2026-02-16T03:08:21.722+0000] {processor.py:830} INFO - Processing file /opt/airflow/dags/main.py for tasks to queue
[2026-02-16T03:08:21.727+0000] {logging_mixin.py:188} INFO - [2026-02-16T03:08:21.726+0000] {dagbag.py:545} INFO - Filling up the DagBag from /opt/airflow/dags/main.py
[2026-02-16T03:08:21.856+0000] {processor.py:840} INFO - DAG(s) 'produce_json' retrieved from /opt/airflow/dags/main.py
[2026-02-16T03:08:21.900+0000] {logging_mixin.py:188} INFO - [2026-02-16T03:08:21.900+0000] {dag.py:3096} INFO - Sync 1 DAGs
[2026-02-16T03:08:21.936+0000] {logging_mixin.py:188} INFO - [2026-02-16T03:08:21.936+0000] {dag.py:3954} INFO - Setting next_dagrun for produce_json to 2026-02-15 14:00:00+00:00, run_after=2026-02-16 14:00:00+00:00
[2026-02-16T03:08:21.975+0000] {processor.py:183} INFO - Processing /opt/airflow/dags/main.py took 0.266 seconds
[2026-02-16T03:08:52.129+0000] {processor.py:161} INFO - Started process (PID=523) to work on /opt/airflow/dags/main.py
[2026-02-16T03:08:52.131+0000] {processor.py:830} INFO - Processing file /opt/airflow/dags/main.py for tasks to queue
[2026-02-16T03:08:52.136+0000] {logging_mixin.py:188} INFO - [2026-02-16T03:08:52.136+0000] {dagbag.py:545} INFO - Filling up the DagBag from /opt/airflow/dags/main.py
[2026-02-16T03:08:52.252+0000] {processor.py:840} INFO - DAG(s) 'produce_json' retrieved from /opt/airflow/dags/main.py
[2026-02-16T03:08:52.298+0000] {logging_mixin.py:188} INFO - [2026-02-16T03:08:52.298+0000] {dag.py:3096} INFO - Sync 1 DAGs
[2026-02-16T03:08:52.339+0000] {logging_mixin.py:188} INFO - [2026-02-16T03:08:52.338+0000] {dag.py:3954} INFO - Setting next_dagrun for produce_json to 2026-02-15 14:00:00+00:00, run_after=2026-02-16 14:00:00+00:00
[2026-02-16T03:08:52.372+0000] {processor.py:183} INFO - Processing /opt/airflow/dags/main.py took 0.253 seconds
[2026-02-16T03:09:22.847+0000] {processor.py:161} INFO - Started process (PID=530) to work on /opt/airflow/dags/main.py
[2026-02-16T03:09:22.849+0000] {processor.py:830} INFO - Processing file /opt/airflow/dags/main.py for tasks to queue
[2026-02-16T03:09:22.854+0000] {logging_mixin.py:188} INFO - [2026-02-16T03:09:22.853+0000] {dagbag.py:545} INFO - Filling up the DagBag from /opt/airflow/dags/main.py
[2026-02-16T03:09:22.952+0000] {processor.py:840} INFO - DAG(s) 'produce_json' retrieved from /opt/airflow/dags/main.py
[2026-02-16T03:09:22.997+0000] {logging_mixin.py:188} INFO - [2026-02-16T03:09:22.996+0000] {dag.py:3096} INFO - Sync 1 DAGs
[2026-02-16T03:09:23.040+0000] {logging_mixin.py:188} INFO - [2026-02-16T03:09:23.040+0000] {dag.py:3954} INFO - Setting next_dagrun for produce_json to 2026-02-15 14:00:00+00:00, run_after=2026-02-16 14:00:00+00:00
[2026-02-16T03:09:23.073+0000] {processor.py:183} INFO - Processing /opt/airflow/dags/main.py took 0.236 seconds
[2026-02-16T03:09:53.204+0000] {processor.py:161} INFO - Started process (PID=537) to work on /opt/airflow/dags/main.py
[2026-02-16T03:09:53.206+0000] {processor.py:830} INFO - Processing file /opt/airflow/dags/main.py for tasks to queue
[2026-02-16T03:09:53.211+0000] {logging_mixin.py:188} INFO - [2026-02-16T03:09:53.210+0000] {dagbag.py:545} INFO - Filling up the DagBag from /opt/airflow/dags/main.py
[2026-02-16T03:09:53.318+0000] {processor.py:840} INFO - DAG(s) 'produce_json' retrieved from /opt/airflow/dags/main.py
[2026-02-16T03:09:53.368+0000] {logging_mixin.py:188} INFO - [2026-02-16T03:09:53.367+0000] {dag.py:3096} INFO - Sync 1 DAGs
[2026-02-16T03:09:53.401+0000] {logging_mixin.py:188} INFO - [2026-02-16T03:09:53.401+0000] {dag.py:3954} INFO - Setting next_dagrun for produce_json to 2026-02-15 14:00:00+00:00, run_after=2026-02-16 14:00:00+00:00
[2026-02-16T03:09:53.438+0000] {processor.py:183} INFO - Processing /opt/airflow/dags/main.py took 0.243 seconds
[2026-02-16T03:10:23.762+0000] {processor.py:161} INFO - Started process (PID=544) to work on /opt/airflow/dags/main.py
[2026-02-16T03:10:23.765+0000] {processor.py:830} INFO - Processing file /opt/airflow/dags/main.py for tasks to queue
[2026-02-16T03:10:23.768+0000] {logging_mixin.py:188} INFO - [2026-02-16T03:10:23.768+0000] {dagbag.py:545} INFO - Filling up the DagBag from /opt/airflow/dags/main.py
[2026-02-16T03:10:23.903+0000] {processor.py:840} INFO - DAG(s) 'produce_json' retrieved from /opt/airflow/dags/main.py
[2026-02-16T03:10:23.969+0000] {logging_mixin.py:188} INFO - [2026-02-16T03:10:23.969+0000] {dag.py:3096} INFO - Sync 1 DAGs
[2026-02-16T03:10:24.027+0000] {logging_mixin.py:188} INFO - [2026-02-16T03:10:24.026+0000] {dag.py:3954} INFO - Setting next_dagrun for produce_json to 2026-02-15 14:00:00+00:00, run_after=2026-02-16 14:00:00+00:00
[2026-02-16T03:10:24.095+0000] {processor.py:183} INFO - Processing /opt/airflow/dags/main.py took 0.341 seconds
[2026-02-16T03:10:54.518+0000] {processor.py:161} INFO - Started process (PID=551) to work on /opt/airflow/dags/main.py
[2026-02-16T03:10:54.521+0000] {processor.py:830} INFO - Processing file /opt/airflow/dags/main.py for tasks to queue
[2026-02-16T03:10:54.524+0000] {logging_mixin.py:188} INFO - [2026-02-16T03:10:54.524+0000] {dagbag.py:545} INFO - Filling up the DagBag from /opt/airflow/dags/main.py
[2026-02-16T03:10:54.650+0000] {processor.py:840} INFO - DAG(s) 'produce_json' retrieved from /opt/airflow/dags/main.py
[2026-02-16T03:10:54.696+0000] {logging_mixin.py:188} INFO - [2026-02-16T03:10:54.696+0000] {dag.py:3096} INFO - Sync 1 DAGs
[2026-02-16T03:10:54.733+0000] {logging_mixin.py:188} INFO - [2026-02-16T03:10:54.733+0000] {dag.py:3954} INFO - Setting next_dagrun for produce_json to 2026-02-15 14:00:00+00:00, run_after=2026-02-16 14:00:00+00:00
[2026-02-16T03:10:54.761+0000] {processor.py:183} INFO - Processing /opt/airflow/dags/main.py took 0.265 seconds
[2026-02-16T03:11:25.191+0000] {processor.py:161} INFO - Started process (PID=558) to work on /opt/airflow/dags/main.py
[2026-02-16T03:11:25.193+0000] {processor.py:830} INFO - Processing file /opt/airflow/dags/main.py for tasks to queue
[2026-02-16T03:11:25.197+0000] {logging_mixin.py:188} INFO - [2026-02-16T03:11:25.197+0000] {dagbag.py:545} INFO - Filling up the DagBag from /opt/airflow/dags/main.py
[2026-02-16T03:11:25.309+0000] {processor.py:840} INFO - DAG(s) 'produce_json' retrieved from /opt/airflow/dags/main.py
[2026-02-16T03:11:25.354+0000] {logging_mixin.py:188} INFO - [2026-02-16T03:11:25.354+0000] {dag.py:3096} INFO - Sync 1 DAGs
[2026-02-16T03:11:25.383+0000] {logging_mixin.py:188} INFO - [2026-02-16T03:11:25.382+0000] {dag.py:3954} INFO - Setting next_dagrun for produce_json to 2026-02-15 14:00:00+00:00, run_after=2026-02-16 14:00:00+00:00
[2026-02-16T03:11:25.421+0000] {processor.py:183} INFO - Processing /opt/airflow/dags/main.py took 0.243 seconds
[2026-02-16T03:11:55.548+0000] {processor.py:161} INFO - Started process (PID=565) to work on /opt/airflow/dags/main.py
[2026-02-16T03:11:55.551+0000] {processor.py:830} INFO - Processing file /opt/airflow/dags/main.py for tasks to queue
[2026-02-16T03:11:55.554+0000] {logging_mixin.py:188} INFO - [2026-02-16T03:11:55.554+0000] {dagbag.py:545} INFO - Filling up the DagBag from /opt/airflow/dags/main.py
[2026-02-16T03:11:55.638+0000] {processor.py:840} INFO - DAG(s) 'produce_json' retrieved from /opt/airflow/dags/main.py
[2026-02-16T03:11:55.686+0000] {logging_mixin.py:188} INFO - [2026-02-16T03:11:55.686+0000] {dag.py:3096} INFO - Sync 1 DAGs
[2026-02-16T03:11:55.718+0000] {logging_mixin.py:188} INFO - [2026-02-16T03:11:55.717+0000] {dag.py:3954} INFO - Setting next_dagrun for produce_json to 2026-02-15 14:00:00+00:00, run_after=2026-02-16 14:00:00+00:00
[2026-02-16T03:11:55.746+0000] {processor.py:183} INFO - Processing /opt/airflow/dags/main.py took 0.209 seconds
[2026-02-16T03:12:26.132+0000] {processor.py:161} INFO - Started process (PID=572) to work on /opt/airflow/dags/main.py
[2026-02-16T03:12:26.134+0000] {processor.py:830} INFO - Processing file /opt/airflow/dags/main.py for tasks to queue
[2026-02-16T03:12:26.139+0000] {logging_mixin.py:188} INFO - [2026-02-16T03:12:26.138+0000] {dagbag.py:545} INFO - Filling up the DagBag from /opt/airflow/dags/main.py
[2026-02-16T03:12:26.252+0000] {processor.py:840} INFO - DAG(s) 'produce_json' retrieved from /opt/airflow/dags/main.py
[2026-02-16T03:12:26.300+0000] {logging_mixin.py:188} INFO - [2026-02-16T03:12:26.299+0000] {dag.py:3096} INFO - Sync 1 DAGs
[2026-02-16T03:12:26.333+0000] {logging_mixin.py:188} INFO - [2026-02-16T03:12:26.332+0000] {dag.py:3954} INFO - Setting next_dagrun for produce_json to 2026-02-15 14:00:00+00:00, run_after=2026-02-16 14:00:00+00:00
[2026-02-16T03:12:26.360+0000] {processor.py:183} INFO - Processing /opt/airflow/dags/main.py took 0.245 seconds
[2026-02-16T03:12:56.487+0000] {processor.py:161} INFO - Started process (PID=579) to work on /opt/airflow/dags/main.py
[2026-02-16T03:12:56.489+0000] {processor.py:830} INFO - Processing file /opt/airflow/dags/main.py for tasks to queue
[2026-02-16T03:12:56.495+0000] {logging_mixin.py:188} INFO - [2026-02-16T03:12:56.494+0000] {dagbag.py:545} INFO - Filling up the DagBag from /opt/airflow/dags/main.py
[2026-02-16T03:12:56.666+0000] {processor.py:840} INFO - DAG(s) 'produce_json' retrieved from /opt/airflow/dags/main.py
[2026-02-16T03:12:56.714+0000] {logging_mixin.py:188} INFO - [2026-02-16T03:12:56.714+0000] {dag.py:3096} INFO - Sync 1 DAGs
[2026-02-16T03:12:56.745+0000] {logging_mixin.py:188} INFO - [2026-02-16T03:12:56.745+0000] {dag.py:3954} INFO - Setting next_dagrun for produce_json to 2026-02-15 14:00:00+00:00, run_after=2026-02-16 14:00:00+00:00
[2026-02-16T03:12:56.775+0000] {processor.py:183} INFO - Processing /opt/airflow/dags/main.py took 0.302 seconds
[2026-02-16T03:13:27.070+0000] {processor.py:161} INFO - Started process (PID=586) to work on /opt/airflow/dags/main.py
[2026-02-16T03:13:27.072+0000] {processor.py:830} INFO - Processing file /opt/airflow/dags/main.py for tasks to queue
[2026-02-16T03:13:27.075+0000] {logging_mixin.py:188} INFO - [2026-02-16T03:13:27.075+0000] {dagbag.py:545} INFO - Filling up the DagBag from /opt/airflow/dags/main.py
[2026-02-16T03:13:27.214+0000] {processor.py:840} INFO - DAG(s) 'produce_json' retrieved from /opt/airflow/dags/main.py
[2026-02-16T03:13:27.256+0000] {logging_mixin.py:188} INFO - [2026-02-16T03:13:27.256+0000] {dag.py:3096} INFO - Sync 1 DAGs
[2026-02-16T03:13:27.291+0000] {logging_mixin.py:188} INFO - [2026-02-16T03:13:27.290+0000] {dag.py:3954} INFO - Setting next_dagrun for produce_json to 2026-02-15 14:00:00+00:00, run_after=2026-02-16 14:00:00+00:00
[2026-02-16T03:13:27.326+0000] {processor.py:183} INFO - Processing /opt/airflow/dags/main.py took 0.265 seconds
[2026-02-16T03:13:57.467+0000] {processor.py:161} INFO - Started process (PID=593) to work on /opt/airflow/dags/main.py
[2026-02-16T03:13:57.470+0000] {processor.py:830} INFO - Processing file /opt/airflow/dags/main.py for tasks to queue
[2026-02-16T03:13:57.474+0000] {logging_mixin.py:188} INFO - [2026-02-16T03:13:57.474+0000] {dagbag.py:545} INFO - Filling up the DagBag from /opt/airflow/dags/main.py
[2026-02-16T03:13:57.620+0000] {processor.py:840} INFO - DAG(s) 'produce_json' retrieved from /opt/airflow/dags/main.py
[2026-02-16T03:13:57.708+0000] {logging_mixin.py:188} INFO - [2026-02-16T03:13:57.707+0000] {dag.py:3096} INFO - Sync 1 DAGs
[2026-02-16T03:13:57.764+0000] {logging_mixin.py:188} INFO - [2026-02-16T03:13:57.764+0000] {dag.py:3954} INFO - Setting next_dagrun for produce_json to 2026-02-15 14:00:00+00:00, run_after=2026-02-16 14:00:00+00:00
[2026-02-16T03:13:57.812+0000] {processor.py:183} INFO - Processing /opt/airflow/dags/main.py took 0.359 seconds
[2026-02-16T03:14:28.234+0000] {processor.py:161} INFO - Started process (PID=600) to work on /opt/airflow/dags/main.py
[2026-02-16T03:14:28.236+0000] {processor.py:830} INFO - Processing file /opt/airflow/dags/main.py for tasks to queue
[2026-02-16T03:14:28.240+0000] {logging_mixin.py:188} INFO - [2026-02-16T03:14:28.239+0000] {dagbag.py:545} INFO - Filling up the DagBag from /opt/airflow/dags/main.py
[2026-02-16T03:14:28.359+0000] {processor.py:840} INFO - DAG(s) 'produce_json' retrieved from /opt/airflow/dags/main.py
[2026-02-16T03:14:28.406+0000] {logging_mixin.py:188} INFO - [2026-02-16T03:14:28.406+0000] {dag.py:3096} INFO - Sync 1 DAGs
[2026-02-16T03:14:28.461+0000] {logging_mixin.py:188} INFO - [2026-02-16T03:14:28.461+0000] {dag.py:3954} INFO - Setting next_dagrun for produce_json to 2026-02-15 14:00:00+00:00, run_after=2026-02-16 14:00:00+00:00
[2026-02-16T03:14:28.519+0000] {processor.py:183} INFO - Processing /opt/airflow/dags/main.py took 0.298 seconds
[2026-02-16T03:14:58.873+0000] {processor.py:161} INFO - Started process (PID=607) to work on /opt/airflow/dags/main.py
[2026-02-16T03:14:58.874+0000] {processor.py:830} INFO - Processing file /opt/airflow/dags/main.py for tasks to queue
[2026-02-16T03:14:58.879+0000] {logging_mixin.py:188} INFO - [2026-02-16T03:14:58.878+0000] {dagbag.py:545} INFO - Filling up the DagBag from /opt/airflow/dags/main.py
[2026-02-16T03:14:58.988+0000] {processor.py:840} INFO - DAG(s) 'produce_json' retrieved from /opt/airflow/dags/main.py
[2026-02-16T03:14:59.037+0000] {logging_mixin.py:188} INFO - [2026-02-16T03:14:59.037+0000] {dag.py:3096} INFO - Sync 1 DAGs
[2026-02-16T03:14:59.075+0000] {logging_mixin.py:188} INFO - [2026-02-16T03:14:59.075+0000] {dag.py:3954} INFO - Setting next_dagrun for produce_json to 2026-02-15 14:00:00+00:00, run_after=2026-02-16 14:00:00+00:00
[2026-02-16T03:14:59.121+0000] {processor.py:183} INFO - Processing /opt/airflow/dags/main.py took 0.258 seconds
[2026-02-16T03:15:29.239+0000] {processor.py:161} INFO - Started process (PID=614) to work on /opt/airflow/dags/main.py
[2026-02-16T03:15:29.242+0000] {processor.py:830} INFO - Processing file /opt/airflow/dags/main.py for tasks to queue
[2026-02-16T03:15:29.247+0000] {logging_mixin.py:188} INFO - [2026-02-16T03:15:29.246+0000] {dagbag.py:545} INFO - Filling up the DagBag from /opt/airflow/dags/main.py
[2026-02-16T03:15:29.420+0000] {processor.py:840} INFO - DAG(s) 'produce_json' retrieved from /opt/airflow/dags/main.py
[2026-02-16T03:15:29.473+0000] {logging_mixin.py:188} INFO - [2026-02-16T03:15:29.473+0000] {dag.py:3096} INFO - Sync 1 DAGs
[2026-02-16T03:15:29.527+0000] {logging_mixin.py:188} INFO - [2026-02-16T03:15:29.527+0000] {dag.py:3954} INFO - Setting next_dagrun for produce_json to 2026-02-15 14:00:00+00:00, run_after=2026-02-16 14:00:00+00:00
[2026-02-16T03:15:29.563+0000] {processor.py:183} INFO - Processing /opt/airflow/dags/main.py took 0.337 seconds
[2026-02-16T03:15:59.813+0000] {processor.py:161} INFO - Started process (PID=621) to work on /opt/airflow/dags/main.py
[2026-02-16T03:15:59.816+0000] {processor.py:830} INFO - Processing file /opt/airflow/dags/main.py for tasks to queue
[2026-02-16T03:15:59.821+0000] {logging_mixin.py:188} INFO - [2026-02-16T03:15:59.820+0000] {dagbag.py:545} INFO - Filling up the DagBag from /opt/airflow/dags/main.py
[2026-02-16T03:15:59.911+0000] {processor.py:840} INFO - DAG(s) 'produce_json' retrieved from /opt/airflow/dags/main.py
[2026-02-16T03:15:59.953+0000] {logging_mixin.py:188} INFO - [2026-02-16T03:15:59.953+0000] {dag.py:3096} INFO - Sync 1 DAGs
[2026-02-16T03:15:59.996+0000] {logging_mixin.py:188} INFO - [2026-02-16T03:15:59.995+0000] {dag.py:3954} INFO - Setting next_dagrun for produce_json to 2026-02-15 14:00:00+00:00, run_after=2026-02-16 14:00:00+00:00
[2026-02-16T03:16:00.031+0000] {processor.py:183} INFO - Processing /opt/airflow/dags/main.py took 0.232 seconds
[2026-02-16T03:16:30.216+0000] {processor.py:161} INFO - Started process (PID=628) to work on /opt/airflow/dags/main.py
[2026-02-16T03:16:30.219+0000] {processor.py:830} INFO - Processing file /opt/airflow/dags/main.py for tasks to queue
[2026-02-16T03:16:30.224+0000] {logging_mixin.py:188} INFO - [2026-02-16T03:16:30.223+0000] {dagbag.py:545} INFO - Filling up the DagBag from /opt/airflow/dags/main.py
[2026-02-16T03:16:30.356+0000] {processor.py:840} INFO - DAG(s) 'produce_json' retrieved from /opt/airflow/dags/main.py
[2026-02-16T03:16:30.406+0000] {logging_mixin.py:188} INFO - [2026-02-16T03:16:30.406+0000] {dag.py:3096} INFO - Sync 1 DAGs
[2026-02-16T03:16:30.437+0000] {logging_mixin.py:188} INFO - [2026-02-16T03:16:30.437+0000] {dag.py:3954} INFO - Setting next_dagrun for produce_json to 2026-02-15 14:00:00+00:00, run_after=2026-02-16 14:00:00+00:00
[2026-02-16T03:16:30.473+0000] {processor.py:183} INFO - Processing /opt/airflow/dags/main.py took 0.270 seconds
[2026-02-16T03:17:00.746+0000] {processor.py:161} INFO - Started process (PID=635) to work on /opt/airflow/dags/main.py
[2026-02-16T03:17:00.749+0000] {processor.py:830} INFO - Processing file /opt/airflow/dags/main.py for tasks to queue
[2026-02-16T03:17:00.753+0000] {logging_mixin.py:188} INFO - [2026-02-16T03:17:00.752+0000] {dagbag.py:545} INFO - Filling up the DagBag from /opt/airflow/dags/main.py
[2026-02-16T03:17:00.908+0000] {processor.py:840} INFO - DAG(s) 'produce_json' retrieved from /opt/airflow/dags/main.py
[2026-02-16T03:17:00.946+0000] {logging_mixin.py:188} INFO - [2026-02-16T03:17:00.946+0000] {dag.py:3096} INFO - Sync 1 DAGs
[2026-02-16T03:17:00.986+0000] {logging_mixin.py:188} INFO - [2026-02-16T03:17:00.985+0000] {dag.py:3954} INFO - Setting next_dagrun for produce_json to 2026-02-15 14:00:00+00:00, run_after=2026-02-16 14:00:00+00:00
[2026-02-16T03:17:01.041+0000] {processor.py:183} INFO - Processing /opt/airflow/dags/main.py took 0.309 seconds
[2026-02-16T03:17:31.206+0000] {processor.py:161} INFO - Started process (PID=642) to work on /opt/airflow/dags/main.py
[2026-02-16T03:17:31.210+0000] {processor.py:830} INFO - Processing file /opt/airflow/dags/main.py for tasks to queue
[2026-02-16T03:17:31.216+0000] {logging_mixin.py:188} INFO - [2026-02-16T03:17:31.214+0000] {dagbag.py:545} INFO - Filling up the DagBag from /opt/airflow/dags/main.py
[2026-02-16T03:17:31.343+0000] {processor.py:840} INFO - DAG(s) 'produce_json' retrieved from /opt/airflow/dags/main.py
[2026-02-16T03:17:31.386+0000] {logging_mixin.py:188} INFO - [2026-02-16T03:17:31.385+0000] {dag.py:3096} INFO - Sync 1 DAGs
[2026-02-16T03:17:31.417+0000] {logging_mixin.py:188} INFO - [2026-02-16T03:17:31.416+0000] {dag.py:3954} INFO - Setting next_dagrun for produce_json to 2026-02-15 14:00:00+00:00, run_after=2026-02-16 14:00:00+00:00
[2026-02-16T03:17:31.451+0000] {processor.py:183} INFO - Processing /opt/airflow/dags/main.py took 0.258 seconds
[2026-02-16T03:18:01.711+0000] {processor.py:161} INFO - Started process (PID=649) to work on /opt/airflow/dags/main.py
[2026-02-16T03:18:01.714+0000] {processor.py:830} INFO - Processing file /opt/airflow/dags/main.py for tasks to queue
[2026-02-16T03:18:01.717+0000] {logging_mixin.py:188} INFO - [2026-02-16T03:18:01.717+0000] {dagbag.py:545} INFO - Filling up the DagBag from /opt/airflow/dags/main.py
[2026-02-16T03:18:01.822+0000] {processor.py:840} INFO - DAG(s) 'produce_json' retrieved from /opt/airflow/dags/main.py
[2026-02-16T03:18:01.863+0000] {logging_mixin.py:188} INFO - [2026-02-16T03:18:01.862+0000] {dag.py:3096} INFO - Sync 1 DAGs
[2026-02-16T03:18:01.901+0000] {logging_mixin.py:188} INFO - [2026-02-16T03:18:01.901+0000] {dag.py:3954} INFO - Setting next_dagrun for produce_json to 2026-02-15 14:00:00+00:00, run_after=2026-02-16 14:00:00+00:00
[2026-02-16T03:18:01.946+0000] {processor.py:183} INFO - Processing /opt/airflow/dags/main.py took 0.244 seconds
[2026-02-16T03:18:32.110+0000] {processor.py:161} INFO - Started process (PID=656) to work on /opt/airflow/dags/main.py
[2026-02-16T03:18:32.112+0000] {processor.py:830} INFO - Processing file /opt/airflow/dags/main.py for tasks to queue
[2026-02-16T03:18:32.115+0000] {logging_mixin.py:188} INFO - [2026-02-16T03:18:32.115+0000] {dagbag.py:545} INFO - Filling up the DagBag from /opt/airflow/dags/main.py
[2026-02-16T03:18:32.227+0000] {processor.py:840} INFO - DAG(s) 'produce_json' retrieved from /opt/airflow/dags/main.py
[2026-02-16T03:18:32.282+0000] {logging_mixin.py:188} INFO - [2026-02-16T03:18:32.282+0000] {dag.py:3096} INFO - Sync 1 DAGs
[2026-02-16T03:18:32.317+0000] {logging_mixin.py:188} INFO - [2026-02-16T03:18:32.317+0000] {dag.py:3954} INFO - Setting next_dagrun for produce_json to 2026-02-15 14:00:00+00:00, run_after=2026-02-16 14:00:00+00:00
[2026-02-16T03:18:32.347+0000] {processor.py:183} INFO - Processing /opt/airflow/dags/main.py took 0.245 seconds
[2026-02-16T03:19:02.645+0000] {processor.py:161} INFO - Started process (PID=663) to work on /opt/airflow/dags/main.py
[2026-02-16T03:19:02.647+0000] {processor.py:830} INFO - Processing file /opt/airflow/dags/main.py for tasks to queue
[2026-02-16T03:19:02.653+0000] {logging_mixin.py:188} INFO - [2026-02-16T03:19:02.652+0000] {dagbag.py:545} INFO - Filling up the DagBag from /opt/airflow/dags/main.py
[2026-02-16T03:19:02.759+0000] {processor.py:840} INFO - DAG(s) 'produce_json' retrieved from /opt/airflow/dags/main.py
[2026-02-16T03:19:02.804+0000] {logging_mixin.py:188} INFO - [2026-02-16T03:19:02.804+0000] {dag.py:3096} INFO - Sync 1 DAGs
[2026-02-16T03:19:02.851+0000] {logging_mixin.py:188} INFO - [2026-02-16T03:19:02.851+0000] {dag.py:3954} INFO - Setting next_dagrun for produce_json to 2026-02-15 14:00:00+00:00, run_after=2026-02-16 14:00:00+00:00
[2026-02-16T03:19:02.913+0000] {processor.py:183} INFO - Processing /opt/airflow/dags/main.py took 0.284 seconds
[2026-02-16T03:19:33.470+0000] {processor.py:161} INFO - Started process (PID=670) to work on /opt/airflow/dags/main.py
[2026-02-16T03:19:33.472+0000] {processor.py:830} INFO - Processing file /opt/airflow/dags/main.py for tasks to queue
[2026-02-16T03:19:33.476+0000] {logging_mixin.py:188} INFO - [2026-02-16T03:19:33.475+0000] {dagbag.py:545} INFO - Filling up the DagBag from /opt/airflow/dags/main.py
[2026-02-16T03:19:33.607+0000] {processor.py:840} INFO - DAG(s) 'produce_json' retrieved from /opt/airflow/dags/main.py
[2026-02-16T03:19:33.656+0000] {logging_mixin.py:188} INFO - [2026-02-16T03:19:33.655+0000] {dag.py:3096} INFO - Sync 1 DAGs
[2026-02-16T03:19:33.697+0000] {logging_mixin.py:188} INFO - [2026-02-16T03:19:33.697+0000] {dag.py:3954} INFO - Setting next_dagrun for produce_json to 2026-02-15 14:00:00+00:00, run_after=2026-02-16 14:00:00+00:00
[2026-02-16T03:19:33.756+0000] {processor.py:183} INFO - Processing /opt/airflow/dags/main.py took 0.294 seconds
[2026-02-16T03:20:04.147+0000] {processor.py:161} INFO - Started process (PID=677) to work on /opt/airflow/dags/main.py
[2026-02-16T03:20:04.149+0000] {processor.py:830} INFO - Processing file /opt/airflow/dags/main.py for tasks to queue
[2026-02-16T03:20:04.153+0000] {logging_mixin.py:188} INFO - [2026-02-16T03:20:04.152+0000] {dagbag.py:545} INFO - Filling up the DagBag from /opt/airflow/dags/main.py
[2026-02-16T03:20:04.227+0000] {processor.py:840} INFO - DAG(s) 'produce_json' retrieved from /opt/airflow/dags/main.py
[2026-02-16T03:20:04.266+0000] {logging_mixin.py:188} INFO - [2026-02-16T03:20:04.266+0000] {dag.py:3096} INFO - Sync 1 DAGs
[2026-02-16T03:20:04.295+0000] {logging_mixin.py:188} INFO - [2026-02-16T03:20:04.295+0000] {dag.py:3954} INFO - Setting next_dagrun for produce_json to 2026-02-15 14:00:00+00:00, run_after=2026-02-16 14:00:00+00:00
[2026-02-16T03:20:04.324+0000] {processor.py:183} INFO - Processing /opt/airflow/dags/main.py took 0.184 seconds
[2026-02-16T03:20:34.396+0000] {processor.py:161} INFO - Started process (PID=685) to work on /opt/airflow/dags/main.py
[2026-02-16T03:20:34.397+0000] {processor.py:830} INFO - Processing file /opt/airflow/dags/main.py for tasks to queue
[2026-02-16T03:20:34.399+0000] {logging_mixin.py:188} INFO - [2026-02-16T03:20:34.399+0000] {dagbag.py:545} INFO - Filling up the DagBag from /opt/airflow/dags/main.py
[2026-02-16T03:20:34.454+0000] {processor.py:840} INFO - DAG(s) 'produce_json' retrieved from /opt/airflow/dags/main.py
[2026-02-16T03:20:34.487+0000] {logging_mixin.py:188} INFO - [2026-02-16T03:20:34.487+0000] {dag.py:3096} INFO - Sync 1 DAGs
[2026-02-16T03:20:34.509+0000] {logging_mixin.py:188} INFO - [2026-02-16T03:20:34.509+0000] {dag.py:3954} INFO - Setting next_dagrun for produce_json to 2026-02-15 14:00:00+00:00, run_after=2026-02-16 14:00:00+00:00
[2026-02-16T03:20:34.534+0000] {processor.py:183} INFO - Processing /opt/airflow/dags/main.py took 0.145 seconds
[2026-02-16T03:21:04.650+0000] {processor.py:161} INFO - Started process (PID=692) to work on /opt/airflow/dags/main.py
[2026-02-16T03:21:04.651+0000] {processor.py:830} INFO - Processing file /opt/airflow/dags/main.py for tasks to queue
[2026-02-16T03:21:04.654+0000] {logging_mixin.py:188} INFO - [2026-02-16T03:21:04.653+0000] {dagbag.py:545} INFO - Filling up the DagBag from /opt/airflow/dags/main.py
[2026-02-16T03:21:04.700+0000] {processor.py:840} INFO - DAG(s) 'produce_json' retrieved from /opt/airflow/dags/main.py
[2026-02-16T03:21:04.728+0000] {logging_mixin.py:188} INFO - [2026-02-16T03:21:04.728+0000] {dag.py:3096} INFO - Sync 1 DAGs
[2026-02-16T03:21:04.750+0000] {logging_mixin.py:188} INFO - [2026-02-16T03:21:04.750+0000] {dag.py:3954} INFO - Setting next_dagrun for produce_json to 2026-02-15 14:00:00+00:00, run_after=2026-02-16 14:00:00+00:00
[2026-02-16T03:21:04.771+0000] {processor.py:183} INFO - Processing /opt/airflow/dags/main.py took 0.127 seconds
[2026-02-16T03:21:35.013+0000] {processor.py:161} INFO - Started process (PID=699) to work on /opt/airflow/dags/main.py
[2026-02-16T03:21:35.015+0000] {processor.py:830} INFO - Processing file /opt/airflow/dags/main.py for tasks to queue
[2026-02-16T03:21:35.017+0000] {logging_mixin.py:188} INFO - [2026-02-16T03:21:35.017+0000] {dagbag.py:545} INFO - Filling up the DagBag from /opt/airflow/dags/main.py
[2026-02-16T03:21:35.072+0000] {processor.py:840} INFO - DAG(s) 'produce_json' retrieved from /opt/airflow/dags/main.py
[2026-02-16T03:21:35.100+0000] {logging_mixin.py:188} INFO - [2026-02-16T03:21:35.100+0000] {dag.py:3096} INFO - Sync 1 DAGs
[2026-02-16T03:21:35.119+0000] {logging_mixin.py:188} INFO - [2026-02-16T03:21:35.119+0000] {dag.py:3954} INFO - Setting next_dagrun for produce_json to 2026-02-15 14:00:00+00:00, run_after=2026-02-16 14:00:00+00:00
[2026-02-16T03:21:35.138+0000] {processor.py:183} INFO - Processing /opt/airflow/dags/main.py took 0.131 seconds
[2026-02-16T03:22:05.256+0000] {processor.py:161} INFO - Started process (PID=706) to work on /opt/airflow/dags/main.py
[2026-02-16T03:22:05.257+0000] {processor.py:830} INFO - Processing file /opt/airflow/dags/main.py for tasks to queue
[2026-02-16T03:22:05.259+0000] {logging_mixin.py:188} INFO - [2026-02-16T03:22:05.259+0000] {dagbag.py:545} INFO - Filling up the DagBag from /opt/airflow/dags/main.py
[2026-02-16T03:22:05.318+0000] {processor.py:840} INFO - DAG(s) 'produce_json' retrieved from /opt/airflow/dags/main.py
[2026-02-16T03:22:05.346+0000] {logging_mixin.py:188} INFO - [2026-02-16T03:22:05.346+0000] {dag.py:3096} INFO - Sync 1 DAGs
[2026-02-16T03:22:05.366+0000] {logging_mixin.py:188} INFO - [2026-02-16T03:22:05.365+0000] {dag.py:3954} INFO - Setting next_dagrun for produce_json to 2026-02-15 14:00:00+00:00, run_after=2026-02-16 14:00:00+00:00
[2026-02-16T03:22:05.385+0000] {processor.py:183} INFO - Processing /opt/airflow/dags/main.py took 0.134 seconds
[2026-02-16T03:22:35.578+0000] {processor.py:161} INFO - Started process (PID=713) to work on /opt/airflow/dags/main.py
[2026-02-16T03:22:35.579+0000] {processor.py:830} INFO - Processing file /opt/airflow/dags/main.py for tasks to queue
[2026-02-16T03:22:35.582+0000] {logging_mixin.py:188} INFO - [2026-02-16T03:22:35.581+0000] {dagbag.py:545} INFO - Filling up the DagBag from /opt/airflow/dags/main.py
[2026-02-16T03:22:35.628+0000] {processor.py:840} INFO - DAG(s) 'produce_json' retrieved from /opt/airflow/dags/main.py
[2026-02-16T03:22:35.658+0000] {logging_mixin.py:188} INFO - [2026-02-16T03:22:35.657+0000] {dag.py:3096} INFO - Sync 1 DAGs
[2026-02-16T03:22:35.680+0000] {logging_mixin.py:188} INFO - [2026-02-16T03:22:35.679+0000] {dag.py:3954} INFO - Setting next_dagrun for produce_json to 2026-02-15 14:00:00+00:00, run_after=2026-02-16 14:00:00+00:00
[2026-02-16T03:22:35.700+0000] {processor.py:183} INFO - Processing /opt/airflow/dags/main.py took 0.127 seconds
[2026-02-16T03:23:05.873+0000] {processor.py:161} INFO - Started process (PID=720) to work on /opt/airflow/dags/main.py
[2026-02-16T03:23:05.874+0000] {processor.py:830} INFO - Processing file /opt/airflow/dags/main.py for tasks to queue
[2026-02-16T03:23:05.877+0000] {logging_mixin.py:188} INFO - [2026-02-16T03:23:05.877+0000] {dagbag.py:545} INFO - Filling up the DagBag from /opt/airflow/dags/main.py
[2026-02-16T03:23:05.932+0000] {processor.py:840} INFO - DAG(s) 'produce_json' retrieved from /opt/airflow/dags/main.py
[2026-02-16T03:23:05.961+0000] {logging_mixin.py:188} INFO - [2026-02-16T03:23:05.961+0000] {dag.py:3096} INFO - Sync 1 DAGs
[2026-02-16T03:23:05.983+0000] {logging_mixin.py:188} INFO - [2026-02-16T03:23:05.982+0000] {dag.py:3954} INFO - Setting next_dagrun for produce_json to 2026-02-15 14:00:00+00:00, run_after=2026-02-16 14:00:00+00:00
[2026-02-16T03:23:06.003+0000] {processor.py:183} INFO - Processing /opt/airflow/dags/main.py took 0.136 seconds
[2026-02-16T03:23:36.191+0000] {processor.py:161} INFO - Started process (PID=727) to work on /opt/airflow/dags/main.py
[2026-02-16T03:23:36.192+0000] {processor.py:830} INFO - Processing file /opt/airflow/dags/main.py for tasks to queue
[2026-02-16T03:23:36.195+0000] {logging_mixin.py:188} INFO - [2026-02-16T03:23:36.194+0000] {dagbag.py:545} INFO - Filling up the DagBag from /opt/airflow/dags/main.py
[2026-02-16T03:23:36.252+0000] {processor.py:840} INFO - DAG(s) 'produce_json' retrieved from /opt/airflow/dags/main.py
[2026-02-16T03:23:36.281+0000] {logging_mixin.py:188} INFO - [2026-02-16T03:23:36.281+0000] {dag.py:3096} INFO - Sync 1 DAGs
[2026-02-16T03:23:36.302+0000] {logging_mixin.py:188} INFO - [2026-02-16T03:23:36.301+0000] {dag.py:3954} INFO - Setting next_dagrun for produce_json to 2026-02-15 14:00:00+00:00, run_after=2026-02-16 14:00:00+00:00
[2026-02-16T03:23:36.324+0000] {processor.py:183} INFO - Processing /opt/airflow/dags/main.py took 0.138 seconds
[2026-02-16T03:24:06.475+0000] {processor.py:161} INFO - Started process (PID=734) to work on /opt/airflow/dags/main.py
[2026-02-16T03:24:06.476+0000] {processor.py:830} INFO - Processing file /opt/airflow/dags/main.py for tasks to queue
[2026-02-16T03:24:06.478+0000] {logging_mixin.py:188} INFO - [2026-02-16T03:24:06.477+0000] {dagbag.py:545} INFO - Filling up the DagBag from /opt/airflow/dags/main.py
[2026-02-16T03:24:06.525+0000] {processor.py:840} INFO - DAG(s) 'produce_json' retrieved from /opt/airflow/dags/main.py
[2026-02-16T03:24:06.556+0000] {logging_mixin.py:188} INFO - [2026-02-16T03:24:06.556+0000] {dag.py:3096} INFO - Sync 1 DAGs
[2026-02-16T03:24:06.578+0000] {logging_mixin.py:188} INFO - [2026-02-16T03:24:06.578+0000] {dag.py:3954} INFO - Setting next_dagrun for produce_json to 2026-02-15 14:00:00+00:00, run_after=2026-02-16 14:00:00+00:00
[2026-02-16T03:24:06.600+0000] {processor.py:183} INFO - Processing /opt/airflow/dags/main.py took 0.131 seconds
[2026-02-16T03:24:36.921+0000] {processor.py:161} INFO - Started process (PID=741) to work on /opt/airflow/dags/main.py
[2026-02-16T03:24:36.923+0000] {processor.py:830} INFO - Processing file /opt/airflow/dags/main.py for tasks to queue
[2026-02-16T03:24:36.925+0000] {logging_mixin.py:188} INFO - [2026-02-16T03:24:36.925+0000] {dagbag.py:545} INFO - Filling up the DagBag from /opt/airflow/dags/main.py
[2026-02-16T03:24:36.975+0000] {processor.py:840} INFO - DAG(s) 'produce_json' retrieved from /opt/airflow/dags/main.py
[2026-02-16T03:24:37.003+0000] {logging_mixin.py:188} INFO - [2026-02-16T03:24:37.003+0000] {dag.py:3096} INFO - Sync 1 DAGs
[2026-02-16T03:24:37.022+0000] {logging_mixin.py:188} INFO - [2026-02-16T03:24:37.022+0000] {dag.py:3954} INFO - Setting next_dagrun for produce_json to 2026-02-15 14:00:00+00:00, run_after=2026-02-16 14:00:00+00:00
[2026-02-16T03:24:37.046+0000] {processor.py:183} INFO - Processing /opt/airflow/dags/main.py took 0.129 seconds
[2026-02-16T03:25:07.171+0000] {processor.py:161} INFO - Started process (PID=754) to work on /opt/airflow/dags/main.py
[2026-02-16T03:25:07.173+0000] {processor.py:830} INFO - Processing file /opt/airflow/dags/main.py for tasks to queue
[2026-02-16T03:25:07.175+0000] {logging_mixin.py:188} INFO - [2026-02-16T03:25:07.175+0000] {dagbag.py:545} INFO - Filling up the DagBag from /opt/airflow/dags/main.py
[2026-02-16T03:25:07.228+0000] {processor.py:840} INFO - DAG(s) 'produce_json' retrieved from /opt/airflow/dags/main.py
[2026-02-16T03:25:07.258+0000] {logging_mixin.py:188} INFO - [2026-02-16T03:25:07.258+0000] {dag.py:3096} INFO - Sync 1 DAGs
[2026-02-16T03:25:07.281+0000] {logging_mixin.py:188} INFO - [2026-02-16T03:25:07.281+0000] {dag.py:3954} INFO - Setting next_dagrun for produce_json to 2026-02-15 14:00:00+00:00, run_after=2026-02-16 14:00:00+00:00
[2026-02-16T03:25:07.303+0000] {processor.py:183} INFO - Processing /opt/airflow/dags/main.py took 0.137 seconds
[2026-02-16T03:25:37.549+0000] {processor.py:161} INFO - Started process (PID=761) to work on /opt/airflow/dags/main.py
[2026-02-16T03:25:37.551+0000] {processor.py:830} INFO - Processing file /opt/airflow/dags/main.py for tasks to queue
[2026-02-16T03:25:37.553+0000] {logging_mixin.py:188} INFO - [2026-02-16T03:25:37.552+0000] {dagbag.py:545} INFO - Filling up the DagBag from /opt/airflow/dags/main.py
[2026-02-16T03:25:37.598+0000] {processor.py:840} INFO - DAG(s) 'produce_json' retrieved from /opt/airflow/dags/main.py
[2026-02-16T03:25:37.626+0000] {logging_mixin.py:188} INFO - [2026-02-16T03:25:37.625+0000] {dag.py:3096} INFO - Sync 1 DAGs
[2026-02-16T03:25:37.651+0000] {logging_mixin.py:188} INFO - [2026-02-16T03:25:37.651+0000] {dag.py:3954} INFO - Setting next_dagrun for produce_json to 2026-02-15 14:00:00+00:00, run_after=2026-02-16 14:00:00+00:00
[2026-02-16T03:25:37.681+0000] {processor.py:183} INFO - Processing /opt/airflow/dags/main.py took 0.137 seconds
[2026-02-16T03:26:07.791+0000] {processor.py:161} INFO - Started process (PID=768) to work on /opt/airflow/dags/main.py
[2026-02-16T03:26:07.792+0000] {processor.py:830} INFO - Processing file /opt/airflow/dags/main.py for tasks to queue
[2026-02-16T03:26:07.794+0000] {logging_mixin.py:188} INFO - [2026-02-16T03:26:07.794+0000] {dagbag.py:545} INFO - Filling up the DagBag from /opt/airflow/dags/main.py
[2026-02-16T03:26:07.853+0000] {processor.py:840} INFO - DAG(s) 'produce_json' retrieved from /opt/airflow/dags/main.py
[2026-02-16T03:26:07.884+0000] {logging_mixin.py:188} INFO - [2026-02-16T03:26:07.884+0000] {dag.py:3096} INFO - Sync 1 DAGs
[2026-02-16T03:26:07.904+0000] {logging_mixin.py:188} INFO - [2026-02-16T03:26:07.904+0000] {dag.py:3954} INFO - Setting next_dagrun for produce_json to 2026-02-15 14:00:00+00:00, run_after=2026-02-16 14:00:00+00:00
[2026-02-16T03:26:07.925+0000] {processor.py:183} INFO - Processing /opt/airflow/dags/main.py took 0.140 seconds
[2026-02-16T03:26:38.219+0000] {processor.py:161} INFO - Started process (PID=775) to work on /opt/airflow/dags/main.py
[2026-02-16T03:26:38.220+0000] {processor.py:830} INFO - Processing file /opt/airflow/dags/main.py for tasks to queue
[2026-02-16T03:26:38.222+0000] {logging_mixin.py:188} INFO - [2026-02-16T03:26:38.222+0000] {dagbag.py:545} INFO - Filling up the DagBag from /opt/airflow/dags/main.py
[2026-02-16T03:26:38.268+0000] {processor.py:840} INFO - DAG(s) 'produce_json' retrieved from /opt/airflow/dags/main.py
[2026-02-16T03:26:38.296+0000] {logging_mixin.py:188} INFO - [2026-02-16T03:26:38.296+0000] {dag.py:3096} INFO - Sync 1 DAGs
[2026-02-16T03:26:38.315+0000] {logging_mixin.py:188} INFO - [2026-02-16T03:26:38.315+0000] {dag.py:3954} INFO - Setting next_dagrun for produce_json to 2026-02-15 14:00:00+00:00, run_after=2026-02-16 14:00:00+00:00
[2026-02-16T03:26:38.337+0000] {processor.py:183} INFO - Processing /opt/airflow/dags/main.py took 0.124 seconds
[2026-02-16T03:27:08.480+0000] {processor.py:161} INFO - Started process (PID=782) to work on /opt/airflow/dags/main.py
[2026-02-16T03:27:08.481+0000] {processor.py:830} INFO - Processing file /opt/airflow/dags/main.py for tasks to queue
[2026-02-16T03:27:08.483+0000] {logging_mixin.py:188} INFO - [2026-02-16T03:27:08.483+0000] {dagbag.py:545} INFO - Filling up the DagBag from /opt/airflow/dags/main.py
[2026-02-16T03:27:08.534+0000] {processor.py:840} INFO - DAG(s) 'produce_json' retrieved from /opt/airflow/dags/main.py
[2026-02-16T03:27:08.563+0000] {logging_mixin.py:188} INFO - [2026-02-16T03:27:08.562+0000] {dag.py:3096} INFO - Sync 1 DAGs
[2026-02-16T03:27:08.584+0000] {logging_mixin.py:188} INFO - [2026-02-16T03:27:08.584+0000] {dag.py:3954} INFO - Setting next_dagrun for produce_json to 2026-02-15 14:00:00+00:00, run_after=2026-02-16 14:00:00+00:00
[2026-02-16T03:27:08.603+0000] {processor.py:183} INFO - Processing /opt/airflow/dags/main.py took 0.129 seconds
[2026-02-16T03:27:38.852+0000] {processor.py:161} INFO - Started process (PID=789) to work on /opt/airflow/dags/main.py
[2026-02-16T03:27:38.853+0000] {processor.py:830} INFO - Processing file /opt/airflow/dags/main.py for tasks to queue
[2026-02-16T03:27:38.855+0000] {logging_mixin.py:188} INFO - [2026-02-16T03:27:38.854+0000] {dagbag.py:545} INFO - Filling up the DagBag from /opt/airflow/dags/main.py
[2026-02-16T03:27:38.898+0000] {processor.py:840} INFO - DAG(s) 'produce_json' retrieved from /opt/airflow/dags/main.py
[2026-02-16T03:27:38.925+0000] {logging_mixin.py:188} INFO - [2026-02-16T03:27:38.925+0000] {dag.py:3096} INFO - Sync 1 DAGs
[2026-02-16T03:27:38.944+0000] {logging_mixin.py:188} INFO - [2026-02-16T03:27:38.944+0000] {dag.py:3954} INFO - Setting next_dagrun for produce_json to 2026-02-15 14:00:00+00:00, run_after=2026-02-16 14:00:00+00:00
[2026-02-16T03:27:38.974+0000] {processor.py:183} INFO - Processing /opt/airflow/dags/main.py took 0.128 seconds
[2026-02-16T03:28:09.128+0000] {processor.py:161} INFO - Started process (PID=796) to work on /opt/airflow/dags/main.py
[2026-02-16T03:28:09.130+0000] {processor.py:830} INFO - Processing file /opt/airflow/dags/main.py for tasks to queue
[2026-02-16T03:28:09.132+0000] {logging_mixin.py:188} INFO - [2026-02-16T03:28:09.132+0000] {dagbag.py:545} INFO - Filling up the DagBag from /opt/airflow/dags/main.py
[2026-02-16T03:28:09.189+0000] {processor.py:840} INFO - DAG(s) 'produce_json' retrieved from /opt/airflow/dags/main.py
[2026-02-16T03:28:09.223+0000] {logging_mixin.py:188} INFO - [2026-02-16T03:28:09.222+0000] {dag.py:3096} INFO - Sync 1 DAGs
[2026-02-16T03:28:09.247+0000] {logging_mixin.py:188} INFO - [2026-02-16T03:28:09.247+0000] {dag.py:3954} INFO - Setting next_dagrun for produce_json to 2026-02-15 14:00:00+00:00, run_after=2026-02-16 14:00:00+00:00
[2026-02-16T03:28:09.273+0000] {processor.py:183} INFO - Processing /opt/airflow/dags/main.py took 0.152 seconds
[2026-02-16T03:28:39.527+0000] {processor.py:161} INFO - Started process (PID=803) to work on /opt/airflow/dags/main.py
[2026-02-16T03:28:39.528+0000] {processor.py:830} INFO - Processing file /opt/airflow/dags/main.py for tasks to queue
[2026-02-16T03:28:39.530+0000] {logging_mixin.py:188} INFO - [2026-02-16T03:28:39.530+0000] {dagbag.py:545} INFO - Filling up the DagBag from /opt/airflow/dags/main.py
[2026-02-16T03:28:39.577+0000] {processor.py:840} INFO - DAG(s) 'produce_json' retrieved from /opt/airflow/dags/main.py
[2026-02-16T03:28:39.603+0000] {logging_mixin.py:188} INFO - [2026-02-16T03:28:39.603+0000] {dag.py:3096} INFO - Sync 1 DAGs
[2026-02-16T03:28:39.631+0000] {logging_mixin.py:188} INFO - [2026-02-16T03:28:39.630+0000] {dag.py:3954} INFO - Setting next_dagrun for produce_json to 2026-02-15 14:00:00+00:00, run_after=2026-02-16 14:00:00+00:00
[2026-02-16T03:28:39.656+0000] {processor.py:183} INFO - Processing /opt/airflow/dags/main.py took 0.135 seconds
[2026-02-16T03:29:09.786+0000] {processor.py:161} INFO - Started process (PID=811) to work on /opt/airflow/dags/main.py
[2026-02-16T03:29:09.788+0000] {processor.py:830} INFO - Processing file /opt/airflow/dags/main.py for tasks to queue
[2026-02-16T03:29:09.790+0000] {logging_mixin.py:188} INFO - [2026-02-16T03:29:09.790+0000] {dagbag.py:545} INFO - Filling up the DagBag from /opt/airflow/dags/main.py
[2026-02-16T03:29:09.850+0000] {processor.py:840} INFO - DAG(s) 'produce_json' retrieved from /opt/airflow/dags/main.py
[2026-02-16T03:29:09.883+0000] {logging_mixin.py:188} INFO - [2026-02-16T03:29:09.883+0000] {dag.py:3096} INFO - Sync 1 DAGs
[2026-02-16T03:29:09.903+0000] {logging_mixin.py:188} INFO - [2026-02-16T03:29:09.903+0000] {dag.py:3954} INFO - Setting next_dagrun for produce_json to 2026-02-15 14:00:00+00:00, run_after=2026-02-16 14:00:00+00:00
[2026-02-16T03:29:09.934+0000] {processor.py:183} INFO - Processing /opt/airflow/dags/main.py took 0.155 seconds
[2026-02-16T03:29:40.255+0000] {processor.py:161} INFO - Started process (PID=819) to work on /opt/airflow/dags/main.py
[2026-02-16T03:29:40.256+0000] {processor.py:830} INFO - Processing file /opt/airflow/dags/main.py for tasks to queue
[2026-02-16T03:29:40.258+0000] {logging_mixin.py:188} INFO - [2026-02-16T03:29:40.258+0000] {dagbag.py:545} INFO - Filling up the DagBag from /opt/airflow/dags/main.py
[2026-02-16T03:29:40.303+0000] {processor.py:840} INFO - DAG(s) 'produce_json' retrieved from /opt/airflow/dags/main.py
[2026-02-16T03:29:40.330+0000] {logging_mixin.py:188} INFO - [2026-02-16T03:29:40.330+0000] {dag.py:3096} INFO - Sync 1 DAGs
[2026-02-16T03:29:40.350+0000] {logging_mixin.py:188} INFO - [2026-02-16T03:29:40.350+0000] {dag.py:3954} INFO - Setting next_dagrun for produce_json to 2026-02-15 14:00:00+00:00, run_after=2026-02-16 14:00:00+00:00
[2026-02-16T03:29:40.371+0000] {processor.py:183} INFO - Processing /opt/airflow/dags/main.py took 0.121 seconds
[2026-02-16T03:30:10.509+0000] {processor.py:161} INFO - Started process (PID=826) to work on /opt/airflow/dags/main.py
[2026-02-16T03:30:10.510+0000] {processor.py:830} INFO - Processing file /opt/airflow/dags/main.py for tasks to queue
[2026-02-16T03:30:10.512+0000] {logging_mixin.py:188} INFO - [2026-02-16T03:30:10.512+0000] {dagbag.py:545} INFO - Filling up the DagBag from /opt/airflow/dags/main.py
[2026-02-16T03:30:10.557+0000] {processor.py:840} INFO - DAG(s) 'produce_json' retrieved from /opt/airflow/dags/main.py
[2026-02-16T03:30:10.585+0000] {logging_mixin.py:188} INFO - [2026-02-16T03:30:10.585+0000] {dag.py:3096} INFO - Sync 1 DAGs
[2026-02-16T03:30:10.606+0000] {logging_mixin.py:188} INFO - [2026-02-16T03:30:10.606+0000] {dag.py:3954} INFO - Setting next_dagrun for produce_json to 2026-02-15 14:00:00+00:00, run_after=2026-02-16 14:00:00+00:00
[2026-02-16T03:30:10.638+0000] {processor.py:183} INFO - Processing /opt/airflow/dags/main.py took 0.135 seconds
[2026-02-16T03:30:40.887+0000] {processor.py:161} INFO - Started process (PID=833) to work on /opt/airflow/dags/main.py
[2026-02-16T03:30:40.889+0000] {processor.py:830} INFO - Processing file /opt/airflow/dags/main.py for tasks to queue
[2026-02-16T03:30:40.891+0000] {logging_mixin.py:188} INFO - [2026-02-16T03:30:40.890+0000] {dagbag.py:545} INFO - Filling up the DagBag from /opt/airflow/dags/main.py
[2026-02-16T03:30:40.943+0000] {processor.py:840} INFO - DAG(s) 'produce_json' retrieved from /opt/airflow/dags/main.py
[2026-02-16T03:30:40.973+0000] {logging_mixin.py:188} INFO - [2026-02-16T03:30:40.972+0000] {dag.py:3096} INFO - Sync 1 DAGs
[2026-02-16T03:30:40.994+0000] {logging_mixin.py:188} INFO - [2026-02-16T03:30:40.994+0000] {dag.py:3954} INFO - Setting next_dagrun for produce_json to 2026-02-15 14:00:00+00:00, run_after=2026-02-16 14:00:00+00:00
[2026-02-16T03:30:41.014+0000] {processor.py:183} INFO - Processing /opt/airflow/dags/main.py took 0.132 seconds
[2026-02-16T03:31:11.137+0000] {processor.py:161} INFO - Started process (PID=840) to work on /opt/airflow/dags/main.py
[2026-02-16T03:31:11.138+0000] {processor.py:830} INFO - Processing file /opt/airflow/dags/main.py for tasks to queue
[2026-02-16T03:31:11.140+0000] {logging_mixin.py:188} INFO - [2026-02-16T03:31:11.139+0000] {dagbag.py:545} INFO - Filling up the DagBag from /opt/airflow/dags/main.py
[2026-02-16T03:31:11.186+0000] {processor.py:840} INFO - DAG(s) 'produce_json' retrieved from /opt/airflow/dags/main.py
[2026-02-16T03:31:11.217+0000] {logging_mixin.py:188} INFO - [2026-02-16T03:31:11.217+0000] {dag.py:3096} INFO - Sync 1 DAGs
[2026-02-16T03:31:11.244+0000] {logging_mixin.py:188} INFO - [2026-02-16T03:31:11.244+0000] {dag.py:3954} INFO - Setting next_dagrun for produce_json to 2026-02-15 14:00:00+00:00, run_after=2026-02-16 14:00:00+00:00
[2026-02-16T03:31:11.266+0000] {processor.py:183} INFO - Processing /opt/airflow/dags/main.py took 0.135 seconds
[2026-02-16T03:31:41.498+0000] {processor.py:161} INFO - Started process (PID=847) to work on /opt/airflow/dags/main.py
[2026-02-16T03:31:41.499+0000] {processor.py:830} INFO - Processing file /opt/airflow/dags/main.py for tasks to queue
[2026-02-16T03:31:41.501+0000] {logging_mixin.py:188} INFO - [2026-02-16T03:31:41.501+0000] {dagbag.py:545} INFO - Filling up the DagBag from /opt/airflow/dags/main.py
[2026-02-16T03:31:41.546+0000] {processor.py:840} INFO - DAG(s) 'produce_json' retrieved from /opt/airflow/dags/main.py
[2026-02-16T03:31:41.574+0000] {logging_mixin.py:188} INFO - [2026-02-16T03:31:41.573+0000] {dag.py:3096} INFO - Sync 1 DAGs
[2026-02-16T03:31:41.593+0000] {logging_mixin.py:188} INFO - [2026-02-16T03:31:41.593+0000] {dag.py:3954} INFO - Setting next_dagrun for produce_json to 2026-02-15 14:00:00+00:00, run_after=2026-02-16 14:00:00+00:00
[2026-02-16T03:31:41.616+0000] {processor.py:183} INFO - Processing /opt/airflow/dags/main.py took 0.123 seconds
[2026-02-16T03:32:11.755+0000] {processor.py:161} INFO - Started process (PID=854) to work on /opt/airflow/dags/main.py
[2026-02-16T03:32:11.756+0000] {processor.py:830} INFO - Processing file /opt/airflow/dags/main.py for tasks to queue
[2026-02-16T03:32:11.758+0000] {logging_mixin.py:188} INFO - [2026-02-16T03:32:11.758+0000] {dagbag.py:545} INFO - Filling up the DagBag from /opt/airflow/dags/main.py
[2026-02-16T03:32:11.810+0000] {processor.py:840} INFO - DAG(s) 'produce_json' retrieved from /opt/airflow/dags/main.py
[2026-02-16T03:32:11.837+0000] {logging_mixin.py:188} INFO - [2026-02-16T03:32:11.837+0000] {dag.py:3096} INFO - Sync 1 DAGs
[2026-02-16T03:32:11.858+0000] {logging_mixin.py:188} INFO - [2026-02-16T03:32:11.857+0000] {dag.py:3954} INFO - Setting next_dagrun for produce_json to 2026-02-15 14:00:00+00:00, run_after=2026-02-16 14:00:00+00:00
[2026-02-16T03:32:11.878+0000] {processor.py:183} INFO - Processing /opt/airflow/dags/main.py took 0.128 seconds
[2026-02-16T03:32:42.108+0000] {processor.py:161} INFO - Started process (PID=861) to work on /opt/airflow/dags/main.py
[2026-02-16T03:32:42.109+0000] {processor.py:830} INFO - Processing file /opt/airflow/dags/main.py for tasks to queue
[2026-02-16T03:32:42.112+0000] {logging_mixin.py:188} INFO - [2026-02-16T03:32:42.112+0000] {dagbag.py:545} INFO - Filling up the DagBag from /opt/airflow/dags/main.py
[2026-02-16T03:32:42.153+0000] {processor.py:840} INFO - DAG(s) 'produce_json' retrieved from /opt/airflow/dags/main.py
[2026-02-16T03:32:42.179+0000] {logging_mixin.py:188} INFO - [2026-02-16T03:32:42.179+0000] {dag.py:3096} INFO - Sync 1 DAGs
[2026-02-16T03:32:42.201+0000] {logging_mixin.py:188} INFO - [2026-02-16T03:32:42.200+0000] {dag.py:3954} INFO - Setting next_dagrun for produce_json to 2026-02-15 14:00:00+00:00, run_after=2026-02-16 14:00:00+00:00
[2026-02-16T03:32:42.233+0000] {processor.py:183} INFO - Processing /opt/airflow/dags/main.py took 0.131 seconds
[2026-02-16T03:33:12.353+0000] {processor.py:161} INFO - Started process (PID=868) to work on /opt/airflow/dags/main.py
[2026-02-16T03:33:12.354+0000] {processor.py:830} INFO - Processing file /opt/airflow/dags/main.py for tasks to queue
[2026-02-16T03:33:12.356+0000] {logging_mixin.py:188} INFO - [2026-02-16T03:33:12.355+0000] {dagbag.py:545} INFO - Filling up the DagBag from /opt/airflow/dags/main.py
[2026-02-16T03:33:12.398+0000] {processor.py:840} INFO - DAG(s) 'produce_json' retrieved from /opt/airflow/dags/main.py
[2026-02-16T03:33:12.425+0000] {logging_mixin.py:188} INFO - [2026-02-16T03:33:12.425+0000] {dag.py:3096} INFO - Sync 1 DAGs
[2026-02-16T03:33:12.445+0000] {logging_mixin.py:188} INFO - [2026-02-16T03:33:12.445+0000] {dag.py:3954} INFO - Setting next_dagrun for produce_json to 2026-02-15 14:00:00+00:00, run_after=2026-02-16 14:00:00+00:00
[2026-02-16T03:33:12.467+0000] {processor.py:183} INFO - Processing /opt/airflow/dags/main.py took 0.120 seconds
[2026-02-16T03:33:42.722+0000] {processor.py:161} INFO - Started process (PID=875) to work on /opt/airflow/dags/main.py
[2026-02-16T03:33:42.723+0000] {processor.py:830} INFO - Processing file /opt/airflow/dags/main.py for tasks to queue
[2026-02-16T03:33:42.725+0000] {logging_mixin.py:188} INFO - [2026-02-16T03:33:42.724+0000] {dagbag.py:545} INFO - Filling up the DagBag from /opt/airflow/dags/main.py
[2026-02-16T03:33:42.777+0000] {processor.py:840} INFO - DAG(s) 'produce_json' retrieved from /opt/airflow/dags/main.py
[2026-02-16T03:33:42.805+0000] {logging_mixin.py:188} INFO - [2026-02-16T03:33:42.804+0000] {dag.py:3096} INFO - Sync 1 DAGs
[2026-02-16T03:33:42.826+0000] {logging_mixin.py:188} INFO - [2026-02-16T03:33:42.826+0000] {dag.py:3954} INFO - Setting next_dagrun for produce_json to 2026-02-15 14:00:00+00:00, run_after=2026-02-16 14:00:00+00:00
[2026-02-16T03:33:42.847+0000] {processor.py:183} INFO - Processing /opt/airflow/dags/main.py took 0.130 seconds
[2026-02-16T03:34:12.966+0000] {processor.py:161} INFO - Started process (PID=876) to work on /opt/airflow/dags/main.py
[2026-02-16T03:34:12.967+0000] {processor.py:830} INFO - Processing file /opt/airflow/dags/main.py for tasks to queue
[2026-02-16T03:34:12.969+0000] {logging_mixin.py:188} INFO - [2026-02-16T03:34:12.968+0000] {dagbag.py:545} INFO - Filling up the DagBag from /opt/airflow/dags/main.py
[2026-02-16T03:34:13.018+0000] {processor.py:840} INFO - DAG(s) 'produce_json' retrieved from /opt/airflow/dags/main.py
[2026-02-16T03:34:13.045+0000] {logging_mixin.py:188} INFO - [2026-02-16T03:34:13.044+0000] {dag.py:3096} INFO - Sync 1 DAGs
[2026-02-16T03:34:13.068+0000] {logging_mixin.py:188} INFO - [2026-02-16T03:34:13.068+0000] {dag.py:3954} INFO - Setting next_dagrun for produce_json to 2026-02-15 14:00:00+00:00, run_after=2026-02-16 14:00:00+00:00
[2026-02-16T03:34:13.100+0000] {processor.py:183} INFO - Processing /opt/airflow/dags/main.py took 0.140 seconds
[2026-02-16T03:34:43.405+0000] {processor.py:161} INFO - Started process (PID=885) to work on /opt/airflow/dags/main.py
[2026-02-16T03:34:43.406+0000] {processor.py:830} INFO - Processing file /opt/airflow/dags/main.py for tasks to queue
[2026-02-16T03:34:43.409+0000] {logging_mixin.py:188} INFO - [2026-02-16T03:34:43.408+0000] {dagbag.py:545} INFO - Filling up the DagBag from /opt/airflow/dags/main.py
[2026-02-16T03:34:43.458+0000] {processor.py:840} INFO - DAG(s) 'produce_json' retrieved from /opt/airflow/dags/main.py
[2026-02-16T03:34:43.483+0000] {logging_mixin.py:188} INFO - [2026-02-16T03:34:43.483+0000] {dag.py:3096} INFO - Sync 1 DAGs
[2026-02-16T03:34:43.502+0000] {logging_mixin.py:188} INFO - [2026-02-16T03:34:43.502+0000] {dag.py:3954} INFO - Setting next_dagrun for produce_json to 2026-02-15 14:00:00+00:00, run_after=2026-02-16 14:00:00+00:00
[2026-02-16T03:34:43.522+0000] {processor.py:183} INFO - Processing /opt/airflow/dags/main.py took 0.121 seconds
[2026-02-16T03:35:13.654+0000] {processor.py:161} INFO - Started process (PID=890) to work on /opt/airflow/dags/main.py
[2026-02-16T03:35:13.655+0000] {processor.py:830} INFO - Processing file /opt/airflow/dags/main.py for tasks to queue
[2026-02-16T03:35:13.657+0000] {logging_mixin.py:188} INFO - [2026-02-16T03:35:13.657+0000] {dagbag.py:545} INFO - Filling up the DagBag from /opt/airflow/dags/main.py
[2026-02-16T03:35:13.702+0000] {processor.py:840} INFO - DAG(s) 'produce_json' retrieved from /opt/airflow/dags/main.py
[2026-02-16T03:35:13.730+0000] {logging_mixin.py:188} INFO - [2026-02-16T03:35:13.730+0000] {dag.py:3096} INFO - Sync 1 DAGs
[2026-02-16T03:35:13.751+0000] {logging_mixin.py:188} INFO - [2026-02-16T03:35:13.750+0000] {dag.py:3954} INFO - Setting next_dagrun for produce_json to 2026-02-15 14:00:00+00:00, run_after=2026-02-16 14:00:00+00:00
[2026-02-16T03:35:13.772+0000] {processor.py:183} INFO - Processing /opt/airflow/dags/main.py took 0.123 seconds
[2026-02-16T03:35:44.032+0000] {processor.py:161} INFO - Started process (PID=897) to work on /opt/airflow/dags/main.py
[2026-02-16T03:35:44.033+0000] {processor.py:830} INFO - Processing file /opt/airflow/dags/main.py for tasks to queue
[2026-02-16T03:35:44.035+0000] {logging_mixin.py:188} INFO - [2026-02-16T03:35:44.034+0000] {dagbag.py:545} INFO - Filling up the DagBag from /opt/airflow/dags/main.py
[2026-02-16T03:35:44.084+0000] {processor.py:840} INFO - DAG(s) 'produce_json' retrieved from /opt/airflow/dags/main.py
[2026-02-16T03:35:44.110+0000] {logging_mixin.py:188} INFO - [2026-02-16T03:35:44.109+0000] {dag.py:3096} INFO - Sync 1 DAGs
[2026-02-16T03:35:44.135+0000] {logging_mixin.py:188} INFO - [2026-02-16T03:35:44.135+0000] {dag.py:3954} INFO - Setting next_dagrun for produce_json to 2026-02-15 14:00:00+00:00, run_after=2026-02-16 14:00:00+00:00
[2026-02-16T03:35:44.164+0000] {processor.py:183} INFO - Processing /opt/airflow/dags/main.py took 0.137 seconds
[2026-02-16T03:36:14.308+0000] {processor.py:161} INFO - Started process (PID=904) to work on /opt/airflow/dags/main.py
[2026-02-16T03:36:14.309+0000] {processor.py:830} INFO - Processing file /opt/airflow/dags/main.py for tasks to queue
[2026-02-16T03:36:14.312+0000] {logging_mixin.py:188} INFO - [2026-02-16T03:36:14.311+0000] {dagbag.py:545} INFO - Filling up the DagBag from /opt/airflow/dags/main.py
[2026-02-16T03:36:14.362+0000] {processor.py:840} INFO - DAG(s) 'produce_json' retrieved from /opt/airflow/dags/main.py
[2026-02-16T03:36:14.393+0000] {logging_mixin.py:188} INFO - [2026-02-16T03:36:14.393+0000] {dag.py:3096} INFO - Sync 1 DAGs
[2026-02-16T03:36:14.416+0000] {logging_mixin.py:188} INFO - [2026-02-16T03:36:14.416+0000] {dag.py:3954} INFO - Setting next_dagrun for produce_json to 2026-02-15 14:00:00+00:00, run_after=2026-02-16 14:00:00+00:00
[2026-02-16T03:36:14.442+0000] {processor.py:183} INFO - Processing /opt/airflow/dags/main.py took 0.141 seconds
[2026-02-16T03:36:44.707+0000] {processor.py:161} INFO - Started process (PID=912) to work on /opt/airflow/dags/main.py
[2026-02-16T03:36:44.708+0000] {processor.py:830} INFO - Processing file /opt/airflow/dags/main.py for tasks to queue
[2026-02-16T03:36:44.711+0000] {logging_mixin.py:188} INFO - [2026-02-16T03:36:44.710+0000] {dagbag.py:545} INFO - Filling up the DagBag from /opt/airflow/dags/main.py
[2026-02-16T03:36:44.755+0000] {processor.py:840} INFO - DAG(s) 'produce_json' retrieved from /opt/airflow/dags/main.py
[2026-02-16T03:36:44.783+0000] {logging_mixin.py:188} INFO - [2026-02-16T03:36:44.783+0000] {dag.py:3096} INFO - Sync 1 DAGs
[2026-02-16T03:36:44.803+0000] {logging_mixin.py:188} INFO - [2026-02-16T03:36:44.802+0000] {dag.py:3954} INFO - Setting next_dagrun for produce_json to 2026-02-15 14:00:00+00:00, run_after=2026-02-16 14:00:00+00:00
[2026-02-16T03:36:44.825+0000] {processor.py:183} INFO - Processing /opt/airflow/dags/main.py took 0.124 seconds
[2026-02-16T03:37:14.958+0000] {processor.py:161} INFO - Started process (PID=919) to work on /opt/airflow/dags/main.py
[2026-02-16T03:37:14.959+0000] {processor.py:830} INFO - Processing file /opt/airflow/dags/main.py for tasks to queue
[2026-02-16T03:37:14.961+0000] {logging_mixin.py:188} INFO - [2026-02-16T03:37:14.961+0000] {dagbag.py:545} INFO - Filling up the DagBag from /opt/airflow/dags/main.py
[2026-02-16T03:37:15.004+0000] {processor.py:840} INFO - DAG(s) 'produce_json' retrieved from /opt/airflow/dags/main.py
[2026-02-16T03:37:15.031+0000] {logging_mixin.py:188} INFO - [2026-02-16T03:37:15.031+0000] {dag.py:3096} INFO - Sync 1 DAGs
[2026-02-16T03:37:15.053+0000] {logging_mixin.py:188} INFO - [2026-02-16T03:37:15.053+0000] {dag.py:3954} INFO - Setting next_dagrun for produce_json to 2026-02-15 14:00:00+00:00, run_after=2026-02-16 14:00:00+00:00
[2026-02-16T03:37:15.073+0000] {processor.py:183} INFO - Processing /opt/airflow/dags/main.py took 0.121 seconds
[2026-02-16T03:37:45.312+0000] {processor.py:161} INFO - Started process (PID=926) to work on /opt/airflow/dags/main.py
[2026-02-16T03:37:45.314+0000] {processor.py:830} INFO - Processing file /opt/airflow/dags/main.py for tasks to queue
[2026-02-16T03:37:45.316+0000] {logging_mixin.py:188} INFO - [2026-02-16T03:37:45.316+0000] {dagbag.py:545} INFO - Filling up the DagBag from /opt/airflow/dags/main.py
[2026-02-16T03:37:45.371+0000] {processor.py:840} INFO - DAG(s) 'produce_json' retrieved from /opt/airflow/dags/main.py
[2026-02-16T03:37:45.398+0000] {logging_mixin.py:188} INFO - [2026-02-16T03:37:45.397+0000] {dag.py:3096} INFO - Sync 1 DAGs
[2026-02-16T03:37:45.419+0000] {logging_mixin.py:188} INFO - [2026-02-16T03:37:45.419+0000] {dag.py:3954} INFO - Setting next_dagrun for produce_json to 2026-02-15 14:00:00+00:00, run_after=2026-02-16 14:00:00+00:00
[2026-02-16T03:37:45.441+0000] {processor.py:183} INFO - Processing /opt/airflow/dags/main.py took 0.134 seconds
[2026-02-16T03:38:15.585+0000] {processor.py:161} INFO - Started process (PID=933) to work on /opt/airflow/dags/main.py
[2026-02-16T03:38:15.586+0000] {processor.py:830} INFO - Processing file /opt/airflow/dags/main.py for tasks to queue
[2026-02-16T03:38:15.589+0000] {logging_mixin.py:188} INFO - [2026-02-16T03:38:15.588+0000] {dagbag.py:545} INFO - Filling up the DagBag from /opt/airflow/dags/main.py
[2026-02-16T03:38:15.644+0000] {processor.py:840} INFO - DAG(s) 'produce_json' retrieved from /opt/airflow/dags/main.py
[2026-02-16T03:38:15.676+0000] {logging_mixin.py:188} INFO - [2026-02-16T03:38:15.676+0000] {dag.py:3096} INFO - Sync 1 DAGs
[2026-02-16T03:38:15.696+0000] {logging_mixin.py:188} INFO - [2026-02-16T03:38:15.696+0000] {dag.py:3954} INFO - Setting next_dagrun for produce_json to 2026-02-15 14:00:00+00:00, run_after=2026-02-16 14:00:00+00:00
[2026-02-16T03:38:15.719+0000] {processor.py:183} INFO - Processing /opt/airflow/dags/main.py took 0.140 seconds
[2026-02-16T03:38:45.929+0000] {processor.py:161} INFO - Started process (PID=940) to work on /opt/airflow/dags/main.py
[2026-02-16T03:38:45.930+0000] {processor.py:830} INFO - Processing file /opt/airflow/dags/main.py for tasks to queue
[2026-02-16T03:38:45.932+0000] {logging_mixin.py:188} INFO - [2026-02-16T03:38:45.932+0000] {dagbag.py:545} INFO - Filling up the DagBag from /opt/airflow/dags/main.py
[2026-02-16T03:38:45.994+0000] {processor.py:840} INFO - DAG(s) 'produce_json' retrieved from /opt/airflow/dags/main.py
[2026-02-16T03:38:46.021+0000] {logging_mixin.py:188} INFO - [2026-02-16T03:38:46.020+0000] {dag.py:3096} INFO - Sync 1 DAGs
[2026-02-16T03:38:46.043+0000] {logging_mixin.py:188} INFO - [2026-02-16T03:38:46.043+0000] {dag.py:3954} INFO - Setting next_dagrun for produce_json to 2026-02-15 14:00:00+00:00, run_after=2026-02-16 14:00:00+00:00
[2026-02-16T03:38:46.063+0000] {processor.py:183} INFO - Processing /opt/airflow/dags/main.py took 0.139 seconds
[2026-02-16T03:39:16.265+0000] {processor.py:161} INFO - Started process (PID=947) to work on /opt/airflow/dags/main.py
[2026-02-16T03:39:16.266+0000] {processor.py:830} INFO - Processing file /opt/airflow/dags/main.py for tasks to queue
[2026-02-16T03:39:16.269+0000] {logging_mixin.py:188} INFO - [2026-02-16T03:39:16.268+0000] {dagbag.py:545} INFO - Filling up the DagBag from /opt/airflow/dags/main.py
[2026-02-16T03:39:16.313+0000] {processor.py:840} INFO - DAG(s) 'produce_json' retrieved from /opt/airflow/dags/main.py
[2026-02-16T03:39:16.340+0000] {logging_mixin.py:188} INFO - [2026-02-16T03:39:16.340+0000] {dag.py:3096} INFO - Sync 1 DAGs
[2026-02-16T03:39:16.361+0000] {logging_mixin.py:188} INFO - [2026-02-16T03:39:16.361+0000] {dag.py:3954} INFO - Setting next_dagrun for produce_json to 2026-02-15 14:00:00+00:00, run_after=2026-02-16 14:00:00+00:00
[2026-02-16T03:39:16.385+0000] {processor.py:183} INFO - Processing /opt/airflow/dags/main.py took 0.127 seconds
[2026-02-16T03:39:46.607+0000] {processor.py:161} INFO - Started process (PID=954) to work on /opt/airflow/dags/main.py
[2026-02-16T03:39:46.609+0000] {processor.py:830} INFO - Processing file /opt/airflow/dags/main.py for tasks to queue
[2026-02-16T03:39:46.611+0000] {logging_mixin.py:188} INFO - [2026-02-16T03:39:46.611+0000] {dagbag.py:545} INFO - Filling up the DagBag from /opt/airflow/dags/main.py
[2026-02-16T03:39:46.659+0000] {processor.py:840} INFO - DAG(s) 'produce_json' retrieved from /opt/airflow/dags/main.py
[2026-02-16T03:39:46.687+0000] {logging_mixin.py:188} INFO - [2026-02-16T03:39:46.687+0000] {dag.py:3096} INFO - Sync 1 DAGs
[2026-02-16T03:39:46.706+0000] {logging_mixin.py:188} INFO - [2026-02-16T03:39:46.706+0000] {dag.py:3954} INFO - Setting next_dagrun for produce_json to 2026-02-15 14:00:00+00:00, run_after=2026-02-16 14:00:00+00:00
[2026-02-16T03:39:46.728+0000] {processor.py:183} INFO - Processing /opt/airflow/dags/main.py took 0.125 seconds
[2026-02-16T03:40:16.867+0000] {processor.py:161} INFO - Started process (PID=961) to work on /opt/airflow/dags/main.py
[2026-02-16T03:40:16.869+0000] {processor.py:830} INFO - Processing file /opt/airflow/dags/main.py for tasks to queue
[2026-02-16T03:40:16.871+0000] {logging_mixin.py:188} INFO - [2026-02-16T03:40:16.870+0000] {dagbag.py:545} INFO - Filling up the DagBag from /opt/airflow/dags/main.py
[2026-02-16T03:40:16.921+0000] {processor.py:840} INFO - DAG(s) 'produce_json' retrieved from /opt/airflow/dags/main.py
[2026-02-16T03:40:16.950+0000] {logging_mixin.py:188} INFO - [2026-02-16T03:40:16.950+0000] {dag.py:3096} INFO - Sync 1 DAGs
[2026-02-16T03:40:16.969+0000] {logging_mixin.py:188} INFO - [2026-02-16T03:40:16.969+0000] {dag.py:3954} INFO - Setting next_dagrun for produce_json to 2026-02-15 14:00:00+00:00, run_after=2026-02-16 14:00:00+00:00
[2026-02-16T03:40:16.990+0000] {processor.py:183} INFO - Processing /opt/airflow/dags/main.py took 0.128 seconds
[2026-02-16T03:40:47.216+0000] {processor.py:161} INFO - Started process (PID=968) to work on /opt/airflow/dags/main.py
[2026-02-16T03:40:47.217+0000] {processor.py:830} INFO - Processing file /opt/airflow/dags/main.py for tasks to queue
[2026-02-16T03:40:47.220+0000] {logging_mixin.py:188} INFO - [2026-02-16T03:40:47.219+0000] {dagbag.py:545} INFO - Filling up the DagBag from /opt/airflow/dags/main.py
[2026-02-16T03:40:47.272+0000] {processor.py:840} INFO - DAG(s) 'produce_json' retrieved from /opt/airflow/dags/main.py
[2026-02-16T03:40:47.304+0000] {logging_mixin.py:188} INFO - [2026-02-16T03:40:47.304+0000] {dag.py:3096} INFO - Sync 1 DAGs
[2026-02-16T03:40:47.325+0000] {logging_mixin.py:188} INFO - [2026-02-16T03:40:47.325+0000] {dag.py:3954} INFO - Setting next_dagrun for produce_json to 2026-02-15 14:00:00+00:00, run_after=2026-02-16 14:00:00+00:00
[2026-02-16T03:40:47.357+0000] {processor.py:183} INFO - Processing /opt/airflow/dags/main.py took 0.147 seconds
[2026-02-16T03:41:17.477+0000] {processor.py:161} INFO - Started process (PID=975) to work on /opt/airflow/dags/main.py
[2026-02-16T03:41:17.478+0000] {processor.py:830} INFO - Processing file /opt/airflow/dags/main.py for tasks to queue
[2026-02-16T03:41:17.480+0000] {logging_mixin.py:188} INFO - [2026-02-16T03:41:17.480+0000] {dagbag.py:545} INFO - Filling up the DagBag from /opt/airflow/dags/main.py
[2026-02-16T03:41:17.538+0000] {processor.py:840} INFO - DAG(s) 'produce_json' retrieved from /opt/airflow/dags/main.py
[2026-02-16T03:41:17.567+0000] {logging_mixin.py:188} INFO - [2026-02-16T03:41:17.567+0000] {dag.py:3096} INFO - Sync 1 DAGs
[2026-02-16T03:41:17.586+0000] {logging_mixin.py:188} INFO - [2026-02-16T03:41:17.586+0000] {dag.py:3954} INFO - Setting next_dagrun for produce_json to 2026-02-15 14:00:00+00:00, run_after=2026-02-16 14:00:00+00:00
[2026-02-16T03:41:17.609+0000] {processor.py:183} INFO - Processing /opt/airflow/dags/main.py took 0.137 seconds
[2026-02-16T03:41:47.867+0000] {processor.py:161} INFO - Started process (PID=982) to work on /opt/airflow/dags/main.py
[2026-02-16T03:41:47.868+0000] {processor.py:830} INFO - Processing file /opt/airflow/dags/main.py for tasks to queue
[2026-02-16T03:41:47.871+0000] {logging_mixin.py:188} INFO - [2026-02-16T03:41:47.871+0000] {dagbag.py:545} INFO - Filling up the DagBag from /opt/airflow/dags/main.py
[2026-02-16T03:41:47.925+0000] {processor.py:840} INFO - DAG(s) 'produce_json' retrieved from /opt/airflow/dags/main.py
[2026-02-16T03:41:47.952+0000] {logging_mixin.py:188} INFO - [2026-02-16T03:41:47.951+0000] {dag.py:3096} INFO - Sync 1 DAGs
[2026-02-16T03:41:47.972+0000] {logging_mixin.py:188} INFO - [2026-02-16T03:41:47.972+0000] {dag.py:3954} INFO - Setting next_dagrun for produce_json to 2026-02-15 14:00:00+00:00, run_after=2026-02-16 14:00:00+00:00
[2026-02-16T03:41:47.992+0000] {processor.py:183} INFO - Processing /opt/airflow/dags/main.py took 0.130 seconds
[2026-02-16T03:42:18.149+0000] {processor.py:161} INFO - Started process (PID=989) to work on /opt/airflow/dags/main.py
[2026-02-16T03:42:18.150+0000] {processor.py:830} INFO - Processing file /opt/airflow/dags/main.py for tasks to queue
[2026-02-16T03:42:18.152+0000] {logging_mixin.py:188} INFO - [2026-02-16T03:42:18.151+0000] {dagbag.py:545} INFO - Filling up the DagBag from /opt/airflow/dags/main.py
[2026-02-16T03:42:18.203+0000] {processor.py:840} INFO - DAG(s) 'produce_json' retrieved from /opt/airflow/dags/main.py
[2026-02-16T03:42:18.231+0000] {logging_mixin.py:188} INFO - [2026-02-16T03:42:18.231+0000] {dag.py:3096} INFO - Sync 1 DAGs
[2026-02-16T03:42:18.257+0000] {logging_mixin.py:188} INFO - [2026-02-16T03:42:18.257+0000] {dag.py:3954} INFO - Setting next_dagrun for produce_json to 2026-02-15 14:00:00+00:00, run_after=2026-02-16 14:00:00+00:00
[2026-02-16T03:42:18.278+0000] {processor.py:183} INFO - Processing /opt/airflow/dags/main.py took 0.135 seconds
[2026-02-16T03:42:48.521+0000] {processor.py:161} INFO - Started process (PID=996) to work on /opt/airflow/dags/main.py
[2026-02-16T03:42:48.523+0000] {processor.py:830} INFO - Processing file /opt/airflow/dags/main.py for tasks to queue
[2026-02-16T03:42:48.525+0000] {logging_mixin.py:188} INFO - [2026-02-16T03:42:48.525+0000] {dagbag.py:545} INFO - Filling up the DagBag from /opt/airflow/dags/main.py
[2026-02-16T03:42:48.585+0000] {processor.py:840} INFO - DAG(s) 'produce_json' retrieved from /opt/airflow/dags/main.py
[2026-02-16T03:42:48.610+0000] {logging_mixin.py:188} INFO - [2026-02-16T03:42:48.610+0000] {dag.py:3096} INFO - Sync 1 DAGs
[2026-02-16T03:42:48.630+0000] {logging_mixin.py:188} INFO - [2026-02-16T03:42:48.630+0000] {dag.py:3954} INFO - Setting next_dagrun for produce_json to 2026-02-15 14:00:00+00:00, run_after=2026-02-16 14:00:00+00:00
[2026-02-16T03:42:48.651+0000] {processor.py:183} INFO - Processing /opt/airflow/dags/main.py took 0.135 seconds
[2026-02-16T03:43:18.816+0000] {processor.py:161} INFO - Started process (PID=1003) to work on /opt/airflow/dags/main.py
[2026-02-16T03:43:18.817+0000] {processor.py:830} INFO - Processing file /opt/airflow/dags/main.py for tasks to queue
[2026-02-16T03:43:18.819+0000] {logging_mixin.py:188} INFO - [2026-02-16T03:43:18.818+0000] {dagbag.py:545} INFO - Filling up the DagBag from /opt/airflow/dags/main.py
[2026-02-16T03:43:18.863+0000] {processor.py:840} INFO - DAG(s) 'produce_json' retrieved from /opt/airflow/dags/main.py
[2026-02-16T03:43:18.892+0000] {logging_mixin.py:188} INFO - [2026-02-16T03:43:18.892+0000] {dag.py:3096} INFO - Sync 1 DAGs
[2026-02-16T03:43:18.911+0000] {logging_mixin.py:188} INFO - [2026-02-16T03:43:18.911+0000] {dag.py:3954} INFO - Setting next_dagrun for produce_json to 2026-02-15 14:00:00+00:00, run_after=2026-02-16 14:00:00+00:00
[2026-02-16T03:43:18.931+0000] {processor.py:183} INFO - Processing /opt/airflow/dags/main.py took 0.121 seconds
[2026-02-16T03:43:49.138+0000] {processor.py:161} INFO - Started process (PID=1010) to work on /opt/airflow/dags/main.py
[2026-02-16T03:43:49.139+0000] {processor.py:830} INFO - Processing file /opt/airflow/dags/main.py for tasks to queue
[2026-02-16T03:43:49.142+0000] {logging_mixin.py:188} INFO - [2026-02-16T03:43:49.141+0000] {dagbag.py:545} INFO - Filling up the DagBag from /opt/airflow/dags/main.py
[2026-02-16T03:43:49.207+0000] {processor.py:840} INFO - DAG(s) 'produce_json' retrieved from /opt/airflow/dags/main.py
[2026-02-16T03:43:49.236+0000] {logging_mixin.py:188} INFO - [2026-02-16T03:43:49.236+0000] {dag.py:3096} INFO - Sync 1 DAGs
[2026-02-16T03:43:49.257+0000] {logging_mixin.py:188} INFO - [2026-02-16T03:43:49.256+0000] {dag.py:3954} INFO - Setting next_dagrun for produce_json to 2026-02-15 14:00:00+00:00, run_after=2026-02-16 14:00:00+00:00
[2026-02-16T03:43:49.278+0000] {processor.py:183} INFO - Processing /opt/airflow/dags/main.py took 0.147 seconds
[2026-02-16T03:44:19.544+0000] {processor.py:161} INFO - Started process (PID=1017) to work on /opt/airflow/dags/main.py
[2026-02-16T03:44:19.545+0000] {processor.py:830} INFO - Processing file /opt/airflow/dags/main.py for tasks to queue
[2026-02-16T03:44:19.550+0000] {logging_mixin.py:188} INFO - [2026-02-16T03:44:19.549+0000] {dagbag.py:545} INFO - Filling up the DagBag from /opt/airflow/dags/main.py
[2026-02-16T03:44:19.612+0000] {processor.py:840} INFO - DAG(s) 'produce_json' retrieved from /opt/airflow/dags/main.py
[2026-02-16T03:44:19.646+0000] {logging_mixin.py:188} INFO - [2026-02-16T03:44:19.646+0000] {dag.py:3096} INFO - Sync 1 DAGs
[2026-02-16T03:44:19.669+0000] {logging_mixin.py:188} INFO - [2026-02-16T03:44:19.669+0000] {dag.py:3954} INFO - Setting next_dagrun for produce_json to 2026-02-15 14:00:00+00:00, run_after=2026-02-16 14:00:00+00:00
[2026-02-16T03:44:19.691+0000] {processor.py:183} INFO - Processing /opt/airflow/dags/main.py took 0.155 seconds
[2026-02-16T03:44:49.805+0000] {processor.py:161} INFO - Started process (PID=1024) to work on /opt/airflow/dags/main.py
[2026-02-16T03:44:49.806+0000] {processor.py:830} INFO - Processing file /opt/airflow/dags/main.py for tasks to queue
[2026-02-16T03:44:49.808+0000] {logging_mixin.py:188} INFO - [2026-02-16T03:44:49.808+0000] {dagbag.py:545} INFO - Filling up the DagBag from /opt/airflow/dags/main.py
[2026-02-16T03:44:49.852+0000] {processor.py:840} INFO - DAG(s) 'produce_json' retrieved from /opt/airflow/dags/main.py
[2026-02-16T03:44:49.881+0000] {logging_mixin.py:188} INFO - [2026-02-16T03:44:49.880+0000] {dag.py:3096} INFO - Sync 1 DAGs
[2026-02-16T03:44:49.900+0000] {logging_mixin.py:188} INFO - [2026-02-16T03:44:49.900+0000] {dag.py:3954} INFO - Setting next_dagrun for produce_json to 2026-02-15 14:00:00+00:00, run_after=2026-02-16 14:00:00+00:00
[2026-02-16T03:44:49.933+0000] {processor.py:183} INFO - Processing /opt/airflow/dags/main.py took 0.133 seconds
[2026-02-16T03:45:20.192+0000] {processor.py:161} INFO - Started process (PID=1031) to work on /opt/airflow/dags/main.py
[2026-02-16T03:45:20.194+0000] {processor.py:830} INFO - Processing file /opt/airflow/dags/main.py for tasks to queue
[2026-02-16T03:45:20.196+0000] {logging_mixin.py:188} INFO - [2026-02-16T03:45:20.195+0000] {dagbag.py:545} INFO - Filling up the DagBag from /opt/airflow/dags/main.py
[2026-02-16T03:45:20.253+0000] {processor.py:840} INFO - DAG(s) 'produce_json' retrieved from /opt/airflow/dags/main.py
[2026-02-16T03:45:20.279+0000] {logging_mixin.py:188} INFO - [2026-02-16T03:45:20.279+0000] {dag.py:3096} INFO - Sync 1 DAGs
[2026-02-16T03:45:20.299+0000] {logging_mixin.py:188} INFO - [2026-02-16T03:45:20.299+0000] {dag.py:3954} INFO - Setting next_dagrun for produce_json to 2026-02-15 14:00:00+00:00, run_after=2026-02-16 14:00:00+00:00
[2026-02-16T03:45:20.320+0000] {processor.py:183} INFO - Processing /opt/airflow/dags/main.py took 0.133 seconds
[2026-02-16T03:45:50.432+0000] {processor.py:161} INFO - Started process (PID=1038) to work on /opt/airflow/dags/main.py
[2026-02-16T03:45:50.433+0000] {processor.py:830} INFO - Processing file /opt/airflow/dags/main.py for tasks to queue
[2026-02-16T03:45:50.435+0000] {logging_mixin.py:188} INFO - [2026-02-16T03:45:50.435+0000] {dagbag.py:545} INFO - Filling up the DagBag from /opt/airflow/dags/main.py
[2026-02-16T03:45:50.481+0000] {processor.py:840} INFO - DAG(s) 'produce_json' retrieved from /opt/airflow/dags/main.py
[2026-02-16T03:45:50.509+0000] {logging_mixin.py:188} INFO - [2026-02-16T03:45:50.509+0000] {dag.py:3096} INFO - Sync 1 DAGs
[2026-02-16T03:45:50.531+0000] {logging_mixin.py:188} INFO - [2026-02-16T03:45:50.531+0000] {dag.py:3954} INFO - Setting next_dagrun for produce_json to 2026-02-15 14:00:00+00:00, run_after=2026-02-16 14:00:00+00:00
[2026-02-16T03:45:50.552+0000] {processor.py:183} INFO - Processing /opt/airflow/dags/main.py took 0.125 seconds
[2026-02-16T03:46:20.801+0000] {processor.py:161} INFO - Started process (PID=1045) to work on /opt/airflow/dags/main.py
[2026-02-16T03:46:20.802+0000] {processor.py:830} INFO - Processing file /opt/airflow/dags/main.py for tasks to queue
[2026-02-16T03:46:20.803+0000] {logging_mixin.py:188} INFO - [2026-02-16T03:46:20.803+0000] {dagbag.py:545} INFO - Filling up the DagBag from /opt/airflow/dags/main.py
[2026-02-16T03:46:20.850+0000] {processor.py:840} INFO - DAG(s) 'produce_json' retrieved from /opt/airflow/dags/main.py
[2026-02-16T03:46:20.875+0000] {logging_mixin.py:188} INFO - [2026-02-16T03:46:20.875+0000] {dag.py:3096} INFO - Sync 1 DAGs
[2026-02-16T03:46:20.894+0000] {logging_mixin.py:188} INFO - [2026-02-16T03:46:20.894+0000] {dag.py:3954} INFO - Setting next_dagrun for produce_json to 2026-02-15 14:00:00+00:00, run_after=2026-02-16 14:00:00+00:00
[2026-02-16T03:46:20.914+0000] {processor.py:183} INFO - Processing /opt/airflow/dags/main.py took 0.119 seconds
[2026-02-16T03:46:51.069+0000] {processor.py:161} INFO - Started process (PID=1052) to work on /opt/airflow/dags/main.py
[2026-02-16T03:46:51.070+0000] {processor.py:830} INFO - Processing file /opt/airflow/dags/main.py for tasks to queue
[2026-02-16T03:46:51.074+0000] {logging_mixin.py:188} INFO - [2026-02-16T03:46:51.073+0000] {dagbag.py:545} INFO - Filling up the DagBag from /opt/airflow/dags/main.py
[2026-02-16T03:46:51.133+0000] {processor.py:840} INFO - DAG(s) 'produce_json' retrieved from /opt/airflow/dags/main.py
[2026-02-16T03:46:51.161+0000] {logging_mixin.py:188} INFO - [2026-02-16T03:46:51.161+0000] {dag.py:3096} INFO - Sync 1 DAGs
[2026-02-16T03:46:51.182+0000] {logging_mixin.py:188} INFO - [2026-02-16T03:46:51.182+0000] {dag.py:3954} INFO - Setting next_dagrun for produce_json to 2026-02-15 14:00:00+00:00, run_after=2026-02-16 14:00:00+00:00
[2026-02-16T03:46:51.202+0000] {processor.py:183} INFO - Processing /opt/airflow/dags/main.py took 0.138 seconds
[2026-02-16T03:47:21.428+0000] {processor.py:161} INFO - Started process (PID=1060) to work on /opt/airflow/dags/main.py
[2026-02-16T03:47:21.429+0000] {processor.py:830} INFO - Processing file /opt/airflow/dags/main.py for tasks to queue
[2026-02-16T03:47:21.431+0000] {logging_mixin.py:188} INFO - [2026-02-16T03:47:21.431+0000] {dagbag.py:545} INFO - Filling up the DagBag from /opt/airflow/dags/main.py
[2026-02-16T03:47:21.480+0000] {processor.py:840} INFO - DAG(s) 'produce_json' retrieved from /opt/airflow/dags/main.py
[2026-02-16T03:47:21.514+0000] {logging_mixin.py:188} INFO - [2026-02-16T03:47:21.514+0000] {dag.py:3096} INFO - Sync 1 DAGs
[2026-02-16T03:47:21.535+0000] {logging_mixin.py:188} INFO - [2026-02-16T03:47:21.535+0000] {dag.py:3954} INFO - Setting next_dagrun for produce_json to 2026-02-15 14:00:00+00:00, run_after=2026-02-16 14:00:00+00:00
[2026-02-16T03:47:21.557+0000] {processor.py:183} INFO - Processing /opt/airflow/dags/main.py took 0.134 seconds
[2026-02-16T03:47:51.705+0000] {processor.py:161} INFO - Started process (PID=1067) to work on /opt/airflow/dags/main.py
[2026-02-16T03:47:51.707+0000] {processor.py:830} INFO - Processing file /opt/airflow/dags/main.py for tasks to queue
[2026-02-16T03:47:51.709+0000] {logging_mixin.py:188} INFO - [2026-02-16T03:47:51.709+0000] {dagbag.py:545} INFO - Filling up the DagBag from /opt/airflow/dags/main.py
[2026-02-16T03:47:51.765+0000] {processor.py:840} INFO - DAG(s) 'produce_json' retrieved from /opt/airflow/dags/main.py
[2026-02-16T03:47:51.792+0000] {logging_mixin.py:188} INFO - [2026-02-16T03:47:51.792+0000] {dag.py:3096} INFO - Sync 1 DAGs
[2026-02-16T03:47:51.813+0000] {logging_mixin.py:188} INFO - [2026-02-16T03:47:51.813+0000] {dag.py:3954} INFO - Setting next_dagrun for produce_json to 2026-02-15 14:00:00+00:00, run_after=2026-02-16 14:00:00+00:00
[2026-02-16T03:47:51.836+0000] {processor.py:183} INFO - Processing /opt/airflow/dags/main.py took 0.139 seconds
[2026-02-16T03:48:22.045+0000] {processor.py:161} INFO - Started process (PID=1074) to work on /opt/airflow/dags/main.py
[2026-02-16T03:48:22.046+0000] {processor.py:830} INFO - Processing file /opt/airflow/dags/main.py for tasks to queue
[2026-02-16T03:48:22.048+0000] {logging_mixin.py:188} INFO - [2026-02-16T03:48:22.047+0000] {dagbag.py:545} INFO - Filling up the DagBag from /opt/airflow/dags/main.py
[2026-02-16T03:48:22.095+0000] {processor.py:840} INFO - DAG(s) 'produce_json' retrieved from /opt/airflow/dags/main.py
[2026-02-16T03:48:22.123+0000] {logging_mixin.py:188} INFO - [2026-02-16T03:48:22.122+0000] {dag.py:3096} INFO - Sync 1 DAGs
[2026-02-16T03:48:22.142+0000] {logging_mixin.py:188} INFO - [2026-02-16T03:48:22.142+0000] {dag.py:3954} INFO - Setting next_dagrun for produce_json to 2026-02-15 14:00:00+00:00, run_after=2026-02-16 14:00:00+00:00
[2026-02-16T03:48:22.162+0000] {processor.py:183} INFO - Processing /opt/airflow/dags/main.py took 0.122 seconds
[2026-02-16T03:48:52.352+0000] {processor.py:161} INFO - Started process (PID=1082) to work on /opt/airflow/dags/main.py
[2026-02-16T03:48:52.353+0000] {processor.py:830} INFO - Processing file /opt/airflow/dags/main.py for tasks to queue
[2026-02-16T03:48:52.355+0000] {logging_mixin.py:188} INFO - [2026-02-16T03:48:52.355+0000] {dagbag.py:545} INFO - Filling up the DagBag from /opt/airflow/dags/main.py
[2026-02-16T03:48:52.402+0000] {processor.py:840} INFO - DAG(s) 'produce_json' retrieved from /opt/airflow/dags/main.py
[2026-02-16T03:48:52.428+0000] {logging_mixin.py:188} INFO - [2026-02-16T03:48:52.428+0000] {dag.py:3096} INFO - Sync 1 DAGs
[2026-02-16T03:48:52.448+0000] {logging_mixin.py:188} INFO - [2026-02-16T03:48:52.447+0000] {dag.py:3954} INFO - Setting next_dagrun for produce_json to 2026-02-15 14:00:00+00:00, run_after=2026-02-16 14:00:00+00:00
[2026-02-16T03:48:52.470+0000] {processor.py:183} INFO - Processing /opt/airflow/dags/main.py took 0.123 seconds
[2026-02-16T03:49:22.759+0000] {processor.py:161} INFO - Started process (PID=1089) to work on /opt/airflow/dags/main.py
[2026-02-16T03:49:22.760+0000] {processor.py:830} INFO - Processing file /opt/airflow/dags/main.py for tasks to queue
[2026-02-16T03:49:22.762+0000] {logging_mixin.py:188} INFO - [2026-02-16T03:49:22.762+0000] {dagbag.py:545} INFO - Filling up the DagBag from /opt/airflow/dags/main.py
[2026-02-16T03:49:22.817+0000] {processor.py:840} INFO - DAG(s) 'produce_json' retrieved from /opt/airflow/dags/main.py
[2026-02-16T03:49:22.845+0000] {logging_mixin.py:188} INFO - [2026-02-16T03:49:22.845+0000] {dag.py:3096} INFO - Sync 1 DAGs
[2026-02-16T03:49:22.863+0000] {logging_mixin.py:188} INFO - [2026-02-16T03:49:22.863+0000] {dag.py:3954} INFO - Setting next_dagrun for produce_json to 2026-02-15 14:00:00+00:00, run_after=2026-02-16 14:00:00+00:00
[2026-02-16T03:49:22.884+0000] {processor.py:183} INFO - Processing /opt/airflow/dags/main.py took 0.130 seconds
[2026-02-16T03:49:53.025+0000] {processor.py:161} INFO - Started process (PID=1096) to work on /opt/airflow/dags/main.py
[2026-02-16T03:49:53.026+0000] {processor.py:830} INFO - Processing file /opt/airflow/dags/main.py for tasks to queue
[2026-02-16T03:49:53.028+0000] {logging_mixin.py:188} INFO - [2026-02-16T03:49:53.028+0000] {dagbag.py:545} INFO - Filling up the DagBag from /opt/airflow/dags/main.py
[2026-02-16T03:49:53.077+0000] {processor.py:840} INFO - DAG(s) 'produce_json' retrieved from /opt/airflow/dags/main.py
[2026-02-16T03:49:53.108+0000] {logging_mixin.py:188} INFO - [2026-02-16T03:49:53.107+0000] {dag.py:3096} INFO - Sync 1 DAGs
[2026-02-16T03:49:53.130+0000] {logging_mixin.py:188} INFO - [2026-02-16T03:49:53.130+0000] {dag.py:3954} INFO - Setting next_dagrun for produce_json to 2026-02-15 14:00:00+00:00, run_after=2026-02-16 14:00:00+00:00
[2026-02-16T03:49:53.147+0000] {processor.py:183} INFO - Processing /opt/airflow/dags/main.py took 0.128 seconds
[2026-02-16T03:50:23.389+0000] {processor.py:161} INFO - Started process (PID=1103) to work on /opt/airflow/dags/main.py
[2026-02-16T03:50:23.391+0000] {processor.py:830} INFO - Processing file /opt/airflow/dags/main.py for tasks to queue
[2026-02-16T03:50:23.393+0000] {logging_mixin.py:188} INFO - [2026-02-16T03:50:23.393+0000] {dagbag.py:545} INFO - Filling up the DagBag from /opt/airflow/dags/main.py
[2026-02-16T03:50:23.454+0000] {processor.py:840} INFO - DAG(s) 'produce_json' retrieved from /opt/airflow/dags/main.py
[2026-02-16T03:50:23.481+0000] {logging_mixin.py:188} INFO - [2026-02-16T03:50:23.481+0000] {dag.py:3096} INFO - Sync 1 DAGs
[2026-02-16T03:50:23.500+0000] {logging_mixin.py:188} INFO - [2026-02-16T03:50:23.500+0000] {dag.py:3954} INFO - Setting next_dagrun for produce_json to 2026-02-15 14:00:00+00:00, run_after=2026-02-16 14:00:00+00:00
[2026-02-16T03:50:23.522+0000] {processor.py:183} INFO - Processing /opt/airflow/dags/main.py took 0.138 seconds
[2026-02-16T03:50:53.654+0000] {processor.py:161} INFO - Started process (PID=1110) to work on /opt/airflow/dags/main.py
[2026-02-16T03:50:53.655+0000] {processor.py:830} INFO - Processing file /opt/airflow/dags/main.py for tasks to queue
[2026-02-16T03:50:53.657+0000] {logging_mixin.py:188} INFO - [2026-02-16T03:50:53.657+0000] {dagbag.py:545} INFO - Filling up the DagBag from /opt/airflow/dags/main.py
[2026-02-16T03:50:53.707+0000] {processor.py:840} INFO - DAG(s) 'produce_json' retrieved from /opt/airflow/dags/main.py
[2026-02-16T03:50:53.734+0000] {logging_mixin.py:188} INFO - [2026-02-16T03:50:53.734+0000] {dag.py:3096} INFO - Sync 1 DAGs
[2026-02-16T03:50:53.754+0000] {logging_mixin.py:188} INFO - [2026-02-16T03:50:53.754+0000] {dag.py:3954} INFO - Setting next_dagrun for produce_json to 2026-02-15 14:00:00+00:00, run_after=2026-02-16 14:00:00+00:00
[2026-02-16T03:50:53.774+0000] {processor.py:183} INFO - Processing /opt/airflow/dags/main.py took 0.125 seconds
[2026-02-16T03:51:24.048+0000] {processor.py:161} INFO - Started process (PID=1117) to work on /opt/airflow/dags/main.py
[2026-02-16T03:51:24.049+0000] {processor.py:830} INFO - Processing file /opt/airflow/dags/main.py for tasks to queue
[2026-02-16T03:51:24.052+0000] {logging_mixin.py:188} INFO - [2026-02-16T03:51:24.051+0000] {dagbag.py:545} INFO - Filling up the DagBag from /opt/airflow/dags/main.py
[2026-02-16T03:51:24.103+0000] {processor.py:840} INFO - DAG(s) 'produce_json' retrieved from /opt/airflow/dags/main.py
[2026-02-16T03:51:24.131+0000] {logging_mixin.py:188} INFO - [2026-02-16T03:51:24.130+0000] {dag.py:3096} INFO - Sync 1 DAGs
[2026-02-16T03:51:24.151+0000] {logging_mixin.py:188} INFO - [2026-02-16T03:51:24.151+0000] {dag.py:3954} INFO - Setting next_dagrun for produce_json to 2026-02-15 14:00:00+00:00, run_after=2026-02-16 14:00:00+00:00
[2026-02-16T03:51:24.174+0000] {processor.py:183} INFO - Processing /opt/airflow/dags/main.py took 0.131 seconds
[2026-02-16T03:51:54.326+0000] {processor.py:161} INFO - Started process (PID=1124) to work on /opt/airflow/dags/main.py
[2026-02-16T03:51:54.328+0000] {processor.py:830} INFO - Processing file /opt/airflow/dags/main.py for tasks to queue
[2026-02-16T03:51:54.331+0000] {logging_mixin.py:188} INFO - [2026-02-16T03:51:54.330+0000] {dagbag.py:545} INFO - Filling up the DagBag from /opt/airflow/dags/main.py
[2026-02-16T03:51:54.392+0000] {processor.py:840} INFO - DAG(s) 'produce_json' retrieved from /opt/airflow/dags/main.py
[2026-02-16T03:51:54.427+0000] {logging_mixin.py:188} INFO - [2026-02-16T03:51:54.427+0000] {dag.py:3096} INFO - Sync 1 DAGs
[2026-02-16T03:51:54.450+0000] {logging_mixin.py:188} INFO - [2026-02-16T03:51:54.450+0000] {dag.py:3954} INFO - Setting next_dagrun for produce_json to 2026-02-15 14:00:00+00:00, run_after=2026-02-16 14:00:00+00:00
[2026-02-16T03:51:54.482+0000] {processor.py:183} INFO - Processing /opt/airflow/dags/main.py took 0.162 seconds
[2026-02-16T03:52:24.706+0000] {processor.py:161} INFO - Started process (PID=1131) to work on /opt/airflow/dags/main.py
[2026-02-16T03:52:24.706+0000] {processor.py:830} INFO - Processing file /opt/airflow/dags/main.py for tasks to queue
[2026-02-16T03:52:24.708+0000] {logging_mixin.py:188} INFO - [2026-02-16T03:52:24.708+0000] {dagbag.py:545} INFO - Filling up the DagBag from /opt/airflow/dags/main.py
[2026-02-16T03:52:24.748+0000] {processor.py:840} INFO - DAG(s) 'produce_json' retrieved from /opt/airflow/dags/main.py
[2026-02-16T03:52:24.774+0000] {logging_mixin.py:188} INFO - [2026-02-16T03:52:24.774+0000] {dag.py:3096} INFO - Sync 1 DAGs
[2026-02-16T03:52:24.795+0000] {logging_mixin.py:188} INFO - [2026-02-16T03:52:24.795+0000] {dag.py:3954} INFO - Setting next_dagrun for produce_json to 2026-02-15 14:00:00+00:00, run_after=2026-02-16 14:00:00+00:00
[2026-02-16T03:52:24.829+0000] {processor.py:183} INFO - Processing /opt/airflow/dags/main.py took 0.128 seconds
[2026-02-16T03:52:54.942+0000] {processor.py:161} INFO - Started process (PID=1138) to work on /opt/airflow/dags/main.py
[2026-02-16T03:52:54.943+0000] {processor.py:830} INFO - Processing file /opt/airflow/dags/main.py for tasks to queue
[2026-02-16T03:52:54.945+0000] {logging_mixin.py:188} INFO - [2026-02-16T03:52:54.945+0000] {dagbag.py:545} INFO - Filling up the DagBag from /opt/airflow/dags/main.py
[2026-02-16T03:52:55.014+0000] {processor.py:840} INFO - DAG(s) 'produce_json' retrieved from /opt/airflow/dags/main.py
[2026-02-16T03:52:55.041+0000] {logging_mixin.py:188} INFO - [2026-02-16T03:52:55.040+0000] {dag.py:3096} INFO - Sync 1 DAGs
[2026-02-16T03:52:55.062+0000] {logging_mixin.py:188} INFO - [2026-02-16T03:52:55.062+0000] {dag.py:3954} INFO - Setting next_dagrun for produce_json to 2026-02-15 14:00:00+00:00, run_after=2026-02-16 14:00:00+00:00
[2026-02-16T03:52:55.082+0000] {processor.py:183} INFO - Processing /opt/airflow/dags/main.py took 0.145 seconds
[2026-02-16T03:53:25.322+0000] {processor.py:161} INFO - Started process (PID=1145) to work on /opt/airflow/dags/main.py
[2026-02-16T03:53:25.323+0000] {processor.py:830} INFO - Processing file /opt/airflow/dags/main.py for tasks to queue
[2026-02-16T03:53:25.326+0000] {logging_mixin.py:188} INFO - [2026-02-16T03:53:25.326+0000] {dagbag.py:545} INFO - Filling up the DagBag from /opt/airflow/dags/main.py
[2026-02-16T03:53:25.367+0000] {processor.py:840} INFO - DAG(s) 'produce_json' retrieved from /opt/airflow/dags/main.py
[2026-02-16T03:53:25.393+0000] {logging_mixin.py:188} INFO - [2026-02-16T03:53:25.393+0000] {dag.py:3096} INFO - Sync 1 DAGs
[2026-02-16T03:53:25.413+0000] {logging_mixin.py:188} INFO - [2026-02-16T03:53:25.413+0000] {dag.py:3954} INFO - Setting next_dagrun for produce_json to 2026-02-15 14:00:00+00:00, run_after=2026-02-16 14:00:00+00:00
[2026-02-16T03:53:25.436+0000] {processor.py:183} INFO - Processing /opt/airflow/dags/main.py took 0.122 seconds
[2026-02-16T03:53:55.599+0000] {processor.py:161} INFO - Started process (PID=1152) to work on /opt/airflow/dags/main.py
[2026-02-16T03:53:55.601+0000] {processor.py:830} INFO - Processing file /opt/airflow/dags/main.py for tasks to queue
[2026-02-16T03:53:55.603+0000] {logging_mixin.py:188} INFO - [2026-02-16T03:53:55.602+0000] {dagbag.py:545} INFO - Filling up the DagBag from /opt/airflow/dags/main.py
[2026-02-16T03:53:55.644+0000] {processor.py:840} INFO - DAG(s) 'produce_json' retrieved from /opt/airflow/dags/main.py
[2026-02-16T03:53:55.673+0000] {logging_mixin.py:188} INFO - [2026-02-16T03:53:55.672+0000] {dag.py:3096} INFO - Sync 1 DAGs
[2026-02-16T03:53:55.692+0000] {logging_mixin.py:188} INFO - [2026-02-16T03:53:55.692+0000] {dag.py:3954} INFO - Setting next_dagrun for produce_json to 2026-02-15 14:00:00+00:00, run_after=2026-02-16 14:00:00+00:00
[2026-02-16T03:53:55.711+0000] {processor.py:183} INFO - Processing /opt/airflow/dags/main.py took 0.118 seconds
[2026-02-16T03:54:25.996+0000] {processor.py:161} INFO - Started process (PID=1159) to work on /opt/airflow/dags/main.py
[2026-02-16T03:54:25.997+0000] {processor.py:830} INFO - Processing file /opt/airflow/dags/main.py for tasks to queue
[2026-02-16T03:54:25.999+0000] {logging_mixin.py:188} INFO - [2026-02-16T03:54:25.999+0000] {dagbag.py:545} INFO - Filling up the DagBag from /opt/airflow/dags/main.py
[2026-02-16T03:54:26.056+0000] {processor.py:840} INFO - DAG(s) 'produce_json' retrieved from /opt/airflow/dags/main.py
[2026-02-16T03:54:26.084+0000] {logging_mixin.py:188} INFO - [2026-02-16T03:54:26.084+0000] {dag.py:3096} INFO - Sync 1 DAGs
[2026-02-16T03:54:26.103+0000] {logging_mixin.py:188} INFO - [2026-02-16T03:54:26.103+0000] {dag.py:3954} INFO - Setting next_dagrun for produce_json to 2026-02-15 14:00:00+00:00, run_after=2026-02-16 14:00:00+00:00
[2026-02-16T03:54:26.124+0000] {processor.py:183} INFO - Processing /opt/airflow/dags/main.py took 0.133 seconds
[2026-02-16T03:54:56.241+0000] {processor.py:161} INFO - Started process (PID=1166) to work on /opt/airflow/dags/main.py
[2026-02-16T03:54:56.242+0000] {processor.py:830} INFO - Processing file /opt/airflow/dags/main.py for tasks to queue
[2026-02-16T03:54:56.244+0000] {logging_mixin.py:188} INFO - [2026-02-16T03:54:56.244+0000] {dagbag.py:545} INFO - Filling up the DagBag from /opt/airflow/dags/main.py
[2026-02-16T03:54:56.286+0000] {processor.py:840} INFO - DAG(s) 'produce_json' retrieved from /opt/airflow/dags/main.py
[2026-02-16T03:54:56.313+0000] {logging_mixin.py:188} INFO - [2026-02-16T03:54:56.313+0000] {dag.py:3096} INFO - Sync 1 DAGs
[2026-02-16T03:54:56.333+0000] {logging_mixin.py:188} INFO - [2026-02-16T03:54:56.332+0000] {dag.py:3954} INFO - Setting next_dagrun for produce_json to 2026-02-15 14:00:00+00:00, run_after=2026-02-16 14:00:00+00:00
[2026-02-16T03:54:56.353+0000] {processor.py:183} INFO - Processing /opt/airflow/dags/main.py took 0.117 seconds
[2026-02-16T03:55:26.599+0000] {processor.py:161} INFO - Started process (PID=1173) to work on /opt/airflow/dags/main.py
[2026-02-16T03:55:26.600+0000] {processor.py:830} INFO - Processing file /opt/airflow/dags/main.py for tasks to queue
[2026-02-16T03:55:26.602+0000] {logging_mixin.py:188} INFO - [2026-02-16T03:55:26.602+0000] {dagbag.py:545} INFO - Filling up the DagBag from /opt/airflow/dags/main.py
[2026-02-16T03:55:26.647+0000] {processor.py:840} INFO - DAG(s) 'produce_json' retrieved from /opt/airflow/dags/main.py
[2026-02-16T03:55:26.674+0000] {logging_mixin.py:188} INFO - [2026-02-16T03:55:26.674+0000] {dag.py:3096} INFO - Sync 1 DAGs
[2026-02-16T03:55:26.693+0000] {logging_mixin.py:188} INFO - [2026-02-16T03:55:26.693+0000] {dag.py:3954} INFO - Setting next_dagrun for produce_json to 2026-02-15 14:00:00+00:00, run_after=2026-02-16 14:00:00+00:00
[2026-02-16T03:55:26.715+0000] {processor.py:183} INFO - Processing /opt/airflow/dags/main.py took 0.121 seconds
[2026-02-16T03:55:56.867+0000] {processor.py:161} INFO - Started process (PID=1180) to work on /opt/airflow/dags/main.py
[2026-02-16T03:55:56.868+0000] {processor.py:830} INFO - Processing file /opt/airflow/dags/main.py for tasks to queue
[2026-02-16T03:55:56.871+0000] {logging_mixin.py:188} INFO - [2026-02-16T03:55:56.870+0000] {dagbag.py:545} INFO - Filling up the DagBag from /opt/airflow/dags/main.py
[2026-02-16T03:55:56.916+0000] {processor.py:840} INFO - DAG(s) 'produce_json' retrieved from /opt/airflow/dags/main.py
[2026-02-16T03:55:56.946+0000] {logging_mixin.py:188} INFO - [2026-02-16T03:55:56.946+0000] {dag.py:3096} INFO - Sync 1 DAGs
[2026-02-16T03:55:56.965+0000] {logging_mixin.py:188} INFO - [2026-02-16T03:55:56.965+0000] {dag.py:3954} INFO - Setting next_dagrun for produce_json to 2026-02-15 14:00:00+00:00, run_after=2026-02-16 14:00:00+00:00
[2026-02-16T03:55:56.995+0000] {processor.py:183} INFO - Processing /opt/airflow/dags/main.py took 0.134 seconds
[2026-02-16T03:56:27.228+0000] {processor.py:161} INFO - Started process (PID=1187) to work on /opt/airflow/dags/main.py
[2026-02-16T03:56:27.229+0000] {processor.py:830} INFO - Processing file /opt/airflow/dags/main.py for tasks to queue
[2026-02-16T03:56:27.231+0000] {logging_mixin.py:188} INFO - [2026-02-16T03:56:27.231+0000] {dagbag.py:545} INFO - Filling up the DagBag from /opt/airflow/dags/main.py
[2026-02-16T03:56:27.276+0000] {processor.py:840} INFO - DAG(s) 'produce_json' retrieved from /opt/airflow/dags/main.py
[2026-02-16T03:56:27.302+0000] {logging_mixin.py:188} INFO - [2026-02-16T03:56:27.302+0000] {dag.py:3096} INFO - Sync 1 DAGs
[2026-02-16T03:56:27.321+0000] {logging_mixin.py:188} INFO - [2026-02-16T03:56:27.321+0000] {dag.py:3954} INFO - Setting next_dagrun for produce_json to 2026-02-15 14:00:00+00:00, run_after=2026-02-16 14:00:00+00:00
[2026-02-16T03:56:27.354+0000] {processor.py:183} INFO - Processing /opt/airflow/dags/main.py took 0.131 seconds
[2026-02-16T03:56:57.498+0000] {processor.py:161} INFO - Started process (PID=1194) to work on /opt/airflow/dags/main.py
[2026-02-16T03:56:57.499+0000] {processor.py:830} INFO - Processing file /opt/airflow/dags/main.py for tasks to queue
[2026-02-16T03:56:57.501+0000] {logging_mixin.py:188} INFO - [2026-02-16T03:56:57.501+0000] {dagbag.py:545} INFO - Filling up the DagBag from /opt/airflow/dags/main.py
[2026-02-16T03:56:57.543+0000] {processor.py:840} INFO - DAG(s) 'produce_json' retrieved from /opt/airflow/dags/main.py
[2026-02-16T03:56:57.571+0000] {logging_mixin.py:188} INFO - [2026-02-16T03:56:57.571+0000] {dag.py:3096} INFO - Sync 1 DAGs
[2026-02-16T03:56:57.591+0000] {logging_mixin.py:188} INFO - [2026-02-16T03:56:57.591+0000] {dag.py:3954} INFO - Setting next_dagrun for produce_json to 2026-02-15 14:00:00+00:00, run_after=2026-02-16 14:00:00+00:00
[2026-02-16T03:56:57.610+0000] {processor.py:183} INFO - Processing /opt/airflow/dags/main.py took 0.119 seconds
[2026-02-16T03:57:27.851+0000] {processor.py:161} INFO - Started process (PID=1201) to work on /opt/airflow/dags/main.py
[2026-02-16T03:57:27.852+0000] {processor.py:830} INFO - Processing file /opt/airflow/dags/main.py for tasks to queue
[2026-02-16T03:57:27.854+0000] {logging_mixin.py:188} INFO - [2026-02-16T03:57:27.854+0000] {dagbag.py:545} INFO - Filling up the DagBag from /opt/airflow/dags/main.py
[2026-02-16T03:57:27.900+0000] {processor.py:840} INFO - DAG(s) 'produce_json' retrieved from /opt/airflow/dags/main.py
[2026-02-16T03:57:27.928+0000] {logging_mixin.py:188} INFO - [2026-02-16T03:57:27.927+0000] {dag.py:3096} INFO - Sync 1 DAGs
[2026-02-16T03:57:27.947+0000] {logging_mixin.py:188} INFO - [2026-02-16T03:57:27.947+0000] {dag.py:3954} INFO - Setting next_dagrun for produce_json to 2026-02-15 14:00:00+00:00, run_after=2026-02-16 14:00:00+00:00
[2026-02-16T03:57:27.969+0000] {processor.py:183} INFO - Processing /opt/airflow/dags/main.py took 0.123 seconds
[2026-02-16T03:57:58.147+0000] {processor.py:161} INFO - Started process (PID=1208) to work on /opt/airflow/dags/main.py
[2026-02-16T03:57:58.148+0000] {processor.py:830} INFO - Processing file /opt/airflow/dags/main.py for tasks to queue
[2026-02-16T03:57:58.150+0000] {logging_mixin.py:188} INFO - [2026-02-16T03:57:58.150+0000] {dagbag.py:545} INFO - Filling up the DagBag from /opt/airflow/dags/main.py
[2026-02-16T03:57:58.197+0000] {processor.py:840} INFO - DAG(s) 'produce_json' retrieved from /opt/airflow/dags/main.py
[2026-02-16T03:57:58.225+0000] {logging_mixin.py:188} INFO - [2026-02-16T03:57:58.225+0000] {dag.py:3096} INFO - Sync 1 DAGs
[2026-02-16T03:57:58.248+0000] {logging_mixin.py:188} INFO - [2026-02-16T03:57:58.248+0000] {dag.py:3954} INFO - Setting next_dagrun for produce_json to 2026-02-15 14:00:00+00:00, run_after=2026-02-16 14:00:00+00:00
[2026-02-16T03:57:58.269+0000] {processor.py:183} INFO - Processing /opt/airflow/dags/main.py took 0.128 seconds
[2026-02-16T03:58:28.467+0000] {processor.py:161} INFO - Started process (PID=1215) to work on /opt/airflow/dags/main.py
[2026-02-16T03:58:28.468+0000] {processor.py:830} INFO - Processing file /opt/airflow/dags/main.py for tasks to queue
[2026-02-16T03:58:28.470+0000] {logging_mixin.py:188} INFO - [2026-02-16T03:58:28.470+0000] {dagbag.py:545} INFO - Filling up the DagBag from /opt/airflow/dags/main.py
[2026-02-16T03:58:28.522+0000] {processor.py:840} INFO - DAG(s) 'produce_json' retrieved from /opt/airflow/dags/main.py
[2026-02-16T03:58:28.548+0000] {logging_mixin.py:188} INFO - [2026-02-16T03:58:28.548+0000] {dag.py:3096} INFO - Sync 1 DAGs
[2026-02-16T03:58:28.567+0000] {logging_mixin.py:188} INFO - [2026-02-16T03:58:28.566+0000] {dag.py:3954} INFO - Setting next_dagrun for produce_json to 2026-02-15 14:00:00+00:00, run_after=2026-02-16 14:00:00+00:00
[2026-02-16T03:58:28.585+0000] {processor.py:183} INFO - Processing /opt/airflow/dags/main.py took 0.124 seconds
[2026-02-16T03:58:58.762+0000] {processor.py:161} INFO - Started process (PID=1222) to work on /opt/airflow/dags/main.py
[2026-02-16T03:58:58.764+0000] {processor.py:830} INFO - Processing file /opt/airflow/dags/main.py for tasks to queue
[2026-02-16T03:58:58.765+0000] {logging_mixin.py:188} INFO - [2026-02-16T03:58:58.765+0000] {dagbag.py:545} INFO - Filling up the DagBag from /opt/airflow/dags/main.py
[2026-02-16T03:58:58.827+0000] {processor.py:840} INFO - DAG(s) 'produce_json' retrieved from /opt/airflow/dags/main.py
[2026-02-16T03:58:58.856+0000] {logging_mixin.py:188} INFO - [2026-02-16T03:58:58.855+0000] {dag.py:3096} INFO - Sync 1 DAGs
[2026-02-16T03:58:58.875+0000] {logging_mixin.py:188} INFO - [2026-02-16T03:58:58.874+0000] {dag.py:3954} INFO - Setting next_dagrun for produce_json to 2026-02-15 14:00:00+00:00, run_after=2026-02-16 14:00:00+00:00
[2026-02-16T03:58:58.895+0000] {processor.py:183} INFO - Processing /opt/airflow/dags/main.py took 0.137 seconds
[2026-02-16T03:59:29.119+0000] {processor.py:161} INFO - Started process (PID=1229) to work on /opt/airflow/dags/main.py
[2026-02-16T03:59:29.120+0000] {processor.py:830} INFO - Processing file /opt/airflow/dags/main.py for tasks to queue
[2026-02-16T03:59:29.123+0000] {logging_mixin.py:188} INFO - [2026-02-16T03:59:29.123+0000] {dagbag.py:545} INFO - Filling up the DagBag from /opt/airflow/dags/main.py
[2026-02-16T03:59:29.185+0000] {processor.py:840} INFO - DAG(s) 'produce_json' retrieved from /opt/airflow/dags/main.py
[2026-02-16T03:59:29.215+0000] {logging_mixin.py:188} INFO - [2026-02-16T03:59:29.214+0000] {dag.py:3096} INFO - Sync 1 DAGs
[2026-02-16T03:59:29.243+0000] {logging_mixin.py:188} INFO - [2026-02-16T03:59:29.242+0000] {dag.py:3954} INFO - Setting next_dagrun for produce_json to 2026-02-15 14:00:00+00:00, run_after=2026-02-16 14:00:00+00:00
[2026-02-16T03:59:29.264+0000] {processor.py:183} INFO - Processing /opt/airflow/dags/main.py took 0.151 seconds
[2026-02-16T03:59:59.374+0000] {processor.py:161} INFO - Started process (PID=1236) to work on /opt/airflow/dags/main.py
[2026-02-16T03:59:59.375+0000] {processor.py:830} INFO - Processing file /opt/airflow/dags/main.py for tasks to queue
[2026-02-16T03:59:59.377+0000] {logging_mixin.py:188} INFO - [2026-02-16T03:59:59.377+0000] {dagbag.py:545} INFO - Filling up the DagBag from /opt/airflow/dags/main.py
[2026-02-16T03:59:59.422+0000] {processor.py:840} INFO - DAG(s) 'produce_json' retrieved from /opt/airflow/dags/main.py
[2026-02-16T03:59:59.448+0000] {logging_mixin.py:188} INFO - [2026-02-16T03:59:59.448+0000] {dag.py:3096} INFO - Sync 1 DAGs
[2026-02-16T03:59:59.470+0000] {logging_mixin.py:188} INFO - [2026-02-16T03:59:59.470+0000] {dag.py:3954} INFO - Setting next_dagrun for produce_json to 2026-02-15 14:00:00+00:00, run_after=2026-02-16 14:00:00+00:00
[2026-02-16T03:59:59.492+0000] {processor.py:183} INFO - Processing /opt/airflow/dags/main.py took 0.124 seconds
[2026-02-16T04:00:29.741+0000] {processor.py:161} INFO - Started process (PID=1243) to work on /opt/airflow/dags/main.py
[2026-02-16T04:00:29.742+0000] {processor.py:830} INFO - Processing file /opt/airflow/dags/main.py for tasks to queue
[2026-02-16T04:00:29.744+0000] {logging_mixin.py:188} INFO - [2026-02-16T04:00:29.744+0000] {dagbag.py:545} INFO - Filling up the DagBag from /opt/airflow/dags/main.py
[2026-02-16T04:00:29.788+0000] {processor.py:840} INFO - DAG(s) 'produce_json' retrieved from /opt/airflow/dags/main.py
[2026-02-16T04:00:29.815+0000] {logging_mixin.py:188} INFO - [2026-02-16T04:00:29.815+0000] {dag.py:3096} INFO - Sync 1 DAGs
[2026-02-16T04:00:29.834+0000] {logging_mixin.py:188} INFO - [2026-02-16T04:00:29.834+0000] {dag.py:3954} INFO - Setting next_dagrun for produce_json to 2026-02-15 14:00:00+00:00, run_after=2026-02-16 14:00:00+00:00
[2026-02-16T04:00:29.854+0000] {processor.py:183} INFO - Processing /opt/airflow/dags/main.py took 0.118 seconds
[2026-02-16T04:00:59.988+0000] {processor.py:161} INFO - Started process (PID=1250) to work on /opt/airflow/dags/main.py
[2026-02-16T04:00:59.989+0000] {processor.py:830} INFO - Processing file /opt/airflow/dags/main.py for tasks to queue
[2026-02-16T04:00:59.991+0000] {logging_mixin.py:188} INFO - [2026-02-16T04:00:59.991+0000] {dagbag.py:545} INFO - Filling up the DagBag from /opt/airflow/dags/main.py
[2026-02-16T04:01:00.043+0000] {processor.py:840} INFO - DAG(s) 'produce_json' retrieved from /opt/airflow/dags/main.py
[2026-02-16T04:01:00.073+0000] {logging_mixin.py:188} INFO - [2026-02-16T04:01:00.073+0000] {dag.py:3096} INFO - Sync 1 DAGs
[2026-02-16T04:01:00.100+0000] {logging_mixin.py:188} INFO - [2026-02-16T04:01:00.099+0000] {dag.py:3954} INFO - Setting next_dagrun for produce_json to 2026-02-15 14:00:00+00:00, run_after=2026-02-16 14:00:00+00:00
[2026-02-16T04:01:00.121+0000] {processor.py:183} INFO - Processing /opt/airflow/dags/main.py took 0.138 seconds
[2026-02-16T04:01:30.358+0000] {processor.py:161} INFO - Started process (PID=1257) to work on /opt/airflow/dags/main.py
[2026-02-16T04:01:30.359+0000] {processor.py:830} INFO - Processing file /opt/airflow/dags/main.py for tasks to queue
[2026-02-16T04:01:30.361+0000] {logging_mixin.py:188} INFO - [2026-02-16T04:01:30.361+0000] {dagbag.py:545} INFO - Filling up the DagBag from /opt/airflow/dags/main.py
[2026-02-16T04:01:30.405+0000] {processor.py:840} INFO - DAG(s) 'produce_json' retrieved from /opt/airflow/dags/main.py
[2026-02-16T04:01:30.432+0000] {logging_mixin.py:188} INFO - [2026-02-16T04:01:30.432+0000] {dag.py:3096} INFO - Sync 1 DAGs
[2026-02-16T04:01:30.456+0000] {logging_mixin.py:188} INFO - [2026-02-16T04:01:30.456+0000] {dag.py:3954} INFO - Setting next_dagrun for produce_json to 2026-02-15 14:00:00+00:00, run_after=2026-02-16 14:00:00+00:00
[2026-02-16T04:01:30.479+0000] {processor.py:183} INFO - Processing /opt/airflow/dags/main.py took 0.126 seconds
[2026-02-16T04:02:00.613+0000] {processor.py:161} INFO - Started process (PID=1264) to work on /opt/airflow/dags/main.py
[2026-02-16T04:02:00.614+0000] {processor.py:830} INFO - Processing file /opt/airflow/dags/main.py for tasks to queue
[2026-02-16T04:02:00.616+0000] {logging_mixin.py:188} INFO - [2026-02-16T04:02:00.615+0000] {dagbag.py:545} INFO - Filling up the DagBag from /opt/airflow/dags/main.py
[2026-02-16T04:02:00.660+0000] {processor.py:840} INFO - DAG(s) 'produce_json' retrieved from /opt/airflow/dags/main.py
[2026-02-16T04:02:00.686+0000] {logging_mixin.py:188} INFO - [2026-02-16T04:02:00.686+0000] {dag.py:3096} INFO - Sync 1 DAGs
[2026-02-16T04:02:00.708+0000] {logging_mixin.py:188} INFO - [2026-02-16T04:02:00.708+0000] {dag.py:3954} INFO - Setting next_dagrun for produce_json to 2026-02-15 14:00:00+00:00, run_after=2026-02-16 14:00:00+00:00
[2026-02-16T04:02:00.732+0000] {processor.py:183} INFO - Processing /opt/airflow/dags/main.py took 0.124 seconds
[2026-02-16T04:02:30.975+0000] {processor.py:161} INFO - Started process (PID=1271) to work on /opt/airflow/dags/main.py
[2026-02-16T04:02:30.976+0000] {processor.py:830} INFO - Processing file /opt/airflow/dags/main.py for tasks to queue
[2026-02-16T04:02:30.979+0000] {logging_mixin.py:188} INFO - [2026-02-16T04:02:30.979+0000] {dagbag.py:545} INFO - Filling up the DagBag from /opt/airflow/dags/main.py
[2026-02-16T04:02:31.025+0000] {processor.py:840} INFO - DAG(s) 'produce_json' retrieved from /opt/airflow/dags/main.py
[2026-02-16T04:02:31.053+0000] {logging_mixin.py:188} INFO - [2026-02-16T04:02:31.053+0000] {dag.py:3096} INFO - Sync 1 DAGs
[2026-02-16T04:02:31.073+0000] {logging_mixin.py:188} INFO - [2026-02-16T04:02:31.072+0000] {dag.py:3954} INFO - Setting next_dagrun for produce_json to 2026-02-15 14:00:00+00:00, run_after=2026-02-16 14:00:00+00:00
[2026-02-16T04:02:31.094+0000] {processor.py:183} INFO - Processing /opt/airflow/dags/main.py took 0.124 seconds
[2026-02-16T04:03:01.224+0000] {processor.py:161} INFO - Started process (PID=1278) to work on /opt/airflow/dags/main.py
[2026-02-16T04:03:01.225+0000] {processor.py:830} INFO - Processing file /opt/airflow/dags/main.py for tasks to queue
[2026-02-16T04:03:01.227+0000] {logging_mixin.py:188} INFO - [2026-02-16T04:03:01.227+0000] {dagbag.py:545} INFO - Filling up the DagBag from /opt/airflow/dags/main.py
[2026-02-16T04:03:01.274+0000] {processor.py:840} INFO - DAG(s) 'produce_json' retrieved from /opt/airflow/dags/main.py
[2026-02-16T04:03:01.300+0000] {logging_mixin.py:188} INFO - [2026-02-16T04:03:01.300+0000] {dag.py:3096} INFO - Sync 1 DAGs
[2026-02-16T04:03:01.324+0000] {logging_mixin.py:188} INFO - [2026-02-16T04:03:01.324+0000] {dag.py:3954} INFO - Setting next_dagrun for produce_json to 2026-02-15 14:00:00+00:00, run_after=2026-02-16 14:00:00+00:00
[2026-02-16T04:03:01.345+0000] {processor.py:183} INFO - Processing /opt/airflow/dags/main.py took 0.127 seconds
[2026-02-16T04:03:31.569+0000] {processor.py:161} INFO - Started process (PID=1285) to work on /opt/airflow/dags/main.py
[2026-02-16T04:03:31.570+0000] {processor.py:830} INFO - Processing file /opt/airflow/dags/main.py for tasks to queue
[2026-02-16T04:03:31.572+0000] {logging_mixin.py:188} INFO - [2026-02-16T04:03:31.572+0000] {dagbag.py:545} INFO - Filling up the DagBag from /opt/airflow/dags/main.py
[2026-02-16T04:03:31.615+0000] {processor.py:840} INFO - DAG(s) 'produce_json' retrieved from /opt/airflow/dags/main.py
[2026-02-16T04:03:31.644+0000] {logging_mixin.py:188} INFO - [2026-02-16T04:03:31.644+0000] {dag.py:3096} INFO - Sync 1 DAGs
[2026-02-16T04:03:31.668+0000] {logging_mixin.py:188} INFO - [2026-02-16T04:03:31.668+0000] {dag.py:3954} INFO - Setting next_dagrun for produce_json to 2026-02-15 14:00:00+00:00, run_after=2026-02-16 14:00:00+00:00
[2026-02-16T04:03:31.699+0000] {processor.py:183} INFO - Processing /opt/airflow/dags/main.py took 0.137 seconds
[2026-02-16T04:04:01.838+0000] {processor.py:161} INFO - Started process (PID=1292) to work on /opt/airflow/dags/main.py
[2026-02-16T04:04:01.839+0000] {processor.py:830} INFO - Processing file /opt/airflow/dags/main.py for tasks to queue
[2026-02-16T04:04:01.841+0000] {logging_mixin.py:188} INFO - [2026-02-16T04:04:01.841+0000] {dagbag.py:545} INFO - Filling up the DagBag from /opt/airflow/dags/main.py
[2026-02-16T04:04:01.881+0000] {processor.py:840} INFO - DAG(s) 'produce_json' retrieved from /opt/airflow/dags/main.py
[2026-02-16T04:04:01.908+0000] {logging_mixin.py:188} INFO - [2026-02-16T04:04:01.908+0000] {dag.py:3096} INFO - Sync 1 DAGs
[2026-02-16T04:04:01.929+0000] {logging_mixin.py:188} INFO - [2026-02-16T04:04:01.929+0000] {dag.py:3954} INFO - Setting next_dagrun for produce_json to 2026-02-15 14:00:00+00:00, run_after=2026-02-16 14:00:00+00:00
[2026-02-16T04:04:01.960+0000] {processor.py:183} INFO - Processing /opt/airflow/dags/main.py took 0.127 seconds
[2026-02-16T04:04:32.265+0000] {processor.py:161} INFO - Started process (PID=1299) to work on /opt/airflow/dags/main.py
[2026-02-16T04:04:32.267+0000] {processor.py:830} INFO - Processing file /opt/airflow/dags/main.py for tasks to queue
[2026-02-16T04:04:32.269+0000] {logging_mixin.py:188} INFO - [2026-02-16T04:04:32.268+0000] {dagbag.py:545} INFO - Filling up the DagBag from /opt/airflow/dags/main.py
[2026-02-16T04:04:32.309+0000] {processor.py:840} INFO - DAG(s) 'produce_json' retrieved from /opt/airflow/dags/main.py
[2026-02-16T04:04:32.336+0000] {logging_mixin.py:188} INFO - [2026-02-16T04:04:32.336+0000] {dag.py:3096} INFO - Sync 1 DAGs
[2026-02-16T04:04:32.355+0000] {logging_mixin.py:188} INFO - [2026-02-16T04:04:32.354+0000] {dag.py:3954} INFO - Setting next_dagrun for produce_json to 2026-02-15 14:00:00+00:00, run_after=2026-02-16 14:00:00+00:00
[2026-02-16T04:04:32.376+0000] {processor.py:183} INFO - Processing /opt/airflow/dags/main.py took 0.117 seconds
[2026-02-16T04:05:02.515+0000] {processor.py:161} INFO - Started process (PID=1306) to work on /opt/airflow/dags/main.py
[2026-02-16T04:05:02.516+0000] {processor.py:830} INFO - Processing file /opt/airflow/dags/main.py for tasks to queue
[2026-02-16T04:05:02.518+0000] {logging_mixin.py:188} INFO - [2026-02-16T04:05:02.518+0000] {dagbag.py:545} INFO - Filling up the DagBag from /opt/airflow/dags/main.py
[2026-02-16T04:05:02.567+0000] {processor.py:840} INFO - DAG(s) 'produce_json' retrieved from /opt/airflow/dags/main.py
[2026-02-16T04:05:02.594+0000] {logging_mixin.py:188} INFO - [2026-02-16T04:05:02.594+0000] {dag.py:3096} INFO - Sync 1 DAGs
[2026-02-16T04:05:02.614+0000] {logging_mixin.py:188} INFO - [2026-02-16T04:05:02.614+0000] {dag.py:3954} INFO - Setting next_dagrun for produce_json to 2026-02-15 14:00:00+00:00, run_after=2026-02-16 14:00:00+00:00
[2026-02-16T04:05:02.636+0000] {processor.py:183} INFO - Processing /opt/airflow/dags/main.py took 0.128 seconds
[2026-02-16T04:05:32.891+0000] {processor.py:161} INFO - Started process (PID=1313) to work on /opt/airflow/dags/main.py
[2026-02-16T04:05:32.892+0000] {processor.py:830} INFO - Processing file /opt/airflow/dags/main.py for tasks to queue
[2026-02-16T04:05:32.894+0000] {logging_mixin.py:188} INFO - [2026-02-16T04:05:32.894+0000] {dagbag.py:545} INFO - Filling up the DagBag from /opt/airflow/dags/main.py
[2026-02-16T04:05:32.946+0000] {processor.py:840} INFO - DAG(s) 'produce_json' retrieved from /opt/airflow/dags/main.py
[2026-02-16T04:05:32.972+0000] {logging_mixin.py:188} INFO - [2026-02-16T04:05:32.971+0000] {dag.py:3096} INFO - Sync 1 DAGs
[2026-02-16T04:05:32.991+0000] {logging_mixin.py:188} INFO - [2026-02-16T04:05:32.991+0000] {dag.py:3954} INFO - Setting next_dagrun for produce_json to 2026-02-15 14:00:00+00:00, run_after=2026-02-16 14:00:00+00:00
[2026-02-16T04:05:33.012+0000] {processor.py:183} INFO - Processing /opt/airflow/dags/main.py took 0.126 seconds
[2026-02-16T04:06:03.165+0000] {processor.py:161} INFO - Started process (PID=1320) to work on /opt/airflow/dags/main.py
[2026-02-16T04:06:03.167+0000] {processor.py:830} INFO - Processing file /opt/airflow/dags/main.py for tasks to queue
[2026-02-16T04:06:03.169+0000] {logging_mixin.py:188} INFO - [2026-02-16T04:06:03.169+0000] {dagbag.py:545} INFO - Filling up the DagBag from /opt/airflow/dags/main.py
[2026-02-16T04:06:03.224+0000] {processor.py:840} INFO - DAG(s) 'produce_json' retrieved from /opt/airflow/dags/main.py
[2026-02-16T04:06:03.251+0000] {logging_mixin.py:188} INFO - [2026-02-16T04:06:03.251+0000] {dag.py:3096} INFO - Sync 1 DAGs
[2026-02-16T04:06:03.270+0000] {logging_mixin.py:188} INFO - [2026-02-16T04:06:03.270+0000] {dag.py:3954} INFO - Setting next_dagrun for produce_json to 2026-02-15 14:00:00+00:00, run_after=2026-02-16 14:00:00+00:00
[2026-02-16T04:06:03.292+0000] {processor.py:183} INFO - Processing /opt/airflow/dags/main.py took 0.132 seconds
[2026-02-16T04:06:33.497+0000] {processor.py:161} INFO - Started process (PID=1327) to work on /opt/airflow/dags/main.py
[2026-02-16T04:06:33.498+0000] {processor.py:830} INFO - Processing file /opt/airflow/dags/main.py for tasks to queue
[2026-02-16T04:06:33.501+0000] {logging_mixin.py:188} INFO - [2026-02-16T04:06:33.500+0000] {dagbag.py:545} INFO - Filling up the DagBag from /opt/airflow/dags/main.py
[2026-02-16T04:06:33.547+0000] {processor.py:840} INFO - DAG(s) 'produce_json' retrieved from /opt/airflow/dags/main.py
[2026-02-16T04:06:33.574+0000] {logging_mixin.py:188} INFO - [2026-02-16T04:06:33.574+0000] {dag.py:3096} INFO - Sync 1 DAGs
[2026-02-16T04:06:33.593+0000] {logging_mixin.py:188} INFO - [2026-02-16T04:06:33.593+0000] {dag.py:3954} INFO - Setting next_dagrun for produce_json to 2026-02-15 14:00:00+00:00, run_after=2026-02-16 14:00:00+00:00
[2026-02-16T04:06:33.614+0000] {processor.py:183} INFO - Processing /opt/airflow/dags/main.py took 0.122 seconds
[2026-02-16T04:07:03.812+0000] {processor.py:161} INFO - Started process (PID=1334) to work on /opt/airflow/dags/main.py
[2026-02-16T04:07:03.814+0000] {processor.py:830} INFO - Processing file /opt/airflow/dags/main.py for tasks to queue
[2026-02-16T04:07:03.816+0000] {logging_mixin.py:188} INFO - [2026-02-16T04:07:03.815+0000] {dagbag.py:545} INFO - Filling up the DagBag from /opt/airflow/dags/main.py
[2026-02-16T04:07:03.874+0000] {processor.py:840} INFO - DAG(s) 'produce_json' retrieved from /opt/airflow/dags/main.py
[2026-02-16T04:07:03.903+0000] {logging_mixin.py:188} INFO - [2026-02-16T04:07:03.903+0000] {dag.py:3096} INFO - Sync 1 DAGs
[2026-02-16T04:07:03.924+0000] {logging_mixin.py:188} INFO - [2026-02-16T04:07:03.924+0000] {dag.py:3954} INFO - Setting next_dagrun for produce_json to 2026-02-15 14:00:00+00:00, run_after=2026-02-16 14:00:00+00:00
[2026-02-16T04:07:03.944+0000] {processor.py:183} INFO - Processing /opt/airflow/dags/main.py took 0.138 seconds
[2026-02-16T04:07:34.115+0000] {processor.py:161} INFO - Started process (PID=1341) to work on /opt/airflow/dags/main.py
[2026-02-16T04:07:34.116+0000] {processor.py:830} INFO - Processing file /opt/airflow/dags/main.py for tasks to queue
[2026-02-16T04:07:34.119+0000] {logging_mixin.py:188} INFO - [2026-02-16T04:07:34.119+0000] {dagbag.py:545} INFO - Filling up the DagBag from /opt/airflow/dags/main.py
[2026-02-16T04:07:34.184+0000] {processor.py:840} INFO - DAG(s) 'produce_json' retrieved from /opt/airflow/dags/main.py
[2026-02-16T04:07:34.216+0000] {logging_mixin.py:188} INFO - [2026-02-16T04:07:34.215+0000] {dag.py:3096} INFO - Sync 1 DAGs
[2026-02-16T04:07:34.238+0000] {logging_mixin.py:188} INFO - [2026-02-16T04:07:34.238+0000] {dag.py:3954} INFO - Setting next_dagrun for produce_json to 2026-02-15 14:00:00+00:00, run_after=2026-02-16 14:00:00+00:00
[2026-02-16T04:07:34.260+0000] {processor.py:183} INFO - Processing /opt/airflow/dags/main.py took 0.152 seconds
[2026-02-16T04:08:04.472+0000] {processor.py:161} INFO - Started process (PID=1349) to work on /opt/airflow/dags/main.py
[2026-02-16T04:08:04.473+0000] {processor.py:830} INFO - Processing file /opt/airflow/dags/main.py for tasks to queue
[2026-02-16T04:08:04.475+0000] {logging_mixin.py:188} INFO - [2026-02-16T04:08:04.475+0000] {dagbag.py:545} INFO - Filling up the DagBag from /opt/airflow/dags/main.py
[2026-02-16T04:08:04.534+0000] {processor.py:840} INFO - DAG(s) 'produce_json' retrieved from /opt/airflow/dags/main.py
[2026-02-16T04:08:04.561+0000] {logging_mixin.py:188} INFO - [2026-02-16T04:08:04.561+0000] {dag.py:3096} INFO - Sync 1 DAGs
[2026-02-16T04:08:04.581+0000] {logging_mixin.py:188} INFO - [2026-02-16T04:08:04.581+0000] {dag.py:3954} INFO - Setting next_dagrun for produce_json to 2026-02-15 14:00:00+00:00, run_after=2026-02-16 14:00:00+00:00
[2026-02-16T04:08:04.602+0000] {processor.py:183} INFO - Processing /opt/airflow/dags/main.py took 0.135 seconds
[2026-02-16T04:08:34.807+0000] {processor.py:161} INFO - Started process (PID=1356) to work on /opt/airflow/dags/main.py
[2026-02-16T04:08:34.808+0000] {processor.py:830} INFO - Processing file /opt/airflow/dags/main.py for tasks to queue
[2026-02-16T04:08:34.811+0000] {logging_mixin.py:188} INFO - [2026-02-16T04:08:34.811+0000] {dagbag.py:545} INFO - Filling up the DagBag from /opt/airflow/dags/main.py
[2026-02-16T04:08:34.860+0000] {processor.py:840} INFO - DAG(s) 'produce_json' retrieved from /opt/airflow/dags/main.py
[2026-02-16T04:08:34.887+0000] {logging_mixin.py:188} INFO - [2026-02-16T04:08:34.887+0000] {dag.py:3096} INFO - Sync 1 DAGs
[2026-02-16T04:08:34.914+0000] {logging_mixin.py:188} INFO - [2026-02-16T04:08:34.914+0000] {dag.py:3954} INFO - Setting next_dagrun for produce_json to 2026-02-15 14:00:00+00:00, run_after=2026-02-16 14:00:00+00:00
[2026-02-16T04:08:34.934+0000] {processor.py:183} INFO - Processing /opt/airflow/dags/main.py took 0.133 seconds
[2026-02-16T04:09:05.120+0000] {processor.py:161} INFO - Started process (PID=1363) to work on /opt/airflow/dags/main.py
[2026-02-16T04:09:05.122+0000] {processor.py:830} INFO - Processing file /opt/airflow/dags/main.py for tasks to queue
[2026-02-16T04:09:05.124+0000] {logging_mixin.py:188} INFO - [2026-02-16T04:09:05.124+0000] {dagbag.py:545} INFO - Filling up the DagBag from /opt/airflow/dags/main.py
[2026-02-16T04:09:05.172+0000] {processor.py:840} INFO - DAG(s) 'produce_json' retrieved from /opt/airflow/dags/main.py
[2026-02-16T04:09:05.201+0000] {logging_mixin.py:188} INFO - [2026-02-16T04:09:05.200+0000] {dag.py:3096} INFO - Sync 1 DAGs
[2026-02-16T04:09:05.222+0000] {logging_mixin.py:188} INFO - [2026-02-16T04:09:05.222+0000] {dag.py:3954} INFO - Setting next_dagrun for produce_json to 2026-02-15 14:00:00+00:00, run_after=2026-02-16 14:00:00+00:00
[2026-02-16T04:09:05.245+0000] {processor.py:183} INFO - Processing /opt/airflow/dags/main.py took 0.132 seconds
[2026-02-16T04:09:35.530+0000] {processor.py:161} INFO - Started process (PID=1370) to work on /opt/airflow/dags/main.py
[2026-02-16T04:09:35.532+0000] {processor.py:830} INFO - Processing file /opt/airflow/dags/main.py for tasks to queue
[2026-02-16T04:09:35.534+0000] {logging_mixin.py:188} INFO - [2026-02-16T04:09:35.534+0000] {dagbag.py:545} INFO - Filling up the DagBag from /opt/airflow/dags/main.py
[2026-02-16T04:09:35.589+0000] {processor.py:840} INFO - DAG(s) 'produce_json' retrieved from /opt/airflow/dags/main.py
[2026-02-16T04:09:35.616+0000] {logging_mixin.py:188} INFO - [2026-02-16T04:09:35.616+0000] {dag.py:3096} INFO - Sync 1 DAGs
[2026-02-16T04:09:35.635+0000] {logging_mixin.py:188} INFO - [2026-02-16T04:09:35.635+0000] {dag.py:3954} INFO - Setting next_dagrun for produce_json to 2026-02-15 14:00:00+00:00, run_after=2026-02-16 14:00:00+00:00
[2026-02-16T04:09:35.658+0000] {processor.py:183} INFO - Processing /opt/airflow/dags/main.py took 0.133 seconds
[2026-02-16T04:10:05.790+0000] {processor.py:161} INFO - Started process (PID=1377) to work on /opt/airflow/dags/main.py
[2026-02-16T04:10:05.791+0000] {processor.py:830} INFO - Processing file /opt/airflow/dags/main.py for tasks to queue
[2026-02-16T04:10:05.793+0000] {logging_mixin.py:188} INFO - [2026-02-16T04:10:05.793+0000] {dagbag.py:545} INFO - Filling up the DagBag from /opt/airflow/dags/main.py
[2026-02-16T04:10:05.833+0000] {processor.py:840} INFO - DAG(s) 'produce_json' retrieved from /opt/airflow/dags/main.py
[2026-02-16T04:10:05.860+0000] {logging_mixin.py:188} INFO - [2026-02-16T04:10:05.860+0000] {dag.py:3096} INFO - Sync 1 DAGs
[2026-02-16T04:10:05.879+0000] {logging_mixin.py:188} INFO - [2026-02-16T04:10:05.879+0000] {dag.py:3954} INFO - Setting next_dagrun for produce_json to 2026-02-15 14:00:00+00:00, run_after=2026-02-16 14:00:00+00:00
[2026-02-16T04:10:05.911+0000] {processor.py:183} INFO - Processing /opt/airflow/dags/main.py took 0.126 seconds
[2026-02-16T04:10:36.169+0000] {processor.py:161} INFO - Started process (PID=1384) to work on /opt/airflow/dags/main.py
[2026-02-16T04:10:36.170+0000] {processor.py:830} INFO - Processing file /opt/airflow/dags/main.py for tasks to queue
[2026-02-16T04:10:36.172+0000] {logging_mixin.py:188} INFO - [2026-02-16T04:10:36.172+0000] {dagbag.py:545} INFO - Filling up the DagBag from /opt/airflow/dags/main.py
[2026-02-16T04:10:36.232+0000] {processor.py:840} INFO - DAG(s) 'produce_json' retrieved from /opt/airflow/dags/main.py
[2026-02-16T04:10:36.264+0000] {logging_mixin.py:188} INFO - [2026-02-16T04:10:36.263+0000] {dag.py:3096} INFO - Sync 1 DAGs
[2026-02-16T04:10:36.286+0000] {logging_mixin.py:188} INFO - [2026-02-16T04:10:36.286+0000] {dag.py:3954} INFO - Setting next_dagrun for produce_json to 2026-02-15 14:00:00+00:00, run_after=2026-02-16 14:00:00+00:00
[2026-02-16T04:10:36.309+0000] {processor.py:183} INFO - Processing /opt/airflow/dags/main.py took 0.146 seconds
[2026-02-16T04:11:06.418+0000] {processor.py:161} INFO - Started process (PID=1391) to work on /opt/airflow/dags/main.py
[2026-02-16T04:11:06.419+0000] {processor.py:830} INFO - Processing file /opt/airflow/dags/main.py for tasks to queue
[2026-02-16T04:11:06.423+0000] {logging_mixin.py:188} INFO - [2026-02-16T04:11:06.422+0000] {dagbag.py:545} INFO - Filling up the DagBag from /opt/airflow/dags/main.py
[2026-02-16T04:11:06.486+0000] {processor.py:840} INFO - DAG(s) 'produce_json' retrieved from /opt/airflow/dags/main.py
[2026-02-16T04:11:06.517+0000] {logging_mixin.py:188} INFO - [2026-02-16T04:11:06.517+0000] {dag.py:3096} INFO - Sync 1 DAGs
[2026-02-16T04:11:06.536+0000] {logging_mixin.py:188} INFO - [2026-02-16T04:11:06.536+0000] {dag.py:3954} INFO - Setting next_dagrun for produce_json to 2026-02-15 14:00:00+00:00, run_after=2026-02-16 14:00:00+00:00
[2026-02-16T04:11:06.557+0000] {processor.py:183} INFO - Processing /opt/airflow/dags/main.py took 0.144 seconds
[2026-02-16T04:11:36.775+0000] {processor.py:161} INFO - Started process (PID=1398) to work on /opt/airflow/dags/main.py
[2026-02-16T04:11:36.776+0000] {processor.py:830} INFO - Processing file /opt/airflow/dags/main.py for tasks to queue
[2026-02-16T04:11:36.778+0000] {logging_mixin.py:188} INFO - [2026-02-16T04:11:36.778+0000] {dagbag.py:545} INFO - Filling up the DagBag from /opt/airflow/dags/main.py
[2026-02-16T04:11:36.825+0000] {processor.py:840} INFO - DAG(s) 'produce_json' retrieved from /opt/airflow/dags/main.py
[2026-02-16T04:11:36.851+0000] {logging_mixin.py:188} INFO - [2026-02-16T04:11:36.851+0000] {dag.py:3096} INFO - Sync 1 DAGs
[2026-02-16T04:11:36.877+0000] {logging_mixin.py:188} INFO - [2026-02-16T04:11:36.877+0000] {dag.py:3954} INFO - Setting next_dagrun for produce_json to 2026-02-15 14:00:00+00:00, run_after=2026-02-16 14:00:00+00:00
[2026-02-16T04:11:36.903+0000] {processor.py:183} INFO - Processing /opt/airflow/dags/main.py took 0.134 seconds
[2026-02-16T04:12:07.056+0000] {processor.py:161} INFO - Started process (PID=1405) to work on /opt/airflow/dags/main.py
[2026-02-16T04:12:07.057+0000] {processor.py:830} INFO - Processing file /opt/airflow/dags/main.py for tasks to queue
[2026-02-16T04:12:07.059+0000] {logging_mixin.py:188} INFO - [2026-02-16T04:12:07.058+0000] {dagbag.py:545} INFO - Filling up the DagBag from /opt/airflow/dags/main.py
[2026-02-16T04:12:07.102+0000] {processor.py:840} INFO - DAG(s) 'produce_json' retrieved from /opt/airflow/dags/main.py
[2026-02-16T04:12:07.135+0000] {logging_mixin.py:188} INFO - [2026-02-16T04:12:07.135+0000] {dag.py:3096} INFO - Sync 1 DAGs
[2026-02-16T04:12:07.155+0000] {logging_mixin.py:188} INFO - [2026-02-16T04:12:07.155+0000] {dag.py:3954} INFO - Setting next_dagrun for produce_json to 2026-02-15 14:00:00+00:00, run_after=2026-02-16 14:00:00+00:00
[2026-02-16T04:12:07.188+0000] {processor.py:183} INFO - Processing /opt/airflow/dags/main.py took 0.138 seconds
[2026-02-16T04:12:37.420+0000] {processor.py:161} INFO - Started process (PID=1412) to work on /opt/airflow/dags/main.py
[2026-02-16T04:12:37.421+0000] {processor.py:830} INFO - Processing file /opt/airflow/dags/main.py for tasks to queue
[2026-02-16T04:12:37.423+0000] {logging_mixin.py:188} INFO - [2026-02-16T04:12:37.422+0000] {dagbag.py:545} INFO - Filling up the DagBag from /opt/airflow/dags/main.py
[2026-02-16T04:12:37.463+0000] {processor.py:840} INFO - DAG(s) 'produce_json' retrieved from /opt/airflow/dags/main.py
[2026-02-16T04:12:37.491+0000] {logging_mixin.py:188} INFO - [2026-02-16T04:12:37.491+0000] {dag.py:3096} INFO - Sync 1 DAGs
[2026-02-16T04:12:37.511+0000] {logging_mixin.py:188} INFO - [2026-02-16T04:12:37.511+0000] {dag.py:3954} INFO - Setting next_dagrun for produce_json to 2026-02-15 14:00:00+00:00, run_after=2026-02-16 14:00:00+00:00
[2026-02-16T04:12:37.531+0000] {processor.py:183} INFO - Processing /opt/airflow/dags/main.py took 0.117 seconds
[2026-02-16T04:13:07.716+0000] {processor.py:161} INFO - Started process (PID=1419) to work on /opt/airflow/dags/main.py
[2026-02-16T04:13:07.717+0000] {processor.py:830} INFO - Processing file /opt/airflow/dags/main.py for tasks to queue
[2026-02-16T04:13:07.719+0000] {logging_mixin.py:188} INFO - [2026-02-16T04:13:07.718+0000] {dagbag.py:545} INFO - Filling up the DagBag from /opt/airflow/dags/main.py
[2026-02-16T04:13:07.765+0000] {processor.py:840} INFO - DAG(s) 'produce_json' retrieved from /opt/airflow/dags/main.py
[2026-02-16T04:13:07.791+0000] {logging_mixin.py:188} INFO - [2026-02-16T04:13:07.790+0000] {dag.py:3096} INFO - Sync 1 DAGs
[2026-02-16T04:13:07.810+0000] {logging_mixin.py:188} INFO - [2026-02-16T04:13:07.810+0000] {dag.py:3954} INFO - Setting next_dagrun for produce_json to 2026-02-15 14:00:00+00:00, run_after=2026-02-16 14:00:00+00:00
[2026-02-16T04:13:07.844+0000] {processor.py:183} INFO - Processing /opt/airflow/dags/main.py took 0.134 seconds
[2026-02-16T04:13:38.047+0000] {processor.py:161} INFO - Started process (PID=1426) to work on /opt/airflow/dags/main.py
[2026-02-16T04:13:38.048+0000] {processor.py:830} INFO - Processing file /opt/airflow/dags/main.py for tasks to queue
[2026-02-16T04:13:38.050+0000] {logging_mixin.py:188} INFO - [2026-02-16T04:13:38.050+0000] {dagbag.py:545} INFO - Filling up the DagBag from /opt/airflow/dags/main.py
[2026-02-16T04:13:38.106+0000] {processor.py:840} INFO - DAG(s) 'produce_json' retrieved from /opt/airflow/dags/main.py
[2026-02-16T04:13:38.133+0000] {logging_mixin.py:188} INFO - [2026-02-16T04:13:38.133+0000] {dag.py:3096} INFO - Sync 1 DAGs
[2026-02-16T04:13:38.152+0000] {logging_mixin.py:188} INFO - [2026-02-16T04:13:38.152+0000] {dag.py:3954} INFO - Setting next_dagrun for produce_json to 2026-02-15 14:00:00+00:00, run_after=2026-02-16 14:00:00+00:00
[2026-02-16T04:13:38.173+0000] {processor.py:183} INFO - Processing /opt/airflow/dags/main.py took 0.131 seconds
[2026-02-16T04:14:08.372+0000] {processor.py:161} INFO - Started process (PID=1433) to work on /opt/airflow/dags/main.py
[2026-02-16T04:14:08.373+0000] {processor.py:830} INFO - Processing file /opt/airflow/dags/main.py for tasks to queue
[2026-02-16T04:14:08.375+0000] {logging_mixin.py:188} INFO - [2026-02-16T04:14:08.375+0000] {dagbag.py:545} INFO - Filling up the DagBag from /opt/airflow/dags/main.py
[2026-02-16T04:14:08.417+0000] {processor.py:840} INFO - DAG(s) 'produce_json' retrieved from /opt/airflow/dags/main.py
[2026-02-16T04:14:08.443+0000] {logging_mixin.py:188} INFO - [2026-02-16T04:14:08.443+0000] {dag.py:3096} INFO - Sync 1 DAGs
[2026-02-16T04:14:08.462+0000] {logging_mixin.py:188} INFO - [2026-02-16T04:14:08.462+0000] {dag.py:3954} INFO - Setting next_dagrun for produce_json to 2026-02-15 14:00:00+00:00, run_after=2026-02-16 14:00:00+00:00
[2026-02-16T04:14:08.483+0000] {processor.py:183} INFO - Processing /opt/airflow/dags/main.py took 0.116 seconds
[2026-02-16T04:14:38.698+0000] {processor.py:161} INFO - Started process (PID=1440) to work on /opt/airflow/dags/main.py
[2026-02-16T04:14:38.699+0000] {processor.py:830} INFO - Processing file /opt/airflow/dags/main.py for tasks to queue
[2026-02-16T04:14:38.701+0000] {logging_mixin.py:188} INFO - [2026-02-16T04:14:38.701+0000] {dagbag.py:545} INFO - Filling up the DagBag from /opt/airflow/dags/main.py
[2026-02-16T04:14:38.757+0000] {processor.py:840} INFO - DAG(s) 'produce_json' retrieved from /opt/airflow/dags/main.py
[2026-02-16T04:14:38.784+0000] {logging_mixin.py:188} INFO - [2026-02-16T04:14:38.784+0000] {dag.py:3096} INFO - Sync 1 DAGs
[2026-02-16T04:14:38.808+0000] {logging_mixin.py:188} INFO - [2026-02-16T04:14:38.807+0000] {dag.py:3954} INFO - Setting next_dagrun for produce_json to 2026-02-15 14:00:00+00:00, run_after=2026-02-16 14:00:00+00:00
[2026-02-16T04:14:38.827+0000] {processor.py:183} INFO - Processing /opt/airflow/dags/main.py took 0.135 seconds
[2026-02-16T14:26:54.687+0000] {processor.py:161} INFO - Started process (PID=60) to work on /opt/airflow/dags/main.py
[2026-02-16T14:26:54.697+0000] {processor.py:830} INFO - Processing file /opt/airflow/dags/main.py for tasks to queue
[2026-02-16T14:26:54.711+0000] {logging_mixin.py:188} INFO - [2026-02-16T14:26:54.710+0000] {dagbag.py:545} INFO - Filling up the DagBag from /opt/airflow/dags/main.py
[2026-02-16T14:26:54.997+0000] {processor.py:840} INFO - DAG(s) 'produce_json' retrieved from /opt/airflow/dags/main.py
[2026-02-16T14:26:55.295+0000] {logging_mixin.py:188} INFO - [2026-02-16T14:26:55.295+0000] {dag.py:3096} INFO - Sync 1 DAGs
[2026-02-16T14:26:55.329+0000] {logging_mixin.py:188} INFO - [2026-02-16T14:26:55.329+0000] {dag.py:3954} INFO - Setting next_dagrun for produce_json to 2026-02-15 14:00:00+00:00, run_after=2026-02-16 14:00:00+00:00
[2026-02-16T14:26:55.365+0000] {processor.py:183} INFO - Processing /opt/airflow/dags/main.py took 0.701 seconds
[2026-02-16T14:27:25.920+0000] {processor.py:161} INFO - Started process (PID=74) to work on /opt/airflow/dags/main.py
[2026-02-16T14:27:25.922+0000] {processor.py:830} INFO - Processing file /opt/airflow/dags/main.py for tasks to queue
[2026-02-16T14:27:25.925+0000] {logging_mixin.py:188} INFO - [2026-02-16T14:27:25.924+0000] {dagbag.py:545} INFO - Filling up the DagBag from /opt/airflow/dags/main.py
[2026-02-16T14:27:25.983+0000] {processor.py:840} INFO - DAG(s) 'produce_json' retrieved from /opt/airflow/dags/main.py
[2026-02-16T14:27:26.020+0000] {logging_mixin.py:188} INFO - [2026-02-16T14:27:26.020+0000] {dag.py:3096} INFO - Sync 1 DAGs
[2026-02-16T14:27:26.045+0000] {logging_mixin.py:188} INFO - [2026-02-16T14:27:26.045+0000] {dag.py:3954} INFO - Setting next_dagrun for produce_json to 2026-02-16 14:00:00+00:00, run_after=2026-02-17 14:00:00+00:00
[2026-02-16T14:27:26.068+0000] {processor.py:183} INFO - Processing /opt/airflow/dags/main.py took 0.157 seconds
[2026-02-16T14:27:56.608+0000] {processor.py:161} INFO - Started process (PID=81) to work on /opt/airflow/dags/main.py
[2026-02-16T14:27:56.609+0000] {processor.py:830} INFO - Processing file /opt/airflow/dags/main.py for tasks to queue
[2026-02-16T14:27:56.611+0000] {logging_mixin.py:188} INFO - [2026-02-16T14:27:56.611+0000] {dagbag.py:545} INFO - Filling up the DagBag from /opt/airflow/dags/main.py
[2026-02-16T14:27:56.664+0000] {processor.py:840} INFO - DAG(s) 'produce_json' retrieved from /opt/airflow/dags/main.py
[2026-02-16T14:27:56.699+0000] {logging_mixin.py:188} INFO - [2026-02-16T14:27:56.699+0000] {dag.py:3096} INFO - Sync 1 DAGs
[2026-02-16T14:27:56.725+0000] {logging_mixin.py:188} INFO - [2026-02-16T14:27:56.725+0000] {dag.py:3954} INFO - Setting next_dagrun for produce_json to 2026-02-16 14:00:00+00:00, run_after=2026-02-17 14:00:00+00:00
[2026-02-16T14:27:56.753+0000] {processor.py:183} INFO - Processing /opt/airflow/dags/main.py took 0.150 seconds
[2026-02-16T14:28:27.272+0000] {processor.py:161} INFO - Started process (PID=88) to work on /opt/airflow/dags/main.py
[2026-02-16T14:28:27.273+0000] {processor.py:830} INFO - Processing file /opt/airflow/dags/main.py for tasks to queue
[2026-02-16T14:28:27.276+0000] {logging_mixin.py:188} INFO - [2026-02-16T14:28:27.275+0000] {dagbag.py:545} INFO - Filling up the DagBag from /opt/airflow/dags/main.py
[2026-02-16T14:28:27.335+0000] {processor.py:840} INFO - DAG(s) 'produce_json' retrieved from /opt/airflow/dags/main.py
[2026-02-16T14:28:27.373+0000] {logging_mixin.py:188} INFO - [2026-02-16T14:28:27.372+0000] {dag.py:3096} INFO - Sync 1 DAGs
[2026-02-16T14:28:27.404+0000] {logging_mixin.py:188} INFO - [2026-02-16T14:28:27.403+0000] {dag.py:3954} INFO - Setting next_dagrun for produce_json to 2026-02-16 14:00:00+00:00, run_after=2026-02-17 14:00:00+00:00
[2026-02-16T14:28:27.431+0000] {processor.py:183} INFO - Processing /opt/airflow/dags/main.py took 0.165 seconds
[2026-02-16T14:28:58.010+0000] {processor.py:161} INFO - Started process (PID=95) to work on /opt/airflow/dags/main.py
[2026-02-16T14:28:58.011+0000] {processor.py:830} INFO - Processing file /opt/airflow/dags/main.py for tasks to queue
[2026-02-16T14:28:58.013+0000] {logging_mixin.py:188} INFO - [2026-02-16T14:28:58.013+0000] {dagbag.py:545} INFO - Filling up the DagBag from /opt/airflow/dags/main.py
[2026-02-16T14:28:58.060+0000] {processor.py:840} INFO - DAG(s) 'produce_json' retrieved from /opt/airflow/dags/main.py
[2026-02-16T14:28:58.101+0000] {logging_mixin.py:188} INFO - [2026-02-16T14:28:58.101+0000] {dag.py:3096} INFO - Sync 1 DAGs
[2026-02-16T14:28:58.127+0000] {logging_mixin.py:188} INFO - [2026-02-16T14:28:58.127+0000] {dag.py:3954} INFO - Setting next_dagrun for produce_json to 2026-02-16 14:00:00+00:00, run_after=2026-02-17 14:00:00+00:00
[2026-02-16T14:28:58.161+0000] {processor.py:183} INFO - Processing /opt/airflow/dags/main.py took 0.158 seconds
[2026-02-16T14:29:28.696+0000] {processor.py:161} INFO - Started process (PID=102) to work on /opt/airflow/dags/main.py
[2026-02-16T14:29:28.698+0000] {processor.py:830} INFO - Processing file /opt/airflow/dags/main.py for tasks to queue
[2026-02-16T14:29:28.700+0000] {logging_mixin.py:188} INFO - [2026-02-16T14:29:28.700+0000] {dagbag.py:545} INFO - Filling up the DagBag from /opt/airflow/dags/main.py
[2026-02-16T14:29:28.775+0000] {processor.py:840} INFO - DAG(s) 'produce_json' retrieved from /opt/airflow/dags/main.py
[2026-02-16T14:29:28.826+0000] {logging_mixin.py:188} INFO - [2026-02-16T14:29:28.826+0000] {dag.py:3096} INFO - Sync 1 DAGs
[2026-02-16T14:29:28.855+0000] {logging_mixin.py:188} INFO - [2026-02-16T14:29:28.855+0000] {dag.py:3954} INFO - Setting next_dagrun for produce_json to 2026-02-16 14:00:00+00:00, run_after=2026-02-17 14:00:00+00:00
[2026-02-16T14:29:28.879+0000] {processor.py:183} INFO - Processing /opt/airflow/dags/main.py took 0.191 seconds
[2026-02-16T14:29:59.496+0000] {processor.py:161} INFO - Started process (PID=109) to work on /opt/airflow/dags/main.py
[2026-02-16T14:29:59.497+0000] {processor.py:830} INFO - Processing file /opt/airflow/dags/main.py for tasks to queue
[2026-02-16T14:29:59.511+0000] {logging_mixin.py:188} INFO - [2026-02-16T14:29:59.510+0000] {dagbag.py:545} INFO - Filling up the DagBag from /opt/airflow/dags/main.py
[2026-02-16T14:29:59.571+0000] {processor.py:840} INFO - DAG(s) 'produce_json' retrieved from /opt/airflow/dags/main.py
[2026-02-16T14:29:59.601+0000] {logging_mixin.py:188} INFO - [2026-02-16T14:29:59.600+0000] {dag.py:3096} INFO - Sync 1 DAGs
[2026-02-16T14:29:59.623+0000] {logging_mixin.py:188} INFO - [2026-02-16T14:29:59.622+0000] {dag.py:3954} INFO - Setting next_dagrun for produce_json to 2026-02-16 14:00:00+00:00, run_after=2026-02-17 14:00:00+00:00
[2026-02-16T14:29:59.644+0000] {processor.py:183} INFO - Processing /opt/airflow/dags/main.py took 0.154 seconds
[2026-02-16T14:30:30.190+0000] {processor.py:161} INFO - Started process (PID=116) to work on /opt/airflow/dags/main.py
[2026-02-16T14:30:30.192+0000] {processor.py:830} INFO - Processing file /opt/airflow/dags/main.py for tasks to queue
[2026-02-16T14:30:30.195+0000] {logging_mixin.py:188} INFO - [2026-02-16T14:30:30.194+0000] {dagbag.py:545} INFO - Filling up the DagBag from /opt/airflow/dags/main.py
[2026-02-16T14:30:30.242+0000] {processor.py:840} INFO - DAG(s) 'produce_json' retrieved from /opt/airflow/dags/main.py
[2026-02-16T14:30:30.274+0000] {logging_mixin.py:188} INFO - [2026-02-16T14:30:30.274+0000] {dag.py:3096} INFO - Sync 1 DAGs
[2026-02-16T14:30:30.298+0000] {logging_mixin.py:188} INFO - [2026-02-16T14:30:30.298+0000] {dag.py:3954} INFO - Setting next_dagrun for produce_json to 2026-02-16 14:00:00+00:00, run_after=2026-02-17 14:00:00+00:00
[2026-02-16T14:30:30.323+0000] {processor.py:183} INFO - Processing /opt/airflow/dags/main.py took 0.140 seconds
[2026-02-16T14:31:00.785+0000] {processor.py:161} INFO - Started process (PID=123) to work on /opt/airflow/dags/main.py
[2026-02-16T14:31:00.787+0000] {processor.py:830} INFO - Processing file /opt/airflow/dags/main.py for tasks to queue
[2026-02-16T14:31:00.789+0000] {logging_mixin.py:188} INFO - [2026-02-16T14:31:00.788+0000] {dagbag.py:545} INFO - Filling up the DagBag from /opt/airflow/dags/main.py
[2026-02-16T14:31:00.833+0000] {processor.py:840} INFO - DAG(s) 'produce_json' retrieved from /opt/airflow/dags/main.py
[2026-02-16T14:31:00.867+0000] {logging_mixin.py:188} INFO - [2026-02-16T14:31:00.867+0000] {dag.py:3096} INFO - Sync 1 DAGs
[2026-02-16T14:31:00.891+0000] {logging_mixin.py:188} INFO - [2026-02-16T14:31:00.891+0000] {dag.py:3954} INFO - Setting next_dagrun for produce_json to 2026-02-16 14:00:00+00:00, run_after=2026-02-17 14:00:00+00:00
[2026-02-16T14:31:00.915+0000] {processor.py:183} INFO - Processing /opt/airflow/dags/main.py took 0.135 seconds
[2026-02-16T14:31:31.608+0000] {processor.py:161} INFO - Started process (PID=130) to work on /opt/airflow/dags/main.py
[2026-02-16T14:31:31.609+0000] {processor.py:830} INFO - Processing file /opt/airflow/dags/main.py for tasks to queue
[2026-02-16T14:31:31.612+0000] {logging_mixin.py:188} INFO - [2026-02-16T14:31:31.612+0000] {dagbag.py:545} INFO - Filling up the DagBag from /opt/airflow/dags/main.py
[2026-02-16T14:31:31.658+0000] {processor.py:840} INFO - DAG(s) 'produce_json' retrieved from /opt/airflow/dags/main.py
[2026-02-16T14:31:31.690+0000] {logging_mixin.py:188} INFO - [2026-02-16T14:31:31.689+0000] {dag.py:3096} INFO - Sync 1 DAGs
[2026-02-16T14:31:31.712+0000] {logging_mixin.py:188} INFO - [2026-02-16T14:31:31.712+0000] {dag.py:3954} INFO - Setting next_dagrun for produce_json to 2026-02-16 14:00:00+00:00, run_after=2026-02-17 14:00:00+00:00
[2026-02-16T14:31:31.735+0000] {processor.py:183} INFO - Processing /opt/airflow/dags/main.py took 0.132 seconds
[2026-02-16T14:32:02.389+0000] {processor.py:161} INFO - Started process (PID=137) to work on /opt/airflow/dags/main.py
[2026-02-16T14:32:02.390+0000] {processor.py:830} INFO - Processing file /opt/airflow/dags/main.py for tasks to queue
[2026-02-16T14:32:02.392+0000] {logging_mixin.py:188} INFO - [2026-02-16T14:32:02.391+0000] {dagbag.py:545} INFO - Filling up the DagBag from /opt/airflow/dags/main.py
[2026-02-16T14:32:02.436+0000] {processor.py:840} INFO - DAG(s) 'produce_json' retrieved from /opt/airflow/dags/main.py
[2026-02-16T14:32:02.465+0000] {logging_mixin.py:188} INFO - [2026-02-16T14:32:02.465+0000] {dag.py:3096} INFO - Sync 1 DAGs
[2026-02-16T14:32:02.486+0000] {logging_mixin.py:188} INFO - [2026-02-16T14:32:02.486+0000] {dag.py:3954} INFO - Setting next_dagrun for produce_json to 2026-02-16 14:00:00+00:00, run_after=2026-02-17 14:00:00+00:00
[2026-02-16T14:32:02.514+0000] {processor.py:183} INFO - Processing /opt/airflow/dags/main.py took 0.130 seconds
[2026-02-16T14:32:33.190+0000] {processor.py:161} INFO - Started process (PID=144) to work on /opt/airflow/dags/main.py
[2026-02-16T14:32:33.191+0000] {processor.py:830} INFO - Processing file /opt/airflow/dags/main.py for tasks to queue
[2026-02-16T14:32:33.193+0000] {logging_mixin.py:188} INFO - [2026-02-16T14:32:33.193+0000] {dagbag.py:545} INFO - Filling up the DagBag from /opt/airflow/dags/main.py
[2026-02-16T14:32:33.237+0000] {processor.py:840} INFO - DAG(s) 'produce_json' retrieved from /opt/airflow/dags/main.py
[2026-02-16T14:32:33.270+0000] {logging_mixin.py:188} INFO - [2026-02-16T14:32:33.269+0000] {dag.py:3096} INFO - Sync 1 DAGs
[2026-02-16T14:32:33.294+0000] {logging_mixin.py:188} INFO - [2026-02-16T14:32:33.293+0000] {dag.py:3954} INFO - Setting next_dagrun for produce_json to 2026-02-16 14:00:00+00:00, run_after=2026-02-17 14:00:00+00:00
[2026-02-16T14:32:33.329+0000] {processor.py:183} INFO - Processing /opt/airflow/dags/main.py took 0.144 seconds
[2026-02-16T14:33:04.286+0000] {processor.py:161} INFO - Started process (PID=151) to work on /opt/airflow/dags/main.py
[2026-02-16T14:33:04.287+0000] {processor.py:830} INFO - Processing file /opt/airflow/dags/main.py for tasks to queue
[2026-02-16T14:33:04.289+0000] {logging_mixin.py:188} INFO - [2026-02-16T14:33:04.288+0000] {dagbag.py:545} INFO - Filling up the DagBag from /opt/airflow/dags/main.py
[2026-02-16T14:33:04.344+0000] {processor.py:840} INFO - DAG(s) 'produce_json' retrieved from /opt/airflow/dags/main.py
[2026-02-16T14:33:04.374+0000] {logging_mixin.py:188} INFO - [2026-02-16T14:33:04.374+0000] {dag.py:3096} INFO - Sync 1 DAGs
[2026-02-16T14:33:04.402+0000] {logging_mixin.py:188} INFO - [2026-02-16T14:33:04.402+0000] {dag.py:3954} INFO - Setting next_dagrun for produce_json to 2026-02-16 14:00:00+00:00, run_after=2026-02-17 14:00:00+00:00
[2026-02-16T14:33:04.426+0000] {processor.py:183} INFO - Processing /opt/airflow/dags/main.py took 0.146 seconds
[2026-02-16T14:33:34.861+0000] {processor.py:161} INFO - Started process (PID=164) to work on /opt/airflow/dags/main.py
[2026-02-16T14:33:34.862+0000] {processor.py:830} INFO - Processing file /opt/airflow/dags/main.py for tasks to queue
[2026-02-16T14:33:34.865+0000] {logging_mixin.py:188} INFO - [2026-02-16T14:33:34.865+0000] {dagbag.py:545} INFO - Filling up the DagBag from /opt/airflow/dags/main.py
[2026-02-16T14:33:34.951+0000] {processor.py:840} INFO - DAG(s) 'produce_json' retrieved from /opt/airflow/dags/main.py
[2026-02-16T14:33:34.992+0000] {logging_mixin.py:188} INFO - [2026-02-16T14:33:34.992+0000] {dag.py:3096} INFO - Sync 1 DAGs
[2026-02-16T14:33:35.021+0000] {logging_mixin.py:188} INFO - [2026-02-16T14:33:35.020+0000] {dag.py:3954} INFO - Setting next_dagrun for produce_json to 2026-02-16 14:00:00+00:00, run_after=2026-02-17 14:00:00+00:00
[2026-02-16T14:33:35.042+0000] {processor.py:183} INFO - Processing /opt/airflow/dags/main.py took 0.191 seconds
[2026-02-16T14:34:05.581+0000] {processor.py:161} INFO - Started process (PID=171) to work on /opt/airflow/dags/main.py
[2026-02-16T14:34:05.582+0000] {processor.py:830} INFO - Processing file /opt/airflow/dags/main.py for tasks to queue
[2026-02-16T14:34:05.586+0000] {logging_mixin.py:188} INFO - [2026-02-16T14:34:05.585+0000] {dagbag.py:545} INFO - Filling up the DagBag from /opt/airflow/dags/main.py
[2026-02-16T14:34:05.636+0000] {processor.py:840} INFO - DAG(s) 'produce_json' retrieved from /opt/airflow/dags/main.py
[2026-02-16T14:34:05.666+0000] {logging_mixin.py:188} INFO - [2026-02-16T14:34:05.666+0000] {dag.py:3096} INFO - Sync 1 DAGs
[2026-02-16T14:34:05.691+0000] {logging_mixin.py:188} INFO - [2026-02-16T14:34:05.691+0000] {dag.py:3954} INFO - Setting next_dagrun for produce_json to 2026-02-16 14:00:00+00:00, run_after=2026-02-17 14:00:00+00:00
[2026-02-16T14:34:05.710+0000] {processor.py:183} INFO - Processing /opt/airflow/dags/main.py took 0.136 seconds
[2026-02-16T14:34:36.228+0000] {processor.py:161} INFO - Started process (PID=178) to work on /opt/airflow/dags/main.py
[2026-02-16T14:34:36.229+0000] {processor.py:830} INFO - Processing file /opt/airflow/dags/main.py for tasks to queue
[2026-02-16T14:34:36.232+0000] {logging_mixin.py:188} INFO - [2026-02-16T14:34:36.231+0000] {dagbag.py:545} INFO - Filling up the DagBag from /opt/airflow/dags/main.py
[2026-02-16T14:34:36.286+0000] {processor.py:840} INFO - DAG(s) 'produce_json' retrieved from /opt/airflow/dags/main.py
[2026-02-16T14:34:36.325+0000] {logging_mixin.py:188} INFO - [2026-02-16T14:34:36.325+0000] {dag.py:3096} INFO - Sync 1 DAGs
[2026-02-16T14:34:36.359+0000] {logging_mixin.py:188} INFO - [2026-02-16T14:34:36.359+0000] {dag.py:3954} INFO - Setting next_dagrun for produce_json to 2026-02-16 14:00:00+00:00, run_after=2026-02-17 14:00:00+00:00
[2026-02-16T14:34:36.384+0000] {processor.py:183} INFO - Processing /opt/airflow/dags/main.py took 0.163 seconds
[2026-02-16T14:35:06.999+0000] {processor.py:161} INFO - Started process (PID=185) to work on /opt/airflow/dags/main.py
[2026-02-16T14:35:07.000+0000] {processor.py:830} INFO - Processing file /opt/airflow/dags/main.py for tasks to queue
[2026-02-16T14:35:07.001+0000] {logging_mixin.py:188} INFO - [2026-02-16T14:35:07.001+0000] {dagbag.py:545} INFO - Filling up the DagBag from /opt/airflow/dags/main.py
[2026-02-16T14:35:07.052+0000] {processor.py:840} INFO - DAG(s) 'produce_json' retrieved from /opt/airflow/dags/main.py
[2026-02-16T14:35:07.086+0000] {logging_mixin.py:188} INFO - [2026-02-16T14:35:07.086+0000] {dag.py:3096} INFO - Sync 1 DAGs
[2026-02-16T14:35:07.109+0000] {logging_mixin.py:188} INFO - [2026-02-16T14:35:07.109+0000] {dag.py:3954} INFO - Setting next_dagrun for produce_json to 2026-02-16 14:00:00+00:00, run_after=2026-02-17 14:00:00+00:00
[2026-02-16T14:35:07.134+0000] {processor.py:183} INFO - Processing /opt/airflow/dags/main.py took 0.141 seconds
[2026-02-16T14:35:37.619+0000] {processor.py:161} INFO - Started process (PID=192) to work on /opt/airflow/dags/main.py
[2026-02-16T14:35:37.620+0000] {processor.py:830} INFO - Processing file /opt/airflow/dags/main.py for tasks to queue
[2026-02-16T14:35:37.622+0000] {logging_mixin.py:188} INFO - [2026-02-16T14:35:37.622+0000] {dagbag.py:545} INFO - Filling up the DagBag from /opt/airflow/dags/main.py
[2026-02-16T14:35:37.673+0000] {processor.py:840} INFO - DAG(s) 'produce_json' retrieved from /opt/airflow/dags/main.py
[2026-02-16T14:35:37.704+0000] {logging_mixin.py:188} INFO - [2026-02-16T14:35:37.704+0000] {dag.py:3096} INFO - Sync 1 DAGs
[2026-02-16T14:35:37.733+0000] {logging_mixin.py:188} INFO - [2026-02-16T14:35:37.733+0000] {dag.py:3954} INFO - Setting next_dagrun for produce_json to 2026-02-16 14:00:00+00:00, run_after=2026-02-17 14:00:00+00:00
[2026-02-16T14:35:37.766+0000] {processor.py:183} INFO - Processing /opt/airflow/dags/main.py took 0.153 seconds
[2026-02-16T14:36:08.378+0000] {processor.py:161} INFO - Started process (PID=199) to work on /opt/airflow/dags/main.py
[2026-02-16T14:36:08.380+0000] {processor.py:830} INFO - Processing file /opt/airflow/dags/main.py for tasks to queue
[2026-02-16T14:36:08.383+0000] {logging_mixin.py:188} INFO - [2026-02-16T14:36:08.382+0000] {dagbag.py:545} INFO - Filling up the DagBag from /opt/airflow/dags/main.py
[2026-02-16T14:36:08.439+0000] {processor.py:840} INFO - DAG(s) 'produce_json' retrieved from /opt/airflow/dags/main.py
[2026-02-16T14:36:08.472+0000] {logging_mixin.py:188} INFO - [2026-02-16T14:36:08.472+0000] {dag.py:3096} INFO - Sync 1 DAGs
[2026-02-16T14:36:08.496+0000] {logging_mixin.py:188} INFO - [2026-02-16T14:36:08.496+0000] {dag.py:3954} INFO - Setting next_dagrun for produce_json to 2026-02-16 14:00:00+00:00, run_after=2026-02-17 14:00:00+00:00
[2026-02-16T14:36:08.520+0000] {processor.py:183} INFO - Processing /opt/airflow/dags/main.py took 0.147 seconds
[2026-02-16T14:36:39.074+0000] {processor.py:161} INFO - Started process (PID=206) to work on /opt/airflow/dags/main.py
[2026-02-16T14:36:39.076+0000] {processor.py:830} INFO - Processing file /opt/airflow/dags/main.py for tasks to queue
[2026-02-16T14:36:39.077+0000] {logging_mixin.py:188} INFO - [2026-02-16T14:36:39.077+0000] {dagbag.py:545} INFO - Filling up the DagBag from /opt/airflow/dags/main.py
[2026-02-16T14:36:39.122+0000] {processor.py:840} INFO - DAG(s) 'produce_json' retrieved from /opt/airflow/dags/main.py
[2026-02-16T14:36:39.150+0000] {logging_mixin.py:188} INFO - [2026-02-16T14:36:39.150+0000] {dag.py:3096} INFO - Sync 1 DAGs
[2026-02-16T14:36:39.174+0000] {logging_mixin.py:188} INFO - [2026-02-16T14:36:39.174+0000] {dag.py:3954} INFO - Setting next_dagrun for produce_json to 2026-02-16 14:00:00+00:00, run_after=2026-02-17 14:00:00+00:00
[2026-02-16T14:36:39.207+0000] {processor.py:183} INFO - Processing /opt/airflow/dags/main.py took 0.138 seconds
[2026-02-16T14:37:10.076+0000] {processor.py:161} INFO - Started process (PID=213) to work on /opt/airflow/dags/main.py
[2026-02-16T14:37:10.077+0000] {processor.py:830} INFO - Processing file /opt/airflow/dags/main.py for tasks to queue
[2026-02-16T14:37:10.079+0000] {logging_mixin.py:188} INFO - [2026-02-16T14:37:10.079+0000] {dagbag.py:545} INFO - Filling up the DagBag from /opt/airflow/dags/main.py
[2026-02-16T14:37:10.142+0000] {processor.py:840} INFO - DAG(s) 'produce_json' retrieved from /opt/airflow/dags/main.py
[2026-02-16T14:37:10.175+0000] {logging_mixin.py:188} INFO - [2026-02-16T14:37:10.175+0000] {dag.py:3096} INFO - Sync 1 DAGs
[2026-02-16T14:37:10.212+0000] {logging_mixin.py:188} INFO - [2026-02-16T14:37:10.211+0000] {dag.py:3954} INFO - Setting next_dagrun for produce_json to 2026-02-16 14:00:00+00:00, run_after=2026-02-17 14:00:00+00:00
[2026-02-16T14:37:10.248+0000] {processor.py:183} INFO - Processing /opt/airflow/dags/main.py took 0.178 seconds
[2026-02-16T14:37:40.580+0000] {processor.py:161} INFO - Started process (PID=220) to work on /opt/airflow/dags/main.py
[2026-02-16T14:37:40.581+0000] {processor.py:830} INFO - Processing file /opt/airflow/dags/main.py for tasks to queue
[2026-02-16T14:37:40.583+0000] {logging_mixin.py:188} INFO - [2026-02-16T14:37:40.583+0000] {dagbag.py:545} INFO - Filling up the DagBag from /opt/airflow/dags/main.py
[2026-02-16T14:37:40.630+0000] {processor.py:840} INFO - DAG(s) 'produce_json' retrieved from /opt/airflow/dags/main.py
[2026-02-16T14:37:40.664+0000] {logging_mixin.py:188} INFO - [2026-02-16T14:37:40.664+0000] {dag.py:3096} INFO - Sync 1 DAGs
[2026-02-16T14:37:40.687+0000] {logging_mixin.py:188} INFO - [2026-02-16T14:37:40.687+0000] {dag.py:3954} INFO - Setting next_dagrun for produce_json to 2026-02-16 14:00:00+00:00, run_after=2026-02-17 14:00:00+00:00
[2026-02-16T14:37:40.711+0000] {processor.py:183} INFO - Processing /opt/airflow/dags/main.py took 0.137 seconds
[2026-02-16T14:38:11.195+0000] {processor.py:161} INFO - Started process (PID=227) to work on /opt/airflow/dags/main.py
[2026-02-16T14:38:11.197+0000] {processor.py:830} INFO - Processing file /opt/airflow/dags/main.py for tasks to queue
[2026-02-16T14:38:11.200+0000] {logging_mixin.py:188} INFO - [2026-02-16T14:38:11.199+0000] {dagbag.py:545} INFO - Filling up the DagBag from /opt/airflow/dags/main.py
[2026-02-16T14:38:11.254+0000] {processor.py:840} INFO - DAG(s) 'produce_json' retrieved from /opt/airflow/dags/main.py
[2026-02-16T14:38:11.287+0000] {logging_mixin.py:188} INFO - [2026-02-16T14:38:11.286+0000] {dag.py:3096} INFO - Sync 1 DAGs
[2026-02-16T14:38:11.311+0000] {logging_mixin.py:188} INFO - [2026-02-16T14:38:11.311+0000] {dag.py:3954} INFO - Setting next_dagrun for produce_json to 2026-02-16 14:00:00+00:00, run_after=2026-02-17 14:00:00+00:00
[2026-02-16T14:38:11.348+0000] {processor.py:183} INFO - Processing /opt/airflow/dags/main.py took 0.161 seconds
[2026-02-16T14:38:41.906+0000] {processor.py:161} INFO - Started process (PID=235) to work on /opt/airflow/dags/main.py
[2026-02-16T14:38:41.907+0000] {processor.py:830} INFO - Processing file /opt/airflow/dags/main.py for tasks to queue
[2026-02-16T14:38:41.910+0000] {logging_mixin.py:188} INFO - [2026-02-16T14:38:41.909+0000] {dagbag.py:545} INFO - Filling up the DagBag from /opt/airflow/dags/main.py
[2026-02-16T14:38:41.996+0000] {processor.py:840} INFO - DAG(s) 'produce_json' retrieved from /opt/airflow/dags/main.py
[2026-02-16T14:38:42.044+0000] {logging_mixin.py:188} INFO - [2026-02-16T14:38:42.044+0000] {dag.py:3096} INFO - Sync 1 DAGs
[2026-02-16T14:38:42.068+0000] {logging_mixin.py:188} INFO - [2026-02-16T14:38:42.068+0000] {dag.py:3954} INFO - Setting next_dagrun for produce_json to 2026-02-16 14:00:00+00:00, run_after=2026-02-17 14:00:00+00:00
[2026-02-16T14:38:42.090+0000] {processor.py:183} INFO - Processing /opt/airflow/dags/main.py took 0.191 seconds
[2026-02-16T14:39:12.955+0000] {processor.py:161} INFO - Started process (PID=242) to work on /opt/airflow/dags/main.py
[2026-02-16T14:39:12.956+0000] {processor.py:830} INFO - Processing file /opt/airflow/dags/main.py for tasks to queue
[2026-02-16T14:39:12.958+0000] {logging_mixin.py:188} INFO - [2026-02-16T14:39:12.958+0000] {dagbag.py:545} INFO - Filling up the DagBag from /opt/airflow/dags/main.py
[2026-02-16T14:39:13.020+0000] {processor.py:840} INFO - DAG(s) 'produce_json' retrieved from /opt/airflow/dags/main.py
[2026-02-16T14:39:13.053+0000] {logging_mixin.py:188} INFO - [2026-02-16T14:39:13.053+0000] {dag.py:3096} INFO - Sync 1 DAGs
[2026-02-16T14:39:13.086+0000] {logging_mixin.py:188} INFO - [2026-02-16T14:39:13.086+0000] {dag.py:3954} INFO - Setting next_dagrun for produce_json to 2026-02-16 14:00:00+00:00, run_after=2026-02-17 14:00:00+00:00
[2026-02-16T14:39:13.116+0000] {processor.py:183} INFO - Processing /opt/airflow/dags/main.py took 0.167 seconds
[2026-02-16T14:39:43.713+0000] {processor.py:161} INFO - Started process (PID=255) to work on /opt/airflow/dags/main.py
[2026-02-16T14:39:43.714+0000] {processor.py:830} INFO - Processing file /opt/airflow/dags/main.py for tasks to queue
[2026-02-16T14:39:43.717+0000] {logging_mixin.py:188} INFO - [2026-02-16T14:39:43.716+0000] {dagbag.py:545} INFO - Filling up the DagBag from /opt/airflow/dags/main.py
[2026-02-16T14:39:43.806+0000] {processor.py:840} INFO - DAG(s) 'produce_json' retrieved from /opt/airflow/dags/main.py
[2026-02-16T14:39:43.844+0000] {logging_mixin.py:188} INFO - [2026-02-16T14:39:43.844+0000] {dag.py:3096} INFO - Sync 1 DAGs
[2026-02-16T14:39:43.873+0000] {logging_mixin.py:188} INFO - [2026-02-16T14:39:43.872+0000] {dag.py:3954} INFO - Setting next_dagrun for produce_json to 2026-02-16 14:00:00+00:00, run_after=2026-02-17 14:00:00+00:00
[2026-02-16T14:39:43.906+0000] {processor.py:183} INFO - Processing /opt/airflow/dags/main.py took 0.201 seconds
[2026-02-16T14:40:14.642+0000] {processor.py:161} INFO - Started process (PID=262) to work on /opt/airflow/dags/main.py
[2026-02-16T14:40:14.644+0000] {processor.py:830} INFO - Processing file /opt/airflow/dags/main.py for tasks to queue
[2026-02-16T14:40:14.651+0000] {logging_mixin.py:188} INFO - [2026-02-16T14:40:14.650+0000] {dagbag.py:545} INFO - Filling up the DagBag from /opt/airflow/dags/main.py
[2026-02-16T14:40:14.776+0000] {processor.py:840} INFO - DAG(s) 'produce_json' retrieved from /opt/airflow/dags/main.py
[2026-02-16T14:40:14.834+0000] {logging_mixin.py:188} INFO - [2026-02-16T14:40:14.834+0000] {dag.py:3096} INFO - Sync 1 DAGs
[2026-02-16T14:40:14.864+0000] {logging_mixin.py:188} INFO - [2026-02-16T14:40:14.864+0000] {dag.py:3954} INFO - Setting next_dagrun for produce_json to 2026-02-16 14:00:00+00:00, run_after=2026-02-17 14:00:00+00:00
[2026-02-16T14:40:14.882+0000] {processor.py:183} INFO - Processing /opt/airflow/dags/main.py took 0.254 seconds
[2026-02-16T14:40:45.200+0000] {processor.py:161} INFO - Started process (PID=269) to work on /opt/airflow/dags/main.py
[2026-02-16T14:40:45.203+0000] {processor.py:830} INFO - Processing file /opt/airflow/dags/main.py for tasks to queue
[2026-02-16T14:40:45.207+0000] {logging_mixin.py:188} INFO - [2026-02-16T14:40:45.206+0000] {dagbag.py:545} INFO - Filling up the DagBag from /opt/airflow/dags/main.py
[2026-02-16T14:40:45.292+0000] {processor.py:840} INFO - DAG(s) 'produce_json' retrieved from /opt/airflow/dags/main.py
[2026-02-16T14:40:45.337+0000] {logging_mixin.py:188} INFO - [2026-02-16T14:40:45.336+0000] {dag.py:3096} INFO - Sync 1 DAGs
[2026-02-16T14:40:45.369+0000] {logging_mixin.py:188} INFO - [2026-02-16T14:40:45.368+0000] {dag.py:3954} INFO - Setting next_dagrun for produce_json to 2026-02-16 14:00:00+00:00, run_after=2026-02-17 14:00:00+00:00
[2026-02-16T14:40:45.393+0000] {processor.py:183} INFO - Processing /opt/airflow/dags/main.py took 0.205 seconds
[2026-02-16T14:41:15.919+0000] {processor.py:161} INFO - Started process (PID=276) to work on /opt/airflow/dags/main.py
[2026-02-16T14:41:15.920+0000] {processor.py:830} INFO - Processing file /opt/airflow/dags/main.py for tasks to queue
[2026-02-16T14:41:15.922+0000] {logging_mixin.py:188} INFO - [2026-02-16T14:41:15.922+0000] {dagbag.py:545} INFO - Filling up the DagBag from /opt/airflow/dags/main.py
[2026-02-16T14:41:15.972+0000] {processor.py:840} INFO - DAG(s) 'produce_json' retrieved from /opt/airflow/dags/main.py
[2026-02-16T14:41:16.004+0000] {logging_mixin.py:188} INFO - [2026-02-16T14:41:16.004+0000] {dag.py:3096} INFO - Sync 1 DAGs
[2026-02-16T14:41:16.029+0000] {logging_mixin.py:188} INFO - [2026-02-16T14:41:16.029+0000] {dag.py:3954} INFO - Setting next_dagrun for produce_json to 2026-02-16 14:00:00+00:00, run_after=2026-02-17 14:00:00+00:00
[2026-02-16T14:41:16.056+0000] {processor.py:183} INFO - Processing /opt/airflow/dags/main.py took 0.144 seconds
[2026-02-16T14:41:46.715+0000] {processor.py:161} INFO - Started process (PID=283) to work on /opt/airflow/dags/main.py
[2026-02-16T14:41:46.717+0000] {processor.py:830} INFO - Processing file /opt/airflow/dags/main.py for tasks to queue
[2026-02-16T14:41:46.719+0000] {logging_mixin.py:188} INFO - [2026-02-16T14:41:46.718+0000] {dagbag.py:545} INFO - Filling up the DagBag from /opt/airflow/dags/main.py
[2026-02-16T14:41:46.783+0000] {processor.py:840} INFO - DAG(s) 'produce_json' retrieved from /opt/airflow/dags/main.py
[2026-02-16T14:41:46.814+0000] {logging_mixin.py:188} INFO - [2026-02-16T14:41:46.814+0000] {dag.py:3096} INFO - Sync 1 DAGs
[2026-02-16T14:41:46.838+0000] {logging_mixin.py:188} INFO - [2026-02-16T14:41:46.838+0000] {dag.py:3954} INFO - Setting next_dagrun for produce_json to 2026-02-16 14:00:00+00:00, run_after=2026-02-17 14:00:00+00:00
[2026-02-16T14:41:46.879+0000] {processor.py:183} INFO - Processing /opt/airflow/dags/main.py took 0.170 seconds
[2026-02-16T14:42:17.300+0000] {processor.py:161} INFO - Started process (PID=290) to work on /opt/airflow/dags/main.py
[2026-02-16T14:42:17.301+0000] {processor.py:830} INFO - Processing file /opt/airflow/dags/main.py for tasks to queue
[2026-02-16T14:42:17.303+0000] {logging_mixin.py:188} INFO - [2026-02-16T14:42:17.303+0000] {dagbag.py:545} INFO - Filling up the DagBag from /opt/airflow/dags/main.py
[2026-02-16T14:42:17.357+0000] {processor.py:840} INFO - DAG(s) 'produce_json' retrieved from /opt/airflow/dags/main.py
[2026-02-16T14:42:17.393+0000] {logging_mixin.py:188} INFO - [2026-02-16T14:42:17.392+0000] {dag.py:3096} INFO - Sync 1 DAGs
[2026-02-16T14:42:17.420+0000] {logging_mixin.py:188} INFO - [2026-02-16T14:42:17.419+0000] {dag.py:3954} INFO - Setting next_dagrun for produce_json to 2026-02-16 14:00:00+00:00, run_after=2026-02-17 14:00:00+00:00
[2026-02-16T14:42:17.450+0000] {processor.py:183} INFO - Processing /opt/airflow/dags/main.py took 0.156 seconds
[2026-02-16T14:42:48.061+0000] {processor.py:161} INFO - Started process (PID=297) to work on /opt/airflow/dags/main.py
[2026-02-16T14:42:48.063+0000] {processor.py:830} INFO - Processing file /opt/airflow/dags/main.py for tasks to queue
[2026-02-16T14:42:48.066+0000] {logging_mixin.py:188} INFO - [2026-02-16T14:42:48.065+0000] {dagbag.py:545} INFO - Filling up the DagBag from /opt/airflow/dags/main.py
[2026-02-16T14:42:48.135+0000] {processor.py:840} INFO - DAG(s) 'produce_json' retrieved from /opt/airflow/dags/main.py
[2026-02-16T14:42:48.167+0000] {logging_mixin.py:188} INFO - [2026-02-16T14:42:48.167+0000] {dag.py:3096} INFO - Sync 1 DAGs
[2026-02-16T14:42:48.196+0000] {logging_mixin.py:188} INFO - [2026-02-16T14:42:48.196+0000] {dag.py:3954} INFO - Setting next_dagrun for produce_json to 2026-02-16 14:00:00+00:00, run_after=2026-02-17 14:00:00+00:00
[2026-02-16T14:42:48.217+0000] {processor.py:183} INFO - Processing /opt/airflow/dags/main.py took 0.164 seconds
[2026-02-16T14:43:18.666+0000] {processor.py:161} INFO - Started process (PID=304) to work on /opt/airflow/dags/main.py
[2026-02-16T14:43:18.668+0000] {processor.py:830} INFO - Processing file /opt/airflow/dags/main.py for tasks to queue
[2026-02-16T14:43:18.671+0000] {logging_mixin.py:188} INFO - [2026-02-16T14:43:18.670+0000] {dagbag.py:545} INFO - Filling up the DagBag from /opt/airflow/dags/main.py
[2026-02-16T14:43:18.735+0000] {processor.py:840} INFO - DAG(s) 'produce_json' retrieved from /opt/airflow/dags/main.py
[2026-02-16T14:43:18.778+0000] {logging_mixin.py:188} INFO - [2026-02-16T14:43:18.778+0000] {dag.py:3096} INFO - Sync 1 DAGs
[2026-02-16T14:43:18.803+0000] {logging_mixin.py:188} INFO - [2026-02-16T14:43:18.803+0000] {dag.py:3954} INFO - Setting next_dagrun for produce_json to 2026-02-16 14:00:00+00:00, run_after=2026-02-17 14:00:00+00:00
[2026-02-16T14:43:18.837+0000] {processor.py:183} INFO - Processing /opt/airflow/dags/main.py took 0.177 seconds
[2026-02-16T14:43:49.467+0000] {processor.py:161} INFO - Started process (PID=311) to work on /opt/airflow/dags/main.py
[2026-02-16T14:43:49.469+0000] {processor.py:830} INFO - Processing file /opt/airflow/dags/main.py for tasks to queue
[2026-02-16T14:43:49.474+0000] {logging_mixin.py:188} INFO - [2026-02-16T14:43:49.473+0000] {dagbag.py:545} INFO - Filling up the DagBag from /opt/airflow/dags/main.py
[2026-02-16T14:43:49.537+0000] {processor.py:840} INFO - DAG(s) 'produce_json' retrieved from /opt/airflow/dags/main.py
[2026-02-16T14:43:49.575+0000] {logging_mixin.py:188} INFO - [2026-02-16T14:43:49.575+0000] {dag.py:3096} INFO - Sync 1 DAGs
[2026-02-16T14:43:49.606+0000] {logging_mixin.py:188} INFO - [2026-02-16T14:43:49.606+0000] {dag.py:3954} INFO - Setting next_dagrun for produce_json to 2026-02-16 14:00:00+00:00, run_after=2026-02-17 14:00:00+00:00
[2026-02-16T14:43:49.632+0000] {processor.py:183} INFO - Processing /opt/airflow/dags/main.py took 0.172 seconds
[2026-02-16T14:44:20.169+0000] {processor.py:161} INFO - Started process (PID=318) to work on /opt/airflow/dags/main.py
[2026-02-16T14:44:20.171+0000] {processor.py:830} INFO - Processing file /opt/airflow/dags/main.py for tasks to queue
[2026-02-16T14:44:20.174+0000] {logging_mixin.py:188} INFO - [2026-02-16T14:44:20.173+0000] {dagbag.py:545} INFO - Filling up the DagBag from /opt/airflow/dags/main.py
[2026-02-16T14:44:20.232+0000] {processor.py:840} INFO - DAG(s) 'produce_json' retrieved from /opt/airflow/dags/main.py
[2026-02-16T14:44:20.266+0000] {logging_mixin.py:188} INFO - [2026-02-16T14:44:20.266+0000] {dag.py:3096} INFO - Sync 1 DAGs
[2026-02-16T14:44:20.327+0000] {logging_mixin.py:188} INFO - [2026-02-16T14:44:20.326+0000] {dag.py:3954} INFO - Setting next_dagrun for produce_json to 2026-02-16 14:00:00+00:00, run_after=2026-02-17 14:00:00+00:00
[2026-02-16T14:44:20.351+0000] {processor.py:183} INFO - Processing /opt/airflow/dags/main.py took 0.190 seconds
[2026-02-16T14:44:50.903+0000] {processor.py:161} INFO - Started process (PID=325) to work on /opt/airflow/dags/main.py
[2026-02-16T14:44:50.904+0000] {processor.py:830} INFO - Processing file /opt/airflow/dags/main.py for tasks to queue
[2026-02-16T14:44:50.906+0000] {logging_mixin.py:188} INFO - [2026-02-16T14:44:50.906+0000] {dagbag.py:545} INFO - Filling up the DagBag from /opt/airflow/dags/main.py
[2026-02-16T14:44:50.470+0000] {processor.py:840} INFO - DAG(s) 'produce_json' retrieved from /opt/airflow/dags/main.py
[2026-02-16T14:44:50.502+0000] {logging_mixin.py:188} INFO - [2026-02-16T14:44:50.502+0000] {dag.py:3096} INFO - Sync 1 DAGs
[2026-02-16T14:44:50.548+0000] {logging_mixin.py:188} INFO - [2026-02-16T14:44:50.548+0000] {dag.py:3954} INFO - Setting next_dagrun for produce_json to 2026-02-16 14:00:00+00:00, run_after=2026-02-17 14:00:00+00:00
[2026-02-16T14:44:50.572+0000] {processor.py:183} INFO - Processing /opt/airflow/dags/main.py took 0.161 seconds
[2026-02-16T14:45:19.872+0000] {processor.py:161} INFO - Started process (PID=332) to work on /opt/airflow/dags/main.py
[2026-02-16T14:45:19.873+0000] {processor.py:830} INFO - Processing file /opt/airflow/dags/main.py for tasks to queue
[2026-02-16T14:45:19.876+0000] {logging_mixin.py:188} INFO - [2026-02-16T14:45:19.875+0000] {dagbag.py:545} INFO - Filling up the DagBag from /opt/airflow/dags/main.py
[2026-02-16T14:45:19.930+0000] {processor.py:840} INFO - DAG(s) 'produce_json' retrieved from /opt/airflow/dags/main.py
[2026-02-16T14:45:19.958+0000] {logging_mixin.py:188} INFO - [2026-02-16T14:45:19.958+0000] {dag.py:3096} INFO - Sync 1 DAGs
[2026-02-16T14:45:19.980+0000] {logging_mixin.py:188} INFO - [2026-02-16T14:45:19.979+0000] {dag.py:3954} INFO - Setting next_dagrun for produce_json to 2026-02-16 14:00:00+00:00, run_after=2026-02-17 14:00:00+00:00
[2026-02-16T14:45:20.001+0000] {processor.py:183} INFO - Processing /opt/airflow/dags/main.py took 0.136 seconds
[2026-02-16T14:45:50.548+0000] {processor.py:161} INFO - Started process (PID=339) to work on /opt/airflow/dags/main.py
[2026-02-16T14:45:50.551+0000] {processor.py:830} INFO - Processing file /opt/airflow/dags/main.py for tasks to queue
[2026-02-16T14:45:50.556+0000] {logging_mixin.py:188} INFO - [2026-02-16T14:45:50.556+0000] {dagbag.py:545} INFO - Filling up the DagBag from /opt/airflow/dags/main.py
[2026-02-16T14:45:50.635+0000] {processor.py:840} INFO - DAG(s) 'produce_json' retrieved from /opt/airflow/dags/main.py
[2026-02-16T14:45:50.680+0000] {logging_mixin.py:188} INFO - [2026-02-16T14:45:50.679+0000] {dag.py:3096} INFO - Sync 1 DAGs
[2026-02-16T14:45:50.714+0000] {logging_mixin.py:188} INFO - [2026-02-16T14:45:50.714+0000] {dag.py:3954} INFO - Setting next_dagrun for produce_json to 2026-02-16 14:00:00+00:00, run_after=2026-02-17 14:00:00+00:00
[2026-02-16T14:45:50.741+0000] {processor.py:183} INFO - Processing /opt/airflow/dags/main.py took 0.203 seconds
[2026-02-16T14:46:21.528+0000] {processor.py:161} INFO - Started process (PID=352) to work on /opt/airflow/dags/main.py
[2026-02-16T14:46:21.530+0000] {processor.py:830} INFO - Processing file /opt/airflow/dags/main.py for tasks to queue
[2026-02-16T14:46:21.533+0000] {logging_mixin.py:188} INFO - [2026-02-16T14:46:21.532+0000] {dagbag.py:545} INFO - Filling up the DagBag from /opt/airflow/dags/main.py
[2026-02-16T14:46:21.599+0000] {processor.py:840} INFO - DAG(s) 'produce_json' retrieved from /opt/airflow/dags/main.py
[2026-02-16T14:46:21.634+0000] {logging_mixin.py:188} INFO - [2026-02-16T14:46:21.633+0000] {dag.py:3096} INFO - Sync 1 DAGs
[2026-02-16T14:46:21.662+0000] {logging_mixin.py:188} INFO - [2026-02-16T14:46:21.662+0000] {dag.py:3954} INFO - Setting next_dagrun for produce_json to 2026-02-16 14:00:00+00:00, run_after=2026-02-17 14:00:00+00:00
[2026-02-16T14:46:21.691+0000] {processor.py:183} INFO - Processing /opt/airflow/dags/main.py took 0.172 seconds
[2026-02-16T14:46:52.324+0000] {processor.py:161} INFO - Started process (PID=359) to work on /opt/airflow/dags/main.py
[2026-02-16T14:46:52.326+0000] {processor.py:830} INFO - Processing file /opt/airflow/dags/main.py for tasks to queue
[2026-02-16T14:46:52.328+0000] {logging_mixin.py:188} INFO - [2026-02-16T14:46:52.328+0000] {dagbag.py:545} INFO - Filling up the DagBag from /opt/airflow/dags/main.py
[2026-02-16T14:46:52.380+0000] {processor.py:840} INFO - DAG(s) 'produce_json' retrieved from /opt/airflow/dags/main.py
[2026-02-16T14:46:52.416+0000] {logging_mixin.py:188} INFO - [2026-02-16T14:46:52.416+0000] {dag.py:3096} INFO - Sync 1 DAGs
[2026-02-16T14:46:52.446+0000] {logging_mixin.py:188} INFO - [2026-02-16T14:46:52.446+0000] {dag.py:3954} INFO - Setting next_dagrun for produce_json to 2026-02-16 14:00:00+00:00, run_after=2026-02-17 14:00:00+00:00
[2026-02-16T14:46:52.487+0000] {processor.py:183} INFO - Processing /opt/airflow/dags/main.py took 0.169 seconds
[2026-02-16T14:47:23.391+0000] {processor.py:161} INFO - Started process (PID=366) to work on /opt/airflow/dags/main.py
[2026-02-16T14:47:23.393+0000] {processor.py:830} INFO - Processing file /opt/airflow/dags/main.py for tasks to queue
[2026-02-16T14:47:23.395+0000] {logging_mixin.py:188} INFO - [2026-02-16T14:47:23.395+0000] {dagbag.py:545} INFO - Filling up the DagBag from /opt/airflow/dags/main.py
[2026-02-16T14:47:23.468+0000] {processor.py:840} INFO - DAG(s) 'produce_json' retrieved from /opt/airflow/dags/main.py
[2026-02-16T14:47:23.497+0000] {logging_mixin.py:188} INFO - [2026-02-16T14:47:23.496+0000] {dag.py:3096} INFO - Sync 1 DAGs
[2026-02-16T14:47:23.520+0000] {logging_mixin.py:188} INFO - [2026-02-16T14:47:23.520+0000] {dag.py:3954} INFO - Setting next_dagrun for produce_json to 2026-02-16 14:00:00+00:00, run_after=2026-02-17 14:00:00+00:00
[2026-02-16T14:47:23.561+0000] {processor.py:183} INFO - Processing /opt/airflow/dags/main.py took 0.177 seconds
[2026-02-16T14:47:54.270+0000] {processor.py:161} INFO - Started process (PID=373) to work on /opt/airflow/dags/main.py
[2026-02-16T14:47:54.271+0000] {processor.py:830} INFO - Processing file /opt/airflow/dags/main.py for tasks to queue
[2026-02-16T14:47:54.273+0000] {logging_mixin.py:188} INFO - [2026-02-16T14:47:54.273+0000] {dagbag.py:545} INFO - Filling up the DagBag from /opt/airflow/dags/main.py
[2026-02-16T14:47:54.319+0000] {processor.py:840} INFO - DAG(s) 'produce_json' retrieved from /opt/airflow/dags/main.py
[2026-02-16T14:47:54.352+0000] {logging_mixin.py:188} INFO - [2026-02-16T14:47:54.352+0000] {dag.py:3096} INFO - Sync 1 DAGs
[2026-02-16T14:47:54.376+0000] {logging_mixin.py:188} INFO - [2026-02-16T14:47:54.376+0000] {dag.py:3954} INFO - Setting next_dagrun for produce_json to 2026-02-16 14:00:00+00:00, run_after=2026-02-17 14:00:00+00:00
[2026-02-16T14:47:54.411+0000] {processor.py:183} INFO - Processing /opt/airflow/dags/main.py took 0.147 seconds
[2026-02-16T14:48:25.019+0000] {processor.py:161} INFO - Started process (PID=380) to work on /opt/airflow/dags/main.py
[2026-02-16T14:48:25.020+0000] {processor.py:830} INFO - Processing file /opt/airflow/dags/main.py for tasks to queue
[2026-02-16T14:48:25.022+0000] {logging_mixin.py:188} INFO - [2026-02-16T14:48:25.022+0000] {dagbag.py:545} INFO - Filling up the DagBag from /opt/airflow/dags/main.py
[2026-02-16T14:48:25.067+0000] {processor.py:840} INFO - DAG(s) 'produce_json' retrieved from /opt/airflow/dags/main.py
[2026-02-16T14:48:25.099+0000] {logging_mixin.py:188} INFO - [2026-02-16T14:48:25.098+0000] {dag.py:3096} INFO - Sync 1 DAGs
[2026-02-16T14:48:25.123+0000] {logging_mixin.py:188} INFO - [2026-02-16T14:48:25.123+0000] {dag.py:3954} INFO - Setting next_dagrun for produce_json to 2026-02-16 14:00:00+00:00, run_after=2026-02-17 14:00:00+00:00
[2026-02-16T14:48:25.158+0000] {processor.py:183} INFO - Processing /opt/airflow/dags/main.py took 0.145 seconds
[2026-02-16T14:48:55.840+0000] {processor.py:161} INFO - Started process (PID=387) to work on /opt/airflow/dags/main.py
[2026-02-16T14:48:55.841+0000] {processor.py:830} INFO - Processing file /opt/airflow/dags/main.py for tasks to queue
[2026-02-16T14:48:55.843+0000] {logging_mixin.py:188} INFO - [2026-02-16T14:48:55.843+0000] {dagbag.py:545} INFO - Filling up the DagBag from /opt/airflow/dags/main.py
[2026-02-16T14:48:55.893+0000] {processor.py:840} INFO - DAG(s) 'produce_json' retrieved from /opt/airflow/dags/main.py
[2026-02-16T14:48:55.926+0000] {logging_mixin.py:188} INFO - [2026-02-16T14:48:55.925+0000] {dag.py:3096} INFO - Sync 1 DAGs
[2026-02-16T14:48:55.965+0000] {logging_mixin.py:188} INFO - [2026-02-16T14:48:55.965+0000] {dag.py:3954} INFO - Setting next_dagrun for produce_json to 2026-02-16 14:00:00+00:00, run_after=2026-02-17 14:00:00+00:00
[2026-02-16T14:48:55.989+0000] {processor.py:183} INFO - Processing /opt/airflow/dags/main.py took 0.155 seconds
[2026-02-16T14:49:26.626+0000] {processor.py:161} INFO - Started process (PID=394) to work on /opt/airflow/dags/main.py
[2026-02-16T14:49:26.628+0000] {processor.py:830} INFO - Processing file /opt/airflow/dags/main.py for tasks to queue
[2026-02-16T14:49:26.630+0000] {logging_mixin.py:188} INFO - [2026-02-16T14:49:26.630+0000] {dagbag.py:545} INFO - Filling up the DagBag from /opt/airflow/dags/main.py
[2026-02-16T14:49:26.683+0000] {processor.py:840} INFO - DAG(s) 'produce_json' retrieved from /opt/airflow/dags/main.py
[2026-02-16T14:49:26.712+0000] {logging_mixin.py:188} INFO - [2026-02-16T14:49:26.712+0000] {dag.py:3096} INFO - Sync 1 DAGs
[2026-02-16T14:49:26.736+0000] {logging_mixin.py:188} INFO - [2026-02-16T14:49:26.736+0000] {dag.py:3954} INFO - Setting next_dagrun for produce_json to 2026-02-16 14:00:00+00:00, run_after=2026-02-17 14:00:00+00:00
[2026-02-16T14:49:26.760+0000] {processor.py:183} INFO - Processing /opt/airflow/dags/main.py took 0.145 seconds
[2026-02-16T14:49:57.556+0000] {processor.py:161} INFO - Started process (PID=401) to work on /opt/airflow/dags/main.py
[2026-02-16T14:49:57.557+0000] {processor.py:830} INFO - Processing file /opt/airflow/dags/main.py for tasks to queue
[2026-02-16T14:49:57.560+0000] {logging_mixin.py:188} INFO - [2026-02-16T14:49:57.560+0000] {dagbag.py:545} INFO - Filling up the DagBag from /opt/airflow/dags/main.py
[2026-02-16T14:49:57.620+0000] {processor.py:840} INFO - DAG(s) 'produce_json' retrieved from /opt/airflow/dags/main.py
[2026-02-16T14:49:57.652+0000] {logging_mixin.py:188} INFO - [2026-02-16T14:49:57.652+0000] {dag.py:3096} INFO - Sync 1 DAGs
[2026-02-16T14:49:57.678+0000] {logging_mixin.py:188} INFO - [2026-02-16T14:49:57.678+0000] {dag.py:3954} INFO - Setting next_dagrun for produce_json to 2026-02-16 14:00:00+00:00, run_after=2026-02-17 14:00:00+00:00
[2026-02-16T14:49:57.698+0000] {processor.py:183} INFO - Processing /opt/airflow/dags/main.py took 0.147 seconds
[2026-02-16T14:50:28.277+0000] {processor.py:161} INFO - Started process (PID=408) to work on /opt/airflow/dags/main.py
[2026-02-16T14:50:28.278+0000] {processor.py:830} INFO - Processing file /opt/airflow/dags/main.py for tasks to queue
[2026-02-16T14:50:28.281+0000] {logging_mixin.py:188} INFO - [2026-02-16T14:50:28.281+0000] {dagbag.py:545} INFO - Filling up the DagBag from /opt/airflow/dags/main.py
[2026-02-16T14:50:28.357+0000] {processor.py:840} INFO - DAG(s) 'produce_json' retrieved from /opt/airflow/dags/main.py
[2026-02-16T14:50:28.393+0000] {logging_mixin.py:188} INFO - [2026-02-16T14:50:28.393+0000] {dag.py:3096} INFO - Sync 1 DAGs
[2026-02-16T14:50:28.417+0000] {logging_mixin.py:188} INFO - [2026-02-16T14:50:28.416+0000] {dag.py:3954} INFO - Setting next_dagrun for produce_json to 2026-02-16 14:00:00+00:00, run_after=2026-02-17 14:00:00+00:00
[2026-02-16T14:50:28.444+0000] {processor.py:183} INFO - Processing /opt/airflow/dags/main.py took 0.173 seconds
[2026-02-16T14:50:59.257+0000] {processor.py:161} INFO - Started process (PID=415) to work on /opt/airflow/dags/main.py
[2026-02-16T14:50:59.259+0000] {processor.py:830} INFO - Processing file /opt/airflow/dags/main.py for tasks to queue
[2026-02-16T14:50:59.262+0000] {logging_mixin.py:188} INFO - [2026-02-16T14:50:59.262+0000] {dagbag.py:545} INFO - Filling up the DagBag from /opt/airflow/dags/main.py
[2026-02-16T14:50:59.315+0000] {processor.py:840} INFO - DAG(s) 'produce_json' retrieved from /opt/airflow/dags/main.py
[2026-02-16T14:50:59.347+0000] {logging_mixin.py:188} INFO - [2026-02-16T14:50:59.346+0000] {dag.py:3096} INFO - Sync 1 DAGs
[2026-02-16T14:50:59.374+0000] {logging_mixin.py:188} INFO - [2026-02-16T14:50:59.374+0000] {dag.py:3954} INFO - Setting next_dagrun for produce_json to 2026-02-16 14:00:00+00:00, run_after=2026-02-17 14:00:00+00:00
[2026-02-16T14:50:59.413+0000] {processor.py:183} INFO - Processing /opt/airflow/dags/main.py took 0.164 seconds
[2026-02-16T14:51:29.601+0000] {processor.py:161} INFO - Started process (PID=422) to work on /opt/airflow/dags/main.py
[2026-02-16T14:51:29.603+0000] {processor.py:830} INFO - Processing file /opt/airflow/dags/main.py for tasks to queue
[2026-02-16T14:51:29.608+0000] {logging_mixin.py:188} INFO - [2026-02-16T14:51:29.608+0000] {dagbag.py:545} INFO - Filling up the DagBag from /opt/airflow/dags/main.py
[2026-02-16T14:51:29.663+0000] {processor.py:840} INFO - DAG(s) 'produce_json' retrieved from /opt/airflow/dags/main.py
[2026-02-16T14:51:29.694+0000] {logging_mixin.py:188} INFO - [2026-02-16T14:51:29.693+0000] {dag.py:3096} INFO - Sync 1 DAGs
[2026-02-16T14:51:29.722+0000] {logging_mixin.py:188} INFO - [2026-02-16T14:51:29.722+0000] {dag.py:3954} INFO - Setting next_dagrun for produce_json to 2026-02-16 14:00:00+00:00, run_after=2026-02-17 14:00:00+00:00
[2026-02-16T14:51:29.752+0000] {processor.py:183} INFO - Processing /opt/airflow/dags/main.py took 0.158 seconds
[2026-02-16T14:52:00.551+0000] {processor.py:161} INFO - Started process (PID=429) to work on /opt/airflow/dags/main.py
[2026-02-16T14:52:00.553+0000] {processor.py:830} INFO - Processing file /opt/airflow/dags/main.py for tasks to queue
[2026-02-16T14:52:00.556+0000] {logging_mixin.py:188} INFO - [2026-02-16T14:52:00.555+0000] {dagbag.py:545} INFO - Filling up the DagBag from /opt/airflow/dags/main.py
[2026-02-16T14:52:00.626+0000] {processor.py:840} INFO - DAG(s) 'produce_json' retrieved from /opt/airflow/dags/main.py
[2026-02-16T14:52:00.675+0000] {logging_mixin.py:188} INFO - [2026-02-16T14:52:00.675+0000] {dag.py:3096} INFO - Sync 1 DAGs
[2026-02-16T14:52:00.722+0000] {logging_mixin.py:188} INFO - [2026-02-16T14:52:00.722+0000] {dag.py:3954} INFO - Setting next_dagrun for produce_json to 2026-02-16 14:00:00+00:00, run_after=2026-02-17 14:00:00+00:00
[2026-02-16T14:52:00.749+0000] {processor.py:183} INFO - Processing /opt/airflow/dags/main.py took 0.206 seconds
[2026-02-16T14:52:31.338+0000] {processor.py:161} INFO - Started process (PID=442) to work on /opt/airflow/dags/main.py
[2026-02-16T14:52:31.339+0000] {processor.py:830} INFO - Processing file /opt/airflow/dags/main.py for tasks to queue
[2026-02-16T14:52:31.341+0000] {logging_mixin.py:188} INFO - [2026-02-16T14:52:31.340+0000] {dagbag.py:545} INFO - Filling up the DagBag from /opt/airflow/dags/main.py
[2026-02-16T14:52:31.383+0000] {processor.py:840} INFO - DAG(s) 'produce_json' retrieved from /opt/airflow/dags/main.py
[2026-02-16T14:52:31.418+0000] {logging_mixin.py:188} INFO - [2026-02-16T14:52:31.417+0000] {dag.py:3096} INFO - Sync 1 DAGs
[2026-02-16T14:52:31.442+0000] {logging_mixin.py:188} INFO - [2026-02-16T14:52:31.441+0000] {dag.py:3954} INFO - Setting next_dagrun for produce_json to 2026-02-16 14:00:00+00:00, run_after=2026-02-17 14:00:00+00:00
[2026-02-16T14:52:31.459+0000] {processor.py:183} INFO - Processing /opt/airflow/dags/main.py took 0.126 seconds
[2026-02-16T14:53:02.122+0000] {processor.py:161} INFO - Started process (PID=450) to work on /opt/airflow/dags/main.py
[2026-02-16T14:53:02.123+0000] {processor.py:830} INFO - Processing file /opt/airflow/dags/main.py for tasks to queue
[2026-02-16T14:53:02.125+0000] {logging_mixin.py:188} INFO - [2026-02-16T14:53:02.125+0000] {dagbag.py:545} INFO - Filling up the DagBag from /opt/airflow/dags/main.py
[2026-02-16T14:53:02.176+0000] {processor.py:840} INFO - DAG(s) 'produce_json' retrieved from /opt/airflow/dags/main.py
[2026-02-16T14:53:02.211+0000] {logging_mixin.py:188} INFO - [2026-02-16T14:53:02.211+0000] {dag.py:3096} INFO - Sync 1 DAGs
[2026-02-16T14:53:02.239+0000] {logging_mixin.py:188} INFO - [2026-02-16T14:53:02.238+0000] {dag.py:3954} INFO - Setting next_dagrun for produce_json to 2026-02-16 14:00:00+00:00, run_after=2026-02-17 14:00:00+00:00
[2026-02-16T14:53:02.271+0000] {processor.py:183} INFO - Processing /opt/airflow/dags/main.py took 0.156 seconds
[2026-02-16T14:53:33.011+0000] {processor.py:161} INFO - Started process (PID=457) to work on /opt/airflow/dags/main.py
[2026-02-16T14:53:33.012+0000] {processor.py:830} INFO - Processing file /opt/airflow/dags/main.py for tasks to queue
[2026-02-16T14:53:33.015+0000] {logging_mixin.py:188} INFO - [2026-02-16T14:53:33.014+0000] {dagbag.py:545} INFO - Filling up the DagBag from /opt/airflow/dags/main.py
[2026-02-16T14:53:33.068+0000] {processor.py:840} INFO - DAG(s) 'produce_json' retrieved from /opt/airflow/dags/main.py
[2026-02-16T14:53:33.099+0000] {logging_mixin.py:188} INFO - [2026-02-16T14:53:33.099+0000] {dag.py:3096} INFO - Sync 1 DAGs
[2026-02-16T14:53:33.124+0000] {logging_mixin.py:188} INFO - [2026-02-16T14:53:33.124+0000] {dag.py:3954} INFO - Setting next_dagrun for produce_json to 2026-02-16 14:00:00+00:00, run_after=2026-02-17 14:00:00+00:00
[2026-02-16T14:53:33.148+0000] {processor.py:183} INFO - Processing /opt/airflow/dags/main.py took 0.147 seconds
[2026-02-16T14:54:03.808+0000] {processor.py:161} INFO - Started process (PID=464) to work on /opt/airflow/dags/main.py
[2026-02-16T14:54:03.809+0000] {processor.py:830} INFO - Processing file /opt/airflow/dags/main.py for tasks to queue
[2026-02-16T14:54:03.811+0000] {logging_mixin.py:188} INFO - [2026-02-16T14:54:03.810+0000] {dagbag.py:545} INFO - Filling up the DagBag from /opt/airflow/dags/main.py
[2026-02-16T14:54:03.864+0000] {processor.py:840} INFO - DAG(s) 'produce_json' retrieved from /opt/airflow/dags/main.py
[2026-02-16T14:54:03.897+0000] {logging_mixin.py:188} INFO - [2026-02-16T14:54:03.897+0000] {dag.py:3096} INFO - Sync 1 DAGs
[2026-02-16T14:54:03.920+0000] {logging_mixin.py:188} INFO - [2026-02-16T14:54:03.920+0000] {dag.py:3954} INFO - Setting next_dagrun for produce_json to 2026-02-16 14:00:00+00:00, run_after=2026-02-17 14:00:00+00:00
[2026-02-16T14:54:03.953+0000] {processor.py:183} INFO - Processing /opt/airflow/dags/main.py took 0.153 seconds
[2026-02-16T14:54:34.559+0000] {processor.py:161} INFO - Started process (PID=471) to work on /opt/airflow/dags/main.py
[2026-02-16T14:54:34.560+0000] {processor.py:830} INFO - Processing file /opt/airflow/dags/main.py for tasks to queue
[2026-02-16T14:54:34.563+0000] {logging_mixin.py:188} INFO - [2026-02-16T14:54:34.562+0000] {dagbag.py:545} INFO - Filling up the DagBag from /opt/airflow/dags/main.py
[2026-02-16T14:54:34.608+0000] {processor.py:840} INFO - DAG(s) 'produce_json' retrieved from /opt/airflow/dags/main.py
[2026-02-16T14:54:34.641+0000] {logging_mixin.py:188} INFO - [2026-02-16T14:54:34.640+0000] {dag.py:3096} INFO - Sync 1 DAGs
[2026-02-16T14:54:34.667+0000] {logging_mixin.py:188} INFO - [2026-02-16T14:54:34.666+0000] {dag.py:3954} INFO - Setting next_dagrun for produce_json to 2026-02-16 14:00:00+00:00, run_after=2026-02-17 14:00:00+00:00
[2026-02-16T14:54:34.701+0000] {processor.py:183} INFO - Processing /opt/airflow/dags/main.py took 0.149 seconds
[2026-02-16T14:55:05.457+0000] {processor.py:161} INFO - Started process (PID=478) to work on /opt/airflow/dags/main.py
[2026-02-16T14:55:05.459+0000] {processor.py:830} INFO - Processing file /opt/airflow/dags/main.py for tasks to queue
[2026-02-16T14:55:05.462+0000] {logging_mixin.py:188} INFO - [2026-02-16T14:55:05.461+0000] {dagbag.py:545} INFO - Filling up the DagBag from /opt/airflow/dags/main.py
[2026-02-16T14:55:05.535+0000] {processor.py:840} INFO - DAG(s) 'produce_json' retrieved from /opt/airflow/dags/main.py
[2026-02-16T14:55:05.569+0000] {logging_mixin.py:188} INFO - [2026-02-16T14:55:05.568+0000] {dag.py:3096} INFO - Sync 1 DAGs
[2026-02-16T14:55:05.595+0000] {logging_mixin.py:188} INFO - [2026-02-16T14:55:05.595+0000] {dag.py:3954} INFO - Setting next_dagrun for produce_json to 2026-02-16 14:00:00+00:00, run_after=2026-02-17 14:00:00+00:00
[2026-02-16T14:55:05.631+0000] {processor.py:183} INFO - Processing /opt/airflow/dags/main.py took 0.183 seconds
[2026-02-16T14:55:36.233+0000] {processor.py:161} INFO - Started process (PID=485) to work on /opt/airflow/dags/main.py
[2026-02-16T14:55:36.234+0000] {processor.py:830} INFO - Processing file /opt/airflow/dags/main.py for tasks to queue
[2026-02-16T14:55:36.236+0000] {logging_mixin.py:188} INFO - [2026-02-16T14:55:36.236+0000] {dagbag.py:545} INFO - Filling up the DagBag from /opt/airflow/dags/main.py
[2026-02-16T14:55:36.289+0000] {processor.py:840} INFO - DAG(s) 'produce_json' retrieved from /opt/airflow/dags/main.py
[2026-02-16T14:55:36.319+0000] {logging_mixin.py:188} INFO - [2026-02-16T14:55:36.319+0000] {dag.py:3096} INFO - Sync 1 DAGs
[2026-02-16T14:55:36.343+0000] {logging_mixin.py:188} INFO - [2026-02-16T14:55:36.343+0000] {dag.py:3954} INFO - Setting next_dagrun for produce_json to 2026-02-16 14:00:00+00:00, run_after=2026-02-17 14:00:00+00:00
[2026-02-16T14:55:36.378+0000] {processor.py:183} INFO - Processing /opt/airflow/dags/main.py took 0.150 seconds
[2026-02-16T14:56:07.144+0000] {processor.py:161} INFO - Started process (PID=493) to work on /opt/airflow/dags/main.py
[2026-02-16T14:56:07.145+0000] {processor.py:830} INFO - Processing file /opt/airflow/dags/main.py for tasks to queue
[2026-02-16T14:56:07.147+0000] {logging_mixin.py:188} INFO - [2026-02-16T14:56:07.147+0000] {dagbag.py:545} INFO - Filling up the DagBag from /opt/airflow/dags/main.py
[2026-02-16T14:56:07.197+0000] {processor.py:840} INFO - DAG(s) 'produce_json' retrieved from /opt/airflow/dags/main.py
[2026-02-16T14:56:07.231+0000] {logging_mixin.py:188} INFO - [2026-02-16T14:56:07.231+0000] {dag.py:3096} INFO - Sync 1 DAGs
[2026-02-16T14:56:07.254+0000] {logging_mixin.py:188} INFO - [2026-02-16T14:56:07.254+0000] {dag.py:3954} INFO - Setting next_dagrun for produce_json to 2026-02-16 14:00:00+00:00, run_after=2026-02-17 14:00:00+00:00
[2026-02-16T14:56:07.274+0000] {processor.py:183} INFO - Processing /opt/airflow/dags/main.py took 0.138 seconds
[2026-02-16T14:56:38.019+0000] {processor.py:161} INFO - Started process (PID=500) to work on /opt/airflow/dags/main.py
[2026-02-16T14:56:38.020+0000] {processor.py:830} INFO - Processing file /opt/airflow/dags/main.py for tasks to queue
[2026-02-16T14:56:38.022+0000] {logging_mixin.py:188} INFO - [2026-02-16T14:56:38.022+0000] {dagbag.py:545} INFO - Filling up the DagBag from /opt/airflow/dags/main.py
[2026-02-16T14:56:38.073+0000] {processor.py:840} INFO - DAG(s) 'produce_json' retrieved from /opt/airflow/dags/main.py
[2026-02-16T14:56:38.103+0000] {logging_mixin.py:188} INFO - [2026-02-16T14:56:38.103+0000] {dag.py:3096} INFO - Sync 1 DAGs
[2026-02-16T14:56:38.127+0000] {logging_mixin.py:188} INFO - [2026-02-16T14:56:38.127+0000] {dag.py:3954} INFO - Setting next_dagrun for produce_json to 2026-02-16 14:00:00+00:00, run_after=2026-02-17 14:00:00+00:00
[2026-02-16T14:56:38.151+0000] {processor.py:183} INFO - Processing /opt/airflow/dags/main.py took 0.140 seconds
[2026-02-16T14:57:09.076+0000] {processor.py:161} INFO - Started process (PID=507) to work on /opt/airflow/dags/main.py
[2026-02-16T14:57:09.077+0000] {processor.py:830} INFO - Processing file /opt/airflow/dags/main.py for tasks to queue
[2026-02-16T14:57:09.080+0000] {logging_mixin.py:188} INFO - [2026-02-16T14:57:09.080+0000] {dagbag.py:545} INFO - Filling up the DagBag from /opt/airflow/dags/main.py
[2026-02-16T14:57:09.125+0000] {processor.py:840} INFO - DAG(s) 'produce_json' retrieved from /opt/airflow/dags/main.py
[2026-02-16T14:57:09.156+0000] {logging_mixin.py:188} INFO - [2026-02-16T14:57:09.155+0000] {dag.py:3096} INFO - Sync 1 DAGs
[2026-02-16T14:57:09.178+0000] {logging_mixin.py:188} INFO - [2026-02-16T14:57:09.178+0000] {dag.py:3954} INFO - Setting next_dagrun for produce_json to 2026-02-16 14:00:00+00:00, run_after=2026-02-17 14:00:00+00:00
[2026-02-16T14:57:09.199+0000] {processor.py:183} INFO - Processing /opt/airflow/dags/main.py took 0.130 seconds
[2026-02-16T14:57:39.344+0000] {processor.py:161} INFO - Started process (PID=514) to work on /opt/airflow/dags/main.py
[2026-02-16T14:57:39.345+0000] {processor.py:830} INFO - Processing file /opt/airflow/dags/main.py for tasks to queue
[2026-02-16T14:57:39.348+0000] {logging_mixin.py:188} INFO - [2026-02-16T14:57:39.348+0000] {dagbag.py:545} INFO - Filling up the DagBag from /opt/airflow/dags/main.py
[2026-02-16T14:57:39.414+0000] {processor.py:840} INFO - DAG(s) 'produce_json' retrieved from /opt/airflow/dags/main.py
[2026-02-16T14:57:39.454+0000] {logging_mixin.py:188} INFO - [2026-02-16T14:57:39.454+0000] {dag.py:3096} INFO - Sync 1 DAGs
[2026-02-16T14:57:39.478+0000] {logging_mixin.py:188} INFO - [2026-02-16T14:57:39.478+0000] {dag.py:3954} INFO - Setting next_dagrun for produce_json to 2026-02-16 14:00:00+00:00, run_after=2026-02-17 14:00:00+00:00
[2026-02-16T14:57:39.497+0000] {processor.py:183} INFO - Processing /opt/airflow/dags/main.py took 0.164 seconds
[2026-02-16T14:58:09.695+0000] {processor.py:161} INFO - Started process (PID=521) to work on /opt/airflow/dags/main.py
[2026-02-16T14:58:09.696+0000] {processor.py:830} INFO - Processing file /opt/airflow/dags/main.py for tasks to queue
[2026-02-16T14:58:09.698+0000] {logging_mixin.py:188} INFO - [2026-02-16T14:58:09.698+0000] {dagbag.py:545} INFO - Filling up the DagBag from /opt/airflow/dags/main.py
[2026-02-16T14:58:09.763+0000] {processor.py:840} INFO - DAG(s) 'produce_json' retrieved from /opt/airflow/dags/main.py
[2026-02-16T14:58:09.804+0000] {logging_mixin.py:188} INFO - [2026-02-16T14:58:09.804+0000] {dag.py:3096} INFO - Sync 1 DAGs
[2026-02-16T14:58:09.834+0000] {logging_mixin.py:188} INFO - [2026-02-16T14:58:09.834+0000] {dag.py:3954} INFO - Setting next_dagrun for produce_json to 2026-02-16 14:00:00+00:00, run_after=2026-02-17 14:00:00+00:00
[2026-02-16T14:58:09.859+0000] {processor.py:183} INFO - Processing /opt/airflow/dags/main.py took 0.171 seconds
[2026-02-16T14:58:40.475+0000] {processor.py:161} INFO - Started process (PID=527) to work on /opt/airflow/dags/main.py
[2026-02-16T14:58:40.476+0000] {processor.py:830} INFO - Processing file /opt/airflow/dags/main.py for tasks to queue
[2026-02-16T14:58:40.478+0000] {logging_mixin.py:188} INFO - [2026-02-16T14:58:40.477+0000] {dagbag.py:545} INFO - Filling up the DagBag from /opt/airflow/dags/main.py
[2026-02-16T14:58:40.526+0000] {processor.py:840} INFO - DAG(s) 'produce_json' retrieved from /opt/airflow/dags/main.py
[2026-02-16T14:58:40.559+0000] {logging_mixin.py:188} INFO - [2026-02-16T14:58:40.559+0000] {dag.py:3096} INFO - Sync 1 DAGs
[2026-02-16T14:58:40.583+0000] {logging_mixin.py:188} INFO - [2026-02-16T14:58:40.582+0000] {dag.py:3954} INFO - Setting next_dagrun for produce_json to 2026-02-16 14:00:00+00:00, run_after=2026-02-17 14:00:00+00:00
[2026-02-16T14:58:40.609+0000] {processor.py:183} INFO - Processing /opt/airflow/dags/main.py took 0.140 seconds
[2026-02-16T14:59:10.817+0000] {processor.py:161} INFO - Started process (PID=540) to work on /opt/airflow/dags/main.py
[2026-02-16T14:59:10.818+0000] {processor.py:830} INFO - Processing file /opt/airflow/dags/main.py for tasks to queue
[2026-02-16T14:59:10.820+0000] {logging_mixin.py:188} INFO - [2026-02-16T14:59:10.820+0000] {dagbag.py:545} INFO - Filling up the DagBag from /opt/airflow/dags/main.py
[2026-02-16T14:59:10.873+0000] {processor.py:840} INFO - DAG(s) 'produce_json' retrieved from /opt/airflow/dags/main.py
[2026-02-16T14:59:10.903+0000] {logging_mixin.py:188} INFO - [2026-02-16T14:59:10.903+0000] {dag.py:3096} INFO - Sync 1 DAGs
[2026-02-16T14:59:10.926+0000] {logging_mixin.py:188} INFO - [2026-02-16T14:59:10.925+0000] {dag.py:3954} INFO - Setting next_dagrun for produce_json to 2026-02-16 14:00:00+00:00, run_after=2026-02-17 14:00:00+00:00
[2026-02-16T14:59:10.948+0000] {processor.py:183} INFO - Processing /opt/airflow/dags/main.py took 0.141 seconds
[2026-02-16T14:59:41.102+0000] {processor.py:161} INFO - Started process (PID=547) to work on /opt/airflow/dags/main.py
[2026-02-16T14:59:41.103+0000] {processor.py:830} INFO - Processing file /opt/airflow/dags/main.py for tasks to queue
[2026-02-16T14:59:41.105+0000] {logging_mixin.py:188} INFO - [2026-02-16T14:59:41.105+0000] {dagbag.py:545} INFO - Filling up the DagBag from /opt/airflow/dags/main.py
[2026-02-16T14:59:41.147+0000] {processor.py:840} INFO - DAG(s) 'produce_json' retrieved from /opt/airflow/dags/main.py
[2026-02-16T14:59:41.182+0000] {logging_mixin.py:188} INFO - [2026-02-16T14:59:41.181+0000] {dag.py:3096} INFO - Sync 1 DAGs
[2026-02-16T14:59:41.203+0000] {logging_mixin.py:188} INFO - [2026-02-16T14:59:41.203+0000] {dag.py:3954} INFO - Setting next_dagrun for produce_json to 2026-02-16 14:00:00+00:00, run_after=2026-02-17 14:00:00+00:00
[2026-02-16T14:59:41.230+0000] {processor.py:183} INFO - Processing /opt/airflow/dags/main.py took 0.133 seconds
[2026-02-16T15:00:11.772+0000] {processor.py:161} INFO - Started process (PID=554) to work on /opt/airflow/dags/main.py
[2026-02-16T15:00:11.773+0000] {processor.py:830} INFO - Processing file /opt/airflow/dags/main.py for tasks to queue
[2026-02-16T15:00:11.776+0000] {logging_mixin.py:188} INFO - [2026-02-16T15:00:11.775+0000] {dagbag.py:545} INFO - Filling up the DagBag from /opt/airflow/dags/main.py
[2026-02-16T15:00:11.841+0000] {processor.py:840} INFO - DAG(s) 'produce_json' retrieved from /opt/airflow/dags/main.py
[2026-02-16T15:00:11.890+0000] {logging_mixin.py:188} INFO - [2026-02-16T15:00:11.889+0000] {dag.py:3096} INFO - Sync 1 DAGs
[2026-02-16T15:00:11.924+0000] {logging_mixin.py:188} INFO - [2026-02-16T15:00:11.923+0000] {dag.py:3954} INFO - Setting next_dagrun for produce_json to 2026-02-16 14:00:00+00:00, run_after=2026-02-17 14:00:00+00:00
[2026-02-16T15:00:11.956+0000] {processor.py:183} INFO - Processing /opt/airflow/dags/main.py took 0.192 seconds
[2026-02-16T15:00:42.183+0000] {processor.py:161} INFO - Started process (PID=562) to work on /opt/airflow/dags/main.py
[2026-02-16T15:00:42.184+0000] {processor.py:830} INFO - Processing file /opt/airflow/dags/main.py for tasks to queue
[2026-02-16T15:00:42.187+0000] {logging_mixin.py:188} INFO - [2026-02-16T15:00:42.186+0000] {dagbag.py:545} INFO - Filling up the DagBag from /opt/airflow/dags/main.py
[2026-02-16T15:00:42.290+0000] {processor.py:840} INFO - DAG(s) 'produce_json' retrieved from /opt/airflow/dags/main.py
[2026-02-16T15:00:42.330+0000] {logging_mixin.py:188} INFO - [2026-02-16T15:00:42.330+0000] {dag.py:3096} INFO - Sync 1 DAGs
[2026-02-16T15:00:42.363+0000] {logging_mixin.py:188} INFO - [2026-02-16T15:00:42.363+0000] {dag.py:3954} INFO - Setting next_dagrun for produce_json to 2026-02-16 14:00:00+00:00, run_after=2026-02-17 14:00:00+00:00
[2026-02-16T15:00:42.388+0000] {processor.py:183} INFO - Processing /opt/airflow/dags/main.py took 0.211 seconds
[2026-02-16T15:01:13.068+0000] {processor.py:161} INFO - Started process (PID=569) to work on /opt/airflow/dags/main.py
[2026-02-16T15:01:13.069+0000] {processor.py:830} INFO - Processing file /opt/airflow/dags/main.py for tasks to queue
[2026-02-16T15:01:13.072+0000] {logging_mixin.py:188} INFO - [2026-02-16T15:01:13.071+0000] {dagbag.py:545} INFO - Filling up the DagBag from /opt/airflow/dags/main.py
[2026-02-16T15:01:13.122+0000] {processor.py:840} INFO - DAG(s) 'produce_json' retrieved from /opt/airflow/dags/main.py
[2026-02-16T15:01:13.151+0000] {logging_mixin.py:188} INFO - [2026-02-16T15:01:13.151+0000] {dag.py:3096} INFO - Sync 1 DAGs
[2026-02-16T15:01:13.172+0000] {logging_mixin.py:188} INFO - [2026-02-16T15:01:13.172+0000] {dag.py:3954} INFO - Setting next_dagrun for produce_json to 2026-02-16 14:00:00+00:00, run_after=2026-02-17 14:00:00+00:00
[2026-02-16T15:01:13.195+0000] {processor.py:183} INFO - Processing /opt/airflow/dags/main.py took 0.133 seconds
[2026-02-16T15:01:43.820+0000] {processor.py:161} INFO - Started process (PID=577) to work on /opt/airflow/dags/main.py
[2026-02-16T15:01:43.821+0000] {processor.py:830} INFO - Processing file /opt/airflow/dags/main.py for tasks to queue
[2026-02-16T15:01:43.823+0000] {logging_mixin.py:188} INFO - [2026-02-16T15:01:43.822+0000] {dagbag.py:545} INFO - Filling up the DagBag from /opt/airflow/dags/main.py
[2026-02-16T15:01:43.871+0000] {processor.py:840} INFO - DAG(s) 'produce_json' retrieved from /opt/airflow/dags/main.py
[2026-02-16T15:01:43.899+0000] {logging_mixin.py:188} INFO - [2026-02-16T15:01:43.899+0000] {dag.py:3096} INFO - Sync 1 DAGs
[2026-02-16T15:01:43.920+0000] {logging_mixin.py:188} INFO - [2026-02-16T15:01:43.919+0000] {dag.py:3954} INFO - Setting next_dagrun for produce_json to 2026-02-16 14:00:00+00:00, run_after=2026-02-17 14:00:00+00:00
[2026-02-16T15:01:43.955+0000] {processor.py:183} INFO - Processing /opt/airflow/dags/main.py took 0.141 seconds
[2026-02-16T15:02:14.590+0000] {processor.py:161} INFO - Started process (PID=584) to work on /opt/airflow/dags/main.py
[2026-02-16T15:02:14.592+0000] {processor.py:830} INFO - Processing file /opt/airflow/dags/main.py for tasks to queue
[2026-02-16T15:02:14.594+0000] {logging_mixin.py:188} INFO - [2026-02-16T15:02:14.593+0000] {dagbag.py:545} INFO - Filling up the DagBag from /opt/airflow/dags/main.py
[2026-02-16T15:02:14.640+0000] {processor.py:840} INFO - DAG(s) 'produce_json' retrieved from /opt/airflow/dags/main.py
[2026-02-16T15:02:14.671+0000] {logging_mixin.py:188} INFO - [2026-02-16T15:02:14.671+0000] {dag.py:3096} INFO - Sync 1 DAGs
[2026-02-16T15:02:14.699+0000] {logging_mixin.py:188} INFO - [2026-02-16T15:02:14.698+0000] {dag.py:3954} INFO - Setting next_dagrun for produce_json to 2026-02-16 14:00:00+00:00, run_after=2026-02-17 14:00:00+00:00
[2026-02-16T15:02:14.723+0000] {processor.py:183} INFO - Processing /opt/airflow/dags/main.py took 0.139 seconds
[2026-02-16T15:02:45.149+0000] {processor.py:161} INFO - Started process (PID=591) to work on /opt/airflow/dags/main.py
[2026-02-16T15:02:45.150+0000] {processor.py:830} INFO - Processing file /opt/airflow/dags/main.py for tasks to queue
[2026-02-16T15:02:45.153+0000] {logging_mixin.py:188} INFO - [2026-02-16T15:02:45.153+0000] {dagbag.py:545} INFO - Filling up the DagBag from /opt/airflow/dags/main.py
[2026-02-16T15:02:45.206+0000] {processor.py:840} INFO - DAG(s) 'produce_json' retrieved from /opt/airflow/dags/main.py
[2026-02-16T15:02:45.235+0000] {logging_mixin.py:188} INFO - [2026-02-16T15:02:45.235+0000] {dag.py:3096} INFO - Sync 1 DAGs
[2026-02-16T15:02:45.261+0000] {logging_mixin.py:188} INFO - [2026-02-16T15:02:45.261+0000] {dag.py:3954} INFO - Setting next_dagrun for produce_json to 2026-02-16 14:00:00+00:00, run_after=2026-02-17 14:00:00+00:00
[2026-02-16T15:02:45.284+0000] {processor.py:183} INFO - Processing /opt/airflow/dags/main.py took 0.141 seconds
[2026-02-16T15:03:15.875+0000] {processor.py:161} INFO - Started process (PID=598) to work on /opt/airflow/dags/main.py
[2026-02-16T15:03:15.877+0000] {processor.py:830} INFO - Processing file /opt/airflow/dags/main.py for tasks to queue
[2026-02-16T15:03:15.879+0000] {logging_mixin.py:188} INFO - [2026-02-16T15:03:15.879+0000] {dagbag.py:545} INFO - Filling up the DagBag from /opt/airflow/dags/main.py
[2026-02-16T15:03:15.930+0000] {processor.py:840} INFO - DAG(s) 'produce_json' retrieved from /opt/airflow/dags/main.py
[2026-02-16T15:03:15.962+0000] {logging_mixin.py:188} INFO - [2026-02-16T15:03:15.961+0000] {dag.py:3096} INFO - Sync 1 DAGs
[2026-02-16T15:03:15.984+0000] {logging_mixin.py:188} INFO - [2026-02-16T15:03:15.984+0000] {dag.py:3954} INFO - Setting next_dagrun for produce_json to 2026-02-16 14:00:00+00:00, run_after=2026-02-17 14:00:00+00:00
[2026-02-16T15:03:16.010+0000] {processor.py:183} INFO - Processing /opt/airflow/dags/main.py took 0.140 seconds
[2026-02-16T15:03:46.375+0000] {processor.py:161} INFO - Started process (PID=605) to work on /opt/airflow/dags/main.py
[2026-02-16T15:03:46.377+0000] {processor.py:830} INFO - Processing file /opt/airflow/dags/main.py for tasks to queue
[2026-02-16T15:03:46.379+0000] {logging_mixin.py:188} INFO - [2026-02-16T15:03:46.379+0000] {dagbag.py:545} INFO - Filling up the DagBag from /opt/airflow/dags/main.py
[2026-02-16T15:03:46.434+0000] {processor.py:840} INFO - DAG(s) 'produce_json' retrieved from /opt/airflow/dags/main.py
[2026-02-16T15:03:46.470+0000] {logging_mixin.py:188} INFO - [2026-02-16T15:03:46.470+0000] {dag.py:3096} INFO - Sync 1 DAGs
[2026-02-16T15:03:46.500+0000] {logging_mixin.py:188} INFO - [2026-02-16T15:03:46.500+0000] {dag.py:3954} INFO - Setting next_dagrun for produce_json to 2026-02-16 14:00:00+00:00, run_after=2026-02-17 14:00:00+00:00
[2026-02-16T15:03:46.526+0000] {processor.py:183} INFO - Processing /opt/airflow/dags/main.py took 0.159 seconds
[2026-02-16T15:04:17.259+0000] {processor.py:161} INFO - Started process (PID=612) to work on /opt/airflow/dags/main.py
[2026-02-16T15:04:17.260+0000] {processor.py:830} INFO - Processing file /opt/airflow/dags/main.py for tasks to queue
[2026-02-16T15:04:17.263+0000] {logging_mixin.py:188} INFO - [2026-02-16T15:04:17.263+0000] {dagbag.py:545} INFO - Filling up the DagBag from /opt/airflow/dags/main.py
[2026-02-16T15:04:17.325+0000] {processor.py:840} INFO - DAG(s) 'produce_json' retrieved from /opt/airflow/dags/main.py
[2026-02-16T15:04:17.366+0000] {logging_mixin.py:188} INFO - [2026-02-16T15:04:17.365+0000] {dag.py:3096} INFO - Sync 1 DAGs
[2026-02-16T15:04:17.396+0000] {logging_mixin.py:188} INFO - [2026-02-16T15:04:17.396+0000] {dag.py:3954} INFO - Setting next_dagrun for produce_json to 2026-02-16 14:00:00+00:00, run_after=2026-02-17 14:00:00+00:00
[2026-02-16T15:04:17.440+0000] {processor.py:183} INFO - Processing /opt/airflow/dags/main.py took 0.190 seconds
[2026-02-16T15:04:47.969+0000] {processor.py:161} INFO - Started process (PID=619) to work on /opt/airflow/dags/main.py
[2026-02-16T15:04:47.970+0000] {processor.py:830} INFO - Processing file /opt/airflow/dags/main.py for tasks to queue
[2026-02-16T15:04:47.972+0000] {logging_mixin.py:188} INFO - [2026-02-16T15:04:47.972+0000] {dagbag.py:545} INFO - Filling up the DagBag from /opt/airflow/dags/main.py
[2026-02-16T15:04:48.034+0000] {processor.py:840} INFO - DAG(s) 'produce_json' retrieved from /opt/airflow/dags/main.py
[2026-02-16T15:04:48.070+0000] {logging_mixin.py:188} INFO - [2026-02-16T15:04:48.070+0000] {dag.py:3096} INFO - Sync 1 DAGs
[2026-02-16T15:04:48.103+0000] {logging_mixin.py:188} INFO - [2026-02-16T15:04:48.102+0000] {dag.py:3954} INFO - Setting next_dagrun for produce_json to 2026-02-16 14:00:00+00:00, run_after=2026-02-17 14:00:00+00:00
[2026-02-16T15:04:48.129+0000] {processor.py:183} INFO - Processing /opt/airflow/dags/main.py took 0.166 seconds
[2026-02-16T15:05:18.587+0000] {processor.py:161} INFO - Started process (PID=626) to work on /opt/airflow/dags/main.py
[2026-02-16T15:05:18.589+0000] {processor.py:830} INFO - Processing file /opt/airflow/dags/main.py for tasks to queue
[2026-02-16T15:05:18.592+0000] {logging_mixin.py:188} INFO - [2026-02-16T15:05:18.592+0000] {dagbag.py:545} INFO - Filling up the DagBag from /opt/airflow/dags/main.py
[2026-02-16T15:05:18.650+0000] {processor.py:840} INFO - DAG(s) 'produce_json' retrieved from /opt/airflow/dags/main.py
[2026-02-16T15:05:18.705+0000] {logging_mixin.py:188} INFO - [2026-02-16T15:05:18.705+0000] {dag.py:3096} INFO - Sync 1 DAGs
[2026-02-16T15:05:18.731+0000] {logging_mixin.py:188} INFO - [2026-02-16T15:05:18.730+0000] {dag.py:3954} INFO - Setting next_dagrun for produce_json to 2026-02-16 14:00:00+00:00, run_after=2026-02-17 14:00:00+00:00
[2026-02-16T15:05:18.754+0000] {processor.py:183} INFO - Processing /opt/airflow/dags/main.py took 0.176 seconds
[2026-02-16T15:05:49.401+0000] {processor.py:161} INFO - Started process (PID=640) to work on /opt/airflow/dags/main.py
[2026-02-16T15:05:49.403+0000] {processor.py:830} INFO - Processing file /opt/airflow/dags/main.py for tasks to queue
[2026-02-16T15:05:49.407+0000] {logging_mixin.py:188} INFO - [2026-02-16T15:05:49.406+0000] {dagbag.py:545} INFO - Filling up the DagBag from /opt/airflow/dags/main.py
[2026-02-16T15:05:49.456+0000] {processor.py:840} INFO - DAG(s) 'produce_json' retrieved from /opt/airflow/dags/main.py
[2026-02-16T15:05:49.491+0000] {logging_mixin.py:188} INFO - [2026-02-16T15:05:49.491+0000] {dag.py:3096} INFO - Sync 1 DAGs
[2026-02-16T15:05:49.535+0000] {logging_mixin.py:188} INFO - [2026-02-16T15:05:49.535+0000] {dag.py:3954} INFO - Setting next_dagrun for produce_json to 2026-02-16 14:00:00+00:00, run_after=2026-02-17 14:00:00+00:00
[2026-02-16T15:05:49.602+0000] {processor.py:183} INFO - Processing /opt/airflow/dags/main.py took 0.207 seconds
[2026-02-16T15:06:19.964+0000] {processor.py:161} INFO - Started process (PID=647) to work on /opt/airflow/dags/main.py
[2026-02-16T15:06:19.966+0000] {processor.py:830} INFO - Processing file /opt/airflow/dags/main.py for tasks to queue
[2026-02-16T15:06:19.968+0000] {logging_mixin.py:188} INFO - [2026-02-16T15:06:19.968+0000] {dagbag.py:545} INFO - Filling up the DagBag from /opt/airflow/dags/main.py
[2026-02-16T15:06:20.031+0000] {processor.py:840} INFO - DAG(s) 'produce_json' retrieved from /opt/airflow/dags/main.py
[2026-02-16T15:06:20.067+0000] {logging_mixin.py:188} INFO - [2026-02-16T15:06:20.067+0000] {dag.py:3096} INFO - Sync 1 DAGs
[2026-02-16T15:06:20.091+0000] {logging_mixin.py:188} INFO - [2026-02-16T15:06:20.091+0000] {dag.py:3954} INFO - Setting next_dagrun for produce_json to 2026-02-16 14:00:00+00:00, run_after=2026-02-17 14:00:00+00:00
[2026-02-16T15:06:20.115+0000] {processor.py:183} INFO - Processing /opt/airflow/dags/main.py took 0.158 seconds
[2026-02-16T15:06:50.535+0000] {processor.py:161} INFO - Started process (PID=654) to work on /opt/airflow/dags/main.py
[2026-02-16T15:06:50.537+0000] {processor.py:830} INFO - Processing file /opt/airflow/dags/main.py for tasks to queue
[2026-02-16T15:06:50.540+0000] {logging_mixin.py:188} INFO - [2026-02-16T15:06:50.539+0000] {dagbag.py:545} INFO - Filling up the DagBag from /opt/airflow/dags/main.py
[2026-02-16T15:06:50.599+0000] {processor.py:840} INFO - DAG(s) 'produce_json' retrieved from /opt/airflow/dags/main.py
[2026-02-16T15:06:50.639+0000] {logging_mixin.py:188} INFO - [2026-02-16T15:06:50.639+0000] {dag.py:3096} INFO - Sync 1 DAGs
[2026-02-16T15:06:50.665+0000] {logging_mixin.py:188} INFO - [2026-02-16T15:06:50.664+0000] {dag.py:3954} INFO - Setting next_dagrun for produce_json to 2026-02-16 14:00:00+00:00, run_after=2026-02-17 14:00:00+00:00
[2026-02-16T15:06:50.691+0000] {processor.py:183} INFO - Processing /opt/airflow/dags/main.py took 0.163 seconds
[2026-02-16T15:07:21.347+0000] {processor.py:161} INFO - Started process (PID=661) to work on /opt/airflow/dags/main.py
[2026-02-16T15:07:21.348+0000] {processor.py:830} INFO - Processing file /opt/airflow/dags/main.py for tasks to queue
[2026-02-16T15:07:21.353+0000] {logging_mixin.py:188} INFO - [2026-02-16T15:07:21.352+0000] {dagbag.py:545} INFO - Filling up the DagBag from /opt/airflow/dags/main.py
[2026-02-16T15:07:21.405+0000] {processor.py:840} INFO - DAG(s) 'produce_json' retrieved from /opt/airflow/dags/main.py
[2026-02-16T15:07:21.435+0000] {logging_mixin.py:188} INFO - [2026-02-16T15:07:21.435+0000] {dag.py:3096} INFO - Sync 1 DAGs
[2026-02-16T15:07:21.458+0000] {logging_mixin.py:188} INFO - [2026-02-16T15:07:21.457+0000] {dag.py:3954} INFO - Setting next_dagrun for produce_json to 2026-02-16 14:00:00+00:00, run_after=2026-02-17 14:00:00+00:00
[2026-02-16T15:07:21.492+0000] {processor.py:183} INFO - Processing /opt/airflow/dags/main.py took 0.156 seconds
[2026-02-16T15:07:51.920+0000] {processor.py:161} INFO - Started process (PID=668) to work on /opt/airflow/dags/main.py
[2026-02-16T15:07:51.921+0000] {processor.py:830} INFO - Processing file /opt/airflow/dags/main.py for tasks to queue
[2026-02-16T15:07:51.923+0000] {logging_mixin.py:188} INFO - [2026-02-16T15:07:51.923+0000] {dagbag.py:545} INFO - Filling up the DagBag from /opt/airflow/dags/main.py
[2026-02-16T15:07:51.969+0000] {processor.py:840} INFO - DAG(s) 'produce_json' retrieved from /opt/airflow/dags/main.py
[2026-02-16T15:07:52.002+0000] {logging_mixin.py:188} INFO - [2026-02-16T15:07:52.002+0000] {dag.py:3096} INFO - Sync 1 DAGs
[2026-02-16T15:07:52.030+0000] {logging_mixin.py:188} INFO - [2026-02-16T15:07:52.030+0000] {dag.py:3954} INFO - Setting next_dagrun for produce_json to 2026-02-16 14:00:00+00:00, run_after=2026-02-17 14:00:00+00:00
[2026-02-16T15:07:52.059+0000] {processor.py:183} INFO - Processing /opt/airflow/dags/main.py took 0.144 seconds
[2026-02-16T15:08:22.572+0000] {processor.py:161} INFO - Started process (PID=675) to work on /opt/airflow/dags/main.py
[2026-02-16T15:08:22.573+0000] {processor.py:830} INFO - Processing file /opt/airflow/dags/main.py for tasks to queue
[2026-02-16T15:08:22.575+0000] {logging_mixin.py:188} INFO - [2026-02-16T15:08:22.575+0000] {dagbag.py:545} INFO - Filling up the DagBag from /opt/airflow/dags/main.py
[2026-02-16T15:08:22.626+0000] {processor.py:840} INFO - DAG(s) 'produce_json' retrieved from /opt/airflow/dags/main.py
[2026-02-16T15:08:22.659+0000] {logging_mixin.py:188} INFO - [2026-02-16T15:08:22.659+0000] {dag.py:3096} INFO - Sync 1 DAGs
[2026-02-16T15:08:22.682+0000] {logging_mixin.py:188} INFO - [2026-02-16T15:08:22.682+0000] {dag.py:3954} INFO - Setting next_dagrun for produce_json to 2026-02-16 14:00:00+00:00, run_after=2026-02-17 14:00:00+00:00
[2026-02-16T15:08:22.706+0000] {processor.py:183} INFO - Processing /opt/airflow/dags/main.py took 0.140 seconds
[2026-02-16T15:08:53.198+0000] {processor.py:161} INFO - Started process (PID=683) to work on /opt/airflow/dags/main.py
[2026-02-16T15:08:53.200+0000] {processor.py:830} INFO - Processing file /opt/airflow/dags/main.py for tasks to queue
[2026-02-16T15:08:53.203+0000] {logging_mixin.py:188} INFO - [2026-02-16T15:08:53.202+0000] {dagbag.py:545} INFO - Filling up the DagBag from /opt/airflow/dags/main.py
[2026-02-16T15:08:53.267+0000] {processor.py:840} INFO - DAG(s) 'produce_json' retrieved from /opt/airflow/dags/main.py
[2026-02-16T15:08:53.306+0000] {logging_mixin.py:188} INFO - [2026-02-16T15:08:53.306+0000] {dag.py:3096} INFO - Sync 1 DAGs
[2026-02-16T15:08:53.329+0000] {logging_mixin.py:188} INFO - [2026-02-16T15:08:53.329+0000] {dag.py:3954} INFO - Setting next_dagrun for produce_json to 2026-02-16 14:00:00+00:00, run_after=2026-02-17 14:00:00+00:00
[2026-02-16T15:08:53.354+0000] {processor.py:183} INFO - Processing /opt/airflow/dags/main.py took 0.162 seconds
[2026-02-16T15:09:23.706+0000] {processor.py:161} INFO - Started process (PID=690) to work on /opt/airflow/dags/main.py
[2026-02-16T15:09:23.708+0000] {processor.py:830} INFO - Processing file /opt/airflow/dags/main.py for tasks to queue
[2026-02-16T15:09:23.710+0000] {logging_mixin.py:188} INFO - [2026-02-16T15:09:23.710+0000] {dagbag.py:545} INFO - Filling up the DagBag from /opt/airflow/dags/main.py
[2026-02-16T15:09:23.763+0000] {processor.py:840} INFO - DAG(s) 'produce_json' retrieved from /opt/airflow/dags/main.py
[2026-02-16T15:09:23.814+0000] {logging_mixin.py:188} INFO - [2026-02-16T15:09:23.814+0000] {dag.py:3096} INFO - Sync 1 DAGs
[2026-02-16T15:09:23.855+0000] {logging_mixin.py:188} INFO - [2026-02-16T15:09:23.855+0000] {dag.py:3954} INFO - Setting next_dagrun for produce_json to 2026-02-16 14:00:00+00:00, run_after=2026-02-17 14:00:00+00:00
[2026-02-16T15:09:23.884+0000] {processor.py:183} INFO - Processing /opt/airflow/dags/main.py took 0.186 seconds
[2026-02-16T15:09:54.499+0000] {processor.py:161} INFO - Started process (PID=697) to work on /opt/airflow/dags/main.py
[2026-02-16T15:09:54.500+0000] {processor.py:830} INFO - Processing file /opt/airflow/dags/main.py for tasks to queue
[2026-02-16T15:09:54.502+0000] {logging_mixin.py:188} INFO - [2026-02-16T15:09:54.502+0000] {dagbag.py:545} INFO - Filling up the DagBag from /opt/airflow/dags/main.py
[2026-02-16T15:09:54.550+0000] {processor.py:840} INFO - DAG(s) 'produce_json' retrieved from /opt/airflow/dags/main.py
[2026-02-16T15:09:54.588+0000] {logging_mixin.py:188} INFO - [2026-02-16T15:09:54.587+0000] {dag.py:3096} INFO - Sync 1 DAGs
[2026-02-16T15:09:54.614+0000] {logging_mixin.py:188} INFO - [2026-02-16T15:09:54.614+0000] {dag.py:3954} INFO - Setting next_dagrun for produce_json to 2026-02-16 14:00:00+00:00, run_after=2026-02-17 14:00:00+00:00
[2026-02-16T15:09:54.647+0000] {processor.py:183} INFO - Processing /opt/airflow/dags/main.py took 0.154 seconds
[2026-02-16T15:10:25.281+0000] {processor.py:161} INFO - Started process (PID=704) to work on /opt/airflow/dags/main.py
[2026-02-16T15:10:25.283+0000] {processor.py:830} INFO - Processing file /opt/airflow/dags/main.py for tasks to queue
[2026-02-16T15:10:25.286+0000] {logging_mixin.py:188} INFO - [2026-02-16T15:10:25.285+0000] {dagbag.py:545} INFO - Filling up the DagBag from /opt/airflow/dags/main.py
[2026-02-16T15:10:25.356+0000] {processor.py:840} INFO - DAG(s) 'produce_json' retrieved from /opt/airflow/dags/main.py
[2026-02-16T15:10:25.393+0000] {logging_mixin.py:188} INFO - [2026-02-16T15:10:25.393+0000] {dag.py:3096} INFO - Sync 1 DAGs
[2026-02-16T15:10:25.420+0000] {logging_mixin.py:188} INFO - [2026-02-16T15:10:25.420+0000] {dag.py:3954} INFO - Setting next_dagrun for produce_json to 2026-02-16 14:00:00+00:00, run_after=2026-02-17 14:00:00+00:00
[2026-02-16T15:10:25.444+0000] {processor.py:183} INFO - Processing /opt/airflow/dags/main.py took 0.169 seconds
[2026-02-16T15:10:55.981+0000] {processor.py:161} INFO - Started process (PID=711) to work on /opt/airflow/dags/main.py
[2026-02-16T15:10:55.983+0000] {processor.py:830} INFO - Processing file /opt/airflow/dags/main.py for tasks to queue
[2026-02-16T15:10:55.986+0000] {logging_mixin.py:188} INFO - [2026-02-16T15:10:55.985+0000] {dagbag.py:545} INFO - Filling up the DagBag from /opt/airflow/dags/main.py
[2026-02-16T15:10:56.054+0000] {processor.py:840} INFO - DAG(s) 'produce_json' retrieved from /opt/airflow/dags/main.py
[2026-02-16T15:10:56.098+0000] {logging_mixin.py:188} INFO - [2026-02-16T15:10:56.098+0000] {dag.py:3096} INFO - Sync 1 DAGs
[2026-02-16T15:10:56.123+0000] {logging_mixin.py:188} INFO - [2026-02-16T15:10:56.123+0000] {dag.py:3954} INFO - Setting next_dagrun for produce_json to 2026-02-16 14:00:00+00:00, run_after=2026-02-17 14:00:00+00:00
[2026-02-16T15:10:56.151+0000] {processor.py:183} INFO - Processing /opt/airflow/dags/main.py took 0.177 seconds
[2026-02-16T15:11:26.628+0000] {processor.py:161} INFO - Started process (PID=718) to work on /opt/airflow/dags/main.py
[2026-02-16T15:11:26.630+0000] {processor.py:830} INFO - Processing file /opt/airflow/dags/main.py for tasks to queue
[2026-02-16T15:11:26.632+0000] {logging_mixin.py:188} INFO - [2026-02-16T15:11:26.632+0000] {dagbag.py:545} INFO - Filling up the DagBag from /opt/airflow/dags/main.py
[2026-02-16T15:11:26.692+0000] {processor.py:840} INFO - DAG(s) 'produce_json' retrieved from /opt/airflow/dags/main.py
[2026-02-16T15:11:26.733+0000] {logging_mixin.py:188} INFO - [2026-02-16T15:11:26.732+0000] {dag.py:3096} INFO - Sync 1 DAGs
[2026-02-16T15:11:26.761+0000] {logging_mixin.py:188} INFO - [2026-02-16T15:11:26.760+0000] {dag.py:3954} INFO - Setting next_dagrun for produce_json to 2026-02-16 14:00:00+00:00, run_after=2026-02-17 14:00:00+00:00
[2026-02-16T15:11:26.793+0000] {processor.py:183} INFO - Processing /opt/airflow/dags/main.py took 0.171 seconds
[2026-02-16T15:11:57.372+0000] {processor.py:161} INFO - Started process (PID=731) to work on /opt/airflow/dags/main.py
[2026-02-16T15:11:57.373+0000] {processor.py:830} INFO - Processing file /opt/airflow/dags/main.py for tasks to queue
[2026-02-16T15:11:57.375+0000] {logging_mixin.py:188} INFO - [2026-02-16T15:11:57.375+0000] {dagbag.py:545} INFO - Filling up the DagBag from /opt/airflow/dags/main.py
[2026-02-16T15:11:57.423+0000] {processor.py:840} INFO - DAG(s) 'produce_json' retrieved from /opt/airflow/dags/main.py
[2026-02-16T15:11:57.457+0000] {logging_mixin.py:188} INFO - [2026-02-16T15:11:57.457+0000] {dag.py:3096} INFO - Sync 1 DAGs
[2026-02-16T15:11:57.480+0000] {logging_mixin.py:188} INFO - [2026-02-16T15:11:57.480+0000] {dag.py:3954} INFO - Setting next_dagrun for produce_json to 2026-02-16 14:00:00+00:00, run_after=2026-02-17 14:00:00+00:00
[2026-02-16T15:11:57.514+0000] {processor.py:183} INFO - Processing /opt/airflow/dags/main.py took 0.148 seconds
[2026-02-16T15:12:28.000+0000] {processor.py:161} INFO - Started process (PID=738) to work on /opt/airflow/dags/main.py
[2026-02-16T15:12:28.002+0000] {processor.py:830} INFO - Processing file /opt/airflow/dags/main.py for tasks to queue
[2026-02-16T15:12:28.004+0000] {logging_mixin.py:188} INFO - [2026-02-16T15:12:28.004+0000] {dagbag.py:545} INFO - Filling up the DagBag from /opt/airflow/dags/main.py
[2026-02-16T15:12:28.072+0000] {processor.py:840} INFO - DAG(s) 'produce_json' retrieved from /opt/airflow/dags/main.py
[2026-02-16T15:12:28.106+0000] {logging_mixin.py:188} INFO - [2026-02-16T15:12:28.105+0000] {dag.py:3096} INFO - Sync 1 DAGs
[2026-02-16T15:12:28.128+0000] {logging_mixin.py:188} INFO - [2026-02-16T15:12:28.128+0000] {dag.py:3954} INFO - Setting next_dagrun for produce_json to 2026-02-16 14:00:00+00:00, run_after=2026-02-17 14:00:00+00:00
[2026-02-16T15:12:28.152+0000] {processor.py:183} INFO - Processing /opt/airflow/dags/main.py took 0.160 seconds
[2026-02-16T15:12:58.593+0000] {processor.py:161} INFO - Started process (PID=745) to work on /opt/airflow/dags/main.py
[2026-02-16T15:12:58.594+0000] {processor.py:830} INFO - Processing file /opt/airflow/dags/main.py for tasks to queue
[2026-02-16T15:12:58.596+0000] {logging_mixin.py:188} INFO - [2026-02-16T15:12:58.596+0000] {dagbag.py:545} INFO - Filling up the DagBag from /opt/airflow/dags/main.py
[2026-02-16T15:12:58.662+0000] {processor.py:840} INFO - DAG(s) 'produce_json' retrieved from /opt/airflow/dags/main.py
[2026-02-16T15:12:58.705+0000] {logging_mixin.py:188} INFO - [2026-02-16T15:12:58.704+0000] {dag.py:3096} INFO - Sync 1 DAGs
[2026-02-16T15:12:58.730+0000] {logging_mixin.py:188} INFO - [2026-02-16T15:12:58.730+0000] {dag.py:3954} INFO - Setting next_dagrun for produce_json to 2026-02-16 14:00:00+00:00, run_after=2026-02-17 14:00:00+00:00
[2026-02-16T15:12:58.767+0000] {processor.py:183} INFO - Processing /opt/airflow/dags/main.py took 0.181 seconds
[2026-02-16T15:13:29.179+0000] {processor.py:161} INFO - Started process (PID=752) to work on /opt/airflow/dags/main.py
[2026-02-16T15:13:29.181+0000] {processor.py:830} INFO - Processing file /opt/airflow/dags/main.py for tasks to queue
[2026-02-16T15:13:29.183+0000] {logging_mixin.py:188} INFO - [2026-02-16T15:13:29.183+0000] {dagbag.py:545} INFO - Filling up the DagBag from /opt/airflow/dags/main.py
[2026-02-16T15:13:29.228+0000] {processor.py:840} INFO - DAG(s) 'produce_json' retrieved from /opt/airflow/dags/main.py
[2026-02-16T15:13:29.261+0000] {logging_mixin.py:188} INFO - [2026-02-16T15:13:29.261+0000] {dag.py:3096} INFO - Sync 1 DAGs
[2026-02-16T15:13:29.285+0000] {logging_mixin.py:188} INFO - [2026-02-16T15:13:29.285+0000] {dag.py:3954} INFO - Setting next_dagrun for produce_json to 2026-02-16 14:00:00+00:00, run_after=2026-02-17 14:00:00+00:00
[2026-02-16T15:13:29.309+0000] {processor.py:183} INFO - Processing /opt/airflow/dags/main.py took 0.137 seconds
[2026-02-16T15:13:59.800+0000] {processor.py:161} INFO - Started process (PID=759) to work on /opt/airflow/dags/main.py
[2026-02-16T15:13:59.801+0000] {processor.py:830} INFO - Processing file /opt/airflow/dags/main.py for tasks to queue
[2026-02-16T15:13:59.803+0000] {logging_mixin.py:188} INFO - [2026-02-16T15:13:59.803+0000] {dagbag.py:545} INFO - Filling up the DagBag from /opt/airflow/dags/main.py
[2026-02-16T15:13:59.855+0000] {processor.py:840} INFO - DAG(s) 'produce_json' retrieved from /opt/airflow/dags/main.py
[2026-02-16T15:13:59.890+0000] {logging_mixin.py:188} INFO - [2026-02-16T15:13:59.890+0000] {dag.py:3096} INFO - Sync 1 DAGs
[2026-02-16T15:13:59.919+0000] {logging_mixin.py:188} INFO - [2026-02-16T15:13:59.919+0000] {dag.py:3954} INFO - Setting next_dagrun for produce_json to 2026-02-16 14:00:00+00:00, run_after=2026-02-17 14:00:00+00:00
[2026-02-16T15:13:59.945+0000] {processor.py:183} INFO - Processing /opt/airflow/dags/main.py took 0.152 seconds
[2026-02-16T15:14:30.494+0000] {processor.py:161} INFO - Started process (PID=766) to work on /opt/airflow/dags/main.py
[2026-02-16T15:14:30.496+0000] {processor.py:830} INFO - Processing file /opt/airflow/dags/main.py for tasks to queue
[2026-02-16T15:14:30.501+0000] {logging_mixin.py:188} INFO - [2026-02-16T15:14:30.500+0000] {dagbag.py:545} INFO - Filling up the DagBag from /opt/airflow/dags/main.py
[2026-02-16T15:14:30.571+0000] {processor.py:840} INFO - DAG(s) 'produce_json' retrieved from /opt/airflow/dags/main.py
[2026-02-16T15:14:30.606+0000] {logging_mixin.py:188} INFO - [2026-02-16T15:14:30.606+0000] {dag.py:3096} INFO - Sync 1 DAGs
[2026-02-16T15:14:30.632+0000] {logging_mixin.py:188} INFO - [2026-02-16T15:14:30.632+0000] {dag.py:3954} INFO - Setting next_dagrun for produce_json to 2026-02-16 14:00:00+00:00, run_after=2026-02-17 14:00:00+00:00
[2026-02-16T15:14:30.657+0000] {processor.py:183} INFO - Processing /opt/airflow/dags/main.py took 0.171 seconds
[2026-02-16T15:15:00.998+0000] {processor.py:161} INFO - Started process (PID=773) to work on /opt/airflow/dags/main.py
[2026-02-16T15:15:00.999+0000] {processor.py:830} INFO - Processing file /opt/airflow/dags/main.py for tasks to queue
[2026-02-16T15:15:01.001+0000] {logging_mixin.py:188} INFO - [2026-02-16T15:15:01.001+0000] {dagbag.py:545} INFO - Filling up the DagBag from /opt/airflow/dags/main.py
[2026-02-16T15:15:01.059+0000] {processor.py:840} INFO - DAG(s) 'produce_json' retrieved from /opt/airflow/dags/main.py
[2026-02-16T15:15:01.092+0000] {logging_mixin.py:188} INFO - [2026-02-16T15:15:01.092+0000] {dag.py:3096} INFO - Sync 1 DAGs
[2026-02-16T15:15:01.117+0000] {logging_mixin.py:188} INFO - [2026-02-16T15:15:01.117+0000] {dag.py:3954} INFO - Setting next_dagrun for produce_json to 2026-02-16 14:00:00+00:00, run_after=2026-02-17 14:00:00+00:00
[2026-02-16T15:15:01.146+0000] {processor.py:183} INFO - Processing /opt/airflow/dags/main.py took 0.154 seconds
[2026-02-16T15:15:31.774+0000] {processor.py:161} INFO - Started process (PID=780) to work on /opt/airflow/dags/main.py
[2026-02-16T15:15:31.775+0000] {processor.py:830} INFO - Processing file /opt/airflow/dags/main.py for tasks to queue
[2026-02-16T15:15:31.777+0000] {logging_mixin.py:188} INFO - [2026-02-16T15:15:31.776+0000] {dagbag.py:545} INFO - Filling up the DagBag from /opt/airflow/dags/main.py
[2026-02-16T15:15:31.820+0000] {processor.py:840} INFO - DAG(s) 'produce_json' retrieved from /opt/airflow/dags/main.py
[2026-02-16T15:15:31.847+0000] {logging_mixin.py:188} INFO - [2026-02-16T15:15:31.847+0000] {dag.py:3096} INFO - Sync 1 DAGs
[2026-02-16T15:15:31.867+0000] {logging_mixin.py:188} INFO - [2026-02-16T15:15:31.867+0000] {dag.py:3954} INFO - Setting next_dagrun for produce_json to 2026-02-16 14:00:00+00:00, run_after=2026-02-17 14:00:00+00:00
[2026-02-16T15:15:31.903+0000] {processor.py:183} INFO - Processing /opt/airflow/dags/main.py took 0.134 seconds
[2026-02-16T15:16:02.576+0000] {processor.py:161} INFO - Started process (PID=787) to work on /opt/airflow/dags/main.py
[2026-02-16T15:16:02.577+0000] {processor.py:830} INFO - Processing file /opt/airflow/dags/main.py for tasks to queue
[2026-02-16T15:16:02.580+0000] {logging_mixin.py:188} INFO - [2026-02-16T15:16:02.579+0000] {dagbag.py:545} INFO - Filling up the DagBag from /opt/airflow/dags/main.py
[2026-02-16T15:16:02.640+0000] {processor.py:840} INFO - DAG(s) 'produce_json' retrieved from /opt/airflow/dags/main.py
[2026-02-16T15:16:02.670+0000] {logging_mixin.py:188} INFO - [2026-02-16T15:16:02.669+0000] {dag.py:3096} INFO - Sync 1 DAGs
[2026-02-16T15:16:02.695+0000] {logging_mixin.py:188} INFO - [2026-02-16T15:16:02.695+0000] {dag.py:3954} INFO - Setting next_dagrun for produce_json to 2026-02-16 14:00:00+00:00, run_after=2026-02-17 14:00:00+00:00
[2026-02-16T15:16:02.732+0000] {processor.py:183} INFO - Processing /opt/airflow/dags/main.py took 0.165 seconds
[2026-02-16T15:16:33.162+0000] {processor.py:161} INFO - Started process (PID=794) to work on /opt/airflow/dags/main.py
[2026-02-16T15:16:33.163+0000] {processor.py:830} INFO - Processing file /opt/airflow/dags/main.py for tasks to queue
[2026-02-16T15:16:33.166+0000] {logging_mixin.py:188} INFO - [2026-02-16T15:16:33.165+0000] {dagbag.py:545} INFO - Filling up the DagBag from /opt/airflow/dags/main.py
[2026-02-16T15:16:33.219+0000] {processor.py:840} INFO - DAG(s) 'produce_json' retrieved from /opt/airflow/dags/main.py
[2026-02-16T15:16:33.261+0000] {logging_mixin.py:188} INFO - [2026-02-16T15:16:33.261+0000] {dag.py:3096} INFO - Sync 1 DAGs
[2026-02-16T15:16:33.291+0000] {logging_mixin.py:188} INFO - [2026-02-16T15:16:33.291+0000] {dag.py:3954} INFO - Setting next_dagrun for produce_json to 2026-02-16 14:00:00+00:00, run_after=2026-02-17 14:00:00+00:00
[2026-02-16T15:16:33.310+0000] {processor.py:183} INFO - Processing /opt/airflow/dags/main.py took 0.157 seconds
[2026-02-16T15:17:03.772+0000] {processor.py:161} INFO - Started process (PID=801) to work on /opt/airflow/dags/main.py
[2026-02-16T15:17:03.773+0000] {processor.py:830} INFO - Processing file /opt/airflow/dags/main.py for tasks to queue
[2026-02-16T15:17:03.776+0000] {logging_mixin.py:188} INFO - [2026-02-16T15:17:03.775+0000] {dagbag.py:545} INFO - Filling up the DagBag from /opt/airflow/dags/main.py
[2026-02-16T15:17:03.837+0000] {processor.py:840} INFO - DAG(s) 'produce_json' retrieved from /opt/airflow/dags/main.py
[2026-02-16T15:17:03.881+0000] {logging_mixin.py:188} INFO - [2026-02-16T15:17:03.880+0000] {dag.py:3096} INFO - Sync 1 DAGs
[2026-02-16T15:17:03.907+0000] {logging_mixin.py:188} INFO - [2026-02-16T15:17:03.907+0000] {dag.py:3954} INFO - Setting next_dagrun for produce_json to 2026-02-16 14:00:00+00:00, run_after=2026-02-17 14:00:00+00:00
[2026-02-16T15:17:03.973+0000] {processor.py:183} INFO - Processing /opt/airflow/dags/main.py took 0.209 seconds
[2026-02-16T15:17:34.507+0000] {processor.py:161} INFO - Started process (PID=808) to work on /opt/airflow/dags/main.py
[2026-02-16T15:17:34.509+0000] {processor.py:830} INFO - Processing file /opt/airflow/dags/main.py for tasks to queue
[2026-02-16T15:17:34.511+0000] {logging_mixin.py:188} INFO - [2026-02-16T15:17:34.511+0000] {dagbag.py:545} INFO - Filling up the DagBag from /opt/airflow/dags/main.py
[2026-02-16T15:17:34.558+0000] {processor.py:840} INFO - DAG(s) 'produce_json' retrieved from /opt/airflow/dags/main.py
[2026-02-16T15:17:34.588+0000] {logging_mixin.py:188} INFO - [2026-02-16T15:17:34.588+0000] {dag.py:3096} INFO - Sync 1 DAGs
[2026-02-16T15:17:34.610+0000] {logging_mixin.py:188} INFO - [2026-02-16T15:17:34.610+0000] {dag.py:3954} INFO - Setting next_dagrun for produce_json to 2026-02-16 14:00:00+00:00, run_after=2026-02-17 14:00:00+00:00
[2026-02-16T15:17:34.638+0000] {processor.py:183} INFO - Processing /opt/airflow/dags/main.py took 0.136 seconds
[2026-02-16T15:18:05.109+0000] {processor.py:161} INFO - Started process (PID=821) to work on /opt/airflow/dags/main.py
[2026-02-16T15:18:05.110+0000] {processor.py:830} INFO - Processing file /opt/airflow/dags/main.py for tasks to queue
[2026-02-16T15:18:05.112+0000] {logging_mixin.py:188} INFO - [2026-02-16T15:18:05.112+0000] {dagbag.py:545} INFO - Filling up the DagBag from /opt/airflow/dags/main.py
[2026-02-16T15:18:05.162+0000] {processor.py:840} INFO - DAG(s) 'produce_json' retrieved from /opt/airflow/dags/main.py
[2026-02-16T15:18:05.194+0000] {logging_mixin.py:188} INFO - [2026-02-16T15:18:05.193+0000] {dag.py:3096} INFO - Sync 1 DAGs
[2026-02-16T15:18:05.221+0000] {logging_mixin.py:188} INFO - [2026-02-16T15:18:05.220+0000] {dag.py:3954} INFO - Setting next_dagrun for produce_json to 2026-02-16 14:00:00+00:00, run_after=2026-02-17 14:00:00+00:00
[2026-02-16T15:18:05.254+0000] {processor.py:183} INFO - Processing /opt/airflow/dags/main.py took 0.151 seconds
[2026-02-16T15:18:35.590+0000] {processor.py:161} INFO - Started process (PID=828) to work on /opt/airflow/dags/main.py
[2026-02-16T15:18:35.592+0000] {processor.py:830} INFO - Processing file /opt/airflow/dags/main.py for tasks to queue
[2026-02-16T15:18:35.594+0000] {logging_mixin.py:188} INFO - [2026-02-16T15:18:35.593+0000] {dagbag.py:545} INFO - Filling up the DagBag from /opt/airflow/dags/main.py
[2026-02-16T15:18:35.652+0000] {processor.py:840} INFO - DAG(s) 'produce_json' retrieved from /opt/airflow/dags/main.py
[2026-02-16T15:18:35.687+0000] {logging_mixin.py:188} INFO - [2026-02-16T15:18:35.686+0000] {dag.py:3096} INFO - Sync 1 DAGs
[2026-02-16T15:18:35.712+0000] {logging_mixin.py:188} INFO - [2026-02-16T15:18:35.712+0000] {dag.py:3954} INFO - Setting next_dagrun for produce_json to 2026-02-16 14:00:00+00:00, run_after=2026-02-17 14:00:00+00:00
[2026-02-16T15:18:35.739+0000] {processor.py:183} INFO - Processing /opt/airflow/dags/main.py took 0.155 seconds
[2026-02-16T15:19:06.071+0000] {processor.py:161} INFO - Started process (PID=835) to work on /opt/airflow/dags/main.py
[2026-02-16T15:19:06.072+0000] {processor.py:830} INFO - Processing file /opt/airflow/dags/main.py for tasks to queue
[2026-02-16T15:19:06.079+0000] {logging_mixin.py:188} INFO - [2026-02-16T15:19:06.078+0000] {dagbag.py:545} INFO - Filling up the DagBag from /opt/airflow/dags/main.py
[2026-02-16T15:19:06.141+0000] {processor.py:840} INFO - DAG(s) 'produce_json' retrieved from /opt/airflow/dags/main.py
[2026-02-16T15:19:06.176+0000] {logging_mixin.py:188} INFO - [2026-02-16T15:19:06.176+0000] {dag.py:3096} INFO - Sync 1 DAGs
[2026-02-16T15:19:06.201+0000] {logging_mixin.py:188} INFO - [2026-02-16T15:19:06.201+0000] {dag.py:3954} INFO - Setting next_dagrun for produce_json to 2026-02-16 14:00:00+00:00, run_after=2026-02-17 14:00:00+00:00
[2026-02-16T15:19:06.224+0000] {processor.py:183} INFO - Processing /opt/airflow/dags/main.py took 0.165 seconds
[2026-02-16T15:19:36.796+0000] {processor.py:161} INFO - Started process (PID=842) to work on /opt/airflow/dags/main.py
[2026-02-16T15:19:36.797+0000] {processor.py:830} INFO - Processing file /opt/airflow/dags/main.py for tasks to queue
[2026-02-16T15:19:36.800+0000] {logging_mixin.py:188} INFO - [2026-02-16T15:19:36.800+0000] {dagbag.py:545} INFO - Filling up the DagBag from /opt/airflow/dags/main.py
[2026-02-16T15:19:36.847+0000] {processor.py:840} INFO - DAG(s) 'produce_json' retrieved from /opt/airflow/dags/main.py
[2026-02-16T15:19:36.877+0000] {logging_mixin.py:188} INFO - [2026-02-16T15:19:36.877+0000] {dag.py:3096} INFO - Sync 1 DAGs
[2026-02-16T15:19:36.898+0000] {logging_mixin.py:188} INFO - [2026-02-16T15:19:36.898+0000] {dag.py:3954} INFO - Setting next_dagrun for produce_json to 2026-02-16 14:00:00+00:00, run_after=2026-02-17 14:00:00+00:00
[2026-02-16T15:19:36.932+0000] {processor.py:183} INFO - Processing /opt/airflow/dags/main.py took 0.142 seconds
[2026-02-16T15:20:07.220+0000] {processor.py:161} INFO - Started process (PID=849) to work on /opt/airflow/dags/main.py
[2026-02-16T15:20:07.221+0000] {processor.py:830} INFO - Processing file /opt/airflow/dags/main.py for tasks to queue
[2026-02-16T15:20:07.223+0000] {logging_mixin.py:188} INFO - [2026-02-16T15:20:07.223+0000] {dagbag.py:545} INFO - Filling up the DagBag from /opt/airflow/dags/main.py
[2026-02-16T15:20:07.287+0000] {processor.py:840} INFO - DAG(s) 'produce_json' retrieved from /opt/airflow/dags/main.py
[2026-02-16T15:20:07.322+0000] {logging_mixin.py:188} INFO - [2026-02-16T15:20:07.321+0000] {dag.py:3096} INFO - Sync 1 DAGs
[2026-02-16T15:20:07.343+0000] {logging_mixin.py:188} INFO - [2026-02-16T15:20:07.343+0000] {dag.py:3954} INFO - Setting next_dagrun for produce_json to 2026-02-16 14:00:00+00:00, run_after=2026-02-17 14:00:00+00:00
[2026-02-16T15:20:07.376+0000] {processor.py:183} INFO - Processing /opt/airflow/dags/main.py took 0.162 seconds
[2026-02-16T15:20:37.911+0000] {processor.py:161} INFO - Started process (PID=856) to work on /opt/airflow/dags/main.py
[2026-02-16T15:20:37.912+0000] {processor.py:830} INFO - Processing file /opt/airflow/dags/main.py for tasks to queue
[2026-02-16T15:20:37.914+0000] {logging_mixin.py:188} INFO - [2026-02-16T15:20:37.914+0000] {dagbag.py:545} INFO - Filling up the DagBag from /opt/airflow/dags/main.py
[2026-02-16T15:20:37.964+0000] {processor.py:840} INFO - DAG(s) 'produce_json' retrieved from /opt/airflow/dags/main.py
[2026-02-16T15:20:37.998+0000] {logging_mixin.py:188} INFO - [2026-02-16T15:20:37.998+0000] {dag.py:3096} INFO - Sync 1 DAGs
[2026-02-16T15:20:38.026+0000] {logging_mixin.py:188} INFO - [2026-02-16T15:20:38.025+0000] {dag.py:3954} INFO - Setting next_dagrun for produce_json to 2026-02-16 14:00:00+00:00, run_after=2026-02-17 14:00:00+00:00
[2026-02-16T15:20:38.051+0000] {processor.py:183} INFO - Processing /opt/airflow/dags/main.py took 0.149 seconds
[2026-02-16T15:21:08.391+0000] {processor.py:161} INFO - Started process (PID=863) to work on /opt/airflow/dags/main.py
[2026-02-16T15:21:08.392+0000] {processor.py:830} INFO - Processing file /opt/airflow/dags/main.py for tasks to queue
[2026-02-16T15:21:08.395+0000] {logging_mixin.py:188} INFO - [2026-02-16T15:21:08.395+0000] {dagbag.py:545} INFO - Filling up the DagBag from /opt/airflow/dags/main.py
[2026-02-16T15:21:08.453+0000] {processor.py:840} INFO - DAG(s) 'produce_json' retrieved from /opt/airflow/dags/main.py
[2026-02-16T15:21:08.484+0000] {logging_mixin.py:188} INFO - [2026-02-16T15:21:08.484+0000] {dag.py:3096} INFO - Sync 1 DAGs
[2026-02-16T15:21:08.508+0000] {logging_mixin.py:188} INFO - [2026-02-16T15:21:08.508+0000] {dag.py:3954} INFO - Setting next_dagrun for produce_json to 2026-02-16 14:00:00+00:00, run_after=2026-02-17 14:00:00+00:00
[2026-02-16T15:21:08.547+0000] {processor.py:183} INFO - Processing /opt/airflow/dags/main.py took 0.162 seconds
[2026-02-16T15:21:38.960+0000] {processor.py:161} INFO - Started process (PID=871) to work on /opt/airflow/dags/main.py
[2026-02-16T15:21:38.962+0000] {processor.py:830} INFO - Processing file /opt/airflow/dags/main.py for tasks to queue
[2026-02-16T15:21:38.965+0000] {logging_mixin.py:188} INFO - [2026-02-16T15:21:38.964+0000] {dagbag.py:545} INFO - Filling up the DagBag from /opt/airflow/dags/main.py
[2026-02-16T15:21:39.022+0000] {processor.py:840} INFO - DAG(s) 'produce_json' retrieved from /opt/airflow/dags/main.py
[2026-02-16T15:21:39.057+0000] {logging_mixin.py:188} INFO - [2026-02-16T15:21:39.057+0000] {dag.py:3096} INFO - Sync 1 DAGs
[2026-02-16T15:21:39.083+0000] {logging_mixin.py:188} INFO - [2026-02-16T15:21:39.082+0000] {dag.py:3954} INFO - Setting next_dagrun for produce_json to 2026-02-16 14:00:00+00:00, run_after=2026-02-17 14:00:00+00:00
[2026-02-16T15:21:39.119+0000] {processor.py:183} INFO - Processing /opt/airflow/dags/main.py took 0.170 seconds
[2026-02-16T15:22:09.529+0000] {processor.py:161} INFO - Started process (PID=878) to work on /opt/airflow/dags/main.py
[2026-02-16T15:22:09.530+0000] {processor.py:830} INFO - Processing file /opt/airflow/dags/main.py for tasks to queue
[2026-02-16T15:22:09.534+0000] {logging_mixin.py:188} INFO - [2026-02-16T15:22:09.533+0000] {dagbag.py:545} INFO - Filling up the DagBag from /opt/airflow/dags/main.py
[2026-02-16T15:22:09.590+0000] {processor.py:840} INFO - DAG(s) 'produce_json' retrieved from /opt/airflow/dags/main.py
[2026-02-16T15:22:09.624+0000] {logging_mixin.py:188} INFO - [2026-02-16T15:22:09.624+0000] {dag.py:3096} INFO - Sync 1 DAGs
[2026-02-16T15:22:09.653+0000] {logging_mixin.py:188} INFO - [2026-02-16T15:22:09.653+0000] {dag.py:3954} INFO - Setting next_dagrun for produce_json to 2026-02-16 14:00:00+00:00, run_after=2026-02-17 14:00:00+00:00
[2026-02-16T15:22:09.679+0000] {processor.py:183} INFO - Processing /opt/airflow/dags/main.py took 0.158 seconds
[2026-02-16T15:22:40.030+0000] {processor.py:161} INFO - Started process (PID=885) to work on /opt/airflow/dags/main.py
[2026-02-16T15:22:40.031+0000] {processor.py:830} INFO - Processing file /opt/airflow/dags/main.py for tasks to queue
[2026-02-16T15:22:40.034+0000] {logging_mixin.py:188} INFO - [2026-02-16T15:22:40.034+0000] {dagbag.py:545} INFO - Filling up the DagBag from /opt/airflow/dags/main.py
[2026-02-16T15:22:40.086+0000] {processor.py:840} INFO - DAG(s) 'produce_json' retrieved from /opt/airflow/dags/main.py
[2026-02-16T15:22:40.117+0000] {logging_mixin.py:188} INFO - [2026-02-16T15:22:40.116+0000] {dag.py:3096} INFO - Sync 1 DAGs
[2026-02-16T15:22:40.143+0000] {logging_mixin.py:188} INFO - [2026-02-16T15:22:40.143+0000] {dag.py:3954} INFO - Setting next_dagrun for produce_json to 2026-02-16 14:00:00+00:00, run_after=2026-02-17 14:00:00+00:00
[2026-02-16T15:22:40.175+0000] {processor.py:183} INFO - Processing /opt/airflow/dags/main.py took 0.152 seconds
[2026-02-16T15:23:10.760+0000] {processor.py:161} INFO - Started process (PID=892) to work on /opt/airflow/dags/main.py
[2026-02-16T15:23:10.762+0000] {processor.py:830} INFO - Processing file /opt/airflow/dags/main.py for tasks to queue
[2026-02-16T15:23:10.766+0000] {logging_mixin.py:188} INFO - [2026-02-16T15:23:10.766+0000] {dagbag.py:545} INFO - Filling up the DagBag from /opt/airflow/dags/main.py
[2026-02-16T15:23:10.827+0000] {processor.py:840} INFO - DAG(s) 'produce_json' retrieved from /opt/airflow/dags/main.py
[2026-02-16T15:23:10.858+0000] {logging_mixin.py:188} INFO - [2026-02-16T15:23:10.858+0000] {dag.py:3096} INFO - Sync 1 DAGs
[2026-02-16T15:23:10.883+0000] {logging_mixin.py:188} INFO - [2026-02-16T15:23:10.883+0000] {dag.py:3954} INFO - Setting next_dagrun for produce_json to 2026-02-16 14:00:00+00:00, run_after=2026-02-17 14:00:00+00:00
[2026-02-16T15:23:10.910+0000] {processor.py:183} INFO - Processing /opt/airflow/dags/main.py took 0.157 seconds
[2026-02-16T15:23:41.269+0000] {processor.py:161} INFO - Started process (PID=899) to work on /opt/airflow/dags/main.py
[2026-02-16T15:23:41.271+0000] {processor.py:830} INFO - Processing file /opt/airflow/dags/main.py for tasks to queue
[2026-02-16T15:23:41.273+0000] {logging_mixin.py:188} INFO - [2026-02-16T15:23:41.273+0000] {dagbag.py:545} INFO - Filling up the DagBag from /opt/airflow/dags/main.py
[2026-02-16T15:23:41.361+0000] {processor.py:840} INFO - DAG(s) 'produce_json' retrieved from /opt/airflow/dags/main.py
[2026-02-16T15:23:41.394+0000] {logging_mixin.py:188} INFO - [2026-02-16T15:23:41.394+0000] {dag.py:3096} INFO - Sync 1 DAGs
[2026-02-16T15:23:41.420+0000] {logging_mixin.py:188} INFO - [2026-02-16T15:23:41.419+0000] {dag.py:3954} INFO - Setting next_dagrun for produce_json to 2026-02-16 14:00:00+00:00, run_after=2026-02-17 14:00:00+00:00
[2026-02-16T15:23:41.452+0000] {processor.py:183} INFO - Processing /opt/airflow/dags/main.py took 0.192 seconds
[2026-02-16T15:24:11.972+0000] {processor.py:161} INFO - Started process (PID=912) to work on /opt/airflow/dags/main.py
[2026-02-16T15:24:11.973+0000] {processor.py:830} INFO - Processing file /opt/airflow/dags/main.py for tasks to queue
[2026-02-16T15:24:11.976+0000] {logging_mixin.py:188} INFO - [2026-02-16T15:24:11.975+0000] {dagbag.py:545} INFO - Filling up the DagBag from /opt/airflow/dags/main.py
[2026-02-16T15:24:12.024+0000] {processor.py:840} INFO - DAG(s) 'produce_json' retrieved from /opt/airflow/dags/main.py
[2026-02-16T15:24:12.057+0000] {logging_mixin.py:188} INFO - [2026-02-16T15:24:12.057+0000] {dag.py:3096} INFO - Sync 1 DAGs
[2026-02-16T15:24:12.080+0000] {logging_mixin.py:188} INFO - [2026-02-16T15:24:12.080+0000] {dag.py:3954} INFO - Setting next_dagrun for produce_json to 2026-02-16 14:00:00+00:00, run_after=2026-02-17 14:00:00+00:00
[2026-02-16T15:24:12.119+0000] {processor.py:183} INFO - Processing /opt/airflow/dags/main.py took 0.153 seconds
[2026-02-16T15:24:42.416+0000] {processor.py:161} INFO - Started process (PID=919) to work on /opt/airflow/dags/main.py
[2026-02-16T15:24:42.419+0000] {processor.py:830} INFO - Processing file /opt/airflow/dags/main.py for tasks to queue
[2026-02-16T15:24:42.423+0000] {logging_mixin.py:188} INFO - [2026-02-16T15:24:42.422+0000] {dagbag.py:545} INFO - Filling up the DagBag from /opt/airflow/dags/main.py
[2026-02-16T15:24:42.491+0000] {processor.py:840} INFO - DAG(s) 'produce_json' retrieved from /opt/airflow/dags/main.py
[2026-02-16T15:24:42.522+0000] {logging_mixin.py:188} INFO - [2026-02-16T15:24:42.522+0000] {dag.py:3096} INFO - Sync 1 DAGs
[2026-02-16T15:24:42.547+0000] {logging_mixin.py:188} INFO - [2026-02-16T15:24:42.546+0000] {dag.py:3954} INFO - Setting next_dagrun for produce_json to 2026-02-16 14:00:00+00:00, run_after=2026-02-17 14:00:00+00:00
[2026-02-16T15:24:42.569+0000] {processor.py:183} INFO - Processing /opt/airflow/dags/main.py took 0.166 seconds
[2026-02-16T15:25:12.973+0000] {processor.py:161} INFO - Started process (PID=926) to work on /opt/airflow/dags/main.py
[2026-02-16T15:25:12.974+0000] {processor.py:830} INFO - Processing file /opt/airflow/dags/main.py for tasks to queue
[2026-02-16T15:25:12.976+0000] {logging_mixin.py:188} INFO - [2026-02-16T15:25:12.976+0000] {dagbag.py:545} INFO - Filling up the DagBag from /opt/airflow/dags/main.py
[2026-02-16T15:25:13.025+0000] {processor.py:840} INFO - DAG(s) 'produce_json' retrieved from /opt/airflow/dags/main.py
[2026-02-16T15:25:13.059+0000] {logging_mixin.py:188} INFO - [2026-02-16T15:25:13.059+0000] {dag.py:3096} INFO - Sync 1 DAGs
[2026-02-16T15:25:13.085+0000] {logging_mixin.py:188} INFO - [2026-02-16T15:25:13.085+0000] {dag.py:3954} INFO - Setting next_dagrun for produce_json to 2026-02-16 14:00:00+00:00, run_after=2026-02-17 14:00:00+00:00
[2026-02-16T15:25:13.123+0000] {processor.py:183} INFO - Processing /opt/airflow/dags/main.py took 0.156 seconds
[2026-02-16T15:25:43.621+0000] {processor.py:161} INFO - Started process (PID=933) to work on /opt/airflow/dags/main.py
[2026-02-16T15:25:43.622+0000] {processor.py:830} INFO - Processing file /opt/airflow/dags/main.py for tasks to queue
[2026-02-16T15:25:43.625+0000] {logging_mixin.py:188} INFO - [2026-02-16T15:25:43.625+0000] {dagbag.py:545} INFO - Filling up the DagBag from /opt/airflow/dags/main.py
[2026-02-16T15:25:43.682+0000] {processor.py:840} INFO - DAG(s) 'produce_json' retrieved from /opt/airflow/dags/main.py
[2026-02-16T15:25:43.718+0000] {logging_mixin.py:188} INFO - [2026-02-16T15:25:43.718+0000] {dag.py:3096} INFO - Sync 1 DAGs
[2026-02-16T15:25:43.740+0000] {logging_mixin.py:188} INFO - [2026-02-16T15:25:43.740+0000] {dag.py:3954} INFO - Setting next_dagrun for produce_json to 2026-02-16 14:00:00+00:00, run_after=2026-02-17 14:00:00+00:00
[2026-02-16T15:25:43.769+0000] {processor.py:183} INFO - Processing /opt/airflow/dags/main.py took 0.153 seconds
[2026-02-16T15:26:14.117+0000] {processor.py:161} INFO - Started process (PID=940) to work on /opt/airflow/dags/main.py
[2026-02-16T15:26:14.119+0000] {processor.py:830} INFO - Processing file /opt/airflow/dags/main.py for tasks to queue
[2026-02-16T15:26:14.121+0000] {logging_mixin.py:188} INFO - [2026-02-16T15:26:14.121+0000] {dagbag.py:545} INFO - Filling up the DagBag from /opt/airflow/dags/main.py
[2026-02-16T15:26:14.176+0000] {processor.py:840} INFO - DAG(s) 'produce_json' retrieved from /opt/airflow/dags/main.py
[2026-02-16T15:26:14.215+0000] {logging_mixin.py:188} INFO - [2026-02-16T15:26:14.215+0000] {dag.py:3096} INFO - Sync 1 DAGs
[2026-02-16T15:26:14.254+0000] {logging_mixin.py:188} INFO - [2026-02-16T15:26:14.253+0000] {dag.py:3954} INFO - Setting next_dagrun for produce_json to 2026-02-16 14:00:00+00:00, run_after=2026-02-17 14:00:00+00:00
[2026-02-16T15:26:14.282+0000] {processor.py:183} INFO - Processing /opt/airflow/dags/main.py took 0.172 seconds
[2026-02-16T15:26:44.653+0000] {processor.py:161} INFO - Started process (PID=947) to work on /opt/airflow/dags/main.py
[2026-02-16T15:26:44.654+0000] {processor.py:830} INFO - Processing file /opt/airflow/dags/main.py for tasks to queue
[2026-02-16T15:26:44.657+0000] {logging_mixin.py:188} INFO - [2026-02-16T15:26:44.657+0000] {dagbag.py:545} INFO - Filling up the DagBag from /opt/airflow/dags/main.py
[2026-02-16T15:26:44.709+0000] {processor.py:840} INFO - DAG(s) 'produce_json' retrieved from /opt/airflow/dags/main.py
[2026-02-16T15:26:44.744+0000] {logging_mixin.py:188} INFO - [2026-02-16T15:26:44.743+0000] {dag.py:3096} INFO - Sync 1 DAGs
[2026-02-16T15:26:44.768+0000] {logging_mixin.py:188} INFO - [2026-02-16T15:26:44.768+0000] {dag.py:3954} INFO - Setting next_dagrun for produce_json to 2026-02-16 14:00:00+00:00, run_after=2026-02-17 14:00:00+00:00
[2026-02-16T15:26:44.803+0000] {processor.py:183} INFO - Processing /opt/airflow/dags/main.py took 0.157 seconds
[2026-02-16T15:27:15.211+0000] {processor.py:161} INFO - Started process (PID=954) to work on /opt/airflow/dags/main.py
[2026-02-16T15:27:15.212+0000] {processor.py:830} INFO - Processing file /opt/airflow/dags/main.py for tasks to queue
[2026-02-16T15:27:15.214+0000] {logging_mixin.py:188} INFO - [2026-02-16T15:27:15.214+0000] {dagbag.py:545} INFO - Filling up the DagBag from /opt/airflow/dags/main.py
[2026-02-16T15:27:15.266+0000] {processor.py:840} INFO - DAG(s) 'produce_json' retrieved from /opt/airflow/dags/main.py
[2026-02-16T15:27:15.295+0000] {logging_mixin.py:188} INFO - [2026-02-16T15:27:15.295+0000] {dag.py:3096} INFO - Sync 1 DAGs
[2026-02-16T15:27:15.318+0000] {logging_mixin.py:188} INFO - [2026-02-16T15:27:15.318+0000] {dag.py:3954} INFO - Setting next_dagrun for produce_json to 2026-02-16 14:00:00+00:00, run_after=2026-02-17 14:00:00+00:00
[2026-02-16T15:27:15.340+0000] {processor.py:183} INFO - Processing /opt/airflow/dags/main.py took 0.135 seconds
[2026-02-16T15:27:45.852+0000] {processor.py:161} INFO - Started process (PID=961) to work on /opt/airflow/dags/main.py
[2026-02-16T15:27:45.854+0000] {processor.py:830} INFO - Processing file /opt/airflow/dags/main.py for tasks to queue
[2026-02-16T15:27:45.856+0000] {logging_mixin.py:188} INFO - [2026-02-16T15:27:45.856+0000] {dagbag.py:545} INFO - Filling up the DagBag from /opt/airflow/dags/main.py
[2026-02-16T15:27:45.908+0000] {processor.py:840} INFO - DAG(s) 'produce_json' retrieved from /opt/airflow/dags/main.py
[2026-02-16T15:27:45.941+0000] {logging_mixin.py:188} INFO - [2026-02-16T15:27:45.941+0000] {dag.py:3096} INFO - Sync 1 DAGs
[2026-02-16T15:27:45.967+0000] {logging_mixin.py:188} INFO - [2026-02-16T15:27:45.967+0000] {dag.py:3954} INFO - Setting next_dagrun for produce_json to 2026-02-16 14:00:00+00:00, run_after=2026-02-17 14:00:00+00:00
[2026-02-16T15:27:45.997+0000] {processor.py:183} INFO - Processing /opt/airflow/dags/main.py took 0.151 seconds
[2026-02-16T15:28:16.376+0000] {processor.py:161} INFO - Started process (PID=968) to work on /opt/airflow/dags/main.py
[2026-02-16T15:28:16.378+0000] {processor.py:830} INFO - Processing file /opt/airflow/dags/main.py for tasks to queue
[2026-02-16T15:28:16.383+0000] {logging_mixin.py:188} INFO - [2026-02-16T15:28:16.381+0000] {dagbag.py:545} INFO - Filling up the DagBag from /opt/airflow/dags/main.py
[2026-02-16T15:28:16.457+0000] {processor.py:840} INFO - DAG(s) 'produce_json' retrieved from /opt/airflow/dags/main.py
[2026-02-16T15:28:16.492+0000] {logging_mixin.py:188} INFO - [2026-02-16T15:28:16.492+0000] {dag.py:3096} INFO - Sync 1 DAGs
[2026-02-16T15:28:16.517+0000] {logging_mixin.py:188} INFO - [2026-02-16T15:28:16.516+0000] {dag.py:3954} INFO - Setting next_dagrun for produce_json to 2026-02-16 14:00:00+00:00, run_after=2026-02-17 14:00:00+00:00
[2026-02-16T15:28:16.539+0000] {processor.py:183} INFO - Processing /opt/airflow/dags/main.py took 0.169 seconds
[2026-02-16T15:28:46.925+0000] {processor.py:161} INFO - Started process (PID=975) to work on /opt/airflow/dags/main.py
[2026-02-16T15:28:46.926+0000] {processor.py:830} INFO - Processing file /opt/airflow/dags/main.py for tasks to queue
[2026-02-16T15:28:46.932+0000] {logging_mixin.py:188} INFO - [2026-02-16T15:28:46.931+0000] {dagbag.py:545} INFO - Filling up the DagBag from /opt/airflow/dags/main.py
[2026-02-16T15:28:47.005+0000] {processor.py:840} INFO - DAG(s) 'produce_json' retrieved from /opt/airflow/dags/main.py
[2026-02-16T15:28:47.038+0000] {logging_mixin.py:188} INFO - [2026-02-16T15:28:47.037+0000] {dag.py:3096} INFO - Sync 1 DAGs
[2026-02-16T15:28:47.063+0000] {logging_mixin.py:188} INFO - [2026-02-16T15:28:47.063+0000] {dag.py:3954} INFO - Setting next_dagrun for produce_json to 2026-02-16 14:00:00+00:00, run_after=2026-02-17 14:00:00+00:00
[2026-02-16T15:28:47.090+0000] {processor.py:183} INFO - Processing /opt/airflow/dags/main.py took 0.172 seconds
[2026-02-16T15:29:17.386+0000] {processor.py:161} INFO - Started process (PID=982) to work on /opt/airflow/dags/main.py
[2026-02-16T15:29:17.387+0000] {processor.py:830} INFO - Processing file /opt/airflow/dags/main.py for tasks to queue
[2026-02-16T15:29:17.389+0000] {logging_mixin.py:188} INFO - [2026-02-16T15:29:17.389+0000] {dagbag.py:545} INFO - Filling up the DagBag from /opt/airflow/dags/main.py
[2026-02-16T15:29:17.456+0000] {processor.py:840} INFO - DAG(s) 'produce_json' retrieved from /opt/airflow/dags/main.py
[2026-02-16T15:29:17.489+0000] {logging_mixin.py:188} INFO - [2026-02-16T15:29:17.489+0000] {dag.py:3096} INFO - Sync 1 DAGs
[2026-02-16T15:29:17.543+0000] {logging_mixin.py:188} INFO - [2026-02-16T15:29:17.543+0000] {dag.py:3954} INFO - Setting next_dagrun for produce_json to 2026-02-16 14:00:00+00:00, run_after=2026-02-17 14:00:00+00:00
[2026-02-16T15:29:17.580+0000] {processor.py:183} INFO - Processing /opt/airflow/dags/main.py took 0.201 seconds
[2026-02-16T15:29:48.024+0000] {processor.py:161} INFO - Started process (PID=989) to work on /opt/airflow/dags/main.py
[2026-02-16T15:29:48.025+0000] {processor.py:830} INFO - Processing file /opt/airflow/dags/main.py for tasks to queue
[2026-02-16T15:29:48.028+0000] {logging_mixin.py:188} INFO - [2026-02-16T15:29:48.028+0000] {dagbag.py:545} INFO - Filling up the DagBag from /opt/airflow/dags/main.py
[2026-02-16T15:29:48.090+0000] {processor.py:840} INFO - DAG(s) 'produce_json' retrieved from /opt/airflow/dags/main.py
[2026-02-16T15:29:48.126+0000] {logging_mixin.py:188} INFO - [2026-02-16T15:29:48.126+0000] {dag.py:3096} INFO - Sync 1 DAGs
[2026-02-16T15:29:48.153+0000] {logging_mixin.py:188} INFO - [2026-02-16T15:29:48.152+0000] {dag.py:3954} INFO - Setting next_dagrun for produce_json to 2026-02-16 14:00:00+00:00, run_after=2026-02-17 14:00:00+00:00
[2026-02-16T15:29:48.189+0000] {processor.py:183} INFO - Processing /opt/airflow/dags/main.py took 0.170 seconds
[2026-02-16T15:30:18.543+0000] {processor.py:161} INFO - Started process (PID=1002) to work on /opt/airflow/dags/main.py
[2026-02-16T15:30:18.544+0000] {processor.py:830} INFO - Processing file /opt/airflow/dags/main.py for tasks to queue
[2026-02-16T15:30:18.547+0000] {logging_mixin.py:188} INFO - [2026-02-16T15:30:18.546+0000] {dagbag.py:545} INFO - Filling up the DagBag from /opt/airflow/dags/main.py
[2026-02-16T15:30:18.604+0000] {processor.py:840} INFO - DAG(s) 'produce_json' retrieved from /opt/airflow/dags/main.py
[2026-02-16T15:30:18.641+0000] {logging_mixin.py:188} INFO - [2026-02-16T15:30:18.640+0000] {dag.py:3096} INFO - Sync 1 DAGs
[2026-02-16T15:30:18.670+0000] {logging_mixin.py:188} INFO - [2026-02-16T15:30:18.670+0000] {dag.py:3954} INFO - Setting next_dagrun for produce_json to 2026-02-16 14:00:00+00:00, run_after=2026-02-17 14:00:00+00:00
[2026-02-16T15:30:18.707+0000] {processor.py:183} INFO - Processing /opt/airflow/dags/main.py took 0.171 seconds
[2026-02-16T15:30:49.036+0000] {processor.py:161} INFO - Started process (PID=1009) to work on /opt/airflow/dags/main.py
[2026-02-16T15:30:49.038+0000] {processor.py:830} INFO - Processing file /opt/airflow/dags/main.py for tasks to queue
[2026-02-16T15:30:49.042+0000] {logging_mixin.py:188} INFO - [2026-02-16T15:30:49.042+0000] {dagbag.py:545} INFO - Filling up the DagBag from /opt/airflow/dags/main.py
[2026-02-16T15:30:49.113+0000] {processor.py:840} INFO - DAG(s) 'produce_json' retrieved from /opt/airflow/dags/main.py
[2026-02-16T15:30:49.151+0000] {logging_mixin.py:188} INFO - [2026-02-16T15:30:49.151+0000] {dag.py:3096} INFO - Sync 1 DAGs
[2026-02-16T15:30:49.182+0000] {logging_mixin.py:188} INFO - [2026-02-16T15:30:49.182+0000] {dag.py:3954} INFO - Setting next_dagrun for produce_json to 2026-02-16 14:00:00+00:00, run_after=2026-02-17 14:00:00+00:00
[2026-02-16T15:30:49.206+0000] {processor.py:183} INFO - Processing /opt/airflow/dags/main.py took 0.180 seconds
[2026-02-16T15:31:19.489+0000] {processor.py:161} INFO - Started process (PID=1016) to work on /opt/airflow/dags/main.py
[2026-02-16T15:31:19.490+0000] {processor.py:830} INFO - Processing file /opt/airflow/dags/main.py for tasks to queue
[2026-02-16T15:31:19.493+0000] {logging_mixin.py:188} INFO - [2026-02-16T15:31:19.492+0000] {dagbag.py:545} INFO - Filling up the DagBag from /opt/airflow/dags/main.py
[2026-02-16T15:31:19.546+0000] {processor.py:840} INFO - DAG(s) 'produce_json' retrieved from /opt/airflow/dags/main.py
[2026-02-16T15:31:19.580+0000] {logging_mixin.py:188} INFO - [2026-02-16T15:31:19.579+0000] {dag.py:3096} INFO - Sync 1 DAGs
[2026-02-16T15:31:19.603+0000] {logging_mixin.py:188} INFO - [2026-02-16T15:31:19.603+0000] {dag.py:3954} INFO - Setting next_dagrun for produce_json to 2026-02-16 14:00:00+00:00, run_after=2026-02-17 14:00:00+00:00
[2026-02-16T15:31:19.631+0000] {processor.py:183} INFO - Processing /opt/airflow/dags/main.py took 0.149 seconds
[2026-02-16T15:31:49.945+0000] {processor.py:161} INFO - Started process (PID=1023) to work on /opt/airflow/dags/main.py
[2026-02-16T15:31:49.947+0000] {processor.py:830} INFO - Processing file /opt/airflow/dags/main.py for tasks to queue
[2026-02-16T15:31:49.950+0000] {logging_mixin.py:188} INFO - [2026-02-16T15:31:49.950+0000] {dagbag.py:545} INFO - Filling up the DagBag from /opt/airflow/dags/main.py
[2026-02-16T15:31:50.026+0000] {processor.py:840} INFO - DAG(s) 'produce_json' retrieved from /opt/airflow/dags/main.py
[2026-02-16T15:31:50.059+0000] {logging_mixin.py:188} INFO - [2026-02-16T15:31:50.058+0000] {dag.py:3096} INFO - Sync 1 DAGs
[2026-02-16T15:31:50.081+0000] {logging_mixin.py:188} INFO - [2026-02-16T15:31:50.080+0000] {dag.py:3954} INFO - Setting next_dagrun for produce_json to 2026-02-16 14:00:00+00:00, run_after=2026-02-17 14:00:00+00:00
[2026-02-16T15:31:50.118+0000] {processor.py:183} INFO - Processing /opt/airflow/dags/main.py took 0.180 seconds
[2026-02-16T15:32:20.622+0000] {processor.py:161} INFO - Started process (PID=1030) to work on /opt/airflow/dags/main.py
[2026-02-16T15:32:20.624+0000] {processor.py:830} INFO - Processing file /opt/airflow/dags/main.py for tasks to queue
[2026-02-16T15:32:20.626+0000] {logging_mixin.py:188} INFO - [2026-02-16T15:32:20.626+0000] {dagbag.py:545} INFO - Filling up the DagBag from /opt/airflow/dags/main.py
[2026-02-16T15:32:20.676+0000] {processor.py:840} INFO - DAG(s) 'produce_json' retrieved from /opt/airflow/dags/main.py
[2026-02-16T15:32:20.711+0000] {logging_mixin.py:188} INFO - [2026-02-16T15:32:20.710+0000] {dag.py:3096} INFO - Sync 1 DAGs
[2026-02-16T15:32:20.732+0000] {logging_mixin.py:188} INFO - [2026-02-16T15:32:20.731+0000] {dag.py:3954} INFO - Setting next_dagrun for produce_json to 2026-02-16 14:00:00+00:00, run_after=2026-02-17 14:00:00+00:00
[2026-02-16T15:32:20.757+0000] {processor.py:183} INFO - Processing /opt/airflow/dags/main.py took 0.145 seconds
[2026-02-16T15:32:51.069+0000] {processor.py:161} INFO - Started process (PID=1037) to work on /opt/airflow/dags/main.py
[2026-02-16T15:32:51.071+0000] {processor.py:830} INFO - Processing file /opt/airflow/dags/main.py for tasks to queue
[2026-02-16T15:32:51.074+0000] {logging_mixin.py:188} INFO - [2026-02-16T15:32:51.073+0000] {dagbag.py:545} INFO - Filling up the DagBag from /opt/airflow/dags/main.py
[2026-02-16T15:32:51.131+0000] {processor.py:840} INFO - DAG(s) 'produce_json' retrieved from /opt/airflow/dags/main.py
[2026-02-16T15:32:51.162+0000] {logging_mixin.py:188} INFO - [2026-02-16T15:32:51.161+0000] {dag.py:3096} INFO - Sync 1 DAGs
[2026-02-16T15:32:51.184+0000] {logging_mixin.py:188} INFO - [2026-02-16T15:32:51.184+0000] {dag.py:3954} INFO - Setting next_dagrun for produce_json to 2026-02-16 14:00:00+00:00, run_after=2026-02-17 14:00:00+00:00
[2026-02-16T15:32:51.210+0000] {processor.py:183} INFO - Processing /opt/airflow/dags/main.py took 0.146 seconds
[2026-02-16T15:33:21.663+0000] {processor.py:161} INFO - Started process (PID=1044) to work on /opt/airflow/dags/main.py
[2026-02-16T15:33:21.665+0000] {processor.py:830} INFO - Processing file /opt/airflow/dags/main.py for tasks to queue
[2026-02-16T15:33:21.669+0000] {logging_mixin.py:188} INFO - [2026-02-16T15:33:21.669+0000] {dagbag.py:545} INFO - Filling up the DagBag from /opt/airflow/dags/main.py
[2026-02-16T15:33:21.747+0000] {processor.py:840} INFO - DAG(s) 'produce_json' retrieved from /opt/airflow/dags/main.py
[2026-02-16T15:33:21.777+0000] {logging_mixin.py:188} INFO - [2026-02-16T15:33:21.777+0000] {dag.py:3096} INFO - Sync 1 DAGs
[2026-02-16T15:33:21.801+0000] {logging_mixin.py:188} INFO - [2026-02-16T15:33:21.800+0000] {dag.py:3954} INFO - Setting next_dagrun for produce_json to 2026-02-16 14:00:00+00:00, run_after=2026-02-17 14:00:00+00:00
[2026-02-16T15:33:21.835+0000] {processor.py:183} INFO - Processing /opt/airflow/dags/main.py took 0.179 seconds
[2026-02-16T15:33:52.436+0000] {processor.py:161} INFO - Started process (PID=1051) to work on /opt/airflow/dags/main.py
[2026-02-16T15:33:52.437+0000] {processor.py:830} INFO - Processing file /opt/airflow/dags/main.py for tasks to queue
[2026-02-16T15:33:52.444+0000] {logging_mixin.py:188} INFO - [2026-02-16T15:33:52.444+0000] {dagbag.py:545} INFO - Filling up the DagBag from /opt/airflow/dags/main.py
[2026-02-16T15:33:52.491+0000] {processor.py:840} INFO - DAG(s) 'produce_json' retrieved from /opt/airflow/dags/main.py
[2026-02-16T15:33:52.520+0000] {logging_mixin.py:188} INFO - [2026-02-16T15:33:52.520+0000] {dag.py:3096} INFO - Sync 1 DAGs
[2026-02-16T15:33:52.542+0000] {logging_mixin.py:188} INFO - [2026-02-16T15:33:52.541+0000] {dag.py:3954} INFO - Setting next_dagrun for produce_json to 2026-02-16 14:00:00+00:00, run_after=2026-02-17 14:00:00+00:00
[2026-02-16T15:33:52.578+0000] {processor.py:183} INFO - Processing /opt/airflow/dags/main.py took 0.150 seconds
[2026-02-16T15:34:22.976+0000] {processor.py:161} INFO - Started process (PID=1058) to work on /opt/airflow/dags/main.py
[2026-02-16T15:34:22.977+0000] {processor.py:830} INFO - Processing file /opt/airflow/dags/main.py for tasks to queue
[2026-02-16T15:34:22.981+0000] {logging_mixin.py:188} INFO - [2026-02-16T15:34:22.980+0000] {dagbag.py:545} INFO - Filling up the DagBag from /opt/airflow/dags/main.py
[2026-02-16T15:34:23.041+0000] {processor.py:840} INFO - DAG(s) 'produce_json' retrieved from /opt/airflow/dags/main.py
[2026-02-16T15:34:23.072+0000] {logging_mixin.py:188} INFO - [2026-02-16T15:34:23.071+0000] {dag.py:3096} INFO - Sync 1 DAGs
[2026-02-16T15:34:23.094+0000] {logging_mixin.py:188} INFO - [2026-02-16T15:34:23.094+0000] {dag.py:3954} INFO - Setting next_dagrun for produce_json to 2026-02-16 14:00:00+00:00, run_after=2026-02-17 14:00:00+00:00
[2026-02-16T15:34:23.131+0000] {processor.py:183} INFO - Processing /opt/airflow/dags/main.py took 0.161 seconds
[2026-02-16T15:34:53.601+0000] {processor.py:161} INFO - Started process (PID=1065) to work on /opt/airflow/dags/main.py
[2026-02-16T15:34:53.603+0000] {processor.py:830} INFO - Processing file /opt/airflow/dags/main.py for tasks to queue
[2026-02-16T15:34:53.605+0000] {logging_mixin.py:188} INFO - [2026-02-16T15:34:53.604+0000] {dagbag.py:545} INFO - Filling up the DagBag from /opt/airflow/dags/main.py
[2026-02-16T15:34:53.654+0000] {processor.py:840} INFO - DAG(s) 'produce_json' retrieved from /opt/airflow/dags/main.py
[2026-02-16T15:34:53.683+0000] {logging_mixin.py:188} INFO - [2026-02-16T15:34:53.683+0000] {dag.py:3096} INFO - Sync 1 DAGs
[2026-02-16T15:34:53.705+0000] {logging_mixin.py:188} INFO - [2026-02-16T15:34:53.705+0000] {dag.py:3954} INFO - Setting next_dagrun for produce_json to 2026-02-16 14:00:00+00:00, run_after=2026-02-17 14:00:00+00:00
[2026-02-16T15:34:53.739+0000] {processor.py:183} INFO - Processing /opt/airflow/dags/main.py took 0.143 seconds
[2026-02-16T15:35:24.226+0000] {processor.py:161} INFO - Started process (PID=1072) to work on /opt/airflow/dags/main.py
[2026-02-16T15:35:24.227+0000] {processor.py:830} INFO - Processing file /opt/airflow/dags/main.py for tasks to queue
[2026-02-16T15:35:24.228+0000] {logging_mixin.py:188} INFO - [2026-02-16T15:35:24.228+0000] {dagbag.py:545} INFO - Filling up the DagBag from /opt/airflow/dags/main.py
[2026-02-16T15:35:24.277+0000] {processor.py:840} INFO - DAG(s) 'produce_json' retrieved from /opt/airflow/dags/main.py
[2026-02-16T15:35:24.312+0000] {logging_mixin.py:188} INFO - [2026-02-16T15:35:24.312+0000] {dag.py:3096} INFO - Sync 1 DAGs
[2026-02-16T15:35:24.333+0000] {logging_mixin.py:188} INFO - [2026-02-16T15:35:24.333+0000] {dag.py:3954} INFO - Setting next_dagrun for produce_json to 2026-02-16 14:00:00+00:00, run_after=2026-02-17 14:00:00+00:00
[2026-02-16T15:35:24.358+0000] {processor.py:183} INFO - Processing /opt/airflow/dags/main.py took 0.137 seconds
[2026-02-16T15:35:54.733+0000] {processor.py:161} INFO - Started process (PID=1079) to work on /opt/airflow/dags/main.py
[2026-02-16T15:35:54.734+0000] {processor.py:830} INFO - Processing file /opt/airflow/dags/main.py for tasks to queue
[2026-02-16T15:35:54.736+0000] {logging_mixin.py:188} INFO - [2026-02-16T15:35:54.735+0000] {dagbag.py:545} INFO - Filling up the DagBag from /opt/airflow/dags/main.py
[2026-02-16T15:35:54.778+0000] {processor.py:840} INFO - DAG(s) 'produce_json' retrieved from /opt/airflow/dags/main.py
[2026-02-16T15:35:54.808+0000] {logging_mixin.py:188} INFO - [2026-02-16T15:35:54.807+0000] {dag.py:3096} INFO - Sync 1 DAGs
[2026-02-16T15:35:54.829+0000] {logging_mixin.py:188} INFO - [2026-02-16T15:35:54.829+0000] {dag.py:3954} INFO - Setting next_dagrun for produce_json to 2026-02-16 14:00:00+00:00, run_after=2026-02-17 14:00:00+00:00
[2026-02-16T15:35:54.863+0000] {processor.py:183} INFO - Processing /opt/airflow/dags/main.py took 0.136 seconds
[2026-02-16T15:36:25.152+0000] {processor.py:161} INFO - Started process (PID=1092) to work on /opt/airflow/dags/main.py
[2026-02-16T15:36:25.153+0000] {processor.py:830} INFO - Processing file /opt/airflow/dags/main.py for tasks to queue
[2026-02-16T15:36:25.155+0000] {logging_mixin.py:188} INFO - [2026-02-16T15:36:25.155+0000] {dagbag.py:545} INFO - Filling up the DagBag from /opt/airflow/dags/main.py
[2026-02-16T15:36:25.196+0000] {processor.py:840} INFO - DAG(s) 'produce_json' retrieved from /opt/airflow/dags/main.py
[2026-02-16T15:36:25.228+0000] {logging_mixin.py:188} INFO - [2026-02-16T15:36:25.227+0000] {dag.py:3096} INFO - Sync 1 DAGs
[2026-02-16T15:36:25.249+0000] {logging_mixin.py:188} INFO - [2026-02-16T15:36:25.249+0000] {dag.py:3954} INFO - Setting next_dagrun for produce_json to 2026-02-16 14:00:00+00:00, run_after=2026-02-17 14:00:00+00:00
[2026-02-16T15:36:25.271+0000] {processor.py:183} INFO - Processing /opt/airflow/dags/main.py took 0.125 seconds
[2026-02-16T15:36:55.613+0000] {processor.py:161} INFO - Started process (PID=1099) to work on /opt/airflow/dags/main.py
[2026-02-16T15:36:55.614+0000] {processor.py:830} INFO - Processing file /opt/airflow/dags/main.py for tasks to queue
[2026-02-16T15:36:55.616+0000] {logging_mixin.py:188} INFO - [2026-02-16T15:36:55.616+0000] {dagbag.py:545} INFO - Filling up the DagBag from /opt/airflow/dags/main.py
[2026-02-16T15:36:55.661+0000] {processor.py:840} INFO - DAG(s) 'produce_json' retrieved from /opt/airflow/dags/main.py
[2026-02-16T15:36:55.689+0000] {logging_mixin.py:188} INFO - [2026-02-16T15:36:55.688+0000] {dag.py:3096} INFO - Sync 1 DAGs
[2026-02-16T15:36:55.709+0000] {logging_mixin.py:188} INFO - [2026-02-16T15:36:55.709+0000] {dag.py:3954} INFO - Setting next_dagrun for produce_json to 2026-02-16 14:00:00+00:00, run_after=2026-02-17 14:00:00+00:00
[2026-02-16T15:36:55.731+0000] {processor.py:183} INFO - Processing /opt/airflow/dags/main.py took 0.123 seconds
[2026-02-16T15:37:26.199+0000] {processor.py:161} INFO - Started process (PID=1106) to work on /opt/airflow/dags/main.py
[2026-02-16T15:37:26.201+0000] {processor.py:830} INFO - Processing file /opt/airflow/dags/main.py for tasks to queue
[2026-02-16T15:37:26.204+0000] {logging_mixin.py:188} INFO - [2026-02-16T15:37:26.204+0000] {dagbag.py:545} INFO - Filling up the DagBag from /opt/airflow/dags/main.py
[2026-02-16T15:37:26.259+0000] {processor.py:840} INFO - DAG(s) 'produce_json' retrieved from /opt/airflow/dags/main.py
[2026-02-16T15:37:26.288+0000] {logging_mixin.py:188} INFO - [2026-02-16T15:37:26.287+0000] {dag.py:3096} INFO - Sync 1 DAGs
[2026-02-16T15:37:26.311+0000] {logging_mixin.py:188} INFO - [2026-02-16T15:37:26.311+0000] {dag.py:3954} INFO - Setting next_dagrun for produce_json to 2026-02-16 14:00:00+00:00, run_after=2026-02-17 14:00:00+00:00
[2026-02-16T15:37:26.337+0000] {processor.py:183} INFO - Processing /opt/airflow/dags/main.py took 0.144 seconds
[2026-02-16T15:37:56.617+0000] {processor.py:161} INFO - Started process (PID=1113) to work on /opt/airflow/dags/main.py
[2026-02-16T15:37:56.618+0000] {processor.py:830} INFO - Processing file /opt/airflow/dags/main.py for tasks to queue
[2026-02-16T15:37:56.621+0000] {logging_mixin.py:188} INFO - [2026-02-16T15:37:56.620+0000] {dagbag.py:545} INFO - Filling up the DagBag from /opt/airflow/dags/main.py
[2026-02-16T15:37:56.693+0000] {processor.py:840} INFO - DAG(s) 'produce_json' retrieved from /opt/airflow/dags/main.py
[2026-02-16T15:37:56.727+0000] {logging_mixin.py:188} INFO - [2026-02-16T15:37:56.727+0000] {dag.py:3096} INFO - Sync 1 DAGs
[2026-02-16T15:37:56.751+0000] {logging_mixin.py:188} INFO - [2026-02-16T15:37:56.751+0000] {dag.py:3954} INFO - Setting next_dagrun for produce_json to 2026-02-16 14:00:00+00:00, run_after=2026-02-17 14:00:00+00:00
[2026-02-16T15:37:56.776+0000] {processor.py:183} INFO - Processing /opt/airflow/dags/main.py took 0.166 seconds
[2026-02-16T15:38:27.284+0000] {processor.py:161} INFO - Started process (PID=1120) to work on /opt/airflow/dags/main.py
[2026-02-16T15:38:27.286+0000] {processor.py:830} INFO - Processing file /opt/airflow/dags/main.py for tasks to queue
[2026-02-16T15:38:27.288+0000] {logging_mixin.py:188} INFO - [2026-02-16T15:38:27.287+0000] {dagbag.py:545} INFO - Filling up the DagBag from /opt/airflow/dags/main.py
[2026-02-16T15:38:27.332+0000] {processor.py:840} INFO - DAG(s) 'produce_json' retrieved from /opt/airflow/dags/main.py
[2026-02-16T15:38:27.380+0000] {logging_mixin.py:188} INFO - [2026-02-16T15:38:27.379+0000] {dag.py:3096} INFO - Sync 1 DAGs
[2026-02-16T15:38:27.406+0000] {logging_mixin.py:188} INFO - [2026-02-16T15:38:27.406+0000] {dag.py:3954} INFO - Setting next_dagrun for produce_json to 2026-02-16 14:00:00+00:00, run_after=2026-02-17 14:00:00+00:00
[2026-02-16T15:38:27.442+0000] {processor.py:183} INFO - Processing /opt/airflow/dags/main.py took 0.163 seconds
[2026-02-16T15:38:57.813+0000] {processor.py:161} INFO - Started process (PID=1127) to work on /opt/airflow/dags/main.py
[2026-02-16T15:38:57.815+0000] {processor.py:830} INFO - Processing file /opt/airflow/dags/main.py for tasks to queue
[2026-02-16T15:38:57.819+0000] {logging_mixin.py:188} INFO - [2026-02-16T15:38:57.818+0000] {dagbag.py:545} INFO - Filling up the DagBag from /opt/airflow/dags/main.py
[2026-02-16T15:38:57.890+0000] {processor.py:840} INFO - DAG(s) 'produce_json' retrieved from /opt/airflow/dags/main.py
[2026-02-16T15:38:57.934+0000] {logging_mixin.py:188} INFO - [2026-02-16T15:38:57.934+0000] {dag.py:3096} INFO - Sync 1 DAGs
[2026-02-16T15:38:57.968+0000] {logging_mixin.py:188} INFO - [2026-02-16T15:38:57.968+0000] {dag.py:3954} INFO - Setting next_dagrun for produce_json to 2026-02-16 14:00:00+00:00, run_after=2026-02-17 14:00:00+00:00
[2026-02-16T15:38:58.005+0000] {processor.py:183} INFO - Processing /opt/airflow/dags/main.py took 0.200 seconds
[2026-02-16T15:39:28.390+0000] {processor.py:161} INFO - Started process (PID=1134) to work on /opt/airflow/dags/main.py
[2026-02-16T15:39:28.391+0000] {processor.py:830} INFO - Processing file /opt/airflow/dags/main.py for tasks to queue
[2026-02-16T15:39:28.394+0000] {logging_mixin.py:188} INFO - [2026-02-16T15:39:28.394+0000] {dagbag.py:545} INFO - Filling up the DagBag from /opt/airflow/dags/main.py
[2026-02-16T15:39:27.697+0000] {processor.py:840} INFO - DAG(s) 'produce_json' retrieved from /opt/airflow/dags/main.py
[2026-02-16T15:39:27.727+0000] {logging_mixin.py:188} INFO - [2026-02-16T15:39:27.726+0000] {dag.py:3096} INFO - Sync 1 DAGs
[2026-02-16T15:39:27.755+0000] {logging_mixin.py:188} INFO - [2026-02-16T15:39:27.754+0000] {dag.py:3954} INFO - Setting next_dagrun for produce_json to 2026-02-16 14:00:00+00:00, run_after=2026-02-17 14:00:00+00:00
[2026-02-16T15:39:27.776+0000] {processor.py:183} INFO - Processing /opt/airflow/dags/main.py took 0.141 seconds
[2026-02-16T15:39:57.058+0000] {processor.py:161} INFO - Started process (PID=1141) to work on /opt/airflow/dags/main.py
[2026-02-16T15:39:57.059+0000] {processor.py:830} INFO - Processing file /opt/airflow/dags/main.py for tasks to queue
[2026-02-16T15:39:57.061+0000] {logging_mixin.py:188} INFO - [2026-02-16T15:39:57.061+0000] {dagbag.py:545} INFO - Filling up the DagBag from /opt/airflow/dags/main.py
[2026-02-16T15:39:57.113+0000] {processor.py:840} INFO - DAG(s) 'produce_json' retrieved from /opt/airflow/dags/main.py
[2026-02-16T15:39:57.164+0000] {logging_mixin.py:188} INFO - [2026-02-16T15:39:57.164+0000] {dag.py:3096} INFO - Sync 1 DAGs
[2026-02-16T15:39:57.193+0000] {logging_mixin.py:188} INFO - [2026-02-16T15:39:57.192+0000] {dag.py:3954} INFO - Setting next_dagrun for produce_json to 2026-02-16 14:00:00+00:00, run_after=2026-02-17 14:00:00+00:00
[2026-02-16T15:39:57.232+0000] {processor.py:183} INFO - Processing /opt/airflow/dags/main.py took 0.179 seconds
[2026-02-16T15:40:27.504+0000] {processor.py:161} INFO - Started process (PID=1148) to work on /opt/airflow/dags/main.py
[2026-02-16T15:40:27.507+0000] {processor.py:830} INFO - Processing file /opt/airflow/dags/main.py for tasks to queue
[2026-02-16T15:40:27.514+0000] {logging_mixin.py:188} INFO - [2026-02-16T15:40:27.511+0000] {dagbag.py:545} INFO - Filling up the DagBag from /opt/airflow/dags/main.py
[2026-02-16T15:40:27.608+0000] {processor.py:840} INFO - DAG(s) 'produce_json' retrieved from /opt/airflow/dags/main.py
[2026-02-16T15:40:27.652+0000] {logging_mixin.py:188} INFO - [2026-02-16T15:40:27.652+0000] {dag.py:3096} INFO - Sync 1 DAGs
[2026-02-16T15:40:27.688+0000] {logging_mixin.py:188} INFO - [2026-02-16T15:40:27.688+0000] {dag.py:3954} INFO - Setting next_dagrun for produce_json to 2026-02-16 14:00:00+00:00, run_after=2026-02-17 14:00:00+00:00
[2026-02-16T15:40:27.712+0000] {processor.py:183} INFO - Processing /opt/airflow/dags/main.py took 0.216 seconds
[2026-02-16T15:40:58.025+0000] {processor.py:161} INFO - Started process (PID=1155) to work on /opt/airflow/dags/main.py
[2026-02-16T15:40:58.026+0000] {processor.py:830} INFO - Processing file /opt/airflow/dags/main.py for tasks to queue
[2026-02-16T15:40:58.028+0000] {logging_mixin.py:188} INFO - [2026-02-16T15:40:58.028+0000] {dagbag.py:545} INFO - Filling up the DagBag from /opt/airflow/dags/main.py
[2026-02-16T15:40:58.077+0000] {processor.py:840} INFO - DAG(s) 'produce_json' retrieved from /opt/airflow/dags/main.py
[2026-02-16T15:40:58.107+0000] {logging_mixin.py:188} INFO - [2026-02-16T15:40:58.107+0000] {dag.py:3096} INFO - Sync 1 DAGs
[2026-02-16T15:40:58.128+0000] {logging_mixin.py:188} INFO - [2026-02-16T15:40:58.128+0000] {dag.py:3954} INFO - Setting next_dagrun for produce_json to 2026-02-16 14:00:00+00:00, run_after=2026-02-17 14:00:00+00:00
[2026-02-16T15:40:58.149+0000] {processor.py:183} INFO - Processing /opt/airflow/dags/main.py took 0.131 seconds
[2026-02-16T15:41:28.502+0000] {processor.py:161} INFO - Started process (PID=1162) to work on /opt/airflow/dags/main.py
[2026-02-16T15:41:28.503+0000] {processor.py:830} INFO - Processing file /opt/airflow/dags/main.py for tasks to queue
[2026-02-16T15:41:28.505+0000] {logging_mixin.py:188} INFO - [2026-02-16T15:41:28.504+0000] {dagbag.py:545} INFO - Filling up the DagBag from /opt/airflow/dags/main.py
[2026-02-16T15:41:28.553+0000] {processor.py:840} INFO - DAG(s) 'produce_json' retrieved from /opt/airflow/dags/main.py
[2026-02-16T15:41:28.586+0000] {logging_mixin.py:188} INFO - [2026-02-16T15:41:28.586+0000] {dag.py:3096} INFO - Sync 1 DAGs
[2026-02-16T15:41:28.612+0000] {logging_mixin.py:188} INFO - [2026-02-16T15:41:28.611+0000] {dag.py:3954} INFO - Setting next_dagrun for produce_json to 2026-02-16 14:00:00+00:00, run_after=2026-02-17 14:00:00+00:00
[2026-02-16T15:41:28.652+0000] {processor.py:183} INFO - Processing /opt/airflow/dags/main.py took 0.156 seconds
[2026-02-16T15:41:59.053+0000] {processor.py:161} INFO - Started process (PID=1169) to work on /opt/airflow/dags/main.py
[2026-02-16T15:41:59.054+0000] {processor.py:830} INFO - Processing file /opt/airflow/dags/main.py for tasks to queue
[2026-02-16T15:41:59.056+0000] {logging_mixin.py:188} INFO - [2026-02-16T15:41:59.056+0000] {dagbag.py:545} INFO - Filling up the DagBag from /opt/airflow/dags/main.py
[2026-02-16T15:41:59.109+0000] {processor.py:840} INFO - DAG(s) 'produce_json' retrieved from /opt/airflow/dags/main.py
[2026-02-16T15:41:59.141+0000] {logging_mixin.py:188} INFO - [2026-02-16T15:41:59.141+0000] {dag.py:3096} INFO - Sync 1 DAGs
[2026-02-16T15:41:59.164+0000] {logging_mixin.py:188} INFO - [2026-02-16T15:41:59.163+0000] {dag.py:3954} INFO - Setting next_dagrun for produce_json to 2026-02-16 14:00:00+00:00, run_after=2026-02-17 14:00:00+00:00
[2026-02-16T15:41:59.199+0000] {processor.py:183} INFO - Processing /opt/airflow/dags/main.py took 0.155 seconds
[2026-02-16T15:42:29.532+0000] {processor.py:161} INFO - Started process (PID=1182) to work on /opt/airflow/dags/main.py
[2026-02-16T15:42:29.533+0000] {processor.py:830} INFO - Processing file /opt/airflow/dags/main.py for tasks to queue
[2026-02-16T15:42:29.535+0000] {logging_mixin.py:188} INFO - [2026-02-16T15:42:29.535+0000] {dagbag.py:545} INFO - Filling up the DagBag from /opt/airflow/dags/main.py
[2026-02-16T15:42:29.604+0000] {processor.py:840} INFO - DAG(s) 'produce_json' retrieved from /opt/airflow/dags/main.py
[2026-02-16T15:42:29.646+0000] {logging_mixin.py:188} INFO - [2026-02-16T15:42:29.645+0000] {dag.py:3096} INFO - Sync 1 DAGs
[2026-02-16T15:42:29.675+0000] {logging_mixin.py:188} INFO - [2026-02-16T15:42:29.675+0000] {dag.py:3954} INFO - Setting next_dagrun for produce_json to 2026-02-16 14:00:00+00:00, run_after=2026-02-17 14:00:00+00:00
[2026-02-16T15:42:29.714+0000] {processor.py:183} INFO - Processing /opt/airflow/dags/main.py took 0.189 seconds
[2026-02-16T15:43:00.009+0000] {processor.py:161} INFO - Started process (PID=1189) to work on /opt/airflow/dags/main.py
[2026-02-16T15:43:00.010+0000] {processor.py:830} INFO - Processing file /opt/airflow/dags/main.py for tasks to queue
[2026-02-16T15:43:00.012+0000] {logging_mixin.py:188} INFO - [2026-02-16T15:43:00.012+0000] {dagbag.py:545} INFO - Filling up the DagBag from /opt/airflow/dags/main.py
[2026-02-16T15:43:00.062+0000] {processor.py:840} INFO - DAG(s) 'produce_json' retrieved from /opt/airflow/dags/main.py
[2026-02-16T15:43:00.090+0000] {logging_mixin.py:188} INFO - [2026-02-16T15:43:00.090+0000] {dag.py:3096} INFO - Sync 1 DAGs
[2026-02-16T15:43:00.112+0000] {logging_mixin.py:188} INFO - [2026-02-16T15:43:00.112+0000] {dag.py:3954} INFO - Setting next_dagrun for produce_json to 2026-02-16 14:00:00+00:00, run_after=2026-02-17 14:00:00+00:00
[2026-02-16T15:43:00.142+0000] {processor.py:183} INFO - Processing /opt/airflow/dags/main.py took 0.139 seconds
[2026-02-16T15:43:30.433+0000] {processor.py:161} INFO - Started process (PID=1196) to work on /opt/airflow/dags/main.py
[2026-02-16T15:43:30.434+0000] {processor.py:830} INFO - Processing file /opt/airflow/dags/main.py for tasks to queue
[2026-02-16T15:43:30.436+0000] {logging_mixin.py:188} INFO - [2026-02-16T15:43:30.435+0000] {dagbag.py:545} INFO - Filling up the DagBag from /opt/airflow/dags/main.py
[2026-02-16T15:43:30.480+0000] {processor.py:840} INFO - DAG(s) 'produce_json' retrieved from /opt/airflow/dags/main.py
[2026-02-16T15:43:30.507+0000] {logging_mixin.py:188} INFO - [2026-02-16T15:43:30.507+0000] {dag.py:3096} INFO - Sync 1 DAGs
[2026-02-16T15:43:30.528+0000] {logging_mixin.py:188} INFO - [2026-02-16T15:43:30.527+0000] {dag.py:3954} INFO - Setting next_dagrun for produce_json to 2026-02-16 14:00:00+00:00, run_after=2026-02-17 14:00:00+00:00
[2026-02-16T15:43:30.561+0000] {processor.py:183} INFO - Processing /opt/airflow/dags/main.py took 0.134 seconds
[2026-02-16T15:44:00.819+0000] {processor.py:161} INFO - Started process (PID=1203) to work on /opt/airflow/dags/main.py
[2026-02-16T15:44:00.821+0000] {processor.py:830} INFO - Processing file /opt/airflow/dags/main.py for tasks to queue
[2026-02-16T15:44:00.824+0000] {logging_mixin.py:188} INFO - [2026-02-16T15:44:00.823+0000] {dagbag.py:545} INFO - Filling up the DagBag from /opt/airflow/dags/main.py
[2026-02-16T15:44:00.884+0000] {processor.py:840} INFO - DAG(s) 'produce_json' retrieved from /opt/airflow/dags/main.py
[2026-02-16T15:44:00.922+0000] {logging_mixin.py:188} INFO - [2026-02-16T15:44:00.922+0000] {dag.py:3096} INFO - Sync 1 DAGs
[2026-02-16T15:44:00.947+0000] {logging_mixin.py:188} INFO - [2026-02-16T15:44:00.947+0000] {dag.py:3954} INFO - Setting next_dagrun for produce_json to 2026-02-16 14:00:00+00:00, run_after=2026-02-17 14:00:00+00:00
[2026-02-16T15:44:00.982+0000] {processor.py:183} INFO - Processing /opt/airflow/dags/main.py took 0.171 seconds
[2026-02-16T15:44:31.413+0000] {processor.py:161} INFO - Started process (PID=1210) to work on /opt/airflow/dags/main.py
[2026-02-16T15:44:31.414+0000] {processor.py:830} INFO - Processing file /opt/airflow/dags/main.py for tasks to queue
[2026-02-16T15:44:31.417+0000] {logging_mixin.py:188} INFO - [2026-02-16T15:44:31.417+0000] {dagbag.py:545} INFO - Filling up the DagBag from /opt/airflow/dags/main.py
[2026-02-16T15:44:31.469+0000] {processor.py:840} INFO - DAG(s) 'produce_json' retrieved from /opt/airflow/dags/main.py
[2026-02-16T15:44:31.503+0000] {logging_mixin.py:188} INFO - [2026-02-16T15:44:31.503+0000] {dag.py:3096} INFO - Sync 1 DAGs
[2026-02-16T15:44:31.530+0000] {logging_mixin.py:188} INFO - [2026-02-16T15:44:31.530+0000] {dag.py:3954} INFO - Setting next_dagrun for produce_json to 2026-02-16 14:00:00+00:00, run_after=2026-02-17 14:00:00+00:00
[2026-02-16T15:44:31.564+0000] {processor.py:183} INFO - Processing /opt/airflow/dags/main.py took 0.159 seconds
[2026-02-16T15:45:01.866+0000] {processor.py:161} INFO - Started process (PID=1217) to work on /opt/airflow/dags/main.py
[2026-02-16T15:45:01.867+0000] {processor.py:830} INFO - Processing file /opt/airflow/dags/main.py for tasks to queue
[2026-02-16T15:45:01.869+0000] {logging_mixin.py:188} INFO - [2026-02-16T15:45:01.869+0000] {dagbag.py:545} INFO - Filling up the DagBag from /opt/airflow/dags/main.py
[2026-02-16T15:45:01.919+0000] {processor.py:840} INFO - DAG(s) 'produce_json' retrieved from /opt/airflow/dags/main.py
[2026-02-16T15:45:01.951+0000] {logging_mixin.py:188} INFO - [2026-02-16T15:45:01.950+0000] {dag.py:3096} INFO - Sync 1 DAGs
[2026-02-16T15:45:01.975+0000] {logging_mixin.py:188} INFO - [2026-02-16T15:45:01.975+0000] {dag.py:3954} INFO - Setting next_dagrun for produce_json to 2026-02-16 14:00:00+00:00, run_after=2026-02-17 14:00:00+00:00
[2026-02-16T15:45:01.999+0000] {processor.py:183} INFO - Processing /opt/airflow/dags/main.py took 0.139 seconds
[2026-02-16T15:45:32.360+0000] {processor.py:161} INFO - Started process (PID=1224) to work on /opt/airflow/dags/main.py
[2026-02-16T15:45:32.361+0000] {processor.py:830} INFO - Processing file /opt/airflow/dags/main.py for tasks to queue
[2026-02-16T15:45:32.364+0000] {logging_mixin.py:188} INFO - [2026-02-16T15:45:32.363+0000] {dagbag.py:545} INFO - Filling up the DagBag from /opt/airflow/dags/main.py
[2026-02-16T15:45:32.417+0000] {processor.py:840} INFO - DAG(s) 'produce_json' retrieved from /opt/airflow/dags/main.py
[2026-02-16T15:45:32.445+0000] {logging_mixin.py:188} INFO - [2026-02-16T15:45:32.445+0000] {dag.py:3096} INFO - Sync 1 DAGs
[2026-02-16T15:45:32.471+0000] {logging_mixin.py:188} INFO - [2026-02-16T15:45:32.471+0000] {dag.py:3954} INFO - Setting next_dagrun for produce_json to 2026-02-16 14:00:00+00:00, run_after=2026-02-17 14:00:00+00:00
[2026-02-16T15:45:32.509+0000] {processor.py:183} INFO - Processing /opt/airflow/dags/main.py took 0.155 seconds
[2026-02-16T15:46:02.895+0000] {processor.py:161} INFO - Started process (PID=1231) to work on /opt/airflow/dags/main.py
[2026-02-16T15:46:02.896+0000] {processor.py:830} INFO - Processing file /opt/airflow/dags/main.py for tasks to queue
[2026-02-16T15:46:02.898+0000] {logging_mixin.py:188} INFO - [2026-02-16T15:46:02.897+0000] {dagbag.py:545} INFO - Filling up the DagBag from /opt/airflow/dags/main.py
[2026-02-16T15:46:02.948+0000] {processor.py:840} INFO - DAG(s) 'produce_json' retrieved from /opt/airflow/dags/main.py
[2026-02-16T15:46:02.994+0000] {logging_mixin.py:188} INFO - [2026-02-16T15:46:02.993+0000] {dag.py:3096} INFO - Sync 1 DAGs
[2026-02-16T15:46:03.020+0000] {logging_mixin.py:188} INFO - [2026-02-16T15:46:03.020+0000] {dag.py:3954} INFO - Setting next_dagrun for produce_json to 2026-02-16 14:00:00+00:00, run_after=2026-02-17 14:00:00+00:00
[2026-02-16T15:46:03.057+0000] {processor.py:183} INFO - Processing /opt/airflow/dags/main.py took 0.173 seconds
[2026-02-16T15:46:33.439+0000] {processor.py:161} INFO - Started process (PID=1238) to work on /opt/airflow/dags/main.py
[2026-02-16T15:46:33.440+0000] {processor.py:830} INFO - Processing file /opt/airflow/dags/main.py for tasks to queue
[2026-02-16T15:46:33.442+0000] {logging_mixin.py:188} INFO - [2026-02-16T15:46:33.442+0000] {dagbag.py:545} INFO - Filling up the DagBag from /opt/airflow/dags/main.py
[2026-02-16T15:46:33.486+0000] {processor.py:840} INFO - DAG(s) 'produce_json' retrieved from /opt/airflow/dags/main.py
[2026-02-16T15:46:33.514+0000] {logging_mixin.py:188} INFO - [2026-02-16T15:46:33.514+0000] {dag.py:3096} INFO - Sync 1 DAGs
[2026-02-16T15:46:33.542+0000] {logging_mixin.py:188} INFO - [2026-02-16T15:46:33.542+0000] {dag.py:3954} INFO - Setting next_dagrun for produce_json to 2026-02-16 14:00:00+00:00, run_after=2026-02-17 14:00:00+00:00
[2026-02-16T15:46:33.565+0000] {processor.py:183} INFO - Processing /opt/airflow/dags/main.py took 0.133 seconds
[2026-02-16T15:47:03.897+0000] {processor.py:161} INFO - Started process (PID=1245) to work on /opt/airflow/dags/main.py
[2026-02-16T15:47:03.898+0000] {processor.py:830} INFO - Processing file /opt/airflow/dags/main.py for tasks to queue
[2026-02-16T15:47:03.902+0000] {logging_mixin.py:188} INFO - [2026-02-16T15:47:03.902+0000] {dagbag.py:545} INFO - Filling up the DagBag from /opt/airflow/dags/main.py
[2026-02-16T15:47:03.954+0000] {processor.py:840} INFO - DAG(s) 'produce_json' retrieved from /opt/airflow/dags/main.py
[2026-02-16T15:47:03.988+0000] {logging_mixin.py:188} INFO - [2026-02-16T15:47:03.988+0000] {dag.py:3096} INFO - Sync 1 DAGs
[2026-02-16T15:47:04.013+0000] {logging_mixin.py:188} INFO - [2026-02-16T15:47:04.013+0000] {dag.py:3954} INFO - Setting next_dagrun for produce_json to 2026-02-16 14:00:00+00:00, run_after=2026-02-17 14:00:00+00:00
[2026-02-16T15:47:04.038+0000] {processor.py:183} INFO - Processing /opt/airflow/dags/main.py took 0.148 seconds
[2026-02-16T15:47:34.498+0000] {processor.py:161} INFO - Started process (PID=1252) to work on /opt/airflow/dags/main.py
[2026-02-16T15:47:34.499+0000] {processor.py:830} INFO - Processing file /opt/airflow/dags/main.py for tasks to queue
[2026-02-16T15:47:34.501+0000] {logging_mixin.py:188} INFO - [2026-02-16T15:47:34.501+0000] {dagbag.py:545} INFO - Filling up the DagBag from /opt/airflow/dags/main.py
[2026-02-16T15:47:34.546+0000] {processor.py:840} INFO - DAG(s) 'produce_json' retrieved from /opt/airflow/dags/main.py
[2026-02-16T15:47:34.579+0000] {logging_mixin.py:188} INFO - [2026-02-16T15:47:34.579+0000] {dag.py:3096} INFO - Sync 1 DAGs
[2026-02-16T15:47:34.599+0000] {logging_mixin.py:188} INFO - [2026-02-16T15:47:34.599+0000] {dag.py:3954} INFO - Setting next_dagrun for produce_json to 2026-02-16 14:00:00+00:00, run_after=2026-02-17 14:00:00+00:00
[2026-02-16T15:47:34.634+0000] {processor.py:183} INFO - Processing /opt/airflow/dags/main.py took 0.141 seconds
[2026-02-16T15:48:04.939+0000] {processor.py:161} INFO - Started process (PID=1259) to work on /opt/airflow/dags/main.py
[2026-02-16T15:48:04.940+0000] {processor.py:830} INFO - Processing file /opt/airflow/dags/main.py for tasks to queue
[2026-02-16T15:48:04.944+0000] {logging_mixin.py:188} INFO - [2026-02-16T15:48:04.943+0000] {dagbag.py:545} INFO - Filling up the DagBag from /opt/airflow/dags/main.py
[2026-02-16T15:48:05.000+0000] {processor.py:840} INFO - DAG(s) 'produce_json' retrieved from /opt/airflow/dags/main.py
[2026-02-16T15:48:05.041+0000] {logging_mixin.py:188} INFO - [2026-02-16T15:48:05.040+0000] {dag.py:3096} INFO - Sync 1 DAGs
[2026-02-16T15:48:05.069+0000] {logging_mixin.py:188} INFO - [2026-02-16T15:48:05.069+0000] {dag.py:3954} INFO - Setting next_dagrun for produce_json to 2026-02-16 14:00:00+00:00, run_after=2026-02-17 14:00:00+00:00
[2026-02-16T15:48:05.106+0000] {processor.py:183} INFO - Processing /opt/airflow/dags/main.py took 0.174 seconds
[2026-02-16T15:48:35.595+0000] {processor.py:161} INFO - Started process (PID=1266) to work on /opt/airflow/dags/main.py
[2026-02-16T15:48:35.597+0000] {processor.py:830} INFO - Processing file /opt/airflow/dags/main.py for tasks to queue
[2026-02-16T15:48:35.599+0000] {logging_mixin.py:188} INFO - [2026-02-16T15:48:35.599+0000] {dagbag.py:545} INFO - Filling up the DagBag from /opt/airflow/dags/main.py
[2026-02-16T15:48:35.655+0000] {processor.py:840} INFO - DAG(s) 'produce_json' retrieved from /opt/airflow/dags/main.py
[2026-02-16T15:48:35.683+0000] {logging_mixin.py:188} INFO - [2026-02-16T15:48:35.683+0000] {dag.py:3096} INFO - Sync 1 DAGs
[2026-02-16T15:48:35.705+0000] {logging_mixin.py:188} INFO - [2026-02-16T15:48:35.705+0000] {dag.py:3954} INFO - Setting next_dagrun for produce_json to 2026-02-16 14:00:00+00:00, run_after=2026-02-17 14:00:00+00:00
[2026-02-16T15:48:35.729+0000] {processor.py:183} INFO - Processing /opt/airflow/dags/main.py took 0.139 seconds
[2026-02-16T15:49:06.070+0000] {processor.py:161} INFO - Started process (PID=1279) to work on /opt/airflow/dags/main.py
[2026-02-16T15:49:06.072+0000] {processor.py:830} INFO - Processing file /opt/airflow/dags/main.py for tasks to queue
[2026-02-16T15:49:06.075+0000] {logging_mixin.py:188} INFO - [2026-02-16T15:49:06.075+0000] {dagbag.py:545} INFO - Filling up the DagBag from /opt/airflow/dags/main.py
[2026-02-16T15:49:06.136+0000] {processor.py:840} INFO - DAG(s) 'produce_json' retrieved from /opt/airflow/dags/main.py
[2026-02-16T15:49:06.173+0000] {logging_mixin.py:188} INFO - [2026-02-16T15:49:06.172+0000] {dag.py:3096} INFO - Sync 1 DAGs
[2026-02-16T15:49:06.197+0000] {logging_mixin.py:188} INFO - [2026-02-16T15:49:06.197+0000] {dag.py:3954} INFO - Setting next_dagrun for produce_json to 2026-02-16 14:00:00+00:00, run_after=2026-02-17 14:00:00+00:00
[2026-02-16T15:49:06.232+0000] {processor.py:183} INFO - Processing /opt/airflow/dags/main.py took 0.169 seconds
[2026-02-16T15:49:36.585+0000] {processor.py:161} INFO - Started process (PID=1286) to work on /opt/airflow/dags/main.py
[2026-02-16T15:49:36.587+0000] {processor.py:830} INFO - Processing file /opt/airflow/dags/main.py for tasks to queue
[2026-02-16T15:49:36.589+0000] {logging_mixin.py:188} INFO - [2026-02-16T15:49:36.588+0000] {dagbag.py:545} INFO - Filling up the DagBag from /opt/airflow/dags/main.py
[2026-02-16T15:49:36.654+0000] {processor.py:840} INFO - DAG(s) 'produce_json' retrieved from /opt/airflow/dags/main.py
[2026-02-16T15:49:36.684+0000] {logging_mixin.py:188} INFO - [2026-02-16T15:49:36.684+0000] {dag.py:3096} INFO - Sync 1 DAGs
[2026-02-16T15:49:36.706+0000] {logging_mixin.py:188} INFO - [2026-02-16T15:49:36.706+0000] {dag.py:3954} INFO - Setting next_dagrun for produce_json to 2026-02-16 14:00:00+00:00, run_after=2026-02-17 14:00:00+00:00
[2026-02-16T15:49:36.729+0000] {processor.py:183} INFO - Processing /opt/airflow/dags/main.py took 0.150 seconds
[2026-02-16T15:50:07.097+0000] {processor.py:161} INFO - Started process (PID=1293) to work on /opt/airflow/dags/main.py
[2026-02-16T15:50:07.099+0000] {processor.py:830} INFO - Processing file /opt/airflow/dags/main.py for tasks to queue
[2026-02-16T15:50:07.103+0000] {logging_mixin.py:188} INFO - [2026-02-16T15:50:07.103+0000] {dagbag.py:545} INFO - Filling up the DagBag from /opt/airflow/dags/main.py
[2026-02-16T15:50:07.147+0000] {processor.py:840} INFO - DAG(s) 'produce_json' retrieved from /opt/airflow/dags/main.py
[2026-02-16T15:50:07.185+0000] {logging_mixin.py:188} INFO - [2026-02-16T15:50:07.184+0000] {dag.py:3096} INFO - Sync 1 DAGs
[2026-02-16T15:50:07.218+0000] {logging_mixin.py:188} INFO - [2026-02-16T15:50:07.218+0000] {dag.py:3954} INFO - Setting next_dagrun for produce_json to 2026-02-16 14:00:00+00:00, run_after=2026-02-17 14:00:00+00:00
[2026-02-16T15:50:07.251+0000] {processor.py:183} INFO - Processing /opt/airflow/dags/main.py took 0.163 seconds
[2026-02-16T15:50:37.581+0000] {processor.py:161} INFO - Started process (PID=1300) to work on /opt/airflow/dags/main.py
[2026-02-16T15:50:37.583+0000] {processor.py:830} INFO - Processing file /opt/airflow/dags/main.py for tasks to queue
[2026-02-16T15:50:37.586+0000] {logging_mixin.py:188} INFO - [2026-02-16T15:50:37.586+0000] {dagbag.py:545} INFO - Filling up the DagBag from /opt/airflow/dags/main.py
[2026-02-16T15:50:37.661+0000] {processor.py:840} INFO - DAG(s) 'produce_json' retrieved from /opt/airflow/dags/main.py
[2026-02-16T15:50:37.695+0000] {logging_mixin.py:188} INFO - [2026-02-16T15:50:37.694+0000] {dag.py:3096} INFO - Sync 1 DAGs
[2026-02-16T15:50:37.720+0000] {logging_mixin.py:188} INFO - [2026-02-16T15:50:37.720+0000] {dag.py:3954} INFO - Setting next_dagrun for produce_json to 2026-02-16 14:00:00+00:00, run_after=2026-02-17 14:00:00+00:00
[2026-02-16T15:50:37.748+0000] {processor.py:183} INFO - Processing /opt/airflow/dags/main.py took 0.178 seconds
[2026-02-16T15:51:07.965+0000] {processor.py:161} INFO - Started process (PID=1307) to work on /opt/airflow/dags/main.py
[2026-02-16T15:51:07.967+0000] {processor.py:830} INFO - Processing file /opt/airflow/dags/main.py for tasks to queue
[2026-02-16T15:51:07.969+0000] {logging_mixin.py:188} INFO - [2026-02-16T15:51:07.969+0000] {dagbag.py:545} INFO - Filling up the DagBag from /opt/airflow/dags/main.py
[2026-02-16T15:51:08.021+0000] {processor.py:840} INFO - DAG(s) 'produce_json' retrieved from /opt/airflow/dags/main.py
[2026-02-16T15:51:08.053+0000] {logging_mixin.py:188} INFO - [2026-02-16T15:51:08.052+0000] {dag.py:3096} INFO - Sync 1 DAGs
[2026-02-16T15:51:08.076+0000] {logging_mixin.py:188} INFO - [2026-02-16T15:51:08.076+0000] {dag.py:3954} INFO - Setting next_dagrun for produce_json to 2026-02-16 14:00:00+00:00, run_after=2026-02-17 14:00:00+00:00
[2026-02-16T15:51:08.100+0000] {processor.py:183} INFO - Processing /opt/airflow/dags/main.py took 0.142 seconds
[2026-02-16T15:51:38.643+0000] {processor.py:161} INFO - Started process (PID=1314) to work on /opt/airflow/dags/main.py
[2026-02-16T15:51:38.644+0000] {processor.py:830} INFO - Processing file /opt/airflow/dags/main.py for tasks to queue
[2026-02-16T15:51:38.647+0000] {logging_mixin.py:188} INFO - [2026-02-16T15:51:38.647+0000] {dagbag.py:545} INFO - Filling up the DagBag from /opt/airflow/dags/main.py
[2026-02-16T15:51:37.934+0000] {processor.py:840} INFO - DAG(s) 'produce_json' retrieved from /opt/airflow/dags/main.py
[2026-02-16T15:51:37.963+0000] {logging_mixin.py:188} INFO - [2026-02-16T15:51:37.963+0000] {dag.py:3096} INFO - Sync 1 DAGs
[2026-02-16T15:51:37.985+0000] {logging_mixin.py:188} INFO - [2026-02-16T15:51:37.984+0000] {dag.py:3954} INFO - Setting next_dagrun for produce_json to 2026-02-16 14:00:00+00:00, run_after=2026-02-17 14:00:00+00:00
[2026-02-16T15:51:38.007+0000] {processor.py:183} INFO - Processing /opt/airflow/dags/main.py took 0.165 seconds
[2026-02-16T15:52:08.278+0000] {processor.py:161} INFO - Started process (PID=1321) to work on /opt/airflow/dags/main.py
[2026-02-16T15:52:08.279+0000] {processor.py:830} INFO - Processing file /opt/airflow/dags/main.py for tasks to queue
[2026-02-16T15:52:08.283+0000] {logging_mixin.py:188} INFO - [2026-02-16T15:52:08.282+0000] {dagbag.py:545} INFO - Filling up the DagBag from /opt/airflow/dags/main.py
[2026-02-16T15:52:08.342+0000] {processor.py:840} INFO - DAG(s) 'produce_json' retrieved from /opt/airflow/dags/main.py
[2026-02-16T15:52:08.374+0000] {logging_mixin.py:188} INFO - [2026-02-16T15:52:08.374+0000] {dag.py:3096} INFO - Sync 1 DAGs
[2026-02-16T15:52:08.399+0000] {logging_mixin.py:188} INFO - [2026-02-16T15:52:08.398+0000] {dag.py:3954} INFO - Setting next_dagrun for produce_json to 2026-02-16 14:00:00+00:00, run_after=2026-02-17 14:00:00+00:00
[2026-02-16T15:52:08.425+0000] {processor.py:183} INFO - Processing /opt/airflow/dags/main.py took 0.154 seconds
[2026-02-16T15:52:38.712+0000] {processor.py:161} INFO - Started process (PID=1328) to work on /opt/airflow/dags/main.py
[2026-02-16T15:52:38.714+0000] {processor.py:830} INFO - Processing file /opt/airflow/dags/main.py for tasks to queue
[2026-02-16T15:52:38.716+0000] {logging_mixin.py:188} INFO - [2026-02-16T15:52:38.716+0000] {dagbag.py:545} INFO - Filling up the DagBag from /opt/airflow/dags/main.py
[2026-02-16T15:52:38.773+0000] {processor.py:840} INFO - DAG(s) 'produce_json' retrieved from /opt/airflow/dags/main.py
[2026-02-16T15:52:38.808+0000] {logging_mixin.py:188} INFO - [2026-02-16T15:52:38.808+0000] {dag.py:3096} INFO - Sync 1 DAGs
[2026-02-16T15:52:38.830+0000] {logging_mixin.py:188} INFO - [2026-02-16T15:52:38.830+0000] {dag.py:3954} INFO - Setting next_dagrun for produce_json to 2026-02-16 14:00:00+00:00, run_after=2026-02-17 14:00:00+00:00
[2026-02-16T15:52:38.853+0000] {processor.py:183} INFO - Processing /opt/airflow/dags/main.py took 0.148 seconds
[2026-02-16T15:53:09.338+0000] {processor.py:161} INFO - Started process (PID=1335) to work on /opt/airflow/dags/main.py
[2026-02-16T15:53:09.340+0000] {processor.py:830} INFO - Processing file /opt/airflow/dags/main.py for tasks to queue
[2026-02-16T15:53:09.342+0000] {logging_mixin.py:188} INFO - [2026-02-16T15:53:09.341+0000] {dagbag.py:545} INFO - Filling up the DagBag from /opt/airflow/dags/main.py
[2026-02-16T15:53:09.396+0000] {processor.py:840} INFO - DAG(s) 'produce_json' retrieved from /opt/airflow/dags/main.py
[2026-02-16T15:53:09.424+0000] {logging_mixin.py:188} INFO - [2026-02-16T15:53:09.423+0000] {dag.py:3096} INFO - Sync 1 DAGs
[2026-02-16T15:53:09.444+0000] {logging_mixin.py:188} INFO - [2026-02-16T15:53:09.444+0000] {dag.py:3954} INFO - Setting next_dagrun for produce_json to 2026-02-16 14:00:00+00:00, run_after=2026-02-17 14:00:00+00:00
[2026-02-16T15:53:09.476+0000] {processor.py:183} INFO - Processing /opt/airflow/dags/main.py took 0.143 seconds
[2026-02-16T15:53:39.799+0000] {processor.py:161} INFO - Started process (PID=1342) to work on /opt/airflow/dags/main.py
[2026-02-16T15:53:39.800+0000] {processor.py:830} INFO - Processing file /opt/airflow/dags/main.py for tasks to queue
[2026-02-16T15:53:39.803+0000] {logging_mixin.py:188} INFO - [2026-02-16T15:53:39.802+0000] {dagbag.py:545} INFO - Filling up the DagBag from /opt/airflow/dags/main.py
[2026-02-16T15:53:39.861+0000] {processor.py:840} INFO - DAG(s) 'produce_json' retrieved from /opt/airflow/dags/main.py
[2026-02-16T15:53:39.892+0000] {logging_mixin.py:188} INFO - [2026-02-16T15:53:39.891+0000] {dag.py:3096} INFO - Sync 1 DAGs
[2026-02-16T15:53:39.915+0000] {logging_mixin.py:188} INFO - [2026-02-16T15:53:39.915+0000] {dag.py:3954} INFO - Setting next_dagrun for produce_json to 2026-02-16 14:00:00+00:00, run_after=2026-02-17 14:00:00+00:00
[2026-02-16T15:53:39.940+0000] {processor.py:183} INFO - Processing /opt/airflow/dags/main.py took 0.148 seconds
[2026-02-16T15:54:10.308+0000] {processor.py:161} INFO - Started process (PID=1349) to work on /opt/airflow/dags/main.py
[2026-02-16T15:54:10.310+0000] {processor.py:830} INFO - Processing file /opt/airflow/dags/main.py for tasks to queue
[2026-02-16T15:54:10.312+0000] {logging_mixin.py:188} INFO - [2026-02-16T15:54:10.311+0000] {dagbag.py:545} INFO - Filling up the DagBag from /opt/airflow/dags/main.py
[2026-02-16T15:54:10.365+0000] {processor.py:840} INFO - DAG(s) 'produce_json' retrieved from /opt/airflow/dags/main.py
[2026-02-16T15:54:10.396+0000] {logging_mixin.py:188} INFO - [2026-02-16T15:54:10.395+0000] {dag.py:3096} INFO - Sync 1 DAGs
[2026-02-16T15:54:10.421+0000] {logging_mixin.py:188} INFO - [2026-02-16T15:54:10.420+0000] {dag.py:3954} INFO - Setting next_dagrun for produce_json to 2026-02-16 14:00:00+00:00, run_after=2026-02-17 14:00:00+00:00
[2026-02-16T15:54:10.445+0000] {processor.py:183} INFO - Processing /opt/airflow/dags/main.py took 0.142 seconds
[2026-02-16T15:54:40.696+0000] {processor.py:161} INFO - Started process (PID=1356) to work on /opt/airflow/dags/main.py
[2026-02-16T15:54:40.698+0000] {processor.py:830} INFO - Processing file /opt/airflow/dags/main.py for tasks to queue
[2026-02-16T15:54:40.702+0000] {logging_mixin.py:188} INFO - [2026-02-16T15:54:40.701+0000] {dagbag.py:545} INFO - Filling up the DagBag from /opt/airflow/dags/main.py
[2026-02-16T15:54:40.779+0000] {processor.py:840} INFO - DAG(s) 'produce_json' retrieved from /opt/airflow/dags/main.py
[2026-02-16T15:54:40.817+0000] {logging_mixin.py:188} INFO - [2026-02-16T15:54:40.817+0000] {dag.py:3096} INFO - Sync 1 DAGs
[2026-02-16T15:54:40.840+0000] {logging_mixin.py:188} INFO - [2026-02-16T15:54:40.840+0000] {dag.py:3954} INFO - Setting next_dagrun for produce_json to 2026-02-16 14:00:00+00:00, run_after=2026-02-17 14:00:00+00:00
[2026-02-16T15:54:40.873+0000] {processor.py:183} INFO - Processing /opt/airflow/dags/main.py took 0.184 seconds
[2026-02-16T15:55:11.334+0000] {processor.py:161} INFO - Started process (PID=1369) to work on /opt/airflow/dags/main.py
[2026-02-16T15:55:11.336+0000] {processor.py:830} INFO - Processing file /opt/airflow/dags/main.py for tasks to queue
[2026-02-16T15:55:11.338+0000] {logging_mixin.py:188} INFO - [2026-02-16T15:55:11.338+0000] {dagbag.py:545} INFO - Filling up the DagBag from /opt/airflow/dags/main.py
[2026-02-16T15:55:11.394+0000] {processor.py:840} INFO - DAG(s) 'produce_json' retrieved from /opt/airflow/dags/main.py
[2026-02-16T15:55:11.431+0000] {logging_mixin.py:188} INFO - [2026-02-16T15:55:11.431+0000] {dag.py:3096} INFO - Sync 1 DAGs
[2026-02-16T15:55:11.452+0000] {logging_mixin.py:188} INFO - [2026-02-16T15:55:11.452+0000] {dag.py:3954} INFO - Setting next_dagrun for produce_json to 2026-02-16 14:00:00+00:00, run_after=2026-02-17 14:00:00+00:00
[2026-02-16T15:55:11.486+0000] {processor.py:183} INFO - Processing /opt/airflow/dags/main.py took 0.158 seconds
[2026-02-16T15:55:41.772+0000] {processor.py:161} INFO - Started process (PID=1376) to work on /opt/airflow/dags/main.py
[2026-02-16T15:55:41.774+0000] {processor.py:830} INFO - Processing file /opt/airflow/dags/main.py for tasks to queue
[2026-02-16T15:55:41.778+0000] {logging_mixin.py:188} INFO - [2026-02-16T15:55:41.778+0000] {dagbag.py:545} INFO - Filling up the DagBag from /opt/airflow/dags/main.py
[2026-02-16T15:55:41.838+0000] {processor.py:840} INFO - DAG(s) 'produce_json' retrieved from /opt/airflow/dags/main.py
[2026-02-16T15:55:41.874+0000] {logging_mixin.py:188} INFO - [2026-02-16T15:55:41.874+0000] {dag.py:3096} INFO - Sync 1 DAGs
[2026-02-16T15:55:41.897+0000] {logging_mixin.py:188} INFO - [2026-02-16T15:55:41.897+0000] {dag.py:3954} INFO - Setting next_dagrun for produce_json to 2026-02-16 14:00:00+00:00, run_after=2026-02-17 14:00:00+00:00
[2026-02-16T15:55:41.933+0000] {processor.py:183} INFO - Processing /opt/airflow/dags/main.py took 0.168 seconds
[2026-02-16T15:56:12.294+0000] {processor.py:161} INFO - Started process (PID=1383) to work on /opt/airflow/dags/main.py
[2026-02-16T15:56:12.296+0000] {processor.py:830} INFO - Processing file /opt/airflow/dags/main.py for tasks to queue
[2026-02-16T15:56:12.298+0000] {logging_mixin.py:188} INFO - [2026-02-16T15:56:12.297+0000] {dagbag.py:545} INFO - Filling up the DagBag from /opt/airflow/dags/main.py
[2026-02-16T15:56:12.359+0000] {processor.py:840} INFO - DAG(s) 'produce_json' retrieved from /opt/airflow/dags/main.py
[2026-02-16T15:56:12.405+0000] {logging_mixin.py:188} INFO - [2026-02-16T15:56:12.405+0000] {dag.py:3096} INFO - Sync 1 DAGs
[2026-02-16T15:56:12.431+0000] {logging_mixin.py:188} INFO - [2026-02-16T15:56:12.431+0000] {dag.py:3954} INFO - Setting next_dagrun for produce_json to 2026-02-16 14:00:00+00:00, run_after=2026-02-17 14:00:00+00:00
[2026-02-16T15:56:12.456+0000] {processor.py:183} INFO - Processing /opt/airflow/dags/main.py took 0.166 seconds
[2026-02-16T20:14:46.039+0000] {processor.py:161} INFO - Started process (PID=1390) to work on /opt/airflow/dags/main.py
[2026-02-16T20:14:46.040+0000] {processor.py:830} INFO - Processing file /opt/airflow/dags/main.py for tasks to queue
[2026-02-16T20:14:46.057+0000] {logging_mixin.py:188} INFO - [2026-02-16T20:14:46.055+0000] {dagbag.py:545} INFO - Filling up the DagBag from /opt/airflow/dags/main.py
[2026-02-16T20:14:46.247+0000] {processor.py:840} INFO - DAG(s) 'produce_json' retrieved from /opt/airflow/dags/main.py
[2026-02-16T20:14:46.359+0000] {logging_mixin.py:188} INFO - [2026-02-16T20:14:46.359+0000] {dag.py:3096} INFO - Sync 1 DAGs
[2026-02-16T20:14:46.460+0000] {logging_mixin.py:188} INFO - [2026-02-16T20:14:46.459+0000] {dag.py:3954} INFO - Setting next_dagrun for produce_json to 2026-02-16 14:00:00+00:00, run_after=2026-02-17 14:00:00+00:00
[2026-02-16T20:14:46.528+0000] {processor.py:183} INFO - Processing /opt/airflow/dags/main.py took 0.506 seconds
[2026-02-16T20:15:17.346+0000] {processor.py:161} INFO - Started process (PID=1397) to work on /opt/airflow/dags/main.py
[2026-02-16T20:15:17.363+0000] {processor.py:830} INFO - Processing file /opt/airflow/dags/main.py for tasks to queue
[2026-02-16T20:15:17.393+0000] {logging_mixin.py:188} INFO - [2026-02-16T20:15:17.389+0000] {dagbag.py:545} INFO - Filling up the DagBag from /opt/airflow/dags/main.py
[2026-02-16T20:15:18.061+0000] {processor.py:840} INFO - DAG(s) 'produce_json' retrieved from /opt/airflow/dags/main.py
[2026-02-16T20:15:18.306+0000] {logging_mixin.py:188} INFO - [2026-02-16T20:15:18.306+0000] {dag.py:3096} INFO - Sync 1 DAGs
[2026-02-16T20:15:18.535+0000] {logging_mixin.py:188} INFO - [2026-02-16T20:15:18.534+0000] {dag.py:3954} INFO - Setting next_dagrun for produce_json to 2026-02-16 14:00:00+00:00, run_after=2026-02-17 14:00:00+00:00
[2026-02-16T20:15:18.633+0000] {processor.py:183} INFO - Processing /opt/airflow/dags/main.py took 1.377 seconds
[2026-02-16T20:15:48.727+0000] {processor.py:161} INFO - Started process (PID=1404) to work on /opt/airflow/dags/main.py
[2026-02-16T20:15:48.728+0000] {processor.py:830} INFO - Processing file /opt/airflow/dags/main.py for tasks to queue
[2026-02-16T20:15:48.730+0000] {logging_mixin.py:188} INFO - [2026-02-16T20:15:48.730+0000] {dagbag.py:545} INFO - Filling up the DagBag from /opt/airflow/dags/main.py
[2026-02-16T20:15:48.792+0000] {processor.py:840} INFO - DAG(s) 'produce_json' retrieved from /opt/airflow/dags/main.py
[2026-02-16T20:15:48.831+0000] {logging_mixin.py:188} INFO - [2026-02-16T20:15:48.831+0000] {dag.py:3096} INFO - Sync 1 DAGs
[2026-02-16T20:15:48.895+0000] {logging_mixin.py:188} INFO - [2026-02-16T20:15:48.895+0000] {dag.py:3954} INFO - Setting next_dagrun for produce_json to 2026-02-16 14:00:00+00:00, run_after=2026-02-17 14:00:00+00:00
[2026-02-16T20:15:48.930+0000] {processor.py:183} INFO - Processing /opt/airflow/dags/main.py took 0.210 seconds
[2026-02-16T20:16:19.128+0000] {processor.py:161} INFO - Started process (PID=1411) to work on /opt/airflow/dags/main.py
[2026-02-16T20:16:19.129+0000] {processor.py:830} INFO - Processing file /opt/airflow/dags/main.py for tasks to queue
[2026-02-16T20:16:19.132+0000] {logging_mixin.py:188} INFO - [2026-02-16T20:16:19.132+0000] {dagbag.py:545} INFO - Filling up the DagBag from /opt/airflow/dags/main.py
[2026-02-16T20:16:19.191+0000] {processor.py:840} INFO - DAG(s) 'produce_json' retrieved from /opt/airflow/dags/main.py
[2026-02-16T20:16:19.234+0000] {logging_mixin.py:188} INFO - [2026-02-16T20:16:19.233+0000] {dag.py:3096} INFO - Sync 1 DAGs
[2026-02-16T20:16:19.264+0000] {logging_mixin.py:188} INFO - [2026-02-16T20:16:19.264+0000] {dag.py:3954} INFO - Setting next_dagrun for produce_json to 2026-02-16 14:00:00+00:00, run_after=2026-02-17 14:00:00+00:00
[2026-02-16T20:16:19.285+0000] {processor.py:183} INFO - Processing /opt/airflow/dags/main.py took 0.165 seconds
[2026-02-16T20:16:49.813+0000] {processor.py:161} INFO - Started process (PID=1418) to work on /opt/airflow/dags/main.py
[2026-02-16T20:16:49.814+0000] {processor.py:830} INFO - Processing file /opt/airflow/dags/main.py for tasks to queue
[2026-02-16T20:16:49.816+0000] {logging_mixin.py:188} INFO - [2026-02-16T20:16:49.816+0000] {dagbag.py:545} INFO - Filling up the DagBag from /opt/airflow/dags/main.py
[2026-02-16T20:16:49.858+0000] {processor.py:840} INFO - DAG(s) 'produce_json' retrieved from /opt/airflow/dags/main.py
[2026-02-16T20:16:49.887+0000] {logging_mixin.py:188} INFO - [2026-02-16T20:16:49.886+0000] {dag.py:3096} INFO - Sync 1 DAGs
[2026-02-16T20:16:49.909+0000] {logging_mixin.py:188} INFO - [2026-02-16T20:16:49.908+0000] {dag.py:3954} INFO - Setting next_dagrun for produce_json to 2026-02-16 14:00:00+00:00, run_after=2026-02-17 14:00:00+00:00
[2026-02-16T20:16:49.931+0000] {processor.py:183} INFO - Processing /opt/airflow/dags/main.py took 0.124 seconds
[2026-02-16T20:17:20.347+0000] {processor.py:161} INFO - Started process (PID=1425) to work on /opt/airflow/dags/main.py
[2026-02-16T20:17:20.348+0000] {processor.py:830} INFO - Processing file /opt/airflow/dags/main.py for tasks to queue
[2026-02-16T20:17:20.350+0000] {logging_mixin.py:188} INFO - [2026-02-16T20:17:20.349+0000] {dagbag.py:545} INFO - Filling up the DagBag from /opt/airflow/dags/main.py
[2026-02-16T20:17:20.393+0000] {processor.py:840} INFO - DAG(s) 'produce_json' retrieved from /opt/airflow/dags/main.py
[2026-02-16T20:17:20.422+0000] {logging_mixin.py:188} INFO - [2026-02-16T20:17:20.422+0000] {dag.py:3096} INFO - Sync 1 DAGs
[2026-02-16T20:17:20.444+0000] {logging_mixin.py:188} INFO - [2026-02-16T20:17:20.444+0000] {dag.py:3954} INFO - Setting next_dagrun for produce_json to 2026-02-16 14:00:00+00:00, run_after=2026-02-17 14:00:00+00:00
[2026-02-16T20:17:20.477+0000] {processor.py:183} INFO - Processing /opt/airflow/dags/main.py took 0.137 seconds
[2026-02-16T20:17:51.112+0000] {processor.py:161} INFO - Started process (PID=1432) to work on /opt/airflow/dags/main.py
[2026-02-16T20:17:51.113+0000] {processor.py:830} INFO - Processing file /opt/airflow/dags/main.py for tasks to queue
[2026-02-16T20:17:51.115+0000] {logging_mixin.py:188} INFO - [2026-02-16T20:17:51.115+0000] {dagbag.py:545} INFO - Filling up the DagBag from /opt/airflow/dags/main.py
[2026-02-16T20:17:51.163+0000] {processor.py:840} INFO - DAG(s) 'produce_json' retrieved from /opt/airflow/dags/main.py
[2026-02-16T20:17:51.192+0000] {logging_mixin.py:188} INFO - [2026-02-16T20:17:51.192+0000] {dag.py:3096} INFO - Sync 1 DAGs
[2026-02-16T20:17:51.217+0000] {logging_mixin.py:188} INFO - [2026-02-16T20:17:51.216+0000] {dag.py:3954} INFO - Setting next_dagrun for produce_json to 2026-02-16 14:00:00+00:00, run_after=2026-02-17 14:00:00+00:00
[2026-02-16T20:17:51.242+0000] {processor.py:183} INFO - Processing /opt/airflow/dags/main.py took 0.134 seconds
[2026-02-16T20:18:21.667+0000] {processor.py:161} INFO - Started process (PID=1439) to work on /opt/airflow/dags/main.py
[2026-02-16T20:18:21.669+0000] {processor.py:830} INFO - Processing file /opt/airflow/dags/main.py for tasks to queue
[2026-02-16T20:18:21.671+0000] {logging_mixin.py:188} INFO - [2026-02-16T20:18:21.670+0000] {dagbag.py:545} INFO - Filling up the DagBag from /opt/airflow/dags/main.py
[2026-02-16T20:18:21.713+0000] {processor.py:840} INFO - DAG(s) 'produce_json' retrieved from /opt/airflow/dags/main.py
[2026-02-16T20:18:21.746+0000] {logging_mixin.py:188} INFO - [2026-02-16T20:18:21.745+0000] {dag.py:3096} INFO - Sync 1 DAGs
[2026-02-16T20:18:21.771+0000] {logging_mixin.py:188} INFO - [2026-02-16T20:18:21.770+0000] {dag.py:3954} INFO - Setting next_dagrun for produce_json to 2026-02-16 14:00:00+00:00, run_after=2026-02-17 14:00:00+00:00
[2026-02-16T20:18:21.803+0000] {processor.py:183} INFO - Processing /opt/airflow/dags/main.py took 0.143 seconds
[2026-02-16T20:18:52.304+0000] {processor.py:161} INFO - Started process (PID=1446) to work on /opt/airflow/dags/main.py
[2026-02-16T20:18:52.305+0000] {processor.py:830} INFO - Processing file /opt/airflow/dags/main.py for tasks to queue
[2026-02-16T20:18:52.308+0000] {logging_mixin.py:188} INFO - [2026-02-16T20:18:52.307+0000] {dagbag.py:545} INFO - Filling up the DagBag from /opt/airflow/dags/main.py
[2026-02-16T20:18:52.353+0000] {processor.py:840} INFO - DAG(s) 'produce_json' retrieved from /opt/airflow/dags/main.py
[2026-02-16T20:18:52.382+0000] {logging_mixin.py:188} INFO - [2026-02-16T20:18:52.382+0000] {dag.py:3096} INFO - Sync 1 DAGs
[2026-02-16T20:18:52.409+0000] {logging_mixin.py:188} INFO - [2026-02-16T20:18:52.409+0000] {dag.py:3954} INFO - Setting next_dagrun for produce_json to 2026-02-16 14:00:00+00:00, run_after=2026-02-17 14:00:00+00:00
[2026-02-16T20:18:52.442+0000] {processor.py:183} INFO - Processing /opt/airflow/dags/main.py took 0.143 seconds
[2026-02-16T20:19:22.921+0000] {processor.py:161} INFO - Started process (PID=1459) to work on /opt/airflow/dags/main.py
[2026-02-16T20:19:22.922+0000] {processor.py:830} INFO - Processing file /opt/airflow/dags/main.py for tasks to queue
[2026-02-16T20:19:22.924+0000] {logging_mixin.py:188} INFO - [2026-02-16T20:19:22.923+0000] {dagbag.py:545} INFO - Filling up the DagBag from /opt/airflow/dags/main.py
[2026-02-16T20:19:22.966+0000] {processor.py:840} INFO - DAG(s) 'produce_json' retrieved from /opt/airflow/dags/main.py
[2026-02-16T20:19:22.998+0000] {logging_mixin.py:188} INFO - [2026-02-16T20:19:22.998+0000] {dag.py:3096} INFO - Sync 1 DAGs
[2026-02-16T20:19:23.022+0000] {logging_mixin.py:188} INFO - [2026-02-16T20:19:23.021+0000] {dag.py:3954} INFO - Setting next_dagrun for produce_json to 2026-02-16 14:00:00+00:00, run_after=2026-02-17 14:00:00+00:00
[2026-02-16T20:19:23.044+0000] {processor.py:183} INFO - Processing /opt/airflow/dags/main.py took 0.129 seconds
[2026-02-16T20:19:53.650+0000] {processor.py:161} INFO - Started process (PID=1466) to work on /opt/airflow/dags/main.py
[2026-02-16T20:19:53.652+0000] {processor.py:830} INFO - Processing file /opt/airflow/dags/main.py for tasks to queue
[2026-02-16T20:19:53.655+0000] {logging_mixin.py:188} INFO - [2026-02-16T20:19:53.654+0000] {dagbag.py:545} INFO - Filling up the DagBag from /opt/airflow/dags/main.py
[2026-02-16T20:19:53.722+0000] {processor.py:840} INFO - DAG(s) 'produce_json' retrieved from /opt/airflow/dags/main.py
[2026-02-16T20:19:53.768+0000] {logging_mixin.py:188} INFO - [2026-02-16T20:19:53.768+0000] {dag.py:3096} INFO - Sync 1 DAGs
[2026-02-16T20:19:53.805+0000] {logging_mixin.py:188} INFO - [2026-02-16T20:19:53.805+0000] {dag.py:3954} INFO - Setting next_dagrun for produce_json to 2026-02-16 14:00:00+00:00, run_after=2026-02-17 14:00:00+00:00
[2026-02-16T20:19:53.827+0000] {processor.py:183} INFO - Processing /opt/airflow/dags/main.py took 0.183 seconds
[2026-02-16T20:20:24.256+0000] {processor.py:161} INFO - Started process (PID=1473) to work on /opt/airflow/dags/main.py
[2026-02-16T20:20:24.257+0000] {processor.py:830} INFO - Processing file /opt/airflow/dags/main.py for tasks to queue
[2026-02-16T20:20:24.259+0000] {logging_mixin.py:188} INFO - [2026-02-16T20:20:24.259+0000] {dagbag.py:545} INFO - Filling up the DagBag from /opt/airflow/dags/main.py
[2026-02-16T20:20:24.310+0000] {processor.py:840} INFO - DAG(s) 'produce_json' retrieved from /opt/airflow/dags/main.py
[2026-02-16T20:20:24.342+0000] {logging_mixin.py:188} INFO - [2026-02-16T20:20:24.342+0000] {dag.py:3096} INFO - Sync 1 DAGs
[2026-02-16T20:20:24.365+0000] {logging_mixin.py:188} INFO - [2026-02-16T20:20:24.365+0000] {dag.py:3954} INFO - Setting next_dagrun for produce_json to 2026-02-16 14:00:00+00:00, run_after=2026-02-17 14:00:00+00:00
[2026-02-16T20:20:24.388+0000] {processor.py:183} INFO - Processing /opt/airflow/dags/main.py took 0.139 seconds
[2026-02-16T20:20:54.837+0000] {processor.py:161} INFO - Started process (PID=1480) to work on /opt/airflow/dags/main.py
[2026-02-16T20:20:54.838+0000] {processor.py:830} INFO - Processing file /opt/airflow/dags/main.py for tasks to queue
[2026-02-16T20:20:54.840+0000] {logging_mixin.py:188} INFO - [2026-02-16T20:20:54.840+0000] {dagbag.py:545} INFO - Filling up the DagBag from /opt/airflow/dags/main.py
[2026-02-16T20:20:54.894+0000] {processor.py:840} INFO - DAG(s) 'produce_json' retrieved from /opt/airflow/dags/main.py
[2026-02-16T20:20:54.924+0000] {logging_mixin.py:188} INFO - [2026-02-16T20:20:54.924+0000] {dag.py:3096} INFO - Sync 1 DAGs
[2026-02-16T20:20:54.946+0000] {logging_mixin.py:188} INFO - [2026-02-16T20:20:54.946+0000] {dag.py:3954} INFO - Setting next_dagrun for produce_json to 2026-02-16 14:00:00+00:00, run_after=2026-02-17 14:00:00+00:00
[2026-02-16T20:20:54.970+0000] {processor.py:183} INFO - Processing /opt/airflow/dags/main.py took 0.138 seconds
[2026-02-16T20:21:25.414+0000] {processor.py:161} INFO - Started process (PID=1487) to work on /opt/airflow/dags/main.py
[2026-02-16T20:21:25.415+0000] {processor.py:830} INFO - Processing file /opt/airflow/dags/main.py for tasks to queue
[2026-02-16T20:21:25.417+0000] {logging_mixin.py:188} INFO - [2026-02-16T20:21:25.417+0000] {dagbag.py:545} INFO - Filling up the DagBag from /opt/airflow/dags/main.py
[2026-02-16T20:21:25.466+0000] {processor.py:840} INFO - DAG(s) 'produce_json' retrieved from /opt/airflow/dags/main.py
[2026-02-16T20:21:25.498+0000] {logging_mixin.py:188} INFO - [2026-02-16T20:21:25.498+0000] {dag.py:3096} INFO - Sync 1 DAGs
[2026-02-16T20:21:25.523+0000] {logging_mixin.py:188} INFO - [2026-02-16T20:21:25.522+0000] {dag.py:3954} INFO - Setting next_dagrun for produce_json to 2026-02-16 14:00:00+00:00, run_after=2026-02-17 14:00:00+00:00
[2026-02-16T20:21:25.558+0000] {processor.py:183} INFO - Processing /opt/airflow/dags/main.py took 0.151 seconds
[2026-02-16T20:21:56.153+0000] {processor.py:161} INFO - Started process (PID=1494) to work on /opt/airflow/dags/main.py
[2026-02-16T20:21:56.154+0000] {processor.py:830} INFO - Processing file /opt/airflow/dags/main.py for tasks to queue
[2026-02-16T20:21:56.156+0000] {logging_mixin.py:188} INFO - [2026-02-16T20:21:56.156+0000] {dagbag.py:545} INFO - Filling up the DagBag from /opt/airflow/dags/main.py
[2026-02-16T20:21:56.199+0000] {processor.py:840} INFO - DAG(s) 'produce_json' retrieved from /opt/airflow/dags/main.py
[2026-02-16T20:21:56.229+0000] {logging_mixin.py:188} INFO - [2026-02-16T20:21:56.228+0000] {dag.py:3096} INFO - Sync 1 DAGs
[2026-02-16T20:21:56.253+0000] {logging_mixin.py:188} INFO - [2026-02-16T20:21:56.253+0000] {dag.py:3954} INFO - Setting next_dagrun for produce_json to 2026-02-16 14:00:00+00:00, run_after=2026-02-17 14:00:00+00:00
[2026-02-16T20:21:56.286+0000] {processor.py:183} INFO - Processing /opt/airflow/dags/main.py took 0.139 seconds
[2026-02-16T20:22:26.779+0000] {processor.py:161} INFO - Started process (PID=1501) to work on /opt/airflow/dags/main.py
[2026-02-16T20:22:26.780+0000] {processor.py:830} INFO - Processing file /opt/airflow/dags/main.py for tasks to queue
[2026-02-16T20:22:26.782+0000] {logging_mixin.py:188} INFO - [2026-02-16T20:22:26.781+0000] {dagbag.py:545} INFO - Filling up the DagBag from /opt/airflow/dags/main.py
[2026-02-16T20:22:26.831+0000] {processor.py:840} INFO - DAG(s) 'produce_json' retrieved from /opt/airflow/dags/main.py
[2026-02-16T20:22:26.861+0000] {logging_mixin.py:188} INFO - [2026-02-16T20:22:26.861+0000] {dag.py:3096} INFO - Sync 1 DAGs
[2026-02-16T20:22:26.882+0000] {logging_mixin.py:188} INFO - [2026-02-16T20:22:26.882+0000] {dag.py:3954} INFO - Setting next_dagrun for produce_json to 2026-02-16 14:00:00+00:00, run_after=2026-02-17 14:00:00+00:00
[2026-02-16T20:22:26.904+0000] {processor.py:183} INFO - Processing /opt/airflow/dags/main.py took 0.131 seconds
[2026-02-16T20:22:57.387+0000] {processor.py:161} INFO - Started process (PID=1508) to work on /opt/airflow/dags/main.py
[2026-02-16T20:22:57.388+0000] {processor.py:830} INFO - Processing file /opt/airflow/dags/main.py for tasks to queue
[2026-02-16T20:22:57.390+0000] {logging_mixin.py:188} INFO - [2026-02-16T20:22:57.389+0000] {dagbag.py:545} INFO - Filling up the DagBag from /opt/airflow/dags/main.py
[2026-02-16T20:22:57.434+0000] {processor.py:840} INFO - DAG(s) 'produce_json' retrieved from /opt/airflow/dags/main.py
[2026-02-16T20:22:57.466+0000] {logging_mixin.py:188} INFO - [2026-02-16T20:22:57.465+0000] {dag.py:3096} INFO - Sync 1 DAGs
[2026-02-16T20:22:57.490+0000] {logging_mixin.py:188} INFO - [2026-02-16T20:22:57.490+0000] {dag.py:3954} INFO - Setting next_dagrun for produce_json to 2026-02-16 14:00:00+00:00, run_after=2026-02-17 14:00:00+00:00
[2026-02-16T20:22:57.509+0000] {processor.py:183} INFO - Processing /opt/airflow/dags/main.py took 0.127 seconds
[2026-02-16T20:23:27.984+0000] {processor.py:161} INFO - Started process (PID=1515) to work on /opt/airflow/dags/main.py
[2026-02-16T20:23:27.985+0000] {processor.py:830} INFO - Processing file /opt/airflow/dags/main.py for tasks to queue
[2026-02-16T20:23:27.987+0000] {logging_mixin.py:188} INFO - [2026-02-16T20:23:27.987+0000] {dagbag.py:545} INFO - Filling up the DagBag from /opt/airflow/dags/main.py
[2026-02-16T20:23:28.056+0000] {processor.py:840} INFO - DAG(s) 'produce_json' retrieved from /opt/airflow/dags/main.py
[2026-02-16T20:23:28.091+0000] {logging_mixin.py:188} INFO - [2026-02-16T20:23:28.091+0000] {dag.py:3096} INFO - Sync 1 DAGs
[2026-02-16T20:23:28.114+0000] {logging_mixin.py:188} INFO - [2026-02-16T20:23:28.114+0000] {dag.py:3954} INFO - Setting next_dagrun for produce_json to 2026-02-16 14:00:00+00:00, run_after=2026-02-17 14:00:00+00:00
[2026-02-16T20:23:28.137+0000] {processor.py:183} INFO - Processing /opt/airflow/dags/main.py took 0.161 seconds
[2026-02-16T20:23:58.547+0000] {processor.py:161} INFO - Started process (PID=1522) to work on /opt/airflow/dags/main.py
[2026-02-16T20:23:58.548+0000] {processor.py:830} INFO - Processing file /opt/airflow/dags/main.py for tasks to queue
[2026-02-16T20:23:58.551+0000] {logging_mixin.py:188} INFO - [2026-02-16T20:23:58.550+0000] {dagbag.py:545} INFO - Filling up the DagBag from /opt/airflow/dags/main.py
[2026-02-16T20:23:58.599+0000] {processor.py:840} INFO - DAG(s) 'produce_json' retrieved from /opt/airflow/dags/main.py
[2026-02-16T20:23:58.631+0000] {logging_mixin.py:188} INFO - [2026-02-16T20:23:58.630+0000] {dag.py:3096} INFO - Sync 1 DAGs
[2026-02-16T20:23:58.667+0000] {logging_mixin.py:188} INFO - [2026-02-16T20:23:58.667+0000] {dag.py:3954} INFO - Setting next_dagrun for produce_json to 2026-02-16 14:00:00+00:00, run_after=2026-02-17 14:00:00+00:00
[2026-02-16T20:23:58.702+0000] {processor.py:183} INFO - Processing /opt/airflow/dags/main.py took 0.163 seconds
[2026-02-16T20:24:29.069+0000] {processor.py:161} INFO - Started process (PID=1529) to work on /opt/airflow/dags/main.py
[2026-02-16T20:24:29.070+0000] {processor.py:830} INFO - Processing file /opt/airflow/dags/main.py for tasks to queue
[2026-02-16T20:24:29.073+0000] {logging_mixin.py:188} INFO - [2026-02-16T20:24:29.072+0000] {dagbag.py:545} INFO - Filling up the DagBag from /opt/airflow/dags/main.py
[2026-02-16T20:24:29.124+0000] {processor.py:840} INFO - DAG(s) 'produce_json' retrieved from /opt/airflow/dags/main.py
[2026-02-16T20:24:29.168+0000] {logging_mixin.py:188} INFO - [2026-02-16T20:24:29.167+0000] {dag.py:3096} INFO - Sync 1 DAGs
[2026-02-16T20:24:29.192+0000] {logging_mixin.py:188} INFO - [2026-02-16T20:24:29.192+0000] {dag.py:3954} INFO - Setting next_dagrun for produce_json to 2026-02-16 14:00:00+00:00, run_after=2026-02-17 14:00:00+00:00
[2026-02-16T20:24:29.217+0000] {processor.py:183} INFO - Processing /opt/airflow/dags/main.py took 0.155 seconds
[2026-02-16T20:24:59.707+0000] {processor.py:161} INFO - Started process (PID=1542) to work on /opt/airflow/dags/main.py
[2026-02-16T20:24:59.708+0000] {processor.py:830} INFO - Processing file /opt/airflow/dags/main.py for tasks to queue
[2026-02-16T20:24:59.711+0000] {logging_mixin.py:188} INFO - [2026-02-16T20:24:59.711+0000] {dagbag.py:545} INFO - Filling up the DagBag from /opt/airflow/dags/main.py
[2026-02-16T20:24:59.760+0000] {processor.py:840} INFO - DAG(s) 'produce_json' retrieved from /opt/airflow/dags/main.py
[2026-02-16T20:24:59.799+0000] {logging_mixin.py:188} INFO - [2026-02-16T20:24:59.799+0000] {dag.py:3096} INFO - Sync 1 DAGs
[2026-02-16T20:24:59.826+0000] {logging_mixin.py:188} INFO - [2026-02-16T20:24:59.825+0000] {dag.py:3954} INFO - Setting next_dagrun for produce_json to 2026-02-16 14:00:00+00:00, run_after=2026-02-17 14:00:00+00:00
[2026-02-16T20:24:59.853+0000] {processor.py:183} INFO - Processing /opt/airflow/dags/main.py took 0.152 seconds
[2026-02-16T20:25:30.250+0000] {processor.py:161} INFO - Started process (PID=1549) to work on /opt/airflow/dags/main.py
[2026-02-16T20:25:30.252+0000] {processor.py:830} INFO - Processing file /opt/airflow/dags/main.py for tasks to queue
[2026-02-16T20:25:30.255+0000] {logging_mixin.py:188} INFO - [2026-02-16T20:25:30.254+0000] {dagbag.py:545} INFO - Filling up the DagBag from /opt/airflow/dags/main.py
[2026-02-16T20:25:30.312+0000] {processor.py:840} INFO - DAG(s) 'produce_json' retrieved from /opt/airflow/dags/main.py
[2026-02-16T20:25:30.345+0000] {logging_mixin.py:188} INFO - [2026-02-16T20:25:30.345+0000] {dag.py:3096} INFO - Sync 1 DAGs
[2026-02-16T20:25:30.369+0000] {logging_mixin.py:188} INFO - [2026-02-16T20:25:30.368+0000] {dag.py:3954} INFO - Setting next_dagrun for produce_json to 2026-02-16 14:00:00+00:00, run_after=2026-02-17 14:00:00+00:00
[2026-02-16T20:25:30.403+0000] {processor.py:183} INFO - Processing /opt/airflow/dags/main.py took 0.160 seconds
[2026-02-16T20:26:00.806+0000] {processor.py:161} INFO - Started process (PID=1556) to work on /opt/airflow/dags/main.py
[2026-02-16T20:26:00.807+0000] {processor.py:830} INFO - Processing file /opt/airflow/dags/main.py for tasks to queue
[2026-02-16T20:26:00.810+0000] {logging_mixin.py:188} INFO - [2026-02-16T20:26:00.810+0000] {dagbag.py:545} INFO - Filling up the DagBag from /opt/airflow/dags/main.py
[2026-02-16T20:26:00.859+0000] {processor.py:840} INFO - DAG(s) 'produce_json' retrieved from /opt/airflow/dags/main.py
[2026-02-16T20:26:00.892+0000] {logging_mixin.py:188} INFO - [2026-02-16T20:26:00.892+0000] {dag.py:3096} INFO - Sync 1 DAGs
[2026-02-16T20:26:00.917+0000] {logging_mixin.py:188} INFO - [2026-02-16T20:26:00.916+0000] {dag.py:3954} INFO - Setting next_dagrun for produce_json to 2026-02-16 14:00:00+00:00, run_after=2026-02-17 14:00:00+00:00
[2026-02-16T20:26:00.940+0000] {processor.py:183} INFO - Processing /opt/airflow/dags/main.py took 0.142 seconds
[2026-02-16T20:26:31.388+0000] {processor.py:161} INFO - Started process (PID=1563) to work on /opt/airflow/dags/main.py
[2026-02-16T20:26:31.389+0000] {processor.py:830} INFO - Processing file /opt/airflow/dags/main.py for tasks to queue
[2026-02-16T20:26:31.392+0000] {logging_mixin.py:188} INFO - [2026-02-16T20:26:31.392+0000] {dagbag.py:545} INFO - Filling up the DagBag from /opt/airflow/dags/main.py
[2026-02-16T20:26:31.452+0000] {processor.py:840} INFO - DAG(s) 'produce_json' retrieved from /opt/airflow/dags/main.py
[2026-02-16T20:26:31.483+0000] {logging_mixin.py:188} INFO - [2026-02-16T20:26:31.483+0000] {dag.py:3096} INFO - Sync 1 DAGs
[2026-02-16T20:26:31.506+0000] {logging_mixin.py:188} INFO - [2026-02-16T20:26:31.506+0000] {dag.py:3954} INFO - Setting next_dagrun for produce_json to 2026-02-16 14:00:00+00:00, run_after=2026-02-17 14:00:00+00:00
[2026-02-16T20:26:31.530+0000] {processor.py:183} INFO - Processing /opt/airflow/dags/main.py took 0.150 seconds
[2026-02-16T20:27:01.879+0000] {processor.py:161} INFO - Started process (PID=1570) to work on /opt/airflow/dags/main.py
[2026-02-16T20:27:01.881+0000] {processor.py:830} INFO - Processing file /opt/airflow/dags/main.py for tasks to queue
[2026-02-16T20:27:01.883+0000] {logging_mixin.py:188} INFO - [2026-02-16T20:27:01.883+0000] {dagbag.py:545} INFO - Filling up the DagBag from /opt/airflow/dags/main.py
[2026-02-16T20:27:01.942+0000] {processor.py:840} INFO - DAG(s) 'produce_json' retrieved from /opt/airflow/dags/main.py
[2026-02-16T20:27:01.978+0000] {logging_mixin.py:188} INFO - [2026-02-16T20:27:01.978+0000] {dag.py:3096} INFO - Sync 1 DAGs
[2026-02-16T20:27:02.003+0000] {logging_mixin.py:188} INFO - [2026-02-16T20:27:02.002+0000] {dag.py:3954} INFO - Setting next_dagrun for produce_json to 2026-02-16 14:00:00+00:00, run_after=2026-02-17 14:00:00+00:00
[2026-02-16T20:27:02.025+0000] {processor.py:183} INFO - Processing /opt/airflow/dags/main.py took 0.154 seconds
[2026-02-16T20:27:32.561+0000] {processor.py:161} INFO - Started process (PID=1577) to work on /opt/airflow/dags/main.py
[2026-02-16T20:27:32.563+0000] {processor.py:830} INFO - Processing file /opt/airflow/dags/main.py for tasks to queue
[2026-02-16T20:27:32.565+0000] {logging_mixin.py:188} INFO - [2026-02-16T20:27:32.565+0000] {dagbag.py:545} INFO - Filling up the DagBag from /opt/airflow/dags/main.py
[2026-02-16T20:27:32.613+0000] {processor.py:840} INFO - DAG(s) 'produce_json' retrieved from /opt/airflow/dags/main.py
[2026-02-16T20:27:32.641+0000] {logging_mixin.py:188} INFO - [2026-02-16T20:27:32.641+0000] {dag.py:3096} INFO - Sync 1 DAGs
[2026-02-16T20:27:32.668+0000] {logging_mixin.py:188} INFO - [2026-02-16T20:27:32.668+0000] {dag.py:3954} INFO - Setting next_dagrun for produce_json to 2026-02-16 14:00:00+00:00, run_after=2026-02-17 14:00:00+00:00
[2026-02-16T20:27:32.689+0000] {processor.py:183} INFO - Processing /opt/airflow/dags/main.py took 0.133 seconds
[2026-02-16T20:28:03.038+0000] {processor.py:161} INFO - Started process (PID=1584) to work on /opt/airflow/dags/main.py
[2026-02-16T20:28:03.040+0000] {processor.py:830} INFO - Processing file /opt/airflow/dags/main.py for tasks to queue
[2026-02-16T20:28:03.042+0000] {logging_mixin.py:188} INFO - [2026-02-16T20:28:03.041+0000] {dagbag.py:545} INFO - Filling up the DagBag from /opt/airflow/dags/main.py
[2026-02-16T20:28:03.085+0000] {processor.py:840} INFO - DAG(s) 'produce_json' retrieved from /opt/airflow/dags/main.py
[2026-02-16T20:28:03.113+0000] {logging_mixin.py:188} INFO - [2026-02-16T20:28:03.113+0000] {dag.py:3096} INFO - Sync 1 DAGs
[2026-02-16T20:28:03.136+0000] {logging_mixin.py:188} INFO - [2026-02-16T20:28:03.136+0000] {dag.py:3954} INFO - Setting next_dagrun for produce_json to 2026-02-16 14:00:00+00:00, run_after=2026-02-17 14:00:00+00:00
[2026-02-16T20:28:03.180+0000] {processor.py:183} INFO - Processing /opt/airflow/dags/main.py took 0.147 seconds
[2026-02-16T20:28:33.725+0000] {processor.py:161} INFO - Started process (PID=1591) to work on /opt/airflow/dags/main.py
[2026-02-16T20:28:33.726+0000] {processor.py:830} INFO - Processing file /opt/airflow/dags/main.py for tasks to queue
[2026-02-16T20:28:33.729+0000] {logging_mixin.py:188} INFO - [2026-02-16T20:28:33.728+0000] {dagbag.py:545} INFO - Filling up the DagBag from /opt/airflow/dags/main.py
[2026-02-16T20:28:33.774+0000] {processor.py:840} INFO - DAG(s) 'produce_json' retrieved from /opt/airflow/dags/main.py
[2026-02-16T20:28:33.801+0000] {logging_mixin.py:188} INFO - [2026-02-16T20:28:33.801+0000] {dag.py:3096} INFO - Sync 1 DAGs
[2026-02-16T20:28:33.821+0000] {logging_mixin.py:188} INFO - [2026-02-16T20:28:33.821+0000] {dag.py:3954} INFO - Setting next_dagrun for produce_json to 2026-02-16 14:00:00+00:00, run_after=2026-02-17 14:00:00+00:00
[2026-02-16T20:28:33.843+0000] {processor.py:183} INFO - Processing /opt/airflow/dags/main.py took 0.124 seconds
[2026-02-16T20:29:04.212+0000] {processor.py:161} INFO - Started process (PID=1598) to work on /opt/airflow/dags/main.py
[2026-02-16T20:29:04.213+0000] {processor.py:830} INFO - Processing file /opt/airflow/dags/main.py for tasks to queue
[2026-02-16T20:29:04.215+0000] {logging_mixin.py:188} INFO - [2026-02-16T20:29:04.214+0000] {dagbag.py:545} INFO - Filling up the DagBag from /opt/airflow/dags/main.py
[2026-02-16T20:29:04.267+0000] {processor.py:840} INFO - DAG(s) 'produce_json' retrieved from /opt/airflow/dags/main.py
[2026-02-16T20:29:04.298+0000] {logging_mixin.py:188} INFO - [2026-02-16T20:29:04.298+0000] {dag.py:3096} INFO - Sync 1 DAGs
[2026-02-16T20:29:04.325+0000] {logging_mixin.py:188} INFO - [2026-02-16T20:29:04.324+0000] {dag.py:3954} INFO - Setting next_dagrun for produce_json to 2026-02-16 14:00:00+00:00, run_after=2026-02-17 14:00:00+00:00
[2026-02-16T20:29:04.348+0000] {processor.py:183} INFO - Processing /opt/airflow/dags/main.py took 0.142 seconds
[2026-02-16T20:29:34.760+0000] {processor.py:161} INFO - Started process (PID=1605) to work on /opt/airflow/dags/main.py
[2026-02-16T20:29:34.761+0000] {processor.py:830} INFO - Processing file /opt/airflow/dags/main.py for tasks to queue
[2026-02-16T20:29:34.763+0000] {logging_mixin.py:188} INFO - [2026-02-16T20:29:34.762+0000] {dagbag.py:545} INFO - Filling up the DagBag from /opt/airflow/dags/main.py
[2026-02-16T20:29:34.805+0000] {processor.py:840} INFO - DAG(s) 'produce_json' retrieved from /opt/airflow/dags/main.py
[2026-02-16T20:29:34.837+0000] {logging_mixin.py:188} INFO - [2026-02-16T20:29:34.837+0000] {dag.py:3096} INFO - Sync 1 DAGs
[2026-02-16T20:29:34.860+0000] {logging_mixin.py:188} INFO - [2026-02-16T20:29:34.859+0000] {dag.py:3954} INFO - Setting next_dagrun for produce_json to 2026-02-16 14:00:00+00:00, run_after=2026-02-17 14:00:00+00:00
[2026-02-16T20:29:34.884+0000] {processor.py:183} INFO - Processing /opt/airflow/dags/main.py took 0.130 seconds
[2026-02-16T20:30:05.409+0000] {processor.py:161} INFO - Started process (PID=1612) to work on /opt/airflow/dags/main.py
[2026-02-16T20:30:05.410+0000] {processor.py:830} INFO - Processing file /opt/airflow/dags/main.py for tasks to queue
[2026-02-16T20:30:05.412+0000] {logging_mixin.py:188} INFO - [2026-02-16T20:30:05.412+0000] {dagbag.py:545} INFO - Filling up the DagBag from /opt/airflow/dags/main.py
[2026-02-16T20:30:05.469+0000] {processor.py:840} INFO - DAG(s) 'produce_json' retrieved from /opt/airflow/dags/main.py
[2026-02-16T20:30:05.512+0000] {logging_mixin.py:188} INFO - [2026-02-16T20:30:05.511+0000] {dag.py:3096} INFO - Sync 1 DAGs
[2026-02-16T20:30:05.546+0000] {logging_mixin.py:188} INFO - [2026-02-16T20:30:05.545+0000] {dag.py:3954} INFO - Setting next_dagrun for produce_json to 2026-02-16 14:00:00+00:00, run_after=2026-02-17 14:00:00+00:00
[2026-02-16T20:30:05.565+0000] {processor.py:183} INFO - Processing /opt/airflow/dags/main.py took 0.162 seconds
[2026-02-16T20:30:35.869+0000] {processor.py:161} INFO - Started process (PID=1620) to work on /opt/airflow/dags/main.py
[2026-02-16T20:30:35.870+0000] {processor.py:830} INFO - Processing file /opt/airflow/dags/main.py for tasks to queue
[2026-02-16T20:30:35.872+0000] {logging_mixin.py:188} INFO - [2026-02-16T20:30:35.872+0000] {dagbag.py:545} INFO - Filling up the DagBag from /opt/airflow/dags/main.py
[2026-02-16T20:30:35.919+0000] {processor.py:840} INFO - DAG(s) 'produce_json' retrieved from /opt/airflow/dags/main.py
[2026-02-16T20:30:35.949+0000] {logging_mixin.py:188} INFO - [2026-02-16T20:30:35.948+0000] {dag.py:3096} INFO - Sync 1 DAGs
[2026-02-16T20:30:35.971+0000] {logging_mixin.py:188} INFO - [2026-02-16T20:30:35.971+0000] {dag.py:3954} INFO - Setting next_dagrun for produce_json to 2026-02-16 14:00:00+00:00, run_after=2026-02-17 14:00:00+00:00
[2026-02-16T20:30:35.993+0000] {processor.py:183} INFO - Processing /opt/airflow/dags/main.py took 0.131 seconds
[2026-02-16T20:31:06.472+0000] {processor.py:161} INFO - Started process (PID=1633) to work on /opt/airflow/dags/main.py
[2026-02-16T20:31:06.473+0000] {processor.py:830} INFO - Processing file /opt/airflow/dags/main.py for tasks to queue
[2026-02-16T20:31:06.474+0000] {logging_mixin.py:188} INFO - [2026-02-16T20:31:06.474+0000] {dagbag.py:545} INFO - Filling up the DagBag from /opt/airflow/dags/main.py
[2026-02-16T20:31:06.521+0000] {processor.py:840} INFO - DAG(s) 'produce_json' retrieved from /opt/airflow/dags/main.py
[2026-02-16T20:31:06.554+0000] {logging_mixin.py:188} INFO - [2026-02-16T20:31:06.554+0000] {dag.py:3096} INFO - Sync 1 DAGs
[2026-02-16T20:31:06.578+0000] {logging_mixin.py:188} INFO - [2026-02-16T20:31:06.578+0000] {dag.py:3954} INFO - Setting next_dagrun for produce_json to 2026-02-16 14:00:00+00:00, run_after=2026-02-17 14:00:00+00:00
[2026-02-16T20:31:06.611+0000] {processor.py:183} INFO - Processing /opt/airflow/dags/main.py took 0.145 seconds
[2026-02-16T20:31:36.952+0000] {processor.py:161} INFO - Started process (PID=1640) to work on /opt/airflow/dags/main.py
[2026-02-16T20:31:36.953+0000] {processor.py:830} INFO - Processing file /opt/airflow/dags/main.py for tasks to queue
[2026-02-16T20:31:36.955+0000] {logging_mixin.py:188} INFO - [2026-02-16T20:31:36.954+0000] {dagbag.py:545} INFO - Filling up the DagBag from /opt/airflow/dags/main.py
[2026-02-16T20:31:37.001+0000] {processor.py:840} INFO - DAG(s) 'produce_json' retrieved from /opt/airflow/dags/main.py
[2026-02-16T20:31:37.035+0000] {logging_mixin.py:188} INFO - [2026-02-16T20:31:37.034+0000] {dag.py:3096} INFO - Sync 1 DAGs
[2026-02-16T20:31:37.062+0000] {logging_mixin.py:188} INFO - [2026-02-16T20:31:37.062+0000] {dag.py:3954} INFO - Setting next_dagrun for produce_json to 2026-02-16 14:00:00+00:00, run_after=2026-02-17 14:00:00+00:00
[2026-02-16T20:31:37.085+0000] {processor.py:183} INFO - Processing /opt/airflow/dags/main.py took 0.138 seconds
[2026-02-16T20:32:07.432+0000] {processor.py:161} INFO - Started process (PID=1647) to work on /opt/airflow/dags/main.py
[2026-02-16T20:32:07.433+0000] {processor.py:830} INFO - Processing file /opt/airflow/dags/main.py for tasks to queue
[2026-02-16T20:32:07.436+0000] {logging_mixin.py:188} INFO - [2026-02-16T20:32:07.435+0000] {dagbag.py:545} INFO - Filling up the DagBag from /opt/airflow/dags/main.py
[2026-02-16T20:32:07.483+0000] {processor.py:840} INFO - DAG(s) 'produce_json' retrieved from /opt/airflow/dags/main.py
[2026-02-16T20:32:07.513+0000] {logging_mixin.py:188} INFO - [2026-02-16T20:32:07.513+0000] {dag.py:3096} INFO - Sync 1 DAGs
[2026-02-16T20:32:07.536+0000] {logging_mixin.py:188} INFO - [2026-02-16T20:32:07.536+0000] {dag.py:3954} INFO - Setting next_dagrun for produce_json to 2026-02-16 14:00:00+00:00, run_after=2026-02-17 14:00:00+00:00
[2026-02-16T20:32:07.564+0000] {processor.py:183} INFO - Processing /opt/airflow/dags/main.py took 0.139 seconds
[2026-02-16T20:32:38.122+0000] {processor.py:161} INFO - Started process (PID=1654) to work on /opt/airflow/dags/main.py
[2026-02-16T20:32:38.124+0000] {processor.py:830} INFO - Processing file /opt/airflow/dags/main.py for tasks to queue
[2026-02-16T20:32:38.126+0000] {logging_mixin.py:188} INFO - [2026-02-16T20:32:38.125+0000] {dagbag.py:545} INFO - Filling up the DagBag from /opt/airflow/dags/main.py
[2026-02-16T20:32:38.175+0000] {processor.py:840} INFO - DAG(s) 'produce_json' retrieved from /opt/airflow/dags/main.py
[2026-02-16T20:32:38.209+0000] {logging_mixin.py:188} INFO - [2026-02-16T20:32:38.209+0000] {dag.py:3096} INFO - Sync 1 DAGs
[2026-02-16T20:32:38.235+0000] {logging_mixin.py:188} INFO - [2026-02-16T20:32:38.234+0000] {dag.py:3954} INFO - Setting next_dagrun for produce_json to 2026-02-16 14:00:00+00:00, run_after=2026-02-17 14:00:00+00:00
[2026-02-16T20:32:38.268+0000] {processor.py:183} INFO - Processing /opt/airflow/dags/main.py took 0.151 seconds
[2026-02-16T20:33:08.715+0000] {processor.py:161} INFO - Started process (PID=1661) to work on /opt/airflow/dags/main.py
[2026-02-16T20:33:08.716+0000] {processor.py:830} INFO - Processing file /opt/airflow/dags/main.py for tasks to queue
[2026-02-16T20:33:08.718+0000] {logging_mixin.py:188} INFO - [2026-02-16T20:33:08.718+0000] {dagbag.py:545} INFO - Filling up the DagBag from /opt/airflow/dags/main.py
[2026-02-16T20:33:08.758+0000] {processor.py:840} INFO - DAG(s) 'produce_json' retrieved from /opt/airflow/dags/main.py
[2026-02-16T20:33:08.788+0000] {logging_mixin.py:188} INFO - [2026-02-16T20:33:08.788+0000] {dag.py:3096} INFO - Sync 1 DAGs
[2026-02-16T20:33:08.817+0000] {logging_mixin.py:188} INFO - [2026-02-16T20:33:08.817+0000] {dag.py:3954} INFO - Setting next_dagrun for produce_json to 2026-02-16 14:00:00+00:00, run_after=2026-02-17 14:00:00+00:00
[2026-02-16T20:33:08.837+0000] {processor.py:183} INFO - Processing /opt/airflow/dags/main.py took 0.129 seconds
[2026-02-16T20:33:39.318+0000] {processor.py:161} INFO - Started process (PID=1668) to work on /opt/airflow/dags/main.py
[2026-02-16T20:33:39.319+0000] {processor.py:830} INFO - Processing file /opt/airflow/dags/main.py for tasks to queue
[2026-02-16T20:33:39.321+0000] {logging_mixin.py:188} INFO - [2026-02-16T20:33:39.321+0000] {dagbag.py:545} INFO - Filling up the DagBag from /opt/airflow/dags/main.py
[2026-02-16T20:33:39.363+0000] {processor.py:840} INFO - DAG(s) 'produce_json' retrieved from /opt/airflow/dags/main.py
[2026-02-16T20:33:39.393+0000] {logging_mixin.py:188} INFO - [2026-02-16T20:33:39.393+0000] {dag.py:3096} INFO - Sync 1 DAGs
[2026-02-16T20:33:39.415+0000] {logging_mixin.py:188} INFO - [2026-02-16T20:33:39.415+0000] {dag.py:3954} INFO - Setting next_dagrun for produce_json to 2026-02-16 14:00:00+00:00, run_after=2026-02-17 14:00:00+00:00
[2026-02-16T20:33:39.447+0000] {processor.py:183} INFO - Processing /opt/airflow/dags/main.py took 0.134 seconds
[2026-02-16T20:34:09.831+0000] {processor.py:161} INFO - Started process (PID=1675) to work on /opt/airflow/dags/main.py
[2026-02-16T20:34:09.832+0000] {processor.py:830} INFO - Processing file /opt/airflow/dags/main.py for tasks to queue
[2026-02-16T20:34:09.835+0000] {logging_mixin.py:188} INFO - [2026-02-16T20:34:09.835+0000] {dagbag.py:545} INFO - Filling up the DagBag from /opt/airflow/dags/main.py
[2026-02-16T20:34:09.880+0000] {processor.py:840} INFO - DAG(s) 'produce_json' retrieved from /opt/airflow/dags/main.py
[2026-02-16T20:34:09.909+0000] {logging_mixin.py:188} INFO - [2026-02-16T20:34:09.909+0000] {dag.py:3096} INFO - Sync 1 DAGs
[2026-02-16T20:34:09.931+0000] {logging_mixin.py:188} INFO - [2026-02-16T20:34:09.931+0000] {dag.py:3954} INFO - Setting next_dagrun for produce_json to 2026-02-16 14:00:00+00:00, run_after=2026-02-17 14:00:00+00:00
[2026-02-16T20:34:09.965+0000] {processor.py:183} INFO - Processing /opt/airflow/dags/main.py took 0.139 seconds
[2026-02-16T20:34:40.410+0000] {processor.py:161} INFO - Started process (PID=1682) to work on /opt/airflow/dags/main.py
[2026-02-16T20:34:40.411+0000] {processor.py:830} INFO - Processing file /opt/airflow/dags/main.py for tasks to queue
[2026-02-16T20:34:40.413+0000] {logging_mixin.py:188} INFO - [2026-02-16T20:34:40.412+0000] {dagbag.py:545} INFO - Filling up the DagBag from /opt/airflow/dags/main.py
[2026-02-16T20:34:40.458+0000] {processor.py:840} INFO - DAG(s) 'produce_json' retrieved from /opt/airflow/dags/main.py
[2026-02-16T20:34:40.487+0000] {logging_mixin.py:188} INFO - [2026-02-16T20:34:40.487+0000] {dag.py:3096} INFO - Sync 1 DAGs
[2026-02-16T20:34:40.510+0000] {logging_mixin.py:188} INFO - [2026-02-16T20:34:40.510+0000] {dag.py:3954} INFO - Setting next_dagrun for produce_json to 2026-02-16 14:00:00+00:00, run_after=2026-02-17 14:00:00+00:00
[2026-02-16T20:34:40.536+0000] {processor.py:183} INFO - Processing /opt/airflow/dags/main.py took 0.132 seconds
[2026-02-16T20:35:10.964+0000] {processor.py:161} INFO - Started process (PID=1689) to work on /opt/airflow/dags/main.py
[2026-02-16T20:35:10.965+0000] {processor.py:830} INFO - Processing file /opt/airflow/dags/main.py for tasks to queue
[2026-02-16T20:35:10.967+0000] {logging_mixin.py:188} INFO - [2026-02-16T20:35:10.966+0000] {dagbag.py:545} INFO - Filling up the DagBag from /opt/airflow/dags/main.py
[2026-02-16T20:35:11.011+0000] {processor.py:840} INFO - DAG(s) 'produce_json' retrieved from /opt/airflow/dags/main.py
[2026-02-16T20:35:11.043+0000] {logging_mixin.py:188} INFO - [2026-02-16T20:35:11.043+0000] {dag.py:3096} INFO - Sync 1 DAGs
[2026-02-16T20:35:11.066+0000] {logging_mixin.py:188} INFO - [2026-02-16T20:35:11.066+0000] {dag.py:3954} INFO - Setting next_dagrun for produce_json to 2026-02-16 14:00:00+00:00, run_after=2026-02-17 14:00:00+00:00
[2026-02-16T20:35:11.094+0000] {processor.py:183} INFO - Processing /opt/airflow/dags/main.py took 0.136 seconds
[2026-02-16T20:35:41.496+0000] {processor.py:161} INFO - Started process (PID=1696) to work on /opt/airflow/dags/main.py
[2026-02-16T20:35:41.497+0000] {processor.py:830} INFO - Processing file /opt/airflow/dags/main.py for tasks to queue
[2026-02-16T20:35:41.500+0000] {logging_mixin.py:188} INFO - [2026-02-16T20:35:41.499+0000] {dagbag.py:545} INFO - Filling up the DagBag from /opt/airflow/dags/main.py
[2026-02-16T20:35:41.546+0000] {processor.py:840} INFO - DAG(s) 'produce_json' retrieved from /opt/airflow/dags/main.py
[2026-02-16T20:35:41.576+0000] {logging_mixin.py:188} INFO - [2026-02-16T20:35:41.576+0000] {dag.py:3096} INFO - Sync 1 DAGs
[2026-02-16T20:35:41.601+0000] {logging_mixin.py:188} INFO - [2026-02-16T20:35:41.601+0000] {dag.py:3954} INFO - Setting next_dagrun for produce_json to 2026-02-16 14:00:00+00:00, run_after=2026-02-17 14:00:00+00:00
[2026-02-16T20:35:41.639+0000] {processor.py:183} INFO - Processing /opt/airflow/dags/main.py took 0.148 seconds
[2026-02-16T20:36:11.987+0000] {processor.py:161} INFO - Started process (PID=1703) to work on /opt/airflow/dags/main.py
[2026-02-16T20:36:11.988+0000] {processor.py:830} INFO - Processing file /opt/airflow/dags/main.py for tasks to queue
[2026-02-16T20:36:11.990+0000] {logging_mixin.py:188} INFO - [2026-02-16T20:36:11.990+0000] {dagbag.py:545} INFO - Filling up the DagBag from /opt/airflow/dags/main.py
[2026-02-16T20:36:12.035+0000] {processor.py:840} INFO - DAG(s) 'produce_json' retrieved from /opt/airflow/dags/main.py
[2026-02-16T20:36:12.063+0000] {logging_mixin.py:188} INFO - [2026-02-16T20:36:12.063+0000] {dag.py:3096} INFO - Sync 1 DAGs
[2026-02-16T20:36:12.085+0000] {logging_mixin.py:188} INFO - [2026-02-16T20:36:12.085+0000] {dag.py:3954} INFO - Setting next_dagrun for produce_json to 2026-02-16 14:00:00+00:00, run_after=2026-02-17 14:00:00+00:00
[2026-02-16T20:36:12.120+0000] {processor.py:183} INFO - Processing /opt/airflow/dags/main.py took 0.140 seconds
[2026-02-16T20:36:42.460+0000] {processor.py:161} INFO - Started process (PID=1710) to work on /opt/airflow/dags/main.py
[2026-02-16T20:36:42.461+0000] {processor.py:830} INFO - Processing file /opt/airflow/dags/main.py for tasks to queue
[2026-02-16T20:36:42.463+0000] {logging_mixin.py:188} INFO - [2026-02-16T20:36:42.463+0000] {dagbag.py:545} INFO - Filling up the DagBag from /opt/airflow/dags/main.py
[2026-02-16T20:36:42.505+0000] {processor.py:840} INFO - DAG(s) 'produce_json' retrieved from /opt/airflow/dags/main.py
[2026-02-16T20:36:42.537+0000] {logging_mixin.py:188} INFO - [2026-02-16T20:36:42.536+0000] {dag.py:3096} INFO - Sync 1 DAGs
[2026-02-16T20:36:42.561+0000] {logging_mixin.py:188} INFO - [2026-02-16T20:36:42.561+0000] {dag.py:3954} INFO - Setting next_dagrun for produce_json to 2026-02-16 14:00:00+00:00, run_after=2026-02-17 14:00:00+00:00
[2026-02-16T20:36:42.592+0000] {processor.py:183} INFO - Processing /opt/airflow/dags/main.py took 0.137 seconds
[2026-02-16T20:37:12.925+0000] {processor.py:161} INFO - Started process (PID=1723) to work on /opt/airflow/dags/main.py
[2026-02-16T20:37:12.926+0000] {processor.py:830} INFO - Processing file /opt/airflow/dags/main.py for tasks to queue
[2026-02-16T20:37:12.929+0000] {logging_mixin.py:188} INFO - [2026-02-16T20:37:12.928+0000] {dagbag.py:545} INFO - Filling up the DagBag from /opt/airflow/dags/main.py
[2026-02-16T20:37:12.975+0000] {processor.py:840} INFO - DAG(s) 'produce_json' retrieved from /opt/airflow/dags/main.py
[2026-02-16T20:37:13.004+0000] {logging_mixin.py:188} INFO - [2026-02-16T20:37:13.004+0000] {dag.py:3096} INFO - Sync 1 DAGs
[2026-02-16T20:37:13.026+0000] {logging_mixin.py:188} INFO - [2026-02-16T20:37:13.025+0000] {dag.py:3954} INFO - Setting next_dagrun for produce_json to 2026-02-16 14:00:00+00:00, run_after=2026-02-17 14:00:00+00:00
[2026-02-16T20:37:13.060+0000] {processor.py:183} INFO - Processing /opt/airflow/dags/main.py took 0.142 seconds
[2026-02-16T20:37:43.521+0000] {processor.py:161} INFO - Started process (PID=1730) to work on /opt/airflow/dags/main.py
[2026-02-16T20:37:43.522+0000] {processor.py:830} INFO - Processing file /opt/airflow/dags/main.py for tasks to queue
[2026-02-16T20:37:43.525+0000] {logging_mixin.py:188} INFO - [2026-02-16T20:37:43.524+0000] {dagbag.py:545} INFO - Filling up the DagBag from /opt/airflow/dags/main.py
[2026-02-16T20:37:43.567+0000] {processor.py:840} INFO - DAG(s) 'produce_json' retrieved from /opt/airflow/dags/main.py
[2026-02-16T20:37:43.596+0000] {logging_mixin.py:188} INFO - [2026-02-16T20:37:43.596+0000] {dag.py:3096} INFO - Sync 1 DAGs
[2026-02-16T20:37:43.619+0000] {logging_mixin.py:188} INFO - [2026-02-16T20:37:43.619+0000] {dag.py:3954} INFO - Setting next_dagrun for produce_json to 2026-02-16 14:00:00+00:00, run_after=2026-02-17 14:00:00+00:00
[2026-02-16T20:37:43.654+0000] {processor.py:183} INFO - Processing /opt/airflow/dags/main.py took 0.138 seconds
[2026-02-16T20:38:14.130+0000] {processor.py:161} INFO - Started process (PID=1737) to work on /opt/airflow/dags/main.py
[2026-02-16T20:38:14.131+0000] {processor.py:830} INFO - Processing file /opt/airflow/dags/main.py for tasks to queue
[2026-02-16T20:38:14.133+0000] {logging_mixin.py:188} INFO - [2026-02-16T20:38:14.133+0000] {dagbag.py:545} INFO - Filling up the DagBag from /opt/airflow/dags/main.py
[2026-02-16T20:38:14.180+0000] {processor.py:840} INFO - DAG(s) 'produce_json' retrieved from /opt/airflow/dags/main.py
[2026-02-16T20:38:14.209+0000] {logging_mixin.py:188} INFO - [2026-02-16T20:38:14.209+0000] {dag.py:3096} INFO - Sync 1 DAGs
[2026-02-16T20:38:14.233+0000] {logging_mixin.py:188} INFO - [2026-02-16T20:38:14.233+0000] {dag.py:3954} INFO - Setting next_dagrun for produce_json to 2026-02-16 14:00:00+00:00, run_after=2026-02-17 14:00:00+00:00
[2026-02-16T20:38:14.266+0000] {processor.py:183} INFO - Processing /opt/airflow/dags/main.py took 0.141 seconds
[2026-02-16T20:38:44.494+0000] {processor.py:161} INFO - Started process (PID=1744) to work on /opt/airflow/dags/main.py
[2026-02-16T20:38:44.495+0000] {processor.py:830} INFO - Processing file /opt/airflow/dags/main.py for tasks to queue
[2026-02-16T20:38:44.497+0000] {logging_mixin.py:188} INFO - [2026-02-16T20:38:44.497+0000] {dagbag.py:545} INFO - Filling up the DagBag from /opt/airflow/dags/main.py
[2026-02-16T20:38:44.543+0000] {processor.py:840} INFO - DAG(s) 'produce_json' retrieved from /opt/airflow/dags/main.py
[2026-02-16T20:38:44.570+0000] {logging_mixin.py:188} INFO - [2026-02-16T20:38:44.570+0000] {dag.py:3096} INFO - Sync 1 DAGs
[2026-02-16T20:38:44.591+0000] {logging_mixin.py:188} INFO - [2026-02-16T20:38:44.591+0000] {dag.py:3954} INFO - Setting next_dagrun for produce_json to 2026-02-16 14:00:00+00:00, run_after=2026-02-17 14:00:00+00:00
[2026-02-16T20:38:44.614+0000] {processor.py:183} INFO - Processing /opt/airflow/dags/main.py took 0.126 seconds
[2026-02-16T20:39:15.052+0000] {processor.py:161} INFO - Started process (PID=1751) to work on /opt/airflow/dags/main.py
[2026-02-16T20:39:15.053+0000] {processor.py:830} INFO - Processing file /opt/airflow/dags/main.py for tasks to queue
[2026-02-16T20:39:15.055+0000] {logging_mixin.py:188} INFO - [2026-02-16T20:39:15.055+0000] {dagbag.py:545} INFO - Filling up the DagBag from /opt/airflow/dags/main.py
[2026-02-16T20:39:15.098+0000] {processor.py:840} INFO - DAG(s) 'produce_json' retrieved from /opt/airflow/dags/main.py
[2026-02-16T20:39:15.127+0000] {logging_mixin.py:188} INFO - [2026-02-16T20:39:15.127+0000] {dag.py:3096} INFO - Sync 1 DAGs
[2026-02-16T20:39:15.154+0000] {logging_mixin.py:188} INFO - [2026-02-16T20:39:15.154+0000] {dag.py:3954} INFO - Setting next_dagrun for produce_json to 2026-02-16 14:00:00+00:00, run_after=2026-02-17 14:00:00+00:00
[2026-02-16T20:39:15.180+0000] {processor.py:183} INFO - Processing /opt/airflow/dags/main.py took 0.135 seconds
[2026-02-16T20:39:45.748+0000] {processor.py:161} INFO - Started process (PID=1759) to work on /opt/airflow/dags/main.py
[2026-02-16T20:39:45.749+0000] {processor.py:830} INFO - Processing file /opt/airflow/dags/main.py for tasks to queue
[2026-02-16T20:39:45.751+0000] {logging_mixin.py:188} INFO - [2026-02-16T20:39:45.751+0000] {dagbag.py:545} INFO - Filling up the DagBag from /opt/airflow/dags/main.py
[2026-02-16T20:39:45.798+0000] {processor.py:840} INFO - DAG(s) 'produce_json' retrieved from /opt/airflow/dags/main.py
[2026-02-16T20:39:45.828+0000] {logging_mixin.py:188} INFO - [2026-02-16T20:39:45.828+0000] {dag.py:3096} INFO - Sync 1 DAGs
[2026-02-16T20:39:45.851+0000] {logging_mixin.py:188} INFO - [2026-02-16T20:39:45.851+0000] {dag.py:3954} INFO - Setting next_dagrun for produce_json to 2026-02-16 14:00:00+00:00, run_after=2026-02-17 14:00:00+00:00
[2026-02-16T20:39:45.891+0000] {processor.py:183} INFO - Processing /opt/airflow/dags/main.py took 0.148 seconds
[2026-02-16T20:40:16.302+0000] {processor.py:161} INFO - Started process (PID=1766) to work on /opt/airflow/dags/main.py
[2026-02-16T20:40:16.303+0000] {processor.py:830} INFO - Processing file /opt/airflow/dags/main.py for tasks to queue
[2026-02-16T20:40:16.305+0000] {logging_mixin.py:188} INFO - [2026-02-16T20:40:16.305+0000] {dagbag.py:545} INFO - Filling up the DagBag from /opt/airflow/dags/main.py
[2026-02-16T20:40:16.352+0000] {processor.py:840} INFO - DAG(s) 'produce_json' retrieved from /opt/airflow/dags/main.py
[2026-02-16T20:40:16.383+0000] {logging_mixin.py:188} INFO - [2026-02-16T20:40:16.383+0000] {dag.py:3096} INFO - Sync 1 DAGs
[2026-02-16T20:40:16.406+0000] {logging_mixin.py:188} INFO - [2026-02-16T20:40:16.406+0000] {dag.py:3954} INFO - Setting next_dagrun for produce_json to 2026-02-16 14:00:00+00:00, run_after=2026-02-17 14:00:00+00:00
[2026-02-16T20:40:16.441+0000] {processor.py:183} INFO - Processing /opt/airflow/dags/main.py took 0.144 seconds
[2026-02-16T20:40:47.050+0000] {processor.py:161} INFO - Started process (PID=1773) to work on /opt/airflow/dags/main.py
[2026-02-16T20:40:47.051+0000] {processor.py:830} INFO - Processing file /opt/airflow/dags/main.py for tasks to queue
[2026-02-16T20:40:47.053+0000] {logging_mixin.py:188} INFO - [2026-02-16T20:40:47.053+0000] {dagbag.py:545} INFO - Filling up the DagBag from /opt/airflow/dags/main.py
[2026-02-16T20:40:47.093+0000] {processor.py:840} INFO - DAG(s) 'produce_json' retrieved from /opt/airflow/dags/main.py
[2026-02-16T20:40:47.123+0000] {logging_mixin.py:188} INFO - [2026-02-16T20:40:47.123+0000] {dag.py:3096} INFO - Sync 1 DAGs
[2026-02-16T20:40:47.145+0000] {logging_mixin.py:188} INFO - [2026-02-16T20:40:47.145+0000] {dag.py:3954} INFO - Setting next_dagrun for produce_json to 2026-02-16 14:00:00+00:00, run_after=2026-02-17 14:00:00+00:00
[2026-02-16T20:40:47.177+0000] {processor.py:183} INFO - Processing /opt/airflow/dags/main.py took 0.132 seconds
[2026-02-16T20:41:17.535+0000] {processor.py:161} INFO - Started process (PID=1780) to work on /opt/airflow/dags/main.py
[2026-02-16T20:41:17.537+0000] {processor.py:830} INFO - Processing file /opt/airflow/dags/main.py for tasks to queue
[2026-02-16T20:41:17.538+0000] {logging_mixin.py:188} INFO - [2026-02-16T20:41:17.538+0000] {dagbag.py:545} INFO - Filling up the DagBag from /opt/airflow/dags/main.py
[2026-02-16T20:41:17.587+0000] {processor.py:840} INFO - DAG(s) 'produce_json' retrieved from /opt/airflow/dags/main.py
[2026-02-16T20:41:17.617+0000] {logging_mixin.py:188} INFO - [2026-02-16T20:41:17.617+0000] {dag.py:3096} INFO - Sync 1 DAGs
[2026-02-16T20:41:17.641+0000] {logging_mixin.py:188} INFO - [2026-02-16T20:41:17.640+0000] {dag.py:3954} INFO - Setting next_dagrun for produce_json to 2026-02-16 14:00:00+00:00, run_after=2026-02-17 14:00:00+00:00
[2026-02-16T20:41:17.666+0000] {processor.py:183} INFO - Processing /opt/airflow/dags/main.py took 0.136 seconds
[2026-02-16T20:41:47.797+0000] {processor.py:161} INFO - Started process (PID=1787) to work on /opt/airflow/dags/main.py
[2026-02-16T20:41:47.798+0000] {processor.py:830} INFO - Processing file /opt/airflow/dags/main.py for tasks to queue
[2026-02-16T20:41:47.801+0000] {logging_mixin.py:188} INFO - [2026-02-16T20:41:47.801+0000] {dagbag.py:545} INFO - Filling up the DagBag from /opt/airflow/dags/main.py
[2026-02-16T20:41:47.844+0000] {processor.py:840} INFO - DAG(s) 'produce_json' retrieved from /opt/airflow/dags/main.py
[2026-02-16T20:41:47.875+0000] {logging_mixin.py:188} INFO - [2026-02-16T20:41:47.875+0000] {dag.py:3096} INFO - Sync 1 DAGs
[2026-02-16T20:41:47.898+0000] {logging_mixin.py:188} INFO - [2026-02-16T20:41:47.898+0000] {dag.py:3954} INFO - Setting next_dagrun for produce_json to 2026-02-16 14:00:00+00:00, run_after=2026-02-17 14:00:00+00:00
[2026-02-16T20:41:47.920+0000] {processor.py:183} INFO - Processing /opt/airflow/dags/main.py took 0.130 seconds
[2026-02-16T20:42:18.130+0000] {processor.py:161} INFO - Started process (PID=1794) to work on /opt/airflow/dags/main.py
[2026-02-16T20:42:18.131+0000] {processor.py:830} INFO - Processing file /opt/airflow/dags/main.py for tasks to queue
[2026-02-16T20:42:18.133+0000] {logging_mixin.py:188} INFO - [2026-02-16T20:42:18.133+0000] {dagbag.py:545} INFO - Filling up the DagBag from /opt/airflow/dags/main.py
[2026-02-16T20:42:18.173+0000] {processor.py:840} INFO - DAG(s) 'produce_json' retrieved from /opt/airflow/dags/main.py
[2026-02-16T20:42:18.201+0000] {logging_mixin.py:188} INFO - [2026-02-16T20:42:18.200+0000] {dag.py:3096} INFO - Sync 1 DAGs
[2026-02-16T20:42:18.222+0000] {logging_mixin.py:188} INFO - [2026-02-16T20:42:18.222+0000] {dag.py:3954} INFO - Setting next_dagrun for produce_json to 2026-02-16 14:00:00+00:00, run_after=2026-02-17 14:00:00+00:00
[2026-02-16T20:42:18.255+0000] {processor.py:183} INFO - Processing /opt/airflow/dags/main.py took 0.130 seconds
[2026-02-16T20:42:48.794+0000] {processor.py:161} INFO - Started process (PID=1801) to work on /opt/airflow/dags/main.py
[2026-02-16T20:42:48.795+0000] {processor.py:830} INFO - Processing file /opt/airflow/dags/main.py for tasks to queue
[2026-02-16T20:42:48.797+0000] {logging_mixin.py:188} INFO - [2026-02-16T20:42:48.796+0000] {dagbag.py:545} INFO - Filling up the DagBag from /opt/airflow/dags/main.py
[2026-02-16T20:42:48.842+0000] {processor.py:840} INFO - DAG(s) 'produce_json' retrieved from /opt/airflow/dags/main.py
[2026-02-16T20:42:48.872+0000] {logging_mixin.py:188} INFO - [2026-02-16T20:42:48.871+0000] {dag.py:3096} INFO - Sync 1 DAGs
[2026-02-16T20:42:48.893+0000] {logging_mixin.py:188} INFO - [2026-02-16T20:42:48.893+0000] {dag.py:3954} INFO - Setting next_dagrun for produce_json to 2026-02-16 14:00:00+00:00, run_after=2026-02-17 14:00:00+00:00
[2026-02-16T20:42:48.914+0000] {processor.py:183} INFO - Processing /opt/airflow/dags/main.py took 0.125 seconds
[2026-02-16T20:43:19.188+0000] {processor.py:161} INFO - Started process (PID=1808) to work on /opt/airflow/dags/main.py
[2026-02-16T20:43:19.189+0000] {processor.py:830} INFO - Processing file /opt/airflow/dags/main.py for tasks to queue
[2026-02-16T20:43:19.191+0000] {logging_mixin.py:188} INFO - [2026-02-16T20:43:19.191+0000] {dagbag.py:545} INFO - Filling up the DagBag from /opt/airflow/dags/main.py
[2026-02-16T20:43:19.241+0000] {processor.py:840} INFO - DAG(s) 'produce_json' retrieved from /opt/airflow/dags/main.py
[2026-02-16T20:43:19.271+0000] {logging_mixin.py:188} INFO - [2026-02-16T20:43:19.271+0000] {dag.py:3096} INFO - Sync 1 DAGs
[2026-02-16T20:43:19.294+0000] {logging_mixin.py:188} INFO - [2026-02-16T20:43:19.293+0000] {dag.py:3954} INFO - Setting next_dagrun for produce_json to 2026-02-16 14:00:00+00:00, run_after=2026-02-17 14:00:00+00:00
[2026-02-16T20:43:19.316+0000] {processor.py:183} INFO - Processing /opt/airflow/dags/main.py took 0.133 seconds
[2026-02-16T20:43:49.782+0000] {processor.py:161} INFO - Started process (PID=1815) to work on /opt/airflow/dags/main.py
[2026-02-16T20:43:49.783+0000] {processor.py:830} INFO - Processing file /opt/airflow/dags/main.py for tasks to queue
[2026-02-16T20:43:49.785+0000] {logging_mixin.py:188} INFO - [2026-02-16T20:43:49.784+0000] {dagbag.py:545} INFO - Filling up the DagBag from /opt/airflow/dags/main.py
[2026-02-16T20:43:49.820+0000] {processor.py:840} INFO - DAG(s) 'produce_json' retrieved from /opt/airflow/dags/main.py
[2026-02-16T20:43:49.845+0000] {logging_mixin.py:188} INFO - [2026-02-16T20:43:49.845+0000] {dag.py:3096} INFO - Sync 1 DAGs
[2026-02-16T20:43:49.867+0000] {logging_mixin.py:188} INFO - [2026-02-16T20:43:49.867+0000] {dag.py:3954} INFO - Setting next_dagrun for produce_json to 2026-02-16 14:00:00+00:00, run_after=2026-02-17 14:00:00+00:00
[2026-02-16T20:43:49.900+0000] {processor.py:183} INFO - Processing /opt/airflow/dags/main.py took 0.122 seconds
[2026-02-16T20:44:20.483+0000] {processor.py:161} INFO - Started process (PID=1822) to work on /opt/airflow/dags/main.py
[2026-02-16T20:44:20.484+0000] {processor.py:830} INFO - Processing file /opt/airflow/dags/main.py for tasks to queue
[2026-02-16T20:44:20.486+0000] {logging_mixin.py:188} INFO - [2026-02-16T20:44:20.485+0000] {dagbag.py:545} INFO - Filling up the DagBag from /opt/airflow/dags/main.py
[2026-02-16T20:44:20.525+0000] {processor.py:840} INFO - DAG(s) 'produce_json' retrieved from /opt/airflow/dags/main.py
[2026-02-16T20:44:20.551+0000] {logging_mixin.py:188} INFO - [2026-02-16T20:44:20.551+0000] {dag.py:3096} INFO - Sync 1 DAGs
[2026-02-16T20:44:20.572+0000] {logging_mixin.py:188} INFO - [2026-02-16T20:44:20.572+0000] {dag.py:3954} INFO - Setting next_dagrun for produce_json to 2026-02-16 14:00:00+00:00, run_after=2026-02-17 14:00:00+00:00
[2026-02-16T20:44:20.602+0000] {processor.py:183} INFO - Processing /opt/airflow/dags/main.py took 0.123 seconds
[2026-02-16T20:44:51.178+0000] {processor.py:161} INFO - Started process (PID=1835) to work on /opt/airflow/dags/main.py
[2026-02-16T20:44:51.179+0000] {processor.py:830} INFO - Processing file /opt/airflow/dags/main.py for tasks to queue
[2026-02-16T20:44:51.181+0000] {logging_mixin.py:188} INFO - [2026-02-16T20:44:51.181+0000] {dagbag.py:545} INFO - Filling up the DagBag from /opt/airflow/dags/main.py
[2026-02-16T20:44:51.233+0000] {processor.py:840} INFO - DAG(s) 'produce_json' retrieved from /opt/airflow/dags/main.py
[2026-02-16T20:44:51.264+0000] {logging_mixin.py:188} INFO - [2026-02-16T20:44:51.263+0000] {dag.py:3096} INFO - Sync 1 DAGs
[2026-02-16T20:44:51.286+0000] {logging_mixin.py:188} INFO - [2026-02-16T20:44:51.285+0000] {dag.py:3954} INFO - Setting next_dagrun for produce_json to 2026-02-16 14:00:00+00:00, run_after=2026-02-17 14:00:00+00:00
[2026-02-16T20:44:51.307+0000] {processor.py:183} INFO - Processing /opt/airflow/dags/main.py took 0.134 seconds
[2026-02-16T20:45:21.680+0000] {processor.py:161} INFO - Started process (PID=1842) to work on /opt/airflow/dags/main.py
[2026-02-16T20:45:21.681+0000] {processor.py:830} INFO - Processing file /opt/airflow/dags/main.py for tasks to queue
[2026-02-16T20:45:21.683+0000] {logging_mixin.py:188} INFO - [2026-02-16T20:45:21.683+0000] {dagbag.py:545} INFO - Filling up the DagBag from /opt/airflow/dags/main.py
[2026-02-16T20:45:21.747+0000] {processor.py:840} INFO - DAG(s) 'produce_json' retrieved from /opt/airflow/dags/main.py
[2026-02-16T20:45:21.779+0000] {logging_mixin.py:188} INFO - [2026-02-16T20:45:21.779+0000] {dag.py:3096} INFO - Sync 1 DAGs
[2026-02-16T20:45:21.802+0000] {logging_mixin.py:188} INFO - [2026-02-16T20:45:21.802+0000] {dag.py:3954} INFO - Setting next_dagrun for produce_json to 2026-02-16 14:00:00+00:00, run_after=2026-02-17 14:00:00+00:00
[2026-02-16T20:45:21.821+0000] {processor.py:183} INFO - Processing /opt/airflow/dags/main.py took 0.147 seconds
[2026-02-16T20:45:52.762+0000] {processor.py:161} INFO - Started process (PID=1849) to work on /opt/airflow/dags/main.py
[2026-02-16T20:45:52.763+0000] {processor.py:830} INFO - Processing file /opt/airflow/dags/main.py for tasks to queue
[2026-02-16T20:45:52.766+0000] {logging_mixin.py:188} INFO - [2026-02-16T20:45:52.765+0000] {dagbag.py:545} INFO - Filling up the DagBag from /opt/airflow/dags/main.py
[2026-02-16T20:45:52.820+0000] {processor.py:840} INFO - DAG(s) 'produce_json' retrieved from /opt/airflow/dags/main.py
[2026-02-16T20:45:52.852+0000] {logging_mixin.py:188} INFO - [2026-02-16T20:45:52.852+0000] {dag.py:3096} INFO - Sync 1 DAGs
[2026-02-16T20:45:52.875+0000] {logging_mixin.py:188} INFO - [2026-02-16T20:45:52.875+0000] {dag.py:3954} INFO - Setting next_dagrun for produce_json to 2026-02-16 14:00:00+00:00, run_after=2026-02-17 14:00:00+00:00
[2026-02-16T20:45:52.896+0000] {processor.py:183} INFO - Processing /opt/airflow/dags/main.py took 0.145 seconds
[2026-02-16T20:46:23.401+0000] {processor.py:161} INFO - Started process (PID=1856) to work on /opt/airflow/dags/main.py
[2026-02-16T20:46:23.402+0000] {processor.py:830} INFO - Processing file /opt/airflow/dags/main.py for tasks to queue
[2026-02-16T20:46:23.404+0000] {logging_mixin.py:188} INFO - [2026-02-16T20:46:23.403+0000] {dagbag.py:545} INFO - Filling up the DagBag from /opt/airflow/dags/main.py
[2026-02-16T20:46:23.447+0000] {processor.py:840} INFO - DAG(s) 'produce_json' retrieved from /opt/airflow/dags/main.py
[2026-02-16T20:46:23.480+0000] {logging_mixin.py:188} INFO - [2026-02-16T20:46:23.480+0000] {dag.py:3096} INFO - Sync 1 DAGs
[2026-02-16T20:46:23.500+0000] {logging_mixin.py:188} INFO - [2026-02-16T20:46:23.500+0000] {dag.py:3954} INFO - Setting next_dagrun for produce_json to 2026-02-16 14:00:00+00:00, run_after=2026-02-17 14:00:00+00:00
[2026-02-16T20:46:23.523+0000] {processor.py:183} INFO - Processing /opt/airflow/dags/main.py took 0.128 seconds
[2026-02-16T20:46:54.413+0000] {processor.py:161} INFO - Started process (PID=1863) to work on /opt/airflow/dags/main.py
[2026-02-16T20:46:54.414+0000] {processor.py:830} INFO - Processing file /opt/airflow/dags/main.py for tasks to queue
[2026-02-16T20:46:54.416+0000] {logging_mixin.py:188} INFO - [2026-02-16T20:46:54.415+0000] {dagbag.py:545} INFO - Filling up the DagBag from /opt/airflow/dags/main.py
[2026-02-16T20:46:54.458+0000] {processor.py:840} INFO - DAG(s) 'produce_json' retrieved from /opt/airflow/dags/main.py
[2026-02-16T20:46:54.485+0000] {logging_mixin.py:188} INFO - [2026-02-16T20:46:54.485+0000] {dag.py:3096} INFO - Sync 1 DAGs
[2026-02-16T20:46:54.507+0000] {logging_mixin.py:188} INFO - [2026-02-16T20:46:54.507+0000] {dag.py:3954} INFO - Setting next_dagrun for produce_json to 2026-02-16 14:00:00+00:00, run_after=2026-02-17 14:00:00+00:00
[2026-02-16T20:46:54.547+0000] {processor.py:183} INFO - Processing /opt/airflow/dags/main.py took 0.139 seconds
[2026-02-16T20:47:25.294+0000] {processor.py:161} INFO - Started process (PID=1870) to work on /opt/airflow/dags/main.py
[2026-02-16T20:47:25.295+0000] {processor.py:830} INFO - Processing file /opt/airflow/dags/main.py for tasks to queue
[2026-02-16T20:47:25.297+0000] {logging_mixin.py:188} INFO - [2026-02-16T20:47:25.297+0000] {dagbag.py:545} INFO - Filling up the DagBag from /opt/airflow/dags/main.py
[2026-02-16T20:47:25.344+0000] {processor.py:840} INFO - DAG(s) 'produce_json' retrieved from /opt/airflow/dags/main.py
[2026-02-16T20:47:25.375+0000] {logging_mixin.py:188} INFO - [2026-02-16T20:47:25.375+0000] {dag.py:3096} INFO - Sync 1 DAGs
[2026-02-16T20:47:25.399+0000] {logging_mixin.py:188} INFO - [2026-02-16T20:47:25.399+0000] {dag.py:3954} INFO - Setting next_dagrun for produce_json to 2026-02-16 14:00:00+00:00, run_after=2026-02-17 14:00:00+00:00
[2026-02-16T20:47:25.433+0000] {processor.py:183} INFO - Processing /opt/airflow/dags/main.py took 0.146 seconds
[2026-02-16T20:47:55.562+0000] {processor.py:161} INFO - Started process (PID=1877) to work on /opt/airflow/dags/main.py
[2026-02-16T20:47:55.563+0000] {processor.py:830} INFO - Processing file /opt/airflow/dags/main.py for tasks to queue
[2026-02-16T20:47:55.566+0000] {logging_mixin.py:188} INFO - [2026-02-16T20:47:55.566+0000] {dagbag.py:545} INFO - Filling up the DagBag from /opt/airflow/dags/main.py
[2026-02-16T20:47:55.617+0000] {processor.py:840} INFO - DAG(s) 'produce_json' retrieved from /opt/airflow/dags/main.py
[2026-02-16T20:47:55.650+0000] {logging_mixin.py:188} INFO - [2026-02-16T20:47:55.649+0000] {dag.py:3096} INFO - Sync 1 DAGs
[2026-02-16T20:47:55.673+0000] {logging_mixin.py:188} INFO - [2026-02-16T20:47:55.672+0000] {dag.py:3954} INFO - Setting next_dagrun for produce_json to 2026-02-16 14:00:00+00:00, run_after=2026-02-17 14:00:00+00:00
[2026-02-16T20:47:55.709+0000] {processor.py:183} INFO - Processing /opt/airflow/dags/main.py took 0.153 seconds
[2026-02-16T20:48:26.385+0000] {processor.py:161} INFO - Started process (PID=1884) to work on /opt/airflow/dags/main.py
[2026-02-16T20:48:26.386+0000] {processor.py:830} INFO - Processing file /opt/airflow/dags/main.py for tasks to queue
[2026-02-16T20:48:26.388+0000] {logging_mixin.py:188} INFO - [2026-02-16T20:48:26.387+0000] {dagbag.py:545} INFO - Filling up the DagBag from /opt/airflow/dags/main.py
[2026-02-16T20:48:26.439+0000] {processor.py:840} INFO - DAG(s) 'produce_json' retrieved from /opt/airflow/dags/main.py
[2026-02-16T20:48:26.473+0000] {logging_mixin.py:188} INFO - [2026-02-16T20:48:26.473+0000] {dag.py:3096} INFO - Sync 1 DAGs
[2026-02-16T20:48:26.500+0000] {logging_mixin.py:188} INFO - [2026-02-16T20:48:26.499+0000] {dag.py:3954} INFO - Setting next_dagrun for produce_json to 2026-02-16 14:00:00+00:00, run_after=2026-02-17 14:00:00+00:00
[2026-02-16T20:48:26.536+0000] {processor.py:183} INFO - Processing /opt/airflow/dags/main.py took 0.156 seconds
[2026-02-16T20:48:57.061+0000] {processor.py:161} INFO - Started process (PID=1891) to work on /opt/airflow/dags/main.py
[2026-02-16T20:48:57.062+0000] {processor.py:830} INFO - Processing file /opt/airflow/dags/main.py for tasks to queue
[2026-02-16T20:48:57.063+0000] {logging_mixin.py:188} INFO - [2026-02-16T20:48:57.063+0000] {dagbag.py:545} INFO - Filling up the DagBag from /opt/airflow/dags/main.py
[2026-02-16T20:48:57.107+0000] {processor.py:840} INFO - DAG(s) 'produce_json' retrieved from /opt/airflow/dags/main.py
[2026-02-16T20:48:57.138+0000] {logging_mixin.py:188} INFO - [2026-02-16T20:48:57.138+0000] {dag.py:3096} INFO - Sync 1 DAGs
[2026-02-16T20:48:57.159+0000] {logging_mixin.py:188} INFO - [2026-02-16T20:48:57.159+0000] {dag.py:3954} INFO - Setting next_dagrun for produce_json to 2026-02-16 14:00:00+00:00, run_after=2026-02-17 14:00:00+00:00
[2026-02-16T20:48:57.190+0000] {processor.py:183} INFO - Processing /opt/airflow/dags/main.py took 0.134 seconds
[2026-02-16T20:49:27.917+0000] {processor.py:161} INFO - Started process (PID=1898) to work on /opt/airflow/dags/main.py
[2026-02-16T20:49:27.918+0000] {processor.py:830} INFO - Processing file /opt/airflow/dags/main.py for tasks to queue
[2026-02-16T20:49:27.920+0000] {logging_mixin.py:188} INFO - [2026-02-16T20:49:27.919+0000] {dagbag.py:545} INFO - Filling up the DagBag from /opt/airflow/dags/main.py
[2026-02-16T20:49:27.961+0000] {processor.py:840} INFO - DAG(s) 'produce_json' retrieved from /opt/airflow/dags/main.py
[2026-02-16T20:49:27.988+0000] {logging_mixin.py:188} INFO - [2026-02-16T20:49:27.987+0000] {dag.py:3096} INFO - Sync 1 DAGs
[2026-02-16T20:49:28.008+0000] {logging_mixin.py:188} INFO - [2026-02-16T20:49:28.008+0000] {dag.py:3954} INFO - Setting next_dagrun for produce_json to 2026-02-16 14:00:00+00:00, run_after=2026-02-17 14:00:00+00:00
[2026-02-16T20:49:28.039+0000] {processor.py:183} INFO - Processing /opt/airflow/dags/main.py took 0.127 seconds
[2026-02-16T20:49:58.856+0000] {processor.py:161} INFO - Started process (PID=1905) to work on /opt/airflow/dags/main.py
[2026-02-16T20:49:58.857+0000] {processor.py:830} INFO - Processing file /opt/airflow/dags/main.py for tasks to queue
[2026-02-16T20:49:58.859+0000] {logging_mixin.py:188} INFO - [2026-02-16T20:49:58.858+0000] {dagbag.py:545} INFO - Filling up the DagBag from /opt/airflow/dags/main.py
[2026-02-16T20:49:58.899+0000] {processor.py:840} INFO - DAG(s) 'produce_json' retrieved from /opt/airflow/dags/main.py
[2026-02-16T20:49:58.928+0000] {logging_mixin.py:188} INFO - [2026-02-16T20:49:58.928+0000] {dag.py:3096} INFO - Sync 1 DAGs
[2026-02-16T20:49:58.949+0000] {logging_mixin.py:188} INFO - [2026-02-16T20:49:58.949+0000] {dag.py:3954} INFO - Setting next_dagrun for produce_json to 2026-02-16 14:00:00+00:00, run_after=2026-02-17 14:00:00+00:00
[2026-02-16T20:49:58.969+0000] {processor.py:183} INFO - Processing /opt/airflow/dags/main.py took 0.118 seconds
[2026-02-16T20:50:29.777+0000] {processor.py:161} INFO - Started process (PID=1912) to work on /opt/airflow/dags/main.py
[2026-02-16T20:50:29.778+0000] {processor.py:830} INFO - Processing file /opt/airflow/dags/main.py for tasks to queue
[2026-02-16T20:50:29.780+0000] {logging_mixin.py:188} INFO - [2026-02-16T20:50:29.779+0000] {dagbag.py:545} INFO - Filling up the DagBag from /opt/airflow/dags/main.py
[2026-02-16T20:50:29.817+0000] {processor.py:840} INFO - DAG(s) 'produce_json' retrieved from /opt/airflow/dags/main.py
[2026-02-16T20:50:29.847+0000] {logging_mixin.py:188} INFO - [2026-02-16T20:50:29.847+0000] {dag.py:3096} INFO - Sync 1 DAGs
[2026-02-16T20:50:29.871+0000] {logging_mixin.py:188} INFO - [2026-02-16T20:50:29.871+0000] {dag.py:3954} INFO - Setting next_dagrun for produce_json to 2026-02-16 14:00:00+00:00, run_after=2026-02-17 14:00:00+00:00
[2026-02-16T20:50:29.892+0000] {processor.py:183} INFO - Processing /opt/airflow/dags/main.py took 0.121 seconds
[2026-02-16T20:51:00.815+0000] {processor.py:161} INFO - Started process (PID=1919) to work on /opt/airflow/dags/main.py
[2026-02-16T20:51:00.816+0000] {processor.py:830} INFO - Processing file /opt/airflow/dags/main.py for tasks to queue
[2026-02-16T20:51:00.818+0000] {logging_mixin.py:188} INFO - [2026-02-16T20:51:00.817+0000] {dagbag.py:545} INFO - Filling up the DagBag from /opt/airflow/dags/main.py
[2026-02-16T20:51:00.864+0000] {processor.py:840} INFO - DAG(s) 'produce_json' retrieved from /opt/airflow/dags/main.py
[2026-02-16T20:51:00.902+0000] {logging_mixin.py:188} INFO - [2026-02-16T20:51:00.902+0000] {dag.py:3096} INFO - Sync 1 DAGs
[2026-02-16T20:51:00.928+0000] {logging_mixin.py:188} INFO - [2026-02-16T20:51:00.928+0000] {dag.py:3954} INFO - Setting next_dagrun for produce_json to 2026-02-16 14:00:00+00:00, run_after=2026-02-17 14:00:00+00:00
[2026-02-16T20:51:00.952+0000] {processor.py:183} INFO - Processing /opt/airflow/dags/main.py took 0.142 seconds
[2026-02-16T20:51:31.830+0000] {processor.py:161} INFO - Started process (PID=1926) to work on /opt/airflow/dags/main.py
[2026-02-16T20:51:31.831+0000] {processor.py:830} INFO - Processing file /opt/airflow/dags/main.py for tasks to queue
[2026-02-16T20:51:31.833+0000] {logging_mixin.py:188} INFO - [2026-02-16T20:51:31.832+0000] {dagbag.py:545} INFO - Filling up the DagBag from /opt/airflow/dags/main.py
[2026-02-16T20:51:31.875+0000] {processor.py:840} INFO - DAG(s) 'produce_json' retrieved from /opt/airflow/dags/main.py
[2026-02-16T20:51:31.902+0000] {logging_mixin.py:188} INFO - [2026-02-16T20:51:31.902+0000] {dag.py:3096} INFO - Sync 1 DAGs
[2026-02-16T20:51:31.923+0000] {logging_mixin.py:188} INFO - [2026-02-16T20:51:31.923+0000] {dag.py:3954} INFO - Setting next_dagrun for produce_json to 2026-02-16 14:00:00+00:00, run_after=2026-02-17 14:00:00+00:00
[2026-02-16T20:51:31.945+0000] {processor.py:183} INFO - Processing /opt/airflow/dags/main.py took 0.120 seconds
[2026-02-16T20:52:02.984+0000] {processor.py:161} INFO - Started process (PID=1933) to work on /opt/airflow/dags/main.py
[2026-02-16T20:52:02.985+0000] {processor.py:830} INFO - Processing file /opt/airflow/dags/main.py for tasks to queue
[2026-02-16T20:52:02.987+0000] {logging_mixin.py:188} INFO - [2026-02-16T20:52:02.986+0000] {dagbag.py:545} INFO - Filling up the DagBag from /opt/airflow/dags/main.py
[2026-02-16T20:52:03.029+0000] {processor.py:840} INFO - DAG(s) 'produce_json' retrieved from /opt/airflow/dags/main.py
[2026-02-16T20:52:03.055+0000] {logging_mixin.py:188} INFO - [2026-02-16T20:52:03.055+0000] {dag.py:3096} INFO - Sync 1 DAGs
[2026-02-16T20:52:03.076+0000] {logging_mixin.py:188} INFO - [2026-02-16T20:52:03.076+0000] {dag.py:3954} INFO - Setting next_dagrun for produce_json to 2026-02-16 14:00:00+00:00, run_after=2026-02-17 14:00:00+00:00
[2026-02-16T20:52:03.097+0000] {processor.py:183} INFO - Processing /opt/airflow/dags/main.py took 0.119 seconds
[2026-02-16T20:52:33.163+0000] {processor.py:161} INFO - Started process (PID=1941) to work on /opt/airflow/dags/main.py
[2026-02-16T20:52:33.165+0000] {processor.py:830} INFO - Processing file /opt/airflow/dags/main.py for tasks to queue
[2026-02-16T20:52:33.167+0000] {logging_mixin.py:188} INFO - [2026-02-16T20:52:33.167+0000] {dagbag.py:545} INFO - Filling up the DagBag from /opt/airflow/dags/main.py
[2026-02-16T20:52:33.217+0000] {processor.py:840} INFO - DAG(s) 'produce_json' retrieved from /opt/airflow/dags/main.py
[2026-02-16T20:52:33.247+0000] {logging_mixin.py:188} INFO - [2026-02-16T20:52:33.246+0000] {dag.py:3096} INFO - Sync 1 DAGs
[2026-02-16T20:52:33.276+0000] {logging_mixin.py:188} INFO - [2026-02-16T20:52:33.275+0000] {dag.py:3954} INFO - Setting next_dagrun for produce_json to 2026-02-16 14:00:00+00:00, run_after=2026-02-17 14:00:00+00:00
[2026-02-16T20:52:33.304+0000] {processor.py:183} INFO - Processing /opt/airflow/dags/main.py took 0.147 seconds
[2026-02-16T20:53:03.450+0000] {processor.py:161} INFO - Started process (PID=1948) to work on /opt/airflow/dags/main.py
[2026-02-16T20:53:03.451+0000] {processor.py:830} INFO - Processing file /opt/airflow/dags/main.py for tasks to queue
[2026-02-16T20:53:03.453+0000] {logging_mixin.py:188} INFO - [2026-02-16T20:53:03.453+0000] {dagbag.py:545} INFO - Filling up the DagBag from /opt/airflow/dags/main.py
[2026-02-16T20:53:03.494+0000] {processor.py:840} INFO - DAG(s) 'produce_json' retrieved from /opt/airflow/dags/main.py
[2026-02-16T20:53:03.522+0000] {logging_mixin.py:188} INFO - [2026-02-16T20:53:03.522+0000] {dag.py:3096} INFO - Sync 1 DAGs
[2026-02-16T20:53:03.544+0000] {logging_mixin.py:188} INFO - [2026-02-16T20:53:03.544+0000] {dag.py:3954} INFO - Setting next_dagrun for produce_json to 2026-02-16 14:00:00+00:00, run_after=2026-02-17 14:00:00+00:00
[2026-02-16T20:53:03.565+0000] {processor.py:183} INFO - Processing /opt/airflow/dags/main.py took 0.121 seconds
[2026-02-16T20:53:33.663+0000] {processor.py:161} INFO - Started process (PID=1956) to work on /opt/airflow/dags/main.py
[2026-02-16T20:53:33.664+0000] {processor.py:830} INFO - Processing file /opt/airflow/dags/main.py for tasks to queue
[2026-02-16T20:53:33.667+0000] {logging_mixin.py:188} INFO - [2026-02-16T20:53:33.666+0000] {dagbag.py:545} INFO - Filling up the DagBag from /opt/airflow/dags/main.py
[2026-02-16T20:53:33.716+0000] {processor.py:840} INFO - DAG(s) 'produce_json' retrieved from /opt/airflow/dags/main.py
[2026-02-16T20:53:33.745+0000] {logging_mixin.py:188} INFO - [2026-02-16T20:53:33.744+0000] {dag.py:3096} INFO - Sync 1 DAGs
[2026-02-16T20:53:33.766+0000] {logging_mixin.py:188} INFO - [2026-02-16T20:53:33.766+0000] {dag.py:3954} INFO - Setting next_dagrun for produce_json to 2026-02-16 14:00:00+00:00, run_after=2026-02-17 14:00:00+00:00
[2026-02-16T20:53:33.799+0000] {processor.py:183} INFO - Processing /opt/airflow/dags/main.py took 0.141 seconds
[2026-02-16T20:54:03.862+0000] {processor.py:161} INFO - Started process (PID=1963) to work on /opt/airflow/dags/main.py
[2026-02-16T20:54:03.863+0000] {processor.py:830} INFO - Processing file /opt/airflow/dags/main.py for tasks to queue
[2026-02-16T20:54:03.865+0000] {logging_mixin.py:188} INFO - [2026-02-16T20:54:03.865+0000] {dagbag.py:545} INFO - Filling up the DagBag from /opt/airflow/dags/main.py
[2026-02-16T20:54:03.905+0000] {processor.py:840} INFO - DAG(s) 'produce_json' retrieved from /opt/airflow/dags/main.py
[2026-02-16T20:54:03.934+0000] {logging_mixin.py:188} INFO - [2026-02-16T20:54:03.934+0000] {dag.py:3096} INFO - Sync 1 DAGs
[2026-02-16T20:54:03.957+0000] {logging_mixin.py:188} INFO - [2026-02-16T20:54:03.956+0000] {dag.py:3954} INFO - Setting next_dagrun for produce_json to 2026-02-16 14:00:00+00:00, run_after=2026-02-17 14:00:00+00:00
[2026-02-16T20:54:03.989+0000] {processor.py:183} INFO - Processing /opt/airflow/dags/main.py took 0.132 seconds
[2026-02-16T20:54:34.149+0000] {processor.py:161} INFO - Started process (PID=1970) to work on /opt/airflow/dags/main.py
[2026-02-16T20:54:34.151+0000] {processor.py:830} INFO - Processing file /opt/airflow/dags/main.py for tasks to queue
[2026-02-16T20:54:34.152+0000] {logging_mixin.py:188} INFO - [2026-02-16T20:54:34.152+0000] {dagbag.py:545} INFO - Filling up the DagBag from /opt/airflow/dags/main.py
[2026-02-16T20:54:34.194+0000] {processor.py:840} INFO - DAG(s) 'produce_json' retrieved from /opt/airflow/dags/main.py
[2026-02-16T20:54:34.222+0000] {logging_mixin.py:188} INFO - [2026-02-16T20:54:34.222+0000] {dag.py:3096} INFO - Sync 1 DAGs
[2026-02-16T20:54:34.243+0000] {logging_mixin.py:188} INFO - [2026-02-16T20:54:34.243+0000] {dag.py:3954} INFO - Setting next_dagrun for produce_json to 2026-02-16 14:00:00+00:00, run_after=2026-02-17 14:00:00+00:00
[2026-02-16T20:54:34.275+0000] {processor.py:183} INFO - Processing /opt/airflow/dags/main.py took 0.132 seconds
[2026-02-16T20:55:04.350+0000] {processor.py:161} INFO - Started process (PID=1977) to work on /opt/airflow/dags/main.py
[2026-02-16T20:55:04.351+0000] {processor.py:830} INFO - Processing file /opt/airflow/dags/main.py for tasks to queue
[2026-02-16T20:55:04.353+0000] {logging_mixin.py:188} INFO - [2026-02-16T20:55:04.352+0000] {dagbag.py:545} INFO - Filling up the DagBag from /opt/airflow/dags/main.py
[2026-02-16T20:55:04.393+0000] {processor.py:840} INFO - DAG(s) 'produce_json' retrieved from /opt/airflow/dags/main.py
[2026-02-16T20:55:04.421+0000] {logging_mixin.py:188} INFO - [2026-02-16T20:55:04.421+0000] {dag.py:3096} INFO - Sync 1 DAGs
[2026-02-16T20:55:04.442+0000] {logging_mixin.py:188} INFO - [2026-02-16T20:55:04.442+0000] {dag.py:3954} INFO - Setting next_dagrun for produce_json to 2026-02-16 14:00:00+00:00, run_after=2026-02-17 14:00:00+00:00
[2026-02-16T20:55:04.463+0000] {processor.py:183} INFO - Processing /opt/airflow/dags/main.py took 0.118 seconds
[2026-02-16T20:55:34.527+0000] {processor.py:161} INFO - Started process (PID=1984) to work on /opt/airflow/dags/main.py
[2026-02-16T20:55:34.529+0000] {processor.py:830} INFO - Processing file /opt/airflow/dags/main.py for tasks to queue
[2026-02-16T20:55:34.531+0000] {logging_mixin.py:188} INFO - [2026-02-16T20:55:34.530+0000] {dagbag.py:545} INFO - Filling up the DagBag from /opt/airflow/dags/main.py
[2026-02-16T20:55:34.576+0000] {processor.py:840} INFO - DAG(s) 'produce_json' retrieved from /opt/airflow/dags/main.py
[2026-02-16T20:55:34.608+0000] {logging_mixin.py:188} INFO - [2026-02-16T20:55:34.608+0000] {dag.py:3096} INFO - Sync 1 DAGs
[2026-02-16T20:55:34.627+0000] {logging_mixin.py:188} INFO - [2026-02-16T20:55:34.627+0000] {dag.py:3954} INFO - Setting next_dagrun for produce_json to 2026-02-16 14:00:00+00:00, run_after=2026-02-17 14:00:00+00:00
[2026-02-16T20:55:34.659+0000] {processor.py:183} INFO - Processing /opt/airflow/dags/main.py took 0.138 seconds
[2026-02-16T20:56:04.714+0000] {processor.py:161} INFO - Started process (PID=1991) to work on /opt/airflow/dags/main.py
[2026-02-16T20:56:04.715+0000] {processor.py:830} INFO - Processing file /opt/airflow/dags/main.py for tasks to queue
[2026-02-16T20:56:04.717+0000] {logging_mixin.py:188} INFO - [2026-02-16T20:56:04.717+0000] {dagbag.py:545} INFO - Filling up the DagBag from /opt/airflow/dags/main.py
[2026-02-16T20:56:04.762+0000] {processor.py:840} INFO - DAG(s) 'produce_json' retrieved from /opt/airflow/dags/main.py
[2026-02-16T20:56:04.792+0000] {logging_mixin.py:188} INFO - [2026-02-16T20:56:04.791+0000] {dag.py:3096} INFO - Sync 1 DAGs
[2026-02-16T20:56:04.815+0000] {logging_mixin.py:188} INFO - [2026-02-16T20:56:04.815+0000] {dag.py:3954} INFO - Setting next_dagrun for produce_json to 2026-02-16 14:00:00+00:00, run_after=2026-02-17 14:00:00+00:00
[2026-02-16T20:56:04.836+0000] {processor.py:183} INFO - Processing /opt/airflow/dags/main.py took 0.128 seconds
[2026-02-16T20:56:34.977+0000] {processor.py:161} INFO - Started process (PID=1998) to work on /opt/airflow/dags/main.py
[2026-02-16T20:56:34.979+0000] {processor.py:830} INFO - Processing file /opt/airflow/dags/main.py for tasks to queue
[2026-02-16T20:56:34.983+0000] {logging_mixin.py:188} INFO - [2026-02-16T20:56:34.983+0000] {dagbag.py:545} INFO - Filling up the DagBag from /opt/airflow/dags/main.py
[2026-02-16T20:56:35.027+0000] {processor.py:840} INFO - DAG(s) 'produce_json' retrieved from /opt/airflow/dags/main.py
[2026-02-16T20:56:35.055+0000] {logging_mixin.py:188} INFO - [2026-02-16T20:56:35.054+0000] {dag.py:3096} INFO - Sync 1 DAGs
[2026-02-16T20:56:35.073+0000] {logging_mixin.py:188} INFO - [2026-02-16T20:56:35.073+0000] {dag.py:3954} INFO - Setting next_dagrun for produce_json to 2026-02-16 14:00:00+00:00, run_after=2026-02-17 14:00:00+00:00
[2026-02-16T20:56:35.103+0000] {processor.py:183} INFO - Processing /opt/airflow/dags/main.py took 0.131 seconds
[2026-02-16T20:57:05.224+0000] {processor.py:161} INFO - Started process (PID=2005) to work on /opt/airflow/dags/main.py
[2026-02-16T20:57:05.225+0000] {processor.py:830} INFO - Processing file /opt/airflow/dags/main.py for tasks to queue
[2026-02-16T20:57:05.227+0000] {logging_mixin.py:188} INFO - [2026-02-16T20:57:05.227+0000] {dagbag.py:545} INFO - Filling up the DagBag from /opt/airflow/dags/main.py
[2026-02-16T20:57:05.268+0000] {processor.py:840} INFO - DAG(s) 'produce_json' retrieved from /opt/airflow/dags/main.py
[2026-02-16T20:57:05.297+0000] {logging_mixin.py:188} INFO - [2026-02-16T20:57:05.297+0000] {dag.py:3096} INFO - Sync 1 DAGs
[2026-02-16T20:57:05.318+0000] {logging_mixin.py:188} INFO - [2026-02-16T20:57:05.318+0000] {dag.py:3954} INFO - Setting next_dagrun for produce_json to 2026-02-16 14:00:00+00:00, run_after=2026-02-17 14:00:00+00:00
[2026-02-16T20:57:05.350+0000] {processor.py:183} INFO - Processing /opt/airflow/dags/main.py took 0.131 seconds
[2026-02-16T20:57:35.462+0000] {processor.py:161} INFO - Started process (PID=2012) to work on /opt/airflow/dags/main.py
[2026-02-16T20:57:35.464+0000] {processor.py:830} INFO - Processing file /opt/airflow/dags/main.py for tasks to queue
[2026-02-16T20:57:35.466+0000] {logging_mixin.py:188} INFO - [2026-02-16T20:57:35.465+0000] {dagbag.py:545} INFO - Filling up the DagBag from /opt/airflow/dags/main.py
[2026-02-16T20:57:35.520+0000] {processor.py:840} INFO - DAG(s) 'produce_json' retrieved from /opt/airflow/dags/main.py
[2026-02-16T20:57:35.548+0000] {logging_mixin.py:188} INFO - [2026-02-16T20:57:35.548+0000] {dag.py:3096} INFO - Sync 1 DAGs
[2026-02-16T20:57:35.582+0000] {logging_mixin.py:188} INFO - [2026-02-16T20:57:35.581+0000] {dag.py:3954} INFO - Setting next_dagrun for produce_json to 2026-02-16 14:00:00+00:00, run_after=2026-02-17 14:00:00+00:00
[2026-02-16T20:57:35.613+0000] {processor.py:183} INFO - Processing /opt/airflow/dags/main.py took 0.157 seconds
[2026-02-16T20:58:05.765+0000] {processor.py:161} INFO - Started process (PID=2019) to work on /opt/airflow/dags/main.py
[2026-02-16T20:58:05.766+0000] {processor.py:830} INFO - Processing file /opt/airflow/dags/main.py for tasks to queue
[2026-02-16T20:58:05.768+0000] {logging_mixin.py:188} INFO - [2026-02-16T20:58:05.768+0000] {dagbag.py:545} INFO - Filling up the DagBag from /opt/airflow/dags/main.py
[2026-02-16T20:58:05.812+0000] {processor.py:840} INFO - DAG(s) 'produce_json' retrieved from /opt/airflow/dags/main.py
[2026-02-16T20:58:05.837+0000] {logging_mixin.py:188} INFO - [2026-02-16T20:58:05.837+0000] {dag.py:3096} INFO - Sync 1 DAGs
[2026-02-16T20:58:05.856+0000] {logging_mixin.py:188} INFO - [2026-02-16T20:58:05.856+0000] {dag.py:3954} INFO - Setting next_dagrun for produce_json to 2026-02-16 14:00:00+00:00, run_after=2026-02-17 14:00:00+00:00
[2026-02-16T20:58:05.879+0000] {processor.py:183} INFO - Processing /opt/airflow/dags/main.py took 0.119 seconds
[2026-02-16T20:58:36.008+0000] {processor.py:161} INFO - Started process (PID=2026) to work on /opt/airflow/dags/main.py
[2026-02-16T20:58:36.010+0000] {processor.py:830} INFO - Processing file /opt/airflow/dags/main.py for tasks to queue
[2026-02-16T20:58:36.012+0000] {logging_mixin.py:188} INFO - [2026-02-16T20:58:36.012+0000] {dagbag.py:545} INFO - Filling up the DagBag from /opt/airflow/dags/main.py
[2026-02-16T20:58:36.066+0000] {processor.py:840} INFO - DAG(s) 'produce_json' retrieved from /opt/airflow/dags/main.py
[2026-02-16T20:58:36.098+0000] {logging_mixin.py:188} INFO - [2026-02-16T20:58:36.098+0000] {dag.py:3096} INFO - Sync 1 DAGs
[2026-02-16T20:58:36.123+0000] {logging_mixin.py:188} INFO - [2026-02-16T20:58:36.123+0000] {dag.py:3954} INFO - Setting next_dagrun for produce_json to 2026-02-16 14:00:00+00:00, run_after=2026-02-17 14:00:00+00:00
[2026-02-16T20:58:36.147+0000] {processor.py:183} INFO - Processing /opt/airflow/dags/main.py took 0.146 seconds
[2026-02-16T20:59:06.300+0000] {processor.py:161} INFO - Started process (PID=2033) to work on /opt/airflow/dags/main.py
[2026-02-16T20:59:06.301+0000] {processor.py:830} INFO - Processing file /opt/airflow/dags/main.py for tasks to queue
[2026-02-16T20:59:06.303+0000] {logging_mixin.py:188} INFO - [2026-02-16T20:59:06.303+0000] {dagbag.py:545} INFO - Filling up the DagBag from /opt/airflow/dags/main.py
[2026-02-16T20:59:06.352+0000] {processor.py:840} INFO - DAG(s) 'produce_json' retrieved from /opt/airflow/dags/main.py
[2026-02-16T20:59:06.382+0000] {logging_mixin.py:188} INFO - [2026-02-16T20:59:06.382+0000] {dag.py:3096} INFO - Sync 1 DAGs
[2026-02-16T20:59:06.405+0000] {logging_mixin.py:188} INFO - [2026-02-16T20:59:06.405+0000] {dag.py:3954} INFO - Setting next_dagrun for produce_json to 2026-02-16 14:00:00+00:00, run_after=2026-02-17 14:00:00+00:00
[2026-02-16T20:59:06.428+0000] {processor.py:183} INFO - Processing /opt/airflow/dags/main.py took 0.132 seconds
[2026-02-16T20:59:36.569+0000] {processor.py:161} INFO - Started process (PID=2040) to work on /opt/airflow/dags/main.py
[2026-02-16T20:59:36.570+0000] {processor.py:830} INFO - Processing file /opt/airflow/dags/main.py for tasks to queue
[2026-02-16T20:59:36.571+0000] {logging_mixin.py:188} INFO - [2026-02-16T20:59:36.571+0000] {dagbag.py:545} INFO - Filling up the DagBag from /opt/airflow/dags/main.py
[2026-02-16T20:59:36.612+0000] {processor.py:840} INFO - DAG(s) 'produce_json' retrieved from /opt/airflow/dags/main.py
[2026-02-16T20:59:36.640+0000] {logging_mixin.py:188} INFO - [2026-02-16T20:59:36.640+0000] {dag.py:3096} INFO - Sync 1 DAGs
[2026-02-16T20:59:36.661+0000] {logging_mixin.py:188} INFO - [2026-02-16T20:59:36.661+0000] {dag.py:3954} INFO - Setting next_dagrun for produce_json to 2026-02-16 14:00:00+00:00, run_after=2026-02-17 14:00:00+00:00
[2026-02-16T20:59:36.682+0000] {processor.py:183} INFO - Processing /opt/airflow/dags/main.py took 0.119 seconds
[2026-02-16T21:00:06.972+0000] {processor.py:161} INFO - Started process (PID=2047) to work on /opt/airflow/dags/main.py
[2026-02-16T21:00:06.973+0000] {processor.py:830} INFO - Processing file /opt/airflow/dags/main.py for tasks to queue
[2026-02-16T21:00:06.976+0000] {logging_mixin.py:188} INFO - [2026-02-16T21:00:06.975+0000] {dagbag.py:545} INFO - Filling up the DagBag from /opt/airflow/dags/main.py
[2026-02-16T21:00:07.024+0000] {processor.py:840} INFO - DAG(s) 'produce_json' retrieved from /opt/airflow/dags/main.py
[2026-02-16T21:00:07.052+0000] {logging_mixin.py:188} INFO - [2026-02-16T21:00:07.052+0000] {dag.py:3096} INFO - Sync 1 DAGs
[2026-02-16T21:00:07.079+0000] {logging_mixin.py:188} INFO - [2026-02-16T21:00:07.079+0000] {dag.py:3954} INFO - Setting next_dagrun for produce_json to 2026-02-16 14:00:00+00:00, run_after=2026-02-17 14:00:00+00:00
[2026-02-16T21:00:07.101+0000] {processor.py:183} INFO - Processing /opt/airflow/dags/main.py took 0.134 seconds
[2026-02-16T21:00:37.210+0000] {processor.py:161} INFO - Started process (PID=2054) to work on /opt/airflow/dags/main.py
[2026-02-16T21:00:37.211+0000] {processor.py:830} INFO - Processing file /opt/airflow/dags/main.py for tasks to queue
[2026-02-16T21:00:37.213+0000] {logging_mixin.py:188} INFO - [2026-02-16T21:00:37.213+0000] {dagbag.py:545} INFO - Filling up the DagBag from /opt/airflow/dags/main.py
[2026-02-16T21:00:37.255+0000] {processor.py:840} INFO - DAG(s) 'produce_json' retrieved from /opt/airflow/dags/main.py
[2026-02-16T21:00:37.285+0000] {logging_mixin.py:188} INFO - [2026-02-16T21:00:37.285+0000] {dag.py:3096} INFO - Sync 1 DAGs
[2026-02-16T21:00:37.312+0000] {logging_mixin.py:188} INFO - [2026-02-16T21:00:37.312+0000] {dag.py:3954} INFO - Setting next_dagrun for produce_json to 2026-02-16 14:00:00+00:00, run_after=2026-02-17 14:00:00+00:00
[2026-02-16T21:00:37.349+0000] {processor.py:183} INFO - Processing /opt/airflow/dags/main.py took 0.145 seconds
[2026-02-16T21:01:07.625+0000] {processor.py:161} INFO - Started process (PID=2061) to work on /opt/airflow/dags/main.py
[2026-02-16T21:01:07.626+0000] {processor.py:830} INFO - Processing file /opt/airflow/dags/main.py for tasks to queue
[2026-02-16T21:01:07.628+0000] {logging_mixin.py:188} INFO - [2026-02-16T21:01:07.627+0000] {dagbag.py:545} INFO - Filling up the DagBag from /opt/airflow/dags/main.py
[2026-02-16T21:01:07.673+0000] {processor.py:840} INFO - DAG(s) 'produce_json' retrieved from /opt/airflow/dags/main.py
[2026-02-16T21:01:07.704+0000] {logging_mixin.py:188} INFO - [2026-02-16T21:01:07.704+0000] {dag.py:3096} INFO - Sync 1 DAGs
[2026-02-16T21:01:07.726+0000] {logging_mixin.py:188} INFO - [2026-02-16T21:01:07.726+0000] {dag.py:3954} INFO - Setting next_dagrun for produce_json to 2026-02-16 14:00:00+00:00, run_after=2026-02-17 14:00:00+00:00
[2026-02-16T21:01:07.760+0000] {processor.py:183} INFO - Processing /opt/airflow/dags/main.py took 0.139 seconds
[2026-02-16T21:01:37.908+0000] {processor.py:161} INFO - Started process (PID=2069) to work on /opt/airflow/dags/main.py
[2026-02-16T21:01:37.909+0000] {processor.py:830} INFO - Processing file /opt/airflow/dags/main.py for tasks to queue
[2026-02-16T21:01:37.911+0000] {logging_mixin.py:188} INFO - [2026-02-16T21:01:37.910+0000] {dagbag.py:545} INFO - Filling up the DagBag from /opt/airflow/dags/main.py
[2026-02-16T21:01:37.953+0000] {processor.py:840} INFO - DAG(s) 'produce_json' retrieved from /opt/airflow/dags/main.py
[2026-02-16T21:01:37.983+0000] {logging_mixin.py:188} INFO - [2026-02-16T21:01:37.982+0000] {dag.py:3096} INFO - Sync 1 DAGs
[2026-02-16T21:01:38.006+0000] {logging_mixin.py:188} INFO - [2026-02-16T21:01:38.005+0000] {dag.py:3954} INFO - Setting next_dagrun for produce_json to 2026-02-16 14:00:00+00:00, run_after=2026-02-17 14:00:00+00:00
[2026-02-16T21:01:38.037+0000] {processor.py:183} INFO - Processing /opt/airflow/dags/main.py took 0.135 seconds
[2026-02-16T21:02:08.247+0000] {processor.py:161} INFO - Started process (PID=2076) to work on /opt/airflow/dags/main.py
[2026-02-16T21:02:08.247+0000] {processor.py:830} INFO - Processing file /opt/airflow/dags/main.py for tasks to queue
[2026-02-16T21:02:08.249+0000] {logging_mixin.py:188} INFO - [2026-02-16T21:02:08.249+0000] {dagbag.py:545} INFO - Filling up the DagBag from /opt/airflow/dags/main.py
[2026-02-16T21:02:08.289+0000] {processor.py:840} INFO - DAG(s) 'produce_json' retrieved from /opt/airflow/dags/main.py
[2026-02-16T21:02:08.316+0000] {logging_mixin.py:188} INFO - [2026-02-16T21:02:08.316+0000] {dag.py:3096} INFO - Sync 1 DAGs
[2026-02-16T21:02:08.348+0000] {logging_mixin.py:188} INFO - [2026-02-16T21:02:08.348+0000] {dag.py:3954} INFO - Setting next_dagrun for produce_json to 2026-02-16 14:00:00+00:00, run_after=2026-02-17 14:00:00+00:00
[2026-02-16T21:02:08.367+0000] {processor.py:183} INFO - Processing /opt/airflow/dags/main.py took 0.126 seconds
[2026-02-16T21:02:38.517+0000] {processor.py:161} INFO - Started process (PID=2083) to work on /opt/airflow/dags/main.py
[2026-02-16T21:02:38.518+0000] {processor.py:830} INFO - Processing file /opt/airflow/dags/main.py for tasks to queue
[2026-02-16T21:02:38.519+0000] {logging_mixin.py:188} INFO - [2026-02-16T21:02:38.519+0000] {dagbag.py:545} INFO - Filling up the DagBag from /opt/airflow/dags/main.py
[2026-02-16T21:02:38.557+0000] {processor.py:840} INFO - DAG(s) 'produce_json' retrieved from /opt/airflow/dags/main.py
[2026-02-16T21:02:38.585+0000] {logging_mixin.py:188} INFO - [2026-02-16T21:02:38.585+0000] {dag.py:3096} INFO - Sync 1 DAGs
[2026-02-16T21:02:38.606+0000] {logging_mixin.py:188} INFO - [2026-02-16T21:02:38.606+0000] {dag.py:3954} INFO - Setting next_dagrun for produce_json to 2026-02-16 14:00:00+00:00, run_after=2026-02-17 14:00:00+00:00
[2026-02-16T21:02:38.627+0000] {processor.py:183} INFO - Processing /opt/airflow/dags/main.py took 0.115 seconds
[2026-02-16T21:03:08.863+0000] {processor.py:161} INFO - Started process (PID=2090) to work on /opt/airflow/dags/main.py
[2026-02-16T21:03:08.864+0000] {processor.py:830} INFO - Processing file /opt/airflow/dags/main.py for tasks to queue
[2026-02-16T21:03:08.865+0000] {logging_mixin.py:188} INFO - [2026-02-16T21:03:08.865+0000] {dagbag.py:545} INFO - Filling up the DagBag from /opt/airflow/dags/main.py
[2026-02-16T21:03:08.908+0000] {processor.py:840} INFO - DAG(s) 'produce_json' retrieved from /opt/airflow/dags/main.py
[2026-02-16T21:03:08.935+0000] {logging_mixin.py:188} INFO - [2026-02-16T21:03:08.935+0000] {dag.py:3096} INFO - Sync 1 DAGs
[2026-02-16T21:03:08.958+0000] {logging_mixin.py:188} INFO - [2026-02-16T21:03:08.958+0000] {dag.py:3954} INFO - Setting next_dagrun for produce_json to 2026-02-16 14:00:00+00:00, run_after=2026-02-17 14:00:00+00:00
[2026-02-16T21:03:08.979+0000] {processor.py:183} INFO - Processing /opt/airflow/dags/main.py took 0.121 seconds
[2026-02-16T21:03:39.134+0000] {processor.py:161} INFO - Started process (PID=2097) to work on /opt/airflow/dags/main.py
[2026-02-16T21:03:39.135+0000] {processor.py:830} INFO - Processing file /opt/airflow/dags/main.py for tasks to queue
[2026-02-16T21:03:39.137+0000] {logging_mixin.py:188} INFO - [2026-02-16T21:03:39.136+0000] {dagbag.py:545} INFO - Filling up the DagBag from /opt/airflow/dags/main.py
[2026-02-16T21:03:39.177+0000] {processor.py:840} INFO - DAG(s) 'produce_json' retrieved from /opt/airflow/dags/main.py
[2026-02-16T21:03:39.203+0000] {logging_mixin.py:188} INFO - [2026-02-16T21:03:39.203+0000] {dag.py:3096} INFO - Sync 1 DAGs
[2026-02-16T21:03:39.226+0000] {logging_mixin.py:188} INFO - [2026-02-16T21:03:39.226+0000] {dag.py:3954} INFO - Setting next_dagrun for produce_json to 2026-02-16 14:00:00+00:00, run_after=2026-02-17 14:00:00+00:00
[2026-02-16T21:03:39.246+0000] {processor.py:183} INFO - Processing /opt/airflow/dags/main.py took 0.117 seconds
[2026-02-16T21:04:09.462+0000] {processor.py:161} INFO - Started process (PID=2104) to work on /opt/airflow/dags/main.py
[2026-02-16T21:04:09.463+0000] {processor.py:830} INFO - Processing file /opt/airflow/dags/main.py for tasks to queue
[2026-02-16T21:04:09.465+0000] {logging_mixin.py:188} INFO - [2026-02-16T21:04:09.464+0000] {dagbag.py:545} INFO - Filling up the DagBag from /opt/airflow/dags/main.py
[2026-02-16T21:04:09.505+0000] {processor.py:840} INFO - DAG(s) 'produce_json' retrieved from /opt/airflow/dags/main.py
[2026-02-16T21:04:09.531+0000] {logging_mixin.py:188} INFO - [2026-02-16T21:04:09.531+0000] {dag.py:3096} INFO - Sync 1 DAGs
[2026-02-16T21:04:09.553+0000] {logging_mixin.py:188} INFO - [2026-02-16T21:04:09.553+0000] {dag.py:3954} INFO - Setting next_dagrun for produce_json to 2026-02-16 14:00:00+00:00, run_after=2026-02-17 14:00:00+00:00
[2026-02-16T21:04:09.587+0000] {processor.py:183} INFO - Processing /opt/airflow/dags/main.py took 0.130 seconds
[2026-02-16T21:04:39.713+0000] {processor.py:161} INFO - Started process (PID=2111) to work on /opt/airflow/dags/main.py
[2026-02-16T21:04:39.714+0000] {processor.py:830} INFO - Processing file /opt/airflow/dags/main.py for tasks to queue
[2026-02-16T21:04:39.716+0000] {logging_mixin.py:188} INFO - [2026-02-16T21:04:39.715+0000] {dagbag.py:545} INFO - Filling up the DagBag from /opt/airflow/dags/main.py
[2026-02-16T21:04:39.757+0000] {processor.py:840} INFO - DAG(s) 'produce_json' retrieved from /opt/airflow/dags/main.py
[2026-02-16T21:04:39.796+0000] {logging_mixin.py:188} INFO - [2026-02-16T21:04:39.796+0000] {dag.py:3096} INFO - Sync 1 DAGs
[2026-02-16T21:04:39.820+0000] {logging_mixin.py:188} INFO - [2026-02-16T21:04:39.819+0000] {dag.py:3954} INFO - Setting next_dagrun for produce_json to 2026-02-16 14:00:00+00:00, run_after=2026-02-17 14:00:00+00:00
[2026-02-16T21:04:39.852+0000] {processor.py:183} INFO - Processing /opt/airflow/dags/main.py took 0.144 seconds
[2026-02-16T21:05:10.179+0000] {processor.py:161} INFO - Started process (PID=2118) to work on /opt/airflow/dags/main.py
[2026-02-16T21:05:10.180+0000] {processor.py:830} INFO - Processing file /opt/airflow/dags/main.py for tasks to queue
[2026-02-16T21:05:10.183+0000] {logging_mixin.py:188} INFO - [2026-02-16T21:05:10.182+0000] {dagbag.py:545} INFO - Filling up the DagBag from /opt/airflow/dags/main.py
[2026-02-16T21:05:10.231+0000] {processor.py:840} INFO - DAG(s) 'produce_json' retrieved from /opt/airflow/dags/main.py
[2026-02-16T21:05:10.260+0000] {logging_mixin.py:188} INFO - [2026-02-16T21:05:10.260+0000] {dag.py:3096} INFO - Sync 1 DAGs
[2026-02-16T21:05:10.281+0000] {logging_mixin.py:188} INFO - [2026-02-16T21:05:10.281+0000] {dag.py:3954} INFO - Setting next_dagrun for produce_json to 2026-02-16 14:00:00+00:00, run_after=2026-02-17 14:00:00+00:00
[2026-02-16T21:05:10.313+0000] {processor.py:183} INFO - Processing /opt/airflow/dags/main.py took 0.139 seconds
[2026-02-16T21:05:40.434+0000] {processor.py:161} INFO - Started process (PID=2125) to work on /opt/airflow/dags/main.py
[2026-02-16T21:05:40.435+0000] {processor.py:830} INFO - Processing file /opt/airflow/dags/main.py for tasks to queue
[2026-02-16T21:05:40.437+0000] {logging_mixin.py:188} INFO - [2026-02-16T21:05:40.437+0000] {dagbag.py:545} INFO - Filling up the DagBag from /opt/airflow/dags/main.py
[2026-02-16T21:05:40.477+0000] {processor.py:840} INFO - DAG(s) 'produce_json' retrieved from /opt/airflow/dags/main.py
[2026-02-16T21:05:40.506+0000] {logging_mixin.py:188} INFO - [2026-02-16T21:05:40.506+0000] {dag.py:3096} INFO - Sync 1 DAGs
[2026-02-16T21:05:40.529+0000] {logging_mixin.py:188} INFO - [2026-02-16T21:05:40.529+0000] {dag.py:3954} INFO - Setting next_dagrun for produce_json to 2026-02-16 14:00:00+00:00, run_after=2026-02-17 14:00:00+00:00
[2026-02-16T21:05:40.559+0000] {processor.py:183} INFO - Processing /opt/airflow/dags/main.py took 0.130 seconds
[2026-02-16T21:06:10.792+0000] {processor.py:161} INFO - Started process (PID=2132) to work on /opt/airflow/dags/main.py
[2026-02-16T21:06:10.793+0000] {processor.py:830} INFO - Processing file /opt/airflow/dags/main.py for tasks to queue
[2026-02-16T21:06:10.795+0000] {logging_mixin.py:188} INFO - [2026-02-16T21:06:10.795+0000] {dagbag.py:545} INFO - Filling up the DagBag from /opt/airflow/dags/main.py
[2026-02-16T21:06:10.841+0000] {processor.py:840} INFO - DAG(s) 'produce_json' retrieved from /opt/airflow/dags/main.py
[2026-02-16T21:06:10.865+0000] {logging_mixin.py:188} INFO - [2026-02-16T21:06:10.865+0000] {dag.py:3096} INFO - Sync 1 DAGs
[2026-02-16T21:06:10.885+0000] {logging_mixin.py:188} INFO - [2026-02-16T21:06:10.884+0000] {dag.py:3954} INFO - Setting next_dagrun for produce_json to 2026-02-16 14:00:00+00:00, run_after=2026-02-17 14:00:00+00:00
[2026-02-16T21:06:10.906+0000] {processor.py:183} INFO - Processing /opt/airflow/dags/main.py took 0.120 seconds
[2026-02-16T21:06:41.102+0000] {processor.py:161} INFO - Started process (PID=2139) to work on /opt/airflow/dags/main.py
[2026-02-16T21:06:41.103+0000] {processor.py:830} INFO - Processing file /opt/airflow/dags/main.py for tasks to queue
[2026-02-16T21:06:41.105+0000] {logging_mixin.py:188} INFO - [2026-02-16T21:06:41.105+0000] {dagbag.py:545} INFO - Filling up the DagBag from /opt/airflow/dags/main.py
[2026-02-16T21:06:41.150+0000] {processor.py:840} INFO - DAG(s) 'produce_json' retrieved from /opt/airflow/dags/main.py
[2026-02-16T21:06:41.180+0000] {logging_mixin.py:188} INFO - [2026-02-16T21:06:41.179+0000] {dag.py:3096} INFO - Sync 1 DAGs
[2026-02-16T21:06:41.201+0000] {logging_mixin.py:188} INFO - [2026-02-16T21:06:41.201+0000] {dag.py:3954} INFO - Setting next_dagrun for produce_json to 2026-02-16 14:00:00+00:00, run_after=2026-02-17 14:00:00+00:00
[2026-02-16T21:06:41.223+0000] {processor.py:183} INFO - Processing /opt/airflow/dags/main.py took 0.128 seconds
[2026-02-16T21:07:11.383+0000] {processor.py:161} INFO - Started process (PID=2146) to work on /opt/airflow/dags/main.py
[2026-02-16T21:07:11.384+0000] {processor.py:830} INFO - Processing file /opt/airflow/dags/main.py for tasks to queue
[2026-02-16T21:07:11.386+0000] {logging_mixin.py:188} INFO - [2026-02-16T21:07:11.385+0000] {dagbag.py:545} INFO - Filling up the DagBag from /opt/airflow/dags/main.py
[2026-02-16T21:07:11.425+0000] {processor.py:840} INFO - DAG(s) 'produce_json' retrieved from /opt/airflow/dags/main.py
[2026-02-16T21:07:11.455+0000] {logging_mixin.py:188} INFO - [2026-02-16T21:07:11.455+0000] {dag.py:3096} INFO - Sync 1 DAGs
[2026-02-16T21:07:11.479+0000] {logging_mixin.py:188} INFO - [2026-02-16T21:07:11.479+0000] {dag.py:3954} INFO - Setting next_dagrun for produce_json to 2026-02-16 14:00:00+00:00, run_after=2026-02-17 14:00:00+00:00
[2026-02-16T21:07:11.501+0000] {processor.py:183} INFO - Processing /opt/airflow/dags/main.py took 0.124 seconds
[2026-02-16T21:07:41.704+0000] {processor.py:161} INFO - Started process (PID=2153) to work on /opt/airflow/dags/main.py
[2026-02-16T21:07:41.705+0000] {processor.py:830} INFO - Processing file /opt/airflow/dags/main.py for tasks to queue
[2026-02-16T21:07:41.708+0000] {logging_mixin.py:188} INFO - [2026-02-16T21:07:41.708+0000] {dagbag.py:545} INFO - Filling up the DagBag from /opt/airflow/dags/main.py
[2026-02-16T21:07:41.757+0000] {processor.py:840} INFO - DAG(s) 'produce_json' retrieved from /opt/airflow/dags/main.py
[2026-02-16T21:07:41.787+0000] {logging_mixin.py:188} INFO - [2026-02-16T21:07:41.787+0000] {dag.py:3096} INFO - Sync 1 DAGs
[2026-02-16T21:07:41.811+0000] {logging_mixin.py:188} INFO - [2026-02-16T21:07:41.810+0000] {dag.py:3954} INFO - Setting next_dagrun for produce_json to 2026-02-16 14:00:00+00:00, run_after=2026-02-17 14:00:00+00:00
[2026-02-16T21:07:41.833+0000] {processor.py:183} INFO - Processing /opt/airflow/dags/main.py took 0.137 seconds
[2026-02-16T21:08:11.978+0000] {processor.py:161} INFO - Started process (PID=2160) to work on /opt/airflow/dags/main.py
[2026-02-16T21:08:11.980+0000] {processor.py:830} INFO - Processing file /opt/airflow/dags/main.py for tasks to queue
[2026-02-16T21:08:11.984+0000] {logging_mixin.py:188} INFO - [2026-02-16T21:08:11.983+0000] {dagbag.py:545} INFO - Filling up the DagBag from /opt/airflow/dags/main.py
[2026-02-16T21:08:12.033+0000] {processor.py:840} INFO - DAG(s) 'produce_json' retrieved from /opt/airflow/dags/main.py
[2026-02-16T21:08:12.064+0000] {logging_mixin.py:188} INFO - [2026-02-16T21:08:12.064+0000] {dag.py:3096} INFO - Sync 1 DAGs
[2026-02-16T21:08:12.086+0000] {logging_mixin.py:188} INFO - [2026-02-16T21:08:12.086+0000] {dag.py:3954} INFO - Setting next_dagrun for produce_json to 2026-02-16 14:00:00+00:00, run_after=2026-02-17 14:00:00+00:00
[2026-02-16T21:08:12.118+0000] {processor.py:183} INFO - Processing /opt/airflow/dags/main.py took 0.148 seconds
[2026-02-16T21:08:42.359+0000] {processor.py:161} INFO - Started process (PID=2167) to work on /opt/airflow/dags/main.py
[2026-02-16T21:08:42.360+0000] {processor.py:830} INFO - Processing file /opt/airflow/dags/main.py for tasks to queue
[2026-02-16T21:08:42.363+0000] {logging_mixin.py:188} INFO - [2026-02-16T21:08:42.362+0000] {dagbag.py:545} INFO - Filling up the DagBag from /opt/airflow/dags/main.py
[2026-02-16T21:08:42.412+0000] {processor.py:840} INFO - DAG(s) 'produce_json' retrieved from /opt/airflow/dags/main.py
[2026-02-16T21:08:42.440+0000] {logging_mixin.py:188} INFO - [2026-02-16T21:08:42.440+0000] {dag.py:3096} INFO - Sync 1 DAGs
[2026-02-16T21:08:42.461+0000] {logging_mixin.py:188} INFO - [2026-02-16T21:08:42.460+0000] {dag.py:3954} INFO - Setting next_dagrun for produce_json to 2026-02-16 14:00:00+00:00, run_after=2026-02-17 14:00:00+00:00
[2026-02-16T21:08:42.493+0000] {processor.py:183} INFO - Processing /opt/airflow/dags/main.py took 0.139 seconds
[2026-02-16T21:09:12.618+0000] {processor.py:161} INFO - Started process (PID=2174) to work on /opt/airflow/dags/main.py
[2026-02-16T21:09:12.619+0000] {processor.py:830} INFO - Processing file /opt/airflow/dags/main.py for tasks to queue
[2026-02-16T21:09:12.621+0000] {logging_mixin.py:188} INFO - [2026-02-16T21:09:12.621+0000] {dagbag.py:545} INFO - Filling up the DagBag from /opt/airflow/dags/main.py
[2026-02-16T21:09:12.665+0000] {processor.py:840} INFO - DAG(s) 'produce_json' retrieved from /opt/airflow/dags/main.py
[2026-02-16T21:09:12.698+0000] {logging_mixin.py:188} INFO - [2026-02-16T21:09:12.698+0000] {dag.py:3096} INFO - Sync 1 DAGs
[2026-02-16T21:09:12.720+0000] {logging_mixin.py:188} INFO - [2026-02-16T21:09:12.720+0000] {dag.py:3954} INFO - Setting next_dagrun for produce_json to 2026-02-16 14:00:00+00:00, run_after=2026-02-17 14:00:00+00:00
[2026-02-16T21:09:12.752+0000] {processor.py:183} INFO - Processing /opt/airflow/dags/main.py took 0.139 seconds
[2026-02-16T21:09:42.937+0000] {processor.py:161} INFO - Started process (PID=2181) to work on /opt/airflow/dags/main.py
[2026-02-16T21:09:42.938+0000] {processor.py:830} INFO - Processing file /opt/airflow/dags/main.py for tasks to queue
[2026-02-16T21:09:42.940+0000] {logging_mixin.py:188} INFO - [2026-02-16T21:09:42.940+0000] {dagbag.py:545} INFO - Filling up the DagBag from /opt/airflow/dags/main.py
[2026-02-16T21:09:42.981+0000] {processor.py:840} INFO - DAG(s) 'produce_json' retrieved from /opt/airflow/dags/main.py
[2026-02-16T21:09:43.012+0000] {logging_mixin.py:188} INFO - [2026-02-16T21:09:43.012+0000] {dag.py:3096} INFO - Sync 1 DAGs
[2026-02-16T21:09:43.035+0000] {logging_mixin.py:188} INFO - [2026-02-16T21:09:43.035+0000] {dag.py:3954} INFO - Setting next_dagrun for produce_json to 2026-02-16 14:00:00+00:00, run_after=2026-02-17 14:00:00+00:00
[2026-02-16T21:09:43.067+0000] {processor.py:183} INFO - Processing /opt/airflow/dags/main.py took 0.136 seconds
[2026-02-16T21:10:13.283+0000] {processor.py:161} INFO - Started process (PID=2188) to work on /opt/airflow/dags/main.py
[2026-02-16T21:10:13.284+0000] {processor.py:830} INFO - Processing file /opt/airflow/dags/main.py for tasks to queue
[2026-02-16T21:10:13.286+0000] {logging_mixin.py:188} INFO - [2026-02-16T21:10:13.286+0000] {dagbag.py:545} INFO - Filling up the DagBag from /opt/airflow/dags/main.py
[2026-02-16T21:10:13.329+0000] {processor.py:840} INFO - DAG(s) 'produce_json' retrieved from /opt/airflow/dags/main.py
[2026-02-16T21:10:13.359+0000] {logging_mixin.py:188} INFO - [2026-02-16T21:10:13.358+0000] {dag.py:3096} INFO - Sync 1 DAGs
[2026-02-16T21:10:13.381+0000] {logging_mixin.py:188} INFO - [2026-02-16T21:10:13.381+0000] {dag.py:3954} INFO - Setting next_dagrun for produce_json to 2026-02-16 14:00:00+00:00, run_after=2026-02-17 14:00:00+00:00
[2026-02-16T21:10:13.403+0000] {processor.py:183} INFO - Processing /opt/airflow/dags/main.py took 0.125 seconds
[2026-02-16T21:10:43.550+0000] {processor.py:161} INFO - Started process (PID=2195) to work on /opt/airflow/dags/main.py
[2026-02-16T21:10:43.551+0000] {processor.py:830} INFO - Processing file /opt/airflow/dags/main.py for tasks to queue
[2026-02-16T21:10:43.553+0000] {logging_mixin.py:188} INFO - [2026-02-16T21:10:43.552+0000] {dagbag.py:545} INFO - Filling up the DagBag from /opt/airflow/dags/main.py
[2026-02-16T21:10:43.596+0000] {processor.py:840} INFO - DAG(s) 'produce_json' retrieved from /opt/airflow/dags/main.py
[2026-02-16T21:10:43.633+0000] {logging_mixin.py:188} INFO - [2026-02-16T21:10:43.633+0000] {dag.py:3096} INFO - Sync 1 DAGs
[2026-02-16T21:10:43.659+0000] {logging_mixin.py:188} INFO - [2026-02-16T21:10:43.659+0000] {dag.py:3954} INFO - Setting next_dagrun for produce_json to 2026-02-16 14:00:00+00:00, run_after=2026-02-17 14:00:00+00:00
[2026-02-16T21:10:43.678+0000] {processor.py:183} INFO - Processing /opt/airflow/dags/main.py took 0.133 seconds
[2026-02-16T21:11:13.874+0000] {processor.py:161} INFO - Started process (PID=2202) to work on /opt/airflow/dags/main.py
[2026-02-16T21:11:13.875+0000] {processor.py:830} INFO - Processing file /opt/airflow/dags/main.py for tasks to queue
[2026-02-16T21:11:13.877+0000] {logging_mixin.py:188} INFO - [2026-02-16T21:11:13.877+0000] {dagbag.py:545} INFO - Filling up the DagBag from /opt/airflow/dags/main.py
[2026-02-16T21:11:13.919+0000] {processor.py:840} INFO - DAG(s) 'produce_json' retrieved from /opt/airflow/dags/main.py
[2026-02-16T21:11:13.947+0000] {logging_mixin.py:188} INFO - [2026-02-16T21:11:13.947+0000] {dag.py:3096} INFO - Sync 1 DAGs
[2026-02-16T21:11:13.969+0000] {logging_mixin.py:188} INFO - [2026-02-16T21:11:13.968+0000] {dag.py:3954} INFO - Setting next_dagrun for produce_json to 2026-02-16 14:00:00+00:00, run_after=2026-02-17 14:00:00+00:00
[2026-02-16T21:11:14.001+0000] {processor.py:183} INFO - Processing /opt/airflow/dags/main.py took 0.132 seconds
[2026-02-16T21:11:44.158+0000] {processor.py:161} INFO - Started process (PID=2209) to work on /opt/airflow/dags/main.py
[2026-02-16T21:11:44.159+0000] {processor.py:830} INFO - Processing file /opt/airflow/dags/main.py for tasks to queue
[2026-02-16T21:11:44.161+0000] {logging_mixin.py:188} INFO - [2026-02-16T21:11:44.161+0000] {dagbag.py:545} INFO - Filling up the DagBag from /opt/airflow/dags/main.py
[2026-02-16T21:11:44.201+0000] {processor.py:840} INFO - DAG(s) 'produce_json' retrieved from /opt/airflow/dags/main.py
[2026-02-16T21:11:44.230+0000] {logging_mixin.py:188} INFO - [2026-02-16T21:11:44.230+0000] {dag.py:3096} INFO - Sync 1 DAGs
[2026-02-16T21:11:44.252+0000] {logging_mixin.py:188} INFO - [2026-02-16T21:11:44.252+0000] {dag.py:3954} INFO - Setting next_dagrun for produce_json to 2026-02-16 14:00:00+00:00, run_after=2026-02-17 14:00:00+00:00
[2026-02-16T21:11:44.283+0000] {processor.py:183} INFO - Processing /opt/airflow/dags/main.py took 0.130 seconds
[2026-02-16T21:12:14.509+0000] {processor.py:161} INFO - Started process (PID=2216) to work on /opt/airflow/dags/main.py
[2026-02-16T21:12:14.510+0000] {processor.py:830} INFO - Processing file /opt/airflow/dags/main.py for tasks to queue
[2026-02-16T21:12:14.512+0000] {logging_mixin.py:188} INFO - [2026-02-16T21:12:14.512+0000] {dagbag.py:545} INFO - Filling up the DagBag from /opt/airflow/dags/main.py
[2026-02-16T21:12:14.552+0000] {processor.py:840} INFO - DAG(s) 'produce_json' retrieved from /opt/airflow/dags/main.py
[2026-02-16T21:12:14.580+0000] {logging_mixin.py:188} INFO - [2026-02-16T21:12:14.580+0000] {dag.py:3096} INFO - Sync 1 DAGs
[2026-02-16T21:12:14.601+0000] {logging_mixin.py:188} INFO - [2026-02-16T21:12:14.601+0000] {dag.py:3954} INFO - Setting next_dagrun for produce_json to 2026-02-16 14:00:00+00:00, run_after=2026-02-17 14:00:00+00:00
[2026-02-16T21:12:14.633+0000] {processor.py:183} INFO - Processing /opt/airflow/dags/main.py took 0.129 seconds
[2026-02-16T21:12:44.743+0000] {processor.py:161} INFO - Started process (PID=2223) to work on /opt/airflow/dags/main.py
[2026-02-16T21:12:44.744+0000] {processor.py:830} INFO - Processing file /opt/airflow/dags/main.py for tasks to queue
[2026-02-16T21:12:44.746+0000] {logging_mixin.py:188} INFO - [2026-02-16T21:12:44.746+0000] {dagbag.py:545} INFO - Filling up the DagBag from /opt/airflow/dags/main.py
[2026-02-16T21:12:44.788+0000] {processor.py:840} INFO - DAG(s) 'produce_json' retrieved from /opt/airflow/dags/main.py
[2026-02-16T21:12:44.818+0000] {logging_mixin.py:188} INFO - [2026-02-16T21:12:44.817+0000] {dag.py:3096} INFO - Sync 1 DAGs
[2026-02-16T21:12:44.838+0000] {logging_mixin.py:188} INFO - [2026-02-16T21:12:44.838+0000] {dag.py:3954} INFO - Setting next_dagrun for produce_json to 2026-02-16 14:00:00+00:00, run_after=2026-02-17 14:00:00+00:00
[2026-02-16T21:12:44.869+0000] {processor.py:183} INFO - Processing /opt/airflow/dags/main.py took 0.131 seconds
[2026-02-16T21:13:15.131+0000] {processor.py:161} INFO - Started process (PID=2230) to work on /opt/airflow/dags/main.py
[2026-02-16T21:13:15.132+0000] {processor.py:830} INFO - Processing file /opt/airflow/dags/main.py for tasks to queue
[2026-02-16T21:13:15.134+0000] {logging_mixin.py:188} INFO - [2026-02-16T21:13:15.134+0000] {dagbag.py:545} INFO - Filling up the DagBag from /opt/airflow/dags/main.py
[2026-02-16T21:13:15.185+0000] {processor.py:840} INFO - DAG(s) 'produce_json' retrieved from /opt/airflow/dags/main.py
[2026-02-16T21:13:15.213+0000] {logging_mixin.py:188} INFO - [2026-02-16T21:13:15.212+0000] {dag.py:3096} INFO - Sync 1 DAGs
[2026-02-16T21:13:15.235+0000] {logging_mixin.py:188} INFO - [2026-02-16T21:13:15.235+0000] {dag.py:3954} INFO - Setting next_dagrun for produce_json to 2026-02-16 14:00:00+00:00, run_after=2026-02-17 14:00:00+00:00
[2026-02-16T21:13:15.259+0000] {processor.py:183} INFO - Processing /opt/airflow/dags/main.py took 0.133 seconds
[2026-02-16T21:13:45.398+0000] {processor.py:161} INFO - Started process (PID=2238) to work on /opt/airflow/dags/main.py
[2026-02-16T21:13:45.399+0000] {processor.py:830} INFO - Processing file /opt/airflow/dags/main.py for tasks to queue
[2026-02-16T21:13:45.401+0000] {logging_mixin.py:188} INFO - [2026-02-16T21:13:45.401+0000] {dagbag.py:545} INFO - Filling up the DagBag from /opt/airflow/dags/main.py
[2026-02-16T21:13:45.445+0000] {processor.py:840} INFO - DAG(s) 'produce_json' retrieved from /opt/airflow/dags/main.py
[2026-02-16T21:13:45.472+0000] {logging_mixin.py:188} INFO - [2026-02-16T21:13:45.472+0000] {dag.py:3096} INFO - Sync 1 DAGs
[2026-02-16T21:13:45.495+0000] {logging_mixin.py:188} INFO - [2026-02-16T21:13:45.495+0000] {dag.py:3954} INFO - Setting next_dagrun for produce_json to 2026-02-16 14:00:00+00:00, run_after=2026-02-17 14:00:00+00:00
[2026-02-16T21:13:45.519+0000] {processor.py:183} INFO - Processing /opt/airflow/dags/main.py took 0.126 seconds
[2026-02-16T21:14:15.752+0000] {processor.py:161} INFO - Started process (PID=2251) to work on /opt/airflow/dags/main.py
[2026-02-16T21:14:15.754+0000] {processor.py:830} INFO - Processing file /opt/airflow/dags/main.py for tasks to queue
[2026-02-16T21:14:15.755+0000] {logging_mixin.py:188} INFO - [2026-02-16T21:14:15.755+0000] {dagbag.py:545} INFO - Filling up the DagBag from /opt/airflow/dags/main.py
[2026-02-16T21:14:15.802+0000] {processor.py:840} INFO - DAG(s) 'produce_json' retrieved from /opt/airflow/dags/main.py
[2026-02-16T21:14:15.828+0000] {logging_mixin.py:188} INFO - [2026-02-16T21:14:15.827+0000] {dag.py:3096} INFO - Sync 1 DAGs
[2026-02-16T21:14:15.850+0000] {logging_mixin.py:188} INFO - [2026-02-16T21:14:15.850+0000] {dag.py:3954} INFO - Setting next_dagrun for produce_json to 2026-02-16 14:00:00+00:00, run_after=2026-02-17 14:00:00+00:00
[2026-02-16T21:14:15.905+0000] {processor.py:183} INFO - Processing /opt/airflow/dags/main.py took 0.157 seconds
[2026-02-16T21:14:45.999+0000] {processor.py:161} INFO - Started process (PID=2258) to work on /opt/airflow/dags/main.py
[2026-02-16T21:14:46.000+0000] {processor.py:830} INFO - Processing file /opt/airflow/dags/main.py for tasks to queue
[2026-02-16T21:14:46.002+0000] {logging_mixin.py:188} INFO - [2026-02-16T21:14:46.002+0000] {dagbag.py:545} INFO - Filling up the DagBag from /opt/airflow/dags/main.py
[2026-02-16T21:14:46.047+0000] {processor.py:840} INFO - DAG(s) 'produce_json' retrieved from /opt/airflow/dags/main.py
[2026-02-16T21:14:46.076+0000] {logging_mixin.py:188} INFO - [2026-02-16T21:14:46.076+0000] {dag.py:3096} INFO - Sync 1 DAGs
[2026-02-16T21:14:46.097+0000] {logging_mixin.py:188} INFO - [2026-02-16T21:14:46.097+0000] {dag.py:3954} INFO - Setting next_dagrun for produce_json to 2026-02-16 14:00:00+00:00, run_after=2026-02-17 14:00:00+00:00
[2026-02-16T21:14:46.118+0000] {processor.py:183} INFO - Processing /opt/airflow/dags/main.py took 0.123 seconds
[2026-02-16T21:15:16.343+0000] {processor.py:161} INFO - Started process (PID=2266) to work on /opt/airflow/dags/main.py
[2026-02-16T21:15:16.344+0000] {processor.py:830} INFO - Processing file /opt/airflow/dags/main.py for tasks to queue
[2026-02-16T21:15:16.345+0000] {logging_mixin.py:188} INFO - [2026-02-16T21:15:16.345+0000] {dagbag.py:545} INFO - Filling up the DagBag from /opt/airflow/dags/main.py
[2026-02-16T21:15:16.387+0000] {processor.py:840} INFO - DAG(s) 'produce_json' retrieved from /opt/airflow/dags/main.py
[2026-02-16T21:15:16.425+0000] {logging_mixin.py:188} INFO - [2026-02-16T21:15:16.425+0000] {dag.py:3096} INFO - Sync 1 DAGs
[2026-02-16T21:15:16.445+0000] {logging_mixin.py:188} INFO - [2026-02-16T21:15:16.445+0000] {dag.py:3954} INFO - Setting next_dagrun for produce_json to 2026-02-16 14:00:00+00:00, run_after=2026-02-17 14:00:00+00:00
[2026-02-16T21:15:16.465+0000] {processor.py:183} INFO - Processing /opt/airflow/dags/main.py took 0.127 seconds
[2026-02-16T21:15:46.596+0000] {processor.py:161} INFO - Started process (PID=2273) to work on /opt/airflow/dags/main.py
[2026-02-16T21:15:46.597+0000] {processor.py:830} INFO - Processing file /opt/airflow/dags/main.py for tasks to queue
[2026-02-16T21:15:46.599+0000] {logging_mixin.py:188} INFO - [2026-02-16T21:15:46.599+0000] {dagbag.py:545} INFO - Filling up the DagBag from /opt/airflow/dags/main.py
[2026-02-16T21:15:46.639+0000] {processor.py:840} INFO - DAG(s) 'produce_json' retrieved from /opt/airflow/dags/main.py
[2026-02-16T21:15:46.671+0000] {logging_mixin.py:188} INFO - [2026-02-16T21:15:46.671+0000] {dag.py:3096} INFO - Sync 1 DAGs
[2026-02-16T21:15:46.692+0000] {logging_mixin.py:188} INFO - [2026-02-16T21:15:46.692+0000] {dag.py:3954} INFO - Setting next_dagrun for produce_json to 2026-02-16 14:00:00+00:00, run_after=2026-02-17 14:00:00+00:00
[2026-02-16T21:15:46.718+0000] {processor.py:183} INFO - Processing /opt/airflow/dags/main.py took 0.127 seconds
[2026-02-16T21:16:16.978+0000] {processor.py:161} INFO - Started process (PID=2280) to work on /opt/airflow/dags/main.py
[2026-02-16T21:16:16.979+0000] {processor.py:830} INFO - Processing file /opt/airflow/dags/main.py for tasks to queue
[2026-02-16T21:16:16.981+0000] {logging_mixin.py:188} INFO - [2026-02-16T21:16:16.981+0000] {dagbag.py:545} INFO - Filling up the DagBag from /opt/airflow/dags/main.py
[2026-02-16T21:16:17.035+0000] {processor.py:840} INFO - DAG(s) 'produce_json' retrieved from /opt/airflow/dags/main.py
[2026-02-16T21:16:17.064+0000] {logging_mixin.py:188} INFO - [2026-02-16T21:16:17.064+0000] {dag.py:3096} INFO - Sync 1 DAGs
[2026-02-16T21:16:17.085+0000] {logging_mixin.py:188} INFO - [2026-02-16T21:16:17.085+0000] {dag.py:3954} INFO - Setting next_dagrun for produce_json to 2026-02-16 14:00:00+00:00, run_after=2026-02-17 14:00:00+00:00
[2026-02-16T21:16:17.119+0000] {processor.py:183} INFO - Processing /opt/airflow/dags/main.py took 0.146 seconds
[2026-02-16T21:16:47.233+0000] {processor.py:161} INFO - Started process (PID=2287) to work on /opt/airflow/dags/main.py
[2026-02-16T21:16:47.234+0000] {processor.py:830} INFO - Processing file /opt/airflow/dags/main.py for tasks to queue
[2026-02-16T21:16:47.237+0000] {logging_mixin.py:188} INFO - [2026-02-16T21:16:47.237+0000] {dagbag.py:545} INFO - Filling up the DagBag from /opt/airflow/dags/main.py
[2026-02-16T21:16:47.283+0000] {processor.py:840} INFO - DAG(s) 'produce_json' retrieved from /opt/airflow/dags/main.py
[2026-02-16T21:16:47.313+0000] {logging_mixin.py:188} INFO - [2026-02-16T21:16:47.313+0000] {dag.py:3096} INFO - Sync 1 DAGs
[2026-02-16T21:16:47.338+0000] {logging_mixin.py:188} INFO - [2026-02-16T21:16:47.338+0000] {dag.py:3954} INFO - Setting next_dagrun for produce_json to 2026-02-16 14:00:00+00:00, run_after=2026-02-17 14:00:00+00:00
[2026-02-16T21:16:47.369+0000] {processor.py:183} INFO - Processing /opt/airflow/dags/main.py took 0.143 seconds
[2026-02-16T21:17:17.640+0000] {processor.py:161} INFO - Started process (PID=2294) to work on /opt/airflow/dags/main.py
[2026-02-16T21:17:17.641+0000] {processor.py:830} INFO - Processing file /opt/airflow/dags/main.py for tasks to queue
[2026-02-16T21:17:17.643+0000] {logging_mixin.py:188} INFO - [2026-02-16T21:17:17.643+0000] {dagbag.py:545} INFO - Filling up the DagBag from /opt/airflow/dags/main.py
[2026-02-16T21:17:17.682+0000] {processor.py:840} INFO - DAG(s) 'produce_json' retrieved from /opt/airflow/dags/main.py
[2026-02-16T21:17:17.709+0000] {logging_mixin.py:188} INFO - [2026-02-16T21:17:17.708+0000] {dag.py:3096} INFO - Sync 1 DAGs
[2026-02-16T21:17:17.730+0000] {logging_mixin.py:188} INFO - [2026-02-16T21:17:17.730+0000] {dag.py:3954} INFO - Setting next_dagrun for produce_json to 2026-02-16 14:00:00+00:00, run_after=2026-02-17 14:00:00+00:00
[2026-02-16T21:17:17.759+0000] {processor.py:183} INFO - Processing /opt/airflow/dags/main.py took 0.123 seconds
[2026-02-16T21:17:47.906+0000] {processor.py:161} INFO - Started process (PID=2301) to work on /opt/airflow/dags/main.py
[2026-02-16T21:17:47.907+0000] {processor.py:830} INFO - Processing file /opt/airflow/dags/main.py for tasks to queue
[2026-02-16T21:17:47.909+0000] {logging_mixin.py:188} INFO - [2026-02-16T21:17:47.909+0000] {dagbag.py:545} INFO - Filling up the DagBag from /opt/airflow/dags/main.py
[2026-02-16T21:17:47.955+0000] {processor.py:840} INFO - DAG(s) 'produce_json' retrieved from /opt/airflow/dags/main.py
[2026-02-16T21:17:47.984+0000] {logging_mixin.py:188} INFO - [2026-02-16T21:17:47.984+0000] {dag.py:3096} INFO - Sync 1 DAGs
[2026-02-16T21:17:48.005+0000] {logging_mixin.py:188} INFO - [2026-02-16T21:17:48.005+0000] {dag.py:3954} INFO - Setting next_dagrun for produce_json to 2026-02-16 14:00:00+00:00, run_after=2026-02-17 14:00:00+00:00
[2026-02-16T21:17:48.026+0000] {processor.py:183} INFO - Processing /opt/airflow/dags/main.py took 0.125 seconds
[2026-02-16T21:18:18.237+0000] {processor.py:161} INFO - Started process (PID=2308) to work on /opt/airflow/dags/main.py
[2026-02-16T21:18:18.238+0000] {processor.py:830} INFO - Processing file /opt/airflow/dags/main.py for tasks to queue
[2026-02-16T21:18:18.240+0000] {logging_mixin.py:188} INFO - [2026-02-16T21:18:18.239+0000] {dagbag.py:545} INFO - Filling up the DagBag from /opt/airflow/dags/main.py
[2026-02-16T21:18:18.283+0000] {processor.py:840} INFO - DAG(s) 'produce_json' retrieved from /opt/airflow/dags/main.py
[2026-02-16T21:18:18.310+0000] {logging_mixin.py:188} INFO - [2026-02-16T21:18:18.310+0000] {dag.py:3096} INFO - Sync 1 DAGs
[2026-02-16T21:18:18.331+0000] {logging_mixin.py:188} INFO - [2026-02-16T21:18:18.330+0000] {dag.py:3954} INFO - Setting next_dagrun for produce_json to 2026-02-16 14:00:00+00:00, run_after=2026-02-17 14:00:00+00:00
[2026-02-16T21:18:18.350+0000] {processor.py:183} INFO - Processing /opt/airflow/dags/main.py took 0.119 seconds
[2026-02-16T21:18:48.477+0000] {processor.py:161} INFO - Started process (PID=2315) to work on /opt/airflow/dags/main.py
[2026-02-16T21:18:48.478+0000] {processor.py:830} INFO - Processing file /opt/airflow/dags/main.py for tasks to queue
[2026-02-16T21:18:48.480+0000] {logging_mixin.py:188} INFO - [2026-02-16T21:18:48.479+0000] {dagbag.py:545} INFO - Filling up the DagBag from /opt/airflow/dags/main.py
[2026-02-16T21:18:48.520+0000] {processor.py:840} INFO - DAG(s) 'produce_json' retrieved from /opt/airflow/dags/main.py
[2026-02-16T21:18:48.548+0000] {logging_mixin.py:188} INFO - [2026-02-16T21:18:48.547+0000] {dag.py:3096} INFO - Sync 1 DAGs
[2026-02-16T21:18:48.569+0000] {logging_mixin.py:188} INFO - [2026-02-16T21:18:48.569+0000] {dag.py:3954} INFO - Setting next_dagrun for produce_json to 2026-02-16 14:00:00+00:00, run_after=2026-02-17 14:00:00+00:00
[2026-02-16T21:18:48.600+0000] {processor.py:183} INFO - Processing /opt/airflow/dags/main.py took 0.128 seconds
[2026-02-16T21:19:18.853+0000] {processor.py:161} INFO - Started process (PID=2322) to work on /opt/airflow/dags/main.py
[2026-02-16T21:19:18.854+0000] {processor.py:830} INFO - Processing file /opt/airflow/dags/main.py for tasks to queue
[2026-02-16T21:19:18.856+0000] {logging_mixin.py:188} INFO - [2026-02-16T21:19:18.856+0000] {dagbag.py:545} INFO - Filling up the DagBag from /opt/airflow/dags/main.py
[2026-02-16T21:19:18.897+0000] {processor.py:840} INFO - DAG(s) 'produce_json' retrieved from /opt/airflow/dags/main.py
[2026-02-16T21:19:18.924+0000] {logging_mixin.py:188} INFO - [2026-02-16T21:19:18.924+0000] {dag.py:3096} INFO - Sync 1 DAGs
[2026-02-16T21:19:18.944+0000] {logging_mixin.py:188} INFO - [2026-02-16T21:19:18.944+0000] {dag.py:3954} INFO - Setting next_dagrun for produce_json to 2026-02-16 14:00:00+00:00, run_after=2026-02-17 14:00:00+00:00
[2026-02-16T21:19:18.966+0000] {processor.py:183} INFO - Processing /opt/airflow/dags/main.py took 0.119 seconds
[2026-02-16T21:19:49.146+0000] {processor.py:161} INFO - Started process (PID=2329) to work on /opt/airflow/dags/main.py
[2026-02-16T21:19:49.148+0000] {processor.py:830} INFO - Processing file /opt/airflow/dags/main.py for tasks to queue
[2026-02-16T21:19:49.150+0000] {logging_mixin.py:188} INFO - [2026-02-16T21:19:49.150+0000] {dagbag.py:545} INFO - Filling up the DagBag from /opt/airflow/dags/main.py
[2026-02-16T21:19:49.212+0000] {processor.py:840} INFO - DAG(s) 'produce_json' retrieved from /opt/airflow/dags/main.py
[2026-02-16T21:19:49.241+0000] {logging_mixin.py:188} INFO - [2026-02-16T21:19:49.241+0000] {dag.py:3096} INFO - Sync 1 DAGs
[2026-02-16T21:19:49.263+0000] {logging_mixin.py:188} INFO - [2026-02-16T21:19:49.263+0000] {dag.py:3954} INFO - Setting next_dagrun for produce_json to 2026-02-16 14:00:00+00:00, run_after=2026-02-17 14:00:00+00:00
[2026-02-16T21:19:49.284+0000] {processor.py:183} INFO - Processing /opt/airflow/dags/main.py took 0.144 seconds
[2026-02-16T21:20:19.473+0000] {processor.py:161} INFO - Started process (PID=2336) to work on /opt/airflow/dags/main.py
[2026-02-16T21:20:19.474+0000] {processor.py:830} INFO - Processing file /opt/airflow/dags/main.py for tasks to queue
[2026-02-16T21:20:19.477+0000] {logging_mixin.py:188} INFO - [2026-02-16T21:20:19.476+0000] {dagbag.py:545} INFO - Filling up the DagBag from /opt/airflow/dags/main.py
[2026-02-16T21:20:19.531+0000] {processor.py:840} INFO - DAG(s) 'produce_json' retrieved from /opt/airflow/dags/main.py
[2026-02-16T21:20:19.564+0000] {logging_mixin.py:188} INFO - [2026-02-16T21:20:19.564+0000] {dag.py:3096} INFO - Sync 1 DAGs
[2026-02-16T21:20:19.589+0000] {logging_mixin.py:188} INFO - [2026-02-16T21:20:19.589+0000] {dag.py:3954} INFO - Setting next_dagrun for produce_json to 2026-02-16 14:00:00+00:00, run_after=2026-02-17 14:00:00+00:00
[2026-02-16T21:20:19.620+0000] {processor.py:183} INFO - Processing /opt/airflow/dags/main.py took 0.153 seconds
[2026-02-16T21:20:49.770+0000] {processor.py:161} INFO - Started process (PID=2343) to work on /opt/airflow/dags/main.py
[2026-02-16T21:20:49.772+0000] {processor.py:830} INFO - Processing file /opt/airflow/dags/main.py for tasks to queue
[2026-02-16T21:20:49.774+0000] {logging_mixin.py:188} INFO - [2026-02-16T21:20:49.774+0000] {dagbag.py:545} INFO - Filling up the DagBag from /opt/airflow/dags/main.py
[2026-02-16T21:20:49.816+0000] {processor.py:840} INFO - DAG(s) 'produce_json' retrieved from /opt/airflow/dags/main.py
[2026-02-16T21:20:49.843+0000] {logging_mixin.py:188} INFO - [2026-02-16T21:20:49.843+0000] {dag.py:3096} INFO - Sync 1 DAGs
[2026-02-16T21:20:49.864+0000] {logging_mixin.py:188} INFO - [2026-02-16T21:20:49.864+0000] {dag.py:3954} INFO - Setting next_dagrun for produce_json to 2026-02-16 14:00:00+00:00, run_after=2026-02-17 14:00:00+00:00
[2026-02-16T21:20:49.898+0000] {processor.py:183} INFO - Processing /opt/airflow/dags/main.py took 0.133 seconds
[2026-02-16T21:21:20.135+0000] {processor.py:161} INFO - Started process (PID=2350) to work on /opt/airflow/dags/main.py
[2026-02-16T21:21:20.136+0000] {processor.py:830} INFO - Processing file /opt/airflow/dags/main.py for tasks to queue
[2026-02-16T21:21:20.138+0000] {logging_mixin.py:188} INFO - [2026-02-16T21:21:20.138+0000] {dagbag.py:545} INFO - Filling up the DagBag from /opt/airflow/dags/main.py
[2026-02-16T21:21:20.183+0000] {processor.py:840} INFO - DAG(s) 'produce_json' retrieved from /opt/airflow/dags/main.py
[2026-02-16T21:21:20.210+0000] {logging_mixin.py:188} INFO - [2026-02-16T21:21:20.210+0000] {dag.py:3096} INFO - Sync 1 DAGs
[2026-02-16T21:21:20.229+0000] {logging_mixin.py:188} INFO - [2026-02-16T21:21:20.229+0000] {dag.py:3954} INFO - Setting next_dagrun for produce_json to 2026-02-16 14:00:00+00:00, run_after=2026-02-17 14:00:00+00:00
[2026-02-16T21:21:20.251+0000] {processor.py:183} INFO - Processing /opt/airflow/dags/main.py took 0.120 seconds
[2026-02-16T21:21:50.393+0000] {processor.py:161} INFO - Started process (PID=2357) to work on /opt/airflow/dags/main.py
[2026-02-16T21:21:50.394+0000] {processor.py:830} INFO - Processing file /opt/airflow/dags/main.py for tasks to queue
[2026-02-16T21:21:50.396+0000] {logging_mixin.py:188} INFO - [2026-02-16T21:21:50.396+0000] {dagbag.py:545} INFO - Filling up the DagBag from /opt/airflow/dags/main.py
[2026-02-16T21:21:50.439+0000] {processor.py:840} INFO - DAG(s) 'produce_json' retrieved from /opt/airflow/dags/main.py
[2026-02-16T21:21:50.471+0000] {logging_mixin.py:188} INFO - [2026-02-16T21:21:50.471+0000] {dag.py:3096} INFO - Sync 1 DAGs
[2026-02-16T21:21:50.493+0000] {logging_mixin.py:188} INFO - [2026-02-16T21:21:50.493+0000] {dag.py:3954} INFO - Setting next_dagrun for produce_json to 2026-02-16 14:00:00+00:00, run_after=2026-02-17 14:00:00+00:00
[2026-02-16T21:21:50.519+0000] {processor.py:183} INFO - Processing /opt/airflow/dags/main.py took 0.137 seconds
[2026-02-16T21:22:20.772+0000] {processor.py:161} INFO - Started process (PID=2364) to work on /opt/airflow/dags/main.py
[2026-02-16T21:22:20.773+0000] {processor.py:830} INFO - Processing file /opt/airflow/dags/main.py for tasks to queue
[2026-02-16T21:22:20.775+0000] {logging_mixin.py:188} INFO - [2026-02-16T21:22:20.775+0000] {dagbag.py:545} INFO - Filling up the DagBag from /opt/airflow/dags/main.py
[2026-02-16T21:22:20.814+0000] {processor.py:840} INFO - DAG(s) 'produce_json' retrieved from /opt/airflow/dags/main.py
[2026-02-16T21:22:20.843+0000] {logging_mixin.py:188} INFO - [2026-02-16T21:22:20.843+0000] {dag.py:3096} INFO - Sync 1 DAGs
[2026-02-16T21:22:20.864+0000] {logging_mixin.py:188} INFO - [2026-02-16T21:22:20.864+0000] {dag.py:3954} INFO - Setting next_dagrun for produce_json to 2026-02-16 14:00:00+00:00, run_after=2026-02-17 14:00:00+00:00
[2026-02-16T21:22:20.886+0000] {processor.py:183} INFO - Processing /opt/airflow/dags/main.py took 0.120 seconds
[2026-02-16T21:22:51.050+0000] {processor.py:161} INFO - Started process (PID=2371) to work on /opt/airflow/dags/main.py
[2026-02-16T21:22:51.051+0000] {processor.py:830} INFO - Processing file /opt/airflow/dags/main.py for tasks to queue
[2026-02-16T21:22:51.053+0000] {logging_mixin.py:188} INFO - [2026-02-16T21:22:51.053+0000] {dagbag.py:545} INFO - Filling up the DagBag from /opt/airflow/dags/main.py
[2026-02-16T21:22:51.118+0000] {processor.py:840} INFO - DAG(s) 'produce_json' retrieved from /opt/airflow/dags/main.py
[2026-02-16T21:22:51.150+0000] {logging_mixin.py:188} INFO - [2026-02-16T21:22:51.150+0000] {dag.py:3096} INFO - Sync 1 DAGs
[2026-02-16T21:22:51.174+0000] {logging_mixin.py:188} INFO - [2026-02-16T21:22:51.173+0000] {dag.py:3954} INFO - Setting next_dagrun for produce_json to 2026-02-16 14:00:00+00:00, run_after=2026-02-17 14:00:00+00:00
[2026-02-16T21:22:51.194+0000] {processor.py:183} INFO - Processing /opt/airflow/dags/main.py took 0.150 seconds
[2026-02-16T21:23:21.391+0000] {processor.py:161} INFO - Started process (PID=2378) to work on /opt/airflow/dags/main.py
[2026-02-16T21:23:21.392+0000] {processor.py:830} INFO - Processing file /opt/airflow/dags/main.py for tasks to queue
[2026-02-16T21:23:21.395+0000] {logging_mixin.py:188} INFO - [2026-02-16T21:23:21.394+0000] {dagbag.py:545} INFO - Filling up the DagBag from /opt/airflow/dags/main.py
[2026-02-16T21:23:21.433+0000] {processor.py:840} INFO - DAG(s) 'produce_json' retrieved from /opt/airflow/dags/main.py
[2026-02-16T21:23:21.462+0000] {logging_mixin.py:188} INFO - [2026-02-16T21:23:21.461+0000] {dag.py:3096} INFO - Sync 1 DAGs
[2026-02-16T21:23:21.483+0000] {logging_mixin.py:188} INFO - [2026-02-16T21:23:21.483+0000] {dag.py:3954} INFO - Setting next_dagrun for produce_json to 2026-02-16 14:00:00+00:00, run_after=2026-02-17 14:00:00+00:00
[2026-02-16T21:23:21.504+0000] {processor.py:183} INFO - Processing /opt/airflow/dags/main.py took 0.118 seconds
[2026-02-16T21:23:51.683+0000] {processor.py:161} INFO - Started process (PID=2385) to work on /opt/airflow/dags/main.py
[2026-02-16T21:23:51.684+0000] {processor.py:830} INFO - Processing file /opt/airflow/dags/main.py for tasks to queue
[2026-02-16T21:23:51.687+0000] {logging_mixin.py:188} INFO - [2026-02-16T21:23:51.686+0000] {dagbag.py:545} INFO - Filling up the DagBag from /opt/airflow/dags/main.py
[2026-02-16T21:23:51.742+0000] {processor.py:840} INFO - DAG(s) 'produce_json' retrieved from /opt/airflow/dags/main.py
[2026-02-16T21:23:51.780+0000] {logging_mixin.py:188} INFO - [2026-02-16T21:23:51.779+0000] {dag.py:3096} INFO - Sync 1 DAGs
[2026-02-16T21:23:51.814+0000] {logging_mixin.py:188} INFO - [2026-02-16T21:23:51.814+0000] {dag.py:3954} INFO - Setting next_dagrun for produce_json to 2026-02-16 14:00:00+00:00, run_after=2026-02-17 14:00:00+00:00
[2026-02-16T21:23:51.839+0000] {processor.py:183} INFO - Processing /opt/airflow/dags/main.py took 0.162 seconds
[2026-02-16T21:24:21.981+0000] {processor.py:161} INFO - Started process (PID=2392) to work on /opt/airflow/dags/main.py
[2026-02-16T21:24:21.982+0000] {processor.py:830} INFO - Processing file /opt/airflow/dags/main.py for tasks to queue
[2026-02-16T21:24:21.984+0000] {logging_mixin.py:188} INFO - [2026-02-16T21:24:21.984+0000] {dagbag.py:545} INFO - Filling up the DagBag from /opt/airflow/dags/main.py
[2026-02-16T21:24:22.026+0000] {processor.py:840} INFO - DAG(s) 'produce_json' retrieved from /opt/airflow/dags/main.py
[2026-02-16T21:24:22.053+0000] {logging_mixin.py:188} INFO - [2026-02-16T21:24:22.053+0000] {dag.py:3096} INFO - Sync 1 DAGs
[2026-02-16T21:24:22.074+0000] {logging_mixin.py:188} INFO - [2026-02-16T21:24:22.074+0000] {dag.py:3954} INFO - Setting next_dagrun for produce_json to 2026-02-16 14:00:00+00:00, run_after=2026-02-17 14:00:00+00:00
[2026-02-16T21:24:22.096+0000] {processor.py:183} INFO - Processing /opt/airflow/dags/main.py took 0.120 seconds
[2026-02-16T21:24:52.386+0000] {processor.py:161} INFO - Started process (PID=2399) to work on /opt/airflow/dags/main.py
[2026-02-16T21:24:52.388+0000] {processor.py:830} INFO - Processing file /opt/airflow/dags/main.py for tasks to queue
[2026-02-16T21:24:52.391+0000] {logging_mixin.py:188} INFO - [2026-02-16T21:24:52.390+0000] {dagbag.py:545} INFO - Filling up the DagBag from /opt/airflow/dags/main.py
[2026-02-16T21:24:52.453+0000] {processor.py:840} INFO - DAG(s) 'produce_json' retrieved from /opt/airflow/dags/main.py
[2026-02-16T21:24:52.490+0000] {logging_mixin.py:188} INFO - [2026-02-16T21:24:52.490+0000] {dag.py:3096} INFO - Sync 1 DAGs
[2026-02-16T21:24:52.515+0000] {logging_mixin.py:188} INFO - [2026-02-16T21:24:52.515+0000] {dag.py:3954} INFO - Setting next_dagrun for produce_json to 2026-02-16 14:00:00+00:00, run_after=2026-02-17 14:00:00+00:00
[2026-02-16T21:24:52.535+0000] {processor.py:183} INFO - Processing /opt/airflow/dags/main.py took 0.157 seconds
[2026-02-16T21:25:22.641+0000] {processor.py:161} INFO - Started process (PID=2406) to work on /opt/airflow/dags/main.py
[2026-02-16T21:25:22.643+0000] {processor.py:830} INFO - Processing file /opt/airflow/dags/main.py for tasks to queue
[2026-02-16T21:25:22.645+0000] {logging_mixin.py:188} INFO - [2026-02-16T21:25:22.645+0000] {dagbag.py:545} INFO - Filling up the DagBag from /opt/airflow/dags/main.py
[2026-02-16T21:25:22.701+0000] {processor.py:840} INFO - DAG(s) 'produce_json' retrieved from /opt/airflow/dags/main.py
[2026-02-16T21:25:22.733+0000] {logging_mixin.py:188} INFO - [2026-02-16T21:25:22.733+0000] {dag.py:3096} INFO - Sync 1 DAGs
[2026-02-16T21:25:22.757+0000] {logging_mixin.py:188} INFO - [2026-02-16T21:25:22.757+0000] {dag.py:3954} INFO - Setting next_dagrun for produce_json to 2026-02-16 14:00:00+00:00, run_after=2026-02-17 14:00:00+00:00
[2026-02-16T21:25:22.789+0000] {processor.py:183} INFO - Processing /opt/airflow/dags/main.py took 0.157 seconds
[2026-02-16T21:25:52.977+0000] {processor.py:161} INFO - Started process (PID=2413) to work on /opt/airflow/dags/main.py
[2026-02-16T21:25:52.979+0000] {processor.py:830} INFO - Processing file /opt/airflow/dags/main.py for tasks to queue
[2026-02-16T21:25:52.981+0000] {logging_mixin.py:188} INFO - [2026-02-16T21:25:52.981+0000] {dagbag.py:545} INFO - Filling up the DagBag from /opt/airflow/dags/main.py
[2026-02-16T21:25:53.028+0000] {processor.py:840} INFO - DAG(s) 'produce_json' retrieved from /opt/airflow/dags/main.py
[2026-02-16T21:25:53.058+0000] {logging_mixin.py:188} INFO - [2026-02-16T21:25:53.058+0000] {dag.py:3096} INFO - Sync 1 DAGs
[2026-02-16T21:25:53.082+0000] {logging_mixin.py:188} INFO - [2026-02-16T21:25:53.082+0000] {dag.py:3954} INFO - Setting next_dagrun for produce_json to 2026-02-16 14:00:00+00:00, run_after=2026-02-17 14:00:00+00:00
[2026-02-16T21:25:53.104+0000] {processor.py:183} INFO - Processing /opt/airflow/dags/main.py took 0.133 seconds
[2026-02-16T21:26:23.218+0000] {processor.py:161} INFO - Started process (PID=2420) to work on /opt/airflow/dags/main.py
[2026-02-16T21:26:23.219+0000] {processor.py:830} INFO - Processing file /opt/airflow/dags/main.py for tasks to queue
[2026-02-16T21:26:23.221+0000] {logging_mixin.py:188} INFO - [2026-02-16T21:26:23.221+0000] {dagbag.py:545} INFO - Filling up the DagBag from /opt/airflow/dags/main.py
[2026-02-16T21:26:23.262+0000] {processor.py:840} INFO - DAG(s) 'produce_json' retrieved from /opt/airflow/dags/main.py
[2026-02-16T21:26:23.292+0000] {logging_mixin.py:188} INFO - [2026-02-16T21:26:23.292+0000] {dag.py:3096} INFO - Sync 1 DAGs
[2026-02-16T21:26:23.314+0000] {logging_mixin.py:188} INFO - [2026-02-16T21:26:23.313+0000] {dag.py:3954} INFO - Setting next_dagrun for produce_json to 2026-02-16 14:00:00+00:00, run_after=2026-02-17 14:00:00+00:00
[2026-02-16T21:26:23.334+0000] {processor.py:183} INFO - Processing /opt/airflow/dags/main.py took 0.121 seconds
[2026-02-16T21:26:53.583+0000] {processor.py:161} INFO - Started process (PID=2427) to work on /opt/airflow/dags/main.py
[2026-02-16T21:26:53.585+0000] {processor.py:830} INFO - Processing file /opt/airflow/dags/main.py for tasks to queue
[2026-02-16T21:26:53.587+0000] {logging_mixin.py:188} INFO - [2026-02-16T21:26:53.586+0000] {dagbag.py:545} INFO - Filling up the DagBag from /opt/airflow/dags/main.py
[2026-02-16T21:26:53.648+0000] {processor.py:840} INFO - DAG(s) 'produce_json' retrieved from /opt/airflow/dags/main.py
[2026-02-16T21:26:53.684+0000] {logging_mixin.py:188} INFO - [2026-02-16T21:26:53.684+0000] {dag.py:3096} INFO - Sync 1 DAGs
[2026-02-16T21:26:53.732+0000] {logging_mixin.py:188} INFO - [2026-02-16T21:26:53.732+0000] {dag.py:3954} INFO - Setting next_dagrun for produce_json to 2026-02-16 14:00:00+00:00, run_after=2026-02-17 14:00:00+00:00
[2026-02-16T21:26:53.770+0000] {processor.py:183} INFO - Processing /opt/airflow/dags/main.py took 0.195 seconds
[2026-02-16T21:27:23.975+0000] {processor.py:161} INFO - Started process (PID=2434) to work on /opt/airflow/dags/main.py
[2026-02-16T21:27:23.976+0000] {processor.py:830} INFO - Processing file /opt/airflow/dags/main.py for tasks to queue
[2026-02-16T21:27:23.978+0000] {logging_mixin.py:188} INFO - [2026-02-16T21:27:23.977+0000] {dagbag.py:545} INFO - Filling up the DagBag from /opt/airflow/dags/main.py
[2026-02-16T21:27:24.020+0000] {processor.py:840} INFO - DAG(s) 'produce_json' retrieved from /opt/airflow/dags/main.py
[2026-02-16T21:27:24.048+0000] {logging_mixin.py:188} INFO - [2026-02-16T21:27:24.048+0000] {dag.py:3096} INFO - Sync 1 DAGs
[2026-02-16T21:27:24.069+0000] {logging_mixin.py:188} INFO - [2026-02-16T21:27:24.069+0000] {dag.py:3954} INFO - Setting next_dagrun for produce_json to 2026-02-16 14:00:00+00:00, run_after=2026-02-17 14:00:00+00:00
[2026-02-16T21:27:24.100+0000] {processor.py:183} INFO - Processing /opt/airflow/dags/main.py took 0.132 seconds
[2026-02-16T21:27:54.194+0000] {processor.py:161} INFO - Started process (PID=2441) to work on /opt/airflow/dags/main.py
[2026-02-16T21:27:54.196+0000] {processor.py:830} INFO - Processing file /opt/airflow/dags/main.py for tasks to queue
[2026-02-16T21:27:54.198+0000] {logging_mixin.py:188} INFO - [2026-02-16T21:27:54.198+0000] {dagbag.py:545} INFO - Filling up the DagBag from /opt/airflow/dags/main.py
[2026-02-16T21:27:54.262+0000] {processor.py:840} INFO - DAG(s) 'produce_json' retrieved from /opt/airflow/dags/main.py
[2026-02-16T21:27:54.295+0000] {logging_mixin.py:188} INFO - [2026-02-16T21:27:54.295+0000] {dag.py:3096} INFO - Sync 1 DAGs
[2026-02-16T21:27:54.329+0000] {logging_mixin.py:188} INFO - [2026-02-16T21:27:54.328+0000] {dag.py:3954} INFO - Setting next_dagrun for produce_json to 2026-02-16 14:00:00+00:00, run_after=2026-02-17 14:00:00+00:00
[2026-02-16T21:27:54.362+0000] {processor.py:183} INFO - Processing /opt/airflow/dags/main.py took 0.174 seconds
[2026-02-16T21:28:24.546+0000] {processor.py:161} INFO - Started process (PID=2448) to work on /opt/airflow/dags/main.py
[2026-02-16T21:28:24.547+0000] {processor.py:830} INFO - Processing file /opt/airflow/dags/main.py for tasks to queue
[2026-02-16T21:28:24.549+0000] {logging_mixin.py:188} INFO - [2026-02-16T21:28:24.549+0000] {dagbag.py:545} INFO - Filling up the DagBag from /opt/airflow/dags/main.py
[2026-02-16T21:28:24.593+0000] {processor.py:840} INFO - DAG(s) 'produce_json' retrieved from /opt/airflow/dags/main.py
[2026-02-16T21:28:24.621+0000] {logging_mixin.py:188} INFO - [2026-02-16T21:28:24.621+0000] {dag.py:3096} INFO - Sync 1 DAGs
[2026-02-16T21:28:24.651+0000] {logging_mixin.py:188} INFO - [2026-02-16T21:28:24.651+0000] {dag.py:3954} INFO - Setting next_dagrun for produce_json to 2026-02-16 14:00:00+00:00, run_after=2026-02-17 14:00:00+00:00
[2026-02-16T21:28:24.676+0000] {processor.py:183} INFO - Processing /opt/airflow/dags/main.py took 0.136 seconds
[2026-02-16T21:28:54.740+0000] {processor.py:161} INFO - Started process (PID=2455) to work on /opt/airflow/dags/main.py
[2026-02-16T21:28:54.742+0000] {processor.py:830} INFO - Processing file /opt/airflow/dags/main.py for tasks to queue
[2026-02-16T21:28:54.744+0000] {logging_mixin.py:188} INFO - [2026-02-16T21:28:54.743+0000] {dagbag.py:545} INFO - Filling up the DagBag from /opt/airflow/dags/main.py
[2026-02-16T21:28:54.791+0000] {processor.py:840} INFO - DAG(s) 'produce_json' retrieved from /opt/airflow/dags/main.py
[2026-02-16T21:28:54.834+0000] {logging_mixin.py:188} INFO - [2026-02-16T21:28:54.833+0000] {dag.py:3096} INFO - Sync 1 DAGs
[2026-02-16T21:28:54.883+0000] {logging_mixin.py:188} INFO - [2026-02-16T21:28:54.883+0000] {dag.py:3954} INFO - Setting next_dagrun for produce_json to 2026-02-16 14:00:00+00:00, run_after=2026-02-17 14:00:00+00:00
[2026-02-16T21:28:54.928+0000] {processor.py:183} INFO - Processing /opt/airflow/dags/main.py took 0.193 seconds
[2026-02-16T21:29:25.112+0000] {processor.py:161} INFO - Started process (PID=2462) to work on /opt/airflow/dags/main.py
[2026-02-16T21:29:25.113+0000] {processor.py:830} INFO - Processing file /opt/airflow/dags/main.py for tasks to queue
[2026-02-16T21:29:25.115+0000] {logging_mixin.py:188} INFO - [2026-02-16T21:29:25.115+0000] {dagbag.py:545} INFO - Filling up the DagBag from /opt/airflow/dags/main.py
[2026-02-16T21:29:25.156+0000] {processor.py:840} INFO - DAG(s) 'produce_json' retrieved from /opt/airflow/dags/main.py
[2026-02-16T21:29:25.185+0000] {logging_mixin.py:188} INFO - [2026-02-16T21:29:25.185+0000] {dag.py:3096} INFO - Sync 1 DAGs
[2026-02-16T21:29:25.207+0000] {logging_mixin.py:188} INFO - [2026-02-16T21:29:25.207+0000] {dag.py:3954} INFO - Setting next_dagrun for produce_json to 2026-02-16 14:00:00+00:00, run_after=2026-02-17 14:00:00+00:00
[2026-02-16T21:29:25.240+0000] {processor.py:183} INFO - Processing /opt/airflow/dags/main.py took 0.133 seconds
[2026-02-16T21:29:55.477+0000] {processor.py:161} INFO - Started process (PID=2469) to work on /opt/airflow/dags/main.py
[2026-02-16T21:29:55.477+0000] {processor.py:830} INFO - Processing file /opt/airflow/dags/main.py for tasks to queue
[2026-02-16T21:29:55.479+0000] {logging_mixin.py:188} INFO - [2026-02-16T21:29:55.479+0000] {dagbag.py:545} INFO - Filling up the DagBag from /opt/airflow/dags/main.py
[2026-02-16T21:29:55.525+0000] {processor.py:840} INFO - DAG(s) 'produce_json' retrieved from /opt/airflow/dags/main.py
[2026-02-16T21:29:55.568+0000] {logging_mixin.py:188} INFO - [2026-02-16T21:29:55.568+0000] {dag.py:3096} INFO - Sync 1 DAGs
[2026-02-16T21:29:55.596+0000] {logging_mixin.py:188} INFO - [2026-02-16T21:29:55.596+0000] {dag.py:3954} INFO - Setting next_dagrun for produce_json to 2026-02-16 14:00:00+00:00, run_after=2026-02-17 14:00:00+00:00
[2026-02-16T21:29:55.622+0000] {processor.py:183} INFO - Processing /opt/airflow/dags/main.py took 0.150 seconds
[2026-02-16T21:30:25.707+0000] {processor.py:161} INFO - Started process (PID=2476) to work on /opt/airflow/dags/main.py
[2026-02-16T21:30:25.708+0000] {processor.py:830} INFO - Processing file /opt/airflow/dags/main.py for tasks to queue
[2026-02-16T21:30:25.710+0000] {logging_mixin.py:188} INFO - [2026-02-16T21:30:25.710+0000] {dagbag.py:545} INFO - Filling up the DagBag from /opt/airflow/dags/main.py
[2026-02-16T21:30:25.752+0000] {processor.py:840} INFO - DAG(s) 'produce_json' retrieved from /opt/airflow/dags/main.py
[2026-02-16T21:30:25.785+0000] {logging_mixin.py:188} INFO - [2026-02-16T21:30:25.785+0000] {dag.py:3096} INFO - Sync 1 DAGs
[2026-02-16T21:30:25.807+0000] {logging_mixin.py:188} INFO - [2026-02-16T21:30:25.807+0000] {dag.py:3954} INFO - Setting next_dagrun for produce_json to 2026-02-16 14:00:00+00:00, run_after=2026-02-17 14:00:00+00:00
[2026-02-16T21:30:25.845+0000] {processor.py:183} INFO - Processing /opt/airflow/dags/main.py took 0.143 seconds
[2026-02-16T21:30:56.107+0000] {processor.py:161} INFO - Started process (PID=2483) to work on /opt/airflow/dags/main.py
[2026-02-16T21:30:56.108+0000] {processor.py:830} INFO - Processing file /opt/airflow/dags/main.py for tasks to queue
[2026-02-16T21:30:56.110+0000] {logging_mixin.py:188} INFO - [2026-02-16T21:30:56.109+0000] {dagbag.py:545} INFO - Filling up the DagBag from /opt/airflow/dags/main.py
[2026-02-16T21:30:56.158+0000] {processor.py:840} INFO - DAG(s) 'produce_json' retrieved from /opt/airflow/dags/main.py
[2026-02-16T21:30:56.187+0000] {logging_mixin.py:188} INFO - [2026-02-16T21:30:56.187+0000] {dag.py:3096} INFO - Sync 1 DAGs
[2026-02-16T21:30:56.211+0000] {logging_mixin.py:188} INFO - [2026-02-16T21:30:56.211+0000] {dag.py:3954} INFO - Setting next_dagrun for produce_json to 2026-02-16 14:00:00+00:00, run_after=2026-02-17 14:00:00+00:00
[2026-02-16T21:30:56.244+0000] {processor.py:183} INFO - Processing /opt/airflow/dags/main.py took 0.143 seconds
[2026-02-16T21:31:26.378+0000] {processor.py:161} INFO - Started process (PID=2490) to work on /opt/airflow/dags/main.py
[2026-02-16T21:31:26.380+0000] {processor.py:830} INFO - Processing file /opt/airflow/dags/main.py for tasks to queue
[2026-02-16T21:31:26.381+0000] {logging_mixin.py:188} INFO - [2026-02-16T21:31:26.381+0000] {dagbag.py:545} INFO - Filling up the DagBag from /opt/airflow/dags/main.py
[2026-02-16T21:31:26.423+0000] {processor.py:840} INFO - DAG(s) 'produce_json' retrieved from /opt/airflow/dags/main.py
[2026-02-16T21:31:26.452+0000] {logging_mixin.py:188} INFO - [2026-02-16T21:31:26.452+0000] {dag.py:3096} INFO - Sync 1 DAGs
[2026-02-16T21:31:26.476+0000] {logging_mixin.py:188} INFO - [2026-02-16T21:31:26.476+0000] {dag.py:3954} INFO - Setting next_dagrun for produce_json to 2026-02-16 14:00:00+00:00, run_after=2026-02-17 14:00:00+00:00
[2026-02-16T21:31:26.500+0000] {processor.py:183} INFO - Processing /opt/airflow/dags/main.py took 0.127 seconds
[2026-02-16T21:31:56.704+0000] {processor.py:161} INFO - Started process (PID=2497) to work on /opt/airflow/dags/main.py
[2026-02-16T21:31:56.705+0000] {processor.py:830} INFO - Processing file /opt/airflow/dags/main.py for tasks to queue
[2026-02-16T21:31:56.707+0000] {logging_mixin.py:188} INFO - [2026-02-16T21:31:56.707+0000] {dagbag.py:545} INFO - Filling up the DagBag from /opt/airflow/dags/main.py
[2026-02-16T21:31:56.761+0000] {processor.py:840} INFO - DAG(s) 'produce_json' retrieved from /opt/airflow/dags/main.py
[2026-02-16T21:31:56.801+0000] {logging_mixin.py:188} INFO - [2026-02-16T21:31:56.801+0000] {dag.py:3096} INFO - Sync 1 DAGs
[2026-02-16T21:31:56.830+0000] {logging_mixin.py:188} INFO - [2026-02-16T21:31:56.829+0000] {dag.py:3954} INFO - Setting next_dagrun for produce_json to 2026-02-16 14:00:00+00:00, run_after=2026-02-17 14:00:00+00:00
[2026-02-16T21:31:56.854+0000] {processor.py:183} INFO - Processing /opt/airflow/dags/main.py took 0.156 seconds
[2026-02-16T21:32:26.937+0000] {processor.py:161} INFO - Started process (PID=2504) to work on /opt/airflow/dags/main.py
[2026-02-16T21:32:26.938+0000] {processor.py:830} INFO - Processing file /opt/airflow/dags/main.py for tasks to queue
[2026-02-16T21:32:26.940+0000] {logging_mixin.py:188} INFO - [2026-02-16T21:32:26.940+0000] {dagbag.py:545} INFO - Filling up the DagBag from /opt/airflow/dags/main.py
[2026-02-16T21:32:26.980+0000] {processor.py:840} INFO - DAG(s) 'produce_json' retrieved from /opt/airflow/dags/main.py
[2026-02-16T21:32:27.012+0000] {logging_mixin.py:188} INFO - [2026-02-16T21:32:27.012+0000] {dag.py:3096} INFO - Sync 1 DAGs
[2026-02-16T21:32:27.036+0000] {logging_mixin.py:188} INFO - [2026-02-16T21:32:27.036+0000] {dag.py:3954} INFO - Setting next_dagrun for produce_json to 2026-02-16 14:00:00+00:00, run_after=2026-02-17 14:00:00+00:00
[2026-02-16T21:32:27.074+0000] {processor.py:183} INFO - Processing /opt/airflow/dags/main.py took 0.143 seconds
[2026-02-16T21:32:57.294+0000] {processor.py:161} INFO - Started process (PID=2511) to work on /opt/airflow/dags/main.py
[2026-02-16T21:32:57.295+0000] {processor.py:830} INFO - Processing file /opt/airflow/dags/main.py for tasks to queue
[2026-02-16T21:32:57.296+0000] {logging_mixin.py:188} INFO - [2026-02-16T21:32:57.296+0000] {dagbag.py:545} INFO - Filling up the DagBag from /opt/airflow/dags/main.py
[2026-02-16T21:32:57.343+0000] {processor.py:840} INFO - DAG(s) 'produce_json' retrieved from /opt/airflow/dags/main.py
[2026-02-16T21:32:57.372+0000] {logging_mixin.py:188} INFO - [2026-02-16T21:32:57.371+0000] {dag.py:3096} INFO - Sync 1 DAGs
[2026-02-16T21:32:57.396+0000] {logging_mixin.py:188} INFO - [2026-02-16T21:32:57.396+0000] {dag.py:3954} INFO - Setting next_dagrun for produce_json to 2026-02-16 14:00:00+00:00, run_after=2026-02-17 14:00:00+00:00
[2026-02-16T21:32:57.427+0000] {processor.py:183} INFO - Processing /opt/airflow/dags/main.py took 0.138 seconds
[2026-02-16T21:33:27.568+0000] {processor.py:161} INFO - Started process (PID=2518) to work on /opt/airflow/dags/main.py
[2026-02-16T21:33:27.571+0000] {processor.py:830} INFO - Processing file /opt/airflow/dags/main.py for tasks to queue
[2026-02-16T21:33:27.575+0000] {logging_mixin.py:188} INFO - [2026-02-16T21:33:27.574+0000] {dagbag.py:545} INFO - Filling up the DagBag from /opt/airflow/dags/main.py
[2026-02-16T21:33:27.657+0000] {processor.py:840} INFO - DAG(s) 'produce_json' retrieved from /opt/airflow/dags/main.py
[2026-02-16T21:33:27.699+0000] {logging_mixin.py:188} INFO - [2026-02-16T21:33:27.699+0000] {dag.py:3096} INFO - Sync 1 DAGs
[2026-02-16T21:33:27.734+0000] {logging_mixin.py:188} INFO - [2026-02-16T21:33:27.733+0000] {dag.py:3954} INFO - Setting next_dagrun for produce_json to 2026-02-16 14:00:00+00:00, run_after=2026-02-17 14:00:00+00:00
[2026-02-16T21:33:27.759+0000] {processor.py:183} INFO - Processing /opt/airflow/dags/main.py took 0.198 seconds
[2026-02-16T21:33:57.986+0000] {processor.py:161} INFO - Started process (PID=2525) to work on /opt/airflow/dags/main.py
[2026-02-16T21:33:57.987+0000] {processor.py:830} INFO - Processing file /opt/airflow/dags/main.py for tasks to queue
[2026-02-16T21:33:57.988+0000] {logging_mixin.py:188} INFO - [2026-02-16T21:33:57.988+0000] {dagbag.py:545} INFO - Filling up the DagBag from /opt/airflow/dags/main.py
[2026-02-16T21:33:58.037+0000] {processor.py:840} INFO - DAG(s) 'produce_json' retrieved from /opt/airflow/dags/main.py
[2026-02-16T21:33:58.065+0000] {logging_mixin.py:188} INFO - [2026-02-16T21:33:58.065+0000] {dag.py:3096} INFO - Sync 1 DAGs
[2026-02-16T21:33:58.088+0000] {logging_mixin.py:188} INFO - [2026-02-16T21:33:58.088+0000] {dag.py:3954} INFO - Setting next_dagrun for produce_json to 2026-02-16 14:00:00+00:00, run_after=2026-02-17 14:00:00+00:00
[2026-02-16T21:33:58.121+0000] {processor.py:183} INFO - Processing /opt/airflow/dags/main.py took 0.142 seconds
[2026-02-16T21:34:28.219+0000] {processor.py:161} INFO - Started process (PID=2532) to work on /opt/airflow/dags/main.py
[2026-02-16T21:34:28.222+0000] {processor.py:830} INFO - Processing file /opt/airflow/dags/main.py for tasks to queue
[2026-02-16T21:34:28.224+0000] {logging_mixin.py:188} INFO - [2026-02-16T21:34:28.224+0000] {dagbag.py:545} INFO - Filling up the DagBag from /opt/airflow/dags/main.py
[2026-02-16T21:34:28.283+0000] {processor.py:840} INFO - DAG(s) 'produce_json' retrieved from /opt/airflow/dags/main.py
[2026-02-16T21:34:28.312+0000] {logging_mixin.py:188} INFO - [2026-02-16T21:34:28.311+0000] {dag.py:3096} INFO - Sync 1 DAGs
[2026-02-16T21:34:28.337+0000] {logging_mixin.py:188} INFO - [2026-02-16T21:34:28.336+0000] {dag.py:3954} INFO - Setting next_dagrun for produce_json to 2026-02-16 14:00:00+00:00, run_after=2026-02-17 14:00:00+00:00
[2026-02-16T21:34:28.364+0000] {processor.py:183} INFO - Processing /opt/airflow/dags/main.py took 0.150 seconds
[2026-02-16T21:34:58.691+0000] {processor.py:161} INFO - Started process (PID=2539) to work on /opt/airflow/dags/main.py
[2026-02-16T21:34:58.692+0000] {processor.py:830} INFO - Processing file /opt/airflow/dags/main.py for tasks to queue
[2026-02-16T21:34:58.695+0000] {logging_mixin.py:188} INFO - [2026-02-16T21:34:58.694+0000] {dagbag.py:545} INFO - Filling up the DagBag from /opt/airflow/dags/main.py
[2026-02-16T21:34:58.749+0000] {processor.py:840} INFO - DAG(s) 'produce_json' retrieved from /opt/airflow/dags/main.py
[2026-02-16T21:34:58.779+0000] {logging_mixin.py:188} INFO - [2026-02-16T21:34:58.779+0000] {dag.py:3096} INFO - Sync 1 DAGs
[2026-02-16T21:34:58.802+0000] {logging_mixin.py:188} INFO - [2026-02-16T21:34:58.801+0000] {dag.py:3954} INFO - Setting next_dagrun for produce_json to 2026-02-16 14:00:00+00:00, run_after=2026-02-17 14:00:00+00:00
[2026-02-16T21:34:58.836+0000] {processor.py:183} INFO - Processing /opt/airflow/dags/main.py took 0.150 seconds
[2026-02-16T21:35:28.956+0000] {processor.py:161} INFO - Started process (PID=2546) to work on /opt/airflow/dags/main.py
[2026-02-16T21:35:28.957+0000] {processor.py:830} INFO - Processing file /opt/airflow/dags/main.py for tasks to queue
[2026-02-16T21:35:28.960+0000] {logging_mixin.py:188} INFO - [2026-02-16T21:35:28.959+0000] {dagbag.py:545} INFO - Filling up the DagBag from /opt/airflow/dags/main.py
[2026-02-16T21:35:29.004+0000] {processor.py:840} INFO - DAG(s) 'produce_json' retrieved from /opt/airflow/dags/main.py
[2026-02-16T21:35:29.034+0000] {logging_mixin.py:188} INFO - [2026-02-16T21:35:29.034+0000] {dag.py:3096} INFO - Sync 1 DAGs
[2026-02-16T21:35:29.055+0000] {logging_mixin.py:188} INFO - [2026-02-16T21:35:29.054+0000] {dag.py:3954} INFO - Setting next_dagrun for produce_json to 2026-02-16 14:00:00+00:00, run_after=2026-02-17 14:00:00+00:00
[2026-02-16T21:35:29.089+0000] {processor.py:183} INFO - Processing /opt/airflow/dags/main.py took 0.138 seconds
[2026-02-16T21:35:59.347+0000] {processor.py:161} INFO - Started process (PID=2553) to work on /opt/airflow/dags/main.py
[2026-02-16T21:35:59.348+0000] {processor.py:830} INFO - Processing file /opt/airflow/dags/main.py for tasks to queue
[2026-02-16T21:35:59.350+0000] {logging_mixin.py:188} INFO - [2026-02-16T21:35:59.350+0000] {dagbag.py:545} INFO - Filling up the DagBag from /opt/airflow/dags/main.py
[2026-02-16T21:35:59.400+0000] {processor.py:840} INFO - DAG(s) 'produce_json' retrieved from /opt/airflow/dags/main.py
[2026-02-16T21:35:59.431+0000] {logging_mixin.py:188} INFO - [2026-02-16T21:35:59.430+0000] {dag.py:3096} INFO - Sync 1 DAGs
[2026-02-16T21:35:59.453+0000] {logging_mixin.py:188} INFO - [2026-02-16T21:35:59.453+0000] {dag.py:3954} INFO - Setting next_dagrun for produce_json to 2026-02-16 14:00:00+00:00, run_after=2026-02-17 14:00:00+00:00
[2026-02-16T21:35:59.475+0000] {processor.py:183} INFO - Processing /opt/airflow/dags/main.py took 0.134 seconds
[2026-02-16T21:36:29.574+0000] {processor.py:161} INFO - Started process (PID=2560) to work on /opt/airflow/dags/main.py
[2026-02-16T21:36:29.576+0000] {processor.py:830} INFO - Processing file /opt/airflow/dags/main.py for tasks to queue
[2026-02-16T21:36:29.578+0000] {logging_mixin.py:188} INFO - [2026-02-16T21:36:29.578+0000] {dagbag.py:545} INFO - Filling up the DagBag from /opt/airflow/dags/main.py
[2026-02-16T21:36:29.621+0000] {processor.py:840} INFO - DAG(s) 'produce_json' retrieved from /opt/airflow/dags/main.py
[2026-02-16T21:36:29.653+0000] {logging_mixin.py:188} INFO - [2026-02-16T21:36:29.652+0000] {dag.py:3096} INFO - Sync 1 DAGs
[2026-02-16T21:36:29.677+0000] {logging_mixin.py:188} INFO - [2026-02-16T21:36:29.677+0000] {dag.py:3954} INFO - Setting next_dagrun for produce_json to 2026-02-16 14:00:00+00:00, run_after=2026-02-17 14:00:00+00:00
[2026-02-16T21:36:29.709+0000] {processor.py:183} INFO - Processing /opt/airflow/dags/main.py took 0.141 seconds
[2026-02-16T21:36:59.873+0000] {processor.py:161} INFO - Started process (PID=2567) to work on /opt/airflow/dags/main.py
[2026-02-16T21:36:59.874+0000] {processor.py:830} INFO - Processing file /opt/airflow/dags/main.py for tasks to queue
[2026-02-16T21:36:59.876+0000] {logging_mixin.py:188} INFO - [2026-02-16T21:36:59.876+0000] {dagbag.py:545} INFO - Filling up the DagBag from /opt/airflow/dags/main.py
[2026-02-16T21:36:59.918+0000] {processor.py:840} INFO - DAG(s) 'produce_json' retrieved from /opt/airflow/dags/main.py
[2026-02-16T21:36:59.950+0000] {logging_mixin.py:188} INFO - [2026-02-16T21:36:59.950+0000] {dag.py:3096} INFO - Sync 1 DAGs
[2026-02-16T21:36:59.973+0000] {logging_mixin.py:188} INFO - [2026-02-16T21:36:59.973+0000] {dag.py:3954} INFO - Setting next_dagrun for produce_json to 2026-02-16 14:00:00+00:00, run_after=2026-02-17 14:00:00+00:00
[2026-02-16T21:37:00.001+0000] {processor.py:183} INFO - Processing /opt/airflow/dags/main.py took 0.134 seconds
[2026-02-16T21:37:30.202+0000] {processor.py:161} INFO - Started process (PID=2574) to work on /opt/airflow/dags/main.py
[2026-02-16T21:37:30.203+0000] {processor.py:830} INFO - Processing file /opt/airflow/dags/main.py for tasks to queue
[2026-02-16T21:37:30.205+0000] {logging_mixin.py:188} INFO - [2026-02-16T21:37:30.205+0000] {dagbag.py:545} INFO - Filling up the DagBag from /opt/airflow/dags/main.py
[2026-02-16T21:37:30.250+0000] {processor.py:840} INFO - DAG(s) 'produce_json' retrieved from /opt/airflow/dags/main.py
[2026-02-16T21:37:30.284+0000] {logging_mixin.py:188} INFO - [2026-02-16T21:37:30.284+0000] {dag.py:3096} INFO - Sync 1 DAGs
[2026-02-16T21:37:30.310+0000] {logging_mixin.py:188} INFO - [2026-02-16T21:37:30.310+0000] {dag.py:3954} INFO - Setting next_dagrun for produce_json to 2026-02-16 14:00:00+00:00, run_after=2026-02-17 14:00:00+00:00
[2026-02-16T21:37:30.343+0000] {processor.py:183} INFO - Processing /opt/airflow/dags/main.py took 0.147 seconds
[2026-02-16T21:38:00.437+0000] {processor.py:161} INFO - Started process (PID=2581) to work on /opt/airflow/dags/main.py
[2026-02-16T21:38:00.438+0000] {processor.py:830} INFO - Processing file /opt/airflow/dags/main.py for tasks to queue
[2026-02-16T21:38:00.441+0000] {logging_mixin.py:188} INFO - [2026-02-16T21:38:00.440+0000] {dagbag.py:545} INFO - Filling up the DagBag from /opt/airflow/dags/main.py
[2026-02-16T21:38:00.482+0000] {processor.py:840} INFO - DAG(s) 'produce_json' retrieved from /opt/airflow/dags/main.py
[2026-02-16T21:38:00.512+0000] {logging_mixin.py:188} INFO - [2026-02-16T21:38:00.512+0000] {dag.py:3096} INFO - Sync 1 DAGs
[2026-02-16T21:38:00.536+0000] {logging_mixin.py:188} INFO - [2026-02-16T21:38:00.536+0000] {dag.py:3954} INFO - Setting next_dagrun for produce_json to 2026-02-16 14:00:00+00:00, run_after=2026-02-17 14:00:00+00:00
[2026-02-16T21:38:00.570+0000] {processor.py:183} INFO - Processing /opt/airflow/dags/main.py took 0.138 seconds
[2026-02-16T21:38:30.776+0000] {processor.py:161} INFO - Started process (PID=2588) to work on /opt/airflow/dags/main.py
[2026-02-16T21:38:30.778+0000] {processor.py:830} INFO - Processing file /opt/airflow/dags/main.py for tasks to queue
[2026-02-16T21:38:30.780+0000] {logging_mixin.py:188} INFO - [2026-02-16T21:38:30.779+0000] {dagbag.py:545} INFO - Filling up the DagBag from /opt/airflow/dags/main.py
[2026-02-16T21:38:30.821+0000] {processor.py:840} INFO - DAG(s) 'produce_json' retrieved from /opt/airflow/dags/main.py
[2026-02-16T21:38:30.852+0000] {logging_mixin.py:188} INFO - [2026-02-16T21:38:30.851+0000] {dag.py:3096} INFO - Sync 1 DAGs
[2026-02-16T21:38:30.873+0000] {logging_mixin.py:188} INFO - [2026-02-16T21:38:30.873+0000] {dag.py:3954} INFO - Setting next_dagrun for produce_json to 2026-02-16 14:00:00+00:00, run_after=2026-02-17 14:00:00+00:00
[2026-02-16T21:38:30.898+0000] {processor.py:183} INFO - Processing /opt/airflow/dags/main.py took 0.128 seconds
[2026-02-16T21:39:00.998+0000] {processor.py:161} INFO - Started process (PID=2595) to work on /opt/airflow/dags/main.py
[2026-02-16T21:39:00.999+0000] {processor.py:830} INFO - Processing file /opt/airflow/dags/main.py for tasks to queue
[2026-02-16T21:39:01.001+0000] {logging_mixin.py:188} INFO - [2026-02-16T21:39:01.001+0000] {dagbag.py:545} INFO - Filling up the DagBag from /opt/airflow/dags/main.py
[2026-02-16T21:39:01.044+0000] {processor.py:840} INFO - DAG(s) 'produce_json' retrieved from /opt/airflow/dags/main.py
[2026-02-16T21:39:01.077+0000] {logging_mixin.py:188} INFO - [2026-02-16T21:39:01.076+0000] {dag.py:3096} INFO - Sync 1 DAGs
[2026-02-16T21:39:01.099+0000] {logging_mixin.py:188} INFO - [2026-02-16T21:39:01.099+0000] {dag.py:3954} INFO - Setting next_dagrun for produce_json to 2026-02-16 14:00:00+00:00, run_after=2026-02-17 14:00:00+00:00
[2026-02-16T21:39:01.130+0000] {processor.py:183} INFO - Processing /opt/airflow/dags/main.py took 0.138 seconds
[2026-02-16T21:39:31.347+0000] {processor.py:161} INFO - Started process (PID=2603) to work on /opt/airflow/dags/main.py
[2026-02-16T21:39:31.348+0000] {processor.py:830} INFO - Processing file /opt/airflow/dags/main.py for tasks to queue
[2026-02-16T21:39:31.350+0000] {logging_mixin.py:188} INFO - [2026-02-16T21:39:31.350+0000] {dagbag.py:545} INFO - Filling up the DagBag from /opt/airflow/dags/main.py
[2026-02-16T21:39:31.402+0000] {processor.py:840} INFO - DAG(s) 'produce_json' retrieved from /opt/airflow/dags/main.py
[2026-02-16T21:39:31.432+0000] {logging_mixin.py:188} INFO - [2026-02-16T21:39:31.432+0000] {dag.py:3096} INFO - Sync 1 DAGs
[2026-02-16T21:39:31.458+0000] {logging_mixin.py:188} INFO - [2026-02-16T21:39:31.457+0000] {dag.py:3954} INFO - Setting next_dagrun for produce_json to 2026-02-16 14:00:00+00:00, run_after=2026-02-17 14:00:00+00:00
[2026-02-16T21:39:31.492+0000] {processor.py:183} INFO - Processing /opt/airflow/dags/main.py took 0.152 seconds
[2026-02-16T21:40:01.639+0000] {processor.py:161} INFO - Started process (PID=2610) to work on /opt/airflow/dags/main.py
[2026-02-16T21:40:01.640+0000] {processor.py:830} INFO - Processing file /opt/airflow/dags/main.py for tasks to queue
[2026-02-16T21:40:01.642+0000] {logging_mixin.py:188} INFO - [2026-02-16T21:40:01.642+0000] {dagbag.py:545} INFO - Filling up the DagBag from /opt/airflow/dags/main.py
[2026-02-16T21:40:01.684+0000] {processor.py:840} INFO - DAG(s) 'produce_json' retrieved from /opt/airflow/dags/main.py
[2026-02-16T21:40:01.716+0000] {logging_mixin.py:188} INFO - [2026-02-16T21:40:01.715+0000] {dag.py:3096} INFO - Sync 1 DAGs
[2026-02-16T21:40:01.739+0000] {logging_mixin.py:188} INFO - [2026-02-16T21:40:01.739+0000] {dag.py:3954} INFO - Setting next_dagrun for produce_json to 2026-02-16 14:00:00+00:00, run_after=2026-02-17 14:00:00+00:00
[2026-02-16T21:40:01.762+0000] {processor.py:183} INFO - Processing /opt/airflow/dags/main.py took 0.129 seconds
[2026-02-16T21:40:31.975+0000] {processor.py:161} INFO - Started process (PID=2617) to work on /opt/airflow/dags/main.py
[2026-02-16T21:40:31.976+0000] {processor.py:830} INFO - Processing file /opt/airflow/dags/main.py for tasks to queue
[2026-02-16T21:40:31.978+0000] {logging_mixin.py:188} INFO - [2026-02-16T21:40:31.978+0000] {dagbag.py:545} INFO - Filling up the DagBag from /opt/airflow/dags/main.py
[2026-02-16T21:40:32.031+0000] {processor.py:840} INFO - DAG(s) 'produce_json' retrieved from /opt/airflow/dags/main.py
[2026-02-16T21:40:32.059+0000] {logging_mixin.py:188} INFO - [2026-02-16T21:40:32.059+0000] {dag.py:3096} INFO - Sync 1 DAGs
[2026-02-16T21:40:32.082+0000] {logging_mixin.py:188} INFO - [2026-02-16T21:40:32.082+0000] {dag.py:3954} INFO - Setting next_dagrun for produce_json to 2026-02-16 14:00:00+00:00, run_after=2026-02-17 14:00:00+00:00
[2026-02-16T21:40:32.105+0000] {processor.py:183} INFO - Processing /opt/airflow/dags/main.py took 0.135 seconds
[2026-02-16T21:41:02.256+0000] {processor.py:161} INFO - Started process (PID=2624) to work on /opt/airflow/dags/main.py
[2026-02-16T21:41:02.257+0000] {processor.py:830} INFO - Processing file /opt/airflow/dags/main.py for tasks to queue
[2026-02-16T21:41:02.259+0000] {logging_mixin.py:188} INFO - [2026-02-16T21:41:02.258+0000] {dagbag.py:545} INFO - Filling up the DagBag from /opt/airflow/dags/main.py
[2026-02-16T21:41:02.302+0000] {processor.py:840} INFO - DAG(s) 'produce_json' retrieved from /opt/airflow/dags/main.py
[2026-02-16T21:41:02.339+0000] {logging_mixin.py:188} INFO - [2026-02-16T21:41:02.339+0000] {dag.py:3096} INFO - Sync 1 DAGs
[2026-02-16T21:41:02.368+0000] {logging_mixin.py:188} INFO - [2026-02-16T21:41:02.368+0000] {dag.py:3954} INFO - Setting next_dagrun for produce_json to 2026-02-16 14:00:00+00:00, run_after=2026-02-17 14:00:00+00:00
[2026-02-16T21:41:02.391+0000] {processor.py:183} INFO - Processing /opt/airflow/dags/main.py took 0.141 seconds
[2026-02-16T21:41:32.557+0000] {processor.py:161} INFO - Started process (PID=2631) to work on /opt/airflow/dags/main.py
[2026-02-16T21:41:32.558+0000] {processor.py:830} INFO - Processing file /opt/airflow/dags/main.py for tasks to queue
[2026-02-16T21:41:32.561+0000] {logging_mixin.py:188} INFO - [2026-02-16T21:41:32.560+0000] {dagbag.py:545} INFO - Filling up the DagBag from /opt/airflow/dags/main.py
[2026-02-16T21:41:32.612+0000] {processor.py:840} INFO - DAG(s) 'produce_json' retrieved from /opt/airflow/dags/main.py
[2026-02-16T21:41:32.647+0000] {logging_mixin.py:188} INFO - [2026-02-16T21:41:32.647+0000] {dag.py:3096} INFO - Sync 1 DAGs
[2026-02-16T21:41:32.670+0000] {logging_mixin.py:188} INFO - [2026-02-16T21:41:32.670+0000] {dag.py:3954} INFO - Setting next_dagrun for produce_json to 2026-02-16 14:00:00+00:00, run_after=2026-02-17 14:00:00+00:00
[2026-02-16T21:41:32.703+0000] {processor.py:183} INFO - Processing /opt/airflow/dags/main.py took 0.152 seconds
[2026-02-16T21:42:02.866+0000] {processor.py:161} INFO - Started process (PID=2638) to work on /opt/airflow/dags/main.py
[2026-02-16T21:42:02.867+0000] {processor.py:830} INFO - Processing file /opt/airflow/dags/main.py for tasks to queue
[2026-02-16T21:42:02.869+0000] {logging_mixin.py:188} INFO - [2026-02-16T21:42:02.868+0000] {dagbag.py:545} INFO - Filling up the DagBag from /opt/airflow/dags/main.py
[2026-02-16T21:42:02.910+0000] {processor.py:840} INFO - DAG(s) 'produce_json' retrieved from /opt/airflow/dags/main.py
[2026-02-16T21:42:02.941+0000] {logging_mixin.py:188} INFO - [2026-02-16T21:42:02.941+0000] {dag.py:3096} INFO - Sync 1 DAGs
[2026-02-16T21:42:02.962+0000] {logging_mixin.py:188} INFO - [2026-02-16T21:42:02.962+0000] {dag.py:3954} INFO - Setting next_dagrun for produce_json to 2026-02-16 14:00:00+00:00, run_after=2026-02-17 14:00:00+00:00
[2026-02-16T21:42:02.995+0000] {processor.py:183} INFO - Processing /opt/airflow/dags/main.py took 0.134 seconds
[2026-02-16T21:42:33.233+0000] {processor.py:161} INFO - Started process (PID=2645) to work on /opt/airflow/dags/main.py
[2026-02-16T21:42:33.235+0000] {processor.py:830} INFO - Processing file /opt/airflow/dags/main.py for tasks to queue
[2026-02-16T21:42:33.237+0000] {logging_mixin.py:188} INFO - [2026-02-16T21:42:33.236+0000] {dagbag.py:545} INFO - Filling up the DagBag from /opt/airflow/dags/main.py
[2026-02-16T21:42:33.292+0000] {processor.py:840} INFO - DAG(s) 'produce_json' retrieved from /opt/airflow/dags/main.py
[2026-02-16T21:42:33.319+0000] {logging_mixin.py:188} INFO - [2026-02-16T21:42:33.319+0000] {dag.py:3096} INFO - Sync 1 DAGs
[2026-02-16T21:42:33.343+0000] {logging_mixin.py:188} INFO - [2026-02-16T21:42:33.342+0000] {dag.py:3954} INFO - Setting next_dagrun for produce_json to 2026-02-16 14:00:00+00:00, run_after=2026-02-17 14:00:00+00:00
[2026-02-16T21:42:33.364+0000] {processor.py:183} INFO - Processing /opt/airflow/dags/main.py took 0.137 seconds
[2026-02-16T21:43:03.454+0000] {processor.py:161} INFO - Started process (PID=2652) to work on /opt/airflow/dags/main.py
[2026-02-16T21:43:03.455+0000] {processor.py:830} INFO - Processing file /opt/airflow/dags/main.py for tasks to queue
[2026-02-16T21:43:03.457+0000] {logging_mixin.py:188} INFO - [2026-02-16T21:43:03.457+0000] {dagbag.py:545} INFO - Filling up the DagBag from /opt/airflow/dags/main.py
[2026-02-16T21:43:03.501+0000] {processor.py:840} INFO - DAG(s) 'produce_json' retrieved from /opt/airflow/dags/main.py
[2026-02-16T21:43:03.532+0000] {logging_mixin.py:188} INFO - [2026-02-16T21:43:03.531+0000] {dag.py:3096} INFO - Sync 1 DAGs
[2026-02-16T21:43:03.551+0000] {logging_mixin.py:188} INFO - [2026-02-16T21:43:03.551+0000] {dag.py:3954} INFO - Setting next_dagrun for produce_json to 2026-02-16 14:00:00+00:00, run_after=2026-02-17 14:00:00+00:00
[2026-02-16T21:43:03.574+0000] {processor.py:183} INFO - Processing /opt/airflow/dags/main.py took 0.127 seconds
[2026-02-16T21:43:33.708+0000] {processor.py:161} INFO - Started process (PID=2659) to work on /opt/airflow/dags/main.py
[2026-02-16T21:43:33.709+0000] {processor.py:830} INFO - Processing file /opt/airflow/dags/main.py for tasks to queue
[2026-02-16T21:43:33.711+0000] {logging_mixin.py:188} INFO - [2026-02-16T21:43:33.711+0000] {dagbag.py:545} INFO - Filling up the DagBag from /opt/airflow/dags/main.py
[2026-02-16T21:43:33.753+0000] {processor.py:840} INFO - DAG(s) 'produce_json' retrieved from /opt/airflow/dags/main.py
[2026-02-16T21:43:33.782+0000] {logging_mixin.py:188} INFO - [2026-02-16T21:43:33.782+0000] {dag.py:3096} INFO - Sync 1 DAGs
[2026-02-16T21:43:33.802+0000] {logging_mixin.py:188} INFO - [2026-02-16T21:43:33.801+0000] {dag.py:3954} INFO - Setting next_dagrun for produce_json to 2026-02-16 14:00:00+00:00, run_after=2026-02-17 14:00:00+00:00
[2026-02-16T21:43:33.835+0000] {processor.py:183} INFO - Processing /opt/airflow/dags/main.py took 0.132 seconds
[2026-02-16T21:44:04.011+0000] {processor.py:161} INFO - Started process (PID=2666) to work on /opt/airflow/dags/main.py
[2026-02-16T21:44:04.012+0000] {processor.py:830} INFO - Processing file /opt/airflow/dags/main.py for tasks to queue
[2026-02-16T21:44:04.014+0000] {logging_mixin.py:188} INFO - [2026-02-16T21:44:04.013+0000] {dagbag.py:545} INFO - Filling up the DagBag from /opt/airflow/dags/main.py
[2026-02-16T21:44:04.056+0000] {processor.py:840} INFO - DAG(s) 'produce_json' retrieved from /opt/airflow/dags/main.py
[2026-02-16T21:44:04.083+0000] {logging_mixin.py:188} INFO - [2026-02-16T21:44:04.082+0000] {dag.py:3096} INFO - Sync 1 DAGs
[2026-02-16T21:44:04.105+0000] {logging_mixin.py:188} INFO - [2026-02-16T21:44:04.105+0000] {dag.py:3954} INFO - Setting next_dagrun for produce_json to 2026-02-16 14:00:00+00:00, run_after=2026-02-17 14:00:00+00:00
[2026-02-16T21:44:04.126+0000] {processor.py:183} INFO - Processing /opt/airflow/dags/main.py took 0.121 seconds
[2026-02-16T21:44:34.318+0000] {processor.py:161} INFO - Started process (PID=2673) to work on /opt/airflow/dags/main.py
[2026-02-16T21:44:34.319+0000] {processor.py:830} INFO - Processing file /opt/airflow/dags/main.py for tasks to queue
[2026-02-16T21:44:34.321+0000] {logging_mixin.py:188} INFO - [2026-02-16T21:44:34.321+0000] {dagbag.py:545} INFO - Filling up the DagBag from /opt/airflow/dags/main.py
[2026-02-16T21:44:34.365+0000] {processor.py:840} INFO - DAG(s) 'produce_json' retrieved from /opt/airflow/dags/main.py
[2026-02-16T21:44:34.392+0000] {logging_mixin.py:188} INFO - [2026-02-16T21:44:34.392+0000] {dag.py:3096} INFO - Sync 1 DAGs
[2026-02-16T21:44:34.414+0000] {logging_mixin.py:188} INFO - [2026-02-16T21:44:34.414+0000] {dag.py:3954} INFO - Setting next_dagrun for produce_json to 2026-02-16 14:00:00+00:00, run_after=2026-02-17 14:00:00+00:00
[2026-02-16T21:44:34.446+0000] {processor.py:183} INFO - Processing /opt/airflow/dags/main.py took 0.134 seconds
[2026-02-16T21:45:04.611+0000] {processor.py:161} INFO - Started process (PID=2680) to work on /opt/airflow/dags/main.py
[2026-02-16T21:45:04.612+0000] {processor.py:830} INFO - Processing file /opt/airflow/dags/main.py for tasks to queue
[2026-02-16T21:45:04.614+0000] {logging_mixin.py:188} INFO - [2026-02-16T21:45:04.614+0000] {dagbag.py:545} INFO - Filling up the DagBag from /opt/airflow/dags/main.py
[2026-02-16T21:45:04.661+0000] {processor.py:840} INFO - DAG(s) 'produce_json' retrieved from /opt/airflow/dags/main.py
[2026-02-16T21:45:04.704+0000] {logging_mixin.py:188} INFO - [2026-02-16T21:45:04.703+0000] {dag.py:3096} INFO - Sync 1 DAGs
[2026-02-16T21:45:04.738+0000] {logging_mixin.py:188} INFO - [2026-02-16T21:45:04.738+0000] {dag.py:3954} INFO - Setting next_dagrun for produce_json to 2026-02-16 14:00:00+00:00, run_after=2026-02-17 14:00:00+00:00
[2026-02-16T21:45:04.767+0000] {processor.py:183} INFO - Processing /opt/airflow/dags/main.py took 0.161 seconds
[2026-02-16T21:45:34.980+0000] {processor.py:161} INFO - Started process (PID=2687) to work on /opt/airflow/dags/main.py
[2026-02-16T21:45:34.981+0000] {processor.py:830} INFO - Processing file /opt/airflow/dags/main.py for tasks to queue
[2026-02-16T21:45:34.983+0000] {logging_mixin.py:188} INFO - [2026-02-16T21:45:34.983+0000] {dagbag.py:545} INFO - Filling up the DagBag from /opt/airflow/dags/main.py
[2026-02-16T21:45:35.030+0000] {processor.py:840} INFO - DAG(s) 'produce_json' retrieved from /opt/airflow/dags/main.py
[2026-02-16T21:45:35.057+0000] {logging_mixin.py:188} INFO - [2026-02-16T21:45:35.057+0000] {dag.py:3096} INFO - Sync 1 DAGs
[2026-02-16T21:45:35.079+0000] {logging_mixin.py:188} INFO - [2026-02-16T21:45:35.079+0000] {dag.py:3954} INFO - Setting next_dagrun for produce_json to 2026-02-16 14:00:00+00:00, run_after=2026-02-17 14:00:00+00:00
[2026-02-16T21:45:35.102+0000] {processor.py:183} INFO - Processing /opt/airflow/dags/main.py took 0.128 seconds
[2026-02-16T21:46:05.196+0000] {processor.py:161} INFO - Started process (PID=2694) to work on /opt/airflow/dags/main.py
[2026-02-16T21:46:05.198+0000] {processor.py:830} INFO - Processing file /opt/airflow/dags/main.py for tasks to queue
[2026-02-16T21:46:05.201+0000] {logging_mixin.py:188} INFO - [2026-02-16T21:46:05.200+0000] {dagbag.py:545} INFO - Filling up the DagBag from /opt/airflow/dags/main.py
[2026-02-16T21:46:05.262+0000] {processor.py:840} INFO - DAG(s) 'produce_json' retrieved from /opt/airflow/dags/main.py
[2026-02-16T21:46:05.302+0000] {logging_mixin.py:188} INFO - [2026-02-16T21:46:05.302+0000] {dag.py:3096} INFO - Sync 1 DAGs
[2026-02-16T21:46:05.328+0000] {logging_mixin.py:188} INFO - [2026-02-16T21:46:05.328+0000] {dag.py:3954} INFO - Setting next_dagrun for produce_json to 2026-02-16 14:00:00+00:00, run_after=2026-02-17 14:00:00+00:00
[2026-02-16T21:46:05.351+0000] {processor.py:183} INFO - Processing /opt/airflow/dags/main.py took 0.161 seconds
[2026-02-16T21:46:35.544+0000] {processor.py:161} INFO - Started process (PID=2701) to work on /opt/airflow/dags/main.py
[2026-02-16T21:46:35.545+0000] {processor.py:830} INFO - Processing file /opt/airflow/dags/main.py for tasks to queue
[2026-02-16T21:46:35.547+0000] {logging_mixin.py:188} INFO - [2026-02-16T21:46:35.546+0000] {dagbag.py:545} INFO - Filling up the DagBag from /opt/airflow/dags/main.py
[2026-02-16T21:46:35.590+0000] {processor.py:840} INFO - DAG(s) 'produce_json' retrieved from /opt/airflow/dags/main.py
[2026-02-16T21:46:35.619+0000] {logging_mixin.py:188} INFO - [2026-02-16T21:46:35.619+0000] {dag.py:3096} INFO - Sync 1 DAGs
[2026-02-16T21:46:35.642+0000] {logging_mixin.py:188} INFO - [2026-02-16T21:46:35.642+0000] {dag.py:3954} INFO - Setting next_dagrun for produce_json to 2026-02-16 14:00:00+00:00, run_after=2026-02-17 14:00:00+00:00
[2026-02-16T21:46:35.664+0000] {processor.py:183} INFO - Processing /opt/airflow/dags/main.py took 0.125 seconds
[2026-02-16T21:47:05.790+0000] {processor.py:161} INFO - Started process (PID=2708) to work on /opt/airflow/dags/main.py
[2026-02-16T21:47:05.792+0000] {processor.py:830} INFO - Processing file /opt/airflow/dags/main.py for tasks to queue
[2026-02-16T21:47:05.794+0000] {logging_mixin.py:188} INFO - [2026-02-16T21:47:05.793+0000] {dagbag.py:545} INFO - Filling up the DagBag from /opt/airflow/dags/main.py
[2026-02-16T21:47:05.839+0000] {processor.py:840} INFO - DAG(s) 'produce_json' retrieved from /opt/airflow/dags/main.py
[2026-02-16T21:47:05.867+0000] {logging_mixin.py:188} INFO - [2026-02-16T21:47:05.867+0000] {dag.py:3096} INFO - Sync 1 DAGs
[2026-02-16T21:47:05.889+0000] {logging_mixin.py:188} INFO - [2026-02-16T21:47:05.889+0000] {dag.py:3954} INFO - Setting next_dagrun for produce_json to 2026-02-16 14:00:00+00:00, run_after=2026-02-17 14:00:00+00:00
[2026-02-16T21:47:05.921+0000] {processor.py:183} INFO - Processing /opt/airflow/dags/main.py took 0.141 seconds
[2026-02-16T21:47:36.105+0000] {processor.py:161} INFO - Started process (PID=2715) to work on /opt/airflow/dags/main.py
[2026-02-16T21:47:36.106+0000] {processor.py:830} INFO - Processing file /opt/airflow/dags/main.py for tasks to queue
[2026-02-16T21:47:36.108+0000] {logging_mixin.py:188} INFO - [2026-02-16T21:47:36.107+0000] {dagbag.py:545} INFO - Filling up the DagBag from /opt/airflow/dags/main.py
[2026-02-16T21:47:36.149+0000] {processor.py:840} INFO - DAG(s) 'produce_json' retrieved from /opt/airflow/dags/main.py
[2026-02-16T21:47:36.175+0000] {logging_mixin.py:188} INFO - [2026-02-16T21:47:36.175+0000] {dag.py:3096} INFO - Sync 1 DAGs
[2026-02-16T21:47:36.198+0000] {logging_mixin.py:188} INFO - [2026-02-16T21:47:36.198+0000] {dag.py:3954} INFO - Setting next_dagrun for produce_json to 2026-02-16 14:00:00+00:00, run_after=2026-02-17 14:00:00+00:00
[2026-02-16T21:47:36.220+0000] {processor.py:183} INFO - Processing /opt/airflow/dags/main.py took 0.120 seconds
[2026-02-16T21:48:06.348+0000] {processor.py:161} INFO - Started process (PID=2722) to work on /opt/airflow/dags/main.py
[2026-02-16T21:48:06.349+0000] {processor.py:830} INFO - Processing file /opt/airflow/dags/main.py for tasks to queue
[2026-02-16T21:48:06.351+0000] {logging_mixin.py:188} INFO - [2026-02-16T21:48:06.350+0000] {dagbag.py:545} INFO - Filling up the DagBag from /opt/airflow/dags/main.py
[2026-02-16T21:48:06.399+0000] {processor.py:840} INFO - DAG(s) 'produce_json' retrieved from /opt/airflow/dags/main.py
[2026-02-16T21:48:06.429+0000] {logging_mixin.py:188} INFO - [2026-02-16T21:48:06.429+0000] {dag.py:3096} INFO - Sync 1 DAGs
[2026-02-16T21:48:06.451+0000] {logging_mixin.py:188} INFO - [2026-02-16T21:48:06.451+0000] {dag.py:3954} INFO - Setting next_dagrun for produce_json to 2026-02-16 14:00:00+00:00, run_after=2026-02-17 14:00:00+00:00
[2026-02-16T21:48:06.484+0000] {processor.py:183} INFO - Processing /opt/airflow/dags/main.py took 0.141 seconds
[2026-02-16T21:48:36.662+0000] {processor.py:161} INFO - Started process (PID=2729) to work on /opt/airflow/dags/main.py
[2026-02-16T21:48:36.663+0000] {processor.py:830} INFO - Processing file /opt/airflow/dags/main.py for tasks to queue
[2026-02-16T21:48:36.666+0000] {logging_mixin.py:188} INFO - [2026-02-16T21:48:36.665+0000] {dagbag.py:545} INFO - Filling up the DagBag from /opt/airflow/dags/main.py
[2026-02-16T21:48:36.717+0000] {processor.py:840} INFO - DAG(s) 'produce_json' retrieved from /opt/airflow/dags/main.py
[2026-02-16T21:48:36.745+0000] {logging_mixin.py:188} INFO - [2026-02-16T21:48:36.745+0000] {dag.py:3096} INFO - Sync 1 DAGs
[2026-02-16T21:48:36.766+0000] {logging_mixin.py:188} INFO - [2026-02-16T21:48:36.766+0000] {dag.py:3954} INFO - Setting next_dagrun for produce_json to 2026-02-16 14:00:00+00:00, run_after=2026-02-17 14:00:00+00:00
[2026-02-16T21:48:36.799+0000] {processor.py:183} INFO - Processing /opt/airflow/dags/main.py took 0.143 seconds
[2026-02-16T21:49:07.025+0000] {processor.py:161} INFO - Started process (PID=2736) to work on /opt/airflow/dags/main.py
[2026-02-16T21:49:07.026+0000] {processor.py:830} INFO - Processing file /opt/airflow/dags/main.py for tasks to queue
[2026-02-16T21:49:07.028+0000] {logging_mixin.py:188} INFO - [2026-02-16T21:49:07.028+0000] {dagbag.py:545} INFO - Filling up the DagBag from /opt/airflow/dags/main.py
[2026-02-16T21:49:07.071+0000] {processor.py:840} INFO - DAG(s) 'produce_json' retrieved from /opt/airflow/dags/main.py
[2026-02-16T21:49:07.098+0000] {logging_mixin.py:188} INFO - [2026-02-16T21:49:07.098+0000] {dag.py:3096} INFO - Sync 1 DAGs
[2026-02-16T21:49:07.120+0000] {logging_mixin.py:188} INFO - [2026-02-16T21:49:07.120+0000] {dag.py:3954} INFO - Setting next_dagrun for produce_json to 2026-02-16 14:00:00+00:00, run_after=2026-02-17 14:00:00+00:00
[2026-02-16T21:49:07.146+0000] {processor.py:183} INFO - Processing /opt/airflow/dags/main.py took 0.130 seconds
[2026-02-16T21:49:37.329+0000] {processor.py:161} INFO - Started process (PID=2743) to work on /opt/airflow/dags/main.py
[2026-02-16T21:49:37.330+0000] {processor.py:830} INFO - Processing file /opt/airflow/dags/main.py for tasks to queue
[2026-02-16T21:49:37.333+0000] {logging_mixin.py:188} INFO - [2026-02-16T21:49:37.332+0000] {dagbag.py:545} INFO - Filling up the DagBag from /opt/airflow/dags/main.py
[2026-02-16T21:49:37.398+0000] {processor.py:840} INFO - DAG(s) 'produce_json' retrieved from /opt/airflow/dags/main.py
[2026-02-16T21:49:37.427+0000] {logging_mixin.py:188} INFO - [2026-02-16T21:49:37.427+0000] {dag.py:3096} INFO - Sync 1 DAGs
[2026-02-16T21:49:37.453+0000] {logging_mixin.py:188} INFO - [2026-02-16T21:49:37.452+0000] {dag.py:3954} INFO - Setting next_dagrun for produce_json to 2026-02-16 14:00:00+00:00, run_after=2026-02-17 14:00:00+00:00
[2026-02-16T21:49:37.480+0000] {processor.py:183} INFO - Processing /opt/airflow/dags/main.py took 0.158 seconds
[2026-02-16T21:50:07.630+0000] {processor.py:161} INFO - Started process (PID=2750) to work on /opt/airflow/dags/main.py
[2026-02-16T21:50:07.631+0000] {processor.py:830} INFO - Processing file /opt/airflow/dags/main.py for tasks to queue
[2026-02-16T21:50:07.633+0000] {logging_mixin.py:188} INFO - [2026-02-16T21:50:07.632+0000] {dagbag.py:545} INFO - Filling up the DagBag from /opt/airflow/dags/main.py
[2026-02-16T21:50:07.674+0000] {processor.py:840} INFO - DAG(s) 'produce_json' retrieved from /opt/airflow/dags/main.py
[2026-02-16T21:50:07.703+0000] {logging_mixin.py:188} INFO - [2026-02-16T21:50:07.703+0000] {dag.py:3096} INFO - Sync 1 DAGs
[2026-02-16T21:50:07.724+0000] {logging_mixin.py:188} INFO - [2026-02-16T21:50:07.724+0000] {dag.py:3954} INFO - Setting next_dagrun for produce_json to 2026-02-16 14:00:00+00:00, run_after=2026-02-17 14:00:00+00:00
[2026-02-16T21:50:07.746+0000] {processor.py:183} INFO - Processing /opt/airflow/dags/main.py took 0.122 seconds
[2026-02-16T21:50:37.878+0000] {processor.py:161} INFO - Started process (PID=2757) to work on /opt/airflow/dags/main.py
[2026-02-16T21:50:37.879+0000] {processor.py:830} INFO - Processing file /opt/airflow/dags/main.py for tasks to queue
[2026-02-16T21:50:37.881+0000] {logging_mixin.py:188} INFO - [2026-02-16T21:50:37.881+0000] {dagbag.py:545} INFO - Filling up the DagBag from /opt/airflow/dags/main.py
[2026-02-16T21:50:37.930+0000] {processor.py:840} INFO - DAG(s) 'produce_json' retrieved from /opt/airflow/dags/main.py
[2026-02-16T21:50:37.959+0000] {logging_mixin.py:188} INFO - [2026-02-16T21:50:37.959+0000] {dag.py:3096} INFO - Sync 1 DAGs
[2026-02-16T21:50:37.986+0000] {logging_mixin.py:188} INFO - [2026-02-16T21:50:37.986+0000] {dag.py:3954} INFO - Setting next_dagrun for produce_json to 2026-02-16 14:00:00+00:00, run_after=2026-02-17 14:00:00+00:00
[2026-02-16T21:50:38.007+0000] {processor.py:183} INFO - Processing /opt/airflow/dags/main.py took 0.135 seconds
[2026-02-16T21:51:08.215+0000] {processor.py:161} INFO - Started process (PID=2764) to work on /opt/airflow/dags/main.py
[2026-02-16T21:51:08.216+0000] {processor.py:830} INFO - Processing file /opt/airflow/dags/main.py for tasks to queue
[2026-02-16T21:51:08.218+0000] {logging_mixin.py:188} INFO - [2026-02-16T21:51:08.218+0000] {dagbag.py:545} INFO - Filling up the DagBag from /opt/airflow/dags/main.py
[2026-02-16T21:51:08.260+0000] {processor.py:840} INFO - DAG(s) 'produce_json' retrieved from /opt/airflow/dags/main.py
[2026-02-16T21:51:08.285+0000] {logging_mixin.py:188} INFO - [2026-02-16T21:51:08.285+0000] {dag.py:3096} INFO - Sync 1 DAGs
[2026-02-16T21:51:08.307+0000] {logging_mixin.py:188} INFO - [2026-02-16T21:51:08.307+0000] {dag.py:3954} INFO - Setting next_dagrun for produce_json to 2026-02-16 14:00:00+00:00, run_after=2026-02-17 14:00:00+00:00
[2026-02-16T21:51:08.342+0000] {processor.py:183} INFO - Processing /opt/airflow/dags/main.py took 0.133 seconds
[2026-02-16T21:51:38.471+0000] {processor.py:161} INFO - Started process (PID=2771) to work on /opt/airflow/dags/main.py
[2026-02-16T21:51:38.472+0000] {processor.py:830} INFO - Processing file /opt/airflow/dags/main.py for tasks to queue
[2026-02-16T21:51:38.474+0000] {logging_mixin.py:188} INFO - [2026-02-16T21:51:38.474+0000] {dagbag.py:545} INFO - Filling up the DagBag from /opt/airflow/dags/main.py
[2026-02-16T21:51:38.531+0000] {processor.py:840} INFO - DAG(s) 'produce_json' retrieved from /opt/airflow/dags/main.py
[2026-02-16T21:51:38.558+0000] {logging_mixin.py:188} INFO - [2026-02-16T21:51:38.558+0000] {dag.py:3096} INFO - Sync 1 DAGs
[2026-02-16T21:51:38.580+0000] {logging_mixin.py:188} INFO - [2026-02-16T21:51:38.580+0000] {dag.py:3954} INFO - Setting next_dagrun for produce_json to 2026-02-16 14:00:00+00:00, run_after=2026-02-17 14:00:00+00:00
[2026-02-16T21:51:38.613+0000] {processor.py:183} INFO - Processing /opt/airflow/dags/main.py took 0.149 seconds
[2026-02-16T21:52:08.801+0000] {processor.py:161} INFO - Started process (PID=2778) to work on /opt/airflow/dags/main.py
[2026-02-16T21:52:08.802+0000] {processor.py:830} INFO - Processing file /opt/airflow/dags/main.py for tasks to queue
[2026-02-16T21:52:08.805+0000] {logging_mixin.py:188} INFO - [2026-02-16T21:52:08.804+0000] {dagbag.py:545} INFO - Filling up the DagBag from /opt/airflow/dags/main.py
[2026-02-16T21:52:08.849+0000] {processor.py:840} INFO - DAG(s) 'produce_json' retrieved from /opt/airflow/dags/main.py
[2026-02-16T21:52:08.876+0000] {logging_mixin.py:188} INFO - [2026-02-16T21:52:08.876+0000] {dag.py:3096} INFO - Sync 1 DAGs
[2026-02-16T21:52:08.898+0000] {logging_mixin.py:188} INFO - [2026-02-16T21:52:08.898+0000] {dag.py:3954} INFO - Setting next_dagrun for produce_json to 2026-02-16 14:00:00+00:00, run_after=2026-02-17 14:00:00+00:00
[2026-02-16T21:52:08.930+0000] {processor.py:183} INFO - Processing /opt/airflow/dags/main.py took 0.135 seconds
[2026-02-16T21:52:39.111+0000] {processor.py:161} INFO - Started process (PID=2785) to work on /opt/airflow/dags/main.py
[2026-02-16T21:52:39.112+0000] {processor.py:830} INFO - Processing file /opt/airflow/dags/main.py for tasks to queue
[2026-02-16T21:52:39.114+0000] {logging_mixin.py:188} INFO - [2026-02-16T21:52:39.113+0000] {dagbag.py:545} INFO - Filling up the DagBag from /opt/airflow/dags/main.py
[2026-02-16T21:52:39.158+0000] {processor.py:840} INFO - DAG(s) 'produce_json' retrieved from /opt/airflow/dags/main.py
[2026-02-16T21:52:39.187+0000] {logging_mixin.py:188} INFO - [2026-02-16T21:52:39.187+0000] {dag.py:3096} INFO - Sync 1 DAGs
[2026-02-16T21:52:39.209+0000] {logging_mixin.py:188} INFO - [2026-02-16T21:52:39.209+0000] {dag.py:3954} INFO - Setting next_dagrun for produce_json to 2026-02-16 14:00:00+00:00, run_after=2026-02-17 14:00:00+00:00
[2026-02-16T21:52:39.235+0000] {processor.py:183} INFO - Processing /opt/airflow/dags/main.py took 0.129 seconds
[2026-02-16T21:53:09.440+0000] {processor.py:161} INFO - Started process (PID=2792) to work on /opt/airflow/dags/main.py
[2026-02-16T21:53:09.441+0000] {processor.py:830} INFO - Processing file /opt/airflow/dags/main.py for tasks to queue
[2026-02-16T21:53:09.443+0000] {logging_mixin.py:188} INFO - [2026-02-16T21:53:09.443+0000] {dagbag.py:545} INFO - Filling up the DagBag from /opt/airflow/dags/main.py
[2026-02-16T21:53:09.485+0000] {processor.py:840} INFO - DAG(s) 'produce_json' retrieved from /opt/airflow/dags/main.py
[2026-02-16T21:53:09.513+0000] {logging_mixin.py:188} INFO - [2026-02-16T21:53:09.513+0000] {dag.py:3096} INFO - Sync 1 DAGs
[2026-02-16T21:53:09.538+0000] {logging_mixin.py:188} INFO - [2026-02-16T21:53:09.538+0000] {dag.py:3954} INFO - Setting next_dagrun for produce_json to 2026-02-16 14:00:00+00:00, run_after=2026-02-17 14:00:00+00:00
[2026-02-16T21:53:09.559+0000] {processor.py:183} INFO - Processing /opt/airflow/dags/main.py took 0.124 seconds
[2026-02-16T21:53:39.734+0000] {processor.py:161} INFO - Started process (PID=2799) to work on /opt/airflow/dags/main.py
[2026-02-16T21:53:39.735+0000] {processor.py:830} INFO - Processing file /opt/airflow/dags/main.py for tasks to queue
[2026-02-16T21:53:39.737+0000] {logging_mixin.py:188} INFO - [2026-02-16T21:53:39.737+0000] {dagbag.py:545} INFO - Filling up the DagBag from /opt/airflow/dags/main.py
[2026-02-16T21:53:39.779+0000] {processor.py:840} INFO - DAG(s) 'produce_json' retrieved from /opt/airflow/dags/main.py
[2026-02-16T21:53:39.808+0000] {logging_mixin.py:188} INFO - [2026-02-16T21:53:39.808+0000] {dag.py:3096} INFO - Sync 1 DAGs
[2026-02-16T21:53:39.829+0000] {logging_mixin.py:188} INFO - [2026-02-16T21:53:39.828+0000] {dag.py:3954} INFO - Setting next_dagrun for produce_json to 2026-02-16 14:00:00+00:00, run_after=2026-02-17 14:00:00+00:00
[2026-02-16T21:53:39.860+0000] {processor.py:183} INFO - Processing /opt/airflow/dags/main.py took 0.131 seconds
[2026-02-16T21:54:10.007+0000] {processor.py:161} INFO - Started process (PID=2806) to work on /opt/airflow/dags/main.py
[2026-02-16T21:54:10.008+0000] {processor.py:830} INFO - Processing file /opt/airflow/dags/main.py for tasks to queue
[2026-02-16T21:54:10.011+0000] {logging_mixin.py:188} INFO - [2026-02-16T21:54:10.010+0000] {dagbag.py:545} INFO - Filling up the DagBag from /opt/airflow/dags/main.py
[2026-02-16T21:54:10.060+0000] {processor.py:840} INFO - DAG(s) 'produce_json' retrieved from /opt/airflow/dags/main.py
[2026-02-16T21:54:10.106+0000] {logging_mixin.py:188} INFO - [2026-02-16T21:54:10.106+0000] {dag.py:3096} INFO - Sync 1 DAGs
[2026-02-16T21:54:10.134+0000] {logging_mixin.py:188} INFO - [2026-02-16T21:54:10.134+0000] {dag.py:3954} INFO - Setting next_dagrun for produce_json to 2026-02-16 14:00:00+00:00, run_after=2026-02-17 14:00:00+00:00
[2026-02-16T21:54:10.163+0000] {processor.py:183} INFO - Processing /opt/airflow/dags/main.py took 0.161 seconds
[2026-02-16T21:54:40.350+0000] {processor.py:161} INFO - Started process (PID=2813) to work on /opt/airflow/dags/main.py
[2026-02-16T21:54:40.352+0000] {processor.py:830} INFO - Processing file /opt/airflow/dags/main.py for tasks to queue
[2026-02-16T21:54:40.354+0000] {logging_mixin.py:188} INFO - [2026-02-16T21:54:40.354+0000] {dagbag.py:545} INFO - Filling up the DagBag from /opt/airflow/dags/main.py
[2026-02-16T21:54:40.424+0000] {processor.py:840} INFO - DAG(s) 'produce_json' retrieved from /opt/airflow/dags/main.py
[2026-02-16T21:54:40.457+0000] {logging_mixin.py:188} INFO - [2026-02-16T21:54:40.457+0000] {dag.py:3096} INFO - Sync 1 DAGs
[2026-02-16T21:54:40.484+0000] {logging_mixin.py:188} INFO - [2026-02-16T21:54:40.483+0000] {dag.py:3954} INFO - Setting next_dagrun for produce_json to 2026-02-16 14:00:00+00:00, run_after=2026-02-17 14:00:00+00:00
[2026-02-16T21:54:40.505+0000] {processor.py:183} INFO - Processing /opt/airflow/dags/main.py took 0.161 seconds
[2026-02-16T21:55:10.690+0000] {processor.py:161} INFO - Started process (PID=2820) to work on /opt/airflow/dags/main.py
[2026-02-16T21:55:10.692+0000] {processor.py:830} INFO - Processing file /opt/airflow/dags/main.py for tasks to queue
[2026-02-16T21:55:10.695+0000] {logging_mixin.py:188} INFO - [2026-02-16T21:55:10.695+0000] {dagbag.py:545} INFO - Filling up the DagBag from /opt/airflow/dags/main.py
[2026-02-16T21:55:10.751+0000] {processor.py:840} INFO - DAG(s) 'produce_json' retrieved from /opt/airflow/dags/main.py
[2026-02-16T21:55:10.788+0000] {logging_mixin.py:188} INFO - [2026-02-16T21:55:10.788+0000] {dag.py:3096} INFO - Sync 1 DAGs
[2026-02-16T21:55:10.810+0000] {logging_mixin.py:188} INFO - [2026-02-16T21:55:10.810+0000] {dag.py:3954} INFO - Setting next_dagrun for produce_json to 2026-02-16 14:00:00+00:00, run_after=2026-02-17 14:00:00+00:00
[2026-02-16T21:55:10.834+0000] {processor.py:183} INFO - Processing /opt/airflow/dags/main.py took 0.150 seconds
[2026-02-16T21:55:40.961+0000] {processor.py:161} INFO - Started process (PID=2827) to work on /opt/airflow/dags/main.py
[2026-02-16T21:55:40.963+0000] {processor.py:830} INFO - Processing file /opt/airflow/dags/main.py for tasks to queue
[2026-02-16T21:55:40.965+0000] {logging_mixin.py:188} INFO - [2026-02-16T21:55:40.965+0000] {dagbag.py:545} INFO - Filling up the DagBag from /opt/airflow/dags/main.py
[2026-02-16T21:55:41.012+0000] {processor.py:840} INFO - DAG(s) 'produce_json' retrieved from /opt/airflow/dags/main.py
[2026-02-16T21:55:41.042+0000] {logging_mixin.py:188} INFO - [2026-02-16T21:55:41.042+0000] {dag.py:3096} INFO - Sync 1 DAGs
[2026-02-16T21:55:41.066+0000] {logging_mixin.py:188} INFO - [2026-02-16T21:55:41.066+0000] {dag.py:3954} INFO - Setting next_dagrun for produce_json to 2026-02-16 14:00:00+00:00, run_after=2026-02-17 14:00:00+00:00
[2026-02-16T21:55:41.099+0000] {processor.py:183} INFO - Processing /opt/airflow/dags/main.py took 0.143 seconds
[2026-02-16T21:56:11.302+0000] {processor.py:161} INFO - Started process (PID=2834) to work on /opt/airflow/dags/main.py
[2026-02-16T21:56:11.303+0000] {processor.py:830} INFO - Processing file /opt/airflow/dags/main.py for tasks to queue
[2026-02-16T21:56:11.305+0000] {logging_mixin.py:188} INFO - [2026-02-16T21:56:11.305+0000] {dagbag.py:545} INFO - Filling up the DagBag from /opt/airflow/dags/main.py
[2026-02-16T21:56:11.344+0000] {processor.py:840} INFO - DAG(s) 'produce_json' retrieved from /opt/airflow/dags/main.py
[2026-02-16T21:56:11.374+0000] {logging_mixin.py:188} INFO - [2026-02-16T21:56:11.373+0000] {dag.py:3096} INFO - Sync 1 DAGs
[2026-02-16T21:56:11.395+0000] {logging_mixin.py:188} INFO - [2026-02-16T21:56:11.394+0000] {dag.py:3954} INFO - Setting next_dagrun for produce_json to 2026-02-16 14:00:00+00:00, run_after=2026-02-17 14:00:00+00:00
[2026-02-16T21:56:11.417+0000] {processor.py:183} INFO - Processing /opt/airflow/dags/main.py took 0.121 seconds
[2026-02-16T21:56:41.565+0000] {processor.py:161} INFO - Started process (PID=2841) to work on /opt/airflow/dags/main.py
[2026-02-16T21:56:41.566+0000] {processor.py:830} INFO - Processing file /opt/airflow/dags/main.py for tasks to queue
[2026-02-16T21:56:41.568+0000] {logging_mixin.py:188} INFO - [2026-02-16T21:56:41.568+0000] {dagbag.py:545} INFO - Filling up the DagBag from /opt/airflow/dags/main.py
[2026-02-16T21:56:41.611+0000] {processor.py:840} INFO - DAG(s) 'produce_json' retrieved from /opt/airflow/dags/main.py
[2026-02-16T21:56:41.640+0000] {logging_mixin.py:188} INFO - [2026-02-16T21:56:41.640+0000] {dag.py:3096} INFO - Sync 1 DAGs
[2026-02-16T21:56:41.659+0000] {logging_mixin.py:188} INFO - [2026-02-16T21:56:41.659+0000] {dag.py:3954} INFO - Setting next_dagrun for produce_json to 2026-02-16 14:00:00+00:00, run_after=2026-02-17 14:00:00+00:00
[2026-02-16T21:56:41.692+0000] {processor.py:183} INFO - Processing /opt/airflow/dags/main.py took 0.133 seconds
[2026-02-16T21:57:11.843+0000] {processor.py:161} INFO - Started process (PID=2848) to work on /opt/airflow/dags/main.py
[2026-02-16T21:57:11.844+0000] {processor.py:830} INFO - Processing file /opt/airflow/dags/main.py for tasks to queue
[2026-02-16T21:57:11.846+0000] {logging_mixin.py:188} INFO - [2026-02-16T21:57:11.846+0000] {dagbag.py:545} INFO - Filling up the DagBag from /opt/airflow/dags/main.py
[2026-02-16T21:57:11.897+0000] {processor.py:840} INFO - DAG(s) 'produce_json' retrieved from /opt/airflow/dags/main.py
[2026-02-16T21:57:11.928+0000] {logging_mixin.py:188} INFO - [2026-02-16T21:57:11.928+0000] {dag.py:3096} INFO - Sync 1 DAGs
[2026-02-16T21:57:11.955+0000] {logging_mixin.py:188} INFO - [2026-02-16T21:57:11.955+0000] {dag.py:3954} INFO - Setting next_dagrun for produce_json to 2026-02-16 14:00:00+00:00, run_after=2026-02-17 14:00:00+00:00
[2026-02-16T21:57:11.981+0000] {processor.py:183} INFO - Processing /opt/airflow/dags/main.py took 0.143 seconds
[2026-02-16T21:57:42.159+0000] {processor.py:161} INFO - Started process (PID=2855) to work on /opt/airflow/dags/main.py
[2026-02-16T21:57:42.160+0000] {processor.py:830} INFO - Processing file /opt/airflow/dags/main.py for tasks to queue
[2026-02-16T21:57:42.162+0000] {logging_mixin.py:188} INFO - [2026-02-16T21:57:42.162+0000] {dagbag.py:545} INFO - Filling up the DagBag from /opt/airflow/dags/main.py
[2026-02-16T21:57:42.201+0000] {processor.py:840} INFO - DAG(s) 'produce_json' retrieved from /opt/airflow/dags/main.py
[2026-02-16T21:57:42.228+0000] {logging_mixin.py:188} INFO - [2026-02-16T21:57:42.227+0000] {dag.py:3096} INFO - Sync 1 DAGs
[2026-02-16T21:57:42.247+0000] {logging_mixin.py:188} INFO - [2026-02-16T21:57:42.247+0000] {dag.py:3954} INFO - Setting next_dagrun for produce_json to 2026-02-16 14:00:00+00:00, run_after=2026-02-17 14:00:00+00:00
[2026-02-16T21:57:42.279+0000] {processor.py:183} INFO - Processing /opt/airflow/dags/main.py took 0.125 seconds
[2026-02-16T21:58:12.432+0000] {processor.py:161} INFO - Started process (PID=2862) to work on /opt/airflow/dags/main.py
[2026-02-16T21:58:12.433+0000] {processor.py:830} INFO - Processing file /opt/airflow/dags/main.py for tasks to queue
[2026-02-16T21:58:12.435+0000] {logging_mixin.py:188} INFO - [2026-02-16T21:58:12.435+0000] {dagbag.py:545} INFO - Filling up the DagBag from /opt/airflow/dags/main.py
[2026-02-16T21:58:12.486+0000] {processor.py:840} INFO - DAG(s) 'produce_json' retrieved from /opt/airflow/dags/main.py
[2026-02-16T21:58:12.518+0000] {logging_mixin.py:188} INFO - [2026-02-16T21:58:12.517+0000] {dag.py:3096} INFO - Sync 1 DAGs
[2026-02-16T21:58:12.544+0000] {logging_mixin.py:188} INFO - [2026-02-16T21:58:12.544+0000] {dag.py:3954} INFO - Setting next_dagrun for produce_json to 2026-02-16 14:00:00+00:00, run_after=2026-02-17 14:00:00+00:00
[2026-02-16T21:58:12.570+0000] {processor.py:183} INFO - Processing /opt/airflow/dags/main.py took 0.145 seconds
[2026-02-16T21:58:42.755+0000] {processor.py:161} INFO - Started process (PID=2869) to work on /opt/airflow/dags/main.py
[2026-02-16T21:58:42.756+0000] {processor.py:830} INFO - Processing file /opt/airflow/dags/main.py for tasks to queue
[2026-02-16T21:58:42.758+0000] {logging_mixin.py:188} INFO - [2026-02-16T21:58:42.758+0000] {dagbag.py:545} INFO - Filling up the DagBag from /opt/airflow/dags/main.py
[2026-02-16T21:58:42.804+0000] {processor.py:840} INFO - DAG(s) 'produce_json' retrieved from /opt/airflow/dags/main.py
[2026-02-16T21:58:42.841+0000] {logging_mixin.py:188} INFO - [2026-02-16T21:58:42.841+0000] {dag.py:3096} INFO - Sync 1 DAGs
[2026-02-16T21:58:42.870+0000] {logging_mixin.py:188} INFO - [2026-02-16T21:58:42.870+0000] {dag.py:3954} INFO - Setting next_dagrun for produce_json to 2026-02-16 14:00:00+00:00, run_after=2026-02-17 14:00:00+00:00
[2026-02-16T21:58:42.890+0000] {processor.py:183} INFO - Processing /opt/airflow/dags/main.py took 0.140 seconds
[2026-02-16T21:59:13.021+0000] {processor.py:161} INFO - Started process (PID=2876) to work on /opt/airflow/dags/main.py
[2026-02-16T21:59:13.022+0000] {processor.py:830} INFO - Processing file /opt/airflow/dags/main.py for tasks to queue
[2026-02-16T21:59:13.024+0000] {logging_mixin.py:188} INFO - [2026-02-16T21:59:13.023+0000] {dagbag.py:545} INFO - Filling up the DagBag from /opt/airflow/dags/main.py
[2026-02-16T21:59:13.066+0000] {processor.py:840} INFO - DAG(s) 'produce_json' retrieved from /opt/airflow/dags/main.py
[2026-02-16T21:59:13.096+0000] {logging_mixin.py:188} INFO - [2026-02-16T21:59:13.096+0000] {dag.py:3096} INFO - Sync 1 DAGs
[2026-02-16T21:59:13.119+0000] {logging_mixin.py:188} INFO - [2026-02-16T21:59:13.119+0000] {dag.py:3954} INFO - Setting next_dagrun for produce_json to 2026-02-16 14:00:00+00:00, run_after=2026-02-17 14:00:00+00:00
[2026-02-16T21:59:13.140+0000] {processor.py:183} INFO - Processing /opt/airflow/dags/main.py took 0.125 seconds
[2026-02-16T21:59:43.346+0000] {processor.py:161} INFO - Started process (PID=2883) to work on /opt/airflow/dags/main.py
[2026-02-16T21:59:43.347+0000] {processor.py:830} INFO - Processing file /opt/airflow/dags/main.py for tasks to queue
[2026-02-16T21:59:43.349+0000] {logging_mixin.py:188} INFO - [2026-02-16T21:59:43.349+0000] {dagbag.py:545} INFO - Filling up the DagBag from /opt/airflow/dags/main.py
[2026-02-16T21:59:43.391+0000] {processor.py:840} INFO - DAG(s) 'produce_json' retrieved from /opt/airflow/dags/main.py
[2026-02-16T21:59:43.423+0000] {logging_mixin.py:188} INFO - [2026-02-16T21:59:43.422+0000] {dag.py:3096} INFO - Sync 1 DAGs
[2026-02-16T21:59:43.445+0000] {logging_mixin.py:188} INFO - [2026-02-16T21:59:43.444+0000] {dag.py:3954} INFO - Setting next_dagrun for produce_json to 2026-02-16 14:00:00+00:00, run_after=2026-02-17 14:00:00+00:00
[2026-02-16T21:59:43.466+0000] {processor.py:183} INFO - Processing /opt/airflow/dags/main.py took 0.125 seconds
[2026-02-16T22:00:13.569+0000] {processor.py:161} INFO - Started process (PID=2890) to work on /opt/airflow/dags/main.py
[2026-02-16T22:00:13.570+0000] {processor.py:830} INFO - Processing file /opt/airflow/dags/main.py for tasks to queue
[2026-02-16T22:00:13.572+0000] {logging_mixin.py:188} INFO - [2026-02-16T22:00:13.572+0000] {dagbag.py:545} INFO - Filling up the DagBag from /opt/airflow/dags/main.py
[2026-02-16T22:00:13.643+0000] {processor.py:840} INFO - DAG(s) 'produce_json' retrieved from /opt/airflow/dags/main.py
[2026-02-16T22:00:13.675+0000] {logging_mixin.py:188} INFO - [2026-02-16T22:00:13.674+0000] {dag.py:3096} INFO - Sync 1 DAGs
[2026-02-16T22:00:13.699+0000] {logging_mixin.py:188} INFO - [2026-02-16T22:00:13.698+0000] {dag.py:3954} INFO - Setting next_dagrun for produce_json to 2026-02-16 14:00:00+00:00, run_after=2026-02-17 14:00:00+00:00
[2026-02-16T22:00:13.721+0000] {processor.py:183} INFO - Processing /opt/airflow/dags/main.py took 0.157 seconds
[2026-02-16T22:00:43.808+0000] {processor.py:161} INFO - Started process (PID=2897) to work on /opt/airflow/dags/main.py
[2026-02-16T22:00:43.810+0000] {processor.py:830} INFO - Processing file /opt/airflow/dags/main.py for tasks to queue
[2026-02-16T22:00:43.811+0000] {logging_mixin.py:188} INFO - [2026-02-16T22:00:43.811+0000] {dagbag.py:545} INFO - Filling up the DagBag from /opt/airflow/dags/main.py
[2026-02-16T22:00:43.857+0000] {processor.py:840} INFO - DAG(s) 'produce_json' retrieved from /opt/airflow/dags/main.py
[2026-02-16T22:00:43.887+0000] {logging_mixin.py:188} INFO - [2026-02-16T22:00:43.887+0000] {dag.py:3096} INFO - Sync 1 DAGs
[2026-02-16T22:00:43.910+0000] {logging_mixin.py:188} INFO - [2026-02-16T22:00:43.910+0000] {dag.py:3954} INFO - Setting next_dagrun for produce_json to 2026-02-16 14:00:00+00:00, run_after=2026-02-17 14:00:00+00:00
[2026-02-16T22:00:43.931+0000] {processor.py:183} INFO - Processing /opt/airflow/dags/main.py took 0.128 seconds
[2026-02-16T22:01:14.175+0000] {processor.py:161} INFO - Started process (PID=2904) to work on /opt/airflow/dags/main.py
[2026-02-16T22:01:14.176+0000] {processor.py:830} INFO - Processing file /opt/airflow/dags/main.py for tasks to queue
[2026-02-16T22:01:14.178+0000] {logging_mixin.py:188} INFO - [2026-02-16T22:01:14.178+0000] {dagbag.py:545} INFO - Filling up the DagBag from /opt/airflow/dags/main.py
[2026-02-16T22:01:14.219+0000] {processor.py:840} INFO - DAG(s) 'produce_json' retrieved from /opt/airflow/dags/main.py
[2026-02-16T22:01:14.249+0000] {logging_mixin.py:188} INFO - [2026-02-16T22:01:14.249+0000] {dag.py:3096} INFO - Sync 1 DAGs
[2026-02-16T22:01:14.270+0000] {logging_mixin.py:188} INFO - [2026-02-16T22:01:14.270+0000] {dag.py:3954} INFO - Setting next_dagrun for produce_json to 2026-02-16 14:00:00+00:00, run_after=2026-02-17 14:00:00+00:00
[2026-02-16T22:01:14.293+0000] {processor.py:183} INFO - Processing /opt/airflow/dags/main.py took 0.123 seconds
[2026-02-16T22:01:44.420+0000] {processor.py:161} INFO - Started process (PID=2911) to work on /opt/airflow/dags/main.py
[2026-02-16T22:01:44.421+0000] {processor.py:830} INFO - Processing file /opt/airflow/dags/main.py for tasks to queue
[2026-02-16T22:01:44.424+0000] {logging_mixin.py:188} INFO - [2026-02-16T22:01:44.423+0000] {dagbag.py:545} INFO - Filling up the DagBag from /opt/airflow/dags/main.py
[2026-02-16T22:01:44.517+0000] {processor.py:840} INFO - DAG(s) 'produce_json' retrieved from /opt/airflow/dags/main.py
[2026-02-16T22:01:44.545+0000] {logging_mixin.py:188} INFO - [2026-02-16T22:01:44.545+0000] {dag.py:3096} INFO - Sync 1 DAGs
[2026-02-16T22:01:44.569+0000] {logging_mixin.py:188} INFO - [2026-02-16T22:01:44.569+0000] {dag.py:3954} INFO - Setting next_dagrun for produce_json to 2026-02-16 14:00:00+00:00, run_after=2026-02-17 14:00:00+00:00
[2026-02-16T22:01:44.589+0000] {processor.py:183} INFO - Processing /opt/airflow/dags/main.py took 0.175 seconds
[2026-02-16T22:02:14.736+0000] {processor.py:161} INFO - Started process (PID=2918) to work on /opt/airflow/dags/main.py
[2026-02-16T22:02:14.737+0000] {processor.py:830} INFO - Processing file /opt/airflow/dags/main.py for tasks to queue
[2026-02-16T22:02:14.738+0000] {logging_mixin.py:188} INFO - [2026-02-16T22:02:14.738+0000] {dagbag.py:545} INFO - Filling up the DagBag from /opt/airflow/dags/main.py
[2026-02-16T22:02:14.776+0000] {processor.py:840} INFO - DAG(s) 'produce_json' retrieved from /opt/airflow/dags/main.py
[2026-02-16T22:02:14.809+0000] {logging_mixin.py:188} INFO - [2026-02-16T22:02:14.808+0000] {dag.py:3096} INFO - Sync 1 DAGs
[2026-02-16T22:02:14.832+0000] {logging_mixin.py:188} INFO - [2026-02-16T22:02:14.831+0000] {dag.py:3954} INFO - Setting next_dagrun for produce_json to 2026-02-16 14:00:00+00:00, run_after=2026-02-17 14:00:00+00:00
[2026-02-16T22:02:14.854+0000] {processor.py:183} INFO - Processing /opt/airflow/dags/main.py took 0.124 seconds
[2026-02-16T22:02:45.048+0000] {processor.py:161} INFO - Started process (PID=2925) to work on /opt/airflow/dags/main.py
[2026-02-16T22:02:45.049+0000] {processor.py:830} INFO - Processing file /opt/airflow/dags/main.py for tasks to queue
[2026-02-16T22:02:45.051+0000] {logging_mixin.py:188} INFO - [2026-02-16T22:02:45.051+0000] {dagbag.py:545} INFO - Filling up the DagBag from /opt/airflow/dags/main.py
[2026-02-16T22:02:45.093+0000] {processor.py:840} INFO - DAG(s) 'produce_json' retrieved from /opt/airflow/dags/main.py
[2026-02-16T22:02:45.129+0000] {logging_mixin.py:188} INFO - [2026-02-16T22:02:45.128+0000] {dag.py:3096} INFO - Sync 1 DAGs
[2026-02-16T22:02:45.154+0000] {logging_mixin.py:188} INFO - [2026-02-16T22:02:45.154+0000] {dag.py:3954} INFO - Setting next_dagrun for produce_json to 2026-02-16 14:00:00+00:00, run_after=2026-02-17 14:00:00+00:00
[2026-02-16T22:02:45.176+0000] {processor.py:183} INFO - Processing /opt/airflow/dags/main.py took 0.133 seconds
[2026-02-16T22:03:15.316+0000] {processor.py:161} INFO - Started process (PID=2932) to work on /opt/airflow/dags/main.py
[2026-02-16T22:03:15.317+0000] {processor.py:830} INFO - Processing file /opt/airflow/dags/main.py for tasks to queue
[2026-02-16T22:03:15.319+0000] {logging_mixin.py:188} INFO - [2026-02-16T22:03:15.319+0000] {dagbag.py:545} INFO - Filling up the DagBag from /opt/airflow/dags/main.py
[2026-02-16T22:03:15.366+0000] {processor.py:840} INFO - DAG(s) 'produce_json' retrieved from /opt/airflow/dags/main.py
[2026-02-16T22:03:15.393+0000] {logging_mixin.py:188} INFO - [2026-02-16T22:03:15.393+0000] {dag.py:3096} INFO - Sync 1 DAGs
[2026-02-16T22:03:15.415+0000] {logging_mixin.py:188} INFO - [2026-02-16T22:03:15.415+0000] {dag.py:3954} INFO - Setting next_dagrun for produce_json to 2026-02-16 14:00:00+00:00, run_after=2026-02-17 14:00:00+00:00
[2026-02-16T22:03:15.435+0000] {processor.py:183} INFO - Processing /opt/airflow/dags/main.py took 0.125 seconds
[2026-02-16T22:03:45.604+0000] {processor.py:161} INFO - Started process (PID=2939) to work on /opt/airflow/dags/main.py
[2026-02-16T22:03:45.606+0000] {processor.py:830} INFO - Processing file /opt/airflow/dags/main.py for tasks to queue
[2026-02-16T22:03:45.608+0000] {logging_mixin.py:188} INFO - [2026-02-16T22:03:45.607+0000] {dagbag.py:545} INFO - Filling up the DagBag from /opt/airflow/dags/main.py
[2026-02-16T22:03:45.658+0000] {processor.py:840} INFO - DAG(s) 'produce_json' retrieved from /opt/airflow/dags/main.py
[2026-02-16T22:03:45.689+0000] {logging_mixin.py:188} INFO - [2026-02-16T22:03:45.689+0000] {dag.py:3096} INFO - Sync 1 DAGs
[2026-02-16T22:03:45.713+0000] {logging_mixin.py:188} INFO - [2026-02-16T22:03:45.713+0000] {dag.py:3954} INFO - Setting next_dagrun for produce_json to 2026-02-16 14:00:00+00:00, run_after=2026-02-17 14:00:00+00:00
[2026-02-16T22:03:45.737+0000] {processor.py:183} INFO - Processing /opt/airflow/dags/main.py took 0.140 seconds
[2026-02-16T22:04:15.880+0000] {processor.py:161} INFO - Started process (PID=2946) to work on /opt/airflow/dags/main.py
[2026-02-16T22:04:15.881+0000] {processor.py:830} INFO - Processing file /opt/airflow/dags/main.py for tasks to queue
[2026-02-16T22:04:15.883+0000] {logging_mixin.py:188} INFO - [2026-02-16T22:04:15.883+0000] {dagbag.py:545} INFO - Filling up the DagBag from /opt/airflow/dags/main.py
[2026-02-16T22:04:15.929+0000] {processor.py:840} INFO - DAG(s) 'produce_json' retrieved from /opt/airflow/dags/main.py
[2026-02-16T22:04:15.960+0000] {logging_mixin.py:188} INFO - [2026-02-16T22:04:15.960+0000] {dag.py:3096} INFO - Sync 1 DAGs
[2026-02-16T22:04:15.989+0000] {logging_mixin.py:188} INFO - [2026-02-16T22:04:15.989+0000] {dag.py:3954} INFO - Setting next_dagrun for produce_json to 2026-02-16 14:00:00+00:00, run_after=2026-02-17 14:00:00+00:00
[2026-02-16T22:04:16.028+0000] {processor.py:183} INFO - Processing /opt/airflow/dags/main.py took 0.153 seconds
[2026-02-16T22:04:46.222+0000] {processor.py:161} INFO - Started process (PID=2953) to work on /opt/airflow/dags/main.py
[2026-02-16T22:04:46.223+0000] {processor.py:830} INFO - Processing file /opt/airflow/dags/main.py for tasks to queue
[2026-02-16T22:04:46.225+0000] {logging_mixin.py:188} INFO - [2026-02-16T22:04:46.224+0000] {dagbag.py:545} INFO - Filling up the DagBag from /opt/airflow/dags/main.py
[2026-02-16T22:04:46.274+0000] {processor.py:840} INFO - DAG(s) 'produce_json' retrieved from /opt/airflow/dags/main.py
[2026-02-16T22:04:46.302+0000] {logging_mixin.py:188} INFO - [2026-02-16T22:04:46.301+0000] {dag.py:3096} INFO - Sync 1 DAGs
[2026-02-16T22:04:46.324+0000] {logging_mixin.py:188} INFO - [2026-02-16T22:04:46.324+0000] {dag.py:3954} INFO - Setting next_dagrun for produce_json to 2026-02-16 14:00:00+00:00, run_after=2026-02-17 14:00:00+00:00
[2026-02-16T22:04:46.345+0000] {processor.py:183} INFO - Processing /opt/airflow/dags/main.py took 0.129 seconds
[2026-02-16T22:05:16.565+0000] {processor.py:161} INFO - Started process (PID=2960) to work on /opt/airflow/dags/main.py
[2026-02-16T22:05:16.566+0000] {processor.py:830} INFO - Processing file /opt/airflow/dags/main.py for tasks to queue
[2026-02-16T22:05:16.568+0000] {logging_mixin.py:188} INFO - [2026-02-16T22:05:16.568+0000] {dagbag.py:545} INFO - Filling up the DagBag from /opt/airflow/dags/main.py
[2026-02-16T22:05:16.609+0000] {processor.py:840} INFO - DAG(s) 'produce_json' retrieved from /opt/airflow/dags/main.py
[2026-02-16T22:05:16.638+0000] {logging_mixin.py:188} INFO - [2026-02-16T22:05:16.638+0000] {dag.py:3096} INFO - Sync 1 DAGs
[2026-02-16T22:05:16.659+0000] {logging_mixin.py:188} INFO - [2026-02-16T22:05:16.659+0000] {dag.py:3954} INFO - Setting next_dagrun for produce_json to 2026-02-16 14:00:00+00:00, run_after=2026-02-17 14:00:00+00:00
[2026-02-16T22:05:16.683+0000] {processor.py:183} INFO - Processing /opt/airflow/dags/main.py took 0.123 seconds
[2026-02-16T22:05:46.834+0000] {processor.py:161} INFO - Started process (PID=2967) to work on /opt/airflow/dags/main.py
[2026-02-16T22:05:46.836+0000] {processor.py:830} INFO - Processing file /opt/airflow/dags/main.py for tasks to queue
[2026-02-16T22:05:46.838+0000] {logging_mixin.py:188} INFO - [2026-02-16T22:05:46.837+0000] {dagbag.py:545} INFO - Filling up the DagBag from /opt/airflow/dags/main.py
[2026-02-16T22:05:46.877+0000] {processor.py:840} INFO - DAG(s) 'produce_json' retrieved from /opt/airflow/dags/main.py
[2026-02-16T22:05:46.906+0000] {logging_mixin.py:188} INFO - [2026-02-16T22:05:46.906+0000] {dag.py:3096} INFO - Sync 1 DAGs
[2026-02-16T22:05:46.926+0000] {logging_mixin.py:188} INFO - [2026-02-16T22:05:46.926+0000] {dag.py:3954} INFO - Setting next_dagrun for produce_json to 2026-02-16 14:00:00+00:00, run_after=2026-02-17 14:00:00+00:00
[2026-02-16T22:05:46.946+0000] {processor.py:183} INFO - Processing /opt/airflow/dags/main.py took 0.117 seconds
[2026-02-16T22:06:17.192+0000] {processor.py:161} INFO - Started process (PID=2974) to work on /opt/airflow/dags/main.py
[2026-02-16T22:06:17.193+0000] {processor.py:830} INFO - Processing file /opt/airflow/dags/main.py for tasks to queue
[2026-02-16T22:06:17.196+0000] {logging_mixin.py:188} INFO - [2026-02-16T22:06:17.196+0000] {dagbag.py:545} INFO - Filling up the DagBag from /opt/airflow/dags/main.py
[2026-02-16T22:06:17.243+0000] {processor.py:840} INFO - DAG(s) 'produce_json' retrieved from /opt/airflow/dags/main.py
[2026-02-16T22:06:17.274+0000] {logging_mixin.py:188} INFO - [2026-02-16T22:06:17.274+0000] {dag.py:3096} INFO - Sync 1 DAGs
[2026-02-16T22:06:17.297+0000] {logging_mixin.py:188} INFO - [2026-02-16T22:06:17.297+0000] {dag.py:3954} INFO - Setting next_dagrun for produce_json to 2026-02-16 14:00:00+00:00, run_after=2026-02-17 14:00:00+00:00
[2026-02-16T22:06:17.334+0000] {processor.py:183} INFO - Processing /opt/airflow/dags/main.py took 0.149 seconds
[2026-02-16T22:06:47.451+0000] {processor.py:161} INFO - Started process (PID=2981) to work on /opt/airflow/dags/main.py
[2026-02-16T22:06:47.452+0000] {processor.py:830} INFO - Processing file /opt/airflow/dags/main.py for tasks to queue
[2026-02-16T22:06:47.454+0000] {logging_mixin.py:188} INFO - [2026-02-16T22:06:47.454+0000] {dagbag.py:545} INFO - Filling up the DagBag from /opt/airflow/dags/main.py
[2026-02-16T22:06:47.502+0000] {processor.py:840} INFO - DAG(s) 'produce_json' retrieved from /opt/airflow/dags/main.py
[2026-02-16T22:06:47.542+0000] {logging_mixin.py:188} INFO - [2026-02-16T22:06:47.541+0000] {dag.py:3096} INFO - Sync 1 DAGs
[2026-02-16T22:06:47.579+0000] {logging_mixin.py:188} INFO - [2026-02-16T22:06:47.578+0000] {dag.py:3954} INFO - Setting next_dagrun for produce_json to 2026-02-16 14:00:00+00:00, run_after=2026-02-17 14:00:00+00:00
[2026-02-16T22:06:47.618+0000] {processor.py:183} INFO - Processing /opt/airflow/dags/main.py took 0.173 seconds
[2026-02-16T22:07:17.772+0000] {processor.py:161} INFO - Started process (PID=2988) to work on /opt/airflow/dags/main.py
[2026-02-16T22:07:17.774+0000] {processor.py:830} INFO - Processing file /opt/airflow/dags/main.py for tasks to queue
[2026-02-16T22:07:17.776+0000] {logging_mixin.py:188} INFO - [2026-02-16T22:07:17.775+0000] {dagbag.py:545} INFO - Filling up the DagBag from /opt/airflow/dags/main.py
[2026-02-16T22:07:17.818+0000] {processor.py:840} INFO - DAG(s) 'produce_json' retrieved from /opt/airflow/dags/main.py
[2026-02-16T22:07:17.846+0000] {logging_mixin.py:188} INFO - [2026-02-16T22:07:17.846+0000] {dag.py:3096} INFO - Sync 1 DAGs
[2026-02-16T22:07:17.870+0000] {logging_mixin.py:188} INFO - [2026-02-16T22:07:17.869+0000] {dag.py:3954} INFO - Setting next_dagrun for produce_json to 2026-02-16 14:00:00+00:00, run_after=2026-02-17 14:00:00+00:00
[2026-02-16T22:07:17.903+0000] {processor.py:183} INFO - Processing /opt/airflow/dags/main.py took 0.136 seconds
[2026-02-16T22:07:48.138+0000] {processor.py:161} INFO - Started process (PID=2995) to work on /opt/airflow/dags/main.py
[2026-02-16T22:07:48.139+0000] {processor.py:830} INFO - Processing file /opt/airflow/dags/main.py for tasks to queue
[2026-02-16T22:07:48.141+0000] {logging_mixin.py:188} INFO - [2026-02-16T22:07:48.141+0000] {dagbag.py:545} INFO - Filling up the DagBag from /opt/airflow/dags/main.py
[2026-02-16T22:07:48.191+0000] {processor.py:840} INFO - DAG(s) 'produce_json' retrieved from /opt/airflow/dags/main.py
[2026-02-16T22:07:48.225+0000] {logging_mixin.py:188} INFO - [2026-02-16T22:07:48.225+0000] {dag.py:3096} INFO - Sync 1 DAGs
[2026-02-16T22:07:48.250+0000] {logging_mixin.py:188} INFO - [2026-02-16T22:07:48.250+0000] {dag.py:3954} INFO - Setting next_dagrun for produce_json to 2026-02-16 14:00:00+00:00, run_after=2026-02-17 14:00:00+00:00
[2026-02-16T22:07:48.279+0000] {processor.py:183} INFO - Processing /opt/airflow/dags/main.py took 0.147 seconds
[2026-02-16T22:08:18.368+0000] {processor.py:161} INFO - Started process (PID=3002) to work on /opt/airflow/dags/main.py
[2026-02-16T22:08:18.369+0000] {processor.py:830} INFO - Processing file /opt/airflow/dags/main.py for tasks to queue
[2026-02-16T22:08:18.371+0000] {logging_mixin.py:188} INFO - [2026-02-16T22:08:18.371+0000] {dagbag.py:545} INFO - Filling up the DagBag from /opt/airflow/dags/main.py
[2026-02-16T22:08:18.413+0000] {processor.py:840} INFO - DAG(s) 'produce_json' retrieved from /opt/airflow/dags/main.py
[2026-02-16T22:08:18.442+0000] {logging_mixin.py:188} INFO - [2026-02-16T22:08:18.442+0000] {dag.py:3096} INFO - Sync 1 DAGs
[2026-02-16T22:08:18.464+0000] {logging_mixin.py:188} INFO - [2026-02-16T22:08:18.464+0000] {dag.py:3954} INFO - Setting next_dagrun for produce_json to 2026-02-16 14:00:00+00:00, run_after=2026-02-17 14:00:00+00:00
[2026-02-16T22:08:18.488+0000] {processor.py:183} INFO - Processing /opt/airflow/dags/main.py took 0.128 seconds
[2026-02-16T22:08:48.723+0000] {processor.py:161} INFO - Started process (PID=3009) to work on /opt/airflow/dags/main.py
[2026-02-16T22:08:48.724+0000] {processor.py:830} INFO - Processing file /opt/airflow/dags/main.py for tasks to queue
[2026-02-16T22:08:48.726+0000] {logging_mixin.py:188} INFO - [2026-02-16T22:08:48.726+0000] {dagbag.py:545} INFO - Filling up the DagBag from /opt/airflow/dags/main.py
[2026-02-16T22:08:48.771+0000] {processor.py:840} INFO - DAG(s) 'produce_json' retrieved from /opt/airflow/dags/main.py
[2026-02-16T22:08:48.797+0000] {logging_mixin.py:188} INFO - [2026-02-16T22:08:48.796+0000] {dag.py:3096} INFO - Sync 1 DAGs
[2026-02-16T22:08:48.818+0000] {logging_mixin.py:188} INFO - [2026-02-16T22:08:48.817+0000] {dag.py:3954} INFO - Setting next_dagrun for produce_json to 2026-02-16 14:00:00+00:00, run_after=2026-02-17 14:00:00+00:00
[2026-02-16T22:08:48.849+0000] {processor.py:183} INFO - Processing /opt/airflow/dags/main.py took 0.131 seconds
[2026-02-16T22:09:18.955+0000] {processor.py:161} INFO - Started process (PID=3016) to work on /opt/airflow/dags/main.py
[2026-02-16T22:09:18.956+0000] {processor.py:830} INFO - Processing file /opt/airflow/dags/main.py for tasks to queue
[2026-02-16T22:09:18.958+0000] {logging_mixin.py:188} INFO - [2026-02-16T22:09:18.957+0000] {dagbag.py:545} INFO - Filling up the DagBag from /opt/airflow/dags/main.py
[2026-02-16T22:09:18.999+0000] {processor.py:840} INFO - DAG(s) 'produce_json' retrieved from /opt/airflow/dags/main.py
[2026-02-16T22:09:19.025+0000] {logging_mixin.py:188} INFO - [2026-02-16T22:09:19.025+0000] {dag.py:3096} INFO - Sync 1 DAGs
[2026-02-16T22:09:19.046+0000] {logging_mixin.py:188} INFO - [2026-02-16T22:09:19.046+0000] {dag.py:3954} INFO - Setting next_dagrun for produce_json to 2026-02-16 14:00:00+00:00, run_after=2026-02-17 14:00:00+00:00
[2026-02-16T22:09:19.077+0000] {processor.py:183} INFO - Processing /opt/airflow/dags/main.py took 0.128 seconds
[2026-02-16T22:09:49.198+0000] {processor.py:161} INFO - Started process (PID=3023) to work on /opt/airflow/dags/main.py
[2026-02-16T22:09:49.199+0000] {processor.py:830} INFO - Processing file /opt/airflow/dags/main.py for tasks to queue
[2026-02-16T22:09:49.201+0000] {logging_mixin.py:188} INFO - [2026-02-16T22:09:49.200+0000] {dagbag.py:545} INFO - Filling up the DagBag from /opt/airflow/dags/main.py
[2026-02-16T22:09:49.245+0000] {processor.py:840} INFO - DAG(s) 'produce_json' retrieved from /opt/airflow/dags/main.py
[2026-02-16T22:09:49.286+0000] {logging_mixin.py:188} INFO - [2026-02-16T22:09:49.286+0000] {dag.py:3096} INFO - Sync 1 DAGs
[2026-02-16T22:09:49.327+0000] {logging_mixin.py:188} INFO - [2026-02-16T22:09:49.326+0000] {dag.py:3954} INFO - Setting next_dagrun for produce_json to 2026-02-16 14:00:00+00:00, run_after=2026-02-17 14:00:00+00:00
[2026-02-16T22:09:49.361+0000] {processor.py:183} INFO - Processing /opt/airflow/dags/main.py took 0.168 seconds
[2026-02-16T22:10:19.661+0000] {processor.py:161} INFO - Started process (PID=3030) to work on /opt/airflow/dags/main.py
[2026-02-16T22:10:19.662+0000] {processor.py:830} INFO - Processing file /opt/airflow/dags/main.py for tasks to queue
[2026-02-16T22:10:19.665+0000] {logging_mixin.py:188} INFO - [2026-02-16T22:10:19.665+0000] {dagbag.py:545} INFO - Filling up the DagBag from /opt/airflow/dags/main.py
[2026-02-16T22:10:19.715+0000] {processor.py:840} INFO - DAG(s) 'produce_json' retrieved from /opt/airflow/dags/main.py
[2026-02-16T22:10:19.743+0000] {logging_mixin.py:188} INFO - [2026-02-16T22:10:19.743+0000] {dag.py:3096} INFO - Sync 1 DAGs
[2026-02-16T22:10:19.766+0000] {logging_mixin.py:188} INFO - [2026-02-16T22:10:19.766+0000] {dag.py:3954} INFO - Setting next_dagrun for produce_json to 2026-02-16 14:00:00+00:00, run_after=2026-02-17 14:00:00+00:00
[2026-02-16T22:10:19.802+0000] {processor.py:183} INFO - Processing /opt/airflow/dags/main.py took 0.148 seconds
[2026-02-16T22:10:49.901+0000] {processor.py:161} INFO - Started process (PID=3037) to work on /opt/airflow/dags/main.py
[2026-02-16T22:10:49.902+0000] {processor.py:830} INFO - Processing file /opt/airflow/dags/main.py for tasks to queue
[2026-02-16T22:10:49.904+0000] {logging_mixin.py:188} INFO - [2026-02-16T22:10:49.904+0000] {dagbag.py:545} INFO - Filling up the DagBag from /opt/airflow/dags/main.py
[2026-02-16T22:10:49.947+0000] {processor.py:840} INFO - DAG(s) 'produce_json' retrieved from /opt/airflow/dags/main.py
[2026-02-16T22:10:49.980+0000] {logging_mixin.py:188} INFO - [2026-02-16T22:10:49.979+0000] {dag.py:3096} INFO - Sync 1 DAGs
[2026-02-16T22:10:50.004+0000] {logging_mixin.py:188} INFO - [2026-02-16T22:10:50.004+0000] {dag.py:3954} INFO - Setting next_dagrun for produce_json to 2026-02-16 14:00:00+00:00, run_after=2026-02-17 14:00:00+00:00
[2026-02-16T22:10:50.038+0000] {processor.py:183} INFO - Processing /opt/airflow/dags/main.py took 0.142 seconds
[2026-02-16T22:11:20.312+0000] {processor.py:161} INFO - Started process (PID=3044) to work on /opt/airflow/dags/main.py
[2026-02-16T22:11:20.313+0000] {processor.py:830} INFO - Processing file /opt/airflow/dags/main.py for tasks to queue
[2026-02-16T22:11:20.315+0000] {logging_mixin.py:188} INFO - [2026-02-16T22:11:20.315+0000] {dagbag.py:545} INFO - Filling up the DagBag from /opt/airflow/dags/main.py
[2026-02-16T22:11:20.360+0000] {processor.py:840} INFO - DAG(s) 'produce_json' retrieved from /opt/airflow/dags/main.py
[2026-02-16T22:11:20.388+0000] {logging_mixin.py:188} INFO - [2026-02-16T22:11:20.388+0000] {dag.py:3096} INFO - Sync 1 DAGs
[2026-02-16T22:11:20.410+0000] {logging_mixin.py:188} INFO - [2026-02-16T22:11:20.409+0000] {dag.py:3954} INFO - Setting next_dagrun for produce_json to 2026-02-16 14:00:00+00:00, run_after=2026-02-17 14:00:00+00:00
[2026-02-16T22:11:20.432+0000] {processor.py:183} INFO - Processing /opt/airflow/dags/main.py took 0.126 seconds
[2026-02-16T22:11:50.545+0000] {processor.py:161} INFO - Started process (PID=3051) to work on /opt/airflow/dags/main.py
[2026-02-16T22:11:50.546+0000] {processor.py:830} INFO - Processing file /opt/airflow/dags/main.py for tasks to queue
[2026-02-16T22:11:50.549+0000] {logging_mixin.py:188} INFO - [2026-02-16T22:11:50.549+0000] {dagbag.py:545} INFO - Filling up the DagBag from /opt/airflow/dags/main.py
[2026-02-16T22:11:50.599+0000] {processor.py:840} INFO - DAG(s) 'produce_json' retrieved from /opt/airflow/dags/main.py
[2026-02-16T22:11:50.630+0000] {logging_mixin.py:188} INFO - [2026-02-16T22:11:50.629+0000] {dag.py:3096} INFO - Sync 1 DAGs
[2026-02-16T22:11:50.653+0000] {logging_mixin.py:188} INFO - [2026-02-16T22:11:50.653+0000] {dag.py:3954} INFO - Setting next_dagrun for produce_json to 2026-02-16 14:00:00+00:00, run_after=2026-02-17 14:00:00+00:00
[2026-02-16T22:11:50.677+0000] {processor.py:183} INFO - Processing /opt/airflow/dags/main.py took 0.138 seconds
[2026-02-16T22:12:20.902+0000] {processor.py:161} INFO - Started process (PID=3058) to work on /opt/airflow/dags/main.py
[2026-02-16T22:12:20.903+0000] {processor.py:830} INFO - Processing file /opt/airflow/dags/main.py for tasks to queue
[2026-02-16T22:12:20.905+0000] {logging_mixin.py:188} INFO - [2026-02-16T22:12:20.904+0000] {dagbag.py:545} INFO - Filling up the DagBag from /opt/airflow/dags/main.py
[2026-02-16T22:12:20.945+0000] {processor.py:840} INFO - DAG(s) 'produce_json' retrieved from /opt/airflow/dags/main.py
[2026-02-16T22:12:20.971+0000] {logging_mixin.py:188} INFO - [2026-02-16T22:12:20.971+0000] {dag.py:3096} INFO - Sync 1 DAGs
[2026-02-16T22:12:20.993+0000] {logging_mixin.py:188} INFO - [2026-02-16T22:12:20.993+0000] {dag.py:3954} INFO - Setting next_dagrun for produce_json to 2026-02-16 14:00:00+00:00, run_after=2026-02-17 14:00:00+00:00
[2026-02-16T22:12:21.025+0000] {processor.py:183} INFO - Processing /opt/airflow/dags/main.py took 0.128 seconds
[2026-02-16T22:12:51.178+0000] {processor.py:161} INFO - Started process (PID=3065) to work on /opt/airflow/dags/main.py
[2026-02-16T22:12:51.179+0000] {processor.py:830} INFO - Processing file /opt/airflow/dags/main.py for tasks to queue
[2026-02-16T22:12:51.182+0000] {logging_mixin.py:188} INFO - [2026-02-16T22:12:51.181+0000] {dagbag.py:545} INFO - Filling up the DagBag from /opt/airflow/dags/main.py
[2026-02-16T22:12:51.234+0000] {processor.py:840} INFO - DAG(s) 'produce_json' retrieved from /opt/airflow/dags/main.py
[2026-02-16T22:12:51.265+0000] {logging_mixin.py:188} INFO - [2026-02-16T22:12:51.265+0000] {dag.py:3096} INFO - Sync 1 DAGs
[2026-02-16T22:12:51.289+0000] {logging_mixin.py:188} INFO - [2026-02-16T22:12:51.289+0000] {dag.py:3954} INFO - Setting next_dagrun for produce_json to 2026-02-16 14:00:00+00:00, run_after=2026-02-17 14:00:00+00:00
[2026-02-16T22:12:51.318+0000] {processor.py:183} INFO - Processing /opt/airflow/dags/main.py took 0.147 seconds
[2026-02-16T22:13:21.489+0000] {processor.py:161} INFO - Started process (PID=3072) to work on /opt/airflow/dags/main.py
[2026-02-16T22:13:21.490+0000] {processor.py:830} INFO - Processing file /opt/airflow/dags/main.py for tasks to queue
[2026-02-16T22:13:21.493+0000] {logging_mixin.py:188} INFO - [2026-02-16T22:13:21.493+0000] {dagbag.py:545} INFO - Filling up the DagBag from /opt/airflow/dags/main.py
[2026-02-16T22:13:21.546+0000] {processor.py:840} INFO - DAG(s) 'produce_json' retrieved from /opt/airflow/dags/main.py
[2026-02-16T22:13:21.572+0000] {logging_mixin.py:188} INFO - [2026-02-16T22:13:21.572+0000] {dag.py:3096} INFO - Sync 1 DAGs
[2026-02-16T22:13:21.594+0000] {logging_mixin.py:188} INFO - [2026-02-16T22:13:21.594+0000] {dag.py:3954} INFO - Setting next_dagrun for produce_json to 2026-02-16 14:00:00+00:00, run_after=2026-02-17 14:00:00+00:00
[2026-02-16T22:13:21.626+0000] {processor.py:183} INFO - Processing /opt/airflow/dags/main.py took 0.143 seconds
[2026-02-16T22:13:51.776+0000] {processor.py:161} INFO - Started process (PID=3079) to work on /opt/airflow/dags/main.py
[2026-02-16T22:13:51.777+0000] {processor.py:830} INFO - Processing file /opt/airflow/dags/main.py for tasks to queue
[2026-02-16T22:13:51.779+0000] {logging_mixin.py:188} INFO - [2026-02-16T22:13:51.779+0000] {dagbag.py:545} INFO - Filling up the DagBag from /opt/airflow/dags/main.py
[2026-02-16T22:13:51.820+0000] {processor.py:840} INFO - DAG(s) 'produce_json' retrieved from /opt/airflow/dags/main.py
[2026-02-16T22:13:51.849+0000] {logging_mixin.py:188} INFO - [2026-02-16T22:13:51.848+0000] {dag.py:3096} INFO - Sync 1 DAGs
[2026-02-16T22:13:51.869+0000] {logging_mixin.py:188} INFO - [2026-02-16T22:13:51.869+0000] {dag.py:3954} INFO - Setting next_dagrun for produce_json to 2026-02-16 14:00:00+00:00, run_after=2026-02-17 14:00:00+00:00
[2026-02-16T22:13:51.890+0000] {processor.py:183} INFO - Processing /opt/airflow/dags/main.py took 0.119 seconds
[2026-02-16T22:14:22.092+0000] {processor.py:161} INFO - Started process (PID=3086) to work on /opt/airflow/dags/main.py
[2026-02-16T22:14:22.093+0000] {processor.py:830} INFO - Processing file /opt/airflow/dags/main.py for tasks to queue
[2026-02-16T22:14:22.095+0000] {logging_mixin.py:188} INFO - [2026-02-16T22:14:22.095+0000] {dagbag.py:545} INFO - Filling up the DagBag from /opt/airflow/dags/main.py
[2026-02-16T22:14:22.141+0000] {processor.py:840} INFO - DAG(s) 'produce_json' retrieved from /opt/airflow/dags/main.py
[2026-02-16T22:14:22.168+0000] {logging_mixin.py:188} INFO - [2026-02-16T22:14:22.168+0000] {dag.py:3096} INFO - Sync 1 DAGs
[2026-02-16T22:14:22.188+0000] {logging_mixin.py:188} INFO - [2026-02-16T22:14:22.188+0000] {dag.py:3954} INFO - Setting next_dagrun for produce_json to 2026-02-16 14:00:00+00:00, run_after=2026-02-17 14:00:00+00:00
[2026-02-16T22:14:22.220+0000] {processor.py:183} INFO - Processing /opt/airflow/dags/main.py took 0.135 seconds
[2026-02-16T22:14:52.448+0000] {processor.py:161} INFO - Started process (PID=3093) to work on /opt/airflow/dags/main.py
[2026-02-16T22:14:52.456+0000] {processor.py:830} INFO - Processing file /opt/airflow/dags/main.py for tasks to queue
[2026-02-16T22:14:52.460+0000] {logging_mixin.py:188} INFO - [2026-02-16T22:14:52.460+0000] {dagbag.py:545} INFO - Filling up the DagBag from /opt/airflow/dags/main.py
[2026-02-16T22:14:52.555+0000] {processor.py:840} INFO - DAG(s) 'produce_json' retrieved from /opt/airflow/dags/main.py
[2026-02-16T22:14:52.592+0000] {logging_mixin.py:188} INFO - [2026-02-16T22:14:52.591+0000] {dag.py:3096} INFO - Sync 1 DAGs
[2026-02-16T22:14:52.624+0000] {logging_mixin.py:188} INFO - [2026-02-16T22:14:52.624+0000] {dag.py:3954} INFO - Setting next_dagrun for produce_json to 2026-02-16 14:00:00+00:00, run_after=2026-02-17 14:00:00+00:00
[2026-02-16T22:14:52.650+0000] {processor.py:183} INFO - Processing /opt/airflow/dags/main.py took 0.209 seconds
[2026-02-16T22:15:22.869+0000] {processor.py:161} INFO - Started process (PID=3101) to work on /opt/airflow/dags/main.py
[2026-02-16T22:15:22.870+0000] {processor.py:830} INFO - Processing file /opt/airflow/dags/main.py for tasks to queue
[2026-02-16T22:15:22.873+0000] {logging_mixin.py:188} INFO - [2026-02-16T22:15:22.873+0000] {dagbag.py:545} INFO - Filling up the DagBag from /opt/airflow/dags/main.py
[2026-02-16T22:15:22.918+0000] {processor.py:840} INFO - DAG(s) 'produce_json' retrieved from /opt/airflow/dags/main.py
[2026-02-16T22:15:22.947+0000] {logging_mixin.py:188} INFO - [2026-02-16T22:15:22.947+0000] {dag.py:3096} INFO - Sync 1 DAGs
[2026-02-16T22:15:22.967+0000] {logging_mixin.py:188} INFO - [2026-02-16T22:15:22.967+0000] {dag.py:3954} INFO - Setting next_dagrun for produce_json to 2026-02-16 14:00:00+00:00, run_after=2026-02-17 14:00:00+00:00
[2026-02-16T22:15:22.997+0000] {processor.py:183} INFO - Processing /opt/airflow/dags/main.py took 0.133 seconds
[2026-02-16T22:15:53.109+0000] {processor.py:161} INFO - Started process (PID=3108) to work on /opt/airflow/dags/main.py
[2026-02-16T22:15:53.110+0000] {processor.py:830} INFO - Processing file /opt/airflow/dags/main.py for tasks to queue
[2026-02-16T22:15:53.112+0000] {logging_mixin.py:188} INFO - [2026-02-16T22:15:53.111+0000] {dagbag.py:545} INFO - Filling up the DagBag from /opt/airflow/dags/main.py
[2026-02-16T22:15:53.155+0000] {processor.py:840} INFO - DAG(s) 'produce_json' retrieved from /opt/airflow/dags/main.py
[2026-02-16T22:15:53.183+0000] {logging_mixin.py:188} INFO - [2026-02-16T22:15:53.183+0000] {dag.py:3096} INFO - Sync 1 DAGs
[2026-02-16T22:15:53.204+0000] {logging_mixin.py:188} INFO - [2026-02-16T22:15:53.203+0000] {dag.py:3954} INFO - Setting next_dagrun for produce_json to 2026-02-16 14:00:00+00:00, run_after=2026-02-17 14:00:00+00:00
[2026-02-16T22:15:53.226+0000] {processor.py:183} INFO - Processing /opt/airflow/dags/main.py took 0.123 seconds
[2026-02-16T22:16:23.447+0000] {processor.py:161} INFO - Started process (PID=3115) to work on /opt/airflow/dags/main.py
[2026-02-16T22:16:23.448+0000] {processor.py:830} INFO - Processing file /opt/airflow/dags/main.py for tasks to queue
[2026-02-16T22:16:23.450+0000] {logging_mixin.py:188} INFO - [2026-02-16T22:16:23.449+0000] {dagbag.py:545} INFO - Filling up the DagBag from /opt/airflow/dags/main.py
[2026-02-16T22:16:23.493+0000] {processor.py:840} INFO - DAG(s) 'produce_json' retrieved from /opt/airflow/dags/main.py
[2026-02-16T22:16:23.520+0000] {logging_mixin.py:188} INFO - [2026-02-16T22:16:23.520+0000] {dag.py:3096} INFO - Sync 1 DAGs
[2026-02-16T22:16:23.543+0000] {logging_mixin.py:188} INFO - [2026-02-16T22:16:23.543+0000] {dag.py:3954} INFO - Setting next_dagrun for produce_json to 2026-02-16 14:00:00+00:00, run_after=2026-02-17 14:00:00+00:00
[2026-02-16T22:16:23.565+0000] {processor.py:183} INFO - Processing /opt/airflow/dags/main.py took 0.123 seconds
[2026-02-16T22:16:53.710+0000] {processor.py:161} INFO - Started process (PID=3122) to work on /opt/airflow/dags/main.py
[2026-02-16T22:16:53.711+0000] {processor.py:830} INFO - Processing file /opt/airflow/dags/main.py for tasks to queue
[2026-02-16T22:16:53.713+0000] {logging_mixin.py:188} INFO - [2026-02-16T22:16:53.713+0000] {dagbag.py:545} INFO - Filling up the DagBag from /opt/airflow/dags/main.py
[2026-02-16T22:16:53.757+0000] {processor.py:840} INFO - DAG(s) 'produce_json' retrieved from /opt/airflow/dags/main.py
[2026-02-16T22:16:53.788+0000] {logging_mixin.py:188} INFO - [2026-02-16T22:16:53.788+0000] {dag.py:3096} INFO - Sync 1 DAGs
[2026-02-16T22:16:53.809+0000] {logging_mixin.py:188} INFO - [2026-02-16T22:16:53.809+0000] {dag.py:3954} INFO - Setting next_dagrun for produce_json to 2026-02-16 14:00:00+00:00, run_after=2026-02-17 14:00:00+00:00
[2026-02-16T22:16:53.832+0000] {processor.py:183} INFO - Processing /opt/airflow/dags/main.py took 0.127 seconds
[2026-02-16T22:17:24.038+0000] {processor.py:161} INFO - Started process (PID=3129) to work on /opt/airflow/dags/main.py
[2026-02-16T22:17:24.039+0000] {processor.py:830} INFO - Processing file /opt/airflow/dags/main.py for tasks to queue
[2026-02-16T22:17:24.041+0000] {logging_mixin.py:188} INFO - [2026-02-16T22:17:24.041+0000] {dagbag.py:545} INFO - Filling up the DagBag from /opt/airflow/dags/main.py
[2026-02-16T22:17:24.095+0000] {processor.py:840} INFO - DAG(s) 'produce_json' retrieved from /opt/airflow/dags/main.py
[2026-02-16T22:17:24.124+0000] {logging_mixin.py:188} INFO - [2026-02-16T22:17:24.124+0000] {dag.py:3096} INFO - Sync 1 DAGs
[2026-02-16T22:17:24.147+0000] {logging_mixin.py:188} INFO - [2026-02-16T22:17:24.147+0000] {dag.py:3954} INFO - Setting next_dagrun for produce_json to 2026-02-16 14:00:00+00:00, run_after=2026-02-17 14:00:00+00:00
[2026-02-16T22:17:24.168+0000] {processor.py:183} INFO - Processing /opt/airflow/dags/main.py took 0.135 seconds
[2026-02-16T22:17:54.306+0000] {processor.py:161} INFO - Started process (PID=3142) to work on /opt/airflow/dags/main.py
[2026-02-16T22:17:54.307+0000] {processor.py:830} INFO - Processing file /opt/airflow/dags/main.py for tasks to queue
[2026-02-16T22:17:54.309+0000] {logging_mixin.py:188} INFO - [2026-02-16T22:17:54.309+0000] {dagbag.py:545} INFO - Filling up the DagBag from /opt/airflow/dags/main.py
[2026-02-16T22:17:54.353+0000] {processor.py:840} INFO - DAG(s) 'produce_json' retrieved from /opt/airflow/dags/main.py
[2026-02-16T22:17:54.380+0000] {logging_mixin.py:188} INFO - [2026-02-16T22:17:54.380+0000] {dag.py:3096} INFO - Sync 1 DAGs
[2026-02-16T22:17:54.402+0000] {logging_mixin.py:188} INFO - [2026-02-16T22:17:54.402+0000] {dag.py:3954} INFO - Setting next_dagrun for produce_json to 2026-02-16 14:00:00+00:00, run_after=2026-02-17 14:00:00+00:00
[2026-02-16T22:17:54.426+0000] {processor.py:183} INFO - Processing /opt/airflow/dags/main.py took 0.126 seconds
[2026-02-16T22:18:24.633+0000] {processor.py:161} INFO - Started process (PID=3149) to work on /opt/airflow/dags/main.py
[2026-02-16T22:18:24.634+0000] {processor.py:830} INFO - Processing file /opt/airflow/dags/main.py for tasks to queue
[2026-02-16T22:18:24.637+0000] {logging_mixin.py:188} INFO - [2026-02-16T22:18:24.636+0000] {dagbag.py:545} INFO - Filling up the DagBag from /opt/airflow/dags/main.py
[2026-02-16T22:18:24.675+0000] {processor.py:840} INFO - DAG(s) 'produce_json' retrieved from /opt/airflow/dags/main.py
[2026-02-16T22:18:24.702+0000] {logging_mixin.py:188} INFO - [2026-02-16T22:18:24.702+0000] {dag.py:3096} INFO - Sync 1 DAGs
[2026-02-16T22:18:24.723+0000] {logging_mixin.py:188} INFO - [2026-02-16T22:18:24.723+0000] {dag.py:3954} INFO - Setting next_dagrun for produce_json to 2026-02-16 14:00:00+00:00, run_after=2026-02-17 14:00:00+00:00
[2026-02-16T22:18:24.755+0000] {processor.py:183} INFO - Processing /opt/airflow/dags/main.py took 0.126 seconds
[2026-02-16T22:18:54.946+0000] {processor.py:161} INFO - Started process (PID=3156) to work on /opt/airflow/dags/main.py
[2026-02-16T22:18:54.947+0000] {processor.py:830} INFO - Processing file /opt/airflow/dags/main.py for tasks to queue
[2026-02-16T22:18:54.950+0000] {logging_mixin.py:188} INFO - [2026-02-16T22:18:54.950+0000] {dagbag.py:545} INFO - Filling up the DagBag from /opt/airflow/dags/main.py
[2026-02-16T22:18:54.993+0000] {processor.py:840} INFO - DAG(s) 'produce_json' retrieved from /opt/airflow/dags/main.py
[2026-02-16T22:18:55.023+0000] {logging_mixin.py:188} INFO - [2026-02-16T22:18:55.023+0000] {dag.py:3096} INFO - Sync 1 DAGs
[2026-02-16T22:18:55.046+0000] {logging_mixin.py:188} INFO - [2026-02-16T22:18:55.046+0000] {dag.py:3954} INFO - Setting next_dagrun for produce_json to 2026-02-16 14:00:00+00:00, run_after=2026-02-17 14:00:00+00:00
[2026-02-16T22:18:55.080+0000] {processor.py:183} INFO - Processing /opt/airflow/dags/main.py took 0.139 seconds
[2026-02-16T22:19:25.247+0000] {processor.py:161} INFO - Started process (PID=3163) to work on /opt/airflow/dags/main.py
[2026-02-16T22:19:25.248+0000] {processor.py:830} INFO - Processing file /opt/airflow/dags/main.py for tasks to queue
[2026-02-16T22:19:25.250+0000] {logging_mixin.py:188} INFO - [2026-02-16T22:19:25.250+0000] {dagbag.py:545} INFO - Filling up the DagBag from /opt/airflow/dags/main.py
[2026-02-16T22:19:25.298+0000] {processor.py:840} INFO - DAG(s) 'produce_json' retrieved from /opt/airflow/dags/main.py
[2026-02-16T22:19:25.325+0000] {logging_mixin.py:188} INFO - [2026-02-16T22:19:25.325+0000] {dag.py:3096} INFO - Sync 1 DAGs
[2026-02-16T22:19:25.347+0000] {logging_mixin.py:188} INFO - [2026-02-16T22:19:25.346+0000] {dag.py:3954} INFO - Setting next_dagrun for produce_json to 2026-02-16 14:00:00+00:00, run_after=2026-02-17 14:00:00+00:00
[2026-02-16T22:19:25.371+0000] {processor.py:183} INFO - Processing /opt/airflow/dags/main.py took 0.130 seconds
[2026-02-16T22:19:55.596+0000] {processor.py:161} INFO - Started process (PID=3170) to work on /opt/airflow/dags/main.py
[2026-02-16T22:19:55.597+0000] {processor.py:830} INFO - Processing file /opt/airflow/dags/main.py for tasks to queue
[2026-02-16T22:19:55.599+0000] {logging_mixin.py:188} INFO - [2026-02-16T22:19:55.599+0000] {dagbag.py:545} INFO - Filling up the DagBag from /opt/airflow/dags/main.py
[2026-02-16T22:19:55.644+0000] {processor.py:840} INFO - DAG(s) 'produce_json' retrieved from /opt/airflow/dags/main.py
[2026-02-16T22:19:55.673+0000] {logging_mixin.py:188} INFO - [2026-02-16T22:19:55.673+0000] {dag.py:3096} INFO - Sync 1 DAGs
[2026-02-16T22:19:55.699+0000] {logging_mixin.py:188} INFO - [2026-02-16T22:19:55.699+0000] {dag.py:3954} INFO - Setting next_dagrun for produce_json to 2026-02-16 14:00:00+00:00, run_after=2026-02-17 14:00:00+00:00
[2026-02-16T22:19:55.733+0000] {processor.py:183} INFO - Processing /opt/airflow/dags/main.py took 0.142 seconds
[2026-02-16T22:20:25.836+0000] {processor.py:161} INFO - Started process (PID=3177) to work on /opt/airflow/dags/main.py
[2026-02-16T22:20:25.837+0000] {processor.py:830} INFO - Processing file /opt/airflow/dags/main.py for tasks to queue
[2026-02-16T22:20:25.838+0000] {logging_mixin.py:188} INFO - [2026-02-16T22:20:25.838+0000] {dagbag.py:545} INFO - Filling up the DagBag from /opt/airflow/dags/main.py
[2026-02-16T22:20:25.878+0000] {processor.py:840} INFO - DAG(s) 'produce_json' retrieved from /opt/airflow/dags/main.py
[2026-02-16T22:20:25.911+0000] {logging_mixin.py:188} INFO - [2026-02-16T22:20:25.911+0000] {dag.py:3096} INFO - Sync 1 DAGs
[2026-02-16T22:20:25.934+0000] {logging_mixin.py:188} INFO - [2026-02-16T22:20:25.934+0000] {dag.py:3954} INFO - Setting next_dagrun for produce_json to 2026-02-16 14:00:00+00:00, run_after=2026-02-17 14:00:00+00:00
[2026-02-16T22:20:25.960+0000] {processor.py:183} INFO - Processing /opt/airflow/dags/main.py took 0.130 seconds
[2026-02-16T22:20:56.246+0000] {processor.py:161} INFO - Started process (PID=3184) to work on /opt/airflow/dags/main.py
[2026-02-16T22:20:56.247+0000] {processor.py:830} INFO - Processing file /opt/airflow/dags/main.py for tasks to queue
[2026-02-16T22:20:56.249+0000] {logging_mixin.py:188} INFO - [2026-02-16T22:20:56.249+0000] {dagbag.py:545} INFO - Filling up the DagBag from /opt/airflow/dags/main.py
[2026-02-16T22:20:56.291+0000] {processor.py:840} INFO - DAG(s) 'produce_json' retrieved from /opt/airflow/dags/main.py
[2026-02-16T22:20:56.323+0000] {logging_mixin.py:188} INFO - [2026-02-16T22:20:56.323+0000] {dag.py:3096} INFO - Sync 1 DAGs
[2026-02-16T22:20:56.347+0000] {logging_mixin.py:188} INFO - [2026-02-16T22:20:56.346+0000] {dag.py:3954} INFO - Setting next_dagrun for produce_json to 2026-02-16 14:00:00+00:00, run_after=2026-02-17 14:00:00+00:00
[2026-02-16T22:20:56.378+0000] {processor.py:183} INFO - Processing /opt/airflow/dags/main.py took 0.137 seconds
[2026-02-16T22:21:26.478+0000] {processor.py:161} INFO - Started process (PID=3191) to work on /opt/airflow/dags/main.py
[2026-02-16T22:21:26.479+0000] {processor.py:830} INFO - Processing file /opt/airflow/dags/main.py for tasks to queue
[2026-02-16T22:21:26.481+0000] {logging_mixin.py:188} INFO - [2026-02-16T22:21:26.480+0000] {dagbag.py:545} INFO - Filling up the DagBag from /opt/airflow/dags/main.py
[2026-02-16T22:21:26.521+0000] {processor.py:840} INFO - DAG(s) 'produce_json' retrieved from /opt/airflow/dags/main.py
[2026-02-16T22:21:26.549+0000] {logging_mixin.py:188} INFO - [2026-02-16T22:21:26.549+0000] {dag.py:3096} INFO - Sync 1 DAGs
[2026-02-16T22:21:26.569+0000] {logging_mixin.py:188} INFO - [2026-02-16T22:21:26.569+0000] {dag.py:3954} INFO - Setting next_dagrun for produce_json to 2026-02-16 14:00:00+00:00, run_after=2026-02-17 14:00:00+00:00
[2026-02-16T22:21:26.600+0000] {processor.py:183} INFO - Processing /opt/airflow/dags/main.py took 0.128 seconds
[2026-02-16T22:21:56.729+0000] {processor.py:161} INFO - Started process (PID=3198) to work on /opt/airflow/dags/main.py
[2026-02-16T22:21:56.730+0000] {processor.py:830} INFO - Processing file /opt/airflow/dags/main.py for tasks to queue
[2026-02-16T22:21:56.732+0000] {logging_mixin.py:188} INFO - [2026-02-16T22:21:56.732+0000] {dagbag.py:545} INFO - Filling up the DagBag from /opt/airflow/dags/main.py
[2026-02-16T22:21:56.772+0000] {processor.py:840} INFO - DAG(s) 'produce_json' retrieved from /opt/airflow/dags/main.py
[2026-02-16T22:21:56.801+0000] {logging_mixin.py:188} INFO - [2026-02-16T22:21:56.800+0000] {dag.py:3096} INFO - Sync 1 DAGs
[2026-02-16T22:21:56.824+0000] {logging_mixin.py:188} INFO - [2026-02-16T22:21:56.824+0000] {dag.py:3954} INFO - Setting next_dagrun for produce_json to 2026-02-16 14:00:00+00:00, run_after=2026-02-17 14:00:00+00:00
[2026-02-16T22:21:56.857+0000] {processor.py:183} INFO - Processing /opt/airflow/dags/main.py took 0.134 seconds
[2026-02-16T22:22:27.082+0000] {processor.py:161} INFO - Started process (PID=3205) to work on /opt/airflow/dags/main.py
[2026-02-16T22:22:27.083+0000] {processor.py:830} INFO - Processing file /opt/airflow/dags/main.py for tasks to queue
[2026-02-16T22:22:27.085+0000] {logging_mixin.py:188} INFO - [2026-02-16T22:22:27.085+0000] {dagbag.py:545} INFO - Filling up the DagBag from /opt/airflow/dags/main.py
[2026-02-16T22:22:27.137+0000] {processor.py:840} INFO - DAG(s) 'produce_json' retrieved from /opt/airflow/dags/main.py
[2026-02-16T22:22:27.170+0000] {logging_mixin.py:188} INFO - [2026-02-16T22:22:27.169+0000] {dag.py:3096} INFO - Sync 1 DAGs
[2026-02-16T22:22:27.190+0000] {logging_mixin.py:188} INFO - [2026-02-16T22:22:27.190+0000] {dag.py:3954} INFO - Setting next_dagrun for produce_json to 2026-02-16 14:00:00+00:00, run_after=2026-02-17 14:00:00+00:00
[2026-02-16T22:22:27.212+0000] {processor.py:183} INFO - Processing /opt/airflow/dags/main.py took 0.135 seconds
[2026-02-16T22:22:57.335+0000] {processor.py:161} INFO - Started process (PID=3212) to work on /opt/airflow/dags/main.py
[2026-02-16T22:22:57.336+0000] {processor.py:830} INFO - Processing file /opt/airflow/dags/main.py for tasks to queue
[2026-02-16T22:22:57.338+0000] {logging_mixin.py:188} INFO - [2026-02-16T22:22:57.338+0000] {dagbag.py:545} INFO - Filling up the DagBag from /opt/airflow/dags/main.py
[2026-02-16T22:22:57.384+0000] {processor.py:840} INFO - DAG(s) 'produce_json' retrieved from /opt/airflow/dags/main.py
[2026-02-16T22:22:57.413+0000] {logging_mixin.py:188} INFO - [2026-02-16T22:22:57.413+0000] {dag.py:3096} INFO - Sync 1 DAGs
[2026-02-16T22:22:57.435+0000] {logging_mixin.py:188} INFO - [2026-02-16T22:22:57.435+0000] {dag.py:3954} INFO - Setting next_dagrun for produce_json to 2026-02-16 14:00:00+00:00, run_after=2026-02-17 14:00:00+00:00
[2026-02-16T22:22:57.466+0000] {processor.py:183} INFO - Processing /opt/airflow/dags/main.py took 0.136 seconds
[2026-02-16T22:23:27.679+0000] {processor.py:161} INFO - Started process (PID=3219) to work on /opt/airflow/dags/main.py
[2026-02-16T22:23:27.681+0000] {processor.py:830} INFO - Processing file /opt/airflow/dags/main.py for tasks to queue
[2026-02-16T22:23:27.683+0000] {logging_mixin.py:188} INFO - [2026-02-16T22:23:27.683+0000] {dagbag.py:545} INFO - Filling up the DagBag from /opt/airflow/dags/main.py
[2026-02-16T22:23:27.736+0000] {processor.py:840} INFO - DAG(s) 'produce_json' retrieved from /opt/airflow/dags/main.py
[2026-02-16T22:23:27.771+0000] {logging_mixin.py:188} INFO - [2026-02-16T22:23:27.770+0000] {dag.py:3096} INFO - Sync 1 DAGs
[2026-02-16T22:23:27.795+0000] {logging_mixin.py:188} INFO - [2026-02-16T22:23:27.795+0000] {dag.py:3954} INFO - Setting next_dagrun for produce_json to 2026-02-16 14:00:00+00:00, run_after=2026-02-17 14:00:00+00:00
[2026-02-16T22:23:27.821+0000] {processor.py:183} INFO - Processing /opt/airflow/dags/main.py took 0.150 seconds
[2026-02-16T22:23:57.938+0000] {processor.py:161} INFO - Started process (PID=3226) to work on /opt/airflow/dags/main.py
[2026-02-16T22:23:57.939+0000] {processor.py:830} INFO - Processing file /opt/airflow/dags/main.py for tasks to queue
[2026-02-16T22:23:57.941+0000] {logging_mixin.py:188} INFO - [2026-02-16T22:23:57.941+0000] {dagbag.py:545} INFO - Filling up the DagBag from /opt/airflow/dags/main.py
[2026-02-16T22:23:58.002+0000] {processor.py:840} INFO - DAG(s) 'produce_json' retrieved from /opt/airflow/dags/main.py
[2026-02-16T22:23:58.033+0000] {logging_mixin.py:188} INFO - [2026-02-16T22:23:58.033+0000] {dag.py:3096} INFO - Sync 1 DAGs
[2026-02-16T22:23:58.055+0000] {logging_mixin.py:188} INFO - [2026-02-16T22:23:58.055+0000] {dag.py:3954} INFO - Setting next_dagrun for produce_json to 2026-02-16 14:00:00+00:00, run_after=2026-02-17 14:00:00+00:00
[2026-02-16T22:23:58.078+0000] {processor.py:183} INFO - Processing /opt/airflow/dags/main.py took 0.146 seconds
[2026-02-16T22:24:28.309+0000] {processor.py:161} INFO - Started process (PID=3233) to work on /opt/airflow/dags/main.py
[2026-02-16T22:24:28.310+0000] {processor.py:830} INFO - Processing file /opt/airflow/dags/main.py for tasks to queue
[2026-02-16T22:24:28.312+0000] {logging_mixin.py:188} INFO - [2026-02-16T22:24:28.311+0000] {dagbag.py:545} INFO - Filling up the DagBag from /opt/airflow/dags/main.py
[2026-02-16T22:24:28.368+0000] {processor.py:840} INFO - DAG(s) 'produce_json' retrieved from /opt/airflow/dags/main.py
[2026-02-16T22:24:28.408+0000] {logging_mixin.py:188} INFO - [2026-02-16T22:24:28.408+0000] {dag.py:3096} INFO - Sync 1 DAGs
[2026-02-16T22:24:28.437+0000] {logging_mixin.py:188} INFO - [2026-02-16T22:24:28.437+0000] {dag.py:3954} INFO - Setting next_dagrun for produce_json to 2026-02-16 14:00:00+00:00, run_after=2026-02-17 14:00:00+00:00
[2026-02-16T22:24:28.463+0000] {processor.py:183} INFO - Processing /opt/airflow/dags/main.py took 0.160 seconds
[2026-02-16T22:24:58.523+0000] {processor.py:161} INFO - Started process (PID=3240) to work on /opt/airflow/dags/main.py
[2026-02-16T22:24:58.524+0000] {processor.py:830} INFO - Processing file /opt/airflow/dags/main.py for tasks to queue
[2026-02-16T22:24:58.526+0000] {logging_mixin.py:188} INFO - [2026-02-16T22:24:58.525+0000] {dagbag.py:545} INFO - Filling up the DagBag from /opt/airflow/dags/main.py
[2026-02-16T22:24:58.576+0000] {processor.py:840} INFO - DAG(s) 'produce_json' retrieved from /opt/airflow/dags/main.py
[2026-02-16T22:24:58.606+0000] {logging_mixin.py:188} INFO - [2026-02-16T22:24:58.606+0000] {dag.py:3096} INFO - Sync 1 DAGs
[2026-02-16T22:24:58.627+0000] {logging_mixin.py:188} INFO - [2026-02-16T22:24:58.627+0000] {dag.py:3954} INFO - Setting next_dagrun for produce_json to 2026-02-16 14:00:00+00:00, run_after=2026-02-17 14:00:00+00:00
[2026-02-16T22:24:58.662+0000] {processor.py:183} INFO - Processing /opt/airflow/dags/main.py took 0.145 seconds
[2026-02-16T22:25:28.776+0000] {processor.py:161} INFO - Started process (PID=3248) to work on /opt/airflow/dags/main.py
[2026-02-16T22:25:28.777+0000] {processor.py:830} INFO - Processing file /opt/airflow/dags/main.py for tasks to queue
[2026-02-16T22:25:28.779+0000] {logging_mixin.py:188} INFO - [2026-02-16T22:25:28.779+0000] {dagbag.py:545} INFO - Filling up the DagBag from /opt/airflow/dags/main.py
[2026-02-16T22:25:28.827+0000] {processor.py:840} INFO - DAG(s) 'produce_json' retrieved from /opt/airflow/dags/main.py
[2026-02-16T22:25:28.857+0000] {logging_mixin.py:188} INFO - [2026-02-16T22:25:28.857+0000] {dag.py:3096} INFO - Sync 1 DAGs
[2026-02-16T22:25:28.878+0000] {logging_mixin.py:188} INFO - [2026-02-16T22:25:28.878+0000] {dag.py:3954} INFO - Setting next_dagrun for produce_json to 2026-02-16 14:00:00+00:00, run_after=2026-02-17 14:00:00+00:00
[2026-02-16T22:25:28.911+0000] {processor.py:183} INFO - Processing /opt/airflow/dags/main.py took 0.141 seconds
[2026-02-16T22:25:59.116+0000] {processor.py:161} INFO - Started process (PID=3255) to work on /opt/airflow/dags/main.py
[2026-02-16T22:25:59.117+0000] {processor.py:830} INFO - Processing file /opt/airflow/dags/main.py for tasks to queue
[2026-02-16T22:25:59.119+0000] {logging_mixin.py:188} INFO - [2026-02-16T22:25:59.118+0000] {dagbag.py:545} INFO - Filling up the DagBag from /opt/airflow/dags/main.py
[2026-02-16T22:25:59.159+0000] {processor.py:840} INFO - DAG(s) 'produce_json' retrieved from /opt/airflow/dags/main.py
[2026-02-16T22:25:59.187+0000] {logging_mixin.py:188} INFO - [2026-02-16T22:25:59.187+0000] {dag.py:3096} INFO - Sync 1 DAGs
[2026-02-16T22:25:59.207+0000] {logging_mixin.py:188} INFO - [2026-02-16T22:25:59.207+0000] {dag.py:3954} INFO - Setting next_dagrun for produce_json to 2026-02-16 14:00:00+00:00, run_after=2026-02-17 14:00:00+00:00
[2026-02-16T22:25:59.243+0000] {processor.py:183} INFO - Processing /opt/airflow/dags/main.py took 0.132 seconds
[2026-02-16T22:26:29.379+0000] {processor.py:161} INFO - Started process (PID=3262) to work on /opt/airflow/dags/main.py
[2026-02-16T22:26:29.380+0000] {processor.py:830} INFO - Processing file /opt/airflow/dags/main.py for tasks to queue
[2026-02-16T22:26:29.382+0000] {logging_mixin.py:188} INFO - [2026-02-16T22:26:29.382+0000] {dagbag.py:545} INFO - Filling up the DagBag from /opt/airflow/dags/main.py
[2026-02-16T22:26:29.432+0000] {processor.py:840} INFO - DAG(s) 'produce_json' retrieved from /opt/airflow/dags/main.py
[2026-02-16T22:26:29.460+0000] {logging_mixin.py:188} INFO - [2026-02-16T22:26:29.460+0000] {dag.py:3096} INFO - Sync 1 DAGs
[2026-02-16T22:26:29.481+0000] {logging_mixin.py:188} INFO - [2026-02-16T22:26:29.481+0000] {dag.py:3954} INFO - Setting next_dagrun for produce_json to 2026-02-16 14:00:00+00:00, run_after=2026-02-17 14:00:00+00:00
[2026-02-16T22:26:29.503+0000] {processor.py:183} INFO - Processing /opt/airflow/dags/main.py took 0.130 seconds
[2026-02-16T22:26:59.742+0000] {processor.py:161} INFO - Started process (PID=3269) to work on /opt/airflow/dags/main.py
[2026-02-16T22:26:59.743+0000] {processor.py:830} INFO - Processing file /opt/airflow/dags/main.py for tasks to queue
[2026-02-16T22:26:59.745+0000] {logging_mixin.py:188} INFO - [2026-02-16T22:26:59.744+0000] {dagbag.py:545} INFO - Filling up the DagBag from /opt/airflow/dags/main.py
[2026-02-16T22:26:59.789+0000] {processor.py:840} INFO - DAG(s) 'produce_json' retrieved from /opt/airflow/dags/main.py
[2026-02-16T22:26:59.819+0000] {logging_mixin.py:188} INFO - [2026-02-16T22:26:59.818+0000] {dag.py:3096} INFO - Sync 1 DAGs
[2026-02-16T22:26:59.842+0000] {logging_mixin.py:188} INFO - [2026-02-16T22:26:59.842+0000] {dag.py:3954} INFO - Setting next_dagrun for produce_json to 2026-02-16 14:00:00+00:00, run_after=2026-02-17 14:00:00+00:00
[2026-02-16T22:26:59.864+0000] {processor.py:183} INFO - Processing /opt/airflow/dags/main.py took 0.128 seconds
[2026-02-16T22:27:29.978+0000] {processor.py:161} INFO - Started process (PID=3276) to work on /opt/airflow/dags/main.py
[2026-02-16T22:27:29.979+0000] {processor.py:830} INFO - Processing file /opt/airflow/dags/main.py for tasks to queue
[2026-02-16T22:27:29.981+0000] {logging_mixin.py:188} INFO - [2026-02-16T22:27:29.981+0000] {dagbag.py:545} INFO - Filling up the DagBag from /opt/airflow/dags/main.py
[2026-02-16T22:27:30.032+0000] {processor.py:840} INFO - DAG(s) 'produce_json' retrieved from /opt/airflow/dags/main.py
[2026-02-16T22:27:30.067+0000] {logging_mixin.py:188} INFO - [2026-02-16T22:27:30.066+0000] {dag.py:3096} INFO - Sync 1 DAGs
[2026-02-16T22:27:30.096+0000] {logging_mixin.py:188} INFO - [2026-02-16T22:27:30.096+0000] {dag.py:3954} INFO - Setting next_dagrun for produce_json to 2026-02-16 14:00:00+00:00, run_after=2026-02-17 14:00:00+00:00
[2026-02-16T22:27:30.133+0000] {processor.py:183} INFO - Processing /opt/airflow/dags/main.py took 0.161 seconds
[2026-02-16T22:28:00.355+0000] {processor.py:161} INFO - Started process (PID=3283) to work on /opt/airflow/dags/main.py
[2026-02-16T22:28:00.356+0000] {processor.py:830} INFO - Processing file /opt/airflow/dags/main.py for tasks to queue
[2026-02-16T22:28:00.358+0000] {logging_mixin.py:188} INFO - [2026-02-16T22:28:00.357+0000] {dagbag.py:545} INFO - Filling up the DagBag from /opt/airflow/dags/main.py
[2026-02-16T22:28:00.408+0000] {processor.py:840} INFO - DAG(s) 'produce_json' retrieved from /opt/airflow/dags/main.py
[2026-02-16T22:28:00.436+0000] {logging_mixin.py:188} INFO - [2026-02-16T22:28:00.436+0000] {dag.py:3096} INFO - Sync 1 DAGs
[2026-02-16T22:28:00.460+0000] {logging_mixin.py:188} INFO - [2026-02-16T22:28:00.460+0000] {dag.py:3954} INFO - Setting next_dagrun for produce_json to 2026-02-16 14:00:00+00:00, run_after=2026-02-17 14:00:00+00:00
[2026-02-16T22:28:00.491+0000] {processor.py:183} INFO - Processing /opt/airflow/dags/main.py took 0.143 seconds
[2026-02-16T22:28:30.647+0000] {processor.py:161} INFO - Started process (PID=3290) to work on /opt/airflow/dags/main.py
[2026-02-16T22:28:30.648+0000] {processor.py:830} INFO - Processing file /opt/airflow/dags/main.py for tasks to queue
[2026-02-16T22:28:30.650+0000] {logging_mixin.py:188} INFO - [2026-02-16T22:28:30.650+0000] {dagbag.py:545} INFO - Filling up the DagBag from /opt/airflow/dags/main.py
[2026-02-16T22:28:30.696+0000] {processor.py:840} INFO - DAG(s) 'produce_json' retrieved from /opt/airflow/dags/main.py
[2026-02-16T22:28:30.725+0000] {logging_mixin.py:188} INFO - [2026-02-16T22:28:30.725+0000] {dag.py:3096} INFO - Sync 1 DAGs
[2026-02-16T22:28:30.752+0000] {logging_mixin.py:188} INFO - [2026-02-16T22:28:30.751+0000] {dag.py:3954} INFO - Setting next_dagrun for produce_json to 2026-02-16 14:00:00+00:00, run_after=2026-02-17 14:00:00+00:00
[2026-02-16T22:28:30.785+0000] {processor.py:183} INFO - Processing /opt/airflow/dags/main.py took 0.143 seconds
[2026-02-16T22:29:00.957+0000] {processor.py:161} INFO - Started process (PID=3297) to work on /opt/airflow/dags/main.py
[2026-02-16T22:29:00.958+0000] {processor.py:830} INFO - Processing file /opt/airflow/dags/main.py for tasks to queue
[2026-02-16T22:29:00.960+0000] {logging_mixin.py:188} INFO - [2026-02-16T22:29:00.959+0000] {dagbag.py:545} INFO - Filling up the DagBag from /opt/airflow/dags/main.py
[2026-02-16T22:29:01.003+0000] {processor.py:840} INFO - DAG(s) 'produce_json' retrieved from /opt/airflow/dags/main.py
[2026-02-16T22:29:01.033+0000] {logging_mixin.py:188} INFO - [2026-02-16T22:29:01.033+0000] {dag.py:3096} INFO - Sync 1 DAGs
[2026-02-16T22:29:01.055+0000] {logging_mixin.py:188} INFO - [2026-02-16T22:29:01.054+0000] {dag.py:3954} INFO - Setting next_dagrun for produce_json to 2026-02-16 14:00:00+00:00, run_after=2026-02-17 14:00:00+00:00
[2026-02-16T22:29:01.076+0000] {processor.py:183} INFO - Processing /opt/airflow/dags/main.py took 0.125 seconds
[2026-02-16T22:29:31.212+0000] {processor.py:161} INFO - Started process (PID=3304) to work on /opt/airflow/dags/main.py
[2026-02-16T22:29:31.213+0000] {processor.py:830} INFO - Processing file /opt/airflow/dags/main.py for tasks to queue
[2026-02-16T22:29:31.215+0000] {logging_mixin.py:188} INFO - [2026-02-16T22:29:31.215+0000] {dagbag.py:545} INFO - Filling up the DagBag from /opt/airflow/dags/main.py
[2026-02-16T22:29:31.259+0000] {processor.py:840} INFO - DAG(s) 'produce_json' retrieved from /opt/airflow/dags/main.py
[2026-02-16T22:29:31.288+0000] {logging_mixin.py:188} INFO - [2026-02-16T22:29:31.288+0000] {dag.py:3096} INFO - Sync 1 DAGs
[2026-02-16T22:29:31.309+0000] {logging_mixin.py:188} INFO - [2026-02-16T22:29:31.309+0000] {dag.py:3954} INFO - Setting next_dagrun for produce_json to 2026-02-16 14:00:00+00:00, run_after=2026-02-17 14:00:00+00:00
[2026-02-16T22:29:31.332+0000] {processor.py:183} INFO - Processing /opt/airflow/dags/main.py took 0.125 seconds
[2026-02-16T22:30:01.571+0000] {processor.py:161} INFO - Started process (PID=3311) to work on /opt/airflow/dags/main.py
[2026-02-16T22:30:01.572+0000] {processor.py:830} INFO - Processing file /opt/airflow/dags/main.py for tasks to queue
[2026-02-16T22:30:01.574+0000] {logging_mixin.py:188} INFO - [2026-02-16T22:30:01.574+0000] {dagbag.py:545} INFO - Filling up the DagBag from /opt/airflow/dags/main.py
[2026-02-16T22:30:01.619+0000] {processor.py:840} INFO - DAG(s) 'produce_json' retrieved from /opt/airflow/dags/main.py
[2026-02-16T22:30:01.647+0000] {logging_mixin.py:188} INFO - [2026-02-16T22:30:01.646+0000] {dag.py:3096} INFO - Sync 1 DAGs
[2026-02-16T22:30:01.666+0000] {logging_mixin.py:188} INFO - [2026-02-16T22:30:01.666+0000] {dag.py:3954} INFO - Setting next_dagrun for produce_json to 2026-02-16 14:00:00+00:00, run_after=2026-02-17 14:00:00+00:00
[2026-02-16T22:30:01.696+0000] {processor.py:183} INFO - Processing /opt/airflow/dags/main.py took 0.131 seconds
[2026-02-16T22:30:31.810+0000] {processor.py:161} INFO - Started process (PID=3318) to work on /opt/airflow/dags/main.py
[2026-02-16T22:30:31.811+0000] {processor.py:830} INFO - Processing file /opt/airflow/dags/main.py for tasks to queue
[2026-02-16T22:30:31.814+0000] {logging_mixin.py:188} INFO - [2026-02-16T22:30:31.813+0000] {dagbag.py:545} INFO - Filling up the DagBag from /opt/airflow/dags/main.py
[2026-02-16T22:30:31.860+0000] {processor.py:840} INFO - DAG(s) 'produce_json' retrieved from /opt/airflow/dags/main.py
[2026-02-16T22:30:31.891+0000] {logging_mixin.py:188} INFO - [2026-02-16T22:30:31.891+0000] {dag.py:3096} INFO - Sync 1 DAGs
[2026-02-16T22:30:31.914+0000] {logging_mixin.py:188} INFO - [2026-02-16T22:30:31.914+0000] {dag.py:3954} INFO - Setting next_dagrun for produce_json to 2026-02-16 14:00:00+00:00, run_after=2026-02-17 14:00:00+00:00
[2026-02-16T22:30:31.947+0000] {processor.py:183} INFO - Processing /opt/airflow/dags/main.py took 0.144 seconds
[2026-02-16T22:31:02.133+0000] {processor.py:161} INFO - Started process (PID=3325) to work on /opt/airflow/dags/main.py
[2026-02-16T22:31:02.134+0000] {processor.py:830} INFO - Processing file /opt/airflow/dags/main.py for tasks to queue
[2026-02-16T22:31:02.137+0000] {logging_mixin.py:188} INFO - [2026-02-16T22:31:02.137+0000] {dagbag.py:545} INFO - Filling up the DagBag from /opt/airflow/dags/main.py
[2026-02-16T22:31:02.186+0000] {processor.py:840} INFO - DAG(s) 'produce_json' retrieved from /opt/airflow/dags/main.py
[2026-02-16T22:31:02.212+0000] {logging_mixin.py:188} INFO - [2026-02-16T22:31:02.212+0000] {dag.py:3096} INFO - Sync 1 DAGs
[2026-02-16T22:31:02.242+0000] {logging_mixin.py:188} INFO - [2026-02-16T22:31:02.241+0000] {dag.py:3954} INFO - Setting next_dagrun for produce_json to 2026-02-16 14:00:00+00:00, run_after=2026-02-17 14:00:00+00:00
[2026-02-16T22:31:02.261+0000] {processor.py:183} INFO - Processing /opt/airflow/dags/main.py took 0.135 seconds
[2026-02-16T22:31:32.365+0000] {processor.py:161} INFO - Started process (PID=3332) to work on /opt/airflow/dags/main.py
[2026-02-16T22:31:32.367+0000] {processor.py:830} INFO - Processing file /opt/airflow/dags/main.py for tasks to queue
[2026-02-16T22:31:32.373+0000] {logging_mixin.py:188} INFO - [2026-02-16T22:31:32.372+0000] {dagbag.py:545} INFO - Filling up the DagBag from /opt/airflow/dags/main.py
[2026-02-16T22:31:32.442+0000] {processor.py:840} INFO - DAG(s) 'produce_json' retrieved from /opt/airflow/dags/main.py
[2026-02-16T22:31:32.477+0000] {logging_mixin.py:188} INFO - [2026-02-16T22:31:32.476+0000] {dag.py:3096} INFO - Sync 1 DAGs
[2026-02-16T22:31:32.507+0000] {logging_mixin.py:188} INFO - [2026-02-16T22:31:32.507+0000] {dag.py:3954} INFO - Setting next_dagrun for produce_json to 2026-02-16 14:00:00+00:00, run_after=2026-02-17 14:00:00+00:00
[2026-02-16T22:31:32.533+0000] {processor.py:183} INFO - Processing /opt/airflow/dags/main.py took 0.176 seconds
[2026-02-16T22:32:02.727+0000] {processor.py:161} INFO - Started process (PID=3339) to work on /opt/airflow/dags/main.py
[2026-02-16T22:32:02.728+0000] {processor.py:830} INFO - Processing file /opt/airflow/dags/main.py for tasks to queue
[2026-02-16T22:32:02.731+0000] {logging_mixin.py:188} INFO - [2026-02-16T22:32:02.730+0000] {dagbag.py:545} INFO - Filling up the DagBag from /opt/airflow/dags/main.py
[2026-02-16T22:32:02.786+0000] {processor.py:840} INFO - DAG(s) 'produce_json' retrieved from /opt/airflow/dags/main.py
[2026-02-16T22:32:02.815+0000] {logging_mixin.py:188} INFO - [2026-02-16T22:32:02.814+0000] {dag.py:3096} INFO - Sync 1 DAGs
[2026-02-16T22:32:02.838+0000] {logging_mixin.py:188} INFO - [2026-02-16T22:32:02.838+0000] {dag.py:3954} INFO - Setting next_dagrun for produce_json to 2026-02-16 14:00:00+00:00, run_after=2026-02-17 14:00:00+00:00
[2026-02-16T22:32:02.861+0000] {processor.py:183} INFO - Processing /opt/airflow/dags/main.py took 0.139 seconds
[2026-02-16T22:32:32.980+0000] {processor.py:161} INFO - Started process (PID=3346) to work on /opt/airflow/dags/main.py
[2026-02-16T22:32:32.982+0000] {processor.py:830} INFO - Processing file /opt/airflow/dags/main.py for tasks to queue
[2026-02-16T22:32:32.984+0000] {logging_mixin.py:188} INFO - [2026-02-16T22:32:32.984+0000] {dagbag.py:545} INFO - Filling up the DagBag from /opt/airflow/dags/main.py
[2026-02-16T22:32:33.027+0000] {processor.py:840} INFO - DAG(s) 'produce_json' retrieved from /opt/airflow/dags/main.py
[2026-02-16T22:32:33.054+0000] {logging_mixin.py:188} INFO - [2026-02-16T22:32:33.054+0000] {dag.py:3096} INFO - Sync 1 DAGs
[2026-02-16T22:32:33.075+0000] {logging_mixin.py:188} INFO - [2026-02-16T22:32:33.075+0000] {dag.py:3954} INFO - Setting next_dagrun for produce_json to 2026-02-16 14:00:00+00:00, run_after=2026-02-17 14:00:00+00:00
[2026-02-16T22:32:33.099+0000] {processor.py:183} INFO - Processing /opt/airflow/dags/main.py took 0.124 seconds
[2026-02-16T22:33:03.234+0000] {processor.py:161} INFO - Started process (PID=3353) to work on /opt/airflow/dags/main.py
[2026-02-16T22:33:03.235+0000] {processor.py:830} INFO - Processing file /opt/airflow/dags/main.py for tasks to queue
[2026-02-16T22:33:03.238+0000] {logging_mixin.py:188} INFO - [2026-02-16T22:33:03.237+0000] {dagbag.py:545} INFO - Filling up the DagBag from /opt/airflow/dags/main.py
[2026-02-16T22:33:03.287+0000] {processor.py:840} INFO - DAG(s) 'produce_json' retrieved from /opt/airflow/dags/main.py
[2026-02-16T22:33:03.319+0000] {logging_mixin.py:188} INFO - [2026-02-16T22:33:03.319+0000] {dag.py:3096} INFO - Sync 1 DAGs
[2026-02-16T22:33:03.339+0000] {logging_mixin.py:188} INFO - [2026-02-16T22:33:03.339+0000] {dag.py:3954} INFO - Setting next_dagrun for produce_json to 2026-02-16 14:00:00+00:00, run_after=2026-02-17 14:00:00+00:00
[2026-02-16T22:33:03.371+0000] {processor.py:183} INFO - Processing /opt/airflow/dags/main.py took 0.143 seconds
[2026-02-16T22:33:33.563+0000] {processor.py:161} INFO - Started process (PID=3360) to work on /opt/airflow/dags/main.py
[2026-02-16T22:33:33.564+0000] {processor.py:830} INFO - Processing file /opt/airflow/dags/main.py for tasks to queue
[2026-02-16T22:33:33.566+0000] {logging_mixin.py:188} INFO - [2026-02-16T22:33:33.566+0000] {dagbag.py:545} INFO - Filling up the DagBag from /opt/airflow/dags/main.py
[2026-02-16T22:33:33.612+0000] {processor.py:840} INFO - DAG(s) 'produce_json' retrieved from /opt/airflow/dags/main.py
[2026-02-16T22:33:33.639+0000] {logging_mixin.py:188} INFO - [2026-02-16T22:33:33.639+0000] {dag.py:3096} INFO - Sync 1 DAGs
[2026-02-16T22:33:33.660+0000] {logging_mixin.py:188} INFO - [2026-02-16T22:33:33.659+0000] {dag.py:3954} INFO - Setting next_dagrun for produce_json to 2026-02-16 14:00:00+00:00, run_after=2026-02-17 14:00:00+00:00
[2026-02-16T22:33:33.682+0000] {processor.py:183} INFO - Processing /opt/airflow/dags/main.py took 0.126 seconds
[2026-02-16T22:34:03.856+0000] {processor.py:161} INFO - Started process (PID=3367) to work on /opt/airflow/dags/main.py
[2026-02-16T22:34:03.857+0000] {processor.py:830} INFO - Processing file /opt/airflow/dags/main.py for tasks to queue
[2026-02-16T22:34:03.860+0000] {logging_mixin.py:188} INFO - [2026-02-16T22:34:03.859+0000] {dagbag.py:545} INFO - Filling up the DagBag from /opt/airflow/dags/main.py
[2026-02-16T22:34:03.906+0000] {processor.py:840} INFO - DAG(s) 'produce_json' retrieved from /opt/airflow/dags/main.py
[2026-02-16T22:34:03.932+0000] {logging_mixin.py:188} INFO - [2026-02-16T22:34:03.932+0000] {dag.py:3096} INFO - Sync 1 DAGs
[2026-02-16T22:34:03.956+0000] {logging_mixin.py:188} INFO - [2026-02-16T22:34:03.956+0000] {dag.py:3954} INFO - Setting next_dagrun for produce_json to 2026-02-16 14:00:00+00:00, run_after=2026-02-17 14:00:00+00:00
[2026-02-16T22:34:03.978+0000] {processor.py:183} INFO - Processing /opt/airflow/dags/main.py took 0.128 seconds
[2026-02-16T22:34:34.155+0000] {processor.py:161} INFO - Started process (PID=3374) to work on /opt/airflow/dags/main.py
[2026-02-16T22:34:34.156+0000] {processor.py:830} INFO - Processing file /opt/airflow/dags/main.py for tasks to queue
[2026-02-16T22:34:34.159+0000] {logging_mixin.py:188} INFO - [2026-02-16T22:34:34.158+0000] {dagbag.py:545} INFO - Filling up the DagBag from /opt/airflow/dags/main.py
[2026-02-16T22:34:34.204+0000] {processor.py:840} INFO - DAG(s) 'produce_json' retrieved from /opt/airflow/dags/main.py
[2026-02-16T22:34:34.231+0000] {logging_mixin.py:188} INFO - [2026-02-16T22:34:34.231+0000] {dag.py:3096} INFO - Sync 1 DAGs
[2026-02-16T22:34:34.253+0000] {logging_mixin.py:188} INFO - [2026-02-16T22:34:34.253+0000] {dag.py:3954} INFO - Setting next_dagrun for produce_json to 2026-02-16 14:00:00+00:00, run_after=2026-02-17 14:00:00+00:00
[2026-02-16T22:34:34.286+0000] {processor.py:183} INFO - Processing /opt/airflow/dags/main.py took 0.136 seconds
[2026-02-16T22:35:04.510+0000] {processor.py:161} INFO - Started process (PID=3381) to work on /opt/airflow/dags/main.py
[2026-02-16T22:35:04.511+0000] {processor.py:830} INFO - Processing file /opt/airflow/dags/main.py for tasks to queue
[2026-02-16T22:35:04.513+0000] {logging_mixin.py:188} INFO - [2026-02-16T22:35:04.513+0000] {dagbag.py:545} INFO - Filling up the DagBag from /opt/airflow/dags/main.py
[2026-02-16T22:35:04.555+0000] {processor.py:840} INFO - DAG(s) 'produce_json' retrieved from /opt/airflow/dags/main.py
[2026-02-16T22:35:04.584+0000] {logging_mixin.py:188} INFO - [2026-02-16T22:35:04.584+0000] {dag.py:3096} INFO - Sync 1 DAGs
[2026-02-16T22:35:04.603+0000] {logging_mixin.py:188} INFO - [2026-02-16T22:35:04.603+0000] {dag.py:3954} INFO - Setting next_dagrun for produce_json to 2026-02-16 14:00:00+00:00, run_after=2026-02-17 14:00:00+00:00
[2026-02-16T22:35:04.624+0000] {processor.py:183} INFO - Processing /opt/airflow/dags/main.py took 0.119 seconds
[2026-02-16T22:35:34.732+0000] {processor.py:161} INFO - Started process (PID=3388) to work on /opt/airflow/dags/main.py
[2026-02-16T22:35:34.733+0000] {processor.py:830} INFO - Processing file /opt/airflow/dags/main.py for tasks to queue
[2026-02-16T22:35:34.735+0000] {logging_mixin.py:188} INFO - [2026-02-16T22:35:34.735+0000] {dagbag.py:545} INFO - Filling up the DagBag from /opt/airflow/dags/main.py
[2026-02-16T22:35:34.781+0000] {processor.py:840} INFO - DAG(s) 'produce_json' retrieved from /opt/airflow/dags/main.py
[2026-02-16T22:35:34.808+0000] {logging_mixin.py:188} INFO - [2026-02-16T22:35:34.807+0000] {dag.py:3096} INFO - Sync 1 DAGs
[2026-02-16T22:35:34.829+0000] {logging_mixin.py:188} INFO - [2026-02-16T22:35:34.828+0000] {dag.py:3954} INFO - Setting next_dagrun for produce_json to 2026-02-16 14:00:00+00:00, run_after=2026-02-17 14:00:00+00:00
[2026-02-16T22:35:34.852+0000] {processor.py:183} INFO - Processing /opt/airflow/dags/main.py took 0.126 seconds
[2026-02-16T22:36:05.148+0000] {processor.py:161} INFO - Started process (PID=3395) to work on /opt/airflow/dags/main.py
[2026-02-16T22:36:05.149+0000] {processor.py:830} INFO - Processing file /opt/airflow/dags/main.py for tasks to queue
[2026-02-16T22:36:05.152+0000] {logging_mixin.py:188} INFO - [2026-02-16T22:36:05.152+0000] {dagbag.py:545} INFO - Filling up the DagBag from /opt/airflow/dags/main.py
[2026-02-16T22:36:05.202+0000] {processor.py:840} INFO - DAG(s) 'produce_json' retrieved from /opt/airflow/dags/main.py
[2026-02-16T22:36:05.229+0000] {logging_mixin.py:188} INFO - [2026-02-16T22:36:05.229+0000] {dag.py:3096} INFO - Sync 1 DAGs
[2026-02-16T22:36:05.250+0000] {logging_mixin.py:188} INFO - [2026-02-16T22:36:05.250+0000] {dag.py:3954} INFO - Setting next_dagrun for produce_json to 2026-02-16 14:00:00+00:00, run_after=2026-02-17 14:00:00+00:00
[2026-02-16T22:36:05.281+0000] {processor.py:183} INFO - Processing /opt/airflow/dags/main.py took 0.140 seconds
[2026-02-16T22:36:35.423+0000] {processor.py:161} INFO - Started process (PID=3402) to work on /opt/airflow/dags/main.py
[2026-02-16T22:36:35.424+0000] {processor.py:830} INFO - Processing file /opt/airflow/dags/main.py for tasks to queue
[2026-02-16T22:36:35.426+0000] {logging_mixin.py:188} INFO - [2026-02-16T22:36:35.425+0000] {dagbag.py:545} INFO - Filling up the DagBag from /opt/airflow/dags/main.py
[2026-02-16T22:36:35.471+0000] {processor.py:840} INFO - DAG(s) 'produce_json' retrieved from /opt/airflow/dags/main.py
[2026-02-16T22:36:35.499+0000] {logging_mixin.py:188} INFO - [2026-02-16T22:36:35.499+0000] {dag.py:3096} INFO - Sync 1 DAGs
[2026-02-16T22:36:35.522+0000] {logging_mixin.py:188} INFO - [2026-02-16T22:36:35.522+0000] {dag.py:3954} INFO - Setting next_dagrun for produce_json to 2026-02-16 14:00:00+00:00, run_after=2026-02-17 14:00:00+00:00
[2026-02-16T22:36:35.557+0000] {processor.py:183} INFO - Processing /opt/airflow/dags/main.py took 0.139 seconds
[2026-02-16T22:37:05.722+0000] {processor.py:161} INFO - Started process (PID=3409) to work on /opt/airflow/dags/main.py
[2026-02-16T22:37:05.723+0000] {processor.py:830} INFO - Processing file /opt/airflow/dags/main.py for tasks to queue
[2026-02-16T22:37:05.725+0000] {logging_mixin.py:188} INFO - [2026-02-16T22:37:05.725+0000] {dagbag.py:545} INFO - Filling up the DagBag from /opt/airflow/dags/main.py
[2026-02-16T22:37:05.788+0000] {processor.py:840} INFO - DAG(s) 'produce_json' retrieved from /opt/airflow/dags/main.py
[2026-02-16T22:37:05.816+0000] {logging_mixin.py:188} INFO - [2026-02-16T22:37:05.816+0000] {dag.py:3096} INFO - Sync 1 DAGs
[2026-02-16T22:37:05.838+0000] {logging_mixin.py:188} INFO - [2026-02-16T22:37:05.838+0000] {dag.py:3954} INFO - Setting next_dagrun for produce_json to 2026-02-16 14:00:00+00:00, run_after=2026-02-17 14:00:00+00:00
[2026-02-16T22:37:05.863+0000] {processor.py:183} INFO - Processing /opt/airflow/dags/main.py took 0.147 seconds
[2026-02-16T22:37:36.064+0000] {processor.py:161} INFO - Started process (PID=3416) to work on /opt/airflow/dags/main.py
[2026-02-16T22:37:36.065+0000] {processor.py:830} INFO - Processing file /opt/airflow/dags/main.py for tasks to queue
[2026-02-16T22:37:36.067+0000] {logging_mixin.py:188} INFO - [2026-02-16T22:37:36.067+0000] {dagbag.py:545} INFO - Filling up the DagBag from /opt/airflow/dags/main.py
[2026-02-16T22:37:36.121+0000] {processor.py:840} INFO - DAG(s) 'produce_json' retrieved from /opt/airflow/dags/main.py
[2026-02-16T22:37:36.148+0000] {logging_mixin.py:188} INFO - [2026-02-16T22:37:36.147+0000] {dag.py:3096} INFO - Sync 1 DAGs
[2026-02-16T22:37:36.180+0000] {logging_mixin.py:188} INFO - [2026-02-16T22:37:36.180+0000] {dag.py:3954} INFO - Setting next_dagrun for produce_json to 2026-02-16 14:00:00+00:00, run_after=2026-02-17 14:00:00+00:00
[2026-02-16T22:37:36.201+0000] {processor.py:183} INFO - Processing /opt/airflow/dags/main.py took 0.143 seconds
[2026-02-16T22:38:06.322+0000] {processor.py:161} INFO - Started process (PID=3423) to work on /opt/airflow/dags/main.py
[2026-02-16T22:38:06.323+0000] {processor.py:830} INFO - Processing file /opt/airflow/dags/main.py for tasks to queue
[2026-02-16T22:38:06.325+0000] {logging_mixin.py:188} INFO - [2026-02-16T22:38:06.324+0000] {dagbag.py:545} INFO - Filling up the DagBag from /opt/airflow/dags/main.py
[2026-02-16T22:38:06.368+0000] {processor.py:840} INFO - DAG(s) 'produce_json' retrieved from /opt/airflow/dags/main.py
[2026-02-16T22:38:06.397+0000] {logging_mixin.py:188} INFO - [2026-02-16T22:38:06.397+0000] {dag.py:3096} INFO - Sync 1 DAGs
[2026-02-16T22:38:06.417+0000] {logging_mixin.py:188} INFO - [2026-02-16T22:38:06.417+0000] {dag.py:3954} INFO - Setting next_dagrun for produce_json to 2026-02-16 14:00:00+00:00, run_after=2026-02-17 14:00:00+00:00
[2026-02-16T22:38:06.440+0000] {processor.py:183} INFO - Processing /opt/airflow/dags/main.py took 0.124 seconds
[2026-02-16T22:38:36.669+0000] {processor.py:161} INFO - Started process (PID=3430) to work on /opt/airflow/dags/main.py
[2026-02-16T22:38:36.669+0000] {processor.py:830} INFO - Processing file /opt/airflow/dags/main.py for tasks to queue
[2026-02-16T22:38:36.671+0000] {logging_mixin.py:188} INFO - [2026-02-16T22:38:36.671+0000] {dagbag.py:545} INFO - Filling up the DagBag from /opt/airflow/dags/main.py
[2026-02-16T22:38:36.716+0000] {processor.py:840} INFO - DAG(s) 'produce_json' retrieved from /opt/airflow/dags/main.py
[2026-02-16T22:38:36.746+0000] {logging_mixin.py:188} INFO - [2026-02-16T22:38:36.746+0000] {dag.py:3096} INFO - Sync 1 DAGs
[2026-02-16T22:38:36.768+0000] {logging_mixin.py:188} INFO - [2026-02-16T22:38:36.768+0000] {dag.py:3954} INFO - Setting next_dagrun for produce_json to 2026-02-16 14:00:00+00:00, run_after=2026-02-17 14:00:00+00:00
[2026-02-16T22:38:36.797+0000] {processor.py:183} INFO - Processing /opt/airflow/dags/main.py took 0.134 seconds
[2026-02-16T22:39:06.905+0000] {processor.py:161} INFO - Started process (PID=3437) to work on /opt/airflow/dags/main.py
[2026-02-16T22:39:06.906+0000] {processor.py:830} INFO - Processing file /opt/airflow/dags/main.py for tasks to queue
[2026-02-16T22:39:06.908+0000] {logging_mixin.py:188} INFO - [2026-02-16T22:39:06.907+0000] {dagbag.py:545} INFO - Filling up the DagBag from /opt/airflow/dags/main.py
[2026-02-16T22:39:06.952+0000] {processor.py:840} INFO - DAG(s) 'produce_json' retrieved from /opt/airflow/dags/main.py
[2026-02-16T22:39:06.982+0000] {logging_mixin.py:188} INFO - [2026-02-16T22:39:06.981+0000] {dag.py:3096} INFO - Sync 1 DAGs
[2026-02-16T22:39:07.003+0000] {logging_mixin.py:188} INFO - [2026-02-16T22:39:07.002+0000] {dag.py:3954} INFO - Setting next_dagrun for produce_json to 2026-02-16 14:00:00+00:00, run_after=2026-02-17 14:00:00+00:00
[2026-02-16T22:39:07.024+0000] {processor.py:183} INFO - Processing /opt/airflow/dags/main.py took 0.126 seconds
[2026-02-16T22:39:37.261+0000] {processor.py:161} INFO - Started process (PID=3444) to work on /opt/airflow/dags/main.py
[2026-02-16T22:39:37.262+0000] {processor.py:830} INFO - Processing file /opt/airflow/dags/main.py for tasks to queue
[2026-02-16T22:39:37.265+0000] {logging_mixin.py:188} INFO - [2026-02-16T22:39:37.265+0000] {dagbag.py:545} INFO - Filling up the DagBag from /opt/airflow/dags/main.py
[2026-02-16T22:39:37.325+0000] {processor.py:840} INFO - DAG(s) 'produce_json' retrieved from /opt/airflow/dags/main.py
[2026-02-16T22:39:37.353+0000] {logging_mixin.py:188} INFO - [2026-02-16T22:39:37.353+0000] {dag.py:3096} INFO - Sync 1 DAGs
[2026-02-16T22:39:37.378+0000] {logging_mixin.py:188} INFO - [2026-02-16T22:39:37.377+0000] {dag.py:3954} INFO - Setting next_dagrun for produce_json to 2026-02-16 14:00:00+00:00, run_after=2026-02-17 14:00:00+00:00
[2026-02-16T22:39:37.412+0000] {processor.py:183} INFO - Processing /opt/airflow/dags/main.py took 0.159 seconds
[2026-02-16T22:40:07.591+0000] {processor.py:161} INFO - Started process (PID=3451) to work on /opt/airflow/dags/main.py
[2026-02-16T22:40:07.592+0000] {processor.py:830} INFO - Processing file /opt/airflow/dags/main.py for tasks to queue
[2026-02-16T22:40:07.594+0000] {logging_mixin.py:188} INFO - [2026-02-16T22:40:07.594+0000] {dagbag.py:545} INFO - Filling up the DagBag from /opt/airflow/dags/main.py
[2026-02-16T22:40:07.641+0000] {processor.py:840} INFO - DAG(s) 'produce_json' retrieved from /opt/airflow/dags/main.py
[2026-02-16T22:40:07.672+0000] {logging_mixin.py:188} INFO - [2026-02-16T22:40:07.672+0000] {dag.py:3096} INFO - Sync 1 DAGs
[2026-02-16T22:40:07.698+0000] {logging_mixin.py:188} INFO - [2026-02-16T22:40:07.698+0000] {dag.py:3954} INFO - Setting next_dagrun for produce_json to 2026-02-16 14:00:00+00:00, run_after=2026-02-17 14:00:00+00:00
[2026-02-16T22:40:07.723+0000] {processor.py:183} INFO - Processing /opt/airflow/dags/main.py took 0.138 seconds
[2026-02-16T22:40:37.838+0000] {processor.py:161} INFO - Started process (PID=3458) to work on /opt/airflow/dags/main.py
[2026-02-16T22:40:37.839+0000] {processor.py:830} INFO - Processing file /opt/airflow/dags/main.py for tasks to queue
[2026-02-16T22:40:37.841+0000] {logging_mixin.py:188} INFO - [2026-02-16T22:40:37.840+0000] {dagbag.py:545} INFO - Filling up the DagBag from /opt/airflow/dags/main.py
[2026-02-16T22:40:37.886+0000] {processor.py:840} INFO - DAG(s) 'produce_json' retrieved from /opt/airflow/dags/main.py
[2026-02-16T22:40:37.913+0000] {logging_mixin.py:188} INFO - [2026-02-16T22:40:37.913+0000] {dag.py:3096} INFO - Sync 1 DAGs
[2026-02-16T22:40:37.941+0000] {logging_mixin.py:188} INFO - [2026-02-16T22:40:37.941+0000] {dag.py:3954} INFO - Setting next_dagrun for produce_json to 2026-02-16 14:00:00+00:00, run_after=2026-02-17 14:00:00+00:00
[2026-02-16T22:40:37.972+0000] {processor.py:183} INFO - Processing /opt/airflow/dags/main.py took 0.139 seconds
[2026-02-16T22:41:08.186+0000] {processor.py:161} INFO - Started process (PID=3465) to work on /opt/airflow/dags/main.py
[2026-02-16T22:41:08.187+0000] {processor.py:830} INFO - Processing file /opt/airflow/dags/main.py for tasks to queue
[2026-02-16T22:41:08.190+0000] {logging_mixin.py:188} INFO - [2026-02-16T22:41:08.189+0000] {dagbag.py:545} INFO - Filling up the DagBag from /opt/airflow/dags/main.py
[2026-02-16T22:41:08.239+0000] {processor.py:840} INFO - DAG(s) 'produce_json' retrieved from /opt/airflow/dags/main.py
[2026-02-16T22:41:08.273+0000] {logging_mixin.py:188} INFO - [2026-02-16T22:41:08.273+0000] {dag.py:3096} INFO - Sync 1 DAGs
[2026-02-16T22:41:08.297+0000] {logging_mixin.py:188} INFO - [2026-02-16T22:41:08.297+0000] {dag.py:3954} INFO - Setting next_dagrun for produce_json to 2026-02-16 14:00:00+00:00, run_after=2026-02-17 14:00:00+00:00
[2026-02-16T22:41:08.330+0000] {processor.py:183} INFO - Processing /opt/airflow/dags/main.py took 0.149 seconds
[2026-02-16T22:41:38.431+0000] {processor.py:161} INFO - Started process (PID=3472) to work on /opt/airflow/dags/main.py
[2026-02-16T22:41:38.432+0000] {processor.py:830} INFO - Processing file /opt/airflow/dags/main.py for tasks to queue
[2026-02-16T22:41:38.435+0000] {logging_mixin.py:188} INFO - [2026-02-16T22:41:38.434+0000] {dagbag.py:545} INFO - Filling up the DagBag from /opt/airflow/dags/main.py
[2026-02-16T22:41:38.482+0000] {processor.py:840} INFO - DAG(s) 'produce_json' retrieved from /opt/airflow/dags/main.py
[2026-02-16T22:41:38.511+0000] {logging_mixin.py:188} INFO - [2026-02-16T22:41:38.511+0000] {dag.py:3096} INFO - Sync 1 DAGs
[2026-02-16T22:41:38.536+0000] {logging_mixin.py:188} INFO - [2026-02-16T22:41:38.535+0000] {dag.py:3954} INFO - Setting next_dagrun for produce_json to 2026-02-16 14:00:00+00:00, run_after=2026-02-17 14:00:00+00:00
[2026-02-16T22:41:38.568+0000] {processor.py:183} INFO - Processing /opt/airflow/dags/main.py took 0.143 seconds
[2026-02-16T22:42:08.832+0000] {processor.py:161} INFO - Started process (PID=3479) to work on /opt/airflow/dags/main.py
[2026-02-16T22:42:08.833+0000] {processor.py:830} INFO - Processing file /opt/airflow/dags/main.py for tasks to queue
[2026-02-16T22:42:08.835+0000] {logging_mixin.py:188} INFO - [2026-02-16T22:42:08.834+0000] {dagbag.py:545} INFO - Filling up the DagBag from /opt/airflow/dags/main.py
[2026-02-16T22:42:08.882+0000] {processor.py:840} INFO - DAG(s) 'produce_json' retrieved from /opt/airflow/dags/main.py
[2026-02-16T22:42:08.912+0000] {logging_mixin.py:188} INFO - [2026-02-16T22:42:08.912+0000] {dag.py:3096} INFO - Sync 1 DAGs
[2026-02-16T22:42:08.933+0000] {logging_mixin.py:188} INFO - [2026-02-16T22:42:08.933+0000] {dag.py:3954} INFO - Setting next_dagrun for produce_json to 2026-02-16 14:00:00+00:00, run_after=2026-02-17 14:00:00+00:00
[2026-02-16T22:42:08.969+0000] {processor.py:183} INFO - Processing /opt/airflow/dags/main.py took 0.142 seconds
[2026-02-16T22:42:39.073+0000] {processor.py:161} INFO - Started process (PID=3486) to work on /opt/airflow/dags/main.py
[2026-02-16T22:42:39.074+0000] {processor.py:830} INFO - Processing file /opt/airflow/dags/main.py for tasks to queue
[2026-02-16T22:42:39.076+0000] {logging_mixin.py:188} INFO - [2026-02-16T22:42:39.076+0000] {dagbag.py:545} INFO - Filling up the DagBag from /opt/airflow/dags/main.py
[2026-02-16T22:42:39.121+0000] {processor.py:840} INFO - DAG(s) 'produce_json' retrieved from /opt/airflow/dags/main.py
[2026-02-16T22:42:39.148+0000] {logging_mixin.py:188} INFO - [2026-02-16T22:42:39.147+0000] {dag.py:3096} INFO - Sync 1 DAGs
[2026-02-16T22:42:39.169+0000] {logging_mixin.py:188} INFO - [2026-02-16T22:42:39.169+0000] {dag.py:3954} INFO - Setting next_dagrun for produce_json to 2026-02-16 14:00:00+00:00, run_after=2026-02-17 14:00:00+00:00
[2026-02-16T22:42:39.191+0000] {processor.py:183} INFO - Processing /opt/airflow/dags/main.py took 0.124 seconds
[2026-02-16T22:43:09.335+0000] {processor.py:161} INFO - Started process (PID=3493) to work on /opt/airflow/dags/main.py
[2026-02-16T22:43:09.336+0000] {processor.py:830} INFO - Processing file /opt/airflow/dags/main.py for tasks to queue
[2026-02-16T22:43:09.337+0000] {logging_mixin.py:188} INFO - [2026-02-16T22:43:09.337+0000] {dagbag.py:545} INFO - Filling up the DagBag from /opt/airflow/dags/main.py
[2026-02-16T22:43:09.383+0000] {processor.py:840} INFO - DAG(s) 'produce_json' retrieved from /opt/airflow/dags/main.py
[2026-02-16T22:43:09.414+0000] {logging_mixin.py:188} INFO - [2026-02-16T22:43:09.413+0000] {dag.py:3096} INFO - Sync 1 DAGs
[2026-02-16T22:43:09.440+0000] {logging_mixin.py:188} INFO - [2026-02-16T22:43:09.439+0000] {dag.py:3954} INFO - Setting next_dagrun for produce_json to 2026-02-16 14:00:00+00:00, run_after=2026-02-17 14:00:00+00:00
[2026-02-16T22:43:09.471+0000] {processor.py:183} INFO - Processing /opt/airflow/dags/main.py took 0.141 seconds
[2026-02-16T22:43:39.703+0000] {processor.py:161} INFO - Started process (PID=3500) to work on /opt/airflow/dags/main.py
[2026-02-16T22:43:39.704+0000] {processor.py:830} INFO - Processing file /opt/airflow/dags/main.py for tasks to queue
[2026-02-16T22:43:39.706+0000] {logging_mixin.py:188} INFO - [2026-02-16T22:43:39.706+0000] {dagbag.py:545} INFO - Filling up the DagBag from /opt/airflow/dags/main.py
[2026-02-16T22:43:39.752+0000] {processor.py:840} INFO - DAG(s) 'produce_json' retrieved from /opt/airflow/dags/main.py
[2026-02-16T22:43:39.780+0000] {logging_mixin.py:188} INFO - [2026-02-16T22:43:39.780+0000] {dag.py:3096} INFO - Sync 1 DAGs
[2026-02-16T22:43:39.804+0000] {logging_mixin.py:188} INFO - [2026-02-16T22:43:39.804+0000] {dag.py:3954} INFO - Setting next_dagrun for produce_json to 2026-02-16 14:00:00+00:00, run_after=2026-02-17 14:00:00+00:00
[2026-02-16T22:43:39.826+0000] {processor.py:183} INFO - Processing /opt/airflow/dags/main.py took 0.128 seconds
[2026-02-16T22:44:09.941+0000] {processor.py:161} INFO - Started process (PID=3507) to work on /opt/airflow/dags/main.py
[2026-02-16T22:44:09.942+0000] {processor.py:830} INFO - Processing file /opt/airflow/dags/main.py for tasks to queue
[2026-02-16T22:44:09.944+0000] {logging_mixin.py:188} INFO - [2026-02-16T22:44:09.943+0000] {dagbag.py:545} INFO - Filling up the DagBag from /opt/airflow/dags/main.py
[2026-02-16T22:44:09.988+0000] {processor.py:840} INFO - DAG(s) 'produce_json' retrieved from /opt/airflow/dags/main.py
[2026-02-16T22:44:10.018+0000] {logging_mixin.py:188} INFO - [2026-02-16T22:44:10.017+0000] {dag.py:3096} INFO - Sync 1 DAGs
[2026-02-16T22:44:10.040+0000] {logging_mixin.py:188} INFO - [2026-02-16T22:44:10.040+0000] {dag.py:3954} INFO - Setting next_dagrun for produce_json to 2026-02-16 14:00:00+00:00, run_after=2026-02-17 14:00:00+00:00
[2026-02-16T22:44:10.073+0000] {processor.py:183} INFO - Processing /opt/airflow/dags/main.py took 0.138 seconds
[2026-02-16T22:44:40.290+0000] {processor.py:161} INFO - Started process (PID=3514) to work on /opt/airflow/dags/main.py
[2026-02-16T22:44:40.291+0000] {processor.py:830} INFO - Processing file /opt/airflow/dags/main.py for tasks to queue
[2026-02-16T22:44:40.294+0000] {logging_mixin.py:188} INFO - [2026-02-16T22:44:40.293+0000] {dagbag.py:545} INFO - Filling up the DagBag from /opt/airflow/dags/main.py
[2026-02-16T22:44:40.354+0000] {processor.py:840} INFO - DAG(s) 'produce_json' retrieved from /opt/airflow/dags/main.py
[2026-02-16T22:44:40.382+0000] {logging_mixin.py:188} INFO - [2026-02-16T22:44:40.382+0000] {dag.py:3096} INFO - Sync 1 DAGs
[2026-02-16T22:44:40.404+0000] {logging_mixin.py:188} INFO - [2026-02-16T22:44:40.404+0000] {dag.py:3954} INFO - Setting next_dagrun for produce_json to 2026-02-16 14:00:00+00:00, run_after=2026-02-17 14:00:00+00:00
[2026-02-16T22:44:40.426+0000] {processor.py:183} INFO - Processing /opt/airflow/dags/main.py took 0.142 seconds
[2026-02-16T22:45:10.533+0000] {processor.py:161} INFO - Started process (PID=3522) to work on /opt/airflow/dags/main.py
[2026-02-16T22:45:10.534+0000] {processor.py:830} INFO - Processing file /opt/airflow/dags/main.py for tasks to queue
[2026-02-16T22:45:10.537+0000] {logging_mixin.py:188} INFO - [2026-02-16T22:45:10.537+0000] {dagbag.py:545} INFO - Filling up the DagBag from /opt/airflow/dags/main.py
[2026-02-16T22:45:10.589+0000] {processor.py:840} INFO - DAG(s) 'produce_json' retrieved from /opt/airflow/dags/main.py
[2026-02-16T22:45:10.638+0000] {logging_mixin.py:188} INFO - [2026-02-16T22:45:10.637+0000] {dag.py:3096} INFO - Sync 1 DAGs
[2026-02-16T22:45:10.672+0000] {logging_mixin.py:188} INFO - [2026-02-16T22:45:10.672+0000] {dag.py:3954} INFO - Setting next_dagrun for produce_json to 2026-02-16 14:00:00+00:00, run_after=2026-02-17 14:00:00+00:00
[2026-02-16T22:45:10.709+0000] {processor.py:183} INFO - Processing /opt/airflow/dags/main.py took 0.182 seconds
[2026-02-16T22:45:40.979+0000] {processor.py:161} INFO - Started process (PID=3530) to work on /opt/airflow/dags/main.py
[2026-02-16T22:45:40.980+0000] {processor.py:830} INFO - Processing file /opt/airflow/dags/main.py for tasks to queue
[2026-02-16T22:45:40.983+0000] {logging_mixin.py:188} INFO - [2026-02-16T22:45:40.983+0000] {dagbag.py:545} INFO - Filling up the DagBag from /opt/airflow/dags/main.py
[2026-02-16T22:45:41.045+0000] {processor.py:840} INFO - DAG(s) 'produce_json' retrieved from /opt/airflow/dags/main.py
[2026-02-16T22:45:41.073+0000] {logging_mixin.py:188} INFO - [2026-02-16T22:45:41.073+0000] {dag.py:3096} INFO - Sync 1 DAGs
[2026-02-16T22:45:41.094+0000] {logging_mixin.py:188} INFO - [2026-02-16T22:45:41.093+0000] {dag.py:3954} INFO - Setting next_dagrun for produce_json to 2026-02-16 14:00:00+00:00, run_after=2026-02-17 14:00:00+00:00
[2026-02-16T22:45:41.128+0000] {processor.py:183} INFO - Processing /opt/airflow/dags/main.py took 0.156 seconds
[2026-02-16T22:46:11.224+0000] {processor.py:161} INFO - Started process (PID=3537) to work on /opt/airflow/dags/main.py
[2026-02-16T22:46:11.226+0000] {processor.py:830} INFO - Processing file /opt/airflow/dags/main.py for tasks to queue
[2026-02-16T22:46:11.228+0000] {logging_mixin.py:188} INFO - [2026-02-16T22:46:11.228+0000] {dagbag.py:545} INFO - Filling up the DagBag from /opt/airflow/dags/main.py
[2026-02-16T22:46:11.272+0000] {processor.py:840} INFO - DAG(s) 'produce_json' retrieved from /opt/airflow/dags/main.py
[2026-02-16T22:46:11.299+0000] {logging_mixin.py:188} INFO - [2026-02-16T22:46:11.299+0000] {dag.py:3096} INFO - Sync 1 DAGs
[2026-02-16T22:46:11.320+0000] {logging_mixin.py:188} INFO - [2026-02-16T22:46:11.320+0000] {dag.py:3954} INFO - Setting next_dagrun for produce_json to 2026-02-16 14:00:00+00:00, run_after=2026-02-17 14:00:00+00:00
[2026-02-16T22:46:11.343+0000] {processor.py:183} INFO - Processing /opt/airflow/dags/main.py took 0.124 seconds
[2026-02-16T22:46:41.456+0000] {processor.py:161} INFO - Started process (PID=3544) to work on /opt/airflow/dags/main.py
[2026-02-16T22:46:41.457+0000] {processor.py:830} INFO - Processing file /opt/airflow/dags/main.py for tasks to queue
[2026-02-16T22:46:41.460+0000] {logging_mixin.py:188} INFO - [2026-02-16T22:46:41.459+0000] {dagbag.py:545} INFO - Filling up the DagBag from /opt/airflow/dags/main.py
[2026-02-16T22:46:41.505+0000] {processor.py:840} INFO - DAG(s) 'produce_json' retrieved from /opt/airflow/dags/main.py
[2026-02-16T22:46:41.534+0000] {logging_mixin.py:188} INFO - [2026-02-16T22:46:41.533+0000] {dag.py:3096} INFO - Sync 1 DAGs
[2026-02-16T22:46:41.555+0000] {logging_mixin.py:188} INFO - [2026-02-16T22:46:41.555+0000] {dag.py:3954} INFO - Setting next_dagrun for produce_json to 2026-02-16 14:00:00+00:00, run_after=2026-02-17 14:00:00+00:00
[2026-02-16T22:46:41.576+0000] {processor.py:183} INFO - Processing /opt/airflow/dags/main.py took 0.126 seconds
[2026-02-16T22:47:11.862+0000] {processor.py:161} INFO - Started process (PID=3551) to work on /opt/airflow/dags/main.py
[2026-02-16T22:47:11.862+0000] {processor.py:830} INFO - Processing file /opt/airflow/dags/main.py for tasks to queue
[2026-02-16T22:47:11.865+0000] {logging_mixin.py:188} INFO - [2026-02-16T22:47:11.864+0000] {dagbag.py:545} INFO - Filling up the DagBag from /opt/airflow/dags/main.py
[2026-02-16T22:47:11.912+0000] {processor.py:840} INFO - DAG(s) 'produce_json' retrieved from /opt/airflow/dags/main.py
[2026-02-16T22:47:11.940+0000] {logging_mixin.py:188} INFO - [2026-02-16T22:47:11.939+0000] {dag.py:3096} INFO - Sync 1 DAGs
[2026-02-16T22:47:11.960+0000] {logging_mixin.py:188} INFO - [2026-02-16T22:47:11.960+0000] {dag.py:3954} INFO - Setting next_dagrun for produce_json to 2026-02-16 14:00:00+00:00, run_after=2026-02-17 14:00:00+00:00
[2026-02-16T22:47:11.992+0000] {processor.py:183} INFO - Processing /opt/airflow/dags/main.py took 0.135 seconds
[2026-02-16T22:47:42.104+0000] {processor.py:161} INFO - Started process (PID=3558) to work on /opt/airflow/dags/main.py
[2026-02-16T22:47:42.105+0000] {processor.py:830} INFO - Processing file /opt/airflow/dags/main.py for tasks to queue
[2026-02-16T22:47:42.108+0000] {logging_mixin.py:188} INFO - [2026-02-16T22:47:42.108+0000] {dagbag.py:545} INFO - Filling up the DagBag from /opt/airflow/dags/main.py
[2026-02-16T22:47:42.149+0000] {processor.py:840} INFO - DAG(s) 'produce_json' retrieved from /opt/airflow/dags/main.py
[2026-02-16T22:47:42.176+0000] {logging_mixin.py:188} INFO - [2026-02-16T22:47:42.176+0000] {dag.py:3096} INFO - Sync 1 DAGs
[2026-02-16T22:47:42.197+0000] {logging_mixin.py:188} INFO - [2026-02-16T22:47:42.196+0000] {dag.py:3954} INFO - Setting next_dagrun for produce_json to 2026-02-16 14:00:00+00:00, run_after=2026-02-17 14:00:00+00:00
[2026-02-16T22:47:42.221+0000] {processor.py:183} INFO - Processing /opt/airflow/dags/main.py took 0.122 seconds
[2026-02-16T22:48:12.430+0000] {processor.py:161} INFO - Started process (PID=3565) to work on /opt/airflow/dags/main.py
[2026-02-16T22:48:12.432+0000] {processor.py:830} INFO - Processing file /opt/airflow/dags/main.py for tasks to queue
[2026-02-16T22:48:12.434+0000] {logging_mixin.py:188} INFO - [2026-02-16T22:48:12.434+0000] {dagbag.py:545} INFO - Filling up the DagBag from /opt/airflow/dags/main.py
[2026-02-16T22:48:12.490+0000] {processor.py:840} INFO - DAG(s) 'produce_json' retrieved from /opt/airflow/dags/main.py
[2026-02-16T22:48:12.526+0000] {logging_mixin.py:188} INFO - [2026-02-16T22:48:12.526+0000] {dag.py:3096} INFO - Sync 1 DAGs
[2026-02-16T22:48:12.549+0000] {logging_mixin.py:188} INFO - [2026-02-16T22:48:12.549+0000] {dag.py:3954} INFO - Setting next_dagrun for produce_json to 2026-02-16 14:00:00+00:00, run_after=2026-02-17 14:00:00+00:00
[2026-02-16T22:48:12.583+0000] {processor.py:183} INFO - Processing /opt/airflow/dags/main.py took 0.160 seconds
[2026-02-16T22:48:42.660+0000] {processor.py:161} INFO - Started process (PID=3572) to work on /opt/airflow/dags/main.py
[2026-02-16T22:48:42.661+0000] {processor.py:830} INFO - Processing file /opt/airflow/dags/main.py for tasks to queue
[2026-02-16T22:48:42.664+0000] {logging_mixin.py:188} INFO - [2026-02-16T22:48:42.663+0000] {dagbag.py:545} INFO - Filling up the DagBag from /opt/airflow/dags/main.py
[2026-02-16T22:48:42.710+0000] {processor.py:840} INFO - DAG(s) 'produce_json' retrieved from /opt/airflow/dags/main.py
[2026-02-16T22:48:42.738+0000] {logging_mixin.py:188} INFO - [2026-02-16T22:48:42.738+0000] {dag.py:3096} INFO - Sync 1 DAGs
[2026-02-16T22:48:42.758+0000] {logging_mixin.py:188} INFO - [2026-02-16T22:48:42.758+0000] {dag.py:3954} INFO - Setting next_dagrun for produce_json to 2026-02-16 14:00:00+00:00, run_after=2026-02-17 14:00:00+00:00
[2026-02-16T22:48:42.792+0000] {processor.py:183} INFO - Processing /opt/airflow/dags/main.py took 0.137 seconds
[2026-02-16T22:49:13.043+0000] {processor.py:161} INFO - Started process (PID=3579) to work on /opt/airflow/dags/main.py
[2026-02-16T22:49:13.044+0000] {processor.py:830} INFO - Processing file /opt/airflow/dags/main.py for tasks to queue
[2026-02-16T22:49:13.046+0000] {logging_mixin.py:188} INFO - [2026-02-16T22:49:13.045+0000] {dagbag.py:545} INFO - Filling up the DagBag from /opt/airflow/dags/main.py
[2026-02-16T22:49:13.091+0000] {processor.py:840} INFO - DAG(s) 'produce_json' retrieved from /opt/airflow/dags/main.py
[2026-02-16T22:49:13.116+0000] {logging_mixin.py:188} INFO - [2026-02-16T22:49:13.116+0000] {dag.py:3096} INFO - Sync 1 DAGs
[2026-02-16T22:49:13.137+0000] {logging_mixin.py:188} INFO - [2026-02-16T22:49:13.137+0000] {dag.py:3954} INFO - Setting next_dagrun for produce_json to 2026-02-16 14:00:00+00:00, run_after=2026-02-17 14:00:00+00:00
[2026-02-16T22:49:13.159+0000] {processor.py:183} INFO - Processing /opt/airflow/dags/main.py took 0.122 seconds
[2026-02-16T22:49:43.270+0000] {processor.py:161} INFO - Started process (PID=3586) to work on /opt/airflow/dags/main.py
[2026-02-16T22:49:43.271+0000] {processor.py:830} INFO - Processing file /opt/airflow/dags/main.py for tasks to queue
[2026-02-16T22:49:43.274+0000] {logging_mixin.py:188} INFO - [2026-02-16T22:49:43.273+0000] {dagbag.py:545} INFO - Filling up the DagBag from /opt/airflow/dags/main.py
[2026-02-16T22:49:43.317+0000] {processor.py:840} INFO - DAG(s) 'produce_json' retrieved from /opt/airflow/dags/main.py
[2026-02-16T22:49:43.346+0000] {logging_mixin.py:188} INFO - [2026-02-16T22:49:43.346+0000] {dag.py:3096} INFO - Sync 1 DAGs
[2026-02-16T22:49:43.375+0000] {logging_mixin.py:188} INFO - [2026-02-16T22:49:43.375+0000] {dag.py:3954} INFO - Setting next_dagrun for produce_json to 2026-02-16 14:00:00+00:00, run_after=2026-02-17 14:00:00+00:00
[2026-02-16T22:49:43.399+0000] {processor.py:183} INFO - Processing /opt/airflow/dags/main.py took 0.134 seconds
[2026-02-16T22:50:13.694+0000] {processor.py:161} INFO - Started process (PID=3593) to work on /opt/airflow/dags/main.py
[2026-02-16T22:50:13.695+0000] {processor.py:830} INFO - Processing file /opt/airflow/dags/main.py for tasks to queue
[2026-02-16T22:50:13.697+0000] {logging_mixin.py:188} INFO - [2026-02-16T22:50:13.697+0000] {dagbag.py:545} INFO - Filling up the DagBag from /opt/airflow/dags/main.py
[2026-02-16T22:50:13.739+0000] {processor.py:840} INFO - DAG(s) 'produce_json' retrieved from /opt/airflow/dags/main.py
[2026-02-16T22:50:13.767+0000] {logging_mixin.py:188} INFO - [2026-02-16T22:50:13.766+0000] {dag.py:3096} INFO - Sync 1 DAGs
[2026-02-16T22:50:13.789+0000] {logging_mixin.py:188} INFO - [2026-02-16T22:50:13.789+0000] {dag.py:3954} INFO - Setting next_dagrun for produce_json to 2026-02-16 14:00:00+00:00, run_after=2026-02-17 14:00:00+00:00
[2026-02-16T22:50:13.811+0000] {processor.py:183} INFO - Processing /opt/airflow/dags/main.py took 0.122 seconds
[2026-02-16T22:50:43.934+0000] {processor.py:161} INFO - Started process (PID=3600) to work on /opt/airflow/dags/main.py
[2026-02-16T22:50:43.935+0000] {processor.py:830} INFO - Processing file /opt/airflow/dags/main.py for tasks to queue
[2026-02-16T22:50:43.937+0000] {logging_mixin.py:188} INFO - [2026-02-16T22:50:43.937+0000] {dagbag.py:545} INFO - Filling up the DagBag from /opt/airflow/dags/main.py
[2026-02-16T22:50:43.989+0000] {processor.py:840} INFO - DAG(s) 'produce_json' retrieved from /opt/airflow/dags/main.py
[2026-02-16T22:50:44.017+0000] {logging_mixin.py:188} INFO - [2026-02-16T22:50:44.017+0000] {dag.py:3096} INFO - Sync 1 DAGs
[2026-02-16T22:50:44.039+0000] {logging_mixin.py:188} INFO - [2026-02-16T22:50:44.039+0000] {dag.py:3954} INFO - Setting next_dagrun for produce_json to 2026-02-16 14:00:00+00:00, run_after=2026-02-17 14:00:00+00:00
[2026-02-16T22:50:44.075+0000] {processor.py:183} INFO - Processing /opt/airflow/dags/main.py took 0.146 seconds
[2026-02-16T22:51:14.229+0000] {processor.py:161} INFO - Started process (PID=3607) to work on /opt/airflow/dags/main.py
[2026-02-16T22:51:14.230+0000] {processor.py:830} INFO - Processing file /opt/airflow/dags/main.py for tasks to queue
[2026-02-16T22:51:14.232+0000] {logging_mixin.py:188} INFO - [2026-02-16T22:51:14.232+0000] {dagbag.py:545} INFO - Filling up the DagBag from /opt/airflow/dags/main.py
[2026-02-16T22:51:14.288+0000] {processor.py:840} INFO - DAG(s) 'produce_json' retrieved from /opt/airflow/dags/main.py
[2026-02-16T22:51:14.319+0000] {logging_mixin.py:188} INFO - [2026-02-16T22:51:14.319+0000] {dag.py:3096} INFO - Sync 1 DAGs
[2026-02-16T22:51:14.344+0000] {logging_mixin.py:188} INFO - [2026-02-16T22:51:14.344+0000] {dag.py:3954} INFO - Setting next_dagrun for produce_json to 2026-02-16 14:00:00+00:00, run_after=2026-02-17 14:00:00+00:00
[2026-02-16T22:51:14.369+0000] {processor.py:183} INFO - Processing /opt/airflow/dags/main.py took 0.145 seconds
[2026-02-16T22:51:44.508+0000] {processor.py:161} INFO - Started process (PID=3614) to work on /opt/airflow/dags/main.py
[2026-02-16T22:51:44.509+0000] {processor.py:830} INFO - Processing file /opt/airflow/dags/main.py for tasks to queue
[2026-02-16T22:51:44.511+0000] {logging_mixin.py:188} INFO - [2026-02-16T22:51:44.511+0000] {dagbag.py:545} INFO - Filling up the DagBag from /opt/airflow/dags/main.py
[2026-02-16T22:51:44.556+0000] {processor.py:840} INFO - DAG(s) 'produce_json' retrieved from /opt/airflow/dags/main.py
[2026-02-16T22:51:44.583+0000] {logging_mixin.py:188} INFO - [2026-02-16T22:51:44.583+0000] {dag.py:3096} INFO - Sync 1 DAGs
[2026-02-16T22:51:44.604+0000] {logging_mixin.py:188} INFO - [2026-02-16T22:51:44.604+0000] {dag.py:3954} INFO - Setting next_dagrun for produce_json to 2026-02-16 14:00:00+00:00, run_after=2026-02-17 14:00:00+00:00
[2026-02-16T22:51:44.638+0000] {processor.py:183} INFO - Processing /opt/airflow/dags/main.py took 0.136 seconds
[2026-02-16T22:52:14.843+0000] {processor.py:161} INFO - Started process (PID=3621) to work on /opt/airflow/dags/main.py
[2026-02-16T22:52:14.844+0000] {processor.py:830} INFO - Processing file /opt/airflow/dags/main.py for tasks to queue
[2026-02-16T22:52:14.846+0000] {logging_mixin.py:188} INFO - [2026-02-16T22:52:14.845+0000] {dagbag.py:545} INFO - Filling up the DagBag from /opt/airflow/dags/main.py
[2026-02-16T22:52:14.888+0000] {processor.py:840} INFO - DAG(s) 'produce_json' retrieved from /opt/airflow/dags/main.py
[2026-02-16T22:52:14.915+0000] {logging_mixin.py:188} INFO - [2026-02-16T22:52:14.915+0000] {dag.py:3096} INFO - Sync 1 DAGs
[2026-02-16T22:52:14.940+0000] {logging_mixin.py:188} INFO - [2026-02-16T22:52:14.939+0000] {dag.py:3954} INFO - Setting next_dagrun for produce_json to 2026-02-16 14:00:00+00:00, run_after=2026-02-17 14:00:00+00:00
[2026-02-16T22:52:14.972+0000] {processor.py:183} INFO - Processing /opt/airflow/dags/main.py took 0.134 seconds
[2026-02-16T22:52:45.143+0000] {processor.py:161} INFO - Started process (PID=3629) to work on /opt/airflow/dags/main.py
[2026-02-16T22:52:45.144+0000] {processor.py:830} INFO - Processing file /opt/airflow/dags/main.py for tasks to queue
[2026-02-16T22:52:45.147+0000] {logging_mixin.py:188} INFO - [2026-02-16T22:52:45.146+0000] {dagbag.py:545} INFO - Filling up the DagBag from /opt/airflow/dags/main.py
[2026-02-16T22:52:45.196+0000] {processor.py:840} INFO - DAG(s) 'produce_json' retrieved from /opt/airflow/dags/main.py
[2026-02-16T22:52:45.227+0000] {logging_mixin.py:188} INFO - [2026-02-16T22:52:45.226+0000] {dag.py:3096} INFO - Sync 1 DAGs
[2026-02-16T22:52:45.254+0000] {logging_mixin.py:188} INFO - [2026-02-16T22:52:45.254+0000] {dag.py:3954} INFO - Setting next_dagrun for produce_json to 2026-02-16 14:00:00+00:00, run_after=2026-02-17 14:00:00+00:00
[2026-02-16T22:52:45.285+0000] {processor.py:183} INFO - Processing /opt/airflow/dags/main.py took 0.148 seconds
[2026-02-16T22:53:15.417+0000] {processor.py:161} INFO - Started process (PID=3636) to work on /opt/airflow/dags/main.py
[2026-02-16T22:53:15.419+0000] {processor.py:830} INFO - Processing file /opt/airflow/dags/main.py for tasks to queue
[2026-02-16T22:53:15.421+0000] {logging_mixin.py:188} INFO - [2026-02-16T22:53:15.420+0000] {dagbag.py:545} INFO - Filling up the DagBag from /opt/airflow/dags/main.py
[2026-02-16T22:53:15.461+0000] {processor.py:840} INFO - DAG(s) 'produce_json' retrieved from /opt/airflow/dags/main.py
[2026-02-16T22:53:15.490+0000] {logging_mixin.py:188} INFO - [2026-02-16T22:53:15.490+0000] {dag.py:3096} INFO - Sync 1 DAGs
[2026-02-16T22:53:15.513+0000] {logging_mixin.py:188} INFO - [2026-02-16T22:53:15.513+0000] {dag.py:3954} INFO - Setting next_dagrun for produce_json to 2026-02-16 14:00:00+00:00, run_after=2026-02-17 14:00:00+00:00
[2026-02-16T22:53:15.548+0000] {processor.py:183} INFO - Processing /opt/airflow/dags/main.py took 0.136 seconds
[2026-02-16T22:53:45.745+0000] {processor.py:161} INFO - Started process (PID=3643) to work on /opt/airflow/dags/main.py
[2026-02-16T22:53:45.746+0000] {processor.py:830} INFO - Processing file /opt/airflow/dags/main.py for tasks to queue
[2026-02-16T22:53:45.747+0000] {logging_mixin.py:188} INFO - [2026-02-16T22:53:45.747+0000] {dagbag.py:545} INFO - Filling up the DagBag from /opt/airflow/dags/main.py
[2026-02-16T22:53:45.792+0000] {processor.py:840} INFO - DAG(s) 'produce_json' retrieved from /opt/airflow/dags/main.py
[2026-02-16T22:53:45.819+0000] {logging_mixin.py:188} INFO - [2026-02-16T22:53:45.819+0000] {dag.py:3096} INFO - Sync 1 DAGs
[2026-02-16T22:53:45.841+0000] {logging_mixin.py:188} INFO - [2026-02-16T22:53:45.841+0000] {dag.py:3954} INFO - Setting next_dagrun for produce_json to 2026-02-16 14:00:00+00:00, run_after=2026-02-17 14:00:00+00:00
[2026-02-16T22:53:45.864+0000] {processor.py:183} INFO - Processing /opt/airflow/dags/main.py took 0.126 seconds
[2026-02-16T22:54:16.007+0000] {processor.py:161} INFO - Started process (PID=3650) to work on /opt/airflow/dags/main.py
[2026-02-16T22:54:16.008+0000] {processor.py:830} INFO - Processing file /opt/airflow/dags/main.py for tasks to queue
[2026-02-16T22:54:16.010+0000] {logging_mixin.py:188} INFO - [2026-02-16T22:54:16.010+0000] {dagbag.py:545} INFO - Filling up the DagBag from /opt/airflow/dags/main.py
[2026-02-16T22:54:16.053+0000] {processor.py:840} INFO - DAG(s) 'produce_json' retrieved from /opt/airflow/dags/main.py
[2026-02-16T22:54:16.081+0000] {logging_mixin.py:188} INFO - [2026-02-16T22:54:16.081+0000] {dag.py:3096} INFO - Sync 1 DAGs
[2026-02-16T22:54:16.102+0000] {logging_mixin.py:188} INFO - [2026-02-16T22:54:16.102+0000] {dag.py:3954} INFO - Setting next_dagrun for produce_json to 2026-02-16 14:00:00+00:00, run_after=2026-02-17 14:00:00+00:00
[2026-02-16T22:54:16.125+0000] {processor.py:183} INFO - Processing /opt/airflow/dags/main.py took 0.123 seconds
[2026-02-16T22:54:46.311+0000] {processor.py:161} INFO - Started process (PID=3657) to work on /opt/airflow/dags/main.py
[2026-02-16T22:54:46.312+0000] {processor.py:830} INFO - Processing file /opt/airflow/dags/main.py for tasks to queue
[2026-02-16T22:54:46.314+0000] {logging_mixin.py:188} INFO - [2026-02-16T22:54:46.314+0000] {dagbag.py:545} INFO - Filling up the DagBag from /opt/airflow/dags/main.py
[2026-02-16T22:54:46.358+0000] {processor.py:840} INFO - DAG(s) 'produce_json' retrieved from /opt/airflow/dags/main.py
[2026-02-16T22:54:46.386+0000] {logging_mixin.py:188} INFO - [2026-02-16T22:54:46.386+0000] {dag.py:3096} INFO - Sync 1 DAGs
[2026-02-16T22:54:46.410+0000] {logging_mixin.py:188} INFO - [2026-02-16T22:54:46.410+0000] {dag.py:3954} INFO - Setting next_dagrun for produce_json to 2026-02-16 14:00:00+00:00, run_after=2026-02-17 14:00:00+00:00
[2026-02-16T22:54:46.433+0000] {processor.py:183} INFO - Processing /opt/airflow/dags/main.py took 0.129 seconds
[2026-02-16T22:55:16.561+0000] {processor.py:161} INFO - Started process (PID=3664) to work on /opt/airflow/dags/main.py
[2026-02-16T22:55:16.563+0000] {processor.py:830} INFO - Processing file /opt/airflow/dags/main.py for tasks to queue
[2026-02-16T22:55:16.566+0000] {logging_mixin.py:188} INFO - [2026-02-16T22:55:16.565+0000] {dagbag.py:545} INFO - Filling up the DagBag from /opt/airflow/dags/main.py
[2026-02-16T22:55:16.618+0000] {processor.py:840} INFO - DAG(s) 'produce_json' retrieved from /opt/airflow/dags/main.py
[2026-02-16T22:55:16.646+0000] {logging_mixin.py:188} INFO - [2026-02-16T22:55:16.646+0000] {dag.py:3096} INFO - Sync 1 DAGs
[2026-02-16T22:55:16.669+0000] {logging_mixin.py:188} INFO - [2026-02-16T22:55:16.668+0000] {dag.py:3954} INFO - Setting next_dagrun for produce_json to 2026-02-16 14:00:00+00:00, run_after=2026-02-17 14:00:00+00:00
[2026-02-16T22:55:16.690+0000] {processor.py:183} INFO - Processing /opt/airflow/dags/main.py took 0.136 seconds
[2026-02-16T22:55:46.949+0000] {processor.py:161} INFO - Started process (PID=3671) to work on /opt/airflow/dags/main.py
[2026-02-16T22:55:46.950+0000] {processor.py:830} INFO - Processing file /opt/airflow/dags/main.py for tasks to queue
[2026-02-16T22:55:46.952+0000] {logging_mixin.py:188} INFO - [2026-02-16T22:55:46.952+0000] {dagbag.py:545} INFO - Filling up the DagBag from /opt/airflow/dags/main.py
[2026-02-16T22:55:47.000+0000] {processor.py:840} INFO - DAG(s) 'produce_json' retrieved from /opt/airflow/dags/main.py
[2026-02-16T22:55:47.034+0000] {logging_mixin.py:188} INFO - [2026-02-16T22:55:47.034+0000] {dag.py:3096} INFO - Sync 1 DAGs
[2026-02-16T22:55:47.058+0000] {logging_mixin.py:188} INFO - [2026-02-16T22:55:47.057+0000] {dag.py:3954} INFO - Setting next_dagrun for produce_json to 2026-02-16 14:00:00+00:00, run_after=2026-02-17 14:00:00+00:00
[2026-02-16T22:55:47.082+0000] {processor.py:183} INFO - Processing /opt/airflow/dags/main.py took 0.139 seconds
[2026-02-16T22:56:17.275+0000] {processor.py:161} INFO - Started process (PID=3678) to work on /opt/airflow/dags/main.py
[2026-02-16T22:56:17.277+0000] {processor.py:830} INFO - Processing file /opt/airflow/dags/main.py for tasks to queue
[2026-02-16T22:56:17.279+0000] {logging_mixin.py:188} INFO - [2026-02-16T22:56:17.278+0000] {dagbag.py:545} INFO - Filling up the DagBag from /opt/airflow/dags/main.py
[2026-02-16T22:56:17.322+0000] {processor.py:840} INFO - DAG(s) 'produce_json' retrieved from /opt/airflow/dags/main.py
[2026-02-16T22:56:17.351+0000] {logging_mixin.py:188} INFO - [2026-02-16T22:56:17.351+0000] {dag.py:3096} INFO - Sync 1 DAGs
[2026-02-16T22:56:17.373+0000] {logging_mixin.py:188} INFO - [2026-02-16T22:56:17.373+0000] {dag.py:3954} INFO - Setting next_dagrun for produce_json to 2026-02-16 14:00:00+00:00, run_after=2026-02-17 14:00:00+00:00
[2026-02-16T22:56:17.395+0000] {processor.py:183} INFO - Processing /opt/airflow/dags/main.py took 0.125 seconds
[2026-02-16T22:56:47.588+0000] {processor.py:161} INFO - Started process (PID=3685) to work on /opt/airflow/dags/main.py
[2026-02-16T22:56:47.590+0000] {processor.py:830} INFO - Processing file /opt/airflow/dags/main.py for tasks to queue
[2026-02-16T22:56:47.592+0000] {logging_mixin.py:188} INFO - [2026-02-16T22:56:47.592+0000] {dagbag.py:545} INFO - Filling up the DagBag from /opt/airflow/dags/main.py
[2026-02-16T22:56:47.642+0000] {processor.py:840} INFO - DAG(s) 'produce_json' retrieved from /opt/airflow/dags/main.py
[2026-02-16T22:56:47.676+0000] {logging_mixin.py:188} INFO - [2026-02-16T22:56:47.676+0000] {dag.py:3096} INFO - Sync 1 DAGs
[2026-02-16T22:56:47.700+0000] {logging_mixin.py:188} INFO - [2026-02-16T22:56:47.700+0000] {dag.py:3954} INFO - Setting next_dagrun for produce_json to 2026-02-16 14:00:00+00:00, run_after=2026-02-17 14:00:00+00:00
[2026-02-16T22:56:47.733+0000] {processor.py:183} INFO - Processing /opt/airflow/dags/main.py took 0.151 seconds
[2026-02-16T22:57:17.891+0000] {processor.py:161} INFO - Started process (PID=3692) to work on /opt/airflow/dags/main.py
[2026-02-16T22:57:17.892+0000] {processor.py:830} INFO - Processing file /opt/airflow/dags/main.py for tasks to queue
[2026-02-16T22:57:17.894+0000] {logging_mixin.py:188} INFO - [2026-02-16T22:57:17.894+0000] {dagbag.py:545} INFO - Filling up the DagBag from /opt/airflow/dags/main.py
[2026-02-16T22:57:17.941+0000] {processor.py:840} INFO - DAG(s) 'produce_json' retrieved from /opt/airflow/dags/main.py
[2026-02-16T22:57:17.970+0000] {logging_mixin.py:188} INFO - [2026-02-16T22:57:17.970+0000] {dag.py:3096} INFO - Sync 1 DAGs
[2026-02-16T22:57:17.991+0000] {logging_mixin.py:188} INFO - [2026-02-16T22:57:17.991+0000] {dag.py:3954} INFO - Setting next_dagrun for produce_json to 2026-02-16 14:00:00+00:00, run_after=2026-02-17 14:00:00+00:00
[2026-02-16T22:57:18.012+0000] {processor.py:183} INFO - Processing /opt/airflow/dags/main.py took 0.128 seconds
[2026-02-16T22:57:48.192+0000] {processor.py:161} INFO - Started process (PID=3700) to work on /opt/airflow/dags/main.py
[2026-02-16T22:57:48.193+0000] {processor.py:830} INFO - Processing file /opt/airflow/dags/main.py for tasks to queue
[2026-02-16T22:57:48.195+0000] {logging_mixin.py:188} INFO - [2026-02-16T22:57:48.195+0000] {dagbag.py:545} INFO - Filling up the DagBag from /opt/airflow/dags/main.py
[2026-02-16T22:57:48.236+0000] {processor.py:840} INFO - DAG(s) 'produce_json' retrieved from /opt/airflow/dags/main.py
[2026-02-16T22:57:48.264+0000] {logging_mixin.py:188} INFO - [2026-02-16T22:57:48.264+0000] {dag.py:3096} INFO - Sync 1 DAGs
[2026-02-16T22:57:48.287+0000] {logging_mixin.py:188} INFO - [2026-02-16T22:57:48.287+0000] {dag.py:3954} INFO - Setting next_dagrun for produce_json to 2026-02-16 14:00:00+00:00, run_after=2026-02-17 14:00:00+00:00
[2026-02-16T22:57:48.310+0000] {processor.py:183} INFO - Processing /opt/airflow/dags/main.py took 0.123 seconds
[2026-02-16T22:58:18.454+0000] {processor.py:161} INFO - Started process (PID=3707) to work on /opt/airflow/dags/main.py
[2026-02-16T22:58:18.455+0000] {processor.py:830} INFO - Processing file /opt/airflow/dags/main.py for tasks to queue
[2026-02-16T22:58:18.457+0000] {logging_mixin.py:188} INFO - [2026-02-16T22:58:18.456+0000] {dagbag.py:545} INFO - Filling up the DagBag from /opt/airflow/dags/main.py
[2026-02-16T22:58:18.494+0000] {processor.py:840} INFO - DAG(s) 'produce_json' retrieved from /opt/airflow/dags/main.py
[2026-02-16T22:58:18.523+0000] {logging_mixin.py:188} INFO - [2026-02-16T22:58:18.522+0000] {dag.py:3096} INFO - Sync 1 DAGs
[2026-02-16T22:58:18.543+0000] {logging_mixin.py:188} INFO - [2026-02-16T22:58:18.543+0000] {dag.py:3954} INFO - Setting next_dagrun for produce_json to 2026-02-16 14:00:00+00:00, run_after=2026-02-17 14:00:00+00:00
[2026-02-16T22:58:18.575+0000] {processor.py:183} INFO - Processing /opt/airflow/dags/main.py took 0.127 seconds
[2026-02-16T22:58:48.760+0000] {processor.py:161} INFO - Started process (PID=3714) to work on /opt/airflow/dags/main.py
[2026-02-16T22:58:48.761+0000] {processor.py:830} INFO - Processing file /opt/airflow/dags/main.py for tasks to queue
[2026-02-16T22:58:48.763+0000] {logging_mixin.py:188} INFO - [2026-02-16T22:58:48.763+0000] {dagbag.py:545} INFO - Filling up the DagBag from /opt/airflow/dags/main.py
[2026-02-16T22:58:48.804+0000] {processor.py:840} INFO - DAG(s) 'produce_json' retrieved from /opt/airflow/dags/main.py
[2026-02-16T22:58:48.832+0000] {logging_mixin.py:188} INFO - [2026-02-16T22:58:48.832+0000] {dag.py:3096} INFO - Sync 1 DAGs
[2026-02-16T22:58:48.854+0000] {logging_mixin.py:188} INFO - [2026-02-16T22:58:48.854+0000] {dag.py:3954} INFO - Setting next_dagrun for produce_json to 2026-02-16 14:00:00+00:00, run_after=2026-02-17 14:00:00+00:00
[2026-02-16T22:58:48.887+0000] {processor.py:183} INFO - Processing /opt/airflow/dags/main.py took 0.133 seconds
[2026-02-16T22:59:19.054+0000] {processor.py:161} INFO - Started process (PID=3721) to work on /opt/airflow/dags/main.py
[2026-02-16T22:59:19.055+0000] {processor.py:830} INFO - Processing file /opt/airflow/dags/main.py for tasks to queue
[2026-02-16T22:59:19.057+0000] {logging_mixin.py:188} INFO - [2026-02-16T22:59:19.056+0000] {dagbag.py:545} INFO - Filling up the DagBag from /opt/airflow/dags/main.py
[2026-02-16T22:59:19.094+0000] {processor.py:840} INFO - DAG(s) 'produce_json' retrieved from /opt/airflow/dags/main.py
[2026-02-16T22:59:19.122+0000] {logging_mixin.py:188} INFO - [2026-02-16T22:59:19.122+0000] {dag.py:3096} INFO - Sync 1 DAGs
[2026-02-16T22:59:19.142+0000] {logging_mixin.py:188} INFO - [2026-02-16T22:59:19.142+0000] {dag.py:3954} INFO - Setting next_dagrun for produce_json to 2026-02-16 14:00:00+00:00, run_after=2026-02-17 14:00:00+00:00
[2026-02-16T22:59:19.175+0000] {processor.py:183} INFO - Processing /opt/airflow/dags/main.py took 0.127 seconds
[2026-02-16T22:59:49.399+0000] {processor.py:161} INFO - Started process (PID=3728) to work on /opt/airflow/dags/main.py
[2026-02-16T22:59:49.400+0000] {processor.py:830} INFO - Processing file /opt/airflow/dags/main.py for tasks to queue
[2026-02-16T22:59:49.403+0000] {logging_mixin.py:188} INFO - [2026-02-16T22:59:49.402+0000] {dagbag.py:545} INFO - Filling up the DagBag from /opt/airflow/dags/main.py
[2026-02-16T22:59:49.450+0000] {processor.py:840} INFO - DAG(s) 'produce_json' retrieved from /opt/airflow/dags/main.py
[2026-02-16T22:59:49.482+0000] {logging_mixin.py:188} INFO - [2026-02-16T22:59:49.481+0000] {dag.py:3096} INFO - Sync 1 DAGs
[2026-02-16T22:59:49.506+0000] {logging_mixin.py:188} INFO - [2026-02-16T22:59:49.506+0000] {dag.py:3954} INFO - Setting next_dagrun for produce_json to 2026-02-16 14:00:00+00:00, run_after=2026-02-17 14:00:00+00:00
[2026-02-16T22:59:49.526+0000] {processor.py:183} INFO - Processing /opt/airflow/dags/main.py took 0.134 seconds
[2026-02-16T23:00:19.675+0000] {processor.py:161} INFO - Started process (PID=3736) to work on /opt/airflow/dags/main.py
[2026-02-16T23:00:19.677+0000] {processor.py:830} INFO - Processing file /opt/airflow/dags/main.py for tasks to queue
[2026-02-16T23:00:19.679+0000] {logging_mixin.py:188} INFO - [2026-02-16T23:00:19.679+0000] {dagbag.py:545} INFO - Filling up the DagBag from /opt/airflow/dags/main.py
[2026-02-16T23:00:19.723+0000] {processor.py:840} INFO - DAG(s) 'produce_json' retrieved from /opt/airflow/dags/main.py
[2026-02-16T23:00:19.753+0000] {logging_mixin.py:188} INFO - [2026-02-16T23:00:19.753+0000] {dag.py:3096} INFO - Sync 1 DAGs
[2026-02-16T23:00:19.773+0000] {logging_mixin.py:188} INFO - [2026-02-16T23:00:19.773+0000] {dag.py:3954} INFO - Setting next_dagrun for produce_json to 2026-02-16 14:00:00+00:00, run_after=2026-02-17 14:00:00+00:00
[2026-02-16T23:00:19.805+0000] {processor.py:183} INFO - Processing /opt/airflow/dags/main.py took 0.136 seconds
[2026-02-16T23:00:50.042+0000] {processor.py:161} INFO - Started process (PID=3743) to work on /opt/airflow/dags/main.py
[2026-02-16T23:00:50.043+0000] {processor.py:830} INFO - Processing file /opt/airflow/dags/main.py for tasks to queue
[2026-02-16T23:00:50.045+0000] {logging_mixin.py:188} INFO - [2026-02-16T23:00:50.045+0000] {dagbag.py:545} INFO - Filling up the DagBag from /opt/airflow/dags/main.py
[2026-02-16T23:00:50.090+0000] {processor.py:840} INFO - DAG(s) 'produce_json' retrieved from /opt/airflow/dags/main.py
[2026-02-16T23:00:50.119+0000] {logging_mixin.py:188} INFO - [2026-02-16T23:00:50.119+0000] {dag.py:3096} INFO - Sync 1 DAGs
[2026-02-16T23:00:50.142+0000] {logging_mixin.py:188} INFO - [2026-02-16T23:00:50.142+0000] {dag.py:3954} INFO - Setting next_dagrun for produce_json to 2026-02-16 14:00:00+00:00, run_after=2026-02-17 14:00:00+00:00
[2026-02-16T23:00:50.180+0000] {processor.py:183} INFO - Processing /opt/airflow/dags/main.py took 0.143 seconds
[2026-02-16T23:01:20.286+0000] {processor.py:161} INFO - Started process (PID=3750) to work on /opt/airflow/dags/main.py
[2026-02-16T23:01:20.287+0000] {processor.py:830} INFO - Processing file /opt/airflow/dags/main.py for tasks to queue
[2026-02-16T23:01:20.289+0000] {logging_mixin.py:188} INFO - [2026-02-16T23:01:20.289+0000] {dagbag.py:545} INFO - Filling up the DagBag from /opt/airflow/dags/main.py
[2026-02-16T23:01:20.333+0000] {processor.py:840} INFO - DAG(s) 'produce_json' retrieved from /opt/airflow/dags/main.py
[2026-02-16T23:01:20.360+0000] {logging_mixin.py:188} INFO - [2026-02-16T23:01:20.360+0000] {dag.py:3096} INFO - Sync 1 DAGs
[2026-02-16T23:01:20.382+0000] {logging_mixin.py:188} INFO - [2026-02-16T23:01:20.382+0000] {dag.py:3954} INFO - Setting next_dagrun for produce_json to 2026-02-16 14:00:00+00:00, run_after=2026-02-17 14:00:00+00:00
[2026-02-16T23:01:20.414+0000] {processor.py:183} INFO - Processing /opt/airflow/dags/main.py took 0.134 seconds
[2026-02-16T23:01:50.672+0000] {processor.py:161} INFO - Started process (PID=3757) to work on /opt/airflow/dags/main.py
[2026-02-16T23:01:50.673+0000] {processor.py:830} INFO - Processing file /opt/airflow/dags/main.py for tasks to queue
[2026-02-16T23:01:50.676+0000] {logging_mixin.py:188} INFO - [2026-02-16T23:01:50.675+0000] {dagbag.py:545} INFO - Filling up the DagBag from /opt/airflow/dags/main.py
[2026-02-16T23:01:50.738+0000] {processor.py:840} INFO - DAG(s) 'produce_json' retrieved from /opt/airflow/dags/main.py
[2026-02-16T23:01:50.771+0000] {logging_mixin.py:188} INFO - [2026-02-16T23:01:50.771+0000] {dag.py:3096} INFO - Sync 1 DAGs
[2026-02-16T23:01:50.797+0000] {logging_mixin.py:188} INFO - [2026-02-16T23:01:50.797+0000] {dag.py:3954} INFO - Setting next_dagrun for produce_json to 2026-02-16 14:00:00+00:00, run_after=2026-02-17 14:00:00+00:00
[2026-02-16T23:01:50.831+0000] {processor.py:183} INFO - Processing /opt/airflow/dags/main.py took 0.164 seconds
[2026-02-16T23:02:20.922+0000] {processor.py:161} INFO - Started process (PID=3764) to work on /opt/airflow/dags/main.py
[2026-02-16T23:02:20.924+0000] {processor.py:830} INFO - Processing file /opt/airflow/dags/main.py for tasks to queue
[2026-02-16T23:02:20.926+0000] {logging_mixin.py:188} INFO - [2026-02-16T23:02:20.926+0000] {dagbag.py:545} INFO - Filling up the DagBag from /opt/airflow/dags/main.py
[2026-02-16T23:02:20.971+0000] {processor.py:840} INFO - DAG(s) 'produce_json' retrieved from /opt/airflow/dags/main.py
[2026-02-16T23:02:21.000+0000] {logging_mixin.py:188} INFO - [2026-02-16T23:02:21.000+0000] {dag.py:3096} INFO - Sync 1 DAGs
[2026-02-16T23:02:21.022+0000] {logging_mixin.py:188} INFO - [2026-02-16T23:02:21.021+0000] {dag.py:3954} INFO - Setting next_dagrun for produce_json to 2026-02-16 14:00:00+00:00, run_after=2026-02-17 14:00:00+00:00
[2026-02-16T23:02:21.044+0000] {processor.py:183} INFO - Processing /opt/airflow/dags/main.py took 0.128 seconds
[2026-02-16T23:02:51.171+0000] {processor.py:161} INFO - Started process (PID=3771) to work on /opt/airflow/dags/main.py
[2026-02-16T23:02:51.173+0000] {processor.py:830} INFO - Processing file /opt/airflow/dags/main.py for tasks to queue
[2026-02-16T23:02:51.175+0000] {logging_mixin.py:188} INFO - [2026-02-16T23:02:51.175+0000] {dagbag.py:545} INFO - Filling up the DagBag from /opt/airflow/dags/main.py
[2026-02-16T23:02:51.220+0000] {processor.py:840} INFO - DAG(s) 'produce_json' retrieved from /opt/airflow/dags/main.py
[2026-02-16T23:02:51.247+0000] {logging_mixin.py:188} INFO - [2026-02-16T23:02:51.247+0000] {dag.py:3096} INFO - Sync 1 DAGs
[2026-02-16T23:02:51.269+0000] {logging_mixin.py:188} INFO - [2026-02-16T23:02:51.268+0000] {dag.py:3954} INFO - Setting next_dagrun for produce_json to 2026-02-16 14:00:00+00:00, run_after=2026-02-17 14:00:00+00:00
[2026-02-16T23:02:51.291+0000] {processor.py:183} INFO - Processing /opt/airflow/dags/main.py took 0.126 seconds
[2026-02-16T23:03:21.529+0000] {processor.py:161} INFO - Started process (PID=3778) to work on /opt/airflow/dags/main.py
[2026-02-16T23:03:21.531+0000] {processor.py:830} INFO - Processing file /opt/airflow/dags/main.py for tasks to queue
[2026-02-16T23:03:21.533+0000] {logging_mixin.py:188} INFO - [2026-02-16T23:03:21.532+0000] {dagbag.py:545} INFO - Filling up the DagBag from /opt/airflow/dags/main.py
[2026-02-16T23:03:21.575+0000] {processor.py:840} INFO - DAG(s) 'produce_json' retrieved from /opt/airflow/dags/main.py
[2026-02-16T23:03:21.603+0000] {logging_mixin.py:188} INFO - [2026-02-16T23:03:21.603+0000] {dag.py:3096} INFO - Sync 1 DAGs
[2026-02-16T23:03:21.623+0000] {logging_mixin.py:188} INFO - [2026-02-16T23:03:21.623+0000] {dag.py:3954} INFO - Setting next_dagrun for produce_json to 2026-02-16 14:00:00+00:00, run_after=2026-02-17 14:00:00+00:00
[2026-02-16T23:03:21.645+0000] {processor.py:183} INFO - Processing /opt/airflow/dags/main.py took 0.121 seconds
[2026-02-16T23:03:51.786+0000] {processor.py:161} INFO - Started process (PID=3785) to work on /opt/airflow/dags/main.py
[2026-02-16T23:03:51.787+0000] {processor.py:830} INFO - Processing file /opt/airflow/dags/main.py for tasks to queue
[2026-02-16T23:03:51.789+0000] {logging_mixin.py:188} INFO - [2026-02-16T23:03:51.789+0000] {dagbag.py:545} INFO - Filling up the DagBag from /opt/airflow/dags/main.py
[2026-02-16T23:03:51.836+0000] {processor.py:840} INFO - DAG(s) 'produce_json' retrieved from /opt/airflow/dags/main.py
[2026-02-16T23:03:51.871+0000] {logging_mixin.py:188} INFO - [2026-02-16T23:03:51.871+0000] {dag.py:3096} INFO - Sync 1 DAGs
[2026-02-16T23:03:51.911+0000] {logging_mixin.py:188} INFO - [2026-02-16T23:03:51.910+0000] {dag.py:3954} INFO - Setting next_dagrun for produce_json to 2026-02-16 14:00:00+00:00, run_after=2026-02-17 14:00:00+00:00
[2026-02-16T23:03:51.942+0000] {processor.py:183} INFO - Processing /opt/airflow/dags/main.py took 0.162 seconds
[2026-02-16T23:04:22.222+0000] {processor.py:161} INFO - Started process (PID=3792) to work on /opt/airflow/dags/main.py
[2026-02-16T23:04:22.223+0000] {processor.py:830} INFO - Processing file /opt/airflow/dags/main.py for tasks to queue
[2026-02-16T23:04:22.225+0000] {logging_mixin.py:188} INFO - [2026-02-16T23:04:22.225+0000] {dagbag.py:545} INFO - Filling up the DagBag from /opt/airflow/dags/main.py
[2026-02-16T23:04:22.266+0000] {processor.py:840} INFO - DAG(s) 'produce_json' retrieved from /opt/airflow/dags/main.py
[2026-02-16T23:04:22.294+0000] {logging_mixin.py:188} INFO - [2026-02-16T23:04:22.293+0000] {dag.py:3096} INFO - Sync 1 DAGs
[2026-02-16T23:04:22.313+0000] {logging_mixin.py:188} INFO - [2026-02-16T23:04:22.313+0000] {dag.py:3954} INFO - Setting next_dagrun for produce_json to 2026-02-16 14:00:00+00:00, run_after=2026-02-17 14:00:00+00:00
[2026-02-16T23:04:22.336+0000] {processor.py:183} INFO - Processing /opt/airflow/dags/main.py took 0.119 seconds
[2026-02-16T23:04:52.471+0000] {processor.py:161} INFO - Started process (PID=3799) to work on /opt/airflow/dags/main.py
[2026-02-16T23:04:52.472+0000] {processor.py:830} INFO - Processing file /opt/airflow/dags/main.py for tasks to queue
[2026-02-16T23:04:52.475+0000] {logging_mixin.py:188} INFO - [2026-02-16T23:04:52.475+0000] {dagbag.py:545} INFO - Filling up the DagBag from /opt/airflow/dags/main.py
[2026-02-16T23:04:52.545+0000] {processor.py:840} INFO - DAG(s) 'produce_json' retrieved from /opt/airflow/dags/main.py
[2026-02-16T23:04:52.578+0000] {logging_mixin.py:188} INFO - [2026-02-16T23:04:52.577+0000] {dag.py:3096} INFO - Sync 1 DAGs
[2026-02-16T23:04:52.601+0000] {logging_mixin.py:188} INFO - [2026-02-16T23:04:52.601+0000] {dag.py:3954} INFO - Setting next_dagrun for produce_json to 2026-02-16 14:00:00+00:00, run_after=2026-02-17 14:00:00+00:00
[2026-02-16T23:04:52.623+0000] {processor.py:183} INFO - Processing /opt/airflow/dags/main.py took 0.159 seconds
[2026-02-16T23:05:22.822+0000] {processor.py:161} INFO - Started process (PID=3806) to work on /opt/airflow/dags/main.py
[2026-02-16T23:05:22.823+0000] {processor.py:830} INFO - Processing file /opt/airflow/dags/main.py for tasks to queue
[2026-02-16T23:05:22.825+0000] {logging_mixin.py:188} INFO - [2026-02-16T23:05:22.824+0000] {dagbag.py:545} INFO - Filling up the DagBag from /opt/airflow/dags/main.py
[2026-02-16T23:05:22.869+0000] {processor.py:840} INFO - DAG(s) 'produce_json' retrieved from /opt/airflow/dags/main.py
[2026-02-16T23:05:22.895+0000] {logging_mixin.py:188} INFO - [2026-02-16T23:05:22.895+0000] {dag.py:3096} INFO - Sync 1 DAGs
[2026-02-16T23:05:22.916+0000] {logging_mixin.py:188} INFO - [2026-02-16T23:05:22.916+0000] {dag.py:3954} INFO - Setting next_dagrun for produce_json to 2026-02-16 14:00:00+00:00, run_after=2026-02-17 14:00:00+00:00
[2026-02-16T23:05:22.949+0000] {processor.py:183} INFO - Processing /opt/airflow/dags/main.py took 0.132 seconds
[2026-02-16T23:05:53.123+0000] {processor.py:161} INFO - Started process (PID=3813) to work on /opt/airflow/dags/main.py
[2026-02-16T23:05:53.124+0000] {processor.py:830} INFO - Processing file /opt/airflow/dags/main.py for tasks to queue
[2026-02-16T23:05:53.126+0000] {logging_mixin.py:188} INFO - [2026-02-16T23:05:53.126+0000] {dagbag.py:545} INFO - Filling up the DagBag from /opt/airflow/dags/main.py
[2026-02-16T23:05:53.169+0000] {processor.py:840} INFO - DAG(s) 'produce_json' retrieved from /opt/airflow/dags/main.py
[2026-02-16T23:05:53.197+0000] {logging_mixin.py:188} INFO - [2026-02-16T23:05:53.197+0000] {dag.py:3096} INFO - Sync 1 DAGs
[2026-02-16T23:05:53.216+0000] {logging_mixin.py:188} INFO - [2026-02-16T23:05:53.216+0000] {dag.py:3954} INFO - Setting next_dagrun for produce_json to 2026-02-16 14:00:00+00:00, run_after=2026-02-17 14:00:00+00:00
[2026-02-16T23:05:53.250+0000] {processor.py:183} INFO - Processing /opt/airflow/dags/main.py took 0.132 seconds
[2026-02-16T23:06:23.383+0000] {processor.py:161} INFO - Started process (PID=3820) to work on /opt/airflow/dags/main.py
[2026-02-16T23:06:23.385+0000] {processor.py:830} INFO - Processing file /opt/airflow/dags/main.py for tasks to queue
[2026-02-16T23:06:23.387+0000] {logging_mixin.py:188} INFO - [2026-02-16T23:06:23.386+0000] {dagbag.py:545} INFO - Filling up the DagBag from /opt/airflow/dags/main.py
[2026-02-16T23:06:23.431+0000] {processor.py:840} INFO - DAG(s) 'produce_json' retrieved from /opt/airflow/dags/main.py
[2026-02-16T23:06:23.458+0000] {logging_mixin.py:188} INFO - [2026-02-16T23:06:23.458+0000] {dag.py:3096} INFO - Sync 1 DAGs
[2026-02-16T23:06:23.477+0000] {logging_mixin.py:188} INFO - [2026-02-16T23:06:23.477+0000] {dag.py:3954} INFO - Setting next_dagrun for produce_json to 2026-02-16 14:00:00+00:00, run_after=2026-02-17 14:00:00+00:00
[2026-02-16T23:06:23.510+0000] {processor.py:183} INFO - Processing /opt/airflow/dags/main.py took 0.133 seconds
[2026-02-16T23:06:53.693+0000] {processor.py:161} INFO - Started process (PID=3827) to work on /opt/airflow/dags/main.py
[2026-02-16T23:06:53.694+0000] {processor.py:830} INFO - Processing file /opt/airflow/dags/main.py for tasks to queue
[2026-02-16T23:06:53.696+0000] {logging_mixin.py:188} INFO - [2026-02-16T23:06:53.696+0000] {dagbag.py:545} INFO - Filling up the DagBag from /opt/airflow/dags/main.py
[2026-02-16T23:06:53.743+0000] {processor.py:840} INFO - DAG(s) 'produce_json' retrieved from /opt/airflow/dags/main.py
[2026-02-16T23:06:53.771+0000] {logging_mixin.py:188} INFO - [2026-02-16T23:06:53.771+0000] {dag.py:3096} INFO - Sync 1 DAGs
[2026-02-16T23:06:53.793+0000] {logging_mixin.py:188} INFO - [2026-02-16T23:06:53.793+0000] {dag.py:3954} INFO - Setting next_dagrun for produce_json to 2026-02-16 14:00:00+00:00, run_after=2026-02-17 14:00:00+00:00
[2026-02-16T23:06:53.824+0000] {processor.py:183} INFO - Processing /opt/airflow/dags/main.py took 0.137 seconds
[2026-02-16T23:07:23.935+0000] {processor.py:161} INFO - Started process (PID=3834) to work on /opt/airflow/dags/main.py
[2026-02-16T23:07:23.936+0000] {processor.py:830} INFO - Processing file /opt/airflow/dags/main.py for tasks to queue
[2026-02-16T23:07:23.938+0000] {logging_mixin.py:188} INFO - [2026-02-16T23:07:23.938+0000] {dagbag.py:545} INFO - Filling up the DagBag from /opt/airflow/dags/main.py
[2026-02-16T23:07:23.983+0000] {processor.py:840} INFO - DAG(s) 'produce_json' retrieved from /opt/airflow/dags/main.py
[2026-02-16T23:07:24.009+0000] {logging_mixin.py:188} INFO - [2026-02-16T23:07:24.008+0000] {dag.py:3096} INFO - Sync 1 DAGs
[2026-02-16T23:07:24.032+0000] {logging_mixin.py:188} INFO - [2026-02-16T23:07:24.032+0000] {dag.py:3954} INFO - Setting next_dagrun for produce_json to 2026-02-16 14:00:00+00:00, run_after=2026-02-17 14:00:00+00:00
[2026-02-16T23:07:24.063+0000] {processor.py:183} INFO - Processing /opt/airflow/dags/main.py took 0.134 seconds
[2026-02-16T23:07:54.293+0000] {processor.py:161} INFO - Started process (PID=3841) to work on /opt/airflow/dags/main.py
[2026-02-16T23:07:54.294+0000] {processor.py:830} INFO - Processing file /opt/airflow/dags/main.py for tasks to queue
[2026-02-16T23:07:54.296+0000] {logging_mixin.py:188} INFO - [2026-02-16T23:07:54.296+0000] {dagbag.py:545} INFO - Filling up the DagBag from /opt/airflow/dags/main.py
[2026-02-16T23:07:54.338+0000] {processor.py:840} INFO - DAG(s) 'produce_json' retrieved from /opt/airflow/dags/main.py
[2026-02-16T23:07:54.366+0000] {logging_mixin.py:188} INFO - [2026-02-16T23:07:54.366+0000] {dag.py:3096} INFO - Sync 1 DAGs
[2026-02-16T23:07:54.386+0000] {logging_mixin.py:188} INFO - [2026-02-16T23:07:54.386+0000] {dag.py:3954} INFO - Setting next_dagrun for produce_json to 2026-02-16 14:00:00+00:00, run_after=2026-02-17 14:00:00+00:00
[2026-02-16T23:07:54.410+0000] {processor.py:183} INFO - Processing /opt/airflow/dags/main.py took 0.122 seconds
[2026-02-16T23:08:24.525+0000] {processor.py:161} INFO - Started process (PID=3848) to work on /opt/airflow/dags/main.py
[2026-02-16T23:08:24.526+0000] {processor.py:830} INFO - Processing file /opt/airflow/dags/main.py for tasks to queue
[2026-02-16T23:08:24.528+0000] {logging_mixin.py:188} INFO - [2026-02-16T23:08:24.528+0000] {dagbag.py:545} INFO - Filling up the DagBag from /opt/airflow/dags/main.py
[2026-02-16T23:08:24.713+0000] {processor.py:840} INFO - DAG(s) 'produce_json' retrieved from /opt/airflow/dags/main.py
[2026-02-16T23:08:24.738+0000] {logging_mixin.py:188} INFO - [2026-02-16T23:08:24.738+0000] {dag.py:3096} INFO - Sync 1 DAGs
[2026-02-16T23:08:24.759+0000] {logging_mixin.py:188} INFO - [2026-02-16T23:08:24.758+0000] {dag.py:3954} INFO - Setting next_dagrun for produce_json to 2026-02-16 14:00:00+00:00, run_after=2026-02-17 14:00:00+00:00
[2026-02-16T23:08:24.777+0000] {processor.py:183} INFO - Processing /opt/airflow/dags/main.py took 0.259 seconds
[2026-02-16T23:08:54.937+0000] {processor.py:161} INFO - Started process (PID=3855) to work on /opt/airflow/dags/main.py
[2026-02-16T23:08:54.938+0000] {processor.py:830} INFO - Processing file /opt/airflow/dags/main.py for tasks to queue
[2026-02-16T23:08:54.940+0000] {logging_mixin.py:188} INFO - [2026-02-16T23:08:54.940+0000] {dagbag.py:545} INFO - Filling up the DagBag from /opt/airflow/dags/main.py
[2026-02-16T23:08:54.983+0000] {processor.py:840} INFO - DAG(s) 'produce_json' retrieved from /opt/airflow/dags/main.py
[2026-02-16T23:08:55.010+0000] {logging_mixin.py:188} INFO - [2026-02-16T23:08:55.010+0000] {dag.py:3096} INFO - Sync 1 DAGs
[2026-02-16T23:08:55.030+0000] {logging_mixin.py:188} INFO - [2026-02-16T23:08:55.030+0000] {dag.py:3954} INFO - Setting next_dagrun for produce_json to 2026-02-16 14:00:00+00:00, run_after=2026-02-17 14:00:00+00:00
[2026-02-16T23:08:55.051+0000] {processor.py:183} INFO - Processing /opt/airflow/dags/main.py took 0.119 seconds
[2026-02-16T23:09:25.218+0000] {processor.py:161} INFO - Started process (PID=3862) to work on /opt/airflow/dags/main.py
[2026-02-16T23:09:25.219+0000] {processor.py:830} INFO - Processing file /opt/airflow/dags/main.py for tasks to queue
[2026-02-16T23:09:25.221+0000] {logging_mixin.py:188} INFO - [2026-02-16T23:09:25.221+0000] {dagbag.py:545} INFO - Filling up the DagBag from /opt/airflow/dags/main.py
[2026-02-16T23:09:25.265+0000] {processor.py:840} INFO - DAG(s) 'produce_json' retrieved from /opt/airflow/dags/main.py
[2026-02-16T23:09:25.290+0000] {logging_mixin.py:188} INFO - [2026-02-16T23:09:25.290+0000] {dag.py:3096} INFO - Sync 1 DAGs
[2026-02-16T23:09:25.310+0000] {logging_mixin.py:188} INFO - [2026-02-16T23:09:25.310+0000] {dag.py:3954} INFO - Setting next_dagrun for produce_json to 2026-02-16 14:00:00+00:00, run_after=2026-02-17 14:00:00+00:00
[2026-02-16T23:09:25.343+0000] {processor.py:183} INFO - Processing /opt/airflow/dags/main.py took 0.130 seconds
[2026-02-16T23:09:55.600+0000] {processor.py:161} INFO - Started process (PID=3869) to work on /opt/airflow/dags/main.py
[2026-02-16T23:09:55.603+0000] {processor.py:830} INFO - Processing file /opt/airflow/dags/main.py for tasks to queue
[2026-02-16T23:09:55.605+0000] {logging_mixin.py:188} INFO - [2026-02-16T23:09:55.605+0000] {dagbag.py:545} INFO - Filling up the DagBag from /opt/airflow/dags/main.py
[2026-02-16T23:09:55.650+0000] {processor.py:840} INFO - DAG(s) 'produce_json' retrieved from /opt/airflow/dags/main.py
[2026-02-16T23:09:55.678+0000] {logging_mixin.py:188} INFO - [2026-02-16T23:09:55.678+0000] {dag.py:3096} INFO - Sync 1 DAGs
[2026-02-16T23:09:55.699+0000] {logging_mixin.py:188} INFO - [2026-02-16T23:09:55.699+0000] {dag.py:3954} INFO - Setting next_dagrun for produce_json to 2026-02-16 14:00:00+00:00, run_after=2026-02-17 14:00:00+00:00
[2026-02-16T23:09:55.731+0000] {processor.py:183} INFO - Processing /opt/airflow/dags/main.py took 0.138 seconds
[2026-02-16T23:10:25.822+0000] {processor.py:161} INFO - Started process (PID=3876) to work on /opt/airflow/dags/main.py
[2026-02-16T23:10:25.823+0000] {processor.py:830} INFO - Processing file /opt/airflow/dags/main.py for tasks to queue
[2026-02-16T23:10:25.826+0000] {logging_mixin.py:188} INFO - [2026-02-16T23:10:25.825+0000] {dagbag.py:545} INFO - Filling up the DagBag from /opt/airflow/dags/main.py
[2026-02-16T23:10:25.909+0000] {processor.py:840} INFO - DAG(s) 'produce_json' retrieved from /opt/airflow/dags/main.py
[2026-02-16T23:10:25.944+0000] {logging_mixin.py:188} INFO - [2026-02-16T23:10:25.943+0000] {dag.py:3096} INFO - Sync 1 DAGs
[2026-02-16T23:10:25.973+0000] {logging_mixin.py:188} INFO - [2026-02-16T23:10:25.973+0000] {dag.py:3954} INFO - Setting next_dagrun for produce_json to 2026-02-16 14:00:00+00:00, run_after=2026-02-17 14:00:00+00:00
[2026-02-16T23:10:26.001+0000] {processor.py:183} INFO - Processing /opt/airflow/dags/main.py took 0.186 seconds
[2026-02-16T23:10:56.189+0000] {processor.py:161} INFO - Started process (PID=3883) to work on /opt/airflow/dags/main.py
[2026-02-16T23:10:56.190+0000] {processor.py:830} INFO - Processing file /opt/airflow/dags/main.py for tasks to queue
[2026-02-16T23:10:56.192+0000] {logging_mixin.py:188} INFO - [2026-02-16T23:10:56.192+0000] {dagbag.py:545} INFO - Filling up the DagBag from /opt/airflow/dags/main.py
[2026-02-16T23:10:56.236+0000] {processor.py:840} INFO - DAG(s) 'produce_json' retrieved from /opt/airflow/dags/main.py
[2026-02-16T23:10:56.265+0000] {logging_mixin.py:188} INFO - [2026-02-16T23:10:56.265+0000] {dag.py:3096} INFO - Sync 1 DAGs
[2026-02-16T23:10:56.286+0000] {logging_mixin.py:188} INFO - [2026-02-16T23:10:56.285+0000] {dag.py:3954} INFO - Setting next_dagrun for produce_json to 2026-02-16 14:00:00+00:00, run_after=2026-02-17 14:00:00+00:00
[2026-02-16T23:10:56.318+0000] {processor.py:183} INFO - Processing /opt/airflow/dags/main.py took 0.135 seconds
[2026-02-16T23:11:26.450+0000] {processor.py:161} INFO - Started process (PID=3890) to work on /opt/airflow/dags/main.py
[2026-02-16T23:11:26.451+0000] {processor.py:830} INFO - Processing file /opt/airflow/dags/main.py for tasks to queue
[2026-02-16T23:11:26.453+0000] {logging_mixin.py:188} INFO - [2026-02-16T23:11:26.452+0000] {dagbag.py:545} INFO - Filling up the DagBag from /opt/airflow/dags/main.py
[2026-02-16T23:11:26.501+0000] {processor.py:840} INFO - DAG(s) 'produce_json' retrieved from /opt/airflow/dags/main.py
[2026-02-16T23:11:26.532+0000] {logging_mixin.py:188} INFO - [2026-02-16T23:11:26.532+0000] {dag.py:3096} INFO - Sync 1 DAGs
[2026-02-16T23:11:26.555+0000] {logging_mixin.py:188} INFO - [2026-02-16T23:11:26.555+0000] {dag.py:3954} INFO - Setting next_dagrun for produce_json to 2026-02-16 14:00:00+00:00, run_after=2026-02-17 14:00:00+00:00
[2026-02-16T23:11:26.579+0000] {processor.py:183} INFO - Processing /opt/airflow/dags/main.py took 0.136 seconds
[2026-02-16T23:11:56.795+0000] {processor.py:161} INFO - Started process (PID=3897) to work on /opt/airflow/dags/main.py
[2026-02-16T23:11:56.796+0000] {processor.py:830} INFO - Processing file /opt/airflow/dags/main.py for tasks to queue
[2026-02-16T23:11:56.798+0000] {logging_mixin.py:188} INFO - [2026-02-16T23:11:56.797+0000] {dagbag.py:545} INFO - Filling up the DagBag from /opt/airflow/dags/main.py
[2026-02-16T23:11:56.836+0000] {processor.py:840} INFO - DAG(s) 'produce_json' retrieved from /opt/airflow/dags/main.py
[2026-02-16T23:11:56.865+0000] {logging_mixin.py:188} INFO - [2026-02-16T23:11:56.865+0000] {dag.py:3096} INFO - Sync 1 DAGs
[2026-02-16T23:11:56.887+0000] {logging_mixin.py:188} INFO - [2026-02-16T23:11:56.887+0000] {dag.py:3954} INFO - Setting next_dagrun for produce_json to 2026-02-16 14:00:00+00:00, run_after=2026-02-17 14:00:00+00:00
[2026-02-16T23:11:56.908+0000] {processor.py:183} INFO - Processing /opt/airflow/dags/main.py took 0.118 seconds
[2026-02-16T23:12:27.047+0000] {processor.py:161} INFO - Started process (PID=3904) to work on /opt/airflow/dags/main.py
[2026-02-16T23:12:27.048+0000] {processor.py:830} INFO - Processing file /opt/airflow/dags/main.py for tasks to queue
[2026-02-16T23:12:27.051+0000] {logging_mixin.py:188} INFO - [2026-02-16T23:12:27.050+0000] {dagbag.py:545} INFO - Filling up the DagBag from /opt/airflow/dags/main.py
[2026-02-16T23:12:27.094+0000] {processor.py:840} INFO - DAG(s) 'produce_json' retrieved from /opt/airflow/dags/main.py
[2026-02-16T23:12:27.122+0000] {logging_mixin.py:188} INFO - [2026-02-16T23:12:27.121+0000] {dag.py:3096} INFO - Sync 1 DAGs
[2026-02-16T23:12:27.141+0000] {logging_mixin.py:188} INFO - [2026-02-16T23:12:27.141+0000] {dag.py:3954} INFO - Setting next_dagrun for produce_json to 2026-02-16 14:00:00+00:00, run_after=2026-02-17 14:00:00+00:00
[2026-02-16T23:12:27.163+0000] {processor.py:183} INFO - Processing /opt/airflow/dags/main.py took 0.122 seconds
[2026-02-16T23:12:57.343+0000] {processor.py:161} INFO - Started process (PID=3911) to work on /opt/airflow/dags/main.py
[2026-02-16T23:12:57.344+0000] {processor.py:830} INFO - Processing file /opt/airflow/dags/main.py for tasks to queue
[2026-02-16T23:12:57.348+0000] {logging_mixin.py:188} INFO - [2026-02-16T23:12:57.347+0000] {dagbag.py:545} INFO - Filling up the DagBag from /opt/airflow/dags/main.py
[2026-02-16T23:12:57.418+0000] {processor.py:840} INFO - DAG(s) 'produce_json' retrieved from /opt/airflow/dags/main.py
[2026-02-16T23:12:57.464+0000] {logging_mixin.py:188} INFO - [2026-02-16T23:12:57.464+0000] {dag.py:3096} INFO - Sync 1 DAGs
[2026-02-16T23:12:57.496+0000] {logging_mixin.py:188} INFO - [2026-02-16T23:12:57.496+0000] {dag.py:3954} INFO - Setting next_dagrun for produce_json to 2026-02-16 14:00:00+00:00, run_after=2026-02-17 14:00:00+00:00
[2026-02-16T23:12:57.524+0000] {processor.py:183} INFO - Processing /opt/airflow/dags/main.py took 0.189 seconds
[2026-02-16T23:13:27.604+0000] {processor.py:161} INFO - Started process (PID=3918) to work on /opt/airflow/dags/main.py
[2026-02-16T23:13:27.605+0000] {processor.py:830} INFO - Processing file /opt/airflow/dags/main.py for tasks to queue
[2026-02-16T23:13:27.607+0000] {logging_mixin.py:188} INFO - [2026-02-16T23:13:27.606+0000] {dagbag.py:545} INFO - Filling up the DagBag from /opt/airflow/dags/main.py
[2026-02-16T23:13:27.653+0000] {processor.py:840} INFO - DAG(s) 'produce_json' retrieved from /opt/airflow/dags/main.py
[2026-02-16T23:13:27.685+0000] {logging_mixin.py:188} INFO - [2026-02-16T23:13:27.685+0000] {dag.py:3096} INFO - Sync 1 DAGs
[2026-02-16T23:13:27.708+0000] {logging_mixin.py:188} INFO - [2026-02-16T23:13:27.708+0000] {dag.py:3954} INFO - Setting next_dagrun for produce_json to 2026-02-16 14:00:00+00:00, run_after=2026-02-17 14:00:00+00:00
[2026-02-16T23:13:27.732+0000] {processor.py:183} INFO - Processing /opt/airflow/dags/main.py took 0.135 seconds
[2026-02-16T23:13:57.803+0000] {processor.py:161} INFO - Started process (PID=3925) to work on /opt/airflow/dags/main.py
[2026-02-16T23:13:57.805+0000] {processor.py:830} INFO - Processing file /opt/airflow/dags/main.py for tasks to queue
[2026-02-16T23:13:57.807+0000] {logging_mixin.py:188} INFO - [2026-02-16T23:13:57.807+0000] {dagbag.py:545} INFO - Filling up the DagBag from /opt/airflow/dags/main.py
[2026-02-16T23:13:57.850+0000] {processor.py:840} INFO - DAG(s) 'produce_json' retrieved from /opt/airflow/dags/main.py
[2026-02-16T23:13:57.883+0000] {logging_mixin.py:188} INFO - [2026-02-16T23:13:57.883+0000] {dag.py:3096} INFO - Sync 1 DAGs
[2026-02-16T23:13:57.904+0000] {logging_mixin.py:188} INFO - [2026-02-16T23:13:57.904+0000] {dag.py:3954} INFO - Setting next_dagrun for produce_json to 2026-02-16 14:00:00+00:00, run_after=2026-02-17 14:00:00+00:00
[2026-02-16T23:13:57.927+0000] {processor.py:183} INFO - Processing /opt/airflow/dags/main.py took 0.129 seconds
[2026-02-16T23:14:28.065+0000] {processor.py:161} INFO - Started process (PID=3932) to work on /opt/airflow/dags/main.py
[2026-02-16T23:14:28.066+0000] {processor.py:830} INFO - Processing file /opt/airflow/dags/main.py for tasks to queue
[2026-02-16T23:14:28.068+0000] {logging_mixin.py:188} INFO - [2026-02-16T23:14:28.068+0000] {dagbag.py:545} INFO - Filling up the DagBag from /opt/airflow/dags/main.py
[2026-02-16T23:14:28.111+0000] {processor.py:840} INFO - DAG(s) 'produce_json' retrieved from /opt/airflow/dags/main.py
[2026-02-16T23:14:28.139+0000] {logging_mixin.py:188} INFO - [2026-02-16T23:14:28.139+0000] {dag.py:3096} INFO - Sync 1 DAGs
[2026-02-16T23:14:28.161+0000] {logging_mixin.py:188} INFO - [2026-02-16T23:14:28.160+0000] {dag.py:3954} INFO - Setting next_dagrun for produce_json to 2026-02-16 14:00:00+00:00, run_after=2026-02-17 14:00:00+00:00
[2026-02-16T23:14:28.193+0000] {processor.py:183} INFO - Processing /opt/airflow/dags/main.py took 0.133 seconds
[2026-02-16T23:14:58.588+0000] {processor.py:161} INFO - Started process (PID=3939) to work on /opt/airflow/dags/main.py
[2026-02-16T23:14:58.590+0000] {processor.py:830} INFO - Processing file /opt/airflow/dags/main.py for tasks to queue
[2026-02-16T23:14:58.593+0000] {logging_mixin.py:188} INFO - [2026-02-16T23:14:58.593+0000] {dagbag.py:545} INFO - Filling up the DagBag from /opt/airflow/dags/main.py
[2026-02-16T23:14:58.656+0000] {processor.py:840} INFO - DAG(s) 'produce_json' retrieved from /opt/airflow/dags/main.py
[2026-02-16T23:14:58.686+0000] {logging_mixin.py:188} INFO - [2026-02-16T23:14:58.686+0000] {dag.py:3096} INFO - Sync 1 DAGs
[2026-02-16T23:14:58.711+0000] {logging_mixin.py:188} INFO - [2026-02-16T23:14:58.710+0000] {dag.py:3954} INFO - Setting next_dagrun for produce_json to 2026-02-16 14:00:00+00:00, run_after=2026-02-17 14:00:00+00:00
[2026-02-16T23:14:58.737+0000] {processor.py:183} INFO - Processing /opt/airflow/dags/main.py took 0.156 seconds
[2026-02-16T23:15:28.821+0000] {processor.py:161} INFO - Started process (PID=3946) to work on /opt/airflow/dags/main.py
[2026-02-16T23:15:28.822+0000] {processor.py:830} INFO - Processing file /opt/airflow/dags/main.py for tasks to queue
[2026-02-16T23:15:28.823+0000] {logging_mixin.py:188} INFO - [2026-02-16T23:15:28.823+0000] {dagbag.py:545} INFO - Filling up the DagBag from /opt/airflow/dags/main.py
[2026-02-16T23:15:28.866+0000] {processor.py:840} INFO - DAG(s) 'produce_json' retrieved from /opt/airflow/dags/main.py
[2026-02-16T23:15:28.893+0000] {logging_mixin.py:188} INFO - [2026-02-16T23:15:28.893+0000] {dag.py:3096} INFO - Sync 1 DAGs
[2026-02-16T23:15:28.911+0000] {logging_mixin.py:188} INFO - [2026-02-16T23:15:28.911+0000] {dag.py:3954} INFO - Setting next_dagrun for produce_json to 2026-02-16 14:00:00+00:00, run_after=2026-02-17 14:00:00+00:00
[2026-02-16T23:15:28.933+0000] {processor.py:183} INFO - Processing /opt/airflow/dags/main.py took 0.118 seconds
[2026-02-16T23:15:59.205+0000] {processor.py:161} INFO - Started process (PID=3953) to work on /opt/airflow/dags/main.py
[2026-02-16T23:15:59.207+0000] {processor.py:830} INFO - Processing file /opt/airflow/dags/main.py for tasks to queue
[2026-02-16T23:15:59.209+0000] {logging_mixin.py:188} INFO - [2026-02-16T23:15:59.208+0000] {dagbag.py:545} INFO - Filling up the DagBag from /opt/airflow/dags/main.py
[2026-02-16T23:15:59.259+0000] {processor.py:840} INFO - DAG(s) 'produce_json' retrieved from /opt/airflow/dags/main.py
[2026-02-16T23:15:59.286+0000] {logging_mixin.py:188} INFO - [2026-02-16T23:15:59.286+0000] {dag.py:3096} INFO - Sync 1 DAGs
[2026-02-16T23:15:59.307+0000] {logging_mixin.py:188} INFO - [2026-02-16T23:15:59.306+0000] {dag.py:3954} INFO - Setting next_dagrun for produce_json to 2026-02-16 14:00:00+00:00, run_after=2026-02-17 14:00:00+00:00
[2026-02-16T23:15:59.335+0000] {processor.py:183} INFO - Processing /opt/airflow/dags/main.py took 0.135 seconds
[2026-02-16T23:16:29.495+0000] {processor.py:161} INFO - Started process (PID=3961) to work on /opt/airflow/dags/main.py
[2026-02-16T23:16:29.495+0000] {processor.py:830} INFO - Processing file /opt/airflow/dags/main.py for tasks to queue
[2026-02-16T23:16:29.497+0000] {logging_mixin.py:188} INFO - [2026-02-16T23:16:29.497+0000] {dagbag.py:545} INFO - Filling up the DagBag from /opt/airflow/dags/main.py
[2026-02-16T23:16:29.550+0000] {processor.py:840} INFO - DAG(s) 'produce_json' retrieved from /opt/airflow/dags/main.py
[2026-02-16T23:16:29.578+0000] {logging_mixin.py:188} INFO - [2026-02-16T23:16:29.578+0000] {dag.py:3096} INFO - Sync 1 DAGs
[2026-02-16T23:16:29.597+0000] {logging_mixin.py:188} INFO - [2026-02-16T23:16:29.597+0000] {dag.py:3954} INFO - Setting next_dagrun for produce_json to 2026-02-16 14:00:00+00:00, run_after=2026-02-17 14:00:00+00:00
[2026-02-16T23:16:29.628+0000] {processor.py:183} INFO - Processing /opt/airflow/dags/main.py took 0.138 seconds
[2026-02-16T23:16:59.821+0000] {processor.py:161} INFO - Started process (PID=3968) to work on /opt/airflow/dags/main.py
[2026-02-16T23:16:59.822+0000] {processor.py:830} INFO - Processing file /opt/airflow/dags/main.py for tasks to queue
[2026-02-16T23:16:59.825+0000] {logging_mixin.py:188} INFO - [2026-02-16T23:16:59.824+0000] {dagbag.py:545} INFO - Filling up the DagBag from /opt/airflow/dags/main.py
[2026-02-16T23:16:59.867+0000] {processor.py:840} INFO - DAG(s) 'produce_json' retrieved from /opt/airflow/dags/main.py
[2026-02-16T23:16:59.895+0000] {logging_mixin.py:188} INFO - [2026-02-16T23:16:59.895+0000] {dag.py:3096} INFO - Sync 1 DAGs
[2026-02-16T23:16:59.915+0000] {logging_mixin.py:188} INFO - [2026-02-16T23:16:59.915+0000] {dag.py:3954} INFO - Setting next_dagrun for produce_json to 2026-02-16 14:00:00+00:00, run_after=2026-02-17 14:00:00+00:00
[2026-02-16T23:16:59.936+0000] {processor.py:183} INFO - Processing /opt/airflow/dags/main.py took 0.121 seconds
[2026-02-16T23:17:30.079+0000] {processor.py:161} INFO - Started process (PID=3975) to work on /opt/airflow/dags/main.py
[2026-02-16T23:17:30.081+0000] {processor.py:830} INFO - Processing file /opt/airflow/dags/main.py for tasks to queue
[2026-02-16T23:17:30.083+0000] {logging_mixin.py:188} INFO - [2026-02-16T23:17:30.083+0000] {dagbag.py:545} INFO - Filling up the DagBag from /opt/airflow/dags/main.py
[2026-02-16T23:17:30.126+0000] {processor.py:840} INFO - DAG(s) 'produce_json' retrieved from /opt/airflow/dags/main.py
[2026-02-16T23:17:30.154+0000] {logging_mixin.py:188} INFO - [2026-02-16T23:17:30.154+0000] {dag.py:3096} INFO - Sync 1 DAGs
[2026-02-16T23:17:30.175+0000] {logging_mixin.py:188} INFO - [2026-02-16T23:17:30.174+0000] {dag.py:3954} INFO - Setting next_dagrun for produce_json to 2026-02-16 14:00:00+00:00, run_after=2026-02-17 14:00:00+00:00
[2026-02-16T23:17:30.204+0000] {processor.py:183} INFO - Processing /opt/airflow/dags/main.py took 0.131 seconds
[2026-02-16T23:18:00.375+0000] {processor.py:161} INFO - Started process (PID=3982) to work on /opt/airflow/dags/main.py
[2026-02-16T23:18:00.376+0000] {processor.py:830} INFO - Processing file /opt/airflow/dags/main.py for tasks to queue
[2026-02-16T23:18:00.379+0000] {logging_mixin.py:188} INFO - [2026-02-16T23:18:00.379+0000] {dagbag.py:545} INFO - Filling up the DagBag from /opt/airflow/dags/main.py
[2026-02-16T23:18:00.427+0000] {processor.py:840} INFO - DAG(s) 'produce_json' retrieved from /opt/airflow/dags/main.py
[2026-02-16T23:18:00.453+0000] {logging_mixin.py:188} INFO - [2026-02-16T23:18:00.452+0000] {dag.py:3096} INFO - Sync 1 DAGs
[2026-02-16T23:18:00.474+0000] {logging_mixin.py:188} INFO - [2026-02-16T23:18:00.473+0000] {dag.py:3954} INFO - Setting next_dagrun for produce_json to 2026-02-16 14:00:00+00:00, run_after=2026-02-17 14:00:00+00:00
[2026-02-16T23:18:00.505+0000] {processor.py:183} INFO - Processing /opt/airflow/dags/main.py took 0.137 seconds
[2026-02-16T23:18:30.605+0000] {processor.py:161} INFO - Started process (PID=3989) to work on /opt/airflow/dags/main.py
[2026-02-16T23:18:30.606+0000] {processor.py:830} INFO - Processing file /opt/airflow/dags/main.py for tasks to queue
[2026-02-16T23:18:30.610+0000] {logging_mixin.py:188} INFO - [2026-02-16T23:18:30.609+0000] {dagbag.py:545} INFO - Filling up the DagBag from /opt/airflow/dags/main.py
[2026-02-16T23:18:30.687+0000] {processor.py:840} INFO - DAG(s) 'produce_json' retrieved from /opt/airflow/dags/main.py
[2026-02-16T23:18:30.731+0000] {logging_mixin.py:188} INFO - [2026-02-16T23:18:30.730+0000] {dag.py:3096} INFO - Sync 1 DAGs
[2026-02-16T23:18:30.761+0000] {logging_mixin.py:188} INFO - [2026-02-16T23:18:30.760+0000] {dag.py:3954} INFO - Setting next_dagrun for produce_json to 2026-02-16 14:00:00+00:00, run_after=2026-02-17 14:00:00+00:00
[2026-02-16T23:18:30.793+0000] {processor.py:183} INFO - Processing /opt/airflow/dags/main.py took 0.195 seconds
[2026-02-16T23:19:00.985+0000] {processor.py:161} INFO - Started process (PID=3996) to work on /opt/airflow/dags/main.py
[2026-02-16T23:19:00.986+0000] {processor.py:830} INFO - Processing file /opt/airflow/dags/main.py for tasks to queue
[2026-02-16T23:19:00.989+0000] {logging_mixin.py:188} INFO - [2026-02-16T23:19:00.988+0000] {dagbag.py:545} INFO - Filling up the DagBag from /opt/airflow/dags/main.py
[2026-02-16T23:19:01.033+0000] {processor.py:840} INFO - DAG(s) 'produce_json' retrieved from /opt/airflow/dags/main.py
[2026-02-16T23:19:01.062+0000] {logging_mixin.py:188} INFO - [2026-02-16T23:19:01.062+0000] {dag.py:3096} INFO - Sync 1 DAGs
[2026-02-16T23:19:01.085+0000] {logging_mixin.py:188} INFO - [2026-02-16T23:19:01.085+0000] {dag.py:3954} INFO - Setting next_dagrun for produce_json to 2026-02-16 14:00:00+00:00, run_after=2026-02-17 14:00:00+00:00
[2026-02-16T23:19:01.107+0000] {processor.py:183} INFO - Processing /opt/airflow/dags/main.py took 0.129 seconds
[2026-02-16T23:19:31.239+0000] {processor.py:161} INFO - Started process (PID=4003) to work on /opt/airflow/dags/main.py
[2026-02-16T23:19:31.240+0000] {processor.py:830} INFO - Processing file /opt/airflow/dags/main.py for tasks to queue
[2026-02-16T23:19:31.244+0000] {logging_mixin.py:188} INFO - [2026-02-16T23:19:31.244+0000] {dagbag.py:545} INFO - Filling up the DagBag from /opt/airflow/dags/main.py
[2026-02-16T23:19:31.311+0000] {processor.py:840} INFO - DAG(s) 'produce_json' retrieved from /opt/airflow/dags/main.py
[2026-02-16T23:19:31.347+0000] {logging_mixin.py:188} INFO - [2026-02-16T23:19:31.347+0000] {dag.py:3096} INFO - Sync 1 DAGs
[2026-02-16T23:19:31.379+0000] {logging_mixin.py:188} INFO - [2026-02-16T23:19:31.379+0000] {dag.py:3954} INFO - Setting next_dagrun for produce_json to 2026-02-16 14:00:00+00:00, run_after=2026-02-17 14:00:00+00:00
[2026-02-16T23:19:31.404+0000] {processor.py:183} INFO - Processing /opt/airflow/dags/main.py took 0.177 seconds
[2026-02-16T23:20:01.497+0000] {processor.py:161} INFO - Started process (PID=4009) to work on /opt/airflow/dags/main.py
[2026-02-16T23:20:01.501+0000] {processor.py:830} INFO - Processing file /opt/airflow/dags/main.py for tasks to queue
[2026-02-16T23:20:01.507+0000] {logging_mixin.py:188} INFO - [2026-02-16T23:20:01.506+0000] {dagbag.py:545} INFO - Filling up the DagBag from /opt/airflow/dags/main.py
[2026-02-16T23:20:01.583+0000] {processor.py:840} INFO - DAG(s) 'produce_json' retrieved from /opt/airflow/dags/main.py
[2026-02-16T23:20:01.613+0000] {logging_mixin.py:188} INFO - [2026-02-16T23:20:01.613+0000] {dag.py:3096} INFO - Sync 1 DAGs
[2026-02-16T23:20:01.636+0000] {logging_mixin.py:188} INFO - [2026-02-16T23:20:01.636+0000] {dag.py:3954} INFO - Setting next_dagrun for produce_json to 2026-02-16 14:00:00+00:00, run_after=2026-02-17 14:00:00+00:00
[2026-02-16T23:20:01.659+0000] {processor.py:183} INFO - Processing /opt/airflow/dags/main.py took 0.175 seconds
[2026-02-16T23:20:31.704+0000] {processor.py:161} INFO - Started process (PID=4016) to work on /opt/airflow/dags/main.py
[2026-02-16T23:20:31.705+0000] {processor.py:830} INFO - Processing file /opt/airflow/dags/main.py for tasks to queue
[2026-02-16T23:20:31.707+0000] {logging_mixin.py:188} INFO - [2026-02-16T23:20:31.707+0000] {dagbag.py:545} INFO - Filling up the DagBag from /opt/airflow/dags/main.py
[2026-02-16T23:20:31.790+0000] {processor.py:840} INFO - DAG(s) 'produce_json' retrieved from /opt/airflow/dags/main.py
[2026-02-16T23:20:31.817+0000] {logging_mixin.py:188} INFO - [2026-02-16T23:20:31.816+0000] {dag.py:3096} INFO - Sync 1 DAGs
[2026-02-16T23:20:31.841+0000] {logging_mixin.py:188} INFO - [2026-02-16T23:20:31.841+0000] {dag.py:3954} INFO - Setting next_dagrun for produce_json to 2026-02-16 14:00:00+00:00, run_after=2026-02-17 14:00:00+00:00
[2026-02-16T23:20:31.863+0000] {processor.py:183} INFO - Processing /opt/airflow/dags/main.py took 0.166 seconds
[2026-02-16T23:21:02.086+0000] {processor.py:161} INFO - Started process (PID=4023) to work on /opt/airflow/dags/main.py
[2026-02-16T23:21:02.087+0000] {processor.py:830} INFO - Processing file /opt/airflow/dags/main.py for tasks to queue
[2026-02-16T23:21:02.091+0000] {logging_mixin.py:188} INFO - [2026-02-16T23:21:02.090+0000] {dagbag.py:545} INFO - Filling up the DagBag from /opt/airflow/dags/main.py
[2026-02-16T23:21:02.149+0000] {processor.py:840} INFO - DAG(s) 'produce_json' retrieved from /opt/airflow/dags/main.py
[2026-02-16T23:21:02.183+0000] {logging_mixin.py:188} INFO - [2026-02-16T23:21:02.183+0000] {dag.py:3096} INFO - Sync 1 DAGs
[2026-02-16T23:21:02.206+0000] {logging_mixin.py:188} INFO - [2026-02-16T23:21:02.206+0000] {dag.py:3954} INFO - Setting next_dagrun for produce_json to 2026-02-16 14:00:00+00:00, run_after=2026-02-17 14:00:00+00:00
[2026-02-16T23:21:02.227+0000] {processor.py:183} INFO - Processing /opt/airflow/dags/main.py took 0.147 seconds
[2026-02-16T23:21:32.312+0000] {processor.py:161} INFO - Started process (PID=4036) to work on /opt/airflow/dags/main.py
[2026-02-16T23:21:32.313+0000] {processor.py:830} INFO - Processing file /opt/airflow/dags/main.py for tasks to queue
[2026-02-16T23:21:32.316+0000] {logging_mixin.py:188} INFO - [2026-02-16T23:21:32.316+0000] {dagbag.py:545} INFO - Filling up the DagBag from /opt/airflow/dags/main.py
[2026-02-16T23:21:32.362+0000] {processor.py:840} INFO - DAG(s) 'produce_json' retrieved from /opt/airflow/dags/main.py
[2026-02-16T23:21:32.396+0000] {logging_mixin.py:188} INFO - [2026-02-16T23:21:32.395+0000] {dag.py:3096} INFO - Sync 1 DAGs
[2026-02-16T23:21:32.417+0000] {logging_mixin.py:188} INFO - [2026-02-16T23:21:32.417+0000] {dag.py:3954} INFO - Setting next_dagrun for produce_json to 2026-02-16 14:00:00+00:00, run_after=2026-02-17 14:00:00+00:00
[2026-02-16T23:21:32.443+0000] {processor.py:183} INFO - Processing /opt/airflow/dags/main.py took 0.138 seconds
[2026-02-16T23:22:02.649+0000] {processor.py:161} INFO - Started process (PID=4043) to work on /opt/airflow/dags/main.py
[2026-02-16T23:22:02.650+0000] {processor.py:830} INFO - Processing file /opt/airflow/dags/main.py for tasks to queue
[2026-02-16T23:22:02.652+0000] {logging_mixin.py:188} INFO - [2026-02-16T23:22:02.652+0000] {dagbag.py:545} INFO - Filling up the DagBag from /opt/airflow/dags/main.py
[2026-02-16T23:22:02.715+0000] {processor.py:840} INFO - DAG(s) 'produce_json' retrieved from /opt/airflow/dags/main.py
[2026-02-16T23:22:02.756+0000] {logging_mixin.py:188} INFO - [2026-02-16T23:22:02.755+0000] {dag.py:3096} INFO - Sync 1 DAGs
[2026-02-16T23:22:02.787+0000] {logging_mixin.py:188} INFO - [2026-02-16T23:22:02.787+0000] {dag.py:3954} INFO - Setting next_dagrun for produce_json to 2026-02-16 14:00:00+00:00, run_after=2026-02-17 14:00:00+00:00
[2026-02-16T23:22:02.818+0000] {processor.py:183} INFO - Processing /opt/airflow/dags/main.py took 0.175 seconds
[2026-02-16T23:22:32.916+0000] {processor.py:161} INFO - Started process (PID=4050) to work on /opt/airflow/dags/main.py
[2026-02-16T23:22:32.919+0000] {processor.py:830} INFO - Processing file /opt/airflow/dags/main.py for tasks to queue
[2026-02-16T23:22:32.924+0000] {logging_mixin.py:188} INFO - [2026-02-16T23:22:32.923+0000] {dagbag.py:545} INFO - Filling up the DagBag from /opt/airflow/dags/main.py
[2026-02-16T23:22:32.985+0000] {processor.py:840} INFO - DAG(s) 'produce_json' retrieved from /opt/airflow/dags/main.py
[2026-02-16T23:22:33.022+0000] {logging_mixin.py:188} INFO - [2026-02-16T23:22:33.021+0000] {dag.py:3096} INFO - Sync 1 DAGs
[2026-02-16T23:22:33.065+0000] {logging_mixin.py:188} INFO - [2026-02-16T23:22:33.064+0000] {dag.py:3954} INFO - Setting next_dagrun for produce_json to 2026-02-16 14:00:00+00:00, run_after=2026-02-17 14:00:00+00:00
[2026-02-16T23:22:33.108+0000] {processor.py:183} INFO - Processing /opt/airflow/dags/main.py took 0.201 seconds
[2026-02-16T23:23:03.243+0000] {processor.py:161} INFO - Started process (PID=4057) to work on /opt/airflow/dags/main.py
[2026-02-16T23:23:03.244+0000] {processor.py:830} INFO - Processing file /opt/airflow/dags/main.py for tasks to queue
[2026-02-16T23:23:03.247+0000] {logging_mixin.py:188} INFO - [2026-02-16T23:23:03.246+0000] {dagbag.py:545} INFO - Filling up the DagBag from /opt/airflow/dags/main.py
[2026-02-16T23:23:03.290+0000] {processor.py:840} INFO - DAG(s) 'produce_json' retrieved from /opt/airflow/dags/main.py
[2026-02-16T23:23:03.317+0000] {logging_mixin.py:188} INFO - [2026-02-16T23:23:03.317+0000] {dag.py:3096} INFO - Sync 1 DAGs
[2026-02-16T23:23:03.337+0000] {logging_mixin.py:188} INFO - [2026-02-16T23:23:03.337+0000] {dag.py:3954} INFO - Setting next_dagrun for produce_json to 2026-02-16 14:00:00+00:00, run_after=2026-02-17 14:00:00+00:00
[2026-02-16T23:23:03.372+0000] {processor.py:183} INFO - Processing /opt/airflow/dags/main.py took 0.136 seconds
[2026-02-16T23:23:33.527+0000] {processor.py:161} INFO - Started process (PID=4064) to work on /opt/airflow/dags/main.py
[2026-02-16T23:23:33.529+0000] {processor.py:830} INFO - Processing file /opt/airflow/dags/main.py for tasks to queue
[2026-02-16T23:23:33.531+0000] {logging_mixin.py:188} INFO - [2026-02-16T23:23:33.530+0000] {dagbag.py:545} INFO - Filling up the DagBag from /opt/airflow/dags/main.py
[2026-02-16T23:23:33.575+0000] {processor.py:840} INFO - DAG(s) 'produce_json' retrieved from /opt/airflow/dags/main.py
[2026-02-16T23:23:33.604+0000] {logging_mixin.py:188} INFO - [2026-02-16T23:23:33.604+0000] {dag.py:3096} INFO - Sync 1 DAGs
[2026-02-16T23:23:33.625+0000] {logging_mixin.py:188} INFO - [2026-02-16T23:23:33.625+0000] {dag.py:3954} INFO - Setting next_dagrun for produce_json to 2026-02-16 14:00:00+00:00, run_after=2026-02-17 14:00:00+00:00
[2026-02-16T23:23:33.657+0000] {processor.py:183} INFO - Processing /opt/airflow/dags/main.py took 0.136 seconds
[2026-02-16T23:24:03.762+0000] {processor.py:161} INFO - Started process (PID=4071) to work on /opt/airflow/dags/main.py
[2026-02-16T23:24:03.764+0000] {processor.py:830} INFO - Processing file /opt/airflow/dags/main.py for tasks to queue
[2026-02-16T23:24:03.766+0000] {logging_mixin.py:188} INFO - [2026-02-16T23:24:03.765+0000] {dagbag.py:545} INFO - Filling up the DagBag from /opt/airflow/dags/main.py
[2026-02-16T23:24:03.819+0000] {processor.py:840} INFO - DAG(s) 'produce_json' retrieved from /opt/airflow/dags/main.py
[2026-02-16T23:24:03.856+0000] {logging_mixin.py:188} INFO - [2026-02-16T23:24:03.855+0000] {dag.py:3096} INFO - Sync 1 DAGs
[2026-02-16T23:24:03.885+0000] {logging_mixin.py:188} INFO - [2026-02-16T23:24:03.885+0000] {dag.py:3954} INFO - Setting next_dagrun for produce_json to 2026-02-16 14:00:00+00:00, run_after=2026-02-17 14:00:00+00:00
[2026-02-16T23:24:03.920+0000] {processor.py:183} INFO - Processing /opt/airflow/dags/main.py took 0.163 seconds
[2026-02-16T23:24:34.093+0000] {processor.py:161} INFO - Started process (PID=4078) to work on /opt/airflow/dags/main.py
[2026-02-16T23:24:34.094+0000] {processor.py:830} INFO - Processing file /opt/airflow/dags/main.py for tasks to queue
[2026-02-16T23:24:34.098+0000] {logging_mixin.py:188} INFO - [2026-02-16T23:24:34.097+0000] {dagbag.py:545} INFO - Filling up the DagBag from /opt/airflow/dags/main.py
[2026-02-16T23:24:34.151+0000] {processor.py:840} INFO - DAG(s) 'produce_json' retrieved from /opt/airflow/dags/main.py
[2026-02-16T23:24:34.180+0000] {logging_mixin.py:188} INFO - [2026-02-16T23:24:34.180+0000] {dag.py:3096} INFO - Sync 1 DAGs
[2026-02-16T23:24:34.203+0000] {logging_mixin.py:188} INFO - [2026-02-16T23:24:34.203+0000] {dag.py:3954} INFO - Setting next_dagrun for produce_json to 2026-02-16 14:00:00+00:00, run_after=2026-02-17 14:00:00+00:00
[2026-02-16T23:24:34.225+0000] {processor.py:183} INFO - Processing /opt/airflow/dags/main.py took 0.137 seconds
[2026-02-16T23:25:04.484+0000] {processor.py:161} INFO - Started process (PID=4086) to work on /opt/airflow/dags/main.py
[2026-02-16T23:25:04.486+0000] {processor.py:830} INFO - Processing file /opt/airflow/dags/main.py for tasks to queue
[2026-02-16T23:25:04.489+0000] {logging_mixin.py:188} INFO - [2026-02-16T23:25:04.489+0000] {dagbag.py:545} INFO - Filling up the DagBag from /opt/airflow/dags/main.py
[2026-02-16T23:25:04.545+0000] {processor.py:840} INFO - DAG(s) 'produce_json' retrieved from /opt/airflow/dags/main.py
[2026-02-16T23:25:04.582+0000] {logging_mixin.py:188} INFO - [2026-02-16T23:25:04.582+0000] {dag.py:3096} INFO - Sync 1 DAGs
[2026-02-16T23:25:04.607+0000] {logging_mixin.py:188} INFO - [2026-02-16T23:25:04.606+0000] {dag.py:3954} INFO - Setting next_dagrun for produce_json to 2026-02-16 14:00:00+00:00, run_after=2026-02-17 14:00:00+00:00
[2026-02-16T23:25:04.643+0000] {processor.py:183} INFO - Processing /opt/airflow/dags/main.py took 0.166 seconds
[2026-02-16T23:25:34.685+0000] {processor.py:161} INFO - Started process (PID=4093) to work on /opt/airflow/dags/main.py
[2026-02-16T23:25:34.686+0000] {processor.py:830} INFO - Processing file /opt/airflow/dags/main.py for tasks to queue
[2026-02-16T23:25:34.689+0000] {logging_mixin.py:188} INFO - [2026-02-16T23:25:34.688+0000] {dagbag.py:545} INFO - Filling up the DagBag from /opt/airflow/dags/main.py
[2026-02-16T23:25:34.742+0000] {processor.py:840} INFO - DAG(s) 'produce_json' retrieved from /opt/airflow/dags/main.py
[2026-02-16T23:25:34.775+0000] {logging_mixin.py:188} INFO - [2026-02-16T23:25:34.775+0000] {dag.py:3096} INFO - Sync 1 DAGs
[2026-02-16T23:25:34.800+0000] {logging_mixin.py:188} INFO - [2026-02-16T23:25:34.800+0000] {dag.py:3954} INFO - Setting next_dagrun for produce_json to 2026-02-16 14:00:00+00:00, run_after=2026-02-17 14:00:00+00:00
[2026-02-16T23:25:34.833+0000] {processor.py:183} INFO - Processing /opt/airflow/dags/main.py took 0.154 seconds
[2026-02-16T23:26:04.910+0000] {processor.py:161} INFO - Started process (PID=4100) to work on /opt/airflow/dags/main.py
[2026-02-16T23:26:04.912+0000] {processor.py:830} INFO - Processing file /opt/airflow/dags/main.py for tasks to queue
[2026-02-16T23:26:04.914+0000] {logging_mixin.py:188} INFO - [2026-02-16T23:26:04.913+0000] {dagbag.py:545} INFO - Filling up the DagBag from /opt/airflow/dags/main.py
[2026-02-16T23:26:04.962+0000] {processor.py:840} INFO - DAG(s) 'produce_json' retrieved from /opt/airflow/dags/main.py
[2026-02-16T23:26:05.000+0000] {logging_mixin.py:188} INFO - [2026-02-16T23:26:05.000+0000] {dag.py:3096} INFO - Sync 1 DAGs
[2026-02-16T23:26:05.033+0000] {logging_mixin.py:188} INFO - [2026-02-16T23:26:05.033+0000] {dag.py:3954} INFO - Setting next_dagrun for produce_json to 2026-02-16 14:00:00+00:00, run_after=2026-02-17 14:00:00+00:00
[2026-02-16T23:26:05.072+0000] {processor.py:183} INFO - Processing /opt/airflow/dags/main.py took 0.167 seconds
[2026-02-16T23:26:35.254+0000] {processor.py:161} INFO - Started process (PID=4107) to work on /opt/airflow/dags/main.py
[2026-02-16T23:26:35.255+0000] {processor.py:830} INFO - Processing file /opt/airflow/dags/main.py for tasks to queue
[2026-02-16T23:26:35.257+0000] {logging_mixin.py:188} INFO - [2026-02-16T23:26:35.256+0000] {dagbag.py:545} INFO - Filling up the DagBag from /opt/airflow/dags/main.py
[2026-02-16T23:26:35.308+0000] {processor.py:840} INFO - DAG(s) 'produce_json' retrieved from /opt/airflow/dags/main.py
[2026-02-16T23:26:35.334+0000] {logging_mixin.py:188} INFO - [2026-02-16T23:26:35.333+0000] {dag.py:3096} INFO - Sync 1 DAGs
[2026-02-16T23:26:35.353+0000] {logging_mixin.py:188} INFO - [2026-02-16T23:26:35.353+0000] {dag.py:3954} INFO - Setting next_dagrun for produce_json to 2026-02-16 14:00:00+00:00, run_after=2026-02-17 14:00:00+00:00
[2026-02-16T23:26:35.381+0000] {processor.py:183} INFO - Processing /opt/airflow/dags/main.py took 0.133 seconds
[2026-02-16T23:27:05.590+0000] {processor.py:161} INFO - Started process (PID=4114) to work on /opt/airflow/dags/main.py
[2026-02-16T23:27:05.592+0000] {processor.py:830} INFO - Processing file /opt/airflow/dags/main.py for tasks to queue
[2026-02-16T23:27:05.594+0000] {logging_mixin.py:188} INFO - [2026-02-16T23:27:05.594+0000] {dagbag.py:545} INFO - Filling up the DagBag from /opt/airflow/dags/main.py
[2026-02-16T23:27:05.651+0000] {processor.py:840} INFO - DAG(s) 'produce_json' retrieved from /opt/airflow/dags/main.py
[2026-02-16T23:27:05.682+0000] {logging_mixin.py:188} INFO - [2026-02-16T23:27:05.682+0000] {dag.py:3096} INFO - Sync 1 DAGs
[2026-02-16T23:27:05.717+0000] {logging_mixin.py:188} INFO - [2026-02-16T23:27:05.716+0000] {dag.py:3954} INFO - Setting next_dagrun for produce_json to 2026-02-16 14:00:00+00:00, run_after=2026-02-17 14:00:00+00:00
[2026-02-16T23:27:05.743+0000] {processor.py:183} INFO - Processing /opt/airflow/dags/main.py took 0.159 seconds
[2026-02-16T23:27:35.812+0000] {processor.py:161} INFO - Started process (PID=4121) to work on /opt/airflow/dags/main.py
[2026-02-16T23:27:35.813+0000] {processor.py:830} INFO - Processing file /opt/airflow/dags/main.py for tasks to queue
[2026-02-16T23:27:35.815+0000] {logging_mixin.py:188} INFO - [2026-02-16T23:27:35.814+0000] {dagbag.py:545} INFO - Filling up the DagBag from /opt/airflow/dags/main.py
[2026-02-16T23:27:35.854+0000] {processor.py:840} INFO - DAG(s) 'produce_json' retrieved from /opt/airflow/dags/main.py
[2026-02-16T23:27:35.882+0000] {logging_mixin.py:188} INFO - [2026-02-16T23:27:35.881+0000] {dag.py:3096} INFO - Sync 1 DAGs
[2026-02-16T23:27:35.902+0000] {logging_mixin.py:188} INFO - [2026-02-16T23:27:35.902+0000] {dag.py:3954} INFO - Setting next_dagrun for produce_json to 2026-02-16 14:00:00+00:00, run_after=2026-02-17 14:00:00+00:00
[2026-02-16T23:27:35.926+0000] {processor.py:183} INFO - Processing /opt/airflow/dags/main.py took 0.119 seconds
[2026-02-16T23:28:06.047+0000] {processor.py:161} INFO - Started process (PID=4128) to work on /opt/airflow/dags/main.py
[2026-02-16T23:28:06.048+0000] {processor.py:830} INFO - Processing file /opt/airflow/dags/main.py for tasks to queue
[2026-02-16T23:28:06.050+0000] {logging_mixin.py:188} INFO - [2026-02-16T23:28:06.050+0000] {dagbag.py:545} INFO - Filling up the DagBag from /opt/airflow/dags/main.py
[2026-02-16T23:28:06.091+0000] {processor.py:840} INFO - DAG(s) 'produce_json' retrieved from /opt/airflow/dags/main.py
[2026-02-16T23:28:06.118+0000] {logging_mixin.py:188} INFO - [2026-02-16T23:28:06.117+0000] {dag.py:3096} INFO - Sync 1 DAGs
[2026-02-16T23:28:06.138+0000] {logging_mixin.py:188} INFO - [2026-02-16T23:28:06.138+0000] {dag.py:3954} INFO - Setting next_dagrun for produce_json to 2026-02-16 14:00:00+00:00, run_after=2026-02-17 14:00:00+00:00
[2026-02-16T23:28:06.159+0000] {processor.py:183} INFO - Processing /opt/airflow/dags/main.py took 0.117 seconds
[2026-02-16T23:28:36.420+0000] {processor.py:161} INFO - Started process (PID=4135) to work on /opt/airflow/dags/main.py
[2026-02-16T23:28:36.421+0000] {processor.py:830} INFO - Processing file /opt/airflow/dags/main.py for tasks to queue
[2026-02-16T23:28:36.423+0000] {logging_mixin.py:188} INFO - [2026-02-16T23:28:36.423+0000] {dagbag.py:545} INFO - Filling up the DagBag from /opt/airflow/dags/main.py
[2026-02-16T23:28:36.465+0000] {processor.py:840} INFO - DAG(s) 'produce_json' retrieved from /opt/airflow/dags/main.py
[2026-02-16T23:28:36.492+0000] {logging_mixin.py:188} INFO - [2026-02-16T23:28:36.492+0000] {dag.py:3096} INFO - Sync 1 DAGs
[2026-02-16T23:28:36.512+0000] {logging_mixin.py:188} INFO - [2026-02-16T23:28:36.512+0000] {dag.py:3954} INFO - Setting next_dagrun for produce_json to 2026-02-16 14:00:00+00:00, run_after=2026-02-17 14:00:00+00:00
[2026-02-16T23:28:36.546+0000] {processor.py:183} INFO - Processing /opt/airflow/dags/main.py took 0.132 seconds
[2026-02-16T23:29:06.693+0000] {processor.py:161} INFO - Started process (PID=4142) to work on /opt/airflow/dags/main.py
[2026-02-16T23:29:06.694+0000] {processor.py:830} INFO - Processing file /opt/airflow/dags/main.py for tasks to queue
[2026-02-16T23:29:06.697+0000] {logging_mixin.py:188} INFO - [2026-02-16T23:29:06.697+0000] {dagbag.py:545} INFO - Filling up the DagBag from /opt/airflow/dags/main.py
[2026-02-16T23:29:06.752+0000] {processor.py:840} INFO - DAG(s) 'produce_json' retrieved from /opt/airflow/dags/main.py
[2026-02-16T23:29:06.784+0000] {logging_mixin.py:188} INFO - [2026-02-16T23:29:06.784+0000] {dag.py:3096} INFO - Sync 1 DAGs
[2026-02-16T23:29:06.813+0000] {logging_mixin.py:188} INFO - [2026-02-16T23:29:06.813+0000] {dag.py:3954} INFO - Setting next_dagrun for produce_json to 2026-02-16 14:00:00+00:00, run_after=2026-02-17 14:00:00+00:00
[2026-02-16T23:29:06.833+0000] {processor.py:183} INFO - Processing /opt/airflow/dags/main.py took 0.147 seconds
[2026-02-16T23:29:37.093+0000] {processor.py:161} INFO - Started process (PID=4149) to work on /opt/airflow/dags/main.py
[2026-02-16T23:29:37.094+0000] {processor.py:830} INFO - Processing file /opt/airflow/dags/main.py for tasks to queue
[2026-02-16T23:29:37.096+0000] {logging_mixin.py:188} INFO - [2026-02-16T23:29:37.095+0000] {dagbag.py:545} INFO - Filling up the DagBag from /opt/airflow/dags/main.py
[2026-02-16T23:29:37.150+0000] {processor.py:840} INFO - DAG(s) 'produce_json' retrieved from /opt/airflow/dags/main.py
[2026-02-16T23:29:37.178+0000] {logging_mixin.py:188} INFO - [2026-02-16T23:29:37.178+0000] {dag.py:3096} INFO - Sync 1 DAGs
[2026-02-16T23:29:37.198+0000] {logging_mixin.py:188} INFO - [2026-02-16T23:29:37.198+0000] {dag.py:3954} INFO - Setting next_dagrun for produce_json to 2026-02-16 14:00:00+00:00, run_after=2026-02-17 14:00:00+00:00
[2026-02-16T23:29:37.228+0000] {processor.py:183} INFO - Processing /opt/airflow/dags/main.py took 0.140 seconds
[2026-02-16T23:30:07.338+0000] {processor.py:161} INFO - Started process (PID=4156) to work on /opt/airflow/dags/main.py
[2026-02-16T23:30:07.339+0000] {processor.py:830} INFO - Processing file /opt/airflow/dags/main.py for tasks to queue
[2026-02-16T23:30:07.342+0000] {logging_mixin.py:188} INFO - [2026-02-16T23:30:07.341+0000] {dagbag.py:545} INFO - Filling up the DagBag from /opt/airflow/dags/main.py
[2026-02-16T23:30:07.385+0000] {processor.py:840} INFO - DAG(s) 'produce_json' retrieved from /opt/airflow/dags/main.py
[2026-02-16T23:30:07.413+0000] {logging_mixin.py:188} INFO - [2026-02-16T23:30:07.413+0000] {dag.py:3096} INFO - Sync 1 DAGs
[2026-02-16T23:30:07.434+0000] {logging_mixin.py:188} INFO - [2026-02-16T23:30:07.434+0000] {dag.py:3954} INFO - Setting next_dagrun for produce_json to 2026-02-16 14:00:00+00:00, run_after=2026-02-17 14:00:00+00:00
[2026-02-16T23:30:07.468+0000] {processor.py:183} INFO - Processing /opt/airflow/dags/main.py took 0.135 seconds
[2026-02-16T23:30:37.578+0000] {processor.py:161} INFO - Started process (PID=4163) to work on /opt/airflow/dags/main.py
[2026-02-16T23:30:37.579+0000] {processor.py:830} INFO - Processing file /opt/airflow/dags/main.py for tasks to queue
[2026-02-16T23:30:37.582+0000] {logging_mixin.py:188} INFO - [2026-02-16T23:30:37.581+0000] {dagbag.py:545} INFO - Filling up the DagBag from /opt/airflow/dags/main.py
[2026-02-16T23:30:37.689+0000] {processor.py:840} INFO - DAG(s) 'produce_json' retrieved from /opt/airflow/dags/main.py
[2026-02-16T23:30:37.730+0000] {logging_mixin.py:188} INFO - [2026-02-16T23:30:37.730+0000] {dag.py:3096} INFO - Sync 1 DAGs
[2026-02-16T23:30:37.764+0000] {logging_mixin.py:188} INFO - [2026-02-16T23:30:37.763+0000] {dag.py:3954} INFO - Setting next_dagrun for produce_json to 2026-02-16 14:00:00+00:00, run_after=2026-02-17 14:00:00+00:00
[2026-02-16T23:30:37.784+0000] {processor.py:183} INFO - Processing /opt/airflow/dags/main.py took 0.212 seconds
[2026-02-16T23:31:08.012+0000] {processor.py:161} INFO - Started process (PID=4170) to work on /opt/airflow/dags/main.py
[2026-02-16T23:31:08.013+0000] {processor.py:830} INFO - Processing file /opt/airflow/dags/main.py for tasks to queue
[2026-02-16T23:31:08.016+0000] {logging_mixin.py:188} INFO - [2026-02-16T23:31:08.016+0000] {dagbag.py:545} INFO - Filling up the DagBag from /opt/airflow/dags/main.py
[2026-02-16T23:31:08.058+0000] {processor.py:840} INFO - DAG(s) 'produce_json' retrieved from /opt/airflow/dags/main.py
[2026-02-16T23:31:08.085+0000] {logging_mixin.py:188} INFO - [2026-02-16T23:31:08.084+0000] {dag.py:3096} INFO - Sync 1 DAGs
[2026-02-16T23:31:08.109+0000] {logging_mixin.py:188} INFO - [2026-02-16T23:31:08.109+0000] {dag.py:3954} INFO - Setting next_dagrun for produce_json to 2026-02-16 14:00:00+00:00, run_after=2026-02-17 14:00:00+00:00
[2026-02-16T23:31:08.131+0000] {processor.py:183} INFO - Processing /opt/airflow/dags/main.py took 0.125 seconds
[2026-02-16T23:31:38.229+0000] {processor.py:161} INFO - Started process (PID=4177) to work on /opt/airflow/dags/main.py
[2026-02-16T23:31:38.230+0000] {processor.py:830} INFO - Processing file /opt/airflow/dags/main.py for tasks to queue
[2026-02-16T23:31:38.233+0000] {logging_mixin.py:188} INFO - [2026-02-16T23:31:38.233+0000] {dagbag.py:545} INFO - Filling up the DagBag from /opt/airflow/dags/main.py
[2026-02-16T23:31:38.280+0000] {processor.py:840} INFO - DAG(s) 'produce_json' retrieved from /opt/airflow/dags/main.py
[2026-02-16T23:31:38.311+0000] {logging_mixin.py:188} INFO - [2026-02-16T23:31:38.311+0000] {dag.py:3096} INFO - Sync 1 DAGs
[2026-02-16T23:31:38.337+0000] {logging_mixin.py:188} INFO - [2026-02-16T23:31:38.337+0000] {dag.py:3954} INFO - Setting next_dagrun for produce_json to 2026-02-16 14:00:00+00:00, run_after=2026-02-17 14:00:00+00:00
[2026-02-16T23:31:38.360+0000] {processor.py:183} INFO - Processing /opt/airflow/dags/main.py took 0.137 seconds
[2026-02-16T23:32:08.585+0000] {processor.py:161} INFO - Started process (PID=4184) to work on /opt/airflow/dags/main.py
[2026-02-16T23:32:08.586+0000] {processor.py:830} INFO - Processing file /opt/airflow/dags/main.py for tasks to queue
[2026-02-16T23:32:08.589+0000] {logging_mixin.py:188} INFO - [2026-02-16T23:32:08.588+0000] {dagbag.py:545} INFO - Filling up the DagBag from /opt/airflow/dags/main.py
[2026-02-16T23:32:08.633+0000] {processor.py:840} INFO - DAG(s) 'produce_json' retrieved from /opt/airflow/dags/main.py
[2026-02-16T23:32:08.662+0000] {logging_mixin.py:188} INFO - [2026-02-16T23:32:08.662+0000] {dag.py:3096} INFO - Sync 1 DAGs
[2026-02-16T23:32:08.683+0000] {logging_mixin.py:188} INFO - [2026-02-16T23:32:08.683+0000] {dag.py:3954} INFO - Setting next_dagrun for produce_json to 2026-02-16 14:00:00+00:00, run_after=2026-02-17 14:00:00+00:00
[2026-02-16T23:32:08.713+0000] {processor.py:183} INFO - Processing /opt/airflow/dags/main.py took 0.133 seconds
[2026-02-16T23:32:38.822+0000] {processor.py:161} INFO - Started process (PID=4192) to work on /opt/airflow/dags/main.py
[2026-02-16T23:32:38.824+0000] {processor.py:830} INFO - Processing file /opt/airflow/dags/main.py for tasks to queue
[2026-02-16T23:32:38.826+0000] {logging_mixin.py:188} INFO - [2026-02-16T23:32:38.826+0000] {dagbag.py:545} INFO - Filling up the DagBag from /opt/airflow/dags/main.py
[2026-02-16T23:32:38.869+0000] {processor.py:840} INFO - DAG(s) 'produce_json' retrieved from /opt/airflow/dags/main.py
[2026-02-16T23:32:38.898+0000] {logging_mixin.py:188} INFO - [2026-02-16T23:32:38.898+0000] {dag.py:3096} INFO - Sync 1 DAGs
[2026-02-16T23:32:38.920+0000] {logging_mixin.py:188} INFO - [2026-02-16T23:32:38.919+0000] {dag.py:3954} INFO - Setting next_dagrun for produce_json to 2026-02-16 14:00:00+00:00, run_after=2026-02-17 14:00:00+00:00
[2026-02-16T23:32:38.950+0000] {processor.py:183} INFO - Processing /opt/airflow/dags/main.py took 0.136 seconds
[2026-02-16T23:33:09.224+0000] {processor.py:161} INFO - Started process (PID=4199) to work on /opt/airflow/dags/main.py
[2026-02-16T23:33:09.226+0000] {processor.py:830} INFO - Processing file /opt/airflow/dags/main.py for tasks to queue
[2026-02-16T23:33:09.228+0000] {logging_mixin.py:188} INFO - [2026-02-16T23:33:09.227+0000] {dagbag.py:545} INFO - Filling up the DagBag from /opt/airflow/dags/main.py
[2026-02-16T23:33:09.283+0000] {processor.py:840} INFO - DAG(s) 'produce_json' retrieved from /opt/airflow/dags/main.py
[2026-02-16T23:33:09.318+0000] {logging_mixin.py:188} INFO - [2026-02-16T23:33:09.318+0000] {dag.py:3096} INFO - Sync 1 DAGs
[2026-02-16T23:33:09.342+0000] {logging_mixin.py:188} INFO - [2026-02-16T23:33:09.342+0000] {dag.py:3954} INFO - Setting next_dagrun for produce_json to 2026-02-16 14:00:00+00:00, run_after=2026-02-17 14:00:00+00:00
[2026-02-16T23:33:09.377+0000] {processor.py:183} INFO - Processing /opt/airflow/dags/main.py took 0.159 seconds
[2026-02-16T23:33:39.575+0000] {processor.py:161} INFO - Started process (PID=4206) to work on /opt/airflow/dags/main.py
[2026-02-16T23:33:39.576+0000] {processor.py:830} INFO - Processing file /opt/airflow/dags/main.py for tasks to queue
[2026-02-16T23:33:39.579+0000] {logging_mixin.py:188} INFO - [2026-02-16T23:33:39.578+0000] {dagbag.py:545} INFO - Filling up the DagBag from /opt/airflow/dags/main.py
[2026-02-16T23:33:39.621+0000] {processor.py:840} INFO - DAG(s) 'produce_json' retrieved from /opt/airflow/dags/main.py
[2026-02-16T23:33:39.650+0000] {logging_mixin.py:188} INFO - [2026-02-16T23:33:39.650+0000] {dag.py:3096} INFO - Sync 1 DAGs
[2026-02-16T23:33:39.674+0000] {logging_mixin.py:188} INFO - [2026-02-16T23:33:39.673+0000] {dag.py:3954} INFO - Setting next_dagrun for produce_json to 2026-02-16 14:00:00+00:00, run_after=2026-02-17 14:00:00+00:00
[2026-02-16T23:33:39.710+0000] {processor.py:183} INFO - Processing /opt/airflow/dags/main.py took 0.141 seconds
[2026-02-16T23:34:09.790+0000] {processor.py:161} INFO - Started process (PID=4213) to work on /opt/airflow/dags/main.py
[2026-02-16T23:34:09.791+0000] {processor.py:830} INFO - Processing file /opt/airflow/dags/main.py for tasks to queue
[2026-02-16T23:34:09.793+0000] {logging_mixin.py:188} INFO - [2026-02-16T23:34:09.793+0000] {dagbag.py:545} INFO - Filling up the DagBag from /opt/airflow/dags/main.py
[2026-02-16T23:34:09.836+0000] {processor.py:840} INFO - DAG(s) 'produce_json' retrieved from /opt/airflow/dags/main.py
[2026-02-16T23:34:09.864+0000] {logging_mixin.py:188} INFO - [2026-02-16T23:34:09.864+0000] {dag.py:3096} INFO - Sync 1 DAGs
[2026-02-16T23:34:09.887+0000] {logging_mixin.py:188} INFO - [2026-02-16T23:34:09.887+0000] {dag.py:3954} INFO - Setting next_dagrun for produce_json to 2026-02-16 14:00:00+00:00, run_after=2026-02-17 14:00:00+00:00
[2026-02-16T23:34:09.908+0000] {processor.py:183} INFO - Processing /opt/airflow/dags/main.py took 0.124 seconds
[2026-02-16T23:34:40.150+0000] {processor.py:161} INFO - Started process (PID=4219) to work on /opt/airflow/dags/main.py
[2026-02-16T23:34:40.155+0000] {processor.py:830} INFO - Processing file /opt/airflow/dags/main.py for tasks to queue
[2026-02-16T23:34:40.161+0000] {logging_mixin.py:188} INFO - [2026-02-16T23:34:40.160+0000] {dagbag.py:545} INFO - Filling up the DagBag from /opt/airflow/dags/main.py
[2026-02-16T23:34:40.223+0000] {processor.py:840} INFO - DAG(s) 'produce_json' retrieved from /opt/airflow/dags/main.py
[2026-02-16T23:34:40.249+0000] {logging_mixin.py:188} INFO - [2026-02-16T23:34:40.249+0000] {dag.py:3096} INFO - Sync 1 DAGs
[2026-02-16T23:34:40.273+0000] {logging_mixin.py:188} INFO - [2026-02-16T23:34:40.273+0000] {dag.py:3954} INFO - Setting next_dagrun for produce_json to 2026-02-16 14:00:00+00:00, run_after=2026-02-17 14:00:00+00:00
[2026-02-16T23:34:40.300+0000] {processor.py:183} INFO - Processing /opt/airflow/dags/main.py took 0.165 seconds
[2026-02-16T23:35:10.371+0000] {processor.py:161} INFO - Started process (PID=4226) to work on /opt/airflow/dags/main.py
[2026-02-16T23:35:10.372+0000] {processor.py:830} INFO - Processing file /opt/airflow/dags/main.py for tasks to queue
[2026-02-16T23:35:10.375+0000] {logging_mixin.py:188} INFO - [2026-02-16T23:35:10.374+0000] {dagbag.py:545} INFO - Filling up the DagBag from /opt/airflow/dags/main.py
[2026-02-16T23:35:10.439+0000] {processor.py:840} INFO - DAG(s) 'produce_json' retrieved from /opt/airflow/dags/main.py
[2026-02-16T23:35:10.471+0000] {logging_mixin.py:188} INFO - [2026-02-16T23:35:10.471+0000] {dag.py:3096} INFO - Sync 1 DAGs
[2026-02-16T23:35:10.498+0000] {logging_mixin.py:188} INFO - [2026-02-16T23:35:10.498+0000] {dag.py:3954} INFO - Setting next_dagrun for produce_json to 2026-02-16 14:00:00+00:00, run_after=2026-02-17 14:00:00+00:00
[2026-02-16T23:35:10.521+0000] {processor.py:183} INFO - Processing /opt/airflow/dags/main.py took 0.158 seconds
[2026-02-16T23:35:40.578+0000] {processor.py:161} INFO - Started process (PID=4233) to work on /opt/airflow/dags/main.py
[2026-02-16T23:35:40.579+0000] {processor.py:830} INFO - Processing file /opt/airflow/dags/main.py for tasks to queue
[2026-02-16T23:35:40.581+0000] {logging_mixin.py:188} INFO - [2026-02-16T23:35:40.581+0000] {dagbag.py:545} INFO - Filling up the DagBag from /opt/airflow/dags/main.py
[2026-02-16T23:35:40.630+0000] {processor.py:840} INFO - DAG(s) 'produce_json' retrieved from /opt/airflow/dags/main.py
[2026-02-16T23:35:40.665+0000] {logging_mixin.py:188} INFO - [2026-02-16T23:35:40.665+0000] {dag.py:3096} INFO - Sync 1 DAGs
[2026-02-16T23:35:40.698+0000] {logging_mixin.py:188} INFO - [2026-02-16T23:35:40.698+0000] {dag.py:3954} INFO - Setting next_dagrun for produce_json to 2026-02-16 14:00:00+00:00, run_after=2026-02-17 14:00:00+00:00
[2026-02-16T23:35:40.728+0000] {processor.py:183} INFO - Processing /opt/airflow/dags/main.py took 0.155 seconds
[2026-02-16T23:36:10.945+0000] {processor.py:161} INFO - Started process (PID=4240) to work on /opt/airflow/dags/main.py
[2026-02-16T23:36:10.946+0000] {processor.py:830} INFO - Processing file /opt/airflow/dags/main.py for tasks to queue
[2026-02-16T23:36:10.948+0000] {logging_mixin.py:188} INFO - [2026-02-16T23:36:10.947+0000] {dagbag.py:545} INFO - Filling up the DagBag from /opt/airflow/dags/main.py
[2026-02-16T23:36:10.990+0000] {processor.py:840} INFO - DAG(s) 'produce_json' retrieved from /opt/airflow/dags/main.py
[2026-02-16T23:36:11.018+0000] {logging_mixin.py:188} INFO - [2026-02-16T23:36:11.017+0000] {dag.py:3096} INFO - Sync 1 DAGs
[2026-02-16T23:36:11.037+0000] {logging_mixin.py:188} INFO - [2026-02-16T23:36:11.036+0000] {dag.py:3954} INFO - Setting next_dagrun for produce_json to 2026-02-16 14:00:00+00:00, run_after=2026-02-17 14:00:00+00:00
[2026-02-16T23:36:11.059+0000] {processor.py:183} INFO - Processing /opt/airflow/dags/main.py took 0.119 seconds
[2026-02-16T23:36:41.188+0000] {processor.py:161} INFO - Started process (PID=4247) to work on /opt/airflow/dags/main.py
[2026-02-16T23:36:41.189+0000] {processor.py:830} INFO - Processing file /opt/airflow/dags/main.py for tasks to queue
[2026-02-16T23:36:41.191+0000] {logging_mixin.py:188} INFO - [2026-02-16T23:36:41.191+0000] {dagbag.py:545} INFO - Filling up the DagBag from /opt/airflow/dags/main.py
[2026-02-16T23:36:41.234+0000] {processor.py:840} INFO - DAG(s) 'produce_json' retrieved from /opt/airflow/dags/main.py
[2026-02-16T23:36:41.261+0000] {logging_mixin.py:188} INFO - [2026-02-16T23:36:41.260+0000] {dag.py:3096} INFO - Sync 1 DAGs
[2026-02-16T23:36:41.282+0000] {logging_mixin.py:188} INFO - [2026-02-16T23:36:41.282+0000] {dag.py:3954} INFO - Setting next_dagrun for produce_json to 2026-02-16 14:00:00+00:00, run_after=2026-02-17 14:00:00+00:00
[2026-02-16T23:36:41.304+0000] {processor.py:183} INFO - Processing /opt/airflow/dags/main.py took 0.122 seconds
[2026-02-16T23:37:11.508+0000] {processor.py:161} INFO - Started process (PID=4254) to work on /opt/airflow/dags/main.py
[2026-02-16T23:37:11.509+0000] {processor.py:830} INFO - Processing file /opt/airflow/dags/main.py for tasks to queue
[2026-02-16T23:37:11.512+0000] {logging_mixin.py:188} INFO - [2026-02-16T23:37:11.511+0000] {dagbag.py:545} INFO - Filling up the DagBag from /opt/airflow/dags/main.py
[2026-02-16T23:37:11.573+0000] {processor.py:840} INFO - DAG(s) 'produce_json' retrieved from /opt/airflow/dags/main.py
[2026-02-16T23:37:11.605+0000] {logging_mixin.py:188} INFO - [2026-02-16T23:37:11.604+0000] {dag.py:3096} INFO - Sync 1 DAGs
[2026-02-16T23:37:11.635+0000] {logging_mixin.py:188} INFO - [2026-02-16T23:37:11.635+0000] {dag.py:3954} INFO - Setting next_dagrun for produce_json to 2026-02-16 14:00:00+00:00, run_after=2026-02-17 14:00:00+00:00
[2026-02-16T23:37:11.668+0000] {processor.py:183} INFO - Processing /opt/airflow/dags/main.py took 0.168 seconds
[2026-02-16T23:37:41.731+0000] {processor.py:161} INFO - Started process (PID=4261) to work on /opt/airflow/dags/main.py
[2026-02-16T23:37:41.733+0000] {processor.py:830} INFO - Processing file /opt/airflow/dags/main.py for tasks to queue
[2026-02-16T23:37:41.735+0000] {logging_mixin.py:188} INFO - [2026-02-16T23:37:41.735+0000] {dagbag.py:545} INFO - Filling up the DagBag from /opt/airflow/dags/main.py
[2026-02-16T23:37:41.783+0000] {processor.py:840} INFO - DAG(s) 'produce_json' retrieved from /opt/airflow/dags/main.py
[2026-02-16T23:37:41.813+0000] {logging_mixin.py:188} INFO - [2026-02-16T23:37:41.813+0000] {dag.py:3096} INFO - Sync 1 DAGs
[2026-02-16T23:37:41.835+0000] {logging_mixin.py:188} INFO - [2026-02-16T23:37:41.835+0000] {dag.py:3954} INFO - Setting next_dagrun for produce_json to 2026-02-16 14:00:00+00:00, run_after=2026-02-17 14:00:00+00:00
[2026-02-16T23:37:41.869+0000] {processor.py:183} INFO - Processing /opt/airflow/dags/main.py took 0.146 seconds
[2026-02-16T23:38:12.099+0000] {processor.py:161} INFO - Started process (PID=4268) to work on /opt/airflow/dags/main.py
[2026-02-16T23:38:12.100+0000] {processor.py:830} INFO - Processing file /opt/airflow/dags/main.py for tasks to queue
[2026-02-16T23:38:12.101+0000] {logging_mixin.py:188} INFO - [2026-02-16T23:38:12.101+0000] {dagbag.py:545} INFO - Filling up the DagBag from /opt/airflow/dags/main.py
[2026-02-16T23:38:12.142+0000] {processor.py:840} INFO - DAG(s) 'produce_json' retrieved from /opt/airflow/dags/main.py
[2026-02-16T23:38:12.173+0000] {logging_mixin.py:188} INFO - [2026-02-16T23:38:12.172+0000] {dag.py:3096} INFO - Sync 1 DAGs
[2026-02-16T23:38:12.198+0000] {logging_mixin.py:188} INFO - [2026-02-16T23:38:12.198+0000] {dag.py:3954} INFO - Setting next_dagrun for produce_json to 2026-02-16 14:00:00+00:00, run_after=2026-02-17 14:00:00+00:00
[2026-02-16T23:38:12.219+0000] {processor.py:183} INFO - Processing /opt/airflow/dags/main.py took 0.127 seconds
[2026-02-16T23:38:42.342+0000] {processor.py:161} INFO - Started process (PID=4275) to work on /opt/airflow/dags/main.py
[2026-02-16T23:38:42.345+0000] {processor.py:830} INFO - Processing file /opt/airflow/dags/main.py for tasks to queue
[2026-02-16T23:38:42.348+0000] {logging_mixin.py:188} INFO - [2026-02-16T23:38:42.347+0000] {dagbag.py:545} INFO - Filling up the DagBag from /opt/airflow/dags/main.py
[2026-02-16T23:38:42.406+0000] {processor.py:840} INFO - DAG(s) 'produce_json' retrieved from /opt/airflow/dags/main.py
[2026-02-16T23:38:42.442+0000] {logging_mixin.py:188} INFO - [2026-02-16T23:38:42.442+0000] {dag.py:3096} INFO - Sync 1 DAGs
[2026-02-16T23:38:42.475+0000] {logging_mixin.py:188} INFO - [2026-02-16T23:38:42.475+0000] {dag.py:3954} INFO - Setting next_dagrun for produce_json to 2026-02-16 14:00:00+00:00, run_after=2026-02-17 14:00:00+00:00
[2026-02-16T23:38:42.498+0000] {processor.py:183} INFO - Processing /opt/airflow/dags/main.py took 0.162 seconds
[2026-02-16T23:39:12.668+0000] {processor.py:161} INFO - Started process (PID=4282) to work on /opt/airflow/dags/main.py
[2026-02-16T23:39:12.669+0000] {processor.py:830} INFO - Processing file /opt/airflow/dags/main.py for tasks to queue
[2026-02-16T23:39:12.672+0000] {logging_mixin.py:188} INFO - [2026-02-16T23:39:12.672+0000] {dagbag.py:545} INFO - Filling up the DagBag from /opt/airflow/dags/main.py
[2026-02-16T23:39:12.726+0000] {processor.py:840} INFO - DAG(s) 'produce_json' retrieved from /opt/airflow/dags/main.py
[2026-02-16T23:39:12.761+0000] {logging_mixin.py:188} INFO - [2026-02-16T23:39:12.760+0000] {dag.py:3096} INFO - Sync 1 DAGs
[2026-02-16T23:39:12.784+0000] {logging_mixin.py:188} INFO - [2026-02-16T23:39:12.784+0000] {dag.py:3954} INFO - Setting next_dagrun for produce_json to 2026-02-16 14:00:00+00:00, run_after=2026-02-17 14:00:00+00:00
[2026-02-16T23:39:12.819+0000] {processor.py:183} INFO - Processing /opt/airflow/dags/main.py took 0.158 seconds
[2026-02-16T23:39:42.934+0000] {processor.py:161} INFO - Started process (PID=4289) to work on /opt/airflow/dags/main.py
[2026-02-16T23:39:42.936+0000] {processor.py:830} INFO - Processing file /opt/airflow/dags/main.py for tasks to queue
[2026-02-16T23:39:42.939+0000] {logging_mixin.py:188} INFO - [2026-02-16T23:39:42.938+0000] {dagbag.py:545} INFO - Filling up the DagBag from /opt/airflow/dags/main.py
[2026-02-16T23:39:43.084+0000] {processor.py:840} INFO - DAG(s) 'produce_json' retrieved from /opt/airflow/dags/main.py
[2026-02-16T23:39:43.117+0000] {logging_mixin.py:188} INFO - [2026-02-16T23:39:43.116+0000] {dag.py:3096} INFO - Sync 1 DAGs
[2026-02-16T23:39:43.145+0000] {logging_mixin.py:188} INFO - [2026-02-16T23:39:43.145+0000] {dag.py:3954} INFO - Setting next_dagrun for produce_json to 2026-02-16 14:00:00+00:00, run_after=2026-02-17 14:00:00+00:00
[2026-02-16T23:39:43.175+0000] {processor.py:183} INFO - Processing /opt/airflow/dags/main.py took 0.248 seconds
[2026-02-16T23:40:13.360+0000] {processor.py:161} INFO - Started process (PID=4296) to work on /opt/airflow/dags/main.py
[2026-02-16T23:40:13.362+0000] {processor.py:830} INFO - Processing file /opt/airflow/dags/main.py for tasks to queue
[2026-02-16T23:40:13.364+0000] {logging_mixin.py:188} INFO - [2026-02-16T23:40:13.364+0000] {dagbag.py:545} INFO - Filling up the DagBag from /opt/airflow/dags/main.py
[2026-02-16T23:40:13.421+0000] {processor.py:840} INFO - DAG(s) 'produce_json' retrieved from /opt/airflow/dags/main.py
[2026-02-16T23:40:13.455+0000] {logging_mixin.py:188} INFO - [2026-02-16T23:40:13.455+0000] {dag.py:3096} INFO - Sync 1 DAGs
[2026-02-16T23:40:13.479+0000] {logging_mixin.py:188} INFO - [2026-02-16T23:40:13.479+0000] {dag.py:3954} INFO - Setting next_dagrun for produce_json to 2026-02-16 14:00:00+00:00, run_after=2026-02-17 14:00:00+00:00
[2026-02-16T23:40:13.504+0000] {processor.py:183} INFO - Processing /opt/airflow/dags/main.py took 0.154 seconds
[2026-02-16T23:40:43.616+0000] {processor.py:161} INFO - Started process (PID=4303) to work on /opt/airflow/dags/main.py
[2026-02-16T23:40:43.617+0000] {processor.py:830} INFO - Processing file /opt/airflow/dags/main.py for tasks to queue
[2026-02-16T23:40:43.620+0000] {logging_mixin.py:188} INFO - [2026-02-16T23:40:43.620+0000] {dagbag.py:545} INFO - Filling up the DagBag from /opt/airflow/dags/main.py
[2026-02-16T23:40:43.666+0000] {processor.py:840} INFO - DAG(s) 'produce_json' retrieved from /opt/airflow/dags/main.py
[2026-02-16T23:40:43.692+0000] {logging_mixin.py:188} INFO - [2026-02-16T23:40:43.692+0000] {dag.py:3096} INFO - Sync 1 DAGs
[2026-02-16T23:40:43.712+0000] {logging_mixin.py:188} INFO - [2026-02-16T23:40:43.712+0000] {dag.py:3954} INFO - Setting next_dagrun for produce_json to 2026-02-16 14:00:00+00:00, run_after=2026-02-17 14:00:00+00:00
[2026-02-16T23:40:43.740+0000] {processor.py:183} INFO - Processing /opt/airflow/dags/main.py took 0.133 seconds
[2026-02-16T23:41:13.878+0000] {processor.py:161} INFO - Started process (PID=4310) to work on /opt/airflow/dags/main.py
[2026-02-16T23:41:13.879+0000] {processor.py:830} INFO - Processing file /opt/airflow/dags/main.py for tasks to queue
[2026-02-16T23:41:13.881+0000] {logging_mixin.py:188} INFO - [2026-02-16T23:41:13.881+0000] {dagbag.py:545} INFO - Filling up the DagBag from /opt/airflow/dags/main.py
[2026-02-16T23:41:13.932+0000] {processor.py:840} INFO - DAG(s) 'produce_json' retrieved from /opt/airflow/dags/main.py
[2026-02-16T23:41:13.961+0000] {logging_mixin.py:188} INFO - [2026-02-16T23:41:13.961+0000] {dag.py:3096} INFO - Sync 1 DAGs
[2026-02-16T23:41:13.986+0000] {logging_mixin.py:188} INFO - [2026-02-16T23:41:13.986+0000] {dag.py:3954} INFO - Setting next_dagrun for produce_json to 2026-02-16 14:00:00+00:00, run_after=2026-02-17 14:00:00+00:00
[2026-02-16T23:41:14.018+0000] {processor.py:183} INFO - Processing /opt/airflow/dags/main.py took 0.146 seconds
[2026-02-16T23:41:44.157+0000] {processor.py:161} INFO - Started process (PID=4317) to work on /opt/airflow/dags/main.py
[2026-02-16T23:41:44.158+0000] {processor.py:830} INFO - Processing file /opt/airflow/dags/main.py for tasks to queue
[2026-02-16T23:41:44.160+0000] {logging_mixin.py:188} INFO - [2026-02-16T23:41:44.159+0000] {dagbag.py:545} INFO - Filling up the DagBag from /opt/airflow/dags/main.py
[2026-02-16T23:41:44.219+0000] {processor.py:840} INFO - DAG(s) 'produce_json' retrieved from /opt/airflow/dags/main.py
[2026-02-16T23:41:44.248+0000] {logging_mixin.py:188} INFO - [2026-02-16T23:41:44.247+0000] {dag.py:3096} INFO - Sync 1 DAGs
[2026-02-16T23:41:44.269+0000] {logging_mixin.py:188} INFO - [2026-02-16T23:41:44.269+0000] {dag.py:3954} INFO - Setting next_dagrun for produce_json to 2026-02-16 14:00:00+00:00, run_after=2026-02-17 14:00:00+00:00
[2026-02-16T23:41:44.300+0000] {processor.py:183} INFO - Processing /opt/airflow/dags/main.py took 0.149 seconds
[2026-02-16T23:42:14.392+0000] {processor.py:161} INFO - Started process (PID=4324) to work on /opt/airflow/dags/main.py
[2026-02-16T23:42:14.393+0000] {processor.py:830} INFO - Processing file /opt/airflow/dags/main.py for tasks to queue
[2026-02-16T23:42:14.395+0000] {logging_mixin.py:188} INFO - [2026-02-16T23:42:14.395+0000] {dagbag.py:545} INFO - Filling up the DagBag from /opt/airflow/dags/main.py
[2026-02-16T23:42:14.462+0000] {processor.py:840} INFO - DAG(s) 'produce_json' retrieved from /opt/airflow/dags/main.py
[2026-02-16T23:42:14.509+0000] {logging_mixin.py:188} INFO - [2026-02-16T23:42:14.509+0000] {dag.py:3096} INFO - Sync 1 DAGs
[2026-02-16T23:42:14.551+0000] {logging_mixin.py:188} INFO - [2026-02-16T23:42:14.551+0000] {dag.py:3954} INFO - Setting next_dagrun for produce_json to 2026-02-16 14:00:00+00:00, run_after=2026-02-17 14:00:00+00:00
[2026-02-16T23:42:14.586+0000] {processor.py:183} INFO - Processing /opt/airflow/dags/main.py took 0.200 seconds
[2026-02-16T23:42:44.694+0000] {processor.py:161} INFO - Started process (PID=4331) to work on /opt/airflow/dags/main.py
[2026-02-16T23:42:44.696+0000] {processor.py:830} INFO - Processing file /opt/airflow/dags/main.py for tasks to queue
[2026-02-16T23:42:44.698+0000] {logging_mixin.py:188} INFO - [2026-02-16T23:42:44.698+0000] {dagbag.py:545} INFO - Filling up the DagBag from /opt/airflow/dags/main.py
[2026-02-16T23:42:44.742+0000] {processor.py:840} INFO - DAG(s) 'produce_json' retrieved from /opt/airflow/dags/main.py
[2026-02-16T23:42:44.771+0000] {logging_mixin.py:188} INFO - [2026-02-16T23:42:44.770+0000] {dag.py:3096} INFO - Sync 1 DAGs
[2026-02-16T23:42:44.797+0000] {logging_mixin.py:188} INFO - [2026-02-16T23:42:44.797+0000] {dag.py:3954} INFO - Setting next_dagrun for produce_json to 2026-02-16 14:00:00+00:00, run_after=2026-02-17 14:00:00+00:00
[2026-02-16T23:42:44.818+0000] {processor.py:183} INFO - Processing /opt/airflow/dags/main.py took 0.130 seconds
[2026-02-16T23:43:14.944+0000] {processor.py:161} INFO - Started process (PID=4338) to work on /opt/airflow/dags/main.py
[2026-02-16T23:43:14.945+0000] {processor.py:830} INFO - Processing file /opt/airflow/dags/main.py for tasks to queue
[2026-02-16T23:43:14.947+0000] {logging_mixin.py:188} INFO - [2026-02-16T23:43:14.947+0000] {dagbag.py:545} INFO - Filling up the DagBag from /opt/airflow/dags/main.py
[2026-02-16T23:43:14.991+0000] {processor.py:840} INFO - DAG(s) 'produce_json' retrieved from /opt/airflow/dags/main.py
[2026-02-16T23:43:15.021+0000] {logging_mixin.py:188} INFO - [2026-02-16T23:43:15.021+0000] {dag.py:3096} INFO - Sync 1 DAGs
[2026-02-16T23:43:15.056+0000] {logging_mixin.py:188} INFO - [2026-02-16T23:43:15.056+0000] {dag.py:3954} INFO - Setting next_dagrun for produce_json to 2026-02-16 14:00:00+00:00, run_after=2026-02-17 14:00:00+00:00
[2026-02-16T23:43:15.082+0000] {processor.py:183} INFO - Processing /opt/airflow/dags/main.py took 0.144 seconds
[2026-02-16T23:43:45.202+0000] {processor.py:161} INFO - Started process (PID=4345) to work on /opt/airflow/dags/main.py
[2026-02-16T23:43:45.203+0000] {processor.py:830} INFO - Processing file /opt/airflow/dags/main.py for tasks to queue
[2026-02-16T23:43:45.206+0000] {logging_mixin.py:188} INFO - [2026-02-16T23:43:45.205+0000] {dagbag.py:545} INFO - Filling up the DagBag from /opt/airflow/dags/main.py
[2026-02-16T23:43:45.277+0000] {processor.py:840} INFO - DAG(s) 'produce_json' retrieved from /opt/airflow/dags/main.py
[2026-02-16T23:43:45.316+0000] {logging_mixin.py:188} INFO - [2026-02-16T23:43:45.316+0000] {dag.py:3096} INFO - Sync 1 DAGs
[2026-02-16T23:43:45.359+0000] {logging_mixin.py:188} INFO - [2026-02-16T23:43:45.359+0000] {dag.py:3954} INFO - Setting next_dagrun for produce_json to 2026-02-16 14:00:00+00:00, run_after=2026-02-17 14:00:00+00:00
[2026-02-16T23:43:45.385+0000] {processor.py:183} INFO - Processing /opt/airflow/dags/main.py took 0.188 seconds
[2026-02-16T23:44:15.565+0000] {processor.py:161} INFO - Started process (PID=4352) to work on /opt/airflow/dags/main.py
[2026-02-16T23:44:15.566+0000] {processor.py:830} INFO - Processing file /opt/airflow/dags/main.py for tasks to queue
[2026-02-16T23:44:15.568+0000] {logging_mixin.py:188} INFO - [2026-02-16T23:44:15.568+0000] {dagbag.py:545} INFO - Filling up the DagBag from /opt/airflow/dags/main.py
[2026-02-16T23:44:15.616+0000] {processor.py:840} INFO - DAG(s) 'produce_json' retrieved from /opt/airflow/dags/main.py
[2026-02-16T23:44:15.645+0000] {logging_mixin.py:188} INFO - [2026-02-16T23:44:15.644+0000] {dag.py:3096} INFO - Sync 1 DAGs
[2026-02-16T23:44:15.664+0000] {logging_mixin.py:188} INFO - [2026-02-16T23:44:15.664+0000] {dag.py:3954} INFO - Setting next_dagrun for produce_json to 2026-02-16 14:00:00+00:00, run_after=2026-02-17 14:00:00+00:00
[2026-02-16T23:44:15.686+0000] {processor.py:183} INFO - Processing /opt/airflow/dags/main.py took 0.128 seconds
[2026-02-16T23:44:45.862+0000] {processor.py:161} INFO - Started process (PID=4359) to work on /opt/airflow/dags/main.py
[2026-02-16T23:44:45.864+0000] {processor.py:830} INFO - Processing file /opt/airflow/dags/main.py for tasks to queue
[2026-02-16T23:44:45.868+0000] {logging_mixin.py:188} INFO - [2026-02-16T23:44:45.867+0000] {dagbag.py:545} INFO - Filling up the DagBag from /opt/airflow/dags/main.py
[2026-02-16T23:44:45.935+0000] {processor.py:840} INFO - DAG(s) 'produce_json' retrieved from /opt/airflow/dags/main.py
[2026-02-16T23:44:45.971+0000] {logging_mixin.py:188} INFO - [2026-02-16T23:44:45.970+0000] {dag.py:3096} INFO - Sync 1 DAGs
[2026-02-16T23:44:45.999+0000] {logging_mixin.py:188} INFO - [2026-02-16T23:44:45.999+0000] {dag.py:3954} INFO - Setting next_dagrun for produce_json to 2026-02-16 14:00:00+00:00, run_after=2026-02-17 14:00:00+00:00
[2026-02-16T23:44:46.023+0000] {processor.py:183} INFO - Processing /opt/airflow/dags/main.py took 0.172 seconds
[2026-02-16T23:45:16.260+0000] {processor.py:161} INFO - Started process (PID=4366) to work on /opt/airflow/dags/main.py
[2026-02-16T23:45:16.262+0000] {processor.py:830} INFO - Processing file /opt/airflow/dags/main.py for tasks to queue
[2026-02-16T23:45:16.265+0000] {logging_mixin.py:188} INFO - [2026-02-16T23:45:16.264+0000] {dagbag.py:545} INFO - Filling up the DagBag from /opt/airflow/dags/main.py
[2026-02-16T23:45:16.338+0000] {processor.py:840} INFO - DAG(s) 'produce_json' retrieved from /opt/airflow/dags/main.py
[2026-02-16T23:45:16.374+0000] {logging_mixin.py:188} INFO - [2026-02-16T23:45:16.374+0000] {dag.py:3096} INFO - Sync 1 DAGs
[2026-02-16T23:45:16.409+0000] {logging_mixin.py:188} INFO - [2026-02-16T23:45:16.409+0000] {dag.py:3954} INFO - Setting next_dagrun for produce_json to 2026-02-16 14:00:00+00:00, run_after=2026-02-17 14:00:00+00:00
[2026-02-16T23:45:16.438+0000] {processor.py:183} INFO - Processing /opt/airflow/dags/main.py took 0.185 seconds
[2026-02-16T23:45:46.494+0000] {processor.py:161} INFO - Started process (PID=4373) to work on /opt/airflow/dags/main.py
[2026-02-16T23:45:46.496+0000] {processor.py:830} INFO - Processing file /opt/airflow/dags/main.py for tasks to queue
[2026-02-16T23:45:46.499+0000] {logging_mixin.py:188} INFO - [2026-02-16T23:45:46.498+0000] {dagbag.py:545} INFO - Filling up the DagBag from /opt/airflow/dags/main.py
[2026-02-16T23:45:46.555+0000] {processor.py:840} INFO - DAG(s) 'produce_json' retrieved from /opt/airflow/dags/main.py
[2026-02-16T23:45:46.590+0000] {logging_mixin.py:188} INFO - [2026-02-16T23:45:46.590+0000] {dag.py:3096} INFO - Sync 1 DAGs
[2026-02-16T23:45:46.617+0000] {logging_mixin.py:188} INFO - [2026-02-16T23:45:46.617+0000] {dag.py:3954} INFO - Setting next_dagrun for produce_json to 2026-02-16 14:00:00+00:00, run_after=2026-02-17 14:00:00+00:00
[2026-02-16T23:45:46.647+0000] {processor.py:183} INFO - Processing /opt/airflow/dags/main.py took 0.158 seconds
[2026-02-16T23:46:16.852+0000] {processor.py:161} INFO - Started process (PID=4380) to work on /opt/airflow/dags/main.py
[2026-02-16T23:46:16.854+0000] {processor.py:830} INFO - Processing file /opt/airflow/dags/main.py for tasks to queue
[2026-02-16T23:46:16.857+0000] {logging_mixin.py:188} INFO - [2026-02-16T23:46:16.856+0000] {dagbag.py:545} INFO - Filling up the DagBag from /opt/airflow/dags/main.py
[2026-02-16T23:46:16.906+0000] {processor.py:840} INFO - DAG(s) 'produce_json' retrieved from /opt/airflow/dags/main.py
[2026-02-16T23:46:16.938+0000] {logging_mixin.py:188} INFO - [2026-02-16T23:46:16.938+0000] {dag.py:3096} INFO - Sync 1 DAGs
[2026-02-16T23:46:16.965+0000] {logging_mixin.py:188} INFO - [2026-02-16T23:46:16.965+0000] {dag.py:3954} INFO - Setting next_dagrun for produce_json to 2026-02-16 14:00:00+00:00, run_after=2026-02-17 14:00:00+00:00
[2026-02-16T23:46:16.990+0000] {processor.py:183} INFO - Processing /opt/airflow/dags/main.py took 0.145 seconds
[2026-02-16T23:46:47.081+0000] {processor.py:161} INFO - Started process (PID=4387) to work on /opt/airflow/dags/main.py
[2026-02-16T23:46:47.082+0000] {processor.py:830} INFO - Processing file /opt/airflow/dags/main.py for tasks to queue
[2026-02-16T23:46:47.084+0000] {logging_mixin.py:188} INFO - [2026-02-16T23:46:47.084+0000] {dagbag.py:545} INFO - Filling up the DagBag from /opt/airflow/dags/main.py
[2026-02-16T23:46:47.139+0000] {processor.py:840} INFO - DAG(s) 'produce_json' retrieved from /opt/airflow/dags/main.py
[2026-02-16T23:46:47.168+0000] {logging_mixin.py:188} INFO - [2026-02-16T23:46:47.168+0000] {dag.py:3096} INFO - Sync 1 DAGs
[2026-02-16T23:46:47.190+0000] {logging_mixin.py:188} INFO - [2026-02-16T23:46:47.190+0000] {dag.py:3954} INFO - Setting next_dagrun for produce_json to 2026-02-16 14:00:00+00:00, run_after=2026-02-17 14:00:00+00:00
[2026-02-16T23:46:47.211+0000] {processor.py:183} INFO - Processing /opt/airflow/dags/main.py took 0.136 seconds
[2026-02-16T23:47:17.393+0000] {processor.py:161} INFO - Started process (PID=4394) to work on /opt/airflow/dags/main.py
[2026-02-16T23:47:17.394+0000] {processor.py:830} INFO - Processing file /opt/airflow/dags/main.py for tasks to queue
[2026-02-16T23:47:17.397+0000] {logging_mixin.py:188} INFO - [2026-02-16T23:47:17.396+0000] {dagbag.py:545} INFO - Filling up the DagBag from /opt/airflow/dags/main.py
[2026-02-16T23:47:17.439+0000] {processor.py:840} INFO - DAG(s) 'produce_json' retrieved from /opt/airflow/dags/main.py
[2026-02-16T23:47:17.466+0000] {logging_mixin.py:188} INFO - [2026-02-16T23:47:17.465+0000] {dag.py:3096} INFO - Sync 1 DAGs
[2026-02-16T23:47:17.489+0000] {logging_mixin.py:188} INFO - [2026-02-16T23:47:17.489+0000] {dag.py:3954} INFO - Setting next_dagrun for produce_json to 2026-02-16 14:00:00+00:00, run_after=2026-02-17 14:00:00+00:00
[2026-02-16T23:47:17.513+0000] {processor.py:183} INFO - Processing /opt/airflow/dags/main.py took 0.126 seconds
[2026-02-16T23:47:47.622+0000] {processor.py:161} INFO - Started process (PID=4401) to work on /opt/airflow/dags/main.py
[2026-02-16T23:47:47.624+0000] {processor.py:830} INFO - Processing file /opt/airflow/dags/main.py for tasks to queue
[2026-02-16T23:47:47.626+0000] {logging_mixin.py:188} INFO - [2026-02-16T23:47:47.626+0000] {dagbag.py:545} INFO - Filling up the DagBag from /opt/airflow/dags/main.py
[2026-02-16T23:47:47.681+0000] {processor.py:840} INFO - DAG(s) 'produce_json' retrieved from /opt/airflow/dags/main.py
[2026-02-16T23:47:47.712+0000] {logging_mixin.py:188} INFO - [2026-02-16T23:47:47.711+0000] {dag.py:3096} INFO - Sync 1 DAGs
[2026-02-16T23:47:47.738+0000] {logging_mixin.py:188} INFO - [2026-02-16T23:47:47.737+0000] {dag.py:3954} INFO - Setting next_dagrun for produce_json to 2026-02-16 14:00:00+00:00, run_after=2026-02-17 14:00:00+00:00
[2026-02-16T23:47:47.762+0000] {processor.py:183} INFO - Processing /opt/airflow/dags/main.py took 0.146 seconds
[2026-02-16T23:48:17.914+0000] {processor.py:161} INFO - Started process (PID=4408) to work on /opt/airflow/dags/main.py
[2026-02-16T23:48:17.915+0000] {processor.py:830} INFO - Processing file /opt/airflow/dags/main.py for tasks to queue
[2026-02-16T23:48:17.918+0000] {logging_mixin.py:188} INFO - [2026-02-16T23:48:17.917+0000] {dagbag.py:545} INFO - Filling up the DagBag from /opt/airflow/dags/main.py
[2026-02-16T23:48:17.964+0000] {processor.py:840} INFO - DAG(s) 'produce_json' retrieved from /opt/airflow/dags/main.py
[2026-02-16T23:48:17.991+0000] {logging_mixin.py:188} INFO - [2026-02-16T23:48:17.991+0000] {dag.py:3096} INFO - Sync 1 DAGs
[2026-02-16T23:48:18.016+0000] {logging_mixin.py:188} INFO - [2026-02-16T23:48:18.016+0000] {dag.py:3954} INFO - Setting next_dagrun for produce_json to 2026-02-16 14:00:00+00:00, run_after=2026-02-17 14:00:00+00:00
[2026-02-16T23:48:18.039+0000] {processor.py:183} INFO - Processing /opt/airflow/dags/main.py took 0.131 seconds
[2026-02-16T23:48:48.164+0000] {processor.py:161} INFO - Started process (PID=4415) to work on /opt/airflow/dags/main.py
[2026-02-16T23:48:48.165+0000] {processor.py:830} INFO - Processing file /opt/airflow/dags/main.py for tasks to queue
[2026-02-16T23:48:48.168+0000] {logging_mixin.py:188} INFO - [2026-02-16T23:48:48.168+0000] {dagbag.py:545} INFO - Filling up the DagBag from /opt/airflow/dags/main.py
[2026-02-16T23:48:48.213+0000] {processor.py:840} INFO - DAG(s) 'produce_json' retrieved from /opt/airflow/dags/main.py
[2026-02-16T23:48:48.239+0000] {logging_mixin.py:188} INFO - [2026-02-16T23:48:48.238+0000] {dag.py:3096} INFO - Sync 1 DAGs
[2026-02-16T23:48:48.261+0000] {logging_mixin.py:188} INFO - [2026-02-16T23:48:48.261+0000] {dag.py:3954} INFO - Setting next_dagrun for produce_json to 2026-02-16 14:00:00+00:00, run_after=2026-02-17 14:00:00+00:00
[2026-02-16T23:48:48.287+0000] {processor.py:183} INFO - Processing /opt/airflow/dags/main.py took 0.129 seconds
[2026-02-16T23:49:18.425+0000] {processor.py:161} INFO - Started process (PID=4423) to work on /opt/airflow/dags/main.py
[2026-02-16T23:49:18.426+0000] {processor.py:830} INFO - Processing file /opt/airflow/dags/main.py for tasks to queue
[2026-02-16T23:49:18.429+0000] {logging_mixin.py:188} INFO - [2026-02-16T23:49:18.429+0000] {dagbag.py:545} INFO - Filling up the DagBag from /opt/airflow/dags/main.py
[2026-02-16T23:49:18.475+0000] {processor.py:840} INFO - DAG(s) 'produce_json' retrieved from /opt/airflow/dags/main.py
[2026-02-16T23:49:18.507+0000] {logging_mixin.py:188} INFO - [2026-02-16T23:49:18.507+0000] {dag.py:3096} INFO - Sync 1 DAGs
[2026-02-16T23:49:18.531+0000] {logging_mixin.py:188} INFO - [2026-02-16T23:49:18.531+0000] {dag.py:3954} INFO - Setting next_dagrun for produce_json to 2026-02-16 14:00:00+00:00, run_after=2026-02-17 14:00:00+00:00
[2026-02-16T23:49:18.554+0000] {processor.py:183} INFO - Processing /opt/airflow/dags/main.py took 0.136 seconds
[2026-02-16T23:49:48.829+0000] {processor.py:161} INFO - Started process (PID=4430) to work on /opt/airflow/dags/main.py
[2026-02-16T23:49:48.830+0000] {processor.py:830} INFO - Processing file /opt/airflow/dags/main.py for tasks to queue
[2026-02-16T23:49:48.832+0000] {logging_mixin.py:188} INFO - [2026-02-16T23:49:48.832+0000] {dagbag.py:545} INFO - Filling up the DagBag from /opt/airflow/dags/main.py
[2026-02-16T23:49:48.871+0000] {processor.py:840} INFO - DAG(s) 'produce_json' retrieved from /opt/airflow/dags/main.py
[2026-02-16T23:49:48.899+0000] {logging_mixin.py:188} INFO - [2026-02-16T23:49:48.899+0000] {dag.py:3096} INFO - Sync 1 DAGs
[2026-02-16T23:49:48.922+0000] {logging_mixin.py:188} INFO - [2026-02-16T23:49:48.922+0000] {dag.py:3954} INFO - Setting next_dagrun for produce_json to 2026-02-16 14:00:00+00:00, run_after=2026-02-17 14:00:00+00:00
[2026-02-16T23:49:48.951+0000] {processor.py:183} INFO - Processing /opt/airflow/dags/main.py took 0.127 seconds
[2026-02-16T23:50:19.066+0000] {processor.py:161} INFO - Started process (PID=4437) to work on /opt/airflow/dags/main.py
[2026-02-16T23:50:19.067+0000] {processor.py:830} INFO - Processing file /opt/airflow/dags/main.py for tasks to queue
[2026-02-16T23:50:19.069+0000] {logging_mixin.py:188} INFO - [2026-02-16T23:50:19.069+0000] {dagbag.py:545} INFO - Filling up the DagBag from /opt/airflow/dags/main.py
[2026-02-16T23:50:19.149+0000] {processor.py:840} INFO - DAG(s) 'produce_json' retrieved from /opt/airflow/dags/main.py
[2026-02-16T23:50:19.185+0000] {logging_mixin.py:188} INFO - [2026-02-16T23:50:19.184+0000] {dag.py:3096} INFO - Sync 1 DAGs
[2026-02-16T23:50:19.210+0000] {logging_mixin.py:188} INFO - [2026-02-16T23:50:19.210+0000] {dag.py:3954} INFO - Setting next_dagrun for produce_json to 2026-02-16 14:00:00+00:00, run_after=2026-02-17 14:00:00+00:00
[2026-02-16T23:50:19.238+0000] {processor.py:183} INFO - Processing /opt/airflow/dags/main.py took 0.179 seconds
[2026-02-16T23:50:49.503+0000] {processor.py:161} INFO - Started process (PID=4444) to work on /opt/airflow/dags/main.py
[2026-02-16T23:50:49.504+0000] {processor.py:830} INFO - Processing file /opt/airflow/dags/main.py for tasks to queue
[2026-02-16T23:50:49.507+0000] {logging_mixin.py:188} INFO - [2026-02-16T23:50:49.506+0000] {dagbag.py:545} INFO - Filling up the DagBag from /opt/airflow/dags/main.py
[2026-02-16T23:50:49.555+0000] {processor.py:840} INFO - DAG(s) 'produce_json' retrieved from /opt/airflow/dags/main.py
[2026-02-16T23:50:49.583+0000] {logging_mixin.py:188} INFO - [2026-02-16T23:50:49.583+0000] {dag.py:3096} INFO - Sync 1 DAGs
[2026-02-16T23:50:49.606+0000] {logging_mixin.py:188} INFO - [2026-02-16T23:50:49.606+0000] {dag.py:3954} INFO - Setting next_dagrun for produce_json to 2026-02-16 14:00:00+00:00, run_after=2026-02-17 14:00:00+00:00
[2026-02-16T23:50:49.640+0000] {processor.py:183} INFO - Processing /opt/airflow/dags/main.py took 0.143 seconds
[2026-02-16T23:51:19.737+0000] {processor.py:161} INFO - Started process (PID=4451) to work on /opt/airflow/dags/main.py
[2026-02-16T23:51:19.738+0000] {processor.py:830} INFO - Processing file /opt/airflow/dags/main.py for tasks to queue
[2026-02-16T23:51:19.739+0000] {logging_mixin.py:188} INFO - [2026-02-16T23:51:19.739+0000] {dagbag.py:545} INFO - Filling up the DagBag from /opt/airflow/dags/main.py
[2026-02-16T23:51:19.788+0000] {processor.py:840} INFO - DAG(s) 'produce_json' retrieved from /opt/airflow/dags/main.py
[2026-02-16T23:51:19.824+0000] {logging_mixin.py:188} INFO - [2026-02-16T23:51:19.824+0000] {dag.py:3096} INFO - Sync 1 DAGs
[2026-02-16T23:51:19.849+0000] {logging_mixin.py:188} INFO - [2026-02-16T23:51:19.849+0000] {dag.py:3954} INFO - Setting next_dagrun for produce_json to 2026-02-16 14:00:00+00:00, run_after=2026-02-17 14:00:00+00:00
[2026-02-16T23:51:19.886+0000] {processor.py:183} INFO - Processing /opt/airflow/dags/main.py took 0.155 seconds
[2026-02-16T23:51:50.062+0000] {processor.py:161} INFO - Started process (PID=4458) to work on /opt/airflow/dags/main.py
[2026-02-16T23:51:50.063+0000] {processor.py:830} INFO - Processing file /opt/airflow/dags/main.py for tasks to queue
[2026-02-16T23:51:50.066+0000] {logging_mixin.py:188} INFO - [2026-02-16T23:51:50.065+0000] {dagbag.py:545} INFO - Filling up the DagBag from /opt/airflow/dags/main.py
[2026-02-16T23:51:50.123+0000] {processor.py:840} INFO - DAG(s) 'produce_json' retrieved from /opt/airflow/dags/main.py
[2026-02-16T23:51:50.151+0000] {logging_mixin.py:188} INFO - [2026-02-16T23:51:50.150+0000] {dag.py:3096} INFO - Sync 1 DAGs
[2026-02-16T23:51:50.171+0000] {logging_mixin.py:188} INFO - [2026-02-16T23:51:50.171+0000] {dag.py:3954} INFO - Setting next_dagrun for produce_json to 2026-02-16 14:00:00+00:00, run_after=2026-02-17 14:00:00+00:00
[2026-02-16T23:51:50.204+0000] {processor.py:183} INFO - Processing /opt/airflow/dags/main.py took 0.147 seconds
[2026-02-16T23:52:20.306+0000] {processor.py:161} INFO - Started process (PID=4466) to work on /opt/airflow/dags/main.py
[2026-02-16T23:52:20.307+0000] {processor.py:830} INFO - Processing file /opt/airflow/dags/main.py for tasks to queue
[2026-02-16T23:52:20.309+0000] {logging_mixin.py:188} INFO - [2026-02-16T23:52:20.309+0000] {dagbag.py:545} INFO - Filling up the DagBag from /opt/airflow/dags/main.py
[2026-02-16T23:52:20.359+0000] {processor.py:840} INFO - DAG(s) 'produce_json' retrieved from /opt/airflow/dags/main.py
[2026-02-16T23:52:20.393+0000] {logging_mixin.py:188} INFO - [2026-02-16T23:52:20.393+0000] {dag.py:3096} INFO - Sync 1 DAGs
[2026-02-16T23:52:20.424+0000] {logging_mixin.py:188} INFO - [2026-02-16T23:52:20.424+0000] {dag.py:3954} INFO - Setting next_dagrun for produce_json to 2026-02-16 14:00:00+00:00, run_after=2026-02-17 14:00:00+00:00
[2026-02-16T23:52:20.459+0000] {processor.py:183} INFO - Processing /opt/airflow/dags/main.py took 0.160 seconds
[2026-02-16T23:52:50.635+0000] {processor.py:161} INFO - Started process (PID=4473) to work on /opt/airflow/dags/main.py
[2026-02-16T23:52:50.637+0000] {processor.py:830} INFO - Processing file /opt/airflow/dags/main.py for tasks to queue
[2026-02-16T23:52:50.640+0000] {logging_mixin.py:188} INFO - [2026-02-16T23:52:50.640+0000] {dagbag.py:545} INFO - Filling up the DagBag from /opt/airflow/dags/main.py
[2026-02-16T23:52:50.692+0000] {processor.py:840} INFO - DAG(s) 'produce_json' retrieved from /opt/airflow/dags/main.py
[2026-02-16T23:52:50.723+0000] {logging_mixin.py:188} INFO - [2026-02-16T23:52:50.723+0000] {dag.py:3096} INFO - Sync 1 DAGs
[2026-02-16T23:52:50.746+0000] {logging_mixin.py:188} INFO - [2026-02-16T23:52:50.746+0000] {dag.py:3954} INFO - Setting next_dagrun for produce_json to 2026-02-16 14:00:00+00:00, run_after=2026-02-17 14:00:00+00:00
[2026-02-16T23:52:50.781+0000] {processor.py:183} INFO - Processing /opt/airflow/dags/main.py took 0.153 seconds
[2026-02-16T23:53:20.879+0000] {processor.py:161} INFO - Started process (PID=4480) to work on /opt/airflow/dags/main.py
[2026-02-16T23:53:20.881+0000] {processor.py:830} INFO - Processing file /opt/airflow/dags/main.py for tasks to queue
[2026-02-16T23:53:20.883+0000] {logging_mixin.py:188} INFO - [2026-02-16T23:53:20.883+0000] {dagbag.py:545} INFO - Filling up the DagBag from /opt/airflow/dags/main.py
[2026-02-16T23:53:20.944+0000] {processor.py:840} INFO - DAG(s) 'produce_json' retrieved from /opt/airflow/dags/main.py
[2026-02-16T23:53:20.977+0000] {logging_mixin.py:188} INFO - [2026-02-16T23:53:20.977+0000] {dag.py:3096} INFO - Sync 1 DAGs
[2026-02-16T23:53:20.998+0000] {logging_mixin.py:188} INFO - [2026-02-16T23:53:20.998+0000] {dag.py:3954} INFO - Setting next_dagrun for produce_json to 2026-02-16 14:00:00+00:00, run_after=2026-02-17 14:00:00+00:00
[2026-02-16T23:53:21.032+0000] {processor.py:183} INFO - Processing /opt/airflow/dags/main.py took 0.160 seconds
[2026-02-16T23:53:51.227+0000] {processor.py:161} INFO - Started process (PID=4487) to work on /opt/airflow/dags/main.py
[2026-02-16T23:53:51.228+0000] {processor.py:830} INFO - Processing file /opt/airflow/dags/main.py for tasks to queue
[2026-02-16T23:53:51.230+0000] {logging_mixin.py:188} INFO - [2026-02-16T23:53:51.229+0000] {dagbag.py:545} INFO - Filling up the DagBag from /opt/airflow/dags/main.py
[2026-02-16T23:53:51.270+0000] {processor.py:840} INFO - DAG(s) 'produce_json' retrieved from /opt/airflow/dags/main.py
[2026-02-16T23:53:51.296+0000] {logging_mixin.py:188} INFO - [2026-02-16T23:53:51.296+0000] {dag.py:3096} INFO - Sync 1 DAGs
[2026-02-16T23:53:51.320+0000] {logging_mixin.py:188} INFO - [2026-02-16T23:53:51.319+0000] {dag.py:3954} INFO - Setting next_dagrun for produce_json to 2026-02-16 14:00:00+00:00, run_after=2026-02-17 14:00:00+00:00
[2026-02-16T23:53:51.343+0000] {processor.py:183} INFO - Processing /opt/airflow/dags/main.py took 0.121 seconds
[2026-02-16T23:54:21.437+0000] {processor.py:161} INFO - Started process (PID=4494) to work on /opt/airflow/dags/main.py
[2026-02-16T23:54:21.438+0000] {processor.py:830} INFO - Processing file /opt/airflow/dags/main.py for tasks to queue
[2026-02-16T23:54:21.440+0000] {logging_mixin.py:188} INFO - [2026-02-16T23:54:21.440+0000] {dagbag.py:545} INFO - Filling up the DagBag from /opt/airflow/dags/main.py
[2026-02-16T23:54:21.493+0000] {processor.py:840} INFO - DAG(s) 'produce_json' retrieved from /opt/airflow/dags/main.py
[2026-02-16T23:54:21.532+0000] {logging_mixin.py:188} INFO - [2026-02-16T23:54:21.532+0000] {dag.py:3096} INFO - Sync 1 DAGs
[2026-02-16T23:54:21.559+0000] {logging_mixin.py:188} INFO - [2026-02-16T23:54:21.559+0000] {dag.py:3954} INFO - Setting next_dagrun for produce_json to 2026-02-16 14:00:00+00:00, run_after=2026-02-17 14:00:00+00:00
[2026-02-16T23:54:21.592+0000] {processor.py:183} INFO - Processing /opt/airflow/dags/main.py took 0.160 seconds
[2026-02-16T23:54:51.784+0000] {processor.py:161} INFO - Started process (PID=4501) to work on /opt/airflow/dags/main.py
[2026-02-16T23:54:51.785+0000] {processor.py:830} INFO - Processing file /opt/airflow/dags/main.py for tasks to queue
[2026-02-16T23:54:51.787+0000] {logging_mixin.py:188} INFO - [2026-02-16T23:54:51.786+0000] {dagbag.py:545} INFO - Filling up the DagBag from /opt/airflow/dags/main.py
[2026-02-16T23:54:51.828+0000] {processor.py:840} INFO - DAG(s) 'produce_json' retrieved from /opt/airflow/dags/main.py
[2026-02-16T23:54:51.861+0000] {logging_mixin.py:188} INFO - [2026-02-16T23:54:51.861+0000] {dag.py:3096} INFO - Sync 1 DAGs
[2026-02-16T23:54:51.882+0000] {logging_mixin.py:188} INFO - [2026-02-16T23:54:51.882+0000] {dag.py:3954} INFO - Setting next_dagrun for produce_json to 2026-02-16 14:00:00+00:00, run_after=2026-02-17 14:00:00+00:00
[2026-02-16T23:54:51.914+0000] {processor.py:183} INFO - Processing /opt/airflow/dags/main.py took 0.136 seconds
[2026-02-16T23:55:22.068+0000] {processor.py:161} INFO - Started process (PID=4508) to work on /opt/airflow/dags/main.py
[2026-02-16T23:55:22.069+0000] {processor.py:830} INFO - Processing file /opt/airflow/dags/main.py for tasks to queue
[2026-02-16T23:55:22.071+0000] {logging_mixin.py:188} INFO - [2026-02-16T23:55:22.071+0000] {dagbag.py:545} INFO - Filling up the DagBag from /opt/airflow/dags/main.py
[2026-02-16T23:55:22.120+0000] {processor.py:840} INFO - DAG(s) 'produce_json' retrieved from /opt/airflow/dags/main.py
[2026-02-16T23:55:22.151+0000] {logging_mixin.py:188} INFO - [2026-02-16T23:55:22.151+0000] {dag.py:3096} INFO - Sync 1 DAGs
[2026-02-16T23:55:22.173+0000] {logging_mixin.py:188} INFO - [2026-02-16T23:55:22.173+0000] {dag.py:3954} INFO - Setting next_dagrun for produce_json to 2026-02-16 14:00:00+00:00, run_after=2026-02-17 14:00:00+00:00
[2026-02-16T23:55:22.197+0000] {processor.py:183} INFO - Processing /opt/airflow/dags/main.py took 0.135 seconds
[2026-02-16T23:55:52.336+0000] {processor.py:161} INFO - Started process (PID=4515) to work on /opt/airflow/dags/main.py
[2026-02-16T23:55:52.337+0000] {processor.py:830} INFO - Processing file /opt/airflow/dags/main.py for tasks to queue
[2026-02-16T23:55:52.339+0000] {logging_mixin.py:188} INFO - [2026-02-16T23:55:52.339+0000] {dagbag.py:545} INFO - Filling up the DagBag from /opt/airflow/dags/main.py
[2026-02-16T23:55:52.392+0000] {processor.py:840} INFO - DAG(s) 'produce_json' retrieved from /opt/airflow/dags/main.py
[2026-02-16T23:55:52.422+0000] {logging_mixin.py:188} INFO - [2026-02-16T23:55:52.422+0000] {dag.py:3096} INFO - Sync 1 DAGs
[2026-02-16T23:55:52.450+0000] {logging_mixin.py:188} INFO - [2026-02-16T23:55:52.449+0000] {dag.py:3954} INFO - Setting next_dagrun for produce_json to 2026-02-16 14:00:00+00:00, run_after=2026-02-17 14:00:00+00:00
[2026-02-16T23:55:52.483+0000] {processor.py:183} INFO - Processing /opt/airflow/dags/main.py took 0.153 seconds
[2026-02-16T23:56:22.658+0000] {processor.py:161} INFO - Started process (PID=4522) to work on /opt/airflow/dags/main.py
[2026-02-16T23:56:22.659+0000] {processor.py:830} INFO - Processing file /opt/airflow/dags/main.py for tasks to queue
[2026-02-16T23:56:22.661+0000] {logging_mixin.py:188} INFO - [2026-02-16T23:56:22.660+0000] {dagbag.py:545} INFO - Filling up the DagBag from /opt/airflow/dags/main.py
[2026-02-16T23:56:22.707+0000] {processor.py:840} INFO - DAG(s) 'produce_json' retrieved from /opt/airflow/dags/main.py
[2026-02-16T23:56:22.736+0000] {logging_mixin.py:188} INFO - [2026-02-16T23:56:22.736+0000] {dag.py:3096} INFO - Sync 1 DAGs
[2026-02-16T23:56:22.758+0000] {logging_mixin.py:188} INFO - [2026-02-16T23:56:22.758+0000] {dag.py:3954} INFO - Setting next_dagrun for produce_json to 2026-02-16 14:00:00+00:00, run_after=2026-02-17 14:00:00+00:00
[2026-02-16T23:56:22.789+0000] {processor.py:183} INFO - Processing /opt/airflow/dags/main.py took 0.137 seconds
[2026-02-16T23:56:52.940+0000] {processor.py:161} INFO - Started process (PID=4529) to work on /opt/airflow/dags/main.py
[2026-02-16T23:56:52.941+0000] {processor.py:830} INFO - Processing file /opt/airflow/dags/main.py for tasks to queue
[2026-02-16T23:56:52.943+0000] {logging_mixin.py:188} INFO - [2026-02-16T23:56:52.943+0000] {dagbag.py:545} INFO - Filling up the DagBag from /opt/airflow/dags/main.py
[2026-02-16T23:56:52.987+0000] {processor.py:840} INFO - DAG(s) 'produce_json' retrieved from /opt/airflow/dags/main.py
[2026-02-16T23:56:53.016+0000] {logging_mixin.py:188} INFO - [2026-02-16T23:56:53.016+0000] {dag.py:3096} INFO - Sync 1 DAGs
[2026-02-16T23:56:53.039+0000] {logging_mixin.py:188} INFO - [2026-02-16T23:56:53.039+0000] {dag.py:3954} INFO - Setting next_dagrun for produce_json to 2026-02-16 14:00:00+00:00, run_after=2026-02-17 14:00:00+00:00
[2026-02-16T23:56:53.074+0000] {processor.py:183} INFO - Processing /opt/airflow/dags/main.py took 0.139 seconds
[2026-02-16T23:57:23.236+0000] {processor.py:161} INFO - Started process (PID=4536) to work on /opt/airflow/dags/main.py
[2026-02-16T23:57:23.237+0000] {processor.py:830} INFO - Processing file /opt/airflow/dags/main.py for tasks to queue
[2026-02-16T23:57:23.239+0000] {logging_mixin.py:188} INFO - [2026-02-16T23:57:23.239+0000] {dagbag.py:545} INFO - Filling up the DagBag from /opt/airflow/dags/main.py
[2026-02-16T23:57:23.290+0000] {processor.py:840} INFO - DAG(s) 'produce_json' retrieved from /opt/airflow/dags/main.py
[2026-02-16T23:57:23.320+0000] {logging_mixin.py:188} INFO - [2026-02-16T23:57:23.319+0000] {dag.py:3096} INFO - Sync 1 DAGs
[2026-02-16T23:57:23.345+0000] {logging_mixin.py:188} INFO - [2026-02-16T23:57:23.345+0000] {dag.py:3954} INFO - Setting next_dagrun for produce_json to 2026-02-16 14:00:00+00:00, run_after=2026-02-17 14:00:00+00:00
[2026-02-16T23:57:23.387+0000] {processor.py:183} INFO - Processing /opt/airflow/dags/main.py took 0.157 seconds
[2026-02-16T23:57:53.471+0000] {processor.py:161} INFO - Started process (PID=4543) to work on /opt/airflow/dags/main.py
[2026-02-16T23:57:53.472+0000] {processor.py:830} INFO - Processing file /opt/airflow/dags/main.py for tasks to queue
[2026-02-16T23:57:53.474+0000] {logging_mixin.py:188} INFO - [2026-02-16T23:57:53.474+0000] {dagbag.py:545} INFO - Filling up the DagBag from /opt/airflow/dags/main.py
[2026-02-16T23:57:53.528+0000] {processor.py:840} INFO - DAG(s) 'produce_json' retrieved from /opt/airflow/dags/main.py
[2026-02-16T23:57:53.555+0000] {logging_mixin.py:188} INFO - [2026-02-16T23:57:53.555+0000] {dag.py:3096} INFO - Sync 1 DAGs
[2026-02-16T23:57:53.579+0000] {logging_mixin.py:188} INFO - [2026-02-16T23:57:53.579+0000] {dag.py:3954} INFO - Setting next_dagrun for produce_json to 2026-02-16 14:00:00+00:00, run_after=2026-02-17 14:00:00+00:00
[2026-02-16T23:57:53.611+0000] {processor.py:183} INFO - Processing /opt/airflow/dags/main.py took 0.146 seconds
[2026-02-16T23:58:23.815+0000] {processor.py:161} INFO - Started process (PID=4550) to work on /opt/airflow/dags/main.py
[2026-02-16T23:58:23.816+0000] {processor.py:830} INFO - Processing file /opt/airflow/dags/main.py for tasks to queue
[2026-02-16T23:58:23.818+0000] {logging_mixin.py:188} INFO - [2026-02-16T23:58:23.817+0000] {dagbag.py:545} INFO - Filling up the DagBag from /opt/airflow/dags/main.py
[2026-02-16T23:58:23.858+0000] {processor.py:840} INFO - DAG(s) 'produce_json' retrieved from /opt/airflow/dags/main.py
[2026-02-16T23:58:23.884+0000] {logging_mixin.py:188} INFO - [2026-02-16T23:58:23.884+0000] {dag.py:3096} INFO - Sync 1 DAGs
[2026-02-16T23:58:23.910+0000] {logging_mixin.py:188} INFO - [2026-02-16T23:58:23.909+0000] {dag.py:3954} INFO - Setting next_dagrun for produce_json to 2026-02-16 14:00:00+00:00, run_after=2026-02-17 14:00:00+00:00
[2026-02-16T23:58:23.930+0000] {processor.py:183} INFO - Processing /opt/airflow/dags/main.py took 0.120 seconds
[2026-02-16T23:58:54.059+0000] {processor.py:161} INFO - Started process (PID=4558) to work on /opt/airflow/dags/main.py
[2026-02-16T23:58:54.060+0000] {processor.py:830} INFO - Processing file /opt/airflow/dags/main.py for tasks to queue
[2026-02-16T23:58:54.062+0000] {logging_mixin.py:188} INFO - [2026-02-16T23:58:54.061+0000] {dagbag.py:545} INFO - Filling up the DagBag from /opt/airflow/dags/main.py
[2026-02-16T23:58:54.103+0000] {processor.py:840} INFO - DAG(s) 'produce_json' retrieved from /opt/airflow/dags/main.py
[2026-02-16T23:58:54.131+0000] {logging_mixin.py:188} INFO - [2026-02-16T23:58:54.131+0000] {dag.py:3096} INFO - Sync 1 DAGs
[2026-02-16T23:58:54.153+0000] {logging_mixin.py:188} INFO - [2026-02-16T23:58:54.152+0000] {dag.py:3954} INFO - Setting next_dagrun for produce_json to 2026-02-16 14:00:00+00:00, run_after=2026-02-17 14:00:00+00:00
[2026-02-16T23:58:54.183+0000] {processor.py:183} INFO - Processing /opt/airflow/dags/main.py took 0.130 seconds
[2026-02-16T23:59:24.433+0000] {processor.py:161} INFO - Started process (PID=4565) to work on /opt/airflow/dags/main.py
[2026-02-16T23:59:24.434+0000] {processor.py:830} INFO - Processing file /opt/airflow/dags/main.py for tasks to queue
[2026-02-16T23:59:24.437+0000] {logging_mixin.py:188} INFO - [2026-02-16T23:59:24.437+0000] {dagbag.py:545} INFO - Filling up the DagBag from /opt/airflow/dags/main.py
[2026-02-16T23:59:24.483+0000] {processor.py:840} INFO - DAG(s) 'produce_json' retrieved from /opt/airflow/dags/main.py
[2026-02-16T23:59:24.509+0000] {logging_mixin.py:188} INFO - [2026-02-16T23:59:24.508+0000] {dag.py:3096} INFO - Sync 1 DAGs
[2026-02-16T23:59:24.534+0000] {logging_mixin.py:188} INFO - [2026-02-16T23:59:24.533+0000] {dag.py:3954} INFO - Setting next_dagrun for produce_json to 2026-02-16 14:00:00+00:00, run_after=2026-02-17 14:00:00+00:00
[2026-02-16T23:59:24.564+0000] {processor.py:183} INFO - Processing /opt/airflow/dags/main.py took 0.137 seconds
[2026-02-16T23:59:54.671+0000] {processor.py:161} INFO - Started process (PID=4572) to work on /opt/airflow/dags/main.py
[2026-02-16T23:59:54.672+0000] {processor.py:830} INFO - Processing file /opt/airflow/dags/main.py for tasks to queue
[2026-02-16T23:59:54.674+0000] {logging_mixin.py:188} INFO - [2026-02-16T23:59:54.674+0000] {dagbag.py:545} INFO - Filling up the DagBag from /opt/airflow/dags/main.py
[2026-02-16T23:59:54.712+0000] {processor.py:840} INFO - DAG(s) 'produce_json' retrieved from /opt/airflow/dags/main.py
[2026-02-16T23:59:54.741+0000] {logging_mixin.py:188} INFO - [2026-02-16T23:59:54.741+0000] {dag.py:3096} INFO - Sync 1 DAGs
[2026-02-16T23:59:54.760+0000] {logging_mixin.py:188} INFO - [2026-02-16T23:59:54.759+0000] {dag.py:3954} INFO - Setting next_dagrun for produce_json to 2026-02-16 14:00:00+00:00, run_after=2026-02-17 14:00:00+00:00
[2026-02-16T23:59:54.789+0000] {processor.py:183} INFO - Processing /opt/airflow/dags/main.py took 0.124 seconds
