[2026-02-26T12:59:30.663+0000] {local_task_job_runner.py:120} INFO - ::group::Pre task execution logs
[2026-02-26T12:59:30.687+0000] {taskinstance.py:2076} INFO - Dependencies all met for dep_context=non-requeueable deps ti=<TaskInstance: update_db.core_table manual__2026-02-26T12:59:19.260969+00:00 [queued]>
[2026-02-26T12:59:30.697+0000] {taskinstance.py:2076} INFO - Dependencies all met for dep_context=requeueable deps ti=<TaskInstance: update_db.core_table manual__2026-02-26T12:59:19.260969+00:00 [queued]>
[2026-02-26T12:59:30.698+0000] {taskinstance.py:2306} INFO - Starting attempt 1 of 3
[2026-02-26T12:59:30.713+0000] {taskinstance.py:2330} INFO - Executing <Task(_PythonDecoratedOperator): core_table> on 2026-02-26 12:59:19.260969+00:00
[2026-02-26T12:59:30.719+0000] {warnings.py:112} WARNING - /home/airflow/.local/lib/python3.12/site-packages/airflow/task/task_runner/standard_task_runner.py:61: DeprecationWarning: This process (pid=2689) is multi-threaded, use of fork() may lead to deadlocks in the child.
  pid = os.fork()

[2026-02-26T12:59:30.721+0000] {standard_task_runner.py:63} INFO - Started process 2690 to run task
[2026-02-26T12:59:30.721+0000] {standard_task_runner.py:90} INFO - Running: ['airflow', 'tasks', 'run', 'update_db', 'core_table', 'manual__2026-02-26T12:59:19.260969+00:00', '--job-id', '305', '--raw', '--subdir', 'DAGS_FOLDER/main.py', '--cfg-path', '/tmp/tmpkdxs506_']
[2026-02-26T12:59:30.723+0000] {standard_task_runner.py:91} INFO - Job 305: Subtask core_table
[2026-02-26T12:59:30.775+0000] {task_command.py:426} INFO - Running <TaskInstance: update_db.core_table manual__2026-02-26T12:59:19.260969+00:00 [running]> on host 41da2d4dad5d
[2026-02-26T12:59:30.910+0000] {taskinstance.py:2648} INFO - Exporting env vars: AIRFLOW_CTX_DAG_EMAIL='data@engineers.com' AIRFLOW_CTX_DAG_OWNER='dataengineers' AIRFLOW_CTX_DAG_ID='update_db' AIRFLOW_CTX_TASK_ID='core_table' AIRFLOW_CTX_EXECUTION_DATE='2026-02-26T12:59:19.260969+00:00' AIRFLOW_CTX_TRY_NUMBER='1' AIRFLOW_CTX_DAG_RUN_ID='manual__2026-02-26T12:59:19.260969+00:00'
[2026-02-26T12:59:30.911+0000] {taskinstance.py:430} INFO - ::endgroup::
[2026-02-26T12:59:30.927+0000] {base.py:84} INFO - Using connection ID 'postgres_db_yt_elt' for task execution.
[2026-02-26T12:59:30.933+0000] {data_utils.py:14} INFO - Database connection established
[2026-02-26T12:59:30.935+0000] {data_utils.py:28} INFO - Schema core created or already exists
[2026-02-26T12:59:30.937+0000] {data_utils.py:60} INFO - Table core.yt_api created or already exists
[2026-02-26T12:59:30.943+0000] {data_utils.py:70} INFO - Retrieved 947 video IDs from core
[2026-02-26T12:59:30.958+0000] {data_modification.py:55} INFO - Updated row with video_id: gar4U3n-ILY
[2026-02-26T12:59:30.961+0000] {data_modification.py:55} INFO - Updated row with video_id: pAnGwRiQ4-4
[2026-02-26T12:59:30.964+0000] {data_modification.py:55} INFO - Updated row with video_id: wSh8fAFWEWs
[2026-02-26T12:59:30.967+0000] {data_modification.py:55} INFO - Updated row with video_id: 3GNyw4uaAqU
[2026-02-26T12:59:30.969+0000] {data_modification.py:55} INFO - Updated row with video_id: ywIcdSNJolo
[2026-02-26T12:59:30.971+0000] {data_modification.py:55} INFO - Updated row with video_id: QJI0an6irrA
[2026-02-26T12:59:30.974+0000] {data_modification.py:55} INFO - Updated row with video_id: mktYW177p6U
[2026-02-26T12:59:30.976+0000] {data_modification.py:55} INFO - Updated row with video_id: 7aE4EhHXzlA
[2026-02-26T12:59:30.979+0000] {data_modification.py:55} INFO - Updated row with video_id: IJkB-oapuks
[2026-02-26T12:59:30.981+0000] {data_modification.py:55} INFO - Updated row with video_id: ZFoNBxpXen4
[2026-02-26T12:59:30.984+0000] {data_modification.py:55} INFO - Updated row with video_id: RB71Z-vVvCc
[2026-02-26T12:59:30.987+0000] {data_modification.py:55} INFO - Updated row with video_id: fO5FwBcCJBY
[2026-02-26T12:59:30.989+0000] {data_modification.py:55} INFO - Updated row with video_id: U-x6KxH1kB4
[2026-02-26T12:59:30.991+0000] {data_modification.py:55} INFO - Updated row with video_id: 8bMh8azh3CY
[2026-02-26T12:59:30.994+0000] {data_modification.py:55} INFO - Updated row with video_id: SE9xF1l3ZwE
[2026-02-26T12:59:30.996+0000] {data_modification.py:55} INFO - Updated row with video_id: rF00lQ_upzg
[2026-02-26T12:59:30.998+0000] {data_modification.py:55} INFO - Updated row with video_id: uZY9xr-QAk0
[2026-02-26T12:59:31.000+0000] {data_modification.py:55} INFO - Updated row with video_id: AWBsoArakNY
[2026-02-26T12:59:31.002+0000] {data_modification.py:55} INFO - Updated row with video_id: Ah_uuTwGOYU
[2026-02-26T12:59:31.004+0000] {data_modification.py:55} INFO - Updated row with video_id: WROMyJAJmp4
[2026-02-26T12:59:31.006+0000] {data_modification.py:55} INFO - Updated row with video_id: tAwzBYE18Us
[2026-02-26T12:59:31.008+0000] {data_modification.py:55} INFO - Updated row with video_id: LyFMbY-c_Lc
[2026-02-26T12:59:31.010+0000] {data_modification.py:55} INFO - Updated row with video_id: 3RmOvxilbPM
[2026-02-26T12:59:31.011+0000] {data_modification.py:55} INFO - Updated row with video_id: R7MkZL5i3FQ
[2026-02-26T12:59:31.013+0000] {data_modification.py:55} INFO - Updated row with video_id: 26QQE7EsnLA
[2026-02-26T12:59:31.015+0000] {data_modification.py:55} INFO - Updated row with video_id: PryTbmudhS8
[2026-02-26T12:59:31.017+0000] {data_modification.py:55} INFO - Updated row with video_id: Oo9EbArcQ1c
[2026-02-26T12:59:31.019+0000] {data_modification.py:55} INFO - Updated row with video_id: yWEUL3crU_E
[2026-02-26T12:59:31.021+0000] {data_modification.py:55} INFO - Updated row with video_id: JgJrQnDIRgg
[2026-02-26T12:59:31.023+0000] {data_modification.py:55} INFO - Updated row with video_id: gtkqnhN0VkU
[2026-02-26T12:59:31.024+0000] {data_modification.py:55} INFO - Updated row with video_id: oBXSvS2QKxU
[2026-02-26T12:59:31.026+0000] {data_modification.py:55} INFO - Updated row with video_id: UTdcX1e0cMA
[2026-02-26T12:59:31.028+0000] {data_modification.py:55} INFO - Updated row with video_id: oiZvK6MY7tI
[2026-02-26T12:59:31.029+0000] {data_modification.py:55} INFO - Updated row with video_id: F0OkwXKcPSE
[2026-02-26T12:59:31.031+0000] {data_modification.py:55} INFO - Updated row with video_id: 686PL7rt654
[2026-02-26T12:59:31.033+0000] {data_modification.py:55} INFO - Updated row with video_id: zo7i8VTpfNM
[2026-02-26T12:59:31.035+0000] {data_modification.py:55} INFO - Updated row with video_id: NfhuGUyWYfQ
[2026-02-26T12:59:31.037+0000] {data_modification.py:55} INFO - Updated row with video_id: wIpWCJKfRXs
[2026-02-26T12:59:31.039+0000] {data_modification.py:55} INFO - Updated row with video_id: 9Xeepzg1B8I
[2026-02-26T12:59:31.041+0000] {data_modification.py:55} INFO - Updated row with video_id: 50G0kIty7Cg
[2026-02-26T12:59:31.042+0000] {data_modification.py:55} INFO - Updated row with video_id: 4l97aNza_Zc
[2026-02-26T12:59:31.044+0000] {data_modification.py:55} INFO - Updated row with video_id: 3ih2bPKSWsQ
[2026-02-26T12:59:31.046+0000] {data_modification.py:55} INFO - Updated row with video_id: uA9Zcg3vHvo
[2026-02-26T12:59:31.048+0000] {data_modification.py:55} INFO - Updated row with video_id: _AbFXuGDRTs
[2026-02-26T12:59:31.050+0000] {data_modification.py:55} INFO - Updated row with video_id: MOGW3v3pJ5Y
[2026-02-26T12:59:31.052+0000] {data_modification.py:55} INFO - Updated row with video_id: XNtTO_339kU
[2026-02-26T12:59:31.054+0000] {data_modification.py:55} INFO - Updated row with video_id: rB9NynBZ4go
[2026-02-26T12:59:31.056+0000] {data_modification.py:55} INFO - Updated row with video_id: TDv56whosPQ
[2026-02-26T12:59:31.058+0000] {data_modification.py:55} INFO - Updated row with video_id: R_BmT1OJw98
[2026-02-26T12:59:31.060+0000] {data_modification.py:55} INFO - Updated row with video_id: qXW93Cois2s
[2026-02-26T12:59:31.063+0000] {data_modification.py:55} INFO - Updated row with video_id: r7f0L48dHpc
[2026-02-26T12:59:31.065+0000] {data_modification.py:55} INFO - Updated row with video_id: Z4hVGCWH1Kc
[2026-02-26T12:59:31.068+0000] {data_modification.py:55} INFO - Updated row with video_id: zxuICI0kL3s
[2026-02-26T12:59:31.069+0000] {data_modification.py:55} INFO - Updated row with video_id: R1SFXJo-FlE
[2026-02-26T12:59:31.072+0000] {data_modification.py:55} INFO - Updated row with video_id: lQz5aqjZ3lQ
[2026-02-26T12:59:31.073+0000] {data_modification.py:55} INFO - Updated row with video_id: EiFcNbXBqeo
[2026-02-26T12:59:31.075+0000] {data_modification.py:55} INFO - Updated row with video_id: pzBi1nwDn8U
[2026-02-26T12:59:31.077+0000] {data_modification.py:55} INFO - Updated row with video_id: R7oW0LwS_e4
[2026-02-26T12:59:31.079+0000] {data_modification.py:55} INFO - Updated row with video_id: BfKI_TQnQvo
[2026-02-26T12:59:31.081+0000] {data_modification.py:55} INFO - Updated row with video_id: FWAdfuPpLOc
[2026-02-26T12:59:31.083+0000] {data_modification.py:55} INFO - Updated row with video_id: NjlP2_l1Wr0
[2026-02-26T12:59:31.086+0000] {data_modification.py:55} INFO - Updated row with video_id: gGcaGdHlt60
[2026-02-26T12:59:31.088+0000] {data_modification.py:55} INFO - Updated row with video_id: pe_ejTiIcSs
[2026-02-26T12:59:31.089+0000] {data_modification.py:55} INFO - Updated row with video_id: V6In4tmd-w8
[2026-02-26T12:59:31.091+0000] {data_modification.py:55} INFO - Updated row with video_id: ZGvn9ywXjpY
[2026-02-26T12:59:31.093+0000] {data_modification.py:55} INFO - Updated row with video_id: hTSaweR8qMI
[2026-02-26T12:59:31.095+0000] {data_modification.py:55} INFO - Updated row with video_id: KCRLP-zBacU
[2026-02-26T12:59:31.098+0000] {data_modification.py:55} INFO - Updated row with video_id: hjkbqeWQAM8
[2026-02-26T12:59:31.100+0000] {data_modification.py:55} INFO - Updated row with video_id: XbaZ45LVzzM
[2026-02-26T12:59:31.102+0000] {data_modification.py:55} INFO - Updated row with video_id: -4GmbBoYQjE
[2026-02-26T12:59:31.105+0000] {data_modification.py:55} INFO - Updated row with video_id: 0yPgljFcTR4
[2026-02-26T12:59:31.106+0000] {data_modification.py:55} INFO - Updated row with video_id: TN1wErFGTzM
[2026-02-26T12:59:31.108+0000] {data_modification.py:55} INFO - Updated row with video_id: 3dxksf0CzS8
[2026-02-26T12:59:31.111+0000] {data_modification.py:55} INFO - Updated row with video_id: x7yv72s8h0o
[2026-02-26T12:59:31.112+0000] {data_modification.py:55} INFO - Updated row with video_id: uyiG6uw-6pA
[2026-02-26T12:59:31.114+0000] {data_modification.py:55} INFO - Updated row with video_id: M1STzb7k9L8
[2026-02-26T12:59:31.117+0000] {data_modification.py:55} INFO - Updated row with video_id: 7K-yxGWYsnk
[2026-02-26T12:59:31.118+0000] {data_modification.py:55} INFO - Updated row with video_id: Tbn4cYCaZCk
[2026-02-26T12:59:31.120+0000] {data_modification.py:55} INFO - Updated row with video_id: figrl0aOULs
[2026-02-26T12:59:31.122+0000] {data_modification.py:55} INFO - Updated row with video_id: Uxc84UUrVHk
[2026-02-26T12:59:31.124+0000] {data_modification.py:55} INFO - Updated row with video_id: BzKaMelDzqo
[2026-02-26T12:59:31.126+0000] {data_modification.py:55} INFO - Updated row with video_id: 4yx9ZJDfyKk
[2026-02-26T12:59:31.128+0000] {data_modification.py:55} INFO - Updated row with video_id: kPa_S6jN9ls
[2026-02-26T12:59:31.132+0000] {data_modification.py:55} INFO - Updated row with video_id: 69g-YcbmgQA
[2026-02-26T12:59:31.134+0000] {data_modification.py:55} INFO - Updated row with video_id: aKq8bkY5eTU
[2026-02-26T12:59:31.137+0000] {data_modification.py:55} INFO - Updated row with video_id: TNtpUQbW4mg
[2026-02-26T12:59:31.139+0000] {data_modification.py:55} INFO - Updated row with video_id: 954wJ3uHVAk
[2026-02-26T12:59:31.140+0000] {data_modification.py:55} INFO - Updated row with video_id: zajUgQLviwk
[2026-02-26T12:59:31.142+0000] {data_modification.py:55} INFO - Updated row with video_id: PXevNM0awlI
[2026-02-26T12:59:31.144+0000] {data_modification.py:55} INFO - Updated row with video_id: PuQ5UxKUY48
[2026-02-26T12:59:31.146+0000] {data_modification.py:55} INFO - Updated row with video_id: L5ihmu87xTE
[2026-02-26T12:59:31.147+0000] {data_modification.py:55} INFO - Updated row with video_id: nAiKLoCP-kU
[2026-02-26T12:59:31.150+0000] {data_modification.py:55} INFO - Updated row with video_id: NDsO1LT_0lw
[2026-02-26T12:59:31.152+0000] {data_modification.py:55} INFO - Updated row with video_id: sF5LYGgKbUA
[2026-02-26T12:59:31.153+0000] {data_modification.py:55} INFO - Updated row with video_id: MFpWEKN9c6Y
[2026-02-26T12:59:31.155+0000] {data_modification.py:55} INFO - Updated row with video_id: TRxMLLuWIhw
[2026-02-26T12:59:31.157+0000] {data_modification.py:55} INFO - Updated row with video_id: SM66GDRyIVY
[2026-02-26T12:59:31.158+0000] {data_modification.py:55} INFO - Updated row with video_id: EvqtfK_RaRg
[2026-02-26T12:59:31.160+0000] {data_modification.py:55} INFO - Updated row with video_id: 3cWm9B_0_kI
[2026-02-26T12:59:31.163+0000] {data_modification.py:55} INFO - Updated row with video_id: qtWqHIx8Z-o
[2026-02-26T12:59:31.165+0000] {data_modification.py:55} INFO - Updated row with video_id: gs8qfL9PNac
[2026-02-26T12:59:31.168+0000] {data_modification.py:55} INFO - Updated row with video_id: DBPYB8WkkDc
[2026-02-26T12:59:31.171+0000] {data_modification.py:55} INFO - Updated row with video_id: zvBXpoBegwE
[2026-02-26T12:59:31.173+0000] {data_modification.py:55} INFO - Updated row with video_id: SWc8fI_9iqA
[2026-02-26T12:59:31.176+0000] {data_modification.py:55} INFO - Updated row with video_id: 0BjlBnfHcHM
[2026-02-26T12:59:31.178+0000] {data_modification.py:55} INFO - Updated row with video_id: HcL1EQ5qD_g
[2026-02-26T12:59:31.180+0000] {data_modification.py:55} INFO - Updated row with video_id: dc089EZRGcg
[2026-02-26T12:59:31.182+0000] {data_modification.py:55} INFO - Updated row with video_id: vXNtju4VFm4
[2026-02-26T12:59:31.184+0000] {data_modification.py:55} INFO - Updated row with video_id: I9mw5UlDyPI
[2026-02-26T12:59:31.186+0000] {data_modification.py:55} INFO - Updated row with video_id: pS-fFdvyHLE
[2026-02-26T12:59:31.188+0000] {data_modification.py:55} INFO - Updated row with video_id: Xj0Jtjg3lHQ
[2026-02-26T12:59:31.190+0000] {data_modification.py:55} INFO - Updated row with video_id: 9UtcHPCEBgg
[2026-02-26T12:59:31.192+0000] {data_modification.py:55} INFO - Updated row with video_id: ZNt_GoOBHq8
[2026-02-26T12:59:31.193+0000] {data_modification.py:55} INFO - Updated row with video_id: bn0Kh9c4Zv4
[2026-02-26T12:59:31.196+0000] {data_modification.py:55} INFO - Updated row with video_id: dDVFnfCwjHA
[2026-02-26T12:59:31.198+0000] {data_modification.py:55} INFO - Updated row with video_id: Kt2HvqRruHQ
[2026-02-26T12:59:31.200+0000] {data_modification.py:55} INFO - Updated row with video_id: vDrSCXFMAKk
[2026-02-26T12:59:31.203+0000] {data_modification.py:55} INFO - Updated row with video_id: snX5YyflrGw
[2026-02-26T12:59:31.205+0000] {data_modification.py:55} INFO - Updated row with video_id: nbzQdlWrcnk
[2026-02-26T12:59:31.207+0000] {data_modification.py:55} INFO - Updated row with video_id: 8krJy31Diow
[2026-02-26T12:59:31.209+0000] {data_modification.py:55} INFO - Updated row with video_id: Jo7sfpeWqwE
[2026-02-26T12:59:31.211+0000] {data_modification.py:55} INFO - Updated row with video_id: QtD-CeUdRUQ
[2026-02-26T12:59:31.213+0000] {data_modification.py:55} INFO - Updated row with video_id: ndAQfTzlVjc
[2026-02-26T12:59:31.216+0000] {data_modification.py:55} INFO - Updated row with video_id: AydS-vA3qa4
[2026-02-26T12:59:31.218+0000] {data_modification.py:55} INFO - Updated row with video_id: UPrkC1LdlLY
[2026-02-26T12:59:31.221+0000] {data_modification.py:55} INFO - Updated row with video_id: 8bTQMDM4qvY
[2026-02-26T12:59:31.223+0000] {data_modification.py:55} INFO - Updated row with video_id: DBw0oD38z0Q
[2026-02-26T12:59:31.225+0000] {data_modification.py:55} INFO - Updated row with video_id: 4SNThp0YiU4
[2026-02-26T12:59:31.227+0000] {data_modification.py:55} INFO - Updated row with video_id: XhuisK0bTSA
[2026-02-26T12:59:31.229+0000] {data_modification.py:55} INFO - Updated row with video_id: lkCRPp7cnP8
[2026-02-26T12:59:31.231+0000] {data_modification.py:55} INFO - Updated row with video_id: KkCXLABwHP0
[2026-02-26T12:59:31.233+0000] {data_modification.py:55} INFO - Updated row with video_id: PWirijQkH4M
[2026-02-26T12:59:31.236+0000] {data_modification.py:55} INFO - Updated row with video_id: U_LlX4t0A9I
[2026-02-26T12:59:31.238+0000] {data_modification.py:55} INFO - Updated row with video_id: T8I165Qxeo8
[2026-02-26T12:59:31.239+0000] {data_modification.py:55} INFO - Updated row with video_id: i-9V21MqlhY
[2026-02-26T12:59:31.242+0000] {data_modification.py:55} INFO - Updated row with video_id: YyNz4--6fro
[2026-02-26T12:59:31.244+0000] {data_modification.py:55} INFO - Updated row with video_id: f0cXJ6mJxGc
[2026-02-26T12:59:31.246+0000] {data_modification.py:55} INFO - Updated row with video_id: F6PqxbvOCUI
[2026-02-26T12:59:31.248+0000] {data_modification.py:55} INFO - Updated row with video_id: oA4LSZvX4iE
[2026-02-26T12:59:31.251+0000] {data_modification.py:55} INFO - Updated row with video_id: DZIASl9q90s
[2026-02-26T12:59:31.254+0000] {data_modification.py:55} INFO - Updated row with video_id: 7qY-qalCI2Y
[2026-02-26T12:59:31.256+0000] {data_modification.py:55} INFO - Updated row with video_id: KOEfDvr4DcQ
[2026-02-26T12:59:31.259+0000] {data_modification.py:55} INFO - Updated row with video_id: krsBRQbOPQ4
[2026-02-26T12:59:31.262+0000] {data_modification.py:55} INFO - Updated row with video_id: 7ESeQBeikKs
[2026-02-26T12:59:31.264+0000] {data_modification.py:55} INFO - Updated row with video_id: K_CbgLpvH9E
[2026-02-26T12:59:31.267+0000] {data_modification.py:55} INFO - Updated row with video_id: lOKASgtr6kU
[2026-02-26T12:59:31.270+0000] {data_modification.py:55} INFO - Updated row with video_id: 9RhWXPcKBI8
[2026-02-26T12:59:31.272+0000] {data_modification.py:55} INFO - Updated row with video_id: l9_8_pDTmis
[2026-02-26T12:59:31.274+0000] {data_modification.py:55} INFO - Updated row with video_id: n7x4Jj9pdH8
[2026-02-26T12:59:31.277+0000] {data_modification.py:55} INFO - Updated row with video_id: jGAJCAuV3pQ
[2026-02-26T12:59:31.278+0000] {data_modification.py:55} INFO - Updated row with video_id: c0v8OPItCOg
[2026-02-26T12:59:31.281+0000] {data_modification.py:55} INFO - Updated row with video_id: 3ryID_SwU5E
[2026-02-26T12:59:31.283+0000] {data_modification.py:55} INFO - Updated row with video_id: IemzxkkzI5s
[2026-02-26T12:59:31.285+0000] {data_modification.py:55} INFO - Updated row with video_id: 3OFj6l2tQ9s
[2026-02-26T12:59:31.288+0000] {data_modification.py:55} INFO - Updated row with video_id: bvlFjrcpD6s
[2026-02-26T12:59:31.290+0000] {data_modification.py:55} INFO - Updated row with video_id: AZlBZuS4hr0
[2026-02-26T12:59:31.292+0000] {data_modification.py:55} INFO - Updated row with video_id: Gx6VeIIbWwM
[2026-02-26T12:59:31.294+0000] {data_modification.py:55} INFO - Updated row with video_id: KrLj6nc516A
[2026-02-26T12:59:31.296+0000] {data_modification.py:55} INFO - Updated row with video_id: zgLhCT7aFCA
[2026-02-26T12:59:31.298+0000] {data_modification.py:55} INFO - Updated row with video_id: L5kIXRdwGAI
[2026-02-26T12:59:31.301+0000] {data_modification.py:55} INFO - Updated row with video_id: 19NmWqv4Alk
[2026-02-26T12:59:31.304+0000] {data_modification.py:55} INFO - Updated row with video_id: vBpQ1SlfVtU
[2026-02-26T12:59:31.306+0000] {data_modification.py:55} INFO - Updated row with video_id: SGzWIoLAzmY
[2026-02-26T12:59:31.308+0000] {data_modification.py:55} INFO - Updated row with video_id: 1WEAJ-DFkHE
[2026-02-26T12:59:31.311+0000] {data_modification.py:55} INFO - Updated row with video_id: Y0cBiGUuB1Y
[2026-02-26T12:59:31.314+0000] {data_modification.py:55} INFO - Updated row with video_id: YLt73w6criQ
[2026-02-26T12:59:31.316+0000] {data_modification.py:55} INFO - Updated row with video_id: NPYPXWJBTWM
[2026-02-26T12:59:31.318+0000] {data_modification.py:55} INFO - Updated row with video_id: lglIQkCHO0g
[2026-02-26T12:59:31.321+0000] {data_modification.py:55} INFO - Updated row with video_id: 8_gdcaX9Xqk
[2026-02-26T12:59:31.323+0000] {data_modification.py:55} INFO - Updated row with video_id: snUyLbGx6U4
[2026-02-26T12:59:31.326+0000] {data_modification.py:55} INFO - Updated row with video_id: CWbV3NItSdY
[2026-02-26T12:59:31.328+0000] {data_modification.py:55} INFO - Updated row with video_id: l-nMKJ5J3Uc
[2026-02-26T12:59:31.330+0000] {data_modification.py:55} INFO - Updated row with video_id: XE1Qyss8GIY
[2026-02-26T12:59:31.333+0000] {data_modification.py:55} INFO - Updated row with video_id: 6GzHPS0rEgc
[2026-02-26T12:59:31.335+0000] {data_modification.py:55} INFO - Updated row with video_id: imhY0pe-Sd8
[2026-02-26T12:59:31.337+0000] {data_modification.py:55} INFO - Updated row with video_id: erLbbextvlY
[2026-02-26T12:59:31.340+0000] {data_modification.py:55} INFO - Updated row with video_id: OnTTThIzuNU
[2026-02-26T12:59:31.342+0000] {data_modification.py:55} INFO - Updated row with video_id: mKdjycj-7eE
[2026-02-26T12:59:31.345+0000] {data_modification.py:55} INFO - Updated row with video_id: tWYsfOSY9vY
[2026-02-26T12:59:31.347+0000] {data_modification.py:55} INFO - Updated row with video_id: sH48lKbayNU
[2026-02-26T12:59:31.349+0000] {data_modification.py:55} INFO - Updated row with video_id: AFXoSFNMwIA
[2026-02-26T12:59:31.352+0000] {data_modification.py:55} INFO - Updated row with video_id: k194wHZHjB0
[2026-02-26T12:59:31.354+0000] {data_modification.py:55} INFO - Updated row with video_id: AjwAdtlRKf8
[2026-02-26T12:59:31.357+0000] {data_modification.py:55} INFO - Updated row with video_id: ZVt9ZJfWV1c
[2026-02-26T12:59:31.360+0000] {data_modification.py:55} INFO - Updated row with video_id: rWBOITBjitE
[2026-02-26T12:59:31.363+0000] {data_modification.py:55} INFO - Updated row with video_id: tnTPaLOaHz8
[2026-02-26T12:59:31.365+0000] {data_modification.py:55} INFO - Updated row with video_id: Wdjh81uH6FU
[2026-02-26T12:59:31.368+0000] {data_modification.py:55} INFO - Updated row with video_id: 7dYTw-jAYkY
[2026-02-26T12:59:31.370+0000] {data_modification.py:55} INFO - Updated row with video_id: AjZDwxt7S8w
[2026-02-26T12:59:31.372+0000] {data_modification.py:55} INFO - Updated row with video_id: mwKJfNYwvm8
[2026-02-26T12:59:31.374+0000] {data_modification.py:55} INFO - Updated row with video_id: CAOY8EKH1qU
[2026-02-26T12:59:31.376+0000] {data_modification.py:55} INFO - Updated row with video_id: IQxea9UB1nQ
[2026-02-26T12:59:31.379+0000] {data_modification.py:55} INFO - Updated row with video_id: TJ2ifmkGGus
[2026-02-26T12:59:31.381+0000] {data_modification.py:55} INFO - Updated row with video_id: 7IKab3HcfFk
[2026-02-26T12:59:31.383+0000] {data_modification.py:55} INFO - Updated row with video_id: FD-0KG-h2-c
[2026-02-26T12:59:31.386+0000] {data_modification.py:55} INFO - Updated row with video_id: kX3nB4PpJko
[2026-02-26T12:59:31.388+0000] {data_modification.py:55} INFO - Updated row with video_id: YlvcFJOE-OE
[2026-02-26T12:59:31.390+0000] {data_modification.py:55} INFO - Updated row with video_id: iogcY_4xGjo
[2026-02-26T12:59:31.392+0000] {data_modification.py:55} INFO - Updated row with video_id: S_CUEOBZ0P4
[2026-02-26T12:59:31.394+0000] {data_modification.py:55} INFO - Updated row with video_id: gHzuabZUd6c
[2026-02-26T12:59:31.396+0000] {data_modification.py:55} INFO - Updated row with video_id: 65fN_OUawjk
[2026-02-26T12:59:31.399+0000] {data_modification.py:55} INFO - Updated row with video_id: jdMNoQE3mIQ
[2026-02-26T12:59:31.402+0000] {data_modification.py:55} INFO - Updated row with video_id: tVWWp1PqDus
[2026-02-26T12:59:31.404+0000] {data_modification.py:55} INFO - Updated row with video_id: vaIgyRoUkQI
[2026-02-26T12:59:31.406+0000] {data_modification.py:55} INFO - Updated row with video_id: Hwybp38GnZw
[2026-02-26T12:59:31.409+0000] {data_modification.py:55} INFO - Updated row with video_id: hD1YtmKXNb4
[2026-02-26T12:59:31.411+0000] {data_modification.py:55} INFO - Updated row with video_id: LnlKwzc_TNA
[2026-02-26T12:59:31.413+0000] {data_modification.py:55} INFO - Updated row with video_id: 3jS_yEK8qVI
[2026-02-26T12:59:31.415+0000] {data_modification.py:55} INFO - Updated row with video_id: 00NgUctWoLQ
[2026-02-26T12:59:31.419+0000] {data_modification.py:55} INFO - Updated row with video_id: x9TQ6culXIA
[2026-02-26T12:59:31.421+0000] {data_modification.py:55} INFO - Updated row with video_id: QbJJwaVdgIs
[2026-02-26T12:59:31.424+0000] {data_modification.py:55} INFO - Updated row with video_id: 0e3GPea1Tyg
[2026-02-26T12:59:31.426+0000] {data_modification.py:55} INFO - Updated row with video_id: cV2gBU6hKfY
[2026-02-26T12:59:31.428+0000] {data_modification.py:55} INFO - Updated row with video_id: qIsgdOVGA04
[2026-02-26T12:59:31.431+0000] {data_modification.py:55} INFO - Updated row with video_id: cExLQ1o2pDw
[2026-02-26T12:59:31.433+0000] {data_modification.py:55} INFO - Updated row with video_id: uocETPj4Jx4
[2026-02-26T12:59:31.437+0000] {data_modification.py:55} INFO - Updated row with video_id: zxYjTTXc-J8
[2026-02-26T12:59:31.439+0000] {data_modification.py:55} INFO - Updated row with video_id: hxwpkM5w3Cc
[2026-02-26T12:59:31.442+0000] {data_modification.py:55} INFO - Updated row with video_id: ktyJIj6i4Qw
[2026-02-26T12:59:31.445+0000] {data_modification.py:55} INFO - Updated row with video_id: urtFrxDUV6c
[2026-02-26T12:59:31.447+0000] {data_modification.py:55} INFO - Updated row with video_id: nM89Wl03Q4g
[2026-02-26T12:59:31.449+0000] {data_modification.py:55} INFO - Updated row with video_id: NZlClr_ivb4
[2026-02-26T12:59:31.452+0000] {data_modification.py:55} INFO - Updated row with video_id: E6E22XQPhhg
[2026-02-26T12:59:31.455+0000] {data_modification.py:55} INFO - Updated row with video_id: TQHEJj68Jew
[2026-02-26T12:59:31.458+0000] {data_modification.py:55} INFO - Updated row with video_id: WcwGleN38zE
[2026-02-26T12:59:31.460+0000] {data_modification.py:55} INFO - Updated row with video_id: fMfipiV_17o
[2026-02-26T12:59:31.463+0000] {data_modification.py:55} INFO - Updated row with video_id: 9bqk6ZUsKyA
[2026-02-26T12:59:31.466+0000] {data_modification.py:55} INFO - Updated row with video_id: DuQbOQwVaNE
[2026-02-26T12:59:31.468+0000] {data_modification.py:55} INFO - Updated row with video_id: vJH28ICkCdU
[2026-02-26T12:59:31.471+0000] {data_modification.py:55} INFO - Updated row with video_id: _uwNDiU04zE
[2026-02-26T12:59:31.473+0000] {data_modification.py:55} INFO - Updated row with video_id: C680oxL__ck
[2026-02-26T12:59:31.475+0000] {data_modification.py:55} INFO - Updated row with video_id: 5Fg9oZk-5uA
[2026-02-26T12:59:31.477+0000] {data_modification.py:55} INFO - Updated row with video_id: PKtnafFtfEo
[2026-02-26T12:59:31.480+0000] {data_modification.py:55} INFO - Updated row with video_id: f0c7pSCoZqE
[2026-02-26T12:59:31.481+0000] {data_modification.py:55} INFO - Updated row with video_id: dg2Ag3e8W-Q
[2026-02-26T12:59:31.484+0000] {data_modification.py:55} INFO - Updated row with video_id: LeYsRMZFUq0
[2026-02-26T12:59:31.486+0000] {data_modification.py:55} INFO - Updated row with video_id: Dc2ZRmuH5OM
[2026-02-26T12:59:31.488+0000] {data_modification.py:55} INFO - Updated row with video_id: GLoeAJUcz38
[2026-02-26T12:59:31.490+0000] {data_modification.py:55} INFO - Updated row with video_id: SZQhgExjBvQ
[2026-02-26T12:59:31.492+0000] {data_modification.py:55} INFO - Updated row with video_id: IoZri9hq7z4
[2026-02-26T12:59:31.494+0000] {data_modification.py:55} INFO - Updated row with video_id: vp5sSqyZ5Go
[2026-02-26T12:59:31.497+0000] {data_modification.py:55} INFO - Updated row with video_id: AKJfakEsgy0
[2026-02-26T12:59:31.499+0000] {data_modification.py:55} INFO - Updated row with video_id: Vl3swga-Xrk
[2026-02-26T12:59:31.501+0000] {data_modification.py:55} INFO - Updated row with video_id: UE5AHE2Ypr8
[2026-02-26T12:59:31.503+0000] {data_modification.py:55} INFO - Updated row with video_id: TDiXxsQ0w2Q
[2026-02-26T12:59:31.506+0000] {data_modification.py:55} INFO - Updated row with video_id: oD155zWANQg
[2026-02-26T12:59:31.507+0000] {data_modification.py:55} INFO - Updated row with video_id: s1ax8Tx_Jz0
[2026-02-26T12:59:31.510+0000] {data_modification.py:55} INFO - Updated row with video_id: NkE0AMGzpJY
[2026-02-26T12:59:31.512+0000] {data_modification.py:55} INFO - Updated row with video_id: FbM1yi4mMMc
[2026-02-26T12:59:31.514+0000] {data_modification.py:55} INFO - Updated row with video_id: 5V2B28OqfqM
[2026-02-26T12:59:31.516+0000] {data_modification.py:55} INFO - Updated row with video_id: Rj_vssRaZlQ
[2026-02-26T12:59:31.518+0000] {data_modification.py:55} INFO - Updated row with video_id: YQDDm9HLkV4
[2026-02-26T12:59:31.520+0000] {data_modification.py:55} INFO - Updated row with video_id: erQ_9yEz0ls
[2026-02-26T12:59:31.522+0000] {data_modification.py:55} INFO - Updated row with video_id: OAbP-V6fEVc
[2026-02-26T12:59:31.524+0000] {data_modification.py:55} INFO - Updated row with video_id: _qAJMXfL6o0
[2026-02-26T12:59:31.526+0000] {data_modification.py:55} INFO - Updated row with video_id: 59AYXzCa-Cs
[2026-02-26T12:59:31.528+0000] {data_modification.py:55} INFO - Updated row with video_id: r7zJ8srwwjk
[2026-02-26T12:59:31.530+0000] {data_modification.py:55} INFO - Updated row with video_id: YSoJPA8-oHc
[2026-02-26T12:59:31.532+0000] {data_modification.py:55} INFO - Updated row with video_id: gsWPpE4Rid0
[2026-02-26T12:59:31.534+0000] {data_modification.py:55} INFO - Updated row with video_id: se50viFJ0AQ
[2026-02-26T12:59:31.537+0000] {data_modification.py:55} INFO - Updated row with video_id: 0CTp1a-aCUM
[2026-02-26T12:59:31.539+0000] {data_modification.py:55} INFO - Updated row with video_id: yXWw0_UfSFg
[2026-02-26T12:59:31.542+0000] {data_modification.py:55} INFO - Updated row with video_id: F4Y3Pkn95GI
[2026-02-26T12:59:31.544+0000] {data_modification.py:55} INFO - Updated row with video_id: KSKJKLmAqpI
[2026-02-26T12:59:31.547+0000] {data_modification.py:55} INFO - Updated row with video_id: IYVjOfoU3uI
[2026-02-26T12:59:31.550+0000] {data_modification.py:55} INFO - Updated row with video_id: oI6aXhowFDY
[2026-02-26T12:59:31.552+0000] {data_modification.py:55} INFO - Updated row with video_id: LdMx2U5tby0
[2026-02-26T12:59:31.555+0000] {data_modification.py:55} INFO - Updated row with video_id: fY-LA3YaZ_M
[2026-02-26T12:59:31.557+0000] {data_modification.py:55} INFO - Updated row with video_id: 0hVZOJCYBBM
[2026-02-26T12:59:31.559+0000] {data_modification.py:55} INFO - Updated row with video_id: Z9WQy9jEY8M
[2026-02-26T12:59:31.561+0000] {data_modification.py:55} INFO - Updated row with video_id: bs0SWXbty18
[2026-02-26T12:59:31.564+0000] {data_modification.py:55} INFO - Updated row with video_id: yeqARWqjkps
[2026-02-26T12:59:31.566+0000] {data_modification.py:55} INFO - Updated row with video_id: wMuYiLby3-s
[2026-02-26T12:59:31.568+0000] {data_modification.py:55} INFO - Updated row with video_id: sfv1QaRzJg8
[2026-02-26T12:59:31.571+0000] {data_modification.py:55} INFO - Updated row with video_id: RwnN2FVaHmw
[2026-02-26T12:59:31.572+0000] {data_modification.py:55} INFO - Updated row with video_id: X1jMMFOqxEw
[2026-02-26T12:59:31.574+0000] {data_modification.py:55} INFO - Updated row with video_id: ORUX1lHbOa8
[2026-02-26T12:59:31.576+0000] {data_modification.py:55} INFO - Updated row with video_id: LU_xVr4b2qM
[2026-02-26T12:59:31.579+0000] {data_modification.py:55} INFO - Updated row with video_id: tQ4m4zD7BBA
[2026-02-26T12:59:31.581+0000] {data_modification.py:55} INFO - Updated row with video_id: D9lVNzyhYnc
[2026-02-26T12:59:31.584+0000] {data_modification.py:55} INFO - Updated row with video_id: jokVbbLqV_E
[2026-02-26T12:59:31.588+0000] {data_modification.py:55} INFO - Updated row with video_id: HPJKxAhLw5I
[2026-02-26T12:59:31.591+0000] {data_modification.py:55} INFO - Updated row with video_id: Ims5p6wjW9s
[2026-02-26T12:59:31.593+0000] {data_modification.py:55} INFO - Updated row with video_id: anFxsa5jXrE
[2026-02-26T12:59:31.595+0000] {data_modification.py:55} INFO - Updated row with video_id: QxGVgXf_LNk
[2026-02-26T12:59:31.597+0000] {data_modification.py:55} INFO - Updated row with video_id: al6130OD1Ck
[2026-02-26T12:59:31.600+0000] {data_modification.py:55} INFO - Updated row with video_id: d1010B3sKNQ
[2026-02-26T12:59:31.602+0000] {data_modification.py:55} INFO - Updated row with video_id: NS3hse9ezik
[2026-02-26T12:59:31.604+0000] {data_modification.py:55} INFO - Updated row with video_id: npDey6_9YRs
[2026-02-26T12:59:31.607+0000] {data_modification.py:55} INFO - Updated row with video_id: 0NGWT9COcEI
[2026-02-26T12:59:31.609+0000] {data_modification.py:55} INFO - Updated row with video_id: 3LLnjRLrvLU
[2026-02-26T12:59:31.611+0000] {data_modification.py:55} INFO - Updated row with video_id: bTrV5v7GLcQ
[2026-02-26T12:59:31.613+0000] {data_modification.py:55} INFO - Updated row with video_id: lBYC4_Lccjw
[2026-02-26T12:59:31.615+0000] {data_modification.py:55} INFO - Updated row with video_id: TOcGSwJBPMQ
[2026-02-26T12:59:31.617+0000] {data_modification.py:55} INFO - Updated row with video_id: ws694xrKopA
[2026-02-26T12:59:31.619+0000] {data_modification.py:55} INFO - Updated row with video_id: UtnsWzaoRtg
[2026-02-26T12:59:31.621+0000] {data_modification.py:55} INFO - Updated row with video_id: 6wsFjjhZPJI
[2026-02-26T12:59:31.623+0000] {data_modification.py:55} INFO - Updated row with video_id: Rmf6T_Ewt38
[2026-02-26T12:59:31.626+0000] {data_modification.py:55} INFO - Updated row with video_id: n6qc4LHN2KQ
[2026-02-26T12:59:31.628+0000] {data_modification.py:55} INFO - Updated row with video_id: 2eFSU7TFOnk
[2026-02-26T12:59:31.630+0000] {data_modification.py:55} INFO - Updated row with video_id: RCvnytndd9c
[2026-02-26T12:59:31.632+0000] {data_modification.py:55} INFO - Updated row with video_id: AA-VpIj8F5Y
[2026-02-26T12:59:31.635+0000] {data_modification.py:55} INFO - Updated row with video_id: fWcSBWadolA
[2026-02-26T12:59:31.637+0000] {data_modification.py:55} INFO - Updated row with video_id: YyhKdOCwD7s
[2026-02-26T12:59:31.639+0000] {data_modification.py:55} INFO - Updated row with video_id: ha4tRQwKIUg
[2026-02-26T12:59:31.641+0000] {data_modification.py:55} INFO - Updated row with video_id: xRwy_rKc7gI
[2026-02-26T12:59:31.643+0000] {data_modification.py:55} INFO - Updated row with video_id: xpNeg0hPZIs
[2026-02-26T12:59:31.645+0000] {data_modification.py:55} INFO - Updated row with video_id: 9yrdFAJUSaU
[2026-02-26T12:59:31.647+0000] {data_modification.py:55} INFO - Updated row with video_id: i2O6GMpNWGo
[2026-02-26T12:59:31.650+0000] {data_modification.py:55} INFO - Updated row with video_id: Y6jC6VaO3j0
[2026-02-26T12:59:31.652+0000] {data_modification.py:55} INFO - Updated row with video_id: Ooke4YZv8Ts
[2026-02-26T12:59:31.654+0000] {data_modification.py:55} INFO - Updated row with video_id: ZV7rU6lnAKQ
[2026-02-26T12:59:31.656+0000] {data_modification.py:55} INFO - Updated row with video_id: iUzi5JmJNWc
[2026-02-26T12:59:31.658+0000] {data_modification.py:55} INFO - Updated row with video_id: 9cCpZl8euLI
[2026-02-26T12:59:31.660+0000] {data_modification.py:55} INFO - Updated row with video_id: I046_n20d3s
[2026-02-26T12:59:31.662+0000] {data_modification.py:55} INFO - Updated row with video_id: 2nd73lyvq4w
[2026-02-26T12:59:31.664+0000] {data_modification.py:55} INFO - Updated row with video_id: nuM0Z4a7kMs
[2026-02-26T12:59:31.667+0000] {data_modification.py:55} INFO - Updated row with video_id: AiGKBNGlzHo
[2026-02-26T12:59:31.669+0000] {data_modification.py:55} INFO - Updated row with video_id: _mdKvblL_8s
[2026-02-26T12:59:31.671+0000] {data_modification.py:55} INFO - Updated row with video_id: H1WBdh56Vq4
[2026-02-26T12:59:31.674+0000] {data_modification.py:55} INFO - Updated row with video_id: xhIYirjB4Yc
[2026-02-26T12:59:31.676+0000] {data_modification.py:55} INFO - Updated row with video_id: JTQcIR2ZxU4
[2026-02-26T12:59:31.679+0000] {data_modification.py:55} INFO - Updated row with video_id: q6Qw8mUVTrE
[2026-02-26T12:59:31.681+0000] {data_modification.py:55} INFO - Updated row with video_id: dBxOYE2j55U
[2026-02-26T12:59:31.683+0000] {data_modification.py:55} INFO - Updated row with video_id: 984NGLLYDUg
[2026-02-26T12:59:31.686+0000] {data_modification.py:55} INFO - Updated row with video_id: 7zi0bi-RDj4
[2026-02-26T12:59:31.689+0000] {data_modification.py:55} INFO - Updated row with video_id: XaxhLbxZ13k
[2026-02-26T12:59:31.690+0000] {data_modification.py:55} INFO - Updated row with video_id: L8nh1wuXTbI
[2026-02-26T12:59:31.693+0000] {data_modification.py:55} INFO - Updated row with video_id: 9-HphHIJS9c
[2026-02-26T12:59:31.695+0000] {data_modification.py:55} INFO - Updated row with video_id: rPXmbM2UEbU
[2026-02-26T12:59:31.697+0000] {data_modification.py:55} INFO - Updated row with video_id: sESRuTyfsEk
[2026-02-26T12:59:31.699+0000] {data_modification.py:55} INFO - Updated row with video_id: QapO3maXd9k
[2026-02-26T12:59:31.701+0000] {data_modification.py:55} INFO - Updated row with video_id: 71VpdDb8e6U
[2026-02-26T12:59:31.703+0000] {data_modification.py:55} INFO - Updated row with video_id: Su34c5Z8DW4
[2026-02-26T12:59:31.706+0000] {data_modification.py:55} INFO - Updated row with video_id: e5DqdX-7_g4
[2026-02-26T12:59:31.708+0000] {data_modification.py:55} INFO - Updated row with video_id: 9vB-48kHbBU
[2026-02-26T12:59:31.711+0000] {data_modification.py:55} INFO - Updated row with video_id: 3ix_gbcubTo
[2026-02-26T12:59:31.713+0000] {data_modification.py:55} INFO - Updated row with video_id: mGIpOtncmSM
[2026-02-26T12:59:31.714+0000] {data_modification.py:55} INFO - Updated row with video_id: VqnQ-0q2gb4
[2026-02-26T12:59:31.716+0000] {data_modification.py:55} INFO - Updated row with video_id: 3TflpIllQHY
[2026-02-26T12:59:31.719+0000] {data_modification.py:55} INFO - Updated row with video_id: 1SwVSTKFCsc
[2026-02-26T12:59:31.721+0000] {data_modification.py:55} INFO - Updated row with video_id: ZPuEUe_8SRM
[2026-02-26T12:59:31.723+0000] {data_modification.py:55} INFO - Updated row with video_id: gKVZz4kcuns
[2026-02-26T12:59:31.726+0000] {data_modification.py:55} INFO - Updated row with video_id: nywT2SenPIo
[2026-02-26T12:59:31.728+0000] {data_modification.py:55} INFO - Updated row with video_id: xBP9EUQIkNs
[2026-02-26T12:59:31.731+0000] {data_modification.py:55} INFO - Updated row with video_id: qZNxvnQv0h4
[2026-02-26T12:59:31.733+0000] {data_modification.py:55} INFO - Updated row with video_id: uE6gud1voDs
[2026-02-26T12:59:31.735+0000] {data_modification.py:55} INFO - Updated row with video_id: Gz3yak1cl-8
[2026-02-26T12:59:31.737+0000] {data_modification.py:55} INFO - Updated row with video_id: 9GD6hbqu2oM
[2026-02-26T12:59:31.740+0000] {data_modification.py:55} INFO - Updated row with video_id: GUWGsIVEMSQ
[2026-02-26T12:59:31.742+0000] {data_modification.py:55} INFO - Updated row with video_id: wDqJZ_2ZA3A
[2026-02-26T12:59:31.745+0000] {data_modification.py:55} INFO - Updated row with video_id: RywkkwO78m8
[2026-02-26T12:59:31.747+0000] {data_modification.py:55} INFO - Updated row with video_id: P4qWhSZ7_WA
[2026-02-26T12:59:31.749+0000] {data_modification.py:55} INFO - Updated row with video_id: UlUcwJc5nBs
[2026-02-26T12:59:31.751+0000] {data_modification.py:55} INFO - Updated row with video_id: qAW6CE7_bFM
[2026-02-26T12:59:31.754+0000] {data_modification.py:55} INFO - Updated row with video_id: tBEBc4KQVsU
[2026-02-26T12:59:31.756+0000] {data_modification.py:55} INFO - Updated row with video_id: q0OK-zHnvnA
[2026-02-26T12:59:31.758+0000] {data_modification.py:55} INFO - Updated row with video_id: bFZdU9dr4OM
[2026-02-26T12:59:31.760+0000] {data_modification.py:55} INFO - Updated row with video_id: nd-bwvNB7YA
[2026-02-26T12:59:31.762+0000] {data_modification.py:55} INFO - Updated row with video_id: 6_im_hGxGRk
[2026-02-26T12:59:31.764+0000] {data_modification.py:55} INFO - Updated row with video_id: b91vrgVY-ZQ
[2026-02-26T12:59:31.766+0000] {data_modification.py:55} INFO - Updated row with video_id: 52ubXjlVzUY
[2026-02-26T12:59:31.768+0000] {data_modification.py:55} INFO - Updated row with video_id: XHb7g6yuGgE
[2026-02-26T12:59:31.769+0000] {data_modification.py:55} INFO - Updated row with video_id: rH1D_3G56DY
[2026-02-26T12:59:31.772+0000] {data_modification.py:55} INFO - Updated row with video_id: -0zoWMSEOGg
[2026-02-26T12:59:31.774+0000] {data_modification.py:55} INFO - Updated row with video_id: WRzIuC2MKOU
[2026-02-26T12:59:31.776+0000] {data_modification.py:55} INFO - Updated row with video_id: foLlul8Tl3E
[2026-02-26T12:59:31.778+0000] {data_modification.py:55} INFO - Updated row with video_id: 3iaDrpKdaIc
[2026-02-26T12:59:31.780+0000] {data_modification.py:55} INFO - Updated row with video_id: qrIh-ZHN4-E
[2026-02-26T12:59:31.781+0000] {data_modification.py:55} INFO - Updated row with video_id: mpZWt5pGKZ8
[2026-02-26T12:59:31.784+0000] {data_modification.py:55} INFO - Updated row with video_id: vbph9F_pRNI
[2026-02-26T12:59:31.786+0000] {data_modification.py:55} INFO - Updated row with video_id: XE9pUM9MEFA
[2026-02-26T12:59:31.789+0000] {data_modification.py:55} INFO - Updated row with video_id: wbzD04leeLI
[2026-02-26T12:59:31.791+0000] {data_modification.py:55} INFO - Updated row with video_id: MC5h-ShR-S8
[2026-02-26T12:59:31.793+0000] {data_modification.py:55} INFO - Updated row with video_id: dp8IaLrZpGs
[2026-02-26T12:59:31.794+0000] {data_modification.py:55} INFO - Updated row with video_id: 97Gh93Daio0
[2026-02-26T12:59:31.797+0000] {data_modification.py:55} INFO - Updated row with video_id: Ejou8aa5eZk
[2026-02-26T12:59:31.799+0000] {data_modification.py:55} INFO - Updated row with video_id: ehEuczQUh8E
[2026-02-26T12:59:31.801+0000] {data_modification.py:55} INFO - Updated row with video_id: uBC7805Smsg
[2026-02-26T12:59:31.805+0000] {data_modification.py:55} INFO - Updated row with video_id: d8pJkuSp1iI
[2026-02-26T12:59:31.807+0000] {data_modification.py:55} INFO - Updated row with video_id: dFr5YQaQQdo
[2026-02-26T12:59:31.810+0000] {data_modification.py:55} INFO - Updated row with video_id: xBLxMfO3pDw
[2026-02-26T12:59:31.813+0000] {data_modification.py:55} INFO - Updated row with video_id: d7QmQtNwhcU
[2026-02-26T12:59:31.817+0000] {data_modification.py:55} INFO - Updated row with video_id: NZR4WEjpOQg
[2026-02-26T12:59:31.819+0000] {data_modification.py:55} INFO - Updated row with video_id: vETSAZgfDP4
[2026-02-26T12:59:31.823+0000] {data_modification.py:55} INFO - Updated row with video_id: A-vX1AGBGsc
[2026-02-26T12:59:31.826+0000] {data_modification.py:55} INFO - Updated row with video_id: IiW2smvEcBM
[2026-02-26T12:59:31.828+0000] {data_modification.py:55} INFO - Updated row with video_id: n9BbAfbsyj0
[2026-02-26T12:59:31.830+0000] {data_modification.py:55} INFO - Updated row with video_id: WZ2rYlVxt4g
[2026-02-26T12:59:31.833+0000] {data_modification.py:55} INFO - Updated row with video_id: CWK6an4mYL0
[2026-02-26T12:59:31.836+0000] {data_modification.py:55} INFO - Updated row with video_id: VwWV4JelEzY
[2026-02-26T12:59:31.838+0000] {data_modification.py:55} INFO - Updated row with video_id: koRKIlRQj4g
[2026-02-26T12:59:31.842+0000] {data_modification.py:55} INFO - Updated row with video_id: XKFKPQHdWRI
[2026-02-26T12:59:31.844+0000] {data_modification.py:55} INFO - Updated row with video_id: yuGEB4ZZdUQ
[2026-02-26T12:59:31.846+0000] {data_modification.py:55} INFO - Updated row with video_id: sg_XFT4K3N4
[2026-02-26T12:59:31.849+0000] {data_modification.py:55} INFO - Updated row with video_id: Fbl3E_XCQfA
[2026-02-26T12:59:31.851+0000] {data_modification.py:55} INFO - Updated row with video_id: Pe3pGsCeYXg
[2026-02-26T12:59:31.853+0000] {data_modification.py:55} INFO - Updated row with video_id: yzGmnjDFuZE
[2026-02-26T12:59:31.857+0000] {data_modification.py:55} INFO - Updated row with video_id: op0N7axawJA
[2026-02-26T12:59:31.859+0000] {data_modification.py:55} INFO - Updated row with video_id: l_huIWJBhJM
[2026-02-26T12:59:31.862+0000] {data_modification.py:55} INFO - Updated row with video_id: 7ALCsEyn3mg
[2026-02-26T12:59:31.864+0000] {data_modification.py:55} INFO - Updated row with video_id: CvMRiR4k49Y
[2026-02-26T12:59:31.866+0000] {data_modification.py:55} INFO - Updated row with video_id: g2rbhIB-ITM
[2026-02-26T12:59:31.869+0000] {data_modification.py:55} INFO - Updated row with video_id: nLpqZEAFnkE
[2026-02-26T12:59:31.872+0000] {data_modification.py:55} INFO - Updated row with video_id: sirrTXiPFmw
[2026-02-26T12:59:31.874+0000] {data_modification.py:55} INFO - Updated row with video_id: nRkwuTOESCc
[2026-02-26T12:59:31.877+0000] {data_modification.py:55} INFO - Updated row with video_id: AS6WMS_Bemg
[2026-02-26T12:59:31.879+0000] {data_modification.py:55} INFO - Updated row with video_id: wMn8d7IeCYM
[2026-02-26T12:59:31.881+0000] {data_modification.py:55} INFO - Updated row with video_id: BMZP4CtphaU
[2026-02-26T12:59:31.884+0000] {data_modification.py:55} INFO - Updated row with video_id: ln9aLVd__8w
[2026-02-26T12:59:31.886+0000] {data_modification.py:55} INFO - Updated row with video_id: 93s1JECSy60
[2026-02-26T12:59:31.889+0000] {data_modification.py:55} INFO - Updated row with video_id: YR6Wh2Zy9jE
[2026-02-26T12:59:31.891+0000] {data_modification.py:55} INFO - Updated row with video_id: 5PCxQSMOl3o
[2026-02-26T12:59:31.893+0000] {data_modification.py:55} INFO - Updated row with video_id: 5qzAVMe_SnM
[2026-02-26T12:59:31.895+0000] {data_modification.py:55} INFO - Updated row with video_id: zAAXW7ySu1k
[2026-02-26T12:59:31.897+0000] {data_modification.py:55} INFO - Updated row with video_id: sx5k8xd_VoU
[2026-02-26T12:59:31.899+0000] {data_modification.py:55} INFO - Updated row with video_id: uotb9ZHnI2g
[2026-02-26T12:59:31.901+0000] {data_modification.py:55} INFO - Updated row with video_id: nPlqRbVFBHI
[2026-02-26T12:59:31.903+0000] {data_modification.py:55} INFO - Updated row with video_id: _FX6rml2Yjs
[2026-02-26T12:59:31.905+0000] {data_modification.py:55} INFO - Updated row with video_id: kupaqq-xJ_8
[2026-02-26T12:59:31.908+0000] {data_modification.py:55} INFO - Updated row with video_id: Er6QUQZbv0w
[2026-02-26T12:59:31.910+0000] {data_modification.py:55} INFO - Updated row with video_id: 4KVmSG6KS2k
[2026-02-26T12:59:31.911+0000] {data_modification.py:55} INFO - Updated row with video_id: Lx9fRu5ehFo
[2026-02-26T12:59:31.913+0000] {data_modification.py:55} INFO - Updated row with video_id: KcsRxHwGz7A
[2026-02-26T12:59:31.915+0000] {data_modification.py:55} INFO - Updated row with video_id: ZJwX2jTXWwQ
[2026-02-26T12:59:31.917+0000] {data_modification.py:55} INFO - Updated row with video_id: N_GMakKf7G4
[2026-02-26T12:59:31.919+0000] {data_modification.py:55} INFO - Updated row with video_id: 63gyUQ_JeOE
[2026-02-26T12:59:31.921+0000] {data_modification.py:55} INFO - Updated row with video_id: 8D3vI1615K4
[2026-02-26T12:59:31.923+0000] {data_modification.py:55} INFO - Updated row with video_id: igVcy5dtN80
[2026-02-26T12:59:31.925+0000] {data_modification.py:55} INFO - Updated row with video_id: dEOlvTqYUNo
[2026-02-26T12:59:31.928+0000] {data_modification.py:55} INFO - Updated row with video_id: AS5CxLCWq-Q
[2026-02-26T12:59:31.929+0000] {data_modification.py:55} INFO - Updated row with video_id: jtOalDNVrKM
[2026-02-26T12:59:31.931+0000] {data_modification.py:55} INFO - Updated row with video_id: dDYP56hEYF0
[2026-02-26T12:59:31.933+0000] {data_modification.py:55} INFO - Updated row with video_id: pJSbLk-Iixc
[2026-02-26T12:59:31.935+0000] {data_modification.py:55} INFO - Updated row with video_id: iengNekeTNo
[2026-02-26T12:59:31.937+0000] {data_modification.py:55} INFO - Updated row with video_id: rqUvnLPvbrM
[2026-02-26T12:59:31.939+0000] {data_modification.py:55} INFO - Updated row with video_id: YH1-fDzHHpo
[2026-02-26T12:59:31.941+0000] {data_modification.py:55} INFO - Updated row with video_id: ntlG5XgYg4k
[2026-02-26T12:59:31.943+0000] {data_modification.py:55} INFO - Updated row with video_id: Qy17S3g8ZuY
[2026-02-26T12:59:31.945+0000] {data_modification.py:55} INFO - Updated row with video_id: PJyWmlWNor8
[2026-02-26T12:59:31.947+0000] {data_modification.py:55} INFO - Updated row with video_id: KzwTYZ2W3ZA
[2026-02-26T12:59:31.949+0000] {data_modification.py:55} INFO - Updated row with video_id: 9fa_JYTPZ2Y
[2026-02-26T12:59:31.951+0000] {data_modification.py:55} INFO - Updated row with video_id: t1BWMa8btIw
[2026-02-26T12:59:31.953+0000] {data_modification.py:55} INFO - Updated row with video_id: 2O8wta4FsD4
[2026-02-26T12:59:31.955+0000] {data_modification.py:55} INFO - Updated row with video_id: DbC9CauTXoM
[2026-02-26T12:59:31.957+0000] {data_modification.py:55} INFO - Updated row with video_id: yhNcDBnQsEY
[2026-02-26T12:59:31.960+0000] {data_modification.py:55} INFO - Updated row with video_id: Izmibu7dxcs
[2026-02-26T12:59:31.962+0000] {data_modification.py:55} INFO - Updated row with video_id: 2Pvt8awds44
[2026-02-26T12:59:31.964+0000] {data_modification.py:55} INFO - Updated row with video_id: 9CVwXBYVqVk
[2026-02-26T12:59:31.965+0000] {data_modification.py:55} INFO - Updated row with video_id: DpIvW6av0pI
[2026-02-26T12:59:31.967+0000] {data_modification.py:55} INFO - Updated row with video_id: RPcXg2-0ejw
[2026-02-26T12:59:31.969+0000] {data_modification.py:55} INFO - Updated row with video_id: jhYG5BStQSk
[2026-02-26T12:59:31.971+0000] {data_modification.py:55} INFO - Updated row with video_id: wTIPpjUgAFE
[2026-02-26T12:59:31.974+0000] {data_modification.py:55} INFO - Updated row with video_id: Fzh65vCyHWQ
[2026-02-26T12:59:31.975+0000] {data_modification.py:55} INFO - Updated row with video_id: vBp0bzVr09s
[2026-02-26T12:59:31.977+0000] {data_modification.py:55} INFO - Updated row with video_id: AXjdI_LHWJU
[2026-02-26T12:59:31.979+0000] {data_modification.py:55} INFO - Updated row with video_id: dJCsc_Cq9i4
[2026-02-26T12:59:31.980+0000] {data_modification.py:55} INFO - Updated row with video_id: bqpKlkPpT10
[2026-02-26T12:59:31.982+0000] {data_modification.py:55} INFO - Updated row with video_id: TIIU1ivhLKs
[2026-02-26T12:59:31.984+0000] {data_modification.py:55} INFO - Updated row with video_id: G4qOiwIE_o0
[2026-02-26T12:59:31.986+0000] {data_modification.py:55} INFO - Updated row with video_id: yozl6enFC-w
[2026-02-26T12:59:31.989+0000] {data_modification.py:55} INFO - Updated row with video_id: LP_mGU3CgXk
[2026-02-26T12:59:31.990+0000] {data_modification.py:55} INFO - Updated row with video_id: DoIQMkoYSzw
[2026-02-26T12:59:31.993+0000] {data_modification.py:55} INFO - Updated row with video_id: e-If_d_bzfI
[2026-02-26T12:59:31.995+0000] {data_modification.py:55} INFO - Updated row with video_id: 5J6-5g2alp8
[2026-02-26T12:59:31.997+0000] {data_modification.py:55} INFO - Updated row with video_id: TLoDwqQF5ug
[2026-02-26T12:59:31.998+0000] {data_modification.py:55} INFO - Updated row with video_id: 9LiS_3HEErU
[2026-02-26T12:59:32.000+0000] {data_modification.py:55} INFO - Updated row with video_id: hRj5qNfkdO0
[2026-02-26T12:59:32.002+0000] {data_modification.py:55} INFO - Updated row with video_id: ocruJKe2tFk
[2026-02-26T12:59:32.003+0000] {data_modification.py:55} INFO - Updated row with video_id: MgRMNzKknto
[2026-02-26T12:59:32.006+0000] {data_modification.py:55} INFO - Updated row with video_id: tqO3_AKC5Ks
[2026-02-26T12:59:32.008+0000] {data_modification.py:55} INFO - Updated row with video_id: XW1TsAVdXsw
[2026-02-26T12:59:32.009+0000] {data_modification.py:55} INFO - Updated row with video_id: Qhdj_Umh1IE
[2026-02-26T12:59:32.011+0000] {data_modification.py:55} INFO - Updated row with video_id: fN_RQFqaGHI
[2026-02-26T12:59:32.013+0000] {data_modification.py:55} INFO - Updated row with video_id: hC3xW8xeCDs
[2026-02-26T12:59:32.015+0000] {data_modification.py:55} INFO - Updated row with video_id: xGJEPTCw9GU
[2026-02-26T12:59:32.017+0000] {data_modification.py:55} INFO - Updated row with video_id: FmjsePPBbdU
[2026-02-26T12:59:32.019+0000] {data_modification.py:55} INFO - Updated row with video_id: lMLEcUXz6T8
[2026-02-26T12:59:32.021+0000] {data_modification.py:55} INFO - Updated row with video_id: BKJy7BFP3Is
[2026-02-26T12:59:32.023+0000] {data_modification.py:55} INFO - Updated row with video_id: 1gfgZhW3YgU
[2026-02-26T12:59:32.025+0000] {data_modification.py:55} INFO - Updated row with video_id: VXmKt_1T0QM
[2026-02-26T12:59:32.027+0000] {data_modification.py:55} INFO - Updated row with video_id: 6XCUHLhdnEY
[2026-02-26T12:59:32.029+0000] {data_modification.py:55} INFO - Updated row with video_id: ttWTSskmxTA
[2026-02-26T12:59:32.031+0000] {data_modification.py:55} INFO - Updated row with video_id: 5bCyFf8lSfk
[2026-02-26T12:59:32.033+0000] {data_modification.py:55} INFO - Updated row with video_id: zjC48c3ptt0
[2026-02-26T12:59:32.034+0000] {data_modification.py:55} INFO - Updated row with video_id: rS2sntC-lJI
[2026-02-26T12:59:32.037+0000] {data_modification.py:55} INFO - Updated row with video_id: fG1N5kzeAhM
[2026-02-26T12:59:32.039+0000] {data_modification.py:55} INFO - Updated row with video_id: vT_gRRMjDi0
[2026-02-26T12:59:32.041+0000] {data_modification.py:55} INFO - Updated row with video_id: dfcPUqiivDY
[2026-02-26T12:59:32.043+0000] {data_modification.py:55} INFO - Updated row with video_id: zCR6DJX7Kak
[2026-02-26T12:59:32.044+0000] {data_modification.py:55} INFO - Updated row with video_id: 4cX-w-ia0RU
[2026-02-26T12:59:32.046+0000] {data_modification.py:55} INFO - Updated row with video_id: 2nVjy-zd65Q
[2026-02-26T12:59:32.047+0000] {data_modification.py:55} INFO - Updated row with video_id: xlzpD4GeBW0
[2026-02-26T12:59:32.049+0000] {data_modification.py:55} INFO - Updated row with video_id: 8ZTy3K2QgOY
[2026-02-26T12:59:32.050+0000] {data_modification.py:55} INFO - Updated row with video_id: k9zko79_3_I
[2026-02-26T12:59:32.052+0000] {data_modification.py:55} INFO - Updated row with video_id: fYnPyLfxSJg
[2026-02-26T12:59:32.054+0000] {data_modification.py:55} INFO - Updated row with video_id: pBH_QL4JGcI
[2026-02-26T12:59:32.056+0000] {data_modification.py:55} INFO - Updated row with video_id: 1wtFD9zSQO8
[2026-02-26T12:59:32.057+0000] {data_modification.py:55} INFO - Updated row with video_id: VqhjiwmGNKA
[2026-02-26T12:59:32.059+0000] {data_modification.py:55} INFO - Updated row with video_id: EhZ9gHZOZT8
[2026-02-26T12:59:32.061+0000] {data_modification.py:55} INFO - Updated row with video_id: LHtkve6-O0g
[2026-02-26T12:59:32.062+0000] {data_modification.py:55} INFO - Updated row with video_id: m3Ol8zn7brk
[2026-02-26T12:59:32.064+0000] {data_modification.py:55} INFO - Updated row with video_id: qBiZA4QDsj0
[2026-02-26T12:59:32.066+0000] {data_modification.py:55} INFO - Updated row with video_id: NeOrh4GnPZ4
[2026-02-26T12:59:32.068+0000] {data_modification.py:55} INFO - Updated row with video_id: fWhfOAuOqjY
[2026-02-26T12:59:32.070+0000] {data_modification.py:55} INFO - Updated row with video_id: 9Ax56oRhcZc
[2026-02-26T12:59:32.072+0000] {data_modification.py:55} INFO - Updated row with video_id: -cWVrFABWHw
[2026-02-26T12:59:32.074+0000] {data_modification.py:55} INFO - Updated row with video_id: z7qtJAAV5d0
[2026-02-26T12:59:32.076+0000] {data_modification.py:55} INFO - Updated row with video_id: 9pk-neTrDoM
[2026-02-26T12:59:32.078+0000] {data_modification.py:55} INFO - Updated row with video_id: JQscW6DfNZY
[2026-02-26T12:59:32.079+0000] {data_modification.py:55} INFO - Updated row with video_id: 9smE_EiKJ8Q
[2026-02-26T12:59:32.082+0000] {data_modification.py:55} INFO - Updated row with video_id: hfaPkoXeYfU
[2026-02-26T12:59:32.084+0000] {data_modification.py:55} INFO - Updated row with video_id: u0hHxeWkB_o
[2026-02-26T12:59:32.086+0000] {data_modification.py:55} INFO - Updated row with video_id: KO8B2kw_Jxs
[2026-02-26T12:59:32.088+0000] {data_modification.py:55} INFO - Updated row with video_id: NEDPgQYhbqs
[2026-02-26T12:59:32.090+0000] {data_modification.py:55} INFO - Updated row with video_id: yzxYCRDcGDs
[2026-02-26T12:59:32.092+0000] {data_modification.py:55} INFO - Updated row with video_id: PCakYf_PnT0
[2026-02-26T12:59:32.094+0000] {data_modification.py:55} INFO - Updated row with video_id: 8nv_ltg4RAg
[2026-02-26T12:59:32.096+0000] {data_modification.py:55} INFO - Updated row with video_id: VvphlSvCyj8
[2026-02-26T12:59:32.098+0000] {data_modification.py:55} INFO - Updated row with video_id: jRURlbRAUhI
[2026-02-26T12:59:32.100+0000] {data_modification.py:55} INFO - Updated row with video_id: I_3R9YGFlHE
[2026-02-26T12:59:32.102+0000] {data_modification.py:55} INFO - Updated row with video_id: xjJJ_wDlc1E
[2026-02-26T12:59:32.104+0000] {data_modification.py:55} INFO - Updated row with video_id: cqirhwhq_qM
[2026-02-26T12:59:32.106+0000] {data_modification.py:55} INFO - Updated row with video_id: 3IQdDBwc42o
[2026-02-26T12:59:32.108+0000] {data_modification.py:55} INFO - Updated row with video_id: 4YHnf3YepwU
[2026-02-26T12:59:32.110+0000] {data_modification.py:55} INFO - Updated row with video_id: uxzBq4Y_fNw
[2026-02-26T12:59:32.112+0000] {data_modification.py:55} INFO - Updated row with video_id: HIhUkvAG0o4
[2026-02-26T12:59:32.114+0000] {data_modification.py:55} INFO - Updated row with video_id: cpI5lCaqZcQ
[2026-02-26T12:59:32.116+0000] {data_modification.py:55} INFO - Updated row with video_id: 6zQhLOw1nw8
[2026-02-26T12:59:32.118+0000] {data_modification.py:55} INFO - Updated row with video_id: mfvi_jgdVqE
[2026-02-26T12:59:32.120+0000] {data_modification.py:55} INFO - Updated row with video_id: zExxMxcoJ6A
[2026-02-26T12:59:32.122+0000] {data_modification.py:55} INFO - Updated row with video_id: hD_Af6W2qug
[2026-02-26T12:59:32.124+0000] {data_modification.py:55} INFO - Updated row with video_id: XOtTKQujlkI
[2026-02-26T12:59:32.126+0000] {data_modification.py:55} INFO - Updated row with video_id: dRqthQ2Mc_0
[2026-02-26T12:59:32.128+0000] {data_modification.py:55} INFO - Updated row with video_id: 8TFq_vvO_Wg
[2026-02-26T12:59:32.130+0000] {data_modification.py:55} INFO - Updated row with video_id: oo8ve4Ldpck
[2026-02-26T12:59:32.132+0000] {data_modification.py:55} INFO - Updated row with video_id: sKn8Tbp2a-4
[2026-02-26T12:59:32.135+0000] {data_modification.py:55} INFO - Updated row with video_id: g0IrVKXIbmE
[2026-02-26T12:59:32.136+0000] {data_modification.py:55} INFO - Updated row with video_id: 2Om2M4_Kyd0
[2026-02-26T12:59:32.139+0000] {data_modification.py:55} INFO - Updated row with video_id: KaaEivIqX6M
[2026-02-26T12:59:32.141+0000] {data_modification.py:55} INFO - Updated row with video_id: OEuS7fjMlMc
[2026-02-26T12:59:32.143+0000] {data_modification.py:55} INFO - Updated row with video_id: 1Pr-R2nKTY4
[2026-02-26T12:59:32.145+0000] {data_modification.py:55} INFO - Updated row with video_id: QqdUhn99E-s
[2026-02-26T12:59:32.148+0000] {data_modification.py:55} INFO - Updated row with video_id: 1UygJmcHUdQ
[2026-02-26T12:59:32.150+0000] {data_modification.py:55} INFO - Updated row with video_id: g4DAFnZcCcQ
[2026-02-26T12:59:32.153+0000] {data_modification.py:55} INFO - Updated row with video_id: LTr8cXAxy1I
[2026-02-26T12:59:32.155+0000] {data_modification.py:55} INFO - Updated row with video_id: Ow3xqv7ahXo
[2026-02-26T12:59:32.158+0000] {data_modification.py:55} INFO - Updated row with video_id: TRiF8PdrIP8
[2026-02-26T12:59:32.160+0000] {data_modification.py:55} INFO - Updated row with video_id: NFZ_MtTvwm0
[2026-02-26T12:59:32.163+0000] {data_modification.py:55} INFO - Updated row with video_id: Pgxi8dsUW-o
[2026-02-26T12:59:32.165+0000] {data_modification.py:55} INFO - Updated row with video_id: YY2-jJojnOA
[2026-02-26T12:59:32.168+0000] {data_modification.py:55} INFO - Updated row with video_id: 7Pogam71094
[2026-02-26T12:59:32.171+0000] {data_modification.py:55} INFO - Updated row with video_id: DL0OPJ2hahc
[2026-02-26T12:59:32.173+0000] {data_modification.py:55} INFO - Updated row with video_id: WwE0tR08OTU
[2026-02-26T12:59:32.175+0000] {data_modification.py:55} INFO - Updated row with video_id: 2LIJtcI4dbg
[2026-02-26T12:59:32.178+0000] {data_modification.py:55} INFO - Updated row with video_id: rXnaD7PU9kY
[2026-02-26T12:59:32.180+0000] {data_modification.py:55} INFO - Updated row with video_id: Ng_qwlvhrJo
[2026-02-26T12:59:32.182+0000] {data_modification.py:55} INFO - Updated row with video_id: bzIPun3cVsw
[2026-02-26T12:59:32.185+0000] {data_modification.py:55} INFO - Updated row with video_id: miKQkeq5sbU
[2026-02-26T12:59:32.187+0000] {data_modification.py:55} INFO - Updated row with video_id: Lwt_VThQIdM
[2026-02-26T12:59:32.188+0000] {data_modification.py:55} INFO - Updated row with video_id: P2oPACr4uuU
[2026-02-26T12:59:32.192+0000] {data_modification.py:55} INFO - Updated row with video_id: h-D6ukDcS9o
[2026-02-26T12:59:32.194+0000] {data_modification.py:55} INFO - Updated row with video_id: mY77HA20MzA
[2026-02-26T12:59:32.197+0000] {data_modification.py:55} INFO - Updated row with video_id: 4krBgDFycgY
[2026-02-26T12:59:32.199+0000] {data_modification.py:55} INFO - Updated row with video_id: dpUxRIqbNlc
[2026-02-26T12:59:32.202+0000] {data_modification.py:55} INFO - Updated row with video_id: Cp431S5z8PE
[2026-02-26T12:59:32.205+0000] {data_modification.py:55} INFO - Updated row with video_id: ttLYXcza4j4
[2026-02-26T12:59:32.207+0000] {data_modification.py:55} INFO - Updated row with video_id: 3-f9DEFsh4w
[2026-02-26T12:59:32.210+0000] {data_modification.py:55} INFO - Updated row with video_id: vuOTP206zWM
[2026-02-26T12:59:32.212+0000] {data_modification.py:55} INFO - Updated row with video_id: J590MYm0SY8
[2026-02-26T12:59:32.214+0000] {data_modification.py:55} INFO - Updated row with video_id: vGB2d5cQJpY
[2026-02-26T12:59:32.217+0000] {data_modification.py:55} INFO - Updated row with video_id: M94G0iKYiSM
[2026-02-26T12:59:32.220+0000] {data_modification.py:55} INFO - Updated row with video_id: pGYyUssWLTA
[2026-02-26T12:59:32.223+0000] {data_modification.py:55} INFO - Updated row with video_id: j7kM8G_AjuY
[2026-02-26T12:59:32.225+0000] {data_modification.py:55} INFO - Updated row with video_id: deK-My3Of0o
[2026-02-26T12:59:32.226+0000] {data_modification.py:55} INFO - Updated row with video_id: QJUs6CSRCFU
[2026-02-26T12:59:32.228+0000] {data_modification.py:55} INFO - Updated row with video_id: GbOfxRfHdeg
[2026-02-26T12:59:32.230+0000] {data_modification.py:55} INFO - Updated row with video_id: mM2KwBYa-u4
[2026-02-26T12:59:32.233+0000] {data_modification.py:55} INFO - Updated row with video_id: WAcmsAISniQ
[2026-02-26T12:59:32.235+0000] {data_modification.py:55} INFO - Updated row with video_id: kqUT-s3a6tU
[2026-02-26T12:59:32.238+0000] {data_modification.py:55} INFO - Updated row with video_id: NUVglXbGBfs
[2026-02-26T12:59:32.240+0000] {data_modification.py:55} INFO - Updated row with video_id: T-v4b3WtPAg
[2026-02-26T12:59:32.242+0000] {data_modification.py:55} INFO - Updated row with video_id: m8qGlpcfAIw
[2026-02-26T12:59:32.244+0000] {data_modification.py:55} INFO - Updated row with video_id: uZPkMnv8b-o
[2026-02-26T12:59:32.246+0000] {data_modification.py:55} INFO - Updated row with video_id: qVLr6SMxvJw
[2026-02-26T12:59:32.249+0000] {data_modification.py:55} INFO - Updated row with video_id: 4AigP5OY8JE
[2026-02-26T12:59:32.252+0000] {data_modification.py:55} INFO - Updated row with video_id: RMoFUeBVefA
[2026-02-26T12:59:32.255+0000] {data_modification.py:55} INFO - Updated row with video_id: ep7S1XnuQLU
[2026-02-26T12:59:32.257+0000] {data_modification.py:55} INFO - Updated row with video_id: p6bzNpgbX8Y
[2026-02-26T12:59:32.259+0000] {data_modification.py:55} INFO - Updated row with video_id: 6T17licWsQ4
[2026-02-26T12:59:32.262+0000] {data_modification.py:55} INFO - Updated row with video_id: 3LuchpUc7PU
[2026-02-26T12:59:32.264+0000] {data_modification.py:55} INFO - Updated row with video_id: _f6xCA0-gAo
[2026-02-26T12:59:32.266+0000] {data_modification.py:55} INFO - Updated row with video_id: lfD7kMZKuNg
[2026-02-26T12:59:32.269+0000] {data_modification.py:55} INFO - Updated row with video_id: ejlkNGm82w4
[2026-02-26T12:59:32.272+0000] {data_modification.py:55} INFO - Updated row with video_id: Jtj9rUqlB1Y
[2026-02-26T12:59:32.274+0000] {data_modification.py:55} INFO - Updated row with video_id: ZqzFRGH_tMQ
[2026-02-26T12:59:32.276+0000] {data_modification.py:55} INFO - Updated row with video_id: 94A-bsumX9A
[2026-02-26T12:59:32.279+0000] {data_modification.py:55} INFO - Updated row with video_id: gYaxI_allkQ
[2026-02-26T12:59:32.281+0000] {data_modification.py:55} INFO - Updated row with video_id: AjXbO2XfBkE
[2026-02-26T12:59:32.283+0000] {data_modification.py:55} INFO - Updated row with video_id: ZQZzR0DUujc
[2026-02-26T12:59:32.285+0000] {data_modification.py:55} INFO - Updated row with video_id: -V3-fhJQZkk
[2026-02-26T12:59:32.288+0000] {data_modification.py:55} INFO - Updated row with video_id: QX0wvWGW2qg
[2026-02-26T12:59:32.290+0000] {data_modification.py:55} INFO - Updated row with video_id: oODUkNQAzXU
[2026-02-26T12:59:32.292+0000] {data_modification.py:55} INFO - Updated row with video_id: 2jWZtKTN6jU
[2026-02-26T12:59:32.294+0000] {data_modification.py:55} INFO - Updated row with video_id: zsADECFHY8w
[2026-02-26T12:59:32.296+0000] {data_modification.py:55} INFO - Updated row with video_id: Feh8o-HmthM
[2026-02-26T12:59:32.298+0000] {data_modification.py:55} INFO - Updated row with video_id: 6Xv-LVYZQxk
[2026-02-26T12:59:32.301+0000] {data_modification.py:55} INFO - Updated row with video_id: 8-0ZHJHp9g4
[2026-02-26T12:59:32.303+0000] {data_modification.py:55} INFO - Updated row with video_id: QqIG0R-KpGk
[2026-02-26T12:59:32.306+0000] {data_modification.py:55} INFO - Updated row with video_id: qENpZBzgaUM
[2026-02-26T12:59:32.308+0000] {data_modification.py:55} INFO - Updated row with video_id: 4DYBVA4884Y
[2026-02-26T12:59:32.310+0000] {data_modification.py:55} INFO - Updated row with video_id: skEf9R0TXkM
[2026-02-26T12:59:32.313+0000] {data_modification.py:55} INFO - Updated row with video_id: CnMv_zTXZ38
[2026-02-26T12:59:32.314+0000] {data_modification.py:55} INFO - Updated row with video_id: bEIK5ni_Pzs
[2026-02-26T12:59:32.316+0000] {data_modification.py:55} INFO - Updated row with video_id: _oZyp4mTzSQ
[2026-02-26T12:59:32.318+0000] {data_modification.py:55} INFO - Updated row with video_id: is1LSWbssuA
[2026-02-26T12:59:32.321+0000] {data_modification.py:55} INFO - Updated row with video_id: XR_q9_LEKuc
[2026-02-26T12:59:32.323+0000] {data_modification.py:55} INFO - Updated row with video_id: X9UiBpDHW3w
[2026-02-26T12:59:32.324+0000] {data_modification.py:55} INFO - Updated row with video_id: PRU47AuQF2M
[2026-02-26T12:59:32.326+0000] {data_modification.py:55} INFO - Updated row with video_id: Y3Rxgf5_R_I
[2026-02-26T12:59:32.328+0000] {data_modification.py:55} INFO - Updated row with video_id: R6zuvKbvKyU
[2026-02-26T12:59:32.329+0000] {data_modification.py:55} INFO - Updated row with video_id: XBe57FyB2xU
[2026-02-26T12:59:32.331+0000] {data_modification.py:55} INFO - Updated row with video_id: zpCwHwWgbsI
[2026-02-26T12:59:32.332+0000] {data_modification.py:55} INFO - Updated row with video_id: lh61MVUxJt0
[2026-02-26T12:59:32.335+0000] {data_modification.py:55} INFO - Updated row with video_id: yWnmEPgLroQ
[2026-02-26T12:59:32.337+0000] {data_modification.py:55} INFO - Updated row with video_id: eBklqeeIu10
[2026-02-26T12:59:32.338+0000] {data_modification.py:55} INFO - Updated row with video_id: SgMydsOucFg
[2026-02-26T12:59:32.340+0000] {data_modification.py:55} INFO - Updated row with video_id: jPm3hRiMKuU
[2026-02-26T12:59:32.342+0000] {data_modification.py:55} INFO - Updated row with video_id: OweuuinkVZI
[2026-02-26T12:59:32.344+0000] {data_modification.py:55} INFO - Updated row with video_id: 7Pr0HP-Trgk
[2026-02-26T12:59:32.345+0000] {data_modification.py:55} INFO - Updated row with video_id: UEK0fYAqMss
[2026-02-26T12:59:32.347+0000] {data_modification.py:55} INFO - Updated row with video_id: lRznKN2oPUc
[2026-02-26T12:59:32.349+0000] {data_modification.py:55} INFO - Updated row with video_id: IDrS_TrjuK4
[2026-02-26T12:59:32.351+0000] {data_modification.py:55} INFO - Updated row with video_id: J1lhxfZtR3M
[2026-02-26T12:59:32.353+0000] {data_modification.py:55} INFO - Updated row with video_id: b_o8cz0ZNdk
[2026-02-26T12:59:32.356+0000] {data_modification.py:55} INFO - Updated row with video_id: i5dhcAxO25Q
[2026-02-26T12:59:32.358+0000] {data_modification.py:55} INFO - Updated row with video_id: -o_8CDbFMJ0
[2026-02-26T12:59:32.359+0000] {data_modification.py:55} INFO - Updated row with video_id: v5J1Cycn3s8
[2026-02-26T12:59:32.362+0000] {data_modification.py:55} INFO - Updated row with video_id: YJiqYG-Mylk
[2026-02-26T12:59:32.364+0000] {data_modification.py:55} INFO - Updated row with video_id: jGE1sUTeR5g
[2026-02-26T12:59:32.367+0000] {data_modification.py:55} INFO - Updated row with video_id: 0tZCQ25fsoI
[2026-02-26T12:59:32.369+0000] {data_modification.py:55} INFO - Updated row with video_id: N9jTogPwqVY
[2026-02-26T12:59:32.372+0000] {data_modification.py:55} INFO - Updated row with video_id: X9eXa-Uzuj0
[2026-02-26T12:59:32.374+0000] {data_modification.py:55} INFO - Updated row with video_id: kGaq-Qi9hoE
[2026-02-26T12:59:32.377+0000] {data_modification.py:55} INFO - Updated row with video_id: STvOHHgJ1sQ
[2026-02-26T12:59:32.379+0000] {data_modification.py:55} INFO - Updated row with video_id: 2-ErX5oDzwM
[2026-02-26T12:59:32.381+0000] {data_modification.py:55} INFO - Updated row with video_id: 7ytYV-tVIvg
[2026-02-26T12:59:32.382+0000] {data_modification.py:55} INFO - Updated row with video_id: ELIoOUKSOJQ
[2026-02-26T12:59:32.385+0000] {data_modification.py:55} INFO - Updated row with video_id: uAoayezOaug
[2026-02-26T12:59:32.388+0000] {data_modification.py:55} INFO - Updated row with video_id: Vr2337tCLCI
[2026-02-26T12:59:32.390+0000] {data_modification.py:55} INFO - Updated row with video_id: NV7qmqbS8tM
[2026-02-26T12:59:32.392+0000] {data_modification.py:55} INFO - Updated row with video_id: GfgcVOuHLAo
[2026-02-26T12:59:32.395+0000] {data_modification.py:55} INFO - Updated row with video_id: zi7tZ-2PhLk
[2026-02-26T12:59:32.397+0000] {data_modification.py:55} INFO - Updated row with video_id: TacjQmKCiZg
[2026-02-26T12:59:32.400+0000] {data_modification.py:55} INFO - Updated row with video_id: AIytwdufwW8
[2026-02-26T12:59:32.403+0000] {data_modification.py:55} INFO - Updated row with video_id: KLAI0c0Spog
[2026-02-26T12:59:32.405+0000] {data_modification.py:55} INFO - Updated row with video_id: UVin8WtE5eU
[2026-02-26T12:59:32.407+0000] {data_modification.py:55} INFO - Updated row with video_id: wNuxirsrwBk
[2026-02-26T12:59:32.412+0000] {data_modification.py:55} INFO - Updated row with video_id: 6bxZpS0cm5o
[2026-02-26T12:59:32.414+0000] {data_modification.py:55} INFO - Updated row with video_id: ajJbMGq9AS4
[2026-02-26T12:59:32.417+0000] {data_modification.py:55} INFO - Updated row with video_id: UXw9jqgJNNc
[2026-02-26T12:59:32.420+0000] {data_modification.py:55} INFO - Updated row with video_id: E3CqKvlzl-I
[2026-02-26T12:59:32.423+0000] {data_modification.py:55} INFO - Updated row with video_id: zfDr05ax0gM
[2026-02-26T12:59:32.426+0000] {data_modification.py:55} INFO - Updated row with video_id: 56OkH6ocYZU
[2026-02-26T12:59:32.428+0000] {data_modification.py:55} INFO - Updated row with video_id: w40Z8aT5fpQ
[2026-02-26T12:59:32.431+0000] {data_modification.py:55} INFO - Updated row with video_id: zgDezsMQyyU
[2026-02-26T12:59:32.433+0000] {data_modification.py:55} INFO - Updated row with video_id: UEwnitHoSDw
[2026-02-26T12:59:32.435+0000] {data_modification.py:55} INFO - Updated row with video_id: __SaaKSW9iE
[2026-02-26T12:59:32.438+0000] {data_modification.py:55} INFO - Updated row with video_id: qWnyJ55KBKo
[2026-02-26T12:59:32.440+0000] {data_modification.py:55} INFO - Updated row with video_id: 52awie9G00A
[2026-02-26T12:59:32.442+0000] {data_modification.py:55} INFO - Updated row with video_id: bB99NdUoxEQ
[2026-02-26T12:59:32.444+0000] {data_modification.py:55} INFO - Updated row with video_id: 7GjSaNi8Epg
[2026-02-26T12:59:32.446+0000] {data_modification.py:55} INFO - Updated row with video_id: qr4v9pdfVlU
[2026-02-26T12:59:32.448+0000] {data_modification.py:55} INFO - Updated row with video_id: hgiPX33AHas
[2026-02-26T12:59:32.450+0000] {data_modification.py:55} INFO - Updated row with video_id: oZ-Mn5p1xMw
[2026-02-26T12:59:32.452+0000] {data_modification.py:55} INFO - Updated row with video_id: NiqkH7qVW0U
[2026-02-26T12:59:32.454+0000] {data_modification.py:55} INFO - Updated row with video_id: boBokLXe5o8
[2026-02-26T12:59:32.456+0000] {data_modification.py:55} INFO - Updated row with video_id: 7YOzgk-U4EU
[2026-02-26T12:59:32.458+0000] {data_modification.py:55} INFO - Updated row with video_id: prdSftLj9-g
[2026-02-26T12:59:32.460+0000] {data_modification.py:55} INFO - Updated row with video_id: pzlPJmNyepA
[2026-02-26T12:59:32.462+0000] {data_modification.py:55} INFO - Updated row with video_id: QNoqAnJOSqU
[2026-02-26T12:59:32.464+0000] {data_modification.py:55} INFO - Updated row with video_id: kzIA4vKyhRQ
[2026-02-26T12:59:32.465+0000] {data_modification.py:55} INFO - Updated row with video_id: DfonKqMENrg
[2026-02-26T12:59:32.467+0000] {data_modification.py:55} INFO - Updated row with video_id: MUQCwdkEbq0
[2026-02-26T12:59:32.470+0000] {data_modification.py:55} INFO - Updated row with video_id: JlUzoQN9FWw
[2026-02-26T12:59:32.473+0000] {data_modification.py:55} INFO - Updated row with video_id: 0VjLq-go1fg
[2026-02-26T12:59:32.475+0000] {data_modification.py:55} INFO - Updated row with video_id: uCIpW9zOmgI
[2026-02-26T12:59:32.478+0000] {data_modification.py:55} INFO - Updated row with video_id: 3rJgCGMPEqA
[2026-02-26T12:59:32.480+0000] {data_modification.py:55} INFO - Updated row with video_id: 7isfkomGg7o
[2026-02-26T12:59:32.483+0000] {data_modification.py:55} INFO - Updated row with video_id: UCYefSGBP00
[2026-02-26T12:59:32.485+0000] {data_modification.py:55} INFO - Updated row with video_id: dvdGkRK5a_0
[2026-02-26T12:59:32.488+0000] {data_modification.py:55} INFO - Updated row with video_id: X7doE4h6W64
[2026-02-26T12:59:32.491+0000] {data_modification.py:55} INFO - Updated row with video_id: QkXDatNdL4U
[2026-02-26T12:59:32.493+0000] {data_modification.py:55} INFO - Updated row with video_id: hyt2t4r8lQ4
[2026-02-26T12:59:32.496+0000] {data_modification.py:55} INFO - Updated row with video_id: -mlok5iT3GE
[2026-02-26T12:59:32.499+0000] {data_modification.py:55} INFO - Updated row with video_id: U9c-ycvw02A
[2026-02-26T12:59:32.502+0000] {data_modification.py:55} INFO - Updated row with video_id: 5UPa_hu5opg
[2026-02-26T12:59:32.505+0000] {data_modification.py:55} INFO - Updated row with video_id: zv_oq5UNDAo
[2026-02-26T12:59:32.508+0000] {data_modification.py:55} INFO - Updated row with video_id: 8E5Ygl02wtM
[2026-02-26T12:59:32.510+0000] {data_modification.py:55} INFO - Updated row with video_id: moMJjt5KECc
[2026-02-26T12:59:32.512+0000] {data_modification.py:55} INFO - Updated row with video_id: B_7uD3B62MM
[2026-02-26T12:59:32.514+0000] {data_modification.py:55} INFO - Updated row with video_id: bA20RJcegOI
[2026-02-26T12:59:32.516+0000] {data_modification.py:55} INFO - Updated row with video_id: NbHwVDt9Rjk
[2026-02-26T12:59:32.518+0000] {data_modification.py:55} INFO - Updated row with video_id: VzsE09KjpKA
[2026-02-26T12:59:32.521+0000] {data_modification.py:55} INFO - Updated row with video_id: HduubRTdko4
[2026-02-26T12:59:32.523+0000] {data_modification.py:55} INFO - Updated row with video_id: qFOGv5zuTdw
[2026-02-26T12:59:32.526+0000] {data_modification.py:55} INFO - Updated row with video_id: u6t4jrhs56Q
[2026-02-26T12:59:32.528+0000] {data_modification.py:55} INFO - Updated row with video_id: 460GXJiGCEs
[2026-02-26T12:59:32.530+0000] {data_modification.py:55} INFO - Updated row with video_id: ZiuoOcj2eLY
[2026-02-26T12:59:32.531+0000] {data_modification.py:55} INFO - Updated row with video_id: LYK6SPMtJ_Y
[2026-02-26T12:59:32.533+0000] {data_modification.py:55} INFO - Updated row with video_id: 2ljWxaMvE_0
[2026-02-26T12:59:32.536+0000] {data_modification.py:55} INFO - Updated row with video_id: rSuuQ_s8gOw
[2026-02-26T12:59:32.539+0000] {data_modification.py:55} INFO - Updated row with video_id: vKKhX-Uyggw
[2026-02-26T12:59:32.541+0000] {data_modification.py:55} INFO - Updated row with video_id: EAwXH82m-6A
[2026-02-26T12:59:32.543+0000] {data_modification.py:55} INFO - Updated row with video_id: U_07AG_CR5A
[2026-02-26T12:59:32.545+0000] {data_modification.py:55} INFO - Updated row with video_id: Xe0AGtF5aNU
[2026-02-26T12:59:32.547+0000] {data_modification.py:55} INFO - Updated row with video_id: NCv0drAPm_M
[2026-02-26T12:59:32.549+0000] {data_modification.py:55} INFO - Updated row with video_id: HuLAAXZXIy0
[2026-02-26T12:59:32.552+0000] {data_modification.py:55} INFO - Updated row with video_id: pV7UcYW1OwA
[2026-02-26T12:59:32.554+0000] {data_modification.py:55} INFO - Updated row with video_id: x4IXCimma-s
[2026-02-26T12:59:32.556+0000] {data_modification.py:55} INFO - Updated row with video_id: anZbhN0Wh_4
[2026-02-26T12:59:32.558+0000] {data_modification.py:55} INFO - Updated row with video_id: 3Q3pQmzWyZM
[2026-02-26T12:59:32.560+0000] {data_modification.py:55} INFO - Updated row with video_id: zX04jQFKCpo
[2026-02-26T12:59:32.562+0000] {data_modification.py:55} INFO - Updated row with video_id: G7Y9ban7b0U
[2026-02-26T12:59:32.564+0000] {data_modification.py:55} INFO - Updated row with video_id: EMVvA5Cr0fY
[2026-02-26T12:59:32.565+0000] {data_modification.py:55} INFO - Updated row with video_id: e14MroQ5k_s
[2026-02-26T12:59:32.567+0000] {data_modification.py:55} INFO - Updated row with video_id: CuzdxsOXEZ8
[2026-02-26T12:59:32.570+0000] {data_modification.py:55} INFO - Updated row with video_id: 67Wj-0OyKOM
[2026-02-26T12:59:32.572+0000] {data_modification.py:55} INFO - Updated row with video_id: LWstCINhd8g
[2026-02-26T12:59:32.574+0000] {data_modification.py:55} INFO - Updated row with video_id: dg6iqLCPizs
[2026-02-26T12:59:32.576+0000] {data_modification.py:55} INFO - Updated row with video_id: cRPldarzw-M
[2026-02-26T12:59:32.578+0000] {data_modification.py:55} INFO - Updated row with video_id: -rdYtmUejSE
[2026-02-26T12:59:32.580+0000] {data_modification.py:55} INFO - Updated row with video_id: tusuuI7MEJU
[2026-02-26T12:59:32.582+0000] {data_modification.py:55} INFO - Updated row with video_id: XDe5f8BEvwY
[2026-02-26T12:59:32.584+0000] {data_modification.py:55} INFO - Updated row with video_id: BtCGABBPH9s
[2026-02-26T12:59:32.587+0000] {data_modification.py:55} INFO - Updated row with video_id: KJ_C_NSl0P8
[2026-02-26T12:59:32.590+0000] {data_modification.py:55} INFO - Updated row with video_id: LI8nWXeYtOs
[2026-02-26T12:59:32.592+0000] {data_modification.py:55} INFO - Updated row with video_id: LMe7k8I082w
[2026-02-26T12:59:32.594+0000] {data_modification.py:55} INFO - Updated row with video_id: h77pHTSPSiw
[2026-02-26T12:59:32.596+0000] {data_modification.py:55} INFO - Updated row with video_id: JUiijjJOInw
[2026-02-26T12:59:32.598+0000] {data_modification.py:55} INFO - Updated row with video_id: gpbY6zCEBv4
[2026-02-26T12:59:32.601+0000] {data_modification.py:55} INFO - Updated row with video_id: Kgu2ApayYvI
[2026-02-26T12:59:32.604+0000] {data_modification.py:55} INFO - Updated row with video_id: S9PIukDRcvk
[2026-02-26T12:59:32.607+0000] {data_modification.py:55} INFO - Updated row with video_id: lrw3zkGS9Vc
[2026-02-26T12:59:32.615+0000] {data_modification.py:55} INFO - Updated row with video_id: IQYW_lVBYGo
[2026-02-26T12:59:32.628+0000] {data_modification.py:55} INFO - Updated row with video_id: iOjxpow6jow
[2026-02-26T12:59:32.634+0000] {data_modification.py:55} INFO - Updated row with video_id: GdD2pqAdjXY
[2026-02-26T12:59:32.638+0000] {data_modification.py:55} INFO - Updated row with video_id: nmHCmLVLxcU
[2026-02-26T12:59:32.642+0000] {data_modification.py:55} INFO - Updated row with video_id: TZPlDuYrcDQ
[2026-02-26T12:59:32.645+0000] {data_modification.py:55} INFO - Updated row with video_id: Oub4nMrNTqQ
[2026-02-26T12:59:32.649+0000] {data_modification.py:55} INFO - Updated row with video_id: h5Z36IuyrKc
[2026-02-26T12:59:32.652+0000] {data_modification.py:55} INFO - Updated row with video_id: 2IGxSOfsBok
[2026-02-26T12:59:32.655+0000] {data_modification.py:55} INFO - Updated row with video_id: ZxkLCq49Tvk
[2026-02-26T12:59:32.660+0000] {data_modification.py:55} INFO - Updated row with video_id: smDPnIdlkhM
[2026-02-26T12:59:32.663+0000] {data_modification.py:55} INFO - Updated row with video_id: 3nn_skHgkqI
[2026-02-26T12:59:32.666+0000] {data_modification.py:55} INFO - Updated row with video_id: A8IkOqb_7Yg
[2026-02-26T12:59:32.670+0000] {data_modification.py:55} INFO - Updated row with video_id: hHl_YMivv3c
[2026-02-26T12:59:32.673+0000] {data_modification.py:55} INFO - Updated row with video_id: 7mLSbgyjM0g
[2026-02-26T12:59:32.677+0000] {data_modification.py:55} INFO - Updated row with video_id: TGKkMl17Htg
[2026-02-26T12:59:32.681+0000] {data_modification.py:55} INFO - Updated row with video_id: W2skFWRk6qo
[2026-02-26T12:59:32.685+0000] {data_modification.py:55} INFO - Updated row with video_id: X_qd-1xSTFA
[2026-02-26T12:59:32.688+0000] {data_modification.py:55} INFO - Updated row with video_id: Rio7r_vLUEo
[2026-02-26T12:59:32.692+0000] {data_modification.py:55} INFO - Updated row with video_id: OffgqPzDi7Q
[2026-02-26T12:59:32.695+0000] {data_modification.py:55} INFO - Updated row with video_id: WYKZz3Zygdc
[2026-02-26T12:59:32.698+0000] {data_modification.py:55} INFO - Updated row with video_id: 5U2fmvh9_Is
[2026-02-26T12:59:32.701+0000] {data_modification.py:55} INFO - Updated row with video_id: xvIpibLjs5k
[2026-02-26T12:59:32.705+0000] {data_modification.py:55} INFO - Updated row with video_id: jlpAON0ePME
[2026-02-26T12:59:32.709+0000] {data_modification.py:55} INFO - Updated row with video_id: sfp0a6zDoNQ
[2026-02-26T12:59:32.712+0000] {data_modification.py:55} INFO - Updated row with video_id: RaDRWNz3Al4
[2026-02-26T12:59:32.715+0000] {data_modification.py:55} INFO - Updated row with video_id: Ms9MGkEm4mg
[2026-02-26T12:59:32.718+0000] {data_modification.py:55} INFO - Updated row with video_id: 90wWStXJX5c
[2026-02-26T12:59:32.722+0000] {data_modification.py:55} INFO - Updated row with video_id: ruSVy-u2DzM
[2026-02-26T12:59:32.726+0000] {data_modification.py:55} INFO - Updated row with video_id: pP1KMQb51GA
[2026-02-26T12:59:32.729+0000] {data_modification.py:55} INFO - Updated row with video_id: p-KVD5rA_Cw
[2026-02-26T12:59:32.733+0000] {data_modification.py:55} INFO - Updated row with video_id: JdCgkcb1iwQ
[2026-02-26T12:59:32.737+0000] {data_modification.py:55} INFO - Updated row with video_id: 7anhkLPRk-A
[2026-02-26T12:59:32.740+0000] {data_modification.py:55} INFO - Updated row with video_id: XVMY7B3AzWM
[2026-02-26T12:59:32.745+0000] {data_modification.py:55} INFO - Updated row with video_id: QXag-irFHxE
[2026-02-26T12:59:32.748+0000] {data_modification.py:55} INFO - Updated row with video_id: vBEGODNmdas
[2026-02-26T12:59:32.752+0000] {data_modification.py:55} INFO - Updated row with video_id: v3tbnlc5cfo
[2026-02-26T12:59:32.755+0000] {data_modification.py:55} INFO - Updated row with video_id: ObYLL97-SBA
[2026-02-26T12:59:32.759+0000] {data_modification.py:55} INFO - Updated row with video_id: IaR7P4-wFK8
[2026-02-26T12:59:32.762+0000] {data_modification.py:55} INFO - Updated row with video_id: v1ELS84GQu8
[2026-02-26T12:59:32.764+0000] {data_modification.py:55} INFO - Updated row with video_id: ctJORnOjbrQ
[2026-02-26T12:59:32.766+0000] {data_modification.py:55} INFO - Updated row with video_id: -hrPQFaDVKQ
[2026-02-26T12:59:32.770+0000] {data_modification.py:55} INFO - Updated row with video_id: bIZ5_L1ru2w
[2026-02-26T12:59:32.773+0000] {data_modification.py:55} INFO - Updated row with video_id: yyssjJEJMt4
[2026-02-26T12:59:32.776+0000] {data_modification.py:55} INFO - Updated row with video_id: 2bwPntvb90U
[2026-02-26T12:59:32.779+0000] {data_modification.py:55} INFO - Updated row with video_id: Wz1VHTZq16c
[2026-02-26T12:59:32.783+0000] {data_modification.py:55} INFO - Updated row with video_id: Cs-kyTJso-A
[2026-02-26T12:59:32.786+0000] {data_modification.py:55} INFO - Updated row with video_id: jkqd-oc0F00
[2026-02-26T12:59:32.790+0000] {data_modification.py:55} INFO - Updated row with video_id: mVkT6Cd9SoI
[2026-02-26T12:59:32.792+0000] {data_modification.py:55} INFO - Updated row with video_id: rffyxTTNkyk
[2026-02-26T12:59:32.796+0000] {data_modification.py:55} INFO - Updated row with video_id: OOesLeO6-pc
[2026-02-26T12:59:32.798+0000] {data_modification.py:55} INFO - Updated row with video_id: Q5lcjP6XlHw
[2026-02-26T12:59:32.801+0000] {data_modification.py:55} INFO - Updated row with video_id: sE3ZZmYotSs
[2026-02-26T12:59:32.805+0000] {data_modification.py:55} INFO - Updated row with video_id: pUwUAtmBKxw
[2026-02-26T12:59:32.808+0000] {data_modification.py:55} INFO - Updated row with video_id: p5rGgPZtjDw
[2026-02-26T12:59:32.810+0000] {data_modification.py:55} INFO - Updated row with video_id: bWDmDsdvoBs
[2026-02-26T12:59:32.813+0000] {data_modification.py:55} INFO - Updated row with video_id: OJA1QK-j-Oo
[2026-02-26T12:59:32.815+0000] {data_modification.py:55} INFO - Updated row with video_id: KL1X8NsVGd0
[2026-02-26T12:59:32.818+0000] {data_modification.py:55} INFO - Updated row with video_id: q2HoSwCMcZw
[2026-02-26T12:59:32.822+0000] {data_modification.py:55} INFO - Updated row with video_id: RRknlgRqOds
[2026-02-26T12:59:32.825+0000] {data_modification.py:55} INFO - Updated row with video_id: j93M46a-W3U
[2026-02-26T12:59:32.828+0000] {data_modification.py:55} INFO - Updated row with video_id: uqjfMNEWNIg
[2026-02-26T12:59:32.830+0000] {data_modification.py:55} INFO - Updated row with video_id: X-g9aT2wFjM
[2026-02-26T12:59:32.832+0000] {data_modification.py:55} INFO - Updated row with video_id: pHKlrJeKmjA
[2026-02-26T12:59:32.835+0000] {data_modification.py:55} INFO - Updated row with video_id: C82suucz4i4
[2026-02-26T12:59:32.837+0000] {data_modification.py:55} INFO - Updated row with video_id: H_DYlka7QAQ
[2026-02-26T12:59:32.841+0000] {data_modification.py:55} INFO - Updated row with video_id: MC-7ziNt_U4
[2026-02-26T12:59:32.843+0000] {data_modification.py:55} INFO - Updated row with video_id: PNsF1Uh5yP8
[2026-02-26T12:59:32.846+0000] {data_modification.py:55} INFO - Updated row with video_id: 9Y2sAtN5yRs
[2026-02-26T12:59:32.849+0000] {data_modification.py:55} INFO - Updated row with video_id: ivdQqobHDPc
[2026-02-26T12:59:32.851+0000] {data_modification.py:55} INFO - Updated row with video_id: uUIlb2rpIuY
[2026-02-26T12:59:32.854+0000] {data_modification.py:55} INFO - Updated row with video_id: Ros1PpcO5Js
[2026-02-26T12:59:32.856+0000] {data_modification.py:55} INFO - Updated row with video_id: KYv1nqutbK0
[2026-02-26T12:59:32.859+0000] {data_modification.py:55} INFO - Updated row with video_id: 7Yi-ctyTNU4
[2026-02-26T12:59:32.861+0000] {data_modification.py:55} INFO - Updated row with video_id: VN2-3OfUzd8
[2026-02-26T12:59:32.864+0000] {data_modification.py:55} INFO - Updated row with video_id: 7dIFHQkrASM
[2026-02-26T12:59:32.867+0000] {data_modification.py:55} INFO - Updated row with video_id: QicO1Gd0kvU
[2026-02-26T12:59:32.870+0000] {data_modification.py:55} INFO - Updated row with video_id: yFfcsmK2TOA
[2026-02-26T12:59:32.874+0000] {data_modification.py:55} INFO - Updated row with video_id: Jl0-6tbNGBo
[2026-02-26T12:59:32.877+0000] {data_modification.py:55} INFO - Updated row with video_id: IAbX0FwX-GY
[2026-02-26T12:59:32.880+0000] {data_modification.py:55} INFO - Updated row with video_id: XKSJRulqDNA
[2026-02-26T12:59:32.883+0000] {data_modification.py:55} INFO - Updated row with video_id: KcNCJ1mgt14
[2026-02-26T12:59:32.886+0000] {data_modification.py:55} INFO - Updated row with video_id: A4lp4FRCo6o
[2026-02-26T12:59:32.888+0000] {data_modification.py:55} INFO - Updated row with video_id: -z349CGAOXs
[2026-02-26T12:59:32.892+0000] {data_modification.py:55} INFO - Updated row with video_id: HISfrcjiNPM
[2026-02-26T12:59:32.895+0000] {data_modification.py:55} INFO - Updated row with video_id: vpRW4JhzfSE
[2026-02-26T12:59:32.897+0000] {data_modification.py:55} INFO - Updated row with video_id: c2ukL_zjFCk
[2026-02-26T12:59:32.900+0000] {data_modification.py:55} INFO - Updated row with video_id: N0pwLtonPdg
[2026-02-26T12:59:32.902+0000] {data_modification.py:55} INFO - Updated row with video_id: TgCm8oDmxOk
[2026-02-26T12:59:32.905+0000] {data_modification.py:55} INFO - Updated row with video_id: aRcUVhVlSHg
[2026-02-26T12:59:32.908+0000] {data_modification.py:55} INFO - Updated row with video_id: ZKxnjszkZto
[2026-02-26T12:59:32.911+0000] {data_modification.py:55} INFO - Updated row with video_id: Pv0iVoSZzN8
[2026-02-26T12:59:32.914+0000] {data_modification.py:55} INFO - Updated row with video_id: aZnqqXaT02g
[2026-02-26T12:59:32.917+0000] {data_modification.py:55} INFO - Updated row with video_id: QjvpjXdgugA
[2026-02-26T12:59:32.920+0000] {data_modification.py:55} INFO - Updated row with video_id: NnNZLCl78Ao
[2026-02-26T12:59:32.923+0000] {data_modification.py:55} INFO - Updated row with video_id: NTZhwAldqwg
[2026-02-26T12:59:32.927+0000] {data_modification.py:55} INFO - Updated row with video_id: J_z-W4UVHkw
[2026-02-26T12:59:32.930+0000] {data_modification.py:55} INFO - Updated row with video_id: mKIhHNznt4s
[2026-02-26T12:59:32.933+0000] {data_modification.py:55} INFO - Updated row with video_id: jObOjhUkf50
[2026-02-26T12:59:32.936+0000] {data_modification.py:55} INFO - Updated row with video_id: O3YVBJ2n5xg
[2026-02-26T12:59:32.939+0000] {data_modification.py:55} INFO - Updated row with video_id: yhB3BgJyGl8
[2026-02-26T12:59:32.942+0000] {data_modification.py:55} INFO - Updated row with video_id: CP82DAKzL1U
[2026-02-26T12:59:32.944+0000] {data_modification.py:55} INFO - Updated row with video_id: fuhE6PYnRMc
[2026-02-26T12:59:32.946+0000] {data_modification.py:55} INFO - Updated row with video_id: stUofW3whpE
[2026-02-26T12:59:32.949+0000] {data_modification.py:55} INFO - Updated row with video_id: 48h57PspBec
[2026-02-26T12:59:32.951+0000] {data_modification.py:55} INFO - Updated row with video_id: ooAwCOP67GQ
[2026-02-26T12:59:32.954+0000] {data_modification.py:55} INFO - Updated row with video_id: FM7Z-Xq8Drc
[2026-02-26T12:59:32.957+0000] {data_modification.py:55} INFO - Updated row with video_id: ykRq_rp7NhM
[2026-02-26T12:59:32.961+0000] {data_modification.py:55} INFO - Updated row with video_id: WTOm65IZneg
[2026-02-26T12:59:32.963+0000] {data_modification.py:55} INFO - Updated row with video_id: 8kggT2ej-lo
[2026-02-26T12:59:32.966+0000] {data_modification.py:55} INFO - Updated row with video_id: GGBy50KtvRk
[2026-02-26T12:59:32.968+0000] {data_modification.py:55} INFO - Updated row with video_id: Y4-gFIfGXiQ
[2026-02-26T12:59:32.971+0000] {data_modification.py:55} INFO - Updated row with video_id: h5NvTTOlOtI
[2026-02-26T12:59:32.975+0000] {data_modification.py:55} INFO - Updated row with video_id: 2isYuQZMbdU
[2026-02-26T12:59:32.978+0000] {data_modification.py:55} INFO - Updated row with video_id: ayXxwJJId_c
[2026-02-26T12:59:32.981+0000] {data_modification.py:55} INFO - Updated row with video_id: 5Hg_QSIJm8I
[2026-02-26T12:59:32.983+0000] {data_modification.py:55} INFO - Updated row with video_id: HBMmK1c44sE
[2026-02-26T12:59:32.985+0000] {data_modification.py:55} INFO - Updated row with video_id: oBYbxw8f5OI
[2026-02-26T12:59:32.988+0000] {data_modification.py:55} INFO - Updated row with video_id: NbaWrbJDr48
[2026-02-26T12:59:32.991+0000] {data_modification.py:55} INFO - Updated row with video_id: gL6iSCSHjco
[2026-02-26T12:59:32.993+0000] {data_modification.py:55} INFO - Updated row with video_id: UQtltNZ_pjs
[2026-02-26T12:59:32.995+0000] {data_modification.py:55} INFO - Updated row with video_id: 0DaMUhgcAqo
[2026-02-26T12:59:32.997+0000] {data_modification.py:55} INFO - Updated row with video_id: qPBtTPJHS0Q
[2026-02-26T12:59:32.999+0000] {data_modification.py:55} INFO - Updated row with video_id: f0M64XpmTz8
[2026-02-26T12:59:33.001+0000] {data_modification.py:55} INFO - Updated row with video_id: t4OumncEiKo
[2026-02-26T12:59:33.003+0000] {data_modification.py:55} INFO - Updated row with video_id: zE3FLbpu9-Q
[2026-02-26T12:59:33.005+0000] {data_modification.py:55} INFO - Updated row with video_id: szt8xabJoSo
[2026-02-26T12:59:33.009+0000] {data_modification.py:55} INFO - Updated row with video_id: IZVbzNRUlQI
[2026-02-26T12:59:33.011+0000] {data_modification.py:55} INFO - Updated row with video_id: dSDBr0WjrwQ
[2026-02-26T12:59:33.014+0000] {data_modification.py:55} INFO - Updated row with video_id: Wyyqz3OxB5c
[2026-02-26T12:59:33.016+0000] {data_modification.py:55} INFO - Updated row with video_id: qjGNBluF6_I
[2026-02-26T12:59:33.019+0000] {data_modification.py:55} INFO - Updated row with video_id: ngVEpJs5A5s
[2026-02-26T12:59:33.022+0000] {data_modification.py:55} INFO - Updated row with video_id: clcN3OA8SNw
[2026-02-26T12:59:33.025+0000] {data_modification.py:55} INFO - Updated row with video_id: m3lTwO0aNyw
[2026-02-26T12:59:33.028+0000] {data_modification.py:55} INFO - Updated row with video_id: gchqnwXlxJw
[2026-02-26T12:59:33.031+0000] {data_modification.py:55} INFO - Updated row with video_id: atCPtw4dg7g
[2026-02-26T12:59:33.033+0000] {data_modification.py:55} INFO - Updated row with video_id: t8aM4HuVLrQ
[2026-02-26T12:59:33.036+0000] {data_modification.py:55} INFO - Updated row with video_id: M82VAcabSiA
[2026-02-26T12:59:33.039+0000] {data_modification.py:55} INFO - Updated row with video_id: 7qj3nuF9Dzw
[2026-02-26T12:59:33.042+0000] {data_modification.py:55} INFO - Updated row with video_id: Y74b7WlcEpk
[2026-02-26T12:59:33.045+0000] {data_modification.py:55} INFO - Updated row with video_id: Z8nEEdXTaX0
[2026-02-26T12:59:33.048+0000] {data_modification.py:55} INFO - Updated row with video_id: jP82d277Cc8
[2026-02-26T12:59:33.050+0000] {data_modification.py:55} INFO - Updated row with video_id: 2XVcLrB7B3Y
[2026-02-26T12:59:33.053+0000] {data_modification.py:55} INFO - Updated row with video_id: KaUuPNYHFNg
[2026-02-26T12:59:33.055+0000] {data_modification.py:55} INFO - Updated row with video_id: 64WGWubQO3I
[2026-02-26T12:59:33.058+0000] {data_modification.py:55} INFO - Updated row with video_id: JP3v6UxI124
[2026-02-26T12:59:33.061+0000] {data_modification.py:55} INFO - Updated row with video_id: oB8kFFvJdhE
[2026-02-26T12:59:33.063+0000] {data_modification.py:55} INFO - Updated row with video_id: jysfHFHNjYQ
[2026-02-26T12:59:33.065+0000] {data_modification.py:55} INFO - Updated row with video_id: Yox25V8Qsm4
[2026-02-26T12:59:33.067+0000] {data_modification.py:55} INFO - Updated row with video_id: 5OLs1GWB4OA
[2026-02-26T12:59:33.070+0000] {data_modification.py:55} INFO - Updated row with video_id: vZrL_FFITgs
[2026-02-26T12:59:33.072+0000] {data_modification.py:55} INFO - Updated row with video_id: L7lGD_anC00
[2026-02-26T12:59:33.075+0000] {data_modification.py:55} INFO - Updated row with video_id: xu1nhAfnMGA
[2026-02-26T12:59:33.077+0000] {data_modification.py:55} INFO - Updated row with video_id: D1livXdFGkQ
[2026-02-26T12:59:33.080+0000] {data_modification.py:55} INFO - Updated row with video_id: bwp_3qLgWpQ
[2026-02-26T12:59:33.082+0000] {data_modification.py:55} INFO - Updated row with video_id: tZpnfF0-7Ls
[2026-02-26T12:59:33.084+0000] {data_modification.py:55} INFO - Updated row with video_id: BwAMltY3-c0
[2026-02-26T12:59:33.086+0000] {data_modification.py:55} INFO - Updated row with video_id: 7HBR3Ea72CY
[2026-02-26T12:59:33.088+0000] {data_modification.py:55} INFO - Updated row with video_id: Ds9H2UnUHL0
[2026-02-26T12:59:33.092+0000] {data_modification.py:55} INFO - Updated row with video_id: iqUFeWAVp-0
[2026-02-26T12:59:33.094+0000] {data_modification.py:55} INFO - Updated row with video_id: udmf5MQLNGA
[2026-02-26T12:59:33.097+0000] {data_modification.py:55} INFO - Updated row with video_id: -2IFrMOM36w
[2026-02-26T12:59:33.099+0000] {data_modification.py:55} INFO - Updated row with video_id: 9WEQts7b8Pw
[2026-02-26T12:59:33.101+0000] {data_modification.py:55} INFO - Updated row with video_id: _sBRk9ADpK8
[2026-02-26T12:59:33.104+0000] {data_modification.py:55} INFO - Updated row with video_id: kNLr-cduzuo
[2026-02-26T12:59:33.106+0000] {data_modification.py:55} INFO - Updated row with video_id: HfJMs4mrSJM
[2026-02-26T12:59:33.109+0000] {data_modification.py:55} INFO - Updated row with video_id: tYHTVjfShOA
[2026-02-26T12:59:33.111+0000] {data_modification.py:55} INFO - Updated row with video_id: i8pmk5xnO2s
[2026-02-26T12:59:33.115+0000] {data_modification.py:55} INFO - Updated row with video_id: xWcldHxHFpo
[2026-02-26T12:59:33.118+0000] {data_modification.py:55} INFO - Updated row with video_id: uAFGIQPWL54
[2026-02-26T12:59:33.121+0000] {data_modification.py:55} INFO - Updated row with video_id: SaDDjW9Rw-M
[2026-02-26T12:59:33.125+0000] {data_modification.py:55} INFO - Updated row with video_id: CHdy9wND1jo
[2026-02-26T12:59:33.129+0000] {data_modification.py:55} INFO - Updated row with video_id: Om4c4ilT_6g
[2026-02-26T12:59:33.133+0000] {data_modification.py:55} INFO - Updated row with video_id: W4gBpws7Ug8
[2026-02-26T12:59:33.136+0000] {data_modification.py:55} INFO - Updated row with video_id: NT3EkjxO8hs
[2026-02-26T12:59:33.139+0000] {data_modification.py:55} INFO - Updated row with video_id: syMozMiJneM
[2026-02-26T12:59:33.141+0000] {data_modification.py:55} INFO - Updated row with video_id: Wt6cMjn3YLg
[2026-02-26T12:59:33.144+0000] {data_modification.py:55} INFO - Updated row with video_id: GxTVDClFXuc
[2026-02-26T12:59:33.147+0000] {data_modification.py:55} INFO - Updated row with video_id: 9zFfp3gzZ88
[2026-02-26T12:59:33.149+0000] {data_modification.py:55} INFO - Updated row with video_id: 1s6UOlWdpw4
[2026-02-26T12:59:33.153+0000] {data_modification.py:55} INFO - Updated row with video_id: yCKe65Nvp0Q
[2026-02-26T12:59:33.155+0000] {data_modification.py:55} INFO - Updated row with video_id: yyJ7xEcENNI
[2026-02-26T12:59:33.159+0000] {data_modification.py:55} INFO - Updated row with video_id: GhppzOzN3MM
[2026-02-26T12:59:33.161+0000] {data_modification.py:55} INFO - Updated row with video_id: h5uE4ERMiTk
[2026-02-26T12:59:33.164+0000] {data_modification.py:55} INFO - Updated row with video_id: umRLkCrmwcs
[2026-02-26T12:59:33.166+0000] {data_modification.py:55} INFO - Updated row with video_id: rHoLyltYDtQ
[2026-02-26T12:59:33.169+0000] {data_modification.py:55} INFO - Updated row with video_id: yeHjsYQ076A
[2026-02-26T12:59:33.172+0000] {data_modification.py:55} INFO - Updated row with video_id: pqrdPu2ESFo
[2026-02-26T12:59:33.175+0000] {data_modification.py:55} INFO - Updated row with video_id: ywZy_Fo2ydo
[2026-02-26T12:59:33.178+0000] {data_modification.py:55} INFO - Updated row with video_id: Z0Poefgrs4w
[2026-02-26T12:59:33.180+0000] {data_modification.py:55} INFO - Updated row with video_id: MLN6TRB9Jxw
[2026-02-26T12:59:33.183+0000] {data_modification.py:55} INFO - Updated row with video_id: VWa0ImMY2bQ
[2026-02-26T12:59:33.185+0000] {data_modification.py:55} INFO - Updated row with video_id: fEcASr38n2E
[2026-02-26T12:59:33.187+0000] {data_modification.py:55} INFO - Updated row with video_id: 0dg2eR2NSQ0
[2026-02-26T12:59:33.189+0000] {data_modification.py:55} INFO - Updated row with video_id: 6BNOWeYFyP8
[2026-02-26T12:59:33.191+0000] {data_modification.py:55} INFO - Updated row with video_id: LDegY-H60_U
[2026-02-26T12:59:33.194+0000] {data_modification.py:55} INFO - Updated row with video_id: D51HaR-XvgM
[2026-02-26T12:59:33.196+0000] {data_modification.py:55} INFO - Updated row with video_id: BqS4iVHa-LU
[2026-02-26T12:59:33.199+0000] {data_modification.py:55} INFO - Updated row with video_id: DjMYkWCEan8
[2026-02-26T12:59:33.201+0000] {data_modification.py:55} INFO - Updated row with video_id: Qw3eFnsSdlQ
[2026-02-26T12:59:33.205+0000] {data_modification.py:55} INFO - Updated row with video_id: dPxAFqs2eYE
[2026-02-26T12:59:33.207+0000] {data_modification.py:55} INFO - Updated row with video_id: ov0KQthQ50U
[2026-02-26T12:59:33.210+0000] {data_modification.py:55} INFO - Updated row with video_id: pl4xmh3RWfE
[2026-02-26T12:59:33.212+0000] {data_modification.py:55} INFO - Updated row with video_id: 6z5RwrvnH28
[2026-02-26T12:59:33.213+0000] {dwh.py:108} INFO - core table updated completed.
[2026-02-26T12:59:33.214+0000] {data_utils.py:21} INFO - Database connection closed
[2026-02-26T12:59:33.216+0000] {python.py:237} INFO - Done. Returned value was: None
[2026-02-26T12:59:33.217+0000] {taskinstance.py:441} INFO - ::group::Post task execution logs
[2026-02-26T12:59:33.228+0000] {taskinstance.py:1206} INFO - Marking task as SUCCESS. dag_id=update_db, task_id=core_table, run_id=manual__2026-02-26T12:59:19.260969+00:00, execution_date=20260226T125919, start_date=20260226T125930, end_date=20260226T125933
[2026-02-26T12:59:33.273+0000] {local_task_job_runner.py:240} INFO - Task exited with return code 0
[2026-02-26T12:59:33.323+0000] {taskinstance.py:3503} INFO - 1 downstream tasks scheduled from follow-on schedule check
[2026-02-26T12:59:33.326+0000] {local_task_job_runner.py:222} INFO - ::endgroup::
