[2026-02-17T00:00:25.133+0000] {processor.py:161} INFO - Started process (PID=4579) to work on /opt/airflow/dags/main.py
[2026-02-17T00:00:25.134+0000] {processor.py:830} INFO - Processing file /opt/airflow/dags/main.py for tasks to queue
[2026-02-17T00:00:25.136+0000] {logging_mixin.py:188} INFO - [2026-02-17T00:00:25.136+0000] {dagbag.py:545} INFO - Filling up the DagBag from /opt/airflow/dags/main.py
[2026-02-17T00:00:25.188+0000] {processor.py:840} INFO - DAG(s) 'produce_json' retrieved from /opt/airflow/dags/main.py
[2026-02-17T00:00:25.217+0000] {logging_mixin.py:188} INFO - [2026-02-17T00:00:25.217+0000] {dag.py:3096} INFO - Sync 1 DAGs
[2026-02-17T00:00:25.244+0000] {logging_mixin.py:188} INFO - [2026-02-17T00:00:25.244+0000] {dag.py:3954} INFO - Setting next_dagrun for produce_json to 2026-02-16 14:00:00+00:00, run_after=2026-02-17 14:00:00+00:00
[2026-02-17T00:00:25.265+0000] {processor.py:183} INFO - Processing /opt/airflow/dags/main.py took 0.137 seconds
[2026-02-17T00:00:55.374+0000] {processor.py:161} INFO - Started process (PID=4586) to work on /opt/airflow/dags/main.py
[2026-02-17T00:00:55.376+0000] {processor.py:830} INFO - Processing file /opt/airflow/dags/main.py for tasks to queue
[2026-02-17T00:00:55.378+0000] {logging_mixin.py:188} INFO - [2026-02-17T00:00:55.378+0000] {dagbag.py:545} INFO - Filling up the DagBag from /opt/airflow/dags/main.py
[2026-02-17T00:00:55.454+0000] {processor.py:840} INFO - DAG(s) 'produce_json' retrieved from /opt/airflow/dags/main.py
[2026-02-17T00:00:55.499+0000] {logging_mixin.py:188} INFO - [2026-02-17T00:00:55.499+0000] {dag.py:3096} INFO - Sync 1 DAGs
[2026-02-17T00:00:55.533+0000] {logging_mixin.py:188} INFO - [2026-02-17T00:00:55.533+0000] {dag.py:3954} INFO - Setting next_dagrun for produce_json to 2026-02-16 14:00:00+00:00, run_after=2026-02-17 14:00:00+00:00
[2026-02-17T00:00:55.550+0000] {processor.py:183} INFO - Processing /opt/airflow/dags/main.py took 0.181 seconds
[2026-02-17T00:01:25.692+0000] {processor.py:161} INFO - Started process (PID=4593) to work on /opt/airflow/dags/main.py
[2026-02-17T00:01:25.693+0000] {processor.py:830} INFO - Processing file /opt/airflow/dags/main.py for tasks to queue
[2026-02-17T00:01:25.698+0000] {logging_mixin.py:188} INFO - [2026-02-17T00:01:25.697+0000] {dagbag.py:545} INFO - Filling up the DagBag from /opt/airflow/dags/main.py
[2026-02-17T00:01:25.774+0000] {processor.py:840} INFO - DAG(s) 'produce_json' retrieved from /opt/airflow/dags/main.py
[2026-02-17T00:01:25.815+0000] {logging_mixin.py:188} INFO - [2026-02-17T00:01:25.815+0000] {dag.py:3096} INFO - Sync 1 DAGs
[2026-02-17T00:01:25.836+0000] {logging_mixin.py:188} INFO - [2026-02-17T00:01:25.836+0000] {dag.py:3954} INFO - Setting next_dagrun for produce_json to 2026-02-16 14:00:00+00:00, run_after=2026-02-17 14:00:00+00:00
[2026-02-17T00:01:25.870+0000] {processor.py:183} INFO - Processing /opt/airflow/dags/main.py took 0.184 seconds
[2026-02-17T00:01:56.001+0000] {processor.py:161} INFO - Started process (PID=4600) to work on /opt/airflow/dags/main.py
[2026-02-17T00:01:56.007+0000] {processor.py:830} INFO - Processing file /opt/airflow/dags/main.py for tasks to queue
[2026-02-17T00:01:56.010+0000] {logging_mixin.py:188} INFO - [2026-02-17T00:01:56.010+0000] {dagbag.py:545} INFO - Filling up the DagBag from /opt/airflow/dags/main.py
[2026-02-17T00:01:56.057+0000] {processor.py:840} INFO - DAG(s) 'produce_json' retrieved from /opt/airflow/dags/main.py
[2026-02-17T00:01:56.088+0000] {logging_mixin.py:188} INFO - [2026-02-17T00:01:56.087+0000] {dag.py:3096} INFO - Sync 1 DAGs
[2026-02-17T00:01:56.118+0000] {logging_mixin.py:188} INFO - [2026-02-17T00:01:56.118+0000] {dag.py:3954} INFO - Setting next_dagrun for produce_json to 2026-02-16 14:00:00+00:00, run_after=2026-02-17 14:00:00+00:00
[2026-02-17T00:01:56.138+0000] {processor.py:183} INFO - Processing /opt/airflow/dags/main.py took 0.144 seconds
[2026-02-17T00:02:26.303+0000] {processor.py:161} INFO - Started process (PID=4607) to work on /opt/airflow/dags/main.py
[2026-02-17T00:02:26.305+0000] {processor.py:830} INFO - Processing file /opt/airflow/dags/main.py for tasks to queue
[2026-02-17T00:02:26.309+0000] {logging_mixin.py:188} INFO - [2026-02-17T00:02:26.309+0000] {dagbag.py:545} INFO - Filling up the DagBag from /opt/airflow/dags/main.py
[2026-02-17T00:02:26.378+0000] {processor.py:840} INFO - DAG(s) 'produce_json' retrieved from /opt/airflow/dags/main.py
[2026-02-17T00:02:26.409+0000] {logging_mixin.py:188} INFO - [2026-02-17T00:02:26.409+0000] {dag.py:3096} INFO - Sync 1 DAGs
[2026-02-17T00:02:26.432+0000] {logging_mixin.py:188} INFO - [2026-02-17T00:02:26.431+0000] {dag.py:3954} INFO - Setting next_dagrun for produce_json to 2026-02-16 14:00:00+00:00, run_after=2026-02-17 14:00:00+00:00
[2026-02-17T00:02:26.457+0000] {processor.py:183} INFO - Processing /opt/airflow/dags/main.py took 0.161 seconds
[2026-02-17T00:02:56.554+0000] {processor.py:161} INFO - Started process (PID=4614) to work on /opt/airflow/dags/main.py
[2026-02-17T00:02:56.555+0000] {processor.py:830} INFO - Processing file /opt/airflow/dags/main.py for tasks to queue
[2026-02-17T00:02:56.558+0000] {logging_mixin.py:188} INFO - [2026-02-17T00:02:56.557+0000] {dagbag.py:545} INFO - Filling up the DagBag from /opt/airflow/dags/main.py
[2026-02-17T00:02:56.626+0000] {processor.py:840} INFO - DAG(s) 'produce_json' retrieved from /opt/airflow/dags/main.py
[2026-02-17T00:02:56.666+0000] {logging_mixin.py:188} INFO - [2026-02-17T00:02:56.666+0000] {dag.py:3096} INFO - Sync 1 DAGs
[2026-02-17T00:02:56.687+0000] {logging_mixin.py:188} INFO - [2026-02-17T00:02:56.687+0000] {dag.py:3954} INFO - Setting next_dagrun for produce_json to 2026-02-16 14:00:00+00:00, run_after=2026-02-17 14:00:00+00:00
[2026-02-17T00:02:56.713+0000] {processor.py:183} INFO - Processing /opt/airflow/dags/main.py took 0.165 seconds
[2026-02-17T00:03:26.933+0000] {processor.py:161} INFO - Started process (PID=4621) to work on /opt/airflow/dags/main.py
[2026-02-17T00:03:26.934+0000] {processor.py:830} INFO - Processing file /opt/airflow/dags/main.py for tasks to queue
[2026-02-17T00:03:26.937+0000] {logging_mixin.py:188} INFO - [2026-02-17T00:03:26.937+0000] {dagbag.py:545} INFO - Filling up the DagBag from /opt/airflow/dags/main.py
[2026-02-17T00:03:26.991+0000] {processor.py:840} INFO - DAG(s) 'produce_json' retrieved from /opt/airflow/dags/main.py
[2026-02-17T00:03:27.020+0000] {logging_mixin.py:188} INFO - [2026-02-17T00:03:27.019+0000] {dag.py:3096} INFO - Sync 1 DAGs
[2026-02-17T00:03:27.041+0000] {logging_mixin.py:188} INFO - [2026-02-17T00:03:27.041+0000] {dag.py:3954} INFO - Setting next_dagrun for produce_json to 2026-02-16 14:00:00+00:00, run_after=2026-02-17 14:00:00+00:00
[2026-02-17T00:03:27.074+0000] {processor.py:183} INFO - Processing /opt/airflow/dags/main.py took 0.147 seconds
[2026-02-17T00:03:57.159+0000] {processor.py:161} INFO - Started process (PID=4628) to work on /opt/airflow/dags/main.py
[2026-02-17T00:03:57.160+0000] {processor.py:830} INFO - Processing file /opt/airflow/dags/main.py for tasks to queue
[2026-02-17T00:03:57.163+0000] {logging_mixin.py:188} INFO - [2026-02-17T00:03:57.163+0000] {dagbag.py:545} INFO - Filling up the DagBag from /opt/airflow/dags/main.py
[2026-02-17T00:03:57.214+0000] {processor.py:840} INFO - DAG(s) 'produce_json' retrieved from /opt/airflow/dags/main.py
[2026-02-17T00:03:57.249+0000] {logging_mixin.py:188} INFO - [2026-02-17T00:03:57.249+0000] {dag.py:3096} INFO - Sync 1 DAGs
[2026-02-17T00:03:57.280+0000] {logging_mixin.py:188} INFO - [2026-02-17T00:03:57.280+0000] {dag.py:3954} INFO - Setting next_dagrun for produce_json to 2026-02-16 14:00:00+00:00, run_after=2026-02-17 14:00:00+00:00
[2026-02-17T00:03:57.307+0000] {processor.py:183} INFO - Processing /opt/airflow/dags/main.py took 0.157 seconds
[2026-02-17T00:04:27.514+0000] {processor.py:161} INFO - Started process (PID=4635) to work on /opt/airflow/dags/main.py
[2026-02-17T00:04:27.516+0000] {processor.py:830} INFO - Processing file /opt/airflow/dags/main.py for tasks to queue
[2026-02-17T00:04:27.521+0000] {logging_mixin.py:188} INFO - [2026-02-17T00:04:27.521+0000] {dagbag.py:545} INFO - Filling up the DagBag from /opt/airflow/dags/main.py
[2026-02-17T00:04:27.596+0000] {processor.py:840} INFO - DAG(s) 'produce_json' retrieved from /opt/airflow/dags/main.py
[2026-02-17T00:04:27.629+0000] {logging_mixin.py:188} INFO - [2026-02-17T00:04:27.628+0000] {dag.py:3096} INFO - Sync 1 DAGs
[2026-02-17T00:04:27.655+0000] {logging_mixin.py:188} INFO - [2026-02-17T00:04:27.655+0000] {dag.py:3954} INFO - Setting next_dagrun for produce_json to 2026-02-16 14:00:00+00:00, run_after=2026-02-17 14:00:00+00:00
[2026-02-17T00:04:27.686+0000] {processor.py:183} INFO - Processing /opt/airflow/dags/main.py took 0.178 seconds
[2026-02-17T00:04:57.726+0000] {processor.py:161} INFO - Started process (PID=4642) to work on /opt/airflow/dags/main.py
[2026-02-17T00:04:57.729+0000] {processor.py:830} INFO - Processing file /opt/airflow/dags/main.py for tasks to queue
[2026-02-17T00:04:57.731+0000] {logging_mixin.py:188} INFO - [2026-02-17T00:04:57.731+0000] {dagbag.py:545} INFO - Filling up the DagBag from /opt/airflow/dags/main.py
[2026-02-17T00:04:57.785+0000] {processor.py:840} INFO - DAG(s) 'produce_json' retrieved from /opt/airflow/dags/main.py
[2026-02-17T00:04:57.819+0000] {logging_mixin.py:188} INFO - [2026-02-17T00:04:57.819+0000] {dag.py:3096} INFO - Sync 1 DAGs
[2026-02-17T00:04:57.844+0000] {logging_mixin.py:188} INFO - [2026-02-17T00:04:57.844+0000] {dag.py:3954} INFO - Setting next_dagrun for produce_json to 2026-02-16 14:00:00+00:00, run_after=2026-02-17 14:00:00+00:00
[2026-02-17T00:04:57.881+0000] {processor.py:183} INFO - Processing /opt/airflow/dags/main.py took 0.165 seconds
[2026-02-17T00:05:28.206+0000] {processor.py:161} INFO - Started process (PID=4649) to work on /opt/airflow/dags/main.py
[2026-02-17T00:05:28.207+0000] {processor.py:830} INFO - Processing file /opt/airflow/dags/main.py for tasks to queue
[2026-02-17T00:05:28.209+0000] {logging_mixin.py:188} INFO - [2026-02-17T00:05:28.209+0000] {dagbag.py:545} INFO - Filling up the DagBag from /opt/airflow/dags/main.py
[2026-02-17T00:05:28.258+0000] {processor.py:840} INFO - DAG(s) 'produce_json' retrieved from /opt/airflow/dags/main.py
[2026-02-17T00:05:28.308+0000] {logging_mixin.py:188} INFO - [2026-02-17T00:05:28.307+0000] {dag.py:3096} INFO - Sync 1 DAGs
[2026-02-17T00:05:28.339+0000] {logging_mixin.py:188} INFO - [2026-02-17T00:05:28.339+0000] {dag.py:3954} INFO - Setting next_dagrun for produce_json to 2026-02-16 14:00:00+00:00, run_after=2026-02-17 14:00:00+00:00
[2026-02-17T00:05:28.366+0000] {processor.py:183} INFO - Processing /opt/airflow/dags/main.py took 0.170 seconds
[2026-02-17T00:05:58.589+0000] {processor.py:161} INFO - Started process (PID=4656) to work on /opt/airflow/dags/main.py
[2026-02-17T00:05:58.590+0000] {processor.py:830} INFO - Processing file /opt/airflow/dags/main.py for tasks to queue
[2026-02-17T00:05:58.592+0000] {logging_mixin.py:188} INFO - [2026-02-17T00:05:58.591+0000] {dagbag.py:545} INFO - Filling up the DagBag from /opt/airflow/dags/main.py
[2026-02-17T00:05:58.636+0000] {processor.py:840} INFO - DAG(s) 'produce_json' retrieved from /opt/airflow/dags/main.py
[2026-02-17T00:05:58.665+0000] {logging_mixin.py:188} INFO - [2026-02-17T00:05:58.664+0000] {dag.py:3096} INFO - Sync 1 DAGs
[2026-02-17T00:05:58.686+0000] {logging_mixin.py:188} INFO - [2026-02-17T00:05:58.686+0000] {dag.py:3954} INFO - Setting next_dagrun for produce_json to 2026-02-16 14:00:00+00:00, run_after=2026-02-17 14:00:00+00:00
[2026-02-17T00:05:58.722+0000] {processor.py:183} INFO - Processing /opt/airflow/dags/main.py took 0.138 seconds
[2026-02-17T00:06:28.799+0000] {processor.py:161} INFO - Started process (PID=4663) to work on /opt/airflow/dags/main.py
[2026-02-17T00:06:28.800+0000] {processor.py:830} INFO - Processing file /opt/airflow/dags/main.py for tasks to queue
[2026-02-17T00:06:28.801+0000] {logging_mixin.py:188} INFO - [2026-02-17T00:06:28.801+0000] {dagbag.py:545} INFO - Filling up the DagBag from /opt/airflow/dags/main.py
[2026-02-17T00:06:28.845+0000] {processor.py:840} INFO - DAG(s) 'produce_json' retrieved from /opt/airflow/dags/main.py
[2026-02-17T00:06:28.873+0000] {logging_mixin.py:188} INFO - [2026-02-17T00:06:28.873+0000] {dag.py:3096} INFO - Sync 1 DAGs
[2026-02-17T00:06:28.894+0000] {logging_mixin.py:188} INFO - [2026-02-17T00:06:28.893+0000] {dag.py:3954} INFO - Setting next_dagrun for produce_json to 2026-02-16 14:00:00+00:00, run_after=2026-02-17 14:00:00+00:00
[2026-02-17T00:06:28.925+0000] {processor.py:183} INFO - Processing /opt/airflow/dags/main.py took 0.131 seconds
[2026-02-17T00:06:59.116+0000] {processor.py:161} INFO - Started process (PID=4670) to work on /opt/airflow/dags/main.py
[2026-02-17T00:06:59.117+0000] {processor.py:830} INFO - Processing file /opt/airflow/dags/main.py for tasks to queue
[2026-02-17T00:06:59.119+0000] {logging_mixin.py:188} INFO - [2026-02-17T00:06:59.118+0000] {dagbag.py:545} INFO - Filling up the DagBag from /opt/airflow/dags/main.py
[2026-02-17T00:06:59.161+0000] {processor.py:840} INFO - DAG(s) 'produce_json' retrieved from /opt/airflow/dags/main.py
[2026-02-17T00:06:59.205+0000] {logging_mixin.py:188} INFO - [2026-02-17T00:06:59.205+0000] {dag.py:3096} INFO - Sync 1 DAGs
[2026-02-17T00:06:59.226+0000] {logging_mixin.py:188} INFO - [2026-02-17T00:06:59.226+0000] {dag.py:3954} INFO - Setting next_dagrun for produce_json to 2026-02-16 14:00:00+00:00, run_after=2026-02-17 14:00:00+00:00
[2026-02-17T00:06:59.244+0000] {processor.py:183} INFO - Processing /opt/airflow/dags/main.py took 0.134 seconds
[2026-02-17T00:07:29.379+0000] {processor.py:161} INFO - Started process (PID=4677) to work on /opt/airflow/dags/main.py
[2026-02-17T00:07:29.380+0000] {processor.py:830} INFO - Processing file /opt/airflow/dags/main.py for tasks to queue
[2026-02-17T00:07:29.382+0000] {logging_mixin.py:188} INFO - [2026-02-17T00:07:29.382+0000] {dagbag.py:545} INFO - Filling up the DagBag from /opt/airflow/dags/main.py
[2026-02-17T00:07:29.438+0000] {processor.py:840} INFO - DAG(s) 'produce_json' retrieved from /opt/airflow/dags/main.py
[2026-02-17T00:07:29.469+0000] {logging_mixin.py:188} INFO - [2026-02-17T00:07:29.469+0000] {dag.py:3096} INFO - Sync 1 DAGs
[2026-02-17T00:07:29.490+0000] {logging_mixin.py:188} INFO - [2026-02-17T00:07:29.490+0000] {dag.py:3954} INFO - Setting next_dagrun for produce_json to 2026-02-16 14:00:00+00:00, run_after=2026-02-17 14:00:00+00:00
[2026-02-17T00:07:29.507+0000] {processor.py:183} INFO - Processing /opt/airflow/dags/main.py took 0.133 seconds
[2026-02-17T00:07:59.659+0000] {processor.py:161} INFO - Started process (PID=4684) to work on /opt/airflow/dags/main.py
[2026-02-17T00:07:59.660+0000] {processor.py:830} INFO - Processing file /opt/airflow/dags/main.py for tasks to queue
[2026-02-17T00:07:59.663+0000] {logging_mixin.py:188} INFO - [2026-02-17T00:07:59.662+0000] {dagbag.py:545} INFO - Filling up the DagBag from /opt/airflow/dags/main.py
[2026-02-17T00:07:59.736+0000] {processor.py:840} INFO - DAG(s) 'produce_json' retrieved from /opt/airflow/dags/main.py
[2026-02-17T00:07:59.772+0000] {logging_mixin.py:188} INFO - [2026-02-17T00:07:59.772+0000] {dag.py:3096} INFO - Sync 1 DAGs
[2026-02-17T00:07:59.804+0000] {logging_mixin.py:188} INFO - [2026-02-17T00:07:59.803+0000] {dag.py:3954} INFO - Setting next_dagrun for produce_json to 2026-02-16 14:00:00+00:00, run_after=2026-02-17 14:00:00+00:00
[2026-02-17T00:07:59.830+0000] {processor.py:183} INFO - Processing /opt/airflow/dags/main.py took 0.177 seconds
[2026-02-17T00:08:29.890+0000] {processor.py:161} INFO - Started process (PID=4691) to work on /opt/airflow/dags/main.py
[2026-02-17T00:08:29.892+0000] {processor.py:830} INFO - Processing file /opt/airflow/dags/main.py for tasks to queue
[2026-02-17T00:08:29.894+0000] {logging_mixin.py:188} INFO - [2026-02-17T00:08:29.893+0000] {dagbag.py:545} INFO - Filling up the DagBag from /opt/airflow/dags/main.py
[2026-02-17T00:08:29.946+0000] {processor.py:840} INFO - DAG(s) 'produce_json' retrieved from /opt/airflow/dags/main.py
[2026-02-17T00:08:29.980+0000] {logging_mixin.py:188} INFO - [2026-02-17T00:08:29.980+0000] {dag.py:3096} INFO - Sync 1 DAGs
[2026-02-17T00:08:30.012+0000] {logging_mixin.py:188} INFO - [2026-02-17T00:08:30.012+0000] {dag.py:3954} INFO - Setting next_dagrun for produce_json to 2026-02-16 14:00:00+00:00, run_after=2026-02-17 14:00:00+00:00
[2026-02-17T00:08:30.056+0000] {processor.py:183} INFO - Processing /opt/airflow/dags/main.py took 0.172 seconds
[2026-02-17T00:09:00.271+0000] {processor.py:161} INFO - Started process (PID=4698) to work on /opt/airflow/dags/main.py
[2026-02-17T00:09:00.272+0000] {processor.py:830} INFO - Processing file /opt/airflow/dags/main.py for tasks to queue
[2026-02-17T00:09:00.274+0000] {logging_mixin.py:188} INFO - [2026-02-17T00:09:00.274+0000] {dagbag.py:545} INFO - Filling up the DagBag from /opt/airflow/dags/main.py
[2026-02-17T00:09:00.328+0000] {processor.py:840} INFO - DAG(s) 'produce_json' retrieved from /opt/airflow/dags/main.py
[2026-02-17T00:09:00.361+0000] {logging_mixin.py:188} INFO - [2026-02-17T00:09:00.360+0000] {dag.py:3096} INFO - Sync 1 DAGs
[2026-02-17T00:09:00.388+0000] {logging_mixin.py:188} INFO - [2026-02-17T00:09:00.388+0000] {dag.py:3954} INFO - Setting next_dagrun for produce_json to 2026-02-16 14:00:00+00:00, run_after=2026-02-17 14:00:00+00:00
[2026-02-17T00:09:00.474+0000] {processor.py:183} INFO - Processing /opt/airflow/dags/main.py took 0.208 seconds
[2026-02-17T00:09:30.697+0000] {processor.py:161} INFO - Started process (PID=4705) to work on /opt/airflow/dags/main.py
[2026-02-17T00:09:30.698+0000] {processor.py:830} INFO - Processing file /opt/airflow/dags/main.py for tasks to queue
[2026-02-17T00:09:30.700+0000] {logging_mixin.py:188} INFO - [2026-02-17T00:09:30.700+0000] {dagbag.py:545} INFO - Filling up the DagBag from /opt/airflow/dags/main.py
[2026-02-17T00:09:30.767+0000] {processor.py:840} INFO - DAG(s) 'produce_json' retrieved from /opt/airflow/dags/main.py
[2026-02-17T00:09:30.803+0000] {logging_mixin.py:188} INFO - [2026-02-17T00:09:30.803+0000] {dag.py:3096} INFO - Sync 1 DAGs
[2026-02-17T00:09:30.838+0000] {logging_mixin.py:188} INFO - [2026-02-17T00:09:30.838+0000] {dag.py:3954} INFO - Setting next_dagrun for produce_json to 2026-02-16 14:00:00+00:00, run_after=2026-02-17 14:00:00+00:00
[2026-02-17T00:09:30.872+0000] {processor.py:183} INFO - Processing /opt/airflow/dags/main.py took 0.184 seconds
[2026-02-17T00:10:01.144+0000] {processor.py:161} INFO - Started process (PID=4712) to work on /opt/airflow/dags/main.py
[2026-02-17T00:10:01.145+0000] {processor.py:830} INFO - Processing file /opt/airflow/dags/main.py for tasks to queue
[2026-02-17T00:10:01.147+0000] {logging_mixin.py:188} INFO - [2026-02-17T00:10:01.147+0000] {dagbag.py:545} INFO - Filling up the DagBag from /opt/airflow/dags/main.py
[2026-02-17T00:10:01.197+0000] {processor.py:840} INFO - DAG(s) 'produce_json' retrieved from /opt/airflow/dags/main.py
[2026-02-17T00:10:01.230+0000] {logging_mixin.py:188} INFO - [2026-02-17T00:10:01.230+0000] {dag.py:3096} INFO - Sync 1 DAGs
[2026-02-17T00:10:01.253+0000] {logging_mixin.py:188} INFO - [2026-02-17T00:10:01.253+0000] {dag.py:3954} INFO - Setting next_dagrun for produce_json to 2026-02-16 14:00:00+00:00, run_after=2026-02-17 14:00:00+00:00
[2026-02-17T00:10:01.270+0000] {processor.py:183} INFO - Processing /opt/airflow/dags/main.py took 0.132 seconds
[2026-02-17T00:10:31.378+0000] {processor.py:161} INFO - Started process (PID=4719) to work on /opt/airflow/dags/main.py
[2026-02-17T00:10:31.379+0000] {processor.py:830} INFO - Processing file /opt/airflow/dags/main.py for tasks to queue
[2026-02-17T00:10:31.381+0000] {logging_mixin.py:188} INFO - [2026-02-17T00:10:31.381+0000] {dagbag.py:545} INFO - Filling up the DagBag from /opt/airflow/dags/main.py
[2026-02-17T00:10:31.435+0000] {processor.py:840} INFO - DAG(s) 'produce_json' retrieved from /opt/airflow/dags/main.py
[2026-02-17T00:10:31.478+0000] {logging_mixin.py:188} INFO - [2026-02-17T00:10:31.478+0000] {dag.py:3096} INFO - Sync 1 DAGs
[2026-02-17T00:10:31.506+0000] {logging_mixin.py:188} INFO - [2026-02-17T00:10:31.506+0000] {dag.py:3954} INFO - Setting next_dagrun for produce_json to 2026-02-16 14:00:00+00:00, run_after=2026-02-17 14:00:00+00:00
[2026-02-17T00:10:31.537+0000] {processor.py:183} INFO - Processing /opt/airflow/dags/main.py took 0.166 seconds
[2026-02-17T00:11:01.707+0000] {processor.py:161} INFO - Started process (PID=4726) to work on /opt/airflow/dags/main.py
[2026-02-17T00:11:01.708+0000] {processor.py:830} INFO - Processing file /opt/airflow/dags/main.py for tasks to queue
[2026-02-17T00:11:01.711+0000] {logging_mixin.py:188} INFO - [2026-02-17T00:11:01.711+0000] {dagbag.py:545} INFO - Filling up the DagBag from /opt/airflow/dags/main.py
[2026-02-17T00:11:01.758+0000] {processor.py:840} INFO - DAG(s) 'produce_json' retrieved from /opt/airflow/dags/main.py
[2026-02-17T00:11:01.788+0000] {logging_mixin.py:188} INFO - [2026-02-17T00:11:01.787+0000] {dag.py:3096} INFO - Sync 1 DAGs
[2026-02-17T00:11:01.812+0000] {logging_mixin.py:188} INFO - [2026-02-17T00:11:01.812+0000] {dag.py:3954} INFO - Setting next_dagrun for produce_json to 2026-02-16 14:00:00+00:00, run_after=2026-02-17 14:00:00+00:00
[2026-02-17T00:11:01.843+0000] {processor.py:183} INFO - Processing /opt/airflow/dags/main.py took 0.142 seconds
[2026-02-17T00:11:31.989+0000] {processor.py:161} INFO - Started process (PID=4733) to work on /opt/airflow/dags/main.py
[2026-02-17T00:11:31.990+0000] {processor.py:830} INFO - Processing file /opt/airflow/dags/main.py for tasks to queue
[2026-02-17T00:11:31.992+0000] {logging_mixin.py:188} INFO - [2026-02-17T00:11:31.992+0000] {dagbag.py:545} INFO - Filling up the DagBag from /opt/airflow/dags/main.py
[2026-02-17T00:11:32.038+0000] {processor.py:840} INFO - DAG(s) 'produce_json' retrieved from /opt/airflow/dags/main.py
[2026-02-17T00:11:32.067+0000] {logging_mixin.py:188} INFO - [2026-02-17T00:11:32.066+0000] {dag.py:3096} INFO - Sync 1 DAGs
[2026-02-17T00:11:32.089+0000] {logging_mixin.py:188} INFO - [2026-02-17T00:11:32.089+0000] {dag.py:3954} INFO - Setting next_dagrun for produce_json to 2026-02-16 14:00:00+00:00, run_after=2026-02-17 14:00:00+00:00
[2026-02-17T00:11:32.126+0000] {processor.py:183} INFO - Processing /opt/airflow/dags/main.py took 0.142 seconds
[2026-02-17T00:12:02.248+0000] {processor.py:161} INFO - Started process (PID=4740) to work on /opt/airflow/dags/main.py
[2026-02-17T00:12:02.250+0000] {processor.py:830} INFO - Processing file /opt/airflow/dags/main.py for tasks to queue
[2026-02-17T00:12:02.252+0000] {logging_mixin.py:188} INFO - [2026-02-17T00:12:02.251+0000] {dagbag.py:545} INFO - Filling up the DagBag from /opt/airflow/dags/main.py
[2026-02-17T00:12:02.306+0000] {processor.py:840} INFO - DAG(s) 'produce_json' retrieved from /opt/airflow/dags/main.py
[2026-02-17T00:12:02.345+0000] {logging_mixin.py:188} INFO - [2026-02-17T00:12:02.344+0000] {dag.py:3096} INFO - Sync 1 DAGs
[2026-02-17T00:12:02.374+0000] {logging_mixin.py:188} INFO - [2026-02-17T00:12:02.374+0000] {dag.py:3954} INFO - Setting next_dagrun for produce_json to 2026-02-16 14:00:00+00:00, run_after=2026-02-17 14:00:00+00:00
[2026-02-17T00:12:02.412+0000] {processor.py:183} INFO - Processing /opt/airflow/dags/main.py took 0.169 seconds
[2026-02-17T00:12:32.522+0000] {processor.py:161} INFO - Started process (PID=4747) to work on /opt/airflow/dags/main.py
[2026-02-17T00:12:32.523+0000] {processor.py:830} INFO - Processing file /opt/airflow/dags/main.py for tasks to queue
[2026-02-17T00:12:32.525+0000] {logging_mixin.py:188} INFO - [2026-02-17T00:12:32.525+0000] {dagbag.py:545} INFO - Filling up the DagBag from /opt/airflow/dags/main.py
[2026-02-17T00:12:32.593+0000] {processor.py:840} INFO - DAG(s) 'produce_json' retrieved from /opt/airflow/dags/main.py
[2026-02-17T00:12:32.636+0000] {logging_mixin.py:188} INFO - [2026-02-17T00:12:32.636+0000] {dag.py:3096} INFO - Sync 1 DAGs
[2026-02-17T00:12:32.695+0000] {logging_mixin.py:188} INFO - [2026-02-17T00:12:32.695+0000] {dag.py:3954} INFO - Setting next_dagrun for produce_json to 2026-02-16 14:00:00+00:00, run_after=2026-02-17 14:00:00+00:00
[2026-02-17T00:12:32.729+0000] {processor.py:183} INFO - Processing /opt/airflow/dags/main.py took 0.216 seconds
[2026-02-17T00:13:02.806+0000] {processor.py:161} INFO - Started process (PID=4754) to work on /opt/airflow/dags/main.py
[2026-02-17T00:13:02.807+0000] {processor.py:830} INFO - Processing file /opt/airflow/dags/main.py for tasks to queue
[2026-02-17T00:13:02.810+0000] {logging_mixin.py:188} INFO - [2026-02-17T00:13:02.809+0000] {dagbag.py:545} INFO - Filling up the DagBag from /opt/airflow/dags/main.py
[2026-02-17T00:13:02.857+0000] {processor.py:840} INFO - DAG(s) 'produce_json' retrieved from /opt/airflow/dags/main.py
[2026-02-17T00:13:02.898+0000] {logging_mixin.py:188} INFO - [2026-02-17T00:13:02.897+0000] {dag.py:3096} INFO - Sync 1 DAGs
[2026-02-17T00:13:02.927+0000] {logging_mixin.py:188} INFO - [2026-02-17T00:13:02.927+0000] {dag.py:3954} INFO - Setting next_dagrun for produce_json to 2026-02-16 14:00:00+00:00, run_after=2026-02-17 14:00:00+00:00
[2026-02-17T00:13:02.962+0000] {processor.py:183} INFO - Processing /opt/airflow/dags/main.py took 0.161 seconds
[2026-02-17T00:13:33.133+0000] {processor.py:161} INFO - Started process (PID=4761) to work on /opt/airflow/dags/main.py
[2026-02-17T00:13:33.134+0000] {processor.py:830} INFO - Processing file /opt/airflow/dags/main.py for tasks to queue
[2026-02-17T00:13:33.136+0000] {logging_mixin.py:188} INFO - [2026-02-17T00:13:33.136+0000] {dagbag.py:545} INFO - Filling up the DagBag from /opt/airflow/dags/main.py
[2026-02-17T00:13:33.176+0000] {processor.py:840} INFO - DAG(s) 'produce_json' retrieved from /opt/airflow/dags/main.py
[2026-02-17T00:13:33.205+0000] {logging_mixin.py:188} INFO - [2026-02-17T00:13:33.204+0000] {dag.py:3096} INFO - Sync 1 DAGs
[2026-02-17T00:13:33.226+0000] {logging_mixin.py:188} INFO - [2026-02-17T00:13:33.225+0000] {dag.py:3954} INFO - Setting next_dagrun for produce_json to 2026-02-16 14:00:00+00:00, run_after=2026-02-17 14:00:00+00:00
[2026-02-17T00:13:33.247+0000] {processor.py:183} INFO - Processing /opt/airflow/dags/main.py took 0.122 seconds
[2026-02-17T00:14:03.410+0000] {processor.py:161} INFO - Started process (PID=4768) to work on /opt/airflow/dags/main.py
[2026-02-17T00:14:03.411+0000] {processor.py:830} INFO - Processing file /opt/airflow/dags/main.py for tasks to queue
[2026-02-17T00:14:03.413+0000] {logging_mixin.py:188} INFO - [2026-02-17T00:14:03.413+0000] {dagbag.py:545} INFO - Filling up the DagBag from /opt/airflow/dags/main.py
[2026-02-17T00:14:03.461+0000] {processor.py:840} INFO - DAG(s) 'produce_json' retrieved from /opt/airflow/dags/main.py
[2026-02-17T00:14:03.491+0000] {logging_mixin.py:188} INFO - [2026-02-17T00:14:03.491+0000] {dag.py:3096} INFO - Sync 1 DAGs
[2026-02-17T00:14:03.515+0000] {logging_mixin.py:188} INFO - [2026-02-17T00:14:03.515+0000] {dag.py:3954} INFO - Setting next_dagrun for produce_json to 2026-02-16 14:00:00+00:00, run_after=2026-02-17 14:00:00+00:00
[2026-02-17T00:14:03.548+0000] {processor.py:183} INFO - Processing /opt/airflow/dags/main.py took 0.145 seconds
[2026-02-17T00:14:33.701+0000] {processor.py:161} INFO - Started process (PID=4775) to work on /opt/airflow/dags/main.py
[2026-02-17T00:14:33.702+0000] {processor.py:830} INFO - Processing file /opt/airflow/dags/main.py for tasks to queue
[2026-02-17T00:14:33.704+0000] {logging_mixin.py:188} INFO - [2026-02-17T00:14:33.703+0000] {dagbag.py:545} INFO - Filling up the DagBag from /opt/airflow/dags/main.py
[2026-02-17T00:14:33.747+0000] {processor.py:840} INFO - DAG(s) 'produce_json' retrieved from /opt/airflow/dags/main.py
[2026-02-17T00:14:33.773+0000] {logging_mixin.py:188} INFO - [2026-02-17T00:14:33.773+0000] {dag.py:3096} INFO - Sync 1 DAGs
[2026-02-17T00:14:33.792+0000] {logging_mixin.py:188} INFO - [2026-02-17T00:14:33.792+0000] {dag.py:3954} INFO - Setting next_dagrun for produce_json to 2026-02-16 14:00:00+00:00, run_after=2026-02-17 14:00:00+00:00
[2026-02-17T00:14:33.823+0000] {processor.py:183} INFO - Processing /opt/airflow/dags/main.py took 0.127 seconds
[2026-02-17T00:15:04.096+0000] {processor.py:161} INFO - Started process (PID=4782) to work on /opt/airflow/dags/main.py
[2026-02-17T00:15:04.097+0000] {processor.py:830} INFO - Processing file /opt/airflow/dags/main.py for tasks to queue
[2026-02-17T00:15:04.100+0000] {logging_mixin.py:188} INFO - [2026-02-17T00:15:04.100+0000] {dagbag.py:545} INFO - Filling up the DagBag from /opt/airflow/dags/main.py
[2026-02-17T00:15:04.151+0000] {processor.py:840} INFO - DAG(s) 'produce_json' retrieved from /opt/airflow/dags/main.py
[2026-02-17T00:15:04.181+0000] {logging_mixin.py:188} INFO - [2026-02-17T00:15:04.180+0000] {dag.py:3096} INFO - Sync 1 DAGs
[2026-02-17T00:15:04.207+0000] {logging_mixin.py:188} INFO - [2026-02-17T00:15:04.207+0000] {dag.py:3954} INFO - Setting next_dagrun for produce_json to 2026-02-16 14:00:00+00:00, run_after=2026-02-17 14:00:00+00:00
[2026-02-17T00:15:04.236+0000] {processor.py:183} INFO - Processing /opt/airflow/dags/main.py took 0.145 seconds
[2026-02-17T00:15:34.287+0000] {processor.py:161} INFO - Started process (PID=4789) to work on /opt/airflow/dags/main.py
[2026-02-17T00:15:34.288+0000] {processor.py:830} INFO - Processing file /opt/airflow/dags/main.py for tasks to queue
[2026-02-17T00:15:34.290+0000] {logging_mixin.py:188} INFO - [2026-02-17T00:15:34.290+0000] {dagbag.py:545} INFO - Filling up the DagBag from /opt/airflow/dags/main.py
[2026-02-17T00:15:34.337+0000] {processor.py:840} INFO - DAG(s) 'produce_json' retrieved from /opt/airflow/dags/main.py
[2026-02-17T00:15:34.364+0000] {logging_mixin.py:188} INFO - [2026-02-17T00:15:34.364+0000] {dag.py:3096} INFO - Sync 1 DAGs
[2026-02-17T00:15:34.389+0000] {logging_mixin.py:188} INFO - [2026-02-17T00:15:34.389+0000] {dag.py:3954} INFO - Setting next_dagrun for produce_json to 2026-02-16 14:00:00+00:00, run_after=2026-02-17 14:00:00+00:00
[2026-02-17T00:15:34.419+0000] {processor.py:183} INFO - Processing /opt/airflow/dags/main.py took 0.138 seconds
[2026-02-17T00:16:04.648+0000] {processor.py:161} INFO - Started process (PID=4796) to work on /opt/airflow/dags/main.py
[2026-02-17T00:16:04.649+0000] {processor.py:830} INFO - Processing file /opt/airflow/dags/main.py for tasks to queue
[2026-02-17T00:16:04.653+0000] {logging_mixin.py:188} INFO - [2026-02-17T00:16:04.653+0000] {dagbag.py:545} INFO - Filling up the DagBag from /opt/airflow/dags/main.py
[2026-02-17T00:16:04.707+0000] {processor.py:840} INFO - DAG(s) 'produce_json' retrieved from /opt/airflow/dags/main.py
[2026-02-17T00:16:04.742+0000] {logging_mixin.py:188} INFO - [2026-02-17T00:16:04.742+0000] {dag.py:3096} INFO - Sync 1 DAGs
[2026-02-17T00:16:04.768+0000] {logging_mixin.py:188} INFO - [2026-02-17T00:16:04.768+0000] {dag.py:3954} INFO - Setting next_dagrun for produce_json to 2026-02-16 14:00:00+00:00, run_after=2026-02-17 14:00:00+00:00
[2026-02-17T00:16:04.794+0000] {processor.py:183} INFO - Processing /opt/airflow/dags/main.py took 0.158 seconds
[2026-02-17T00:16:34.860+0000] {processor.py:161} INFO - Started process (PID=4803) to work on /opt/airflow/dags/main.py
[2026-02-17T00:16:34.862+0000] {processor.py:830} INFO - Processing file /opt/airflow/dags/main.py for tasks to queue
[2026-02-17T00:16:34.867+0000] {logging_mixin.py:188} INFO - [2026-02-17T00:16:34.866+0000] {dagbag.py:545} INFO - Filling up the DagBag from /opt/airflow/dags/main.py
[2026-02-17T00:16:34.933+0000] {processor.py:840} INFO - DAG(s) 'produce_json' retrieved from /opt/airflow/dags/main.py
[2026-02-17T00:16:34.964+0000] {logging_mixin.py:188} INFO - [2026-02-17T00:16:34.964+0000] {dag.py:3096} INFO - Sync 1 DAGs
[2026-02-17T00:16:34.987+0000] {logging_mixin.py:188} INFO - [2026-02-17T00:16:34.987+0000] {dag.py:3954} INFO - Setting next_dagrun for produce_json to 2026-02-16 14:00:00+00:00, run_after=2026-02-17 14:00:00+00:00
[2026-02-17T00:16:35.009+0000] {processor.py:183} INFO - Processing /opt/airflow/dags/main.py took 0.156 seconds
[2026-02-17T00:17:05.229+0000] {processor.py:161} INFO - Started process (PID=4811) to work on /opt/airflow/dags/main.py
[2026-02-17T00:17:05.230+0000] {processor.py:830} INFO - Processing file /opt/airflow/dags/main.py for tasks to queue
[2026-02-17T00:17:05.234+0000] {logging_mixin.py:188} INFO - [2026-02-17T00:17:05.234+0000] {dagbag.py:545} INFO - Filling up the DagBag from /opt/airflow/dags/main.py
[2026-02-17T00:17:05.297+0000] {processor.py:840} INFO - DAG(s) 'produce_json' retrieved from /opt/airflow/dags/main.py
[2026-02-17T00:17:05.333+0000] {logging_mixin.py:188} INFO - [2026-02-17T00:17:05.333+0000] {dag.py:3096} INFO - Sync 1 DAGs
[2026-02-17T00:17:05.366+0000] {logging_mixin.py:188} INFO - [2026-02-17T00:17:05.365+0000] {dag.py:3954} INFO - Setting next_dagrun for produce_json to 2026-02-16 14:00:00+00:00, run_after=2026-02-17 14:00:00+00:00
[2026-02-17T00:17:05.435+0000] {processor.py:183} INFO - Processing /opt/airflow/dags/main.py took 0.215 seconds
[2026-02-17T00:17:35.659+0000] {processor.py:161} INFO - Started process (PID=4818) to work on /opt/airflow/dags/main.py
[2026-02-17T00:17:35.660+0000] {processor.py:830} INFO - Processing file /opt/airflow/dags/main.py for tasks to queue
[2026-02-17T00:17:35.663+0000] {logging_mixin.py:188} INFO - [2026-02-17T00:17:35.662+0000] {dagbag.py:545} INFO - Filling up the DagBag from /opt/airflow/dags/main.py
[2026-02-17T00:17:35.714+0000] {processor.py:840} INFO - DAG(s) 'produce_json' retrieved from /opt/airflow/dags/main.py
[2026-02-17T00:17:35.751+0000] {logging_mixin.py:188} INFO - [2026-02-17T00:17:35.750+0000] {dag.py:3096} INFO - Sync 1 DAGs
[2026-02-17T00:17:35.775+0000] {logging_mixin.py:188} INFO - [2026-02-17T00:17:35.775+0000] {dag.py:3954} INFO - Setting next_dagrun for produce_json to 2026-02-16 14:00:00+00:00, run_after=2026-02-17 14:00:00+00:00
[2026-02-17T00:17:35.805+0000] {processor.py:183} INFO - Processing /opt/airflow/dags/main.py took 0.153 seconds
[2026-02-17T00:18:05.896+0000] {processor.py:161} INFO - Started process (PID=4825) to work on /opt/airflow/dags/main.py
[2026-02-17T00:18:05.897+0000] {processor.py:830} INFO - Processing file /opt/airflow/dags/main.py for tasks to queue
[2026-02-17T00:18:05.900+0000] {logging_mixin.py:188} INFO - [2026-02-17T00:18:05.899+0000] {dagbag.py:545} INFO - Filling up the DagBag from /opt/airflow/dags/main.py
[2026-02-17T00:18:05.953+0000] {processor.py:840} INFO - DAG(s) 'produce_json' retrieved from /opt/airflow/dags/main.py
[2026-02-17T00:18:05.989+0000] {logging_mixin.py:188} INFO - [2026-02-17T00:18:05.988+0000] {dag.py:3096} INFO - Sync 1 DAGs
[2026-02-17T00:18:06.016+0000] {logging_mixin.py:188} INFO - [2026-02-17T00:18:06.015+0000] {dag.py:3954} INFO - Setting next_dagrun for produce_json to 2026-02-16 14:00:00+00:00, run_after=2026-02-17 14:00:00+00:00
[2026-02-17T00:18:06.053+0000] {processor.py:183} INFO - Processing /opt/airflow/dags/main.py took 0.162 seconds
[2026-02-17T00:18:36.245+0000] {processor.py:161} INFO - Started process (PID=4832) to work on /opt/airflow/dags/main.py
[2026-02-17T00:18:36.246+0000] {processor.py:830} INFO - Processing file /opt/airflow/dags/main.py for tasks to queue
[2026-02-17T00:18:36.248+0000] {logging_mixin.py:188} INFO - [2026-02-17T00:18:36.248+0000] {dagbag.py:545} INFO - Filling up the DagBag from /opt/airflow/dags/main.py
[2026-02-17T00:18:36.290+0000] {processor.py:840} INFO - DAG(s) 'produce_json' retrieved from /opt/airflow/dags/main.py
[2026-02-17T00:18:36.326+0000] {logging_mixin.py:188} INFO - [2026-02-17T00:18:36.325+0000] {dag.py:3096} INFO - Sync 1 DAGs
[2026-02-17T00:18:36.348+0000] {logging_mixin.py:188} INFO - [2026-02-17T00:18:36.348+0000] {dag.py:3954} INFO - Setting next_dagrun for produce_json to 2026-02-16 14:00:00+00:00, run_after=2026-02-17 14:00:00+00:00
[2026-02-17T00:18:36.382+0000] {processor.py:183} INFO - Processing /opt/airflow/dags/main.py took 0.143 seconds
[2026-02-17T00:19:06.471+0000] {processor.py:161} INFO - Started process (PID=4840) to work on /opt/airflow/dags/main.py
[2026-02-17T00:19:06.472+0000] {processor.py:830} INFO - Processing file /opt/airflow/dags/main.py for tasks to queue
[2026-02-17T00:19:06.475+0000] {logging_mixin.py:188} INFO - [2026-02-17T00:19:06.474+0000] {dagbag.py:545} INFO - Filling up the DagBag from /opt/airflow/dags/main.py
[2026-02-17T00:19:06.519+0000] {processor.py:840} INFO - DAG(s) 'produce_json' retrieved from /opt/airflow/dags/main.py
[2026-02-17T00:19:06.549+0000] {logging_mixin.py:188} INFO - [2026-02-17T00:19:06.548+0000] {dag.py:3096} INFO - Sync 1 DAGs
[2026-02-17T00:19:06.570+0000] {logging_mixin.py:188} INFO - [2026-02-17T00:19:06.570+0000] {dag.py:3954} INFO - Setting next_dagrun for produce_json to 2026-02-16 14:00:00+00:00, run_after=2026-02-17 14:00:00+00:00
[2026-02-17T00:19:06.592+0000] {processor.py:183} INFO - Processing /opt/airflow/dags/main.py took 0.127 seconds
[2026-02-17T00:19:36.702+0000] {processor.py:161} INFO - Started process (PID=4847) to work on /opt/airflow/dags/main.py
[2026-02-17T00:19:36.704+0000] {processor.py:830} INFO - Processing file /opt/airflow/dags/main.py for tasks to queue
[2026-02-17T00:19:36.706+0000] {logging_mixin.py:188} INFO - [2026-02-17T00:19:36.705+0000] {dagbag.py:545} INFO - Filling up the DagBag from /opt/airflow/dags/main.py
[2026-02-17T00:19:36.747+0000] {processor.py:840} INFO - DAG(s) 'produce_json' retrieved from /opt/airflow/dags/main.py
[2026-02-17T00:19:36.776+0000] {logging_mixin.py:188} INFO - [2026-02-17T00:19:36.776+0000] {dag.py:3096} INFO - Sync 1 DAGs
[2026-02-17T00:19:36.797+0000] {logging_mixin.py:188} INFO - [2026-02-17T00:19:36.797+0000] {dag.py:3954} INFO - Setting next_dagrun for produce_json to 2026-02-16 14:00:00+00:00, run_after=2026-02-17 14:00:00+00:00
[2026-02-17T00:19:36.820+0000] {processor.py:183} INFO - Processing /opt/airflow/dags/main.py took 0.123 seconds
[2026-02-17T00:20:07.138+0000] {processor.py:161} INFO - Started process (PID=4854) to work on /opt/airflow/dags/main.py
[2026-02-17T00:20:07.139+0000] {processor.py:830} INFO - Processing file /opt/airflow/dags/main.py for tasks to queue
[2026-02-17T00:20:07.142+0000] {logging_mixin.py:188} INFO - [2026-02-17T00:20:07.141+0000] {dagbag.py:545} INFO - Filling up the DagBag from /opt/airflow/dags/main.py
[2026-02-17T00:20:07.185+0000] {processor.py:840} INFO - DAG(s) 'produce_json' retrieved from /opt/airflow/dags/main.py
[2026-02-17T00:20:07.213+0000] {logging_mixin.py:188} INFO - [2026-02-17T00:20:07.212+0000] {dag.py:3096} INFO - Sync 1 DAGs
[2026-02-17T00:20:07.233+0000] {logging_mixin.py:188} INFO - [2026-02-17T00:20:07.233+0000] {dag.py:3954} INFO - Setting next_dagrun for produce_json to 2026-02-16 14:00:00+00:00, run_after=2026-02-17 14:00:00+00:00
[2026-02-17T00:20:07.255+0000] {processor.py:183} INFO - Processing /opt/airflow/dags/main.py took 0.122 seconds
[2026-02-17T00:20:37.422+0000] {processor.py:161} INFO - Started process (PID=4861) to work on /opt/airflow/dags/main.py
[2026-02-17T00:20:37.424+0000] {processor.py:830} INFO - Processing file /opt/airflow/dags/main.py for tasks to queue
[2026-02-17T00:20:37.426+0000] {logging_mixin.py:188} INFO - [2026-02-17T00:20:37.426+0000] {dagbag.py:545} INFO - Filling up the DagBag from /opt/airflow/dags/main.py
[2026-02-17T00:20:37.486+0000] {processor.py:840} INFO - DAG(s) 'produce_json' retrieved from /opt/airflow/dags/main.py
[2026-02-17T00:20:37.519+0000] {logging_mixin.py:188} INFO - [2026-02-17T00:20:37.518+0000] {dag.py:3096} INFO - Sync 1 DAGs
[2026-02-17T00:20:37.540+0000] {logging_mixin.py:188} INFO - [2026-02-17T00:20:37.539+0000] {dag.py:3954} INFO - Setting next_dagrun for produce_json to 2026-02-16 14:00:00+00:00, run_after=2026-02-17 14:00:00+00:00
[2026-02-17T00:20:37.571+0000] {processor.py:183} INFO - Processing /opt/airflow/dags/main.py took 0.158 seconds
[2026-02-17T00:21:07.708+0000] {processor.py:161} INFO - Started process (PID=4868) to work on /opt/airflow/dags/main.py
[2026-02-17T00:21:07.709+0000] {processor.py:830} INFO - Processing file /opt/airflow/dags/main.py for tasks to queue
[2026-02-17T00:21:07.711+0000] {logging_mixin.py:188} INFO - [2026-02-17T00:21:07.711+0000] {dagbag.py:545} INFO - Filling up the DagBag from /opt/airflow/dags/main.py
[2026-02-17T00:21:07.754+0000] {processor.py:840} INFO - DAG(s) 'produce_json' retrieved from /opt/airflow/dags/main.py
[2026-02-17T00:21:07.783+0000] {logging_mixin.py:188} INFO - [2026-02-17T00:21:07.783+0000] {dag.py:3096} INFO - Sync 1 DAGs
[2026-02-17T00:21:07.805+0000] {logging_mixin.py:188} INFO - [2026-02-17T00:21:07.804+0000] {dag.py:3954} INFO - Setting next_dagrun for produce_json to 2026-02-16 14:00:00+00:00, run_after=2026-02-17 14:00:00+00:00
[2026-02-17T00:21:07.840+0000] {processor.py:183} INFO - Processing /opt/airflow/dags/main.py took 0.137 seconds
[2026-02-17T00:21:38.017+0000] {processor.py:161} INFO - Started process (PID=4875) to work on /opt/airflow/dags/main.py
[2026-02-17T00:21:38.018+0000] {processor.py:830} INFO - Processing file /opt/airflow/dags/main.py for tasks to queue
[2026-02-17T00:21:38.021+0000] {logging_mixin.py:188} INFO - [2026-02-17T00:21:38.020+0000] {dagbag.py:545} INFO - Filling up the DagBag from /opt/airflow/dags/main.py
[2026-02-17T00:21:38.069+0000] {processor.py:840} INFO - DAG(s) 'produce_json' retrieved from /opt/airflow/dags/main.py
[2026-02-17T00:21:38.103+0000] {logging_mixin.py:188} INFO - [2026-02-17T00:21:38.102+0000] {dag.py:3096} INFO - Sync 1 DAGs
[2026-02-17T00:21:38.127+0000] {logging_mixin.py:188} INFO - [2026-02-17T00:21:38.127+0000] {dag.py:3954} INFO - Setting next_dagrun for produce_json to 2026-02-16 14:00:00+00:00, run_after=2026-02-17 14:00:00+00:00
[2026-02-17T00:21:38.148+0000] {processor.py:183} INFO - Processing /opt/airflow/dags/main.py took 0.137 seconds
[2026-02-17T00:22:08.271+0000] {processor.py:161} INFO - Started process (PID=4882) to work on /opt/airflow/dags/main.py
[2026-02-17T00:22:08.272+0000] {processor.py:830} INFO - Processing file /opt/airflow/dags/main.py for tasks to queue
[2026-02-17T00:22:08.275+0000] {logging_mixin.py:188} INFO - [2026-02-17T00:22:08.275+0000] {dagbag.py:545} INFO - Filling up the DagBag from /opt/airflow/dags/main.py
[2026-02-17T00:22:08.327+0000] {processor.py:840} INFO - DAG(s) 'produce_json' retrieved from /opt/airflow/dags/main.py
[2026-02-17T00:22:08.358+0000] {logging_mixin.py:188} INFO - [2026-02-17T00:22:08.358+0000] {dag.py:3096} INFO - Sync 1 DAGs
[2026-02-17T00:22:08.382+0000] {logging_mixin.py:188} INFO - [2026-02-17T00:22:08.382+0000] {dag.py:3954} INFO - Setting next_dagrun for produce_json to 2026-02-16 14:00:00+00:00, run_after=2026-02-17 14:00:00+00:00
[2026-02-17T00:22:08.416+0000] {processor.py:183} INFO - Processing /opt/airflow/dags/main.py took 0.152 seconds
[2026-02-17T00:22:38.544+0000] {processor.py:161} INFO - Started process (PID=4889) to work on /opt/airflow/dags/main.py
[2026-02-17T00:22:38.545+0000] {processor.py:830} INFO - Processing file /opt/airflow/dags/main.py for tasks to queue
[2026-02-17T00:22:38.547+0000] {logging_mixin.py:188} INFO - [2026-02-17T00:22:38.547+0000] {dagbag.py:545} INFO - Filling up the DagBag from /opt/airflow/dags/main.py
[2026-02-17T00:22:38.595+0000] {processor.py:840} INFO - DAG(s) 'produce_json' retrieved from /opt/airflow/dags/main.py
[2026-02-17T00:22:38.623+0000] {logging_mixin.py:188} INFO - [2026-02-17T00:22:38.623+0000] {dag.py:3096} INFO - Sync 1 DAGs
[2026-02-17T00:22:38.645+0000] {logging_mixin.py:188} INFO - [2026-02-17T00:22:38.645+0000] {dag.py:3954} INFO - Setting next_dagrun for produce_json to 2026-02-16 14:00:00+00:00, run_after=2026-02-17 14:00:00+00:00
[2026-02-17T00:22:38.670+0000] {processor.py:183} INFO - Processing /opt/airflow/dags/main.py took 0.132 seconds
[2026-02-17T00:23:08.815+0000] {processor.py:161} INFO - Started process (PID=4896) to work on /opt/airflow/dags/main.py
[2026-02-17T00:23:08.816+0000] {processor.py:830} INFO - Processing file /opt/airflow/dags/main.py for tasks to queue
[2026-02-17T00:23:08.818+0000] {logging_mixin.py:188} INFO - [2026-02-17T00:23:08.817+0000] {dagbag.py:545} INFO - Filling up the DagBag from /opt/airflow/dags/main.py
[2026-02-17T00:23:08.859+0000] {processor.py:840} INFO - DAG(s) 'produce_json' retrieved from /opt/airflow/dags/main.py
[2026-02-17T00:23:08.886+0000] {logging_mixin.py:188} INFO - [2026-02-17T00:23:08.886+0000] {dag.py:3096} INFO - Sync 1 DAGs
[2026-02-17T00:23:08.909+0000] {logging_mixin.py:188} INFO - [2026-02-17T00:23:08.909+0000] {dag.py:3954} INFO - Setting next_dagrun for produce_json to 2026-02-16 14:00:00+00:00, run_after=2026-02-17 14:00:00+00:00
[2026-02-17T00:23:08.940+0000] {processor.py:183} INFO - Processing /opt/airflow/dags/main.py took 0.131 seconds
[2026-02-17T00:23:39.100+0000] {processor.py:161} INFO - Started process (PID=4903) to work on /opt/airflow/dags/main.py
[2026-02-17T00:23:39.101+0000] {processor.py:830} INFO - Processing file /opt/airflow/dags/main.py for tasks to queue
[2026-02-17T00:23:39.104+0000] {logging_mixin.py:188} INFO - [2026-02-17T00:23:39.103+0000] {dagbag.py:545} INFO - Filling up the DagBag from /opt/airflow/dags/main.py
[2026-02-17T00:23:39.150+0000] {processor.py:840} INFO - DAG(s) 'produce_json' retrieved from /opt/airflow/dags/main.py
[2026-02-17T00:23:39.176+0000] {logging_mixin.py:188} INFO - [2026-02-17T00:23:39.176+0000] {dag.py:3096} INFO - Sync 1 DAGs
[2026-02-17T00:23:39.197+0000] {logging_mixin.py:188} INFO - [2026-02-17T00:23:39.196+0000] {dag.py:3954} INFO - Setting next_dagrun for produce_json to 2026-02-16 14:00:00+00:00, run_after=2026-02-17 14:00:00+00:00
[2026-02-17T00:23:39.230+0000] {processor.py:183} INFO - Processing /opt/airflow/dags/main.py took 0.135 seconds
[2026-02-17T00:24:09.404+0000] {processor.py:161} INFO - Started process (PID=4910) to work on /opt/airflow/dags/main.py
[2026-02-17T00:24:09.405+0000] {processor.py:830} INFO - Processing file /opt/airflow/dags/main.py for tasks to queue
[2026-02-17T00:24:09.408+0000] {logging_mixin.py:188} INFO - [2026-02-17T00:24:09.407+0000] {dagbag.py:545} INFO - Filling up the DagBag from /opt/airflow/dags/main.py
[2026-02-17T00:24:09.466+0000] {processor.py:840} INFO - DAG(s) 'produce_json' retrieved from /opt/airflow/dags/main.py
[2026-02-17T00:24:09.498+0000] {logging_mixin.py:188} INFO - [2026-02-17T00:24:09.498+0000] {dag.py:3096} INFO - Sync 1 DAGs
[2026-02-17T00:24:09.522+0000] {logging_mixin.py:188} INFO - [2026-02-17T00:24:09.522+0000] {dag.py:3954} INFO - Setting next_dagrun for produce_json to 2026-02-16 14:00:00+00:00, run_after=2026-02-17 14:00:00+00:00
[2026-02-17T00:24:09.550+0000] {processor.py:183} INFO - Processing /opt/airflow/dags/main.py took 0.153 seconds
[2026-02-17T00:24:39.731+0000] {processor.py:161} INFO - Started process (PID=4917) to work on /opt/airflow/dags/main.py
[2026-02-17T00:24:39.732+0000] {processor.py:830} INFO - Processing file /opt/airflow/dags/main.py for tasks to queue
[2026-02-17T00:24:39.734+0000] {logging_mixin.py:188} INFO - [2026-02-17T00:24:39.733+0000] {dagbag.py:545} INFO - Filling up the DagBag from /opt/airflow/dags/main.py
[2026-02-17T00:24:39.781+0000] {processor.py:840} INFO - DAG(s) 'produce_json' retrieved from /opt/airflow/dags/main.py
[2026-02-17T00:24:39.809+0000] {logging_mixin.py:188} INFO - [2026-02-17T00:24:39.809+0000] {dag.py:3096} INFO - Sync 1 DAGs
[2026-02-17T00:24:39.832+0000] {logging_mixin.py:188} INFO - [2026-02-17T00:24:39.832+0000] {dag.py:3954} INFO - Setting next_dagrun for produce_json to 2026-02-16 14:00:00+00:00, run_after=2026-02-17 14:00:00+00:00
[2026-02-17T00:24:39.855+0000] {processor.py:183} INFO - Processing /opt/airflow/dags/main.py took 0.130 seconds
[2026-02-17T00:25:10.007+0000] {processor.py:161} INFO - Started process (PID=4924) to work on /opt/airflow/dags/main.py
[2026-02-17T00:25:10.009+0000] {processor.py:830} INFO - Processing file /opt/airflow/dags/main.py for tasks to queue
[2026-02-17T00:25:10.011+0000] {logging_mixin.py:188} INFO - [2026-02-17T00:25:10.011+0000] {dagbag.py:545} INFO - Filling up the DagBag from /opt/airflow/dags/main.py
[2026-02-17T00:25:10.060+0000] {processor.py:840} INFO - DAG(s) 'produce_json' retrieved from /opt/airflow/dags/main.py
[2026-02-17T00:25:10.093+0000] {logging_mixin.py:188} INFO - [2026-02-17T00:25:10.092+0000] {dag.py:3096} INFO - Sync 1 DAGs
[2026-02-17T00:25:10.114+0000] {logging_mixin.py:188} INFO - [2026-02-17T00:25:10.113+0000] {dag.py:3954} INFO - Setting next_dagrun for produce_json to 2026-02-16 14:00:00+00:00, run_after=2026-02-17 14:00:00+00:00
[2026-02-17T00:25:10.144+0000] {processor.py:183} INFO - Processing /opt/airflow/dags/main.py took 0.143 seconds
[2026-02-17T00:25:40.335+0000] {processor.py:161} INFO - Started process (PID=4931) to work on /opt/airflow/dags/main.py
[2026-02-17T00:25:40.337+0000] {processor.py:830} INFO - Processing file /opt/airflow/dags/main.py for tasks to queue
[2026-02-17T00:25:40.339+0000] {logging_mixin.py:188} INFO - [2026-02-17T00:25:40.339+0000] {dagbag.py:545} INFO - Filling up the DagBag from /opt/airflow/dags/main.py
[2026-02-17T00:25:40.393+0000] {processor.py:840} INFO - DAG(s) 'produce_json' retrieved from /opt/airflow/dags/main.py
[2026-02-17T00:25:40.426+0000] {logging_mixin.py:188} INFO - [2026-02-17T00:25:40.426+0000] {dag.py:3096} INFO - Sync 1 DAGs
[2026-02-17T00:25:40.450+0000] {logging_mixin.py:188} INFO - [2026-02-17T00:25:40.449+0000] {dag.py:3954} INFO - Setting next_dagrun for produce_json to 2026-02-16 14:00:00+00:00, run_after=2026-02-17 14:00:00+00:00
[2026-02-17T00:25:40.474+0000] {processor.py:183} INFO - Processing /opt/airflow/dags/main.py took 0.151 seconds
[2026-02-17T00:26:10.599+0000] {processor.py:161} INFO - Started process (PID=4938) to work on /opt/airflow/dags/main.py
[2026-02-17T00:26:10.600+0000] {processor.py:830} INFO - Processing file /opt/airflow/dags/main.py for tasks to queue
[2026-02-17T00:26:10.602+0000] {logging_mixin.py:188} INFO - [2026-02-17T00:26:10.601+0000] {dagbag.py:545} INFO - Filling up the DagBag from /opt/airflow/dags/main.py
[2026-02-17T00:26:10.649+0000] {processor.py:840} INFO - DAG(s) 'produce_json' retrieved from /opt/airflow/dags/main.py
[2026-02-17T00:26:10.679+0000] {logging_mixin.py:188} INFO - [2026-02-17T00:26:10.678+0000] {dag.py:3096} INFO - Sync 1 DAGs
[2026-02-17T00:26:10.699+0000] {logging_mixin.py:188} INFO - [2026-02-17T00:26:10.699+0000] {dag.py:3954} INFO - Setting next_dagrun for produce_json to 2026-02-16 14:00:00+00:00, run_after=2026-02-17 14:00:00+00:00
[2026-02-17T00:26:10.721+0000] {processor.py:183} INFO - Processing /opt/airflow/dags/main.py took 0.127 seconds
[2026-02-17T00:26:40.856+0000] {processor.py:161} INFO - Started process (PID=4945) to work on /opt/airflow/dags/main.py
[2026-02-17T00:26:40.857+0000] {processor.py:830} INFO - Processing file /opt/airflow/dags/main.py for tasks to queue
[2026-02-17T00:26:40.860+0000] {logging_mixin.py:188} INFO - [2026-02-17T00:26:40.859+0000] {dagbag.py:545} INFO - Filling up the DagBag from /opt/airflow/dags/main.py
[2026-02-17T00:26:40.926+0000] {processor.py:840} INFO - DAG(s) 'produce_json' retrieved from /opt/airflow/dags/main.py
[2026-02-17T00:26:40.960+0000] {logging_mixin.py:188} INFO - [2026-02-17T00:26:40.960+0000] {dag.py:3096} INFO - Sync 1 DAGs
[2026-02-17T00:26:40.987+0000] {logging_mixin.py:188} INFO - [2026-02-17T00:26:40.987+0000] {dag.py:3954} INFO - Setting next_dagrun for produce_json to 2026-02-16 14:00:00+00:00, run_after=2026-02-17 14:00:00+00:00
[2026-02-17T00:26:41.022+0000] {processor.py:183} INFO - Processing /opt/airflow/dags/main.py took 0.174 seconds
[2026-02-17T00:27:11.126+0000] {processor.py:161} INFO - Started process (PID=4959) to work on /opt/airflow/dags/main.py
[2026-02-17T00:27:11.127+0000] {processor.py:830} INFO - Processing file /opt/airflow/dags/main.py for tasks to queue
[2026-02-17T00:27:11.130+0000] {logging_mixin.py:188} INFO - [2026-02-17T00:27:11.130+0000] {dagbag.py:545} INFO - Filling up the DagBag from /opt/airflow/dags/main.py
[2026-02-17T00:27:11.177+0000] {processor.py:840} INFO - DAG(s) 'produce_json' retrieved from /opt/airflow/dags/main.py
[2026-02-17T00:27:11.210+0000] {logging_mixin.py:188} INFO - [2026-02-17T00:27:11.210+0000] {dag.py:3096} INFO - Sync 1 DAGs
[2026-02-17T00:27:11.234+0000] {logging_mixin.py:188} INFO - [2026-02-17T00:27:11.234+0000] {dag.py:3954} INFO - Setting next_dagrun for produce_json to 2026-02-16 14:00:00+00:00, run_after=2026-02-17 14:00:00+00:00
[2026-02-17T00:27:11.255+0000] {processor.py:183} INFO - Processing /opt/airflow/dags/main.py took 0.137 seconds
[2026-02-17T00:27:41.422+0000] {processor.py:161} INFO - Started process (PID=4966) to work on /opt/airflow/dags/main.py
[2026-02-17T00:27:41.423+0000] {processor.py:830} INFO - Processing file /opt/airflow/dags/main.py for tasks to queue
[2026-02-17T00:27:41.425+0000] {logging_mixin.py:188} INFO - [2026-02-17T00:27:41.425+0000] {dagbag.py:545} INFO - Filling up the DagBag from /opt/airflow/dags/main.py
[2026-02-17T00:27:41.468+0000] {processor.py:840} INFO - DAG(s) 'produce_json' retrieved from /opt/airflow/dags/main.py
[2026-02-17T00:27:41.494+0000] {logging_mixin.py:188} INFO - [2026-02-17T00:27:41.494+0000] {dag.py:3096} INFO - Sync 1 DAGs
[2026-02-17T00:27:41.514+0000] {logging_mixin.py:188} INFO - [2026-02-17T00:27:41.513+0000] {dag.py:3954} INFO - Setting next_dagrun for produce_json to 2026-02-16 14:00:00+00:00, run_after=2026-02-17 14:00:00+00:00
[2026-02-17T00:27:41.534+0000] {processor.py:183} INFO - Processing /opt/airflow/dags/main.py took 0.117 seconds
[2026-02-17T00:28:11.749+0000] {processor.py:161} INFO - Started process (PID=4973) to work on /opt/airflow/dags/main.py
[2026-02-17T00:28:11.750+0000] {processor.py:830} INFO - Processing file /opt/airflow/dags/main.py for tasks to queue
[2026-02-17T00:28:11.752+0000] {logging_mixin.py:188} INFO - [2026-02-17T00:28:11.752+0000] {dagbag.py:545} INFO - Filling up the DagBag from /opt/airflow/dags/main.py
[2026-02-17T00:28:11.797+0000] {processor.py:840} INFO - DAG(s) 'produce_json' retrieved from /opt/airflow/dags/main.py
[2026-02-17T00:28:11.839+0000] {logging_mixin.py:188} INFO - [2026-02-17T00:28:11.839+0000] {dag.py:3096} INFO - Sync 1 DAGs
[2026-02-17T00:28:11.868+0000] {logging_mixin.py:188} INFO - [2026-02-17T00:28:11.868+0000] {dag.py:3954} INFO - Setting next_dagrun for produce_json to 2026-02-16 14:00:00+00:00, run_after=2026-02-17 14:00:00+00:00
[2026-02-17T00:28:11.904+0000] {processor.py:183} INFO - Processing /opt/airflow/dags/main.py took 0.160 seconds
[2026-02-17T00:28:42.000+0000] {processor.py:161} INFO - Started process (PID=4980) to work on /opt/airflow/dags/main.py
[2026-02-17T00:28:42.001+0000] {processor.py:830} INFO - Processing file /opt/airflow/dags/main.py for tasks to queue
[2026-02-17T00:28:42.002+0000] {logging_mixin.py:188} INFO - [2026-02-17T00:28:42.002+0000] {dagbag.py:545} INFO - Filling up the DagBag from /opt/airflow/dags/main.py
[2026-02-17T00:28:42.041+0000] {processor.py:840} INFO - DAG(s) 'produce_json' retrieved from /opt/airflow/dags/main.py
[2026-02-17T00:28:42.071+0000] {logging_mixin.py:188} INFO - [2026-02-17T00:28:42.071+0000] {dag.py:3096} INFO - Sync 1 DAGs
[2026-02-17T00:28:42.092+0000] {logging_mixin.py:188} INFO - [2026-02-17T00:28:42.092+0000] {dag.py:3954} INFO - Setting next_dagrun for produce_json to 2026-02-16 14:00:00+00:00, run_after=2026-02-17 14:00:00+00:00
[2026-02-17T00:28:42.124+0000] {processor.py:183} INFO - Processing /opt/airflow/dags/main.py took 0.129 seconds
[2026-02-17T00:29:12.398+0000] {processor.py:161} INFO - Started process (PID=4987) to work on /opt/airflow/dags/main.py
[2026-02-17T00:29:12.400+0000] {processor.py:830} INFO - Processing file /opt/airflow/dags/main.py for tasks to queue
[2026-02-17T00:29:12.401+0000] {logging_mixin.py:188} INFO - [2026-02-17T00:29:12.401+0000] {dagbag.py:545} INFO - Filling up the DagBag from /opt/airflow/dags/main.py
[2026-02-17T00:29:12.448+0000] {processor.py:840} INFO - DAG(s) 'produce_json' retrieved from /opt/airflow/dags/main.py
[2026-02-17T00:29:12.474+0000] {logging_mixin.py:188} INFO - [2026-02-17T00:29:12.473+0000] {dag.py:3096} INFO - Sync 1 DAGs
[2026-02-17T00:29:12.493+0000] {logging_mixin.py:188} INFO - [2026-02-17T00:29:12.493+0000] {dag.py:3954} INFO - Setting next_dagrun for produce_json to 2026-02-16 14:00:00+00:00, run_after=2026-02-17 14:00:00+00:00
[2026-02-17T00:29:12.513+0000] {processor.py:183} INFO - Processing /opt/airflow/dags/main.py took 0.119 seconds
[2026-02-17T00:29:42.664+0000] {processor.py:161} INFO - Started process (PID=4994) to work on /opt/airflow/dags/main.py
[2026-02-17T00:29:42.665+0000] {processor.py:830} INFO - Processing file /opt/airflow/dags/main.py for tasks to queue
[2026-02-17T00:29:42.667+0000] {logging_mixin.py:188} INFO - [2026-02-17T00:29:42.667+0000] {dagbag.py:545} INFO - Filling up the DagBag from /opt/airflow/dags/main.py
[2026-02-17T00:29:42.710+0000] {processor.py:840} INFO - DAG(s) 'produce_json' retrieved from /opt/airflow/dags/main.py
[2026-02-17T00:29:42.737+0000] {logging_mixin.py:188} INFO - [2026-02-17T00:29:42.737+0000] {dag.py:3096} INFO - Sync 1 DAGs
[2026-02-17T00:29:42.756+0000] {logging_mixin.py:188} INFO - [2026-02-17T00:29:42.756+0000] {dag.py:3954} INFO - Setting next_dagrun for produce_json to 2026-02-16 14:00:00+00:00, run_after=2026-02-17 14:00:00+00:00
[2026-02-17T00:29:42.787+0000] {processor.py:183} INFO - Processing /opt/airflow/dags/main.py took 0.128 seconds
[2026-02-17T00:30:13.087+0000] {processor.py:161} INFO - Started process (PID=5001) to work on /opt/airflow/dags/main.py
[2026-02-17T00:30:13.088+0000] {processor.py:830} INFO - Processing file /opt/airflow/dags/main.py for tasks to queue
[2026-02-17T00:30:13.091+0000] {logging_mixin.py:188} INFO - [2026-02-17T00:30:13.090+0000] {dagbag.py:545} INFO - Filling up the DagBag from /opt/airflow/dags/main.py
[2026-02-17T00:30:13.131+0000] {processor.py:840} INFO - DAG(s) 'produce_json' retrieved from /opt/airflow/dags/main.py
[2026-02-17T00:30:13.173+0000] {logging_mixin.py:188} INFO - [2026-02-17T00:30:13.172+0000] {dag.py:3096} INFO - Sync 1 DAGs
[2026-02-17T00:30:13.206+0000] {logging_mixin.py:188} INFO - [2026-02-17T00:30:13.206+0000] {dag.py:3954} INFO - Setting next_dagrun for produce_json to 2026-02-16 14:00:00+00:00, run_after=2026-02-17 14:00:00+00:00
[2026-02-17T00:30:13.227+0000] {processor.py:183} INFO - Processing /opt/airflow/dags/main.py took 0.145 seconds
[2026-02-17T00:30:43.323+0000] {processor.py:161} INFO - Started process (PID=5008) to work on /opt/airflow/dags/main.py
[2026-02-17T00:30:43.324+0000] {processor.py:830} INFO - Processing file /opt/airflow/dags/main.py for tasks to queue
[2026-02-17T00:30:43.327+0000] {logging_mixin.py:188} INFO - [2026-02-17T00:30:43.326+0000] {dagbag.py:545} INFO - Filling up the DagBag from /opt/airflow/dags/main.py
[2026-02-17T00:30:43.366+0000] {processor.py:840} INFO - DAG(s) 'produce_json' retrieved from /opt/airflow/dags/main.py
[2026-02-17T00:30:43.393+0000] {logging_mixin.py:188} INFO - [2026-02-17T00:30:43.393+0000] {dag.py:3096} INFO - Sync 1 DAGs
[2026-02-17T00:30:43.414+0000] {logging_mixin.py:188} INFO - [2026-02-17T00:30:43.414+0000] {dag.py:3954} INFO - Setting next_dagrun for produce_json to 2026-02-16 14:00:00+00:00, run_after=2026-02-17 14:00:00+00:00
[2026-02-17T00:30:43.435+0000] {processor.py:183} INFO - Processing /opt/airflow/dags/main.py took 0.118 seconds
[2026-02-17T00:31:13.730+0000] {processor.py:161} INFO - Started process (PID=5015) to work on /opt/airflow/dags/main.py
[2026-02-17T00:31:13.731+0000] {processor.py:830} INFO - Processing file /opt/airflow/dags/main.py for tasks to queue
[2026-02-17T00:31:13.735+0000] {logging_mixin.py:188} INFO - [2026-02-17T00:31:13.734+0000] {dagbag.py:545} INFO - Filling up the DagBag from /opt/airflow/dags/main.py
[2026-02-17T00:31:13.794+0000] {processor.py:840} INFO - DAG(s) 'produce_json' retrieved from /opt/airflow/dags/main.py
[2026-02-17T00:31:13.827+0000] {logging_mixin.py:188} INFO - [2026-02-17T00:31:13.826+0000] {dag.py:3096} INFO - Sync 1 DAGs
[2026-02-17T00:31:13.849+0000] {logging_mixin.py:188} INFO - [2026-02-17T00:31:13.848+0000] {dag.py:3954} INFO - Setting next_dagrun for produce_json to 2026-02-16 14:00:00+00:00, run_after=2026-02-17 14:00:00+00:00
[2026-02-17T00:31:13.874+0000] {processor.py:183} INFO - Processing /opt/airflow/dags/main.py took 0.150 seconds
[2026-02-17T00:31:43.986+0000] {processor.py:161} INFO - Started process (PID=5022) to work on /opt/airflow/dags/main.py
[2026-02-17T00:31:43.987+0000] {processor.py:830} INFO - Processing file /opt/airflow/dags/main.py for tasks to queue
[2026-02-17T00:31:43.989+0000] {logging_mixin.py:188} INFO - [2026-02-17T00:31:43.989+0000] {dagbag.py:545} INFO - Filling up the DagBag from /opt/airflow/dags/main.py
[2026-02-17T00:31:44.031+0000] {processor.py:840} INFO - DAG(s) 'produce_json' retrieved from /opt/airflow/dags/main.py
[2026-02-17T00:31:44.057+0000] {logging_mixin.py:188} INFO - [2026-02-17T00:31:44.057+0000] {dag.py:3096} INFO - Sync 1 DAGs
[2026-02-17T00:31:44.077+0000] {logging_mixin.py:188} INFO - [2026-02-17T00:31:44.077+0000] {dag.py:3954} INFO - Setting next_dagrun for produce_json to 2026-02-16 14:00:00+00:00, run_after=2026-02-17 14:00:00+00:00
[2026-02-17T00:31:44.106+0000] {processor.py:183} INFO - Processing /opt/airflow/dags/main.py took 0.125 seconds
[2026-02-17T00:32:14.379+0000] {processor.py:161} INFO - Started process (PID=5029) to work on /opt/airflow/dags/main.py
[2026-02-17T00:32:14.380+0000] {processor.py:830} INFO - Processing file /opt/airflow/dags/main.py for tasks to queue
[2026-02-17T00:32:14.382+0000] {logging_mixin.py:188} INFO - [2026-02-17T00:32:14.381+0000] {dagbag.py:545} INFO - Filling up the DagBag from /opt/airflow/dags/main.py
[2026-02-17T00:32:14.421+0000] {processor.py:840} INFO - DAG(s) 'produce_json' retrieved from /opt/airflow/dags/main.py
[2026-02-17T00:32:14.449+0000] {logging_mixin.py:188} INFO - [2026-02-17T00:32:14.449+0000] {dag.py:3096} INFO - Sync 1 DAGs
[2026-02-17T00:32:14.472+0000] {logging_mixin.py:188} INFO - [2026-02-17T00:32:14.472+0000] {dag.py:3954} INFO - Setting next_dagrun for produce_json to 2026-02-16 14:00:00+00:00, run_after=2026-02-17 14:00:00+00:00
[2026-02-17T00:32:14.504+0000] {processor.py:183} INFO - Processing /opt/airflow/dags/main.py took 0.130 seconds
[2026-02-17T00:32:44.633+0000] {processor.py:161} INFO - Started process (PID=5037) to work on /opt/airflow/dags/main.py
[2026-02-17T00:32:44.634+0000] {processor.py:830} INFO - Processing file /opt/airflow/dags/main.py for tasks to queue
[2026-02-17T00:32:44.636+0000] {logging_mixin.py:188} INFO - [2026-02-17T00:32:44.636+0000] {dagbag.py:545} INFO - Filling up the DagBag from /opt/airflow/dags/main.py
[2026-02-17T00:32:44.677+0000] {processor.py:840} INFO - DAG(s) 'produce_json' retrieved from /opt/airflow/dags/main.py
[2026-02-17T00:32:44.708+0000] {logging_mixin.py:188} INFO - [2026-02-17T00:32:44.708+0000] {dag.py:3096} INFO - Sync 1 DAGs
[2026-02-17T00:32:44.730+0000] {logging_mixin.py:188} INFO - [2026-02-17T00:32:44.730+0000] {dag.py:3954} INFO - Setting next_dagrun for produce_json to 2026-02-16 14:00:00+00:00, run_after=2026-02-17 14:00:00+00:00
[2026-02-17T00:32:44.753+0000] {processor.py:183} INFO - Processing /opt/airflow/dags/main.py took 0.127 seconds
[2026-02-17T00:33:15.038+0000] {processor.py:161} INFO - Started process (PID=5044) to work on /opt/airflow/dags/main.py
[2026-02-17T00:33:15.040+0000] {processor.py:830} INFO - Processing file /opt/airflow/dags/main.py for tasks to queue
[2026-02-17T00:33:15.042+0000] {logging_mixin.py:188} INFO - [2026-02-17T00:33:15.041+0000] {dagbag.py:545} INFO - Filling up the DagBag from /opt/airflow/dags/main.py
[2026-02-17T00:33:15.081+0000] {processor.py:840} INFO - DAG(s) 'produce_json' retrieved from /opt/airflow/dags/main.py
[2026-02-17T00:33:15.106+0000] {logging_mixin.py:188} INFO - [2026-02-17T00:33:15.106+0000] {dag.py:3096} INFO - Sync 1 DAGs
[2026-02-17T00:33:15.126+0000] {logging_mixin.py:188} INFO - [2026-02-17T00:33:15.126+0000] {dag.py:3954} INFO - Setting next_dagrun for produce_json to 2026-02-16 14:00:00+00:00, run_after=2026-02-17 14:00:00+00:00
[2026-02-17T00:33:15.149+0000] {processor.py:183} INFO - Processing /opt/airflow/dags/main.py took 0.115 seconds
[2026-02-17T00:33:45.304+0000] {processor.py:161} INFO - Started process (PID=5051) to work on /opt/airflow/dags/main.py
[2026-02-17T00:33:45.305+0000] {processor.py:830} INFO - Processing file /opt/airflow/dags/main.py for tasks to queue
[2026-02-17T00:33:45.307+0000] {logging_mixin.py:188} INFO - [2026-02-17T00:33:45.306+0000] {dagbag.py:545} INFO - Filling up the DagBag from /opt/airflow/dags/main.py
[2026-02-17T00:33:45.346+0000] {processor.py:840} INFO - DAG(s) 'produce_json' retrieved from /opt/airflow/dags/main.py
[2026-02-17T00:33:45.375+0000] {logging_mixin.py:188} INFO - [2026-02-17T00:33:45.375+0000] {dag.py:3096} INFO - Sync 1 DAGs
[2026-02-17T00:33:45.398+0000] {logging_mixin.py:188} INFO - [2026-02-17T00:33:45.397+0000] {dag.py:3954} INFO - Setting next_dagrun for produce_json to 2026-02-16 14:00:00+00:00, run_after=2026-02-17 14:00:00+00:00
[2026-02-17T00:33:45.419+0000] {processor.py:183} INFO - Processing /opt/airflow/dags/main.py took 0.121 seconds
[2026-02-17T00:34:15.602+0000] {processor.py:161} INFO - Started process (PID=5058) to work on /opt/airflow/dags/main.py
[2026-02-17T00:34:15.603+0000] {processor.py:830} INFO - Processing file /opt/airflow/dags/main.py for tasks to queue
[2026-02-17T00:34:15.605+0000] {logging_mixin.py:188} INFO - [2026-02-17T00:34:15.605+0000] {dagbag.py:545} INFO - Filling up the DagBag from /opt/airflow/dags/main.py
[2026-02-17T00:34:15.643+0000] {processor.py:840} INFO - DAG(s) 'produce_json' retrieved from /opt/airflow/dags/main.py
[2026-02-17T00:34:15.671+0000] {logging_mixin.py:188} INFO - [2026-02-17T00:34:15.671+0000] {dag.py:3096} INFO - Sync 1 DAGs
[2026-02-17T00:34:15.692+0000] {logging_mixin.py:188} INFO - [2026-02-17T00:34:15.692+0000] {dag.py:3954} INFO - Setting next_dagrun for produce_json to 2026-02-16 14:00:00+00:00, run_after=2026-02-17 14:00:00+00:00
[2026-02-17T00:34:15.725+0000] {processor.py:183} INFO - Processing /opt/airflow/dags/main.py took 0.128 seconds
[2026-02-17T00:34:45.855+0000] {processor.py:161} INFO - Started process (PID=5065) to work on /opt/airflow/dags/main.py
[2026-02-17T00:34:45.856+0000] {processor.py:830} INFO - Processing file /opt/airflow/dags/main.py for tasks to queue
[2026-02-17T00:34:45.857+0000] {logging_mixin.py:188} INFO - [2026-02-17T00:34:45.857+0000] {dagbag.py:545} INFO - Filling up the DagBag from /opt/airflow/dags/main.py
[2026-02-17T00:34:45.901+0000] {processor.py:840} INFO - DAG(s) 'produce_json' retrieved from /opt/airflow/dags/main.py
[2026-02-17T00:34:45.929+0000] {logging_mixin.py:188} INFO - [2026-02-17T00:34:45.929+0000] {dag.py:3096} INFO - Sync 1 DAGs
[2026-02-17T00:34:45.952+0000] {logging_mixin.py:188} INFO - [2026-02-17T00:34:45.951+0000] {dag.py:3954} INFO - Setting next_dagrun for produce_json to 2026-02-16 14:00:00+00:00, run_after=2026-02-17 14:00:00+00:00
[2026-02-17T00:34:45.983+0000] {processor.py:183} INFO - Processing /opt/airflow/dags/main.py took 0.134 seconds
[2026-02-17T00:35:16.296+0000] {processor.py:161} INFO - Started process (PID=5072) to work on /opt/airflow/dags/main.py
[2026-02-17T00:35:16.298+0000] {processor.py:830} INFO - Processing file /opt/airflow/dags/main.py for tasks to queue
[2026-02-17T00:35:16.301+0000] {logging_mixin.py:188} INFO - [2026-02-17T00:35:16.300+0000] {dagbag.py:545} INFO - Filling up the DagBag from /opt/airflow/dags/main.py
[2026-02-17T00:35:16.380+0000] {processor.py:840} INFO - DAG(s) 'produce_json' retrieved from /opt/airflow/dags/main.py
[2026-02-17T00:35:16.409+0000] {logging_mixin.py:188} INFO - [2026-02-17T00:35:16.409+0000] {dag.py:3096} INFO - Sync 1 DAGs
[2026-02-17T00:35:16.431+0000] {logging_mixin.py:188} INFO - [2026-02-17T00:35:16.431+0000] {dag.py:3954} INFO - Setting next_dagrun for produce_json to 2026-02-16 14:00:00+00:00, run_after=2026-02-17 14:00:00+00:00
[2026-02-17T00:35:16.453+0000] {processor.py:183} INFO - Processing /opt/airflow/dags/main.py took 0.166 seconds
[2026-02-17T00:35:46.502+0000] {processor.py:161} INFO - Started process (PID=5079) to work on /opt/airflow/dags/main.py
[2026-02-17T00:35:46.504+0000] {processor.py:830} INFO - Processing file /opt/airflow/dags/main.py for tasks to queue
[2026-02-17T00:35:46.506+0000] {logging_mixin.py:188} INFO - [2026-02-17T00:35:46.506+0000] {dagbag.py:545} INFO - Filling up the DagBag from /opt/airflow/dags/main.py
[2026-02-17T00:35:46.558+0000] {processor.py:840} INFO - DAG(s) 'produce_json' retrieved from /opt/airflow/dags/main.py
[2026-02-17T00:35:46.591+0000] {logging_mixin.py:188} INFO - [2026-02-17T00:35:46.590+0000] {dag.py:3096} INFO - Sync 1 DAGs
[2026-02-17T00:35:46.623+0000] {logging_mixin.py:188} INFO - [2026-02-17T00:35:46.623+0000] {dag.py:3954} INFO - Setting next_dagrun for produce_json to 2026-02-16 14:00:00+00:00, run_after=2026-02-17 14:00:00+00:00
[2026-02-17T00:35:46.651+0000] {processor.py:183} INFO - Processing /opt/airflow/dags/main.py took 0.156 seconds
[2026-02-17T00:36:16.855+0000] {processor.py:161} INFO - Started process (PID=5086) to work on /opt/airflow/dags/main.py
[2026-02-17T00:36:16.857+0000] {processor.py:830} INFO - Processing file /opt/airflow/dags/main.py for tasks to queue
[2026-02-17T00:36:16.860+0000] {logging_mixin.py:188} INFO - [2026-02-17T00:36:16.859+0000] {dagbag.py:545} INFO - Filling up the DagBag from /opt/airflow/dags/main.py
[2026-02-17T00:36:16.911+0000] {processor.py:840} INFO - DAG(s) 'produce_json' retrieved from /opt/airflow/dags/main.py
[2026-02-17T00:36:16.942+0000] {logging_mixin.py:188} INFO - [2026-02-17T00:36:16.942+0000] {dag.py:3096} INFO - Sync 1 DAGs
[2026-02-17T00:36:16.967+0000] {logging_mixin.py:188} INFO - [2026-02-17T00:36:16.967+0000] {dag.py:3954} INFO - Setting next_dagrun for produce_json to 2026-02-16 14:00:00+00:00, run_after=2026-02-17 14:00:00+00:00
[2026-02-17T00:36:16.999+0000] {processor.py:183} INFO - Processing /opt/airflow/dags/main.py took 0.151 seconds
[2026-02-17T00:36:47.146+0000] {processor.py:161} INFO - Started process (PID=5093) to work on /opt/airflow/dags/main.py
[2026-02-17T00:36:47.148+0000] {processor.py:830} INFO - Processing file /opt/airflow/dags/main.py for tasks to queue
[2026-02-17T00:36:47.151+0000] {logging_mixin.py:188} INFO - [2026-02-17T00:36:47.150+0000] {dagbag.py:545} INFO - Filling up the DagBag from /opt/airflow/dags/main.py
[2026-02-17T00:36:47.217+0000] {processor.py:840} INFO - DAG(s) 'produce_json' retrieved from /opt/airflow/dags/main.py
[2026-02-17T00:36:47.252+0000] {logging_mixin.py:188} INFO - [2026-02-17T00:36:47.252+0000] {dag.py:3096} INFO - Sync 1 DAGs
[2026-02-17T00:36:47.278+0000] {logging_mixin.py:188} INFO - [2026-02-17T00:36:47.278+0000] {dag.py:3954} INFO - Setting next_dagrun for produce_json to 2026-02-16 14:00:00+00:00, run_after=2026-02-17 14:00:00+00:00
[2026-02-17T00:36:47.313+0000] {processor.py:183} INFO - Processing /opt/airflow/dags/main.py took 0.175 seconds
[2026-02-17T00:37:17.467+0000] {processor.py:161} INFO - Started process (PID=5100) to work on /opt/airflow/dags/main.py
[2026-02-17T00:37:17.468+0000] {processor.py:830} INFO - Processing file /opt/airflow/dags/main.py for tasks to queue
[2026-02-17T00:37:17.470+0000] {logging_mixin.py:188} INFO - [2026-02-17T00:37:17.470+0000] {dagbag.py:545} INFO - Filling up the DagBag from /opt/airflow/dags/main.py
[2026-02-17T00:37:17.516+0000] {processor.py:840} INFO - DAG(s) 'produce_json' retrieved from /opt/airflow/dags/main.py
[2026-02-17T00:37:17.544+0000] {logging_mixin.py:188} INFO - [2026-02-17T00:37:17.544+0000] {dag.py:3096} INFO - Sync 1 DAGs
[2026-02-17T00:37:17.566+0000] {logging_mixin.py:188} INFO - [2026-02-17T00:37:17.566+0000] {dag.py:3954} INFO - Setting next_dagrun for produce_json to 2026-02-16 14:00:00+00:00, run_after=2026-02-17 14:00:00+00:00
[2026-02-17T00:37:17.589+0000] {processor.py:183} INFO - Processing /opt/airflow/dags/main.py took 0.130 seconds
[2026-02-17T00:37:47.731+0000] {processor.py:161} INFO - Started process (PID=5107) to work on /opt/airflow/dags/main.py
[2026-02-17T00:37:47.733+0000] {processor.py:830} INFO - Processing file /opt/airflow/dags/main.py for tasks to queue
[2026-02-17T00:37:47.735+0000] {logging_mixin.py:188} INFO - [2026-02-17T00:37:47.734+0000] {dagbag.py:545} INFO - Filling up the DagBag from /opt/airflow/dags/main.py
[2026-02-17T00:37:47.780+0000] {processor.py:840} INFO - DAG(s) 'produce_json' retrieved from /opt/airflow/dags/main.py
[2026-02-17T00:37:47.813+0000] {logging_mixin.py:188} INFO - [2026-02-17T00:37:47.813+0000] {dag.py:3096} INFO - Sync 1 DAGs
[2026-02-17T00:37:47.836+0000] {logging_mixin.py:188} INFO - [2026-02-17T00:37:47.836+0000] {dag.py:3954} INFO - Setting next_dagrun for produce_json to 2026-02-16 14:00:00+00:00, run_after=2026-02-17 14:00:00+00:00
[2026-02-17T00:37:47.858+0000] {processor.py:183} INFO - Processing /opt/airflow/dags/main.py took 0.133 seconds
[2026-02-17T00:38:18.021+0000] {processor.py:161} INFO - Started process (PID=5114) to work on /opt/airflow/dags/main.py
[2026-02-17T00:38:18.022+0000] {processor.py:830} INFO - Processing file /opt/airflow/dags/main.py for tasks to queue
[2026-02-17T00:38:18.024+0000] {logging_mixin.py:188} INFO - [2026-02-17T00:38:18.024+0000] {dagbag.py:545} INFO - Filling up the DagBag from /opt/airflow/dags/main.py
[2026-02-17T00:38:18.064+0000] {processor.py:840} INFO - DAG(s) 'produce_json' retrieved from /opt/airflow/dags/main.py
[2026-02-17T00:38:18.091+0000] {logging_mixin.py:188} INFO - [2026-02-17T00:38:18.091+0000] {dag.py:3096} INFO - Sync 1 DAGs
[2026-02-17T00:38:18.110+0000] {logging_mixin.py:188} INFO - [2026-02-17T00:38:18.110+0000] {dag.py:3954} INFO - Setting next_dagrun for produce_json to 2026-02-16 14:00:00+00:00, run_after=2026-02-17 14:00:00+00:00
[2026-02-17T00:38:18.142+0000] {processor.py:183} INFO - Processing /opt/airflow/dags/main.py took 0.126 seconds
[2026-02-17T00:38:48.255+0000] {processor.py:161} INFO - Started process (PID=5121) to work on /opt/airflow/dags/main.py
[2026-02-17T00:38:48.256+0000] {processor.py:830} INFO - Processing file /opt/airflow/dags/main.py for tasks to queue
[2026-02-17T00:38:48.258+0000] {logging_mixin.py:188} INFO - [2026-02-17T00:38:48.258+0000] {dagbag.py:545} INFO - Filling up the DagBag from /opt/airflow/dags/main.py
[2026-02-17T00:38:48.306+0000] {processor.py:840} INFO - DAG(s) 'produce_json' retrieved from /opt/airflow/dags/main.py
[2026-02-17T00:38:48.337+0000] {logging_mixin.py:188} INFO - [2026-02-17T00:38:48.337+0000] {dag.py:3096} INFO - Sync 1 DAGs
[2026-02-17T00:38:48.358+0000] {logging_mixin.py:188} INFO - [2026-02-17T00:38:48.358+0000] {dag.py:3954} INFO - Setting next_dagrun for produce_json to 2026-02-16 14:00:00+00:00, run_after=2026-02-17 14:00:00+00:00
[2026-02-17T00:38:48.391+0000] {processor.py:183} INFO - Processing /opt/airflow/dags/main.py took 0.143 seconds
[2026-02-17T00:39:18.584+0000] {processor.py:161} INFO - Started process (PID=5128) to work on /opt/airflow/dags/main.py
[2026-02-17T00:39:18.585+0000] {processor.py:830} INFO - Processing file /opt/airflow/dags/main.py for tasks to queue
[2026-02-17T00:39:18.587+0000] {logging_mixin.py:188} INFO - [2026-02-17T00:39:18.586+0000] {dagbag.py:545} INFO - Filling up the DagBag from /opt/airflow/dags/main.py
[2026-02-17T00:39:18.631+0000] {processor.py:840} INFO - DAG(s) 'produce_json' retrieved from /opt/airflow/dags/main.py
[2026-02-17T00:39:18.661+0000] {logging_mixin.py:188} INFO - [2026-02-17T00:39:18.660+0000] {dag.py:3096} INFO - Sync 1 DAGs
[2026-02-17T00:39:18.682+0000] {logging_mixin.py:188} INFO - [2026-02-17T00:39:18.682+0000] {dag.py:3954} INFO - Setting next_dagrun for produce_json to 2026-02-16 14:00:00+00:00, run_after=2026-02-17 14:00:00+00:00
[2026-02-17T00:39:18.712+0000] {processor.py:183} INFO - Processing /opt/airflow/dags/main.py took 0.134 seconds
[2026-02-17T00:39:48.861+0000] {processor.py:161} INFO - Started process (PID=5135) to work on /opt/airflow/dags/main.py
[2026-02-17T00:39:48.862+0000] {processor.py:830} INFO - Processing file /opt/airflow/dags/main.py for tasks to queue
[2026-02-17T00:39:48.864+0000] {logging_mixin.py:188} INFO - [2026-02-17T00:39:48.863+0000] {dagbag.py:545} INFO - Filling up the DagBag from /opt/airflow/dags/main.py
[2026-02-17T00:39:48.906+0000] {processor.py:840} INFO - DAG(s) 'produce_json' retrieved from /opt/airflow/dags/main.py
[2026-02-17T00:39:48.934+0000] {logging_mixin.py:188} INFO - [2026-02-17T00:39:48.933+0000] {dag.py:3096} INFO - Sync 1 DAGs
[2026-02-17T00:39:48.955+0000] {logging_mixin.py:188} INFO - [2026-02-17T00:39:48.955+0000] {dag.py:3954} INFO - Setting next_dagrun for produce_json to 2026-02-16 14:00:00+00:00, run_after=2026-02-17 14:00:00+00:00
[2026-02-17T00:39:48.989+0000] {processor.py:183} INFO - Processing /opt/airflow/dags/main.py took 0.133 seconds
[2026-02-17T00:40:19.184+0000] {processor.py:161} INFO - Started process (PID=5142) to work on /opt/airflow/dags/main.py
[2026-02-17T00:40:19.185+0000] {processor.py:830} INFO - Processing file /opt/airflow/dags/main.py for tasks to queue
[2026-02-17T00:40:19.188+0000] {logging_mixin.py:188} INFO - [2026-02-17T00:40:19.187+0000] {dagbag.py:545} INFO - Filling up the DagBag from /opt/airflow/dags/main.py
[2026-02-17T00:40:19.247+0000] {processor.py:840} INFO - DAG(s) 'produce_json' retrieved from /opt/airflow/dags/main.py
[2026-02-17T00:40:19.278+0000] {logging_mixin.py:188} INFO - [2026-02-17T00:40:19.277+0000] {dag.py:3096} INFO - Sync 1 DAGs
[2026-02-17T00:40:19.290+0000] {logging_mixin.py:188} INFO - [2026-02-17T00:40:19.290+0000] {dag.py:3954} INFO - Setting next_dagrun for produce_json to 2026-02-16 14:00:00+00:00, run_after=2026-02-17 14:00:00+00:00
[2026-02-17T00:40:19.312+0000] {processor.py:183} INFO - Processing /opt/airflow/dags/main.py took 0.145 seconds
[2026-02-17T00:40:49.403+0000] {processor.py:161} INFO - Started process (PID=5149) to work on /opt/airflow/dags/main.py
[2026-02-17T00:40:49.405+0000] {processor.py:830} INFO - Processing file /opt/airflow/dags/main.py for tasks to queue
[2026-02-17T00:40:49.406+0000] {logging_mixin.py:188} INFO - [2026-02-17T00:40:49.406+0000] {dagbag.py:545} INFO - Filling up the DagBag from /opt/airflow/dags/main.py
[2026-02-17T00:40:49.449+0000] {processor.py:840} INFO - DAG(s) 'produce_json' retrieved from /opt/airflow/dags/main.py
[2026-02-17T00:40:49.475+0000] {logging_mixin.py:188} INFO - [2026-02-17T00:40:49.475+0000] {dag.py:3096} INFO - Sync 1 DAGs
[2026-02-17T00:40:49.494+0000] {logging_mixin.py:188} INFO - [2026-02-17T00:40:49.494+0000] {dag.py:3954} INFO - Setting next_dagrun for produce_json to 2026-02-16 14:00:00+00:00, run_after=2026-02-17 14:00:00+00:00
[2026-02-17T00:40:49.516+0000] {processor.py:183} INFO - Processing /opt/airflow/dags/main.py took 0.118 seconds
[2026-02-17T00:41:19.756+0000] {processor.py:161} INFO - Started process (PID=5156) to work on /opt/airflow/dags/main.py
[2026-02-17T00:41:19.757+0000] {processor.py:830} INFO - Processing file /opt/airflow/dags/main.py for tasks to queue
[2026-02-17T00:41:19.759+0000] {logging_mixin.py:188} INFO - [2026-02-17T00:41:19.759+0000] {dagbag.py:545} INFO - Filling up the DagBag from /opt/airflow/dags/main.py
[2026-02-17T00:41:19.818+0000] {processor.py:840} INFO - DAG(s) 'produce_json' retrieved from /opt/airflow/dags/main.py
[2026-02-17T00:41:19.847+0000] {logging_mixin.py:188} INFO - [2026-02-17T00:41:19.847+0000] {dag.py:3096} INFO - Sync 1 DAGs
[2026-02-17T00:41:19.869+0000] {logging_mixin.py:188} INFO - [2026-02-17T00:41:19.869+0000] {dag.py:3954} INFO - Setting next_dagrun for produce_json to 2026-02-16 14:00:00+00:00, run_after=2026-02-17 14:00:00+00:00
[2026-02-17T00:41:19.903+0000] {processor.py:183} INFO - Processing /opt/airflow/dags/main.py took 0.153 seconds
[2026-02-17T00:41:50.025+0000] {processor.py:161} INFO - Started process (PID=5163) to work on /opt/airflow/dags/main.py
[2026-02-17T00:41:50.026+0000] {processor.py:830} INFO - Processing file /opt/airflow/dags/main.py for tasks to queue
[2026-02-17T00:41:50.028+0000] {logging_mixin.py:188} INFO - [2026-02-17T00:41:50.028+0000] {dagbag.py:545} INFO - Filling up the DagBag from /opt/airflow/dags/main.py
[2026-02-17T00:41:50.073+0000] {processor.py:840} INFO - DAG(s) 'produce_json' retrieved from /opt/airflow/dags/main.py
[2026-02-17T00:41:50.102+0000] {logging_mixin.py:188} INFO - [2026-02-17T00:41:50.102+0000] {dag.py:3096} INFO - Sync 1 DAGs
[2026-02-17T00:41:50.123+0000] {logging_mixin.py:188} INFO - [2026-02-17T00:41:50.123+0000] {dag.py:3954} INFO - Setting next_dagrun for produce_json to 2026-02-16 14:00:00+00:00, run_after=2026-02-17 14:00:00+00:00
[2026-02-17T00:41:50.144+0000] {processor.py:183} INFO - Processing /opt/airflow/dags/main.py took 0.124 seconds
[2026-02-17T00:42:20.394+0000] {processor.py:161} INFO - Started process (PID=5170) to work on /opt/airflow/dags/main.py
[2026-02-17T00:42:20.395+0000] {processor.py:830} INFO - Processing file /opt/airflow/dags/main.py for tasks to queue
[2026-02-17T00:42:20.398+0000] {logging_mixin.py:188} INFO - [2026-02-17T00:42:20.397+0000] {dagbag.py:545} INFO - Filling up the DagBag from /opt/airflow/dags/main.py
[2026-02-17T00:42:20.448+0000] {processor.py:840} INFO - DAG(s) 'produce_json' retrieved from /opt/airflow/dags/main.py
[2026-02-17T00:42:20.480+0000] {logging_mixin.py:188} INFO - [2026-02-17T00:42:20.479+0000] {dag.py:3096} INFO - Sync 1 DAGs
[2026-02-17T00:42:20.504+0000] {logging_mixin.py:188} INFO - [2026-02-17T00:42:20.504+0000] {dag.py:3954} INFO - Setting next_dagrun for produce_json to 2026-02-16 14:00:00+00:00, run_after=2026-02-17 14:00:00+00:00
[2026-02-17T00:42:20.524+0000] {processor.py:183} INFO - Processing /opt/airflow/dags/main.py took 0.138 seconds
[2026-02-17T00:42:50.598+0000] {processor.py:161} INFO - Started process (PID=5177) to work on /opt/airflow/dags/main.py
[2026-02-17T00:42:50.600+0000] {processor.py:830} INFO - Processing file /opt/airflow/dags/main.py for tasks to queue
[2026-02-17T00:42:50.602+0000] {logging_mixin.py:188} INFO - [2026-02-17T00:42:50.601+0000] {dagbag.py:545} INFO - Filling up the DagBag from /opt/airflow/dags/main.py
[2026-02-17T00:42:50.652+0000] {processor.py:840} INFO - DAG(s) 'produce_json' retrieved from /opt/airflow/dags/main.py
[2026-02-17T00:42:50.687+0000] {logging_mixin.py:188} INFO - [2026-02-17T00:42:50.686+0000] {dag.py:3096} INFO - Sync 1 DAGs
[2026-02-17T00:42:50.711+0000] {logging_mixin.py:188} INFO - [2026-02-17T00:42:50.711+0000] {dag.py:3954} INFO - Setting next_dagrun for produce_json to 2026-02-16 14:00:00+00:00, run_after=2026-02-17 14:00:00+00:00
[2026-02-17T00:42:50.732+0000] {processor.py:183} INFO - Processing /opt/airflow/dags/main.py took 0.139 seconds
[2026-02-17T00:43:20.967+0000] {processor.py:161} INFO - Started process (PID=5184) to work on /opt/airflow/dags/main.py
[2026-02-17T00:43:20.968+0000] {processor.py:830} INFO - Processing file /opt/airflow/dags/main.py for tasks to queue
[2026-02-17T00:43:20.973+0000] {logging_mixin.py:188} INFO - [2026-02-17T00:43:20.972+0000] {dagbag.py:545} INFO - Filling up the DagBag from /opt/airflow/dags/main.py
[2026-02-17T00:43:21.060+0000] {processor.py:840} INFO - DAG(s) 'produce_json' retrieved from /opt/airflow/dags/main.py
[2026-02-17T00:43:21.094+0000] {logging_mixin.py:188} INFO - [2026-02-17T00:43:21.094+0000] {dag.py:3096} INFO - Sync 1 DAGs
[2026-02-17T00:43:21.117+0000] {logging_mixin.py:188} INFO - [2026-02-17T00:43:21.117+0000] {dag.py:3954} INFO - Setting next_dagrun for produce_json to 2026-02-16 14:00:00+00:00, run_after=2026-02-17 14:00:00+00:00
[2026-02-17T00:43:21.151+0000] {processor.py:183} INFO - Processing /opt/airflow/dags/main.py took 0.195 seconds
[2026-02-17T00:43:51.357+0000] {processor.py:161} INFO - Started process (PID=5191) to work on /opt/airflow/dags/main.py
[2026-02-17T00:43:51.358+0000] {processor.py:830} INFO - Processing file /opt/airflow/dags/main.py for tasks to queue
[2026-02-17T00:43:51.360+0000] {logging_mixin.py:188} INFO - [2026-02-17T00:43:51.360+0000] {dagbag.py:545} INFO - Filling up the DagBag from /opt/airflow/dags/main.py
[2026-02-17T00:43:51.427+0000] {processor.py:840} INFO - DAG(s) 'produce_json' retrieved from /opt/airflow/dags/main.py
[2026-02-17T00:43:51.466+0000] {logging_mixin.py:188} INFO - [2026-02-17T00:43:51.465+0000] {dag.py:3096} INFO - Sync 1 DAGs
[2026-02-17T00:43:51.493+0000] {logging_mixin.py:188} INFO - [2026-02-17T00:43:51.492+0000] {dag.py:3954} INFO - Setting next_dagrun for produce_json to 2026-02-16 14:00:00+00:00, run_after=2026-02-17 14:00:00+00:00
[2026-02-17T00:43:51.515+0000] {processor.py:183} INFO - Processing /opt/airflow/dags/main.py took 0.166 seconds
[2026-02-17T00:44:21.560+0000] {processor.py:161} INFO - Started process (PID=5198) to work on /opt/airflow/dags/main.py
[2026-02-17T00:44:21.561+0000] {processor.py:830} INFO - Processing file /opt/airflow/dags/main.py for tasks to queue
[2026-02-17T00:44:21.563+0000] {logging_mixin.py:188} INFO - [2026-02-17T00:44:21.563+0000] {dagbag.py:545} INFO - Filling up the DagBag from /opt/airflow/dags/main.py
[2026-02-17T00:44:21.603+0000] {processor.py:840} INFO - DAG(s) 'produce_json' retrieved from /opt/airflow/dags/main.py
[2026-02-17T00:44:21.631+0000] {logging_mixin.py:188} INFO - [2026-02-17T00:44:21.630+0000] {dag.py:3096} INFO - Sync 1 DAGs
[2026-02-17T00:44:21.651+0000] {logging_mixin.py:188} INFO - [2026-02-17T00:44:21.651+0000] {dag.py:3954} INFO - Setting next_dagrun for produce_json to 2026-02-16 14:00:00+00:00, run_after=2026-02-17 14:00:00+00:00
[2026-02-17T00:44:21.686+0000] {processor.py:183} INFO - Processing /opt/airflow/dags/main.py took 0.131 seconds
[2026-02-17T00:44:51.793+0000] {processor.py:161} INFO - Started process (PID=5205) to work on /opt/airflow/dags/main.py
[2026-02-17T00:44:51.794+0000] {processor.py:830} INFO - Processing file /opt/airflow/dags/main.py for tasks to queue
[2026-02-17T00:44:51.796+0000] {logging_mixin.py:188} INFO - [2026-02-17T00:44:51.796+0000] {dagbag.py:545} INFO - Filling up the DagBag from /opt/airflow/dags/main.py
[2026-02-17T00:44:51.836+0000] {processor.py:840} INFO - DAG(s) 'produce_json' retrieved from /opt/airflow/dags/main.py
[2026-02-17T00:44:51.865+0000] {logging_mixin.py:188} INFO - [2026-02-17T00:44:51.864+0000] {dag.py:3096} INFO - Sync 1 DAGs
[2026-02-17T00:44:51.889+0000] {logging_mixin.py:188} INFO - [2026-02-17T00:44:51.889+0000] {dag.py:3954} INFO - Setting next_dagrun for produce_json to 2026-02-16 14:00:00+00:00, run_after=2026-02-17 14:00:00+00:00
[2026-02-17T00:44:51.913+0000] {processor.py:183} INFO - Processing /opt/airflow/dags/main.py took 0.125 seconds
[2026-02-17T00:45:22.226+0000] {processor.py:161} INFO - Started process (PID=5212) to work on /opt/airflow/dags/main.py
[2026-02-17T00:45:22.226+0000] {processor.py:830} INFO - Processing file /opt/airflow/dags/main.py for tasks to queue
[2026-02-17T00:45:22.229+0000] {logging_mixin.py:188} INFO - [2026-02-17T00:45:22.229+0000] {dagbag.py:545} INFO - Filling up the DagBag from /opt/airflow/dags/main.py
[2026-02-17T00:45:22.273+0000] {processor.py:840} INFO - DAG(s) 'produce_json' retrieved from /opt/airflow/dags/main.py
[2026-02-17T00:45:22.301+0000] {logging_mixin.py:188} INFO - [2026-02-17T00:45:22.300+0000] {dag.py:3096} INFO - Sync 1 DAGs
[2026-02-17T00:45:22.322+0000] {logging_mixin.py:188} INFO - [2026-02-17T00:45:22.322+0000] {dag.py:3954} INFO - Setting next_dagrun for produce_json to 2026-02-16 14:00:00+00:00, run_after=2026-02-17 14:00:00+00:00
[2026-02-17T00:45:22.344+0000] {processor.py:183} INFO - Processing /opt/airflow/dags/main.py took 0.125 seconds
[2026-02-17T00:45:52.444+0000] {processor.py:161} INFO - Started process (PID=5219) to work on /opt/airflow/dags/main.py
[2026-02-17T00:45:52.445+0000] {processor.py:830} INFO - Processing file /opt/airflow/dags/main.py for tasks to queue
[2026-02-17T00:45:52.448+0000] {logging_mixin.py:188} INFO - [2026-02-17T00:45:52.448+0000] {dagbag.py:545} INFO - Filling up the DagBag from /opt/airflow/dags/main.py
[2026-02-17T00:45:52.501+0000] {processor.py:840} INFO - DAG(s) 'produce_json' retrieved from /opt/airflow/dags/main.py
[2026-02-17T00:45:52.533+0000] {logging_mixin.py:188} INFO - [2026-02-17T00:45:52.533+0000] {dag.py:3096} INFO - Sync 1 DAGs
[2026-02-17T00:45:52.562+0000] {logging_mixin.py:188} INFO - [2026-02-17T00:45:52.562+0000] {dag.py:3954} INFO - Setting next_dagrun for produce_json to 2026-02-16 14:00:00+00:00, run_after=2026-02-17 14:00:00+00:00
[2026-02-17T00:45:52.584+0000] {processor.py:183} INFO - Processing /opt/airflow/dags/main.py took 0.148 seconds
[2026-02-17T00:46:22.774+0000] {processor.py:161} INFO - Started process (PID=5226) to work on /opt/airflow/dags/main.py
[2026-02-17T00:46:22.775+0000] {processor.py:830} INFO - Processing file /opt/airflow/dags/main.py for tasks to queue
[2026-02-17T00:46:22.779+0000] {logging_mixin.py:188} INFO - [2026-02-17T00:46:22.779+0000] {dagbag.py:545} INFO - Filling up the DagBag from /opt/airflow/dags/main.py
[2026-02-17T00:46:22.841+0000] {processor.py:840} INFO - DAG(s) 'produce_json' retrieved from /opt/airflow/dags/main.py
[2026-02-17T00:46:22.879+0000] {logging_mixin.py:188} INFO - [2026-02-17T00:46:22.879+0000] {dag.py:3096} INFO - Sync 1 DAGs
[2026-02-17T00:46:22.910+0000] {logging_mixin.py:188} INFO - [2026-02-17T00:46:22.910+0000] {dag.py:3954} INFO - Setting next_dagrun for produce_json to 2026-02-16 14:00:00+00:00, run_after=2026-02-17 14:00:00+00:00
[2026-02-17T00:46:22.936+0000] {processor.py:183} INFO - Processing /opt/airflow/dags/main.py took 0.170 seconds
[2026-02-17T00:46:52.991+0000] {processor.py:161} INFO - Started process (PID=5233) to work on /opt/airflow/dags/main.py
[2026-02-17T00:46:52.992+0000] {processor.py:830} INFO - Processing file /opt/airflow/dags/main.py for tasks to queue
[2026-02-17T00:46:52.997+0000] {logging_mixin.py:188} INFO - [2026-02-17T00:46:52.996+0000] {dagbag.py:545} INFO - Filling up the DagBag from /opt/airflow/dags/main.py
[2026-02-17T00:46:53.057+0000] {processor.py:840} INFO - DAG(s) 'produce_json' retrieved from /opt/airflow/dags/main.py
[2026-02-17T00:46:53.094+0000] {logging_mixin.py:188} INFO - [2026-02-17T00:46:53.094+0000] {dag.py:3096} INFO - Sync 1 DAGs
[2026-02-17T00:46:53.113+0000] {logging_mixin.py:188} INFO - [2026-02-17T00:46:53.113+0000] {dag.py:3954} INFO - Setting next_dagrun for produce_json to 2026-02-16 14:00:00+00:00, run_after=2026-02-17 14:00:00+00:00
[2026-02-17T00:46:53.134+0000] {processor.py:183} INFO - Processing /opt/airflow/dags/main.py took 0.151 seconds
[2026-02-17T00:47:23.198+0000] {processor.py:161} INFO - Started process (PID=5240) to work on /opt/airflow/dags/main.py
[2026-02-17T00:47:23.199+0000] {processor.py:830} INFO - Processing file /opt/airflow/dags/main.py for tasks to queue
[2026-02-17T00:47:23.201+0000] {logging_mixin.py:188} INFO - [2026-02-17T00:47:23.201+0000] {dagbag.py:545} INFO - Filling up the DagBag from /opt/airflow/dags/main.py
[2026-02-17T00:47:23.260+0000] {processor.py:840} INFO - DAG(s) 'produce_json' retrieved from /opt/airflow/dags/main.py
[2026-02-17T00:47:23.288+0000] {logging_mixin.py:188} INFO - [2026-02-17T00:47:23.288+0000] {dag.py:3096} INFO - Sync 1 DAGs
[2026-02-17T00:47:23.313+0000] {logging_mixin.py:188} INFO - [2026-02-17T00:47:23.313+0000] {dag.py:3954} INFO - Setting next_dagrun for produce_json to 2026-02-16 14:00:00+00:00, run_after=2026-02-17 14:00:00+00:00
[2026-02-17T00:47:23.347+0000] {processor.py:183} INFO - Processing /opt/airflow/dags/main.py took 0.157 seconds
[2026-02-17T00:47:53.615+0000] {processor.py:161} INFO - Started process (PID=5248) to work on /opt/airflow/dags/main.py
[2026-02-17T00:47:53.616+0000] {processor.py:830} INFO - Processing file /opt/airflow/dags/main.py for tasks to queue
[2026-02-17T00:47:53.619+0000] {logging_mixin.py:188} INFO - [2026-02-17T00:47:53.618+0000] {dagbag.py:545} INFO - Filling up the DagBag from /opt/airflow/dags/main.py
[2026-02-17T00:47:53.659+0000] {processor.py:840} INFO - DAG(s) 'produce_json' retrieved from /opt/airflow/dags/main.py
[2026-02-17T00:47:53.686+0000] {logging_mixin.py:188} INFO - [2026-02-17T00:47:53.685+0000] {dag.py:3096} INFO - Sync 1 DAGs
[2026-02-17T00:47:53.704+0000] {logging_mixin.py:188} INFO - [2026-02-17T00:47:53.704+0000] {dag.py:3954} INFO - Setting next_dagrun for produce_json to 2026-02-16 14:00:00+00:00, run_after=2026-02-17 14:00:00+00:00
[2026-02-17T00:47:53.725+0000] {processor.py:183} INFO - Processing /opt/airflow/dags/main.py took 0.117 seconds
[2026-02-17T00:48:23.826+0000] {processor.py:161} INFO - Started process (PID=5255) to work on /opt/airflow/dags/main.py
[2026-02-17T00:48:23.827+0000] {processor.py:830} INFO - Processing file /opt/airflow/dags/main.py for tasks to queue
[2026-02-17T00:48:23.832+0000] {logging_mixin.py:188} INFO - [2026-02-17T00:48:23.831+0000] {dagbag.py:545} INFO - Filling up the DagBag from /opt/airflow/dags/main.py
[2026-02-17T00:48:23.901+0000] {processor.py:840} INFO - DAG(s) 'produce_json' retrieved from /opt/airflow/dags/main.py
[2026-02-17T00:48:23.937+0000] {logging_mixin.py:188} INFO - [2026-02-17T00:48:23.937+0000] {dag.py:3096} INFO - Sync 1 DAGs
[2026-02-17T00:48:23.971+0000] {logging_mixin.py:188} INFO - [2026-02-17T00:48:23.971+0000] {dag.py:3954} INFO - Setting next_dagrun for produce_json to 2026-02-16 14:00:00+00:00, run_after=2026-02-17 14:00:00+00:00
[2026-02-17T00:48:24.005+0000] {processor.py:183} INFO - Processing /opt/airflow/dags/main.py took 0.186 seconds
[2026-02-17T00:48:54.217+0000] {processor.py:161} INFO - Started process (PID=5262) to work on /opt/airflow/dags/main.py
[2026-02-17T00:48:54.219+0000] {processor.py:830} INFO - Processing file /opt/airflow/dags/main.py for tasks to queue
[2026-02-17T00:48:54.221+0000] {logging_mixin.py:188} INFO - [2026-02-17T00:48:54.221+0000] {dagbag.py:545} INFO - Filling up the DagBag from /opt/airflow/dags/main.py
[2026-02-17T00:48:54.283+0000] {processor.py:840} INFO - DAG(s) 'produce_json' retrieved from /opt/airflow/dags/main.py
[2026-02-17T00:48:54.318+0000] {logging_mixin.py:188} INFO - [2026-02-17T00:48:54.318+0000] {dag.py:3096} INFO - Sync 1 DAGs
[2026-02-17T00:48:54.346+0000] {logging_mixin.py:188} INFO - [2026-02-17T00:48:54.346+0000] {dag.py:3954} INFO - Setting next_dagrun for produce_json to 2026-02-16 14:00:00+00:00, run_after=2026-02-17 14:00:00+00:00
[2026-02-17T00:48:54.389+0000] {processor.py:183} INFO - Processing /opt/airflow/dags/main.py took 0.178 seconds
[2026-02-17T00:49:24.440+0000] {processor.py:161} INFO - Started process (PID=5269) to work on /opt/airflow/dags/main.py
[2026-02-17T00:49:24.442+0000] {processor.py:830} INFO - Processing file /opt/airflow/dags/main.py for tasks to queue
[2026-02-17T00:49:24.445+0000] {logging_mixin.py:188} INFO - [2026-02-17T00:49:24.445+0000] {dagbag.py:545} INFO - Filling up the DagBag from /opt/airflow/dags/main.py
[2026-02-17T00:49:24.513+0000] {processor.py:840} INFO - DAG(s) 'produce_json' retrieved from /opt/airflow/dags/main.py
[2026-02-17T00:49:24.555+0000] {logging_mixin.py:188} INFO - [2026-02-17T00:49:24.555+0000] {dag.py:3096} INFO - Sync 1 DAGs
[2026-02-17T00:49:24.585+0000] {logging_mixin.py:188} INFO - [2026-02-17T00:49:24.585+0000] {dag.py:3954} INFO - Setting next_dagrun for produce_json to 2026-02-16 14:00:00+00:00, run_after=2026-02-17 14:00:00+00:00
[2026-02-17T00:49:24.607+0000] {processor.py:183} INFO - Processing /opt/airflow/dags/main.py took 0.176 seconds
[2026-02-17T00:49:54.842+0000] {processor.py:161} INFO - Started process (PID=5276) to work on /opt/airflow/dags/main.py
[2026-02-17T00:49:54.844+0000] {processor.py:830} INFO - Processing file /opt/airflow/dags/main.py for tasks to queue
[2026-02-17T00:49:54.846+0000] {logging_mixin.py:188} INFO - [2026-02-17T00:49:54.846+0000] {dagbag.py:545} INFO - Filling up the DagBag from /opt/airflow/dags/main.py
[2026-02-17T00:49:54.906+0000] {processor.py:840} INFO - DAG(s) 'produce_json' retrieved from /opt/airflow/dags/main.py
[2026-02-17T00:49:54.941+0000] {logging_mixin.py:188} INFO - [2026-02-17T00:49:54.941+0000] {dag.py:3096} INFO - Sync 1 DAGs
[2026-02-17T00:49:54.969+0000] {logging_mixin.py:188} INFO - [2026-02-17T00:49:54.969+0000] {dag.py:3954} INFO - Setting next_dagrun for produce_json to 2026-02-16 14:00:00+00:00, run_after=2026-02-17 14:00:00+00:00
[2026-02-17T00:49:55.000+0000] {processor.py:183} INFO - Processing /opt/airflow/dags/main.py took 0.164 seconds
[2026-02-17T00:50:25.075+0000] {processor.py:161} INFO - Started process (PID=5283) to work on /opt/airflow/dags/main.py
[2026-02-17T00:50:25.076+0000] {processor.py:830} INFO - Processing file /opt/airflow/dags/main.py for tasks to queue
[2026-02-17T00:50:25.077+0000] {logging_mixin.py:188} INFO - [2026-02-17T00:50:25.077+0000] {dagbag.py:545} INFO - Filling up the DagBag from /opt/airflow/dags/main.py
[2026-02-17T00:50:25.117+0000] {processor.py:840} INFO - DAG(s) 'produce_json' retrieved from /opt/airflow/dags/main.py
[2026-02-17T00:50:25.146+0000] {logging_mixin.py:188} INFO - [2026-02-17T00:50:25.146+0000] {dag.py:3096} INFO - Sync 1 DAGs
[2026-02-17T00:50:25.170+0000] {logging_mixin.py:188} INFO - [2026-02-17T00:50:25.170+0000] {dag.py:3954} INFO - Setting next_dagrun for produce_json to 2026-02-16 14:00:00+00:00, run_after=2026-02-17 14:00:00+00:00
[2026-02-17T00:50:25.193+0000] {processor.py:183} INFO - Processing /opt/airflow/dags/main.py took 0.124 seconds
[2026-02-17T00:50:55.313+0000] {processor.py:161} INFO - Started process (PID=5290) to work on /opt/airflow/dags/main.py
[2026-02-17T00:50:55.314+0000] {processor.py:830} INFO - Processing file /opt/airflow/dags/main.py for tasks to queue
[2026-02-17T00:50:55.317+0000] {logging_mixin.py:188} INFO - [2026-02-17T00:50:55.316+0000] {dagbag.py:545} INFO - Filling up the DagBag from /opt/airflow/dags/main.py
[2026-02-17T00:50:55.361+0000] {processor.py:840} INFO - DAG(s) 'produce_json' retrieved from /opt/airflow/dags/main.py
[2026-02-17T00:50:55.394+0000] {logging_mixin.py:188} INFO - [2026-02-17T00:50:55.394+0000] {dag.py:3096} INFO - Sync 1 DAGs
[2026-02-17T00:50:55.420+0000] {logging_mixin.py:188} INFO - [2026-02-17T00:50:55.420+0000] {dag.py:3954} INFO - Setting next_dagrun for produce_json to 2026-02-16 14:00:00+00:00, run_after=2026-02-17 14:00:00+00:00
[2026-02-17T00:50:55.449+0000] {processor.py:183} INFO - Processing /opt/airflow/dags/main.py took 0.141 seconds
[2026-02-17T00:51:25.638+0000] {processor.py:161} INFO - Started process (PID=5297) to work on /opt/airflow/dags/main.py
[2026-02-17T00:51:25.639+0000] {processor.py:830} INFO - Processing file /opt/airflow/dags/main.py for tasks to queue
[2026-02-17T00:51:25.640+0000] {logging_mixin.py:188} INFO - [2026-02-17T00:51:25.640+0000] {dagbag.py:545} INFO - Filling up the DagBag from /opt/airflow/dags/main.py
[2026-02-17T00:51:25.693+0000] {processor.py:840} INFO - DAG(s) 'produce_json' retrieved from /opt/airflow/dags/main.py
[2026-02-17T00:51:25.958+0000] {logging_mixin.py:188} INFO - [2026-02-17T00:51:25.958+0000] {dag.py:3096} INFO - Sync 1 DAGs
[2026-02-17T00:51:26.844+0000] {logging_mixin.py:188} INFO - [2026-02-17T00:51:26.843+0000] {dag.py:3954} INFO - Setting next_dagrun for produce_json to 2026-02-16 14:00:00+00:00, run_after=2026-02-17 14:00:00+00:00
[2026-02-17T00:51:26.866+0000] {processor.py:183} INFO - Processing /opt/airflow/dags/main.py took 1.234 seconds
[2026-02-17T00:51:56.934+0000] {processor.py:161} INFO - Started process (PID=5304) to work on /opt/airflow/dags/main.py
[2026-02-17T00:51:56.935+0000] {processor.py:830} INFO - Processing file /opt/airflow/dags/main.py for tasks to queue
[2026-02-17T00:51:56.937+0000] {logging_mixin.py:188} INFO - [2026-02-17T00:51:56.937+0000] {dagbag.py:545} INFO - Filling up the DagBag from /opt/airflow/dags/main.py
[2026-02-17T00:51:56.989+0000] {processor.py:840} INFO - DAG(s) 'produce_json' retrieved from /opt/airflow/dags/main.py
[2026-02-17T00:51:57.029+0000] {logging_mixin.py:188} INFO - [2026-02-17T00:51:57.028+0000] {dag.py:3096} INFO - Sync 1 DAGs
[2026-02-17T00:51:57.059+0000] {logging_mixin.py:188} INFO - [2026-02-17T00:51:57.059+0000] {dag.py:3954} INFO - Setting next_dagrun for produce_json to 2026-02-16 14:00:00+00:00, run_after=2026-02-17 14:00:00+00:00
[2026-02-17T00:51:57.103+0000] {processor.py:183} INFO - Processing /opt/airflow/dags/main.py took 0.177 seconds
[2026-02-17T00:52:27.292+0000] {processor.py:161} INFO - Started process (PID=5311) to work on /opt/airflow/dags/main.py
[2026-02-17T00:52:27.294+0000] {processor.py:830} INFO - Processing file /opt/airflow/dags/main.py for tasks to queue
[2026-02-17T00:52:27.297+0000] {logging_mixin.py:188} INFO - [2026-02-17T00:52:27.297+0000] {dagbag.py:545} INFO - Filling up the DagBag from /opt/airflow/dags/main.py
[2026-02-17T00:52:27.350+0000] {processor.py:840} INFO - DAG(s) 'produce_json' retrieved from /opt/airflow/dags/main.py
[2026-02-17T00:52:27.383+0000] {logging_mixin.py:188} INFO - [2026-02-17T00:52:27.383+0000] {dag.py:3096} INFO - Sync 1 DAGs
[2026-02-17T00:52:27.409+0000] {logging_mixin.py:188} INFO - [2026-02-17T00:52:27.409+0000] {dag.py:3954} INFO - Setting next_dagrun for produce_json to 2026-02-16 14:00:00+00:00, run_after=2026-02-17 14:00:00+00:00
[2026-02-17T00:52:27.444+0000] {processor.py:183} INFO - Processing /opt/airflow/dags/main.py took 0.163 seconds
[2026-02-17T00:52:57.514+0000] {processor.py:161} INFO - Started process (PID=5318) to work on /opt/airflow/dags/main.py
[2026-02-17T00:52:57.516+0000] {processor.py:830} INFO - Processing file /opt/airflow/dags/main.py for tasks to queue
[2026-02-17T00:52:57.520+0000] {logging_mixin.py:188} INFO - [2026-02-17T00:52:57.519+0000] {dagbag.py:545} INFO - Filling up the DagBag from /opt/airflow/dags/main.py
[2026-02-17T00:52:57.573+0000] {processor.py:840} INFO - DAG(s) 'produce_json' retrieved from /opt/airflow/dags/main.py
[2026-02-17T00:52:57.609+0000] {logging_mixin.py:188} INFO - [2026-02-17T00:52:57.608+0000] {dag.py:3096} INFO - Sync 1 DAGs
[2026-02-17T00:52:57.634+0000] {logging_mixin.py:188} INFO - [2026-02-17T00:52:57.634+0000] {dag.py:3954} INFO - Setting next_dagrun for produce_json to 2026-02-16 14:00:00+00:00, run_after=2026-02-17 14:00:00+00:00
[2026-02-17T00:52:57.672+0000] {processor.py:183} INFO - Processing /opt/airflow/dags/main.py took 0.164 seconds
[2026-02-17T00:53:27.876+0000] {processor.py:161} INFO - Started process (PID=5325) to work on /opt/airflow/dags/main.py
[2026-02-17T00:53:27.877+0000] {processor.py:830} INFO - Processing file /opt/airflow/dags/main.py for tasks to queue
[2026-02-17T00:53:27.879+0000] {logging_mixin.py:188} INFO - [2026-02-17T00:53:27.878+0000] {dagbag.py:545} INFO - Filling up the DagBag from /opt/airflow/dags/main.py
[2026-02-17T00:53:27.919+0000] {processor.py:840} INFO - DAG(s) 'produce_json' retrieved from /opt/airflow/dags/main.py
[2026-02-17T00:53:27.947+0000] {logging_mixin.py:188} INFO - [2026-02-17T00:53:27.947+0000] {dag.py:3096} INFO - Sync 1 DAGs
[2026-02-17T00:53:27.975+0000] {logging_mixin.py:188} INFO - [2026-02-17T00:53:27.975+0000] {dag.py:3954} INFO - Setting next_dagrun for produce_json to 2026-02-16 14:00:00+00:00, run_after=2026-02-17 14:00:00+00:00
[2026-02-17T00:53:28.012+0000] {processor.py:183} INFO - Processing /opt/airflow/dags/main.py took 0.142 seconds
[2026-02-17T00:53:58.112+0000] {processor.py:161} INFO - Started process (PID=5332) to work on /opt/airflow/dags/main.py
[2026-02-17T00:53:58.113+0000] {processor.py:830} INFO - Processing file /opt/airflow/dags/main.py for tasks to queue
[2026-02-17T00:53:58.117+0000] {logging_mixin.py:188} INFO - [2026-02-17T00:53:58.116+0000] {dagbag.py:545} INFO - Filling up the DagBag from /opt/airflow/dags/main.py
[2026-02-17T00:53:58.175+0000] {processor.py:840} INFO - DAG(s) 'produce_json' retrieved from /opt/airflow/dags/main.py
[2026-02-17T00:53:58.211+0000] {logging_mixin.py:188} INFO - [2026-02-17T00:53:58.210+0000] {dag.py:3096} INFO - Sync 1 DAGs
[2026-02-17T00:53:58.236+0000] {logging_mixin.py:188} INFO - [2026-02-17T00:53:58.236+0000] {dag.py:3954} INFO - Setting next_dagrun for produce_json to 2026-02-16 14:00:00+00:00, run_after=2026-02-17 14:00:00+00:00
[2026-02-17T00:53:58.270+0000] {processor.py:183} INFO - Processing /opt/airflow/dags/main.py took 0.166 seconds
[2026-02-17T00:54:28.420+0000] {processor.py:161} INFO - Started process (PID=5339) to work on /opt/airflow/dags/main.py
[2026-02-17T00:54:28.422+0000] {processor.py:830} INFO - Processing file /opt/airflow/dags/main.py for tasks to queue
[2026-02-17T00:54:28.424+0000] {logging_mixin.py:188} INFO - [2026-02-17T00:54:28.424+0000] {dagbag.py:545} INFO - Filling up the DagBag from /opt/airflow/dags/main.py
[2026-02-17T00:54:28.468+0000] {processor.py:840} INFO - DAG(s) 'produce_json' retrieved from /opt/airflow/dags/main.py
[2026-02-17T00:54:28.495+0000] {logging_mixin.py:188} INFO - [2026-02-17T00:54:28.495+0000] {dag.py:3096} INFO - Sync 1 DAGs
[2026-02-17T00:54:28.515+0000] {logging_mixin.py:188} INFO - [2026-02-17T00:54:28.515+0000] {dag.py:3954} INFO - Setting next_dagrun for produce_json to 2026-02-16 14:00:00+00:00, run_after=2026-02-17 14:00:00+00:00
[2026-02-17T00:54:28.534+0000] {processor.py:183} INFO - Processing /opt/airflow/dags/main.py took 0.120 seconds
[2026-02-17T00:55:37.015+0000] {processor.py:161} INFO - Started process (PID=61) to work on /opt/airflow/dags/main.py
[2026-02-17T00:55:37.020+0000] {processor.py:830} INFO - Processing file /opt/airflow/dags/main.py for tasks to queue
[2026-02-17T00:55:37.034+0000] {logging_mixin.py:188} INFO - [2026-02-17T00:55:37.033+0000] {dagbag.py:545} INFO - Filling up the DagBag from /opt/airflow/dags/main.py
[2026-02-17T00:55:37.246+0000] {processor.py:840} INFO - DAG(s) 'produce_json' retrieved from /opt/airflow/dags/main.py
[2026-02-17T00:55:37.746+0000] {logging_mixin.py:188} INFO - [2026-02-17T00:55:37.745+0000] {dag.py:3096} INFO - Sync 1 DAGs
[2026-02-17T00:55:37.791+0000] {logging_mixin.py:188} INFO - [2026-02-17T00:55:37.790+0000] {dag.py:3954} INFO - Setting next_dagrun for produce_json to 2026-02-16 14:00:00+00:00, run_after=2026-02-17 14:00:00+00:00
[2026-02-17T00:55:37.827+0000] {processor.py:183} INFO - Processing /opt/airflow/dags/main.py took 0.864 seconds
[2026-02-17T00:56:08.085+0000] {processor.py:161} INFO - Started process (PID=68) to work on /opt/airflow/dags/main.py
[2026-02-17T00:56:08.086+0000] {processor.py:830} INFO - Processing file /opt/airflow/dags/main.py for tasks to queue
[2026-02-17T00:56:08.089+0000] {logging_mixin.py:188} INFO - [2026-02-17T00:56:08.089+0000] {dagbag.py:545} INFO - Filling up the DagBag from /opt/airflow/dags/main.py
[2026-02-17T00:56:08.134+0000] {processor.py:840} INFO - DAG(s) 'produce_json' retrieved from /opt/airflow/dags/main.py
[2026-02-17T00:56:08.163+0000] {logging_mixin.py:188} INFO - [2026-02-17T00:56:08.163+0000] {dag.py:3096} INFO - Sync 1 DAGs
[2026-02-17T00:56:08.189+0000] {logging_mixin.py:188} INFO - [2026-02-17T00:56:08.189+0000] {dag.py:3954} INFO - Setting next_dagrun for produce_json to 2026-02-16 14:00:00+00:00, run_after=2026-02-17 14:00:00+00:00
[2026-02-17T00:56:08.221+0000] {processor.py:183} INFO - Processing /opt/airflow/dags/main.py took 0.142 seconds
[2026-02-17T00:56:38.313+0000] {processor.py:161} INFO - Started process (PID=75) to work on /opt/airflow/dags/main.py
[2026-02-17T00:56:38.314+0000] {processor.py:830} INFO - Processing file /opt/airflow/dags/main.py for tasks to queue
[2026-02-17T00:56:38.317+0000] {logging_mixin.py:188} INFO - [2026-02-17T00:56:38.316+0000] {dagbag.py:545} INFO - Filling up the DagBag from /opt/airflow/dags/main.py
[2026-02-17T00:56:38.358+0000] {processor.py:840} INFO - DAG(s) 'produce_json' retrieved from /opt/airflow/dags/main.py
[2026-02-17T00:56:38.396+0000] {logging_mixin.py:188} INFO - [2026-02-17T00:56:38.396+0000] {dag.py:3096} INFO - Sync 1 DAGs
[2026-02-17T00:56:38.418+0000] {logging_mixin.py:188} INFO - [2026-02-17T00:56:38.418+0000] {dag.py:3954} INFO - Setting next_dagrun for produce_json to 2026-02-16 14:00:00+00:00, run_after=2026-02-17 14:00:00+00:00
[2026-02-17T00:56:38.456+0000] {processor.py:183} INFO - Processing /opt/airflow/dags/main.py took 0.148 seconds
[2026-02-17T00:57:08.709+0000] {processor.py:161} INFO - Started process (PID=82) to work on /opt/airflow/dags/main.py
[2026-02-17T00:57:08.710+0000] {processor.py:830} INFO - Processing file /opt/airflow/dags/main.py for tasks to queue
[2026-02-17T00:57:08.713+0000] {logging_mixin.py:188} INFO - [2026-02-17T00:57:08.713+0000] {dagbag.py:545} INFO - Filling up the DagBag from /opt/airflow/dags/main.py
[2026-02-17T00:57:08.769+0000] {processor.py:840} INFO - DAG(s) 'produce_json' retrieved from /opt/airflow/dags/main.py
[2026-02-17T00:57:08.801+0000] {logging_mixin.py:188} INFO - [2026-02-17T00:57:08.801+0000] {dag.py:3096} INFO - Sync 1 DAGs
[2026-02-17T00:57:08.825+0000] {logging_mixin.py:188} INFO - [2026-02-17T00:57:08.825+0000] {dag.py:3954} INFO - Setting next_dagrun for produce_json to 2026-02-16 14:00:00+00:00, run_after=2026-02-17 14:00:00+00:00
[2026-02-17T00:57:08.847+0000] {processor.py:183} INFO - Processing /opt/airflow/dags/main.py took 0.146 seconds
[2026-02-17T00:57:38.924+0000] {processor.py:161} INFO - Started process (PID=89) to work on /opt/airflow/dags/main.py
[2026-02-17T00:57:38.926+0000] {processor.py:830} INFO - Processing file /opt/airflow/dags/main.py for tasks to queue
[2026-02-17T00:57:38.933+0000] {logging_mixin.py:188} INFO - [2026-02-17T00:57:38.933+0000] {dagbag.py:545} INFO - Filling up the DagBag from /opt/airflow/dags/main.py
[2026-02-17T00:57:38.993+0000] {processor.py:840} INFO - DAG(s) 'produce_json' retrieved from /opt/airflow/dags/main.py
[2026-02-17T00:57:39.028+0000] {logging_mixin.py:188} INFO - [2026-02-17T00:57:39.028+0000] {dag.py:3096} INFO - Sync 1 DAGs
[2026-02-17T00:57:39.054+0000] {logging_mixin.py:188} INFO - [2026-02-17T00:57:39.052+0000] {dag.py:3954} INFO - Setting next_dagrun for produce_json to 2026-02-16 14:00:00+00:00, run_after=2026-02-17 14:00:00+00:00
[2026-02-17T00:57:39.080+0000] {processor.py:183} INFO - Processing /opt/airflow/dags/main.py took 0.164 seconds
[2026-02-17T00:58:09.293+0000] {processor.py:161} INFO - Started process (PID=96) to work on /opt/airflow/dags/main.py
[2026-02-17T00:58:09.295+0000] {processor.py:830} INFO - Processing file /opt/airflow/dags/main.py for tasks to queue
[2026-02-17T00:58:09.297+0000] {logging_mixin.py:188} INFO - [2026-02-17T00:58:09.296+0000] {dagbag.py:545} INFO - Filling up the DagBag from /opt/airflow/dags/main.py
[2026-02-17T00:58:09.344+0000] {processor.py:840} INFO - DAG(s) 'produce_json' retrieved from /opt/airflow/dags/main.py
[2026-02-17T00:58:09.380+0000] {logging_mixin.py:188} INFO - [2026-02-17T00:58:09.380+0000] {dag.py:3096} INFO - Sync 1 DAGs
[2026-02-17T00:58:09.403+0000] {logging_mixin.py:188} INFO - [2026-02-17T00:58:09.402+0000] {dag.py:3954} INFO - Setting next_dagrun for produce_json to 2026-02-16 14:00:00+00:00, run_after=2026-02-17 14:00:00+00:00
[2026-02-17T00:58:09.427+0000] {processor.py:183} INFO - Processing /opt/airflow/dags/main.py took 0.142 seconds
[2026-02-17T00:58:39.533+0000] {processor.py:161} INFO - Started process (PID=103) to work on /opt/airflow/dags/main.py
[2026-02-17T00:58:39.534+0000] {processor.py:830} INFO - Processing file /opt/airflow/dags/main.py for tasks to queue
[2026-02-17T00:58:39.536+0000] {logging_mixin.py:188} INFO - [2026-02-17T00:58:39.536+0000] {dagbag.py:545} INFO - Filling up the DagBag from /opt/airflow/dags/main.py
[2026-02-17T00:58:39.585+0000] {processor.py:840} INFO - DAG(s) 'produce_json' retrieved from /opt/airflow/dags/main.py
[2026-02-17T00:58:39.615+0000] {logging_mixin.py:188} INFO - [2026-02-17T00:58:39.614+0000] {dag.py:3096} INFO - Sync 1 DAGs
[2026-02-17T00:58:39.642+0000] {logging_mixin.py:188} INFO - [2026-02-17T00:58:39.642+0000] {dag.py:3954} INFO - Setting next_dagrun for produce_json to 2026-02-16 14:00:00+00:00, run_after=2026-02-17 14:00:00+00:00
[2026-02-17T00:58:39.674+0000] {processor.py:183} INFO - Processing /opt/airflow/dags/main.py took 0.148 seconds
[2026-02-17T00:59:09.869+0000] {processor.py:161} INFO - Started process (PID=110) to work on /opt/airflow/dags/main.py
[2026-02-17T00:59:09.871+0000] {processor.py:830} INFO - Processing file /opt/airflow/dags/main.py for tasks to queue
[2026-02-17T00:59:09.874+0000] {logging_mixin.py:188} INFO - [2026-02-17T00:59:09.873+0000] {dagbag.py:545} INFO - Filling up the DagBag from /opt/airflow/dags/main.py
[2026-02-17T00:59:09.917+0000] {processor.py:840} INFO - DAG(s) 'produce_json' retrieved from /opt/airflow/dags/main.py
[2026-02-17T00:59:09.950+0000] {logging_mixin.py:188} INFO - [2026-02-17T00:59:09.950+0000] {dag.py:3096} INFO - Sync 1 DAGs
[2026-02-17T00:59:09.980+0000] {logging_mixin.py:188} INFO - [2026-02-17T00:59:09.980+0000] {dag.py:3954} INFO - Setting next_dagrun for produce_json to 2026-02-16 14:00:00+00:00, run_after=2026-02-17 14:00:00+00:00
[2026-02-17T00:59:10.000+0000] {processor.py:183} INFO - Processing /opt/airflow/dags/main.py took 0.139 seconds
[2026-02-17T00:59:40.081+0000] {processor.py:161} INFO - Started process (PID=117) to work on /opt/airflow/dags/main.py
[2026-02-17T00:59:40.082+0000] {processor.py:830} INFO - Processing file /opt/airflow/dags/main.py for tasks to queue
[2026-02-17T00:59:40.084+0000] {logging_mixin.py:188} INFO - [2026-02-17T00:59:40.084+0000] {dagbag.py:545} INFO - Filling up the DagBag from /opt/airflow/dags/main.py
[2026-02-17T00:59:40.124+0000] {processor.py:840} INFO - DAG(s) 'produce_json' retrieved from /opt/airflow/dags/main.py
[2026-02-17T00:59:40.201+0000] {logging_mixin.py:188} INFO - [2026-02-17T00:59:40.200+0000] {dag.py:3096} INFO - Sync 1 DAGs
[2026-02-17T00:59:40.224+0000] {logging_mixin.py:188} INFO - [2026-02-17T00:59:40.224+0000] {dag.py:3954} INFO - Setting next_dagrun for produce_json to 2026-02-16 14:00:00+00:00, run_after=2026-02-17 14:00:00+00:00
[2026-02-17T00:59:40.257+0000] {processor.py:183} INFO - Processing /opt/airflow/dags/main.py took 0.182 seconds
[2026-02-17T01:00:10.407+0000] {processor.py:161} INFO - Started process (PID=124) to work on /opt/airflow/dags/main.py
[2026-02-17T01:00:10.408+0000] {processor.py:830} INFO - Processing file /opt/airflow/dags/main.py for tasks to queue
[2026-02-17T01:00:10.411+0000] {logging_mixin.py:188} INFO - [2026-02-17T01:00:10.411+0000] {dagbag.py:545} INFO - Filling up the DagBag from /opt/airflow/dags/main.py
[2026-02-17T01:00:10.471+0000] {processor.py:840} INFO - DAG(s) 'produce_json' retrieved from /opt/airflow/dags/main.py
[2026-02-17T01:00:10.501+0000] {logging_mixin.py:188} INFO - [2026-02-17T01:00:10.500+0000] {dag.py:3096} INFO - Sync 1 DAGs
[2026-02-17T01:00:10.521+0000] {logging_mixin.py:188} INFO - [2026-02-17T01:00:10.521+0000] {dag.py:3954} INFO - Setting next_dagrun for produce_json to 2026-02-16 14:00:00+00:00, run_after=2026-02-17 14:00:00+00:00
[2026-02-17T01:00:10.543+0000] {processor.py:183} INFO - Processing /opt/airflow/dags/main.py took 0.147 seconds
[2026-02-17T01:00:40.799+0000] {processor.py:161} INFO - Started process (PID=131) to work on /opt/airflow/dags/main.py
[2026-02-17T01:00:40.802+0000] {processor.py:830} INFO - Processing file /opt/airflow/dags/main.py for tasks to queue
[2026-02-17T01:00:40.806+0000] {logging_mixin.py:188} INFO - [2026-02-17T01:00:40.806+0000] {dagbag.py:545} INFO - Filling up the DagBag from /opt/airflow/dags/main.py
[2026-02-17T01:00:40.925+0000] {processor.py:840} INFO - DAG(s) 'produce_json' retrieved from /opt/airflow/dags/main.py
[2026-02-17T01:00:41.018+0000] {logging_mixin.py:188} INFO - [2026-02-17T01:00:41.017+0000] {dag.py:3096} INFO - Sync 1 DAGs
[2026-02-17T01:00:41.101+0000] {logging_mixin.py:188} INFO - [2026-02-17T01:00:41.100+0000] {dag.py:3954} INFO - Setting next_dagrun for produce_json to 2026-02-16 14:00:00+00:00, run_after=2026-02-17 14:00:00+00:00
[2026-02-17T01:00:41.158+0000] {processor.py:183} INFO - Processing /opt/airflow/dags/main.py took 0.373 seconds
[2026-02-17T01:01:11.451+0000] {processor.py:161} INFO - Started process (PID=138) to work on /opt/airflow/dags/main.py
[2026-02-17T01:01:11.452+0000] {processor.py:830} INFO - Processing file /opt/airflow/dags/main.py for tasks to queue
[2026-02-17T01:01:11.454+0000] {logging_mixin.py:188} INFO - [2026-02-17T01:01:11.454+0000] {dagbag.py:545} INFO - Filling up the DagBag from /opt/airflow/dags/main.py
[2026-02-17T01:01:11.503+0000] {processor.py:840} INFO - DAG(s) 'produce_json' retrieved from /opt/airflow/dags/main.py
[2026-02-17T01:01:11.616+0000] {logging_mixin.py:188} INFO - [2026-02-17T01:01:11.616+0000] {dag.py:3096} INFO - Sync 1 DAGs
[2026-02-17T01:01:11.638+0000] {logging_mixin.py:188} INFO - [2026-02-17T01:01:11.638+0000] {dag.py:3954} INFO - Setting next_dagrun for produce_json to 2026-02-16 14:00:00+00:00, run_after=2026-02-17 14:00:00+00:00
[2026-02-17T01:01:11.674+0000] {processor.py:183} INFO - Processing /opt/airflow/dags/main.py took 0.231 seconds
[2026-02-17T01:01:41.898+0000] {processor.py:161} INFO - Started process (PID=145) to work on /opt/airflow/dags/main.py
[2026-02-17T01:01:41.899+0000] {processor.py:830} INFO - Processing file /opt/airflow/dags/main.py for tasks to queue
[2026-02-17T01:01:41.901+0000] {logging_mixin.py:188} INFO - [2026-02-17T01:01:41.901+0000] {dagbag.py:545} INFO - Filling up the DagBag from /opt/airflow/dags/main.py
[2026-02-17T01:01:41.955+0000] {processor.py:840} INFO - DAG(s) 'produce_json' retrieved from /opt/airflow/dags/main.py
[2026-02-17T01:01:41.983+0000] {logging_mixin.py:188} INFO - [2026-02-17T01:01:41.983+0000] {dag.py:3096} INFO - Sync 1 DAGs
[2026-02-17T01:01:42.005+0000] {logging_mixin.py:188} INFO - [2026-02-17T01:01:42.004+0000] {dag.py:3954} INFO - Setting next_dagrun for produce_json to 2026-02-16 14:00:00+00:00, run_after=2026-02-17 14:00:00+00:00
[2026-02-17T01:01:42.026+0000] {processor.py:183} INFO - Processing /opt/airflow/dags/main.py took 0.136 seconds
[2026-02-17T01:02:12.104+0000] {processor.py:161} INFO - Started process (PID=152) to work on /opt/airflow/dags/main.py
[2026-02-17T01:02:12.105+0000] {processor.py:830} INFO - Processing file /opt/airflow/dags/main.py for tasks to queue
[2026-02-17T01:02:12.107+0000] {logging_mixin.py:188} INFO - [2026-02-17T01:02:12.107+0000] {dagbag.py:545} INFO - Filling up the DagBag from /opt/airflow/dags/main.py
[2026-02-17T01:02:12.162+0000] {processor.py:840} INFO - DAG(s) 'produce_json' retrieved from /opt/airflow/dags/main.py
[2026-02-17T01:02:12.200+0000] {logging_mixin.py:188} INFO - [2026-02-17T01:02:12.199+0000] {dag.py:3096} INFO - Sync 1 DAGs
[2026-02-17T01:02:12.230+0000] {logging_mixin.py:188} INFO - [2026-02-17T01:02:12.230+0000] {dag.py:3954} INFO - Setting next_dagrun for produce_json to 2026-02-16 14:00:00+00:00, run_after=2026-02-17 14:00:00+00:00
[2026-02-17T01:02:12.247+0000] {processor.py:183} INFO - Processing /opt/airflow/dags/main.py took 0.148 seconds
[2026-02-17T01:02:42.430+0000] {processor.py:161} INFO - Started process (PID=165) to work on /opt/airflow/dags/main.py
[2026-02-17T01:02:42.431+0000] {processor.py:830} INFO - Processing file /opt/airflow/dags/main.py for tasks to queue
[2026-02-17T01:02:42.433+0000] {logging_mixin.py:188} INFO - [2026-02-17T01:02:42.433+0000] {dagbag.py:545} INFO - Filling up the DagBag from /opt/airflow/dags/main.py
[2026-02-17T01:02:42.502+0000] {processor.py:840} INFO - DAG(s) 'produce_json' retrieved from /opt/airflow/dags/main.py
[2026-02-17T01:02:42.532+0000] {logging_mixin.py:188} INFO - [2026-02-17T01:02:42.532+0000] {dag.py:3096} INFO - Sync 1 DAGs
[2026-02-17T01:02:42.553+0000] {logging_mixin.py:188} INFO - [2026-02-17T01:02:42.553+0000] {dag.py:3954} INFO - Setting next_dagrun for produce_json to 2026-02-16 14:00:00+00:00, run_after=2026-02-17 14:00:00+00:00
[2026-02-17T01:02:42.585+0000] {processor.py:183} INFO - Processing /opt/airflow/dags/main.py took 0.161 seconds
[2026-02-17T01:03:59.093+0000] {processor.py:161} INFO - Started process (PID=61) to work on /opt/airflow/dags/main.py
[2026-02-17T01:03:59.095+0000] {processor.py:830} INFO - Processing file /opt/airflow/dags/main.py for tasks to queue
[2026-02-17T01:03:59.105+0000] {logging_mixin.py:188} INFO - [2026-02-17T01:03:59.104+0000] {dagbag.py:545} INFO - Filling up the DagBag from /opt/airflow/dags/main.py
[2026-02-17T01:03:59.260+0000] {processor.py:840} INFO - DAG(s) 'produce_json' retrieved from /opt/airflow/dags/main.py
[2026-02-17T01:03:59.669+0000] {logging_mixin.py:188} INFO - [2026-02-17T01:03:59.669+0000] {dag.py:3096} INFO - Sync 1 DAGs
[2026-02-17T01:03:59.702+0000] {logging_mixin.py:188} INFO - [2026-02-17T01:03:59.701+0000] {dag.py:3954} INFO - Setting next_dagrun for produce_json to 2026-02-16 14:00:00+00:00, run_after=2026-02-17 14:00:00+00:00
[2026-02-17T01:03:59.739+0000] {processor.py:183} INFO - Processing /opt/airflow/dags/main.py took 0.658 seconds
[2026-02-17T01:04:29.970+0000] {processor.py:161} INFO - Started process (PID=68) to work on /opt/airflow/dags/main.py
[2026-02-17T01:04:29.971+0000] {processor.py:830} INFO - Processing file /opt/airflow/dags/main.py for tasks to queue
[2026-02-17T01:04:29.974+0000] {logging_mixin.py:188} INFO - [2026-02-17T01:04:29.973+0000] {dagbag.py:545} INFO - Filling up the DagBag from /opt/airflow/dags/main.py
[2026-02-17T01:04:30.027+0000] {processor.py:840} INFO - DAG(s) 'produce_json' retrieved from /opt/airflow/dags/main.py
[2026-02-17T01:04:30.058+0000] {logging_mixin.py:188} INFO - [2026-02-17T01:04:30.058+0000] {dag.py:3096} INFO - Sync 1 DAGs
[2026-02-17T01:04:30.081+0000] {logging_mixin.py:188} INFO - [2026-02-17T01:04:30.081+0000] {dag.py:3954} INFO - Setting next_dagrun for produce_json to 2026-02-16 14:00:00+00:00, run_after=2026-02-17 14:00:00+00:00
[2026-02-17T01:04:30.101+0000] {processor.py:183} INFO - Processing /opt/airflow/dags/main.py took 0.139 seconds
[2026-02-17T01:05:00.199+0000] {processor.py:161} INFO - Started process (PID=75) to work on /opt/airflow/dags/main.py
[2026-02-17T01:05:00.201+0000] {processor.py:830} INFO - Processing file /opt/airflow/dags/main.py for tasks to queue
[2026-02-17T01:05:00.204+0000] {logging_mixin.py:188} INFO - [2026-02-17T01:05:00.204+0000] {dagbag.py:545} INFO - Filling up the DagBag from /opt/airflow/dags/main.py
[2026-02-17T01:05:00.268+0000] {processor.py:840} INFO - DAG(s) 'produce_json' retrieved from /opt/airflow/dags/main.py
[2026-02-17T01:05:00.309+0000] {logging_mixin.py:188} INFO - [2026-02-17T01:05:00.309+0000] {dag.py:3096} INFO - Sync 1 DAGs
[2026-02-17T01:05:00.337+0000] {logging_mixin.py:188} INFO - [2026-02-17T01:05:00.337+0000] {dag.py:3954} INFO - Setting next_dagrun for produce_json to 2026-02-16 14:00:00+00:00, run_after=2026-02-17 14:00:00+00:00
[2026-02-17T01:05:00.362+0000] {processor.py:183} INFO - Processing /opt/airflow/dags/main.py took 0.170 seconds
[2026-02-17T01:05:30.500+0000] {processor.py:161} INFO - Started process (PID=82) to work on /opt/airflow/dags/main.py
[2026-02-17T01:05:30.501+0000] {processor.py:830} INFO - Processing file /opt/airflow/dags/main.py for tasks to queue
[2026-02-17T01:05:30.503+0000] {logging_mixin.py:188} INFO - [2026-02-17T01:05:30.503+0000] {dagbag.py:545} INFO - Filling up the DagBag from /opt/airflow/dags/main.py
[2026-02-17T01:05:30.545+0000] {processor.py:840} INFO - DAG(s) 'produce_json' retrieved from /opt/airflow/dags/main.py
[2026-02-17T01:05:30.571+0000] {logging_mixin.py:188} INFO - [2026-02-17T01:05:30.571+0000] {dag.py:3096} INFO - Sync 1 DAGs
[2026-02-17T01:05:30.600+0000] {logging_mixin.py:188} INFO - [2026-02-17T01:05:30.599+0000] {dag.py:3954} INFO - Setting next_dagrun for produce_json to 2026-02-16 14:00:00+00:00, run_after=2026-02-17 14:00:00+00:00
[2026-02-17T01:05:30.622+0000] {processor.py:183} INFO - Processing /opt/airflow/dags/main.py took 0.126 seconds
[2026-02-17T01:06:00.753+0000] {processor.py:161} INFO - Started process (PID=89) to work on /opt/airflow/dags/main.py
[2026-02-17T01:06:00.755+0000] {processor.py:830} INFO - Processing file /opt/airflow/dags/main.py for tasks to queue
[2026-02-17T01:06:00.759+0000] {logging_mixin.py:188} INFO - [2026-02-17T01:06:00.758+0000] {dagbag.py:545} INFO - Filling up the DagBag from /opt/airflow/dags/main.py
[2026-02-17T01:06:00.903+0000] {processor.py:840} INFO - DAG(s) 'produce_json' retrieved from /opt/airflow/dags/main.py
[2026-02-17T01:06:00.978+0000] {logging_mixin.py:188} INFO - [2026-02-17T01:06:00.977+0000] {dag.py:3096} INFO - Sync 1 DAGs
[2026-02-17T01:06:01.032+0000] {logging_mixin.py:188} INFO - [2026-02-17T01:06:01.032+0000] {dag.py:3954} INFO - Setting next_dagrun for produce_json to 2026-02-16 14:00:00+00:00, run_after=2026-02-17 14:00:00+00:00
[2026-02-17T01:06:01.077+0000] {processor.py:183} INFO - Processing /opt/airflow/dags/main.py took 0.349 seconds
[2026-02-17T01:06:31.346+0000] {processor.py:161} INFO - Started process (PID=102) to work on /opt/airflow/dags/main.py
[2026-02-17T01:06:31.349+0000] {processor.py:830} INFO - Processing file /opt/airflow/dags/main.py for tasks to queue
[2026-02-17T01:06:31.365+0000] {logging_mixin.py:188} INFO - [2026-02-17T01:06:31.364+0000] {dagbag.py:545} INFO - Filling up the DagBag from /opt/airflow/dags/main.py
[2026-02-17T01:06:31.604+0000] {processor.py:840} INFO - DAG(s) 'produce_json' retrieved from /opt/airflow/dags/main.py
[2026-02-17T01:06:31.698+0000] {logging_mixin.py:188} INFO - [2026-02-17T01:06:31.697+0000] {dag.py:3096} INFO - Sync 1 DAGs
[2026-02-17T01:06:31.765+0000] {logging_mixin.py:188} INFO - [2026-02-17T01:06:31.765+0000] {dag.py:3954} INFO - Setting next_dagrun for produce_json to 2026-02-16 14:00:00+00:00, run_after=2026-02-17 14:00:00+00:00
[2026-02-17T01:06:31.890+0000] {processor.py:183} INFO - Processing /opt/airflow/dags/main.py took 0.557 seconds
[2026-02-17T01:07:02.131+0000] {processor.py:161} INFO - Started process (PID=123) to work on /opt/airflow/dags/main.py
[2026-02-17T01:07:02.132+0000] {processor.py:830} INFO - Processing file /opt/airflow/dags/main.py for tasks to queue
[2026-02-17T01:07:02.135+0000] {logging_mixin.py:188} INFO - [2026-02-17T01:07:02.135+0000] {dagbag.py:545} INFO - Filling up the DagBag from /opt/airflow/dags/main.py
[2026-02-17T01:07:02.181+0000] {processor.py:840} INFO - DAG(s) 'produce_json' retrieved from /opt/airflow/dags/main.py
[2026-02-17T01:07:02.212+0000] {logging_mixin.py:188} INFO - [2026-02-17T01:07:02.212+0000] {dag.py:3096} INFO - Sync 1 DAGs
[2026-02-17T01:07:02.237+0000] {logging_mixin.py:188} INFO - [2026-02-17T01:07:02.237+0000] {dag.py:3954} INFO - Setting next_dagrun for produce_json to 2026-02-16 14:00:00+00:00, run_after=2026-02-17 14:00:00+00:00
[2026-02-17T01:07:02.261+0000] {processor.py:183} INFO - Processing /opt/airflow/dags/main.py took 0.135 seconds
[2026-02-17T01:07:32.334+0000] {processor.py:161} INFO - Started process (PID=130) to work on /opt/airflow/dags/main.py
[2026-02-17T01:07:32.336+0000] {processor.py:830} INFO - Processing file /opt/airflow/dags/main.py for tasks to queue
[2026-02-17T01:07:32.339+0000] {logging_mixin.py:188} INFO - [2026-02-17T01:07:32.339+0000] {dagbag.py:545} INFO - Filling up the DagBag from /opt/airflow/dags/main.py
[2026-02-17T01:07:32.393+0000] {processor.py:840} INFO - DAG(s) 'produce_json' retrieved from /opt/airflow/dags/main.py
[2026-02-17T01:07:32.424+0000] {logging_mixin.py:188} INFO - [2026-02-17T01:07:32.424+0000] {dag.py:3096} INFO - Sync 1 DAGs
[2026-02-17T01:07:32.446+0000] {logging_mixin.py:188} INFO - [2026-02-17T01:07:32.446+0000] {dag.py:3954} INFO - Setting next_dagrun for produce_json to 2026-02-16 14:00:00+00:00, run_after=2026-02-17 14:00:00+00:00
[2026-02-17T01:07:32.469+0000] {processor.py:183} INFO - Processing /opt/airflow/dags/main.py took 0.142 seconds
[2026-02-17T01:08:02.680+0000] {processor.py:161} INFO - Started process (PID=137) to work on /opt/airflow/dags/main.py
[2026-02-17T01:08:02.681+0000] {processor.py:830} INFO - Processing file /opt/airflow/dags/main.py for tasks to queue
[2026-02-17T01:08:02.683+0000] {logging_mixin.py:188} INFO - [2026-02-17T01:08:02.683+0000] {dagbag.py:545} INFO - Filling up the DagBag from /opt/airflow/dags/main.py
[2026-02-17T01:08:02.722+0000] {processor.py:840} INFO - DAG(s) 'produce_json' retrieved from /opt/airflow/dags/main.py
[2026-02-17T01:08:02.747+0000] {logging_mixin.py:188} INFO - [2026-02-17T01:08:02.747+0000] {dag.py:3096} INFO - Sync 1 DAGs
[2026-02-17T01:08:02.768+0000] {logging_mixin.py:188} INFO - [2026-02-17T01:08:02.768+0000] {dag.py:3954} INFO - Setting next_dagrun for produce_json to 2026-02-16 14:00:00+00:00, run_after=2026-02-17 14:00:00+00:00
[2026-02-17T01:08:02.802+0000] {processor.py:183} INFO - Processing /opt/airflow/dags/main.py took 0.127 seconds
[2026-02-17T01:08:32.919+0000] {processor.py:161} INFO - Started process (PID=145) to work on /opt/airflow/dags/main.py
[2026-02-17T01:08:32.920+0000] {processor.py:830} INFO - Processing file /opt/airflow/dags/main.py for tasks to queue
[2026-02-17T01:08:32.922+0000] {logging_mixin.py:188} INFO - [2026-02-17T01:08:32.922+0000] {dagbag.py:545} INFO - Filling up the DagBag from /opt/airflow/dags/main.py
[2026-02-17T01:08:32.964+0000] {processor.py:840} INFO - DAG(s) 'produce_json' retrieved from /opt/airflow/dags/main.py
[2026-02-17T01:08:32.992+0000] {logging_mixin.py:188} INFO - [2026-02-17T01:08:32.991+0000] {dag.py:3096} INFO - Sync 1 DAGs
[2026-02-17T01:08:33.011+0000] {logging_mixin.py:188} INFO - [2026-02-17T01:08:33.011+0000] {dag.py:3954} INFO - Setting next_dagrun for produce_json to 2026-02-16 14:00:00+00:00, run_after=2026-02-17 14:00:00+00:00
[2026-02-17T01:08:33.034+0000] {processor.py:183} INFO - Processing /opt/airflow/dags/main.py took 0.121 seconds
[2026-02-17T01:09:03.309+0000] {processor.py:161} INFO - Started process (PID=152) to work on /opt/airflow/dags/main.py
[2026-02-17T01:09:03.311+0000] {processor.py:830} INFO - Processing file /opt/airflow/dags/main.py for tasks to queue
[2026-02-17T01:09:03.313+0000] {logging_mixin.py:188} INFO - [2026-02-17T01:09:03.313+0000] {dagbag.py:545} INFO - Filling up the DagBag from /opt/airflow/dags/main.py
[2026-02-17T01:09:03.379+0000] {processor.py:840} INFO - DAG(s) 'produce_json' retrieved from /opt/airflow/dags/main.py
[2026-02-17T01:09:03.410+0000] {logging_mixin.py:188} INFO - [2026-02-17T01:09:03.410+0000] {dag.py:3096} INFO - Sync 1 DAGs
[2026-02-17T01:09:03.434+0000] {logging_mixin.py:188} INFO - [2026-02-17T01:09:03.434+0000] {dag.py:3954} INFO - Setting next_dagrun for produce_json to 2026-02-16 14:00:00+00:00, run_after=2026-02-17 14:00:00+00:00
[2026-02-17T01:09:03.456+0000] {processor.py:183} INFO - Processing /opt/airflow/dags/main.py took 0.154 seconds
[2026-02-17T01:09:33.492+0000] {processor.py:161} INFO - Started process (PID=159) to work on /opt/airflow/dags/main.py
[2026-02-17T01:09:33.493+0000] {processor.py:830} INFO - Processing file /opt/airflow/dags/main.py for tasks to queue
[2026-02-17T01:09:33.495+0000] {logging_mixin.py:188} INFO - [2026-02-17T01:09:33.494+0000] {dagbag.py:545} INFO - Filling up the DagBag from /opt/airflow/dags/main.py
[2026-02-17T01:09:33.553+0000] {processor.py:840} INFO - DAG(s) 'produce_json' retrieved from /opt/airflow/dags/main.py
[2026-02-17T01:09:33.594+0000] {logging_mixin.py:188} INFO - [2026-02-17T01:09:33.593+0000] {dag.py:3096} INFO - Sync 1 DAGs
[2026-02-17T01:09:33.635+0000] {logging_mixin.py:188} INFO - [2026-02-17T01:09:33.634+0000] {dag.py:3954} INFO - Setting next_dagrun for produce_json to 2026-02-16 14:00:00+00:00, run_after=2026-02-17 14:00:00+00:00
[2026-02-17T01:09:33.674+0000] {processor.py:183} INFO - Processing /opt/airflow/dags/main.py took 0.189 seconds
[2026-02-17T01:10:03.863+0000] {processor.py:161} INFO - Started process (PID=172) to work on /opt/airflow/dags/main.py
[2026-02-17T01:10:03.864+0000] {processor.py:830} INFO - Processing file /opt/airflow/dags/main.py for tasks to queue
[2026-02-17T01:10:03.866+0000] {logging_mixin.py:188} INFO - [2026-02-17T01:10:03.866+0000] {dagbag.py:545} INFO - Filling up the DagBag from /opt/airflow/dags/main.py
[2026-02-17T01:10:03.909+0000] {processor.py:840} INFO - DAG(s) 'produce_json' retrieved from /opt/airflow/dags/main.py
[2026-02-17T01:10:03.937+0000] {logging_mixin.py:188} INFO - [2026-02-17T01:10:03.937+0000] {dag.py:3096} INFO - Sync 1 DAGs
[2026-02-17T01:10:03.961+0000] {logging_mixin.py:188} INFO - [2026-02-17T01:10:03.961+0000] {dag.py:3954} INFO - Setting next_dagrun for produce_json to 2026-02-16 14:00:00+00:00, run_after=2026-02-17 14:00:00+00:00
[2026-02-17T01:10:03.981+0000] {processor.py:183} INFO - Processing /opt/airflow/dags/main.py took 0.123 seconds
[2026-02-17T01:10:19.272+0000] {processor.py:161} INFO - Started process (PID=42) to work on /opt/airflow/dags/main.py
[2026-02-17T01:10:19.273+0000] {processor.py:830} INFO - Processing file /opt/airflow/dags/main.py for tasks to queue
[2026-02-17T01:10:19.276+0000] {logging_mixin.py:188} INFO - [2026-02-17T01:10:19.276+0000] {dagbag.py:545} INFO - Filling up the DagBag from /opt/airflow/dags/main.py
[2026-02-17T01:10:19.338+0000] {processor.py:840} INFO - DAG(s) 'produce_json' retrieved from /opt/airflow/dags/main.py
[2026-02-17T01:10:19.387+0000] {logging_mixin.py:188} INFO - [2026-02-17T01:10:19.386+0000] {dag.py:3096} INFO - Sync 1 DAGs
[2026-02-17T01:10:19.410+0000] {logging_mixin.py:188} INFO - [2026-02-17T01:10:19.410+0000] {dag.py:3954} INFO - Setting next_dagrun for produce_json to 2026-02-16 14:00:00+00:00, run_after=2026-02-17 14:00:00+00:00
[2026-02-17T01:10:19.433+0000] {processor.py:183} INFO - Processing /opt/airflow/dags/main.py took 0.168 seconds
[2026-02-17T01:10:49.530+0000] {processor.py:161} INFO - Started process (PID=55) to work on /opt/airflow/dags/main.py
[2026-02-17T01:10:49.532+0000] {processor.py:830} INFO - Processing file /opt/airflow/dags/main.py for tasks to queue
[2026-02-17T01:10:49.534+0000] {logging_mixin.py:188} INFO - [2026-02-17T01:10:49.534+0000] {dagbag.py:545} INFO - Filling up the DagBag from /opt/airflow/dags/main.py
[2026-02-17T01:10:49.582+0000] {processor.py:840} INFO - DAG(s) 'produce_json' retrieved from /opt/airflow/dags/main.py
[2026-02-17T01:10:49.608+0000] {logging_mixin.py:188} INFO - [2026-02-17T01:10:49.608+0000] {dag.py:3096} INFO - Sync 1 DAGs
[2026-02-17T01:10:49.627+0000] {logging_mixin.py:188} INFO - [2026-02-17T01:10:49.627+0000] {dag.py:3954} INFO - Setting next_dagrun for produce_json to 2026-02-16 14:00:00+00:00, run_after=2026-02-17 14:00:00+00:00
[2026-02-17T01:10:49.652+0000] {processor.py:183} INFO - Processing /opt/airflow/dags/main.py took 0.128 seconds
[2026-02-17T01:11:25.378+0000] {processor.py:161} INFO - Started process (PID=36) to work on /opt/airflow/dags/main.py
[2026-02-17T01:11:25.379+0000] {processor.py:830} INFO - Processing file /opt/airflow/dags/main.py for tasks to queue
[2026-02-17T01:11:25.380+0000] {logging_mixin.py:188} INFO - [2026-02-17T01:11:25.380+0000] {dagbag.py:545} INFO - Filling up the DagBag from /opt/airflow/dags/main.py
[2026-02-17T01:11:25.429+0000] {processor.py:840} INFO - DAG(s) 'produce_json' retrieved from /opt/airflow/dags/main.py
[2026-02-17T01:11:25.480+0000] {logging_mixin.py:188} INFO - [2026-02-17T01:11:25.480+0000] {dag.py:3096} INFO - Sync 1 DAGs
[2026-02-17T01:11:25.500+0000] {logging_mixin.py:188} INFO - [2026-02-17T01:11:25.499+0000] {dag.py:3954} INFO - Setting next_dagrun for produce_json to 2026-02-16 14:00:00+00:00, run_after=2026-02-17 14:00:00+00:00
[2026-02-17T01:11:25.519+0000] {processor.py:183} INFO - Processing /opt/airflow/dags/main.py took 0.146 seconds
[2026-02-17T01:11:55.634+0000] {processor.py:161} INFO - Started process (PID=50) to work on /opt/airflow/dags/main.py
[2026-02-17T01:11:55.635+0000] {processor.py:830} INFO - Processing file /opt/airflow/dags/main.py for tasks to queue
[2026-02-17T01:11:55.637+0000] {logging_mixin.py:188} INFO - [2026-02-17T01:11:55.637+0000] {dagbag.py:545} INFO - Filling up the DagBag from /opt/airflow/dags/main.py
[2026-02-17T01:11:55.687+0000] {processor.py:840} INFO - DAG(s) 'produce_json' retrieved from /opt/airflow/dags/main.py
[2026-02-17T01:11:55.713+0000] {logging_mixin.py:188} INFO - [2026-02-17T01:11:55.713+0000] {dag.py:3096} INFO - Sync 1 DAGs
[2026-02-17T01:11:55.732+0000] {logging_mixin.py:188} INFO - [2026-02-17T01:11:55.731+0000] {dag.py:3954} INFO - Setting next_dagrun for produce_json to 2026-02-16 14:00:00+00:00, run_after=2026-02-17 14:00:00+00:00
[2026-02-17T01:11:55.762+0000] {processor.py:183} INFO - Processing /opt/airflow/dags/main.py took 0.134 seconds
[2026-02-17T01:12:25.951+0000] {processor.py:161} INFO - Started process (PID=63) to work on /opt/airflow/dags/main.py
[2026-02-17T01:12:25.952+0000] {processor.py:830} INFO - Processing file /opt/airflow/dags/main.py for tasks to queue
[2026-02-17T01:12:25.954+0000] {logging_mixin.py:188} INFO - [2026-02-17T01:12:25.954+0000] {dagbag.py:545} INFO - Filling up the DagBag from /opt/airflow/dags/main.py
[2026-02-17T01:12:25.994+0000] {processor.py:840} INFO - DAG(s) 'produce_json' retrieved from /opt/airflow/dags/main.py
[2026-02-17T01:12:26.021+0000] {logging_mixin.py:188} INFO - [2026-02-17T01:12:26.020+0000] {dag.py:3096} INFO - Sync 1 DAGs
[2026-02-17T01:12:26.042+0000] {logging_mixin.py:188} INFO - [2026-02-17T01:12:26.041+0000] {dag.py:3954} INFO - Setting next_dagrun for produce_json to 2026-02-16 14:00:00+00:00, run_after=2026-02-17 14:00:00+00:00
[2026-02-17T01:12:26.075+0000] {processor.py:183} INFO - Processing /opt/airflow/dags/main.py took 0.130 seconds
[2026-02-17T01:12:56.167+0000] {processor.py:161} INFO - Started process (PID=76) to work on /opt/airflow/dags/main.py
[2026-02-17T01:12:56.168+0000] {processor.py:830} INFO - Processing file /opt/airflow/dags/main.py for tasks to queue
[2026-02-17T01:12:56.170+0000] {logging_mixin.py:188} INFO - [2026-02-17T01:12:56.169+0000] {dagbag.py:545} INFO - Filling up the DagBag from /opt/airflow/dags/main.py
[2026-02-17T01:12:56.211+0000] {processor.py:840} INFO - DAG(s) 'produce_json' retrieved from /opt/airflow/dags/main.py
[2026-02-17T01:12:56.238+0000] {logging_mixin.py:188} INFO - [2026-02-17T01:12:56.237+0000] {dag.py:3096} INFO - Sync 1 DAGs
[2026-02-17T01:12:56.257+0000] {logging_mixin.py:188} INFO - [2026-02-17T01:12:56.257+0000] {dag.py:3954} INFO - Setting next_dagrun for produce_json to 2026-02-16 14:00:00+00:00, run_after=2026-02-17 14:00:00+00:00
[2026-02-17T01:12:56.278+0000] {processor.py:183} INFO - Processing /opt/airflow/dags/main.py took 0.117 seconds
[2026-02-17T01:13:26.540+0000] {processor.py:161} INFO - Started process (PID=83) to work on /opt/airflow/dags/main.py
[2026-02-17T01:13:26.541+0000] {processor.py:830} INFO - Processing file /opt/airflow/dags/main.py for tasks to queue
[2026-02-17T01:13:26.544+0000] {logging_mixin.py:188} INFO - [2026-02-17T01:13:26.543+0000] {dagbag.py:545} INFO - Filling up the DagBag from /opt/airflow/dags/main.py
[2026-02-17T01:13:26.609+0000] {processor.py:840} INFO - DAG(s) 'produce_json' retrieved from /opt/airflow/dags/main.py
[2026-02-17T01:13:26.639+0000] {logging_mixin.py:188} INFO - [2026-02-17T01:13:26.639+0000] {dag.py:3096} INFO - Sync 1 DAGs
[2026-02-17T01:13:26.660+0000] {logging_mixin.py:188} INFO - [2026-02-17T01:13:26.660+0000] {dag.py:3954} INFO - Setting next_dagrun for produce_json to 2026-02-16 14:00:00+00:00, run_after=2026-02-17 14:00:00+00:00
[2026-02-17T01:13:26.682+0000] {processor.py:183} INFO - Processing /opt/airflow/dags/main.py took 0.149 seconds
[2026-02-17T01:13:56.740+0000] {processor.py:161} INFO - Started process (PID=96) to work on /opt/airflow/dags/main.py
[2026-02-17T01:13:56.741+0000] {processor.py:830} INFO - Processing file /opt/airflow/dags/main.py for tasks to queue
[2026-02-17T01:13:56.744+0000] {logging_mixin.py:188} INFO - [2026-02-17T01:13:56.743+0000] {dagbag.py:545} INFO - Filling up the DagBag from /opt/airflow/dags/main.py
[2026-02-17T01:13:56.796+0000] {processor.py:840} INFO - DAG(s) 'produce_json' retrieved from /opt/airflow/dags/main.py
[2026-02-17T01:13:56.826+0000] {logging_mixin.py:188} INFO - [2026-02-17T01:13:56.825+0000] {dag.py:3096} INFO - Sync 1 DAGs
[2026-02-17T01:13:56.850+0000] {logging_mixin.py:188} INFO - [2026-02-17T01:13:56.849+0000] {dag.py:3954} INFO - Setting next_dagrun for produce_json to 2026-02-16 14:00:00+00:00, run_after=2026-02-17 14:00:00+00:00
[2026-02-17T01:13:56.876+0000] {processor.py:183} INFO - Processing /opt/airflow/dags/main.py took 0.142 seconds
[2026-02-17T01:14:49.517+0000] {processor.py:161} INFO - Started process (PID=62) to work on /opt/airflow/dags/main.py
[2026-02-17T01:14:49.520+0000] {processor.py:830} INFO - Processing file /opt/airflow/dags/main.py for tasks to queue
[2026-02-17T01:14:49.524+0000] {logging_mixin.py:188} INFO - [2026-02-17T01:14:49.523+0000] {dagbag.py:545} INFO - Filling up the DagBag from /opt/airflow/dags/main.py
[2026-02-17T01:14:49.629+0000] {processor.py:840} INFO - DAG(s) 'produce_json' retrieved from /opt/airflow/dags/main.py
[2026-02-17T01:14:49.841+0000] {logging_mixin.py:188} INFO - [2026-02-17T01:14:49.841+0000] {dag.py:3096} INFO - Sync 1 DAGs
[2026-02-17T01:14:49.884+0000] {logging_mixin.py:188} INFO - [2026-02-17T01:14:49.884+0000] {dag.py:3954} INFO - Setting next_dagrun for produce_json to 2026-02-16 14:00:00+00:00, run_after=2026-02-17 14:00:00+00:00
[2026-02-17T01:14:49.922+0000] {processor.py:183} INFO - Processing /opt/airflow/dags/main.py took 0.423 seconds
[2026-02-17T01:15:20.156+0000] {processor.py:161} INFO - Started process (PID=75) to work on /opt/airflow/dags/main.py
[2026-02-17T01:15:20.157+0000] {processor.py:830} INFO - Processing file /opt/airflow/dags/main.py for tasks to queue
[2026-02-17T01:15:20.159+0000] {logging_mixin.py:188} INFO - [2026-02-17T01:15:20.159+0000] {dagbag.py:545} INFO - Filling up the DagBag from /opt/airflow/dags/main.py
[2026-02-17T01:15:20.224+0000] {processor.py:840} INFO - DAG(s) 'produce_json' retrieved from /opt/airflow/dags/main.py
[2026-02-17T01:15:20.268+0000] {logging_mixin.py:188} INFO - [2026-02-17T01:15:20.268+0000] {dag.py:3096} INFO - Sync 1 DAGs
[2026-02-17T01:15:20.303+0000] {logging_mixin.py:188} INFO - [2026-02-17T01:15:20.303+0000] {dag.py:3954} INFO - Setting next_dagrun for produce_json to 2026-02-16 14:00:00+00:00, run_after=2026-02-17 14:00:00+00:00
[2026-02-17T01:15:20.345+0000] {processor.py:183} INFO - Processing /opt/airflow/dags/main.py took 0.194 seconds
[2026-02-17T01:15:50.402+0000] {processor.py:161} INFO - Started process (PID=82) to work on /opt/airflow/dags/main.py
[2026-02-17T01:15:50.403+0000] {processor.py:830} INFO - Processing file /opt/airflow/dags/main.py for tasks to queue
[2026-02-17T01:15:50.405+0000] {logging_mixin.py:188} INFO - [2026-02-17T01:15:50.404+0000] {dagbag.py:545} INFO - Filling up the DagBag from /opt/airflow/dags/main.py
[2026-02-17T01:15:50.450+0000] {processor.py:840} INFO - DAG(s) 'produce_json' retrieved from /opt/airflow/dags/main.py
[2026-02-17T01:15:50.481+0000] {logging_mixin.py:188} INFO - [2026-02-17T01:15:50.480+0000] {dag.py:3096} INFO - Sync 1 DAGs
[2026-02-17T01:15:50.504+0000] {logging_mixin.py:188} INFO - [2026-02-17T01:15:50.504+0000] {dag.py:3954} INFO - Setting next_dagrun for produce_json to 2026-02-16 14:00:00+00:00, run_after=2026-02-17 14:00:00+00:00
[2026-02-17T01:15:50.536+0000] {processor.py:183} INFO - Processing /opt/airflow/dags/main.py took 0.141 seconds
[2026-02-17T01:16:20.776+0000] {processor.py:161} INFO - Started process (PID=89) to work on /opt/airflow/dags/main.py
[2026-02-17T01:16:20.777+0000] {processor.py:830} INFO - Processing file /opt/airflow/dags/main.py for tasks to queue
[2026-02-17T01:16:20.779+0000] {logging_mixin.py:188} INFO - [2026-02-17T01:16:20.778+0000] {dagbag.py:545} INFO - Filling up the DagBag from /opt/airflow/dags/main.py
[2026-02-17T01:16:20.824+0000] {processor.py:840} INFO - DAG(s) 'produce_json' retrieved from /opt/airflow/dags/main.py
[2026-02-17T01:16:20.854+0000] {logging_mixin.py:188} INFO - [2026-02-17T01:16:20.853+0000] {dag.py:3096} INFO - Sync 1 DAGs
[2026-02-17T01:16:20.875+0000] {logging_mixin.py:188} INFO - [2026-02-17T01:16:20.875+0000] {dag.py:3954} INFO - Setting next_dagrun for produce_json to 2026-02-16 14:00:00+00:00, run_after=2026-02-17 14:00:00+00:00
[2026-02-17T01:16:20.908+0000] {processor.py:183} INFO - Processing /opt/airflow/dags/main.py took 0.138 seconds
[2026-02-17T01:17:31.410+0000] {processor.py:161} INFO - Started process (PID=60) to work on /opt/airflow/dags/main.py
[2026-02-17T01:17:31.414+0000] {processor.py:830} INFO - Processing file /opt/airflow/dags/main.py for tasks to queue
[2026-02-17T01:17:31.418+0000] {logging_mixin.py:188} INFO - [2026-02-17T01:17:31.418+0000] {dagbag.py:545} INFO - Filling up the DagBag from /opt/airflow/dags/main.py
[2026-02-17T01:17:31.597+0000] {processor.py:840} INFO - DAG(s) 'produce_json' retrieved from /opt/airflow/dags/main.py
[2026-02-17T01:17:32.045+0000] {logging_mixin.py:188} INFO - [2026-02-17T01:17:32.044+0000] {dag.py:3096} INFO - Sync 1 DAGs
[2026-02-17T01:17:32.079+0000] {logging_mixin.py:188} INFO - [2026-02-17T01:17:32.078+0000] {dag.py:3954} INFO - Setting next_dagrun for produce_json to 2026-02-16 14:00:00+00:00, run_after=2026-02-17 14:00:00+00:00
[2026-02-17T01:17:32.113+0000] {processor.py:183} INFO - Processing /opt/airflow/dags/main.py took 0.716 seconds
[2026-02-17T01:18:02.394+0000] {processor.py:161} INFO - Started process (PID=73) to work on /opt/airflow/dags/main.py
[2026-02-17T01:18:02.395+0000] {processor.py:830} INFO - Processing file /opt/airflow/dags/main.py for tasks to queue
[2026-02-17T01:18:02.397+0000] {logging_mixin.py:188} INFO - [2026-02-17T01:18:02.397+0000] {dagbag.py:545} INFO - Filling up the DagBag from /opt/airflow/dags/main.py
[2026-02-17T01:18:02.443+0000] {processor.py:840} INFO - DAG(s) 'produce_json' retrieved from /opt/airflow/dags/main.py
[2026-02-17T01:18:02.472+0000] {logging_mixin.py:188} INFO - [2026-02-17T01:18:02.472+0000] {dag.py:3096} INFO - Sync 1 DAGs
[2026-02-17T01:18:02.494+0000] {logging_mixin.py:188} INFO - [2026-02-17T01:18:02.494+0000] {dag.py:3954} INFO - Setting next_dagrun for produce_json to 2026-02-16 14:00:00+00:00, run_after=2026-02-17 14:00:00+00:00
[2026-02-17T01:18:02.514+0000] {processor.py:183} INFO - Processing /opt/airflow/dags/main.py took 0.126 seconds
[2026-02-17T01:18:32.599+0000] {processor.py:161} INFO - Started process (PID=80) to work on /opt/airflow/dags/main.py
[2026-02-17T01:18:32.601+0000] {processor.py:830} INFO - Processing file /opt/airflow/dags/main.py for tasks to queue
[2026-02-17T01:18:32.605+0000] {logging_mixin.py:188} INFO - [2026-02-17T01:18:32.604+0000] {dagbag.py:545} INFO - Filling up the DagBag from /opt/airflow/dags/main.py
[2026-02-17T01:18:32.662+0000] {processor.py:840} INFO - DAG(s) 'produce_json' retrieved from /opt/airflow/dags/main.py
[2026-02-17T01:18:32.691+0000] {logging_mixin.py:188} INFO - [2026-02-17T01:18:32.691+0000] {dag.py:3096} INFO - Sync 1 DAGs
[2026-02-17T01:18:32.712+0000] {logging_mixin.py:188} INFO - [2026-02-17T01:18:32.712+0000] {dag.py:3954} INFO - Setting next_dagrun for produce_json to 2026-02-16 14:00:00+00:00, run_after=2026-02-17 14:00:00+00:00
[2026-02-17T01:18:32.734+0000] {processor.py:183} INFO - Processing /opt/airflow/dags/main.py took 0.143 seconds
[2026-02-17T01:19:02.954+0000] {processor.py:161} INFO - Started process (PID=93) to work on /opt/airflow/dags/main.py
[2026-02-17T01:19:02.955+0000] {processor.py:830} INFO - Processing file /opt/airflow/dags/main.py for tasks to queue
[2026-02-17T01:19:02.957+0000] {logging_mixin.py:188} INFO - [2026-02-17T01:19:02.957+0000] {dagbag.py:545} INFO - Filling up the DagBag from /opt/airflow/dags/main.py
[2026-02-17T01:19:02.999+0000] {processor.py:840} INFO - DAG(s) 'produce_json' retrieved from /opt/airflow/dags/main.py
[2026-02-17T01:19:03.028+0000] {logging_mixin.py:188} INFO - [2026-02-17T01:19:03.028+0000] {dag.py:3096} INFO - Sync 1 DAGs
[2026-02-17T01:19:03.048+0000] {logging_mixin.py:188} INFO - [2026-02-17T01:19:03.047+0000] {dag.py:3954} INFO - Setting next_dagrun for produce_json to 2026-02-16 14:00:00+00:00, run_after=2026-02-17 14:00:00+00:00
[2026-02-17T01:19:03.069+0000] {processor.py:183} INFO - Processing /opt/airflow/dags/main.py took 0.120 seconds
[2026-02-17T01:19:33.183+0000] {processor.py:161} INFO - Started process (PID=100) to work on /opt/airflow/dags/main.py
[2026-02-17T01:19:33.184+0000] {processor.py:830} INFO - Processing file /opt/airflow/dags/main.py for tasks to queue
[2026-02-17T01:19:33.187+0000] {logging_mixin.py:188} INFO - [2026-02-17T01:19:33.186+0000] {dagbag.py:545} INFO - Filling up the DagBag from /opt/airflow/dags/main.py
[2026-02-17T01:19:33.229+0000] {processor.py:840} INFO - DAG(s) 'produce_json' retrieved from /opt/airflow/dags/main.py
[2026-02-17T01:19:33.257+0000] {logging_mixin.py:188} INFO - [2026-02-17T01:19:33.256+0000] {dag.py:3096} INFO - Sync 1 DAGs
[2026-02-17T01:19:33.276+0000] {logging_mixin.py:188} INFO - [2026-02-17T01:19:33.276+0000] {dag.py:3954} INFO - Setting next_dagrun for produce_json to 2026-02-16 14:00:00+00:00, run_after=2026-02-17 14:00:00+00:00
[2026-02-17T01:19:33.297+0000] {processor.py:183} INFO - Processing /opt/airflow/dags/main.py took 0.120 seconds
[2026-02-17T01:20:03.540+0000] {processor.py:161} INFO - Started process (PID=107) to work on /opt/airflow/dags/main.py
[2026-02-17T01:20:03.542+0000] {processor.py:830} INFO - Processing file /opt/airflow/dags/main.py for tasks to queue
[2026-02-17T01:20:03.545+0000] {logging_mixin.py:188} INFO - [2026-02-17T01:20:03.544+0000] {dagbag.py:545} INFO - Filling up the DagBag from /opt/airflow/dags/main.py
[2026-02-17T01:20:03.617+0000] {processor.py:840} INFO - DAG(s) 'produce_json' retrieved from /opt/airflow/dags/main.py
[2026-02-17T01:20:03.647+0000] {logging_mixin.py:188} INFO - [2026-02-17T01:20:03.646+0000] {dag.py:3096} INFO - Sync 1 DAGs
[2026-02-17T01:20:03.666+0000] {logging_mixin.py:188} INFO - [2026-02-17T01:20:03.666+0000] {dag.py:3954} INFO - Setting next_dagrun for produce_json to 2026-02-16 14:00:00+00:00, run_after=2026-02-17 14:00:00+00:00
[2026-02-17T01:20:03.684+0000] {processor.py:183} INFO - Processing /opt/airflow/dags/main.py took 0.158 seconds
[2026-02-17T01:20:33.782+0000] {processor.py:161} INFO - Started process (PID=120) to work on /opt/airflow/dags/main.py
[2026-02-17T01:20:33.783+0000] {processor.py:830} INFO - Processing file /opt/airflow/dags/main.py for tasks to queue
[2026-02-17T01:20:33.786+0000] {logging_mixin.py:188} INFO - [2026-02-17T01:20:33.786+0000] {dagbag.py:545} INFO - Filling up the DagBag from /opt/airflow/dags/main.py
[2026-02-17T01:20:33.834+0000] {processor.py:840} INFO - DAG(s) 'produce_json' retrieved from /opt/airflow/dags/main.py
[2026-02-17T01:20:33.868+0000] {logging_mixin.py:188} INFO - [2026-02-17T01:20:33.868+0000] {dag.py:3096} INFO - Sync 1 DAGs
[2026-02-17T01:20:33.899+0000] {logging_mixin.py:188} INFO - [2026-02-17T01:20:33.899+0000] {dag.py:3954} INFO - Setting next_dagrun for produce_json to 2026-02-16 14:00:00+00:00, run_after=2026-02-17 14:00:00+00:00
[2026-02-17T01:20:33.922+0000] {processor.py:183} INFO - Processing /opt/airflow/dags/main.py took 0.147 seconds
[2026-02-17T01:21:04.120+0000] {processor.py:161} INFO - Started process (PID=133) to work on /opt/airflow/dags/main.py
[2026-02-17T01:21:04.121+0000] {processor.py:830} INFO - Processing file /opt/airflow/dags/main.py for tasks to queue
[2026-02-17T01:21:04.124+0000] {logging_mixin.py:188} INFO - [2026-02-17T01:21:04.124+0000] {dagbag.py:545} INFO - Filling up the DagBag from /opt/airflow/dags/main.py
[2026-02-17T01:21:04.167+0000] {processor.py:840} INFO - DAG(s) 'produce_json' retrieved from /opt/airflow/dags/main.py
[2026-02-17T01:21:04.195+0000] {logging_mixin.py:188} INFO - [2026-02-17T01:21:04.195+0000] {dag.py:3096} INFO - Sync 1 DAGs
[2026-02-17T01:21:04.215+0000] {logging_mixin.py:188} INFO - [2026-02-17T01:21:04.215+0000] {dag.py:3954} INFO - Setting next_dagrun for produce_json to 2026-02-16 14:00:00+00:00, run_after=2026-02-17 14:00:00+00:00
[2026-02-17T01:21:04.250+0000] {processor.py:183} INFO - Processing /opt/airflow/dags/main.py took 0.135 seconds
[2026-02-17T01:21:34.332+0000] {processor.py:161} INFO - Started process (PID=140) to work on /opt/airflow/dags/main.py
[2026-02-17T01:21:34.333+0000] {processor.py:830} INFO - Processing file /opt/airflow/dags/main.py for tasks to queue
[2026-02-17T01:21:34.335+0000] {logging_mixin.py:188} INFO - [2026-02-17T01:21:34.335+0000] {dagbag.py:545} INFO - Filling up the DagBag from /opt/airflow/dags/main.py
[2026-02-17T01:21:34.384+0000] {processor.py:840} INFO - DAG(s) 'produce_json' retrieved from /opt/airflow/dags/main.py
[2026-02-17T01:21:34.417+0000] {logging_mixin.py:188} INFO - [2026-02-17T01:21:34.417+0000] {dag.py:3096} INFO - Sync 1 DAGs
[2026-02-17T01:21:34.442+0000] {logging_mixin.py:188} INFO - [2026-02-17T01:21:34.442+0000] {dag.py:3954} INFO - Setting next_dagrun for produce_json to 2026-02-16 14:00:00+00:00, run_after=2026-02-17 14:00:00+00:00
[2026-02-17T01:21:34.467+0000] {processor.py:183} INFO - Processing /opt/airflow/dags/main.py took 0.142 seconds
[2026-02-17T01:22:11.158+0000] {processor.py:161} INFO - Started process (PID=48) to work on /opt/airflow/dags/main.py
[2026-02-17T01:22:11.159+0000] {processor.py:830} INFO - Processing file /opt/airflow/dags/main.py for tasks to queue
[2026-02-17T01:22:11.163+0000] {logging_mixin.py:188} INFO - [2026-02-17T01:22:11.163+0000] {dagbag.py:545} INFO - Filling up the DagBag from /opt/airflow/dags/main.py
[2026-02-17T01:22:11.226+0000] {processor.py:840} INFO - DAG(s) 'produce_json' retrieved from /opt/airflow/dags/main.py
[2026-02-17T01:22:11.282+0000] {logging_mixin.py:188} INFO - [2026-02-17T01:22:11.282+0000] {dag.py:3096} INFO - Sync 1 DAGs
[2026-02-17T01:22:11.309+0000] {logging_mixin.py:188} INFO - [2026-02-17T01:22:11.309+0000] {dag.py:3954} INFO - Setting next_dagrun for produce_json to 2026-02-16 14:00:00+00:00, run_after=2026-02-17 14:00:00+00:00
[2026-02-17T01:22:11.339+0000] {processor.py:183} INFO - Processing /opt/airflow/dags/main.py took 0.188 seconds
[2026-02-17T01:22:41.455+0000] {processor.py:161} INFO - Started process (PID=55) to work on /opt/airflow/dags/main.py
[2026-02-17T01:22:41.455+0000] {processor.py:830} INFO - Processing file /opt/airflow/dags/main.py for tasks to queue
[2026-02-17T01:22:41.457+0000] {logging_mixin.py:188} INFO - [2026-02-17T01:22:41.457+0000] {dagbag.py:545} INFO - Filling up the DagBag from /opt/airflow/dags/main.py
[2026-02-17T01:22:41.511+0000] {processor.py:840} INFO - DAG(s) 'produce_json' retrieved from /opt/airflow/dags/main.py
[2026-02-17T01:22:41.541+0000] {logging_mixin.py:188} INFO - [2026-02-17T01:22:41.541+0000] {dag.py:3096} INFO - Sync 1 DAGs
[2026-02-17T01:22:41.563+0000] {logging_mixin.py:188} INFO - [2026-02-17T01:22:41.563+0000] {dag.py:3954} INFO - Setting next_dagrun for produce_json to 2026-02-16 14:00:00+00:00, run_after=2026-02-17 14:00:00+00:00
[2026-02-17T01:22:41.584+0000] {processor.py:183} INFO - Processing /opt/airflow/dags/main.py took 0.135 seconds
[2026-02-17T01:23:11.812+0000] {processor.py:161} INFO - Started process (PID=75) to work on /opt/airflow/dags/main.py
[2026-02-17T01:23:11.813+0000] {processor.py:830} INFO - Processing file /opt/airflow/dags/main.py for tasks to queue
[2026-02-17T01:23:11.815+0000] {logging_mixin.py:188} INFO - [2026-02-17T01:23:11.815+0000] {dagbag.py:545} INFO - Filling up the DagBag from /opt/airflow/dags/main.py
[2026-02-17T01:23:11.856+0000] {processor.py:840} INFO - DAG(s) 'produce_json' retrieved from /opt/airflow/dags/main.py
[2026-02-17T01:23:11.891+0000] {logging_mixin.py:188} INFO - [2026-02-17T01:23:11.891+0000] {dag.py:3096} INFO - Sync 1 DAGs
[2026-02-17T01:23:11.914+0000] {logging_mixin.py:188} INFO - [2026-02-17T01:23:11.914+0000] {dag.py:3954} INFO - Setting next_dagrun for produce_json to 2026-02-16 14:00:00+00:00, run_after=2026-02-17 14:00:00+00:00
[2026-02-17T01:23:11.949+0000] {processor.py:183} INFO - Processing /opt/airflow/dags/main.py took 0.142 seconds
[2026-02-17T01:23:42.020+0000] {processor.py:161} INFO - Started process (PID=100) to work on /opt/airflow/dags/main.py
[2026-02-17T01:23:42.021+0000] {processor.py:830} INFO - Processing file /opt/airflow/dags/main.py for tasks to queue
[2026-02-17T01:23:42.023+0000] {logging_mixin.py:188} INFO - [2026-02-17T01:23:42.023+0000] {dagbag.py:545} INFO - Filling up the DagBag from /opt/airflow/dags/main.py
[2026-02-17T01:23:42.087+0000] {processor.py:840} INFO - DAG(s) 'produce_json' retrieved from /opt/airflow/dags/main.py
[2026-02-17T01:23:42.131+0000] {logging_mixin.py:188} INFO - [2026-02-17T01:23:42.131+0000] {dag.py:3096} INFO - Sync 1 DAGs
[2026-02-17T01:23:42.162+0000] {logging_mixin.py:188} INFO - [2026-02-17T01:23:42.162+0000] {dag.py:3954} INFO - Setting next_dagrun for produce_json to 2026-02-16 14:00:00+00:00, run_after=2026-02-17 14:00:00+00:00
[2026-02-17T01:23:42.200+0000] {processor.py:183} INFO - Processing /opt/airflow/dags/main.py took 0.186 seconds
[2026-02-17T01:27:13.561+0000] {processor.py:161} INFO - Started process (PID=54) to work on /opt/airflow/dags/main.py
[2026-02-17T01:27:13.563+0000] {processor.py:830} INFO - Processing file /opt/airflow/dags/main.py for tasks to queue
[2026-02-17T01:27:13.566+0000] {logging_mixin.py:188} INFO - [2026-02-17T01:27:13.566+0000] {dagbag.py:545} INFO - Filling up the DagBag from /opt/airflow/dags/main.py
[2026-02-17T01:27:13.698+0000] {processor.py:840} INFO - DAG(s) 'produce_json' retrieved from /opt/airflow/dags/main.py
[2026-02-17T01:27:14.088+0000] {logging_mixin.py:188} INFO - [2026-02-17T01:27:14.088+0000] {dag.py:3096} INFO - Sync 1 DAGs
[2026-02-17T01:27:14.123+0000] {logging_mixin.py:188} INFO - [2026-02-17T01:27:14.123+0000] {dag.py:3954} INFO - Setting next_dagrun for produce_json to 2026-02-16 14:00:00+00:00, run_after=2026-02-17 14:00:00+00:00
[2026-02-17T01:27:14.179+0000] {processor.py:183} INFO - Processing /opt/airflow/dags/main.py took 0.629 seconds
[2026-02-17T01:27:44.388+0000] {processor.py:161} INFO - Started process (PID=80) to work on /opt/airflow/dags/main.py
[2026-02-17T01:27:44.389+0000] {processor.py:830} INFO - Processing file /opt/airflow/dags/main.py for tasks to queue
[2026-02-17T01:27:44.391+0000] {logging_mixin.py:188} INFO - [2026-02-17T01:27:44.391+0000] {dagbag.py:545} INFO - Filling up the DagBag from /opt/airflow/dags/main.py
[2026-02-17T01:27:44.432+0000] {processor.py:840} INFO - DAG(s) 'produce_json' retrieved from /opt/airflow/dags/main.py
[2026-02-17T01:27:44.460+0000] {logging_mixin.py:188} INFO - [2026-02-17T01:27:44.460+0000] {dag.py:3096} INFO - Sync 1 DAGs
[2026-02-17T01:27:44.482+0000] {logging_mixin.py:188} INFO - [2026-02-17T01:27:44.482+0000] {dag.py:3954} INFO - Setting next_dagrun for produce_json to 2026-02-16 14:00:00+00:00, run_after=2026-02-17 14:00:00+00:00
[2026-02-17T01:27:44.502+0000] {processor.py:183} INFO - Processing /opt/airflow/dags/main.py took 0.120 seconds
[2026-02-17T01:28:14.583+0000] {processor.py:161} INFO - Started process (PID=87) to work on /opt/airflow/dags/main.py
[2026-02-17T01:28:14.584+0000] {processor.py:830} INFO - Processing file /opt/airflow/dags/main.py for tasks to queue
[2026-02-17T01:28:14.588+0000] {logging_mixin.py:188} INFO - [2026-02-17T01:28:14.587+0000] {dagbag.py:545} INFO - Filling up the DagBag from /opt/airflow/dags/main.py
[2026-02-17T01:28:14.642+0000] {processor.py:840} INFO - DAG(s) 'produce_json' retrieved from /opt/airflow/dags/main.py
[2026-02-17T01:28:14.678+0000] {logging_mixin.py:188} INFO - [2026-02-17T01:28:14.677+0000] {dag.py:3096} INFO - Sync 1 DAGs
[2026-02-17T01:28:14.703+0000] {logging_mixin.py:188} INFO - [2026-02-17T01:28:14.702+0000] {dag.py:3954} INFO - Setting next_dagrun for produce_json to 2026-02-16 14:00:00+00:00, run_after=2026-02-17 14:00:00+00:00
[2026-02-17T01:28:14.730+0000] {processor.py:183} INFO - Processing /opt/airflow/dags/main.py took 0.154 seconds
[2026-02-17T01:28:44.900+0000] {processor.py:161} INFO - Started process (PID=94) to work on /opt/airflow/dags/main.py
[2026-02-17T01:28:44.901+0000] {processor.py:830} INFO - Processing file /opt/airflow/dags/main.py for tasks to queue
[2026-02-17T01:28:44.904+0000] {logging_mixin.py:188} INFO - [2026-02-17T01:28:44.903+0000] {dagbag.py:545} INFO - Filling up the DagBag from /opt/airflow/dags/main.py
[2026-02-17T01:28:44.953+0000] {processor.py:840} INFO - DAG(s) 'produce_json' retrieved from /opt/airflow/dags/main.py
[2026-02-17T01:28:44.985+0000] {logging_mixin.py:188} INFO - [2026-02-17T01:28:44.984+0000] {dag.py:3096} INFO - Sync 1 DAGs
[2026-02-17T01:28:45.011+0000] {logging_mixin.py:188} INFO - [2026-02-17T01:28:45.011+0000] {dag.py:3954} INFO - Setting next_dagrun for produce_json to 2026-02-16 14:00:00+00:00, run_after=2026-02-17 14:00:00+00:00
[2026-02-17T01:28:45.035+0000] {processor.py:183} INFO - Processing /opt/airflow/dags/main.py took 0.141 seconds
[2026-02-17T01:29:12.476+0000] {processor.py:161} INFO - Started process (PID=48) to work on /opt/airflow/dags/main.py
[2026-02-17T01:29:12.478+0000] {processor.py:830} INFO - Processing file /opt/airflow/dags/main.py for tasks to queue
[2026-02-17T01:29:12.481+0000] {logging_mixin.py:188} INFO - [2026-02-17T01:29:12.481+0000] {dagbag.py:545} INFO - Filling up the DagBag from /opt/airflow/dags/main.py
[2026-02-17T01:29:12.567+0000] {processor.py:840} INFO - DAG(s) 'produce_json' retrieved from /opt/airflow/dags/main.py
[2026-02-17T01:29:12.659+0000] {logging_mixin.py:188} INFO - [2026-02-17T01:29:12.658+0000] {dag.py:3096} INFO - Sync 1 DAGs
[2026-02-17T01:29:12.706+0000] {logging_mixin.py:188} INFO - [2026-02-17T01:29:12.705+0000] {dag.py:3954} INFO - Setting next_dagrun for produce_json to 2026-02-16 14:00:00+00:00, run_after=2026-02-17 14:00:00+00:00
[2026-02-17T01:29:12.755+0000] {processor.py:183} INFO - Processing /opt/airflow/dags/main.py took 0.289 seconds
[2026-02-17T01:29:26.925+0000] {processor.py:161} INFO - Started process (PID=43) to work on /opt/airflow/dags/main.py
[2026-02-17T01:29:26.927+0000] {processor.py:830} INFO - Processing file /opt/airflow/dags/main.py for tasks to queue
[2026-02-17T01:29:26.930+0000] {logging_mixin.py:188} INFO - [2026-02-17T01:29:26.929+0000] {dagbag.py:545} INFO - Filling up the DagBag from /opt/airflow/dags/main.py
[2026-02-17T01:29:26.994+0000] {processor.py:840} INFO - DAG(s) 'produce_json' retrieved from /opt/airflow/dags/main.py
[2026-02-17T01:29:27.058+0000] {logging_mixin.py:188} INFO - [2026-02-17T01:29:27.057+0000] {dag.py:3096} INFO - Sync 1 DAGs
[2026-02-17T01:29:27.093+0000] {logging_mixin.py:188} INFO - [2026-02-17T01:29:27.092+0000] {dag.py:3954} INFO - Setting next_dagrun for produce_json to 2026-02-16 14:00:00+00:00, run_after=2026-02-17 14:00:00+00:00
[2026-02-17T01:29:27.135+0000] {processor.py:183} INFO - Processing /opt/airflow/dags/main.py took 0.216 seconds
[2026-02-17T01:29:57.178+0000] {processor.py:161} INFO - Started process (PID=62) to work on /opt/airflow/dags/main.py
[2026-02-17T01:29:57.179+0000] {processor.py:830} INFO - Processing file /opt/airflow/dags/main.py for tasks to queue
[2026-02-17T01:29:57.181+0000] {logging_mixin.py:188} INFO - [2026-02-17T01:29:57.180+0000] {dagbag.py:545} INFO - Filling up the DagBag from /opt/airflow/dags/main.py
[2026-02-17T01:29:57.235+0000] {processor.py:840} INFO - DAG(s) 'produce_json' retrieved from /opt/airflow/dags/main.py
[2026-02-17T01:29:57.274+0000] {logging_mixin.py:188} INFO - [2026-02-17T01:29:57.274+0000] {dag.py:3096} INFO - Sync 1 DAGs
[2026-02-17T01:29:57.307+0000] {logging_mixin.py:188} INFO - [2026-02-17T01:29:57.307+0000] {dag.py:3954} INFO - Setting next_dagrun for produce_json to 2026-02-16 14:00:00+00:00, run_after=2026-02-17 14:00:00+00:00
[2026-02-17T01:29:57.343+0000] {processor.py:183} INFO - Processing /opt/airflow/dags/main.py took 0.171 seconds
[2026-02-17T01:30:27.545+0000] {processor.py:161} INFO - Started process (PID=75) to work on /opt/airflow/dags/main.py
[2026-02-17T01:30:27.546+0000] {processor.py:830} INFO - Processing file /opt/airflow/dags/main.py for tasks to queue
[2026-02-17T01:30:27.549+0000] {logging_mixin.py:188} INFO - [2026-02-17T01:30:27.548+0000] {dagbag.py:545} INFO - Filling up the DagBag from /opt/airflow/dags/main.py
[2026-02-17T01:30:27.599+0000] {processor.py:840} INFO - DAG(s) 'produce_json' retrieved from /opt/airflow/dags/main.py
[2026-02-17T01:30:27.633+0000] {logging_mixin.py:188} INFO - [2026-02-17T01:30:27.632+0000] {dag.py:3096} INFO - Sync 1 DAGs
[2026-02-17T01:30:27.662+0000] {logging_mixin.py:188} INFO - [2026-02-17T01:30:27.661+0000] {dag.py:3954} INFO - Setting next_dagrun for produce_json to 2026-02-16 14:00:00+00:00, run_after=2026-02-17 14:00:00+00:00
[2026-02-17T01:30:27.687+0000] {processor.py:183} INFO - Processing /opt/airflow/dags/main.py took 0.147 seconds
[2026-02-17T01:30:52.810+0000] {processor.py:161} INFO - Started process (PID=42) to work on /opt/airflow/dags/main.py
[2026-02-17T01:30:52.812+0000] {processor.py:830} INFO - Processing file /opt/airflow/dags/main.py for tasks to queue
[2026-02-17T01:30:52.814+0000] {logging_mixin.py:188} INFO - [2026-02-17T01:30:52.814+0000] {dagbag.py:545} INFO - Filling up the DagBag from /opt/airflow/dags/main.py
[2026-02-17T01:30:52.873+0000] {processor.py:840} INFO - DAG(s) 'produce_json' retrieved from /opt/airflow/dags/main.py
[2026-02-17T01:30:52.928+0000] {logging_mixin.py:188} INFO - [2026-02-17T01:30:52.928+0000] {dag.py:3096} INFO - Sync 1 DAGs
[2026-02-17T01:30:52.955+0000] {logging_mixin.py:188} INFO - [2026-02-17T01:30:52.955+0000] {dag.py:3954} INFO - Setting next_dagrun for produce_json to 2026-02-16 14:00:00+00:00, run_after=2026-02-17 14:00:00+00:00
[2026-02-17T01:30:52.993+0000] {processor.py:183} INFO - Processing /opt/airflow/dags/main.py took 0.189 seconds
[2026-02-17T01:31:23.104+0000] {processor.py:161} INFO - Started process (PID=55) to work on /opt/airflow/dags/main.py
[2026-02-17T01:31:23.105+0000] {processor.py:830} INFO - Processing file /opt/airflow/dags/main.py for tasks to queue
[2026-02-17T01:31:23.108+0000] {logging_mixin.py:188} INFO - [2026-02-17T01:31:23.107+0000] {dagbag.py:545} INFO - Filling up the DagBag from /opt/airflow/dags/main.py
[2026-02-17T01:31:23.168+0000] {processor.py:840} INFO - DAG(s) 'produce_json' retrieved from /opt/airflow/dags/main.py
[2026-02-17T01:31:23.202+0000] {logging_mixin.py:188} INFO - [2026-02-17T01:31:23.201+0000] {dag.py:3096} INFO - Sync 1 DAGs
[2026-02-17T01:31:23.227+0000] {logging_mixin.py:188} INFO - [2026-02-17T01:31:23.226+0000] {dag.py:3954} INFO - Setting next_dagrun for produce_json to 2026-02-16 14:00:00+00:00, run_after=2026-02-17 14:00:00+00:00
[2026-02-17T01:31:23.274+0000] {processor.py:183} INFO - Processing /opt/airflow/dags/main.py took 0.176 seconds
[2026-02-17T01:31:53.482+0000] {processor.py:161} INFO - Started process (PID=62) to work on /opt/airflow/dags/main.py
[2026-02-17T01:31:53.483+0000] {processor.py:830} INFO - Processing file /opt/airflow/dags/main.py for tasks to queue
[2026-02-17T01:31:53.485+0000] {logging_mixin.py:188} INFO - [2026-02-17T01:31:53.484+0000] {dagbag.py:545} INFO - Filling up the DagBag from /opt/airflow/dags/main.py
[2026-02-17T01:31:53.539+0000] {processor.py:840} INFO - DAG(s) 'produce_json' retrieved from /opt/airflow/dags/main.py
[2026-02-17T01:31:53.566+0000] {logging_mixin.py:188} INFO - [2026-02-17T01:31:53.565+0000] {dag.py:3096} INFO - Sync 1 DAGs
[2026-02-17T01:31:53.588+0000] {logging_mixin.py:188} INFO - [2026-02-17T01:31:53.588+0000] {dag.py:3954} INFO - Setting next_dagrun for produce_json to 2026-02-16 14:00:00+00:00, run_after=2026-02-17 14:00:00+00:00
[2026-02-17T01:31:53.611+0000] {processor.py:183} INFO - Processing /opt/airflow/dags/main.py took 0.136 seconds
[2026-02-17T01:32:23.785+0000] {processor.py:161} INFO - Started process (PID=75) to work on /opt/airflow/dags/main.py
[2026-02-17T01:32:23.786+0000] {processor.py:830} INFO - Processing file /opt/airflow/dags/main.py for tasks to queue
[2026-02-17T01:32:23.788+0000] {logging_mixin.py:188} INFO - [2026-02-17T01:32:23.788+0000] {dagbag.py:545} INFO - Filling up the DagBag from /opt/airflow/dags/main.py
[2026-02-17T01:32:23.847+0000] {processor.py:840} INFO - DAG(s) 'produce_json' retrieved from /opt/airflow/dags/main.py
[2026-02-17T01:32:23.882+0000] {logging_mixin.py:188} INFO - [2026-02-17T01:32:23.882+0000] {dag.py:3096} INFO - Sync 1 DAGs
[2026-02-17T01:32:23.911+0000] {logging_mixin.py:188} INFO - [2026-02-17T01:32:23.911+0000] {dag.py:3954} INFO - Setting next_dagrun for produce_json to 2026-02-16 14:00:00+00:00, run_after=2026-02-17 14:00:00+00:00
[2026-02-17T01:32:23.952+0000] {processor.py:183} INFO - Processing /opt/airflow/dags/main.py took 0.172 seconds
[2026-02-17T01:32:54.017+0000] {processor.py:161} INFO - Started process (PID=88) to work on /opt/airflow/dags/main.py
[2026-02-17T01:32:54.018+0000] {processor.py:830} INFO - Processing file /opt/airflow/dags/main.py for tasks to queue
[2026-02-17T01:32:54.020+0000] {logging_mixin.py:188} INFO - [2026-02-17T01:32:54.020+0000] {dagbag.py:545} INFO - Filling up the DagBag from /opt/airflow/dags/main.py
[2026-02-17T01:32:54.063+0000] {processor.py:840} INFO - DAG(s) 'produce_json' retrieved from /opt/airflow/dags/main.py
[2026-02-17T01:32:54.092+0000] {logging_mixin.py:188} INFO - [2026-02-17T01:32:54.092+0000] {dag.py:3096} INFO - Sync 1 DAGs
[2026-02-17T01:32:54.115+0000] {logging_mixin.py:188} INFO - [2026-02-17T01:32:54.115+0000] {dag.py:3954} INFO - Setting next_dagrun for produce_json to 2026-02-16 14:00:00+00:00, run_after=2026-02-17 14:00:00+00:00
[2026-02-17T01:32:54.148+0000] {processor.py:183} INFO - Processing /opt/airflow/dags/main.py took 0.136 seconds
[2026-02-17T01:33:24.392+0000] {processor.py:161} INFO - Started process (PID=107) to work on /opt/airflow/dags/main.py
[2026-02-17T01:33:24.393+0000] {processor.py:830} INFO - Processing file /opt/airflow/dags/main.py for tasks to queue
[2026-02-17T01:33:24.395+0000] {logging_mixin.py:188} INFO - [2026-02-17T01:33:24.395+0000] {dagbag.py:545} INFO - Filling up the DagBag from /opt/airflow/dags/main.py
[2026-02-17T01:33:24.442+0000] {processor.py:840} INFO - DAG(s) 'produce_json' retrieved from /opt/airflow/dags/main.py
[2026-02-17T01:33:24.472+0000] {logging_mixin.py:188} INFO - [2026-02-17T01:33:24.472+0000] {dag.py:3096} INFO - Sync 1 DAGs
[2026-02-17T01:33:24.494+0000] {logging_mixin.py:188} INFO - [2026-02-17T01:33:24.493+0000] {dag.py:3954} INFO - Setting next_dagrun for produce_json to 2026-02-16 14:00:00+00:00, run_after=2026-02-17 14:00:00+00:00
[2026-02-17T01:33:24.528+0000] {processor.py:183} INFO - Processing /opt/airflow/dags/main.py took 0.141 seconds
[2026-02-17T01:34:53.712+0000] {processor.py:161} INFO - Started process (PID=60) to work on /opt/airflow/dags/main.py
[2026-02-17T01:34:53.714+0000] {processor.py:830} INFO - Processing file /opt/airflow/dags/main.py for tasks to queue
[2026-02-17T01:34:53.718+0000] {logging_mixin.py:188} INFO - [2026-02-17T01:34:53.717+0000] {dagbag.py:545} INFO - Filling up the DagBag from /opt/airflow/dags/main.py
[2026-02-17T01:34:53.866+0000] {processor.py:840} INFO - DAG(s) 'produce_json' retrieved from /opt/airflow/dags/main.py
[2026-02-17T01:34:54.307+0000] {logging_mixin.py:188} INFO - [2026-02-17T01:34:54.307+0000] {dag.py:3096} INFO - Sync 1 DAGs
[2026-02-17T01:34:54.336+0000] {logging_mixin.py:188} INFO - [2026-02-17T01:34:54.336+0000] {dag.py:3954} INFO - Setting next_dagrun for produce_json to 2026-02-16 14:00:00+00:00, run_after=2026-02-17 14:00:00+00:00
[2026-02-17T01:34:54.379+0000] {processor.py:183} INFO - Processing /opt/airflow/dags/main.py took 0.676 seconds
[2026-02-17T01:35:24.615+0000] {processor.py:161} INFO - Started process (PID=73) to work on /opt/airflow/dags/main.py
[2026-02-17T01:35:24.616+0000] {processor.py:830} INFO - Processing file /opt/airflow/dags/main.py for tasks to queue
[2026-02-17T01:35:24.618+0000] {logging_mixin.py:188} INFO - [2026-02-17T01:35:24.618+0000] {dagbag.py:545} INFO - Filling up the DagBag from /opt/airflow/dags/main.py
[2026-02-17T01:35:24.671+0000] {processor.py:840} INFO - DAG(s) 'produce_json' retrieved from /opt/airflow/dags/main.py
[2026-02-17T01:35:24.704+0000] {logging_mixin.py:188} INFO - [2026-02-17T01:35:24.703+0000] {dag.py:3096} INFO - Sync 1 DAGs
[2026-02-17T01:35:24.729+0000] {logging_mixin.py:188} INFO - [2026-02-17T01:35:24.729+0000] {dag.py:3954} INFO - Setting next_dagrun for produce_json to 2026-02-16 14:00:00+00:00, run_after=2026-02-17 14:00:00+00:00
[2026-02-17T01:35:24.751+0000] {processor.py:183} INFO - Processing /opt/airflow/dags/main.py took 0.142 seconds
[2026-02-17T01:35:54.849+0000] {processor.py:161} INFO - Started process (PID=87) to work on /opt/airflow/dags/main.py
[2026-02-17T01:35:54.850+0000] {processor.py:830} INFO - Processing file /opt/airflow/dags/main.py for tasks to queue
[2026-02-17T01:35:54.852+0000] {logging_mixin.py:188} INFO - [2026-02-17T01:35:54.852+0000] {dagbag.py:545} INFO - Filling up the DagBag from /opt/airflow/dags/main.py
[2026-02-17T01:35:54.892+0000] {processor.py:840} INFO - DAG(s) 'produce_json' retrieved from /opt/airflow/dags/main.py
[2026-02-17T01:35:54.921+0000] {logging_mixin.py:188} INFO - [2026-02-17T01:35:54.921+0000] {dag.py:3096} INFO - Sync 1 DAGs
[2026-02-17T01:35:54.944+0000] {logging_mixin.py:188} INFO - [2026-02-17T01:35:54.944+0000] {dag.py:3954} INFO - Setting next_dagrun for produce_json to 2026-02-16 14:00:00+00:00, run_after=2026-02-17 14:00:00+00:00
[2026-02-17T01:35:54.965+0000] {processor.py:183} INFO - Processing /opt/airflow/dags/main.py took 0.122 seconds
[2026-02-17T01:36:25.121+0000] {processor.py:161} INFO - Started process (PID=94) to work on /opt/airflow/dags/main.py
[2026-02-17T01:36:25.122+0000] {processor.py:830} INFO - Processing file /opt/airflow/dags/main.py for tasks to queue
[2026-02-17T01:36:25.125+0000] {logging_mixin.py:188} INFO - [2026-02-17T01:36:25.124+0000] {dagbag.py:545} INFO - Filling up the DagBag from /opt/airflow/dags/main.py
[2026-02-17T01:36:25.176+0000] {processor.py:840} INFO - DAG(s) 'produce_json' retrieved from /opt/airflow/dags/main.py
[2026-02-17T01:36:25.214+0000] {logging_mixin.py:188} INFO - [2026-02-17T01:36:25.213+0000] {dag.py:3096} INFO - Sync 1 DAGs
[2026-02-17T01:36:25.246+0000] {logging_mixin.py:188} INFO - [2026-02-17T01:36:25.245+0000] {dag.py:3954} INFO - Setting next_dagrun for produce_json to 2026-02-16 14:00:00+00:00, run_after=2026-02-17 14:00:00+00:00
[2026-02-17T01:36:25.273+0000] {processor.py:183} INFO - Processing /opt/airflow/dags/main.py took 0.158 seconds
[2026-02-17T01:36:44.759+0000] {processor.py:161} INFO - Started process (PID=42) to work on /opt/airflow/dags/main.py
[2026-02-17T01:36:44.760+0000] {processor.py:830} INFO - Processing file /opt/airflow/dags/main.py for tasks to queue
[2026-02-17T01:36:44.762+0000] {logging_mixin.py:188} INFO - [2026-02-17T01:36:44.762+0000] {dagbag.py:545} INFO - Filling up the DagBag from /opt/airflow/dags/main.py
[2026-02-17T01:36:44.825+0000] {processor.py:840} INFO - DAG(s) 'produce_json' retrieved from /opt/airflow/dags/main.py
[2026-02-17T01:36:44.886+0000] {logging_mixin.py:188} INFO - [2026-02-17T01:36:44.885+0000] {dag.py:3096} INFO - Sync 1 DAGs
[2026-02-17T01:36:44.925+0000] {logging_mixin.py:188} INFO - [2026-02-17T01:36:44.925+0000] {dag.py:3954} INFO - Setting next_dagrun for produce_json to 2026-02-16 14:00:00+00:00, run_after=2026-02-17 14:00:00+00:00
[2026-02-17T01:36:44.955+0000] {processor.py:183} INFO - Processing /opt/airflow/dags/main.py took 0.201 seconds
[2026-02-17T01:37:15.051+0000] {processor.py:161} INFO - Started process (PID=55) to work on /opt/airflow/dags/main.py
[2026-02-17T01:37:15.052+0000] {processor.py:830} INFO - Processing file /opt/airflow/dags/main.py for tasks to queue
[2026-02-17T01:37:15.056+0000] {logging_mixin.py:188} INFO - [2026-02-17T01:37:15.055+0000] {dagbag.py:545} INFO - Filling up the DagBag from /opt/airflow/dags/main.py
[2026-02-17T01:37:15.105+0000] {processor.py:840} INFO - DAG(s) 'produce_json' retrieved from /opt/airflow/dags/main.py
[2026-02-17T01:37:15.141+0000] {logging_mixin.py:188} INFO - [2026-02-17T01:37:15.141+0000] {dag.py:3096} INFO - Sync 1 DAGs
[2026-02-17T01:37:15.163+0000] {logging_mixin.py:188} INFO - [2026-02-17T01:37:15.163+0000] {dag.py:3954} INFO - Setting next_dagrun for produce_json to 2026-02-16 14:00:00+00:00, run_after=2026-02-17 14:00:00+00:00
[2026-02-17T01:37:15.194+0000] {processor.py:183} INFO - Processing /opt/airflow/dags/main.py took 0.151 seconds
[2026-02-17T01:37:45.394+0000] {processor.py:161} INFO - Started process (PID=68) to work on /opt/airflow/dags/main.py
[2026-02-17T01:37:45.395+0000] {processor.py:830} INFO - Processing file /opt/airflow/dags/main.py for tasks to queue
[2026-02-17T01:37:45.396+0000] {logging_mixin.py:188} INFO - [2026-02-17T01:37:45.396+0000] {dagbag.py:545} INFO - Filling up the DagBag from /opt/airflow/dags/main.py
[2026-02-17T01:37:45.444+0000] {processor.py:840} INFO - DAG(s) 'produce_json' retrieved from /opt/airflow/dags/main.py
[2026-02-17T01:37:45.480+0000] {logging_mixin.py:188} INFO - [2026-02-17T01:37:45.480+0000] {dag.py:3096} INFO - Sync 1 DAGs
[2026-02-17T01:37:45.504+0000] {logging_mixin.py:188} INFO - [2026-02-17T01:37:45.503+0000] {dag.py:3954} INFO - Setting next_dagrun for produce_json to 2026-02-16 14:00:00+00:00, run_after=2026-02-17 14:00:00+00:00
[2026-02-17T01:37:45.531+0000] {processor.py:183} INFO - Processing /opt/airflow/dags/main.py took 0.142 seconds
[2026-02-17T01:38:15.639+0000] {processor.py:161} INFO - Started process (PID=75) to work on /opt/airflow/dags/main.py
[2026-02-17T01:38:15.640+0000] {processor.py:830} INFO - Processing file /opt/airflow/dags/main.py for tasks to queue
[2026-02-17T01:38:15.642+0000] {logging_mixin.py:188} INFO - [2026-02-17T01:38:15.642+0000] {dagbag.py:545} INFO - Filling up the DagBag from /opt/airflow/dags/main.py
[2026-02-17T01:38:15.685+0000] {processor.py:840} INFO - DAG(s) 'produce_json' retrieved from /opt/airflow/dags/main.py
[2026-02-17T01:38:15.715+0000] {logging_mixin.py:188} INFO - [2026-02-17T01:38:15.714+0000] {dag.py:3096} INFO - Sync 1 DAGs
[2026-02-17T01:38:15.738+0000] {logging_mixin.py:188} INFO - [2026-02-17T01:38:15.737+0000] {dag.py:3954} INFO - Setting next_dagrun for produce_json to 2026-02-16 14:00:00+00:00, run_after=2026-02-17 14:00:00+00:00
[2026-02-17T01:38:15.759+0000] {processor.py:183} INFO - Processing /opt/airflow/dags/main.py took 0.125 seconds
[2026-02-17T01:38:45.954+0000] {processor.py:161} INFO - Started process (PID=82) to work on /opt/airflow/dags/main.py
[2026-02-17T01:38:45.956+0000] {processor.py:830} INFO - Processing file /opt/airflow/dags/main.py for tasks to queue
[2026-02-17T01:38:45.958+0000] {logging_mixin.py:188} INFO - [2026-02-17T01:38:45.958+0000] {dagbag.py:545} INFO - Filling up the DagBag from /opt/airflow/dags/main.py
[2026-02-17T01:38:46.001+0000] {processor.py:840} INFO - DAG(s) 'produce_json' retrieved from /opt/airflow/dags/main.py
[2026-02-17T01:38:46.034+0000] {logging_mixin.py:188} INFO - [2026-02-17T01:38:46.034+0000] {dag.py:3096} INFO - Sync 1 DAGs
[2026-02-17T01:38:46.059+0000] {logging_mixin.py:188} INFO - [2026-02-17T01:38:46.058+0000] {dag.py:3954} INFO - Setting next_dagrun for produce_json to 2026-02-16 14:00:00+00:00, run_after=2026-02-17 14:00:00+00:00
[2026-02-17T01:38:46.086+0000] {processor.py:183} INFO - Processing /opt/airflow/dags/main.py took 0.138 seconds
[2026-02-17T01:39:16.296+0000] {processor.py:161} INFO - Started process (PID=89) to work on /opt/airflow/dags/main.py
[2026-02-17T01:39:16.297+0000] {processor.py:830} INFO - Processing file /opt/airflow/dags/main.py for tasks to queue
[2026-02-17T01:39:16.298+0000] {logging_mixin.py:188} INFO - [2026-02-17T01:39:16.298+0000] {dagbag.py:545} INFO - Filling up the DagBag from /opt/airflow/dags/main.py
[2026-02-17T01:39:16.341+0000] {processor.py:840} INFO - DAG(s) 'produce_json' retrieved from /opt/airflow/dags/main.py
[2026-02-17T01:39:16.372+0000] {logging_mixin.py:188} INFO - [2026-02-17T01:39:16.372+0000] {dag.py:3096} INFO - Sync 1 DAGs
[2026-02-17T01:39:16.391+0000] {logging_mixin.py:188} INFO - [2026-02-17T01:39:16.391+0000] {dag.py:3954} INFO - Setting next_dagrun for produce_json to 2026-02-16 14:00:00+00:00, run_after=2026-02-17 14:00:00+00:00
[2026-02-17T01:39:16.425+0000] {processor.py:183} INFO - Processing /opt/airflow/dags/main.py took 0.134 seconds
[2026-02-17T01:39:17.352+0000] {processor.py:161} INFO - Started process (PID=90) to work on /opt/airflow/dags/main.py
[2026-02-17T01:39:17.353+0000] {processor.py:830} INFO - Processing file /opt/airflow/dags/main.py for tasks to queue
[2026-02-17T01:39:17.356+0000] {logging_mixin.py:188} INFO - [2026-02-17T01:39:17.355+0000] {dagbag.py:545} INFO - Filling up the DagBag from /opt/airflow/dags/main.py
[2026-02-17T01:39:17.449+0000] {processor.py:840} INFO - DAG(s) 'produce_json', 'update_db' retrieved from /opt/airflow/dags/main.py
[2026-02-17T01:39:17.581+0000] {logging_mixin.py:188} INFO - [2026-02-17T01:39:17.580+0000] {override.py:1829} INFO - Created Permission View: can delete on DAG:update_db
[2026-02-17T01:39:17.591+0000] {logging_mixin.py:188} INFO - [2026-02-17T01:39:17.590+0000] {override.py:1829} INFO - Created Permission View: can read on DAG:update_db
[2026-02-17T01:39:17.598+0000] {logging_mixin.py:188} INFO - [2026-02-17T01:39:17.598+0000] {override.py:1829} INFO - Created Permission View: can edit on DAG:update_db
[2026-02-17T01:39:17.599+0000] {logging_mixin.py:188} INFO - [2026-02-17T01:39:17.599+0000] {dag.py:3096} INFO - Sync 2 DAGs
[2026-02-17T01:39:17.609+0000] {logging_mixin.py:188} INFO - [2026-02-17T01:39:17.609+0000] {dag.py:3118} INFO - Creating ORM DAG for update_db
[2026-02-17T01:39:17.619+0000] {logging_mixin.py:188} INFO - [2026-02-17T01:39:17.619+0000] {dag.py:3954} INFO - Setting next_dagrun for produce_json to 2026-02-16 14:00:00+00:00, run_after=2026-02-17 14:00:00+00:00
[2026-02-17T01:39:17.623+0000] {logging_mixin.py:188} INFO - [2026-02-17T01:39:17.623+0000] {dag.py:3954} INFO - Setting next_dagrun for update_db to 2026-02-15 15:00:00+00:00, run_after=2026-02-16 15:00:00+00:00
[2026-02-17T01:39:17.651+0000] {processor.py:183} INFO - Processing /opt/airflow/dags/main.py took 0.310 seconds
[2026-02-17T01:39:47.704+0000] {processor.py:161} INFO - Started process (PID=103) to work on /opt/airflow/dags/main.py
[2026-02-17T01:39:47.706+0000] {processor.py:830} INFO - Processing file /opt/airflow/dags/main.py for tasks to queue
[2026-02-17T01:39:47.708+0000] {logging_mixin.py:188} INFO - [2026-02-17T01:39:47.708+0000] {dagbag.py:545} INFO - Filling up the DagBag from /opt/airflow/dags/main.py
[2026-02-17T01:39:47.801+0000] {processor.py:840} INFO - DAG(s) 'produce_json', 'update_db' retrieved from /opt/airflow/dags/main.py
[2026-02-17T01:39:47.835+0000] {logging_mixin.py:188} INFO - [2026-02-17T01:39:47.835+0000] {dag.py:3096} INFO - Sync 2 DAGs
[2026-02-17T01:39:47.857+0000] {logging_mixin.py:188} INFO - [2026-02-17T01:39:47.857+0000] {dag.py:3954} INFO - Setting next_dagrun for produce_json to 2026-02-16 14:00:00+00:00, run_after=2026-02-17 14:00:00+00:00
[2026-02-17T01:39:47.862+0000] {logging_mixin.py:188} INFO - [2026-02-17T01:39:47.862+0000] {dag.py:3954} INFO - Setting next_dagrun for update_db to 2026-02-15 15:00:00+00:00, run_after=2026-02-16 15:00:00+00:00
[2026-02-17T01:39:47.893+0000] {processor.py:183} INFO - Processing /opt/airflow/dags/main.py took 0.194 seconds
[2026-02-17T01:40:04.736+0000] {processor.py:161} INFO - Started process (PID=36) to work on /opt/airflow/dags/main.py
[2026-02-17T01:40:04.737+0000] {processor.py:830} INFO - Processing file /opt/airflow/dags/main.py for tasks to queue
[2026-02-17T01:40:04.740+0000] {logging_mixin.py:188} INFO - [2026-02-17T01:40:04.740+0000] {dagbag.py:545} INFO - Filling up the DagBag from /opt/airflow/dags/main.py
[2026-02-17T01:40:04.854+0000] {processor.py:840} INFO - DAG(s) 'update_db', 'produce_json' retrieved from /opt/airflow/dags/main.py
[2026-02-17T01:40:04.903+0000] {logging_mixin.py:188} INFO - [2026-02-17T01:40:04.903+0000] {dag.py:3096} INFO - Sync 2 DAGs
[2026-02-17T01:40:04.928+0000] {logging_mixin.py:188} INFO - [2026-02-17T01:40:04.928+0000] {dag.py:3954} INFO - Setting next_dagrun for produce_json to 2026-02-16 14:00:00+00:00, run_after=2026-02-17 14:00:00+00:00
[2026-02-17T01:40:04.933+0000] {logging_mixin.py:188} INFO - [2026-02-17T01:40:04.933+0000] {dag.py:3954} INFO - Setting next_dagrun for update_db to 2026-02-15 15:00:00+00:00, run_after=2026-02-16 15:00:00+00:00
[2026-02-17T01:40:04.952+0000] {processor.py:183} INFO - Processing /opt/airflow/dags/main.py took 0.222 seconds
[2026-02-17T01:40:35.032+0000] {processor.py:161} INFO - Started process (PID=55) to work on /opt/airflow/dags/main.py
[2026-02-17T01:40:35.036+0000] {processor.py:830} INFO - Processing file /opt/airflow/dags/main.py for tasks to queue
[2026-02-17T01:40:35.040+0000] {logging_mixin.py:188} INFO - [2026-02-17T01:40:35.040+0000] {dagbag.py:545} INFO - Filling up the DagBag from /opt/airflow/dags/main.py
[2026-02-17T01:40:35.147+0000] {processor.py:840} INFO - DAG(s) 'produce_json', 'update_db' retrieved from /opt/airflow/dags/main.py
[2026-02-17T01:40:35.185+0000] {logging_mixin.py:188} INFO - [2026-02-17T01:40:35.185+0000] {dag.py:3096} INFO - Sync 2 DAGs
[2026-02-17T01:40:35.224+0000] {logging_mixin.py:188} INFO - [2026-02-17T01:40:35.224+0000] {dag.py:3954} INFO - Setting next_dagrun for produce_json to 2026-02-16 14:00:00+00:00, run_after=2026-02-17 14:00:00+00:00
[2026-02-17T01:40:35.229+0000] {logging_mixin.py:188} INFO - [2026-02-17T01:40:35.229+0000] {dag.py:3954} INFO - Setting next_dagrun for update_db to 2026-02-15 15:00:00+00:00, run_after=2026-02-16 15:00:00+00:00
[2026-02-17T01:40:35.265+0000] {processor.py:183} INFO - Processing /opt/airflow/dags/main.py took 0.239 seconds
[2026-02-17T01:41:05.362+0000] {processor.py:161} INFO - Started process (PID=62) to work on /opt/airflow/dags/main.py
[2026-02-17T01:41:05.363+0000] {processor.py:830} INFO - Processing file /opt/airflow/dags/main.py for tasks to queue
[2026-02-17T01:41:05.366+0000] {logging_mixin.py:188} INFO - [2026-02-17T01:41:05.365+0000] {dagbag.py:545} INFO - Filling up the DagBag from /opt/airflow/dags/main.py
[2026-02-17T01:41:05.454+0000] {processor.py:840} INFO - DAG(s) 'produce_json', 'update_db' retrieved from /opt/airflow/dags/main.py
[2026-02-17T01:41:05.492+0000] {logging_mixin.py:188} INFO - [2026-02-17T01:41:05.492+0000] {dag.py:3096} INFO - Sync 2 DAGs
[2026-02-17T01:41:05.523+0000] {logging_mixin.py:188} INFO - [2026-02-17T01:41:05.522+0000] {dag.py:3954} INFO - Setting next_dagrun for produce_json to 2026-02-16 14:00:00+00:00, run_after=2026-02-17 14:00:00+00:00
[2026-02-17T01:41:05.528+0000] {logging_mixin.py:188} INFO - [2026-02-17T01:41:05.528+0000] {dag.py:3954} INFO - Setting next_dagrun for update_db to 2026-02-15 15:00:00+00:00, run_after=2026-02-16 15:00:00+00:00
[2026-02-17T01:41:05.551+0000] {processor.py:183} INFO - Processing /opt/airflow/dags/main.py took 0.197 seconds
[2026-02-17T01:41:35.726+0000] {processor.py:161} INFO - Started process (PID=69) to work on /opt/airflow/dags/main.py
[2026-02-17T01:41:35.728+0000] {processor.py:830} INFO - Processing file /opt/airflow/dags/main.py for tasks to queue
[2026-02-17T01:41:35.731+0000] {logging_mixin.py:188} INFO - [2026-02-17T01:41:35.730+0000] {dagbag.py:545} INFO - Filling up the DagBag from /opt/airflow/dags/main.py
[2026-02-17T01:41:35.830+0000] {processor.py:840} INFO - DAG(s) 'produce_json', 'update_db' retrieved from /opt/airflow/dags/main.py
[2026-02-17T01:41:35.865+0000] {logging_mixin.py:188} INFO - [2026-02-17T01:41:35.865+0000] {dag.py:3096} INFO - Sync 2 DAGs
[2026-02-17T01:41:35.896+0000] {logging_mixin.py:188} INFO - [2026-02-17T01:41:35.896+0000] {dag.py:3954} INFO - Setting next_dagrun for produce_json to 2026-02-16 14:00:00+00:00, run_after=2026-02-17 14:00:00+00:00
[2026-02-17T01:41:35.903+0000] {logging_mixin.py:188} INFO - [2026-02-17T01:41:35.903+0000] {dag.py:3954} INFO - Setting next_dagrun for update_db to 2026-02-15 15:00:00+00:00, run_after=2026-02-16 15:00:00+00:00
[2026-02-17T01:41:35.933+0000] {processor.py:183} INFO - Processing /opt/airflow/dags/main.py took 0.215 seconds
[2026-02-17T01:42:06.179+0000] {processor.py:161} INFO - Started process (PID=76) to work on /opt/airflow/dags/main.py
[2026-02-17T01:42:06.181+0000] {processor.py:830} INFO - Processing file /opt/airflow/dags/main.py for tasks to queue
[2026-02-17T01:42:06.185+0000] {logging_mixin.py:188} INFO - [2026-02-17T01:42:06.184+0000] {dagbag.py:545} INFO - Filling up the DagBag from /opt/airflow/dags/main.py
[2026-02-17T01:42:06.285+0000] {processor.py:840} INFO - DAG(s) 'update_db', 'produce_json' retrieved from /opt/airflow/dags/main.py
[2026-02-17T01:42:06.322+0000] {logging_mixin.py:188} INFO - [2026-02-17T01:42:06.321+0000] {dag.py:3096} INFO - Sync 2 DAGs
[2026-02-17T01:42:06.346+0000] {logging_mixin.py:188} INFO - [2026-02-17T01:42:06.346+0000] {dag.py:3954} INFO - Setting next_dagrun for produce_json to 2026-02-16 14:00:00+00:00, run_after=2026-02-17 14:00:00+00:00
[2026-02-17T01:42:06.351+0000] {logging_mixin.py:188} INFO - [2026-02-17T01:42:06.351+0000] {dag.py:3954} INFO - Setting next_dagrun for update_db to 2026-02-15 15:00:00+00:00, run_after=2026-02-16 15:00:00+00:00
[2026-02-17T01:42:06.370+0000] {processor.py:183} INFO - Processing /opt/airflow/dags/main.py took 0.202 seconds
[2026-02-17T01:42:36.579+0000] {processor.py:161} INFO - Started process (PID=83) to work on /opt/airflow/dags/main.py
[2026-02-17T01:42:36.580+0000] {processor.py:830} INFO - Processing file /opt/airflow/dags/main.py for tasks to queue
[2026-02-17T01:42:36.581+0000] {logging_mixin.py:188} INFO - [2026-02-17T01:42:36.581+0000] {dagbag.py:545} INFO - Filling up the DagBag from /opt/airflow/dags/main.py
[2026-02-17T01:42:36.663+0000] {processor.py:840} INFO - DAG(s) 'update_db', 'produce_json' retrieved from /opt/airflow/dags/main.py
[2026-02-17T01:42:36.699+0000] {logging_mixin.py:188} INFO - [2026-02-17T01:42:36.698+0000] {dag.py:3096} INFO - Sync 2 DAGs
[2026-02-17T01:42:36.722+0000] {logging_mixin.py:188} INFO - [2026-02-17T01:42:36.721+0000] {dag.py:3954} INFO - Setting next_dagrun for produce_json to 2026-02-16 14:00:00+00:00, run_after=2026-02-17 14:00:00+00:00
[2026-02-17T01:42:36.728+0000] {logging_mixin.py:188} INFO - [2026-02-17T01:42:36.728+0000] {dag.py:3954} INFO - Setting next_dagrun for update_db to 2026-02-15 15:00:00+00:00, run_after=2026-02-16 15:00:00+00:00
[2026-02-17T01:42:36.763+0000] {processor.py:183} INFO - Processing /opt/airflow/dags/main.py took 0.190 seconds
[2026-02-17T01:43:06.991+0000] {processor.py:161} INFO - Started process (PID=90) to work on /opt/airflow/dags/main.py
[2026-02-17T01:43:06.992+0000] {processor.py:830} INFO - Processing file /opt/airflow/dags/main.py for tasks to queue
[2026-02-17T01:43:06.994+0000] {logging_mixin.py:188} INFO - [2026-02-17T01:43:06.994+0000] {dagbag.py:545} INFO - Filling up the DagBag from /opt/airflow/dags/main.py
[2026-02-17T01:43:07.110+0000] {processor.py:840} INFO - DAG(s) 'update_db', 'produce_json' retrieved from /opt/airflow/dags/main.py
[2026-02-17T01:43:07.148+0000] {logging_mixin.py:188} INFO - [2026-02-17T01:43:07.148+0000] {dag.py:3096} INFO - Sync 2 DAGs
[2026-02-17T01:43:07.172+0000] {logging_mixin.py:188} INFO - [2026-02-17T01:43:07.172+0000] {dag.py:3954} INFO - Setting next_dagrun for produce_json to 2026-02-16 14:00:00+00:00, run_after=2026-02-17 14:00:00+00:00
[2026-02-17T01:43:07.178+0000] {logging_mixin.py:188} INFO - [2026-02-17T01:43:07.177+0000] {dag.py:3954} INFO - Setting next_dagrun for update_db to 2026-02-15 15:00:00+00:00, run_after=2026-02-16 15:00:00+00:00
[2026-02-17T01:43:07.202+0000] {processor.py:183} INFO - Processing /opt/airflow/dags/main.py took 0.220 seconds
[2026-02-17T01:43:37.463+0000] {processor.py:161} INFO - Started process (PID=97) to work on /opt/airflow/dags/main.py
[2026-02-17T01:43:37.464+0000] {processor.py:830} INFO - Processing file /opt/airflow/dags/main.py for tasks to queue
[2026-02-17T01:43:37.468+0000] {logging_mixin.py:188} INFO - [2026-02-17T01:43:37.467+0000] {dagbag.py:545} INFO - Filling up the DagBag from /opt/airflow/dags/main.py
[2026-02-17T01:43:37.587+0000] {processor.py:840} INFO - DAG(s) 'produce_json', 'update_db' retrieved from /opt/airflow/dags/main.py
[2026-02-17T01:43:37.634+0000] {logging_mixin.py:188} INFO - [2026-02-17T01:43:37.633+0000] {dag.py:3096} INFO - Sync 2 DAGs
[2026-02-17T01:43:37.659+0000] {logging_mixin.py:188} INFO - [2026-02-17T01:43:37.659+0000] {dag.py:3954} INFO - Setting next_dagrun for produce_json to 2026-02-16 14:00:00+00:00, run_after=2026-02-17 14:00:00+00:00
[2026-02-17T01:43:37.664+0000] {logging_mixin.py:188} INFO - [2026-02-17T01:43:37.664+0000] {dag.py:3954} INFO - Setting next_dagrun for update_db to 2026-02-15 15:00:00+00:00, run_after=2026-02-16 15:00:00+00:00
[2026-02-17T01:43:37.687+0000] {processor.py:183} INFO - Processing /opt/airflow/dags/main.py took 0.231 seconds
[2026-02-17T01:44:07.892+0000] {processor.py:161} INFO - Started process (PID=104) to work on /opt/airflow/dags/main.py
[2026-02-17T01:44:07.893+0000] {processor.py:830} INFO - Processing file /opt/airflow/dags/main.py for tasks to queue
[2026-02-17T01:44:07.895+0000] {logging_mixin.py:188} INFO - [2026-02-17T01:44:07.895+0000] {dagbag.py:545} INFO - Filling up the DagBag from /opt/airflow/dags/main.py
[2026-02-17T01:44:07.995+0000] {processor.py:840} INFO - DAG(s) 'update_db', 'produce_json' retrieved from /opt/airflow/dags/main.py
[2026-02-17T01:44:08.037+0000] {logging_mixin.py:188} INFO - [2026-02-17T01:44:08.037+0000] {dag.py:3096} INFO - Sync 2 DAGs
[2026-02-17T01:44:08.062+0000] {logging_mixin.py:188} INFO - [2026-02-17T01:44:08.062+0000] {dag.py:3954} INFO - Setting next_dagrun for produce_json to 2026-02-16 14:00:00+00:00, run_after=2026-02-17 14:00:00+00:00
[2026-02-17T01:44:08.067+0000] {logging_mixin.py:188} INFO - [2026-02-17T01:44:08.067+0000] {dag.py:3954} INFO - Setting next_dagrun for update_db to 2026-02-15 15:00:00+00:00, run_after=2026-02-16 15:00:00+00:00
[2026-02-17T01:44:08.090+0000] {processor.py:183} INFO - Processing /opt/airflow/dags/main.py took 0.202 seconds
[2026-02-17T01:44:38.164+0000] {processor.py:161} INFO - Started process (PID=111) to work on /opt/airflow/dags/main.py
[2026-02-17T01:44:38.165+0000] {processor.py:830} INFO - Processing file /opt/airflow/dags/main.py for tasks to queue
[2026-02-17T01:44:38.167+0000] {logging_mixin.py:188} INFO - [2026-02-17T01:44:38.167+0000] {dagbag.py:545} INFO - Filling up the DagBag from /opt/airflow/dags/main.py
[2026-02-17T01:44:38.252+0000] {processor.py:840} INFO - DAG(s) 'produce_json', 'update_db' retrieved from /opt/airflow/dags/main.py
[2026-02-17T01:44:38.282+0000] {logging_mixin.py:188} INFO - [2026-02-17T01:44:38.282+0000] {dag.py:3096} INFO - Sync 2 DAGs
[2026-02-17T01:44:38.309+0000] {logging_mixin.py:188} INFO - [2026-02-17T01:44:38.309+0000] {dag.py:3954} INFO - Setting next_dagrun for produce_json to 2026-02-16 14:00:00+00:00, run_after=2026-02-17 14:00:00+00:00
[2026-02-17T01:44:38.315+0000] {logging_mixin.py:188} INFO - [2026-02-17T01:44:38.314+0000] {dag.py:3954} INFO - Setting next_dagrun for update_db to 2026-02-15 15:00:00+00:00, run_after=2026-02-16 15:00:00+00:00
[2026-02-17T01:44:38.347+0000] {processor.py:183} INFO - Processing /opt/airflow/dags/main.py took 0.190 seconds
[2026-02-17T01:45:08.594+0000] {processor.py:161} INFO - Started process (PID=118) to work on /opt/airflow/dags/main.py
[2026-02-17T01:45:08.595+0000] {processor.py:830} INFO - Processing file /opt/airflow/dags/main.py for tasks to queue
[2026-02-17T01:45:08.600+0000] {logging_mixin.py:188} INFO - [2026-02-17T01:45:08.599+0000] {dagbag.py:545} INFO - Filling up the DagBag from /opt/airflow/dags/main.py
[2026-02-17T01:45:08.680+0000] {processor.py:840} INFO - DAG(s) 'update_db', 'produce_json' retrieved from /opt/airflow/dags/main.py
[2026-02-17T01:45:08.715+0000] {logging_mixin.py:188} INFO - [2026-02-17T01:45:08.714+0000] {dag.py:3096} INFO - Sync 2 DAGs
[2026-02-17T01:45:08.737+0000] {logging_mixin.py:188} INFO - [2026-02-17T01:45:08.737+0000] {dag.py:3954} INFO - Setting next_dagrun for produce_json to 2026-02-16 14:00:00+00:00, run_after=2026-02-17 14:00:00+00:00
[2026-02-17T01:45:08.742+0000] {logging_mixin.py:188} INFO - [2026-02-17T01:45:08.742+0000] {dag.py:3954} INFO - Setting next_dagrun for update_db to 2026-02-15 15:00:00+00:00, run_after=2026-02-16 15:00:00+00:00
[2026-02-17T01:45:08.762+0000] {processor.py:183} INFO - Processing /opt/airflow/dags/main.py took 0.174 seconds
[2026-02-17T01:45:38.858+0000] {processor.py:161} INFO - Started process (PID=125) to work on /opt/airflow/dags/main.py
[2026-02-17T01:45:38.859+0000] {processor.py:830} INFO - Processing file /opt/airflow/dags/main.py for tasks to queue
[2026-02-17T01:45:38.861+0000] {logging_mixin.py:188} INFO - [2026-02-17T01:45:38.861+0000] {dagbag.py:545} INFO - Filling up the DagBag from /opt/airflow/dags/main.py
[2026-02-17T01:45:38.930+0000] {processor.py:840} INFO - DAG(s) 'produce_json', 'update_db' retrieved from /opt/airflow/dags/main.py
[2026-02-17T01:45:38.962+0000] {logging_mixin.py:188} INFO - [2026-02-17T01:45:38.962+0000] {dag.py:3096} INFO - Sync 2 DAGs
[2026-02-17T01:45:38.985+0000] {logging_mixin.py:188} INFO - [2026-02-17T01:45:38.985+0000] {dag.py:3954} INFO - Setting next_dagrun for produce_json to 2026-02-16 14:00:00+00:00, run_after=2026-02-17 14:00:00+00:00
[2026-02-17T01:45:38.990+0000] {logging_mixin.py:188} INFO - [2026-02-17T01:45:38.990+0000] {dag.py:3954} INFO - Setting next_dagrun for update_db to 2026-02-15 15:00:00+00:00, run_after=2026-02-16 15:00:00+00:00
[2026-02-17T01:45:39.010+0000] {processor.py:183} INFO - Processing /opt/airflow/dags/main.py took 0.157 seconds
[2026-02-17T01:46:09.283+0000] {processor.py:161} INFO - Started process (PID=132) to work on /opt/airflow/dags/main.py
[2026-02-17T01:46:09.284+0000] {processor.py:830} INFO - Processing file /opt/airflow/dags/main.py for tasks to queue
[2026-02-17T01:46:09.287+0000] {logging_mixin.py:188} INFO - [2026-02-17T01:46:09.287+0000] {dagbag.py:545} INFO - Filling up the DagBag from /opt/airflow/dags/main.py
[2026-02-17T01:46:09.363+0000] {processor.py:840} INFO - DAG(s) 'update_db', 'produce_json' retrieved from /opt/airflow/dags/main.py
[2026-02-17T01:46:09.395+0000] {logging_mixin.py:188} INFO - [2026-02-17T01:46:09.395+0000] {dag.py:3096} INFO - Sync 2 DAGs
[2026-02-17T01:46:09.417+0000] {logging_mixin.py:188} INFO - [2026-02-17T01:46:09.417+0000] {dag.py:3954} INFO - Setting next_dagrun for produce_json to 2026-02-16 14:00:00+00:00, run_after=2026-02-17 14:00:00+00:00
[2026-02-17T01:46:09.422+0000] {logging_mixin.py:188} INFO - [2026-02-17T01:46:09.422+0000] {dag.py:3954} INFO - Setting next_dagrun for update_db to 2026-02-15 15:00:00+00:00, run_after=2026-02-16 15:00:00+00:00
[2026-02-17T01:46:09.454+0000] {processor.py:183} INFO - Processing /opt/airflow/dags/main.py took 0.176 seconds
[2026-02-17T01:46:39.548+0000] {processor.py:161} INFO - Started process (PID=139) to work on /opt/airflow/dags/main.py
[2026-02-17T01:46:39.548+0000] {processor.py:830} INFO - Processing file /opt/airflow/dags/main.py for tasks to queue
[2026-02-17T01:46:39.551+0000] {logging_mixin.py:188} INFO - [2026-02-17T01:46:39.551+0000] {dagbag.py:545} INFO - Filling up the DagBag from /opt/airflow/dags/main.py
[2026-02-17T01:46:39.620+0000] {processor.py:840} INFO - DAG(s) 'produce_json', 'update_db' retrieved from /opt/airflow/dags/main.py
[2026-02-17T01:46:39.652+0000] {logging_mixin.py:188} INFO - [2026-02-17T01:46:39.652+0000] {dag.py:3096} INFO - Sync 2 DAGs
[2026-02-17T01:46:39.677+0000] {logging_mixin.py:188} INFO - [2026-02-17T01:46:39.677+0000] {dag.py:3954} INFO - Setting next_dagrun for produce_json to 2026-02-16 14:00:00+00:00, run_after=2026-02-17 14:00:00+00:00
[2026-02-17T01:46:39.683+0000] {logging_mixin.py:188} INFO - [2026-02-17T01:46:39.683+0000] {dag.py:3954} INFO - Setting next_dagrun for update_db to 2026-02-15 15:00:00+00:00, run_after=2026-02-16 15:00:00+00:00
[2026-02-17T01:46:39.714+0000] {processor.py:183} INFO - Processing /opt/airflow/dags/main.py took 0.174 seconds
[2026-02-17T01:47:09.966+0000] {processor.py:161} INFO - Started process (PID=146) to work on /opt/airflow/dags/main.py
[2026-02-17T01:47:09.967+0000] {processor.py:830} INFO - Processing file /opt/airflow/dags/main.py for tasks to queue
[2026-02-17T01:47:09.970+0000] {logging_mixin.py:188} INFO - [2026-02-17T01:47:09.970+0000] {dagbag.py:545} INFO - Filling up the DagBag from /opt/airflow/dags/main.py
[2026-02-17T01:47:10.054+0000] {processor.py:840} INFO - DAG(s) 'produce_json', 'update_db' retrieved from /opt/airflow/dags/main.py
[2026-02-17T01:47:10.086+0000] {logging_mixin.py:188} INFO - [2026-02-17T01:47:10.085+0000] {dag.py:3096} INFO - Sync 2 DAGs
[2026-02-17T01:47:10.109+0000] {logging_mixin.py:188} INFO - [2026-02-17T01:47:10.109+0000] {dag.py:3954} INFO - Setting next_dagrun for produce_json to 2026-02-16 14:00:00+00:00, run_after=2026-02-17 14:00:00+00:00
[2026-02-17T01:47:10.114+0000] {logging_mixin.py:188} INFO - [2026-02-17T01:47:10.114+0000] {dag.py:3954} INFO - Setting next_dagrun for update_db to 2026-02-15 15:00:00+00:00, run_after=2026-02-16 15:00:00+00:00
[2026-02-17T01:47:10.145+0000] {processor.py:183} INFO - Processing /opt/airflow/dags/main.py took 0.184 seconds
[2026-02-17T01:47:40.221+0000] {processor.py:161} INFO - Started process (PID=153) to work on /opt/airflow/dags/main.py
[2026-02-17T01:47:40.222+0000] {processor.py:830} INFO - Processing file /opt/airflow/dags/main.py for tasks to queue
[2026-02-17T01:47:40.225+0000] {logging_mixin.py:188} INFO - [2026-02-17T01:47:40.225+0000] {dagbag.py:545} INFO - Filling up the DagBag from /opt/airflow/dags/main.py
[2026-02-17T01:47:40.297+0000] {processor.py:840} INFO - DAG(s) 'produce_json', 'update_db' retrieved from /opt/airflow/dags/main.py
[2026-02-17T01:47:40.338+0000] {logging_mixin.py:188} INFO - [2026-02-17T01:47:40.338+0000] {dag.py:3096} INFO - Sync 2 DAGs
[2026-02-17T01:47:40.367+0000] {logging_mixin.py:188} INFO - [2026-02-17T01:47:40.367+0000] {dag.py:3954} INFO - Setting next_dagrun for produce_json to 2026-02-16 14:00:00+00:00, run_after=2026-02-17 14:00:00+00:00
[2026-02-17T01:47:40.372+0000] {logging_mixin.py:188} INFO - [2026-02-17T01:47:40.372+0000] {dag.py:3954} INFO - Setting next_dagrun for update_db to 2026-02-15 15:00:00+00:00, run_after=2026-02-16 15:00:00+00:00
[2026-02-17T01:47:40.399+0000] {processor.py:183} INFO - Processing /opt/airflow/dags/main.py took 0.184 seconds
[2026-02-17T01:48:10.548+0000] {processor.py:161} INFO - Started process (PID=160) to work on /opt/airflow/dags/main.py
[2026-02-17T01:48:10.549+0000] {processor.py:830} INFO - Processing file /opt/airflow/dags/main.py for tasks to queue
[2026-02-17T01:48:10.551+0000] {logging_mixin.py:188} INFO - [2026-02-17T01:48:10.551+0000] {dagbag.py:545} INFO - Filling up the DagBag from /opt/airflow/dags/main.py
[2026-02-17T01:48:10.631+0000] {processor.py:840} INFO - DAG(s) 'update_db', 'produce_json' retrieved from /opt/airflow/dags/main.py
[2026-02-17T01:48:10.673+0000] {logging_mixin.py:188} INFO - [2026-02-17T01:48:10.672+0000] {dag.py:3096} INFO - Sync 2 DAGs
[2026-02-17T01:48:10.697+0000] {logging_mixin.py:188} INFO - [2026-02-17T01:48:10.697+0000] {dag.py:3954} INFO - Setting next_dagrun for produce_json to 2026-02-16 14:00:00+00:00, run_after=2026-02-17 14:00:00+00:00
[2026-02-17T01:48:10.702+0000] {logging_mixin.py:188} INFO - [2026-02-17T01:48:10.702+0000] {dag.py:3954} INFO - Setting next_dagrun for update_db to 2026-02-15 15:00:00+00:00, run_after=2026-02-16 15:00:00+00:00
[2026-02-17T01:48:10.738+0000] {processor.py:183} INFO - Processing /opt/airflow/dags/main.py took 0.195 seconds
[2026-02-17T01:48:40.849+0000] {processor.py:161} INFO - Started process (PID=167) to work on /opt/airflow/dags/main.py
[2026-02-17T01:48:40.850+0000] {processor.py:830} INFO - Processing file /opt/airflow/dags/main.py for tasks to queue
[2026-02-17T01:48:40.851+0000] {logging_mixin.py:188} INFO - [2026-02-17T01:48:40.851+0000] {dagbag.py:545} INFO - Filling up the DagBag from /opt/airflow/dags/main.py
[2026-02-17T01:48:40.921+0000] {processor.py:840} INFO - DAG(s) 'update_db', 'produce_json' retrieved from /opt/airflow/dags/main.py
[2026-02-17T01:48:40.954+0000] {logging_mixin.py:188} INFO - [2026-02-17T01:48:40.954+0000] {dag.py:3096} INFO - Sync 2 DAGs
[2026-02-17T01:48:40.977+0000] {logging_mixin.py:188} INFO - [2026-02-17T01:48:40.976+0000] {dag.py:3954} INFO - Setting next_dagrun for produce_json to 2026-02-16 14:00:00+00:00, run_after=2026-02-17 14:00:00+00:00
[2026-02-17T01:48:40.982+0000] {logging_mixin.py:188} INFO - [2026-02-17T01:48:40.981+0000] {dag.py:3954} INFO - Setting next_dagrun for update_db to 2026-02-15 15:00:00+00:00, run_after=2026-02-16 15:00:00+00:00
[2026-02-17T01:48:41.002+0000] {processor.py:183} INFO - Processing /opt/airflow/dags/main.py took 0.158 seconds
[2026-02-17T01:49:11.177+0000] {processor.py:161} INFO - Started process (PID=174) to work on /opt/airflow/dags/main.py
[2026-02-17T01:49:11.178+0000] {processor.py:830} INFO - Processing file /opt/airflow/dags/main.py for tasks to queue
[2026-02-17T01:49:11.179+0000] {logging_mixin.py:188} INFO - [2026-02-17T01:49:11.179+0000] {dagbag.py:545} INFO - Filling up the DagBag from /opt/airflow/dags/main.py
[2026-02-17T01:49:11.246+0000] {processor.py:840} INFO - DAG(s) 'produce_json', 'update_db' retrieved from /opt/airflow/dags/main.py
[2026-02-17T01:49:11.278+0000] {logging_mixin.py:188} INFO - [2026-02-17T01:49:11.278+0000] {dag.py:3096} INFO - Sync 2 DAGs
[2026-02-17T01:49:11.304+0000] {logging_mixin.py:188} INFO - [2026-02-17T01:49:11.303+0000] {dag.py:3954} INFO - Setting next_dagrun for produce_json to 2026-02-16 14:00:00+00:00, run_after=2026-02-17 14:00:00+00:00
[2026-02-17T01:49:11.309+0000] {logging_mixin.py:188} INFO - [2026-02-17T01:49:11.309+0000] {dag.py:3954} INFO - Setting next_dagrun for update_db to 2026-02-15 15:00:00+00:00, run_after=2026-02-16 15:00:00+00:00
[2026-02-17T01:49:11.340+0000] {processor.py:183} INFO - Processing /opt/airflow/dags/main.py took 0.169 seconds
[2026-02-17T01:49:41.425+0000] {processor.py:161} INFO - Started process (PID=181) to work on /opt/airflow/dags/main.py
[2026-02-17T01:49:41.426+0000] {processor.py:830} INFO - Processing file /opt/airflow/dags/main.py for tasks to queue
[2026-02-17T01:49:41.428+0000] {logging_mixin.py:188} INFO - [2026-02-17T01:49:41.427+0000] {dagbag.py:545} INFO - Filling up the DagBag from /opt/airflow/dags/main.py
[2026-02-17T01:49:41.496+0000] {processor.py:840} INFO - DAG(s) 'produce_json', 'update_db' retrieved from /opt/airflow/dags/main.py
[2026-02-17T01:49:41.528+0000] {logging_mixin.py:188} INFO - [2026-02-17T01:49:41.528+0000] {dag.py:3096} INFO - Sync 2 DAGs
[2026-02-17T01:49:41.550+0000] {logging_mixin.py:188} INFO - [2026-02-17T01:49:41.550+0000] {dag.py:3954} INFO - Setting next_dagrun for produce_json to 2026-02-16 14:00:00+00:00, run_after=2026-02-17 14:00:00+00:00
[2026-02-17T01:49:41.557+0000] {logging_mixin.py:188} INFO - [2026-02-17T01:49:41.556+0000] {dag.py:3954} INFO - Setting next_dagrun for update_db to 2026-02-15 15:00:00+00:00, run_after=2026-02-16 15:00:00+00:00
[2026-02-17T01:49:41.592+0000] {processor.py:183} INFO - Processing /opt/airflow/dags/main.py took 0.172 seconds
[2026-02-17T01:50:11.872+0000] {processor.py:161} INFO - Started process (PID=189) to work on /opt/airflow/dags/main.py
[2026-02-17T01:50:11.873+0000] {processor.py:830} INFO - Processing file /opt/airflow/dags/main.py for tasks to queue
[2026-02-17T01:50:11.875+0000] {logging_mixin.py:188} INFO - [2026-02-17T01:50:11.875+0000] {dagbag.py:545} INFO - Filling up the DagBag from /opt/airflow/dags/main.py
[2026-02-17T01:50:11.964+0000] {processor.py:840} INFO - DAG(s) 'update_db', 'produce_json' retrieved from /opt/airflow/dags/main.py
[2026-02-17T01:50:11.996+0000] {logging_mixin.py:188} INFO - [2026-02-17T01:50:11.995+0000] {dag.py:3096} INFO - Sync 2 DAGs
[2026-02-17T01:50:12.025+0000] {logging_mixin.py:188} INFO - [2026-02-17T01:50:12.025+0000] {dag.py:3954} INFO - Setting next_dagrun for produce_json to 2026-02-16 14:00:00+00:00, run_after=2026-02-17 14:00:00+00:00
[2026-02-17T01:50:12.031+0000] {logging_mixin.py:188} INFO - [2026-02-17T01:50:12.031+0000] {dag.py:3954} INFO - Setting next_dagrun for update_db to 2026-02-15 15:00:00+00:00, run_after=2026-02-16 15:00:00+00:00
[2026-02-17T01:50:12.053+0000] {processor.py:183} INFO - Processing /opt/airflow/dags/main.py took 0.186 seconds
[2026-02-17T01:50:42.254+0000] {processor.py:161} INFO - Started process (PID=196) to work on /opt/airflow/dags/main.py
[2026-02-17T01:50:42.255+0000] {processor.py:830} INFO - Processing file /opt/airflow/dags/main.py for tasks to queue
[2026-02-17T01:50:42.257+0000] {logging_mixin.py:188} INFO - [2026-02-17T01:50:42.256+0000] {dagbag.py:545} INFO - Filling up the DagBag from /opt/airflow/dags/main.py
[2026-02-17T01:50:42.338+0000] {processor.py:840} INFO - DAG(s) 'update_db', 'produce_json' retrieved from /opt/airflow/dags/main.py
[2026-02-17T01:50:42.379+0000] {logging_mixin.py:188} INFO - [2026-02-17T01:50:42.378+0000] {dag.py:3096} INFO - Sync 2 DAGs
[2026-02-17T01:50:42.419+0000] {logging_mixin.py:188} INFO - [2026-02-17T01:50:42.418+0000] {dag.py:3954} INFO - Setting next_dagrun for produce_json to 2026-02-16 14:00:00+00:00, run_after=2026-02-17 14:00:00+00:00
[2026-02-17T01:50:42.425+0000] {logging_mixin.py:188} INFO - [2026-02-17T01:50:42.424+0000] {dag.py:3954} INFO - Setting next_dagrun for update_db to 2026-02-15 15:00:00+00:00, run_after=2026-02-16 15:00:00+00:00
[2026-02-17T01:50:42.450+0000] {processor.py:183} INFO - Processing /opt/airflow/dags/main.py took 0.202 seconds
[2026-02-17T01:51:12.694+0000] {processor.py:161} INFO - Started process (PID=203) to work on /opt/airflow/dags/main.py
[2026-02-17T01:51:12.696+0000] {processor.py:830} INFO - Processing file /opt/airflow/dags/main.py for tasks to queue
[2026-02-17T01:51:12.698+0000] {logging_mixin.py:188} INFO - [2026-02-17T01:51:12.698+0000] {dagbag.py:545} INFO - Filling up the DagBag from /opt/airflow/dags/main.py
[2026-02-17T01:51:12.872+0000] {processor.py:840} INFO - DAG(s) 'update_db', 'produce_json' retrieved from /opt/airflow/dags/main.py
[2026-02-17T01:51:12.906+0000] {logging_mixin.py:188} INFO - [2026-02-17T01:51:12.906+0000] {dag.py:3096} INFO - Sync 2 DAGs
[2026-02-17T01:51:12.929+0000] {logging_mixin.py:188} INFO - [2026-02-17T01:51:12.929+0000] {dag.py:3954} INFO - Setting next_dagrun for produce_json to 2026-02-16 14:00:00+00:00, run_after=2026-02-17 14:00:00+00:00
[2026-02-17T01:51:12.935+0000] {logging_mixin.py:188} INFO - [2026-02-17T01:51:12.935+0000] {dag.py:3954} INFO - Setting next_dagrun for update_db to 2026-02-15 15:00:00+00:00, run_after=2026-02-16 15:00:00+00:00
[2026-02-17T01:51:12.964+0000] {processor.py:183} INFO - Processing /opt/airflow/dags/main.py took 0.277 seconds
[2026-02-17T01:51:43.240+0000] {processor.py:161} INFO - Started process (PID=210) to work on /opt/airflow/dags/main.py
[2026-02-17T01:51:43.242+0000] {processor.py:830} INFO - Processing file /opt/airflow/dags/main.py for tasks to queue
[2026-02-17T01:51:43.244+0000] {logging_mixin.py:188} INFO - [2026-02-17T01:51:43.244+0000] {dagbag.py:545} INFO - Filling up the DagBag from /opt/airflow/dags/main.py
[2026-02-17T01:51:43.317+0000] {processor.py:840} INFO - DAG(s) 'produce_json', 'update_db' retrieved from /opt/airflow/dags/main.py
[2026-02-17T01:51:43.348+0000] {logging_mixin.py:188} INFO - [2026-02-17T01:51:43.348+0000] {dag.py:3096} INFO - Sync 2 DAGs
[2026-02-17T01:51:43.377+0000] {logging_mixin.py:188} INFO - [2026-02-17T01:51:43.377+0000] {dag.py:3954} INFO - Setting next_dagrun for produce_json to 2026-02-16 14:00:00+00:00, run_after=2026-02-17 14:00:00+00:00
[2026-02-17T01:51:43.382+0000] {logging_mixin.py:188} INFO - [2026-02-17T01:51:43.382+0000] {dag.py:3954} INFO - Setting next_dagrun for update_db to 2026-02-15 15:00:00+00:00, run_after=2026-02-16 15:00:00+00:00
[2026-02-17T01:51:43.403+0000] {processor.py:183} INFO - Processing /opt/airflow/dags/main.py took 0.169 seconds
[2026-02-17T01:52:13.460+0000] {processor.py:161} INFO - Started process (PID=217) to work on /opt/airflow/dags/main.py
[2026-02-17T01:52:13.461+0000] {processor.py:830} INFO - Processing file /opt/airflow/dags/main.py for tasks to queue
[2026-02-17T01:52:13.463+0000] {logging_mixin.py:188} INFO - [2026-02-17T01:52:13.462+0000] {dagbag.py:545} INFO - Filling up the DagBag from /opt/airflow/dags/main.py
[2026-02-17T01:52:13.535+0000] {processor.py:840} INFO - DAG(s) 'update_db', 'produce_json' retrieved from /opt/airflow/dags/main.py
[2026-02-17T01:52:13.571+0000] {logging_mixin.py:188} INFO - [2026-02-17T01:52:13.570+0000] {dag.py:3096} INFO - Sync 2 DAGs
[2026-02-17T01:52:13.592+0000] {logging_mixin.py:188} INFO - [2026-02-17T01:52:13.592+0000] {dag.py:3954} INFO - Setting next_dagrun for produce_json to 2026-02-16 14:00:00+00:00, run_after=2026-02-17 14:00:00+00:00
[2026-02-17T01:52:13.598+0000] {logging_mixin.py:188} INFO - [2026-02-17T01:52:13.598+0000] {dag.py:3954} INFO - Setting next_dagrun for update_db to 2026-02-15 15:00:00+00:00, run_after=2026-02-16 15:00:00+00:00
[2026-02-17T01:52:13.618+0000] {processor.py:183} INFO - Processing /opt/airflow/dags/main.py took 0.164 seconds
[2026-02-17T01:52:43.873+0000] {processor.py:161} INFO - Started process (PID=224) to work on /opt/airflow/dags/main.py
[2026-02-17T01:52:43.874+0000] {processor.py:830} INFO - Processing file /opt/airflow/dags/main.py for tasks to queue
[2026-02-17T01:52:43.876+0000] {logging_mixin.py:188} INFO - [2026-02-17T01:52:43.876+0000] {dagbag.py:545} INFO - Filling up the DagBag from /opt/airflow/dags/main.py
[2026-02-17T01:52:43.955+0000] {processor.py:840} INFO - DAG(s) 'update_db', 'produce_json' retrieved from /opt/airflow/dags/main.py
[2026-02-17T01:52:43.989+0000] {logging_mixin.py:188} INFO - [2026-02-17T01:52:43.989+0000] {dag.py:3096} INFO - Sync 2 DAGs
[2026-02-17T01:52:44.011+0000] {logging_mixin.py:188} INFO - [2026-02-17T01:52:44.011+0000] {dag.py:3954} INFO - Setting next_dagrun for produce_json to 2026-02-16 14:00:00+00:00, run_after=2026-02-17 14:00:00+00:00
[2026-02-17T01:52:44.017+0000] {logging_mixin.py:188} INFO - [2026-02-17T01:52:44.017+0000] {dag.py:3954} INFO - Setting next_dagrun for update_db to 2026-02-15 15:00:00+00:00, run_after=2026-02-16 15:00:00+00:00
[2026-02-17T01:52:44.043+0000] {processor.py:183} INFO - Processing /opt/airflow/dags/main.py took 0.176 seconds
[2026-02-17T01:53:14.147+0000] {processor.py:161} INFO - Started process (PID=231) to work on /opt/airflow/dags/main.py
[2026-02-17T01:53:14.148+0000] {processor.py:830} INFO - Processing file /opt/airflow/dags/main.py for tasks to queue
[2026-02-17T01:53:14.149+0000] {logging_mixin.py:188} INFO - [2026-02-17T01:53:14.149+0000] {dagbag.py:545} INFO - Filling up the DagBag from /opt/airflow/dags/main.py
[2026-02-17T01:53:14.219+0000] {processor.py:840} INFO - DAG(s) 'update_db', 'produce_json' retrieved from /opt/airflow/dags/main.py
[2026-02-17T01:53:14.249+0000] {logging_mixin.py:188} INFO - [2026-02-17T01:53:14.249+0000] {dag.py:3096} INFO - Sync 2 DAGs
[2026-02-17T01:53:14.273+0000] {logging_mixin.py:188} INFO - [2026-02-17T01:53:14.273+0000] {dag.py:3954} INFO - Setting next_dagrun for produce_json to 2026-02-16 14:00:00+00:00, run_after=2026-02-17 14:00:00+00:00
[2026-02-17T01:53:14.279+0000] {logging_mixin.py:188} INFO - [2026-02-17T01:53:14.279+0000] {dag.py:3954} INFO - Setting next_dagrun for update_db to 2026-02-15 15:00:00+00:00, run_after=2026-02-16 15:00:00+00:00
[2026-02-17T01:53:14.300+0000] {processor.py:183} INFO - Processing /opt/airflow/dags/main.py took 0.159 seconds
[2026-02-17T01:53:44.503+0000] {processor.py:161} INFO - Started process (PID=238) to work on /opt/airflow/dags/main.py
[2026-02-17T01:53:44.504+0000] {processor.py:830} INFO - Processing file /opt/airflow/dags/main.py for tasks to queue
[2026-02-17T01:53:44.506+0000] {logging_mixin.py:188} INFO - [2026-02-17T01:53:44.506+0000] {dagbag.py:545} INFO - Filling up the DagBag from /opt/airflow/dags/main.py
[2026-02-17T01:53:44.575+0000] {processor.py:840} INFO - DAG(s) 'update_db', 'produce_json' retrieved from /opt/airflow/dags/main.py
[2026-02-17T01:53:44.607+0000] {logging_mixin.py:188} INFO - [2026-02-17T01:53:44.607+0000] {dag.py:3096} INFO - Sync 2 DAGs
[2026-02-17T01:53:44.629+0000] {logging_mixin.py:188} INFO - [2026-02-17T01:53:44.629+0000] {dag.py:3954} INFO - Setting next_dagrun for produce_json to 2026-02-16 14:00:00+00:00, run_after=2026-02-17 14:00:00+00:00
[2026-02-17T01:53:44.634+0000] {logging_mixin.py:188} INFO - [2026-02-17T01:53:44.634+0000] {dag.py:3954} INFO - Setting next_dagrun for update_db to 2026-02-15 15:00:00+00:00, run_after=2026-02-16 15:00:00+00:00
[2026-02-17T01:53:44.657+0000] {processor.py:183} INFO - Processing /opt/airflow/dags/main.py took 0.159 seconds
[2026-02-17T01:54:14.749+0000] {processor.py:161} INFO - Started process (PID=245) to work on /opt/airflow/dags/main.py
[2026-02-17T01:54:14.749+0000] {processor.py:830} INFO - Processing file /opt/airflow/dags/main.py for tasks to queue
[2026-02-17T01:54:14.751+0000] {logging_mixin.py:188} INFO - [2026-02-17T01:54:14.751+0000] {dagbag.py:545} INFO - Filling up the DagBag from /opt/airflow/dags/main.py
[2026-02-17T01:54:14.825+0000] {processor.py:840} INFO - DAG(s) 'produce_json', 'update_db' retrieved from /opt/airflow/dags/main.py
[2026-02-17T01:54:14.859+0000] {logging_mixin.py:188} INFO - [2026-02-17T01:54:14.859+0000] {dag.py:3096} INFO - Sync 2 DAGs
[2026-02-17T01:54:14.880+0000] {logging_mixin.py:188} INFO - [2026-02-17T01:54:14.880+0000] {dag.py:3954} INFO - Setting next_dagrun for produce_json to 2026-02-16 14:00:00+00:00, run_after=2026-02-17 14:00:00+00:00
[2026-02-17T01:54:14.885+0000] {logging_mixin.py:188} INFO - [2026-02-17T01:54:14.885+0000] {dag.py:3954} INFO - Setting next_dagrun for update_db to 2026-02-15 15:00:00+00:00, run_after=2026-02-16 15:00:00+00:00
[2026-02-17T01:54:14.914+0000] {processor.py:183} INFO - Processing /opt/airflow/dags/main.py took 0.171 seconds
[2026-02-17T01:54:45.114+0000] {processor.py:161} INFO - Started process (PID=253) to work on /opt/airflow/dags/main.py
[2026-02-17T01:54:45.115+0000] {processor.py:830} INFO - Processing file /opt/airflow/dags/main.py for tasks to queue
[2026-02-17T01:54:45.117+0000] {logging_mixin.py:188} INFO - [2026-02-17T01:54:45.117+0000] {dagbag.py:545} INFO - Filling up the DagBag from /opt/airflow/dags/main.py
[2026-02-17T01:54:45.195+0000] {processor.py:840} INFO - DAG(s) 'produce_json', 'update_db' retrieved from /opt/airflow/dags/main.py
[2026-02-17T01:54:45.226+0000] {logging_mixin.py:188} INFO - [2026-02-17T01:54:45.225+0000] {dag.py:3096} INFO - Sync 2 DAGs
[2026-02-17T01:54:45.248+0000] {logging_mixin.py:188} INFO - [2026-02-17T01:54:45.248+0000] {dag.py:3954} INFO - Setting next_dagrun for produce_json to 2026-02-16 14:00:00+00:00, run_after=2026-02-17 14:00:00+00:00
[2026-02-17T01:54:45.254+0000] {logging_mixin.py:188} INFO - [2026-02-17T01:54:45.254+0000] {dag.py:3954} INFO - Setting next_dagrun for update_db to 2026-02-15 15:00:00+00:00, run_after=2026-02-16 15:00:00+00:00
[2026-02-17T01:54:45.274+0000] {processor.py:183} INFO - Processing /opt/airflow/dags/main.py took 0.166 seconds
[2026-02-17T01:55:15.623+0000] {processor.py:161} INFO - Started process (PID=260) to work on /opt/airflow/dags/main.py
[2026-02-17T01:55:15.624+0000] {processor.py:830} INFO - Processing file /opt/airflow/dags/main.py for tasks to queue
[2026-02-17T01:55:15.626+0000] {logging_mixin.py:188} INFO - [2026-02-17T01:55:15.626+0000] {dagbag.py:545} INFO - Filling up the DagBag from /opt/airflow/dags/main.py
[2026-02-17T01:55:15.699+0000] {processor.py:840} INFO - DAG(s) 'produce_json', 'update_db' retrieved from /opt/airflow/dags/main.py
[2026-02-17T01:55:15.732+0000] {logging_mixin.py:188} INFO - [2026-02-17T01:55:15.732+0000] {dag.py:3096} INFO - Sync 2 DAGs
[2026-02-17T01:55:15.757+0000] {logging_mixin.py:188} INFO - [2026-02-17T01:55:15.757+0000] {dag.py:3954} INFO - Setting next_dagrun for produce_json to 2026-02-16 14:00:00+00:00, run_after=2026-02-17 14:00:00+00:00
[2026-02-17T01:55:15.763+0000] {logging_mixin.py:188} INFO - [2026-02-17T01:55:15.762+0000] {dag.py:3954} INFO - Setting next_dagrun for update_db to 2026-02-15 15:00:00+00:00, run_after=2026-02-16 15:00:00+00:00
[2026-02-17T01:55:15.785+0000] {processor.py:183} INFO - Processing /opt/airflow/dags/main.py took 0.166 seconds
[2026-02-17T01:55:45.896+0000] {processor.py:161} INFO - Started process (PID=267) to work on /opt/airflow/dags/main.py
[2026-02-17T01:55:45.897+0000] {processor.py:830} INFO - Processing file /opt/airflow/dags/main.py for tasks to queue
[2026-02-17T01:55:45.899+0000] {logging_mixin.py:188} INFO - [2026-02-17T01:55:45.899+0000] {dagbag.py:545} INFO - Filling up the DagBag from /opt/airflow/dags/main.py
[2026-02-17T01:55:45.984+0000] {processor.py:840} INFO - DAG(s) 'produce_json', 'update_db' retrieved from /opt/airflow/dags/main.py
[2026-02-17T01:55:46.027+0000] {logging_mixin.py:188} INFO - [2026-02-17T01:55:46.027+0000] {dag.py:3096} INFO - Sync 2 DAGs
[2026-02-17T01:55:46.057+0000] {logging_mixin.py:188} INFO - [2026-02-17T01:55:46.057+0000] {dag.py:3954} INFO - Setting next_dagrun for produce_json to 2026-02-16 14:00:00+00:00, run_after=2026-02-17 14:00:00+00:00
[2026-02-17T01:55:46.063+0000] {logging_mixin.py:188} INFO - [2026-02-17T01:55:46.063+0000] {dag.py:3954} INFO - Setting next_dagrun for update_db to 2026-02-15 15:00:00+00:00, run_after=2026-02-16 15:00:00+00:00
[2026-02-17T01:55:46.102+0000] {processor.py:183} INFO - Processing /opt/airflow/dags/main.py took 0.212 seconds
[2026-02-17T01:56:16.241+0000] {processor.py:161} INFO - Started process (PID=275) to work on /opt/airflow/dags/main.py
[2026-02-17T01:56:16.242+0000] {processor.py:830} INFO - Processing file /opt/airflow/dags/main.py for tasks to queue
[2026-02-17T01:56:16.244+0000] {logging_mixin.py:188} INFO - [2026-02-17T01:56:16.243+0000] {dagbag.py:545} INFO - Filling up the DagBag from /opt/airflow/dags/main.py
[2026-02-17T01:56:16.322+0000] {processor.py:840} INFO - DAG(s) 'update_db', 'produce_json' retrieved from /opt/airflow/dags/main.py
[2026-02-17T01:56:16.356+0000] {logging_mixin.py:188} INFO - [2026-02-17T01:56:16.355+0000] {dag.py:3096} INFO - Sync 2 DAGs
[2026-02-17T01:56:16.387+0000] {logging_mixin.py:188} INFO - [2026-02-17T01:56:16.386+0000] {dag.py:3954} INFO - Setting next_dagrun for produce_json to 2026-02-16 14:00:00+00:00, run_after=2026-02-17 14:00:00+00:00
[2026-02-17T01:56:16.392+0000] {logging_mixin.py:188} INFO - [2026-02-17T01:56:16.391+0000] {dag.py:3954} INFO - Setting next_dagrun for update_db to 2026-02-15 15:00:00+00:00, run_after=2026-02-16 15:00:00+00:00
[2026-02-17T01:56:16.413+0000] {processor.py:183} INFO - Processing /opt/airflow/dags/main.py took 0.178 seconds
[2026-02-17T01:56:46.524+0000] {processor.py:161} INFO - Started process (PID=282) to work on /opt/airflow/dags/main.py
[2026-02-17T01:56:46.525+0000] {processor.py:830} INFO - Processing file /opt/airflow/dags/main.py for tasks to queue
[2026-02-17T01:56:46.527+0000] {logging_mixin.py:188} INFO - [2026-02-17T01:56:46.527+0000] {dagbag.py:545} INFO - Filling up the DagBag from /opt/airflow/dags/main.py
[2026-02-17T01:56:46.602+0000] {processor.py:840} INFO - DAG(s) 'produce_json', 'update_db' retrieved from /opt/airflow/dags/main.py
[2026-02-17T01:56:46.639+0000] {logging_mixin.py:188} INFO - [2026-02-17T01:56:46.639+0000] {dag.py:3096} INFO - Sync 2 DAGs
[2026-02-17T01:56:46.664+0000] {logging_mixin.py:188} INFO - [2026-02-17T01:56:46.664+0000] {dag.py:3954} INFO - Setting next_dagrun for produce_json to 2026-02-16 14:00:00+00:00, run_after=2026-02-17 14:00:00+00:00
[2026-02-17T01:56:46.669+0000] {logging_mixin.py:188} INFO - [2026-02-17T01:56:46.669+0000] {dag.py:3954} INFO - Setting next_dagrun for update_db to 2026-02-15 15:00:00+00:00, run_after=2026-02-16 15:00:00+00:00
[2026-02-17T01:56:46.688+0000] {processor.py:183} INFO - Processing /opt/airflow/dags/main.py took 0.169 seconds
[2026-02-17T01:57:16.888+0000] {processor.py:161} INFO - Started process (PID=289) to work on /opt/airflow/dags/main.py
[2026-02-17T01:57:16.889+0000] {processor.py:830} INFO - Processing file /opt/airflow/dags/main.py for tasks to queue
[2026-02-17T01:57:16.891+0000] {logging_mixin.py:188} INFO - [2026-02-17T01:57:16.891+0000] {dagbag.py:545} INFO - Filling up the DagBag from /opt/airflow/dags/main.py
[2026-02-17T01:57:16.962+0000] {processor.py:840} INFO - DAG(s) 'update_db', 'produce_json' retrieved from /opt/airflow/dags/main.py
[2026-02-17T01:57:16.994+0000] {logging_mixin.py:188} INFO - [2026-02-17T01:57:16.993+0000] {dag.py:3096} INFO - Sync 2 DAGs
[2026-02-17T01:57:17.017+0000] {logging_mixin.py:188} INFO - [2026-02-17T01:57:17.016+0000] {dag.py:3954} INFO - Setting next_dagrun for produce_json to 2026-02-16 14:00:00+00:00, run_after=2026-02-17 14:00:00+00:00
[2026-02-17T01:57:17.021+0000] {logging_mixin.py:188} INFO - [2026-02-17T01:57:17.021+0000] {dag.py:3954} INFO - Setting next_dagrun for update_db to 2026-02-15 15:00:00+00:00, run_after=2026-02-16 15:00:00+00:00
[2026-02-17T01:57:17.042+0000] {processor.py:183} INFO - Processing /opt/airflow/dags/main.py took 0.158 seconds
[2026-02-17T01:57:47.092+0000] {processor.py:161} INFO - Started process (PID=296) to work on /opt/airflow/dags/main.py
[2026-02-17T01:57:47.093+0000] {processor.py:830} INFO - Processing file /opt/airflow/dags/main.py for tasks to queue
[2026-02-17T01:57:47.096+0000] {logging_mixin.py:188} INFO - [2026-02-17T01:57:47.096+0000] {dagbag.py:545} INFO - Filling up the DagBag from /opt/airflow/dags/main.py
[2026-02-17T01:57:47.177+0000] {processor.py:840} INFO - DAG(s) 'update_db', 'produce_json' retrieved from /opt/airflow/dags/main.py
[2026-02-17T01:57:47.215+0000] {logging_mixin.py:188} INFO - [2026-02-17T01:57:47.215+0000] {dag.py:3096} INFO - Sync 2 DAGs
[2026-02-17T01:57:47.238+0000] {logging_mixin.py:188} INFO - [2026-02-17T01:57:47.238+0000] {dag.py:3954} INFO - Setting next_dagrun for produce_json to 2026-02-16 14:00:00+00:00, run_after=2026-02-17 14:00:00+00:00
[2026-02-17T01:57:47.244+0000] {logging_mixin.py:188} INFO - [2026-02-17T01:57:47.244+0000] {dag.py:3954} INFO - Setting next_dagrun for update_db to 2026-02-15 15:00:00+00:00, run_after=2026-02-16 15:00:00+00:00
[2026-02-17T01:57:47.265+0000] {processor.py:183} INFO - Processing /opt/airflow/dags/main.py took 0.178 seconds
[2026-02-17T01:58:17.497+0000] {processor.py:161} INFO - Started process (PID=303) to work on /opt/airflow/dags/main.py
[2026-02-17T01:58:17.498+0000] {processor.py:830} INFO - Processing file /opt/airflow/dags/main.py for tasks to queue
[2026-02-17T01:58:17.500+0000] {logging_mixin.py:188} INFO - [2026-02-17T01:58:17.499+0000] {dagbag.py:545} INFO - Filling up the DagBag from /opt/airflow/dags/main.py
[2026-02-17T01:58:17.567+0000] {processor.py:840} INFO - DAG(s) 'produce_json', 'update_db' retrieved from /opt/airflow/dags/main.py
[2026-02-17T01:58:17.598+0000] {logging_mixin.py:188} INFO - [2026-02-17T01:58:17.598+0000] {dag.py:3096} INFO - Sync 2 DAGs
[2026-02-17T01:58:17.620+0000] {logging_mixin.py:188} INFO - [2026-02-17T01:58:17.620+0000] {dag.py:3954} INFO - Setting next_dagrun for produce_json to 2026-02-16 14:00:00+00:00, run_after=2026-02-17 14:00:00+00:00
[2026-02-17T01:58:17.625+0000] {logging_mixin.py:188} INFO - [2026-02-17T01:58:17.625+0000] {dag.py:3954} INFO - Setting next_dagrun for update_db to 2026-02-15 15:00:00+00:00, run_after=2026-02-16 15:00:00+00:00
[2026-02-17T01:58:17.657+0000] {processor.py:183} INFO - Processing /opt/airflow/dags/main.py took 0.166 seconds
[2026-02-17T01:58:47.748+0000] {processor.py:161} INFO - Started process (PID=310) to work on /opt/airflow/dags/main.py
[2026-02-17T01:58:47.749+0000] {processor.py:830} INFO - Processing file /opt/airflow/dags/main.py for tasks to queue
[2026-02-17T01:58:47.751+0000] {logging_mixin.py:188} INFO - [2026-02-17T01:58:47.751+0000] {dagbag.py:545} INFO - Filling up the DagBag from /opt/airflow/dags/main.py
[2026-02-17T01:58:47.842+0000] {processor.py:840} INFO - DAG(s) 'produce_json', 'update_db' retrieved from /opt/airflow/dags/main.py
[2026-02-17T01:58:47.877+0000] {logging_mixin.py:188} INFO - [2026-02-17T01:58:47.876+0000] {dag.py:3096} INFO - Sync 2 DAGs
[2026-02-17T01:58:47.903+0000] {logging_mixin.py:188} INFO - [2026-02-17T01:58:47.903+0000] {dag.py:3954} INFO - Setting next_dagrun for produce_json to 2026-02-16 14:00:00+00:00, run_after=2026-02-17 14:00:00+00:00
[2026-02-17T01:58:47.908+0000] {logging_mixin.py:188} INFO - [2026-02-17T01:58:47.908+0000] {dag.py:3954} INFO - Setting next_dagrun for update_db to 2026-02-15 15:00:00+00:00, run_after=2026-02-16 15:00:00+00:00
[2026-02-17T01:58:47.929+0000] {processor.py:183} INFO - Processing /opt/airflow/dags/main.py took 0.187 seconds
[2026-02-17T01:59:18.117+0000] {processor.py:161} INFO - Started process (PID=317) to work on /opt/airflow/dags/main.py
[2026-02-17T01:59:18.118+0000] {processor.py:830} INFO - Processing file /opt/airflow/dags/main.py for tasks to queue
[2026-02-17T01:59:18.120+0000] {logging_mixin.py:188} INFO - [2026-02-17T01:59:18.120+0000] {dagbag.py:545} INFO - Filling up the DagBag from /opt/airflow/dags/main.py
[2026-02-17T01:59:18.190+0000] {processor.py:840} INFO - DAG(s) 'produce_json', 'update_db' retrieved from /opt/airflow/dags/main.py
[2026-02-17T01:59:18.222+0000] {logging_mixin.py:188} INFO - [2026-02-17T01:59:18.222+0000] {dag.py:3096} INFO - Sync 2 DAGs
[2026-02-17T01:59:18.247+0000] {logging_mixin.py:188} INFO - [2026-02-17T01:59:18.247+0000] {dag.py:3954} INFO - Setting next_dagrun for produce_json to 2026-02-16 14:00:00+00:00, run_after=2026-02-17 14:00:00+00:00
[2026-02-17T01:59:18.252+0000] {logging_mixin.py:188} INFO - [2026-02-17T01:59:18.252+0000] {dag.py:3954} INFO - Setting next_dagrun for update_db to 2026-02-15 15:00:00+00:00, run_after=2026-02-16 15:00:00+00:00
[2026-02-17T01:59:18.285+0000] {processor.py:183} INFO - Processing /opt/airflow/dags/main.py took 0.174 seconds
[2026-02-17T01:59:48.373+0000] {processor.py:161} INFO - Started process (PID=324) to work on /opt/airflow/dags/main.py
[2026-02-17T01:59:48.373+0000] {processor.py:830} INFO - Processing file /opt/airflow/dags/main.py for tasks to queue
[2026-02-17T01:59:48.375+0000] {logging_mixin.py:188} INFO - [2026-02-17T01:59:48.375+0000] {dagbag.py:545} INFO - Filling up the DagBag from /opt/airflow/dags/main.py
[2026-02-17T01:59:48.442+0000] {processor.py:840} INFO - DAG(s) 'produce_json', 'update_db' retrieved from /opt/airflow/dags/main.py
[2026-02-17T01:59:48.477+0000] {logging_mixin.py:188} INFO - [2026-02-17T01:59:48.477+0000] {dag.py:3096} INFO - Sync 2 DAGs
[2026-02-17T01:59:48.494+0000] {logging_mixin.py:188} INFO - [2026-02-17T01:59:48.494+0000] {dag.py:3954} INFO - Setting next_dagrun for produce_json to 2026-02-16 14:00:00+00:00, run_after=2026-02-17 14:00:00+00:00
[2026-02-17T01:59:48.500+0000] {logging_mixin.py:188} INFO - [2026-02-17T01:59:48.500+0000] {dag.py:3954} INFO - Setting next_dagrun for update_db to 2026-02-15 15:00:00+00:00, run_after=2026-02-16 15:00:00+00:00
[2026-02-17T01:59:48.530+0000] {processor.py:183} INFO - Processing /opt/airflow/dags/main.py took 0.173 seconds
[2026-02-17T02:00:18.862+0000] {processor.py:161} INFO - Started process (PID=331) to work on /opt/airflow/dags/main.py
[2026-02-17T02:00:18.863+0000] {processor.py:830} INFO - Processing file /opt/airflow/dags/main.py for tasks to queue
[2026-02-17T02:00:18.865+0000] {logging_mixin.py:188} INFO - [2026-02-17T02:00:18.865+0000] {dagbag.py:545} INFO - Filling up the DagBag from /opt/airflow/dags/main.py
[2026-02-17T02:00:18.943+0000] {processor.py:840} INFO - DAG(s) 'produce_json', 'update_db' retrieved from /opt/airflow/dags/main.py
[2026-02-17T02:00:18.975+0000] {logging_mixin.py:188} INFO - [2026-02-17T02:00:18.975+0000] {dag.py:3096} INFO - Sync 2 DAGs
[2026-02-17T02:00:18.998+0000] {logging_mixin.py:188} INFO - [2026-02-17T02:00:18.998+0000] {dag.py:3954} INFO - Setting next_dagrun for produce_json to 2026-02-16 14:00:00+00:00, run_after=2026-02-17 14:00:00+00:00
[2026-02-17T02:00:19.004+0000] {logging_mixin.py:188} INFO - [2026-02-17T02:00:19.004+0000] {dag.py:3954} INFO - Setting next_dagrun for update_db to 2026-02-15 15:00:00+00:00, run_after=2026-02-16 15:00:00+00:00
[2026-02-17T02:00:19.036+0000] {processor.py:183} INFO - Processing /opt/airflow/dags/main.py took 0.179 seconds
[2026-02-17T02:00:49.106+0000] {processor.py:161} INFO - Started process (PID=338) to work on /opt/airflow/dags/main.py
[2026-02-17T02:00:49.107+0000] {processor.py:830} INFO - Processing file /opt/airflow/dags/main.py for tasks to queue
[2026-02-17T02:00:49.109+0000] {logging_mixin.py:188} INFO - [2026-02-17T02:00:49.109+0000] {dagbag.py:545} INFO - Filling up the DagBag from /opt/airflow/dags/main.py
[2026-02-17T02:00:49.218+0000] {processor.py:840} INFO - DAG(s) 'update_db', 'produce_json' retrieved from /opt/airflow/dags/main.py
[2026-02-17T02:00:49.261+0000] {logging_mixin.py:188} INFO - [2026-02-17T02:00:49.261+0000] {dag.py:3096} INFO - Sync 2 DAGs
[2026-02-17T02:00:49.289+0000] {logging_mixin.py:188} INFO - [2026-02-17T02:00:49.289+0000] {dag.py:3954} INFO - Setting next_dagrun for produce_json to 2026-02-16 14:00:00+00:00, run_after=2026-02-17 14:00:00+00:00
[2026-02-17T02:00:49.297+0000] {logging_mixin.py:188} INFO - [2026-02-17T02:00:49.297+0000] {dag.py:3954} INFO - Setting next_dagrun for update_db to 2026-02-15 15:00:00+00:00, run_after=2026-02-16 15:00:00+00:00
[2026-02-17T02:00:49.319+0000] {processor.py:183} INFO - Processing /opt/airflow/dags/main.py took 0.222 seconds
[2026-02-17T02:01:19.563+0000] {processor.py:161} INFO - Started process (PID=345) to work on /opt/airflow/dags/main.py
[2026-02-17T02:01:19.565+0000] {processor.py:830} INFO - Processing file /opt/airflow/dags/main.py for tasks to queue
[2026-02-17T02:01:19.567+0000] {logging_mixin.py:188} INFO - [2026-02-17T02:01:19.567+0000] {dagbag.py:545} INFO - Filling up the DagBag from /opt/airflow/dags/main.py
[2026-02-17T02:01:19.645+0000] {processor.py:840} INFO - DAG(s) 'produce_json', 'update_db' retrieved from /opt/airflow/dags/main.py
[2026-02-17T02:01:19.674+0000] {logging_mixin.py:188} INFO - [2026-02-17T02:01:19.673+0000] {dag.py:3096} INFO - Sync 2 DAGs
[2026-02-17T02:01:19.696+0000] {logging_mixin.py:188} INFO - [2026-02-17T02:01:19.695+0000] {dag.py:3954} INFO - Setting next_dagrun for produce_json to 2026-02-16 14:00:00+00:00, run_after=2026-02-17 14:00:00+00:00
[2026-02-17T02:01:19.701+0000] {logging_mixin.py:188} INFO - [2026-02-17T02:01:19.701+0000] {dag.py:3954} INFO - Setting next_dagrun for update_db to 2026-02-15 15:00:00+00:00, run_after=2026-02-16 15:00:00+00:00
[2026-02-17T02:01:19.724+0000] {processor.py:183} INFO - Processing /opt/airflow/dags/main.py took 0.170 seconds
[2026-02-17T02:01:49.836+0000] {processor.py:161} INFO - Started process (PID=352) to work on /opt/airflow/dags/main.py
[2026-02-17T02:01:49.837+0000] {processor.py:830} INFO - Processing file /opt/airflow/dags/main.py for tasks to queue
[2026-02-17T02:01:49.839+0000] {logging_mixin.py:188} INFO - [2026-02-17T02:01:49.839+0000] {dagbag.py:545} INFO - Filling up the DagBag from /opt/airflow/dags/main.py
[2026-02-17T02:01:49.920+0000] {processor.py:840} INFO - DAG(s) 'produce_json', 'update_db' retrieved from /opt/airflow/dags/main.py
[2026-02-17T02:01:49.958+0000] {logging_mixin.py:188} INFO - [2026-02-17T02:01:49.958+0000] {dag.py:3096} INFO - Sync 2 DAGs
[2026-02-17T02:01:49.990+0000] {logging_mixin.py:188} INFO - [2026-02-17T02:01:49.990+0000] {dag.py:3954} INFO - Setting next_dagrun for produce_json to 2026-02-16 14:00:00+00:00, run_after=2026-02-17 14:00:00+00:00
[2026-02-17T02:01:49.996+0000] {logging_mixin.py:188} INFO - [2026-02-17T02:01:49.996+0000] {dag.py:3954} INFO - Setting next_dagrun for update_db to 2026-02-15 15:00:00+00:00, run_after=2026-02-16 15:00:00+00:00
[2026-02-17T02:01:50.024+0000] {processor.py:183} INFO - Processing /opt/airflow/dags/main.py took 0.195 seconds
[2026-02-17T02:02:20.200+0000] {processor.py:161} INFO - Started process (PID=359) to work on /opt/airflow/dags/main.py
[2026-02-17T02:02:20.201+0000] {processor.py:830} INFO - Processing file /opt/airflow/dags/main.py for tasks to queue
[2026-02-17T02:02:20.203+0000] {logging_mixin.py:188} INFO - [2026-02-17T02:02:20.203+0000] {dagbag.py:545} INFO - Filling up the DagBag from /opt/airflow/dags/main.py
[2026-02-17T02:02:20.272+0000] {processor.py:840} INFO - DAG(s) 'update_db', 'produce_json' retrieved from /opt/airflow/dags/main.py
[2026-02-17T02:02:20.306+0000] {logging_mixin.py:188} INFO - [2026-02-17T02:02:20.305+0000] {dag.py:3096} INFO - Sync 2 DAGs
[2026-02-17T02:02:20.334+0000] {logging_mixin.py:188} INFO - [2026-02-17T02:02:20.334+0000] {dag.py:3954} INFO - Setting next_dagrun for produce_json to 2026-02-16 14:00:00+00:00, run_after=2026-02-17 14:00:00+00:00
[2026-02-17T02:02:20.339+0000] {logging_mixin.py:188} INFO - [2026-02-17T02:02:20.339+0000] {dag.py:3954} INFO - Setting next_dagrun for update_db to 2026-02-15 15:00:00+00:00, run_after=2026-02-16 15:00:00+00:00
[2026-02-17T02:02:20.359+0000] {processor.py:183} INFO - Processing /opt/airflow/dags/main.py took 0.164 seconds
[2026-02-17T02:02:50.476+0000] {processor.py:161} INFO - Started process (PID=366) to work on /opt/airflow/dags/main.py
[2026-02-17T02:02:50.477+0000] {processor.py:830} INFO - Processing file /opt/airflow/dags/main.py for tasks to queue
[2026-02-17T02:02:50.479+0000] {logging_mixin.py:188} INFO - [2026-02-17T02:02:50.479+0000] {dagbag.py:545} INFO - Filling up the DagBag from /opt/airflow/dags/main.py
[2026-02-17T02:02:50.578+0000] {processor.py:840} INFO - DAG(s) 'update_db', 'produce_json' retrieved from /opt/airflow/dags/main.py
[2026-02-17T02:02:50.615+0000] {logging_mixin.py:188} INFO - [2026-02-17T02:02:50.615+0000] {dag.py:3096} INFO - Sync 2 DAGs
[2026-02-17T02:02:50.640+0000] {logging_mixin.py:188} INFO - [2026-02-17T02:02:50.640+0000] {dag.py:3954} INFO - Setting next_dagrun for produce_json to 2026-02-16 14:00:00+00:00, run_after=2026-02-17 14:00:00+00:00
[2026-02-17T02:02:50.646+0000] {logging_mixin.py:188} INFO - [2026-02-17T02:02:50.645+0000] {dag.py:3954} INFO - Setting next_dagrun for update_db to 2026-02-15 15:00:00+00:00, run_after=2026-02-16 15:00:00+00:00
[2026-02-17T02:02:50.678+0000] {processor.py:183} INFO - Processing /opt/airflow/dags/main.py took 0.208 seconds
[2026-02-17T02:03:20.898+0000] {processor.py:161} INFO - Started process (PID=373) to work on /opt/airflow/dags/main.py
[2026-02-17T02:03:20.898+0000] {processor.py:830} INFO - Processing file /opt/airflow/dags/main.py for tasks to queue
[2026-02-17T02:03:20.901+0000] {logging_mixin.py:188} INFO - [2026-02-17T02:03:20.900+0000] {dagbag.py:545} INFO - Filling up the DagBag from /opt/airflow/dags/main.py
[2026-02-17T02:03:20.973+0000] {processor.py:840} INFO - DAG(s) 'produce_json', 'update_db' retrieved from /opt/airflow/dags/main.py
[2026-02-17T02:03:21.006+0000] {logging_mixin.py:188} INFO - [2026-02-17T02:03:21.006+0000] {dag.py:3096} INFO - Sync 2 DAGs
[2026-02-17T02:03:21.027+0000] {logging_mixin.py:188} INFO - [2026-02-17T02:03:21.027+0000] {dag.py:3954} INFO - Setting next_dagrun for produce_json to 2026-02-16 14:00:00+00:00, run_after=2026-02-17 14:00:00+00:00
[2026-02-17T02:03:21.033+0000] {logging_mixin.py:188} INFO - [2026-02-17T02:03:21.033+0000] {dag.py:3954} INFO - Setting next_dagrun for update_db to 2026-02-15 15:00:00+00:00, run_after=2026-02-16 15:00:00+00:00
[2026-02-17T02:03:21.068+0000] {processor.py:183} INFO - Processing /opt/airflow/dags/main.py took 0.176 seconds
[2026-02-17T02:03:51.150+0000] {processor.py:161} INFO - Started process (PID=380) to work on /opt/airflow/dags/main.py
[2026-02-17T02:03:51.151+0000] {processor.py:830} INFO - Processing file /opt/airflow/dags/main.py for tasks to queue
[2026-02-17T02:03:51.153+0000] {logging_mixin.py:188} INFO - [2026-02-17T02:03:51.153+0000] {dagbag.py:545} INFO - Filling up the DagBag from /opt/airflow/dags/main.py
[2026-02-17T02:03:51.229+0000] {processor.py:840} INFO - DAG(s) 'update_db', 'produce_json' retrieved from /opt/airflow/dags/main.py
[2026-02-17T02:03:51.262+0000] {logging_mixin.py:188} INFO - [2026-02-17T02:03:51.262+0000] {dag.py:3096} INFO - Sync 2 DAGs
[2026-02-17T02:03:51.284+0000] {logging_mixin.py:188} INFO - [2026-02-17T02:03:51.284+0000] {dag.py:3954} INFO - Setting next_dagrun for produce_json to 2026-02-16 14:00:00+00:00, run_after=2026-02-17 14:00:00+00:00
[2026-02-17T02:03:51.289+0000] {logging_mixin.py:188} INFO - [2026-02-17T02:03:51.289+0000] {dag.py:3954} INFO - Setting next_dagrun for update_db to 2026-02-15 15:00:00+00:00, run_after=2026-02-16 15:00:00+00:00
[2026-02-17T02:03:51.310+0000] {processor.py:183} INFO - Processing /opt/airflow/dags/main.py took 0.165 seconds
[2026-02-17T02:04:21.556+0000] {processor.py:161} INFO - Started process (PID=387) to work on /opt/airflow/dags/main.py
[2026-02-17T02:04:21.557+0000] {processor.py:830} INFO - Processing file /opt/airflow/dags/main.py for tasks to queue
[2026-02-17T02:04:21.559+0000] {logging_mixin.py:188} INFO - [2026-02-17T02:04:21.558+0000] {dagbag.py:545} INFO - Filling up the DagBag from /opt/airflow/dags/main.py
[2026-02-17T02:04:21.632+0000] {processor.py:840} INFO - DAG(s) 'update_db', 'produce_json' retrieved from /opt/airflow/dags/main.py
[2026-02-17T02:04:21.662+0000] {logging_mixin.py:188} INFO - [2026-02-17T02:04:21.662+0000] {dag.py:3096} INFO - Sync 2 DAGs
[2026-02-17T02:04:21.687+0000] {logging_mixin.py:188} INFO - [2026-02-17T02:04:21.687+0000] {dag.py:3954} INFO - Setting next_dagrun for produce_json to 2026-02-16 14:00:00+00:00, run_after=2026-02-17 14:00:00+00:00
[2026-02-17T02:04:21.692+0000] {logging_mixin.py:188} INFO - [2026-02-17T02:04:21.692+0000] {dag.py:3954} INFO - Setting next_dagrun for update_db to 2026-02-15 15:00:00+00:00, run_after=2026-02-16 15:00:00+00:00
[2026-02-17T02:04:21.714+0000] {processor.py:183} INFO - Processing /opt/airflow/dags/main.py took 0.163 seconds
[2026-02-17T02:04:51.819+0000] {processor.py:161} INFO - Started process (PID=394) to work on /opt/airflow/dags/main.py
[2026-02-17T02:04:51.820+0000] {processor.py:830} INFO - Processing file /opt/airflow/dags/main.py for tasks to queue
[2026-02-17T02:04:51.823+0000] {logging_mixin.py:188} INFO - [2026-02-17T02:04:51.822+0000] {dagbag.py:545} INFO - Filling up the DagBag from /opt/airflow/dags/main.py
[2026-02-17T02:04:51.901+0000] {processor.py:840} INFO - DAG(s) 'update_db', 'produce_json' retrieved from /opt/airflow/dags/main.py
[2026-02-17T02:04:51.943+0000] {logging_mixin.py:188} INFO - [2026-02-17T02:04:51.943+0000] {dag.py:3096} INFO - Sync 2 DAGs
[2026-02-17T02:04:51.970+0000] {logging_mixin.py:188} INFO - [2026-02-17T02:04:51.969+0000] {dag.py:3954} INFO - Setting next_dagrun for produce_json to 2026-02-16 14:00:00+00:00, run_after=2026-02-17 14:00:00+00:00
[2026-02-17T02:04:51.974+0000] {logging_mixin.py:188} INFO - [2026-02-17T02:04:51.974+0000] {dag.py:3954} INFO - Setting next_dagrun for update_db to 2026-02-15 15:00:00+00:00, run_after=2026-02-16 15:00:00+00:00
[2026-02-17T02:04:51.993+0000] {processor.py:183} INFO - Processing /opt/airflow/dags/main.py took 0.179 seconds
[2026-02-17T02:05:22.265+0000] {processor.py:161} INFO - Started process (PID=401) to work on /opt/airflow/dags/main.py
[2026-02-17T02:05:22.266+0000] {processor.py:830} INFO - Processing file /opt/airflow/dags/main.py for tasks to queue
[2026-02-17T02:05:22.268+0000] {logging_mixin.py:188} INFO - [2026-02-17T02:05:22.268+0000] {dagbag.py:545} INFO - Filling up the DagBag from /opt/airflow/dags/main.py
[2026-02-17T02:05:22.339+0000] {processor.py:840} INFO - DAG(s) 'produce_json', 'update_db' retrieved from /opt/airflow/dags/main.py
[2026-02-17T02:05:22.375+0000] {logging_mixin.py:188} INFO - [2026-02-17T02:05:22.375+0000] {dag.py:3096} INFO - Sync 2 DAGs
[2026-02-17T02:05:22.402+0000] {logging_mixin.py:188} INFO - [2026-02-17T02:05:22.402+0000] {dag.py:3954} INFO - Setting next_dagrun for produce_json to 2026-02-16 14:00:00+00:00, run_after=2026-02-17 14:00:00+00:00
[2026-02-17T02:05:22.407+0000] {logging_mixin.py:188} INFO - [2026-02-17T02:05:22.407+0000] {dag.py:3954} INFO - Setting next_dagrun for update_db to 2026-02-15 15:00:00+00:00, run_after=2026-02-16 15:00:00+00:00
[2026-02-17T02:05:22.428+0000] {processor.py:183} INFO - Processing /opt/airflow/dags/main.py took 0.170 seconds
[2026-02-17T02:05:52.509+0000] {processor.py:161} INFO - Started process (PID=408) to work on /opt/airflow/dags/main.py
[2026-02-17T02:05:52.510+0000] {processor.py:830} INFO - Processing file /opt/airflow/dags/main.py for tasks to queue
[2026-02-17T02:05:52.512+0000] {logging_mixin.py:188} INFO - [2026-02-17T02:05:52.512+0000] {dagbag.py:545} INFO - Filling up the DagBag from /opt/airflow/dags/main.py
[2026-02-17T02:05:52.589+0000] {processor.py:840} INFO - DAG(s) 'produce_json', 'update_db' retrieved from /opt/airflow/dags/main.py
[2026-02-17T02:05:52.622+0000] {logging_mixin.py:188} INFO - [2026-02-17T02:05:52.622+0000] {dag.py:3096} INFO - Sync 2 DAGs
[2026-02-17T02:05:52.646+0000] {logging_mixin.py:188} INFO - [2026-02-17T02:05:52.646+0000] {dag.py:3954} INFO - Setting next_dagrun for produce_json to 2026-02-16 14:00:00+00:00, run_after=2026-02-17 14:00:00+00:00
[2026-02-17T02:05:52.652+0000] {logging_mixin.py:188} INFO - [2026-02-17T02:05:52.652+0000] {dag.py:3954} INFO - Setting next_dagrun for update_db to 2026-02-15 15:00:00+00:00, run_after=2026-02-16 15:00:00+00:00
[2026-02-17T02:05:52.679+0000] {processor.py:183} INFO - Processing /opt/airflow/dags/main.py took 0.176 seconds
[2026-02-17T02:06:22.872+0000] {processor.py:161} INFO - Started process (PID=415) to work on /opt/airflow/dags/main.py
[2026-02-17T02:06:22.872+0000] {processor.py:830} INFO - Processing file /opt/airflow/dags/main.py for tasks to queue
[2026-02-17T02:06:22.874+0000] {logging_mixin.py:188} INFO - [2026-02-17T02:06:22.874+0000] {dagbag.py:545} INFO - Filling up the DagBag from /opt/airflow/dags/main.py
[2026-02-17T02:06:22.950+0000] {processor.py:840} INFO - DAG(s) 'produce_json', 'update_db' retrieved from /opt/airflow/dags/main.py
[2026-02-17T02:06:22.994+0000] {logging_mixin.py:188} INFO - [2026-02-17T02:06:22.994+0000] {dag.py:3096} INFO - Sync 2 DAGs
[2026-02-17T02:06:23.024+0000] {logging_mixin.py:188} INFO - [2026-02-17T02:06:23.024+0000] {dag.py:3954} INFO - Setting next_dagrun for produce_json to 2026-02-16 14:00:00+00:00, run_after=2026-02-17 14:00:00+00:00
[2026-02-17T02:06:23.030+0000] {logging_mixin.py:188} INFO - [2026-02-17T02:06:23.030+0000] {dag.py:3954} INFO - Setting next_dagrun for update_db to 2026-02-15 15:00:00+00:00, run_after=2026-02-16 15:00:00+00:00
[2026-02-17T02:06:23.048+0000] {processor.py:183} INFO - Processing /opt/airflow/dags/main.py took 0.182 seconds
[2026-02-17T02:06:53.231+0000] {processor.py:161} INFO - Started process (PID=422) to work on /opt/airflow/dags/main.py
[2026-02-17T02:06:53.232+0000] {processor.py:830} INFO - Processing file /opt/airflow/dags/main.py for tasks to queue
[2026-02-17T02:06:53.235+0000] {logging_mixin.py:188} INFO - [2026-02-17T02:06:53.234+0000] {dagbag.py:545} INFO - Filling up the DagBag from /opt/airflow/dags/main.py
[2026-02-17T02:06:53.303+0000] {processor.py:840} INFO - DAG(s) 'produce_json', 'update_db' retrieved from /opt/airflow/dags/main.py
[2026-02-17T02:06:53.335+0000] {logging_mixin.py:188} INFO - [2026-02-17T02:06:53.335+0000] {dag.py:3096} INFO - Sync 2 DAGs
[2026-02-17T02:06:53.358+0000] {logging_mixin.py:188} INFO - [2026-02-17T02:06:53.358+0000] {dag.py:3954} INFO - Setting next_dagrun for produce_json to 2026-02-16 14:00:00+00:00, run_after=2026-02-17 14:00:00+00:00
[2026-02-17T02:06:53.363+0000] {logging_mixin.py:188} INFO - [2026-02-17T02:06:53.362+0000] {dag.py:3954} INFO - Setting next_dagrun for update_db to 2026-02-15 15:00:00+00:00, run_after=2026-02-16 15:00:00+00:00
[2026-02-17T02:06:53.394+0000] {processor.py:183} INFO - Processing /opt/airflow/dags/main.py took 0.168 seconds
[2026-02-17T02:07:23.545+0000] {processor.py:161} INFO - Started process (PID=429) to work on /opt/airflow/dags/main.py
[2026-02-17T02:07:23.546+0000] {processor.py:830} INFO - Processing file /opt/airflow/dags/main.py for tasks to queue
[2026-02-17T02:07:23.548+0000] {logging_mixin.py:188} INFO - [2026-02-17T02:07:23.548+0000] {dagbag.py:545} INFO - Filling up the DagBag from /opt/airflow/dags/main.py
[2026-02-17T02:07:23.621+0000] {processor.py:840} INFO - DAG(s) 'update_db', 'produce_json' retrieved from /opt/airflow/dags/main.py
[2026-02-17T02:07:23.653+0000] {logging_mixin.py:188} INFO - [2026-02-17T02:07:23.652+0000] {dag.py:3096} INFO - Sync 2 DAGs
[2026-02-17T02:07:23.675+0000] {logging_mixin.py:188} INFO - [2026-02-17T02:07:23.675+0000] {dag.py:3954} INFO - Setting next_dagrun for produce_json to 2026-02-16 14:00:00+00:00, run_after=2026-02-17 14:00:00+00:00
[2026-02-17T02:07:23.681+0000] {logging_mixin.py:188} INFO - [2026-02-17T02:07:23.681+0000] {dag.py:3954} INFO - Setting next_dagrun for update_db to 2026-02-15 15:00:00+00:00, run_after=2026-02-16 15:00:00+00:00
[2026-02-17T02:07:23.705+0000] {processor.py:183} INFO - Processing /opt/airflow/dags/main.py took 0.166 seconds
[2026-02-17T02:07:53.890+0000] {processor.py:161} INFO - Started process (PID=436) to work on /opt/airflow/dags/main.py
[2026-02-17T02:07:53.891+0000] {processor.py:830} INFO - Processing file /opt/airflow/dags/main.py for tasks to queue
[2026-02-17T02:07:53.893+0000] {logging_mixin.py:188} INFO - [2026-02-17T02:07:53.893+0000] {dagbag.py:545} INFO - Filling up the DagBag from /opt/airflow/dags/main.py
[2026-02-17T02:07:53.962+0000] {processor.py:840} INFO - DAG(s) 'update_db', 'produce_json' retrieved from /opt/airflow/dags/main.py
[2026-02-17T02:07:53.994+0000] {logging_mixin.py:188} INFO - [2026-02-17T02:07:53.994+0000] {dag.py:3096} INFO - Sync 2 DAGs
[2026-02-17T02:07:54.020+0000] {logging_mixin.py:188} INFO - [2026-02-17T02:07:54.020+0000] {dag.py:3954} INFO - Setting next_dagrun for produce_json to 2026-02-16 14:00:00+00:00, run_after=2026-02-17 14:00:00+00:00
[2026-02-17T02:07:54.025+0000] {logging_mixin.py:188} INFO - [2026-02-17T02:07:54.025+0000] {dag.py:3954} INFO - Setting next_dagrun for update_db to 2026-02-15 15:00:00+00:00, run_after=2026-02-16 15:00:00+00:00
[2026-02-17T02:07:54.059+0000] {processor.py:183} INFO - Processing /opt/airflow/dags/main.py took 0.175 seconds
[2026-02-17T02:08:24.178+0000] {processor.py:161} INFO - Started process (PID=443) to work on /opt/airflow/dags/main.py
[2026-02-17T02:08:24.179+0000] {processor.py:830} INFO - Processing file /opt/airflow/dags/main.py for tasks to queue
[2026-02-17T02:08:24.182+0000] {logging_mixin.py:188} INFO - [2026-02-17T02:08:24.181+0000] {dagbag.py:545} INFO - Filling up the DagBag from /opt/airflow/dags/main.py
[2026-02-17T02:08:24.261+0000] {processor.py:840} INFO - DAG(s) 'update_db', 'produce_json' retrieved from /opt/airflow/dags/main.py
[2026-02-17T02:08:24.298+0000] {logging_mixin.py:188} INFO - [2026-02-17T02:08:24.298+0000] {dag.py:3096} INFO - Sync 2 DAGs
[2026-02-17T02:08:24.323+0000] {logging_mixin.py:188} INFO - [2026-02-17T02:08:24.323+0000] {dag.py:3954} INFO - Setting next_dagrun for produce_json to 2026-02-16 14:00:00+00:00, run_after=2026-02-17 14:00:00+00:00
[2026-02-17T02:08:24.328+0000] {logging_mixin.py:188} INFO - [2026-02-17T02:08:24.328+0000] {dag.py:3954} INFO - Setting next_dagrun for update_db to 2026-02-15 15:00:00+00:00, run_after=2026-02-16 15:00:00+00:00
[2026-02-17T02:08:24.350+0000] {processor.py:183} INFO - Processing /opt/airflow/dags/main.py took 0.178 seconds
[2026-02-17T02:08:54.472+0000] {processor.py:161} INFO - Started process (PID=450) to work on /opt/airflow/dags/main.py
[2026-02-17T02:08:54.473+0000] {processor.py:830} INFO - Processing file /opt/airflow/dags/main.py for tasks to queue
[2026-02-17T02:08:54.476+0000] {logging_mixin.py:188} INFO - [2026-02-17T02:08:54.476+0000] {dagbag.py:545} INFO - Filling up the DagBag from /opt/airflow/dags/main.py
[2026-02-17T02:08:54.552+0000] {processor.py:840} INFO - DAG(s) 'update_db', 'produce_json' retrieved from /opt/airflow/dags/main.py
[2026-02-17T02:08:54.584+0000] {logging_mixin.py:188} INFO - [2026-02-17T02:08:54.584+0000] {dag.py:3096} INFO - Sync 2 DAGs
[2026-02-17T02:08:54.609+0000] {logging_mixin.py:188} INFO - [2026-02-17T02:08:54.608+0000] {dag.py:3954} INFO - Setting next_dagrun for produce_json to 2026-02-16 14:00:00+00:00, run_after=2026-02-17 14:00:00+00:00
[2026-02-17T02:08:54.614+0000] {logging_mixin.py:188} INFO - [2026-02-17T02:08:54.613+0000] {dag.py:3954} INFO - Setting next_dagrun for update_db to 2026-02-15 15:00:00+00:00, run_after=2026-02-16 15:00:00+00:00
[2026-02-17T02:08:54.637+0000] {processor.py:183} INFO - Processing /opt/airflow/dags/main.py took 0.170 seconds
[2026-02-17T02:09:24.846+0000] {processor.py:161} INFO - Started process (PID=457) to work on /opt/airflow/dags/main.py
[2026-02-17T02:09:24.847+0000] {processor.py:830} INFO - Processing file /opt/airflow/dags/main.py for tasks to queue
[2026-02-17T02:09:24.851+0000] {logging_mixin.py:188} INFO - [2026-02-17T02:09:24.850+0000] {dagbag.py:545} INFO - Filling up the DagBag from /opt/airflow/dags/main.py
[2026-02-17T02:09:24.934+0000] {processor.py:840} INFO - DAG(s) 'update_db', 'produce_json' retrieved from /opt/airflow/dags/main.py
[2026-02-17T02:09:24.968+0000] {logging_mixin.py:188} INFO - [2026-02-17T02:09:24.968+0000] {dag.py:3096} INFO - Sync 2 DAGs
[2026-02-17T02:09:24.999+0000] {logging_mixin.py:188} INFO - [2026-02-17T02:09:24.999+0000] {dag.py:3954} INFO - Setting next_dagrun for produce_json to 2026-02-16 14:00:00+00:00, run_after=2026-02-17 14:00:00+00:00
[2026-02-17T02:09:25.005+0000] {logging_mixin.py:188} INFO - [2026-02-17T02:09:25.005+0000] {dag.py:3954} INFO - Setting next_dagrun for update_db to 2026-02-15 15:00:00+00:00, run_after=2026-02-16 15:00:00+00:00
[2026-02-17T02:09:25.030+0000] {processor.py:183} INFO - Processing /opt/airflow/dags/main.py took 0.190 seconds
[2026-02-17T02:09:55.141+0000] {processor.py:161} INFO - Started process (PID=464) to work on /opt/airflow/dags/main.py
[2026-02-17T02:09:55.142+0000] {processor.py:830} INFO - Processing file /opt/airflow/dags/main.py for tasks to queue
[2026-02-17T02:09:55.144+0000] {logging_mixin.py:188} INFO - [2026-02-17T02:09:55.144+0000] {dagbag.py:545} INFO - Filling up the DagBag from /opt/airflow/dags/main.py
[2026-02-17T02:09:55.212+0000] {processor.py:840} INFO - DAG(s) 'update_db', 'produce_json' retrieved from /opt/airflow/dags/main.py
[2026-02-17T02:09:55.242+0000] {logging_mixin.py:188} INFO - [2026-02-17T02:09:55.242+0000] {dag.py:3096} INFO - Sync 2 DAGs
[2026-02-17T02:09:55.262+0000] {logging_mixin.py:188} INFO - [2026-02-17T02:09:55.262+0000] {dag.py:3954} INFO - Setting next_dagrun for produce_json to 2026-02-16 14:00:00+00:00, run_after=2026-02-17 14:00:00+00:00
[2026-02-17T02:09:55.270+0000] {logging_mixin.py:188} INFO - [2026-02-17T02:09:55.270+0000] {dag.py:3954} INFO - Setting next_dagrun for update_db to 2026-02-15 15:00:00+00:00, run_after=2026-02-16 15:00:00+00:00
[2026-02-17T02:09:55.301+0000] {processor.py:183} INFO - Processing /opt/airflow/dags/main.py took 0.166 seconds
[2026-02-17T02:10:25.614+0000] {processor.py:161} INFO - Started process (PID=471) to work on /opt/airflow/dags/main.py
[2026-02-17T02:10:25.615+0000] {processor.py:830} INFO - Processing file /opt/airflow/dags/main.py for tasks to queue
[2026-02-17T02:10:25.617+0000] {logging_mixin.py:188} INFO - [2026-02-17T02:10:25.616+0000] {dagbag.py:545} INFO - Filling up the DagBag from /opt/airflow/dags/main.py
[2026-02-17T02:10:25.691+0000] {processor.py:840} INFO - DAG(s) 'update_db', 'produce_json' retrieved from /opt/airflow/dags/main.py
[2026-02-17T02:10:25.722+0000] {logging_mixin.py:188} INFO - [2026-02-17T02:10:25.722+0000] {dag.py:3096} INFO - Sync 2 DAGs
[2026-02-17T02:10:25.744+0000] {logging_mixin.py:188} INFO - [2026-02-17T02:10:25.744+0000] {dag.py:3954} INFO - Setting next_dagrun for produce_json to 2026-02-16 14:00:00+00:00, run_after=2026-02-17 14:00:00+00:00
[2026-02-17T02:10:25.750+0000] {logging_mixin.py:188} INFO - [2026-02-17T02:10:25.750+0000] {dag.py:3954} INFO - Setting next_dagrun for update_db to 2026-02-15 15:00:00+00:00, run_after=2026-02-16 15:00:00+00:00
[2026-02-17T02:10:25.771+0000] {processor.py:183} INFO - Processing /opt/airflow/dags/main.py took 0.163 seconds
[2026-02-17T02:10:55.823+0000] {processor.py:161} INFO - Started process (PID=478) to work on /opt/airflow/dags/main.py
[2026-02-17T02:10:55.824+0000] {processor.py:830} INFO - Processing file /opt/airflow/dags/main.py for tasks to queue
[2026-02-17T02:10:55.826+0000] {logging_mixin.py:188} INFO - [2026-02-17T02:10:55.826+0000] {dagbag.py:545} INFO - Filling up the DagBag from /opt/airflow/dags/main.py
[2026-02-17T02:10:55.913+0000] {processor.py:840} INFO - DAG(s) 'produce_json', 'update_db' retrieved from /opt/airflow/dags/main.py
[2026-02-17T02:10:55.946+0000] {logging_mixin.py:188} INFO - [2026-02-17T02:10:55.946+0000] {dag.py:3096} INFO - Sync 2 DAGs
[2026-02-17T02:10:55.968+0000] {logging_mixin.py:188} INFO - [2026-02-17T02:10:55.968+0000] {dag.py:3954} INFO - Setting next_dagrun for produce_json to 2026-02-16 14:00:00+00:00, run_after=2026-02-17 14:00:00+00:00
[2026-02-17T02:10:55.973+0000] {logging_mixin.py:188} INFO - [2026-02-17T02:10:55.973+0000] {dag.py:3954} INFO - Setting next_dagrun for update_db to 2026-02-15 15:00:00+00:00, run_after=2026-02-16 15:00:00+00:00
[2026-02-17T02:10:55.991+0000] {processor.py:183} INFO - Processing /opt/airflow/dags/main.py took 0.173 seconds
[2026-02-17T02:11:26.061+0000] {processor.py:161} INFO - Started process (PID=485) to work on /opt/airflow/dags/main.py
[2026-02-17T02:11:26.062+0000] {processor.py:830} INFO - Processing file /opt/airflow/dags/main.py for tasks to queue
[2026-02-17T02:11:26.064+0000] {logging_mixin.py:188} INFO - [2026-02-17T02:11:26.064+0000] {dagbag.py:545} INFO - Filling up the DagBag from /opt/airflow/dags/main.py
[2026-02-17T02:11:26.134+0000] {processor.py:840} INFO - DAG(s) 'produce_json', 'update_db' retrieved from /opt/airflow/dags/main.py
[2026-02-17T02:11:26.166+0000] {logging_mixin.py:188} INFO - [2026-02-17T02:11:26.165+0000] {dag.py:3096} INFO - Sync 2 DAGs
[2026-02-17T02:11:26.185+0000] {logging_mixin.py:188} INFO - [2026-02-17T02:11:26.185+0000] {dag.py:3954} INFO - Setting next_dagrun for produce_json to 2026-02-16 14:00:00+00:00, run_after=2026-02-17 14:00:00+00:00
[2026-02-17T02:11:26.190+0000] {logging_mixin.py:188} INFO - [2026-02-17T02:11:26.190+0000] {dag.py:3954} INFO - Setting next_dagrun for update_db to 2026-02-15 15:00:00+00:00, run_after=2026-02-16 15:00:00+00:00
[2026-02-17T02:11:26.225+0000] {processor.py:183} INFO - Processing /opt/airflow/dags/main.py took 0.168 seconds
[2026-02-17T02:11:56.454+0000] {processor.py:161} INFO - Started process (PID=492) to work on /opt/airflow/dags/main.py
[2026-02-17T02:11:56.455+0000] {processor.py:830} INFO - Processing file /opt/airflow/dags/main.py for tasks to queue
[2026-02-17T02:11:56.457+0000] {logging_mixin.py:188} INFO - [2026-02-17T02:11:56.456+0000] {dagbag.py:545} INFO - Filling up the DagBag from /opt/airflow/dags/main.py
[2026-02-17T02:11:56.526+0000] {processor.py:840} INFO - DAG(s) 'produce_json', 'update_db' retrieved from /opt/airflow/dags/main.py
[2026-02-17T02:11:56.558+0000] {logging_mixin.py:188} INFO - [2026-02-17T02:11:56.557+0000] {dag.py:3096} INFO - Sync 2 DAGs
[2026-02-17T02:11:56.578+0000] {logging_mixin.py:188} INFO - [2026-02-17T02:11:56.578+0000] {dag.py:3954} INFO - Setting next_dagrun for produce_json to 2026-02-16 14:00:00+00:00, run_after=2026-02-17 14:00:00+00:00
[2026-02-17T02:11:56.586+0000] {logging_mixin.py:188} INFO - [2026-02-17T02:11:56.585+0000] {dag.py:3954} INFO - Setting next_dagrun for update_db to 2026-02-15 15:00:00+00:00, run_after=2026-02-16 15:00:00+00:00
[2026-02-17T02:11:56.608+0000] {processor.py:183} INFO - Processing /opt/airflow/dags/main.py took 0.160 seconds
[2026-02-17T02:12:26.690+0000] {processor.py:161} INFO - Started process (PID=499) to work on /opt/airflow/dags/main.py
[2026-02-17T02:12:26.691+0000] {processor.py:830} INFO - Processing file /opt/airflow/dags/main.py for tasks to queue
[2026-02-17T02:12:26.693+0000] {logging_mixin.py:188} INFO - [2026-02-17T02:12:26.693+0000] {dagbag.py:545} INFO - Filling up the DagBag from /opt/airflow/dags/main.py
[2026-02-17T02:12:26.768+0000] {processor.py:840} INFO - DAG(s) 'update_db', 'produce_json' retrieved from /opt/airflow/dags/main.py
[2026-02-17T02:12:26.806+0000] {logging_mixin.py:188} INFO - [2026-02-17T02:12:26.806+0000] {dag.py:3096} INFO - Sync 2 DAGs
[2026-02-17T02:12:26.832+0000] {logging_mixin.py:188} INFO - [2026-02-17T02:12:26.831+0000] {dag.py:3954} INFO - Setting next_dagrun for produce_json to 2026-02-16 14:00:00+00:00, run_after=2026-02-17 14:00:00+00:00
[2026-02-17T02:12:26.837+0000] {logging_mixin.py:188} INFO - [2026-02-17T02:12:26.837+0000] {dag.py:3954} INFO - Setting next_dagrun for update_db to 2026-02-15 15:00:00+00:00, run_after=2026-02-16 15:00:00+00:00
[2026-02-17T02:12:26.854+0000] {processor.py:183} INFO - Processing /opt/airflow/dags/main.py took 0.169 seconds
[2026-02-17T02:12:56.916+0000] {processor.py:161} INFO - Started process (PID=506) to work on /opt/airflow/dags/main.py
[2026-02-17T02:12:56.917+0000] {processor.py:830} INFO - Processing file /opt/airflow/dags/main.py for tasks to queue
[2026-02-17T02:12:56.919+0000] {logging_mixin.py:188} INFO - [2026-02-17T02:12:56.919+0000] {dagbag.py:545} INFO - Filling up the DagBag from /opt/airflow/dags/main.py
[2026-02-17T02:12:56.988+0000] {processor.py:840} INFO - DAG(s) 'update_db', 'produce_json' retrieved from /opt/airflow/dags/main.py
[2026-02-17T02:12:57.020+0000] {logging_mixin.py:188} INFO - [2026-02-17T02:12:57.019+0000] {dag.py:3096} INFO - Sync 2 DAGs
[2026-02-17T02:12:57.048+0000] {logging_mixin.py:188} INFO - [2026-02-17T02:12:57.048+0000] {dag.py:3954} INFO - Setting next_dagrun for produce_json to 2026-02-16 14:00:00+00:00, run_after=2026-02-17 14:00:00+00:00
[2026-02-17T02:12:57.053+0000] {logging_mixin.py:188} INFO - [2026-02-17T02:12:57.053+0000] {dag.py:3954} INFO - Setting next_dagrun for update_db to 2026-02-15 15:00:00+00:00, run_after=2026-02-16 15:00:00+00:00
[2026-02-17T02:12:57.071+0000] {processor.py:183} INFO - Processing /opt/airflow/dags/main.py took 0.160 seconds
[2026-02-17T02:13:27.336+0000] {processor.py:161} INFO - Started process (PID=513) to work on /opt/airflow/dags/main.py
[2026-02-17T02:13:27.337+0000] {processor.py:830} INFO - Processing file /opt/airflow/dags/main.py for tasks to queue
[2026-02-17T02:13:27.339+0000] {logging_mixin.py:188} INFO - [2026-02-17T02:13:27.338+0000] {dagbag.py:545} INFO - Filling up the DagBag from /opt/airflow/dags/main.py
[2026-02-17T02:13:27.421+0000] {processor.py:840} INFO - DAG(s) 'update_db', 'produce_json' retrieved from /opt/airflow/dags/main.py
[2026-02-17T02:13:27.450+0000] {logging_mixin.py:188} INFO - [2026-02-17T02:13:27.449+0000] {dag.py:3096} INFO - Sync 2 DAGs
[2026-02-17T02:13:27.471+0000] {logging_mixin.py:188} INFO - [2026-02-17T02:13:27.471+0000] {dag.py:3954} INFO - Setting next_dagrun for produce_json to 2026-02-16 14:00:00+00:00, run_after=2026-02-17 14:00:00+00:00
[2026-02-17T02:13:27.477+0000] {logging_mixin.py:188} INFO - [2026-02-17T02:13:27.477+0000] {dag.py:3954} INFO - Setting next_dagrun for update_db to 2026-02-15 15:00:00+00:00, run_after=2026-02-16 15:00:00+00:00
[2026-02-17T02:13:27.498+0000] {processor.py:183} INFO - Processing /opt/airflow/dags/main.py took 0.167 seconds
[2026-02-17T02:13:57.577+0000] {processor.py:161} INFO - Started process (PID=520) to work on /opt/airflow/dags/main.py
[2026-02-17T02:13:57.578+0000] {processor.py:830} INFO - Processing file /opt/airflow/dags/main.py for tasks to queue
[2026-02-17T02:13:57.581+0000] {logging_mixin.py:188} INFO - [2026-02-17T02:13:57.580+0000] {dagbag.py:545} INFO - Filling up the DagBag from /opt/airflow/dags/main.py
[2026-02-17T02:13:57.659+0000] {processor.py:840} INFO - DAG(s) 'produce_json', 'update_db' retrieved from /opt/airflow/dags/main.py
[2026-02-17T02:13:57.689+0000] {logging_mixin.py:188} INFO - [2026-02-17T02:13:57.689+0000] {dag.py:3096} INFO - Sync 2 DAGs
[2026-02-17T02:13:57.711+0000] {logging_mixin.py:188} INFO - [2026-02-17T02:13:57.711+0000] {dag.py:3954} INFO - Setting next_dagrun for produce_json to 2026-02-16 14:00:00+00:00, run_after=2026-02-17 14:00:00+00:00
[2026-02-17T02:13:57.717+0000] {logging_mixin.py:188} INFO - [2026-02-17T02:13:57.716+0000] {dag.py:3954} INFO - Setting next_dagrun for update_db to 2026-02-15 15:00:00+00:00, run_after=2026-02-16 15:00:00+00:00
[2026-02-17T02:13:57.737+0000] {processor.py:183} INFO - Processing /opt/airflow/dags/main.py took 0.165 seconds
[2026-02-17T02:14:27.962+0000] {processor.py:161} INFO - Started process (PID=527) to work on /opt/airflow/dags/main.py
[2026-02-17T02:14:27.963+0000] {processor.py:830} INFO - Processing file /opt/airflow/dags/main.py for tasks to queue
[2026-02-17T02:14:27.965+0000] {logging_mixin.py:188} INFO - [2026-02-17T02:14:27.965+0000] {dagbag.py:545} INFO - Filling up the DagBag from /opt/airflow/dags/main.py
[2026-02-17T02:14:28.036+0000] {processor.py:840} INFO - DAG(s) 'update_db', 'produce_json' retrieved from /opt/airflow/dags/main.py
[2026-02-17T02:14:28.065+0000] {logging_mixin.py:188} INFO - [2026-02-17T02:14:28.065+0000] {dag.py:3096} INFO - Sync 2 DAGs
[2026-02-17T02:14:28.084+0000] {logging_mixin.py:188} INFO - [2026-02-17T02:14:28.084+0000] {dag.py:3954} INFO - Setting next_dagrun for produce_json to 2026-02-16 14:00:00+00:00, run_after=2026-02-17 14:00:00+00:00
[2026-02-17T02:14:28.091+0000] {logging_mixin.py:188} INFO - [2026-02-17T02:14:28.090+0000] {dag.py:3954} INFO - Setting next_dagrun for update_db to 2026-02-15 15:00:00+00:00, run_after=2026-02-16 15:00:00+00:00
[2026-02-17T02:14:28.110+0000] {processor.py:183} INFO - Processing /opt/airflow/dags/main.py took 0.152 seconds
[2026-02-17T02:14:58.211+0000] {processor.py:161} INFO - Started process (PID=534) to work on /opt/airflow/dags/main.py
[2026-02-17T02:14:58.212+0000] {processor.py:830} INFO - Processing file /opt/airflow/dags/main.py for tasks to queue
[2026-02-17T02:14:58.215+0000] {logging_mixin.py:188} INFO - [2026-02-17T02:14:58.214+0000] {dagbag.py:545} INFO - Filling up the DagBag from /opt/airflow/dags/main.py
[2026-02-17T02:14:58.299+0000] {processor.py:840} INFO - DAG(s) 'produce_json', 'update_db' retrieved from /opt/airflow/dags/main.py
[2026-02-17T02:14:58.331+0000] {logging_mixin.py:188} INFO - [2026-02-17T02:14:58.331+0000] {dag.py:3096} INFO - Sync 2 DAGs
[2026-02-17T02:14:58.352+0000] {logging_mixin.py:188} INFO - [2026-02-17T02:14:58.352+0000] {dag.py:3954} INFO - Setting next_dagrun for produce_json to 2026-02-16 14:00:00+00:00, run_after=2026-02-17 14:00:00+00:00
[2026-02-17T02:14:58.357+0000] {logging_mixin.py:188} INFO - [2026-02-17T02:14:58.357+0000] {dag.py:3954} INFO - Setting next_dagrun for update_db to 2026-02-15 15:00:00+00:00, run_after=2026-02-16 15:00:00+00:00
[2026-02-17T02:14:58.377+0000] {processor.py:183} INFO - Processing /opt/airflow/dags/main.py took 0.172 seconds
[2026-02-17T02:15:28.743+0000] {processor.py:161} INFO - Started process (PID=541) to work on /opt/airflow/dags/main.py
[2026-02-17T02:15:28.744+0000] {processor.py:830} INFO - Processing file /opt/airflow/dags/main.py for tasks to queue
[2026-02-17T02:15:28.745+0000] {logging_mixin.py:188} INFO - [2026-02-17T02:15:28.745+0000] {dagbag.py:545} INFO - Filling up the DagBag from /opt/airflow/dags/main.py
[2026-02-17T02:15:28.817+0000] {processor.py:840} INFO - DAG(s) 'produce_json', 'update_db' retrieved from /opt/airflow/dags/main.py
[2026-02-17T02:15:28.849+0000] {logging_mixin.py:188} INFO - [2026-02-17T02:15:28.849+0000] {dag.py:3096} INFO - Sync 2 DAGs
[2026-02-17T02:15:28.872+0000] {logging_mixin.py:188} INFO - [2026-02-17T02:15:28.871+0000] {dag.py:3954} INFO - Setting next_dagrun for produce_json to 2026-02-16 14:00:00+00:00, run_after=2026-02-17 14:00:00+00:00
[2026-02-17T02:15:28.877+0000] {logging_mixin.py:188} INFO - [2026-02-17T02:15:28.877+0000] {dag.py:3954} INFO - Setting next_dagrun for update_db to 2026-02-15 15:00:00+00:00, run_after=2026-02-16 15:00:00+00:00
[2026-02-17T02:15:28.898+0000] {processor.py:183} INFO - Processing /opt/airflow/dags/main.py took 0.160 seconds
[2026-02-17T02:15:59.011+0000] {processor.py:161} INFO - Started process (PID=548) to work on /opt/airflow/dags/main.py
[2026-02-17T02:15:59.011+0000] {processor.py:830} INFO - Processing file /opt/airflow/dags/main.py for tasks to queue
[2026-02-17T02:15:59.013+0000] {logging_mixin.py:188} INFO - [2026-02-17T02:15:59.013+0000] {dagbag.py:545} INFO - Filling up the DagBag from /opt/airflow/dags/main.py
[2026-02-17T02:15:59.084+0000] {processor.py:840} INFO - DAG(s) 'produce_json', 'update_db' retrieved from /opt/airflow/dags/main.py
[2026-02-17T02:15:59.115+0000] {logging_mixin.py:188} INFO - [2026-02-17T02:15:59.115+0000] {dag.py:3096} INFO - Sync 2 DAGs
[2026-02-17T02:15:59.136+0000] {logging_mixin.py:188} INFO - [2026-02-17T02:15:59.136+0000] {dag.py:3954} INFO - Setting next_dagrun for produce_json to 2026-02-16 14:00:00+00:00, run_after=2026-02-17 14:00:00+00:00
[2026-02-17T02:15:59.140+0000] {logging_mixin.py:188} INFO - [2026-02-17T02:15:59.140+0000] {dag.py:3954} INFO - Setting next_dagrun for update_db to 2026-02-15 15:00:00+00:00, run_after=2026-02-16 15:00:00+00:00
[2026-02-17T02:15:59.172+0000] {processor.py:183} INFO - Processing /opt/airflow/dags/main.py took 0.166 seconds
[2026-02-17T02:16:29.387+0000] {processor.py:161} INFO - Started process (PID=555) to work on /opt/airflow/dags/main.py
[2026-02-17T02:16:29.388+0000] {processor.py:830} INFO - Processing file /opt/airflow/dags/main.py for tasks to queue
[2026-02-17T02:16:29.390+0000] {logging_mixin.py:188} INFO - [2026-02-17T02:16:29.389+0000] {dagbag.py:545} INFO - Filling up the DagBag from /opt/airflow/dags/main.py
[2026-02-17T02:16:29.470+0000] {processor.py:840} INFO - DAG(s) 'update_db', 'produce_json' retrieved from /opt/airflow/dags/main.py
[2026-02-17T02:16:29.503+0000] {logging_mixin.py:188} INFO - [2026-02-17T02:16:29.503+0000] {dag.py:3096} INFO - Sync 2 DAGs
[2026-02-17T02:16:29.526+0000] {logging_mixin.py:188} INFO - [2026-02-17T02:16:29.525+0000] {dag.py:3954} INFO - Setting next_dagrun for produce_json to 2026-02-16 14:00:00+00:00, run_after=2026-02-17 14:00:00+00:00
[2026-02-17T02:16:29.532+0000] {logging_mixin.py:188} INFO - [2026-02-17T02:16:29.532+0000] {dag.py:3954} INFO - Setting next_dagrun for update_db to 2026-02-15 15:00:00+00:00, run_after=2026-02-16 15:00:00+00:00
[2026-02-17T02:16:29.565+0000] {processor.py:183} INFO - Processing /opt/airflow/dags/main.py took 0.184 seconds
[2026-02-17T02:16:59.612+0000] {processor.py:161} INFO - Started process (PID=562) to work on /opt/airflow/dags/main.py
[2026-02-17T02:16:59.613+0000] {processor.py:830} INFO - Processing file /opt/airflow/dags/main.py for tasks to queue
[2026-02-17T02:16:59.616+0000] {logging_mixin.py:188} INFO - [2026-02-17T02:16:59.615+0000] {dagbag.py:545} INFO - Filling up the DagBag from /opt/airflow/dags/main.py
[2026-02-17T02:16:59.686+0000] {processor.py:840} INFO - DAG(s) 'update_db', 'produce_json' retrieved from /opt/airflow/dags/main.py
[2026-02-17T02:16:59.716+0000] {logging_mixin.py:188} INFO - [2026-02-17T02:16:59.716+0000] {dag.py:3096} INFO - Sync 2 DAGs
[2026-02-17T02:16:59.739+0000] {logging_mixin.py:188} INFO - [2026-02-17T02:16:59.739+0000] {dag.py:3954} INFO - Setting next_dagrun for produce_json to 2026-02-16 14:00:00+00:00, run_after=2026-02-17 14:00:00+00:00
[2026-02-17T02:16:59.744+0000] {logging_mixin.py:188} INFO - [2026-02-17T02:16:59.744+0000] {dag.py:3954} INFO - Setting next_dagrun for update_db to 2026-02-15 15:00:00+00:00, run_after=2026-02-16 15:00:00+00:00
[2026-02-17T02:16:59.763+0000] {processor.py:183} INFO - Processing /opt/airflow/dags/main.py took 0.157 seconds
[2026-02-17T02:17:30.018+0000] {processor.py:161} INFO - Started process (PID=569) to work on /opt/airflow/dags/main.py
[2026-02-17T02:17:30.019+0000] {processor.py:830} INFO - Processing file /opt/airflow/dags/main.py for tasks to queue
[2026-02-17T02:17:30.021+0000] {logging_mixin.py:188} INFO - [2026-02-17T02:17:30.020+0000] {dagbag.py:545} INFO - Filling up the DagBag from /opt/airflow/dags/main.py
[2026-02-17T02:17:30.093+0000] {processor.py:840} INFO - DAG(s) 'update_db', 'produce_json' retrieved from /opt/airflow/dags/main.py
[2026-02-17T02:17:30.125+0000] {logging_mixin.py:188} INFO - [2026-02-17T02:17:30.125+0000] {dag.py:3096} INFO - Sync 2 DAGs
[2026-02-17T02:17:30.147+0000] {logging_mixin.py:188} INFO - [2026-02-17T02:17:30.147+0000] {dag.py:3954} INFO - Setting next_dagrun for produce_json to 2026-02-16 14:00:00+00:00, run_after=2026-02-17 14:00:00+00:00
[2026-02-17T02:17:30.153+0000] {logging_mixin.py:188} INFO - [2026-02-17T02:17:30.153+0000] {dag.py:3954} INFO - Setting next_dagrun for update_db to 2026-02-15 15:00:00+00:00, run_after=2026-02-16 15:00:00+00:00
[2026-02-17T02:17:30.173+0000] {processor.py:183} INFO - Processing /opt/airflow/dags/main.py took 0.160 seconds
[2026-02-17T02:18:00.269+0000] {processor.py:161} INFO - Started process (PID=576) to work on /opt/airflow/dags/main.py
[2026-02-17T02:18:00.270+0000] {processor.py:830} INFO - Processing file /opt/airflow/dags/main.py for tasks to queue
[2026-02-17T02:18:00.272+0000] {logging_mixin.py:188} INFO - [2026-02-17T02:18:00.271+0000] {dagbag.py:545} INFO - Filling up the DagBag from /opt/airflow/dags/main.py
[2026-02-17T02:18:00.355+0000] {processor.py:840} INFO - DAG(s) 'update_db', 'produce_json' retrieved from /opt/airflow/dags/main.py
[2026-02-17T02:18:00.393+0000] {logging_mixin.py:188} INFO - [2026-02-17T02:18:00.393+0000] {dag.py:3096} INFO - Sync 2 DAGs
[2026-02-17T02:18:00.420+0000] {logging_mixin.py:188} INFO - [2026-02-17T02:18:00.420+0000] {dag.py:3954} INFO - Setting next_dagrun for produce_json to 2026-02-16 14:00:00+00:00, run_after=2026-02-17 14:00:00+00:00
[2026-02-17T02:18:00.426+0000] {logging_mixin.py:188} INFO - [2026-02-17T02:18:00.426+0000] {dag.py:3954} INFO - Setting next_dagrun for update_db to 2026-02-15 15:00:00+00:00, run_after=2026-02-16 15:00:00+00:00
[2026-02-17T02:18:00.448+0000] {processor.py:183} INFO - Processing /opt/airflow/dags/main.py took 0.185 seconds
[2026-02-17T02:18:30.628+0000] {processor.py:161} INFO - Started process (PID=583) to work on /opt/airflow/dags/main.py
[2026-02-17T02:18:30.629+0000] {processor.py:830} INFO - Processing file /opt/airflow/dags/main.py for tasks to queue
[2026-02-17T02:18:30.630+0000] {logging_mixin.py:188} INFO - [2026-02-17T02:18:30.630+0000] {dagbag.py:545} INFO - Filling up the DagBag from /opt/airflow/dags/main.py
[2026-02-17T02:18:30.722+0000] {processor.py:840} INFO - DAG(s) 'update_db', 'produce_json' retrieved from /opt/airflow/dags/main.py
[2026-02-17T02:18:30.766+0000] {logging_mixin.py:188} INFO - [2026-02-17T02:18:30.765+0000] {dag.py:3096} INFO - Sync 2 DAGs
[2026-02-17T02:18:30.787+0000] {logging_mixin.py:188} INFO - [2026-02-17T02:18:30.787+0000] {dag.py:3954} INFO - Setting next_dagrun for produce_json to 2026-02-16 14:00:00+00:00, run_after=2026-02-17 14:00:00+00:00
[2026-02-17T02:18:30.792+0000] {logging_mixin.py:188} INFO - [2026-02-17T02:18:30.792+0000] {dag.py:3954} INFO - Setting next_dagrun for update_db to 2026-02-15 15:00:00+00:00, run_after=2026-02-16 15:00:00+00:00
[2026-02-17T02:18:30.811+0000] {processor.py:183} INFO - Processing /opt/airflow/dags/main.py took 0.189 seconds
[2026-02-17T02:19:00.888+0000] {processor.py:161} INFO - Started process (PID=590) to work on /opt/airflow/dags/main.py
[2026-02-17T02:19:00.888+0000] {processor.py:830} INFO - Processing file /opt/airflow/dags/main.py for tasks to queue
[2026-02-17T02:19:00.890+0000] {logging_mixin.py:188} INFO - [2026-02-17T02:19:00.890+0000] {dagbag.py:545} INFO - Filling up the DagBag from /opt/airflow/dags/main.py
[2026-02-17T02:19:00.956+0000] {processor.py:840} INFO - DAG(s) 'produce_json', 'update_db' retrieved from /opt/airflow/dags/main.py
[2026-02-17T02:19:00.985+0000] {logging_mixin.py:188} INFO - [2026-02-17T02:19:00.985+0000] {dag.py:3096} INFO - Sync 2 DAGs
[2026-02-17T02:19:01.010+0000] {logging_mixin.py:188} INFO - [2026-02-17T02:19:01.010+0000] {dag.py:3954} INFO - Setting next_dagrun for produce_json to 2026-02-16 14:00:00+00:00, run_after=2026-02-17 14:00:00+00:00
[2026-02-17T02:19:01.015+0000] {logging_mixin.py:188} INFO - [2026-02-17T02:19:01.015+0000] {dag.py:3954} INFO - Setting next_dagrun for update_db to 2026-02-15 15:00:00+00:00, run_after=2026-02-16 15:00:00+00:00
[2026-02-17T02:19:01.036+0000] {processor.py:183} INFO - Processing /opt/airflow/dags/main.py took 0.153 seconds
[2026-02-17T02:19:31.291+0000] {processor.py:161} INFO - Started process (PID=597) to work on /opt/airflow/dags/main.py
[2026-02-17T02:19:31.292+0000] {processor.py:830} INFO - Processing file /opt/airflow/dags/main.py for tasks to queue
[2026-02-17T02:19:31.294+0000] {logging_mixin.py:188} INFO - [2026-02-17T02:19:31.294+0000] {dagbag.py:545} INFO - Filling up the DagBag from /opt/airflow/dags/main.py
[2026-02-17T02:19:31.381+0000] {processor.py:840} INFO - DAG(s) 'produce_json', 'update_db' retrieved from /opt/airflow/dags/main.py
[2026-02-17T02:19:31.424+0000] {logging_mixin.py:188} INFO - [2026-02-17T02:19:31.424+0000] {dag.py:3096} INFO - Sync 2 DAGs
[2026-02-17T02:19:31.449+0000] {logging_mixin.py:188} INFO - [2026-02-17T02:19:31.448+0000] {dag.py:3954} INFO - Setting next_dagrun for produce_json to 2026-02-16 14:00:00+00:00, run_after=2026-02-17 14:00:00+00:00
[2026-02-17T02:19:31.454+0000] {logging_mixin.py:188} INFO - [2026-02-17T02:19:31.454+0000] {dag.py:3954} INFO - Setting next_dagrun for update_db to 2026-02-15 15:00:00+00:00, run_after=2026-02-16 15:00:00+00:00
[2026-02-17T02:19:31.475+0000] {processor.py:183} INFO - Processing /opt/airflow/dags/main.py took 0.189 seconds
[2026-02-17T02:20:01.552+0000] {processor.py:161} INFO - Started process (PID=604) to work on /opt/airflow/dags/main.py
[2026-02-17T02:20:01.553+0000] {processor.py:830} INFO - Processing file /opt/airflow/dags/main.py for tasks to queue
[2026-02-17T02:20:01.555+0000] {logging_mixin.py:188} INFO - [2026-02-17T02:20:01.554+0000] {dagbag.py:545} INFO - Filling up the DagBag from /opt/airflow/dags/main.py
[2026-02-17T02:20:01.621+0000] {processor.py:840} INFO - DAG(s) 'update_db', 'produce_json' retrieved from /opt/airflow/dags/main.py
[2026-02-17T02:20:01.650+0000] {logging_mixin.py:188} INFO - [2026-02-17T02:20:01.650+0000] {dag.py:3096} INFO - Sync 2 DAGs
[2026-02-17T02:20:01.671+0000] {logging_mixin.py:188} INFO - [2026-02-17T02:20:01.671+0000] {dag.py:3954} INFO - Setting next_dagrun for produce_json to 2026-02-16 14:00:00+00:00, run_after=2026-02-17 14:00:00+00:00
[2026-02-17T02:20:01.676+0000] {logging_mixin.py:188} INFO - [2026-02-17T02:20:01.676+0000] {dag.py:3954} INFO - Setting next_dagrun for update_db to 2026-02-15 15:00:00+00:00, run_after=2026-02-16 15:00:00+00:00
[2026-02-17T02:20:01.695+0000] {processor.py:183} INFO - Processing /opt/airflow/dags/main.py took 0.149 seconds
[2026-02-17T02:20:32.006+0000] {processor.py:161} INFO - Started process (PID=611) to work on /opt/airflow/dags/main.py
[2026-02-17T02:20:32.007+0000] {processor.py:830} INFO - Processing file /opt/airflow/dags/main.py for tasks to queue
[2026-02-17T02:20:32.009+0000] {logging_mixin.py:188} INFO - [2026-02-17T02:20:32.009+0000] {dagbag.py:545} INFO - Filling up the DagBag from /opt/airflow/dags/main.py
[2026-02-17T02:20:32.085+0000] {processor.py:840} INFO - DAG(s) 'update_db', 'produce_json' retrieved from /opt/airflow/dags/main.py
[2026-02-17T02:20:32.114+0000] {logging_mixin.py:188} INFO - [2026-02-17T02:20:32.114+0000] {dag.py:3096} INFO - Sync 2 DAGs
[2026-02-17T02:20:32.135+0000] {logging_mixin.py:188} INFO - [2026-02-17T02:20:32.135+0000] {dag.py:3954} INFO - Setting next_dagrun for produce_json to 2026-02-16 14:00:00+00:00, run_after=2026-02-17 14:00:00+00:00
[2026-02-17T02:20:32.140+0000] {logging_mixin.py:188} INFO - [2026-02-17T02:20:32.140+0000] {dag.py:3954} INFO - Setting next_dagrun for update_db to 2026-02-15 15:00:00+00:00, run_after=2026-02-16 15:00:00+00:00
[2026-02-17T02:20:32.161+0000] {processor.py:183} INFO - Processing /opt/airflow/dags/main.py took 0.161 seconds
[2026-02-17T02:21:02.252+0000] {processor.py:161} INFO - Started process (PID=618) to work on /opt/airflow/dags/main.py
[2026-02-17T02:21:02.253+0000] {processor.py:830} INFO - Processing file /opt/airflow/dags/main.py for tasks to queue
[2026-02-17T02:21:02.255+0000] {logging_mixin.py:188} INFO - [2026-02-17T02:21:02.255+0000] {dagbag.py:545} INFO - Filling up the DagBag from /opt/airflow/dags/main.py
[2026-02-17T02:21:02.322+0000] {processor.py:840} INFO - DAG(s) 'update_db', 'produce_json' retrieved from /opt/airflow/dags/main.py
[2026-02-17T02:21:02.354+0000] {logging_mixin.py:188} INFO - [2026-02-17T02:21:02.353+0000] {dag.py:3096} INFO - Sync 2 DAGs
[2026-02-17T02:21:02.375+0000] {logging_mixin.py:188} INFO - [2026-02-17T02:21:02.375+0000] {dag.py:3954} INFO - Setting next_dagrun for produce_json to 2026-02-16 14:00:00+00:00, run_after=2026-02-17 14:00:00+00:00
[2026-02-17T02:21:02.380+0000] {logging_mixin.py:188} INFO - [2026-02-17T02:21:02.380+0000] {dag.py:3954} INFO - Setting next_dagrun for update_db to 2026-02-15 15:00:00+00:00, run_after=2026-02-16 15:00:00+00:00
[2026-02-17T02:21:02.401+0000] {processor.py:183} INFO - Processing /opt/airflow/dags/main.py took 0.153 seconds
[2026-02-17T02:21:32.617+0000] {processor.py:161} INFO - Started process (PID=625) to work on /opt/airflow/dags/main.py
[2026-02-17T02:21:32.618+0000] {processor.py:830} INFO - Processing file /opt/airflow/dags/main.py for tasks to queue
[2026-02-17T02:21:32.621+0000] {logging_mixin.py:188} INFO - [2026-02-17T02:21:32.621+0000] {dagbag.py:545} INFO - Filling up the DagBag from /opt/airflow/dags/main.py
[2026-02-17T02:21:32.695+0000] {processor.py:840} INFO - DAG(s) 'produce_json', 'update_db' retrieved from /opt/airflow/dags/main.py
[2026-02-17T02:21:32.724+0000] {logging_mixin.py:188} INFO - [2026-02-17T02:21:32.724+0000] {dag.py:3096} INFO - Sync 2 DAGs
[2026-02-17T02:21:32.745+0000] {logging_mixin.py:188} INFO - [2026-02-17T02:21:32.745+0000] {dag.py:3954} INFO - Setting next_dagrun for produce_json to 2026-02-16 14:00:00+00:00, run_after=2026-02-17 14:00:00+00:00
[2026-02-17T02:21:32.750+0000] {logging_mixin.py:188} INFO - [2026-02-17T02:21:32.750+0000] {dag.py:3954} INFO - Setting next_dagrun for update_db to 2026-02-15 15:00:00+00:00, run_after=2026-02-16 15:00:00+00:00
[2026-02-17T02:21:32.770+0000] {processor.py:183} INFO - Processing /opt/airflow/dags/main.py took 0.161 seconds
[2026-02-17T02:22:02.905+0000] {processor.py:161} INFO - Started process (PID=632) to work on /opt/airflow/dags/main.py
[2026-02-17T02:22:02.906+0000] {processor.py:830} INFO - Processing file /opt/airflow/dags/main.py for tasks to queue
[2026-02-17T02:22:02.908+0000] {logging_mixin.py:188} INFO - [2026-02-17T02:22:02.908+0000] {dagbag.py:545} INFO - Filling up the DagBag from /opt/airflow/dags/main.py
[2026-02-17T02:22:02.984+0000] {processor.py:840} INFO - DAG(s) 'produce_json', 'update_db' retrieved from /opt/airflow/dags/main.py
[2026-02-17T02:22:03.015+0000] {logging_mixin.py:188} INFO - [2026-02-17T02:22:03.015+0000] {dag.py:3096} INFO - Sync 2 DAGs
[2026-02-17T02:22:03.036+0000] {logging_mixin.py:188} INFO - [2026-02-17T02:22:03.036+0000] {dag.py:3954} INFO - Setting next_dagrun for produce_json to 2026-02-16 14:00:00+00:00, run_after=2026-02-17 14:00:00+00:00
[2026-02-17T02:22:03.041+0000] {logging_mixin.py:188} INFO - [2026-02-17T02:22:03.041+0000] {dag.py:3954} INFO - Setting next_dagrun for update_db to 2026-02-15 15:00:00+00:00, run_after=2026-02-16 15:00:00+00:00
[2026-02-17T02:22:03.061+0000] {processor.py:183} INFO - Processing /opt/airflow/dags/main.py took 0.161 seconds
[2026-02-17T02:22:33.206+0000] {processor.py:161} INFO - Started process (PID=639) to work on /opt/airflow/dags/main.py
[2026-02-17T02:22:33.207+0000] {processor.py:830} INFO - Processing file /opt/airflow/dags/main.py for tasks to queue
[2026-02-17T02:22:33.209+0000] {logging_mixin.py:188} INFO - [2026-02-17T02:22:33.209+0000] {dagbag.py:545} INFO - Filling up the DagBag from /opt/airflow/dags/main.py
[2026-02-17T02:22:33.289+0000] {processor.py:840} INFO - DAG(s) 'update_db', 'produce_json' retrieved from /opt/airflow/dags/main.py
[2026-02-17T02:22:33.321+0000] {logging_mixin.py:188} INFO - [2026-02-17T02:22:33.320+0000] {dag.py:3096} INFO - Sync 2 DAGs
[2026-02-17T02:22:33.347+0000] {logging_mixin.py:188} INFO - [2026-02-17T02:22:33.347+0000] {dag.py:3954} INFO - Setting next_dagrun for produce_json to 2026-02-16 14:00:00+00:00, run_after=2026-02-17 14:00:00+00:00
[2026-02-17T02:22:33.352+0000] {logging_mixin.py:188} INFO - [2026-02-17T02:22:33.352+0000] {dag.py:3954} INFO - Setting next_dagrun for update_db to 2026-02-15 15:00:00+00:00, run_after=2026-02-16 15:00:00+00:00
[2026-02-17T02:22:33.372+0000] {processor.py:183} INFO - Processing /opt/airflow/dags/main.py took 0.172 seconds
[2026-02-17T02:23:03.502+0000] {processor.py:161} INFO - Started process (PID=646) to work on /opt/airflow/dags/main.py
[2026-02-17T02:23:03.503+0000] {processor.py:830} INFO - Processing file /opt/airflow/dags/main.py for tasks to queue
[2026-02-17T02:23:03.505+0000] {logging_mixin.py:188} INFO - [2026-02-17T02:23:03.505+0000] {dagbag.py:545} INFO - Filling up the DagBag from /opt/airflow/dags/main.py
[2026-02-17T02:23:03.576+0000] {processor.py:840} INFO - DAG(s) 'update_db', 'produce_json' retrieved from /opt/airflow/dags/main.py
[2026-02-17T02:23:03.605+0000] {logging_mixin.py:188} INFO - [2026-02-17T02:23:03.605+0000] {dag.py:3096} INFO - Sync 2 DAGs
[2026-02-17T02:23:03.634+0000] {logging_mixin.py:188} INFO - [2026-02-17T02:23:03.634+0000] {dag.py:3954} INFO - Setting next_dagrun for produce_json to 2026-02-16 14:00:00+00:00, run_after=2026-02-17 14:00:00+00:00
[2026-02-17T02:23:03.639+0000] {logging_mixin.py:188} INFO - [2026-02-17T02:23:03.639+0000] {dag.py:3954} INFO - Setting next_dagrun for update_db to 2026-02-15 15:00:00+00:00, run_after=2026-02-16 15:00:00+00:00
[2026-02-17T02:23:03.664+0000] {processor.py:183} INFO - Processing /opt/airflow/dags/main.py took 0.167 seconds
[2026-02-17T02:23:33.876+0000] {processor.py:161} INFO - Started process (PID=653) to work on /opt/airflow/dags/main.py
[2026-02-17T02:23:33.877+0000] {processor.py:830} INFO - Processing file /opt/airflow/dags/main.py for tasks to queue
[2026-02-17T02:23:33.878+0000] {logging_mixin.py:188} INFO - [2026-02-17T02:23:33.878+0000] {dagbag.py:545} INFO - Filling up the DagBag from /opt/airflow/dags/main.py
[2026-02-17T02:23:33.949+0000] {processor.py:840} INFO - DAG(s) 'produce_json', 'update_db' retrieved from /opt/airflow/dags/main.py
[2026-02-17T02:23:33.978+0000] {logging_mixin.py:188} INFO - [2026-02-17T02:23:33.978+0000] {dag.py:3096} INFO - Sync 2 DAGs
[2026-02-17T02:23:34.004+0000] {logging_mixin.py:188} INFO - [2026-02-17T02:23:34.004+0000] {dag.py:3954} INFO - Setting next_dagrun for produce_json to 2026-02-16 14:00:00+00:00, run_after=2026-02-17 14:00:00+00:00
[2026-02-17T02:23:34.011+0000] {logging_mixin.py:188} INFO - [2026-02-17T02:23:34.011+0000] {dag.py:3954} INFO - Setting next_dagrun for update_db to 2026-02-15 15:00:00+00:00, run_after=2026-02-16 15:00:00+00:00
[2026-02-17T02:23:34.029+0000] {processor.py:183} INFO - Processing /opt/airflow/dags/main.py took 0.158 seconds
[2026-02-17T02:24:04.135+0000] {processor.py:161} INFO - Started process (PID=660) to work on /opt/airflow/dags/main.py
[2026-02-17T02:24:04.136+0000] {processor.py:830} INFO - Processing file /opt/airflow/dags/main.py for tasks to queue
[2026-02-17T02:24:04.138+0000] {logging_mixin.py:188} INFO - [2026-02-17T02:24:04.138+0000] {dagbag.py:545} INFO - Filling up the DagBag from /opt/airflow/dags/main.py
[2026-02-17T02:24:04.207+0000] {processor.py:840} INFO - DAG(s) 'update_db', 'produce_json' retrieved from /opt/airflow/dags/main.py
[2026-02-17T02:24:04.242+0000] {logging_mixin.py:188} INFO - [2026-02-17T02:24:04.241+0000] {dag.py:3096} INFO - Sync 2 DAGs
[2026-02-17T02:24:04.264+0000] {logging_mixin.py:188} INFO - [2026-02-17T02:24:04.264+0000] {dag.py:3954} INFO - Setting next_dagrun for produce_json to 2026-02-16 14:00:00+00:00, run_after=2026-02-17 14:00:00+00:00
[2026-02-17T02:24:04.270+0000] {logging_mixin.py:188} INFO - [2026-02-17T02:24:04.270+0000] {dag.py:3954} INFO - Setting next_dagrun for update_db to 2026-02-15 15:00:00+00:00, run_after=2026-02-16 15:00:00+00:00
[2026-02-17T02:24:04.290+0000] {processor.py:183} INFO - Processing /opt/airflow/dags/main.py took 0.159 seconds
[2026-02-17T02:24:34.430+0000] {processor.py:161} INFO - Started process (PID=667) to work on /opt/airflow/dags/main.py
[2026-02-17T02:24:34.431+0000] {processor.py:830} INFO - Processing file /opt/airflow/dags/main.py for tasks to queue
[2026-02-17T02:24:34.434+0000] {logging_mixin.py:188} INFO - [2026-02-17T02:24:34.433+0000] {dagbag.py:545} INFO - Filling up the DagBag from /opt/airflow/dags/main.py
[2026-02-17T02:24:34.506+0000] {processor.py:840} INFO - DAG(s) 'produce_json', 'update_db' retrieved from /opt/airflow/dags/main.py
[2026-02-17T02:24:34.535+0000] {logging_mixin.py:188} INFO - [2026-02-17T02:24:34.535+0000] {dag.py:3096} INFO - Sync 2 DAGs
[2026-02-17T02:24:34.556+0000] {logging_mixin.py:188} INFO - [2026-02-17T02:24:34.556+0000] {dag.py:3954} INFO - Setting next_dagrun for produce_json to 2026-02-16 14:00:00+00:00, run_after=2026-02-17 14:00:00+00:00
[2026-02-17T02:24:34.560+0000] {logging_mixin.py:188} INFO - [2026-02-17T02:24:34.560+0000] {dag.py:3954} INFO - Setting next_dagrun for update_db to 2026-02-15 15:00:00+00:00, run_after=2026-02-16 15:00:00+00:00
[2026-02-17T02:24:34.590+0000] {processor.py:183} INFO - Processing /opt/airflow/dags/main.py took 0.165 seconds
[2026-02-17T02:25:04.715+0000] {processor.py:161} INFO - Started process (PID=674) to work on /opt/airflow/dags/main.py
[2026-02-17T02:25:04.716+0000] {processor.py:830} INFO - Processing file /opt/airflow/dags/main.py for tasks to queue
[2026-02-17T02:25:04.719+0000] {logging_mixin.py:188} INFO - [2026-02-17T02:25:04.718+0000] {dagbag.py:545} INFO - Filling up the DagBag from /opt/airflow/dags/main.py
[2026-02-17T02:25:04.789+0000] {processor.py:840} INFO - DAG(s) 'produce_json', 'update_db' retrieved from /opt/airflow/dags/main.py
[2026-02-17T02:25:04.828+0000] {logging_mixin.py:188} INFO - [2026-02-17T02:25:04.828+0000] {dag.py:3096} INFO - Sync 2 DAGs
[2026-02-17T02:25:04.850+0000] {logging_mixin.py:188} INFO - [2026-02-17T02:25:04.850+0000] {dag.py:3954} INFO - Setting next_dagrun for produce_json to 2026-02-16 14:00:00+00:00, run_after=2026-02-17 14:00:00+00:00
[2026-02-17T02:25:04.855+0000] {logging_mixin.py:188} INFO - [2026-02-17T02:25:04.855+0000] {dag.py:3954} INFO - Setting next_dagrun for update_db to 2026-02-15 15:00:00+00:00, run_after=2026-02-16 15:00:00+00:00
[2026-02-17T02:25:04.875+0000] {processor.py:183} INFO - Processing /opt/airflow/dags/main.py took 0.165 seconds
[2026-02-17T02:25:35.159+0000] {processor.py:161} INFO - Started process (PID=681) to work on /opt/airflow/dags/main.py
[2026-02-17T02:25:35.160+0000] {processor.py:830} INFO - Processing file /opt/airflow/dags/main.py for tasks to queue
[2026-02-17T02:25:35.162+0000] {logging_mixin.py:188} INFO - [2026-02-17T02:25:35.162+0000] {dagbag.py:545} INFO - Filling up the DagBag from /opt/airflow/dags/main.py
[2026-02-17T02:25:35.236+0000] {processor.py:840} INFO - DAG(s) 'update_db', 'produce_json' retrieved from /opt/airflow/dags/main.py
[2026-02-17T02:25:35.268+0000] {logging_mixin.py:188} INFO - [2026-02-17T02:25:35.268+0000] {dag.py:3096} INFO - Sync 2 DAGs
[2026-02-17T02:25:35.320+0000] {logging_mixin.py:188} INFO - [2026-02-17T02:25:35.320+0000] {dag.py:3954} INFO - Setting next_dagrun for produce_json to 2026-02-16 14:00:00+00:00, run_after=2026-02-17 14:00:00+00:00
[2026-02-17T02:25:35.355+0000] {logging_mixin.py:188} INFO - [2026-02-17T02:25:35.355+0000] {dag.py:3954} INFO - Setting next_dagrun for update_db to 2026-02-15 15:00:00+00:00, run_after=2026-02-16 15:00:00+00:00
[2026-02-17T02:25:35.446+0000] {processor.py:183} INFO - Processing /opt/airflow/dags/main.py took 0.293 seconds
[2026-02-17T02:26:05.704+0000] {processor.py:161} INFO - Started process (PID=688) to work on /opt/airflow/dags/main.py
[2026-02-17T02:26:05.706+0000] {processor.py:830} INFO - Processing file /opt/airflow/dags/main.py for tasks to queue
[2026-02-17T02:26:05.708+0000] {logging_mixin.py:188} INFO - [2026-02-17T02:26:05.707+0000] {dagbag.py:545} INFO - Filling up the DagBag from /opt/airflow/dags/main.py
[2026-02-17T02:26:05.795+0000] {processor.py:840} INFO - DAG(s) 'update_db', 'produce_json' retrieved from /opt/airflow/dags/main.py
[2026-02-17T02:26:05.842+0000] {logging_mixin.py:188} INFO - [2026-02-17T02:26:05.842+0000] {dag.py:3096} INFO - Sync 2 DAGs
[2026-02-17T02:26:05.866+0000] {logging_mixin.py:188} INFO - [2026-02-17T02:26:05.866+0000] {dag.py:3954} INFO - Setting next_dagrun for produce_json to 2026-02-16 14:00:00+00:00, run_after=2026-02-17 14:00:00+00:00
[2026-02-17T02:26:05.871+0000] {logging_mixin.py:188} INFO - [2026-02-17T02:26:05.871+0000] {dag.py:3954} INFO - Setting next_dagrun for update_db to 2026-02-15 15:00:00+00:00, run_after=2026-02-16 15:00:00+00:00
[2026-02-17T02:26:05.903+0000] {processor.py:183} INFO - Processing /opt/airflow/dags/main.py took 0.205 seconds
[2026-02-17T02:26:36.133+0000] {processor.py:161} INFO - Started process (PID=695) to work on /opt/airflow/dags/main.py
[2026-02-17T02:26:36.134+0000] {processor.py:830} INFO - Processing file /opt/airflow/dags/main.py for tasks to queue
[2026-02-17T02:26:36.136+0000] {logging_mixin.py:188} INFO - [2026-02-17T02:26:36.136+0000] {dagbag.py:545} INFO - Filling up the DagBag from /opt/airflow/dags/main.py
[2026-02-17T02:26:36.225+0000] {processor.py:840} INFO - DAG(s) 'produce_json', 'update_db' retrieved from /opt/airflow/dags/main.py
[2026-02-17T02:26:36.257+0000] {logging_mixin.py:188} INFO - [2026-02-17T02:26:36.256+0000] {dag.py:3096} INFO - Sync 2 DAGs
[2026-02-17T02:26:36.277+0000] {logging_mixin.py:188} INFO - [2026-02-17T02:26:36.277+0000] {dag.py:3954} INFO - Setting next_dagrun for produce_json to 2026-02-16 14:00:00+00:00, run_after=2026-02-17 14:00:00+00:00
[2026-02-17T02:26:36.282+0000] {logging_mixin.py:188} INFO - [2026-02-17T02:26:36.282+0000] {dag.py:3954} INFO - Setting next_dagrun for update_db to 2026-02-15 15:00:00+00:00, run_after=2026-02-16 15:00:00+00:00
[2026-02-17T02:26:36.303+0000] {processor.py:183} INFO - Processing /opt/airflow/dags/main.py took 0.175 seconds
[2026-02-17T02:27:06.380+0000] {processor.py:161} INFO - Started process (PID=702) to work on /opt/airflow/dags/main.py
[2026-02-17T02:27:06.381+0000] {processor.py:830} INFO - Processing file /opt/airflow/dags/main.py for tasks to queue
[2026-02-17T02:27:06.382+0000] {logging_mixin.py:188} INFO - [2026-02-17T02:27:06.382+0000] {dagbag.py:545} INFO - Filling up the DagBag from /opt/airflow/dags/main.py
[2026-02-17T02:27:06.453+0000] {processor.py:840} INFO - DAG(s) 'produce_json', 'update_db' retrieved from /opt/airflow/dags/main.py
[2026-02-17T02:27:06.484+0000] {logging_mixin.py:188} INFO - [2026-02-17T02:27:06.484+0000] {dag.py:3096} INFO - Sync 2 DAGs
[2026-02-17T02:27:06.507+0000] {logging_mixin.py:188} INFO - [2026-02-17T02:27:06.507+0000] {dag.py:3954} INFO - Setting next_dagrun for produce_json to 2026-02-16 14:00:00+00:00, run_after=2026-02-17 14:00:00+00:00
[2026-02-17T02:27:06.512+0000] {logging_mixin.py:188} INFO - [2026-02-17T02:27:06.512+0000] {dag.py:3954} INFO - Setting next_dagrun for update_db to 2026-02-15 15:00:00+00:00, run_after=2026-02-16 15:00:00+00:00
[2026-02-17T02:27:06.546+0000] {processor.py:183} INFO - Processing /opt/airflow/dags/main.py took 0.172 seconds
[2026-02-17T02:27:36.774+0000] {processor.py:161} INFO - Started process (PID=709) to work on /opt/airflow/dags/main.py
[2026-02-17T02:27:36.775+0000] {processor.py:830} INFO - Processing file /opt/airflow/dags/main.py for tasks to queue
[2026-02-17T02:27:36.777+0000] {logging_mixin.py:188} INFO - [2026-02-17T02:27:36.777+0000] {dagbag.py:545} INFO - Filling up the DagBag from /opt/airflow/dags/main.py
[2026-02-17T02:27:36.853+0000] {processor.py:840} INFO - DAG(s) 'update_db', 'produce_json' retrieved from /opt/airflow/dags/main.py
[2026-02-17T02:27:36.881+0000] {logging_mixin.py:188} INFO - [2026-02-17T02:27:36.881+0000] {dag.py:3096} INFO - Sync 2 DAGs
[2026-02-17T02:27:36.910+0000] {logging_mixin.py:188} INFO - [2026-02-17T02:27:36.910+0000] {dag.py:3954} INFO - Setting next_dagrun for produce_json to 2026-02-16 14:00:00+00:00, run_after=2026-02-17 14:00:00+00:00
[2026-02-17T02:27:36.915+0000] {logging_mixin.py:188} INFO - [2026-02-17T02:27:36.914+0000] {dag.py:3954} INFO - Setting next_dagrun for update_db to 2026-02-15 15:00:00+00:00, run_after=2026-02-16 15:00:00+00:00
[2026-02-17T02:27:36.946+0000] {processor.py:183} INFO - Processing /opt/airflow/dags/main.py took 0.177 seconds
[2026-02-17T02:28:07.064+0000] {processor.py:161} INFO - Started process (PID=716) to work on /opt/airflow/dags/main.py
[2026-02-17T02:28:07.065+0000] {processor.py:830} INFO - Processing file /opt/airflow/dags/main.py for tasks to queue
[2026-02-17T02:28:07.074+0000] {logging_mixin.py:188} INFO - [2026-02-17T02:28:07.074+0000] {dagbag.py:545} INFO - Filling up the DagBag from /opt/airflow/dags/main.py
[2026-02-17T02:28:07.170+0000] {processor.py:840} INFO - DAG(s) 'produce_json', 'update_db' retrieved from /opt/airflow/dags/main.py
[2026-02-17T02:28:07.199+0000] {logging_mixin.py:188} INFO - [2026-02-17T02:28:07.199+0000] {dag.py:3096} INFO - Sync 2 DAGs
[2026-02-17T02:28:07.222+0000] {logging_mixin.py:188} INFO - [2026-02-17T02:28:07.222+0000] {dag.py:3954} INFO - Setting next_dagrun for produce_json to 2026-02-16 14:00:00+00:00, run_after=2026-02-17 14:00:00+00:00
[2026-02-17T02:28:07.227+0000] {logging_mixin.py:188} INFO - [2026-02-17T02:28:07.226+0000] {dag.py:3954} INFO - Setting next_dagrun for update_db to 2026-02-15 15:00:00+00:00, run_after=2026-02-16 15:00:00+00:00
[2026-02-17T02:28:07.258+0000] {processor.py:183} INFO - Processing /opt/airflow/dags/main.py took 0.200 seconds
[2026-02-17T02:28:37.408+0000] {processor.py:161} INFO - Started process (PID=723) to work on /opt/airflow/dags/main.py
[2026-02-17T02:28:37.409+0000] {processor.py:830} INFO - Processing file /opt/airflow/dags/main.py for tasks to queue
[2026-02-17T02:28:37.411+0000] {logging_mixin.py:188} INFO - [2026-02-17T02:28:37.411+0000] {dagbag.py:545} INFO - Filling up the DagBag from /opt/airflow/dags/main.py
[2026-02-17T02:28:37.485+0000] {processor.py:840} INFO - DAG(s) 'update_db', 'produce_json' retrieved from /opt/airflow/dags/main.py
[2026-02-17T02:28:37.514+0000] {logging_mixin.py:188} INFO - [2026-02-17T02:28:37.513+0000] {dag.py:3096} INFO - Sync 2 DAGs
[2026-02-17T02:28:37.535+0000] {logging_mixin.py:188} INFO - [2026-02-17T02:28:37.534+0000] {dag.py:3954} INFO - Setting next_dagrun for produce_json to 2026-02-16 14:00:00+00:00, run_after=2026-02-17 14:00:00+00:00
[2026-02-17T02:28:37.541+0000] {logging_mixin.py:188} INFO - [2026-02-17T02:28:37.540+0000] {dag.py:3954} INFO - Setting next_dagrun for update_db to 2026-02-15 15:00:00+00:00, run_after=2026-02-16 15:00:00+00:00
[2026-02-17T02:28:37.560+0000] {processor.py:183} INFO - Processing /opt/airflow/dags/main.py took 0.158 seconds
[2026-02-17T02:29:07.688+0000] {processor.py:161} INFO - Started process (PID=730) to work on /opt/airflow/dags/main.py
[2026-02-17T02:29:07.689+0000] {processor.py:830} INFO - Processing file /opt/airflow/dags/main.py for tasks to queue
[2026-02-17T02:29:07.691+0000] {logging_mixin.py:188} INFO - [2026-02-17T02:29:07.691+0000] {dagbag.py:545} INFO - Filling up the DagBag from /opt/airflow/dags/main.py
[2026-02-17T02:29:07.763+0000] {processor.py:840} INFO - DAG(s) 'update_db', 'produce_json' retrieved from /opt/airflow/dags/main.py
[2026-02-17T02:29:07.794+0000] {logging_mixin.py:188} INFO - [2026-02-17T02:29:07.794+0000] {dag.py:3096} INFO - Sync 2 DAGs
[2026-02-17T02:29:07.820+0000] {logging_mixin.py:188} INFO - [2026-02-17T02:29:07.820+0000] {dag.py:3954} INFO - Setting next_dagrun for produce_json to 2026-02-16 14:00:00+00:00, run_after=2026-02-17 14:00:00+00:00
[2026-02-17T02:29:07.825+0000] {logging_mixin.py:188} INFO - [2026-02-17T02:29:07.825+0000] {dag.py:3954} INFO - Setting next_dagrun for update_db to 2026-02-15 15:00:00+00:00, run_after=2026-02-16 15:00:00+00:00
[2026-02-17T02:29:07.858+0000] {processor.py:183} INFO - Processing /opt/airflow/dags/main.py took 0.174 seconds
[2026-02-17T11:31:16.583+0000] {processor.py:161} INFO - Started process (PID=738) to work on /opt/airflow/dags/main.py
[2026-02-17T11:31:16.589+0000] {processor.py:830} INFO - Processing file /opt/airflow/dags/main.py for tasks to queue
[2026-02-17T11:31:16.598+0000] {logging_mixin.py:188} INFO - [2026-02-17T11:31:16.597+0000] {dagbag.py:545} INFO - Filling up the DagBag from /opt/airflow/dags/main.py
[2026-02-17T11:31:17.868+0000] {processor.py:840} INFO - DAG(s) 'update_db', 'produce_json' retrieved from /opt/airflow/dags/main.py
[2026-02-17T11:31:18.014+0000] {logging_mixin.py:188} INFO - [2026-02-17T11:31:18.013+0000] {dag.py:3096} INFO - Sync 2 DAGs
[2026-02-17T11:31:18.259+0000] {logging_mixin.py:188} INFO - [2026-02-17T11:31:18.259+0000] {dag.py:3954} INFO - Setting next_dagrun for produce_json to 2026-02-16 14:00:00+00:00, run_after=2026-02-17 14:00:00+00:00
[2026-02-17T11:31:18.277+0000] {logging_mixin.py:188} INFO - [2026-02-17T11:31:18.276+0000] {dag.py:3954} INFO - Setting next_dagrun for update_db to 2026-02-15 15:00:00+00:00, run_after=2026-02-16 15:00:00+00:00
[2026-02-17T11:31:18.341+0000] {processor.py:183} INFO - Processing /opt/airflow/dags/main.py took 1.786 seconds
[2026-02-17T11:31:49.088+0000] {processor.py:161} INFO - Started process (PID=745) to work on /opt/airflow/dags/main.py
[2026-02-17T11:31:49.089+0000] {processor.py:830} INFO - Processing file /opt/airflow/dags/main.py for tasks to queue
[2026-02-17T11:31:49.093+0000] {logging_mixin.py:188} INFO - [2026-02-17T11:31:49.091+0000] {dagbag.py:545} INFO - Filling up the DagBag from /opt/airflow/dags/main.py
[2026-02-17T11:31:49.216+0000] {processor.py:840} INFO - DAG(s) 'produce_json', 'update_db' retrieved from /opt/airflow/dags/main.py
[2026-02-17T11:31:49.255+0000] {logging_mixin.py:188} INFO - [2026-02-17T11:31:49.255+0000] {dag.py:3096} INFO - Sync 2 DAGs
[2026-02-17T11:31:49.288+0000] {logging_mixin.py:188} INFO - [2026-02-17T11:31:49.287+0000] {dag.py:3954} INFO - Setting next_dagrun for produce_json to 2026-02-16 14:00:00+00:00, run_after=2026-02-17 14:00:00+00:00
[2026-02-17T11:31:49.295+0000] {logging_mixin.py:188} INFO - [2026-02-17T11:31:49.295+0000] {dag.py:3954} INFO - Setting next_dagrun for update_db to 2026-02-15 15:00:00+00:00, run_after=2026-02-16 15:00:00+00:00
[2026-02-17T11:31:49.320+0000] {processor.py:183} INFO - Processing /opt/airflow/dags/main.py took 0.238 seconds
[2026-02-17T11:32:19.770+0000] {processor.py:161} INFO - Started process (PID=752) to work on /opt/airflow/dags/main.py
[2026-02-17T11:32:19.771+0000] {processor.py:830} INFO - Processing file /opt/airflow/dags/main.py for tasks to queue
[2026-02-17T11:32:19.773+0000] {logging_mixin.py:188} INFO - [2026-02-17T11:32:19.773+0000] {dagbag.py:545} INFO - Filling up the DagBag from /opt/airflow/dags/main.py
[2026-02-17T11:32:19.858+0000] {processor.py:840} INFO - DAG(s) 'produce_json', 'update_db' retrieved from /opt/airflow/dags/main.py
[2026-02-17T11:32:19.890+0000] {logging_mixin.py:188} INFO - [2026-02-17T11:32:19.890+0000] {dag.py:3096} INFO - Sync 2 DAGs
[2026-02-17T11:32:19.914+0000] {logging_mixin.py:188} INFO - [2026-02-17T11:32:19.914+0000] {dag.py:3954} INFO - Setting next_dagrun for produce_json to 2026-02-16 14:00:00+00:00, run_after=2026-02-17 14:00:00+00:00
[2026-02-17T11:32:19.919+0000] {logging_mixin.py:188} INFO - [2026-02-17T11:32:19.918+0000] {dag.py:3954} INFO - Setting next_dagrun for update_db to 2026-02-15 15:00:00+00:00, run_after=2026-02-16 15:00:00+00:00
[2026-02-17T11:32:19.935+0000] {processor.py:183} INFO - Processing /opt/airflow/dags/main.py took 0.173 seconds
[2026-02-17T11:32:52.687+0000] {processor.py:161} INFO - Started process (PID=759) to work on /opt/airflow/dags/main.py
[2026-02-17T11:32:52.706+0000] {processor.py:830} INFO - Processing file /opt/airflow/dags/main.py for tasks to queue
[2026-02-17T11:32:52.766+0000] {logging_mixin.py:188} INFO - [2026-02-17T11:32:52.765+0000] {dagbag.py:545} INFO - Filling up the DagBag from /opt/airflow/dags/main.py
[2026-02-17T11:32:53.019+0000] {processor.py:840} INFO - DAG(s) 'produce_json', 'update_db' retrieved from /opt/airflow/dags/main.py
[2026-02-17T11:32:53.167+0000] {logging_mixin.py:188} INFO - [2026-02-17T11:32:53.166+0000] {dag.py:3096} INFO - Sync 2 DAGs
[2026-02-17T11:42:16.768+0000] {logging_mixin.py:188} INFO - [2026-02-17T11:42:16.767+0000] {dag.py:3954} INFO - Setting next_dagrun for produce_json to 2026-02-16 14:00:00+00:00, run_after=2026-02-17 14:00:00+00:00
[2026-02-17T11:42:16.816+0000] {logging_mixin.py:188} INFO - [2026-02-17T11:42:16.816+0000] {dag.py:3954} INFO - Setting next_dagrun for update_db to 2026-02-15 15:00:00+00:00, run_after=2026-02-16 15:00:00+00:00
[2026-02-17T11:42:17.013+0000] {processor.py:183} INFO - Processing /opt/airflow/dags/main.py took 0.938 seconds
[2026-02-17T11:42:47.496+0000] {processor.py:161} INFO - Started process (PID=772) to work on /opt/airflow/dags/main.py
[2026-02-17T11:42:47.497+0000] {processor.py:830} INFO - Processing file /opt/airflow/dags/main.py for tasks to queue
[2026-02-17T11:42:47.499+0000] {logging_mixin.py:188} INFO - [2026-02-17T11:42:47.499+0000] {dagbag.py:545} INFO - Filling up the DagBag from /opt/airflow/dags/main.py
[2026-02-17T11:42:47.599+0000] {processor.py:840} INFO - DAG(s) 'produce_json', 'update_db' retrieved from /opt/airflow/dags/main.py
[2026-02-17T11:42:47.634+0000] {logging_mixin.py:188} INFO - [2026-02-17T11:42:47.634+0000] {dag.py:3096} INFO - Sync 2 DAGs
[2026-02-17T11:42:47.661+0000] {logging_mixin.py:188} INFO - [2026-02-17T11:42:47.661+0000] {dag.py:3954} INFO - Setting next_dagrun for produce_json to 2026-02-16 14:00:00+00:00, run_after=2026-02-17 14:00:00+00:00
[2026-02-17T11:42:47.667+0000] {logging_mixin.py:188} INFO - [2026-02-17T11:42:47.666+0000] {dag.py:3954} INFO - Setting next_dagrun for update_db to 2026-02-15 15:00:00+00:00, run_after=2026-02-16 15:00:00+00:00
[2026-02-17T11:42:47.689+0000] {processor.py:183} INFO - Processing /opt/airflow/dags/main.py took 0.200 seconds
[2026-02-17T11:43:17.770+0000] {processor.py:161} INFO - Started process (PID=779) to work on /opt/airflow/dags/main.py
[2026-02-17T11:43:17.771+0000] {processor.py:830} INFO - Processing file /opt/airflow/dags/main.py for tasks to queue
[2026-02-17T11:43:17.772+0000] {logging_mixin.py:188} INFO - [2026-02-17T11:43:17.772+0000] {dagbag.py:545} INFO - Filling up the DagBag from /opt/airflow/dags/main.py
[2026-02-17T11:43:17.845+0000] {processor.py:840} INFO - DAG(s) 'update_db', 'produce_json' retrieved from /opt/airflow/dags/main.py
[2026-02-17T11:43:17.877+0000] {logging_mixin.py:188} INFO - [2026-02-17T11:43:17.876+0000] {dag.py:3096} INFO - Sync 2 DAGs
[2026-02-17T11:43:17.899+0000] {logging_mixin.py:188} INFO - [2026-02-17T11:43:17.898+0000] {dag.py:3954} INFO - Setting next_dagrun for produce_json to 2026-02-16 14:00:00+00:00, run_after=2026-02-17 14:00:00+00:00
[2026-02-17T11:43:17.903+0000] {logging_mixin.py:188} INFO - [2026-02-17T11:43:17.903+0000] {dag.py:3954} INFO - Setting next_dagrun for update_db to 2026-02-15 15:00:00+00:00, run_after=2026-02-16 15:00:00+00:00
[2026-02-17T11:43:17.933+0000] {processor.py:183} INFO - Processing /opt/airflow/dags/main.py took 0.169 seconds
[2026-02-17T11:43:48.107+0000] {processor.py:161} INFO - Started process (PID=786) to work on /opt/airflow/dags/main.py
[2026-02-17T11:43:48.108+0000] {processor.py:830} INFO - Processing file /opt/airflow/dags/main.py for tasks to queue
[2026-02-17T11:43:48.111+0000] {logging_mixin.py:188} INFO - [2026-02-17T11:43:48.110+0000] {dagbag.py:545} INFO - Filling up the DagBag from /opt/airflow/dags/main.py
[2026-02-17T11:43:48.198+0000] {processor.py:840} INFO - DAG(s) 'produce_json', 'update_db' retrieved from /opt/airflow/dags/main.py
[2026-02-17T11:43:48.228+0000] {logging_mixin.py:188} INFO - [2026-02-17T11:43:48.228+0000] {dag.py:3096} INFO - Sync 2 DAGs
[2026-02-17T11:43:48.249+0000] {logging_mixin.py:188} INFO - [2026-02-17T11:43:48.248+0000] {dag.py:3954} INFO - Setting next_dagrun for produce_json to 2026-02-16 14:00:00+00:00, run_after=2026-02-17 14:00:00+00:00
[2026-02-17T11:43:48.253+0000] {logging_mixin.py:188} INFO - [2026-02-17T11:43:48.253+0000] {dag.py:3954} INFO - Setting next_dagrun for update_db to 2026-02-15 15:00:00+00:00, run_after=2026-02-16 15:00:00+00:00
[2026-02-17T11:43:48.283+0000] {processor.py:183} INFO - Processing /opt/airflow/dags/main.py took 0.183 seconds
[2026-02-17T11:44:18.426+0000] {processor.py:161} INFO - Started process (PID=793) to work on /opt/airflow/dags/main.py
[2026-02-17T11:44:18.427+0000] {processor.py:830} INFO - Processing file /opt/airflow/dags/main.py for tasks to queue
[2026-02-17T11:44:18.430+0000] {logging_mixin.py:188} INFO - [2026-02-17T11:44:18.429+0000] {dagbag.py:545} INFO - Filling up the DagBag from /opt/airflow/dags/main.py
[2026-02-17T11:44:18.503+0000] {processor.py:840} INFO - DAG(s) 'produce_json', 'update_db' retrieved from /opt/airflow/dags/main.py
[2026-02-17T11:44:18.533+0000] {logging_mixin.py:188} INFO - [2026-02-17T11:44:18.533+0000] {dag.py:3096} INFO - Sync 2 DAGs
[2026-02-17T11:44:18.554+0000] {logging_mixin.py:188} INFO - [2026-02-17T11:44:18.554+0000] {dag.py:3954} INFO - Setting next_dagrun for produce_json to 2026-02-16 14:00:00+00:00, run_after=2026-02-17 14:00:00+00:00
[2026-02-17T11:44:18.559+0000] {logging_mixin.py:188} INFO - [2026-02-17T11:44:18.559+0000] {dag.py:3954} INFO - Setting next_dagrun for update_db to 2026-02-15 15:00:00+00:00, run_after=2026-02-16 15:00:00+00:00
[2026-02-17T11:44:18.588+0000] {processor.py:183} INFO - Processing /opt/airflow/dags/main.py took 0.167 seconds
[2026-02-17T11:44:48.809+0000] {processor.py:161} INFO - Started process (PID=800) to work on /opt/airflow/dags/main.py
[2026-02-17T11:44:48.810+0000] {processor.py:830} INFO - Processing file /opt/airflow/dags/main.py for tasks to queue
[2026-02-17T11:44:48.812+0000] {logging_mixin.py:188} INFO - [2026-02-17T11:44:48.812+0000] {dagbag.py:545} INFO - Filling up the DagBag from /opt/airflow/dags/main.py
[2026-02-17T11:44:48.879+0000] {processor.py:840} INFO - DAG(s) 'update_db', 'produce_json' retrieved from /opt/airflow/dags/main.py
[2026-02-17T11:44:48.907+0000] {logging_mixin.py:188} INFO - [2026-02-17T11:44:48.907+0000] {dag.py:3096} INFO - Sync 2 DAGs
[2026-02-17T11:44:48.929+0000] {logging_mixin.py:188} INFO - [2026-02-17T11:44:48.929+0000] {dag.py:3954} INFO - Setting next_dagrun for produce_json to 2026-02-16 14:00:00+00:00, run_after=2026-02-17 14:00:00+00:00
[2026-02-17T11:44:48.934+0000] {logging_mixin.py:188} INFO - [2026-02-17T11:44:48.934+0000] {dag.py:3954} INFO - Setting next_dagrun for update_db to 2026-02-15 15:00:00+00:00, run_after=2026-02-16 15:00:00+00:00
[2026-02-17T11:44:48.962+0000] {processor.py:183} INFO - Processing /opt/airflow/dags/main.py took 0.158 seconds
[2026-02-17T11:45:19.057+0000] {processor.py:161} INFO - Started process (PID=807) to work on /opt/airflow/dags/main.py
[2026-02-17T11:45:19.058+0000] {processor.py:830} INFO - Processing file /opt/airflow/dags/main.py for tasks to queue
[2026-02-17T11:45:19.060+0000] {logging_mixin.py:188} INFO - [2026-02-17T11:45:19.060+0000] {dagbag.py:545} INFO - Filling up the DagBag from /opt/airflow/dags/main.py
[2026-02-17T11:45:19.131+0000] {processor.py:840} INFO - DAG(s) 'update_db', 'produce_json' retrieved from /opt/airflow/dags/main.py
[2026-02-17T11:45:19.159+0000] {logging_mixin.py:188} INFO - [2026-02-17T11:45:19.159+0000] {dag.py:3096} INFO - Sync 2 DAGs
[2026-02-17T11:45:19.186+0000] {logging_mixin.py:188} INFO - [2026-02-17T11:45:19.186+0000] {dag.py:3954} INFO - Setting next_dagrun for produce_json to 2026-02-16 14:00:00+00:00, run_after=2026-02-17 14:00:00+00:00
[2026-02-17T11:45:19.192+0000] {logging_mixin.py:188} INFO - [2026-02-17T11:45:19.192+0000] {dag.py:3954} INFO - Setting next_dagrun for update_db to 2026-02-15 15:00:00+00:00, run_after=2026-02-16 15:00:00+00:00
[2026-02-17T11:45:19.223+0000] {processor.py:183} INFO - Processing /opt/airflow/dags/main.py took 0.171 seconds
[2026-02-17T11:45:49.398+0000] {processor.py:161} INFO - Started process (PID=814) to work on /opt/airflow/dags/main.py
[2026-02-17T11:45:49.399+0000] {processor.py:830} INFO - Processing file /opt/airflow/dags/main.py for tasks to queue
[2026-02-17T11:45:49.402+0000] {logging_mixin.py:188} INFO - [2026-02-17T11:45:49.401+0000] {dagbag.py:545} INFO - Filling up the DagBag from /opt/airflow/dags/main.py
[2026-02-17T11:45:49.479+0000] {processor.py:840} INFO - DAG(s) 'update_db', 'produce_json' retrieved from /opt/airflow/dags/main.py
[2026-02-17T11:45:49.510+0000] {logging_mixin.py:188} INFO - [2026-02-17T11:45:49.510+0000] {dag.py:3096} INFO - Sync 2 DAGs
[2026-02-17T11:45:49.534+0000] {logging_mixin.py:188} INFO - [2026-02-17T11:45:49.534+0000] {dag.py:3954} INFO - Setting next_dagrun for produce_json to 2026-02-16 14:00:00+00:00, run_after=2026-02-17 14:00:00+00:00
[2026-02-17T11:45:49.540+0000] {logging_mixin.py:188} INFO - [2026-02-17T11:45:49.540+0000] {dag.py:3954} INFO - Setting next_dagrun for update_db to 2026-02-15 15:00:00+00:00, run_after=2026-02-16 15:00:00+00:00
[2026-02-17T11:45:49.572+0000] {processor.py:183} INFO - Processing /opt/airflow/dags/main.py took 0.179 seconds
[2026-02-17T11:46:19.657+0000] {processor.py:161} INFO - Started process (PID=821) to work on /opt/airflow/dags/main.py
[2026-02-17T11:46:19.658+0000] {processor.py:830} INFO - Processing file /opt/airflow/dags/main.py for tasks to queue
[2026-02-17T11:46:19.659+0000] {logging_mixin.py:188} INFO - [2026-02-17T11:46:19.659+0000] {dagbag.py:545} INFO - Filling up the DagBag from /opt/airflow/dags/main.py
[2026-02-17T11:46:19.728+0000] {processor.py:840} INFO - DAG(s) 'produce_json', 'update_db' retrieved from /opt/airflow/dags/main.py
[2026-02-17T11:46:19.768+0000] {logging_mixin.py:188} INFO - [2026-02-17T11:46:19.768+0000] {dag.py:3096} INFO - Sync 2 DAGs
[2026-02-17T11:46:19.791+0000] {logging_mixin.py:188} INFO - [2026-02-17T11:46:19.791+0000] {dag.py:3954} INFO - Setting next_dagrun for produce_json to 2026-02-16 14:00:00+00:00, run_after=2026-02-17 14:00:00+00:00
[2026-02-17T11:46:19.795+0000] {logging_mixin.py:188} INFO - [2026-02-17T11:46:19.795+0000] {dag.py:3954} INFO - Setting next_dagrun for update_db to 2026-02-15 15:00:00+00:00, run_after=2026-02-16 15:00:00+00:00
[2026-02-17T11:46:19.820+0000] {processor.py:183} INFO - Processing /opt/airflow/dags/main.py took 0.169 seconds
[2026-02-17T11:46:50.011+0000] {processor.py:161} INFO - Started process (PID=828) to work on /opt/airflow/dags/main.py
[2026-02-17T11:46:50.012+0000] {processor.py:830} INFO - Processing file /opt/airflow/dags/main.py for tasks to queue
[2026-02-17T11:46:50.014+0000] {logging_mixin.py:188} INFO - [2026-02-17T11:46:50.013+0000] {dagbag.py:545} INFO - Filling up the DagBag from /opt/airflow/dags/main.py
[2026-02-17T11:46:50.100+0000] {processor.py:840} INFO - DAG(s) 'update_db', 'produce_json' retrieved from /opt/airflow/dags/main.py
[2026-02-17T11:46:50.132+0000] {logging_mixin.py:188} INFO - [2026-02-17T11:46:50.132+0000] {dag.py:3096} INFO - Sync 2 DAGs
[2026-02-17T11:46:50.160+0000] {logging_mixin.py:188} INFO - [2026-02-17T11:46:50.160+0000] {dag.py:3954} INFO - Setting next_dagrun for produce_json to 2026-02-16 14:00:00+00:00, run_after=2026-02-17 14:00:00+00:00
[2026-02-17T11:46:50.167+0000] {logging_mixin.py:188} INFO - [2026-02-17T11:46:50.167+0000] {dag.py:3954} INFO - Setting next_dagrun for update_db to 2026-02-15 15:00:00+00:00, run_after=2026-02-16 15:00:00+00:00
[2026-02-17T11:46:50.204+0000] {processor.py:183} INFO - Processing /opt/airflow/dags/main.py took 0.199 seconds
[2026-02-17T11:47:20.368+0000] {processor.py:161} INFO - Started process (PID=835) to work on /opt/airflow/dags/main.py
[2026-02-17T11:47:20.369+0000] {processor.py:830} INFO - Processing file /opt/airflow/dags/main.py for tasks to queue
[2026-02-17T11:47:20.371+0000] {logging_mixin.py:188} INFO - [2026-02-17T11:47:20.370+0000] {dagbag.py:545} INFO - Filling up the DagBag from /opt/airflow/dags/main.py
[2026-02-17T11:47:20.449+0000] {processor.py:840} INFO - DAG(s) 'produce_json', 'update_db' retrieved from /opt/airflow/dags/main.py
[2026-02-17T11:47:20.481+0000] {logging_mixin.py:188} INFO - [2026-02-17T11:47:20.481+0000] {dag.py:3096} INFO - Sync 2 DAGs
[2026-02-17T11:47:20.506+0000] {logging_mixin.py:188} INFO - [2026-02-17T11:47:20.505+0000] {dag.py:3954} INFO - Setting next_dagrun for produce_json to 2026-02-16 14:00:00+00:00, run_after=2026-02-17 14:00:00+00:00
[2026-02-17T11:47:20.511+0000] {logging_mixin.py:188} INFO - [2026-02-17T11:47:20.511+0000] {dag.py:3954} INFO - Setting next_dagrun for update_db to 2026-02-15 15:00:00+00:00, run_after=2026-02-16 15:00:00+00:00
[2026-02-17T11:47:20.543+0000] {processor.py:183} INFO - Processing /opt/airflow/dags/main.py took 0.180 seconds
[2026-02-17T11:47:50.699+0000] {processor.py:161} INFO - Started process (PID=842) to work on /opt/airflow/dags/main.py
[2026-02-17T11:47:50.700+0000] {processor.py:830} INFO - Processing file /opt/airflow/dags/main.py for tasks to queue
[2026-02-17T11:47:50.702+0000] {logging_mixin.py:188} INFO - [2026-02-17T11:47:50.702+0000] {dagbag.py:545} INFO - Filling up the DagBag from /opt/airflow/dags/main.py
[2026-02-17T11:47:50.794+0000] {processor.py:840} INFO - DAG(s) 'produce_json', 'update_db' retrieved from /opt/airflow/dags/main.py
[2026-02-17T11:47:50.833+0000] {logging_mixin.py:188} INFO - [2026-02-17T11:47:50.833+0000] {dag.py:3096} INFO - Sync 2 DAGs
[2026-02-17T11:47:50.860+0000] {logging_mixin.py:188} INFO - [2026-02-17T11:47:50.860+0000] {dag.py:3954} INFO - Setting next_dagrun for produce_json to 2026-02-16 14:00:00+00:00, run_after=2026-02-17 14:00:00+00:00
[2026-02-17T11:47:50.867+0000] {logging_mixin.py:188} INFO - [2026-02-17T11:47:50.867+0000] {dag.py:3954} INFO - Setting next_dagrun for update_db to 2026-02-15 15:00:00+00:00, run_after=2026-02-16 15:00:00+00:00
[2026-02-17T11:47:50.918+0000] {processor.py:183} INFO - Processing /opt/airflow/dags/main.py took 0.225 seconds
[2026-02-17T11:48:20.993+0000] {processor.py:161} INFO - Started process (PID=849) to work on /opt/airflow/dags/main.py
[2026-02-17T11:48:20.994+0000] {processor.py:830} INFO - Processing file /opt/airflow/dags/main.py for tasks to queue
[2026-02-17T11:48:20.996+0000] {logging_mixin.py:188} INFO - [2026-02-17T11:48:20.995+0000] {dagbag.py:545} INFO - Filling up the DagBag from /opt/airflow/dags/main.py
[2026-02-17T11:48:21.066+0000] {processor.py:840} INFO - DAG(s) 'produce_json', 'update_db' retrieved from /opt/airflow/dags/main.py
[2026-02-17T11:48:21.097+0000] {logging_mixin.py:188} INFO - [2026-02-17T11:48:21.097+0000] {dag.py:3096} INFO - Sync 2 DAGs
[2026-02-17T11:48:21.118+0000] {logging_mixin.py:188} INFO - [2026-02-17T11:48:21.118+0000] {dag.py:3954} INFO - Setting next_dagrun for produce_json to 2026-02-16 14:00:00+00:00, run_after=2026-02-17 14:00:00+00:00
[2026-02-17T11:48:21.124+0000] {logging_mixin.py:188} INFO - [2026-02-17T11:48:21.124+0000] {dag.py:3954} INFO - Setting next_dagrun for update_db to 2026-02-15 15:00:00+00:00, run_after=2026-02-16 15:00:00+00:00
[2026-02-17T11:48:21.154+0000] {processor.py:183} INFO - Processing /opt/airflow/dags/main.py took 0.167 seconds
[2026-02-17T11:48:51.383+0000] {processor.py:161} INFO - Started process (PID=856) to work on /opt/airflow/dags/main.py
[2026-02-17T11:48:51.384+0000] {processor.py:830} INFO - Processing file /opt/airflow/dags/main.py for tasks to queue
[2026-02-17T11:48:51.386+0000] {logging_mixin.py:188} INFO - [2026-02-17T11:48:51.386+0000] {dagbag.py:545} INFO - Filling up the DagBag from /opt/airflow/dags/main.py
[2026-02-17T11:48:51.469+0000] {processor.py:840} INFO - DAG(s) 'update_db', 'produce_json' retrieved from /opt/airflow/dags/main.py
[2026-02-17T11:48:51.501+0000] {logging_mixin.py:188} INFO - [2026-02-17T11:48:51.500+0000] {dag.py:3096} INFO - Sync 2 DAGs
[2026-02-17T11:48:51.526+0000] {logging_mixin.py:188} INFO - [2026-02-17T11:48:51.525+0000] {dag.py:3954} INFO - Setting next_dagrun for produce_json to 2026-02-16 14:00:00+00:00, run_after=2026-02-17 14:00:00+00:00
[2026-02-17T11:48:51.530+0000] {logging_mixin.py:188} INFO - [2026-02-17T11:48:51.530+0000] {dag.py:3954} INFO - Setting next_dagrun for update_db to 2026-02-15 15:00:00+00:00, run_after=2026-02-16 15:00:00+00:00
[2026-02-17T11:48:51.562+0000] {processor.py:183} INFO - Processing /opt/airflow/dags/main.py took 0.183 seconds
[2026-02-17T11:49:21.649+0000] {processor.py:161} INFO - Started process (PID=863) to work on /opt/airflow/dags/main.py
[2026-02-17T11:49:21.650+0000] {processor.py:830} INFO - Processing file /opt/airflow/dags/main.py for tasks to queue
[2026-02-17T11:49:21.651+0000] {logging_mixin.py:188} INFO - [2026-02-17T11:49:21.651+0000] {dagbag.py:545} INFO - Filling up the DagBag from /opt/airflow/dags/main.py
[2026-02-17T11:49:21.720+0000] {processor.py:840} INFO - DAG(s) 'produce_json', 'update_db' retrieved from /opt/airflow/dags/main.py
[2026-02-17T11:49:21.749+0000] {logging_mixin.py:188} INFO - [2026-02-17T11:49:21.749+0000] {dag.py:3096} INFO - Sync 2 DAGs
[2026-02-17T11:49:21.772+0000] {logging_mixin.py:188} INFO - [2026-02-17T11:49:21.771+0000] {dag.py:3954} INFO - Setting next_dagrun for produce_json to 2026-02-16 14:00:00+00:00, run_after=2026-02-17 14:00:00+00:00
[2026-02-17T11:49:21.776+0000] {logging_mixin.py:188} INFO - [2026-02-17T11:49:21.776+0000] {dag.py:3954} INFO - Setting next_dagrun for update_db to 2026-02-15 15:00:00+00:00, run_after=2026-02-16 15:00:00+00:00
[2026-02-17T11:49:21.795+0000] {processor.py:183} INFO - Processing /opt/airflow/dags/main.py took 0.152 seconds
[2026-02-17T11:49:52.065+0000] {processor.py:161} INFO - Started process (PID=870) to work on /opt/airflow/dags/main.py
[2026-02-17T11:49:52.066+0000] {processor.py:830} INFO - Processing file /opt/airflow/dags/main.py for tasks to queue
[2026-02-17T11:49:52.068+0000] {logging_mixin.py:188} INFO - [2026-02-17T11:49:52.067+0000] {dagbag.py:545} INFO - Filling up the DagBag from /opt/airflow/dags/main.py
[2026-02-17T11:49:52.134+0000] {processor.py:840} INFO - DAG(s) 'produce_json', 'update_db' retrieved from /opt/airflow/dags/main.py
[2026-02-17T11:49:52.165+0000] {logging_mixin.py:188} INFO - [2026-02-17T11:49:52.165+0000] {dag.py:3096} INFO - Sync 2 DAGs
[2026-02-17T11:49:52.187+0000] {logging_mixin.py:188} INFO - [2026-02-17T11:49:52.187+0000] {dag.py:3954} INFO - Setting next_dagrun for produce_json to 2026-02-16 14:00:00+00:00, run_after=2026-02-17 14:00:00+00:00
[2026-02-17T11:49:52.192+0000] {logging_mixin.py:188} INFO - [2026-02-17T11:49:52.192+0000] {dag.py:3954} INFO - Setting next_dagrun for update_db to 2026-02-15 15:00:00+00:00, run_after=2026-02-16 15:00:00+00:00
[2026-02-17T11:49:52.211+0000] {processor.py:183} INFO - Processing /opt/airflow/dags/main.py took 0.152 seconds
[2026-02-17T11:50:22.296+0000] {processor.py:161} INFO - Started process (PID=877) to work on /opt/airflow/dags/main.py
[2026-02-17T11:50:22.297+0000] {processor.py:830} INFO - Processing file /opt/airflow/dags/main.py for tasks to queue
[2026-02-17T11:50:22.298+0000] {logging_mixin.py:188} INFO - [2026-02-17T11:50:22.298+0000] {dagbag.py:545} INFO - Filling up the DagBag from /opt/airflow/dags/main.py
[2026-02-17T11:50:22.378+0000] {processor.py:840} INFO - DAG(s) 'produce_json', 'update_db' retrieved from /opt/airflow/dags/main.py
[2026-02-17T11:50:22.413+0000] {logging_mixin.py:188} INFO - [2026-02-17T11:50:22.413+0000] {dag.py:3096} INFO - Sync 2 DAGs
[2026-02-17T11:50:22.435+0000] {logging_mixin.py:188} INFO - [2026-02-17T11:50:22.435+0000] {dag.py:3954} INFO - Setting next_dagrun for produce_json to 2026-02-16 14:00:00+00:00, run_after=2026-02-17 14:00:00+00:00
[2026-02-17T11:50:22.440+0000] {logging_mixin.py:188} INFO - [2026-02-17T11:50:22.440+0000] {dag.py:3954} INFO - Setting next_dagrun for update_db to 2026-02-15 15:00:00+00:00, run_after=2026-02-16 15:00:00+00:00
[2026-02-17T11:50:22.461+0000] {processor.py:183} INFO - Processing /opt/airflow/dags/main.py took 0.170 seconds
[2026-02-17T11:50:52.667+0000] {processor.py:161} INFO - Started process (PID=884) to work on /opt/airflow/dags/main.py
[2026-02-17T11:50:52.668+0000] {processor.py:830} INFO - Processing file /opt/airflow/dags/main.py for tasks to queue
[2026-02-17T11:50:52.670+0000] {logging_mixin.py:188} INFO - [2026-02-17T11:50:52.670+0000] {dagbag.py:545} INFO - Filling up the DagBag from /opt/airflow/dags/main.py
[2026-02-17T11:50:52.743+0000] {processor.py:840} INFO - DAG(s) 'produce_json', 'update_db' retrieved from /opt/airflow/dags/main.py
[2026-02-17T11:50:52.775+0000] {logging_mixin.py:188} INFO - [2026-02-17T11:50:52.775+0000] {dag.py:3096} INFO - Sync 2 DAGs
[2026-02-17T11:50:52.797+0000] {logging_mixin.py:188} INFO - [2026-02-17T11:50:52.797+0000] {dag.py:3954} INFO - Setting next_dagrun for produce_json to 2026-02-16 14:00:00+00:00, run_after=2026-02-17 14:00:00+00:00
[2026-02-17T11:50:52.802+0000] {logging_mixin.py:188} INFO - [2026-02-17T11:50:52.802+0000] {dag.py:3954} INFO - Setting next_dagrun for update_db to 2026-02-15 15:00:00+00:00, run_after=2026-02-16 15:00:00+00:00
[2026-02-17T11:50:52.821+0000] {processor.py:183} INFO - Processing /opt/airflow/dags/main.py took 0.159 seconds
[2026-02-17T11:51:22.948+0000] {processor.py:161} INFO - Started process (PID=891) to work on /opt/airflow/dags/main.py
[2026-02-17T11:51:22.949+0000] {processor.py:830} INFO - Processing file /opt/airflow/dags/main.py for tasks to queue
[2026-02-17T11:51:22.951+0000] {logging_mixin.py:188} INFO - [2026-02-17T11:51:22.951+0000] {dagbag.py:545} INFO - Filling up the DagBag from /opt/airflow/dags/main.py
[2026-02-17T11:51:23.026+0000] {processor.py:840} INFO - DAG(s) 'produce_json', 'update_db' retrieved from /opt/airflow/dags/main.py
[2026-02-17T11:51:23.055+0000] {logging_mixin.py:188} INFO - [2026-02-17T11:51:23.055+0000] {dag.py:3096} INFO - Sync 2 DAGs
[2026-02-17T11:51:23.078+0000] {logging_mixin.py:188} INFO - [2026-02-17T11:51:23.077+0000] {dag.py:3954} INFO - Setting next_dagrun for produce_json to 2026-02-16 14:00:00+00:00, run_after=2026-02-17 14:00:00+00:00
[2026-02-17T11:51:23.083+0000] {logging_mixin.py:188} INFO - [2026-02-17T11:51:23.083+0000] {dag.py:3954} INFO - Setting next_dagrun for update_db to 2026-02-15 15:00:00+00:00, run_after=2026-02-16 15:00:00+00:00
[2026-02-17T11:51:23.102+0000] {processor.py:183} INFO - Processing /opt/airflow/dags/main.py took 0.162 seconds
[2026-02-17T11:51:53.375+0000] {processor.py:161} INFO - Started process (PID=898) to work on /opt/airflow/dags/main.py
[2026-02-17T11:51:53.376+0000] {processor.py:830} INFO - Processing file /opt/airflow/dags/main.py for tasks to queue
[2026-02-17T11:51:53.378+0000] {logging_mixin.py:188} INFO - [2026-02-17T11:51:53.377+0000] {dagbag.py:545} INFO - Filling up the DagBag from /opt/airflow/dags/main.py
[2026-02-17T11:51:53.454+0000] {processor.py:840} INFO - DAG(s) 'update_db', 'produce_json' retrieved from /opt/airflow/dags/main.py
[2026-02-17T11:51:53.485+0000] {logging_mixin.py:188} INFO - [2026-02-17T11:51:53.485+0000] {dag.py:3096} INFO - Sync 2 DAGs
[2026-02-17T11:51:53.509+0000] {logging_mixin.py:188} INFO - [2026-02-17T11:51:53.508+0000] {dag.py:3954} INFO - Setting next_dagrun for produce_json to 2026-02-16 14:00:00+00:00, run_after=2026-02-17 14:00:00+00:00
[2026-02-17T11:51:53.514+0000] {logging_mixin.py:188} INFO - [2026-02-17T11:51:53.514+0000] {dag.py:3954} INFO - Setting next_dagrun for update_db to 2026-02-15 15:00:00+00:00, run_after=2026-02-16 15:00:00+00:00
[2026-02-17T11:51:53.529+0000] {processor.py:183} INFO - Processing /opt/airflow/dags/main.py took 0.159 seconds
[2026-02-17T11:52:23.733+0000] {processor.py:161} INFO - Started process (PID=905) to work on /opt/airflow/dags/main.py
[2026-02-17T11:52:23.734+0000] {processor.py:830} INFO - Processing file /opt/airflow/dags/main.py for tasks to queue
[2026-02-17T11:52:23.736+0000] {logging_mixin.py:188} INFO - [2026-02-17T11:52:23.736+0000] {dagbag.py:545} INFO - Filling up the DagBag from /opt/airflow/dags/main.py
[2026-02-17T11:52:23.805+0000] {processor.py:840} INFO - DAG(s) 'produce_json', 'update_db' retrieved from /opt/airflow/dags/main.py
[2026-02-17T11:52:23.835+0000] {logging_mixin.py:188} INFO - [2026-02-17T11:52:23.835+0000] {dag.py:3096} INFO - Sync 2 DAGs
[2026-02-17T11:52:23.857+0000] {logging_mixin.py:188} INFO - [2026-02-17T11:52:23.857+0000] {dag.py:3954} INFO - Setting next_dagrun for produce_json to 2026-02-16 14:00:00+00:00, run_after=2026-02-17 14:00:00+00:00
[2026-02-17T11:52:23.861+0000] {logging_mixin.py:188} INFO - [2026-02-17T11:52:23.861+0000] {dag.py:3954} INFO - Setting next_dagrun for update_db to 2026-02-15 15:00:00+00:00, run_after=2026-02-16 15:00:00+00:00
[2026-02-17T11:52:23.894+0000] {processor.py:183} INFO - Processing /opt/airflow/dags/main.py took 0.166 seconds
[2026-02-17T11:52:54.048+0000] {processor.py:161} INFO - Started process (PID=912) to work on /opt/airflow/dags/main.py
[2026-02-17T11:52:54.049+0000] {processor.py:830} INFO - Processing file /opt/airflow/dags/main.py for tasks to queue
[2026-02-17T11:52:54.051+0000] {logging_mixin.py:188} INFO - [2026-02-17T11:52:54.051+0000] {dagbag.py:545} INFO - Filling up the DagBag from /opt/airflow/dags/main.py
[2026-02-17T11:52:54.125+0000] {processor.py:840} INFO - DAG(s) 'produce_json', 'update_db' retrieved from /opt/airflow/dags/main.py
[2026-02-17T11:52:54.156+0000] {logging_mixin.py:188} INFO - [2026-02-17T11:52:54.156+0000] {dag.py:3096} INFO - Sync 2 DAGs
[2026-02-17T11:52:54.177+0000] {logging_mixin.py:188} INFO - [2026-02-17T11:52:54.177+0000] {dag.py:3954} INFO - Setting next_dagrun for produce_json to 2026-02-16 14:00:00+00:00, run_after=2026-02-17 14:00:00+00:00
[2026-02-17T11:52:54.182+0000] {logging_mixin.py:188} INFO - [2026-02-17T11:52:54.182+0000] {dag.py:3954} INFO - Setting next_dagrun for update_db to 2026-02-15 15:00:00+00:00, run_after=2026-02-16 15:00:00+00:00
[2026-02-17T11:52:54.211+0000] {processor.py:183} INFO - Processing /opt/airflow/dags/main.py took 0.168 seconds
[2026-02-17T12:17:13.205+0000] {processor.py:161} INFO - Started process (PID=913) to work on /opt/airflow/dags/main.py
[2026-02-17T12:17:13.207+0000] {processor.py:830} INFO - Processing file /opt/airflow/dags/main.py for tasks to queue
[2026-02-17T12:17:13.212+0000] {logging_mixin.py:188} INFO - [2026-02-17T12:17:13.211+0000] {dagbag.py:545} INFO - Filling up the DagBag from /opt/airflow/dags/main.py
[2026-02-17T12:17:13.341+0000] {processor.py:840} INFO - DAG(s) 'produce_json', 'update_db' retrieved from /opt/airflow/dags/main.py
[2026-02-17T12:17:13.393+0000] {logging_mixin.py:188} INFO - [2026-02-17T12:17:13.393+0000] {dag.py:3096} INFO - Sync 2 DAGs
[2026-02-17T12:17:13.431+0000] {logging_mixin.py:188} INFO - [2026-02-17T12:17:13.431+0000] {dag.py:3954} INFO - Setting next_dagrun for produce_json to 2026-02-16 14:00:00+00:00, run_after=2026-02-17 14:00:00+00:00
[2026-02-17T12:17:13.438+0000] {logging_mixin.py:188} INFO - [2026-02-17T12:17:13.437+0000] {dag.py:3954} INFO - Setting next_dagrun for update_db to 2026-02-15 15:00:00+00:00, run_after=2026-02-16 15:00:00+00:00
[2026-02-17T12:17:13.456+0000] {processor.py:183} INFO - Processing /opt/airflow/dags/main.py took 0.259 seconds
[2026-02-17T12:17:43.721+0000] {processor.py:161} INFO - Started process (PID=920) to work on /opt/airflow/dags/main.py
[2026-02-17T12:17:43.722+0000] {processor.py:830} INFO - Processing file /opt/airflow/dags/main.py for tasks to queue
[2026-02-17T12:17:43.725+0000] {logging_mixin.py:188} INFO - [2026-02-17T12:17:43.725+0000] {dagbag.py:545} INFO - Filling up the DagBag from /opt/airflow/dags/main.py
[2026-02-17T12:17:43.789+0000] {processor.py:840} INFO - DAG(s) 'update_db', 'produce_json' retrieved from /opt/airflow/dags/main.py
[2026-02-17T12:17:43.819+0000] {logging_mixin.py:188} INFO - [2026-02-17T12:17:43.819+0000] {dag.py:3096} INFO - Sync 2 DAGs
[2026-02-17T12:17:43.840+0000] {logging_mixin.py:188} INFO - [2026-02-17T12:17:43.840+0000] {dag.py:3954} INFO - Setting next_dagrun for produce_json to 2026-02-16 14:00:00+00:00, run_after=2026-02-17 14:00:00+00:00
[2026-02-17T12:17:43.845+0000] {logging_mixin.py:188} INFO - [2026-02-17T12:17:43.844+0000] {dag.py:3954} INFO - Setting next_dagrun for update_db to 2026-02-15 15:00:00+00:00, run_after=2026-02-16 15:00:00+00:00
[2026-02-17T12:17:43.864+0000] {processor.py:183} INFO - Processing /opt/airflow/dags/main.py took 0.148 seconds
[2026-02-17T12:18:14.002+0000] {processor.py:161} INFO - Started process (PID=927) to work on /opt/airflow/dags/main.py
[2026-02-17T12:18:14.003+0000] {processor.py:830} INFO - Processing file /opt/airflow/dags/main.py for tasks to queue
[2026-02-17T12:18:14.005+0000] {logging_mixin.py:188} INFO - [2026-02-17T12:18:14.004+0000] {dagbag.py:545} INFO - Filling up the DagBag from /opt/airflow/dags/main.py
[2026-02-17T12:18:14.080+0000] {processor.py:840} INFO - DAG(s) 'update_db', 'produce_json' retrieved from /opt/airflow/dags/main.py
[2026-02-17T12:18:14.115+0000] {logging_mixin.py:188} INFO - [2026-02-17T12:18:14.115+0000] {dag.py:3096} INFO - Sync 2 DAGs
[2026-02-17T12:18:14.136+0000] {logging_mixin.py:188} INFO - [2026-02-17T12:18:14.136+0000] {dag.py:3954} INFO - Setting next_dagrun for produce_json to 2026-02-16 14:00:00+00:00, run_after=2026-02-17 14:00:00+00:00
[2026-02-17T12:18:14.141+0000] {logging_mixin.py:188} INFO - [2026-02-17T12:18:14.141+0000] {dag.py:3954} INFO - Setting next_dagrun for update_db to 2026-02-15 15:00:00+00:00, run_after=2026-02-16 15:00:00+00:00
[2026-02-17T12:18:14.161+0000] {processor.py:183} INFO - Processing /opt/airflow/dags/main.py took 0.165 seconds
[2026-02-17T12:18:44.400+0000] {processor.py:161} INFO - Started process (PID=934) to work on /opt/airflow/dags/main.py
[2026-02-17T12:18:44.401+0000] {processor.py:830} INFO - Processing file /opt/airflow/dags/main.py for tasks to queue
[2026-02-17T12:18:44.403+0000] {logging_mixin.py:188} INFO - [2026-02-17T12:18:44.402+0000] {dagbag.py:545} INFO - Filling up the DagBag from /opt/airflow/dags/main.py
[2026-02-17T12:18:44.471+0000] {processor.py:840} INFO - DAG(s) 'update_db', 'produce_json' retrieved from /opt/airflow/dags/main.py
[2026-02-17T12:18:44.502+0000] {logging_mixin.py:188} INFO - [2026-02-17T12:18:44.502+0000] {dag.py:3096} INFO - Sync 2 DAGs
[2026-02-17T12:18:44.524+0000] {logging_mixin.py:188} INFO - [2026-02-17T12:18:44.524+0000] {dag.py:3954} INFO - Setting next_dagrun for produce_json to 2026-02-16 14:00:00+00:00, run_after=2026-02-17 14:00:00+00:00
[2026-02-17T12:18:44.530+0000] {logging_mixin.py:188} INFO - [2026-02-17T12:18:44.530+0000] {dag.py:3954} INFO - Setting next_dagrun for update_db to 2026-02-15 15:00:00+00:00, run_after=2026-02-16 15:00:00+00:00
[2026-02-17T12:18:44.559+0000] {processor.py:183} INFO - Processing /opt/airflow/dags/main.py took 0.165 seconds
[2026-02-17T12:19:14.683+0000] {processor.py:161} INFO - Started process (PID=941) to work on /opt/airflow/dags/main.py
[2026-02-17T12:19:14.684+0000] {processor.py:830} INFO - Processing file /opt/airflow/dags/main.py for tasks to queue
[2026-02-17T12:19:14.686+0000] {logging_mixin.py:188} INFO - [2026-02-17T12:19:14.685+0000] {dagbag.py:545} INFO - Filling up the DagBag from /opt/airflow/dags/main.py
[2026-02-17T12:19:14.750+0000] {processor.py:840} INFO - DAG(s) 'update_db', 'produce_json' retrieved from /opt/airflow/dags/main.py
[2026-02-17T12:19:14.782+0000] {logging_mixin.py:188} INFO - [2026-02-17T12:19:14.782+0000] {dag.py:3096} INFO - Sync 2 DAGs
[2026-02-17T12:19:14.803+0000] {logging_mixin.py:188} INFO - [2026-02-17T12:19:14.803+0000] {dag.py:3954} INFO - Setting next_dagrun for produce_json to 2026-02-16 14:00:00+00:00, run_after=2026-02-17 14:00:00+00:00
[2026-02-17T12:19:14.808+0000] {logging_mixin.py:188} INFO - [2026-02-17T12:19:14.808+0000] {dag.py:3954} INFO - Setting next_dagrun for update_db to 2026-02-15 15:00:00+00:00, run_after=2026-02-16 15:00:00+00:00
[2026-02-17T12:19:14.837+0000] {processor.py:183} INFO - Processing /opt/airflow/dags/main.py took 0.160 seconds
[2026-02-17T12:19:45.144+0000] {processor.py:161} INFO - Started process (PID=948) to work on /opt/airflow/dags/main.py
[2026-02-17T12:19:45.145+0000] {processor.py:830} INFO - Processing file /opt/airflow/dags/main.py for tasks to queue
[2026-02-17T12:19:45.147+0000] {logging_mixin.py:188} INFO - [2026-02-17T12:19:45.147+0000] {dagbag.py:545} INFO - Filling up the DagBag from /opt/airflow/dags/main.py
[2026-02-17T12:19:45.210+0000] {processor.py:840} INFO - DAG(s) 'update_db', 'produce_json' retrieved from /opt/airflow/dags/main.py
[2026-02-17T12:19:45.240+0000] {logging_mixin.py:188} INFO - [2026-02-17T12:19:45.240+0000] {dag.py:3096} INFO - Sync 2 DAGs
[2026-02-17T12:19:45.265+0000] {logging_mixin.py:188} INFO - [2026-02-17T12:19:45.265+0000] {dag.py:3954} INFO - Setting next_dagrun for produce_json to 2026-02-16 14:00:00+00:00, run_after=2026-02-17 14:00:00+00:00
[2026-02-17T12:19:45.271+0000] {logging_mixin.py:188} INFO - [2026-02-17T12:19:45.271+0000] {dag.py:3954} INFO - Setting next_dagrun for update_db to 2026-02-15 15:00:00+00:00, run_after=2026-02-16 15:00:00+00:00
[2026-02-17T12:19:45.303+0000] {processor.py:183} INFO - Processing /opt/airflow/dags/main.py took 0.164 seconds
[2026-02-17T12:36:21.658+0000] {processor.py:161} INFO - Started process (PID=955) to work on /opt/airflow/dags/main.py
[2026-02-17T12:36:21.660+0000] {processor.py:830} INFO - Processing file /opt/airflow/dags/main.py for tasks to queue
[2026-02-17T12:36:21.664+0000] {logging_mixin.py:188} INFO - [2026-02-17T12:36:21.663+0000] {dagbag.py:545} INFO - Filling up the DagBag from /opt/airflow/dags/main.py
[2026-02-17T12:36:21.840+0000] {processor.py:840} INFO - DAG(s) 'produce_json', 'update_db' retrieved from /opt/airflow/dags/main.py
[2026-02-17T12:36:21.933+0000] {logging_mixin.py:188} INFO - [2026-02-17T12:36:21.932+0000] {dag.py:3096} INFO - Sync 2 DAGs
[2026-02-17T12:36:22.002+0000] {logging_mixin.py:188} INFO - [2026-02-17T12:36:22.001+0000] {dag.py:3954} INFO - Setting next_dagrun for produce_json to 2026-02-16 14:00:00+00:00, run_after=2026-02-17 14:00:00+00:00
[2026-02-17T12:36:22.016+0000] {logging_mixin.py:188} INFO - [2026-02-17T12:36:22.016+0000] {dag.py:3954} INFO - Setting next_dagrun for update_db to 2026-02-15 15:00:00+00:00, run_after=2026-02-16 15:00:00+00:00
[2026-02-17T12:36:22.055+0000] {processor.py:183} INFO - Processing /opt/airflow/dags/main.py took 0.419 seconds
[2026-02-17T12:36:52.319+0000] {processor.py:161} INFO - Started process (PID=962) to work on /opt/airflow/dags/main.py
[2026-02-17T12:36:52.320+0000] {processor.py:830} INFO - Processing file /opt/airflow/dags/main.py for tasks to queue
[2026-02-17T12:36:52.322+0000] {logging_mixin.py:188} INFO - [2026-02-17T12:36:52.322+0000] {dagbag.py:545} INFO - Filling up the DagBag from /opt/airflow/dags/main.py
[2026-02-17T12:36:52.392+0000] {processor.py:840} INFO - DAG(s) 'update_db', 'produce_json' retrieved from /opt/airflow/dags/main.py
[2026-02-17T12:36:52.427+0000] {logging_mixin.py:188} INFO - [2026-02-17T12:36:52.427+0000] {dag.py:3096} INFO - Sync 2 DAGs
[2026-02-17T12:36:52.450+0000] {logging_mixin.py:188} INFO - [2026-02-17T12:36:52.449+0000] {dag.py:3954} INFO - Setting next_dagrun for produce_json to 2026-02-16 14:00:00+00:00, run_after=2026-02-17 14:00:00+00:00
[2026-02-17T12:36:52.455+0000] {logging_mixin.py:188} INFO - [2026-02-17T12:36:52.454+0000] {dag.py:3954} INFO - Setting next_dagrun for update_db to 2026-02-15 15:00:00+00:00, run_after=2026-02-16 15:00:00+00:00
[2026-02-17T12:36:52.474+0000] {processor.py:183} INFO - Processing /opt/airflow/dags/main.py took 0.161 seconds
[2026-02-17T12:37:22.617+0000] {processor.py:161} INFO - Started process (PID=969) to work on /opt/airflow/dags/main.py
[2026-02-17T12:37:22.618+0000] {processor.py:830} INFO - Processing file /opt/airflow/dags/main.py for tasks to queue
[2026-02-17T12:37:22.620+0000] {logging_mixin.py:188} INFO - [2026-02-17T12:37:22.620+0000] {dagbag.py:545} INFO - Filling up the DagBag from /opt/airflow/dags/main.py
[2026-02-17T12:37:22.690+0000] {processor.py:840} INFO - DAG(s) 'update_db', 'produce_json' retrieved from /opt/airflow/dags/main.py
[2026-02-17T12:37:22.725+0000] {logging_mixin.py:188} INFO - [2026-02-17T12:37:22.725+0000] {dag.py:3096} INFO - Sync 2 DAGs
[2026-02-17T12:37:22.751+0000] {logging_mixin.py:188} INFO - [2026-02-17T12:37:22.751+0000] {dag.py:3954} INFO - Setting next_dagrun for produce_json to 2026-02-16 14:00:00+00:00, run_after=2026-02-17 14:00:00+00:00
[2026-02-17T12:37:22.756+0000] {logging_mixin.py:188} INFO - [2026-02-17T12:37:22.756+0000] {dag.py:3954} INFO - Setting next_dagrun for update_db to 2026-02-15 15:00:00+00:00, run_after=2026-02-16 15:00:00+00:00
[2026-02-17T12:37:22.786+0000] {processor.py:183} INFO - Processing /opt/airflow/dags/main.py took 0.176 seconds
[2026-02-17T12:37:53.025+0000] {processor.py:161} INFO - Started process (PID=976) to work on /opt/airflow/dags/main.py
[2026-02-17T12:37:53.026+0000] {processor.py:830} INFO - Processing file /opt/airflow/dags/main.py for tasks to queue
[2026-02-17T12:37:53.028+0000] {logging_mixin.py:188} INFO - [2026-02-17T12:37:53.028+0000] {dagbag.py:545} INFO - Filling up the DagBag from /opt/airflow/dags/main.py
[2026-02-17T12:37:53.097+0000] {processor.py:840} INFO - DAG(s) 'produce_json', 'update_db' retrieved from /opt/airflow/dags/main.py
[2026-02-17T12:37:53.126+0000] {logging_mixin.py:188} INFO - [2026-02-17T12:37:53.126+0000] {dag.py:3096} INFO - Sync 2 DAGs
[2026-02-17T12:37:53.148+0000] {logging_mixin.py:188} INFO - [2026-02-17T12:37:53.148+0000] {dag.py:3954} INFO - Setting next_dagrun for produce_json to 2026-02-16 14:00:00+00:00, run_after=2026-02-17 14:00:00+00:00
[2026-02-17T12:37:53.161+0000] {logging_mixin.py:188} INFO - [2026-02-17T12:37:53.160+0000] {dag.py:3954} INFO - Setting next_dagrun for update_db to 2026-02-15 15:00:00+00:00, run_after=2026-02-16 15:00:00+00:00
[2026-02-17T12:37:53.179+0000] {processor.py:183} INFO - Processing /opt/airflow/dags/main.py took 0.160 seconds
[2026-02-17T12:38:23.378+0000] {processor.py:161} INFO - Started process (PID=983) to work on /opt/airflow/dags/main.py
[2026-02-17T12:38:23.379+0000] {processor.py:830} INFO - Processing file /opt/airflow/dags/main.py for tasks to queue
[2026-02-17T12:38:23.381+0000] {logging_mixin.py:188} INFO - [2026-02-17T12:38:23.381+0000] {dagbag.py:545} INFO - Filling up the DagBag from /opt/airflow/dags/main.py
[2026-02-17T12:38:23.452+0000] {processor.py:840} INFO - DAG(s) 'update_db', 'produce_json' retrieved from /opt/airflow/dags/main.py
[2026-02-17T12:38:23.482+0000] {logging_mixin.py:188} INFO - [2026-02-17T12:38:23.481+0000] {dag.py:3096} INFO - Sync 2 DAGs
[2026-02-17T12:38:23.505+0000] {logging_mixin.py:188} INFO - [2026-02-17T12:38:23.504+0000] {dag.py:3954} INFO - Setting next_dagrun for produce_json to 2026-02-16 14:00:00+00:00, run_after=2026-02-17 14:00:00+00:00
[2026-02-17T12:38:23.510+0000] {logging_mixin.py:188} INFO - [2026-02-17T12:38:23.510+0000] {dag.py:3954} INFO - Setting next_dagrun for update_db to 2026-02-15 15:00:00+00:00, run_after=2026-02-16 15:00:00+00:00
[2026-02-17T12:38:23.528+0000] {processor.py:183} INFO - Processing /opt/airflow/dags/main.py took 0.156 seconds
[2026-02-17T12:38:53.750+0000] {processor.py:161} INFO - Started process (PID=990) to work on /opt/airflow/dags/main.py
[2026-02-17T12:38:53.751+0000] {processor.py:830} INFO - Processing file /opt/airflow/dags/main.py for tasks to queue
[2026-02-17T12:38:53.753+0000] {logging_mixin.py:188} INFO - [2026-02-17T12:38:53.753+0000] {dagbag.py:545} INFO - Filling up the DagBag from /opt/airflow/dags/main.py
[2026-02-17T12:38:53.823+0000] {processor.py:840} INFO - DAG(s) 'update_db', 'produce_json' retrieved from /opt/airflow/dags/main.py
[2026-02-17T12:38:53.850+0000] {logging_mixin.py:188} INFO - [2026-02-17T12:38:53.849+0000] {dag.py:3096} INFO - Sync 2 DAGs
[2026-02-17T12:38:53.871+0000] {logging_mixin.py:188} INFO - [2026-02-17T12:38:53.871+0000] {dag.py:3954} INFO - Setting next_dagrun for produce_json to 2026-02-16 14:00:00+00:00, run_after=2026-02-17 14:00:00+00:00
[2026-02-17T12:38:53.877+0000] {logging_mixin.py:188} INFO - [2026-02-17T12:38:53.876+0000] {dag.py:3954} INFO - Setting next_dagrun for update_db to 2026-02-15 15:00:00+00:00, run_after=2026-02-16 15:00:00+00:00
[2026-02-17T12:38:53.897+0000] {processor.py:183} INFO - Processing /opt/airflow/dags/main.py took 0.152 seconds
[2026-02-17T12:39:24.080+0000] {processor.py:161} INFO - Started process (PID=997) to work on /opt/airflow/dags/main.py
[2026-02-17T12:39:24.081+0000] {processor.py:830} INFO - Processing file /opt/airflow/dags/main.py for tasks to queue
[2026-02-17T12:39:24.083+0000] {logging_mixin.py:188} INFO - [2026-02-17T12:39:24.082+0000] {dagbag.py:545} INFO - Filling up the DagBag from /opt/airflow/dags/main.py
[2026-02-17T12:39:24.158+0000] {processor.py:840} INFO - DAG(s) 'update_db', 'produce_json' retrieved from /opt/airflow/dags/main.py
[2026-02-17T12:39:24.188+0000] {logging_mixin.py:188} INFO - [2026-02-17T12:39:24.188+0000] {dag.py:3096} INFO - Sync 2 DAGs
[2026-02-17T12:39:24.209+0000] {logging_mixin.py:188} INFO - [2026-02-17T12:39:24.209+0000] {dag.py:3954} INFO - Setting next_dagrun for produce_json to 2026-02-16 14:00:00+00:00, run_after=2026-02-17 14:00:00+00:00
[2026-02-17T12:39:24.213+0000] {logging_mixin.py:188} INFO - [2026-02-17T12:39:24.213+0000] {dag.py:3954} INFO - Setting next_dagrun for update_db to 2026-02-15 15:00:00+00:00, run_after=2026-02-16 15:00:00+00:00
[2026-02-17T12:39:24.233+0000] {processor.py:183} INFO - Processing /opt/airflow/dags/main.py took 0.159 seconds
[2026-02-17T12:39:54.386+0000] {processor.py:161} INFO - Started process (PID=1004) to work on /opt/airflow/dags/main.py
[2026-02-17T12:39:54.387+0000] {processor.py:830} INFO - Processing file /opt/airflow/dags/main.py for tasks to queue
[2026-02-17T12:39:54.389+0000] {logging_mixin.py:188} INFO - [2026-02-17T12:39:54.389+0000] {dagbag.py:545} INFO - Filling up the DagBag from /opt/airflow/dags/main.py
[2026-02-17T12:39:54.459+0000] {processor.py:840} INFO - DAG(s) 'produce_json', 'update_db' retrieved from /opt/airflow/dags/main.py
[2026-02-17T12:39:54.487+0000] {logging_mixin.py:188} INFO - [2026-02-17T12:39:54.487+0000] {dag.py:3096} INFO - Sync 2 DAGs
[2026-02-17T12:39:54.508+0000] {logging_mixin.py:188} INFO - [2026-02-17T12:39:54.508+0000] {dag.py:3954} INFO - Setting next_dagrun for produce_json to 2026-02-16 14:00:00+00:00, run_after=2026-02-17 14:00:00+00:00
[2026-02-17T12:39:54.513+0000] {logging_mixin.py:188} INFO - [2026-02-17T12:39:54.513+0000] {dag.py:3954} INFO - Setting next_dagrun for update_db to 2026-02-15 15:00:00+00:00, run_after=2026-02-16 15:00:00+00:00
[2026-02-17T12:39:54.531+0000] {processor.py:183} INFO - Processing /opt/airflow/dags/main.py took 0.150 seconds
[2026-02-17T12:40:24.701+0000] {processor.py:161} INFO - Started process (PID=1011) to work on /opt/airflow/dags/main.py
[2026-02-17T12:40:24.702+0000] {processor.py:830} INFO - Processing file /opt/airflow/dags/main.py for tasks to queue
[2026-02-17T12:40:24.704+0000] {logging_mixin.py:188} INFO - [2026-02-17T12:40:24.703+0000] {dagbag.py:545} INFO - Filling up the DagBag from /opt/airflow/dags/main.py
[2026-02-17T12:40:24.772+0000] {processor.py:840} INFO - DAG(s) 'produce_json', 'update_db' retrieved from /opt/airflow/dags/main.py
[2026-02-17T12:40:24.803+0000] {logging_mixin.py:188} INFO - [2026-02-17T12:40:24.803+0000] {dag.py:3096} INFO - Sync 2 DAGs
[2026-02-17T12:40:24.827+0000] {logging_mixin.py:188} INFO - [2026-02-17T12:40:24.827+0000] {dag.py:3954} INFO - Setting next_dagrun for produce_json to 2026-02-16 14:00:00+00:00, run_after=2026-02-17 14:00:00+00:00
[2026-02-17T12:40:24.833+0000] {logging_mixin.py:188} INFO - [2026-02-17T12:40:24.833+0000] {dag.py:3954} INFO - Setting next_dagrun for update_db to 2026-02-15 15:00:00+00:00, run_after=2026-02-16 15:00:00+00:00
[2026-02-17T12:40:24.855+0000] {processor.py:183} INFO - Processing /opt/airflow/dags/main.py took 0.159 seconds
[2026-02-17T12:40:55.017+0000] {processor.py:161} INFO - Started process (PID=1018) to work on /opt/airflow/dags/main.py
[2026-02-17T12:40:55.018+0000] {processor.py:830} INFO - Processing file /opt/airflow/dags/main.py for tasks to queue
[2026-02-17T12:40:55.019+0000] {logging_mixin.py:188} INFO - [2026-02-17T12:40:55.019+0000] {dagbag.py:545} INFO - Filling up the DagBag from /opt/airflow/dags/main.py
[2026-02-17T12:40:55.121+0000] {processor.py:840} INFO - DAG(s) 'produce_json', 'update_db' retrieved from /opt/airflow/dags/main.py
[2026-02-17T12:40:55.148+0000] {logging_mixin.py:188} INFO - [2026-02-17T12:40:55.148+0000] {dag.py:3096} INFO - Sync 2 DAGs
[2026-02-17T12:40:55.170+0000] {logging_mixin.py:188} INFO - [2026-02-17T12:40:55.170+0000] {dag.py:3954} INFO - Setting next_dagrun for produce_json to 2026-02-16 14:00:00+00:00, run_after=2026-02-17 14:00:00+00:00
[2026-02-17T12:40:55.175+0000] {logging_mixin.py:188} INFO - [2026-02-17T12:40:55.175+0000] {dag.py:3954} INFO - Setting next_dagrun for update_db to 2026-02-15 15:00:00+00:00, run_after=2026-02-16 15:00:00+00:00
[2026-02-17T12:40:55.195+0000] {processor.py:183} INFO - Processing /opt/airflow/dags/main.py took 0.184 seconds
[2026-02-17T12:41:25.379+0000] {processor.py:161} INFO - Started process (PID=1025) to work on /opt/airflow/dags/main.py
[2026-02-17T12:41:25.380+0000] {processor.py:830} INFO - Processing file /opt/airflow/dags/main.py for tasks to queue
[2026-02-17T12:41:25.382+0000] {logging_mixin.py:188} INFO - [2026-02-17T12:41:25.382+0000] {dagbag.py:545} INFO - Filling up the DagBag from /opt/airflow/dags/main.py
[2026-02-17T12:41:25.454+0000] {processor.py:840} INFO - DAG(s) 'update_db', 'produce_json' retrieved from /opt/airflow/dags/main.py
[2026-02-17T12:41:25.482+0000] {logging_mixin.py:188} INFO - [2026-02-17T12:41:25.482+0000] {dag.py:3096} INFO - Sync 2 DAGs
[2026-02-17T12:41:25.505+0000] {logging_mixin.py:188} INFO - [2026-02-17T12:41:25.505+0000] {dag.py:3954} INFO - Setting next_dagrun for produce_json to 2026-02-16 14:00:00+00:00, run_after=2026-02-17 14:00:00+00:00
[2026-02-17T12:41:25.510+0000] {logging_mixin.py:188} INFO - [2026-02-17T12:41:25.510+0000] {dag.py:3954} INFO - Setting next_dagrun for update_db to 2026-02-15 15:00:00+00:00, run_after=2026-02-16 15:00:00+00:00
[2026-02-17T12:41:25.542+0000] {processor.py:183} INFO - Processing /opt/airflow/dags/main.py took 0.168 seconds
[2026-02-17T12:41:55.638+0000] {processor.py:161} INFO - Started process (PID=1032) to work on /opt/airflow/dags/main.py
[2026-02-17T12:41:55.639+0000] {processor.py:830} INFO - Processing file /opt/airflow/dags/main.py for tasks to queue
[2026-02-17T12:41:55.640+0000] {logging_mixin.py:188} INFO - [2026-02-17T12:41:55.640+0000] {dagbag.py:545} INFO - Filling up the DagBag from /opt/airflow/dags/main.py
[2026-02-17T12:41:55.713+0000] {processor.py:840} INFO - DAG(s) 'update_db', 'produce_json' retrieved from /opt/airflow/dags/main.py
[2026-02-17T12:41:55.745+0000] {logging_mixin.py:188} INFO - [2026-02-17T12:41:55.744+0000] {dag.py:3096} INFO - Sync 2 DAGs
[2026-02-17T12:41:55.767+0000] {logging_mixin.py:188} INFO - [2026-02-17T12:41:55.767+0000] {dag.py:3954} INFO - Setting next_dagrun for produce_json to 2026-02-16 14:00:00+00:00, run_after=2026-02-17 14:00:00+00:00
[2026-02-17T12:41:55.771+0000] {logging_mixin.py:188} INFO - [2026-02-17T12:41:55.771+0000] {dag.py:3954} INFO - Setting next_dagrun for update_db to 2026-02-15 15:00:00+00:00, run_after=2026-02-16 15:00:00+00:00
[2026-02-17T12:41:55.792+0000] {processor.py:183} INFO - Processing /opt/airflow/dags/main.py took 0.159 seconds
[2026-02-17T12:42:26.069+0000] {processor.py:161} INFO - Started process (PID=1045) to work on /opt/airflow/dags/main.py
[2026-02-17T12:42:26.070+0000] {processor.py:830} INFO - Processing file /opt/airflow/dags/main.py for tasks to queue
[2026-02-17T12:42:26.072+0000] {logging_mixin.py:188} INFO - [2026-02-17T12:42:26.072+0000] {dagbag.py:545} INFO - Filling up the DagBag from /opt/airflow/dags/main.py
[2026-02-17T12:42:26.149+0000] {processor.py:840} INFO - DAG(s) 'update_db', 'produce_json' retrieved from /opt/airflow/dags/main.py
[2026-02-17T12:42:26.180+0000] {logging_mixin.py:188} INFO - [2026-02-17T12:42:26.180+0000] {dag.py:3096} INFO - Sync 2 DAGs
[2026-02-17T12:42:26.202+0000] {logging_mixin.py:188} INFO - [2026-02-17T12:42:26.201+0000] {dag.py:3954} INFO - Setting next_dagrun for produce_json to 2026-02-16 14:00:00+00:00, run_after=2026-02-17 14:00:00+00:00
[2026-02-17T12:42:26.206+0000] {logging_mixin.py:188} INFO - [2026-02-17T12:42:26.206+0000] {dag.py:3954} INFO - Setting next_dagrun for update_db to 2026-02-15 15:00:00+00:00, run_after=2026-02-16 15:00:00+00:00
[2026-02-17T12:42:26.226+0000] {processor.py:183} INFO - Processing /opt/airflow/dags/main.py took 0.161 seconds
[2026-02-17T12:42:56.327+0000] {processor.py:161} INFO - Started process (PID=1052) to work on /opt/airflow/dags/main.py
[2026-02-17T12:42:56.328+0000] {processor.py:830} INFO - Processing file /opt/airflow/dags/main.py for tasks to queue
[2026-02-17T12:42:56.330+0000] {logging_mixin.py:188} INFO - [2026-02-17T12:42:56.330+0000] {dagbag.py:545} INFO - Filling up the DagBag from /opt/airflow/dags/main.py
[2026-02-17T12:42:56.414+0000] {processor.py:840} INFO - DAG(s) 'update_db', 'produce_json' retrieved from /opt/airflow/dags/main.py
[2026-02-17T12:42:56.446+0000] {logging_mixin.py:188} INFO - [2026-02-17T12:42:56.446+0000] {dag.py:3096} INFO - Sync 2 DAGs
[2026-02-17T12:42:56.468+0000] {logging_mixin.py:188} INFO - [2026-02-17T12:42:56.467+0000] {dag.py:3954} INFO - Setting next_dagrun for produce_json to 2026-02-16 14:00:00+00:00, run_after=2026-02-17 14:00:00+00:00
[2026-02-17T12:42:56.472+0000] {logging_mixin.py:188} INFO - [2026-02-17T12:42:56.472+0000] {dag.py:3954} INFO - Setting next_dagrun for update_db to 2026-02-15 15:00:00+00:00, run_after=2026-02-16 15:00:00+00:00
[2026-02-17T12:42:56.503+0000] {processor.py:183} INFO - Processing /opt/airflow/dags/main.py took 0.182 seconds
[2026-02-17T12:43:26.726+0000] {processor.py:161} INFO - Started process (PID=1059) to work on /opt/airflow/dags/main.py
[2026-02-17T12:43:26.727+0000] {processor.py:830} INFO - Processing file /opt/airflow/dags/main.py for tasks to queue
[2026-02-17T12:43:26.730+0000] {logging_mixin.py:188} INFO - [2026-02-17T12:43:26.729+0000] {dagbag.py:545} INFO - Filling up the DagBag from /opt/airflow/dags/main.py
[2026-02-17T12:43:26.803+0000] {processor.py:840} INFO - DAG(s) 'update_db', 'produce_json' retrieved from /opt/airflow/dags/main.py
[2026-02-17T12:43:26.833+0000] {logging_mixin.py:188} INFO - [2026-02-17T12:43:26.833+0000] {dag.py:3096} INFO - Sync 2 DAGs
[2026-02-17T12:43:26.854+0000] {logging_mixin.py:188} INFO - [2026-02-17T12:43:26.854+0000] {dag.py:3954} INFO - Setting next_dagrun for produce_json to 2026-02-16 14:00:00+00:00, run_after=2026-02-17 14:00:00+00:00
[2026-02-17T12:43:26.860+0000] {logging_mixin.py:188} INFO - [2026-02-17T12:43:26.860+0000] {dag.py:3954} INFO - Setting next_dagrun for update_db to 2026-02-15 15:00:00+00:00, run_after=2026-02-16 15:00:00+00:00
[2026-02-17T12:43:26.880+0000] {processor.py:183} INFO - Processing /opt/airflow/dags/main.py took 0.159 seconds
[2026-02-17T12:43:56.998+0000] {processor.py:161} INFO - Started process (PID=1066) to work on /opt/airflow/dags/main.py
[2026-02-17T12:43:56.998+0000] {processor.py:830} INFO - Processing file /opt/airflow/dags/main.py for tasks to queue
[2026-02-17T12:43:57.000+0000] {logging_mixin.py:188} INFO - [2026-02-17T12:43:57.000+0000] {dagbag.py:545} INFO - Filling up the DagBag from /opt/airflow/dags/main.py
[2026-02-17T12:43:57.074+0000] {processor.py:840} INFO - DAG(s) 'update_db', 'produce_json' retrieved from /opt/airflow/dags/main.py
[2026-02-17T12:43:57.104+0000] {logging_mixin.py:188} INFO - [2026-02-17T12:43:57.104+0000] {dag.py:3096} INFO - Sync 2 DAGs
[2026-02-17T12:43:57.127+0000] {logging_mixin.py:188} INFO - [2026-02-17T12:43:57.127+0000] {dag.py:3954} INFO - Setting next_dagrun for produce_json to 2026-02-16 14:00:00+00:00, run_after=2026-02-17 14:00:00+00:00
[2026-02-17T12:43:57.133+0000] {logging_mixin.py:188} INFO - [2026-02-17T12:43:57.133+0000] {dag.py:3954} INFO - Setting next_dagrun for update_db to 2026-02-15 15:00:00+00:00, run_after=2026-02-16 15:00:00+00:00
[2026-02-17T12:43:57.153+0000] {processor.py:183} INFO - Processing /opt/airflow/dags/main.py took 0.160 seconds
[2026-02-17T12:44:27.435+0000] {processor.py:161} INFO - Started process (PID=1073) to work on /opt/airflow/dags/main.py
[2026-02-17T12:44:27.436+0000] {processor.py:830} INFO - Processing file /opt/airflow/dags/main.py for tasks to queue
[2026-02-17T12:44:27.437+0000] {logging_mixin.py:188} INFO - [2026-02-17T12:44:27.437+0000] {dagbag.py:545} INFO - Filling up the DagBag from /opt/airflow/dags/main.py
[2026-02-17T12:44:27.516+0000] {processor.py:840} INFO - DAG(s) 'update_db', 'produce_json' retrieved from /opt/airflow/dags/main.py
[2026-02-17T12:44:27.546+0000] {logging_mixin.py:188} INFO - [2026-02-17T12:44:27.546+0000] {dag.py:3096} INFO - Sync 2 DAGs
[2026-02-17T12:44:27.567+0000] {logging_mixin.py:188} INFO - [2026-02-17T12:44:27.566+0000] {dag.py:3954} INFO - Setting next_dagrun for produce_json to 2026-02-16 14:00:00+00:00, run_after=2026-02-17 14:00:00+00:00
[2026-02-17T12:44:27.571+0000] {logging_mixin.py:188} INFO - [2026-02-17T12:44:27.571+0000] {dag.py:3954} INFO - Setting next_dagrun for update_db to 2026-02-15 15:00:00+00:00, run_after=2026-02-16 15:00:00+00:00
[2026-02-17T12:44:27.600+0000] {processor.py:183} INFO - Processing /opt/airflow/dags/main.py took 0.170 seconds
[2026-02-17T12:44:57.750+0000] {processor.py:161} INFO - Started process (PID=1080) to work on /opt/airflow/dags/main.py
[2026-02-17T12:44:57.751+0000] {processor.py:830} INFO - Processing file /opt/airflow/dags/main.py for tasks to queue
[2026-02-17T12:44:57.753+0000] {logging_mixin.py:188} INFO - [2026-02-17T12:44:57.752+0000] {dagbag.py:545} INFO - Filling up the DagBag from /opt/airflow/dags/main.py
[2026-02-17T12:44:57.836+0000] {processor.py:840} INFO - DAG(s) 'update_db', 'produce_json' retrieved from /opt/airflow/dags/main.py
[2026-02-17T12:44:57.865+0000] {logging_mixin.py:188} INFO - [2026-02-17T12:44:57.865+0000] {dag.py:3096} INFO - Sync 2 DAGs
[2026-02-17T12:44:57.885+0000] {logging_mixin.py:188} INFO - [2026-02-17T12:44:57.885+0000] {dag.py:3954} INFO - Setting next_dagrun for produce_json to 2026-02-16 14:00:00+00:00, run_after=2026-02-17 14:00:00+00:00
[2026-02-17T12:44:57.890+0000] {logging_mixin.py:188} INFO - [2026-02-17T12:44:57.890+0000] {dag.py:3954} INFO - Setting next_dagrun for update_db to 2026-02-15 15:00:00+00:00, run_after=2026-02-16 15:00:00+00:00
[2026-02-17T12:44:57.918+0000] {processor.py:183} INFO - Processing /opt/airflow/dags/main.py took 0.174 seconds
[2026-02-17T12:45:28.143+0000] {processor.py:161} INFO - Started process (PID=1087) to work on /opt/airflow/dags/main.py
[2026-02-17T12:45:28.144+0000] {processor.py:830} INFO - Processing file /opt/airflow/dags/main.py for tasks to queue
[2026-02-17T12:45:28.145+0000] {logging_mixin.py:188} INFO - [2026-02-17T12:45:28.145+0000] {dagbag.py:545} INFO - Filling up the DagBag from /opt/airflow/dags/main.py
[2026-02-17T12:45:28.216+0000] {processor.py:840} INFO - DAG(s) 'update_db', 'produce_json' retrieved from /opt/airflow/dags/main.py
[2026-02-17T12:45:28.249+0000] {logging_mixin.py:188} INFO - [2026-02-17T12:45:28.248+0000] {dag.py:3096} INFO - Sync 2 DAGs
[2026-02-17T12:45:28.277+0000] {logging_mixin.py:188} INFO - [2026-02-17T12:45:28.277+0000] {dag.py:3954} INFO - Setting next_dagrun for produce_json to 2026-02-16 14:00:00+00:00, run_after=2026-02-17 14:00:00+00:00
[2026-02-17T12:45:28.287+0000] {logging_mixin.py:188} INFO - [2026-02-17T12:45:28.286+0000] {dag.py:3954} INFO - Setting next_dagrun for update_db to 2026-02-15 15:00:00+00:00, run_after=2026-02-16 15:00:00+00:00
[2026-02-17T12:45:28.313+0000] {processor.py:183} INFO - Processing /opt/airflow/dags/main.py took 0.176 seconds
[2026-02-17T12:45:58.457+0000] {processor.py:161} INFO - Started process (PID=1094) to work on /opt/airflow/dags/main.py
[2026-02-17T12:45:58.458+0000] {processor.py:830} INFO - Processing file /opt/airflow/dags/main.py for tasks to queue
[2026-02-17T12:45:58.460+0000] {logging_mixin.py:188} INFO - [2026-02-17T12:45:58.460+0000] {dagbag.py:545} INFO - Filling up the DagBag from /opt/airflow/dags/main.py
[2026-02-17T12:45:58.528+0000] {processor.py:840} INFO - DAG(s) 'update_db', 'produce_json' retrieved from /opt/airflow/dags/main.py
[2026-02-17T12:45:58.558+0000] {logging_mixin.py:188} INFO - [2026-02-17T12:45:58.558+0000] {dag.py:3096} INFO - Sync 2 DAGs
[2026-02-17T12:45:58.579+0000] {logging_mixin.py:188} INFO - [2026-02-17T12:45:58.579+0000] {dag.py:3954} INFO - Setting next_dagrun for produce_json to 2026-02-16 14:00:00+00:00, run_after=2026-02-17 14:00:00+00:00
[2026-02-17T12:45:58.584+0000] {logging_mixin.py:188} INFO - [2026-02-17T12:45:58.584+0000] {dag.py:3954} INFO - Setting next_dagrun for update_db to 2026-02-15 15:00:00+00:00, run_after=2026-02-16 15:00:00+00:00
[2026-02-17T12:45:58.609+0000] {processor.py:183} INFO - Processing /opt/airflow/dags/main.py took 0.158 seconds
[2026-02-17T12:53:33.478+0000] {processor.py:161} INFO - Started process (PID=1095) to work on /opt/airflow/dags/main.py
[2026-02-17T12:53:33.482+0000] {processor.py:830} INFO - Processing file /opt/airflow/dags/main.py for tasks to queue
[2026-02-17T12:53:33.485+0000] {logging_mixin.py:188} INFO - [2026-02-17T12:53:33.485+0000] {dagbag.py:545} INFO - Filling up the DagBag from /opt/airflow/dags/main.py
[2026-02-17T12:53:33.608+0000] {processor.py:840} INFO - DAG(s) 'update_db', 'produce_json' retrieved from /opt/airflow/dags/main.py
[2026-02-17T12:53:33.641+0000] {logging_mixin.py:188} INFO - [2026-02-17T12:53:33.641+0000] {dag.py:3096} INFO - Sync 2 DAGs
[2026-02-17T12:53:33.669+0000] {logging_mixin.py:188} INFO - [2026-02-17T12:53:33.669+0000] {dag.py:3954} INFO - Setting next_dagrun for produce_json to 2026-02-16 14:00:00+00:00, run_after=2026-02-17 14:00:00+00:00
[2026-02-17T12:53:33.675+0000] {logging_mixin.py:188} INFO - [2026-02-17T12:53:33.675+0000] {dag.py:3954} INFO - Setting next_dagrun for update_db to 2026-02-15 15:00:00+00:00, run_after=2026-02-16 15:00:00+00:00
[2026-02-17T12:53:33.698+0000] {processor.py:183} INFO - Processing /opt/airflow/dags/main.py took 0.236 seconds
[2026-02-17T12:54:03.937+0000] {processor.py:161} INFO - Started process (PID=1102) to work on /opt/airflow/dags/main.py
[2026-02-17T12:54:03.938+0000] {processor.py:830} INFO - Processing file /opt/airflow/dags/main.py for tasks to queue
[2026-02-17T12:54:03.941+0000] {logging_mixin.py:188} INFO - [2026-02-17T12:54:03.940+0000] {dagbag.py:545} INFO - Filling up the DagBag from /opt/airflow/dags/main.py
[2026-02-17T12:54:04.031+0000] {processor.py:840} INFO - DAG(s) 'update_db', 'produce_json' retrieved from /opt/airflow/dags/main.py
[2026-02-17T12:54:04.062+0000] {logging_mixin.py:188} INFO - [2026-02-17T12:54:04.062+0000] {dag.py:3096} INFO - Sync 2 DAGs
[2026-02-17T12:54:04.085+0000] {logging_mixin.py:188} INFO - [2026-02-17T12:54:04.085+0000] {dag.py:3954} INFO - Setting next_dagrun for produce_json to 2026-02-16 14:00:00+00:00, run_after=2026-02-17 14:00:00+00:00
[2026-02-17T12:54:04.090+0000] {logging_mixin.py:188} INFO - [2026-02-17T12:54:04.090+0000] {dag.py:3954} INFO - Setting next_dagrun for update_db to 2026-02-15 15:00:00+00:00, run_after=2026-02-16 15:00:00+00:00
[2026-02-17T12:54:04.121+0000] {processor.py:183} INFO - Processing /opt/airflow/dags/main.py took 0.190 seconds
[2026-02-17T12:54:34.158+0000] {processor.py:161} INFO - Started process (PID=1109) to work on /opt/airflow/dags/main.py
[2026-02-17T12:54:34.159+0000] {processor.py:830} INFO - Processing file /opt/airflow/dags/main.py for tasks to queue
[2026-02-17T12:54:34.161+0000] {logging_mixin.py:188} INFO - [2026-02-17T12:54:34.160+0000] {dagbag.py:545} INFO - Filling up the DagBag from /opt/airflow/dags/main.py
[2026-02-17T12:54:34.236+0000] {processor.py:840} INFO - DAG(s) 'produce_json', 'update_db' retrieved from /opt/airflow/dags/main.py
[2026-02-17T12:54:34.266+0000] {logging_mixin.py:188} INFO - [2026-02-17T12:54:34.266+0000] {dag.py:3096} INFO - Sync 2 DAGs
[2026-02-17T12:54:34.287+0000] {logging_mixin.py:188} INFO - [2026-02-17T12:54:34.287+0000] {dag.py:3954} INFO - Setting next_dagrun for produce_json to 2026-02-16 14:00:00+00:00, run_after=2026-02-17 14:00:00+00:00
[2026-02-17T12:54:34.292+0000] {logging_mixin.py:188} INFO - [2026-02-17T12:54:34.292+0000] {dag.py:3954} INFO - Setting next_dagrun for update_db to 2026-02-15 15:00:00+00:00, run_after=2026-02-16 15:00:00+00:00
[2026-02-17T12:54:34.322+0000] {processor.py:183} INFO - Processing /opt/airflow/dags/main.py took 0.169 seconds
[2026-02-17T12:55:04.616+0000] {processor.py:161} INFO - Started process (PID=1116) to work on /opt/airflow/dags/main.py
[2026-02-17T12:55:04.618+0000] {processor.py:830} INFO - Processing file /opt/airflow/dags/main.py for tasks to queue
[2026-02-17T12:55:04.619+0000] {logging_mixin.py:188} INFO - [2026-02-17T12:55:04.619+0000] {dagbag.py:545} INFO - Filling up the DagBag from /opt/airflow/dags/main.py
[2026-02-17T12:55:04.690+0000] {processor.py:840} INFO - DAG(s) 'update_db', 'produce_json' retrieved from /opt/airflow/dags/main.py
[2026-02-17T12:55:04.720+0000] {logging_mixin.py:188} INFO - [2026-02-17T12:55:04.720+0000] {dag.py:3096} INFO - Sync 2 DAGs
[2026-02-17T12:55:04.742+0000] {logging_mixin.py:188} INFO - [2026-02-17T12:55:04.742+0000] {dag.py:3954} INFO - Setting next_dagrun for produce_json to 2026-02-16 14:00:00+00:00, run_after=2026-02-17 14:00:00+00:00
[2026-02-17T12:55:04.746+0000] {logging_mixin.py:188} INFO - [2026-02-17T12:55:04.746+0000] {dag.py:3954} INFO - Setting next_dagrun for update_db to 2026-02-15 15:00:00+00:00, run_after=2026-02-16 15:00:00+00:00
[2026-02-17T12:55:04.775+0000] {processor.py:183} INFO - Processing /opt/airflow/dags/main.py took 0.163 seconds
[2026-02-17T12:55:34.875+0000] {processor.py:161} INFO - Started process (PID=1123) to work on /opt/airflow/dags/main.py
[2026-02-17T12:55:34.876+0000] {processor.py:830} INFO - Processing file /opt/airflow/dags/main.py for tasks to queue
[2026-02-17T12:55:34.878+0000] {logging_mixin.py:188} INFO - [2026-02-17T12:55:34.878+0000] {dagbag.py:545} INFO - Filling up the DagBag from /opt/airflow/dags/main.py
[2026-02-17T12:55:34.961+0000] {processor.py:840} INFO - DAG(s) 'produce_json', 'update_db' retrieved from /opt/airflow/dags/main.py
[2026-02-17T12:55:34.992+0000] {logging_mixin.py:188} INFO - [2026-02-17T12:55:34.992+0000] {dag.py:3096} INFO - Sync 2 DAGs
[2026-02-17T12:55:35.014+0000] {logging_mixin.py:188} INFO - [2026-02-17T12:55:35.014+0000] {dag.py:3954} INFO - Setting next_dagrun for produce_json to 2026-02-16 14:00:00+00:00, run_after=2026-02-17 14:00:00+00:00
[2026-02-17T12:55:35.019+0000] {logging_mixin.py:188} INFO - [2026-02-17T12:55:35.019+0000] {dag.py:3954} INFO - Setting next_dagrun for update_db to 2026-02-15 15:00:00+00:00, run_after=2026-02-16 15:00:00+00:00
[2026-02-17T12:55:35.049+0000] {processor.py:183} INFO - Processing /opt/airflow/dags/main.py took 0.179 seconds
[2026-02-17T12:56:05.290+0000] {processor.py:161} INFO - Started process (PID=1130) to work on /opt/airflow/dags/main.py
[2026-02-17T12:56:05.291+0000] {processor.py:830} INFO - Processing file /opt/airflow/dags/main.py for tasks to queue
[2026-02-17T12:56:05.293+0000] {logging_mixin.py:188} INFO - [2026-02-17T12:56:05.293+0000] {dagbag.py:545} INFO - Filling up the DagBag from /opt/airflow/dags/main.py
[2026-02-17T12:56:05.369+0000] {processor.py:840} INFO - DAG(s) 'update_db', 'produce_json' retrieved from /opt/airflow/dags/main.py
[2026-02-17T12:56:05.399+0000] {logging_mixin.py:188} INFO - [2026-02-17T12:56:05.399+0000] {dag.py:3096} INFO - Sync 2 DAGs
[2026-02-17T12:56:05.420+0000] {logging_mixin.py:188} INFO - [2026-02-17T12:56:05.419+0000] {dag.py:3954} INFO - Setting next_dagrun for produce_json to 2026-02-16 14:00:00+00:00, run_after=2026-02-17 14:00:00+00:00
[2026-02-17T12:56:05.424+0000] {logging_mixin.py:188} INFO - [2026-02-17T12:56:05.424+0000] {dag.py:3954} INFO - Setting next_dagrun for update_db to 2026-02-15 15:00:00+00:00, run_after=2026-02-16 15:00:00+00:00
[2026-02-17T12:56:05.453+0000] {processor.py:183} INFO - Processing /opt/airflow/dags/main.py took 0.168 seconds
[2026-02-17T12:56:35.564+0000] {processor.py:161} INFO - Started process (PID=1137) to work on /opt/airflow/dags/main.py
[2026-02-17T12:56:35.565+0000] {processor.py:830} INFO - Processing file /opt/airflow/dags/main.py for tasks to queue
[2026-02-17T12:56:35.568+0000] {logging_mixin.py:188} INFO - [2026-02-17T12:56:35.568+0000] {dagbag.py:545} INFO - Filling up the DagBag from /opt/airflow/dags/main.py
[2026-02-17T12:56:35.645+0000] {processor.py:840} INFO - DAG(s) 'produce_json', 'update_db' retrieved from /opt/airflow/dags/main.py
[2026-02-17T12:56:35.675+0000] {logging_mixin.py:188} INFO - [2026-02-17T12:56:35.675+0000] {dag.py:3096} INFO - Sync 2 DAGs
[2026-02-17T12:56:35.697+0000] {logging_mixin.py:188} INFO - [2026-02-17T12:56:35.696+0000] {dag.py:3954} INFO - Setting next_dagrun for produce_json to 2026-02-16 14:00:00+00:00, run_after=2026-02-17 14:00:00+00:00
[2026-02-17T12:56:35.701+0000] {logging_mixin.py:188} INFO - [2026-02-17T12:56:35.701+0000] {dag.py:3954} INFO - Setting next_dagrun for update_db to 2026-02-15 15:00:00+00:00, run_after=2026-02-16 15:00:00+00:00
[2026-02-17T12:56:35.719+0000] {processor.py:183} INFO - Processing /opt/airflow/dags/main.py took 0.161 seconds
[2026-02-17T12:57:05.983+0000] {processor.py:161} INFO - Started process (PID=1144) to work on /opt/airflow/dags/main.py
[2026-02-17T12:57:05.984+0000] {processor.py:830} INFO - Processing file /opt/airflow/dags/main.py for tasks to queue
[2026-02-17T12:57:05.986+0000] {logging_mixin.py:188} INFO - [2026-02-17T12:57:05.985+0000] {dagbag.py:545} INFO - Filling up the DagBag from /opt/airflow/dags/main.py
[2026-02-17T12:57:06.056+0000] {processor.py:840} INFO - DAG(s) 'update_db', 'produce_json' retrieved from /opt/airflow/dags/main.py
[2026-02-17T12:57:06.089+0000] {logging_mixin.py:188} INFO - [2026-02-17T12:57:06.089+0000] {dag.py:3096} INFO - Sync 2 DAGs
[2026-02-17T12:57:06.110+0000] {logging_mixin.py:188} INFO - [2026-02-17T12:57:06.110+0000] {dag.py:3954} INFO - Setting next_dagrun for produce_json to 2026-02-16 14:00:00+00:00, run_after=2026-02-17 14:00:00+00:00
[2026-02-17T12:57:06.115+0000] {logging_mixin.py:188} INFO - [2026-02-17T12:57:06.115+0000] {dag.py:3954} INFO - Setting next_dagrun for update_db to 2026-02-15 15:00:00+00:00, run_after=2026-02-16 15:00:00+00:00
[2026-02-17T12:57:06.135+0000] {processor.py:183} INFO - Processing /opt/airflow/dags/main.py took 0.157 seconds
[2026-02-17T12:57:36.272+0000] {processor.py:161} INFO - Started process (PID=1151) to work on /opt/airflow/dags/main.py
[2026-02-17T12:57:36.274+0000] {processor.py:830} INFO - Processing file /opt/airflow/dags/main.py for tasks to queue
[2026-02-17T12:57:36.276+0000] {logging_mixin.py:188} INFO - [2026-02-17T12:57:36.276+0000] {dagbag.py:545} INFO - Filling up the DagBag from /opt/airflow/dags/main.py
[2026-02-17T12:57:36.346+0000] {processor.py:840} INFO - DAG(s) 'update_db', 'produce_json' retrieved from /opt/airflow/dags/main.py
[2026-02-17T12:57:36.378+0000] {logging_mixin.py:188} INFO - [2026-02-17T12:57:36.378+0000] {dag.py:3096} INFO - Sync 2 DAGs
[2026-02-17T12:57:36.402+0000] {logging_mixin.py:188} INFO - [2026-02-17T12:57:36.402+0000] {dag.py:3954} INFO - Setting next_dagrun for produce_json to 2026-02-16 14:00:00+00:00, run_after=2026-02-17 14:00:00+00:00
[2026-02-17T12:57:36.407+0000] {logging_mixin.py:188} INFO - [2026-02-17T12:57:36.407+0000] {dag.py:3954} INFO - Setting next_dagrun for update_db to 2026-02-15 15:00:00+00:00, run_after=2026-02-16 15:00:00+00:00
[2026-02-17T12:57:36.438+0000] {processor.py:183} INFO - Processing /opt/airflow/dags/main.py took 0.172 seconds
[2026-02-17T12:58:06.677+0000] {processor.py:161} INFO - Started process (PID=1158) to work on /opt/airflow/dags/main.py
[2026-02-17T12:58:06.678+0000] {processor.py:830} INFO - Processing file /opt/airflow/dags/main.py for tasks to queue
[2026-02-17T12:58:06.680+0000] {logging_mixin.py:188} INFO - [2026-02-17T12:58:06.680+0000] {dagbag.py:545} INFO - Filling up the DagBag from /opt/airflow/dags/main.py
[2026-02-17T12:58:06.754+0000] {processor.py:840} INFO - DAG(s) 'update_db', 'produce_json' retrieved from /opt/airflow/dags/main.py
[2026-02-17T12:58:06.783+0000] {logging_mixin.py:188} INFO - [2026-02-17T12:58:06.783+0000] {dag.py:3096} INFO - Sync 2 DAGs
[2026-02-17T12:58:06.804+0000] {logging_mixin.py:188} INFO - [2026-02-17T12:58:06.804+0000] {dag.py:3954} INFO - Setting next_dagrun for produce_json to 2026-02-16 14:00:00+00:00, run_after=2026-02-17 14:00:00+00:00
[2026-02-17T12:58:06.809+0000] {logging_mixin.py:188} INFO - [2026-02-17T12:58:06.808+0000] {dag.py:3954} INFO - Setting next_dagrun for update_db to 2026-02-15 15:00:00+00:00, run_after=2026-02-16 15:00:00+00:00
[2026-02-17T12:58:06.837+0000] {processor.py:183} INFO - Processing /opt/airflow/dags/main.py took 0.165 seconds
[2026-02-17T12:58:37.052+0000] {processor.py:161} INFO - Started process (PID=1165) to work on /opt/airflow/dags/main.py
[2026-02-17T12:58:37.053+0000] {processor.py:830} INFO - Processing file /opt/airflow/dags/main.py for tasks to queue
[2026-02-17T12:58:37.055+0000] {logging_mixin.py:188} INFO - [2026-02-17T12:58:37.055+0000] {dagbag.py:545} INFO - Filling up the DagBag from /opt/airflow/dags/main.py
[2026-02-17T12:58:37.132+0000] {processor.py:840} INFO - DAG(s) 'update_db', 'produce_json' retrieved from /opt/airflow/dags/main.py
[2026-02-17T12:58:37.165+0000] {logging_mixin.py:188} INFO - [2026-02-17T12:58:37.165+0000] {dag.py:3096} INFO - Sync 2 DAGs
[2026-02-17T12:58:37.185+0000] {logging_mixin.py:188} INFO - [2026-02-17T12:58:37.185+0000] {dag.py:3954} INFO - Setting next_dagrun for produce_json to 2026-02-16 14:00:00+00:00, run_after=2026-02-17 14:00:00+00:00
[2026-02-17T12:58:37.189+0000] {logging_mixin.py:188} INFO - [2026-02-17T12:58:37.189+0000] {dag.py:3954} INFO - Setting next_dagrun for update_db to 2026-02-15 15:00:00+00:00, run_after=2026-02-16 15:00:00+00:00
[2026-02-17T12:58:37.219+0000] {processor.py:183} INFO - Processing /opt/airflow/dags/main.py took 0.174 seconds
[2026-02-17T12:59:07.381+0000] {processor.py:161} INFO - Started process (PID=1172) to work on /opt/airflow/dags/main.py
[2026-02-17T12:59:07.382+0000] {processor.py:830} INFO - Processing file /opt/airflow/dags/main.py for tasks to queue
[2026-02-17T12:59:07.385+0000] {logging_mixin.py:188} INFO - [2026-02-17T12:59:07.384+0000] {dagbag.py:545} INFO - Filling up the DagBag from /opt/airflow/dags/main.py
[2026-02-17T12:59:07.480+0000] {processor.py:840} INFO - DAG(s) 'update_db', 'produce_json' retrieved from /opt/airflow/dags/main.py
[2026-02-17T12:59:07.510+0000] {logging_mixin.py:188} INFO - [2026-02-17T12:59:07.510+0000] {dag.py:3096} INFO - Sync 2 DAGs
[2026-02-17T12:59:07.535+0000] {logging_mixin.py:188} INFO - [2026-02-17T12:59:07.535+0000] {dag.py:3954} INFO - Setting next_dagrun for produce_json to 2026-02-16 14:00:00+00:00, run_after=2026-02-17 14:00:00+00:00
[2026-02-17T12:59:07.540+0000] {logging_mixin.py:188} INFO - [2026-02-17T12:59:07.540+0000] {dag.py:3954} INFO - Setting next_dagrun for update_db to 2026-02-15 15:00:00+00:00, run_after=2026-02-16 15:00:00+00:00
[2026-02-17T12:59:07.559+0000] {processor.py:183} INFO - Processing /opt/airflow/dags/main.py took 0.184 seconds
[2026-02-17T13:31:43.546+0000] {processor.py:161} INFO - Started process (PID=1173) to work on /opt/airflow/dags/main.py
[2026-02-17T13:31:43.549+0000] {processor.py:830} INFO - Processing file /opt/airflow/dags/main.py for tasks to queue
[2026-02-17T13:31:43.553+0000] {logging_mixin.py:188} INFO - [2026-02-17T13:31:43.553+0000] {dagbag.py:545} INFO - Filling up the DagBag from /opt/airflow/dags/main.py
[2026-02-17T13:31:43.767+0000] {processor.py:840} INFO - DAG(s) 'produce_json', 'update_db' retrieved from /opt/airflow/dags/main.py
[2026-02-17T13:31:43.836+0000] {logging_mixin.py:188} INFO - [2026-02-17T13:31:43.833+0000] {dag.py:3096} INFO - Sync 2 DAGs
[2026-02-17T13:31:43.918+0000] {logging_mixin.py:188} INFO - [2026-02-17T13:31:43.917+0000] {dag.py:3954} INFO - Setting next_dagrun for produce_json to 2026-02-16 14:00:00+00:00, run_after=2026-02-17 14:00:00+00:00
[2026-02-17T13:31:43.931+0000] {logging_mixin.py:188} INFO - [2026-02-17T13:31:43.931+0000] {dag.py:3954} INFO - Setting next_dagrun for update_db to 2026-02-15 15:00:00+00:00, run_after=2026-02-16 15:00:00+00:00
[2026-02-17T13:31:43.963+0000] {processor.py:183} INFO - Processing /opt/airflow/dags/main.py took 0.430 seconds
[2026-02-17T13:32:14.202+0000] {processor.py:161} INFO - Started process (PID=1180) to work on /opt/airflow/dags/main.py
[2026-02-17T13:32:14.204+0000] {processor.py:830} INFO - Processing file /opt/airflow/dags/main.py for tasks to queue
[2026-02-17T13:32:14.206+0000] {logging_mixin.py:188} INFO - [2026-02-17T13:32:14.206+0000] {dagbag.py:545} INFO - Filling up the DagBag from /opt/airflow/dags/main.py
[2026-02-17T13:32:14.324+0000] {processor.py:840} INFO - DAG(s) 'update_db', 'produce_json' retrieved from /opt/airflow/dags/main.py
[2026-02-17T13:32:14.358+0000] {logging_mixin.py:188} INFO - [2026-02-17T13:32:14.357+0000] {dag.py:3096} INFO - Sync 2 DAGs
[2026-02-17T13:32:14.382+0000] {logging_mixin.py:188} INFO - [2026-02-17T13:32:14.381+0000] {dag.py:3954} INFO - Setting next_dagrun for produce_json to 2026-02-16 14:00:00+00:00, run_after=2026-02-17 14:00:00+00:00
[2026-02-17T13:32:14.386+0000] {logging_mixin.py:188} INFO - [2026-02-17T13:32:14.386+0000] {dag.py:3954} INFO - Setting next_dagrun for update_db to 2026-02-15 15:00:00+00:00, run_after=2026-02-16 15:00:00+00:00
[2026-02-17T13:32:14.405+0000] {processor.py:183} INFO - Processing /opt/airflow/dags/main.py took 0.208 seconds
[2026-02-17T17:31:43.739+0000] {processor.py:161} INFO - Started process (PID=1187) to work on /opt/airflow/dags/main.py
[2026-02-17T17:31:43.748+0000] {processor.py:830} INFO - Processing file /opt/airflow/dags/main.py for tasks to queue
[2026-02-17T17:31:43.752+0000] {logging_mixin.py:188} INFO - [2026-02-17T17:31:43.752+0000] {dagbag.py:545} INFO - Filling up the DagBag from /opt/airflow/dags/main.py
[2026-02-17T17:31:43.993+0000] {processor.py:840} INFO - DAG(s) 'update_db', 'produce_json' retrieved from /opt/airflow/dags/main.py
[2026-02-17T17:31:44.123+0000] {logging_mixin.py:188} INFO - [2026-02-17T17:31:44.123+0000] {dag.py:3096} INFO - Sync 2 DAGs
[2026-02-17T17:31:44.233+0000] {logging_mixin.py:188} INFO - [2026-02-17T17:31:44.233+0000] {dag.py:3954} INFO - Setting next_dagrun for produce_json to 2026-02-17 14:00:00+00:00, run_after=2026-02-18 14:00:00+00:00
[2026-02-17T17:31:44.252+0000] {logging_mixin.py:188} INFO - [2026-02-17T17:31:44.252+0000] {dag.py:3954} INFO - Setting next_dagrun for update_db to 2026-02-16 15:00:00+00:00, run_after=2026-02-17 15:00:00+00:00
[2026-02-17T17:31:44.319+0000] {processor.py:183} INFO - Processing /opt/airflow/dags/main.py took 0.598 seconds
[2026-02-17T18:48:55.177+0000] {processor.py:161} INFO - Started process (PID=1194) to work on /opt/airflow/dags/main.py
[2026-02-17T18:48:55.182+0000] {processor.py:830} INFO - Processing file /opt/airflow/dags/main.py for tasks to queue
[2026-02-17T18:48:55.185+0000] {logging_mixin.py:188} INFO - [2026-02-17T18:48:55.184+0000] {dagbag.py:545} INFO - Filling up the DagBag from /opt/airflow/dags/main.py
[2026-02-17T18:48:55.352+0000] {processor.py:840} INFO - DAG(s) 'update_db', 'produce_json' retrieved from /opt/airflow/dags/main.py
[2026-02-17T18:48:55.421+0000] {logging_mixin.py:188} INFO - [2026-02-17T18:48:55.421+0000] {dag.py:3096} INFO - Sync 2 DAGs
[2026-02-17T18:48:55.468+0000] {logging_mixin.py:188} INFO - [2026-02-17T18:48:55.468+0000] {dag.py:3954} INFO - Setting next_dagrun for produce_json to 2026-02-17 14:00:00+00:00, run_after=2026-02-18 14:00:00+00:00
[2026-02-17T18:48:55.487+0000] {logging_mixin.py:188} INFO - [2026-02-17T18:48:55.486+0000] {dag.py:3954} INFO - Setting next_dagrun for update_db to 2026-02-16 15:00:00+00:00, run_after=2026-02-17 15:00:00+00:00
[2026-02-17T18:48:55.547+0000] {processor.py:183} INFO - Processing /opt/airflow/dags/main.py took 0.382 seconds
[2026-02-17T18:49:25.843+0000] {processor.py:161} INFO - Started process (PID=1201) to work on /opt/airflow/dags/main.py
[2026-02-17T18:49:25.844+0000] {processor.py:830} INFO - Processing file /opt/airflow/dags/main.py for tasks to queue
[2026-02-17T18:49:25.847+0000] {logging_mixin.py:188} INFO - [2026-02-17T18:49:25.846+0000] {dagbag.py:545} INFO - Filling up the DagBag from /opt/airflow/dags/main.py
[2026-02-17T18:49:25.930+0000] {processor.py:840} INFO - DAG(s) 'update_db', 'produce_json' retrieved from /opt/airflow/dags/main.py
[2026-02-17T18:49:25.964+0000] {logging_mixin.py:188} INFO - [2026-02-17T18:49:25.963+0000] {dag.py:3096} INFO - Sync 2 DAGs
[2026-02-17T18:49:25.985+0000] {logging_mixin.py:188} INFO - [2026-02-17T18:49:25.984+0000] {dag.py:3954} INFO - Setting next_dagrun for produce_json to 2026-02-17 14:00:00+00:00, run_after=2026-02-18 14:00:00+00:00
[2026-02-17T18:49:25.991+0000] {logging_mixin.py:188} INFO - [2026-02-17T18:49:25.991+0000] {dag.py:3954} INFO - Setting next_dagrun for update_db to 2026-02-16 15:00:00+00:00, run_after=2026-02-17 15:00:00+00:00
[2026-02-17T18:49:26.022+0000] {processor.py:183} INFO - Processing /opt/airflow/dags/main.py took 0.184 seconds
[2026-02-17T18:49:56.219+0000] {processor.py:161} INFO - Started process (PID=1208) to work on /opt/airflow/dags/main.py
[2026-02-17T18:49:56.220+0000] {processor.py:830} INFO - Processing file /opt/airflow/dags/main.py for tasks to queue
[2026-02-17T18:49:56.222+0000] {logging_mixin.py:188} INFO - [2026-02-17T18:49:56.222+0000] {dagbag.py:545} INFO - Filling up the DagBag from /opt/airflow/dags/main.py
[2026-02-17T18:49:56.291+0000] {processor.py:840} INFO - DAG(s) 'update_db', 'produce_json' retrieved from /opt/airflow/dags/main.py
[2026-02-17T18:49:56.324+0000] {logging_mixin.py:188} INFO - [2026-02-17T18:49:56.323+0000] {dag.py:3096} INFO - Sync 2 DAGs
[2026-02-17T18:49:56.345+0000] {logging_mixin.py:188} INFO - [2026-02-17T18:49:56.345+0000] {dag.py:3954} INFO - Setting next_dagrun for produce_json to 2026-02-17 14:00:00+00:00, run_after=2026-02-18 14:00:00+00:00
[2026-02-17T18:49:56.349+0000] {logging_mixin.py:188} INFO - [2026-02-17T18:49:56.349+0000] {dag.py:3954} INFO - Setting next_dagrun for update_db to 2026-02-16 15:00:00+00:00, run_after=2026-02-17 15:00:00+00:00
[2026-02-17T18:49:56.382+0000] {processor.py:183} INFO - Processing /opt/airflow/dags/main.py took 0.169 seconds
[2026-02-17T18:50:26.649+0000] {processor.py:161} INFO - Started process (PID=1221) to work on /opt/airflow/dags/main.py
[2026-02-17T18:50:26.652+0000] {processor.py:830} INFO - Processing file /opt/airflow/dags/main.py for tasks to queue
[2026-02-17T18:50:26.656+0000] {logging_mixin.py:188} INFO - [2026-02-17T18:50:26.655+0000] {dagbag.py:545} INFO - Filling up the DagBag from /opt/airflow/dags/main.py
[2026-02-17T18:50:26.792+0000] {processor.py:840} INFO - DAG(s) 'produce_json', 'update_db' retrieved from /opt/airflow/dags/main.py
[2026-02-17T18:50:26.850+0000] {logging_mixin.py:188} INFO - [2026-02-17T18:50:26.850+0000] {dag.py:3096} INFO - Sync 2 DAGs
[2026-02-17T18:50:26.892+0000] {logging_mixin.py:188} INFO - [2026-02-17T18:50:26.891+0000] {dag.py:3954} INFO - Setting next_dagrun for produce_json to 2026-02-17 14:00:00+00:00, run_after=2026-02-18 14:00:00+00:00
[2026-02-17T18:50:26.900+0000] {logging_mixin.py:188} INFO - [2026-02-17T18:50:26.900+0000] {dag.py:3954} INFO - Setting next_dagrun for update_db to 2026-02-16 15:00:00+00:00, run_after=2026-02-17 15:00:00+00:00
[2026-02-17T18:50:26.926+0000] {processor.py:183} INFO - Processing /opt/airflow/dags/main.py took 0.290 seconds
[2026-02-17T18:50:57.117+0000] {processor.py:161} INFO - Started process (PID=1228) to work on /opt/airflow/dags/main.py
[2026-02-17T18:50:57.119+0000] {processor.py:830} INFO - Processing file /opt/airflow/dags/main.py for tasks to queue
[2026-02-17T18:50:57.121+0000] {logging_mixin.py:188} INFO - [2026-02-17T18:50:57.121+0000] {dagbag.py:545} INFO - Filling up the DagBag from /opt/airflow/dags/main.py
[2026-02-17T18:50:57.200+0000] {processor.py:840} INFO - DAG(s) 'produce_json', 'update_db' retrieved from /opt/airflow/dags/main.py
[2026-02-17T18:50:57.231+0000] {logging_mixin.py:188} INFO - [2026-02-17T18:50:57.230+0000] {dag.py:3096} INFO - Sync 2 DAGs
[2026-02-17T18:50:57.252+0000] {logging_mixin.py:188} INFO - [2026-02-17T18:50:57.252+0000] {dag.py:3954} INFO - Setting next_dagrun for produce_json to 2026-02-17 14:00:00+00:00, run_after=2026-02-18 14:00:00+00:00
[2026-02-17T18:50:57.258+0000] {logging_mixin.py:188} INFO - [2026-02-17T18:50:57.258+0000] {dag.py:3954} INFO - Setting next_dagrun for update_db to 2026-02-16 15:00:00+00:00, run_after=2026-02-17 15:00:00+00:00
[2026-02-17T18:50:57.280+0000] {processor.py:183} INFO - Processing /opt/airflow/dags/main.py took 0.170 seconds
[2026-02-17T18:51:27.487+0000] {processor.py:161} INFO - Started process (PID=1235) to work on /opt/airflow/dags/main.py
[2026-02-17T18:51:27.488+0000] {processor.py:830} INFO - Processing file /opt/airflow/dags/main.py for tasks to queue
[2026-02-17T18:51:27.490+0000] {logging_mixin.py:188} INFO - [2026-02-17T18:51:27.490+0000] {dagbag.py:545} INFO - Filling up the DagBag from /opt/airflow/dags/main.py
[2026-02-17T18:51:27.572+0000] {processor.py:840} INFO - DAG(s) 'update_db', 'produce_json' retrieved from /opt/airflow/dags/main.py
[2026-02-17T18:51:27.602+0000] {logging_mixin.py:188} INFO - [2026-02-17T18:51:27.602+0000] {dag.py:3096} INFO - Sync 2 DAGs
[2026-02-17T18:51:27.624+0000] {logging_mixin.py:188} INFO - [2026-02-17T18:51:27.624+0000] {dag.py:3954} INFO - Setting next_dagrun for produce_json to 2026-02-17 14:00:00+00:00, run_after=2026-02-18 14:00:00+00:00
[2026-02-17T18:51:27.630+0000] {logging_mixin.py:188} INFO - [2026-02-17T18:51:27.630+0000] {dag.py:3954} INFO - Setting next_dagrun for update_db to 2026-02-16 15:00:00+00:00, run_after=2026-02-17 15:00:00+00:00
[2026-02-17T18:51:27.662+0000] {processor.py:183} INFO - Processing /opt/airflow/dags/main.py took 0.181 seconds
[2026-02-17T18:51:57.853+0000] {processor.py:161} INFO - Started process (PID=1242) to work on /opt/airflow/dags/main.py
[2026-02-17T18:51:57.856+0000] {processor.py:830} INFO - Processing file /opt/airflow/dags/main.py for tasks to queue
[2026-02-17T18:51:57.860+0000] {logging_mixin.py:188} INFO - [2026-02-17T18:51:57.859+0000] {dagbag.py:545} INFO - Filling up the DagBag from /opt/airflow/dags/main.py
[2026-02-17T18:51:57.944+0000] {processor.py:840} INFO - DAG(s) 'produce_json', 'update_db' retrieved from /opt/airflow/dags/main.py
[2026-02-17T18:51:57.983+0000] {logging_mixin.py:188} INFO - [2026-02-17T18:51:57.982+0000] {dag.py:3096} INFO - Sync 2 DAGs
[2026-02-17T18:51:58.009+0000] {logging_mixin.py:188} INFO - [2026-02-17T18:51:58.008+0000] {dag.py:3954} INFO - Setting next_dagrun for produce_json to 2026-02-17 14:00:00+00:00, run_after=2026-02-18 14:00:00+00:00
[2026-02-17T18:51:58.014+0000] {logging_mixin.py:188} INFO - [2026-02-17T18:51:58.013+0000] {dag.py:3954} INFO - Setting next_dagrun for update_db to 2026-02-16 15:00:00+00:00, run_after=2026-02-17 15:00:00+00:00
[2026-02-17T18:51:58.044+0000] {processor.py:183} INFO - Processing /opt/airflow/dags/main.py took 0.198 seconds
[2026-02-17T18:52:28.244+0000] {processor.py:161} INFO - Started process (PID=1249) to work on /opt/airflow/dags/main.py
[2026-02-17T18:52:28.246+0000] {processor.py:830} INFO - Processing file /opt/airflow/dags/main.py for tasks to queue
[2026-02-17T18:52:28.248+0000] {logging_mixin.py:188} INFO - [2026-02-17T18:52:28.247+0000] {dagbag.py:545} INFO - Filling up the DagBag from /opt/airflow/dags/main.py
[2026-02-17T18:52:28.333+0000] {processor.py:840} INFO - DAG(s) 'produce_json', 'update_db' retrieved from /opt/airflow/dags/main.py
[2026-02-17T18:52:28.366+0000] {logging_mixin.py:188} INFO - [2026-02-17T18:52:28.365+0000] {dag.py:3096} INFO - Sync 2 DAGs
[2026-02-17T18:52:28.388+0000] {logging_mixin.py:188} INFO - [2026-02-17T18:52:28.388+0000] {dag.py:3954} INFO - Setting next_dagrun for produce_json to 2026-02-17 14:00:00+00:00, run_after=2026-02-18 14:00:00+00:00
[2026-02-17T18:52:28.393+0000] {logging_mixin.py:188} INFO - [2026-02-17T18:52:28.393+0000] {dag.py:3954} INFO - Setting next_dagrun for update_db to 2026-02-16 15:00:00+00:00, run_after=2026-02-17 15:00:00+00:00
[2026-02-17T18:52:28.414+0000] {processor.py:183} INFO - Processing /opt/airflow/dags/main.py took 0.175 seconds
[2026-02-17T18:52:58.631+0000] {processor.py:161} INFO - Started process (PID=1256) to work on /opt/airflow/dags/main.py
[2026-02-17T18:52:58.632+0000] {processor.py:830} INFO - Processing file /opt/airflow/dags/main.py for tasks to queue
[2026-02-17T18:52:58.635+0000] {logging_mixin.py:188} INFO - [2026-02-17T18:52:58.634+0000] {dagbag.py:545} INFO - Filling up the DagBag from /opt/airflow/dags/main.py
[2026-02-17T18:52:58.714+0000] {processor.py:840} INFO - DAG(s) 'update_db', 'produce_json' retrieved from /opt/airflow/dags/main.py
[2026-02-17T18:52:58.743+0000] {logging_mixin.py:188} INFO - [2026-02-17T18:52:58.743+0000] {dag.py:3096} INFO - Sync 2 DAGs
[2026-02-17T18:52:58.766+0000] {logging_mixin.py:188} INFO - [2026-02-17T18:52:58.765+0000] {dag.py:3954} INFO - Setting next_dagrun for produce_json to 2026-02-17 14:00:00+00:00, run_after=2026-02-18 14:00:00+00:00
[2026-02-17T18:52:58.771+0000] {logging_mixin.py:188} INFO - [2026-02-17T18:52:58.771+0000] {dag.py:3954} INFO - Setting next_dagrun for update_db to 2026-02-16 15:00:00+00:00, run_after=2026-02-17 15:00:00+00:00
[2026-02-17T18:52:58.796+0000] {processor.py:183} INFO - Processing /opt/airflow/dags/main.py took 0.171 seconds
[2026-02-17T18:53:28.997+0000] {processor.py:161} INFO - Started process (PID=1263) to work on /opt/airflow/dags/main.py
[2026-02-17T18:53:28.998+0000] {processor.py:830} INFO - Processing file /opt/airflow/dags/main.py for tasks to queue
[2026-02-17T18:53:29.000+0000] {logging_mixin.py:188} INFO - [2026-02-17T18:53:29.000+0000] {dagbag.py:545} INFO - Filling up the DagBag from /opt/airflow/dags/main.py
[2026-02-17T18:53:29.074+0000] {processor.py:840} INFO - DAG(s) 'update_db', 'produce_json' retrieved from /opt/airflow/dags/main.py
[2026-02-17T18:53:29.110+0000] {logging_mixin.py:188} INFO - [2026-02-17T18:53:29.109+0000] {dag.py:3096} INFO - Sync 2 DAGs
[2026-02-17T18:53:29.131+0000] {logging_mixin.py:188} INFO - [2026-02-17T18:53:29.131+0000] {dag.py:3954} INFO - Setting next_dagrun for produce_json to 2026-02-17 14:00:00+00:00, run_after=2026-02-18 14:00:00+00:00
[2026-02-17T18:53:29.138+0000] {logging_mixin.py:188} INFO - [2026-02-17T18:53:29.138+0000] {dag.py:3954} INFO - Setting next_dagrun for update_db to 2026-02-16 15:00:00+00:00, run_after=2026-02-17 15:00:00+00:00
[2026-02-17T18:53:29.161+0000] {processor.py:183} INFO - Processing /opt/airflow/dags/main.py took 0.172 seconds
[2026-02-17T18:53:59.233+0000] {processor.py:161} INFO - Started process (PID=1270) to work on /opt/airflow/dags/main.py
[2026-02-17T18:53:59.234+0000] {processor.py:830} INFO - Processing file /opt/airflow/dags/main.py for tasks to queue
[2026-02-17T18:53:59.237+0000] {logging_mixin.py:188} INFO - [2026-02-17T18:53:59.237+0000] {dagbag.py:545} INFO - Filling up the DagBag from /opt/airflow/dags/main.py
[2026-02-17T18:53:59.311+0000] {processor.py:840} INFO - DAG(s) 'update_db', 'produce_json' retrieved from /opt/airflow/dags/main.py
[2026-02-17T18:53:59.343+0000] {logging_mixin.py:188} INFO - [2026-02-17T18:53:59.342+0000] {dag.py:3096} INFO - Sync 2 DAGs
[2026-02-17T18:53:59.364+0000] {logging_mixin.py:188} INFO - [2026-02-17T18:53:59.364+0000] {dag.py:3954} INFO - Setting next_dagrun for produce_json to 2026-02-17 14:00:00+00:00, run_after=2026-02-18 14:00:00+00:00
[2026-02-17T18:53:59.370+0000] {logging_mixin.py:188} INFO - [2026-02-17T18:53:59.370+0000] {dag.py:3954} INFO - Setting next_dagrun for update_db to 2026-02-16 15:00:00+00:00, run_after=2026-02-17 15:00:00+00:00
[2026-02-17T18:53:59.391+0000] {processor.py:183} INFO - Processing /opt/airflow/dags/main.py took 0.163 seconds
[2026-02-17T18:54:29.593+0000] {processor.py:161} INFO - Started process (PID=1277) to work on /opt/airflow/dags/main.py
[2026-02-17T18:54:29.594+0000] {processor.py:830} INFO - Processing file /opt/airflow/dags/main.py for tasks to queue
[2026-02-17T18:54:29.597+0000] {logging_mixin.py:188} INFO - [2026-02-17T18:54:29.597+0000] {dagbag.py:545} INFO - Filling up the DagBag from /opt/airflow/dags/main.py
[2026-02-17T18:54:29.685+0000] {processor.py:840} INFO - DAG(s) 'produce_json', 'update_db' retrieved from /opt/airflow/dags/main.py
[2026-02-17T18:54:29.716+0000] {logging_mixin.py:188} INFO - [2026-02-17T18:54:29.715+0000] {dag.py:3096} INFO - Sync 2 DAGs
[2026-02-17T18:54:29.743+0000] {logging_mixin.py:188} INFO - [2026-02-17T18:54:29.742+0000] {dag.py:3954} INFO - Setting next_dagrun for produce_json to 2026-02-17 14:00:00+00:00, run_after=2026-02-18 14:00:00+00:00
[2026-02-17T18:54:29.748+0000] {logging_mixin.py:188} INFO - [2026-02-17T18:54:29.747+0000] {dag.py:3954} INFO - Setting next_dagrun for update_db to 2026-02-16 15:00:00+00:00, run_after=2026-02-17 15:00:00+00:00
[2026-02-17T18:54:29.767+0000] {processor.py:183} INFO - Processing /opt/airflow/dags/main.py took 0.179 seconds
[2026-02-17T18:54:59.981+0000] {processor.py:161} INFO - Started process (PID=1284) to work on /opt/airflow/dags/main.py
[2026-02-17T18:54:59.983+0000] {processor.py:830} INFO - Processing file /opt/airflow/dags/main.py for tasks to queue
[2026-02-17T18:54:59.985+0000] {logging_mixin.py:188} INFO - [2026-02-17T18:54:59.984+0000] {dagbag.py:545} INFO - Filling up the DagBag from /opt/airflow/dags/main.py
[2026-02-17T18:55:00.077+0000] {processor.py:840} INFO - DAG(s) 'produce_json', 'update_db' retrieved from /opt/airflow/dags/main.py
[2026-02-17T18:55:00.109+0000] {logging_mixin.py:188} INFO - [2026-02-17T18:55:00.109+0000] {dag.py:3096} INFO - Sync 2 DAGs
[2026-02-17T18:55:00.135+0000] {logging_mixin.py:188} INFO - [2026-02-17T18:55:00.135+0000] {dag.py:3954} INFO - Setting next_dagrun for produce_json to 2026-02-17 14:00:00+00:00, run_after=2026-02-18 14:00:00+00:00
[2026-02-17T18:55:00.140+0000] {logging_mixin.py:188} INFO - [2026-02-17T18:55:00.140+0000] {dag.py:3954} INFO - Setting next_dagrun for update_db to 2026-02-16 15:00:00+00:00, run_after=2026-02-17 15:00:00+00:00
[2026-02-17T18:55:00.158+0000] {processor.py:183} INFO - Processing /opt/airflow/dags/main.py took 0.184 seconds
[2026-02-17T18:55:30.354+0000] {processor.py:161} INFO - Started process (PID=1291) to work on /opt/airflow/dags/main.py
[2026-02-17T18:55:30.355+0000] {processor.py:830} INFO - Processing file /opt/airflow/dags/main.py for tasks to queue
[2026-02-17T18:55:30.357+0000] {logging_mixin.py:188} INFO - [2026-02-17T18:55:30.357+0000] {dagbag.py:545} INFO - Filling up the DagBag from /opt/airflow/dags/main.py
[2026-02-17T18:55:30.437+0000] {processor.py:840} INFO - DAG(s) 'produce_json', 'update_db' retrieved from /opt/airflow/dags/main.py
[2026-02-17T18:55:30.470+0000] {logging_mixin.py:188} INFO - [2026-02-17T18:55:30.470+0000] {dag.py:3096} INFO - Sync 2 DAGs
[2026-02-17T18:55:30.494+0000] {logging_mixin.py:188} INFO - [2026-02-17T18:55:30.494+0000] {dag.py:3954} INFO - Setting next_dagrun for produce_json to 2026-02-17 14:00:00+00:00, run_after=2026-02-18 14:00:00+00:00
[2026-02-17T18:55:30.498+0000] {logging_mixin.py:188} INFO - [2026-02-17T18:55:30.498+0000] {dag.py:3954} INFO - Setting next_dagrun for update_db to 2026-02-16 15:00:00+00:00, run_after=2026-02-17 15:00:00+00:00
[2026-02-17T18:55:30.518+0000] {processor.py:183} INFO - Processing /opt/airflow/dags/main.py took 0.170 seconds
[2026-02-17T18:56:00.727+0000] {processor.py:161} INFO - Started process (PID=1298) to work on /opt/airflow/dags/main.py
[2026-02-17T18:56:00.729+0000] {processor.py:830} INFO - Processing file /opt/airflow/dags/main.py for tasks to queue
[2026-02-17T18:56:00.731+0000] {logging_mixin.py:188} INFO - [2026-02-17T18:56:00.730+0000] {dagbag.py:545} INFO - Filling up the DagBag from /opt/airflow/dags/main.py
[2026-02-17T18:56:00.809+0000] {processor.py:840} INFO - DAG(s) 'update_db', 'produce_json' retrieved from /opt/airflow/dags/main.py
[2026-02-17T18:56:00.839+0000] {logging_mixin.py:188} INFO - [2026-02-17T18:56:00.839+0000] {dag.py:3096} INFO - Sync 2 DAGs
[2026-02-17T18:56:00.860+0000] {logging_mixin.py:188} INFO - [2026-02-17T18:56:00.860+0000] {dag.py:3954} INFO - Setting next_dagrun for produce_json to 2026-02-17 14:00:00+00:00, run_after=2026-02-18 14:00:00+00:00
[2026-02-17T18:56:00.865+0000] {logging_mixin.py:188} INFO - [2026-02-17T18:56:00.865+0000] {dag.py:3954} INFO - Setting next_dagrun for update_db to 2026-02-16 15:00:00+00:00, run_after=2026-02-17 15:00:00+00:00
[2026-02-17T18:56:00.884+0000] {processor.py:183} INFO - Processing /opt/airflow/dags/main.py took 0.163 seconds
[2026-02-17T18:56:31.082+0000] {processor.py:161} INFO - Started process (PID=1305) to work on /opt/airflow/dags/main.py
[2026-02-17T18:56:31.083+0000] {processor.py:830} INFO - Processing file /opt/airflow/dags/main.py for tasks to queue
[2026-02-17T18:56:31.085+0000] {logging_mixin.py:188} INFO - [2026-02-17T18:56:31.084+0000] {dagbag.py:545} INFO - Filling up the DagBag from /opt/airflow/dags/main.py
[2026-02-17T18:56:31.162+0000] {processor.py:840} INFO - DAG(s) 'update_db', 'produce_json' retrieved from /opt/airflow/dags/main.py
[2026-02-17T18:56:31.192+0000] {logging_mixin.py:188} INFO - [2026-02-17T18:56:31.192+0000] {dag.py:3096} INFO - Sync 2 DAGs
[2026-02-17T18:56:31.213+0000] {logging_mixin.py:188} INFO - [2026-02-17T18:56:31.213+0000] {dag.py:3954} INFO - Setting next_dagrun for produce_json to 2026-02-17 14:00:00+00:00, run_after=2026-02-18 14:00:00+00:00
[2026-02-17T18:56:31.218+0000] {logging_mixin.py:188} INFO - [2026-02-17T18:56:31.218+0000] {dag.py:3954} INFO - Setting next_dagrun for update_db to 2026-02-16 15:00:00+00:00, run_after=2026-02-17 15:00:00+00:00
[2026-02-17T18:56:31.249+0000] {processor.py:183} INFO - Processing /opt/airflow/dags/main.py took 0.173 seconds
[2026-02-17T18:57:01.444+0000] {processor.py:161} INFO - Started process (PID=1312) to work on /opt/airflow/dags/main.py
[2026-02-17T18:57:01.445+0000] {processor.py:830} INFO - Processing file /opt/airflow/dags/main.py for tasks to queue
[2026-02-17T18:57:01.447+0000] {logging_mixin.py:188} INFO - [2026-02-17T18:57:01.446+0000] {dagbag.py:545} INFO - Filling up the DagBag from /opt/airflow/dags/main.py
[2026-02-17T18:57:01.523+0000] {processor.py:840} INFO - DAG(s) 'produce_json', 'update_db' retrieved from /opt/airflow/dags/main.py
[2026-02-17T18:57:01.553+0000] {logging_mixin.py:188} INFO - [2026-02-17T18:57:01.553+0000] {dag.py:3096} INFO - Sync 2 DAGs
[2026-02-17T18:57:01.582+0000] {logging_mixin.py:188} INFO - [2026-02-17T18:57:01.582+0000] {dag.py:3954} INFO - Setting next_dagrun for produce_json to 2026-02-17 14:00:00+00:00, run_after=2026-02-18 14:00:00+00:00
[2026-02-17T18:57:01.588+0000] {logging_mixin.py:188} INFO - [2026-02-17T18:57:01.588+0000] {dag.py:3954} INFO - Setting next_dagrun for update_db to 2026-02-16 15:00:00+00:00, run_after=2026-02-17 15:00:00+00:00
[2026-02-17T18:57:01.619+0000] {processor.py:183} INFO - Processing /opt/airflow/dags/main.py took 0.181 seconds
[2026-02-17T18:57:31.809+0000] {processor.py:161} INFO - Started process (PID=1319) to work on /opt/airflow/dags/main.py
[2026-02-17T18:57:31.811+0000] {processor.py:830} INFO - Processing file /opt/airflow/dags/main.py for tasks to queue
[2026-02-17T18:57:31.814+0000] {logging_mixin.py:188} INFO - [2026-02-17T18:57:31.814+0000] {dagbag.py:545} INFO - Filling up the DagBag from /opt/airflow/dags/main.py
[2026-02-17T18:57:31.931+0000] {processor.py:840} INFO - DAG(s) 'produce_json', 'update_db' retrieved from /opt/airflow/dags/main.py
[2026-02-17T18:57:31.969+0000] {logging_mixin.py:188} INFO - [2026-02-17T18:57:31.969+0000] {dag.py:3096} INFO - Sync 2 DAGs
[2026-02-17T18:57:31.991+0000] {logging_mixin.py:188} INFO - [2026-02-17T18:57:31.991+0000] {dag.py:3954} INFO - Setting next_dagrun for produce_json to 2026-02-17 14:00:00+00:00, run_after=2026-02-18 14:00:00+00:00
[2026-02-17T18:57:31.996+0000] {logging_mixin.py:188} INFO - [2026-02-17T18:57:31.996+0000] {dag.py:3954} INFO - Setting next_dagrun for update_db to 2026-02-16 15:00:00+00:00, run_after=2026-02-17 15:00:00+00:00
[2026-02-17T18:57:32.014+0000] {processor.py:183} INFO - Processing /opt/airflow/dags/main.py took 0.211 seconds
[2026-02-17T18:58:02.207+0000] {processor.py:161} INFO - Started process (PID=1326) to work on /opt/airflow/dags/main.py
[2026-02-17T18:58:02.208+0000] {processor.py:830} INFO - Processing file /opt/airflow/dags/main.py for tasks to queue
[2026-02-17T18:58:02.210+0000] {logging_mixin.py:188} INFO - [2026-02-17T18:58:02.210+0000] {dagbag.py:545} INFO - Filling up the DagBag from /opt/airflow/dags/main.py
[2026-02-17T18:58:02.286+0000] {processor.py:840} INFO - DAG(s) 'produce_json', 'update_db' retrieved from /opt/airflow/dags/main.py
[2026-02-17T18:58:02.321+0000] {logging_mixin.py:188} INFO - [2026-02-17T18:58:02.320+0000] {dag.py:3096} INFO - Sync 2 DAGs
[2026-02-17T18:58:02.343+0000] {logging_mixin.py:188} INFO - [2026-02-17T18:58:02.342+0000] {dag.py:3954} INFO - Setting next_dagrun for produce_json to 2026-02-17 14:00:00+00:00, run_after=2026-02-18 14:00:00+00:00
[2026-02-17T18:58:02.348+0000] {logging_mixin.py:188} INFO - [2026-02-17T18:58:02.347+0000] {dag.py:3954} INFO - Setting next_dagrun for update_db to 2026-02-16 15:00:00+00:00, run_after=2026-02-17 15:00:00+00:00
[2026-02-17T18:58:02.381+0000] {processor.py:183} INFO - Processing /opt/airflow/dags/main.py took 0.179 seconds
[2026-02-17T18:58:32.575+0000] {processor.py:161} INFO - Started process (PID=1333) to work on /opt/airflow/dags/main.py
[2026-02-17T18:58:32.576+0000] {processor.py:830} INFO - Processing file /opt/airflow/dags/main.py for tasks to queue
[2026-02-17T18:58:32.578+0000] {logging_mixin.py:188} INFO - [2026-02-17T18:58:32.578+0000] {dagbag.py:545} INFO - Filling up the DagBag from /opt/airflow/dags/main.py
[2026-02-17T18:58:32.658+0000] {processor.py:840} INFO - DAG(s) 'update_db', 'produce_json' retrieved from /opt/airflow/dags/main.py
[2026-02-17T18:58:32.689+0000] {logging_mixin.py:188} INFO - [2026-02-17T18:58:32.689+0000] {dag.py:3096} INFO - Sync 2 DAGs
[2026-02-17T18:58:32.710+0000] {logging_mixin.py:188} INFO - [2026-02-17T18:58:32.710+0000] {dag.py:3954} INFO - Setting next_dagrun for produce_json to 2026-02-17 14:00:00+00:00, run_after=2026-02-18 14:00:00+00:00
[2026-02-17T18:58:32.715+0000] {logging_mixin.py:188} INFO - [2026-02-17T18:58:32.715+0000] {dag.py:3954} INFO - Setting next_dagrun for update_db to 2026-02-16 15:00:00+00:00, run_after=2026-02-17 15:00:00+00:00
[2026-02-17T18:58:32.745+0000] {processor.py:183} INFO - Processing /opt/airflow/dags/main.py took 0.175 seconds
[2026-02-17T18:59:02.889+0000] {processor.py:161} INFO - Started process (PID=1340) to work on /opt/airflow/dags/main.py
[2026-02-17T18:59:02.890+0000] {processor.py:830} INFO - Processing file /opt/airflow/dags/main.py for tasks to queue
[2026-02-17T18:59:02.894+0000] {logging_mixin.py:188} INFO - [2026-02-17T18:59:02.893+0000] {dagbag.py:545} INFO - Filling up the DagBag from /opt/airflow/dags/main.py
[2026-02-17T18:59:02.973+0000] {processor.py:840} INFO - DAG(s) 'update_db', 'produce_json' retrieved from /opt/airflow/dags/main.py
[2026-02-17T18:59:03.001+0000] {logging_mixin.py:188} INFO - [2026-02-17T18:59:03.001+0000] {dag.py:3096} INFO - Sync 2 DAGs
[2026-02-17T18:59:03.026+0000] {logging_mixin.py:188} INFO - [2026-02-17T18:59:03.025+0000] {dag.py:3954} INFO - Setting next_dagrun for produce_json to 2026-02-17 14:00:00+00:00, run_after=2026-02-18 14:00:00+00:00
[2026-02-17T18:59:03.032+0000] {logging_mixin.py:188} INFO - [2026-02-17T18:59:03.031+0000] {dag.py:3954} INFO - Setting next_dagrun for update_db to 2026-02-16 15:00:00+00:00, run_after=2026-02-17 15:00:00+00:00
[2026-02-17T18:59:03.051+0000] {processor.py:183} INFO - Processing /opt/airflow/dags/main.py took 0.169 seconds
[2026-02-17T18:59:33.141+0000] {processor.py:161} INFO - Started process (PID=1347) to work on /opt/airflow/dags/main.py
[2026-02-17T18:59:33.142+0000] {processor.py:830} INFO - Processing file /opt/airflow/dags/main.py for tasks to queue
[2026-02-17T18:59:33.145+0000] {logging_mixin.py:188} INFO - [2026-02-17T18:59:33.144+0000] {dagbag.py:545} INFO - Filling up the DagBag from /opt/airflow/dags/main.py
[2026-02-17T18:59:33.224+0000] {processor.py:840} INFO - DAG(s) 'produce_json', 'update_db' retrieved from /opt/airflow/dags/main.py
[2026-02-17T18:59:33.252+0000] {logging_mixin.py:188} INFO - [2026-02-17T18:59:33.252+0000] {dag.py:3096} INFO - Sync 2 DAGs
[2026-02-17T18:59:33.275+0000] {logging_mixin.py:188} INFO - [2026-02-17T18:59:33.274+0000] {dag.py:3954} INFO - Setting next_dagrun for produce_json to 2026-02-17 14:00:00+00:00, run_after=2026-02-18 14:00:00+00:00
[2026-02-17T18:59:33.279+0000] {logging_mixin.py:188} INFO - [2026-02-17T18:59:33.279+0000] {dag.py:3954} INFO - Setting next_dagrun for update_db to 2026-02-16 15:00:00+00:00, run_after=2026-02-17 15:00:00+00:00
[2026-02-17T18:59:33.315+0000] {processor.py:183} INFO - Processing /opt/airflow/dags/main.py took 0.180 seconds
[2026-02-17T19:00:03.435+0000] {processor.py:161} INFO - Started process (PID=1354) to work on /opt/airflow/dags/main.py
[2026-02-17T19:00:03.437+0000] {processor.py:830} INFO - Processing file /opt/airflow/dags/main.py for tasks to queue
[2026-02-17T19:00:03.441+0000] {logging_mixin.py:188} INFO - [2026-02-17T19:00:03.440+0000] {dagbag.py:545} INFO - Filling up the DagBag from /opt/airflow/dags/main.py
[2026-02-17T19:00:03.576+0000] {processor.py:840} INFO - DAG(s) 'update_db', 'produce_json' retrieved from /opt/airflow/dags/main.py
[2026-02-17T19:00:03.622+0000] {logging_mixin.py:188} INFO - [2026-02-17T19:00:03.621+0000] {dag.py:3096} INFO - Sync 2 DAGs
[2026-02-17T19:00:03.648+0000] {logging_mixin.py:188} INFO - [2026-02-17T19:00:03.648+0000] {dag.py:3954} INFO - Setting next_dagrun for produce_json to 2026-02-17 14:00:00+00:00, run_after=2026-02-18 14:00:00+00:00
[2026-02-17T19:00:03.653+0000] {logging_mixin.py:188} INFO - [2026-02-17T19:00:03.653+0000] {dag.py:3954} INFO - Setting next_dagrun for update_db to 2026-02-16 15:00:00+00:00, run_after=2026-02-17 15:00:00+00:00
[2026-02-17T19:00:03.673+0000] {processor.py:183} INFO - Processing /opt/airflow/dags/main.py took 0.245 seconds
[2026-02-17T19:00:33.868+0000] {processor.py:161} INFO - Started process (PID=1361) to work on /opt/airflow/dags/main.py
[2026-02-17T19:00:33.870+0000] {processor.py:830} INFO - Processing file /opt/airflow/dags/main.py for tasks to queue
[2026-02-17T19:00:33.873+0000] {logging_mixin.py:188} INFO - [2026-02-17T19:00:33.872+0000] {dagbag.py:545} INFO - Filling up the DagBag from /opt/airflow/dags/main.py
[2026-02-17T19:00:33.945+0000] {processor.py:840} INFO - DAG(s) 'update_db', 'produce_json' retrieved from /opt/airflow/dags/main.py
[2026-02-17T19:00:33.975+0000] {logging_mixin.py:188} INFO - [2026-02-17T19:00:33.975+0000] {dag.py:3096} INFO - Sync 2 DAGs
[2026-02-17T19:00:33.997+0000] {logging_mixin.py:188} INFO - [2026-02-17T19:00:33.997+0000] {dag.py:3954} INFO - Setting next_dagrun for produce_json to 2026-02-17 14:00:00+00:00, run_after=2026-02-18 14:00:00+00:00
[2026-02-17T19:00:34.002+0000] {logging_mixin.py:188} INFO - [2026-02-17T19:00:34.002+0000] {dag.py:3954} INFO - Setting next_dagrun for update_db to 2026-02-16 15:00:00+00:00, run_after=2026-02-17 15:00:00+00:00
[2026-02-17T19:00:34.023+0000] {processor.py:183} INFO - Processing /opt/airflow/dags/main.py took 0.160 seconds
[2026-02-17T19:01:04.061+0000] {processor.py:161} INFO - Started process (PID=1368) to work on /opt/airflow/dags/main.py
[2026-02-17T19:01:04.062+0000] {processor.py:830} INFO - Processing file /opt/airflow/dags/main.py for tasks to queue
[2026-02-17T19:01:04.064+0000] {logging_mixin.py:188} INFO - [2026-02-17T19:01:04.064+0000] {dagbag.py:545} INFO - Filling up the DagBag from /opt/airflow/dags/main.py
[2026-02-17T19:01:04.138+0000] {processor.py:840} INFO - DAG(s) 'update_db', 'produce_json' retrieved from /opt/airflow/dags/main.py
[2026-02-17T19:01:04.167+0000] {logging_mixin.py:188} INFO - [2026-02-17T19:01:04.167+0000] {dag.py:3096} INFO - Sync 2 DAGs
[2026-02-17T19:01:04.189+0000] {logging_mixin.py:188} INFO - [2026-02-17T19:01:04.189+0000] {dag.py:3954} INFO - Setting next_dagrun for produce_json to 2026-02-17 14:00:00+00:00, run_after=2026-02-18 14:00:00+00:00
[2026-02-17T19:01:04.194+0000] {logging_mixin.py:188} INFO - [2026-02-17T19:01:04.194+0000] {dag.py:3954} INFO - Setting next_dagrun for update_db to 2026-02-16 15:00:00+00:00, run_after=2026-02-17 15:00:00+00:00
[2026-02-17T19:01:04.223+0000] {processor.py:183} INFO - Processing /opt/airflow/dags/main.py took 0.168 seconds
[2026-02-17T19:01:34.455+0000] {processor.py:161} INFO - Started process (PID=1375) to work on /opt/airflow/dags/main.py
[2026-02-17T19:01:34.457+0000] {processor.py:830} INFO - Processing file /opt/airflow/dags/main.py for tasks to queue
[2026-02-17T19:01:34.469+0000] {logging_mixin.py:188} INFO - [2026-02-17T19:01:34.468+0000] {dagbag.py:545} INFO - Filling up the DagBag from /opt/airflow/dags/main.py
[2026-02-17T19:01:34.576+0000] {processor.py:840} INFO - DAG(s) 'produce_json', 'update_db' retrieved from /opt/airflow/dags/main.py
[2026-02-17T19:01:34.650+0000] {logging_mixin.py:188} INFO - [2026-02-17T19:01:34.650+0000] {dag.py:3096} INFO - Sync 2 DAGs
[2026-02-17T19:01:34.689+0000] {logging_mixin.py:188} INFO - [2026-02-17T19:01:34.688+0000] {dag.py:3954} INFO - Setting next_dagrun for produce_json to 2026-02-17 14:00:00+00:00, run_after=2026-02-18 14:00:00+00:00
[2026-02-17T19:01:34.700+0000] {logging_mixin.py:188} INFO - [2026-02-17T19:01:34.698+0000] {dag.py:3954} INFO - Setting next_dagrun for update_db to 2026-02-16 15:00:00+00:00, run_after=2026-02-17 15:00:00+00:00
[2026-02-17T19:01:34.728+0000] {processor.py:183} INFO - Processing /opt/airflow/dags/main.py took 0.292 seconds
[2026-02-17T19:02:04.942+0000] {processor.py:161} INFO - Started process (PID=1382) to work on /opt/airflow/dags/main.py
[2026-02-17T19:02:04.944+0000] {processor.py:830} INFO - Processing file /opt/airflow/dags/main.py for tasks to queue
[2026-02-17T19:02:04.947+0000] {logging_mixin.py:188} INFO - [2026-02-17T19:02:04.947+0000] {dagbag.py:545} INFO - Filling up the DagBag from /opt/airflow/dags/main.py
[2026-02-17T19:02:05.019+0000] {processor.py:840} INFO - DAG(s) 'update_db', 'produce_json' retrieved from /opt/airflow/dags/main.py
[2026-02-17T19:02:05.051+0000] {logging_mixin.py:188} INFO - [2026-02-17T19:02:05.051+0000] {dag.py:3096} INFO - Sync 2 DAGs
[2026-02-17T19:02:05.074+0000] {logging_mixin.py:188} INFO - [2026-02-17T19:02:05.074+0000] {dag.py:3954} INFO - Setting next_dagrun for produce_json to 2026-02-17 14:00:00+00:00, run_after=2026-02-18 14:00:00+00:00
[2026-02-17T19:02:05.079+0000] {logging_mixin.py:188} INFO - [2026-02-17T19:02:05.079+0000] {dag.py:3954} INFO - Setting next_dagrun for update_db to 2026-02-16 15:00:00+00:00, run_after=2026-02-17 15:00:00+00:00
[2026-02-17T19:02:05.110+0000] {processor.py:183} INFO - Processing /opt/airflow/dags/main.py took 0.173 seconds
[2026-02-17T19:02:35.154+0000] {processor.py:161} INFO - Started process (PID=1389) to work on /opt/airflow/dags/main.py
[2026-02-17T19:02:35.155+0000] {processor.py:830} INFO - Processing file /opt/airflow/dags/main.py for tasks to queue
[2026-02-17T19:02:35.157+0000] {logging_mixin.py:188} INFO - [2026-02-17T19:02:35.157+0000] {dagbag.py:545} INFO - Filling up the DagBag from /opt/airflow/dags/main.py
[2026-02-17T19:02:35.234+0000] {processor.py:840} INFO - DAG(s) 'produce_json', 'update_db' retrieved from /opt/airflow/dags/main.py
[2026-02-17T19:02:35.267+0000] {logging_mixin.py:188} INFO - [2026-02-17T19:02:35.267+0000] {dag.py:3096} INFO - Sync 2 DAGs
[2026-02-17T19:02:35.290+0000] {logging_mixin.py:188} INFO - [2026-02-17T19:02:35.289+0000] {dag.py:3954} INFO - Setting next_dagrun for produce_json to 2026-02-17 14:00:00+00:00, run_after=2026-02-18 14:00:00+00:00
[2026-02-17T19:02:35.296+0000] {logging_mixin.py:188} INFO - [2026-02-17T19:02:35.295+0000] {dag.py:3954} INFO - Setting next_dagrun for update_db to 2026-02-16 15:00:00+00:00, run_after=2026-02-17 15:00:00+00:00
[2026-02-17T19:02:35.331+0000] {processor.py:183} INFO - Processing /opt/airflow/dags/main.py took 0.184 seconds
[2026-02-17T19:03:05.519+0000] {processor.py:161} INFO - Started process (PID=1396) to work on /opt/airflow/dags/main.py
[2026-02-17T19:03:05.520+0000] {processor.py:830} INFO - Processing file /opt/airflow/dags/main.py for tasks to queue
[2026-02-17T19:03:05.523+0000] {logging_mixin.py:188} INFO - [2026-02-17T19:03:05.522+0000] {dagbag.py:545} INFO - Filling up the DagBag from /opt/airflow/dags/main.py
[2026-02-17T19:03:05.597+0000] {processor.py:840} INFO - DAG(s) 'produce_json', 'update_db' retrieved from /opt/airflow/dags/main.py
[2026-02-17T19:03:05.627+0000] {logging_mixin.py:188} INFO - [2026-02-17T19:03:05.627+0000] {dag.py:3096} INFO - Sync 2 DAGs
[2026-02-17T19:03:05.654+0000] {logging_mixin.py:188} INFO - [2026-02-17T19:03:05.653+0000] {dag.py:3954} INFO - Setting next_dagrun for produce_json to 2026-02-17 14:00:00+00:00, run_after=2026-02-18 14:00:00+00:00
[2026-02-17T19:03:05.659+0000] {logging_mixin.py:188} INFO - [2026-02-17T19:03:05.659+0000] {dag.py:3954} INFO - Setting next_dagrun for update_db to 2026-02-16 15:00:00+00:00, run_after=2026-02-17 15:00:00+00:00
[2026-02-17T19:03:05.690+0000] {processor.py:183} INFO - Processing /opt/airflow/dags/main.py took 0.176 seconds
[2026-02-17T19:03:35.736+0000] {processor.py:161} INFO - Started process (PID=1403) to work on /opt/airflow/dags/main.py
[2026-02-17T19:03:35.737+0000] {processor.py:830} INFO - Processing file /opt/airflow/dags/main.py for tasks to queue
[2026-02-17T19:03:35.740+0000] {logging_mixin.py:188} INFO - [2026-02-17T19:03:35.739+0000] {dagbag.py:545} INFO - Filling up the DagBag from /opt/airflow/dags/main.py
[2026-02-17T19:03:35.804+0000] {processor.py:840} INFO - DAG(s) 'update_db', 'produce_json' retrieved from /opt/airflow/dags/main.py
[2026-02-17T19:03:35.849+0000] {logging_mixin.py:188} INFO - [2026-02-17T19:03:35.849+0000] {dag.py:3096} INFO - Sync 2 DAGs
[2026-02-17T19:03:35.877+0000] {logging_mixin.py:188} INFO - [2026-02-17T19:03:35.877+0000] {dag.py:3954} INFO - Setting next_dagrun for produce_json to 2026-02-17 14:00:00+00:00, run_after=2026-02-18 14:00:00+00:00
[2026-02-17T19:03:35.883+0000] {logging_mixin.py:188} INFO - [2026-02-17T19:03:35.883+0000] {dag.py:3954} INFO - Setting next_dagrun for update_db to 2026-02-16 15:00:00+00:00, run_after=2026-02-17 15:00:00+00:00
[2026-02-17T19:03:35.905+0000] {processor.py:183} INFO - Processing /opt/airflow/dags/main.py took 0.174 seconds
[2026-02-17T19:04:06.198+0000] {processor.py:161} INFO - Started process (PID=1410) to work on /opt/airflow/dags/main.py
[2026-02-17T19:04:06.200+0000] {processor.py:830} INFO - Processing file /opt/airflow/dags/main.py for tasks to queue
[2026-02-17T19:04:06.202+0000] {logging_mixin.py:188} INFO - [2026-02-17T19:04:06.201+0000] {dagbag.py:545} INFO - Filling up the DagBag from /opt/airflow/dags/main.py
[2026-02-17T19:04:06.272+0000] {processor.py:840} INFO - DAG(s) 'produce_json', 'update_db' retrieved from /opt/airflow/dags/main.py
[2026-02-17T19:04:06.301+0000] {logging_mixin.py:188} INFO - [2026-02-17T19:04:06.301+0000] {dag.py:3096} INFO - Sync 2 DAGs
[2026-02-17T19:04:06.323+0000] {logging_mixin.py:188} INFO - [2026-02-17T19:04:06.322+0000] {dag.py:3954} INFO - Setting next_dagrun for produce_json to 2026-02-17 14:00:00+00:00, run_after=2026-02-18 14:00:00+00:00
[2026-02-17T19:04:06.329+0000] {logging_mixin.py:188} INFO - [2026-02-17T19:04:06.328+0000] {dag.py:3954} INFO - Setting next_dagrun for update_db to 2026-02-16 15:00:00+00:00, run_after=2026-02-17 15:00:00+00:00
[2026-02-17T19:04:06.350+0000] {processor.py:183} INFO - Processing /opt/airflow/dags/main.py took 0.159 seconds
[2026-02-17T19:04:36.398+0000] {processor.py:161} INFO - Started process (PID=1417) to work on /opt/airflow/dags/main.py
[2026-02-17T19:04:36.399+0000] {processor.py:830} INFO - Processing file /opt/airflow/dags/main.py for tasks to queue
[2026-02-17T19:04:36.401+0000] {logging_mixin.py:188} INFO - [2026-02-17T19:04:36.401+0000] {dagbag.py:545} INFO - Filling up the DagBag from /opt/airflow/dags/main.py
[2026-02-17T19:04:36.489+0000] {processor.py:840} INFO - DAG(s) 'produce_json', 'update_db' retrieved from /opt/airflow/dags/main.py
[2026-02-17T19:04:36.551+0000] {logging_mixin.py:188} INFO - [2026-02-17T19:04:36.550+0000] {dag.py:3096} INFO - Sync 2 DAGs
[2026-02-17T19:04:36.573+0000] {logging_mixin.py:188} INFO - [2026-02-17T19:04:36.573+0000] {dag.py:3954} INFO - Setting next_dagrun for produce_json to 2026-02-17 14:00:00+00:00, run_after=2026-02-18 14:00:00+00:00
[2026-02-17T19:04:36.578+0000] {logging_mixin.py:188} INFO - [2026-02-17T19:04:36.578+0000] {dag.py:3954} INFO - Setting next_dagrun for update_db to 2026-02-16 15:00:00+00:00, run_after=2026-02-17 15:00:00+00:00
[2026-02-17T19:04:36.608+0000] {processor.py:183} INFO - Processing /opt/airflow/dags/main.py took 0.216 seconds
[2026-02-17T19:05:06.758+0000] {processor.py:161} INFO - Started process (PID=1424) to work on /opt/airflow/dags/main.py
[2026-02-17T19:05:06.759+0000] {processor.py:830} INFO - Processing file /opt/airflow/dags/main.py for tasks to queue
[2026-02-17T19:05:06.760+0000] {logging_mixin.py:188} INFO - [2026-02-17T19:05:06.760+0000] {dagbag.py:545} INFO - Filling up the DagBag from /opt/airflow/dags/main.py
[2026-02-17T19:05:06.839+0000] {processor.py:840} INFO - DAG(s) 'update_db', 'produce_json' retrieved from /opt/airflow/dags/main.py
[2026-02-17T19:05:06.868+0000] {logging_mixin.py:188} INFO - [2026-02-17T19:05:06.868+0000] {dag.py:3096} INFO - Sync 2 DAGs
[2026-02-17T19:05:06.889+0000] {logging_mixin.py:188} INFO - [2026-02-17T19:05:06.889+0000] {dag.py:3954} INFO - Setting next_dagrun for produce_json to 2026-02-17 14:00:00+00:00, run_after=2026-02-18 14:00:00+00:00
[2026-02-17T19:05:06.894+0000] {logging_mixin.py:188} INFO - [2026-02-17T19:05:06.894+0000] {dag.py:3954} INFO - Setting next_dagrun for update_db to 2026-02-16 15:00:00+00:00, run_after=2026-02-17 15:00:00+00:00
[2026-02-17T19:05:06.925+0000] {processor.py:183} INFO - Processing /opt/airflow/dags/main.py took 0.173 seconds
[2026-02-17T19:05:36.998+0000] {processor.py:161} INFO - Started process (PID=1431) to work on /opt/airflow/dags/main.py
[2026-02-17T19:05:36.999+0000] {processor.py:830} INFO - Processing file /opt/airflow/dags/main.py for tasks to queue
[2026-02-17T19:05:37.001+0000] {logging_mixin.py:188} INFO - [2026-02-17T19:05:37.000+0000] {dagbag.py:545} INFO - Filling up the DagBag from /opt/airflow/dags/main.py
[2026-02-17T19:05:37.072+0000] {processor.py:840} INFO - DAG(s) 'update_db', 'produce_json' retrieved from /opt/airflow/dags/main.py
[2026-02-17T19:05:37.103+0000] {logging_mixin.py:188} INFO - [2026-02-17T19:05:37.103+0000] {dag.py:3096} INFO - Sync 2 DAGs
[2026-02-17T19:05:37.123+0000] {logging_mixin.py:188} INFO - [2026-02-17T19:05:37.123+0000] {dag.py:3954} INFO - Setting next_dagrun for produce_json to 2026-02-17 14:00:00+00:00, run_after=2026-02-18 14:00:00+00:00
[2026-02-17T19:05:37.129+0000] {logging_mixin.py:188} INFO - [2026-02-17T19:05:37.129+0000] {dag.py:3954} INFO - Setting next_dagrun for update_db to 2026-02-16 15:00:00+00:00, run_after=2026-02-17 15:00:00+00:00
[2026-02-17T19:05:37.161+0000] {processor.py:183} INFO - Processing /opt/airflow/dags/main.py took 0.168 seconds
[2026-02-17T19:06:07.314+0000] {processor.py:161} INFO - Started process (PID=1438) to work on /opt/airflow/dags/main.py
[2026-02-17T19:06:07.315+0000] {processor.py:830} INFO - Processing file /opt/airflow/dags/main.py for tasks to queue
[2026-02-17T19:06:07.317+0000] {logging_mixin.py:188} INFO - [2026-02-17T19:06:07.316+0000] {dagbag.py:545} INFO - Filling up the DagBag from /opt/airflow/dags/main.py
[2026-02-17T19:06:07.403+0000] {processor.py:840} INFO - DAG(s) 'update_db', 'produce_json' retrieved from /opt/airflow/dags/main.py
[2026-02-17T19:06:07.433+0000] {logging_mixin.py:188} INFO - [2026-02-17T19:06:07.433+0000] {dag.py:3096} INFO - Sync 2 DAGs
[2026-02-17T19:06:07.461+0000] {logging_mixin.py:188} INFO - [2026-02-17T19:06:07.461+0000] {dag.py:3954} INFO - Setting next_dagrun for produce_json to 2026-02-17 14:00:00+00:00, run_after=2026-02-18 14:00:00+00:00
[2026-02-17T19:06:07.467+0000] {logging_mixin.py:188} INFO - [2026-02-17T19:06:07.466+0000] {dag.py:3954} INFO - Setting next_dagrun for update_db to 2026-02-16 15:00:00+00:00, run_after=2026-02-17 15:00:00+00:00
[2026-02-17T19:06:07.487+0000] {processor.py:183} INFO - Processing /opt/airflow/dags/main.py took 0.179 seconds
[2026-02-17T19:06:37.562+0000] {processor.py:161} INFO - Started process (PID=1445) to work on /opt/airflow/dags/main.py
[2026-02-17T19:06:37.563+0000] {processor.py:830} INFO - Processing file /opt/airflow/dags/main.py for tasks to queue
[2026-02-17T19:06:37.565+0000] {logging_mixin.py:188} INFO - [2026-02-17T19:06:37.565+0000] {dagbag.py:545} INFO - Filling up the DagBag from /opt/airflow/dags/main.py
[2026-02-17T19:06:37.645+0000] {processor.py:840} INFO - DAG(s) 'produce_json', 'update_db' retrieved from /opt/airflow/dags/main.py
[2026-02-17T19:06:37.678+0000] {logging_mixin.py:188} INFO - [2026-02-17T19:06:37.678+0000] {dag.py:3096} INFO - Sync 2 DAGs
[2026-02-17T19:06:37.700+0000] {logging_mixin.py:188} INFO - [2026-02-17T19:06:37.700+0000] {dag.py:3954} INFO - Setting next_dagrun for produce_json to 2026-02-17 14:00:00+00:00, run_after=2026-02-18 14:00:00+00:00
[2026-02-17T19:06:37.706+0000] {logging_mixin.py:188} INFO - [2026-02-17T19:06:37.706+0000] {dag.py:3954} INFO - Setting next_dagrun for update_db to 2026-02-16 15:00:00+00:00, run_after=2026-02-17 15:00:00+00:00
[2026-02-17T19:06:37.735+0000] {processor.py:183} INFO - Processing /opt/airflow/dags/main.py took 0.178 seconds
[2026-02-17T19:07:07.858+0000] {processor.py:161} INFO - Started process (PID=1452) to work on /opt/airflow/dags/main.py
[2026-02-17T19:07:07.859+0000] {processor.py:830} INFO - Processing file /opt/airflow/dags/main.py for tasks to queue
[2026-02-17T19:07:07.861+0000] {logging_mixin.py:188} INFO - [2026-02-17T19:07:07.861+0000] {dagbag.py:545} INFO - Filling up the DagBag from /opt/airflow/dags/main.py
[2026-02-17T19:07:07.939+0000] {processor.py:840} INFO - DAG(s) 'update_db', 'produce_json' retrieved from /opt/airflow/dags/main.py
[2026-02-17T19:07:07.979+0000] {logging_mixin.py:188} INFO - [2026-02-17T19:07:07.979+0000] {dag.py:3096} INFO - Sync 2 DAGs
[2026-02-17T19:07:08.000+0000] {logging_mixin.py:188} INFO - [2026-02-17T19:07:07.999+0000] {dag.py:3954} INFO - Setting next_dagrun for produce_json to 2026-02-17 14:00:00+00:00, run_after=2026-02-18 14:00:00+00:00
[2026-02-17T19:07:08.005+0000] {logging_mixin.py:188} INFO - [2026-02-17T19:07:08.005+0000] {dag.py:3954} INFO - Setting next_dagrun for update_db to 2026-02-16 15:00:00+00:00, run_after=2026-02-17 15:00:00+00:00
[2026-02-17T19:07:08.034+0000] {processor.py:183} INFO - Processing /opt/airflow/dags/main.py took 0.182 seconds
[2026-02-17T19:07:38.123+0000] {processor.py:161} INFO - Started process (PID=1459) to work on /opt/airflow/dags/main.py
[2026-02-17T19:07:38.124+0000] {processor.py:830} INFO - Processing file /opt/airflow/dags/main.py for tasks to queue
[2026-02-17T19:07:38.126+0000] {logging_mixin.py:188} INFO - [2026-02-17T19:07:38.126+0000] {dagbag.py:545} INFO - Filling up the DagBag from /opt/airflow/dags/main.py
[2026-02-17T19:07:38.214+0000] {processor.py:840} INFO - DAG(s) 'update_db', 'produce_json' retrieved from /opt/airflow/dags/main.py
[2026-02-17T19:07:38.244+0000] {logging_mixin.py:188} INFO - [2026-02-17T19:07:38.244+0000] {dag.py:3096} INFO - Sync 2 DAGs
[2026-02-17T19:07:38.275+0000] {logging_mixin.py:188} INFO - [2026-02-17T19:07:38.275+0000] {dag.py:3954} INFO - Setting next_dagrun for produce_json to 2026-02-17 14:00:00+00:00, run_after=2026-02-18 14:00:00+00:00
[2026-02-17T19:07:38.279+0000] {logging_mixin.py:188} INFO - [2026-02-17T19:07:38.279+0000] {dag.py:3954} INFO - Setting next_dagrun for update_db to 2026-02-16 15:00:00+00:00, run_after=2026-02-17 15:00:00+00:00
[2026-02-17T19:07:38.298+0000] {processor.py:183} INFO - Processing /opt/airflow/dags/main.py took 0.180 seconds
[2026-02-17T19:08:08.414+0000] {processor.py:161} INFO - Started process (PID=1466) to work on /opt/airflow/dags/main.py
[2026-02-17T19:08:08.415+0000] {processor.py:830} INFO - Processing file /opt/airflow/dags/main.py for tasks to queue
[2026-02-17T19:08:08.418+0000] {logging_mixin.py:188} INFO - [2026-02-17T19:08:08.417+0000] {dagbag.py:545} INFO - Filling up the DagBag from /opt/airflow/dags/main.py
[2026-02-17T19:08:08.502+0000] {processor.py:840} INFO - DAG(s) 'produce_json', 'update_db' retrieved from /opt/airflow/dags/main.py
[2026-02-17T19:08:08.540+0000] {logging_mixin.py:188} INFO - [2026-02-17T19:08:08.540+0000] {dag.py:3096} INFO - Sync 2 DAGs
[2026-02-17T19:08:08.568+0000] {logging_mixin.py:188} INFO - [2026-02-17T19:08:08.568+0000] {dag.py:3954} INFO - Setting next_dagrun for produce_json to 2026-02-17 14:00:00+00:00, run_after=2026-02-18 14:00:00+00:00
[2026-02-17T19:08:08.575+0000] {logging_mixin.py:188} INFO - [2026-02-17T19:08:08.574+0000] {dag.py:3954} INFO - Setting next_dagrun for update_db to 2026-02-16 15:00:00+00:00, run_after=2026-02-17 15:00:00+00:00
[2026-02-17T19:08:08.597+0000] {processor.py:183} INFO - Processing /opt/airflow/dags/main.py took 0.191 seconds
[2026-02-17T19:08:38.671+0000] {processor.py:161} INFO - Started process (PID=1473) to work on /opt/airflow/dags/main.py
[2026-02-17T19:08:38.672+0000] {processor.py:830} INFO - Processing file /opt/airflow/dags/main.py for tasks to queue
[2026-02-17T19:08:38.675+0000] {logging_mixin.py:188} INFO - [2026-02-17T19:08:38.675+0000] {dagbag.py:545} INFO - Filling up the DagBag from /opt/airflow/dags/main.py
[2026-02-17T19:08:38.798+0000] {processor.py:840} INFO - DAG(s) 'produce_json', 'update_db' retrieved from /opt/airflow/dags/main.py
[2026-02-17T19:08:38.847+0000] {logging_mixin.py:188} INFO - [2026-02-17T19:08:38.846+0000] {dag.py:3096} INFO - Sync 2 DAGs
[2026-02-17T19:08:38.885+0000] {logging_mixin.py:188} INFO - [2026-02-17T19:08:38.885+0000] {dag.py:3954} INFO - Setting next_dagrun for produce_json to 2026-02-17 14:00:00+00:00, run_after=2026-02-18 14:00:00+00:00
[2026-02-17T19:08:38.896+0000] {logging_mixin.py:188} INFO - [2026-02-17T19:08:38.895+0000] {dag.py:3954} INFO - Setting next_dagrun for update_db to 2026-02-16 15:00:00+00:00, run_after=2026-02-17 15:00:00+00:00
[2026-02-17T19:08:38.924+0000] {processor.py:183} INFO - Processing /opt/airflow/dags/main.py took 0.267 seconds
[2026-02-17T19:09:09.005+0000] {processor.py:161} INFO - Started process (PID=1480) to work on /opt/airflow/dags/main.py
[2026-02-17T19:09:09.007+0000] {processor.py:830} INFO - Processing file /opt/airflow/dags/main.py for tasks to queue
[2026-02-17T19:09:09.009+0000] {logging_mixin.py:188} INFO - [2026-02-17T19:09:09.009+0000] {dagbag.py:545} INFO - Filling up the DagBag from /opt/airflow/dags/main.py
[2026-02-17T19:09:09.091+0000] {processor.py:840} INFO - DAG(s) 'update_db', 'produce_json' retrieved from /opt/airflow/dags/main.py
[2026-02-17T19:09:09.120+0000] {logging_mixin.py:188} INFO - [2026-02-17T19:09:09.120+0000] {dag.py:3096} INFO - Sync 2 DAGs
[2026-02-17T19:09:09.142+0000] {logging_mixin.py:188} INFO - [2026-02-17T19:09:09.142+0000] {dag.py:3954} INFO - Setting next_dagrun for produce_json to 2026-02-17 14:00:00+00:00, run_after=2026-02-18 14:00:00+00:00
[2026-02-17T19:09:09.147+0000] {logging_mixin.py:188} INFO - [2026-02-17T19:09:09.147+0000] {dag.py:3954} INFO - Setting next_dagrun for update_db to 2026-02-16 15:00:00+00:00, run_after=2026-02-17 15:00:00+00:00
[2026-02-17T19:09:09.166+0000] {processor.py:183} INFO - Processing /opt/airflow/dags/main.py took 0.167 seconds
[2026-02-17T19:09:39.378+0000] {processor.py:161} INFO - Started process (PID=1487) to work on /opt/airflow/dags/main.py
[2026-02-17T19:09:39.379+0000] {processor.py:830} INFO - Processing file /opt/airflow/dags/main.py for tasks to queue
[2026-02-17T19:09:39.381+0000] {logging_mixin.py:188} INFO - [2026-02-17T19:09:39.381+0000] {dagbag.py:545} INFO - Filling up the DagBag from /opt/airflow/dags/main.py
[2026-02-17T19:09:39.456+0000] {processor.py:840} INFO - DAG(s) 'update_db', 'produce_json' retrieved from /opt/airflow/dags/main.py
[2026-02-17T19:09:39.485+0000] {logging_mixin.py:188} INFO - [2026-02-17T19:09:39.485+0000] {dag.py:3096} INFO - Sync 2 DAGs
[2026-02-17T19:09:39.506+0000] {logging_mixin.py:188} INFO - [2026-02-17T19:09:39.506+0000] {dag.py:3954} INFO - Setting next_dagrun for produce_json to 2026-02-17 14:00:00+00:00, run_after=2026-02-18 14:00:00+00:00
[2026-02-17T19:09:39.511+0000] {logging_mixin.py:188} INFO - [2026-02-17T19:09:39.511+0000] {dag.py:3954} INFO - Setting next_dagrun for update_db to 2026-02-16 15:00:00+00:00, run_after=2026-02-17 15:00:00+00:00
[2026-02-17T19:09:39.542+0000] {processor.py:183} INFO - Processing /opt/airflow/dags/main.py took 0.169 seconds
[2026-02-17T19:10:09.751+0000] {processor.py:161} INFO - Started process (PID=1494) to work on /opt/airflow/dags/main.py
[2026-02-17T19:10:09.753+0000] {processor.py:830} INFO - Processing file /opt/airflow/dags/main.py for tasks to queue
[2026-02-17T19:10:09.756+0000] {logging_mixin.py:188} INFO - [2026-02-17T19:10:09.756+0000] {dagbag.py:545} INFO - Filling up the DagBag from /opt/airflow/dags/main.py
[2026-02-17T19:10:09.848+0000] {processor.py:840} INFO - DAG(s) 'update_db', 'produce_json' retrieved from /opt/airflow/dags/main.py
[2026-02-17T19:10:09.881+0000] {logging_mixin.py:188} INFO - [2026-02-17T19:10:09.881+0000] {dag.py:3096} INFO - Sync 2 DAGs
[2026-02-17T19:10:09.906+0000] {logging_mixin.py:188} INFO - [2026-02-17T19:10:09.905+0000] {dag.py:3954} INFO - Setting next_dagrun for produce_json to 2026-02-17 14:00:00+00:00, run_after=2026-02-18 14:00:00+00:00
[2026-02-17T19:10:09.911+0000] {logging_mixin.py:188} INFO - [2026-02-17T19:10:09.911+0000] {dag.py:3954} INFO - Setting next_dagrun for update_db to 2026-02-16 15:00:00+00:00, run_after=2026-02-17 15:00:00+00:00
[2026-02-17T19:10:09.944+0000] {processor.py:183} INFO - Processing /opt/airflow/dags/main.py took 0.198 seconds
[2026-02-17T19:10:40.136+0000] {processor.py:161} INFO - Started process (PID=1501) to work on /opt/airflow/dags/main.py
[2026-02-17T19:10:40.138+0000] {processor.py:830} INFO - Processing file /opt/airflow/dags/main.py for tasks to queue
[2026-02-17T19:10:40.140+0000] {logging_mixin.py:188} INFO - [2026-02-17T19:10:40.140+0000] {dagbag.py:545} INFO - Filling up the DagBag from /opt/airflow/dags/main.py
[2026-02-17T19:10:40.215+0000] {processor.py:840} INFO - DAG(s) 'update_db', 'produce_json' retrieved from /opt/airflow/dags/main.py
[2026-02-17T19:10:40.247+0000] {logging_mixin.py:188} INFO - [2026-02-17T19:10:40.247+0000] {dag.py:3096} INFO - Sync 2 DAGs
[2026-02-17T19:10:40.270+0000] {logging_mixin.py:188} INFO - [2026-02-17T19:10:40.270+0000] {dag.py:3954} INFO - Setting next_dagrun for produce_json to 2026-02-17 14:00:00+00:00, run_after=2026-02-18 14:00:00+00:00
[2026-02-17T19:10:40.275+0000] {logging_mixin.py:188} INFO - [2026-02-17T19:10:40.275+0000] {dag.py:3954} INFO - Setting next_dagrun for update_db to 2026-02-16 15:00:00+00:00, run_after=2026-02-17 15:00:00+00:00
[2026-02-17T19:10:40.297+0000] {processor.py:183} INFO - Processing /opt/airflow/dags/main.py took 0.167 seconds
[2026-02-17T19:11:10.491+0000] {processor.py:161} INFO - Started process (PID=1508) to work on /opt/airflow/dags/main.py
[2026-02-17T19:11:10.492+0000] {processor.py:830} INFO - Processing file /opt/airflow/dags/main.py for tasks to queue
[2026-02-17T19:11:10.494+0000] {logging_mixin.py:188} INFO - [2026-02-17T19:11:10.494+0000] {dagbag.py:545} INFO - Filling up the DagBag from /opt/airflow/dags/main.py
[2026-02-17T19:11:10.582+0000] {processor.py:840} INFO - DAG(s) 'update_db', 'produce_json' retrieved from /opt/airflow/dags/main.py
[2026-02-17T19:11:10.612+0000] {logging_mixin.py:188} INFO - [2026-02-17T19:11:10.612+0000] {dag.py:3096} INFO - Sync 2 DAGs
[2026-02-17T19:11:10.633+0000] {logging_mixin.py:188} INFO - [2026-02-17T19:11:10.633+0000] {dag.py:3954} INFO - Setting next_dagrun for produce_json to 2026-02-17 14:00:00+00:00, run_after=2026-02-18 14:00:00+00:00
[2026-02-17T19:11:10.639+0000] {logging_mixin.py:188} INFO - [2026-02-17T19:11:10.639+0000] {dag.py:3954} INFO - Setting next_dagrun for update_db to 2026-02-16 15:00:00+00:00, run_after=2026-02-17 15:00:00+00:00
[2026-02-17T19:11:10.661+0000] {processor.py:183} INFO - Processing /opt/airflow/dags/main.py took 0.177 seconds
[2026-02-17T19:11:40.897+0000] {processor.py:161} INFO - Started process (PID=1515) to work on /opt/airflow/dags/main.py
[2026-02-17T19:11:40.898+0000] {processor.py:830} INFO - Processing file /opt/airflow/dags/main.py for tasks to queue
[2026-02-17T19:11:40.900+0000] {logging_mixin.py:188} INFO - [2026-02-17T19:11:40.899+0000] {dagbag.py:545} INFO - Filling up the DagBag from /opt/airflow/dags/main.py
[2026-02-17T19:11:40.983+0000] {processor.py:840} INFO - DAG(s) 'update_db', 'produce_json' retrieved from /opt/airflow/dags/main.py
[2026-02-17T19:11:41.015+0000] {logging_mixin.py:188} INFO - [2026-02-17T19:11:41.014+0000] {dag.py:3096} INFO - Sync 2 DAGs
[2026-02-17T19:11:41.037+0000] {logging_mixin.py:188} INFO - [2026-02-17T19:11:41.037+0000] {dag.py:3954} INFO - Setting next_dagrun for produce_json to 2026-02-17 14:00:00+00:00, run_after=2026-02-18 14:00:00+00:00
[2026-02-17T19:11:41.044+0000] {logging_mixin.py:188} INFO - [2026-02-17T19:11:41.044+0000] {dag.py:3954} INFO - Setting next_dagrun for update_db to 2026-02-16 15:00:00+00:00, run_after=2026-02-17 15:00:00+00:00
[2026-02-17T19:11:41.077+0000] {processor.py:183} INFO - Processing /opt/airflow/dags/main.py took 0.186 seconds
[2026-02-17T19:12:11.307+0000] {processor.py:161} INFO - Started process (PID=1522) to work on /opt/airflow/dags/main.py
[2026-02-17T19:12:11.308+0000] {processor.py:830} INFO - Processing file /opt/airflow/dags/main.py for tasks to queue
[2026-02-17T19:12:11.310+0000] {logging_mixin.py:188} INFO - [2026-02-17T19:12:11.309+0000] {dagbag.py:545} INFO - Filling up the DagBag from /opt/airflow/dags/main.py
[2026-02-17T19:12:11.392+0000] {processor.py:840} INFO - DAG(s) 'produce_json', 'update_db' retrieved from /opt/airflow/dags/main.py
[2026-02-17T19:12:11.423+0000] {logging_mixin.py:188} INFO - [2026-02-17T19:12:11.423+0000] {dag.py:3096} INFO - Sync 2 DAGs
[2026-02-17T19:12:11.446+0000] {logging_mixin.py:188} INFO - [2026-02-17T19:12:11.446+0000] {dag.py:3954} INFO - Setting next_dagrun for produce_json to 2026-02-17 14:00:00+00:00, run_after=2026-02-18 14:00:00+00:00
[2026-02-17T19:12:11.451+0000] {logging_mixin.py:188} INFO - [2026-02-17T19:12:11.451+0000] {dag.py:3954} INFO - Setting next_dagrun for update_db to 2026-02-16 15:00:00+00:00, run_after=2026-02-17 15:00:00+00:00
[2026-02-17T19:12:11.472+0000] {processor.py:183} INFO - Processing /opt/airflow/dags/main.py took 0.172 seconds
[2026-02-17T19:12:41.658+0000] {processor.py:161} INFO - Started process (PID=1530) to work on /opt/airflow/dags/main.py
[2026-02-17T19:12:41.659+0000] {processor.py:830} INFO - Processing file /opt/airflow/dags/main.py for tasks to queue
[2026-02-17T19:12:41.661+0000] {logging_mixin.py:188} INFO - [2026-02-17T19:12:41.660+0000] {dagbag.py:545} INFO - Filling up the DagBag from /opt/airflow/dags/main.py
[2026-02-17T19:12:41.746+0000] {processor.py:840} INFO - DAG(s) 'produce_json', 'update_db' retrieved from /opt/airflow/dags/main.py
[2026-02-17T19:12:41.777+0000] {logging_mixin.py:188} INFO - [2026-02-17T19:12:41.777+0000] {dag.py:3096} INFO - Sync 2 DAGs
[2026-02-17T19:12:41.798+0000] {logging_mixin.py:188} INFO - [2026-02-17T19:12:41.798+0000] {dag.py:3954} INFO - Setting next_dagrun for produce_json to 2026-02-17 14:00:00+00:00, run_after=2026-02-18 14:00:00+00:00
[2026-02-17T19:12:41.804+0000] {logging_mixin.py:188} INFO - [2026-02-17T19:12:41.803+0000] {dag.py:3954} INFO - Setting next_dagrun for update_db to 2026-02-16 15:00:00+00:00, run_after=2026-02-17 15:00:00+00:00
[2026-02-17T19:12:41.825+0000] {processor.py:183} INFO - Processing /opt/airflow/dags/main.py took 0.174 seconds
[2026-02-17T19:13:12.017+0000] {processor.py:161} INFO - Started process (PID=1537) to work on /opt/airflow/dags/main.py
[2026-02-17T19:13:12.018+0000] {processor.py:830} INFO - Processing file /opt/airflow/dags/main.py for tasks to queue
[2026-02-17T19:13:12.020+0000] {logging_mixin.py:188} INFO - [2026-02-17T19:13:12.020+0000] {dagbag.py:545} INFO - Filling up the DagBag from /opt/airflow/dags/main.py
[2026-02-17T19:13:12.094+0000] {processor.py:840} INFO - DAG(s) 'update_db', 'produce_json' retrieved from /opt/airflow/dags/main.py
[2026-02-17T19:13:12.126+0000] {logging_mixin.py:188} INFO - [2026-02-17T19:13:12.125+0000] {dag.py:3096} INFO - Sync 2 DAGs
[2026-02-17T19:13:12.146+0000] {logging_mixin.py:188} INFO - [2026-02-17T19:13:12.146+0000] {dag.py:3954} INFO - Setting next_dagrun for produce_json to 2026-02-17 14:00:00+00:00, run_after=2026-02-18 14:00:00+00:00
[2026-02-17T19:13:12.151+0000] {logging_mixin.py:188} INFO - [2026-02-17T19:13:12.151+0000] {dag.py:3954} INFO - Setting next_dagrun for update_db to 2026-02-16 15:00:00+00:00, run_after=2026-02-17 15:00:00+00:00
[2026-02-17T19:13:12.172+0000] {processor.py:183} INFO - Processing /opt/airflow/dags/main.py took 0.160 seconds
[2026-02-17T19:13:42.224+0000] {processor.py:161} INFO - Started process (PID=1544) to work on /opt/airflow/dags/main.py
[2026-02-17T19:13:42.225+0000] {processor.py:830} INFO - Processing file /opt/airflow/dags/main.py for tasks to queue
[2026-02-17T19:13:42.228+0000] {logging_mixin.py:188} INFO - [2026-02-17T19:13:42.227+0000] {dagbag.py:545} INFO - Filling up the DagBag from /opt/airflow/dags/main.py
[2026-02-17T19:13:42.317+0000] {processor.py:840} INFO - DAG(s) 'update_db', 'produce_json' retrieved from /opt/airflow/dags/main.py
[2026-02-17T19:13:42.347+0000] {logging_mixin.py:188} INFO - [2026-02-17T19:13:42.347+0000] {dag.py:3096} INFO - Sync 2 DAGs
[2026-02-17T19:13:42.379+0000] {logging_mixin.py:188} INFO - [2026-02-17T19:13:42.378+0000] {dag.py:3954} INFO - Setting next_dagrun for produce_json to 2026-02-17 14:00:00+00:00, run_after=2026-02-18 14:00:00+00:00
[2026-02-17T19:13:42.385+0000] {logging_mixin.py:188} INFO - [2026-02-17T19:13:42.384+0000] {dag.py:3954} INFO - Setting next_dagrun for update_db to 2026-02-16 15:00:00+00:00, run_after=2026-02-17 15:00:00+00:00
[2026-02-17T19:13:42.406+0000] {processor.py:183} INFO - Processing /opt/airflow/dags/main.py took 0.190 seconds
[2026-02-17T19:14:12.687+0000] {processor.py:161} INFO - Started process (PID=1551) to work on /opt/airflow/dags/main.py
[2026-02-17T19:14:12.688+0000] {processor.py:830} INFO - Processing file /opt/airflow/dags/main.py for tasks to queue
[2026-02-17T19:14:12.691+0000] {logging_mixin.py:188} INFO - [2026-02-17T19:14:12.691+0000] {dagbag.py:545} INFO - Filling up the DagBag from /opt/airflow/dags/main.py
[2026-02-17T19:14:12.778+0000] {processor.py:840} INFO - DAG(s) 'produce_json', 'update_db' retrieved from /opt/airflow/dags/main.py
[2026-02-17T19:14:12.820+0000] {logging_mixin.py:188} INFO - [2026-02-17T19:14:12.820+0000] {dag.py:3096} INFO - Sync 2 DAGs
[2026-02-17T19:14:12.850+0000] {logging_mixin.py:188} INFO - [2026-02-17T19:14:12.850+0000] {dag.py:3954} INFO - Setting next_dagrun for produce_json to 2026-02-17 14:00:00+00:00, run_after=2026-02-18 14:00:00+00:00
[2026-02-17T19:14:12.858+0000] {logging_mixin.py:188} INFO - [2026-02-17T19:14:12.858+0000] {dag.py:3954} INFO - Setting next_dagrun for update_db to 2026-02-16 15:00:00+00:00, run_after=2026-02-17 15:00:00+00:00
[2026-02-17T19:14:12.879+0000] {processor.py:183} INFO - Processing /opt/airflow/dags/main.py took 0.199 seconds
[2026-02-17T19:14:43.080+0000] {processor.py:161} INFO - Started process (PID=1558) to work on /opt/airflow/dags/main.py
[2026-02-17T19:14:43.081+0000] {processor.py:830} INFO - Processing file /opt/airflow/dags/main.py for tasks to queue
[2026-02-17T19:14:43.083+0000] {logging_mixin.py:188} INFO - [2026-02-17T19:14:43.082+0000] {dagbag.py:545} INFO - Filling up the DagBag from /opt/airflow/dags/main.py
[2026-02-17T19:14:43.168+0000] {processor.py:840} INFO - DAG(s) 'produce_json', 'update_db' retrieved from /opt/airflow/dags/main.py
[2026-02-17T19:14:43.200+0000] {logging_mixin.py:188} INFO - [2026-02-17T19:14:43.200+0000] {dag.py:3096} INFO - Sync 2 DAGs
[2026-02-17T19:14:43.222+0000] {logging_mixin.py:188} INFO - [2026-02-17T19:14:43.222+0000] {dag.py:3954} INFO - Setting next_dagrun for produce_json to 2026-02-17 14:00:00+00:00, run_after=2026-02-18 14:00:00+00:00
[2026-02-17T19:14:43.227+0000] {logging_mixin.py:188} INFO - [2026-02-17T19:14:43.227+0000] {dag.py:3954} INFO - Setting next_dagrun for update_db to 2026-02-16 15:00:00+00:00, run_after=2026-02-17 15:00:00+00:00
[2026-02-17T19:14:43.262+0000] {processor.py:183} INFO - Processing /opt/airflow/dags/main.py took 0.188 seconds
[2026-02-17T19:15:13.462+0000] {processor.py:161} INFO - Started process (PID=1565) to work on /opt/airflow/dags/main.py
[2026-02-17T19:15:13.463+0000] {processor.py:830} INFO - Processing file /opt/airflow/dags/main.py for tasks to queue
[2026-02-17T19:15:13.464+0000] {logging_mixin.py:188} INFO - [2026-02-17T19:15:13.464+0000] {dagbag.py:545} INFO - Filling up the DagBag from /opt/airflow/dags/main.py
[2026-02-17T19:15:13.536+0000] {processor.py:840} INFO - DAG(s) 'produce_json', 'update_db' retrieved from /opt/airflow/dags/main.py
[2026-02-17T19:15:13.564+0000] {logging_mixin.py:188} INFO - [2026-02-17T19:15:13.564+0000] {dag.py:3096} INFO - Sync 2 DAGs
[2026-02-17T19:15:13.587+0000] {logging_mixin.py:188} INFO - [2026-02-17T19:15:13.587+0000] {dag.py:3954} INFO - Setting next_dagrun for produce_json to 2026-02-17 14:00:00+00:00, run_after=2026-02-18 14:00:00+00:00
[2026-02-17T19:15:13.592+0000] {logging_mixin.py:188} INFO - [2026-02-17T19:15:13.592+0000] {dag.py:3954} INFO - Setting next_dagrun for update_db to 2026-02-16 15:00:00+00:00, run_after=2026-02-17 15:00:00+00:00
[2026-02-17T19:15:13.623+0000] {processor.py:183} INFO - Processing /opt/airflow/dags/main.py took 0.166 seconds
[2026-02-17T19:15:43.820+0000] {processor.py:161} INFO - Started process (PID=1572) to work on /opt/airflow/dags/main.py
[2026-02-17T19:15:43.821+0000] {processor.py:830} INFO - Processing file /opt/airflow/dags/main.py for tasks to queue
[2026-02-17T19:15:43.824+0000] {logging_mixin.py:188} INFO - [2026-02-17T19:15:43.823+0000] {dagbag.py:545} INFO - Filling up the DagBag from /opt/airflow/dags/main.py
[2026-02-17T19:15:43.905+0000] {processor.py:840} INFO - DAG(s) 'update_db', 'produce_json' retrieved from /opt/airflow/dags/main.py
[2026-02-17T19:15:43.937+0000] {logging_mixin.py:188} INFO - [2026-02-17T19:15:43.937+0000] {dag.py:3096} INFO - Sync 2 DAGs
[2026-02-17T19:15:43.958+0000] {logging_mixin.py:188} INFO - [2026-02-17T19:15:43.958+0000] {dag.py:3954} INFO - Setting next_dagrun for produce_json to 2026-02-17 14:00:00+00:00, run_after=2026-02-18 14:00:00+00:00
[2026-02-17T19:15:43.964+0000] {logging_mixin.py:188} INFO - [2026-02-17T19:15:43.964+0000] {dag.py:3954} INFO - Setting next_dagrun for update_db to 2026-02-16 15:00:00+00:00, run_after=2026-02-17 15:00:00+00:00
[2026-02-17T19:15:43.985+0000] {processor.py:183} INFO - Processing /opt/airflow/dags/main.py took 0.171 seconds
[2026-02-17T19:16:14.213+0000] {processor.py:161} INFO - Started process (PID=1579) to work on /opt/airflow/dags/main.py
[2026-02-17T19:16:14.215+0000] {processor.py:830} INFO - Processing file /opt/airflow/dags/main.py for tasks to queue
[2026-02-17T19:16:14.217+0000] {logging_mixin.py:188} INFO - [2026-02-17T19:16:14.217+0000] {dagbag.py:545} INFO - Filling up the DagBag from /opt/airflow/dags/main.py
[2026-02-17T19:16:14.336+0000] {processor.py:840} INFO - DAG(s) 'update_db', 'produce_json' retrieved from /opt/airflow/dags/main.py
[2026-02-17T19:16:14.397+0000] {logging_mixin.py:188} INFO - [2026-02-17T19:16:14.397+0000] {dag.py:3096} INFO - Sync 2 DAGs
[2026-02-17T19:16:14.431+0000] {logging_mixin.py:188} INFO - [2026-02-17T19:16:14.430+0000] {dag.py:3954} INFO - Setting next_dagrun for produce_json to 2026-02-17 14:00:00+00:00, run_after=2026-02-18 14:00:00+00:00
[2026-02-17T19:16:14.438+0000] {logging_mixin.py:188} INFO - [2026-02-17T19:16:14.438+0000] {dag.py:3954} INFO - Setting next_dagrun for update_db to 2026-02-16 15:00:00+00:00, run_after=2026-02-17 15:00:00+00:00
[2026-02-17T19:16:14.458+0000] {processor.py:183} INFO - Processing /opt/airflow/dags/main.py took 0.252 seconds
[2026-02-17T19:16:44.654+0000] {processor.py:161} INFO - Started process (PID=1586) to work on /opt/airflow/dags/main.py
[2026-02-17T19:16:44.655+0000] {processor.py:830} INFO - Processing file /opt/airflow/dags/main.py for tasks to queue
[2026-02-17T19:16:44.658+0000] {logging_mixin.py:188} INFO - [2026-02-17T19:16:44.658+0000] {dagbag.py:545} INFO - Filling up the DagBag from /opt/airflow/dags/main.py
[2026-02-17T19:16:44.754+0000] {processor.py:840} INFO - DAG(s) 'produce_json', 'update_db' retrieved from /opt/airflow/dags/main.py
[2026-02-17T19:16:44.785+0000] {logging_mixin.py:188} INFO - [2026-02-17T19:16:44.785+0000] {dag.py:3096} INFO - Sync 2 DAGs
[2026-02-17T19:16:44.810+0000] {logging_mixin.py:188} INFO - [2026-02-17T19:16:44.810+0000] {dag.py:3954} INFO - Setting next_dagrun for produce_json to 2026-02-17 14:00:00+00:00, run_after=2026-02-18 14:00:00+00:00
[2026-02-17T19:16:44.817+0000] {logging_mixin.py:188} INFO - [2026-02-17T19:16:44.817+0000] {dag.py:3954} INFO - Setting next_dagrun for update_db to 2026-02-16 15:00:00+00:00, run_after=2026-02-17 15:00:00+00:00
[2026-02-17T19:16:44.848+0000] {processor.py:183} INFO - Processing /opt/airflow/dags/main.py took 0.204 seconds
[2026-02-17T19:17:15.058+0000] {processor.py:161} INFO - Started process (PID=1593) to work on /opt/airflow/dags/main.py
[2026-02-17T19:17:15.060+0000] {processor.py:830} INFO - Processing file /opt/airflow/dags/main.py for tasks to queue
[2026-02-17T19:17:15.063+0000] {logging_mixin.py:188} INFO - [2026-02-17T19:17:15.062+0000] {dagbag.py:545} INFO - Filling up the DagBag from /opt/airflow/dags/main.py
[2026-02-17T19:17:15.147+0000] {processor.py:840} INFO - DAG(s) 'update_db', 'produce_json' retrieved from /opt/airflow/dags/main.py
[2026-02-17T19:17:15.195+0000] {logging_mixin.py:188} INFO - [2026-02-17T19:17:15.194+0000] {dag.py:3096} INFO - Sync 2 DAGs
[2026-02-17T19:17:15.219+0000] {logging_mixin.py:188} INFO - [2026-02-17T19:17:15.219+0000] {dag.py:3954} INFO - Setting next_dagrun for produce_json to 2026-02-17 14:00:00+00:00, run_after=2026-02-18 14:00:00+00:00
[2026-02-17T19:17:15.226+0000] {logging_mixin.py:188} INFO - [2026-02-17T19:17:15.225+0000] {dag.py:3954} INFO - Setting next_dagrun for update_db to 2026-02-16 15:00:00+00:00, run_after=2026-02-17 15:00:00+00:00
[2026-02-17T19:17:15.266+0000] {processor.py:183} INFO - Processing /opt/airflow/dags/main.py took 0.214 seconds
[2026-02-17T19:17:45.469+0000] {processor.py:161} INFO - Started process (PID=1600) to work on /opt/airflow/dags/main.py
[2026-02-17T19:17:45.470+0000] {processor.py:830} INFO - Processing file /opt/airflow/dags/main.py for tasks to queue
[2026-02-17T19:17:45.472+0000] {logging_mixin.py:188} INFO - [2026-02-17T19:17:45.472+0000] {dagbag.py:545} INFO - Filling up the DagBag from /opt/airflow/dags/main.py
[2026-02-17T19:17:45.552+0000] {processor.py:840} INFO - DAG(s) 'produce_json', 'update_db' retrieved from /opt/airflow/dags/main.py
[2026-02-17T19:17:45.584+0000] {logging_mixin.py:188} INFO - [2026-02-17T19:17:45.583+0000] {dag.py:3096} INFO - Sync 2 DAGs
[2026-02-17T19:17:45.610+0000] {logging_mixin.py:188} INFO - [2026-02-17T19:17:45.609+0000] {dag.py:3954} INFO - Setting next_dagrun for produce_json to 2026-02-17 14:00:00+00:00, run_after=2026-02-18 14:00:00+00:00
[2026-02-17T19:17:45.614+0000] {logging_mixin.py:188} INFO - [2026-02-17T19:17:45.614+0000] {dag.py:3954} INFO - Setting next_dagrun for update_db to 2026-02-16 15:00:00+00:00, run_after=2026-02-17 15:00:00+00:00
[2026-02-17T19:17:45.634+0000] {processor.py:183} INFO - Processing /opt/airflow/dags/main.py took 0.171 seconds
[2026-02-17T19:18:15.830+0000] {processor.py:161} INFO - Started process (PID=1607) to work on /opt/airflow/dags/main.py
[2026-02-17T19:18:15.831+0000] {processor.py:830} INFO - Processing file /opt/airflow/dags/main.py for tasks to queue
[2026-02-17T19:18:15.833+0000] {logging_mixin.py:188} INFO - [2026-02-17T19:18:15.833+0000] {dagbag.py:545} INFO - Filling up the DagBag from /opt/airflow/dags/main.py
[2026-02-17T19:18:15.918+0000] {processor.py:840} INFO - DAG(s) 'produce_json', 'update_db' retrieved from /opt/airflow/dags/main.py
[2026-02-17T19:18:15.963+0000] {logging_mixin.py:188} INFO - [2026-02-17T19:18:15.963+0000] {dag.py:3096} INFO - Sync 2 DAGs
[2026-02-17T19:18:15.995+0000] {logging_mixin.py:188} INFO - [2026-02-17T19:18:15.994+0000] {dag.py:3954} INFO - Setting next_dagrun for produce_json to 2026-02-17 14:00:00+00:00, run_after=2026-02-18 14:00:00+00:00
[2026-02-17T19:18:16.000+0000] {logging_mixin.py:188} INFO - [2026-02-17T19:18:16.000+0000] {dag.py:3954} INFO - Setting next_dagrun for update_db to 2026-02-16 15:00:00+00:00, run_after=2026-02-17 15:00:00+00:00
[2026-02-17T19:18:16.020+0000] {processor.py:183} INFO - Processing /opt/airflow/dags/main.py took 0.196 seconds
[2026-02-17T19:18:46.228+0000] {processor.py:161} INFO - Started process (PID=1614) to work on /opt/airflow/dags/main.py
[2026-02-17T19:18:46.229+0000] {processor.py:830} INFO - Processing file /opt/airflow/dags/main.py for tasks to queue
[2026-02-17T19:18:46.232+0000] {logging_mixin.py:188} INFO - [2026-02-17T19:18:46.231+0000] {dagbag.py:545} INFO - Filling up the DagBag from /opt/airflow/dags/main.py
[2026-02-17T19:18:46.324+0000] {processor.py:840} INFO - DAG(s) 'produce_json', 'update_db' retrieved from /opt/airflow/dags/main.py
[2026-02-17T19:18:46.356+0000] {logging_mixin.py:188} INFO - [2026-02-17T19:18:46.356+0000] {dag.py:3096} INFO - Sync 2 DAGs
[2026-02-17T19:18:46.377+0000] {logging_mixin.py:188} INFO - [2026-02-17T19:18:46.377+0000] {dag.py:3954} INFO - Setting next_dagrun for produce_json to 2026-02-17 14:00:00+00:00, run_after=2026-02-18 14:00:00+00:00
[2026-02-17T19:18:46.382+0000] {logging_mixin.py:188} INFO - [2026-02-17T19:18:46.382+0000] {dag.py:3954} INFO - Setting next_dagrun for update_db to 2026-02-16 15:00:00+00:00, run_after=2026-02-17 15:00:00+00:00
[2026-02-17T19:18:46.413+0000] {processor.py:183} INFO - Processing /opt/airflow/dags/main.py took 0.191 seconds
[2026-02-17T19:19:16.732+0000] {processor.py:161} INFO - Started process (PID=1621) to work on /opt/airflow/dags/main.py
[2026-02-17T19:19:16.733+0000] {processor.py:830} INFO - Processing file /opt/airflow/dags/main.py for tasks to queue
[2026-02-17T19:19:16.734+0000] {logging_mixin.py:188} INFO - [2026-02-17T19:19:16.734+0000] {dagbag.py:545} INFO - Filling up the DagBag from /opt/airflow/dags/main.py
[2026-02-17T19:19:16.812+0000] {processor.py:840} INFO - DAG(s) 'produce_json', 'update_db' retrieved from /opt/airflow/dags/main.py
[2026-02-17T19:19:16.843+0000] {logging_mixin.py:188} INFO - [2026-02-17T19:19:16.843+0000] {dag.py:3096} INFO - Sync 2 DAGs
[2026-02-17T19:19:16.864+0000] {logging_mixin.py:188} INFO - [2026-02-17T19:19:16.864+0000] {dag.py:3954} INFO - Setting next_dagrun for produce_json to 2026-02-17 14:00:00+00:00, run_after=2026-02-18 14:00:00+00:00
[2026-02-17T19:19:16.869+0000] {logging_mixin.py:188} INFO - [2026-02-17T19:19:16.869+0000] {dag.py:3954} INFO - Setting next_dagrun for update_db to 2026-02-16 15:00:00+00:00, run_after=2026-02-17 15:00:00+00:00
[2026-02-17T19:19:16.890+0000] {processor.py:183} INFO - Processing /opt/airflow/dags/main.py took 0.164 seconds
[2026-02-17T19:19:46.929+0000] {processor.py:161} INFO - Started process (PID=1628) to work on /opt/airflow/dags/main.py
[2026-02-17T19:19:46.930+0000] {processor.py:830} INFO - Processing file /opt/airflow/dags/main.py for tasks to queue
[2026-02-17T19:19:46.932+0000] {logging_mixin.py:188} INFO - [2026-02-17T19:19:46.932+0000] {dagbag.py:545} INFO - Filling up the DagBag from /opt/airflow/dags/main.py
[2026-02-17T19:19:47.018+0000] {processor.py:840} INFO - DAG(s) 'update_db', 'produce_json' retrieved from /opt/airflow/dags/main.py
[2026-02-17T19:19:47.052+0000] {logging_mixin.py:188} INFO - [2026-02-17T19:19:47.052+0000] {dag.py:3096} INFO - Sync 2 DAGs
[2026-02-17T19:19:47.074+0000] {logging_mixin.py:188} INFO - [2026-02-17T19:19:47.074+0000] {dag.py:3954} INFO - Setting next_dagrun for produce_json to 2026-02-17 14:00:00+00:00, run_after=2026-02-18 14:00:00+00:00
[2026-02-17T19:19:47.080+0000] {logging_mixin.py:188} INFO - [2026-02-17T19:19:47.079+0000] {dag.py:3954} INFO - Setting next_dagrun for update_db to 2026-02-16 15:00:00+00:00, run_after=2026-02-17 15:00:00+00:00
[2026-02-17T19:19:47.100+0000] {processor.py:183} INFO - Processing /opt/airflow/dags/main.py took 0.177 seconds
[2026-02-17T19:20:17.302+0000] {processor.py:161} INFO - Started process (PID=1636) to work on /opt/airflow/dags/main.py
[2026-02-17T19:20:17.303+0000] {processor.py:830} INFO - Processing file /opt/airflow/dags/main.py for tasks to queue
[2026-02-17T19:20:17.305+0000] {logging_mixin.py:188} INFO - [2026-02-17T19:20:17.305+0000] {dagbag.py:545} INFO - Filling up the DagBag from /opt/airflow/dags/main.py
[2026-02-17T19:20:17.385+0000] {processor.py:840} INFO - DAG(s) 'produce_json', 'update_db' retrieved from /opt/airflow/dags/main.py
[2026-02-17T19:20:17.417+0000] {logging_mixin.py:188} INFO - [2026-02-17T19:20:17.417+0000] {dag.py:3096} INFO - Sync 2 DAGs
[2026-02-17T19:20:17.439+0000] {logging_mixin.py:188} INFO - [2026-02-17T19:20:17.439+0000] {dag.py:3954} INFO - Setting next_dagrun for produce_json to 2026-02-17 14:00:00+00:00, run_after=2026-02-18 14:00:00+00:00
[2026-02-17T19:20:17.444+0000] {logging_mixin.py:188} INFO - [2026-02-17T19:20:17.444+0000] {dag.py:3954} INFO - Setting next_dagrun for update_db to 2026-02-16 15:00:00+00:00, run_after=2026-02-17 15:00:00+00:00
[2026-02-17T19:20:17.475+0000] {processor.py:183} INFO - Processing /opt/airflow/dags/main.py took 0.179 seconds
[2026-02-17T19:20:47.512+0000] {processor.py:161} INFO - Started process (PID=1643) to work on /opt/airflow/dags/main.py
[2026-02-17T19:20:47.513+0000] {processor.py:830} INFO - Processing file /opt/airflow/dags/main.py for tasks to queue
[2026-02-17T19:20:47.515+0000] {logging_mixin.py:188} INFO - [2026-02-17T19:20:47.514+0000] {dagbag.py:545} INFO - Filling up the DagBag from /opt/airflow/dags/main.py
[2026-02-17T19:20:47.592+0000] {processor.py:840} INFO - DAG(s) 'produce_json', 'update_db' retrieved from /opt/airflow/dags/main.py
[2026-02-17T19:20:47.621+0000] {logging_mixin.py:188} INFO - [2026-02-17T19:20:47.621+0000] {dag.py:3096} INFO - Sync 2 DAGs
[2026-02-17T19:20:47.643+0000] {logging_mixin.py:188} INFO - [2026-02-17T19:20:47.643+0000] {dag.py:3954} INFO - Setting next_dagrun for produce_json to 2026-02-17 14:00:00+00:00, run_after=2026-02-18 14:00:00+00:00
[2026-02-17T19:20:47.648+0000] {logging_mixin.py:188} INFO - [2026-02-17T19:20:47.648+0000] {dag.py:3954} INFO - Setting next_dagrun for update_db to 2026-02-16 15:00:00+00:00, run_after=2026-02-17 15:00:00+00:00
[2026-02-17T19:20:47.681+0000] {processor.py:183} INFO - Processing /opt/airflow/dags/main.py took 0.174 seconds
[2026-02-17T19:21:17.891+0000] {processor.py:161} INFO - Started process (PID=1650) to work on /opt/airflow/dags/main.py
[2026-02-17T19:21:17.893+0000] {processor.py:830} INFO - Processing file /opt/airflow/dags/main.py for tasks to queue
[2026-02-17T19:21:17.896+0000] {logging_mixin.py:188} INFO - [2026-02-17T19:21:17.895+0000] {dagbag.py:545} INFO - Filling up the DagBag from /opt/airflow/dags/main.py
[2026-02-17T19:21:18.017+0000] {processor.py:840} INFO - DAG(s) 'update_db', 'produce_json' retrieved from /opt/airflow/dags/main.py
[2026-02-17T19:21:18.046+0000] {logging_mixin.py:188} INFO - [2026-02-17T19:21:18.046+0000] {dag.py:3096} INFO - Sync 2 DAGs
[2026-02-17T19:21:18.069+0000] {logging_mixin.py:188} INFO - [2026-02-17T19:21:18.069+0000] {dag.py:3954} INFO - Setting next_dagrun for produce_json to 2026-02-17 14:00:00+00:00, run_after=2026-02-18 14:00:00+00:00
[2026-02-17T19:21:18.075+0000] {logging_mixin.py:188} INFO - [2026-02-17T19:21:18.074+0000] {dag.py:3954} INFO - Setting next_dagrun for update_db to 2026-02-16 15:00:00+00:00, run_after=2026-02-17 15:00:00+00:00
[2026-02-17T19:21:18.094+0000] {processor.py:183} INFO - Processing /opt/airflow/dags/main.py took 0.211 seconds
[2026-02-17T19:21:48.302+0000] {processor.py:161} INFO - Started process (PID=1657) to work on /opt/airflow/dags/main.py
[2026-02-17T19:21:48.303+0000] {processor.py:830} INFO - Processing file /opt/airflow/dags/main.py for tasks to queue
[2026-02-17T19:21:48.305+0000] {logging_mixin.py:188} INFO - [2026-02-17T19:21:48.305+0000] {dagbag.py:545} INFO - Filling up the DagBag from /opt/airflow/dags/main.py
[2026-02-17T19:21:48.382+0000] {processor.py:840} INFO - DAG(s) 'update_db', 'produce_json' retrieved from /opt/airflow/dags/main.py
[2026-02-17T19:21:48.414+0000] {logging_mixin.py:188} INFO - [2026-02-17T19:21:48.414+0000] {dag.py:3096} INFO - Sync 2 DAGs
[2026-02-17T19:21:48.435+0000] {logging_mixin.py:188} INFO - [2026-02-17T19:21:48.435+0000] {dag.py:3954} INFO - Setting next_dagrun for produce_json to 2026-02-17 14:00:00+00:00, run_after=2026-02-18 14:00:00+00:00
[2026-02-17T19:21:48.441+0000] {logging_mixin.py:188} INFO - [2026-02-17T19:21:48.441+0000] {dag.py:3954} INFO - Setting next_dagrun for update_db to 2026-02-16 15:00:00+00:00, run_after=2026-02-17 15:00:00+00:00
[2026-02-17T19:21:48.465+0000] {processor.py:183} INFO - Processing /opt/airflow/dags/main.py took 0.169 seconds
[2026-02-17T19:22:18.680+0000] {processor.py:161} INFO - Started process (PID=1664) to work on /opt/airflow/dags/main.py
[2026-02-17T19:22:18.681+0000] {processor.py:830} INFO - Processing file /opt/airflow/dags/main.py for tasks to queue
[2026-02-17T19:22:18.683+0000] {logging_mixin.py:188} INFO - [2026-02-17T19:22:18.682+0000] {dagbag.py:545} INFO - Filling up the DagBag from /opt/airflow/dags/main.py
[2026-02-17T19:22:18.766+0000] {processor.py:840} INFO - DAG(s) 'produce_json', 'update_db' retrieved from /opt/airflow/dags/main.py
[2026-02-17T19:22:18.802+0000] {logging_mixin.py:188} INFO - [2026-02-17T19:22:18.802+0000] {dag.py:3096} INFO - Sync 2 DAGs
[2026-02-17T19:22:18.831+0000] {logging_mixin.py:188} INFO - [2026-02-17T19:22:18.831+0000] {dag.py:3954} INFO - Setting next_dagrun for produce_json to 2026-02-17 14:00:00+00:00, run_after=2026-02-18 14:00:00+00:00
[2026-02-17T19:22:18.835+0000] {logging_mixin.py:188} INFO - [2026-02-17T19:22:18.835+0000] {dag.py:3954} INFO - Setting next_dagrun for update_db to 2026-02-16 15:00:00+00:00, run_after=2026-02-17 15:00:00+00:00
[2026-02-17T19:22:18.856+0000] {processor.py:183} INFO - Processing /opt/airflow/dags/main.py took 0.182 seconds
[2026-02-17T19:22:49.058+0000] {processor.py:161} INFO - Started process (PID=1671) to work on /opt/airflow/dags/main.py
[2026-02-17T19:22:49.059+0000] {processor.py:830} INFO - Processing file /opt/airflow/dags/main.py for tasks to queue
[2026-02-17T19:22:49.061+0000] {logging_mixin.py:188} INFO - [2026-02-17T19:22:49.060+0000] {dagbag.py:545} INFO - Filling up the DagBag from /opt/airflow/dags/main.py
[2026-02-17T19:22:49.138+0000] {processor.py:840} INFO - DAG(s) 'update_db', 'produce_json' retrieved from /opt/airflow/dags/main.py
[2026-02-17T19:22:49.169+0000] {logging_mixin.py:188} INFO - [2026-02-17T19:22:49.169+0000] {dag.py:3096} INFO - Sync 2 DAGs
[2026-02-17T19:22:49.190+0000] {logging_mixin.py:188} INFO - [2026-02-17T19:22:49.190+0000] {dag.py:3954} INFO - Setting next_dagrun for produce_json to 2026-02-17 14:00:00+00:00, run_after=2026-02-18 14:00:00+00:00
[2026-02-17T19:22:49.195+0000] {logging_mixin.py:188} INFO - [2026-02-17T19:22:49.195+0000] {dag.py:3954} INFO - Setting next_dagrun for update_db to 2026-02-16 15:00:00+00:00, run_after=2026-02-17 15:00:00+00:00
[2026-02-17T19:22:49.215+0000] {processor.py:183} INFO - Processing /opt/airflow/dags/main.py took 0.164 seconds
[2026-02-17T19:23:19.260+0000] {processor.py:161} INFO - Started process (PID=1678) to work on /opt/airflow/dags/main.py
[2026-02-17T19:23:19.261+0000] {processor.py:830} INFO - Processing file /opt/airflow/dags/main.py for tasks to queue
[2026-02-17T19:23:19.263+0000] {logging_mixin.py:188} INFO - [2026-02-17T19:23:19.262+0000] {dagbag.py:545} INFO - Filling up the DagBag from /opt/airflow/dags/main.py
[2026-02-17T19:23:19.343+0000] {processor.py:840} INFO - DAG(s) 'produce_json', 'update_db' retrieved from /opt/airflow/dags/main.py
[2026-02-17T19:23:19.372+0000] {logging_mixin.py:188} INFO - [2026-02-17T19:23:19.372+0000] {dag.py:3096} INFO - Sync 2 DAGs
[2026-02-17T19:23:19.396+0000] {logging_mixin.py:188} INFO - [2026-02-17T19:23:19.396+0000] {dag.py:3954} INFO - Setting next_dagrun for produce_json to 2026-02-17 14:00:00+00:00, run_after=2026-02-18 14:00:00+00:00
[2026-02-17T19:23:19.400+0000] {logging_mixin.py:188} INFO - [2026-02-17T19:23:19.400+0000] {dag.py:3954} INFO - Setting next_dagrun for update_db to 2026-02-16 15:00:00+00:00, run_after=2026-02-17 15:00:00+00:00
[2026-02-17T19:23:19.423+0000] {processor.py:183} INFO - Processing /opt/airflow/dags/main.py took 0.169 seconds
[2026-02-17T19:23:49.657+0000] {processor.py:161} INFO - Started process (PID=1685) to work on /opt/airflow/dags/main.py
[2026-02-17T19:23:49.659+0000] {processor.py:830} INFO - Processing file /opt/airflow/dags/main.py for tasks to queue
[2026-02-17T19:23:49.660+0000] {logging_mixin.py:188} INFO - [2026-02-17T19:23:49.660+0000] {dagbag.py:545} INFO - Filling up the DagBag from /opt/airflow/dags/main.py
[2026-02-17T19:23:49.733+0000] {processor.py:840} INFO - DAG(s) 'produce_json', 'update_db' retrieved from /opt/airflow/dags/main.py
[2026-02-17T19:23:49.763+0000] {logging_mixin.py:188} INFO - [2026-02-17T19:23:49.763+0000] {dag.py:3096} INFO - Sync 2 DAGs
[2026-02-17T19:23:49.787+0000] {logging_mixin.py:188} INFO - [2026-02-17T19:23:49.787+0000] {dag.py:3954} INFO - Setting next_dagrun for produce_json to 2026-02-17 14:00:00+00:00, run_after=2026-02-18 14:00:00+00:00
[2026-02-17T19:23:49.792+0000] {logging_mixin.py:188} INFO - [2026-02-17T19:23:49.792+0000] {dag.py:3954} INFO - Setting next_dagrun for update_db to 2026-02-16 15:00:00+00:00, run_after=2026-02-17 15:00:00+00:00
[2026-02-17T19:23:49.814+0000] {processor.py:183} INFO - Processing /opt/airflow/dags/main.py took 0.162 seconds
[2026-02-17T19:24:19.966+0000] {processor.py:161} INFO - Started process (PID=1692) to work on /opt/airflow/dags/main.py
[2026-02-17T19:24:19.968+0000] {processor.py:830} INFO - Processing file /opt/airflow/dags/main.py for tasks to queue
[2026-02-17T19:24:19.970+0000] {logging_mixin.py:188} INFO - [2026-02-17T19:24:19.970+0000] {dagbag.py:545} INFO - Filling up the DagBag from /opt/airflow/dags/main.py
[2026-02-17T19:24:20.056+0000] {processor.py:840} INFO - DAG(s) 'produce_json', 'update_db' retrieved from /opt/airflow/dags/main.py
[2026-02-17T19:24:20.091+0000] {logging_mixin.py:188} INFO - [2026-02-17T19:24:20.091+0000] {dag.py:3096} INFO - Sync 2 DAGs
[2026-02-17T19:24:20.119+0000] {logging_mixin.py:188} INFO - [2026-02-17T19:24:20.119+0000] {dag.py:3954} INFO - Setting next_dagrun for produce_json to 2026-02-17 14:00:00+00:00, run_after=2026-02-18 14:00:00+00:00
[2026-02-17T19:24:20.125+0000] {logging_mixin.py:188} INFO - [2026-02-17T19:24:20.125+0000] {dag.py:3954} INFO - Setting next_dagrun for update_db to 2026-02-16 15:00:00+00:00, run_after=2026-02-17 15:00:00+00:00
[2026-02-17T19:24:20.145+0000] {processor.py:183} INFO - Processing /opt/airflow/dags/main.py took 0.185 seconds
[2026-02-17T19:24:50.195+0000] {processor.py:161} INFO - Started process (PID=1699) to work on /opt/airflow/dags/main.py
[2026-02-17T19:24:50.196+0000] {processor.py:830} INFO - Processing file /opt/airflow/dags/main.py for tasks to queue
[2026-02-17T19:24:50.199+0000] {logging_mixin.py:188} INFO - [2026-02-17T19:24:50.198+0000] {dagbag.py:545} INFO - Filling up the DagBag from /opt/airflow/dags/main.py
[2026-02-17T19:24:50.269+0000] {processor.py:840} INFO - DAG(s) 'update_db', 'produce_json' retrieved from /opt/airflow/dags/main.py
[2026-02-17T19:24:50.301+0000] {logging_mixin.py:188} INFO - [2026-02-17T19:24:50.301+0000] {dag.py:3096} INFO - Sync 2 DAGs
[2026-02-17T19:24:50.326+0000] {logging_mixin.py:188} INFO - [2026-02-17T19:24:50.326+0000] {dag.py:3954} INFO - Setting next_dagrun for produce_json to 2026-02-17 14:00:00+00:00, run_after=2026-02-18 14:00:00+00:00
[2026-02-17T19:24:50.331+0000] {logging_mixin.py:188} INFO - [2026-02-17T19:24:50.331+0000] {dag.py:3954} INFO - Setting next_dagrun for update_db to 2026-02-16 15:00:00+00:00, run_after=2026-02-17 15:00:00+00:00
[2026-02-17T19:24:50.351+0000] {processor.py:183} INFO - Processing /opt/airflow/dags/main.py took 0.162 seconds
[2026-02-17T19:25:20.525+0000] {processor.py:161} INFO - Started process (PID=1706) to work on /opt/airflow/dags/main.py
[2026-02-17T19:25:20.526+0000] {processor.py:830} INFO - Processing file /opt/airflow/dags/main.py for tasks to queue
[2026-02-17T19:25:20.528+0000] {logging_mixin.py:188} INFO - [2026-02-17T19:25:20.528+0000] {dagbag.py:545} INFO - Filling up the DagBag from /opt/airflow/dags/main.py
[2026-02-17T19:25:20.608+0000] {processor.py:840} INFO - DAG(s) 'produce_json', 'update_db' retrieved from /opt/airflow/dags/main.py
[2026-02-17T19:25:20.645+0000] {logging_mixin.py:188} INFO - [2026-02-17T19:25:20.644+0000] {dag.py:3096} INFO - Sync 2 DAGs
[2026-02-17T19:25:20.678+0000] {logging_mixin.py:188} INFO - [2026-02-17T19:25:20.678+0000] {dag.py:3954} INFO - Setting next_dagrun for produce_json to 2026-02-17 14:00:00+00:00, run_after=2026-02-18 14:00:00+00:00
[2026-02-17T19:25:20.685+0000] {logging_mixin.py:188} INFO - [2026-02-17T19:25:20.685+0000] {dag.py:3954} INFO - Setting next_dagrun for update_db to 2026-02-16 15:00:00+00:00, run_after=2026-02-17 15:00:00+00:00
[2026-02-17T19:25:20.708+0000] {processor.py:183} INFO - Processing /opt/airflow/dags/main.py took 0.189 seconds
[2026-02-17T19:25:50.912+0000] {processor.py:161} INFO - Started process (PID=1713) to work on /opt/airflow/dags/main.py
[2026-02-17T19:25:50.913+0000] {processor.py:830} INFO - Processing file /opt/airflow/dags/main.py for tasks to queue
[2026-02-17T19:25:50.916+0000] {logging_mixin.py:188} INFO - [2026-02-17T19:25:50.915+0000] {dagbag.py:545} INFO - Filling up the DagBag from /opt/airflow/dags/main.py
[2026-02-17T19:25:50.993+0000] {processor.py:840} INFO - DAG(s) 'update_db', 'produce_json' retrieved from /opt/airflow/dags/main.py
[2026-02-17T19:25:51.024+0000] {logging_mixin.py:188} INFO - [2026-02-17T19:25:51.024+0000] {dag.py:3096} INFO - Sync 2 DAGs
[2026-02-17T19:25:51.046+0000] {logging_mixin.py:188} INFO - [2026-02-17T19:25:51.046+0000] {dag.py:3954} INFO - Setting next_dagrun for produce_json to 2026-02-17 14:00:00+00:00, run_after=2026-02-18 14:00:00+00:00
[2026-02-17T19:25:51.051+0000] {logging_mixin.py:188} INFO - [2026-02-17T19:25:51.051+0000] {dag.py:3954} INFO - Setting next_dagrun for update_db to 2026-02-16 15:00:00+00:00, run_after=2026-02-17 15:00:00+00:00
[2026-02-17T19:25:51.070+0000] {processor.py:183} INFO - Processing /opt/airflow/dags/main.py took 0.163 seconds
[2026-02-17T19:26:21.256+0000] {processor.py:161} INFO - Started process (PID=1720) to work on /opt/airflow/dags/main.py
[2026-02-17T19:26:21.257+0000] {processor.py:830} INFO - Processing file /opt/airflow/dags/main.py for tasks to queue
[2026-02-17T19:26:21.259+0000] {logging_mixin.py:188} INFO - [2026-02-17T19:26:21.259+0000] {dagbag.py:545} INFO - Filling up the DagBag from /opt/airflow/dags/main.py
[2026-02-17T19:26:21.348+0000] {processor.py:840} INFO - DAG(s) 'update_db', 'produce_json' retrieved from /opt/airflow/dags/main.py
[2026-02-17T19:26:21.388+0000] {logging_mixin.py:188} INFO - [2026-02-17T19:26:21.388+0000] {dag.py:3096} INFO - Sync 2 DAGs
[2026-02-17T19:26:21.410+0000] {logging_mixin.py:188} INFO - [2026-02-17T19:26:21.410+0000] {dag.py:3954} INFO - Setting next_dagrun for produce_json to 2026-02-17 14:00:00+00:00, run_after=2026-02-18 14:00:00+00:00
[2026-02-17T19:26:21.416+0000] {logging_mixin.py:188} INFO - [2026-02-17T19:26:21.416+0000] {dag.py:3954} INFO - Setting next_dagrun for update_db to 2026-02-16 15:00:00+00:00, run_after=2026-02-17 15:00:00+00:00
[2026-02-17T19:26:21.446+0000] {processor.py:183} INFO - Processing /opt/airflow/dags/main.py took 0.197 seconds
[2026-02-17T19:26:51.631+0000] {processor.py:161} INFO - Started process (PID=1727) to work on /opt/airflow/dags/main.py
[2026-02-17T19:26:51.632+0000] {processor.py:830} INFO - Processing file /opt/airflow/dags/main.py for tasks to queue
[2026-02-17T19:26:51.634+0000] {logging_mixin.py:188} INFO - [2026-02-17T19:26:51.634+0000] {dagbag.py:545} INFO - Filling up the DagBag from /opt/airflow/dags/main.py
[2026-02-17T19:26:51.753+0000] {processor.py:840} INFO - DAG(s) 'produce_json', 'update_db' retrieved from /opt/airflow/dags/main.py
[2026-02-17T19:26:51.787+0000] {logging_mixin.py:188} INFO - [2026-02-17T19:26:51.787+0000] {dag.py:3096} INFO - Sync 2 DAGs
[2026-02-17T19:26:51.808+0000] {logging_mixin.py:188} INFO - [2026-02-17T19:26:51.808+0000] {dag.py:3954} INFO - Setting next_dagrun for produce_json to 2026-02-17 14:00:00+00:00, run_after=2026-02-18 14:00:00+00:00
[2026-02-17T19:26:51.813+0000] {logging_mixin.py:188} INFO - [2026-02-17T19:26:51.813+0000] {dag.py:3954} INFO - Setting next_dagrun for update_db to 2026-02-16 15:00:00+00:00, run_after=2026-02-17 15:00:00+00:00
[2026-02-17T19:26:51.845+0000] {processor.py:183} INFO - Processing /opt/airflow/dags/main.py took 0.219 seconds
[2026-02-17T19:27:22.044+0000] {processor.py:161} INFO - Started process (PID=1734) to work on /opt/airflow/dags/main.py
[2026-02-17T19:27:22.045+0000] {processor.py:830} INFO - Processing file /opt/airflow/dags/main.py for tasks to queue
[2026-02-17T19:27:22.047+0000] {logging_mixin.py:188} INFO - [2026-02-17T19:27:22.046+0000] {dagbag.py:545} INFO - Filling up the DagBag from /opt/airflow/dags/main.py
[2026-02-17T19:27:22.120+0000] {processor.py:840} INFO - DAG(s) 'produce_json', 'update_db' retrieved from /opt/airflow/dags/main.py
[2026-02-17T19:27:22.150+0000] {logging_mixin.py:188} INFO - [2026-02-17T19:27:22.149+0000] {dag.py:3096} INFO - Sync 2 DAGs
[2026-02-17T19:27:22.170+0000] {logging_mixin.py:188} INFO - [2026-02-17T19:27:22.170+0000] {dag.py:3954} INFO - Setting next_dagrun for produce_json to 2026-02-17 14:00:00+00:00, run_after=2026-02-18 14:00:00+00:00
[2026-02-17T19:27:22.177+0000] {logging_mixin.py:188} INFO - [2026-02-17T19:27:22.176+0000] {dag.py:3954} INFO - Setting next_dagrun for update_db to 2026-02-16 15:00:00+00:00, run_after=2026-02-17 15:00:00+00:00
[2026-02-17T19:27:22.206+0000] {processor.py:183} INFO - Processing /opt/airflow/dags/main.py took 0.168 seconds
[2026-02-17T19:27:52.251+0000] {processor.py:161} INFO - Started process (PID=1741) to work on /opt/airflow/dags/main.py
[2026-02-17T19:27:52.253+0000] {processor.py:830} INFO - Processing file /opt/airflow/dags/main.py for tasks to queue
[2026-02-17T19:27:52.256+0000] {logging_mixin.py:188} INFO - [2026-02-17T19:27:52.256+0000] {dagbag.py:545} INFO - Filling up the DagBag from /opt/airflow/dags/main.py
[2026-02-17T19:27:52.354+0000] {processor.py:840} INFO - DAG(s) 'produce_json', 'update_db' retrieved from /opt/airflow/dags/main.py
[2026-02-17T19:27:52.391+0000] {logging_mixin.py:188} INFO - [2026-02-17T19:27:52.391+0000] {dag.py:3096} INFO - Sync 2 DAGs
[2026-02-17T19:27:52.414+0000] {logging_mixin.py:188} INFO - [2026-02-17T19:27:52.414+0000] {dag.py:3954} INFO - Setting next_dagrun for produce_json to 2026-02-17 14:00:00+00:00, run_after=2026-02-18 14:00:00+00:00
[2026-02-17T19:27:52.420+0000] {logging_mixin.py:188} INFO - [2026-02-17T19:27:52.420+0000] {dag.py:3954} INFO - Setting next_dagrun for update_db to 2026-02-16 15:00:00+00:00, run_after=2026-02-17 15:00:00+00:00
[2026-02-17T19:27:52.452+0000] {processor.py:183} INFO - Processing /opt/airflow/dags/main.py took 0.208 seconds
[2026-02-17T19:28:22.586+0000] {processor.py:161} INFO - Started process (PID=1748) to work on /opt/airflow/dags/main.py
[2026-02-17T19:28:22.587+0000] {processor.py:830} INFO - Processing file /opt/airflow/dags/main.py for tasks to queue
[2026-02-17T19:28:22.589+0000] {logging_mixin.py:188} INFO - [2026-02-17T19:28:22.589+0000] {dagbag.py:545} INFO - Filling up the DagBag from /opt/airflow/dags/main.py
[2026-02-17T19:28:22.658+0000] {processor.py:840} INFO - DAG(s) 'update_db', 'produce_json' retrieved from /opt/airflow/dags/main.py
[2026-02-17T19:28:22.686+0000] {logging_mixin.py:188} INFO - [2026-02-17T19:28:22.686+0000] {dag.py:3096} INFO - Sync 2 DAGs
[2026-02-17T19:28:22.708+0000] {logging_mixin.py:188} INFO - [2026-02-17T19:28:22.707+0000] {dag.py:3954} INFO - Setting next_dagrun for produce_json to 2026-02-17 14:00:00+00:00, run_after=2026-02-18 14:00:00+00:00
[2026-02-17T19:28:22.712+0000] {logging_mixin.py:188} INFO - [2026-02-17T19:28:22.712+0000] {dag.py:3954} INFO - Setting next_dagrun for update_db to 2026-02-16 15:00:00+00:00, run_after=2026-02-17 15:00:00+00:00
[2026-02-17T19:28:22.747+0000] {processor.py:183} INFO - Processing /opt/airflow/dags/main.py took 0.167 seconds
[2026-02-17T19:28:52.848+0000] {processor.py:161} INFO - Started process (PID=1755) to work on /opt/airflow/dags/main.py
[2026-02-17T19:28:52.850+0000] {processor.py:830} INFO - Processing file /opt/airflow/dags/main.py for tasks to queue
[2026-02-17T19:28:52.852+0000] {logging_mixin.py:188} INFO - [2026-02-17T19:28:52.851+0000] {dagbag.py:545} INFO - Filling up the DagBag from /opt/airflow/dags/main.py
[2026-02-17T19:28:52.925+0000] {processor.py:840} INFO - DAG(s) 'produce_json', 'update_db' retrieved from /opt/airflow/dags/main.py
[2026-02-17T19:28:52.953+0000] {logging_mixin.py:188} INFO - [2026-02-17T19:28:52.953+0000] {dag.py:3096} INFO - Sync 2 DAGs
[2026-02-17T19:28:52.974+0000] {logging_mixin.py:188} INFO - [2026-02-17T19:28:52.974+0000] {dag.py:3954} INFO - Setting next_dagrun for produce_json to 2026-02-17 14:00:00+00:00, run_after=2026-02-18 14:00:00+00:00
[2026-02-17T19:28:52.980+0000] {logging_mixin.py:188} INFO - [2026-02-17T19:28:52.980+0000] {dag.py:3954} INFO - Setting next_dagrun for update_db to 2026-02-16 15:00:00+00:00, run_after=2026-02-17 15:00:00+00:00
[2026-02-17T19:28:53.012+0000] {processor.py:183} INFO - Processing /opt/airflow/dags/main.py took 0.170 seconds
[2026-02-17T19:29:23.278+0000] {processor.py:161} INFO - Started process (PID=1762) to work on /opt/airflow/dags/main.py
[2026-02-17T19:29:23.279+0000] {processor.py:830} INFO - Processing file /opt/airflow/dags/main.py for tasks to queue
[2026-02-17T19:29:23.281+0000] {logging_mixin.py:188} INFO - [2026-02-17T19:29:23.281+0000] {dagbag.py:545} INFO - Filling up the DagBag from /opt/airflow/dags/main.py
[2026-02-17T19:29:23.367+0000] {processor.py:840} INFO - DAG(s) 'update_db', 'produce_json' retrieved from /opt/airflow/dags/main.py
[2026-02-17T19:29:23.411+0000] {logging_mixin.py:188} INFO - [2026-02-17T19:29:23.410+0000] {dag.py:3096} INFO - Sync 2 DAGs
[2026-02-17T19:29:23.435+0000] {logging_mixin.py:188} INFO - [2026-02-17T19:29:23.435+0000] {dag.py:3954} INFO - Setting next_dagrun for produce_json to 2026-02-17 14:00:00+00:00, run_after=2026-02-18 14:00:00+00:00
[2026-02-17T19:29:23.444+0000] {logging_mixin.py:188} INFO - [2026-02-17T19:29:23.444+0000] {dag.py:3954} INFO - Setting next_dagrun for update_db to 2026-02-16 15:00:00+00:00, run_after=2026-02-17 15:00:00+00:00
[2026-02-17T19:29:23.469+0000] {processor.py:183} INFO - Processing /opt/airflow/dags/main.py took 0.197 seconds
[2026-02-17T19:29:53.683+0000] {processor.py:161} INFO - Started process (PID=1769) to work on /opt/airflow/dags/main.py
[2026-02-17T19:29:53.684+0000] {processor.py:830} INFO - Processing file /opt/airflow/dags/main.py for tasks to queue
[2026-02-17T19:29:53.686+0000] {logging_mixin.py:188} INFO - [2026-02-17T19:29:53.686+0000] {dagbag.py:545} INFO - Filling up the DagBag from /opt/airflow/dags/main.py
[2026-02-17T19:29:53.759+0000] {processor.py:840} INFO - DAG(s) 'produce_json', 'update_db' retrieved from /opt/airflow/dags/main.py
[2026-02-17T19:29:53.790+0000] {logging_mixin.py:188} INFO - [2026-02-17T19:29:53.790+0000] {dag.py:3096} INFO - Sync 2 DAGs
[2026-02-17T19:29:53.813+0000] {logging_mixin.py:188} INFO - [2026-02-17T19:29:53.812+0000] {dag.py:3954} INFO - Setting next_dagrun for produce_json to 2026-02-17 14:00:00+00:00, run_after=2026-02-18 14:00:00+00:00
[2026-02-17T19:29:53.817+0000] {logging_mixin.py:188} INFO - [2026-02-17T19:29:53.817+0000] {dag.py:3954} INFO - Setting next_dagrun for update_db to 2026-02-16 15:00:00+00:00, run_after=2026-02-17 15:00:00+00:00
[2026-02-17T19:29:53.849+0000] {processor.py:183} INFO - Processing /opt/airflow/dags/main.py took 0.172 seconds
[2026-02-17T19:30:23.919+0000] {processor.py:161} INFO - Started process (PID=1776) to work on /opt/airflow/dags/main.py
[2026-02-17T19:30:23.920+0000] {processor.py:830} INFO - Processing file /opt/airflow/dags/main.py for tasks to queue
[2026-02-17T19:30:23.922+0000] {logging_mixin.py:188} INFO - [2026-02-17T19:30:23.922+0000] {dagbag.py:545} INFO - Filling up the DagBag from /opt/airflow/dags/main.py
[2026-02-17T19:30:23.997+0000] {processor.py:840} INFO - DAG(s) 'produce_json', 'update_db' retrieved from /opt/airflow/dags/main.py
[2026-02-17T19:30:24.029+0000] {logging_mixin.py:188} INFO - [2026-02-17T19:30:24.029+0000] {dag.py:3096} INFO - Sync 2 DAGs
[2026-02-17T19:30:24.049+0000] {logging_mixin.py:188} INFO - [2026-02-17T19:30:24.049+0000] {dag.py:3954} INFO - Setting next_dagrun for produce_json to 2026-02-17 14:00:00+00:00, run_after=2026-02-18 14:00:00+00:00
[2026-02-17T19:30:24.055+0000] {logging_mixin.py:188} INFO - [2026-02-17T19:30:24.054+0000] {dag.py:3954} INFO - Setting next_dagrun for update_db to 2026-02-16 15:00:00+00:00, run_after=2026-02-17 15:00:00+00:00
[2026-02-17T19:30:24.075+0000] {processor.py:183} INFO - Processing /opt/airflow/dags/main.py took 0.161 seconds
[2026-02-17T19:30:54.230+0000] {processor.py:161} INFO - Started process (PID=1783) to work on /opt/airflow/dags/main.py
[2026-02-17T19:30:54.231+0000] {processor.py:830} INFO - Processing file /opt/airflow/dags/main.py for tasks to queue
[2026-02-17T19:30:54.233+0000] {logging_mixin.py:188} INFO - [2026-02-17T19:30:54.233+0000] {dagbag.py:545} INFO - Filling up the DagBag from /opt/airflow/dags/main.py
[2026-02-17T19:30:54.309+0000] {processor.py:840} INFO - DAG(s) 'update_db', 'produce_json' retrieved from /opt/airflow/dags/main.py
[2026-02-17T19:30:54.341+0000] {logging_mixin.py:188} INFO - [2026-02-17T19:30:54.340+0000] {dag.py:3096} INFO - Sync 2 DAGs
[2026-02-17T19:30:54.363+0000] {logging_mixin.py:188} INFO - [2026-02-17T19:30:54.363+0000] {dag.py:3954} INFO - Setting next_dagrun for produce_json to 2026-02-17 14:00:00+00:00, run_after=2026-02-18 14:00:00+00:00
[2026-02-17T19:30:54.369+0000] {logging_mixin.py:188} INFO - [2026-02-17T19:30:54.369+0000] {dag.py:3954} INFO - Setting next_dagrun for update_db to 2026-02-16 15:00:00+00:00, run_after=2026-02-17 15:00:00+00:00
[2026-02-17T19:30:54.392+0000] {processor.py:183} INFO - Processing /opt/airflow/dags/main.py took 0.168 seconds
[2026-02-17T19:31:24.442+0000] {processor.py:161} INFO - Started process (PID=1790) to work on /opt/airflow/dags/main.py
[2026-02-17T19:31:24.443+0000] {processor.py:830} INFO - Processing file /opt/airflow/dags/main.py for tasks to queue
[2026-02-17T19:31:24.445+0000] {logging_mixin.py:188} INFO - [2026-02-17T19:31:24.444+0000] {dagbag.py:545} INFO - Filling up the DagBag from /opt/airflow/dags/main.py
[2026-02-17T19:31:24.514+0000] {processor.py:840} INFO - DAG(s) 'update_db', 'produce_json' retrieved from /opt/airflow/dags/main.py
[2026-02-17T19:31:24.545+0000] {logging_mixin.py:188} INFO - [2026-02-17T19:31:24.545+0000] {dag.py:3096} INFO - Sync 2 DAGs
[2026-02-17T19:31:24.566+0000] {logging_mixin.py:188} INFO - [2026-02-17T19:31:24.566+0000] {dag.py:3954} INFO - Setting next_dagrun for produce_json to 2026-02-17 14:00:00+00:00, run_after=2026-02-18 14:00:00+00:00
[2026-02-17T19:31:24.572+0000] {logging_mixin.py:188} INFO - [2026-02-17T19:31:24.571+0000] {dag.py:3954} INFO - Setting next_dagrun for update_db to 2026-02-16 15:00:00+00:00, run_after=2026-02-17 15:00:00+00:00
[2026-02-17T19:31:24.594+0000] {processor.py:183} INFO - Processing /opt/airflow/dags/main.py took 0.158 seconds
[2026-02-17T19:31:54.771+0000] {processor.py:161} INFO - Started process (PID=1797) to work on /opt/airflow/dags/main.py
[2026-02-17T19:31:54.772+0000] {processor.py:830} INFO - Processing file /opt/airflow/dags/main.py for tasks to queue
[2026-02-17T19:31:54.774+0000] {logging_mixin.py:188} INFO - [2026-02-17T19:31:54.774+0000] {dagbag.py:545} INFO - Filling up the DagBag from /opt/airflow/dags/main.py
[2026-02-17T19:31:54.839+0000] {processor.py:840} INFO - DAG(s) 'update_db', 'produce_json' retrieved from /opt/airflow/dags/main.py
[2026-02-17T19:31:54.870+0000] {logging_mixin.py:188} INFO - [2026-02-17T19:31:54.870+0000] {dag.py:3096} INFO - Sync 2 DAGs
[2026-02-17T19:31:54.891+0000] {logging_mixin.py:188} INFO - [2026-02-17T19:31:54.891+0000] {dag.py:3954} INFO - Setting next_dagrun for produce_json to 2026-02-17 14:00:00+00:00, run_after=2026-02-18 14:00:00+00:00
[2026-02-17T19:31:54.896+0000] {logging_mixin.py:188} INFO - [2026-02-17T19:31:54.896+0000] {dag.py:3954} INFO - Setting next_dagrun for update_db to 2026-02-16 15:00:00+00:00, run_after=2026-02-17 15:00:00+00:00
[2026-02-17T19:31:54.927+0000] {processor.py:183} INFO - Processing /opt/airflow/dags/main.py took 0.161 seconds
[2026-02-17T19:32:24.970+0000] {processor.py:161} INFO - Started process (PID=1805) to work on /opt/airflow/dags/main.py
[2026-02-17T19:32:24.972+0000] {processor.py:830} INFO - Processing file /opt/airflow/dags/main.py for tasks to queue
[2026-02-17T19:32:24.975+0000] {logging_mixin.py:188} INFO - [2026-02-17T19:32:24.975+0000] {dagbag.py:545} INFO - Filling up the DagBag from /opt/airflow/dags/main.py
[2026-02-17T19:32:25.079+0000] {processor.py:840} INFO - DAG(s) 'update_db', 'produce_json' retrieved from /opt/airflow/dags/main.py
[2026-02-17T19:32:25.140+0000] {logging_mixin.py:188} INFO - [2026-02-17T19:32:25.140+0000] {dag.py:3096} INFO - Sync 2 DAGs
[2026-02-17T19:32:25.182+0000] {logging_mixin.py:188} INFO - [2026-02-17T19:32:25.182+0000] {dag.py:3954} INFO - Setting next_dagrun for produce_json to 2026-02-17 14:00:00+00:00, run_after=2026-02-18 14:00:00+00:00
[2026-02-17T19:32:25.190+0000] {logging_mixin.py:188} INFO - [2026-02-17T19:32:25.189+0000] {dag.py:3954} INFO - Setting next_dagrun for update_db to 2026-02-16 15:00:00+00:00, run_after=2026-02-17 15:00:00+00:00
[2026-02-17T19:32:25.219+0000] {processor.py:183} INFO - Processing /opt/airflow/dags/main.py took 0.256 seconds
[2026-02-17T19:32:55.311+0000] {processor.py:161} INFO - Started process (PID=1812) to work on /opt/airflow/dags/main.py
[2026-02-17T19:32:55.312+0000] {processor.py:830} INFO - Processing file /opt/airflow/dags/main.py for tasks to queue
[2026-02-17T19:32:55.315+0000] {logging_mixin.py:188} INFO - [2026-02-17T19:32:55.314+0000] {dagbag.py:545} INFO - Filling up the DagBag from /opt/airflow/dags/main.py
[2026-02-17T19:32:55.398+0000] {processor.py:840} INFO - DAG(s) 'update_db', 'produce_json' retrieved from /opt/airflow/dags/main.py
[2026-02-17T19:32:55.433+0000] {logging_mixin.py:188} INFO - [2026-02-17T19:32:55.432+0000] {dag.py:3096} INFO - Sync 2 DAGs
[2026-02-17T19:32:55.455+0000] {logging_mixin.py:188} INFO - [2026-02-17T19:32:55.455+0000] {dag.py:3954} INFO - Setting next_dagrun for produce_json to 2026-02-17 14:00:00+00:00, run_after=2026-02-18 14:00:00+00:00
[2026-02-17T19:32:55.461+0000] {logging_mixin.py:188} INFO - [2026-02-17T19:32:55.461+0000] {dag.py:3954} INFO - Setting next_dagrun for update_db to 2026-02-16 15:00:00+00:00, run_after=2026-02-17 15:00:00+00:00
[2026-02-17T19:32:55.491+0000] {processor.py:183} INFO - Processing /opt/airflow/dags/main.py took 0.187 seconds
[2026-02-17T19:33:25.598+0000] {processor.py:161} INFO - Started process (PID=1819) to work on /opt/airflow/dags/main.py
[2026-02-17T19:33:25.599+0000] {processor.py:830} INFO - Processing file /opt/airflow/dags/main.py for tasks to queue
[2026-02-17T19:33:25.601+0000] {logging_mixin.py:188} INFO - [2026-02-17T19:33:25.600+0000] {dagbag.py:545} INFO - Filling up the DagBag from /opt/airflow/dags/main.py
[2026-02-17T19:33:25.677+0000] {processor.py:840} INFO - DAG(s) 'update_db', 'produce_json' retrieved from /opt/airflow/dags/main.py
[2026-02-17T19:33:25.707+0000] {logging_mixin.py:188} INFO - [2026-02-17T19:33:25.707+0000] {dag.py:3096} INFO - Sync 2 DAGs
[2026-02-17T19:33:25.728+0000] {logging_mixin.py:188} INFO - [2026-02-17T19:33:25.728+0000] {dag.py:3954} INFO - Setting next_dagrun for produce_json to 2026-02-17 14:00:00+00:00, run_after=2026-02-18 14:00:00+00:00
[2026-02-17T19:33:25.733+0000] {logging_mixin.py:188} INFO - [2026-02-17T19:33:25.733+0000] {dag.py:3954} INFO - Setting next_dagrun for update_db to 2026-02-16 15:00:00+00:00, run_after=2026-02-17 15:00:00+00:00
[2026-02-17T19:33:25.754+0000] {processor.py:183} INFO - Processing /opt/airflow/dags/main.py took 0.161 seconds
[2026-02-17T23:09:27.596+0000] {processor.py:161} INFO - Started process (PID=1826) to work on /opt/airflow/dags/main.py
[2026-02-17T23:09:27.626+0000] {processor.py:830} INFO - Processing file /opt/airflow/dags/main.py for tasks to queue
[2026-02-17T23:09:27.686+0000] {logging_mixin.py:188} INFO - [2026-02-17T23:09:27.685+0000] {dagbag.py:545} INFO - Filling up the DagBag from /opt/airflow/dags/main.py
[2026-02-17T23:09:28.239+0000] {processor.py:840} INFO - DAG(s) 'update_db', 'produce_json' retrieved from /opt/airflow/dags/main.py
[2026-02-17T23:09:28.349+0000] {logging_mixin.py:188} INFO - [2026-02-17T23:09:28.348+0000] {dag.py:3096} INFO - Sync 2 DAGs
[2026-02-17T23:09:28.437+0000] {logging_mixin.py:188} INFO - [2026-02-17T23:09:28.436+0000] {dag.py:3954} INFO - Setting next_dagrun for produce_json to 2026-02-17 14:00:00+00:00, run_after=2026-02-18 14:00:00+00:00
[2026-02-17T23:09:28.459+0000] {logging_mixin.py:188} INFO - [2026-02-17T23:09:28.450+0000] {dag.py:3954} INFO - Setting next_dagrun for update_db to 2026-02-16 15:00:00+00:00, run_after=2026-02-17 15:00:00+00:00
[2026-02-17T23:09:28.544+0000] {processor.py:183} INFO - Processing /opt/airflow/dags/main.py took 1.038 seconds
[2026-02-17T23:09:59.183+0000] {processor.py:161} INFO - Started process (PID=1833) to work on /opt/airflow/dags/main.py
[2026-02-17T23:09:59.185+0000] {processor.py:830} INFO - Processing file /opt/airflow/dags/main.py for tasks to queue
[2026-02-17T23:09:59.190+0000] {logging_mixin.py:188} INFO - [2026-02-17T23:09:59.189+0000] {dagbag.py:545} INFO - Filling up the DagBag from /opt/airflow/dags/main.py
[2026-02-17T23:09:59.435+0000] {processor.py:840} INFO - DAG(s) 'update_db', 'produce_json' retrieved from /opt/airflow/dags/main.py
[2026-02-17T23:09:59.524+0000] {logging_mixin.py:188} INFO - [2026-02-17T23:09:59.524+0000] {dag.py:3096} INFO - Sync 2 DAGs
[2026-02-17T23:09:59.582+0000] {logging_mixin.py:188} INFO - [2026-02-17T23:09:59.581+0000] {dag.py:3954} INFO - Setting next_dagrun for produce_json to 2026-02-17 14:00:00+00:00, run_after=2026-02-18 14:00:00+00:00
[2026-02-17T23:09:59.595+0000] {logging_mixin.py:188} INFO - [2026-02-17T23:09:59.594+0000] {dag.py:3954} INFO - Setting next_dagrun for update_db to 2026-02-16 15:00:00+00:00, run_after=2026-02-17 15:00:00+00:00
[2026-02-17T23:09:59.633+0000] {processor.py:183} INFO - Processing /opt/airflow/dags/main.py took 0.467 seconds
[2026-02-17T23:10:29.966+0000] {processor.py:161} INFO - Started process (PID=1840) to work on /opt/airflow/dags/main.py
[2026-02-17T23:10:29.967+0000] {processor.py:830} INFO - Processing file /opt/airflow/dags/main.py for tasks to queue
[2026-02-17T23:10:29.969+0000] {logging_mixin.py:188} INFO - [2026-02-17T23:10:29.969+0000] {dagbag.py:545} INFO - Filling up the DagBag from /opt/airflow/dags/main.py
[2026-02-17T23:10:30.059+0000] {processor.py:840} INFO - DAG(s) 'update_db', 'produce_json' retrieved from /opt/airflow/dags/main.py
[2026-02-17T23:10:30.096+0000] {logging_mixin.py:188} INFO - [2026-02-17T23:10:30.096+0000] {dag.py:3096} INFO - Sync 2 DAGs
[2026-02-17T23:10:30.129+0000] {logging_mixin.py:188} INFO - [2026-02-17T23:10:30.128+0000] {dag.py:3954} INFO - Setting next_dagrun for produce_json to 2026-02-17 14:00:00+00:00, run_after=2026-02-18 14:00:00+00:00
[2026-02-17T23:10:30.136+0000] {logging_mixin.py:188} INFO - [2026-02-17T23:10:30.136+0000] {dag.py:3954} INFO - Setting next_dagrun for update_db to 2026-02-16 15:00:00+00:00, run_after=2026-02-17 15:00:00+00:00
[2026-02-17T23:10:30.164+0000] {processor.py:183} INFO - Processing /opt/airflow/dags/main.py took 0.204 seconds
[2026-02-17T23:11:00.366+0000] {processor.py:161} INFO - Started process (PID=1847) to work on /opt/airflow/dags/main.py
[2026-02-17T23:11:00.368+0000] {processor.py:830} INFO - Processing file /opt/airflow/dags/main.py for tasks to queue
[2026-02-17T23:11:00.370+0000] {logging_mixin.py:188} INFO - [2026-02-17T23:11:00.369+0000] {dagbag.py:545} INFO - Filling up the DagBag from /opt/airflow/dags/main.py
[2026-02-17T23:11:00.446+0000] {processor.py:840} INFO - DAG(s) 'produce_json', 'update_db' retrieved from /opt/airflow/dags/main.py
[2026-02-17T23:11:00.485+0000] {logging_mixin.py:188} INFO - [2026-02-17T23:11:00.484+0000] {dag.py:3096} INFO - Sync 2 DAGs
[2026-02-17T23:11:00.510+0000] {logging_mixin.py:188} INFO - [2026-02-17T23:11:00.510+0000] {dag.py:3954} INFO - Setting next_dagrun for produce_json to 2026-02-17 14:00:00+00:00, run_after=2026-02-18 14:00:00+00:00
[2026-02-17T23:11:00.519+0000] {logging_mixin.py:188} INFO - [2026-02-17T23:11:00.519+0000] {dag.py:3954} INFO - Setting next_dagrun for update_db to 2026-02-16 15:00:00+00:00, run_after=2026-02-17 15:00:00+00:00
[2026-02-17T23:11:00.539+0000] {processor.py:183} INFO - Processing /opt/airflow/dags/main.py took 0.179 seconds
[2026-02-17T23:11:30.748+0000] {processor.py:161} INFO - Started process (PID=1854) to work on /opt/airflow/dags/main.py
[2026-02-17T23:11:30.749+0000] {processor.py:830} INFO - Processing file /opt/airflow/dags/main.py for tasks to queue
[2026-02-17T23:11:30.751+0000] {logging_mixin.py:188} INFO - [2026-02-17T23:11:30.751+0000] {dagbag.py:545} INFO - Filling up the DagBag from /opt/airflow/dags/main.py
[2026-02-17T23:11:30.840+0000] {processor.py:840} INFO - DAG(s) 'update_db', 'produce_json' retrieved from /opt/airflow/dags/main.py
[2026-02-17T23:11:30.872+0000] {logging_mixin.py:188} INFO - [2026-02-17T23:11:30.871+0000] {dag.py:3096} INFO - Sync 2 DAGs
[2026-02-17T23:11:30.895+0000] {logging_mixin.py:188} INFO - [2026-02-17T23:11:30.895+0000] {dag.py:3954} INFO - Setting next_dagrun for produce_json to 2026-02-17 14:00:00+00:00, run_after=2026-02-18 14:00:00+00:00
[2026-02-17T23:11:30.902+0000] {logging_mixin.py:188} INFO - [2026-02-17T23:11:30.901+0000] {dag.py:3954} INFO - Setting next_dagrun for update_db to 2026-02-16 15:00:00+00:00, run_after=2026-02-17 15:00:00+00:00
[2026-02-17T23:11:30.922+0000] {processor.py:183} INFO - Processing /opt/airflow/dags/main.py took 0.179 seconds
[2026-02-17T23:12:01.110+0000] {processor.py:161} INFO - Started process (PID=1862) to work on /opt/airflow/dags/main.py
[2026-02-17T23:12:01.111+0000] {processor.py:830} INFO - Processing file /opt/airflow/dags/main.py for tasks to queue
[2026-02-17T23:12:01.113+0000] {logging_mixin.py:188} INFO - [2026-02-17T23:12:01.113+0000] {dagbag.py:545} INFO - Filling up the DagBag from /opt/airflow/dags/main.py
[2026-02-17T23:12:01.186+0000] {processor.py:840} INFO - DAG(s) 'produce_json', 'update_db' retrieved from /opt/airflow/dags/main.py
[2026-02-17T23:12:01.218+0000] {logging_mixin.py:188} INFO - [2026-02-17T23:12:01.218+0000] {dag.py:3096} INFO - Sync 2 DAGs
[2026-02-17T23:12:01.242+0000] {logging_mixin.py:188} INFO - [2026-02-17T23:12:01.241+0000] {dag.py:3954} INFO - Setting next_dagrun for produce_json to 2026-02-17 14:00:00+00:00, run_after=2026-02-18 14:00:00+00:00
[2026-02-17T23:12:01.249+0000] {logging_mixin.py:188} INFO - [2026-02-17T23:12:01.249+0000] {dag.py:3954} INFO - Setting next_dagrun for update_db to 2026-02-16 15:00:00+00:00, run_after=2026-02-17 15:00:00+00:00
[2026-02-17T23:12:01.270+0000] {processor.py:183} INFO - Processing /opt/airflow/dags/main.py took 0.166 seconds
[2026-02-17T23:12:31.313+0000] {processor.py:161} INFO - Started process (PID=1869) to work on /opt/airflow/dags/main.py
[2026-02-17T23:12:31.314+0000] {processor.py:830} INFO - Processing file /opt/airflow/dags/main.py for tasks to queue
[2026-02-17T23:12:31.316+0000] {logging_mixin.py:188} INFO - [2026-02-17T23:12:31.316+0000] {dagbag.py:545} INFO - Filling up the DagBag from /opt/airflow/dags/main.py
[2026-02-17T23:12:31.403+0000] {processor.py:840} INFO - DAG(s) 'produce_json', 'update_db' retrieved from /opt/airflow/dags/main.py
[2026-02-17T23:12:31.435+0000] {logging_mixin.py:188} INFO - [2026-02-17T23:12:31.435+0000] {dag.py:3096} INFO - Sync 2 DAGs
[2026-02-17T23:12:31.456+0000] {logging_mixin.py:188} INFO - [2026-02-17T23:12:31.456+0000] {dag.py:3954} INFO - Setting next_dagrun for produce_json to 2026-02-17 14:00:00+00:00, run_after=2026-02-18 14:00:00+00:00
[2026-02-17T23:12:31.463+0000] {logging_mixin.py:188} INFO - [2026-02-17T23:12:31.463+0000] {dag.py:3954} INFO - Setting next_dagrun for update_db to 2026-02-16 15:00:00+00:00, run_after=2026-02-17 15:00:00+00:00
[2026-02-17T23:12:31.485+0000] {processor.py:183} INFO - Processing /opt/airflow/dags/main.py took 0.179 seconds
[2026-02-17T23:13:01.670+0000] {processor.py:161} INFO - Started process (PID=1876) to work on /opt/airflow/dags/main.py
[2026-02-17T23:13:01.671+0000] {processor.py:830} INFO - Processing file /opt/airflow/dags/main.py for tasks to queue
[2026-02-17T23:13:01.673+0000] {logging_mixin.py:188} INFO - [2026-02-17T23:13:01.672+0000] {dagbag.py:545} INFO - Filling up the DagBag from /opt/airflow/dags/main.py
[2026-02-17T23:13:01.753+0000] {processor.py:840} INFO - DAG(s) 'update_db', 'produce_json' retrieved from /opt/airflow/dags/main.py
[2026-02-17T23:13:01.783+0000] {logging_mixin.py:188} INFO - [2026-02-17T23:13:01.783+0000] {dag.py:3096} INFO - Sync 2 DAGs
[2026-02-17T23:13:01.810+0000] {logging_mixin.py:188} INFO - [2026-02-17T23:13:01.809+0000] {dag.py:3954} INFO - Setting next_dagrun for produce_json to 2026-02-17 14:00:00+00:00, run_after=2026-02-18 14:00:00+00:00
[2026-02-17T23:13:01.814+0000] {logging_mixin.py:188} INFO - [2026-02-17T23:13:01.814+0000] {dag.py:3954} INFO - Setting next_dagrun for update_db to 2026-02-16 15:00:00+00:00, run_after=2026-02-17 15:00:00+00:00
[2026-02-17T23:13:01.834+0000] {processor.py:183} INFO - Processing /opt/airflow/dags/main.py took 0.168 seconds
[2026-02-17T23:13:31.871+0000] {processor.py:161} INFO - Started process (PID=1883) to work on /opt/airflow/dags/main.py
[2026-02-17T23:13:31.872+0000] {processor.py:830} INFO - Processing file /opt/airflow/dags/main.py for tasks to queue
[2026-02-17T23:13:31.874+0000] {logging_mixin.py:188} INFO - [2026-02-17T23:13:31.874+0000] {dagbag.py:545} INFO - Filling up the DagBag from /opt/airflow/dags/main.py
[2026-02-17T23:13:31.948+0000] {processor.py:840} INFO - DAG(s) 'produce_json', 'update_db' retrieved from /opt/airflow/dags/main.py
[2026-02-17T23:13:31.981+0000] {logging_mixin.py:188} INFO - [2026-02-17T23:13:31.981+0000] {dag.py:3096} INFO - Sync 2 DAGs
[2026-02-17T23:13:32.007+0000] {logging_mixin.py:188} INFO - [2026-02-17T23:13:32.007+0000] {dag.py:3954} INFO - Setting next_dagrun for produce_json to 2026-02-17 14:00:00+00:00, run_after=2026-02-18 14:00:00+00:00
[2026-02-17T23:13:32.013+0000] {logging_mixin.py:188} INFO - [2026-02-17T23:13:32.013+0000] {dag.py:3954} INFO - Setting next_dagrun for update_db to 2026-02-16 15:00:00+00:00, run_after=2026-02-17 15:00:00+00:00
[2026-02-17T23:13:32.035+0000] {processor.py:183} INFO - Processing /opt/airflow/dags/main.py took 0.170 seconds
[2026-02-17T23:14:02.226+0000] {processor.py:161} INFO - Started process (PID=1890) to work on /opt/airflow/dags/main.py
[2026-02-17T23:14:02.228+0000] {processor.py:830} INFO - Processing file /opt/airflow/dags/main.py for tasks to queue
[2026-02-17T23:14:02.230+0000] {logging_mixin.py:188} INFO - [2026-02-17T23:14:02.230+0000] {dagbag.py:545} INFO - Filling up the DagBag from /opt/airflow/dags/main.py
[2026-02-17T23:14:02.319+0000] {processor.py:840} INFO - DAG(s) 'produce_json', 'update_db' retrieved from /opt/airflow/dags/main.py
[2026-02-17T23:14:02.353+0000] {logging_mixin.py:188} INFO - [2026-02-17T23:14:02.353+0000] {dag.py:3096} INFO - Sync 2 DAGs
[2026-02-17T23:14:02.385+0000] {logging_mixin.py:188} INFO - [2026-02-17T23:14:02.385+0000] {dag.py:3954} INFO - Setting next_dagrun for produce_json to 2026-02-17 14:00:00+00:00, run_after=2026-02-18 14:00:00+00:00
[2026-02-17T23:14:02.393+0000] {logging_mixin.py:188} INFO - [2026-02-17T23:14:02.393+0000] {dag.py:3954} INFO - Setting next_dagrun for update_db to 2026-02-16 15:00:00+00:00, run_after=2026-02-17 15:00:00+00:00
[2026-02-17T23:14:02.413+0000] {processor.py:183} INFO - Processing /opt/airflow/dags/main.py took 0.193 seconds
[2026-02-17T23:14:32.454+0000] {processor.py:161} INFO - Started process (PID=1897) to work on /opt/airflow/dags/main.py
[2026-02-17T23:14:32.455+0000] {processor.py:830} INFO - Processing file /opt/airflow/dags/main.py for tasks to queue
[2026-02-17T23:14:32.457+0000] {logging_mixin.py:188} INFO - [2026-02-17T23:14:32.456+0000] {dagbag.py:545} INFO - Filling up the DagBag from /opt/airflow/dags/main.py
[2026-02-17T23:14:32.533+0000] {processor.py:840} INFO - DAG(s) 'produce_json', 'update_db' retrieved from /opt/airflow/dags/main.py
[2026-02-17T23:14:32.566+0000] {logging_mixin.py:188} INFO - [2026-02-17T23:14:32.566+0000] {dag.py:3096} INFO - Sync 2 DAGs
[2026-02-17T23:14:32.593+0000] {logging_mixin.py:188} INFO - [2026-02-17T23:14:32.593+0000] {dag.py:3954} INFO - Setting next_dagrun for produce_json to 2026-02-17 14:00:00+00:00, run_after=2026-02-18 14:00:00+00:00
[2026-02-17T23:14:32.599+0000] {logging_mixin.py:188} INFO - [2026-02-17T23:14:32.599+0000] {dag.py:3954} INFO - Setting next_dagrun for update_db to 2026-02-16 15:00:00+00:00, run_after=2026-02-17 15:00:00+00:00
[2026-02-17T23:14:32.628+0000] {processor.py:183} INFO - Processing /opt/airflow/dags/main.py took 0.182 seconds
[2026-02-17T23:15:02.714+0000] {processor.py:161} INFO - Started process (PID=1904) to work on /opt/airflow/dags/main.py
[2026-02-17T23:15:02.715+0000] {processor.py:830} INFO - Processing file /opt/airflow/dags/main.py for tasks to queue
[2026-02-17T23:15:02.717+0000] {logging_mixin.py:188} INFO - [2026-02-17T23:15:02.717+0000] {dagbag.py:545} INFO - Filling up the DagBag from /opt/airflow/dags/main.py
[2026-02-17T23:15:02.784+0000] {processor.py:840} INFO - DAG(s) 'produce_json', 'update_db' retrieved from /opt/airflow/dags/main.py
[2026-02-17T23:15:02.813+0000] {logging_mixin.py:188} INFO - [2026-02-17T23:15:02.813+0000] {dag.py:3096} INFO - Sync 2 DAGs
[2026-02-17T23:15:02.832+0000] {logging_mixin.py:188} INFO - [2026-02-17T23:15:02.832+0000] {dag.py:3954} INFO - Setting next_dagrun for produce_json to 2026-02-17 14:00:00+00:00, run_after=2026-02-18 14:00:00+00:00
[2026-02-17T23:15:02.837+0000] {logging_mixin.py:188} INFO - [2026-02-17T23:15:02.837+0000] {dag.py:3954} INFO - Setting next_dagrun for update_db to 2026-02-16 15:00:00+00:00, run_after=2026-02-17 15:00:00+00:00
[2026-02-17T23:15:02.868+0000] {processor.py:183} INFO - Processing /opt/airflow/dags/main.py took 0.159 seconds
[2026-02-17T23:15:33.165+0000] {processor.py:161} INFO - Started process (PID=1911) to work on /opt/airflow/dags/main.py
[2026-02-17T23:15:33.166+0000] {processor.py:830} INFO - Processing file /opt/airflow/dags/main.py for tasks to queue
[2026-02-17T23:15:33.168+0000] {logging_mixin.py:188} INFO - [2026-02-17T23:15:33.168+0000] {dagbag.py:545} INFO - Filling up the DagBag from /opt/airflow/dags/main.py
[2026-02-17T23:15:33.237+0000] {processor.py:840} INFO - DAG(s) 'produce_json', 'update_db' retrieved from /opt/airflow/dags/main.py
[2026-02-17T23:15:33.271+0000] {logging_mixin.py:188} INFO - [2026-02-17T23:15:33.271+0000] {dag.py:3096} INFO - Sync 2 DAGs
[2026-02-17T23:15:33.291+0000] {logging_mixin.py:188} INFO - [2026-02-17T23:15:33.290+0000] {dag.py:3954} INFO - Setting next_dagrun for produce_json to 2026-02-17 14:00:00+00:00, run_after=2026-02-18 14:00:00+00:00
[2026-02-17T23:15:33.296+0000] {logging_mixin.py:188} INFO - [2026-02-17T23:15:33.296+0000] {dag.py:3954} INFO - Setting next_dagrun for update_db to 2026-02-16 15:00:00+00:00, run_after=2026-02-17 15:00:00+00:00
[2026-02-17T23:15:33.316+0000] {processor.py:183} INFO - Processing /opt/airflow/dags/main.py took 0.156 seconds
[2026-02-17T23:16:03.409+0000] {processor.py:161} INFO - Started process (PID=1918) to work on /opt/airflow/dags/main.py
[2026-02-17T23:16:03.410+0000] {processor.py:830} INFO - Processing file /opt/airflow/dags/main.py for tasks to queue
[2026-02-17T23:16:03.412+0000] {logging_mixin.py:188} INFO - [2026-02-17T23:16:03.412+0000] {dagbag.py:545} INFO - Filling up the DagBag from /opt/airflow/dags/main.py
[2026-02-17T23:16:03.491+0000] {processor.py:840} INFO - DAG(s) 'update_db', 'produce_json' retrieved from /opt/airflow/dags/main.py
[2026-02-17T23:16:03.519+0000] {logging_mixin.py:188} INFO - [2026-02-17T23:16:03.518+0000] {dag.py:3096} INFO - Sync 2 DAGs
[2026-02-17T23:16:03.538+0000] {logging_mixin.py:188} INFO - [2026-02-17T23:16:03.538+0000] {dag.py:3954} INFO - Setting next_dagrun for produce_json to 2026-02-17 14:00:00+00:00, run_after=2026-02-18 14:00:00+00:00
[2026-02-17T23:16:03.543+0000] {logging_mixin.py:188} INFO - [2026-02-17T23:16:03.543+0000] {dag.py:3954} INFO - Setting next_dagrun for update_db to 2026-02-16 15:00:00+00:00, run_after=2026-02-17 15:00:00+00:00
[2026-02-17T23:16:03.572+0000] {processor.py:183} INFO - Processing /opt/airflow/dags/main.py took 0.169 seconds
[2026-02-17T23:16:33.855+0000] {processor.py:161} INFO - Started process (PID=1926) to work on /opt/airflow/dags/main.py
[2026-02-17T23:16:33.856+0000] {processor.py:830} INFO - Processing file /opt/airflow/dags/main.py for tasks to queue
[2026-02-17T23:16:33.858+0000] {logging_mixin.py:188} INFO - [2026-02-17T23:16:33.857+0000] {dagbag.py:545} INFO - Filling up the DagBag from /opt/airflow/dags/main.py
[2026-02-17T23:16:33.923+0000] {processor.py:840} INFO - DAG(s) 'update_db', 'produce_json' retrieved from /opt/airflow/dags/main.py
[2026-02-17T23:16:33.952+0000] {logging_mixin.py:188} INFO - [2026-02-17T23:16:33.951+0000] {dag.py:3096} INFO - Sync 2 DAGs
[2026-02-17T23:16:33.974+0000] {logging_mixin.py:188} INFO - [2026-02-17T23:16:33.974+0000] {dag.py:3954} INFO - Setting next_dagrun for produce_json to 2026-02-17 14:00:00+00:00, run_after=2026-02-18 14:00:00+00:00
[2026-02-17T23:16:33.980+0000] {logging_mixin.py:188} INFO - [2026-02-17T23:16:33.980+0000] {dag.py:3954} INFO - Setting next_dagrun for update_db to 2026-02-16 15:00:00+00:00, run_after=2026-02-17 15:00:00+00:00
[2026-02-17T23:16:33.997+0000] {processor.py:183} INFO - Processing /opt/airflow/dags/main.py took 0.149 seconds
[2026-02-17T23:17:04.119+0000] {processor.py:161} INFO - Started process (PID=1933) to work on /opt/airflow/dags/main.py
[2026-02-17T23:17:04.120+0000] {processor.py:830} INFO - Processing file /opt/airflow/dags/main.py for tasks to queue
[2026-02-17T23:17:04.122+0000] {logging_mixin.py:188} INFO - [2026-02-17T23:17:04.122+0000] {dagbag.py:545} INFO - Filling up the DagBag from /opt/airflow/dags/main.py
[2026-02-17T23:17:04.192+0000] {processor.py:840} INFO - DAG(s) 'update_db', 'produce_json' retrieved from /opt/airflow/dags/main.py
[2026-02-17T23:17:04.225+0000] {logging_mixin.py:188} INFO - [2026-02-17T23:17:04.225+0000] {dag.py:3096} INFO - Sync 2 DAGs
[2026-02-17T23:17:04.251+0000] {logging_mixin.py:188} INFO - [2026-02-17T23:17:04.251+0000] {dag.py:3954} INFO - Setting next_dagrun for produce_json to 2026-02-17 14:00:00+00:00, run_after=2026-02-18 14:00:00+00:00
[2026-02-17T23:17:04.256+0000] {logging_mixin.py:188} INFO - [2026-02-17T23:17:04.255+0000] {dag.py:3954} INFO - Setting next_dagrun for update_db to 2026-02-16 15:00:00+00:00, run_after=2026-02-17 15:00:00+00:00
[2026-02-17T23:17:04.273+0000] {processor.py:183} INFO - Processing /opt/airflow/dags/main.py took 0.159 seconds
[2026-02-17T23:17:59.059+0000] {processor.py:161} INFO - Started process (PID=1940) to work on /opt/airflow/dags/main.py
[2026-02-17T23:17:59.066+0000] {processor.py:830} INFO - Processing file /opt/airflow/dags/main.py for tasks to queue
[2026-02-17T23:17:59.116+0000] {logging_mixin.py:188} INFO - [2026-02-17T23:17:59.106+0000] {dagbag.py:545} INFO - Filling up the DagBag from /opt/airflow/dags/main.py
[2026-02-17T23:17:59.558+0000] {processor.py:840} INFO - DAG(s) 'produce_json', 'update_db' retrieved from /opt/airflow/dags/main.py
[2026-02-17T23:17:59.636+0000] {logging_mixin.py:188} INFO - [2026-02-17T23:17:59.636+0000] {dag.py:3096} INFO - Sync 2 DAGs
[2026-02-17T23:17:59.694+0000] {logging_mixin.py:188} INFO - [2026-02-17T23:17:59.694+0000] {dag.py:3954} INFO - Setting next_dagrun for produce_json to 2026-02-17 14:00:00+00:00, run_after=2026-02-18 14:00:00+00:00
[2026-02-17T23:17:59.707+0000] {logging_mixin.py:188} INFO - [2026-02-17T23:17:59.706+0000] {dag.py:3954} INFO - Setting next_dagrun for update_db to 2026-02-16 15:00:00+00:00, run_after=2026-02-17 15:00:00+00:00
[2026-02-17T23:17:59.770+0000] {processor.py:183} INFO - Processing /opt/airflow/dags/main.py took 0.735 seconds
[2026-02-17T23:18:30.041+0000] {processor.py:161} INFO - Started process (PID=1947) to work on /opt/airflow/dags/main.py
[2026-02-17T23:18:30.042+0000] {processor.py:830} INFO - Processing file /opt/airflow/dags/main.py for tasks to queue
[2026-02-17T23:18:30.044+0000] {logging_mixin.py:188} INFO - [2026-02-17T23:18:30.044+0000] {dagbag.py:545} INFO - Filling up the DagBag from /opt/airflow/dags/main.py
[2026-02-17T23:18:30.115+0000] {processor.py:840} INFO - DAG(s) 'update_db', 'produce_json' retrieved from /opt/airflow/dags/main.py
[2026-02-17T23:18:30.152+0000] {logging_mixin.py:188} INFO - [2026-02-17T23:18:30.152+0000] {dag.py:3096} INFO - Sync 2 DAGs
[2026-02-17T23:18:30.184+0000] {logging_mixin.py:188} INFO - [2026-02-17T23:18:30.184+0000] {dag.py:3954} INFO - Setting next_dagrun for produce_json to 2026-02-17 14:00:00+00:00, run_after=2026-02-18 14:00:00+00:00
[2026-02-17T23:18:30.190+0000] {logging_mixin.py:188} INFO - [2026-02-17T23:18:30.190+0000] {dag.py:3954} INFO - Setting next_dagrun for update_db to 2026-02-16 15:00:00+00:00, run_after=2026-02-17 15:00:00+00:00
[2026-02-17T23:18:30.223+0000] {processor.py:183} INFO - Processing /opt/airflow/dags/main.py took 0.188 seconds
[2026-02-17T23:19:00.273+0000] {processor.py:161} INFO - Started process (PID=1954) to work on /opt/airflow/dags/main.py
[2026-02-17T23:19:00.274+0000] {processor.py:830} INFO - Processing file /opt/airflow/dags/main.py for tasks to queue
[2026-02-17T23:19:00.276+0000] {logging_mixin.py:188} INFO - [2026-02-17T23:19:00.276+0000] {dagbag.py:545} INFO - Filling up the DagBag from /opt/airflow/dags/main.py
[2026-02-17T23:19:00.351+0000] {processor.py:840} INFO - DAG(s) 'update_db', 'produce_json' retrieved from /opt/airflow/dags/main.py
[2026-02-17T23:19:00.380+0000] {logging_mixin.py:188} INFO - [2026-02-17T23:19:00.380+0000] {dag.py:3096} INFO - Sync 2 DAGs
[2026-02-17T23:19:00.401+0000] {logging_mixin.py:188} INFO - [2026-02-17T23:19:00.400+0000] {dag.py:3954} INFO - Setting next_dagrun for produce_json to 2026-02-17 14:00:00+00:00, run_after=2026-02-18 14:00:00+00:00
[2026-02-17T23:19:00.406+0000] {logging_mixin.py:188} INFO - [2026-02-17T23:19:00.406+0000] {dag.py:3954} INFO - Setting next_dagrun for update_db to 2026-02-16 15:00:00+00:00, run_after=2026-02-17 15:00:00+00:00
[2026-02-17T23:19:00.425+0000] {processor.py:183} INFO - Processing /opt/airflow/dags/main.py took 0.157 seconds
[2026-02-17T23:19:30.789+0000] {processor.py:161} INFO - Started process (PID=1961) to work on /opt/airflow/dags/main.py
[2026-02-17T23:19:30.791+0000] {processor.py:830} INFO - Processing file /opt/airflow/dags/main.py for tasks to queue
[2026-02-17T23:19:30.793+0000] {logging_mixin.py:188} INFO - [2026-02-17T23:19:30.792+0000] {dagbag.py:545} INFO - Filling up the DagBag from /opt/airflow/dags/main.py
[2026-02-17T23:19:30.863+0000] {processor.py:840} INFO - DAG(s) 'produce_json', 'update_db' retrieved from /opt/airflow/dags/main.py
[2026-02-17T23:19:30.894+0000] {logging_mixin.py:188} INFO - [2026-02-17T23:19:30.893+0000] {dag.py:3096} INFO - Sync 2 DAGs
[2026-02-17T23:19:30.918+0000] {logging_mixin.py:188} INFO - [2026-02-17T23:19:30.918+0000] {dag.py:3954} INFO - Setting next_dagrun for produce_json to 2026-02-17 14:00:00+00:00, run_after=2026-02-18 14:00:00+00:00
[2026-02-17T23:19:30.923+0000] {logging_mixin.py:188} INFO - [2026-02-17T23:19:30.922+0000] {dag.py:3954} INFO - Setting next_dagrun for update_db to 2026-02-16 15:00:00+00:00, run_after=2026-02-17 15:00:00+00:00
[2026-02-17T23:19:30.946+0000] {processor.py:183} INFO - Processing /opt/airflow/dags/main.py took 0.161 seconds
[2026-02-17T23:20:01.039+0000] {processor.py:161} INFO - Started process (PID=1968) to work on /opt/airflow/dags/main.py
[2026-02-17T23:20:01.040+0000] {processor.py:830} INFO - Processing file /opt/airflow/dags/main.py for tasks to queue
[2026-02-17T23:20:01.042+0000] {logging_mixin.py:188} INFO - [2026-02-17T23:20:01.042+0000] {dagbag.py:545} INFO - Filling up the DagBag from /opt/airflow/dags/main.py
[2026-02-17T23:20:01.107+0000] {processor.py:840} INFO - DAG(s) 'update_db', 'produce_json' retrieved from /opt/airflow/dags/main.py
[2026-02-17T23:20:01.136+0000] {logging_mixin.py:188} INFO - [2026-02-17T23:20:01.136+0000] {dag.py:3096} INFO - Sync 2 DAGs
[2026-02-17T23:20:01.155+0000] {logging_mixin.py:188} INFO - [2026-02-17T23:20:01.155+0000] {dag.py:3954} INFO - Setting next_dagrun for produce_json to 2026-02-17 14:00:00+00:00, run_after=2026-02-18 14:00:00+00:00
[2026-02-17T23:20:01.160+0000] {logging_mixin.py:188} INFO - [2026-02-17T23:20:01.160+0000] {dag.py:3954} INFO - Setting next_dagrun for update_db to 2026-02-16 15:00:00+00:00, run_after=2026-02-17 15:00:00+00:00
[2026-02-17T23:20:01.179+0000] {processor.py:183} INFO - Processing /opt/airflow/dags/main.py took 0.145 seconds
[2026-02-17T23:20:31.279+0000] {processor.py:161} INFO - Started process (PID=1975) to work on /opt/airflow/dags/main.py
[2026-02-17T23:20:31.280+0000] {processor.py:830} INFO - Processing file /opt/airflow/dags/main.py for tasks to queue
[2026-02-17T23:20:31.282+0000] {logging_mixin.py:188} INFO - [2026-02-17T23:20:31.282+0000] {dagbag.py:545} INFO - Filling up the DagBag from /opt/airflow/dags/main.py
[2026-02-17T23:20:31.346+0000] {processor.py:840} INFO - DAG(s) 'produce_json', 'update_db' retrieved from /opt/airflow/dags/main.py
[2026-02-17T23:20:31.378+0000] {logging_mixin.py:188} INFO - [2026-02-17T23:20:31.378+0000] {dag.py:3096} INFO - Sync 2 DAGs
[2026-02-17T23:20:31.400+0000] {logging_mixin.py:188} INFO - [2026-02-17T23:20:31.400+0000] {dag.py:3954} INFO - Setting next_dagrun for produce_json to 2026-02-17 14:00:00+00:00, run_after=2026-02-18 14:00:00+00:00
[2026-02-17T23:20:31.405+0000] {logging_mixin.py:188} INFO - [2026-02-17T23:20:31.405+0000] {dag.py:3954} INFO - Setting next_dagrun for update_db to 2026-02-16 15:00:00+00:00, run_after=2026-02-17 15:00:00+00:00
[2026-02-17T23:20:31.423+0000] {processor.py:183} INFO - Processing /opt/airflow/dags/main.py took 0.149 seconds
[2026-02-17T23:21:01.715+0000] {processor.py:161} INFO - Started process (PID=1982) to work on /opt/airflow/dags/main.py
[2026-02-17T23:21:01.716+0000] {processor.py:830} INFO - Processing file /opt/airflow/dags/main.py for tasks to queue
[2026-02-17T23:21:01.718+0000] {logging_mixin.py:188} INFO - [2026-02-17T23:21:01.718+0000] {dagbag.py:545} INFO - Filling up the DagBag from /opt/airflow/dags/main.py
[2026-02-17T23:21:01.793+0000] {processor.py:840} INFO - DAG(s) 'update_db', 'produce_json' retrieved from /opt/airflow/dags/main.py
[2026-02-17T23:21:01.821+0000] {logging_mixin.py:188} INFO - [2026-02-17T23:21:01.820+0000] {dag.py:3096} INFO - Sync 2 DAGs
[2026-02-17T23:21:01.842+0000] {logging_mixin.py:188} INFO - [2026-02-17T23:21:01.842+0000] {dag.py:3954} INFO - Setting next_dagrun for produce_json to 2026-02-17 14:00:00+00:00, run_after=2026-02-18 14:00:00+00:00
[2026-02-17T23:21:01.847+0000] {logging_mixin.py:188} INFO - [2026-02-17T23:21:01.846+0000] {dag.py:3954} INFO - Setting next_dagrun for update_db to 2026-02-16 15:00:00+00:00, run_after=2026-02-17 15:00:00+00:00
[2026-02-17T23:21:01.866+0000] {processor.py:183} INFO - Processing /opt/airflow/dags/main.py took 0.158 seconds
[2026-02-17T23:21:31.964+0000] {processor.py:161} INFO - Started process (PID=1989) to work on /opt/airflow/dags/main.py
[2026-02-17T23:21:31.966+0000] {processor.py:830} INFO - Processing file /opt/airflow/dags/main.py for tasks to queue
[2026-02-17T23:21:31.968+0000] {logging_mixin.py:188} INFO - [2026-02-17T23:21:31.967+0000] {dagbag.py:545} INFO - Filling up the DagBag from /opt/airflow/dags/main.py
[2026-02-17T23:21:32.034+0000] {processor.py:840} INFO - DAG(s) 'update_db', 'produce_json' retrieved from /opt/airflow/dags/main.py
[2026-02-17T23:21:32.086+0000] {logging_mixin.py:188} INFO - [2026-02-17T23:21:32.086+0000] {dag.py:3096} INFO - Sync 2 DAGs
[2026-02-17T23:21:32.108+0000] {logging_mixin.py:188} INFO - [2026-02-17T23:21:32.108+0000] {dag.py:3954} INFO - Setting next_dagrun for produce_json to 2026-02-17 14:00:00+00:00, run_after=2026-02-18 14:00:00+00:00
[2026-02-17T23:21:32.113+0000] {logging_mixin.py:188} INFO - [2026-02-17T23:21:32.113+0000] {dag.py:3954} INFO - Setting next_dagrun for update_db to 2026-02-16 15:00:00+00:00, run_after=2026-02-17 15:00:00+00:00
[2026-02-17T23:21:32.133+0000] {processor.py:183} INFO - Processing /opt/airflow/dags/main.py took 0.174 seconds
[2026-02-17T23:22:02.398+0000] {processor.py:161} INFO - Started process (PID=1996) to work on /opt/airflow/dags/main.py
[2026-02-17T23:22:02.400+0000] {processor.py:830} INFO - Processing file /opt/airflow/dags/main.py for tasks to queue
[2026-02-17T23:22:02.402+0000] {logging_mixin.py:188} INFO - [2026-02-17T23:22:02.402+0000] {dagbag.py:545} INFO - Filling up the DagBag from /opt/airflow/dags/main.py
[2026-02-17T23:22:02.482+0000] {processor.py:840} INFO - DAG(s) 'update_db', 'produce_json' retrieved from /opt/airflow/dags/main.py
[2026-02-17T23:22:02.510+0000] {logging_mixin.py:188} INFO - [2026-02-17T23:22:02.510+0000] {dag.py:3096} INFO - Sync 2 DAGs
[2026-02-17T23:22:02.529+0000] {logging_mixin.py:188} INFO - [2026-02-17T23:22:02.529+0000] {dag.py:3954} INFO - Setting next_dagrun for produce_json to 2026-02-17 14:00:00+00:00, run_after=2026-02-18 14:00:00+00:00
[2026-02-17T23:22:02.534+0000] {logging_mixin.py:188} INFO - [2026-02-17T23:22:02.534+0000] {dag.py:3954} INFO - Setting next_dagrun for update_db to 2026-02-16 15:00:00+00:00, run_after=2026-02-17 15:00:00+00:00
[2026-02-17T23:22:02.563+0000] {processor.py:183} INFO - Processing /opt/airflow/dags/main.py took 0.173 seconds
[2026-02-17T23:22:32.668+0000] {processor.py:161} INFO - Started process (PID=2003) to work on /opt/airflow/dags/main.py
[2026-02-17T23:22:32.669+0000] {processor.py:830} INFO - Processing file /opt/airflow/dags/main.py for tasks to queue
[2026-02-17T23:22:32.671+0000] {logging_mixin.py:188} INFO - [2026-02-17T23:22:32.670+0000] {dagbag.py:545} INFO - Filling up the DagBag from /opt/airflow/dags/main.py
[2026-02-17T23:22:32.739+0000] {processor.py:840} INFO - DAG(s) 'produce_json', 'update_db' retrieved from /opt/airflow/dags/main.py
[2026-02-17T23:22:32.767+0000] {logging_mixin.py:188} INFO - [2026-02-17T23:22:32.767+0000] {dag.py:3096} INFO - Sync 2 DAGs
[2026-02-17T23:22:32.789+0000] {logging_mixin.py:188} INFO - [2026-02-17T23:22:32.789+0000] {dag.py:3954} INFO - Setting next_dagrun for produce_json to 2026-02-17 14:00:00+00:00, run_after=2026-02-18 14:00:00+00:00
[2026-02-17T23:22:32.794+0000] {logging_mixin.py:188} INFO - [2026-02-17T23:22:32.794+0000] {dag.py:3954} INFO - Setting next_dagrun for update_db to 2026-02-16 15:00:00+00:00, run_after=2026-02-17 15:00:00+00:00
[2026-02-17T23:22:32.823+0000] {processor.py:183} INFO - Processing /opt/airflow/dags/main.py took 0.161 seconds
[2026-02-17T23:23:03.076+0000] {processor.py:161} INFO - Started process (PID=2010) to work on /opt/airflow/dags/main.py
[2026-02-17T23:23:03.077+0000] {processor.py:830} INFO - Processing file /opt/airflow/dags/main.py for tasks to queue
[2026-02-17T23:23:03.079+0000] {logging_mixin.py:188} INFO - [2026-02-17T23:23:03.078+0000] {dagbag.py:545} INFO - Filling up the DagBag from /opt/airflow/dags/main.py
[2026-02-17T23:23:03.150+0000] {processor.py:840} INFO - DAG(s) 'produce_json', 'update_db' retrieved from /opt/airflow/dags/main.py
[2026-02-17T23:23:03.177+0000] {logging_mixin.py:188} INFO - [2026-02-17T23:23:03.177+0000] {dag.py:3096} INFO - Sync 2 DAGs
[2026-02-17T23:23:03.196+0000] {logging_mixin.py:188} INFO - [2026-02-17T23:23:03.196+0000] {dag.py:3954} INFO - Setting next_dagrun for produce_json to 2026-02-17 14:00:00+00:00, run_after=2026-02-18 14:00:00+00:00
[2026-02-17T23:23:03.201+0000] {logging_mixin.py:188} INFO - [2026-02-17T23:23:03.201+0000] {dag.py:3954} INFO - Setting next_dagrun for update_db to 2026-02-16 15:00:00+00:00, run_after=2026-02-17 15:00:00+00:00
[2026-02-17T23:23:03.231+0000] {processor.py:183} INFO - Processing /opt/airflow/dags/main.py took 0.160 seconds
[2026-02-17T23:23:33.329+0000] {processor.py:161} INFO - Started process (PID=2017) to work on /opt/airflow/dags/main.py
[2026-02-17T23:23:33.330+0000] {processor.py:830} INFO - Processing file /opt/airflow/dags/main.py for tasks to queue
[2026-02-17T23:23:33.333+0000] {logging_mixin.py:188} INFO - [2026-02-17T23:23:33.332+0000] {dagbag.py:545} INFO - Filling up the DagBag from /opt/airflow/dags/main.py
[2026-02-17T23:23:33.419+0000] {processor.py:840} INFO - DAG(s) 'update_db', 'produce_json' retrieved from /opt/airflow/dags/main.py
[2026-02-17T23:23:33.453+0000] {logging_mixin.py:188} INFO - [2026-02-17T23:23:33.452+0000] {dag.py:3096} INFO - Sync 2 DAGs
[2026-02-17T23:23:33.478+0000] {logging_mixin.py:188} INFO - [2026-02-17T23:23:33.478+0000] {dag.py:3954} INFO - Setting next_dagrun for produce_json to 2026-02-17 14:00:00+00:00, run_after=2026-02-18 14:00:00+00:00
[2026-02-17T23:23:33.483+0000] {logging_mixin.py:188} INFO - [2026-02-17T23:23:33.483+0000] {dag.py:3954} INFO - Setting next_dagrun for update_db to 2026-02-16 15:00:00+00:00, run_after=2026-02-17 15:00:00+00:00
[2026-02-17T23:23:33.513+0000] {processor.py:183} INFO - Processing /opt/airflow/dags/main.py took 0.191 seconds
[2026-02-17T23:24:03.783+0000] {processor.py:161} INFO - Started process (PID=2024) to work on /opt/airflow/dags/main.py
[2026-02-17T23:24:03.784+0000] {processor.py:830} INFO - Processing file /opt/airflow/dags/main.py for tasks to queue
[2026-02-17T23:24:03.785+0000] {logging_mixin.py:188} INFO - [2026-02-17T23:24:03.785+0000] {dagbag.py:545} INFO - Filling up the DagBag from /opt/airflow/dags/main.py
[2026-02-17T23:24:03.860+0000] {processor.py:840} INFO - DAG(s) 'produce_json', 'update_db' retrieved from /opt/airflow/dags/main.py
[2026-02-17T23:24:03.892+0000] {logging_mixin.py:188} INFO - [2026-02-17T23:24:03.891+0000] {dag.py:3096} INFO - Sync 2 DAGs
[2026-02-17T23:24:03.912+0000] {logging_mixin.py:188} INFO - [2026-02-17T23:24:03.912+0000] {dag.py:3954} INFO - Setting next_dagrun for produce_json to 2026-02-17 14:00:00+00:00, run_after=2026-02-18 14:00:00+00:00
[2026-02-17T23:24:03.917+0000] {logging_mixin.py:188} INFO - [2026-02-17T23:24:03.917+0000] {dag.py:3954} INFO - Setting next_dagrun for update_db to 2026-02-16 15:00:00+00:00, run_after=2026-02-17 15:00:00+00:00
[2026-02-17T23:24:03.946+0000] {processor.py:183} INFO - Processing /opt/airflow/dags/main.py took 0.168 seconds
[2026-02-17T23:24:34.163+0000] {processor.py:161} INFO - Started process (PID=2037) to work on /opt/airflow/dags/main.py
[2026-02-17T23:24:34.164+0000] {processor.py:830} INFO - Processing file /opt/airflow/dags/main.py for tasks to queue
[2026-02-17T23:24:34.166+0000] {logging_mixin.py:188} INFO - [2026-02-17T23:24:34.166+0000] {dagbag.py:545} INFO - Filling up the DagBag from /opt/airflow/dags/main.py
[2026-02-17T23:24:34.249+0000] {processor.py:840} INFO - DAG(s) 'update_db', 'produce_json' retrieved from /opt/airflow/dags/main.py
[2026-02-17T23:24:34.277+0000] {logging_mixin.py:188} INFO - [2026-02-17T23:24:34.277+0000] {dag.py:3096} INFO - Sync 2 DAGs
[2026-02-17T23:24:34.297+0000] {logging_mixin.py:188} INFO - [2026-02-17T23:24:34.297+0000] {dag.py:3954} INFO - Setting next_dagrun for produce_json to 2026-02-17 14:00:00+00:00, run_after=2026-02-18 14:00:00+00:00
[2026-02-17T23:24:34.302+0000] {logging_mixin.py:188} INFO - [2026-02-17T23:24:34.302+0000] {dag.py:3954} INFO - Setting next_dagrun for update_db to 2026-02-16 15:00:00+00:00, run_after=2026-02-17 15:00:00+00:00
[2026-02-17T23:24:34.321+0000] {processor.py:183} INFO - Processing /opt/airflow/dags/main.py took 0.164 seconds
[2026-02-17T23:25:04.475+0000] {processor.py:161} INFO - Started process (PID=2044) to work on /opt/airflow/dags/main.py
[2026-02-17T23:25:04.477+0000] {processor.py:830} INFO - Processing file /opt/airflow/dags/main.py for tasks to queue
[2026-02-17T23:25:04.479+0000] {logging_mixin.py:188} INFO - [2026-02-17T23:25:04.479+0000] {dagbag.py:545} INFO - Filling up the DagBag from /opt/airflow/dags/main.py
[2026-02-17T23:25:04.576+0000] {processor.py:840} INFO - DAG(s) 'update_db', 'produce_json' retrieved from /opt/airflow/dags/main.py
[2026-02-17T23:25:04.614+0000] {logging_mixin.py:188} INFO - [2026-02-17T23:25:04.614+0000] {dag.py:3096} INFO - Sync 2 DAGs
[2026-02-17T23:25:04.639+0000] {logging_mixin.py:188} INFO - [2026-02-17T23:25:04.638+0000] {dag.py:3954} INFO - Setting next_dagrun for produce_json to 2026-02-17 14:00:00+00:00, run_after=2026-02-18 14:00:00+00:00
[2026-02-17T23:25:04.644+0000] {logging_mixin.py:188} INFO - [2026-02-17T23:25:04.644+0000] {dag.py:3954} INFO - Setting next_dagrun for update_db to 2026-02-16 15:00:00+00:00, run_after=2026-02-17 15:00:00+00:00
[2026-02-17T23:25:04.661+0000] {processor.py:183} INFO - Processing /opt/airflow/dags/main.py took 0.194 seconds
[2026-02-17T23:25:34.815+0000] {processor.py:161} INFO - Started process (PID=2051) to work on /opt/airflow/dags/main.py
[2026-02-17T23:25:34.816+0000] {processor.py:830} INFO - Processing file /opt/airflow/dags/main.py for tasks to queue
[2026-02-17T23:25:34.818+0000] {logging_mixin.py:188} INFO - [2026-02-17T23:25:34.818+0000] {dagbag.py:545} INFO - Filling up the DagBag from /opt/airflow/dags/main.py
[2026-02-17T23:25:34.884+0000] {processor.py:840} INFO - DAG(s) 'produce_json', 'update_db' retrieved from /opt/airflow/dags/main.py
[2026-02-17T23:25:34.912+0000] {logging_mixin.py:188} INFO - [2026-02-17T23:25:34.912+0000] {dag.py:3096} INFO - Sync 2 DAGs
[2026-02-17T23:25:34.933+0000] {logging_mixin.py:188} INFO - [2026-02-17T23:25:34.933+0000] {dag.py:3954} INFO - Setting next_dagrun for produce_json to 2026-02-17 14:00:00+00:00, run_after=2026-02-18 14:00:00+00:00
[2026-02-17T23:25:34.941+0000] {logging_mixin.py:188} INFO - [2026-02-17T23:25:34.940+0000] {dag.py:3954} INFO - Setting next_dagrun for update_db to 2026-02-16 15:00:00+00:00, run_after=2026-02-17 15:00:00+00:00
[2026-02-17T23:25:34.960+0000] {processor.py:183} INFO - Processing /opt/airflow/dags/main.py took 0.150 seconds
[2026-02-17T23:26:05.143+0000] {processor.py:161} INFO - Started process (PID=2058) to work on /opt/airflow/dags/main.py
[2026-02-17T23:26:05.144+0000] {processor.py:830} INFO - Processing file /opt/airflow/dags/main.py for tasks to queue
[2026-02-17T23:26:05.146+0000] {logging_mixin.py:188} INFO - [2026-02-17T23:26:05.146+0000] {dagbag.py:545} INFO - Filling up the DagBag from /opt/airflow/dags/main.py
[2026-02-17T23:26:05.223+0000] {processor.py:840} INFO - DAG(s) 'produce_json', 'update_db' retrieved from /opt/airflow/dags/main.py
[2026-02-17T23:26:05.256+0000] {logging_mixin.py:188} INFO - [2026-02-17T23:26:05.256+0000] {dag.py:3096} INFO - Sync 2 DAGs
[2026-02-17T23:26:05.275+0000] {logging_mixin.py:188} INFO - [2026-02-17T23:26:05.275+0000] {dag.py:3954} INFO - Setting next_dagrun for produce_json to 2026-02-17 14:00:00+00:00, run_after=2026-02-18 14:00:00+00:00
[2026-02-17T23:26:05.279+0000] {logging_mixin.py:188} INFO - [2026-02-17T23:26:05.279+0000] {dag.py:3954} INFO - Setting next_dagrun for update_db to 2026-02-16 15:00:00+00:00, run_after=2026-02-17 15:00:00+00:00
[2026-02-17T23:26:05.300+0000] {processor.py:183} INFO - Processing /opt/airflow/dags/main.py took 0.163 seconds
[2026-02-17T23:26:35.445+0000] {processor.py:161} INFO - Started process (PID=2065) to work on /opt/airflow/dags/main.py
[2026-02-17T23:26:35.446+0000] {processor.py:830} INFO - Processing file /opt/airflow/dags/main.py for tasks to queue
[2026-02-17T23:26:35.448+0000] {logging_mixin.py:188} INFO - [2026-02-17T23:26:35.448+0000] {dagbag.py:545} INFO - Filling up the DagBag from /opt/airflow/dags/main.py
[2026-02-17T23:26:35.512+0000] {processor.py:840} INFO - DAG(s) 'update_db', 'produce_json' retrieved from /opt/airflow/dags/main.py
[2026-02-17T23:26:35.551+0000] {logging_mixin.py:188} INFO - [2026-02-17T23:26:35.551+0000] {dag.py:3096} INFO - Sync 2 DAGs
[2026-02-17T23:26:35.571+0000] {logging_mixin.py:188} INFO - [2026-02-17T23:26:35.571+0000] {dag.py:3954} INFO - Setting next_dagrun for produce_json to 2026-02-17 14:00:00+00:00, run_after=2026-02-18 14:00:00+00:00
[2026-02-17T23:26:35.576+0000] {logging_mixin.py:188} INFO - [2026-02-17T23:26:35.576+0000] {dag.py:3954} INFO - Setting next_dagrun for update_db to 2026-02-16 15:00:00+00:00, run_after=2026-02-17 15:00:00+00:00
[2026-02-17T23:26:35.597+0000] {processor.py:183} INFO - Processing /opt/airflow/dags/main.py took 0.156 seconds
[2026-02-17T23:27:05.839+0000] {processor.py:161} INFO - Started process (PID=2072) to work on /opt/airflow/dags/main.py
[2026-02-17T23:27:05.840+0000] {processor.py:830} INFO - Processing file /opt/airflow/dags/main.py for tasks to queue
[2026-02-17T23:27:05.842+0000] {logging_mixin.py:188} INFO - [2026-02-17T23:27:05.842+0000] {dagbag.py:545} INFO - Filling up the DagBag from /opt/airflow/dags/main.py
[2026-02-17T23:27:05.924+0000] {processor.py:840} INFO - DAG(s) 'update_db', 'produce_json' retrieved from /opt/airflow/dags/main.py
[2026-02-17T23:27:05.951+0000] {logging_mixin.py:188} INFO - [2026-02-17T23:27:05.951+0000] {dag.py:3096} INFO - Sync 2 DAGs
[2026-02-17T23:27:05.971+0000] {logging_mixin.py:188} INFO - [2026-02-17T23:27:05.971+0000] {dag.py:3954} INFO - Setting next_dagrun for produce_json to 2026-02-17 14:00:00+00:00, run_after=2026-02-18 14:00:00+00:00
[2026-02-17T23:27:05.975+0000] {logging_mixin.py:188} INFO - [2026-02-17T23:27:05.975+0000] {dag.py:3954} INFO - Setting next_dagrun for update_db to 2026-02-16 15:00:00+00:00, run_after=2026-02-17 15:00:00+00:00
[2026-02-17T23:27:05.994+0000] {processor.py:183} INFO - Processing /opt/airflow/dags/main.py took 0.159 seconds
[2026-02-17T23:27:36.110+0000] {processor.py:161} INFO - Started process (PID=2079) to work on /opt/airflow/dags/main.py
[2026-02-17T23:27:36.111+0000] {processor.py:830} INFO - Processing file /opt/airflow/dags/main.py for tasks to queue
[2026-02-17T23:27:36.113+0000] {logging_mixin.py:188} INFO - [2026-02-17T23:27:36.112+0000] {dagbag.py:545} INFO - Filling up the DagBag from /opt/airflow/dags/main.py
[2026-02-17T23:27:36.187+0000] {processor.py:840} INFO - DAG(s) 'produce_json', 'update_db' retrieved from /opt/airflow/dags/main.py
[2026-02-17T23:27:36.216+0000] {logging_mixin.py:188} INFO - [2026-02-17T23:27:36.215+0000] {dag.py:3096} INFO - Sync 2 DAGs
[2026-02-17T23:27:36.235+0000] {logging_mixin.py:188} INFO - [2026-02-17T23:27:36.235+0000] {dag.py:3954} INFO - Setting next_dagrun for produce_json to 2026-02-17 14:00:00+00:00, run_after=2026-02-18 14:00:00+00:00
[2026-02-17T23:27:36.240+0000] {logging_mixin.py:188} INFO - [2026-02-17T23:27:36.240+0000] {dag.py:3954} INFO - Setting next_dagrun for update_db to 2026-02-16 15:00:00+00:00, run_after=2026-02-17 15:00:00+00:00
[2026-02-17T23:27:36.258+0000] {processor.py:183} INFO - Processing /opt/airflow/dags/main.py took 0.153 seconds
[2026-02-17T23:28:06.521+0000] {processor.py:161} INFO - Started process (PID=2086) to work on /opt/airflow/dags/main.py
[2026-02-17T23:28:06.523+0000] {processor.py:830} INFO - Processing file /opt/airflow/dags/main.py for tasks to queue
[2026-02-17T23:28:06.525+0000] {logging_mixin.py:188} INFO - [2026-02-17T23:28:06.524+0000] {dagbag.py:545} INFO - Filling up the DagBag from /opt/airflow/dags/main.py
[2026-02-17T23:28:06.590+0000] {processor.py:840} INFO - DAG(s) 'produce_json', 'update_db' retrieved from /opt/airflow/dags/main.py
[2026-02-17T23:28:06.619+0000] {logging_mixin.py:188} INFO - [2026-02-17T23:28:06.618+0000] {dag.py:3096} INFO - Sync 2 DAGs
[2026-02-17T23:28:06.640+0000] {logging_mixin.py:188} INFO - [2026-02-17T23:28:06.640+0000] {dag.py:3954} INFO - Setting next_dagrun for produce_json to 2026-02-17 14:00:00+00:00, run_after=2026-02-18 14:00:00+00:00
[2026-02-17T23:28:06.644+0000] {logging_mixin.py:188} INFO - [2026-02-17T23:28:06.644+0000] {dag.py:3954} INFO - Setting next_dagrun for update_db to 2026-02-16 15:00:00+00:00, run_after=2026-02-17 15:00:00+00:00
[2026-02-17T23:28:06.663+0000] {processor.py:183} INFO - Processing /opt/airflow/dags/main.py took 0.147 seconds
[2026-02-17T23:29:47.213+0000] {processor.py:161} INFO - Started process (PID=2093) to work on /opt/airflow/dags/main.py
[2026-02-17T23:29:47.214+0000] {processor.py:830} INFO - Processing file /opt/airflow/dags/main.py for tasks to queue
[2026-02-17T23:29:47.216+0000] {logging_mixin.py:188} INFO - [2026-02-17T23:29:47.216+0000] {dagbag.py:545} INFO - Filling up the DagBag from /opt/airflow/dags/main.py
[2026-02-17T23:29:47.302+0000] {processor.py:840} INFO - DAG(s) 'produce_json', 'update_db' retrieved from /opt/airflow/dags/main.py
[2026-02-17T23:29:47.333+0000] {logging_mixin.py:188} INFO - [2026-02-17T23:29:47.333+0000] {dag.py:3096} INFO - Sync 2 DAGs
[2026-02-17T23:29:47.357+0000] {logging_mixin.py:188} INFO - [2026-02-17T23:29:47.356+0000] {dag.py:3954} INFO - Setting next_dagrun for produce_json to 2026-02-17 14:00:00+00:00, run_after=2026-02-18 14:00:00+00:00
[2026-02-17T23:29:47.362+0000] {logging_mixin.py:188} INFO - [2026-02-17T23:29:47.362+0000] {dag.py:3954} INFO - Setting next_dagrun for update_db to 2026-02-16 15:00:00+00:00, run_after=2026-02-17 15:00:00+00:00
[2026-02-17T23:29:47.384+0000] {processor.py:183} INFO - Processing /opt/airflow/dags/main.py took 0.176 seconds
[2026-02-17T23:30:17.498+0000] {processor.py:161} INFO - Started process (PID=2100) to work on /opt/airflow/dags/main.py
[2026-02-17T23:30:17.499+0000] {processor.py:830} INFO - Processing file /opt/airflow/dags/main.py for tasks to queue
[2026-02-17T23:30:17.501+0000] {logging_mixin.py:188} INFO - [2026-02-17T23:30:17.501+0000] {dagbag.py:545} INFO - Filling up the DagBag from /opt/airflow/dags/main.py
[2026-02-17T23:30:17.569+0000] {processor.py:840} INFO - DAG(s) 'produce_json', 'update_db' retrieved from /opt/airflow/dags/main.py
[2026-02-17T23:30:17.598+0000] {logging_mixin.py:188} INFO - [2026-02-17T23:30:17.598+0000] {dag.py:3096} INFO - Sync 2 DAGs
[2026-02-17T23:30:17.618+0000] {logging_mixin.py:188} INFO - [2026-02-17T23:30:17.618+0000] {dag.py:3954} INFO - Setting next_dagrun for produce_json to 2026-02-17 14:00:00+00:00, run_after=2026-02-18 14:00:00+00:00
[2026-02-17T23:30:17.623+0000] {logging_mixin.py:188} INFO - [2026-02-17T23:30:17.623+0000] {dag.py:3954} INFO - Setting next_dagrun for update_db to 2026-02-16 15:00:00+00:00, run_after=2026-02-17 15:00:00+00:00
[2026-02-17T23:30:17.644+0000] {processor.py:183} INFO - Processing /opt/airflow/dags/main.py took 0.151 seconds
[2026-02-17T23:30:47.927+0000] {processor.py:161} INFO - Started process (PID=2107) to work on /opt/airflow/dags/main.py
[2026-02-17T23:30:47.928+0000] {processor.py:830} INFO - Processing file /opt/airflow/dags/main.py for tasks to queue
[2026-02-17T23:30:47.930+0000] {logging_mixin.py:188} INFO - [2026-02-17T23:30:47.930+0000] {dagbag.py:545} INFO - Filling up the DagBag from /opt/airflow/dags/main.py
[2026-02-17T23:30:47.995+0000] {processor.py:840} INFO - DAG(s) 'update_db', 'produce_json' retrieved from /opt/airflow/dags/main.py
[2026-02-17T23:30:48.026+0000] {logging_mixin.py:188} INFO - [2026-02-17T23:30:48.026+0000] {dag.py:3096} INFO - Sync 2 DAGs
[2026-02-17T23:30:48.060+0000] {logging_mixin.py:188} INFO - [2026-02-17T23:30:48.060+0000] {dag.py:3954} INFO - Setting next_dagrun for produce_json to 2026-02-17 14:00:00+00:00, run_after=2026-02-18 14:00:00+00:00
[2026-02-17T23:30:48.065+0000] {logging_mixin.py:188} INFO - [2026-02-17T23:30:48.065+0000] {dag.py:3954} INFO - Setting next_dagrun for update_db to 2026-02-16 15:00:00+00:00, run_after=2026-02-17 15:00:00+00:00
[2026-02-17T23:30:48.096+0000] {processor.py:183} INFO - Processing /opt/airflow/dags/main.py took 0.173 seconds
[2026-02-17T23:31:18.189+0000] {processor.py:161} INFO - Started process (PID=2114) to work on /opt/airflow/dags/main.py
[2026-02-17T23:31:18.191+0000] {processor.py:830} INFO - Processing file /opt/airflow/dags/main.py for tasks to queue
[2026-02-17T23:31:18.193+0000] {logging_mixin.py:188} INFO - [2026-02-17T23:31:18.193+0000] {dagbag.py:545} INFO - Filling up the DagBag from /opt/airflow/dags/main.py
[2026-02-17T23:31:18.276+0000] {processor.py:840} INFO - DAG(s) 'update_db', 'produce_json' retrieved from /opt/airflow/dags/main.py
[2026-02-17T23:31:18.305+0000] {logging_mixin.py:188} INFO - [2026-02-17T23:31:18.305+0000] {dag.py:3096} INFO - Sync 2 DAGs
[2026-02-17T23:31:18.329+0000] {logging_mixin.py:188} INFO - [2026-02-17T23:31:18.329+0000] {dag.py:3954} INFO - Setting next_dagrun for produce_json to 2026-02-17 14:00:00+00:00, run_after=2026-02-18 14:00:00+00:00
[2026-02-17T23:31:18.334+0000] {logging_mixin.py:188} INFO - [2026-02-17T23:31:18.334+0000] {dag.py:3954} INFO - Setting next_dagrun for update_db to 2026-02-16 15:00:00+00:00, run_after=2026-02-17 15:00:00+00:00
[2026-02-17T23:31:18.351+0000] {processor.py:183} INFO - Processing /opt/airflow/dags/main.py took 0.168 seconds
[2026-02-17T23:31:48.601+0000] {processor.py:161} INFO - Started process (PID=2121) to work on /opt/airflow/dags/main.py
[2026-02-17T23:31:48.602+0000] {processor.py:830} INFO - Processing file /opt/airflow/dags/main.py for tasks to queue
[2026-02-17T23:31:48.604+0000] {logging_mixin.py:188} INFO - [2026-02-17T23:31:48.603+0000] {dagbag.py:545} INFO - Filling up the DagBag from /opt/airflow/dags/main.py
[2026-02-17T23:31:48.681+0000] {processor.py:840} INFO - DAG(s) 'update_db', 'produce_json' retrieved from /opt/airflow/dags/main.py
[2026-02-17T23:31:48.708+0000] {logging_mixin.py:188} INFO - [2026-02-17T23:31:48.708+0000] {dag.py:3096} INFO - Sync 2 DAGs
[2026-02-17T23:31:48.727+0000] {logging_mixin.py:188} INFO - [2026-02-17T23:31:48.727+0000] {dag.py:3954} INFO - Setting next_dagrun for produce_json to 2026-02-17 14:00:00+00:00, run_after=2026-02-18 14:00:00+00:00
[2026-02-17T23:31:48.732+0000] {logging_mixin.py:188} INFO - [2026-02-17T23:31:48.732+0000] {dag.py:3954} INFO - Setting next_dagrun for update_db to 2026-02-16 15:00:00+00:00, run_after=2026-02-17 15:00:00+00:00
[2026-02-17T23:31:48.750+0000] {processor.py:183} INFO - Processing /opt/airflow/dags/main.py took 0.153 seconds
[2026-02-17T23:32:18.874+0000] {processor.py:161} INFO - Started process (PID=2128) to work on /opt/airflow/dags/main.py
[2026-02-17T23:32:18.876+0000] {processor.py:830} INFO - Processing file /opt/airflow/dags/main.py for tasks to queue
[2026-02-17T23:32:18.878+0000] {logging_mixin.py:188} INFO - [2026-02-17T23:32:18.878+0000] {dagbag.py:545} INFO - Filling up the DagBag from /opt/airflow/dags/main.py
[2026-02-17T23:32:18.952+0000] {processor.py:840} INFO - DAG(s) 'produce_json', 'update_db' retrieved from /opt/airflow/dags/main.py
[2026-02-17T23:32:18.984+0000] {logging_mixin.py:188} INFO - [2026-02-17T23:32:18.984+0000] {dag.py:3096} INFO - Sync 2 DAGs
[2026-02-17T23:32:19.003+0000] {logging_mixin.py:188} INFO - [2026-02-17T23:32:19.003+0000] {dag.py:3954} INFO - Setting next_dagrun for produce_json to 2026-02-17 14:00:00+00:00, run_after=2026-02-18 14:00:00+00:00
[2026-02-17T23:32:19.008+0000] {logging_mixin.py:188} INFO - [2026-02-17T23:32:19.008+0000] {dag.py:3954} INFO - Setting next_dagrun for update_db to 2026-02-16 15:00:00+00:00, run_after=2026-02-17 15:00:00+00:00
[2026-02-17T23:32:19.030+0000] {processor.py:183} INFO - Processing /opt/airflow/dags/main.py took 0.161 seconds
[2026-02-17T23:32:49.276+0000] {processor.py:161} INFO - Started process (PID=2135) to work on /opt/airflow/dags/main.py
[2026-02-17T23:32:49.277+0000] {processor.py:830} INFO - Processing file /opt/airflow/dags/main.py for tasks to queue
[2026-02-17T23:32:49.280+0000] {logging_mixin.py:188} INFO - [2026-02-17T23:32:49.279+0000] {dagbag.py:545} INFO - Filling up the DagBag from /opt/airflow/dags/main.py
[2026-02-17T23:32:49.375+0000] {processor.py:840} INFO - DAG(s) 'update_db', 'produce_json' retrieved from /opt/airflow/dags/main.py
[2026-02-17T23:32:49.413+0000] {logging_mixin.py:188} INFO - [2026-02-17T23:32:49.412+0000] {dag.py:3096} INFO - Sync 2 DAGs
[2026-02-17T23:32:49.436+0000] {logging_mixin.py:188} INFO - [2026-02-17T23:32:49.436+0000] {dag.py:3954} INFO - Setting next_dagrun for produce_json to 2026-02-17 14:00:00+00:00, run_after=2026-02-18 14:00:00+00:00
[2026-02-17T23:32:49.442+0000] {logging_mixin.py:188} INFO - [2026-02-17T23:32:49.441+0000] {dag.py:3954} INFO - Setting next_dagrun for update_db to 2026-02-16 15:00:00+00:00, run_after=2026-02-17 15:00:00+00:00
[2026-02-17T23:32:49.458+0000] {processor.py:183} INFO - Processing /opt/airflow/dags/main.py took 0.189 seconds
[2026-02-17T23:33:19.517+0000] {processor.py:161} INFO - Started process (PID=2142) to work on /opt/airflow/dags/main.py
[2026-02-17T23:33:19.518+0000] {processor.py:830} INFO - Processing file /opt/airflow/dags/main.py for tasks to queue
[2026-02-17T23:33:19.520+0000] {logging_mixin.py:188} INFO - [2026-02-17T23:33:19.520+0000] {dagbag.py:545} INFO - Filling up the DagBag from /opt/airflow/dags/main.py
[2026-02-17T23:33:19.604+0000] {processor.py:840} INFO - DAG(s) 'update_db', 'produce_json' retrieved from /opt/airflow/dags/main.py
[2026-02-17T23:33:19.632+0000] {logging_mixin.py:188} INFO - [2026-02-17T23:33:19.632+0000] {dag.py:3096} INFO - Sync 2 DAGs
[2026-02-17T23:33:19.652+0000] {logging_mixin.py:188} INFO - [2026-02-17T23:33:19.651+0000] {dag.py:3954} INFO - Setting next_dagrun for produce_json to 2026-02-17 14:00:00+00:00, run_after=2026-02-18 14:00:00+00:00
[2026-02-17T23:33:19.656+0000] {logging_mixin.py:188} INFO - [2026-02-17T23:33:19.656+0000] {dag.py:3954} INFO - Setting next_dagrun for update_db to 2026-02-16 15:00:00+00:00, run_after=2026-02-17 15:00:00+00:00
[2026-02-17T23:33:19.676+0000] {processor.py:183} INFO - Processing /opt/airflow/dags/main.py took 0.165 seconds
[2026-02-17T23:33:49.789+0000] {processor.py:161} INFO - Started process (PID=2150) to work on /opt/airflow/dags/main.py
[2026-02-17T23:33:49.790+0000] {processor.py:830} INFO - Processing file /opt/airflow/dags/main.py for tasks to queue
[2026-02-17T23:33:49.791+0000] {logging_mixin.py:188} INFO - [2026-02-17T23:33:49.791+0000] {dagbag.py:545} INFO - Filling up the DagBag from /opt/airflow/dags/main.py
[2026-02-17T23:33:49.863+0000] {processor.py:840} INFO - DAG(s) 'update_db', 'produce_json' retrieved from /opt/airflow/dags/main.py
[2026-02-17T23:33:49.894+0000] {logging_mixin.py:188} INFO - [2026-02-17T23:33:49.894+0000] {dag.py:3096} INFO - Sync 2 DAGs
[2026-02-17T23:33:49.920+0000] {logging_mixin.py:188} INFO - [2026-02-17T23:33:49.920+0000] {dag.py:3954} INFO - Setting next_dagrun for produce_json to 2026-02-17 14:00:00+00:00, run_after=2026-02-18 14:00:00+00:00
[2026-02-17T23:33:49.925+0000] {logging_mixin.py:188} INFO - [2026-02-17T23:33:49.925+0000] {dag.py:3954} INFO - Setting next_dagrun for update_db to 2026-02-16 15:00:00+00:00, run_after=2026-02-17 15:00:00+00:00
[2026-02-17T23:33:49.955+0000] {processor.py:183} INFO - Processing /opt/airflow/dags/main.py took 0.172 seconds
[2026-02-17T23:34:20.164+0000] {processor.py:161} INFO - Started process (PID=2157) to work on /opt/airflow/dags/main.py
[2026-02-17T23:34:20.165+0000] {processor.py:830} INFO - Processing file /opt/airflow/dags/main.py for tasks to queue
[2026-02-17T23:34:20.167+0000] {logging_mixin.py:188} INFO - [2026-02-17T23:34:20.167+0000] {dagbag.py:545} INFO - Filling up the DagBag from /opt/airflow/dags/main.py
[2026-02-17T23:34:20.236+0000] {processor.py:840} INFO - DAG(s) 'produce_json', 'update_db' retrieved from /opt/airflow/dags/main.py
[2026-02-17T23:34:20.269+0000] {logging_mixin.py:188} INFO - [2026-02-17T23:34:20.269+0000] {dag.py:3096} INFO - Sync 2 DAGs
[2026-02-17T23:34:20.293+0000] {logging_mixin.py:188} INFO - [2026-02-17T23:34:20.293+0000] {dag.py:3954} INFO - Setting next_dagrun for produce_json to 2026-02-17 14:00:00+00:00, run_after=2026-02-18 14:00:00+00:00
[2026-02-17T23:34:20.299+0000] {logging_mixin.py:188} INFO - [2026-02-17T23:34:20.299+0000] {dag.py:3954} INFO - Setting next_dagrun for update_db to 2026-02-16 15:00:00+00:00, run_after=2026-02-17 15:00:00+00:00
[2026-02-17T23:34:20.320+0000] {processor.py:183} INFO - Processing /opt/airflow/dags/main.py took 0.161 seconds
[2026-02-17T23:34:50.551+0000] {processor.py:161} INFO - Started process (PID=2164) to work on /opt/airflow/dags/main.py
[2026-02-17T23:34:50.552+0000] {processor.py:830} INFO - Processing file /opt/airflow/dags/main.py for tasks to queue
[2026-02-17T23:34:50.555+0000] {logging_mixin.py:188} INFO - [2026-02-17T23:34:50.554+0000] {dagbag.py:545} INFO - Filling up the DagBag from /opt/airflow/dags/main.py
[2026-02-17T23:34:50.625+0000] {processor.py:840} INFO - DAG(s) 'update_db', 'produce_json' retrieved from /opt/airflow/dags/main.py
[2026-02-17T23:34:50.657+0000] {logging_mixin.py:188} INFO - [2026-02-17T23:34:50.656+0000] {dag.py:3096} INFO - Sync 2 DAGs
[2026-02-17T23:34:50.677+0000] {logging_mixin.py:188} INFO - [2026-02-17T23:34:50.676+0000] {dag.py:3954} INFO - Setting next_dagrun for produce_json to 2026-02-17 14:00:00+00:00, run_after=2026-02-18 14:00:00+00:00
[2026-02-17T23:34:50.682+0000] {logging_mixin.py:188} INFO - [2026-02-17T23:34:50.681+0000] {dag.py:3954} INFO - Setting next_dagrun for update_db to 2026-02-16 15:00:00+00:00, run_after=2026-02-17 15:00:00+00:00
[2026-02-17T23:34:50.699+0000] {processor.py:183} INFO - Processing /opt/airflow/dags/main.py took 0.154 seconds
[2026-02-17T23:35:20.827+0000] {processor.py:161} INFO - Started process (PID=2171) to work on /opt/airflow/dags/main.py
[2026-02-17T23:35:20.829+0000] {processor.py:830} INFO - Processing file /opt/airflow/dags/main.py for tasks to queue
[2026-02-17T23:35:20.831+0000] {logging_mixin.py:188} INFO - [2026-02-17T23:35:20.831+0000] {dagbag.py:545} INFO - Filling up the DagBag from /opt/airflow/dags/main.py
[2026-02-17T23:35:20.903+0000] {processor.py:840} INFO - DAG(s) 'produce_json', 'update_db' retrieved from /opt/airflow/dags/main.py
[2026-02-17T23:35:20.935+0000] {logging_mixin.py:188} INFO - [2026-02-17T23:35:20.935+0000] {dag.py:3096} INFO - Sync 2 DAGs
[2026-02-17T23:35:20.961+0000] {logging_mixin.py:188} INFO - [2026-02-17T23:35:20.960+0000] {dag.py:3954} INFO - Setting next_dagrun for produce_json to 2026-02-17 14:00:00+00:00, run_after=2026-02-18 14:00:00+00:00
[2026-02-17T23:35:20.966+0000] {logging_mixin.py:188} INFO - [2026-02-17T23:35:20.965+0000] {dag.py:3954} INFO - Setting next_dagrun for update_db to 2026-02-16 15:00:00+00:00, run_after=2026-02-17 15:00:00+00:00
[2026-02-17T23:35:20.987+0000] {processor.py:183} INFO - Processing /opt/airflow/dags/main.py took 0.166 seconds
[2026-02-17T23:35:51.192+0000] {processor.py:161} INFO - Started process (PID=2178) to work on /opt/airflow/dags/main.py
[2026-02-17T23:35:51.193+0000] {processor.py:830} INFO - Processing file /opt/airflow/dags/main.py for tasks to queue
[2026-02-17T23:35:51.195+0000] {logging_mixin.py:188} INFO - [2026-02-17T23:35:51.195+0000] {dagbag.py:545} INFO - Filling up the DagBag from /opt/airflow/dags/main.py
[2026-02-17T23:35:51.267+0000] {processor.py:840} INFO - DAG(s) 'update_db', 'produce_json' retrieved from /opt/airflow/dags/main.py
[2026-02-17T23:35:51.320+0000] {logging_mixin.py:188} INFO - [2026-02-17T23:35:51.319+0000] {dag.py:3096} INFO - Sync 2 DAGs
[2026-02-17T23:35:51.360+0000] {logging_mixin.py:188} INFO - [2026-02-17T23:35:51.360+0000] {dag.py:3954} INFO - Setting next_dagrun for produce_json to 2026-02-17 14:00:00+00:00, run_after=2026-02-18 14:00:00+00:00
[2026-02-17T23:35:51.366+0000] {logging_mixin.py:188} INFO - [2026-02-17T23:35:51.366+0000] {dag.py:3954} INFO - Setting next_dagrun for update_db to 2026-02-16 15:00:00+00:00, run_after=2026-02-17 15:00:00+00:00
[2026-02-17T23:35:51.396+0000] {processor.py:183} INFO - Processing /opt/airflow/dags/main.py took 0.209 seconds
[2026-02-17T23:36:22.041+0000] {processor.py:161} INFO - Started process (PID=2185) to work on /opt/airflow/dags/main.py
[2026-02-17T23:36:22.042+0000] {processor.py:830} INFO - Processing file /opt/airflow/dags/main.py for tasks to queue
[2026-02-17T23:36:22.044+0000] {logging_mixin.py:188} INFO - [2026-02-17T23:36:22.044+0000] {dagbag.py:545} INFO - Filling up the DagBag from /opt/airflow/dags/main.py
[2026-02-17T23:36:22.117+0000] {processor.py:840} INFO - DAG(s) 'update_db', 'produce_json' retrieved from /opt/airflow/dags/main.py
[2026-02-17T23:36:22.152+0000] {logging_mixin.py:188} INFO - [2026-02-17T23:36:22.151+0000] {dag.py:3096} INFO - Sync 2 DAGs
[2026-02-17T23:36:22.174+0000] {logging_mixin.py:188} INFO - [2026-02-17T23:36:22.173+0000] {dag.py:3954} INFO - Setting next_dagrun for produce_json to 2026-02-17 14:00:00+00:00, run_after=2026-02-18 14:00:00+00:00
[2026-02-17T23:36:22.179+0000] {logging_mixin.py:188} INFO - [2026-02-17T23:36:22.179+0000] {dag.py:3954} INFO - Setting next_dagrun for update_db to 2026-02-16 15:00:00+00:00, run_after=2026-02-17 15:00:00+00:00
[2026-02-17T23:36:22.203+0000] {processor.py:183} INFO - Processing /opt/airflow/dags/main.py took 0.167 seconds
[2026-02-17T23:36:52.421+0000] {processor.py:161} INFO - Started process (PID=2192) to work on /opt/airflow/dags/main.py
[2026-02-17T23:36:52.422+0000] {processor.py:830} INFO - Processing file /opt/airflow/dags/main.py for tasks to queue
[2026-02-17T23:36:52.424+0000] {logging_mixin.py:188} INFO - [2026-02-17T23:36:52.423+0000] {dagbag.py:545} INFO - Filling up the DagBag from /opt/airflow/dags/main.py
[2026-02-17T23:36:52.495+0000] {processor.py:840} INFO - DAG(s) 'produce_json', 'update_db' retrieved from /opt/airflow/dags/main.py
[2026-02-17T23:36:52.523+0000] {logging_mixin.py:188} INFO - [2026-02-17T23:36:52.523+0000] {dag.py:3096} INFO - Sync 2 DAGs
[2026-02-17T23:36:52.544+0000] {logging_mixin.py:188} INFO - [2026-02-17T23:36:52.543+0000] {dag.py:3954} INFO - Setting next_dagrun for produce_json to 2026-02-17 14:00:00+00:00, run_after=2026-02-18 14:00:00+00:00
[2026-02-17T23:36:52.548+0000] {logging_mixin.py:188} INFO - [2026-02-17T23:36:52.548+0000] {dag.py:3954} INFO - Setting next_dagrun for update_db to 2026-02-16 15:00:00+00:00, run_after=2026-02-17 15:00:00+00:00
[2026-02-17T23:36:52.567+0000] {processor.py:183} INFO - Processing /opt/airflow/dags/main.py took 0.152 seconds
[2026-02-17T23:37:22.700+0000] {processor.py:161} INFO - Started process (PID=2199) to work on /opt/airflow/dags/main.py
[2026-02-17T23:37:22.701+0000] {processor.py:830} INFO - Processing file /opt/airflow/dags/main.py for tasks to queue
[2026-02-17T23:37:22.703+0000] {logging_mixin.py:188} INFO - [2026-02-17T23:37:22.703+0000] {dagbag.py:545} INFO - Filling up the DagBag from /opt/airflow/dags/main.py
[2026-02-17T23:37:22.774+0000] {processor.py:840} INFO - DAG(s) 'update_db', 'produce_json' retrieved from /opt/airflow/dags/main.py
[2026-02-17T23:37:22.805+0000] {logging_mixin.py:188} INFO - [2026-02-17T23:37:22.804+0000] {dag.py:3096} INFO - Sync 2 DAGs
[2026-02-17T23:37:22.825+0000] {logging_mixin.py:188} INFO - [2026-02-17T23:37:22.825+0000] {dag.py:3954} INFO - Setting next_dagrun for produce_json to 2026-02-17 14:00:00+00:00, run_after=2026-02-18 14:00:00+00:00
[2026-02-17T23:37:22.830+0000] {logging_mixin.py:188} INFO - [2026-02-17T23:37:22.830+0000] {dag.py:3954} INFO - Setting next_dagrun for update_db to 2026-02-16 15:00:00+00:00, run_after=2026-02-17 15:00:00+00:00
[2026-02-17T23:37:22.853+0000] {processor.py:183} INFO - Processing /opt/airflow/dags/main.py took 0.158 seconds
[2026-02-17T23:37:53.070+0000] {processor.py:161} INFO - Started process (PID=2206) to work on /opt/airflow/dags/main.py
[2026-02-17T23:37:53.071+0000] {processor.py:830} INFO - Processing file /opt/airflow/dags/main.py for tasks to queue
[2026-02-17T23:37:53.073+0000] {logging_mixin.py:188} INFO - [2026-02-17T23:37:53.073+0000] {dagbag.py:545} INFO - Filling up the DagBag from /opt/airflow/dags/main.py
[2026-02-17T23:37:53.142+0000] {processor.py:840} INFO - DAG(s) 'update_db', 'produce_json' retrieved from /opt/airflow/dags/main.py
[2026-02-17T23:37:53.170+0000] {logging_mixin.py:188} INFO - [2026-02-17T23:37:53.170+0000] {dag.py:3096} INFO - Sync 2 DAGs
[2026-02-17T23:37:53.197+0000] {logging_mixin.py:188} INFO - [2026-02-17T23:37:53.197+0000] {dag.py:3954} INFO - Setting next_dagrun for produce_json to 2026-02-17 14:00:00+00:00, run_after=2026-02-18 14:00:00+00:00
[2026-02-17T23:37:53.202+0000] {logging_mixin.py:188} INFO - [2026-02-17T23:37:53.202+0000] {dag.py:3954} INFO - Setting next_dagrun for update_db to 2026-02-16 15:00:00+00:00, run_after=2026-02-17 15:00:00+00:00
[2026-02-17T23:37:53.232+0000] {processor.py:183} INFO - Processing /opt/airflow/dags/main.py took 0.168 seconds
[2026-02-17T23:38:23.338+0000] {processor.py:161} INFO - Started process (PID=2213) to work on /opt/airflow/dags/main.py
[2026-02-17T23:38:23.339+0000] {processor.py:830} INFO - Processing file /opt/airflow/dags/main.py for tasks to queue
[2026-02-17T23:38:23.341+0000] {logging_mixin.py:188} INFO - [2026-02-17T23:38:23.341+0000] {dagbag.py:545} INFO - Filling up the DagBag from /opt/airflow/dags/main.py
[2026-02-17T23:38:23.413+0000] {processor.py:840} INFO - DAG(s) 'produce_json', 'update_db' retrieved from /opt/airflow/dags/main.py
[2026-02-17T23:38:23.443+0000] {logging_mixin.py:188} INFO - [2026-02-17T23:38:23.443+0000] {dag.py:3096} INFO - Sync 2 DAGs
[2026-02-17T23:38:23.462+0000] {logging_mixin.py:188} INFO - [2026-02-17T23:38:23.462+0000] {dag.py:3954} INFO - Setting next_dagrun for produce_json to 2026-02-17 14:00:00+00:00, run_after=2026-02-18 14:00:00+00:00
[2026-02-17T23:38:23.468+0000] {logging_mixin.py:188} INFO - [2026-02-17T23:38:23.467+0000] {dag.py:3954} INFO - Setting next_dagrun for update_db to 2026-02-16 15:00:00+00:00, run_after=2026-02-17 15:00:00+00:00
[2026-02-17T23:38:23.493+0000] {processor.py:183} INFO - Processing /opt/airflow/dags/main.py took 0.160 seconds
[2026-02-17T23:38:53.778+0000] {processor.py:161} INFO - Started process (PID=2220) to work on /opt/airflow/dags/main.py
[2026-02-17T23:38:53.779+0000] {processor.py:830} INFO - Processing file /opt/airflow/dags/main.py for tasks to queue
[2026-02-17T23:38:53.781+0000] {logging_mixin.py:188} INFO - [2026-02-17T23:38:53.780+0000] {dagbag.py:545} INFO - Filling up the DagBag from /opt/airflow/dags/main.py
[2026-02-17T23:38:53.860+0000] {processor.py:840} INFO - DAG(s) 'update_db', 'produce_json' retrieved from /opt/airflow/dags/main.py
[2026-02-17T23:38:53.888+0000] {logging_mixin.py:188} INFO - [2026-02-17T23:38:53.888+0000] {dag.py:3096} INFO - Sync 2 DAGs
[2026-02-17T23:38:53.908+0000] {logging_mixin.py:188} INFO - [2026-02-17T23:38:53.908+0000] {dag.py:3954} INFO - Setting next_dagrun for produce_json to 2026-02-17 14:00:00+00:00, run_after=2026-02-18 14:00:00+00:00
[2026-02-17T23:38:53.912+0000] {logging_mixin.py:188} INFO - [2026-02-17T23:38:53.912+0000] {dag.py:3954} INFO - Setting next_dagrun for update_db to 2026-02-16 15:00:00+00:00, run_after=2026-02-17 15:00:00+00:00
[2026-02-17T23:38:53.933+0000] {processor.py:183} INFO - Processing /opt/airflow/dags/main.py took 0.160 seconds
[2026-02-17T23:39:24.022+0000] {processor.py:161} INFO - Started process (PID=2227) to work on /opt/airflow/dags/main.py
[2026-02-17T23:39:24.023+0000] {processor.py:830} INFO - Processing file /opt/airflow/dags/main.py for tasks to queue
[2026-02-17T23:39:24.025+0000] {logging_mixin.py:188} INFO - [2026-02-17T23:39:24.025+0000] {dagbag.py:545} INFO - Filling up the DagBag from /opt/airflow/dags/main.py
[2026-02-17T23:39:24.098+0000] {processor.py:840} INFO - DAG(s) 'produce_json', 'update_db' retrieved from /opt/airflow/dags/main.py
[2026-02-17T23:39:24.128+0000] {logging_mixin.py:188} INFO - [2026-02-17T23:39:24.127+0000] {dag.py:3096} INFO - Sync 2 DAGs
[2026-02-17T23:39:24.152+0000] {logging_mixin.py:188} INFO - [2026-02-17T23:39:24.152+0000] {dag.py:3954} INFO - Setting next_dagrun for produce_json to 2026-02-17 14:00:00+00:00, run_after=2026-02-18 14:00:00+00:00
[2026-02-17T23:39:24.158+0000] {logging_mixin.py:188} INFO - [2026-02-17T23:39:24.158+0000] {dag.py:3954} INFO - Setting next_dagrun for update_db to 2026-02-16 15:00:00+00:00, run_after=2026-02-17 15:00:00+00:00
[2026-02-17T23:39:24.178+0000] {processor.py:183} INFO - Processing /opt/airflow/dags/main.py took 0.162 seconds
[2026-02-17T23:39:54.371+0000] {processor.py:161} INFO - Started process (PID=2234) to work on /opt/airflow/dags/main.py
[2026-02-17T23:39:54.372+0000] {processor.py:830} INFO - Processing file /opt/airflow/dags/main.py for tasks to queue
[2026-02-17T23:39:54.374+0000] {logging_mixin.py:188} INFO - [2026-02-17T23:39:54.374+0000] {dagbag.py:545} INFO - Filling up the DagBag from /opt/airflow/dags/main.py
[2026-02-17T23:39:54.448+0000] {processor.py:840} INFO - DAG(s) 'produce_json', 'update_db' retrieved from /opt/airflow/dags/main.py
[2026-02-17T23:39:54.477+0000] {logging_mixin.py:188} INFO - [2026-02-17T23:39:54.476+0000] {dag.py:3096} INFO - Sync 2 DAGs
[2026-02-17T23:39:54.497+0000] {logging_mixin.py:188} INFO - [2026-02-17T23:39:54.497+0000] {dag.py:3954} INFO - Setting next_dagrun for produce_json to 2026-02-17 14:00:00+00:00, run_after=2026-02-18 14:00:00+00:00
[2026-02-17T23:39:54.501+0000] {logging_mixin.py:188} INFO - [2026-02-17T23:39:54.501+0000] {dag.py:3954} INFO - Setting next_dagrun for update_db to 2026-02-16 15:00:00+00:00, run_after=2026-02-17 15:00:00+00:00
[2026-02-17T23:39:54.519+0000] {processor.py:183} INFO - Processing /opt/airflow/dags/main.py took 0.154 seconds
[2026-02-17T23:40:24.669+0000] {processor.py:161} INFO - Started process (PID=2241) to work on /opt/airflow/dags/main.py
[2026-02-17T23:40:24.670+0000] {processor.py:830} INFO - Processing file /opt/airflow/dags/main.py for tasks to queue
[2026-02-17T23:40:24.672+0000] {logging_mixin.py:188} INFO - [2026-02-17T23:40:24.671+0000] {dagbag.py:545} INFO - Filling up the DagBag from /opt/airflow/dags/main.py
[2026-02-17T23:40:24.755+0000] {processor.py:840} INFO - DAG(s) 'produce_json', 'update_db' retrieved from /opt/airflow/dags/main.py
[2026-02-17T23:40:24.787+0000] {logging_mixin.py:188} INFO - [2026-02-17T23:40:24.787+0000] {dag.py:3096} INFO - Sync 2 DAGs
[2026-02-17T23:40:24.814+0000] {logging_mixin.py:188} INFO - [2026-02-17T23:40:24.813+0000] {dag.py:3954} INFO - Setting next_dagrun for produce_json to 2026-02-17 14:00:00+00:00, run_after=2026-02-18 14:00:00+00:00
[2026-02-17T23:40:24.824+0000] {logging_mixin.py:188} INFO - [2026-02-17T23:40:24.824+0000] {dag.py:3954} INFO - Setting next_dagrun for update_db to 2026-02-16 15:00:00+00:00, run_after=2026-02-17 15:00:00+00:00
[2026-02-17T23:40:24.854+0000] {processor.py:183} INFO - Processing /opt/airflow/dags/main.py took 0.191 seconds
[2026-02-17T23:40:55.046+0000] {processor.py:161} INFO - Started process (PID=2248) to work on /opt/airflow/dags/main.py
[2026-02-17T23:40:55.047+0000] {processor.py:830} INFO - Processing file /opt/airflow/dags/main.py for tasks to queue
[2026-02-17T23:40:55.049+0000] {logging_mixin.py:188} INFO - [2026-02-17T23:40:55.049+0000] {dagbag.py:545} INFO - Filling up the DagBag from /opt/airflow/dags/main.py
[2026-02-17T23:40:55.124+0000] {processor.py:840} INFO - DAG(s) 'produce_json', 'update_db' retrieved from /opt/airflow/dags/main.py
[2026-02-17T23:40:55.153+0000] {logging_mixin.py:188} INFO - [2026-02-17T23:40:55.153+0000] {dag.py:3096} INFO - Sync 2 DAGs
[2026-02-17T23:40:55.172+0000] {logging_mixin.py:188} INFO - [2026-02-17T23:40:55.172+0000] {dag.py:3954} INFO - Setting next_dagrun for produce_json to 2026-02-17 14:00:00+00:00, run_after=2026-02-18 14:00:00+00:00
[2026-02-17T23:40:55.178+0000] {logging_mixin.py:188} INFO - [2026-02-17T23:40:55.178+0000] {dag.py:3954} INFO - Setting next_dagrun for update_db to 2026-02-16 15:00:00+00:00, run_after=2026-02-17 15:00:00+00:00
[2026-02-17T23:40:55.197+0000] {processor.py:183} INFO - Processing /opt/airflow/dags/main.py took 0.156 seconds
[2026-02-17T23:41:25.384+0000] {processor.py:161} INFO - Started process (PID=2255) to work on /opt/airflow/dags/main.py
[2026-02-17T23:41:25.385+0000] {processor.py:830} INFO - Processing file /opt/airflow/dags/main.py for tasks to queue
[2026-02-17T23:41:25.387+0000] {logging_mixin.py:188} INFO - [2026-02-17T23:41:25.386+0000] {dagbag.py:545} INFO - Filling up the DagBag from /opt/airflow/dags/main.py
[2026-02-17T23:41:25.490+0000] {processor.py:840} INFO - DAG(s) 'produce_json', 'update_db' retrieved from /opt/airflow/dags/main.py
[2026-02-17T23:41:25.520+0000] {logging_mixin.py:188} INFO - [2026-02-17T23:41:25.520+0000] {dag.py:3096} INFO - Sync 2 DAGs
[2026-02-17T23:41:25.542+0000] {logging_mixin.py:188} INFO - [2026-02-17T23:41:25.542+0000] {dag.py:3954} INFO - Setting next_dagrun for produce_json to 2026-02-17 14:00:00+00:00, run_after=2026-02-18 14:00:00+00:00
[2026-02-17T23:41:25.547+0000] {logging_mixin.py:188} INFO - [2026-02-17T23:41:25.547+0000] {dag.py:3954} INFO - Setting next_dagrun for update_db to 2026-02-16 15:00:00+00:00, run_after=2026-02-17 15:00:00+00:00
[2026-02-17T23:41:25.567+0000] {processor.py:183} INFO - Processing /opt/airflow/dags/main.py took 0.189 seconds
[2026-02-17T23:41:55.764+0000] {processor.py:161} INFO - Started process (PID=2262) to work on /opt/airflow/dags/main.py
[2026-02-17T23:41:55.765+0000] {processor.py:830} INFO - Processing file /opt/airflow/dags/main.py for tasks to queue
[2026-02-17T23:41:55.767+0000] {logging_mixin.py:188} INFO - [2026-02-17T23:41:55.767+0000] {dagbag.py:545} INFO - Filling up the DagBag from /opt/airflow/dags/main.py
[2026-02-17T23:41:55.843+0000] {processor.py:840} INFO - DAG(s) 'update_db', 'produce_json' retrieved from /opt/airflow/dags/main.py
[2026-02-17T23:41:55.870+0000] {logging_mixin.py:188} INFO - [2026-02-17T23:41:55.870+0000] {dag.py:3096} INFO - Sync 2 DAGs
[2026-02-17T23:41:55.893+0000] {logging_mixin.py:188} INFO - [2026-02-17T23:41:55.893+0000] {dag.py:3954} INFO - Setting next_dagrun for produce_json to 2026-02-17 14:00:00+00:00, run_after=2026-02-18 14:00:00+00:00
[2026-02-17T23:41:55.898+0000] {logging_mixin.py:188} INFO - [2026-02-17T23:41:55.898+0000] {dag.py:3954} INFO - Setting next_dagrun for update_db to 2026-02-16 15:00:00+00:00, run_after=2026-02-17 15:00:00+00:00
[2026-02-17T23:41:55.916+0000] {processor.py:183} INFO - Processing /opt/airflow/dags/main.py took 0.157 seconds
[2026-02-17T23:42:26.106+0000] {processor.py:161} INFO - Started process (PID=2269) to work on /opt/airflow/dags/main.py
[2026-02-17T23:42:26.108+0000] {processor.py:830} INFO - Processing file /opt/airflow/dags/main.py for tasks to queue
[2026-02-17T23:42:26.110+0000] {logging_mixin.py:188} INFO - [2026-02-17T23:42:26.109+0000] {dagbag.py:545} INFO - Filling up the DagBag from /opt/airflow/dags/main.py
[2026-02-17T23:42:26.223+0000] {processor.py:840} INFO - DAG(s) 'update_db', 'produce_json' retrieved from /opt/airflow/dags/main.py
[2026-02-17T23:42:26.252+0000] {logging_mixin.py:188} INFO - [2026-02-17T23:42:26.252+0000] {dag.py:3096} INFO - Sync 2 DAGs
[2026-02-17T23:42:26.273+0000] {logging_mixin.py:188} INFO - [2026-02-17T23:42:26.273+0000] {dag.py:3954} INFO - Setting next_dagrun for produce_json to 2026-02-17 14:00:00+00:00, run_after=2026-02-18 14:00:00+00:00
[2026-02-17T23:42:26.279+0000] {logging_mixin.py:188} INFO - [2026-02-17T23:42:26.278+0000] {dag.py:3954} INFO - Setting next_dagrun for update_db to 2026-02-16 15:00:00+00:00, run_after=2026-02-17 15:00:00+00:00
[2026-02-17T23:42:26.311+0000] {processor.py:183} INFO - Processing /opt/airflow/dags/main.py took 0.211 seconds
[2026-02-17T23:42:56.429+0000] {processor.py:161} INFO - Started process (PID=2276) to work on /opt/airflow/dags/main.py
[2026-02-17T23:42:56.430+0000] {processor.py:830} INFO - Processing file /opt/airflow/dags/main.py for tasks to queue
[2026-02-17T23:42:56.432+0000] {logging_mixin.py:188} INFO - [2026-02-17T23:42:56.432+0000] {dagbag.py:545} INFO - Filling up the DagBag from /opt/airflow/dags/main.py
[2026-02-17T23:42:56.513+0000] {processor.py:840} INFO - DAG(s) 'produce_json', 'update_db' retrieved from /opt/airflow/dags/main.py
[2026-02-17T23:42:56.545+0000] {logging_mixin.py:188} INFO - [2026-02-17T23:42:56.545+0000] {dag.py:3096} INFO - Sync 2 DAGs
[2026-02-17T23:42:56.577+0000] {logging_mixin.py:188} INFO - [2026-02-17T23:42:56.577+0000] {dag.py:3954} INFO - Setting next_dagrun for produce_json to 2026-02-17 14:00:00+00:00, run_after=2026-02-18 14:00:00+00:00
[2026-02-17T23:42:56.582+0000] {logging_mixin.py:188} INFO - [2026-02-17T23:42:56.581+0000] {dag.py:3954} INFO - Setting next_dagrun for update_db to 2026-02-16 15:00:00+00:00, run_after=2026-02-17 15:00:00+00:00
[2026-02-17T23:42:56.601+0000] {processor.py:183} INFO - Processing /opt/airflow/dags/main.py took 0.177 seconds
[2026-02-17T23:43:26.795+0000] {processor.py:161} INFO - Started process (PID=2283) to work on /opt/airflow/dags/main.py
[2026-02-17T23:43:26.796+0000] {processor.py:830} INFO - Processing file /opt/airflow/dags/main.py for tasks to queue
[2026-02-17T23:43:26.799+0000] {logging_mixin.py:188} INFO - [2026-02-17T23:43:26.798+0000] {dagbag.py:545} INFO - Filling up the DagBag from /opt/airflow/dags/main.py
[2026-02-17T23:43:26.889+0000] {processor.py:840} INFO - DAG(s) 'update_db', 'produce_json' retrieved from /opt/airflow/dags/main.py
[2026-02-17T23:43:26.918+0000] {logging_mixin.py:188} INFO - [2026-02-17T23:43:26.918+0000] {dag.py:3096} INFO - Sync 2 DAGs
[2026-02-17T23:43:26.939+0000] {logging_mixin.py:188} INFO - [2026-02-17T23:43:26.939+0000] {dag.py:3954} INFO - Setting next_dagrun for produce_json to 2026-02-17 14:00:00+00:00, run_after=2026-02-18 14:00:00+00:00
[2026-02-17T23:43:26.944+0000] {logging_mixin.py:188} INFO - [2026-02-17T23:43:26.944+0000] {dag.py:3954} INFO - Setting next_dagrun for update_db to 2026-02-16 15:00:00+00:00, run_after=2026-02-17 15:00:00+00:00
[2026-02-17T23:43:26.963+0000] {processor.py:183} INFO - Processing /opt/airflow/dags/main.py took 0.174 seconds
[2026-02-17T23:43:57.130+0000] {processor.py:161} INFO - Started process (PID=2290) to work on /opt/airflow/dags/main.py
[2026-02-17T23:43:57.131+0000] {processor.py:830} INFO - Processing file /opt/airflow/dags/main.py for tasks to queue
[2026-02-17T23:43:57.133+0000] {logging_mixin.py:188} INFO - [2026-02-17T23:43:57.133+0000] {dagbag.py:545} INFO - Filling up the DagBag from /opt/airflow/dags/main.py
[2026-02-17T23:43:57.206+0000] {processor.py:840} INFO - DAG(s) 'update_db', 'produce_json' retrieved from /opt/airflow/dags/main.py
[2026-02-17T23:43:57.234+0000] {logging_mixin.py:188} INFO - [2026-02-17T23:43:57.234+0000] {dag.py:3096} INFO - Sync 2 DAGs
[2026-02-17T23:43:57.253+0000] {logging_mixin.py:188} INFO - [2026-02-17T23:43:57.253+0000] {dag.py:3954} INFO - Setting next_dagrun for produce_json to 2026-02-17 14:00:00+00:00, run_after=2026-02-18 14:00:00+00:00
[2026-02-17T23:43:57.258+0000] {logging_mixin.py:188} INFO - [2026-02-17T23:43:57.258+0000] {dag.py:3954} INFO - Setting next_dagrun for update_db to 2026-02-16 15:00:00+00:00, run_after=2026-02-17 15:00:00+00:00
[2026-02-17T23:43:57.285+0000] {processor.py:183} INFO - Processing /opt/airflow/dags/main.py took 0.161 seconds
[2026-02-17T23:44:27.502+0000] {processor.py:161} INFO - Started process (PID=2297) to work on /opt/airflow/dags/main.py
[2026-02-17T23:44:27.504+0000] {processor.py:830} INFO - Processing file /opt/airflow/dags/main.py for tasks to queue
[2026-02-17T23:44:27.507+0000] {logging_mixin.py:188} INFO - [2026-02-17T23:44:27.506+0000] {dagbag.py:545} INFO - Filling up the DagBag from /opt/airflow/dags/main.py
[2026-02-17T23:44:27.607+0000] {processor.py:840} INFO - DAG(s) 'produce_json', 'update_db' retrieved from /opt/airflow/dags/main.py
[2026-02-17T23:44:27.635+0000] {logging_mixin.py:188} INFO - [2026-02-17T23:44:27.635+0000] {dag.py:3096} INFO - Sync 2 DAGs
[2026-02-17T23:44:27.654+0000] {logging_mixin.py:188} INFO - [2026-02-17T23:44:27.654+0000] {dag.py:3954} INFO - Setting next_dagrun for produce_json to 2026-02-17 14:00:00+00:00, run_after=2026-02-18 14:00:00+00:00
[2026-02-17T23:44:27.659+0000] {logging_mixin.py:188} INFO - [2026-02-17T23:44:27.659+0000] {dag.py:3954} INFO - Setting next_dagrun for update_db to 2026-02-16 15:00:00+00:00, run_after=2026-02-17 15:00:00+00:00
[2026-02-17T23:44:27.687+0000] {processor.py:183} INFO - Processing /opt/airflow/dags/main.py took 0.189 seconds
[2026-02-17T23:44:57.957+0000] {processor.py:161} INFO - Started process (PID=2304) to work on /opt/airflow/dags/main.py
[2026-02-17T23:44:57.958+0000] {processor.py:830} INFO - Processing file /opt/airflow/dags/main.py for tasks to queue
[2026-02-17T23:44:57.960+0000] {logging_mixin.py:188} INFO - [2026-02-17T23:44:57.960+0000] {dagbag.py:545} INFO - Filling up the DagBag from /opt/airflow/dags/main.py
[2026-02-17T23:44:58.026+0000] {processor.py:840} INFO - DAG(s) 'update_db', 'produce_json' retrieved from /opt/airflow/dags/main.py
[2026-02-17T23:44:58.054+0000] {logging_mixin.py:188} INFO - [2026-02-17T23:44:58.053+0000] {dag.py:3096} INFO - Sync 2 DAGs
[2026-02-17T23:44:58.073+0000] {logging_mixin.py:188} INFO - [2026-02-17T23:44:58.073+0000] {dag.py:3954} INFO - Setting next_dagrun for produce_json to 2026-02-17 14:00:00+00:00, run_after=2026-02-18 14:00:00+00:00
[2026-02-17T23:44:58.078+0000] {logging_mixin.py:188} INFO - [2026-02-17T23:44:58.078+0000] {dag.py:3954} INFO - Setting next_dagrun for update_db to 2026-02-16 15:00:00+00:00, run_after=2026-02-17 15:00:00+00:00
[2026-02-17T23:44:58.108+0000] {processor.py:183} INFO - Processing /opt/airflow/dags/main.py took 0.156 seconds
[2026-02-17T23:45:28.234+0000] {processor.py:161} INFO - Started process (PID=2311) to work on /opt/airflow/dags/main.py
[2026-02-17T23:45:28.235+0000] {processor.py:830} INFO - Processing file /opt/airflow/dags/main.py for tasks to queue
[2026-02-17T23:45:28.238+0000] {logging_mixin.py:188} INFO - [2026-02-17T23:45:28.238+0000] {dagbag.py:545} INFO - Filling up the DagBag from /opt/airflow/dags/main.py
[2026-02-17T23:45:28.359+0000] {processor.py:840} INFO - DAG(s) 'update_db', 'produce_json' retrieved from /opt/airflow/dags/main.py
[2026-02-17T23:45:28.392+0000] {logging_mixin.py:188} INFO - [2026-02-17T23:45:28.392+0000] {dag.py:3096} INFO - Sync 2 DAGs
[2026-02-17T23:45:28.413+0000] {logging_mixin.py:188} INFO - [2026-02-17T23:45:28.413+0000] {dag.py:3954} INFO - Setting next_dagrun for produce_json to 2026-02-17 14:00:00+00:00, run_after=2026-02-18 14:00:00+00:00
[2026-02-17T23:45:28.418+0000] {logging_mixin.py:188} INFO - [2026-02-17T23:45:28.418+0000] {dag.py:3954} INFO - Setting next_dagrun for update_db to 2026-02-16 15:00:00+00:00, run_after=2026-02-17 15:00:00+00:00
[2026-02-17T23:45:28.448+0000] {processor.py:183} INFO - Processing /opt/airflow/dags/main.py took 0.220 seconds
[2026-02-17T23:45:58.643+0000] {processor.py:161} INFO - Started process (PID=2318) to work on /opt/airflow/dags/main.py
[2026-02-17T23:45:58.644+0000] {processor.py:830} INFO - Processing file /opt/airflow/dags/main.py for tasks to queue
[2026-02-17T23:45:58.647+0000] {logging_mixin.py:188} INFO - [2026-02-17T23:45:58.646+0000] {dagbag.py:545} INFO - Filling up the DagBag from /opt/airflow/dags/main.py
[2026-02-17T23:45:58.733+0000] {processor.py:840} INFO - DAG(s) 'update_db', 'produce_json' retrieved from /opt/airflow/dags/main.py
[2026-02-17T23:45:58.761+0000] {logging_mixin.py:188} INFO - [2026-02-17T23:45:58.760+0000] {dag.py:3096} INFO - Sync 2 DAGs
[2026-02-17T23:45:58.781+0000] {logging_mixin.py:188} INFO - [2026-02-17T23:45:58.781+0000] {dag.py:3954} INFO - Setting next_dagrun for produce_json to 2026-02-17 14:00:00+00:00, run_after=2026-02-18 14:00:00+00:00
[2026-02-17T23:45:58.785+0000] {logging_mixin.py:188} INFO - [2026-02-17T23:45:58.785+0000] {dag.py:3954} INFO - Setting next_dagrun for update_db to 2026-02-16 15:00:00+00:00, run_after=2026-02-17 15:00:00+00:00
[2026-02-17T23:45:58.804+0000] {processor.py:183} INFO - Processing /opt/airflow/dags/main.py took 0.167 seconds
[2026-02-17T23:46:28.958+0000] {processor.py:161} INFO - Started process (PID=2325) to work on /opt/airflow/dags/main.py
[2026-02-17T23:46:28.959+0000] {processor.py:830} INFO - Processing file /opt/airflow/dags/main.py for tasks to queue
[2026-02-17T23:46:28.961+0000] {logging_mixin.py:188} INFO - [2026-02-17T23:46:28.961+0000] {dagbag.py:545} INFO - Filling up the DagBag from /opt/airflow/dags/main.py
[2026-02-17T23:46:29.034+0000] {processor.py:840} INFO - DAG(s) 'update_db', 'produce_json' retrieved from /opt/airflow/dags/main.py
[2026-02-17T23:46:29.065+0000] {logging_mixin.py:188} INFO - [2026-02-17T23:46:29.065+0000] {dag.py:3096} INFO - Sync 2 DAGs
[2026-02-17T23:46:29.085+0000] {logging_mixin.py:188} INFO - [2026-02-17T23:46:29.085+0000] {dag.py:3954} INFO - Setting next_dagrun for produce_json to 2026-02-17 14:00:00+00:00, run_after=2026-02-18 14:00:00+00:00
[2026-02-17T23:46:29.089+0000] {logging_mixin.py:188} INFO - [2026-02-17T23:46:29.089+0000] {dag.py:3954} INFO - Setting next_dagrun for update_db to 2026-02-16 15:00:00+00:00, run_after=2026-02-17 15:00:00+00:00
[2026-02-17T23:46:29.117+0000] {processor.py:183} INFO - Processing /opt/airflow/dags/main.py took 0.166 seconds
[2026-02-17T23:46:59.349+0000] {processor.py:161} INFO - Started process (PID=2332) to work on /opt/airflow/dags/main.py
[2026-02-17T23:46:59.350+0000] {processor.py:830} INFO - Processing file /opt/airflow/dags/main.py for tasks to queue
[2026-02-17T23:46:59.353+0000] {logging_mixin.py:188} INFO - [2026-02-17T23:46:59.352+0000] {dagbag.py:545} INFO - Filling up the DagBag from /opt/airflow/dags/main.py
[2026-02-17T23:46:59.421+0000] {processor.py:840} INFO - DAG(s) 'produce_json', 'update_db' retrieved from /opt/airflow/dags/main.py
[2026-02-17T23:46:59.450+0000] {logging_mixin.py:188} INFO - [2026-02-17T23:46:59.449+0000] {dag.py:3096} INFO - Sync 2 DAGs
[2026-02-17T23:46:59.469+0000] {logging_mixin.py:188} INFO - [2026-02-17T23:46:59.469+0000] {dag.py:3954} INFO - Setting next_dagrun for produce_json to 2026-02-17 14:00:00+00:00, run_after=2026-02-18 14:00:00+00:00
[2026-02-17T23:46:59.474+0000] {logging_mixin.py:188} INFO - [2026-02-17T23:46:59.473+0000] {dag.py:3954} INFO - Setting next_dagrun for update_db to 2026-02-16 15:00:00+00:00, run_after=2026-02-17 15:00:00+00:00
[2026-02-17T23:46:59.495+0000] {processor.py:183} INFO - Processing /opt/airflow/dags/main.py took 0.152 seconds
[2026-02-17T23:47:29.664+0000] {processor.py:161} INFO - Started process (PID=2339) to work on /opt/airflow/dags/main.py
[2026-02-17T23:47:29.666+0000] {processor.py:830} INFO - Processing file /opt/airflow/dags/main.py for tasks to queue
[2026-02-17T23:47:29.669+0000] {logging_mixin.py:188} INFO - [2026-02-17T23:47:29.669+0000] {dagbag.py:545} INFO - Filling up the DagBag from /opt/airflow/dags/main.py
[2026-02-17T23:47:29.747+0000] {processor.py:840} INFO - DAG(s) 'produce_json', 'update_db' retrieved from /opt/airflow/dags/main.py
[2026-02-17T23:47:29.775+0000] {logging_mixin.py:188} INFO - [2026-02-17T23:47:29.775+0000] {dag.py:3096} INFO - Sync 2 DAGs
[2026-02-17T23:47:29.795+0000] {logging_mixin.py:188} INFO - [2026-02-17T23:47:29.795+0000] {dag.py:3954} INFO - Setting next_dagrun for produce_json to 2026-02-17 14:00:00+00:00, run_after=2026-02-18 14:00:00+00:00
[2026-02-17T23:47:29.800+0000] {logging_mixin.py:188} INFO - [2026-02-17T23:47:29.800+0000] {dag.py:3954} INFO - Setting next_dagrun for update_db to 2026-02-16 15:00:00+00:00, run_after=2026-02-17 15:00:00+00:00
[2026-02-17T23:47:29.818+0000] {processor.py:183} INFO - Processing /opt/airflow/dags/main.py took 0.160 seconds
[2026-02-17T23:48:00.358+0000] {processor.py:161} INFO - Started process (PID=2346) to work on /opt/airflow/dags/main.py
[2026-02-17T23:48:00.359+0000] {processor.py:830} INFO - Processing file /opt/airflow/dags/main.py for tasks to queue
[2026-02-17T23:48:00.361+0000] {logging_mixin.py:188} INFO - [2026-02-17T23:48:00.361+0000] {dagbag.py:545} INFO - Filling up the DagBag from /opt/airflow/dags/main.py
[2026-02-17T23:48:00.426+0000] {processor.py:840} INFO - DAG(s) 'produce_json', 'update_db' retrieved from /opt/airflow/dags/main.py
[2026-02-17T23:48:00.455+0000] {logging_mixin.py:188} INFO - [2026-02-17T23:48:00.454+0000] {dag.py:3096} INFO - Sync 2 DAGs
[2026-02-17T23:48:00.474+0000] {logging_mixin.py:188} INFO - [2026-02-17T23:48:00.474+0000] {dag.py:3954} INFO - Setting next_dagrun for produce_json to 2026-02-17 14:00:00+00:00, run_after=2026-02-18 14:00:00+00:00
[2026-02-17T23:48:00.479+0000] {logging_mixin.py:188} INFO - [2026-02-17T23:48:00.479+0000] {dag.py:3954} INFO - Setting next_dagrun for update_db to 2026-02-16 15:00:00+00:00, run_after=2026-02-17 15:00:00+00:00
[2026-02-17T23:48:00.510+0000] {processor.py:183} INFO - Processing /opt/airflow/dags/main.py took 0.158 seconds
[2026-02-17T23:48:30.632+0000] {processor.py:161} INFO - Started process (PID=2353) to work on /opt/airflow/dags/main.py
[2026-02-17T23:48:30.633+0000] {processor.py:830} INFO - Processing file /opt/airflow/dags/main.py for tasks to queue
[2026-02-17T23:48:30.635+0000] {logging_mixin.py:188} INFO - [2026-02-17T23:48:30.635+0000] {dagbag.py:545} INFO - Filling up the DagBag from /opt/airflow/dags/main.py
[2026-02-17T23:48:30.713+0000] {processor.py:840} INFO - DAG(s) 'update_db', 'produce_json' retrieved from /opt/airflow/dags/main.py
[2026-02-17T23:48:30.745+0000] {logging_mixin.py:188} INFO - [2026-02-17T23:48:30.744+0000] {dag.py:3096} INFO - Sync 2 DAGs
[2026-02-17T23:48:30.766+0000] {logging_mixin.py:188} INFO - [2026-02-17T23:48:30.766+0000] {dag.py:3954} INFO - Setting next_dagrun for produce_json to 2026-02-17 14:00:00+00:00, run_after=2026-02-18 14:00:00+00:00
[2026-02-17T23:48:30.772+0000] {logging_mixin.py:188} INFO - [2026-02-17T23:48:30.772+0000] {dag.py:3954} INFO - Setting next_dagrun for update_db to 2026-02-16 15:00:00+00:00, run_after=2026-02-17 15:00:00+00:00
[2026-02-17T23:48:30.800+0000] {processor.py:183} INFO - Processing /opt/airflow/dags/main.py took 0.174 seconds
[2026-02-17T23:49:01.037+0000] {processor.py:161} INFO - Started process (PID=2360) to work on /opt/airflow/dags/main.py
[2026-02-17T23:49:01.038+0000] {processor.py:830} INFO - Processing file /opt/airflow/dags/main.py for tasks to queue
[2026-02-17T23:49:01.040+0000] {logging_mixin.py:188} INFO - [2026-02-17T23:49:01.039+0000] {dagbag.py:545} INFO - Filling up the DagBag from /opt/airflow/dags/main.py
[2026-02-17T23:49:01.107+0000] {processor.py:840} INFO - DAG(s) 'produce_json', 'update_db' retrieved from /opt/airflow/dags/main.py
[2026-02-17T23:49:01.134+0000] {logging_mixin.py:188} INFO - [2026-02-17T23:49:01.134+0000] {dag.py:3096} INFO - Sync 2 DAGs
[2026-02-17T23:49:01.156+0000] {logging_mixin.py:188} INFO - [2026-02-17T23:49:01.156+0000] {dag.py:3954} INFO - Setting next_dagrun for produce_json to 2026-02-17 14:00:00+00:00, run_after=2026-02-18 14:00:00+00:00
[2026-02-17T23:49:01.161+0000] {logging_mixin.py:188} INFO - [2026-02-17T23:49:01.161+0000] {dag.py:3954} INFO - Setting next_dagrun for update_db to 2026-02-16 15:00:00+00:00, run_after=2026-02-17 15:00:00+00:00
[2026-02-17T23:49:01.180+0000] {processor.py:183} INFO - Processing /opt/airflow/dags/main.py took 0.148 seconds
[2026-02-17T23:49:31.322+0000] {processor.py:161} INFO - Started process (PID=2367) to work on /opt/airflow/dags/main.py
[2026-02-17T23:49:31.323+0000] {processor.py:830} INFO - Processing file /opt/airflow/dags/main.py for tasks to queue
[2026-02-17T23:49:31.325+0000] {logging_mixin.py:188} INFO - [2026-02-17T23:49:31.325+0000] {dagbag.py:545} INFO - Filling up the DagBag from /opt/airflow/dags/main.py
[2026-02-17T23:49:31.419+0000] {processor.py:840} INFO - DAG(s) 'produce_json', 'update_db' retrieved from /opt/airflow/dags/main.py
[2026-02-17T23:49:31.456+0000] {logging_mixin.py:188} INFO - [2026-02-17T23:49:31.456+0000] {dag.py:3096} INFO - Sync 2 DAGs
[2026-02-17T23:49:31.481+0000] {logging_mixin.py:188} INFO - [2026-02-17T23:49:31.481+0000] {dag.py:3954} INFO - Setting next_dagrun for produce_json to 2026-02-17 14:00:00+00:00, run_after=2026-02-18 14:00:00+00:00
[2026-02-17T23:49:31.487+0000] {logging_mixin.py:188} INFO - [2026-02-17T23:49:31.487+0000] {dag.py:3954} INFO - Setting next_dagrun for update_db to 2026-02-16 15:00:00+00:00, run_after=2026-02-17 15:00:00+00:00
[2026-02-17T23:49:31.516+0000] {processor.py:183} INFO - Processing /opt/airflow/dags/main.py took 0.201 seconds
[2026-02-17T23:50:01.827+0000] {processor.py:161} INFO - Started process (PID=2374) to work on /opt/airflow/dags/main.py
[2026-02-17T23:50:01.828+0000] {processor.py:830} INFO - Processing file /opt/airflow/dags/main.py for tasks to queue
[2026-02-17T23:50:01.830+0000] {logging_mixin.py:188} INFO - [2026-02-17T23:50:01.829+0000] {dagbag.py:545} INFO - Filling up the DagBag from /opt/airflow/dags/main.py
[2026-02-17T23:50:01.896+0000] {processor.py:840} INFO - DAG(s) 'produce_json', 'update_db' retrieved from /opt/airflow/dags/main.py
[2026-02-17T23:50:01.923+0000] {logging_mixin.py:188} INFO - [2026-02-17T23:50:01.923+0000] {dag.py:3096} INFO - Sync 2 DAGs
[2026-02-17T23:50:01.945+0000] {logging_mixin.py:188} INFO - [2026-02-17T23:50:01.945+0000] {dag.py:3954} INFO - Setting next_dagrun for produce_json to 2026-02-17 14:00:00+00:00, run_after=2026-02-18 14:00:00+00:00
[2026-02-17T23:50:01.952+0000] {logging_mixin.py:188} INFO - [2026-02-17T23:50:01.951+0000] {dag.py:3954} INFO - Setting next_dagrun for update_db to 2026-02-16 15:00:00+00:00, run_after=2026-02-17 15:00:00+00:00
[2026-02-17T23:50:01.968+0000] {processor.py:183} INFO - Processing /opt/airflow/dags/main.py took 0.145 seconds
[2026-02-17T23:50:32.126+0000] {processor.py:161} INFO - Started process (PID=2381) to work on /opt/airflow/dags/main.py
[2026-02-17T23:50:32.127+0000] {processor.py:830} INFO - Processing file /opt/airflow/dags/main.py for tasks to queue
[2026-02-17T23:50:32.129+0000] {logging_mixin.py:188} INFO - [2026-02-17T23:50:32.129+0000] {dagbag.py:545} INFO - Filling up the DagBag from /opt/airflow/dags/main.py
[2026-02-17T23:50:32.201+0000] {processor.py:840} INFO - DAG(s) 'update_db', 'produce_json' retrieved from /opt/airflow/dags/main.py
[2026-02-17T23:50:32.230+0000] {logging_mixin.py:188} INFO - [2026-02-17T23:50:32.230+0000] {dag.py:3096} INFO - Sync 2 DAGs
[2026-02-17T23:50:32.250+0000] {logging_mixin.py:188} INFO - [2026-02-17T23:50:32.250+0000] {dag.py:3954} INFO - Setting next_dagrun for produce_json to 2026-02-17 14:00:00+00:00, run_after=2026-02-18 14:00:00+00:00
[2026-02-17T23:50:32.254+0000] {logging_mixin.py:188} INFO - [2026-02-17T23:50:32.254+0000] {dag.py:3954} INFO - Setting next_dagrun for update_db to 2026-02-16 15:00:00+00:00, run_after=2026-02-17 15:00:00+00:00
[2026-02-17T23:50:32.274+0000] {processor.py:183} INFO - Processing /opt/airflow/dags/main.py took 0.155 seconds
[2026-02-17T23:51:02.459+0000] {processor.py:161} INFO - Started process (PID=2388) to work on /opt/airflow/dags/main.py
[2026-02-17T23:51:02.460+0000] {processor.py:830} INFO - Processing file /opt/airflow/dags/main.py for tasks to queue
[2026-02-17T23:51:02.462+0000] {logging_mixin.py:188} INFO - [2026-02-17T23:51:02.462+0000] {dagbag.py:545} INFO - Filling up the DagBag from /opt/airflow/dags/main.py
[2026-02-17T23:51:02.528+0000] {processor.py:840} INFO - DAG(s) 'produce_json', 'update_db' retrieved from /opt/airflow/dags/main.py
[2026-02-17T23:51:02.555+0000] {logging_mixin.py:188} INFO - [2026-02-17T23:51:02.555+0000] {dag.py:3096} INFO - Sync 2 DAGs
[2026-02-17T23:51:02.576+0000] {logging_mixin.py:188} INFO - [2026-02-17T23:51:02.575+0000] {dag.py:3954} INFO - Setting next_dagrun for produce_json to 2026-02-17 14:00:00+00:00, run_after=2026-02-18 14:00:00+00:00
[2026-02-17T23:51:02.581+0000] {logging_mixin.py:188} INFO - [2026-02-17T23:51:02.581+0000] {dag.py:3954} INFO - Setting next_dagrun for update_db to 2026-02-16 15:00:00+00:00, run_after=2026-02-17 15:00:00+00:00
[2026-02-17T23:51:02.599+0000] {processor.py:183} INFO - Processing /opt/airflow/dags/main.py took 0.146 seconds
[2026-02-17T23:51:32.750+0000] {processor.py:161} INFO - Started process (PID=2395) to work on /opt/airflow/dags/main.py
[2026-02-17T23:51:32.751+0000] {processor.py:830} INFO - Processing file /opt/airflow/dags/main.py for tasks to queue
[2026-02-17T23:51:32.753+0000] {logging_mixin.py:188} INFO - [2026-02-17T23:51:32.753+0000] {dagbag.py:545} INFO - Filling up the DagBag from /opt/airflow/dags/main.py
[2026-02-17T23:51:32.826+0000] {processor.py:840} INFO - DAG(s) 'update_db', 'produce_json' retrieved from /opt/airflow/dags/main.py
[2026-02-17T23:51:32.856+0000] {logging_mixin.py:188} INFO - [2026-02-17T23:51:32.856+0000] {dag.py:3096} INFO - Sync 2 DAGs
[2026-02-17T23:51:32.875+0000] {logging_mixin.py:188} INFO - [2026-02-17T23:51:32.875+0000] {dag.py:3954} INFO - Setting next_dagrun for produce_json to 2026-02-17 14:00:00+00:00, run_after=2026-02-18 14:00:00+00:00
[2026-02-17T23:51:32.881+0000] {logging_mixin.py:188} INFO - [2026-02-17T23:51:32.881+0000] {dag.py:3954} INFO - Setting next_dagrun for update_db to 2026-02-16 15:00:00+00:00, run_after=2026-02-17 15:00:00+00:00
[2026-02-17T23:51:32.900+0000] {processor.py:183} INFO - Processing /opt/airflow/dags/main.py took 0.155 seconds
[2026-02-17T23:52:03.149+0000] {processor.py:161} INFO - Started process (PID=2402) to work on /opt/airflow/dags/main.py
[2026-02-17T23:52:03.150+0000] {processor.py:830} INFO - Processing file /opt/airflow/dags/main.py for tasks to queue
[2026-02-17T23:52:03.152+0000] {logging_mixin.py:188} INFO - [2026-02-17T23:52:03.152+0000] {dagbag.py:545} INFO - Filling up the DagBag from /opt/airflow/dags/main.py
[2026-02-17T23:52:03.227+0000] {processor.py:840} INFO - DAG(s) 'produce_json', 'update_db' retrieved from /opt/airflow/dags/main.py
[2026-02-17T23:52:03.255+0000] {logging_mixin.py:188} INFO - [2026-02-17T23:52:03.254+0000] {dag.py:3096} INFO - Sync 2 DAGs
[2026-02-17T23:52:03.275+0000] {logging_mixin.py:188} INFO - [2026-02-17T23:52:03.275+0000] {dag.py:3954} INFO - Setting next_dagrun for produce_json to 2026-02-17 14:00:00+00:00, run_after=2026-02-18 14:00:00+00:00
[2026-02-17T23:52:03.280+0000] {logging_mixin.py:188} INFO - [2026-02-17T23:52:03.279+0000] {dag.py:3954} INFO - Setting next_dagrun for update_db to 2026-02-16 15:00:00+00:00, run_after=2026-02-17 15:00:00+00:00
[2026-02-17T23:52:03.298+0000] {processor.py:183} INFO - Processing /opt/airflow/dags/main.py took 0.155 seconds
[2026-02-17T23:52:33.416+0000] {processor.py:161} INFO - Started process (PID=2409) to work on /opt/airflow/dags/main.py
[2026-02-17T23:52:33.417+0000] {processor.py:830} INFO - Processing file /opt/airflow/dags/main.py for tasks to queue
[2026-02-17T23:52:33.419+0000] {logging_mixin.py:188} INFO - [2026-02-17T23:52:33.419+0000] {dagbag.py:545} INFO - Filling up the DagBag from /opt/airflow/dags/main.py
[2026-02-17T23:52:33.486+0000] {processor.py:840} INFO - DAG(s) 'update_db', 'produce_json' retrieved from /opt/airflow/dags/main.py
[2026-02-17T23:52:33.517+0000] {logging_mixin.py:188} INFO - [2026-02-17T23:52:33.517+0000] {dag.py:3096} INFO - Sync 2 DAGs
[2026-02-17T23:52:33.537+0000] {logging_mixin.py:188} INFO - [2026-02-17T23:52:33.537+0000] {dag.py:3954} INFO - Setting next_dagrun for produce_json to 2026-02-17 14:00:00+00:00, run_after=2026-02-18 14:00:00+00:00
[2026-02-17T23:52:33.542+0000] {logging_mixin.py:188} INFO - [2026-02-17T23:52:33.542+0000] {dag.py:3954} INFO - Setting next_dagrun for update_db to 2026-02-16 15:00:00+00:00, run_after=2026-02-17 15:00:00+00:00
[2026-02-17T23:52:33.562+0000] {processor.py:183} INFO - Processing /opt/airflow/dags/main.py took 0.152 seconds
[2026-02-17T23:53:03.819+0000] {processor.py:161} INFO - Started process (PID=2416) to work on /opt/airflow/dags/main.py
[2026-02-17T23:53:03.820+0000] {processor.py:830} INFO - Processing file /opt/airflow/dags/main.py for tasks to queue
[2026-02-17T23:53:03.822+0000] {logging_mixin.py:188} INFO - [2026-02-17T23:53:03.821+0000] {dagbag.py:545} INFO - Filling up the DagBag from /opt/airflow/dags/main.py
[2026-02-17T23:53:03.898+0000] {processor.py:840} INFO - DAG(s) 'update_db', 'produce_json' retrieved from /opt/airflow/dags/main.py
[2026-02-17T23:53:03.928+0000] {logging_mixin.py:188} INFO - [2026-02-17T23:53:03.927+0000] {dag.py:3096} INFO - Sync 2 DAGs
[2026-02-17T23:53:03.949+0000] {logging_mixin.py:188} INFO - [2026-02-17T23:53:03.949+0000] {dag.py:3954} INFO - Setting next_dagrun for produce_json to 2026-02-17 14:00:00+00:00, run_after=2026-02-18 14:00:00+00:00
[2026-02-17T23:53:03.954+0000] {logging_mixin.py:188} INFO - [2026-02-17T23:53:03.954+0000] {dag.py:3954} INFO - Setting next_dagrun for update_db to 2026-02-16 15:00:00+00:00, run_after=2026-02-17 15:00:00+00:00
[2026-02-17T23:53:03.973+0000] {processor.py:183} INFO - Processing /opt/airflow/dags/main.py took 0.159 seconds
[2026-02-17T23:53:34.110+0000] {processor.py:161} INFO - Started process (PID=2423) to work on /opt/airflow/dags/main.py
[2026-02-17T23:53:34.111+0000] {processor.py:830} INFO - Processing file /opt/airflow/dags/main.py for tasks to queue
[2026-02-17T23:53:34.113+0000] {logging_mixin.py:188} INFO - [2026-02-17T23:53:34.113+0000] {dagbag.py:545} INFO - Filling up the DagBag from /opt/airflow/dags/main.py
[2026-02-17T23:53:34.188+0000] {processor.py:840} INFO - DAG(s) 'produce_json', 'update_db' retrieved from /opt/airflow/dags/main.py
[2026-02-17T23:53:34.227+0000] {logging_mixin.py:188} INFO - [2026-02-17T23:53:34.227+0000] {dag.py:3096} INFO - Sync 2 DAGs
[2026-02-17T23:53:34.258+0000] {logging_mixin.py:188} INFO - [2026-02-17T23:53:34.258+0000] {dag.py:3954} INFO - Setting next_dagrun for produce_json to 2026-02-17 14:00:00+00:00, run_after=2026-02-18 14:00:00+00:00
[2026-02-17T23:53:34.264+0000] {logging_mixin.py:188} INFO - [2026-02-17T23:53:34.263+0000] {dag.py:3954} INFO - Setting next_dagrun for update_db to 2026-02-16 15:00:00+00:00, run_after=2026-02-17 15:00:00+00:00
[2026-02-17T23:53:34.286+0000] {processor.py:183} INFO - Processing /opt/airflow/dags/main.py took 0.182 seconds
[2026-02-17T23:54:05.658+0000] {processor.py:161} INFO - Started process (PID=2430) to work on /opt/airflow/dags/main.py
[2026-02-17T23:54:05.663+0000] {processor.py:830} INFO - Processing file /opt/airflow/dags/main.py for tasks to queue
[2026-02-17T23:54:05.675+0000] {logging_mixin.py:188} INFO - [2026-02-17T23:54:05.674+0000] {dagbag.py:545} INFO - Filling up the DagBag from /opt/airflow/dags/main.py
[2026-02-17T23:54:06.266+0000] {processor.py:840} INFO - DAG(s) 'produce_json', 'update_db' retrieved from /opt/airflow/dags/main.py
[2026-02-17T23:54:06.349+0000] {logging_mixin.py:188} INFO - [2026-02-17T23:54:06.348+0000] {dag.py:3096} INFO - Sync 2 DAGs
[2026-02-17T23:54:06.422+0000] {logging_mixin.py:188} INFO - [2026-02-17T23:54:06.422+0000] {dag.py:3954} INFO - Setting next_dagrun for produce_json to 2026-02-17 14:00:00+00:00, run_after=2026-02-18 14:00:00+00:00
[2026-02-17T23:54:06.441+0000] {logging_mixin.py:188} INFO - [2026-02-17T23:54:06.441+0000] {dag.py:3954} INFO - Setting next_dagrun for update_db to 2026-02-16 15:00:00+00:00, run_after=2026-02-17 15:00:00+00:00
[2026-02-17T23:54:06.497+0000] {processor.py:183} INFO - Processing /opt/airflow/dags/main.py took 0.858 seconds
