[2026-02-20T22:45:27.701+0000] {processor.py:161} INFO - Started process (PID=69) to work on /opt/airflow/dags/main.py
[2026-02-20T22:45:27.708+0000] {processor.py:830} INFO - Processing file /opt/airflow/dags/main.py for tasks to queue
[2026-02-20T22:45:27.725+0000] {logging_mixin.py:188} INFO - [2026-02-20T22:45:27.721+0000] {dagbag.py:545} INFO - Filling up the DagBag from /opt/airflow/dags/main.py
[2026-02-20T22:45:28.372+0000] {processor.py:840} INFO - DAG(s) 'produce_json', 'update_db' retrieved from /opt/airflow/dags/main.py
[2026-02-20T22:45:28.542+0000] {logging_mixin.py:188} INFO - [2026-02-20T22:45:28.541+0000] {dag.py:3096} INFO - Sync 2 DAGs
[2026-02-20T22:45:28.614+0000] {logging_mixin.py:188} INFO - [2026-02-20T22:45:28.613+0000] {dag.py:3954} INFO - Setting next_dagrun for produce_json to 2026-02-20 14:00:00+00:00, run_after=2026-02-21 14:00:00+00:00
[2026-02-20T22:45:28.624+0000] {logging_mixin.py:188} INFO - [2026-02-20T22:45:28.624+0000] {dag.py:3954} INFO - Setting next_dagrun for update_db to 2026-02-20 15:00:00+00:00, run_after=2026-02-21 15:00:00+00:00
[2026-02-20T22:45:28.663+0000] {processor.py:183} INFO - Processing /opt/airflow/dags/main.py took 0.988 seconds
[2026-02-20T22:45:59.467+0000] {processor.py:161} INFO - Started process (PID=76) to work on /opt/airflow/dags/main.py
[2026-02-20T22:45:59.470+0000] {processor.py:830} INFO - Processing file /opt/airflow/dags/main.py for tasks to queue
[2026-02-20T22:45:59.474+0000] {logging_mixin.py:188} INFO - [2026-02-20T22:45:59.473+0000] {dagbag.py:545} INFO - Filling up the DagBag from /opt/airflow/dags/main.py
[2026-02-20T22:45:59.658+0000] {processor.py:840} INFO - DAG(s) 'produce_json', 'update_db' retrieved from /opt/airflow/dags/main.py
[2026-02-20T22:45:59.719+0000] {logging_mixin.py:188} INFO - [2026-02-20T22:45:59.718+0000] {dag.py:3096} INFO - Sync 2 DAGs
[2026-02-20T22:45:59.786+0000] {logging_mixin.py:188} INFO - [2026-02-20T22:45:59.786+0000] {dag.py:3954} INFO - Setting next_dagrun for produce_json to 2026-02-20 14:00:00+00:00, run_after=2026-02-21 14:00:00+00:00
[2026-02-20T22:45:59.800+0000] {logging_mixin.py:188} INFO - [2026-02-20T22:45:59.799+0000] {dag.py:3954} INFO - Setting next_dagrun for update_db to 2026-02-20 15:00:00+00:00, run_after=2026-02-21 15:00:00+00:00
[2026-02-20T22:45:59.861+0000] {processor.py:183} INFO - Processing /opt/airflow/dags/main.py took 0.402 seconds
[2026-02-20T22:46:30.386+0000] {processor.py:161} INFO - Started process (PID=83) to work on /opt/airflow/dags/main.py
[2026-02-20T22:46:30.390+0000] {processor.py:830} INFO - Processing file /opt/airflow/dags/main.py for tasks to queue
[2026-02-20T22:46:30.397+0000] {logging_mixin.py:188} INFO - [2026-02-20T22:46:30.396+0000] {dagbag.py:545} INFO - Filling up the DagBag from /opt/airflow/dags/main.py
[2026-02-20T22:46:30.680+0000] {processor.py:840} INFO - DAG(s) 'produce_json', 'update_db' retrieved from /opt/airflow/dags/main.py
[2026-02-20T22:46:30.759+0000] {logging_mixin.py:188} INFO - [2026-02-20T22:46:30.759+0000] {dag.py:3096} INFO - Sync 2 DAGs
[2026-02-20T22:46:30.826+0000] {logging_mixin.py:188} INFO - [2026-02-20T22:46:30.826+0000] {dag.py:3954} INFO - Setting next_dagrun for produce_json to 2026-02-20 14:00:00+00:00, run_after=2026-02-21 14:00:00+00:00
[2026-02-20T22:46:30.841+0000] {logging_mixin.py:188} INFO - [2026-02-20T22:46:30.840+0000] {dag.py:3954} INFO - Setting next_dagrun for update_db to 2026-02-20 15:00:00+00:00, run_after=2026-02-21 15:00:00+00:00
[2026-02-20T22:46:30.928+0000] {processor.py:183} INFO - Processing /opt/airflow/dags/main.py took 0.564 seconds
[2026-02-20T22:47:01.438+0000] {processor.py:161} INFO - Started process (PID=90) to work on /opt/airflow/dags/main.py
[2026-02-20T22:47:01.442+0000] {processor.py:830} INFO - Processing file /opt/airflow/dags/main.py for tasks to queue
[2026-02-20T22:47:01.446+0000] {logging_mixin.py:188} INFO - [2026-02-20T22:47:01.445+0000] {dagbag.py:545} INFO - Filling up the DagBag from /opt/airflow/dags/main.py
[2026-02-20T22:47:01.642+0000] {processor.py:840} INFO - DAG(s) 'update_db', 'produce_json' retrieved from /opt/airflow/dags/main.py
[2026-02-20T22:47:01.701+0000] {logging_mixin.py:188} INFO - [2026-02-20T22:47:01.701+0000] {dag.py:3096} INFO - Sync 2 DAGs
[2026-02-20T22:47:01.746+0000] {logging_mixin.py:188} INFO - [2026-02-20T22:47:01.746+0000] {dag.py:3954} INFO - Setting next_dagrun for produce_json to 2026-02-20 14:00:00+00:00, run_after=2026-02-21 14:00:00+00:00
[2026-02-20T22:47:01.753+0000] {logging_mixin.py:188} INFO - [2026-02-20T22:47:01.753+0000] {dag.py:3954} INFO - Setting next_dagrun for update_db to 2026-02-20 15:00:00+00:00, run_after=2026-02-21 15:00:00+00:00
[2026-02-20T22:47:01.781+0000] {processor.py:183} INFO - Processing /opt/airflow/dags/main.py took 0.354 seconds
[2026-02-20T22:47:32.403+0000] {processor.py:161} INFO - Started process (PID=97) to work on /opt/airflow/dags/main.py
[2026-02-20T22:47:32.405+0000] {processor.py:830} INFO - Processing file /opt/airflow/dags/main.py for tasks to queue
[2026-02-20T22:47:32.412+0000] {logging_mixin.py:188} INFO - [2026-02-20T22:47:32.411+0000] {dagbag.py:545} INFO - Filling up the DagBag from /opt/airflow/dags/main.py
[2026-02-20T22:47:32.598+0000] {processor.py:840} INFO - DAG(s) 'update_db', 'produce_json' retrieved from /opt/airflow/dags/main.py
[2026-02-20T22:47:32.677+0000] {logging_mixin.py:188} INFO - [2026-02-20T22:47:32.677+0000] {dag.py:3096} INFO - Sync 2 DAGs
[2026-02-20T22:47:32.756+0000] {logging_mixin.py:188} INFO - [2026-02-20T22:47:32.756+0000] {dag.py:3954} INFO - Setting next_dagrun for produce_json to 2026-02-20 14:00:00+00:00, run_after=2026-02-21 14:00:00+00:00
[2026-02-20T22:47:32.766+0000] {logging_mixin.py:188} INFO - [2026-02-20T22:47:32.765+0000] {dag.py:3954} INFO - Setting next_dagrun for update_db to 2026-02-20 15:00:00+00:00, run_after=2026-02-21 15:00:00+00:00
[2026-02-20T22:47:32.807+0000] {processor.py:183} INFO - Processing /opt/airflow/dags/main.py took 0.420 seconds
[2026-02-20T22:48:03.371+0000] {processor.py:161} INFO - Started process (PID=104) to work on /opt/airflow/dags/main.py
[2026-02-20T22:48:03.375+0000] {processor.py:830} INFO - Processing file /opt/airflow/dags/main.py for tasks to queue
[2026-02-20T22:48:03.380+0000] {logging_mixin.py:188} INFO - [2026-02-20T22:48:03.379+0000] {dagbag.py:545} INFO - Filling up the DagBag from /opt/airflow/dags/main.py
[2026-02-20T22:48:03.569+0000] {processor.py:840} INFO - DAG(s) 'produce_json', 'update_db' retrieved from /opt/airflow/dags/main.py
[2026-02-20T22:48:03.624+0000] {logging_mixin.py:188} INFO - [2026-02-20T22:48:03.623+0000] {dag.py:3096} INFO - Sync 2 DAGs
[2026-02-20T22:48:03.665+0000] {logging_mixin.py:188} INFO - [2026-02-20T22:48:03.665+0000] {dag.py:3954} INFO - Setting next_dagrun for produce_json to 2026-02-20 14:00:00+00:00, run_after=2026-02-21 14:00:00+00:00
[2026-02-20T22:48:03.679+0000] {logging_mixin.py:188} INFO - [2026-02-20T22:48:03.678+0000] {dag.py:3954} INFO - Setting next_dagrun for update_db to 2026-02-20 15:00:00+00:00, run_after=2026-02-21 15:00:00+00:00
[2026-02-20T22:48:03.713+0000] {processor.py:183} INFO - Processing /opt/airflow/dags/main.py took 0.354 seconds
[2026-02-20T22:48:34.460+0000] {processor.py:161} INFO - Started process (PID=111) to work on /opt/airflow/dags/main.py
[2026-02-20T22:48:34.462+0000] {processor.py:830} INFO - Processing file /opt/airflow/dags/main.py for tasks to queue
[2026-02-20T22:48:34.467+0000] {logging_mixin.py:188} INFO - [2026-02-20T22:48:34.466+0000] {dagbag.py:545} INFO - Filling up the DagBag from /opt/airflow/dags/main.py
[2026-02-20T22:48:34.783+0000] {processor.py:840} INFO - DAG(s) 'update_db', 'produce_json' retrieved from /opt/airflow/dags/main.py
[2026-02-20T22:48:34.864+0000] {logging_mixin.py:188} INFO - [2026-02-20T22:48:34.862+0000] {dag.py:3096} INFO - Sync 2 DAGs
[2026-02-20T22:48:34.926+0000] {logging_mixin.py:188} INFO - [2026-02-20T22:48:34.926+0000] {dag.py:3954} INFO - Setting next_dagrun for produce_json to 2026-02-20 14:00:00+00:00, run_after=2026-02-21 14:00:00+00:00
[2026-02-20T22:48:34.934+0000] {logging_mixin.py:188} INFO - [2026-02-20T22:48:34.934+0000] {dag.py:3954} INFO - Setting next_dagrun for update_db to 2026-02-20 15:00:00+00:00, run_after=2026-02-21 15:00:00+00:00
[2026-02-20T22:48:34.968+0000] {processor.py:183} INFO - Processing /opt/airflow/dags/main.py took 0.518 seconds
[2026-02-20T22:49:05.261+0000] {processor.py:161} INFO - Started process (PID=118) to work on /opt/airflow/dags/main.py
[2026-02-20T22:49:05.264+0000] {processor.py:830} INFO - Processing file /opt/airflow/dags/main.py for tasks to queue
[2026-02-20T22:49:05.268+0000] {logging_mixin.py:188} INFO - [2026-02-20T22:49:05.267+0000] {dagbag.py:545} INFO - Filling up the DagBag from /opt/airflow/dags/main.py
[2026-02-20T22:49:05.503+0000] {processor.py:840} INFO - DAG(s) 'update_db', 'produce_json' retrieved from /opt/airflow/dags/main.py
[2026-02-20T22:49:05.552+0000] {logging_mixin.py:188} INFO - [2026-02-20T22:49:05.552+0000] {dag.py:3096} INFO - Sync 2 DAGs
[2026-02-20T22:49:05.586+0000] {logging_mixin.py:188} INFO - [2026-02-20T22:49:05.585+0000] {dag.py:3954} INFO - Setting next_dagrun for produce_json to 2026-02-20 14:00:00+00:00, run_after=2026-02-21 14:00:00+00:00
[2026-02-20T22:49:05.596+0000] {logging_mixin.py:188} INFO - [2026-02-20T22:49:05.596+0000] {dag.py:3954} INFO - Setting next_dagrun for update_db to 2026-02-20 15:00:00+00:00, run_after=2026-02-21 15:00:00+00:00
[2026-02-20T22:49:05.667+0000] {processor.py:183} INFO - Processing /opt/airflow/dags/main.py took 0.416 seconds
[2026-02-20T22:49:35.864+0000] {processor.py:161} INFO - Started process (PID=125) to work on /opt/airflow/dags/main.py
[2026-02-20T22:49:35.866+0000] {processor.py:830} INFO - Processing file /opt/airflow/dags/main.py for tasks to queue
[2026-02-20T22:49:35.869+0000] {logging_mixin.py:188} INFO - [2026-02-20T22:49:35.869+0000] {dagbag.py:545} INFO - Filling up the DagBag from /opt/airflow/dags/main.py
[2026-02-20T22:49:36.050+0000] {processor.py:840} INFO - DAG(s) 'produce_json', 'update_db' retrieved from /opt/airflow/dags/main.py
[2026-02-20T22:49:36.098+0000] {logging_mixin.py:188} INFO - [2026-02-20T22:49:36.097+0000] {dag.py:3096} INFO - Sync 2 DAGs
[2026-02-20T22:49:36.131+0000] {logging_mixin.py:188} INFO - [2026-02-20T22:49:36.131+0000] {dag.py:3954} INFO - Setting next_dagrun for produce_json to 2026-02-20 14:00:00+00:00, run_after=2026-02-21 14:00:00+00:00
[2026-02-20T22:49:36.138+0000] {logging_mixin.py:188} INFO - [2026-02-20T22:49:36.138+0000] {dag.py:3954} INFO - Setting next_dagrun for update_db to 2026-02-20 15:00:00+00:00, run_after=2026-02-21 15:00:00+00:00
[2026-02-20T22:49:36.204+0000] {processor.py:183} INFO - Processing /opt/airflow/dags/main.py took 0.352 seconds
[2026-02-20T22:50:06.472+0000] {processor.py:161} INFO - Started process (PID=132) to work on /opt/airflow/dags/main.py
[2026-02-20T22:50:06.474+0000] {processor.py:830} INFO - Processing file /opt/airflow/dags/main.py for tasks to queue
[2026-02-20T22:50:06.478+0000] {logging_mixin.py:188} INFO - [2026-02-20T22:50:06.477+0000] {dagbag.py:545} INFO - Filling up the DagBag from /opt/airflow/dags/main.py
[2026-02-20T22:50:06.729+0000] {processor.py:840} INFO - DAG(s) 'produce_json', 'update_db' retrieved from /opt/airflow/dags/main.py
[2026-02-20T22:50:06.778+0000] {logging_mixin.py:188} INFO - [2026-02-20T22:50:06.777+0000] {dag.py:3096} INFO - Sync 2 DAGs
[2026-02-20T22:50:06.815+0000] {logging_mixin.py:188} INFO - [2026-02-20T22:50:06.815+0000] {dag.py:3954} INFO - Setting next_dagrun for produce_json to 2026-02-20 14:00:00+00:00, run_after=2026-02-21 14:00:00+00:00
[2026-02-20T22:50:06.822+0000] {logging_mixin.py:188} INFO - [2026-02-20T22:50:06.822+0000] {dag.py:3954} INFO - Setting next_dagrun for update_db to 2026-02-20 15:00:00+00:00, run_after=2026-02-21 15:00:00+00:00
[2026-02-20T22:50:06.889+0000] {processor.py:183} INFO - Processing /opt/airflow/dags/main.py took 0.426 seconds
[2026-02-20T22:50:37.155+0000] {processor.py:161} INFO - Started process (PID=139) to work on /opt/airflow/dags/main.py
[2026-02-20T22:50:37.159+0000] {processor.py:830} INFO - Processing file /opt/airflow/dags/main.py for tasks to queue
[2026-02-20T22:50:37.166+0000] {logging_mixin.py:188} INFO - [2026-02-20T22:50:37.165+0000] {dagbag.py:545} INFO - Filling up the DagBag from /opt/airflow/dags/main.py
[2026-02-20T22:50:37.444+0000] {processor.py:840} INFO - DAG(s) 'produce_json', 'update_db' retrieved from /opt/airflow/dags/main.py
[2026-02-20T22:50:37.496+0000] {logging_mixin.py:188} INFO - [2026-02-20T22:50:37.496+0000] {dag.py:3096} INFO - Sync 2 DAGs
[2026-02-20T22:50:37.546+0000] {logging_mixin.py:188} INFO - [2026-02-20T22:50:37.546+0000] {dag.py:3954} INFO - Setting next_dagrun for produce_json to 2026-02-20 14:00:00+00:00, run_after=2026-02-21 14:00:00+00:00
[2026-02-20T22:50:37.557+0000] {logging_mixin.py:188} INFO - [2026-02-20T22:50:37.557+0000] {dag.py:3954} INFO - Setting next_dagrun for update_db to 2026-02-20 15:00:00+00:00, run_after=2026-02-21 15:00:00+00:00
[2026-02-20T22:50:37.585+0000] {processor.py:183} INFO - Processing /opt/airflow/dags/main.py took 0.443 seconds
[2026-02-20T22:51:07.809+0000] {processor.py:161} INFO - Started process (PID=146) to work on /opt/airflow/dags/main.py
[2026-02-20T22:51:07.811+0000] {processor.py:830} INFO - Processing file /opt/airflow/dags/main.py for tasks to queue
[2026-02-20T22:51:07.815+0000] {logging_mixin.py:188} INFO - [2026-02-20T22:51:07.815+0000] {dagbag.py:545} INFO - Filling up the DagBag from /opt/airflow/dags/main.py
[2026-02-20T22:51:08.013+0000] {processor.py:840} INFO - DAG(s) 'produce_json', 'update_db' retrieved from /opt/airflow/dags/main.py
[2026-02-20T22:51:08.087+0000] {logging_mixin.py:188} INFO - [2026-02-20T22:51:08.086+0000] {dag.py:3096} INFO - Sync 2 DAGs
[2026-02-20T22:51:08.134+0000] {logging_mixin.py:188} INFO - [2026-02-20T22:51:08.134+0000] {dag.py:3954} INFO - Setting next_dagrun for produce_json to 2026-02-20 14:00:00+00:00, run_after=2026-02-21 14:00:00+00:00
[2026-02-20T22:51:08.150+0000] {logging_mixin.py:188} INFO - [2026-02-20T22:51:08.149+0000] {dag.py:3954} INFO - Setting next_dagrun for update_db to 2026-02-20 15:00:00+00:00, run_after=2026-02-21 15:00:00+00:00
[2026-02-20T22:51:08.179+0000] {processor.py:183} INFO - Processing /opt/airflow/dags/main.py took 0.381 seconds
[2026-02-20T22:51:38.509+0000] {processor.py:161} INFO - Started process (PID=152) to work on /opt/airflow/dags/main.py
[2026-02-20T22:51:38.511+0000] {processor.py:830} INFO - Processing file /opt/airflow/dags/main.py for tasks to queue
[2026-02-20T22:51:38.516+0000] {logging_mixin.py:188} INFO - [2026-02-20T22:51:38.515+0000] {dagbag.py:545} INFO - Filling up the DagBag from /opt/airflow/dags/main.py
[2026-02-20T22:51:38.698+0000] {processor.py:840} INFO - DAG(s) 'update_db', 'produce_json' retrieved from /opt/airflow/dags/main.py
[2026-02-20T22:51:38.744+0000] {logging_mixin.py:188} INFO - [2026-02-20T22:51:38.743+0000] {dag.py:3096} INFO - Sync 2 DAGs
[2026-02-20T22:51:38.792+0000] {logging_mixin.py:188} INFO - [2026-02-20T22:51:38.792+0000] {dag.py:3954} INFO - Setting next_dagrun for produce_json to 2026-02-20 14:00:00+00:00, run_after=2026-02-21 14:00:00+00:00
[2026-02-20T22:51:38.801+0000] {logging_mixin.py:188} INFO - [2026-02-20T22:51:38.801+0000] {dag.py:3954} INFO - Setting next_dagrun for update_db to 2026-02-20 15:00:00+00:00, run_after=2026-02-21 15:00:00+00:00
[2026-02-20T22:51:38.836+0000] {processor.py:183} INFO - Processing /opt/airflow/dags/main.py took 0.337 seconds
[2026-02-20T22:52:09.145+0000] {processor.py:161} INFO - Started process (PID=159) to work on /opt/airflow/dags/main.py
[2026-02-20T22:52:09.154+0000] {processor.py:830} INFO - Processing file /opt/airflow/dags/main.py for tasks to queue
[2026-02-20T22:52:09.160+0000] {logging_mixin.py:188} INFO - [2026-02-20T22:52:09.159+0000] {dagbag.py:545} INFO - Filling up the DagBag from /opt/airflow/dags/main.py
[2026-02-20T22:52:09.387+0000] {processor.py:840} INFO - DAG(s) 'update_db', 'produce_json' retrieved from /opt/airflow/dags/main.py
[2026-02-20T22:52:09.465+0000] {logging_mixin.py:188} INFO - [2026-02-20T22:52:09.464+0000] {dag.py:3096} INFO - Sync 2 DAGs
[2026-02-20T22:52:09.531+0000] {logging_mixin.py:188} INFO - [2026-02-20T22:52:09.531+0000] {dag.py:3954} INFO - Setting next_dagrun for produce_json to 2026-02-20 14:00:00+00:00, run_after=2026-02-21 14:00:00+00:00
[2026-02-20T22:52:09.541+0000] {logging_mixin.py:188} INFO - [2026-02-20T22:52:09.541+0000] {dag.py:3954} INFO - Setting next_dagrun for update_db to 2026-02-20 15:00:00+00:00, run_after=2026-02-21 15:00:00+00:00
[2026-02-20T22:52:09.570+0000] {processor.py:183} INFO - Processing /opt/airflow/dags/main.py took 0.433 seconds
[2026-02-20T22:52:40.295+0000] {processor.py:161} INFO - Started process (PID=166) to work on /opt/airflow/dags/main.py
[2026-02-20T22:52:40.298+0000] {processor.py:830} INFO - Processing file /opt/airflow/dags/main.py for tasks to queue
[2026-02-20T22:52:40.303+0000] {logging_mixin.py:188} INFO - [2026-02-20T22:52:40.302+0000] {dagbag.py:545} INFO - Filling up the DagBag from /opt/airflow/dags/main.py
[2026-02-20T22:52:40.476+0000] {processor.py:840} INFO - DAG(s) 'produce_json', 'update_db' retrieved from /opt/airflow/dags/main.py
[2026-02-20T22:52:40.540+0000] {logging_mixin.py:188} INFO - [2026-02-20T22:52:40.539+0000] {dag.py:3096} INFO - Sync 2 DAGs
[2026-02-20T22:52:40.586+0000] {logging_mixin.py:188} INFO - [2026-02-20T22:52:40.585+0000] {dag.py:3954} INFO - Setting next_dagrun for produce_json to 2026-02-20 14:00:00+00:00, run_after=2026-02-21 14:00:00+00:00
[2026-02-20T22:52:40.595+0000] {logging_mixin.py:188} INFO - [2026-02-20T22:52:40.594+0000] {dag.py:3954} INFO - Setting next_dagrun for update_db to 2026-02-20 15:00:00+00:00, run_after=2026-02-21 15:00:00+00:00
[2026-02-20T22:52:40.684+0000] {processor.py:183} INFO - Processing /opt/airflow/dags/main.py took 0.402 seconds
[2026-02-20T22:53:11.102+0000] {processor.py:161} INFO - Started process (PID=173) to work on /opt/airflow/dags/main.py
[2026-02-20T22:53:11.104+0000] {processor.py:830} INFO - Processing file /opt/airflow/dags/main.py for tasks to queue
[2026-02-20T22:53:11.109+0000] {logging_mixin.py:188} INFO - [2026-02-20T22:53:11.108+0000] {dagbag.py:545} INFO - Filling up the DagBag from /opt/airflow/dags/main.py
[2026-02-20T22:53:11.271+0000] {processor.py:840} INFO - DAG(s) 'update_db', 'produce_json' retrieved from /opt/airflow/dags/main.py
[2026-02-20T22:53:11.325+0000] {logging_mixin.py:188} INFO - [2026-02-20T22:53:11.325+0000] {dag.py:3096} INFO - Sync 2 DAGs
[2026-02-20T22:53:11.363+0000] {logging_mixin.py:188} INFO - [2026-02-20T22:53:11.362+0000] {dag.py:3954} INFO - Setting next_dagrun for produce_json to 2026-02-20 14:00:00+00:00, run_after=2026-02-21 14:00:00+00:00
[2026-02-20T22:53:11.371+0000] {logging_mixin.py:188} INFO - [2026-02-20T22:53:11.371+0000] {dag.py:3954} INFO - Setting next_dagrun for update_db to 2026-02-20 15:00:00+00:00, run_after=2026-02-21 15:00:00+00:00
[2026-02-20T22:53:11.446+0000] {processor.py:183} INFO - Processing /opt/airflow/dags/main.py took 0.351 seconds
[2026-02-20T22:53:42.104+0000] {processor.py:161} INFO - Started process (PID=185) to work on /opt/airflow/dags/main.py
[2026-02-20T22:53:42.107+0000] {processor.py:830} INFO - Processing file /opt/airflow/dags/main.py for tasks to queue
[2026-02-20T22:53:42.112+0000] {logging_mixin.py:188} INFO - [2026-02-20T22:53:42.111+0000] {dagbag.py:545} INFO - Filling up the DagBag from /opt/airflow/dags/main.py
[2026-02-20T22:53:42.359+0000] {processor.py:840} INFO - DAG(s) 'produce_json', 'update_db' retrieved from /opt/airflow/dags/main.py
[2026-02-20T22:53:42.420+0000] {logging_mixin.py:188} INFO - [2026-02-20T22:53:42.419+0000] {dag.py:3096} INFO - Sync 2 DAGs
[2026-02-20T22:53:42.462+0000] {logging_mixin.py:188} INFO - [2026-02-20T22:53:42.461+0000] {dag.py:3954} INFO - Setting next_dagrun for produce_json to 2026-02-20 14:00:00+00:00, run_after=2026-02-21 14:00:00+00:00
[2026-02-20T22:53:42.471+0000] {logging_mixin.py:188} INFO - [2026-02-20T22:53:42.470+0000] {dag.py:3954} INFO - Setting next_dagrun for update_db to 2026-02-20 15:00:00+00:00, run_after=2026-02-21 15:00:00+00:00
[2026-02-20T22:53:42.535+0000] {processor.py:183} INFO - Processing /opt/airflow/dags/main.py took 0.445 seconds
[2026-02-20T22:54:12.977+0000] {processor.py:161} INFO - Started process (PID=192) to work on /opt/airflow/dags/main.py
[2026-02-20T22:54:12.980+0000] {processor.py:830} INFO - Processing file /opt/airflow/dags/main.py for tasks to queue
[2026-02-20T22:54:12.984+0000] {logging_mixin.py:188} INFO - [2026-02-20T22:54:12.983+0000] {dagbag.py:545} INFO - Filling up the DagBag from /opt/airflow/dags/main.py
[2026-02-20T22:54:13.184+0000] {processor.py:840} INFO - DAG(s) 'update_db', 'produce_json' retrieved from /opt/airflow/dags/main.py
[2026-02-20T22:54:13.234+0000] {logging_mixin.py:188} INFO - [2026-02-20T22:54:13.233+0000] {dag.py:3096} INFO - Sync 2 DAGs
[2026-02-20T22:54:13.270+0000] {logging_mixin.py:188} INFO - [2026-02-20T22:54:13.270+0000] {dag.py:3954} INFO - Setting next_dagrun for produce_json to 2026-02-20 14:00:00+00:00, run_after=2026-02-21 14:00:00+00:00
[2026-02-20T22:54:13.278+0000] {logging_mixin.py:188} INFO - [2026-02-20T22:54:13.278+0000] {dag.py:3954} INFO - Setting next_dagrun for update_db to 2026-02-20 15:00:00+00:00, run_after=2026-02-21 15:00:00+00:00
[2026-02-20T22:54:13.349+0000] {processor.py:183} INFO - Processing /opt/airflow/dags/main.py took 0.384 seconds
[2026-02-20T22:54:43.926+0000] {processor.py:161} INFO - Started process (PID=199) to work on /opt/airflow/dags/main.py
[2026-02-20T22:54:43.930+0000] {processor.py:830} INFO - Processing file /opt/airflow/dags/main.py for tasks to queue
[2026-02-20T22:54:43.935+0000] {logging_mixin.py:188} INFO - [2026-02-20T22:54:43.934+0000] {dagbag.py:545} INFO - Filling up the DagBag from /opt/airflow/dags/main.py
[2026-02-20T22:54:44.191+0000] {processor.py:840} INFO - DAG(s) 'produce_json', 'update_db' retrieved from /opt/airflow/dags/main.py
[2026-02-20T22:54:44.267+0000] {logging_mixin.py:188} INFO - [2026-02-20T22:54:44.267+0000] {dag.py:3096} INFO - Sync 2 DAGs
[2026-02-20T22:54:44.303+0000] {logging_mixin.py:188} INFO - [2026-02-20T22:54:44.303+0000] {dag.py:3954} INFO - Setting next_dagrun for produce_json to 2026-02-20 14:00:00+00:00, run_after=2026-02-21 14:00:00+00:00
[2026-02-20T22:54:44.311+0000] {logging_mixin.py:188} INFO - [2026-02-20T22:54:44.311+0000] {dag.py:3954} INFO - Setting next_dagrun for update_db to 2026-02-20 15:00:00+00:00, run_after=2026-02-21 15:00:00+00:00
[2026-02-20T22:54:44.379+0000] {processor.py:183} INFO - Processing /opt/airflow/dags/main.py took 0.462 seconds
[2026-02-20T22:55:14.739+0000] {processor.py:161} INFO - Started process (PID=206) to work on /opt/airflow/dags/main.py
[2026-02-20T22:55:14.742+0000] {processor.py:830} INFO - Processing file /opt/airflow/dags/main.py for tasks to queue
[2026-02-20T22:55:14.748+0000] {logging_mixin.py:188} INFO - [2026-02-20T22:55:14.747+0000] {dagbag.py:545} INFO - Filling up the DagBag from /opt/airflow/dags/main.py
[2026-02-20T22:55:14.964+0000] {processor.py:840} INFO - DAG(s) 'produce_json', 'update_db' retrieved from /opt/airflow/dags/main.py
[2026-02-20T22:55:15.018+0000] {logging_mixin.py:188} INFO - [2026-02-20T22:55:15.018+0000] {dag.py:3096} INFO - Sync 2 DAGs
[2026-02-20T22:55:15.054+0000] {logging_mixin.py:188} INFO - [2026-02-20T22:55:15.054+0000] {dag.py:3954} INFO - Setting next_dagrun for produce_json to 2026-02-20 14:00:00+00:00, run_after=2026-02-21 14:00:00+00:00
[2026-02-20T22:55:15.061+0000] {logging_mixin.py:188} INFO - [2026-02-20T22:55:15.061+0000] {dag.py:3954} INFO - Setting next_dagrun for update_db to 2026-02-20 15:00:00+00:00, run_after=2026-02-21 15:00:00+00:00
[2026-02-20T22:55:15.088+0000] {processor.py:183} INFO - Processing /opt/airflow/dags/main.py took 0.359 seconds
[2026-02-20T22:55:45.989+0000] {processor.py:161} INFO - Started process (PID=213) to work on /opt/airflow/dags/main.py
[2026-02-20T22:55:45.992+0000] {processor.py:830} INFO - Processing file /opt/airflow/dags/main.py for tasks to queue
[2026-02-20T22:55:45.996+0000] {logging_mixin.py:188} INFO - [2026-02-20T22:55:45.995+0000] {dagbag.py:545} INFO - Filling up the DagBag from /opt/airflow/dags/main.py
[2026-02-20T22:55:46.200+0000] {processor.py:840} INFO - DAG(s) 'produce_json', 'update_db' retrieved from /opt/airflow/dags/main.py
[2026-02-20T22:55:46.272+0000] {logging_mixin.py:188} INFO - [2026-02-20T22:55:46.271+0000] {dag.py:3096} INFO - Sync 2 DAGs
[2026-02-20T22:55:46.312+0000] {logging_mixin.py:188} INFO - [2026-02-20T22:55:46.312+0000] {dag.py:3954} INFO - Setting next_dagrun for produce_json to 2026-02-20 14:00:00+00:00, run_after=2026-02-21 14:00:00+00:00
[2026-02-20T22:55:46.321+0000] {logging_mixin.py:188} INFO - [2026-02-20T22:55:46.320+0000] {dag.py:3954} INFO - Setting next_dagrun for update_db to 2026-02-20 15:00:00+00:00, run_after=2026-02-21 15:00:00+00:00
[2026-02-20T22:55:46.388+0000] {processor.py:183} INFO - Processing /opt/airflow/dags/main.py took 0.409 seconds
[2026-02-20T22:56:16.650+0000] {processor.py:161} INFO - Started process (PID=220) to work on /opt/airflow/dags/main.py
[2026-02-20T22:56:16.653+0000] {processor.py:830} INFO - Processing file /opt/airflow/dags/main.py for tasks to queue
[2026-02-20T22:56:16.657+0000] {logging_mixin.py:188} INFO - [2026-02-20T22:56:16.657+0000] {dagbag.py:545} INFO - Filling up the DagBag from /opt/airflow/dags/main.py
[2026-02-20T22:56:16.856+0000] {processor.py:840} INFO - DAG(s) 'produce_json', 'update_db' retrieved from /opt/airflow/dags/main.py
[2026-02-20T22:56:16.900+0000] {logging_mixin.py:188} INFO - [2026-02-20T22:56:16.899+0000] {dag.py:3096} INFO - Sync 2 DAGs
[2026-02-20T22:56:16.937+0000] {logging_mixin.py:188} INFO - [2026-02-20T22:56:16.937+0000] {dag.py:3954} INFO - Setting next_dagrun for produce_json to 2026-02-20 14:00:00+00:00, run_after=2026-02-21 14:00:00+00:00
[2026-02-20T22:56:16.946+0000] {logging_mixin.py:188} INFO - [2026-02-20T22:56:16.946+0000] {dag.py:3954} INFO - Setting next_dagrun for update_db to 2026-02-20 15:00:00+00:00, run_after=2026-02-21 15:00:00+00:00
[2026-02-20T22:56:17.016+0000] {processor.py:183} INFO - Processing /opt/airflow/dags/main.py took 0.376 seconds
[2026-02-20T22:56:47.765+0000] {processor.py:161} INFO - Started process (PID=227) to work on /opt/airflow/dags/main.py
[2026-02-20T22:56:47.767+0000] {processor.py:830} INFO - Processing file /opt/airflow/dags/main.py for tasks to queue
[2026-02-20T22:56:47.770+0000] {logging_mixin.py:188} INFO - [2026-02-20T22:56:47.770+0000] {dagbag.py:545} INFO - Filling up the DagBag from /opt/airflow/dags/main.py
[2026-02-20T22:56:47.984+0000] {processor.py:840} INFO - DAG(s) 'update_db', 'produce_json' retrieved from /opt/airflow/dags/main.py
[2026-02-20T22:56:48.034+0000] {logging_mixin.py:188} INFO - [2026-02-20T22:56:48.033+0000] {dag.py:3096} INFO - Sync 2 DAGs
[2026-02-20T22:56:48.066+0000] {logging_mixin.py:188} INFO - [2026-02-20T22:56:48.066+0000] {dag.py:3954} INFO - Setting next_dagrun for produce_json to 2026-02-20 14:00:00+00:00, run_after=2026-02-21 14:00:00+00:00
[2026-02-20T22:56:48.075+0000] {logging_mixin.py:188} INFO - [2026-02-20T22:56:48.075+0000] {dag.py:3954} INFO - Setting next_dagrun for update_db to 2026-02-20 15:00:00+00:00, run_after=2026-02-21 15:00:00+00:00
[2026-02-20T22:56:48.098+0000] {processor.py:183} INFO - Processing /opt/airflow/dags/main.py took 0.340 seconds
[2026-02-20T22:57:18.276+0000] {processor.py:161} INFO - Started process (PID=234) to work on /opt/airflow/dags/main.py
[2026-02-20T22:57:18.278+0000] {processor.py:830} INFO - Processing file /opt/airflow/dags/main.py for tasks to queue
[2026-02-20T22:57:18.280+0000] {logging_mixin.py:188} INFO - [2026-02-20T22:57:18.280+0000] {dagbag.py:545} INFO - Filling up the DagBag from /opt/airflow/dags/main.py
[2026-02-20T22:57:18.500+0000] {processor.py:840} INFO - DAG(s) 'update_db', 'produce_json' retrieved from /opt/airflow/dags/main.py
[2026-02-20T22:57:18.558+0000] {logging_mixin.py:188} INFO - [2026-02-20T22:57:18.557+0000] {dag.py:3096} INFO - Sync 2 DAGs
[2026-02-20T22:57:18.599+0000] {logging_mixin.py:188} INFO - [2026-02-20T22:57:18.599+0000] {dag.py:3954} INFO - Setting next_dagrun for produce_json to 2026-02-20 14:00:00+00:00, run_after=2026-02-21 14:00:00+00:00
[2026-02-20T22:57:18.611+0000] {logging_mixin.py:188} INFO - [2026-02-20T22:57:18.610+0000] {dag.py:3954} INFO - Setting next_dagrun for update_db to 2026-02-20 15:00:00+00:00, run_after=2026-02-21 15:00:00+00:00
[2026-02-20T22:57:18.687+0000] {processor.py:183} INFO - Processing /opt/airflow/dags/main.py took 0.418 seconds
[2026-02-20T22:57:49.378+0000] {processor.py:161} INFO - Started process (PID=241) to work on /opt/airflow/dags/main.py
[2026-02-20T22:57:49.380+0000] {processor.py:830} INFO - Processing file /opt/airflow/dags/main.py for tasks to queue
[2026-02-20T22:57:49.383+0000] {logging_mixin.py:188} INFO - [2026-02-20T22:57:49.383+0000] {dagbag.py:545} INFO - Filling up the DagBag from /opt/airflow/dags/main.py
[2026-02-20T22:57:49.628+0000] {processor.py:840} INFO - DAG(s) 'update_db', 'produce_json' retrieved from /opt/airflow/dags/main.py
[2026-02-20T22:57:49.712+0000] {logging_mixin.py:188} INFO - [2026-02-20T22:57:49.711+0000] {dag.py:3096} INFO - Sync 2 DAGs
[2026-02-20T22:57:49.753+0000] {logging_mixin.py:188} INFO - [2026-02-20T22:57:49.753+0000] {dag.py:3954} INFO - Setting next_dagrun for produce_json to 2026-02-20 14:00:00+00:00, run_after=2026-02-21 14:00:00+00:00
[2026-02-20T22:57:49.763+0000] {logging_mixin.py:188} INFO - [2026-02-20T22:57:49.763+0000] {dag.py:3954} INFO - Setting next_dagrun for update_db to 2026-02-20 15:00:00+00:00, run_after=2026-02-21 15:00:00+00:00
[2026-02-20T22:57:49.843+0000] {processor.py:183} INFO - Processing /opt/airflow/dags/main.py took 0.475 seconds
[2026-02-20T22:58:19.945+0000] {processor.py:161} INFO - Started process (PID=248) to work on /opt/airflow/dags/main.py
[2026-02-20T22:58:19.947+0000] {processor.py:830} INFO - Processing file /opt/airflow/dags/main.py for tasks to queue
[2026-02-20T22:58:19.951+0000] {logging_mixin.py:188} INFO - [2026-02-20T22:58:19.951+0000] {dagbag.py:545} INFO - Filling up the DagBag from /opt/airflow/dags/main.py
[2026-02-20T22:58:20.205+0000] {processor.py:840} INFO - DAG(s) 'update_db', 'produce_json' retrieved from /opt/airflow/dags/main.py
[2026-02-20T22:58:20.254+0000] {logging_mixin.py:188} INFO - [2026-02-20T22:58:20.253+0000] {dag.py:3096} INFO - Sync 2 DAGs
[2026-02-20T22:58:20.305+0000] {logging_mixin.py:188} INFO - [2026-02-20T22:58:20.304+0000] {dag.py:3954} INFO - Setting next_dagrun for produce_json to 2026-02-20 14:00:00+00:00, run_after=2026-02-21 14:00:00+00:00
[2026-02-20T22:58:20.316+0000] {logging_mixin.py:188} INFO - [2026-02-20T22:58:20.315+0000] {dag.py:3954} INFO - Setting next_dagrun for update_db to 2026-02-20 15:00:00+00:00, run_after=2026-02-21 15:00:00+00:00
[2026-02-20T22:58:20.389+0000] {processor.py:183} INFO - Processing /opt/airflow/dags/main.py took 0.453 seconds
[2026-02-20T22:58:50.589+0000] {processor.py:161} INFO - Started process (PID=254) to work on /opt/airflow/dags/main.py
[2026-02-20T22:58:50.591+0000] {processor.py:830} INFO - Processing file /opt/airflow/dags/main.py for tasks to queue
[2026-02-20T22:58:50.595+0000] {logging_mixin.py:188} INFO - [2026-02-20T22:58:50.594+0000] {dagbag.py:545} INFO - Filling up the DagBag from /opt/airflow/dags/main.py
[2026-02-20T22:58:50.775+0000] {processor.py:840} INFO - DAG(s) 'produce_json', 'update_db' retrieved from /opt/airflow/dags/main.py
[2026-02-20T22:58:50.836+0000] {logging_mixin.py:188} INFO - [2026-02-20T22:58:50.836+0000] {dag.py:3096} INFO - Sync 2 DAGs
[2026-02-20T22:58:50.890+0000] {logging_mixin.py:188} INFO - [2026-02-20T22:58:50.890+0000] {dag.py:3954} INFO - Setting next_dagrun for produce_json to 2026-02-20 14:00:00+00:00, run_after=2026-02-21 14:00:00+00:00
[2026-02-20T22:58:50.901+0000] {logging_mixin.py:188} INFO - [2026-02-20T22:58:50.901+0000] {dag.py:3954} INFO - Setting next_dagrun for update_db to 2026-02-20 15:00:00+00:00, run_after=2026-02-21 15:00:00+00:00
[2026-02-20T22:58:50.984+0000] {processor.py:183} INFO - Processing /opt/airflow/dags/main.py took 0.403 seconds
[2026-02-20T22:59:21.167+0000] {processor.py:161} INFO - Started process (PID=261) to work on /opt/airflow/dags/main.py
[2026-02-20T22:59:21.169+0000] {processor.py:830} INFO - Processing file /opt/airflow/dags/main.py for tasks to queue
[2026-02-20T22:59:21.173+0000] {logging_mixin.py:188} INFO - [2026-02-20T22:59:21.172+0000] {dagbag.py:545} INFO - Filling up the DagBag from /opt/airflow/dags/main.py
[2026-02-20T22:59:21.394+0000] {processor.py:840} INFO - DAG(s) 'produce_json', 'update_db' retrieved from /opt/airflow/dags/main.py
[2026-02-20T22:59:21.488+0000] {logging_mixin.py:188} INFO - [2026-02-20T22:59:21.487+0000] {dag.py:3096} INFO - Sync 2 DAGs
[2026-02-20T22:59:21.526+0000] {logging_mixin.py:188} INFO - [2026-02-20T22:59:21.526+0000] {dag.py:3954} INFO - Setting next_dagrun for produce_json to 2026-02-20 14:00:00+00:00, run_after=2026-02-21 14:00:00+00:00
[2026-02-20T22:59:21.536+0000] {logging_mixin.py:188} INFO - [2026-02-20T22:59:21.535+0000] {dag.py:3954} INFO - Setting next_dagrun for update_db to 2026-02-20 15:00:00+00:00, run_after=2026-02-21 15:00:00+00:00
[2026-02-20T22:59:21.571+0000] {processor.py:183} INFO - Processing /opt/airflow/dags/main.py took 0.413 seconds
[2026-02-20T22:59:35.754+0000] {processor.py:161} INFO - Started process (PID=268) to work on /opt/airflow/dags/main.py
[2026-02-20T22:59:35.757+0000] {processor.py:830} INFO - Processing file /opt/airflow/dags/main.py for tasks to queue
[2026-02-20T22:59:35.760+0000] {logging_mixin.py:188} INFO - [2026-02-20T22:59:35.760+0000] {dagbag.py:545} INFO - Filling up the DagBag from /opt/airflow/dags/main.py
[2026-02-20T22:59:35.948+0000] {processor.py:840} INFO - DAG(s) 'produce_json', 'update_db' retrieved from /opt/airflow/dags/main.py
[2026-02-20T22:59:36.003+0000] {logging_mixin.py:188} INFO - [2026-02-20T22:59:36.003+0000] {dag.py:3096} INFO - Sync 2 DAGs
[2026-02-20T22:59:36.041+0000] {logging_mixin.py:188} INFO - [2026-02-20T22:59:36.041+0000] {dag.py:3954} INFO - Setting next_dagrun for produce_json to 2026-02-20 14:00:00+00:00, run_after=2026-02-21 14:00:00+00:00
[2026-02-20T22:59:36.049+0000] {logging_mixin.py:188} INFO - [2026-02-20T22:59:36.049+0000] {dag.py:3954} INFO - Setting next_dagrun for update_db to 2026-02-20 15:00:00+00:00, run_after=2026-02-21 15:00:00+00:00
[2026-02-20T22:59:36.076+0000] {processor.py:183} INFO - Processing /opt/airflow/dags/main.py took 0.334 seconds
[2026-02-20T23:00:06.295+0000] {processor.py:161} INFO - Started process (PID=275) to work on /opt/airflow/dags/main.py
[2026-02-20T23:00:06.296+0000] {processor.py:830} INFO - Processing file /opt/airflow/dags/main.py for tasks to queue
[2026-02-20T23:00:06.300+0000] {logging_mixin.py:188} INFO - [2026-02-20T23:00:06.300+0000] {dagbag.py:545} INFO - Filling up the DagBag from /opt/airflow/dags/main.py
[2026-02-20T23:00:06.450+0000] {processor.py:840} INFO - DAG(s) 'produce_json', 'update_db' retrieved from /opt/airflow/dags/main.py
[2026-02-20T23:00:06.509+0000] {logging_mixin.py:188} INFO - [2026-02-20T23:00:06.508+0000] {dag.py:3096} INFO - Sync 2 DAGs
[2026-02-20T23:00:06.564+0000] {logging_mixin.py:188} INFO - [2026-02-20T23:00:06.564+0000] {dag.py:3954} INFO - Setting next_dagrun for produce_json to 2026-02-20 14:00:00+00:00, run_after=2026-02-21 14:00:00+00:00
[2026-02-20T23:00:06.575+0000] {logging_mixin.py:188} INFO - [2026-02-20T23:00:06.574+0000] {dag.py:3954} INFO - Setting next_dagrun for update_db to 2026-02-20 15:00:00+00:00, run_after=2026-02-21 15:00:00+00:00
[2026-02-20T23:00:06.646+0000] {processor.py:183} INFO - Processing /opt/airflow/dags/main.py took 0.360 seconds
[2026-02-20T23:00:37.080+0000] {processor.py:161} INFO - Started process (PID=281) to work on /opt/airflow/dags/main.py
[2026-02-20T23:00:37.082+0000] {processor.py:830} INFO - Processing file /opt/airflow/dags/main.py for tasks to queue
[2026-02-20T23:00:37.087+0000] {logging_mixin.py:188} INFO - [2026-02-20T23:00:37.086+0000] {dagbag.py:545} INFO - Filling up the DagBag from /opt/airflow/dags/main.py
[2026-02-20T23:00:37.285+0000] {processor.py:840} INFO - DAG(s) 'produce_json', 'update_db' retrieved from /opt/airflow/dags/main.py
[2026-02-20T23:00:37.361+0000] {logging_mixin.py:188} INFO - [2026-02-20T23:00:37.360+0000] {dag.py:3096} INFO - Sync 2 DAGs
[2026-02-20T23:00:37.410+0000] {logging_mixin.py:188} INFO - [2026-02-20T23:00:37.410+0000] {dag.py:3954} INFO - Setting next_dagrun for produce_json to 2026-02-20 14:00:00+00:00, run_after=2026-02-21 14:00:00+00:00
[2026-02-20T23:00:37.422+0000] {logging_mixin.py:188} INFO - [2026-02-20T23:00:37.422+0000] {dag.py:3954} INFO - Setting next_dagrun for update_db to 2026-02-20 15:00:00+00:00, run_after=2026-02-21 15:00:00+00:00
[2026-02-20T23:00:37.477+0000] {processor.py:183} INFO - Processing /opt/airflow/dags/main.py took 0.409 seconds
[2026-02-20T23:01:07.929+0000] {processor.py:161} INFO - Started process (PID=288) to work on /opt/airflow/dags/main.py
[2026-02-20T23:01:07.932+0000] {processor.py:830} INFO - Processing file /opt/airflow/dags/main.py for tasks to queue
[2026-02-20T23:01:07.938+0000] {logging_mixin.py:188} INFO - [2026-02-20T23:01:07.937+0000] {dagbag.py:545} INFO - Filling up the DagBag from /opt/airflow/dags/main.py
[2026-02-20T23:01:08.082+0000] {processor.py:840} INFO - DAG(s) 'update_db', 'produce_json' retrieved from /opt/airflow/dags/main.py
[2026-02-20T23:01:08.144+0000] {logging_mixin.py:188} INFO - [2026-02-20T23:01:08.143+0000] {dag.py:3096} INFO - Sync 2 DAGs
[2026-02-20T23:01:08.211+0000] {logging_mixin.py:188} INFO - [2026-02-20T23:01:08.211+0000] {dag.py:3954} INFO - Setting next_dagrun for produce_json to 2026-02-20 14:00:00+00:00, run_after=2026-02-21 14:00:00+00:00
[2026-02-20T23:01:08.234+0000] {logging_mixin.py:188} INFO - [2026-02-20T23:01:08.233+0000] {dag.py:3954} INFO - Setting next_dagrun for update_db to 2026-02-20 15:00:00+00:00, run_after=2026-02-21 15:00:00+00:00
[2026-02-20T23:01:08.278+0000] {processor.py:183} INFO - Processing /opt/airflow/dags/main.py took 0.361 seconds
[2026-02-20T23:01:39.200+0000] {processor.py:161} INFO - Started process (PID=295) to work on /opt/airflow/dags/main.py
[2026-02-20T23:01:39.203+0000] {processor.py:830} INFO - Processing file /opt/airflow/dags/main.py for tasks to queue
[2026-02-20T23:01:39.207+0000] {logging_mixin.py:188} INFO - [2026-02-20T23:01:39.207+0000] {dagbag.py:545} INFO - Filling up the DagBag from /opt/airflow/dags/main.py
[2026-02-20T23:01:39.391+0000] {processor.py:840} INFO - DAG(s) 'update_db', 'produce_json' retrieved from /opt/airflow/dags/main.py
[2026-02-20T23:01:39.439+0000] {logging_mixin.py:188} INFO - [2026-02-20T23:01:39.439+0000] {dag.py:3096} INFO - Sync 2 DAGs
[2026-02-20T23:01:39.491+0000] {logging_mixin.py:188} INFO - [2026-02-20T23:01:39.491+0000] {dag.py:3954} INFO - Setting next_dagrun for produce_json to 2026-02-20 14:00:00+00:00, run_after=2026-02-21 14:00:00+00:00
[2026-02-20T23:01:39.501+0000] {logging_mixin.py:188} INFO - [2026-02-20T23:01:39.501+0000] {dag.py:3954} INFO - Setting next_dagrun for update_db to 2026-02-20 15:00:00+00:00, run_after=2026-02-21 15:00:00+00:00
[2026-02-20T23:01:39.541+0000] {processor.py:183} INFO - Processing /opt/airflow/dags/main.py took 0.352 seconds
[2026-02-20T23:02:10.304+0000] {processor.py:161} INFO - Started process (PID=302) to work on /opt/airflow/dags/main.py
[2026-02-20T23:02:10.309+0000] {processor.py:830} INFO - Processing file /opt/airflow/dags/main.py for tasks to queue
[2026-02-20T23:02:10.325+0000] {logging_mixin.py:188} INFO - [2026-02-20T23:02:10.321+0000] {dagbag.py:545} INFO - Filling up the DagBag from /opt/airflow/dags/main.py
[2026-02-20T23:02:10.586+0000] {processor.py:840} INFO - DAG(s) 'produce_json', 'update_db' retrieved from /opt/airflow/dags/main.py
[2026-02-20T23:02:10.657+0000] {logging_mixin.py:188} INFO - [2026-02-20T23:02:10.656+0000] {dag.py:3096} INFO - Sync 2 DAGs
[2026-02-20T23:02:10.706+0000] {logging_mixin.py:188} INFO - [2026-02-20T23:02:10.706+0000] {dag.py:3954} INFO - Setting next_dagrun for produce_json to 2026-02-20 14:00:00+00:00, run_after=2026-02-21 14:00:00+00:00
[2026-02-20T23:02:10.714+0000] {logging_mixin.py:188} INFO - [2026-02-20T23:02:10.714+0000] {dag.py:3954} INFO - Setting next_dagrun for update_db to 2026-02-20 15:00:00+00:00, run_after=2026-02-21 15:00:00+00:00
[2026-02-20T23:02:10.743+0000] {processor.py:183} INFO - Processing /opt/airflow/dags/main.py took 0.461 seconds
[2026-02-20T23:02:41.554+0000] {processor.py:161} INFO - Started process (PID=309) to work on /opt/airflow/dags/main.py
[2026-02-20T23:02:41.556+0000] {processor.py:830} INFO - Processing file /opt/airflow/dags/main.py for tasks to queue
[2026-02-20T23:02:41.559+0000] {logging_mixin.py:188} INFO - [2026-02-20T23:02:41.558+0000] {dagbag.py:545} INFO - Filling up the DagBag from /opt/airflow/dags/main.py
[2026-02-20T23:02:41.724+0000] {processor.py:840} INFO - DAG(s) 'update_db', 'produce_json' retrieved from /opt/airflow/dags/main.py
[2026-02-20T23:02:41.774+0000] {logging_mixin.py:188} INFO - [2026-02-20T23:02:41.774+0000] {dag.py:3096} INFO - Sync 2 DAGs
[2026-02-20T23:02:41.820+0000] {logging_mixin.py:188} INFO - [2026-02-20T23:02:41.819+0000] {dag.py:3954} INFO - Setting next_dagrun for produce_json to 2026-02-20 14:00:00+00:00, run_after=2026-02-21 14:00:00+00:00
[2026-02-20T23:02:41.831+0000] {logging_mixin.py:188} INFO - [2026-02-20T23:02:41.831+0000] {dag.py:3954} INFO - Setting next_dagrun for update_db to 2026-02-20 15:00:00+00:00, run_after=2026-02-21 15:00:00+00:00
[2026-02-20T23:02:41.899+0000] {processor.py:183} INFO - Processing /opt/airflow/dags/main.py took 0.355 seconds
[2026-02-20T23:03:12.367+0000] {processor.py:161} INFO - Started process (PID=316) to work on /opt/airflow/dags/main.py
[2026-02-20T23:03:12.369+0000] {processor.py:830} INFO - Processing file /opt/airflow/dags/main.py for tasks to queue
[2026-02-20T23:03:12.373+0000] {logging_mixin.py:188} INFO - [2026-02-20T23:03:12.373+0000] {dagbag.py:545} INFO - Filling up the DagBag from /opt/airflow/dags/main.py
[2026-02-20T23:03:12.556+0000] {processor.py:840} INFO - DAG(s) 'update_db', 'produce_json' retrieved from /opt/airflow/dags/main.py
[2026-02-20T23:03:12.630+0000] {logging_mixin.py:188} INFO - [2026-02-20T23:03:12.630+0000] {dag.py:3096} INFO - Sync 2 DAGs
[2026-02-20T23:03:12.691+0000] {logging_mixin.py:188} INFO - [2026-02-20T23:03:12.691+0000] {dag.py:3954} INFO - Setting next_dagrun for produce_json to 2026-02-20 14:00:00+00:00, run_after=2026-02-21 14:00:00+00:00
[2026-02-20T23:03:12.700+0000] {logging_mixin.py:188} INFO - [2026-02-20T23:03:12.700+0000] {dag.py:3954} INFO - Setting next_dagrun for update_db to 2026-02-20 15:00:00+00:00, run_after=2026-02-21 15:00:00+00:00
[2026-02-20T23:03:12.764+0000] {processor.py:183} INFO - Processing /opt/airflow/dags/main.py took 0.405 seconds
[2026-02-20T23:03:42.886+0000] {processor.py:161} INFO - Started process (PID=324) to work on /opt/airflow/dags/main.py
[2026-02-20T23:03:42.889+0000] {processor.py:830} INFO - Processing file /opt/airflow/dags/main.py for tasks to queue
[2026-02-20T23:03:42.893+0000] {logging_mixin.py:188} INFO - [2026-02-20T23:03:42.893+0000] {dagbag.py:545} INFO - Filling up the DagBag from /opt/airflow/dags/main.py
[2026-02-20T23:03:43.052+0000] {processor.py:840} INFO - DAG(s) 'produce_json', 'update_db' retrieved from /opt/airflow/dags/main.py
[2026-02-20T23:03:43.102+0000] {logging_mixin.py:188} INFO - [2026-02-20T23:03:43.102+0000] {dag.py:3096} INFO - Sync 2 DAGs
[2026-02-20T23:03:43.142+0000] {logging_mixin.py:188} INFO - [2026-02-20T23:03:43.142+0000] {dag.py:3954} INFO - Setting next_dagrun for produce_json to 2026-02-20 14:00:00+00:00, run_after=2026-02-21 14:00:00+00:00
[2026-02-20T23:03:43.152+0000] {logging_mixin.py:188} INFO - [2026-02-20T23:03:43.152+0000] {dag.py:3954} INFO - Setting next_dagrun for update_db to 2026-02-20 15:00:00+00:00, run_after=2026-02-21 15:00:00+00:00
[2026-02-20T23:03:43.178+0000] {processor.py:183} INFO - Processing /opt/airflow/dags/main.py took 0.305 seconds
[2026-02-20T23:04:13.876+0000] {processor.py:161} INFO - Started process (PID=331) to work on /opt/airflow/dags/main.py
[2026-02-20T23:04:13.878+0000] {processor.py:830} INFO - Processing file /opt/airflow/dags/main.py for tasks to queue
[2026-02-20T23:04:13.881+0000] {logging_mixin.py:188} INFO - [2026-02-20T23:04:13.881+0000] {dagbag.py:545} INFO - Filling up the DagBag from /opt/airflow/dags/main.py
[2026-02-20T23:04:13.998+0000] {processor.py:840} INFO - DAG(s) 'update_db', 'produce_json' retrieved from /opt/airflow/dags/main.py
[2026-02-20T23:04:14.047+0000] {logging_mixin.py:188} INFO - [2026-02-20T23:04:14.046+0000] {dag.py:3096} INFO - Sync 2 DAGs
[2026-02-20T23:04:14.085+0000] {logging_mixin.py:188} INFO - [2026-02-20T23:04:14.085+0000] {dag.py:3954} INFO - Setting next_dagrun for produce_json to 2026-02-20 14:00:00+00:00, run_after=2026-02-21 14:00:00+00:00
[2026-02-20T23:04:14.093+0000] {logging_mixin.py:188} INFO - [2026-02-20T23:04:14.092+0000] {dag.py:3954} INFO - Setting next_dagrun for update_db to 2026-02-20 15:00:00+00:00, run_after=2026-02-21 15:00:00+00:00
[2026-02-20T23:04:14.157+0000] {processor.py:183} INFO - Processing /opt/airflow/dags/main.py took 0.290 seconds
[2026-02-20T23:04:44.419+0000] {processor.py:161} INFO - Started process (PID=338) to work on /opt/airflow/dags/main.py
[2026-02-20T23:04:44.421+0000] {processor.py:830} INFO - Processing file /opt/airflow/dags/main.py for tasks to queue
[2026-02-20T23:04:44.425+0000] {logging_mixin.py:188} INFO - [2026-02-20T23:04:44.424+0000] {dagbag.py:545} INFO - Filling up the DagBag from /opt/airflow/dags/main.py
[2026-02-20T23:04:44.579+0000] {processor.py:840} INFO - DAG(s) 'produce_json', 'update_db' retrieved from /opt/airflow/dags/main.py
[2026-02-20T23:04:44.634+0000] {logging_mixin.py:188} INFO - [2026-02-20T23:04:44.633+0000] {dag.py:3096} INFO - Sync 2 DAGs
[2026-02-20T23:04:44.672+0000] {logging_mixin.py:188} INFO - [2026-02-20T23:04:44.672+0000] {dag.py:3954} INFO - Setting next_dagrun for produce_json to 2026-02-20 14:00:00+00:00, run_after=2026-02-21 14:00:00+00:00
[2026-02-20T23:04:44.684+0000] {logging_mixin.py:188} INFO - [2026-02-20T23:04:44.683+0000] {dag.py:3954} INFO - Setting next_dagrun for update_db to 2026-02-20 15:00:00+00:00, run_after=2026-02-21 15:00:00+00:00
[2026-02-20T23:04:44.725+0000] {processor.py:183} INFO - Processing /opt/airflow/dags/main.py took 0.314 seconds
[2026-02-20T23:05:14.841+0000] {processor.py:161} INFO - Started process (PID=345) to work on /opt/airflow/dags/main.py
[2026-02-20T23:05:14.843+0000] {processor.py:830} INFO - Processing file /opt/airflow/dags/main.py for tasks to queue
[2026-02-20T23:05:14.847+0000] {logging_mixin.py:188} INFO - [2026-02-20T23:05:14.847+0000] {dagbag.py:545} INFO - Filling up the DagBag from /opt/airflow/dags/main.py
[2026-02-20T23:05:14.995+0000] {processor.py:840} INFO - DAG(s) 'produce_json', 'update_db' retrieved from /opt/airflow/dags/main.py
[2026-02-20T23:05:15.053+0000] {logging_mixin.py:188} INFO - [2026-02-20T23:05:15.053+0000] {dag.py:3096} INFO - Sync 2 DAGs
[2026-02-20T23:05:15.092+0000] {logging_mixin.py:188} INFO - [2026-02-20T23:05:15.092+0000] {dag.py:3954} INFO - Setting next_dagrun for produce_json to 2026-02-20 14:00:00+00:00, run_after=2026-02-21 14:00:00+00:00
[2026-02-20T23:05:15.099+0000] {logging_mixin.py:188} INFO - [2026-02-20T23:05:15.099+0000] {dag.py:3954} INFO - Setting next_dagrun for update_db to 2026-02-20 15:00:00+00:00, run_after=2026-02-21 15:00:00+00:00
[2026-02-20T23:05:15.167+0000] {processor.py:183} INFO - Processing /opt/airflow/dags/main.py took 0.336 seconds
[2026-02-20T23:05:45.765+0000] {processor.py:161} INFO - Started process (PID=353) to work on /opt/airflow/dags/main.py
[2026-02-20T23:05:45.767+0000] {processor.py:830} INFO - Processing file /opt/airflow/dags/main.py for tasks to queue
[2026-02-20T23:05:45.772+0000] {logging_mixin.py:188} INFO - [2026-02-20T23:05:45.771+0000] {dagbag.py:545} INFO - Filling up the DagBag from /opt/airflow/dags/main.py
[2026-02-20T23:05:45.993+0000] {processor.py:840} INFO - DAG(s) 'produce_json', 'update_db' retrieved from /opt/airflow/dags/main.py
[2026-02-20T23:05:46.052+0000] {logging_mixin.py:188} INFO - [2026-02-20T23:05:46.051+0000] {dag.py:3096} INFO - Sync 2 DAGs
[2026-02-20T23:05:46.088+0000] {logging_mixin.py:188} INFO - [2026-02-20T23:05:46.088+0000] {dag.py:3954} INFO - Setting next_dagrun for produce_json to 2026-02-20 14:00:00+00:00, run_after=2026-02-21 14:00:00+00:00
[2026-02-20T23:05:46.095+0000] {logging_mixin.py:188} INFO - [2026-02-20T23:05:46.095+0000] {dag.py:3954} INFO - Setting next_dagrun for update_db to 2026-02-20 15:00:00+00:00, run_after=2026-02-21 15:00:00+00:00
[2026-02-20T23:05:46.162+0000] {processor.py:183} INFO - Processing /opt/airflow/dags/main.py took 0.407 seconds
[2026-02-20T23:06:16.635+0000] {processor.py:161} INFO - Started process (PID=360) to work on /opt/airflow/dags/main.py
[2026-02-20T23:06:16.637+0000] {processor.py:830} INFO - Processing file /opt/airflow/dags/main.py for tasks to queue
[2026-02-20T23:06:16.640+0000] {logging_mixin.py:188} INFO - [2026-02-20T23:06:16.639+0000] {dagbag.py:545} INFO - Filling up the DagBag from /opt/airflow/dags/main.py
[2026-02-20T23:06:16.799+0000] {processor.py:840} INFO - DAG(s) 'produce_json', 'update_db' retrieved from /opt/airflow/dags/main.py
[2026-02-20T23:06:16.843+0000] {logging_mixin.py:188} INFO - [2026-02-20T23:06:16.842+0000] {dag.py:3096} INFO - Sync 2 DAGs
[2026-02-20T23:06:16.874+0000] {logging_mixin.py:188} INFO - [2026-02-20T23:06:16.873+0000] {dag.py:3954} INFO - Setting next_dagrun for produce_json to 2026-02-20 14:00:00+00:00, run_after=2026-02-21 14:00:00+00:00
[2026-02-20T23:06:16.881+0000] {logging_mixin.py:188} INFO - [2026-02-20T23:06:16.881+0000] {dag.py:3954} INFO - Setting next_dagrun for update_db to 2026-02-20 15:00:00+00:00, run_after=2026-02-21 15:00:00+00:00
[2026-02-20T23:06:16.904+0000] {processor.py:183} INFO - Processing /opt/airflow/dags/main.py took 0.278 seconds
[2026-02-20T23:06:47.620+0000] {processor.py:161} INFO - Started process (PID=367) to work on /opt/airflow/dags/main.py
[2026-02-20T23:06:47.623+0000] {processor.py:830} INFO - Processing file /opt/airflow/dags/main.py for tasks to queue
[2026-02-20T23:06:47.629+0000] {logging_mixin.py:188} INFO - [2026-02-20T23:06:47.628+0000] {dagbag.py:545} INFO - Filling up the DagBag from /opt/airflow/dags/main.py
[2026-02-20T23:06:47.791+0000] {processor.py:840} INFO - DAG(s) 'update_db', 'produce_json' retrieved from /opt/airflow/dags/main.py
[2026-02-20T23:06:47.840+0000] {logging_mixin.py:188} INFO - [2026-02-20T23:06:47.839+0000] {dag.py:3096} INFO - Sync 2 DAGs
[2026-02-20T23:06:47.873+0000] {logging_mixin.py:188} INFO - [2026-02-20T23:06:47.873+0000] {dag.py:3954} INFO - Setting next_dagrun for produce_json to 2026-02-20 14:00:00+00:00, run_after=2026-02-21 14:00:00+00:00
[2026-02-20T23:06:47.881+0000] {logging_mixin.py:188} INFO - [2026-02-20T23:06:47.881+0000] {dag.py:3954} INFO - Setting next_dagrun for update_db to 2026-02-20 15:00:00+00:00, run_after=2026-02-21 15:00:00+00:00
[2026-02-20T23:06:47.947+0000] {processor.py:183} INFO - Processing /opt/airflow/dags/main.py took 0.338 seconds
[2026-02-20T23:07:18.441+0000] {processor.py:161} INFO - Started process (PID=374) to work on /opt/airflow/dags/main.py
[2026-02-20T23:07:18.443+0000] {processor.py:830} INFO - Processing file /opt/airflow/dags/main.py for tasks to queue
[2026-02-20T23:07:18.446+0000] {logging_mixin.py:188} INFO - [2026-02-20T23:07:18.445+0000] {dagbag.py:545} INFO - Filling up the DagBag from /opt/airflow/dags/main.py
[2026-02-20T23:07:18.579+0000] {processor.py:840} INFO - DAG(s) 'produce_json', 'update_db' retrieved from /opt/airflow/dags/main.py
[2026-02-20T23:07:18.622+0000] {logging_mixin.py:188} INFO - [2026-02-20T23:07:18.621+0000] {dag.py:3096} INFO - Sync 2 DAGs
[2026-02-20T23:07:18.671+0000] {logging_mixin.py:188} INFO - [2026-02-20T23:07:18.671+0000] {dag.py:3954} INFO - Setting next_dagrun for produce_json to 2026-02-20 14:00:00+00:00, run_after=2026-02-21 14:00:00+00:00
[2026-02-20T23:07:18.680+0000] {logging_mixin.py:188} INFO - [2026-02-20T23:07:18.680+0000] {dag.py:3954} INFO - Setting next_dagrun for update_db to 2026-02-20 15:00:00+00:00, run_after=2026-02-21 15:00:00+00:00
[2026-02-20T23:07:18.747+0000] {processor.py:183} INFO - Processing /opt/airflow/dags/main.py took 0.315 seconds
[2026-02-20T23:07:48.820+0000] {processor.py:161} INFO - Started process (PID=381) to work on /opt/airflow/dags/main.py
[2026-02-20T23:07:48.821+0000] {processor.py:830} INFO - Processing file /opt/airflow/dags/main.py for tasks to queue
[2026-02-20T23:07:48.823+0000] {logging_mixin.py:188} INFO - [2026-02-20T23:07:48.822+0000] {dagbag.py:545} INFO - Filling up the DagBag from /opt/airflow/dags/main.py
[2026-02-20T23:07:48.894+0000] {processor.py:840} INFO - DAG(s) 'produce_json', 'update_db' retrieved from /opt/airflow/dags/main.py
[2026-02-20T23:07:48.924+0000] {logging_mixin.py:188} INFO - [2026-02-20T23:07:48.924+0000] {dag.py:3096} INFO - Sync 2 DAGs
[2026-02-20T23:07:48.949+0000] {logging_mixin.py:188} INFO - [2026-02-20T23:07:48.948+0000] {dag.py:3954} INFO - Setting next_dagrun for produce_json to 2026-02-20 14:00:00+00:00, run_after=2026-02-21 14:00:00+00:00
[2026-02-20T23:07:48.954+0000] {logging_mixin.py:188} INFO - [2026-02-20T23:07:48.954+0000] {dag.py:3954} INFO - Setting next_dagrun for update_db to 2026-02-20 15:00:00+00:00, run_after=2026-02-21 15:00:00+00:00
[2026-02-20T23:07:48.972+0000] {processor.py:183} INFO - Processing /opt/airflow/dags/main.py took 0.158 seconds
[2026-02-20T23:21:14.199+0000] {processor.py:161} INFO - Started process (PID=388) to work on /opt/airflow/dags/main.py
[2026-02-20T23:21:14.201+0000] {processor.py:830} INFO - Processing file /opt/airflow/dags/main.py for tasks to queue
[2026-02-20T23:21:14.204+0000] {logging_mixin.py:188} INFO - [2026-02-20T23:21:14.203+0000] {dagbag.py:545} INFO - Filling up the DagBag from /opt/airflow/dags/main.py
[2026-02-20T23:21:14.294+0000] {processor.py:840} INFO - DAG(s) 'produce_json', 'update_db' retrieved from /opt/airflow/dags/main.py
[2026-02-20T23:21:14.330+0000] {logging_mixin.py:188} INFO - [2026-02-20T23:21:14.329+0000] {dag.py:3096} INFO - Sync 2 DAGs
[2026-02-20T23:21:14.357+0000] {logging_mixin.py:188} INFO - [2026-02-20T23:21:14.357+0000] {dag.py:3954} INFO - Setting next_dagrun for produce_json to 2026-02-20 14:00:00+00:00, run_after=2026-02-21 14:00:00+00:00
[2026-02-20T23:21:14.364+0000] {logging_mixin.py:188} INFO - [2026-02-20T23:21:14.363+0000] {dag.py:3954} INFO - Setting next_dagrun for update_db to 2026-02-20 15:00:00+00:00, run_after=2026-02-21 15:00:00+00:00
[2026-02-20T23:21:14.382+0000] {processor.py:183} INFO - Processing /opt/airflow/dags/main.py took 0.191 seconds
[2026-02-20T23:30:21.330+0000] {processor.py:161} INFO - Started process (PID=389) to work on /opt/airflow/dags/main.py
[2026-02-20T23:30:21.524+0000] {processor.py:830} INFO - Processing file /opt/airflow/dags/main.py for tasks to queue
[2026-02-20T23:30:21.679+0000] {logging_mixin.py:188} INFO - [2026-02-20T23:30:21.660+0000] {dagbag.py:545} INFO - Filling up the DagBag from /opt/airflow/dags/main.py
[2026-02-20T23:30:24.829+0000] {processor.py:840} INFO - DAG(s) 'produce_json', 'update_db' retrieved from /opt/airflow/dags/main.py
[2026-02-20T23:30:24.990+0000] {logging_mixin.py:188} INFO - [2026-02-20T23:30:24.989+0000] {dag.py:3096} INFO - Sync 2 DAGs
[2026-02-20T23:30:25.163+0000] {logging_mixin.py:188} INFO - [2026-02-20T23:30:25.163+0000] {dag.py:3954} INFO - Setting next_dagrun for produce_json to 2026-02-20 14:00:00+00:00, run_after=2026-02-21 14:00:00+00:00
[2026-02-20T23:30:25.199+0000] {logging_mixin.py:188} INFO - [2026-02-20T23:30:25.198+0000] {dag.py:3954} INFO - Setting next_dagrun for update_db to 2026-02-20 15:00:00+00:00, run_after=2026-02-21 15:00:00+00:00
[2026-02-20T23:30:25.301+0000] {processor.py:183} INFO - Processing /opt/airflow/dags/main.py took 4.253 seconds
[2026-02-20T23:30:56.283+0000] {processor.py:161} INFO - Started process (PID=397) to work on /opt/airflow/dags/main.py
[2026-02-20T23:30:56.285+0000] {processor.py:830} INFO - Processing file /opt/airflow/dags/main.py for tasks to queue
[2026-02-20T23:30:56.290+0000] {logging_mixin.py:188} INFO - [2026-02-20T23:30:56.289+0000] {dagbag.py:545} INFO - Filling up the DagBag from /opt/airflow/dags/main.py
[2026-02-20T23:30:56.547+0000] {processor.py:840} INFO - DAG(s) 'update_db', 'produce_json' retrieved from /opt/airflow/dags/main.py
[2026-02-20T23:30:56.588+0000] {logging_mixin.py:188} INFO - [2026-02-20T23:30:56.588+0000] {dag.py:3096} INFO - Sync 2 DAGs
[2026-02-20T23:30:56.615+0000] {logging_mixin.py:188} INFO - [2026-02-20T23:30:56.615+0000] {dag.py:3954} INFO - Setting next_dagrun for produce_json to 2026-02-20 14:00:00+00:00, run_after=2026-02-21 14:00:00+00:00
[2026-02-20T23:30:56.621+0000] {logging_mixin.py:188} INFO - [2026-02-20T23:30:56.621+0000] {dag.py:3954} INFO - Setting next_dagrun for update_db to 2026-02-20 15:00:00+00:00, run_after=2026-02-21 15:00:00+00:00
[2026-02-20T23:30:56.653+0000] {processor.py:183} INFO - Processing /opt/airflow/dags/main.py took 0.378 seconds
[2026-02-20T23:31:30.797+0000] {processor.py:161} INFO - Started process (PID=48) to work on /opt/airflow/dags/main.py
[2026-02-20T23:31:30.799+0000] {processor.py:830} INFO - Processing file /opt/airflow/dags/main.py for tasks to queue
[2026-02-20T23:31:30.805+0000] {logging_mixin.py:188} INFO - [2026-02-20T23:31:30.804+0000] {dagbag.py:545} INFO - Filling up the DagBag from /opt/airflow/dags/main.py
[2026-02-20T23:31:30.945+0000] {processor.py:840} INFO - DAG(s) 'update_db', 'produce_json' retrieved from /opt/airflow/dags/main.py
[2026-02-20T23:31:31.033+0000] {logging_mixin.py:188} INFO - [2026-02-20T23:31:31.033+0000] {dag.py:3096} INFO - Sync 2 DAGs
[2026-02-20T23:31:31.071+0000] {logging_mixin.py:188} INFO - [2026-02-20T23:31:31.071+0000] {dag.py:3954} INFO - Setting next_dagrun for produce_json to 2026-02-20 14:00:00+00:00, run_after=2026-02-21 14:00:00+00:00
[2026-02-20T23:31:31.080+0000] {logging_mixin.py:188} INFO - [2026-02-20T23:31:31.079+0000] {dag.py:3954} INFO - Setting next_dagrun for update_db to 2026-02-20 15:00:00+00:00, run_after=2026-02-21 15:00:00+00:00
[2026-02-20T23:31:31.111+0000] {processor.py:183} INFO - Processing /opt/airflow/dags/main.py took 0.333 seconds
[2026-02-20T23:32:01.916+0000] {processor.py:161} INFO - Started process (PID=62) to work on /opt/airflow/dags/main.py
[2026-02-20T23:32:01.917+0000] {processor.py:830} INFO - Processing file /opt/airflow/dags/main.py for tasks to queue
[2026-02-20T23:32:01.920+0000] {logging_mixin.py:188} INFO - [2026-02-20T23:32:01.920+0000] {dagbag.py:545} INFO - Filling up the DagBag from /opt/airflow/dags/main.py
[2026-02-20T23:32:02.084+0000] {processor.py:840} INFO - DAG(s) 'update_db', 'produce_json' retrieved from /opt/airflow/dags/main.py
[2026-02-20T23:32:02.125+0000] {logging_mixin.py:188} INFO - [2026-02-20T23:32:02.125+0000] {dag.py:3096} INFO - Sync 2 DAGs
[2026-02-20T23:32:02.155+0000] {logging_mixin.py:188} INFO - [2026-02-20T23:32:02.155+0000] {dag.py:3954} INFO - Setting next_dagrun for produce_json to 2026-02-20 14:00:00+00:00, run_after=2026-02-21 14:00:00+00:00
[2026-02-20T23:32:02.161+0000] {logging_mixin.py:188} INFO - [2026-02-20T23:32:02.161+0000] {dag.py:3954} INFO - Setting next_dagrun for update_db to 2026-02-20 15:00:00+00:00, run_after=2026-02-21 15:00:00+00:00
[2026-02-20T23:32:02.193+0000] {processor.py:183} INFO - Processing /opt/airflow/dags/main.py took 0.281 seconds
[2026-02-20T23:32:33.258+0000] {processor.py:161} INFO - Started process (PID=69) to work on /opt/airflow/dags/main.py
[2026-02-20T23:32:33.260+0000] {processor.py:830} INFO - Processing file /opt/airflow/dags/main.py for tasks to queue
[2026-02-20T23:32:33.263+0000] {logging_mixin.py:188} INFO - [2026-02-20T23:32:33.262+0000] {dagbag.py:545} INFO - Filling up the DagBag from /opt/airflow/dags/main.py
[2026-02-20T23:32:33.423+0000] {processor.py:840} INFO - DAG(s) 'update_db', 'produce_json' retrieved from /opt/airflow/dags/main.py
[2026-02-20T23:32:33.462+0000] {logging_mixin.py:188} INFO - [2026-02-20T23:32:33.461+0000] {dag.py:3096} INFO - Sync 2 DAGs
[2026-02-20T23:32:33.500+0000] {logging_mixin.py:188} INFO - [2026-02-20T23:32:33.500+0000] {dag.py:3954} INFO - Setting next_dagrun for produce_json to 2026-02-20 14:00:00+00:00, run_after=2026-02-21 14:00:00+00:00
[2026-02-20T23:32:33.506+0000] {logging_mixin.py:188} INFO - [2026-02-20T23:32:33.506+0000] {dag.py:3954} INFO - Setting next_dagrun for update_db to 2026-02-20 15:00:00+00:00, run_after=2026-02-21 15:00:00+00:00
[2026-02-20T23:32:33.550+0000] {processor.py:183} INFO - Processing /opt/airflow/dags/main.py took 0.296 seconds
[2026-02-20T23:33:03.640+0000] {processor.py:161} INFO - Started process (PID=76) to work on /opt/airflow/dags/main.py
[2026-02-20T23:33:03.642+0000] {processor.py:830} INFO - Processing file /opt/airflow/dags/main.py for tasks to queue
[2026-02-20T23:33:03.644+0000] {logging_mixin.py:188} INFO - [2026-02-20T23:33:03.644+0000] {dagbag.py:545} INFO - Filling up the DagBag from /opt/airflow/dags/main.py
[2026-02-20T23:33:03.787+0000] {processor.py:840} INFO - DAG(s) 'produce_json', 'update_db' retrieved from /opt/airflow/dags/main.py
[2026-02-20T23:33:03.822+0000] {logging_mixin.py:188} INFO - [2026-02-20T23:33:03.822+0000] {dag.py:3096} INFO - Sync 2 DAGs
[2026-02-20T23:33:03.848+0000] {logging_mixin.py:188} INFO - [2026-02-20T23:33:03.848+0000] {dag.py:3954} INFO - Setting next_dagrun for produce_json to 2026-02-20 14:00:00+00:00, run_after=2026-02-21 14:00:00+00:00
[2026-02-20T23:33:03.853+0000] {logging_mixin.py:188} INFO - [2026-02-20T23:33:03.853+0000] {dag.py:3954} INFO - Setting next_dagrun for update_db to 2026-02-20 15:00:00+00:00, run_after=2026-02-21 15:00:00+00:00
[2026-02-20T23:33:03.874+0000] {processor.py:183} INFO - Processing /opt/airflow/dags/main.py took 0.240 seconds
[2026-02-20T23:33:33.951+0000] {processor.py:161} INFO - Started process (PID=83) to work on /opt/airflow/dags/main.py
[2026-02-20T23:33:33.952+0000] {processor.py:830} INFO - Processing file /opt/airflow/dags/main.py for tasks to queue
[2026-02-20T23:33:33.954+0000] {logging_mixin.py:188} INFO - [2026-02-20T23:33:33.954+0000] {dagbag.py:545} INFO - Filling up the DagBag from /opt/airflow/dags/main.py
[2026-02-20T23:33:34.097+0000] {processor.py:840} INFO - DAG(s) 'produce_json', 'update_db' retrieved from /opt/airflow/dags/main.py
[2026-02-20T23:33:34.137+0000] {logging_mixin.py:188} INFO - [2026-02-20T23:33:34.137+0000] {dag.py:3096} INFO - Sync 2 DAGs
[2026-02-20T23:33:34.163+0000] {logging_mixin.py:188} INFO - [2026-02-20T23:33:34.163+0000] {dag.py:3954} INFO - Setting next_dagrun for produce_json to 2026-02-20 14:00:00+00:00, run_after=2026-02-21 14:00:00+00:00
[2026-02-20T23:33:34.170+0000] {logging_mixin.py:188} INFO - [2026-02-20T23:33:34.170+0000] {dag.py:3954} INFO - Setting next_dagrun for update_db to 2026-02-20 15:00:00+00:00, run_after=2026-02-21 15:00:00+00:00
[2026-02-20T23:33:34.193+0000] {processor.py:183} INFO - Processing /opt/airflow/dags/main.py took 0.250 seconds
[2026-02-20T23:34:04.306+0000] {processor.py:161} INFO - Started process (PID=90) to work on /opt/airflow/dags/main.py
[2026-02-20T23:34:04.307+0000] {processor.py:830} INFO - Processing file /opt/airflow/dags/main.py for tasks to queue
[2026-02-20T23:34:04.309+0000] {logging_mixin.py:188} INFO - [2026-02-20T23:34:04.309+0000] {dagbag.py:545} INFO - Filling up the DagBag from /opt/airflow/dags/main.py
[2026-02-20T23:34:04.461+0000] {processor.py:840} INFO - DAG(s) 'update_db', 'produce_json' retrieved from /opt/airflow/dags/main.py
[2026-02-20T23:34:04.502+0000] {logging_mixin.py:188} INFO - [2026-02-20T23:34:04.501+0000] {dag.py:3096} INFO - Sync 2 DAGs
[2026-02-20T23:34:04.537+0000] {logging_mixin.py:188} INFO - [2026-02-20T23:34:04.536+0000] {dag.py:3954} INFO - Setting next_dagrun for produce_json to 2026-02-20 14:00:00+00:00, run_after=2026-02-21 14:00:00+00:00
[2026-02-20T23:34:04.548+0000] {logging_mixin.py:188} INFO - [2026-02-20T23:34:04.548+0000] {dag.py:3954} INFO - Setting next_dagrun for update_db to 2026-02-20 15:00:00+00:00, run_after=2026-02-21 15:00:00+00:00
[2026-02-20T23:34:04.581+0000] {processor.py:183} INFO - Processing /opt/airflow/dags/main.py took 0.280 seconds
[2026-02-20T23:34:34.669+0000] {processor.py:161} INFO - Started process (PID=97) to work on /opt/airflow/dags/main.py
[2026-02-20T23:34:34.671+0000] {processor.py:830} INFO - Processing file /opt/airflow/dags/main.py for tasks to queue
[2026-02-20T23:34:34.674+0000] {logging_mixin.py:188} INFO - [2026-02-20T23:34:34.674+0000] {dagbag.py:545} INFO - Filling up the DagBag from /opt/airflow/dags/main.py
[2026-02-20T23:34:34.863+0000] {processor.py:840} INFO - DAG(s) 'update_db', 'produce_json' retrieved from /opt/airflow/dags/main.py
[2026-02-20T23:34:34.913+0000] {logging_mixin.py:188} INFO - [2026-02-20T23:34:34.913+0000] {dag.py:3096} INFO - Sync 2 DAGs
[2026-02-20T23:34:34.938+0000] {logging_mixin.py:188} INFO - [2026-02-20T23:34:34.938+0000] {dag.py:3954} INFO - Setting next_dagrun for produce_json to 2026-02-20 14:00:00+00:00, run_after=2026-02-21 14:00:00+00:00
[2026-02-20T23:34:34.944+0000] {logging_mixin.py:188} INFO - [2026-02-20T23:34:34.944+0000] {dag.py:3954} INFO - Setting next_dagrun for update_db to 2026-02-20 15:00:00+00:00, run_after=2026-02-21 15:00:00+00:00
[2026-02-20T23:34:34.970+0000] {processor.py:183} INFO - Processing /opt/airflow/dags/main.py took 0.307 seconds
[2026-02-20T23:35:05.742+0000] {processor.py:161} INFO - Started process (PID=104) to work on /opt/airflow/dags/main.py
[2026-02-20T23:35:05.744+0000] {processor.py:830} INFO - Processing file /opt/airflow/dags/main.py for tasks to queue
[2026-02-20T23:35:05.747+0000] {logging_mixin.py:188} INFO - [2026-02-20T23:35:05.747+0000] {dagbag.py:545} INFO - Filling up the DagBag from /opt/airflow/dags/main.py
[2026-02-20T23:35:05.879+0000] {processor.py:840} INFO - DAG(s) 'produce_json', 'update_db' retrieved from /opt/airflow/dags/main.py
[2026-02-20T23:35:05.920+0000] {logging_mixin.py:188} INFO - [2026-02-20T23:35:05.920+0000] {dag.py:3096} INFO - Sync 2 DAGs
[2026-02-20T23:35:05.948+0000] {logging_mixin.py:188} INFO - [2026-02-20T23:35:05.948+0000] {dag.py:3954} INFO - Setting next_dagrun for produce_json to 2026-02-20 14:00:00+00:00, run_after=2026-02-21 14:00:00+00:00
[2026-02-20T23:35:05.954+0000] {logging_mixin.py:188} INFO - [2026-02-20T23:35:05.954+0000] {dag.py:3954} INFO - Setting next_dagrun for update_db to 2026-02-20 15:00:00+00:00, run_after=2026-02-21 15:00:00+00:00
[2026-02-20T23:35:05.983+0000] {processor.py:183} INFO - Processing /opt/airflow/dags/main.py took 0.247 seconds
[2026-02-20T23:35:36.080+0000] {processor.py:161} INFO - Started process (PID=110) to work on /opt/airflow/dags/main.py
[2026-02-20T23:35:36.082+0000] {processor.py:830} INFO - Processing file /opt/airflow/dags/main.py for tasks to queue
[2026-02-20T23:35:36.084+0000] {logging_mixin.py:188} INFO - [2026-02-20T23:35:36.083+0000] {dagbag.py:545} INFO - Filling up the DagBag from /opt/airflow/dags/main.py
[2026-02-20T23:35:36.218+0000] {processor.py:840} INFO - DAG(s) 'update_db', 'produce_json' retrieved from /opt/airflow/dags/main.py
[2026-02-20T23:35:36.255+0000] {logging_mixin.py:188} INFO - [2026-02-20T23:35:36.255+0000] {dag.py:3096} INFO - Sync 2 DAGs
[2026-02-20T23:35:36.285+0000] {logging_mixin.py:188} INFO - [2026-02-20T23:35:36.285+0000] {dag.py:3954} INFO - Setting next_dagrun for produce_json to 2026-02-20 14:00:00+00:00, run_after=2026-02-21 14:00:00+00:00
[2026-02-20T23:35:36.291+0000] {logging_mixin.py:188} INFO - [2026-02-20T23:35:36.291+0000] {dag.py:3954} INFO - Setting next_dagrun for update_db to 2026-02-20 15:00:00+00:00, run_after=2026-02-21 15:00:00+00:00
[2026-02-20T23:35:36.316+0000] {processor.py:183} INFO - Processing /opt/airflow/dags/main.py took 0.241 seconds
[2026-02-20T23:36:06.427+0000] {processor.py:161} INFO - Started process (PID=117) to work on /opt/airflow/dags/main.py
[2026-02-20T23:36:06.429+0000] {processor.py:830} INFO - Processing file /opt/airflow/dags/main.py for tasks to queue
[2026-02-20T23:36:06.434+0000] {logging_mixin.py:188} INFO - [2026-02-20T23:36:06.433+0000] {dagbag.py:545} INFO - Filling up the DagBag from /opt/airflow/dags/main.py
[2026-02-20T23:36:06.552+0000] {processor.py:840} INFO - DAG(s) 'update_db', 'produce_json' retrieved from /opt/airflow/dags/main.py
[2026-02-20T23:36:06.587+0000] {logging_mixin.py:188} INFO - [2026-02-20T23:36:06.587+0000] {dag.py:3096} INFO - Sync 2 DAGs
[2026-02-20T23:36:06.611+0000] {logging_mixin.py:188} INFO - [2026-02-20T23:36:06.611+0000] {dag.py:3954} INFO - Setting next_dagrun for produce_json to 2026-02-20 14:00:00+00:00, run_after=2026-02-21 14:00:00+00:00
[2026-02-20T23:36:06.618+0000] {logging_mixin.py:188} INFO - [2026-02-20T23:36:06.618+0000] {dag.py:3954} INFO - Setting next_dagrun for update_db to 2026-02-20 15:00:00+00:00, run_after=2026-02-21 15:00:00+00:00
[2026-02-20T23:36:06.653+0000] {processor.py:183} INFO - Processing /opt/airflow/dags/main.py took 0.235 seconds
[2026-02-20T23:36:36.907+0000] {processor.py:161} INFO - Started process (PID=124) to work on /opt/airflow/dags/main.py
[2026-02-20T23:36:36.909+0000] {processor.py:830} INFO - Processing file /opt/airflow/dags/main.py for tasks to queue
[2026-02-20T23:36:36.911+0000] {logging_mixin.py:188} INFO - [2026-02-20T23:36:36.911+0000] {dagbag.py:545} INFO - Filling up the DagBag from /opt/airflow/dags/main.py
[2026-02-20T23:36:37.046+0000] {processor.py:840} INFO - DAG(s) 'update_db', 'produce_json' retrieved from /opt/airflow/dags/main.py
[2026-02-20T23:36:37.099+0000] {logging_mixin.py:188} INFO - [2026-02-20T23:36:37.099+0000] {dag.py:3096} INFO - Sync 2 DAGs
[2026-02-20T23:36:37.131+0000] {logging_mixin.py:188} INFO - [2026-02-20T23:36:37.130+0000] {dag.py:3954} INFO - Setting next_dagrun for produce_json to 2026-02-20 14:00:00+00:00, run_after=2026-02-21 14:00:00+00:00
[2026-02-20T23:36:37.137+0000] {logging_mixin.py:188} INFO - [2026-02-20T23:36:37.137+0000] {dag.py:3954} INFO - Setting next_dagrun for update_db to 2026-02-20 15:00:00+00:00, run_after=2026-02-21 15:00:00+00:00
[2026-02-20T23:36:37.162+0000] {processor.py:183} INFO - Processing /opt/airflow/dags/main.py took 0.261 seconds
[2026-02-20T23:37:07.243+0000] {processor.py:161} INFO - Started process (PID=131) to work on /opt/airflow/dags/main.py
[2026-02-20T23:37:07.245+0000] {processor.py:830} INFO - Processing file /opt/airflow/dags/main.py for tasks to queue
[2026-02-20T23:37:07.247+0000] {logging_mixin.py:188} INFO - [2026-02-20T23:37:07.247+0000] {dagbag.py:545} INFO - Filling up the DagBag from /opt/airflow/dags/main.py
[2026-02-20T23:37:07.439+0000] {processor.py:840} INFO - DAG(s) 'update_db', 'produce_json' retrieved from /opt/airflow/dags/main.py
[2026-02-20T23:37:07.478+0000] {logging_mixin.py:188} INFO - [2026-02-20T23:37:07.478+0000] {dag.py:3096} INFO - Sync 2 DAGs
[2026-02-20T23:37:07.504+0000] {logging_mixin.py:188} INFO - [2026-02-20T23:37:07.504+0000] {dag.py:3954} INFO - Setting next_dagrun for produce_json to 2026-02-20 14:00:00+00:00, run_after=2026-02-21 14:00:00+00:00
[2026-02-20T23:37:07.509+0000] {logging_mixin.py:188} INFO - [2026-02-20T23:37:07.509+0000] {dag.py:3954} INFO - Setting next_dagrun for update_db to 2026-02-20 15:00:00+00:00, run_after=2026-02-21 15:00:00+00:00
[2026-02-20T23:37:07.542+0000] {processor.py:183} INFO - Processing /opt/airflow/dags/main.py took 0.306 seconds
[2026-02-20T23:37:37.674+0000] {processor.py:161} INFO - Started process (PID=138) to work on /opt/airflow/dags/main.py
[2026-02-20T23:37:37.676+0000] {processor.py:830} INFO - Processing file /opt/airflow/dags/main.py for tasks to queue
[2026-02-20T23:37:37.678+0000] {logging_mixin.py:188} INFO - [2026-02-20T23:37:37.678+0000] {dagbag.py:545} INFO - Filling up the DagBag from /opt/airflow/dags/main.py
[2026-02-20T23:37:37.804+0000] {processor.py:840} INFO - DAG(s) 'produce_json', 'update_db' retrieved from /opt/airflow/dags/main.py
[2026-02-20T23:37:37.837+0000] {logging_mixin.py:188} INFO - [2026-02-20T23:37:37.837+0000] {dag.py:3096} INFO - Sync 2 DAGs
[2026-02-20T23:37:37.861+0000] {logging_mixin.py:188} INFO - [2026-02-20T23:37:37.861+0000] {dag.py:3954} INFO - Setting next_dagrun for produce_json to 2026-02-20 14:00:00+00:00, run_after=2026-02-21 14:00:00+00:00
[2026-02-20T23:37:37.867+0000] {logging_mixin.py:188} INFO - [2026-02-20T23:37:37.866+0000] {dag.py:3954} INFO - Setting next_dagrun for update_db to 2026-02-20 15:00:00+00:00, run_after=2026-02-21 15:00:00+00:00
[2026-02-20T23:37:37.897+0000] {processor.py:183} INFO - Processing /opt/airflow/dags/main.py took 0.229 seconds
[2026-02-20T23:38:08.027+0000] {processor.py:161} INFO - Started process (PID=144) to work on /opt/airflow/dags/main.py
[2026-02-20T23:38:08.029+0000] {processor.py:830} INFO - Processing file /opt/airflow/dags/main.py for tasks to queue
[2026-02-20T23:38:08.032+0000] {logging_mixin.py:188} INFO - [2026-02-20T23:38:08.032+0000] {dagbag.py:545} INFO - Filling up the DagBag from /opt/airflow/dags/main.py
[2026-02-20T23:38:08.162+0000] {processor.py:840} INFO - DAG(s) 'produce_json', 'update_db' retrieved from /opt/airflow/dags/main.py
[2026-02-20T23:38:08.194+0000] {logging_mixin.py:188} INFO - [2026-02-20T23:38:08.193+0000] {dag.py:3096} INFO - Sync 2 DAGs
[2026-02-20T23:38:08.216+0000] {logging_mixin.py:188} INFO - [2026-02-20T23:38:08.215+0000] {dag.py:3954} INFO - Setting next_dagrun for produce_json to 2026-02-20 14:00:00+00:00, run_after=2026-02-21 14:00:00+00:00
[2026-02-20T23:38:08.222+0000] {logging_mixin.py:188} INFO - [2026-02-20T23:38:08.222+0000] {dag.py:3954} INFO - Setting next_dagrun for update_db to 2026-02-20 15:00:00+00:00, run_after=2026-02-21 15:00:00+00:00
[2026-02-20T23:38:08.243+0000] {processor.py:183} INFO - Processing /opt/airflow/dags/main.py took 0.225 seconds
[2026-02-20T23:38:38.318+0000] {processor.py:161} INFO - Started process (PID=151) to work on /opt/airflow/dags/main.py
[2026-02-20T23:38:38.320+0000] {processor.py:830} INFO - Processing file /opt/airflow/dags/main.py for tasks to queue
[2026-02-20T23:38:38.322+0000] {logging_mixin.py:188} INFO - [2026-02-20T23:38:38.322+0000] {dagbag.py:545} INFO - Filling up the DagBag from /opt/airflow/dags/main.py
[2026-02-20T23:38:38.469+0000] {processor.py:840} INFO - DAG(s) 'produce_json', 'update_db' retrieved from /opt/airflow/dags/main.py
[2026-02-20T23:38:38.504+0000] {logging_mixin.py:188} INFO - [2026-02-20T23:38:38.503+0000] {dag.py:3096} INFO - Sync 2 DAGs
[2026-02-20T23:38:38.527+0000] {logging_mixin.py:188} INFO - [2026-02-20T23:38:38.527+0000] {dag.py:3954} INFO - Setting next_dagrun for produce_json to 2026-02-20 14:00:00+00:00, run_after=2026-02-21 14:00:00+00:00
[2026-02-20T23:38:38.533+0000] {logging_mixin.py:188} INFO - [2026-02-20T23:38:38.533+0000] {dag.py:3954} INFO - Setting next_dagrun for update_db to 2026-02-20 15:00:00+00:00, run_after=2026-02-21 15:00:00+00:00
[2026-02-20T23:38:38.556+0000] {processor.py:183} INFO - Processing /opt/airflow/dags/main.py took 0.244 seconds
[2026-02-20T23:39:08.626+0000] {processor.py:161} INFO - Started process (PID=158) to work on /opt/airflow/dags/main.py
[2026-02-20T23:39:08.627+0000] {processor.py:830} INFO - Processing file /opt/airflow/dags/main.py for tasks to queue
[2026-02-20T23:39:08.629+0000] {logging_mixin.py:188} INFO - [2026-02-20T23:39:08.629+0000] {dagbag.py:545} INFO - Filling up the DagBag from /opt/airflow/dags/main.py
[2026-02-20T23:39:08.782+0000] {processor.py:840} INFO - DAG(s) 'update_db', 'produce_json' retrieved from /opt/airflow/dags/main.py
[2026-02-20T23:39:08.816+0000] {logging_mixin.py:188} INFO - [2026-02-20T23:39:08.815+0000] {dag.py:3096} INFO - Sync 2 DAGs
[2026-02-20T23:39:08.839+0000] {logging_mixin.py:188} INFO - [2026-02-20T23:39:08.839+0000] {dag.py:3954} INFO - Setting next_dagrun for produce_json to 2026-02-20 14:00:00+00:00, run_after=2026-02-21 14:00:00+00:00
[2026-02-20T23:39:08.845+0000] {logging_mixin.py:188} INFO - [2026-02-20T23:39:08.845+0000] {dag.py:3954} INFO - Setting next_dagrun for update_db to 2026-02-20 15:00:00+00:00, run_after=2026-02-21 15:00:00+00:00
[2026-02-20T23:39:08.863+0000] {processor.py:183} INFO - Processing /opt/airflow/dags/main.py took 0.243 seconds
[2026-02-20T23:39:38.937+0000] {processor.py:161} INFO - Started process (PID=165) to work on /opt/airflow/dags/main.py
[2026-02-20T23:39:38.938+0000] {processor.py:830} INFO - Processing file /opt/airflow/dags/main.py for tasks to queue
[2026-02-20T23:39:38.941+0000] {logging_mixin.py:188} INFO - [2026-02-20T23:39:38.940+0000] {dagbag.py:545} INFO - Filling up the DagBag from /opt/airflow/dags/main.py
[2026-02-20T23:39:39.060+0000] {processor.py:840} INFO - DAG(s) 'produce_json', 'update_db' retrieved from /opt/airflow/dags/main.py
[2026-02-20T23:39:39.091+0000] {logging_mixin.py:188} INFO - [2026-02-20T23:39:39.091+0000] {dag.py:3096} INFO - Sync 2 DAGs
[2026-02-20T23:39:39.112+0000] {logging_mixin.py:188} INFO - [2026-02-20T23:39:39.112+0000] {dag.py:3954} INFO - Setting next_dagrun for produce_json to 2026-02-20 14:00:00+00:00, run_after=2026-02-21 14:00:00+00:00
[2026-02-20T23:39:39.118+0000] {logging_mixin.py:188} INFO - [2026-02-20T23:39:39.118+0000] {dag.py:3954} INFO - Setting next_dagrun for update_db to 2026-02-20 15:00:00+00:00, run_after=2026-02-21 15:00:00+00:00
[2026-02-20T23:39:39.150+0000] {processor.py:183} INFO - Processing /opt/airflow/dags/main.py took 0.218 seconds
[2026-02-20T23:40:09.251+0000] {processor.py:161} INFO - Started process (PID=172) to work on /opt/airflow/dags/main.py
[2026-02-20T23:40:09.252+0000] {processor.py:830} INFO - Processing file /opt/airflow/dags/main.py for tasks to queue
[2026-02-20T23:40:09.256+0000] {logging_mixin.py:188} INFO - [2026-02-20T23:40:09.255+0000] {dagbag.py:545} INFO - Filling up the DagBag from /opt/airflow/dags/main.py
[2026-02-20T23:40:09.375+0000] {processor.py:840} INFO - DAG(s) 'update_db', 'produce_json' retrieved from /opt/airflow/dags/main.py
[2026-02-20T23:40:09.413+0000] {logging_mixin.py:188} INFO - [2026-02-20T23:40:09.413+0000] {dag.py:3096} INFO - Sync 2 DAGs
[2026-02-20T23:40:09.437+0000] {logging_mixin.py:188} INFO - [2026-02-20T23:40:09.436+0000] {dag.py:3954} INFO - Setting next_dagrun for produce_json to 2026-02-20 14:00:00+00:00, run_after=2026-02-21 14:00:00+00:00
[2026-02-20T23:40:09.443+0000] {logging_mixin.py:188} INFO - [2026-02-20T23:40:09.443+0000] {dag.py:3954} INFO - Setting next_dagrun for update_db to 2026-02-20 15:00:00+00:00, run_after=2026-02-21 15:00:00+00:00
[2026-02-20T23:40:09.466+0000] {processor.py:183} INFO - Processing /opt/airflow/dags/main.py took 0.220 seconds
[2026-02-20T23:40:39.536+0000] {processor.py:161} INFO - Started process (PID=185) to work on /opt/airflow/dags/main.py
[2026-02-20T23:40:39.539+0000] {processor.py:830} INFO - Processing file /opt/airflow/dags/main.py for tasks to queue
[2026-02-20T23:40:39.542+0000] {logging_mixin.py:188} INFO - [2026-02-20T23:40:39.542+0000] {dagbag.py:545} INFO - Filling up the DagBag from /opt/airflow/dags/main.py
[2026-02-20T23:40:39.670+0000] {processor.py:840} INFO - DAG(s) 'produce_json', 'update_db' retrieved from /opt/airflow/dags/main.py
[2026-02-20T23:40:39.709+0000] {logging_mixin.py:188} INFO - [2026-02-20T23:40:39.709+0000] {dag.py:3096} INFO - Sync 2 DAGs
[2026-02-20T23:40:39.739+0000] {logging_mixin.py:188} INFO - [2026-02-20T23:40:39.739+0000] {dag.py:3954} INFO - Setting next_dagrun for produce_json to 2026-02-20 14:00:00+00:00, run_after=2026-02-21 14:00:00+00:00
[2026-02-20T23:40:39.744+0000] {logging_mixin.py:188} INFO - [2026-02-20T23:40:39.744+0000] {dag.py:3954} INFO - Setting next_dagrun for update_db to 2026-02-20 15:00:00+00:00, run_after=2026-02-21 15:00:00+00:00
[2026-02-20T23:40:39.767+0000] {processor.py:183} INFO - Processing /opt/airflow/dags/main.py took 0.238 seconds
[2026-02-20T23:41:09.914+0000] {processor.py:161} INFO - Started process (PID=192) to work on /opt/airflow/dags/main.py
[2026-02-20T23:41:09.915+0000] {processor.py:830} INFO - Processing file /opt/airflow/dags/main.py for tasks to queue
[2026-02-20T23:41:09.917+0000] {logging_mixin.py:188} INFO - [2026-02-20T23:41:09.917+0000] {dagbag.py:545} INFO - Filling up the DagBag from /opt/airflow/dags/main.py
[2026-02-20T23:41:10.188+0000] {processor.py:840} INFO - DAG(s) 'produce_json', 'update_db' retrieved from /opt/airflow/dags/main.py
[2026-02-20T23:41:10.227+0000] {logging_mixin.py:188} INFO - [2026-02-20T23:41:10.227+0000] {dag.py:3096} INFO - Sync 2 DAGs
[2026-02-20T23:41:10.257+0000] {logging_mixin.py:188} INFO - [2026-02-20T23:41:10.257+0000] {dag.py:3954} INFO - Setting next_dagrun for produce_json to 2026-02-20 14:00:00+00:00, run_after=2026-02-21 14:00:00+00:00
[2026-02-20T23:41:10.264+0000] {logging_mixin.py:188} INFO - [2026-02-20T23:41:10.264+0000] {dag.py:3954} INFO - Setting next_dagrun for update_db to 2026-02-20 15:00:00+00:00, run_after=2026-02-21 15:00:00+00:00
[2026-02-20T23:41:10.291+0000] {processor.py:183} INFO - Processing /opt/airflow/dags/main.py took 0.385 seconds
[2026-02-20T23:41:40.453+0000] {processor.py:161} INFO - Started process (PID=199) to work on /opt/airflow/dags/main.py
[2026-02-20T23:41:40.455+0000] {processor.py:830} INFO - Processing file /opt/airflow/dags/main.py for tasks to queue
[2026-02-20T23:41:40.457+0000] {logging_mixin.py:188} INFO - [2026-02-20T23:41:40.456+0000] {dagbag.py:545} INFO - Filling up the DagBag from /opt/airflow/dags/main.py
[2026-02-20T23:41:40.614+0000] {processor.py:840} INFO - DAG(s) 'produce_json', 'update_db' retrieved from /opt/airflow/dags/main.py
[2026-02-20T23:41:40.647+0000] {logging_mixin.py:188} INFO - [2026-02-20T23:41:40.647+0000] {dag.py:3096} INFO - Sync 2 DAGs
[2026-02-20T23:41:40.673+0000] {logging_mixin.py:188} INFO - [2026-02-20T23:41:40.673+0000] {dag.py:3954} INFO - Setting next_dagrun for produce_json to 2026-02-20 14:00:00+00:00, run_after=2026-02-21 14:00:00+00:00
[2026-02-20T23:41:40.690+0000] {logging_mixin.py:188} INFO - [2026-02-20T23:41:40.690+0000] {dag.py:3954} INFO - Setting next_dagrun for update_db to 2026-02-20 15:00:00+00:00, run_after=2026-02-21 15:00:00+00:00
[2026-02-20T23:41:40.723+0000] {processor.py:183} INFO - Processing /opt/airflow/dags/main.py took 0.274 seconds
[2026-02-20T23:42:11.344+0000] {processor.py:161} INFO - Started process (PID=207) to work on /opt/airflow/dags/main.py
[2026-02-20T23:42:11.346+0000] {processor.py:830} INFO - Processing file /opt/airflow/dags/main.py for tasks to queue
[2026-02-20T23:42:11.349+0000] {logging_mixin.py:188} INFO - [2026-02-20T23:42:11.349+0000] {dagbag.py:545} INFO - Filling up the DagBag from /opt/airflow/dags/main.py
[2026-02-20T23:42:11.450+0000] {processor.py:840} INFO - DAG(s) 'update_db', 'produce_json' retrieved from /opt/airflow/dags/main.py
[2026-02-20T23:42:11.487+0000] {logging_mixin.py:188} INFO - [2026-02-20T23:42:11.487+0000] {dag.py:3096} INFO - Sync 2 DAGs
[2026-02-20T23:42:11.510+0000] {logging_mixin.py:188} INFO - [2026-02-20T23:42:11.510+0000] {dag.py:3954} INFO - Setting next_dagrun for produce_json to 2026-02-20 14:00:00+00:00, run_after=2026-02-21 14:00:00+00:00
[2026-02-20T23:42:11.516+0000] {logging_mixin.py:188} INFO - [2026-02-20T23:42:11.516+0000] {dag.py:3954} INFO - Setting next_dagrun for update_db to 2026-02-20 15:00:00+00:00, run_after=2026-02-21 15:00:00+00:00
[2026-02-20T23:42:11.548+0000] {processor.py:183} INFO - Processing /opt/airflow/dags/main.py took 0.214 seconds
[2026-02-20T23:42:41.840+0000] {processor.py:161} INFO - Started process (PID=214) to work on /opt/airflow/dags/main.py
[2026-02-20T23:42:41.841+0000] {processor.py:830} INFO - Processing file /opt/airflow/dags/main.py for tasks to queue
[2026-02-20T23:42:41.843+0000] {logging_mixin.py:188} INFO - [2026-02-20T23:42:41.843+0000] {dagbag.py:545} INFO - Filling up the DagBag from /opt/airflow/dags/main.py
[2026-02-20T23:42:41.972+0000] {processor.py:840} INFO - DAG(s) 'update_db', 'produce_json' retrieved from /opt/airflow/dags/main.py
[2026-02-20T23:42:42.001+0000] {logging_mixin.py:188} INFO - [2026-02-20T23:42:42.001+0000] {dag.py:3096} INFO - Sync 2 DAGs
[2026-02-20T23:42:42.027+0000] {logging_mixin.py:188} INFO - [2026-02-20T23:42:42.027+0000] {dag.py:3954} INFO - Setting next_dagrun for produce_json to 2026-02-20 14:00:00+00:00, run_after=2026-02-21 14:00:00+00:00
[2026-02-20T23:42:42.034+0000] {logging_mixin.py:188} INFO - [2026-02-20T23:42:42.034+0000] {dag.py:3954} INFO - Setting next_dagrun for update_db to 2026-02-20 15:00:00+00:00, run_after=2026-02-21 15:00:00+00:00
[2026-02-20T23:42:42.076+0000] {processor.py:183} INFO - Processing /opt/airflow/dags/main.py took 0.241 seconds
[2026-02-20T23:43:12.256+0000] {processor.py:161} INFO - Started process (PID=221) to work on /opt/airflow/dags/main.py
[2026-02-20T23:43:12.258+0000] {processor.py:830} INFO - Processing file /opt/airflow/dags/main.py for tasks to queue
[2026-02-20T23:43:12.261+0000] {logging_mixin.py:188} INFO - [2026-02-20T23:43:12.260+0000] {dagbag.py:545} INFO - Filling up the DagBag from /opt/airflow/dags/main.py
[2026-02-20T23:43:12.388+0000] {processor.py:840} INFO - DAG(s) 'update_db', 'produce_json' retrieved from /opt/airflow/dags/main.py
[2026-02-20T23:43:12.421+0000] {logging_mixin.py:188} INFO - [2026-02-20T23:43:12.420+0000] {dag.py:3096} INFO - Sync 2 DAGs
[2026-02-20T23:43:12.442+0000] {logging_mixin.py:188} INFO - [2026-02-20T23:43:12.442+0000] {dag.py:3954} INFO - Setting next_dagrun for produce_json to 2026-02-20 14:00:00+00:00, run_after=2026-02-21 14:00:00+00:00
[2026-02-20T23:43:12.448+0000] {logging_mixin.py:188} INFO - [2026-02-20T23:43:12.447+0000] {dag.py:3954} INFO - Setting next_dagrun for update_db to 2026-02-20 15:00:00+00:00, run_after=2026-02-21 15:00:00+00:00
[2026-02-20T23:43:12.480+0000] {processor.py:183} INFO - Processing /opt/airflow/dags/main.py took 0.233 seconds
[2026-02-20T23:43:42.654+0000] {processor.py:161} INFO - Started process (PID=228) to work on /opt/airflow/dags/main.py
[2026-02-20T23:43:42.655+0000] {processor.py:830} INFO - Processing file /opt/airflow/dags/main.py for tasks to queue
[2026-02-20T23:43:42.658+0000] {logging_mixin.py:188} INFO - [2026-02-20T23:43:42.657+0000] {dagbag.py:545} INFO - Filling up the DagBag from /opt/airflow/dags/main.py
[2026-02-20T23:43:42.782+0000] {processor.py:840} INFO - DAG(s) 'update_db', 'produce_json' retrieved from /opt/airflow/dags/main.py
[2026-02-20T23:43:42.818+0000] {logging_mixin.py:188} INFO - [2026-02-20T23:43:42.818+0000] {dag.py:3096} INFO - Sync 2 DAGs
[2026-02-20T23:43:42.842+0000] {logging_mixin.py:188} INFO - [2026-02-20T23:43:42.842+0000] {dag.py:3954} INFO - Setting next_dagrun for produce_json to 2026-02-20 14:00:00+00:00, run_after=2026-02-21 14:00:00+00:00
[2026-02-20T23:43:42.848+0000] {logging_mixin.py:188} INFO - [2026-02-20T23:43:42.848+0000] {dag.py:3954} INFO - Setting next_dagrun for update_db to 2026-02-20 15:00:00+00:00, run_after=2026-02-21 15:00:00+00:00
[2026-02-20T23:43:42.880+0000] {processor.py:183} INFO - Processing /opt/airflow/dags/main.py took 0.232 seconds
[2026-02-20T23:44:12.998+0000] {processor.py:161} INFO - Started process (PID=236) to work on /opt/airflow/dags/main.py
[2026-02-20T23:44:12.999+0000] {processor.py:830} INFO - Processing file /opt/airflow/dags/main.py for tasks to queue
[2026-02-20T23:44:13.001+0000] {logging_mixin.py:188} INFO - [2026-02-20T23:44:13.001+0000] {dagbag.py:545} INFO - Filling up the DagBag from /opt/airflow/dags/main.py
[2026-02-20T23:44:13.191+0000] {processor.py:840} INFO - DAG(s) 'produce_json', 'update_db' retrieved from /opt/airflow/dags/main.py
[2026-02-20T23:44:13.225+0000] {logging_mixin.py:188} INFO - [2026-02-20T23:44:13.225+0000] {dag.py:3096} INFO - Sync 2 DAGs
[2026-02-20T23:44:13.254+0000] {logging_mixin.py:188} INFO - [2026-02-20T23:44:13.254+0000] {dag.py:3954} INFO - Setting next_dagrun for produce_json to 2026-02-20 14:00:00+00:00, run_after=2026-02-21 14:00:00+00:00
[2026-02-20T23:44:13.260+0000] {logging_mixin.py:188} INFO - [2026-02-20T23:44:13.259+0000] {dag.py:3954} INFO - Setting next_dagrun for update_db to 2026-02-20 15:00:00+00:00, run_after=2026-02-21 15:00:00+00:00
[2026-02-20T23:44:13.276+0000] {processor.py:183} INFO - Processing /opt/airflow/dags/main.py took 0.284 seconds
[2026-02-20T23:44:43.432+0000] {processor.py:161} INFO - Started process (PID=243) to work on /opt/airflow/dags/main.py
[2026-02-20T23:44:43.434+0000] {processor.py:830} INFO - Processing file /opt/airflow/dags/main.py for tasks to queue
[2026-02-20T23:44:43.436+0000] {logging_mixin.py:188} INFO - [2026-02-20T23:44:43.435+0000] {dagbag.py:545} INFO - Filling up the DagBag from /opt/airflow/dags/main.py
[2026-02-20T23:44:43.590+0000] {processor.py:840} INFO - DAG(s) 'update_db', 'produce_json' retrieved from /opt/airflow/dags/main.py
[2026-02-20T23:44:43.634+0000] {logging_mixin.py:188} INFO - [2026-02-20T23:44:43.633+0000] {dag.py:3096} INFO - Sync 2 DAGs
[2026-02-20T23:44:43.658+0000] {logging_mixin.py:188} INFO - [2026-02-20T23:44:43.658+0000] {dag.py:3954} INFO - Setting next_dagrun for produce_json to 2026-02-20 14:00:00+00:00, run_after=2026-02-21 14:00:00+00:00
[2026-02-20T23:44:43.663+0000] {logging_mixin.py:188} INFO - [2026-02-20T23:44:43.663+0000] {dag.py:3954} INFO - Setting next_dagrun for update_db to 2026-02-20 15:00:00+00:00, run_after=2026-02-21 15:00:00+00:00
[2026-02-20T23:44:43.686+0000] {processor.py:183} INFO - Processing /opt/airflow/dags/main.py took 0.259 seconds
[2026-02-20T23:45:13.836+0000] {processor.py:161} INFO - Started process (PID=250) to work on /opt/airflow/dags/main.py
[2026-02-20T23:45:13.837+0000] {processor.py:830} INFO - Processing file /opt/airflow/dags/main.py for tasks to queue
[2026-02-20T23:45:13.840+0000] {logging_mixin.py:188} INFO - [2026-02-20T23:45:13.839+0000] {dagbag.py:545} INFO - Filling up the DagBag from /opt/airflow/dags/main.py
[2026-02-20T23:45:13.985+0000] {processor.py:840} INFO - DAG(s) 'update_db', 'produce_json' retrieved from /opt/airflow/dags/main.py
[2026-02-20T23:45:14.021+0000] {logging_mixin.py:188} INFO - [2026-02-20T23:45:14.021+0000] {dag.py:3096} INFO - Sync 2 DAGs
[2026-02-20T23:45:14.046+0000] {logging_mixin.py:188} INFO - [2026-02-20T23:45:14.046+0000] {dag.py:3954} INFO - Setting next_dagrun for produce_json to 2026-02-20 14:00:00+00:00, run_after=2026-02-21 14:00:00+00:00
[2026-02-20T23:45:14.051+0000] {logging_mixin.py:188} INFO - [2026-02-20T23:45:14.051+0000] {dag.py:3954} INFO - Setting next_dagrun for update_db to 2026-02-20 15:00:00+00:00, run_after=2026-02-21 15:00:00+00:00
[2026-02-20T23:45:14.087+0000] {processor.py:183} INFO - Processing /opt/airflow/dags/main.py took 0.256 seconds
[2026-02-20T23:45:44.242+0000] {processor.py:161} INFO - Started process (PID=257) to work on /opt/airflow/dags/main.py
[2026-02-20T23:45:44.243+0000] {processor.py:830} INFO - Processing file /opt/airflow/dags/main.py for tasks to queue
[2026-02-20T23:45:44.245+0000] {logging_mixin.py:188} INFO - [2026-02-20T23:45:44.245+0000] {dagbag.py:545} INFO - Filling up the DagBag from /opt/airflow/dags/main.py
[2026-02-20T23:45:44.333+0000] {processor.py:840} INFO - DAG(s) 'produce_json', 'update_db' retrieved from /opt/airflow/dags/main.py
[2026-02-20T23:45:44.364+0000] {logging_mixin.py:188} INFO - [2026-02-20T23:45:44.364+0000] {dag.py:3096} INFO - Sync 2 DAGs
[2026-02-20T23:45:44.388+0000] {logging_mixin.py:188} INFO - [2026-02-20T23:45:44.388+0000] {dag.py:3954} INFO - Setting next_dagrun for produce_json to 2026-02-20 14:00:00+00:00, run_after=2026-02-21 14:00:00+00:00
[2026-02-20T23:45:44.393+0000] {logging_mixin.py:188} INFO - [2026-02-20T23:45:44.393+0000] {dag.py:3954} INFO - Setting next_dagrun for update_db to 2026-02-20 15:00:00+00:00, run_after=2026-02-21 15:00:00+00:00
[2026-02-20T23:45:44.429+0000] {processor.py:183} INFO - Processing /opt/airflow/dags/main.py took 0.195 seconds
[2026-02-20T23:46:14.581+0000] {processor.py:161} INFO - Started process (PID=264) to work on /opt/airflow/dags/main.py
[2026-02-20T23:46:14.583+0000] {processor.py:830} INFO - Processing file /opt/airflow/dags/main.py for tasks to queue
[2026-02-20T23:46:14.586+0000] {logging_mixin.py:188} INFO - [2026-02-20T23:46:14.586+0000] {dagbag.py:545} INFO - Filling up the DagBag from /opt/airflow/dags/main.py
[2026-02-20T23:46:14.704+0000] {processor.py:840} INFO - DAG(s) 'update_db', 'produce_json' retrieved from /opt/airflow/dags/main.py
[2026-02-20T23:46:14.736+0000] {logging_mixin.py:188} INFO - [2026-02-20T23:46:14.736+0000] {dag.py:3096} INFO - Sync 2 DAGs
[2026-02-20T23:46:14.760+0000] {logging_mixin.py:188} INFO - [2026-02-20T23:46:14.760+0000] {dag.py:3954} INFO - Setting next_dagrun for produce_json to 2026-02-20 14:00:00+00:00, run_after=2026-02-21 14:00:00+00:00
[2026-02-20T23:46:14.766+0000] {logging_mixin.py:188} INFO - [2026-02-20T23:46:14.766+0000] {dag.py:3954} INFO - Setting next_dagrun for update_db to 2026-02-20 15:00:00+00:00, run_after=2026-02-21 15:00:00+00:00
[2026-02-20T23:46:14.801+0000] {processor.py:183} INFO - Processing /opt/airflow/dags/main.py took 0.226 seconds
[2026-02-20T23:46:44.926+0000] {processor.py:161} INFO - Started process (PID=271) to work on /opt/airflow/dags/main.py
[2026-02-20T23:46:44.927+0000] {processor.py:830} INFO - Processing file /opt/airflow/dags/main.py for tasks to queue
[2026-02-20T23:46:44.929+0000] {logging_mixin.py:188} INFO - [2026-02-20T23:46:44.929+0000] {dagbag.py:545} INFO - Filling up the DagBag from /opt/airflow/dags/main.py
[2026-02-20T23:46:45.026+0000] {processor.py:840} INFO - DAG(s) 'update_db', 'produce_json' retrieved from /opt/airflow/dags/main.py
[2026-02-20T23:46:45.060+0000] {logging_mixin.py:188} INFO - [2026-02-20T23:46:45.059+0000] {dag.py:3096} INFO - Sync 2 DAGs
[2026-02-20T23:46:45.084+0000] {logging_mixin.py:188} INFO - [2026-02-20T23:46:45.084+0000] {dag.py:3954} INFO - Setting next_dagrun for produce_json to 2026-02-20 14:00:00+00:00, run_after=2026-02-21 14:00:00+00:00
[2026-02-20T23:46:45.090+0000] {logging_mixin.py:188} INFO - [2026-02-20T23:46:45.090+0000] {dag.py:3954} INFO - Setting next_dagrun for update_db to 2026-02-20 15:00:00+00:00, run_after=2026-02-21 15:00:00+00:00
[2026-02-20T23:46:45.112+0000] {processor.py:183} INFO - Processing /opt/airflow/dags/main.py took 0.192 seconds
[2026-02-20T23:47:15.181+0000] {processor.py:161} INFO - Started process (PID=278) to work on /opt/airflow/dags/main.py
[2026-02-20T23:47:15.182+0000] {processor.py:830} INFO - Processing file /opt/airflow/dags/main.py for tasks to queue
[2026-02-20T23:47:15.185+0000] {logging_mixin.py:188} INFO - [2026-02-20T23:47:15.184+0000] {dagbag.py:545} INFO - Filling up the DagBag from /opt/airflow/dags/main.py
[2026-02-20T23:47:15.306+0000] {processor.py:840} INFO - DAG(s) 'produce_json', 'update_db' retrieved from /opt/airflow/dags/main.py
[2026-02-20T23:47:15.360+0000] {logging_mixin.py:188} INFO - [2026-02-20T23:47:15.359+0000] {dag.py:3096} INFO - Sync 2 DAGs
[2026-02-20T23:47:15.386+0000] {logging_mixin.py:188} INFO - [2026-02-20T23:47:15.385+0000] {dag.py:3954} INFO - Setting next_dagrun for produce_json to 2026-02-20 14:00:00+00:00, run_after=2026-02-21 14:00:00+00:00
[2026-02-20T23:47:15.392+0000] {logging_mixin.py:188} INFO - [2026-02-20T23:47:15.391+0000] {dag.py:3954} INFO - Setting next_dagrun for update_db to 2026-02-20 15:00:00+00:00, run_after=2026-02-21 15:00:00+00:00
[2026-02-20T23:47:15.415+0000] {processor.py:183} INFO - Processing /opt/airflow/dags/main.py took 0.241 seconds
[2026-02-20T23:47:45.516+0000] {processor.py:161} INFO - Started process (PID=285) to work on /opt/airflow/dags/main.py
[2026-02-20T23:47:45.519+0000] {processor.py:830} INFO - Processing file /opt/airflow/dags/main.py for tasks to queue
[2026-02-20T23:47:45.524+0000] {logging_mixin.py:188} INFO - [2026-02-20T23:47:45.524+0000] {dagbag.py:545} INFO - Filling up the DagBag from /opt/airflow/dags/main.py
[2026-02-20T23:47:45.619+0000] {processor.py:840} INFO - DAG(s) 'produce_json', 'update_db' retrieved from /opt/airflow/dags/main.py
[2026-02-20T23:47:45.658+0000] {logging_mixin.py:188} INFO - [2026-02-20T23:47:45.658+0000] {dag.py:3096} INFO - Sync 2 DAGs
[2026-02-20T23:47:45.681+0000] {logging_mixin.py:188} INFO - [2026-02-20T23:47:45.681+0000] {dag.py:3954} INFO - Setting next_dagrun for produce_json to 2026-02-20 14:00:00+00:00, run_after=2026-02-21 14:00:00+00:00
[2026-02-20T23:47:45.688+0000] {logging_mixin.py:188} INFO - [2026-02-20T23:47:45.687+0000] {dag.py:3954} INFO - Setting next_dagrun for update_db to 2026-02-20 15:00:00+00:00, run_after=2026-02-21 15:00:00+00:00
[2026-02-20T23:47:45.707+0000] {processor.py:183} INFO - Processing /opt/airflow/dags/main.py took 0.200 seconds
[2026-02-20T23:48:15.785+0000] {processor.py:161} INFO - Started process (PID=292) to work on /opt/airflow/dags/main.py
[2026-02-20T23:48:15.787+0000] {processor.py:830} INFO - Processing file /opt/airflow/dags/main.py for tasks to queue
[2026-02-20T23:48:15.790+0000] {logging_mixin.py:188} INFO - [2026-02-20T23:48:15.790+0000] {dagbag.py:545} INFO - Filling up the DagBag from /opt/airflow/dags/main.py
[2026-02-20T23:48:15.896+0000] {processor.py:840} INFO - DAG(s) 'update_db', 'produce_json' retrieved from /opt/airflow/dags/main.py
[2026-02-20T23:48:15.937+0000] {logging_mixin.py:188} INFO - [2026-02-20T23:48:15.937+0000] {dag.py:3096} INFO - Sync 2 DAGs
[2026-02-20T23:48:15.969+0000] {logging_mixin.py:188} INFO - [2026-02-20T23:48:15.968+0000] {dag.py:3954} INFO - Setting next_dagrun for produce_json to 2026-02-20 14:00:00+00:00, run_after=2026-02-21 14:00:00+00:00
[2026-02-20T23:48:15.978+0000] {logging_mixin.py:188} INFO - [2026-02-20T23:48:15.977+0000] {dag.py:3954} INFO - Setting next_dagrun for update_db to 2026-02-20 15:00:00+00:00, run_after=2026-02-21 15:00:00+00:00
[2026-02-20T23:48:15.998+0000] {processor.py:183} INFO - Processing /opt/airflow/dags/main.py took 0.221 seconds
[2026-02-20T23:48:46.124+0000] {processor.py:161} INFO - Started process (PID=300) to work on /opt/airflow/dags/main.py
[2026-02-20T23:48:46.126+0000] {processor.py:830} INFO - Processing file /opt/airflow/dags/main.py for tasks to queue
[2026-02-20T23:48:46.128+0000] {logging_mixin.py:188} INFO - [2026-02-20T23:48:46.128+0000] {dagbag.py:545} INFO - Filling up the DagBag from /opt/airflow/dags/main.py
[2026-02-20T23:48:46.274+0000] {processor.py:840} INFO - DAG(s) 'produce_json', 'update_db' retrieved from /opt/airflow/dags/main.py
[2026-02-20T23:48:46.315+0000] {logging_mixin.py:188} INFO - [2026-02-20T23:48:46.314+0000] {dag.py:3096} INFO - Sync 2 DAGs
[2026-02-20T23:48:46.338+0000] {logging_mixin.py:188} INFO - [2026-02-20T23:48:46.338+0000] {dag.py:3954} INFO - Setting next_dagrun for produce_json to 2026-02-20 14:00:00+00:00, run_after=2026-02-21 14:00:00+00:00
[2026-02-20T23:48:46.344+0000] {logging_mixin.py:188} INFO - [2026-02-20T23:48:46.343+0000] {dag.py:3954} INFO - Setting next_dagrun for update_db to 2026-02-20 15:00:00+00:00, run_after=2026-02-21 15:00:00+00:00
[2026-02-20T23:48:46.365+0000] {processor.py:183} INFO - Processing /opt/airflow/dags/main.py took 0.246 seconds
[2026-02-20T23:49:16.507+0000] {processor.py:161} INFO - Started process (PID=307) to work on /opt/airflow/dags/main.py
[2026-02-20T23:49:16.509+0000] {processor.py:830} INFO - Processing file /opt/airflow/dags/main.py for tasks to queue
[2026-02-20T23:49:16.511+0000] {logging_mixin.py:188} INFO - [2026-02-20T23:49:16.510+0000] {dagbag.py:545} INFO - Filling up the DagBag from /opt/airflow/dags/main.py
[2026-02-20T23:49:16.612+0000] {processor.py:840} INFO - DAG(s) 'produce_json', 'update_db' retrieved from /opt/airflow/dags/main.py
[2026-02-20T23:49:16.645+0000] {logging_mixin.py:188} INFO - [2026-02-20T23:49:16.645+0000] {dag.py:3096} INFO - Sync 2 DAGs
[2026-02-20T23:49:16.668+0000] {logging_mixin.py:188} INFO - [2026-02-20T23:49:16.667+0000] {dag.py:3954} INFO - Setting next_dagrun for produce_json to 2026-02-20 14:00:00+00:00, run_after=2026-02-21 14:00:00+00:00
[2026-02-20T23:49:16.673+0000] {logging_mixin.py:188} INFO - [2026-02-20T23:49:16.673+0000] {dag.py:3954} INFO - Setting next_dagrun for update_db to 2026-02-20 15:00:00+00:00, run_after=2026-02-21 15:00:00+00:00
[2026-02-20T23:49:16.699+0000] {processor.py:183} INFO - Processing /opt/airflow/dags/main.py took 0.197 seconds
[2026-02-20T23:49:46.911+0000] {processor.py:161} INFO - Started process (PID=314) to work on /opt/airflow/dags/main.py
[2026-02-20T23:49:46.912+0000] {processor.py:830} INFO - Processing file /opt/airflow/dags/main.py for tasks to queue
[2026-02-20T23:49:46.915+0000] {logging_mixin.py:188} INFO - [2026-02-20T23:49:46.915+0000] {dagbag.py:545} INFO - Filling up the DagBag from /opt/airflow/dags/main.py
[2026-02-20T23:49:47.097+0000] {processor.py:840} INFO - DAG(s) 'produce_json', 'update_db' retrieved from /opt/airflow/dags/main.py
[2026-02-20T23:49:47.135+0000] {logging_mixin.py:188} INFO - [2026-02-20T23:49:47.135+0000] {dag.py:3096} INFO - Sync 2 DAGs
[2026-02-20T23:49:47.158+0000] {logging_mixin.py:188} INFO - [2026-02-20T23:49:47.158+0000] {dag.py:3954} INFO - Setting next_dagrun for produce_json to 2026-02-20 14:00:00+00:00, run_after=2026-02-21 14:00:00+00:00
[2026-02-20T23:49:47.164+0000] {logging_mixin.py:188} INFO - [2026-02-20T23:49:47.164+0000] {dag.py:3954} INFO - Setting next_dagrun for update_db to 2026-02-20 15:00:00+00:00, run_after=2026-02-21 15:00:00+00:00
[2026-02-20T23:49:47.186+0000] {processor.py:183} INFO - Processing /opt/airflow/dags/main.py took 0.281 seconds
[2026-02-20T23:50:17.440+0000] {processor.py:161} INFO - Started process (PID=321) to work on /opt/airflow/dags/main.py
[2026-02-20T23:50:17.442+0000] {processor.py:830} INFO - Processing file /opt/airflow/dags/main.py for tasks to queue
[2026-02-20T23:50:17.444+0000] {logging_mixin.py:188} INFO - [2026-02-20T23:50:17.444+0000] {dagbag.py:545} INFO - Filling up the DagBag from /opt/airflow/dags/main.py
[2026-02-20T23:50:17.592+0000] {processor.py:840} INFO - DAG(s) 'update_db', 'produce_json' retrieved from /opt/airflow/dags/main.py
[2026-02-20T23:50:17.636+0000] {logging_mixin.py:188} INFO - [2026-02-20T23:50:17.636+0000] {dag.py:3096} INFO - Sync 2 DAGs
[2026-02-20T23:50:17.661+0000] {logging_mixin.py:188} INFO - [2026-02-20T23:50:17.661+0000] {dag.py:3954} INFO - Setting next_dagrun for produce_json to 2026-02-20 14:00:00+00:00, run_after=2026-02-21 14:00:00+00:00
[2026-02-20T23:50:17.668+0000] {logging_mixin.py:188} INFO - [2026-02-20T23:50:17.667+0000] {dag.py:3954} INFO - Setting next_dagrun for update_db to 2026-02-20 15:00:00+00:00, run_after=2026-02-21 15:00:00+00:00
[2026-02-20T23:50:17.690+0000] {processor.py:183} INFO - Processing /opt/airflow/dags/main.py took 0.256 seconds
[2026-02-20T23:50:47.889+0000] {processor.py:161} INFO - Started process (PID=328) to work on /opt/airflow/dags/main.py
[2026-02-20T23:50:47.891+0000] {processor.py:830} INFO - Processing file /opt/airflow/dags/main.py for tasks to queue
[2026-02-20T23:50:47.893+0000] {logging_mixin.py:188} INFO - [2026-02-20T23:50:47.893+0000] {dagbag.py:545} INFO - Filling up the DagBag from /opt/airflow/dags/main.py
[2026-02-20T23:50:48.064+0000] {processor.py:840} INFO - DAG(s) 'update_db', 'produce_json' retrieved from /opt/airflow/dags/main.py
[2026-02-20T23:50:48.103+0000] {logging_mixin.py:188} INFO - [2026-02-20T23:50:48.103+0000] {dag.py:3096} INFO - Sync 2 DAGs
[2026-02-20T23:50:48.131+0000] {logging_mixin.py:188} INFO - [2026-02-20T23:50:48.131+0000] {dag.py:3954} INFO - Setting next_dagrun for produce_json to 2026-02-20 14:00:00+00:00, run_after=2026-02-21 14:00:00+00:00
[2026-02-20T23:50:48.136+0000] {logging_mixin.py:188} INFO - [2026-02-20T23:50:48.136+0000] {dag.py:3954} INFO - Setting next_dagrun for update_db to 2026-02-20 15:00:00+00:00, run_after=2026-02-21 15:00:00+00:00
[2026-02-20T23:50:48.168+0000] {processor.py:183} INFO - Processing /opt/airflow/dags/main.py took 0.287 seconds
[2026-02-20T23:51:18.377+0000] {processor.py:161} INFO - Started process (PID=335) to work on /opt/airflow/dags/main.py
[2026-02-20T23:51:18.379+0000] {processor.py:830} INFO - Processing file /opt/airflow/dags/main.py for tasks to queue
[2026-02-20T23:51:18.383+0000] {logging_mixin.py:188} INFO - [2026-02-20T23:51:18.382+0000] {dagbag.py:545} INFO - Filling up the DagBag from /opt/airflow/dags/main.py
[2026-02-20T23:51:18.371+0000] {processor.py:840} INFO - DAG(s) 'update_db', 'produce_json' retrieved from /opt/airflow/dags/main.py
[2026-02-20T23:51:18.408+0000] {logging_mixin.py:188} INFO - [2026-02-20T23:51:18.407+0000] {dag.py:3096} INFO - Sync 2 DAGs
[2026-02-20T23:51:18.431+0000] {logging_mixin.py:188} INFO - [2026-02-20T23:51:18.431+0000] {dag.py:3954} INFO - Setting next_dagrun for produce_json to 2026-02-20 14:00:00+00:00, run_after=2026-02-21 14:00:00+00:00
[2026-02-20T23:51:18.437+0000] {logging_mixin.py:188} INFO - [2026-02-20T23:51:18.437+0000] {dag.py:3954} INFO - Setting next_dagrun for update_db to 2026-02-20 15:00:00+00:00, run_after=2026-02-21 15:00:00+00:00
[2026-02-20T23:51:18.460+0000] {processor.py:183} INFO - Processing /opt/airflow/dags/main.py took 0.226 seconds
[2026-02-20T23:51:48.579+0000] {processor.py:161} INFO - Started process (PID=342) to work on /opt/airflow/dags/main.py
[2026-02-20T23:51:48.580+0000] {processor.py:830} INFO - Processing file /opt/airflow/dags/main.py for tasks to queue
[2026-02-20T23:51:48.582+0000] {logging_mixin.py:188} INFO - [2026-02-20T23:51:48.582+0000] {dagbag.py:545} INFO - Filling up the DagBag from /opt/airflow/dags/main.py
[2026-02-20T23:51:48.742+0000] {processor.py:840} INFO - DAG(s) 'update_db', 'produce_json' retrieved from /opt/airflow/dags/main.py
[2026-02-20T23:51:48.776+0000] {logging_mixin.py:188} INFO - [2026-02-20T23:51:48.776+0000] {dag.py:3096} INFO - Sync 2 DAGs
[2026-02-20T23:51:48.799+0000] {logging_mixin.py:188} INFO - [2026-02-20T23:51:48.799+0000] {dag.py:3954} INFO - Setting next_dagrun for produce_json to 2026-02-20 14:00:00+00:00, run_after=2026-02-21 14:00:00+00:00
[2026-02-20T23:51:48.804+0000] {logging_mixin.py:188} INFO - [2026-02-20T23:51:48.804+0000] {dag.py:3954} INFO - Setting next_dagrun for update_db to 2026-02-20 15:00:00+00:00, run_after=2026-02-21 15:00:00+00:00
[2026-02-20T23:51:48.826+0000] {processor.py:183} INFO - Processing /opt/airflow/dags/main.py took 0.252 seconds
[2026-02-20T23:52:18.965+0000] {processor.py:161} INFO - Started process (PID=349) to work on /opt/airflow/dags/main.py
[2026-02-20T23:52:18.967+0000] {processor.py:830} INFO - Processing file /opt/airflow/dags/main.py for tasks to queue
[2026-02-20T23:52:18.970+0000] {logging_mixin.py:188} INFO - [2026-02-20T23:52:18.970+0000] {dagbag.py:545} INFO - Filling up the DagBag from /opt/airflow/dags/main.py
[2026-02-20T23:52:19.080+0000] {processor.py:840} INFO - DAG(s) 'update_db', 'produce_json' retrieved from /opt/airflow/dags/main.py
[2026-02-20T23:52:19.113+0000] {logging_mixin.py:188} INFO - [2026-02-20T23:52:19.113+0000] {dag.py:3096} INFO - Sync 2 DAGs
[2026-02-20T23:52:19.136+0000] {logging_mixin.py:188} INFO - [2026-02-20T23:52:19.136+0000] {dag.py:3954} INFO - Setting next_dagrun for produce_json to 2026-02-20 14:00:00+00:00, run_after=2026-02-21 14:00:00+00:00
[2026-02-20T23:52:19.142+0000] {logging_mixin.py:188} INFO - [2026-02-20T23:52:19.142+0000] {dag.py:3954} INFO - Setting next_dagrun for update_db to 2026-02-20 15:00:00+00:00, run_after=2026-02-21 15:00:00+00:00
[2026-02-20T23:52:19.163+0000] {processor.py:183} INFO - Processing /opt/airflow/dags/main.py took 0.205 seconds
[2026-02-20T23:52:49.304+0000] {processor.py:161} INFO - Started process (PID=356) to work on /opt/airflow/dags/main.py
[2026-02-20T23:52:49.306+0000] {processor.py:830} INFO - Processing file /opt/airflow/dags/main.py for tasks to queue
[2026-02-20T23:52:49.309+0000] {logging_mixin.py:188} INFO - [2026-02-20T23:52:49.309+0000] {dagbag.py:545} INFO - Filling up the DagBag from /opt/airflow/dags/main.py
[2026-02-20T23:52:49.458+0000] {processor.py:840} INFO - DAG(s) 'update_db', 'produce_json' retrieved from /opt/airflow/dags/main.py
[2026-02-20T23:52:49.501+0000] {logging_mixin.py:188} INFO - [2026-02-20T23:52:49.501+0000] {dag.py:3096} INFO - Sync 2 DAGs
[2026-02-20T23:52:49.525+0000] {logging_mixin.py:188} INFO - [2026-02-20T23:52:49.525+0000] {dag.py:3954} INFO - Setting next_dagrun for produce_json to 2026-02-20 14:00:00+00:00, run_after=2026-02-21 14:00:00+00:00
[2026-02-20T23:52:49.530+0000] {logging_mixin.py:188} INFO - [2026-02-20T23:52:49.530+0000] {dag.py:3954} INFO - Setting next_dagrun for update_db to 2026-02-20 15:00:00+00:00, run_after=2026-02-21 15:00:00+00:00
[2026-02-20T23:52:49.551+0000] {processor.py:183} INFO - Processing /opt/airflow/dags/main.py took 0.254 seconds
[2026-02-20T23:53:19.739+0000] {processor.py:161} INFO - Started process (PID=363) to work on /opt/airflow/dags/main.py
[2026-02-20T23:53:19.741+0000] {processor.py:830} INFO - Processing file /opt/airflow/dags/main.py for tasks to queue
[2026-02-20T23:53:19.743+0000] {logging_mixin.py:188} INFO - [2026-02-20T23:53:19.742+0000] {dagbag.py:545} INFO - Filling up the DagBag from /opt/airflow/dags/main.py
[2026-02-20T23:53:19.884+0000] {processor.py:840} INFO - DAG(s) 'produce_json', 'update_db' retrieved from /opt/airflow/dags/main.py
[2026-02-20T23:53:19.924+0000] {logging_mixin.py:188} INFO - [2026-02-20T23:53:19.924+0000] {dag.py:3096} INFO - Sync 2 DAGs
[2026-02-20T23:53:19.947+0000] {logging_mixin.py:188} INFO - [2026-02-20T23:53:19.947+0000] {dag.py:3954} INFO - Setting next_dagrun for produce_json to 2026-02-20 14:00:00+00:00, run_after=2026-02-21 14:00:00+00:00
[2026-02-20T23:53:19.953+0000] {logging_mixin.py:188} INFO - [2026-02-20T23:53:19.953+0000] {dag.py:3954} INFO - Setting next_dagrun for update_db to 2026-02-20 15:00:00+00:00, run_after=2026-02-21 15:00:00+00:00
[2026-02-20T23:53:19.973+0000] {processor.py:183} INFO - Processing /opt/airflow/dags/main.py took 0.240 seconds
[2026-02-20T23:53:50.136+0000] {processor.py:161} INFO - Started process (PID=370) to work on /opt/airflow/dags/main.py
[2026-02-20T23:53:50.138+0000] {processor.py:830} INFO - Processing file /opt/airflow/dags/main.py for tasks to queue
[2026-02-20T23:53:50.141+0000] {logging_mixin.py:188} INFO - [2026-02-20T23:53:50.140+0000] {dagbag.py:545} INFO - Filling up the DagBag from /opt/airflow/dags/main.py
[2026-02-20T23:53:50.271+0000] {processor.py:840} INFO - DAG(s) 'update_db', 'produce_json' retrieved from /opt/airflow/dags/main.py
[2026-02-20T23:53:50.304+0000] {logging_mixin.py:188} INFO - [2026-02-20T23:53:50.304+0000] {dag.py:3096} INFO - Sync 2 DAGs
[2026-02-20T23:53:50.328+0000] {logging_mixin.py:188} INFO - [2026-02-20T23:53:50.328+0000] {dag.py:3954} INFO - Setting next_dagrun for produce_json to 2026-02-20 14:00:00+00:00, run_after=2026-02-21 14:00:00+00:00
[2026-02-20T23:53:50.335+0000] {logging_mixin.py:188} INFO - [2026-02-20T23:53:50.335+0000] {dag.py:3954} INFO - Setting next_dagrun for update_db to 2026-02-20 15:00:00+00:00, run_after=2026-02-21 15:00:00+00:00
[2026-02-20T23:53:50.366+0000] {processor.py:183} INFO - Processing /opt/airflow/dags/main.py took 0.235 seconds
[2026-02-20T23:54:20.578+0000] {processor.py:161} INFO - Started process (PID=377) to work on /opt/airflow/dags/main.py
[2026-02-20T23:54:20.582+0000] {processor.py:830} INFO - Processing file /opt/airflow/dags/main.py for tasks to queue
[2026-02-20T23:54:20.586+0000] {logging_mixin.py:188} INFO - [2026-02-20T23:54:20.585+0000] {dagbag.py:545} INFO - Filling up the DagBag from /opt/airflow/dags/main.py
[2026-02-20T23:54:20.732+0000] {processor.py:840} INFO - DAG(s) 'produce_json', 'update_db' retrieved from /opt/airflow/dags/main.py
[2026-02-20T23:54:20.797+0000] {logging_mixin.py:188} INFO - [2026-02-20T23:54:20.797+0000] {dag.py:3096} INFO - Sync 2 DAGs
[2026-02-20T23:54:20.830+0000] {logging_mixin.py:188} INFO - [2026-02-20T23:54:20.829+0000] {dag.py:3954} INFO - Setting next_dagrun for produce_json to 2026-02-20 14:00:00+00:00, run_after=2026-02-21 14:00:00+00:00
[2026-02-20T23:54:20.835+0000] {logging_mixin.py:188} INFO - [2026-02-20T23:54:20.835+0000] {dag.py:3954} INFO - Setting next_dagrun for update_db to 2026-02-20 15:00:00+00:00, run_after=2026-02-21 15:00:00+00:00
[2026-02-20T23:54:20.866+0000] {processor.py:183} INFO - Processing /opt/airflow/dags/main.py took 0.308 seconds
[2026-02-20T23:54:51.032+0000] {processor.py:161} INFO - Started process (PID=384) to work on /opt/airflow/dags/main.py
[2026-02-20T23:54:51.033+0000] {processor.py:830} INFO - Processing file /opt/airflow/dags/main.py for tasks to queue
[2026-02-20T23:54:51.035+0000] {logging_mixin.py:188} INFO - [2026-02-20T23:54:51.035+0000] {dagbag.py:545} INFO - Filling up the DagBag from /opt/airflow/dags/main.py
[2026-02-20T23:54:51.172+0000] {processor.py:840} INFO - DAG(s) 'update_db', 'produce_json' retrieved from /opt/airflow/dags/main.py
[2026-02-20T23:54:51.215+0000] {logging_mixin.py:188} INFO - [2026-02-20T23:54:51.215+0000] {dag.py:3096} INFO - Sync 2 DAGs
[2026-02-20T23:54:51.240+0000] {logging_mixin.py:188} INFO - [2026-02-20T23:54:51.239+0000] {dag.py:3954} INFO - Setting next_dagrun for produce_json to 2026-02-20 14:00:00+00:00, run_after=2026-02-21 14:00:00+00:00
[2026-02-20T23:54:51.246+0000] {logging_mixin.py:188} INFO - [2026-02-20T23:54:51.246+0000] {dag.py:3954} INFO - Setting next_dagrun for update_db to 2026-02-20 15:00:00+00:00, run_after=2026-02-21 15:00:00+00:00
[2026-02-20T23:54:51.272+0000] {processor.py:183} INFO - Processing /opt/airflow/dags/main.py took 0.246 seconds
[2026-02-20T23:55:21.417+0000] {processor.py:161} INFO - Started process (PID=392) to work on /opt/airflow/dags/main.py
[2026-02-20T23:55:21.419+0000] {processor.py:830} INFO - Processing file /opt/airflow/dags/main.py for tasks to queue
[2026-02-20T23:55:21.422+0000] {logging_mixin.py:188} INFO - [2026-02-20T23:55:21.421+0000] {dagbag.py:545} INFO - Filling up the DagBag from /opt/airflow/dags/main.py
[2026-02-20T23:55:21.535+0000] {processor.py:840} INFO - DAG(s) 'produce_json', 'update_db' retrieved from /opt/airflow/dags/main.py
[2026-02-20T23:55:21.572+0000] {logging_mixin.py:188} INFO - [2026-02-20T23:55:21.571+0000] {dag.py:3096} INFO - Sync 2 DAGs
[2026-02-20T23:55:21.603+0000] {logging_mixin.py:188} INFO - [2026-02-20T23:55:21.602+0000] {dag.py:3954} INFO - Setting next_dagrun for produce_json to 2026-02-20 14:00:00+00:00, run_after=2026-02-21 14:00:00+00:00
[2026-02-20T23:55:21.610+0000] {logging_mixin.py:188} INFO - [2026-02-20T23:55:21.610+0000] {dag.py:3954} INFO - Setting next_dagrun for update_db to 2026-02-20 15:00:00+00:00, run_after=2026-02-21 15:00:00+00:00
[2026-02-20T23:55:21.637+0000] {processor.py:183} INFO - Processing /opt/airflow/dags/main.py took 0.226 seconds
[2026-02-20T23:55:51.727+0000] {processor.py:161} INFO - Started process (PID=399) to work on /opt/airflow/dags/main.py
[2026-02-20T23:55:51.729+0000] {processor.py:830} INFO - Processing file /opt/airflow/dags/main.py for tasks to queue
[2026-02-20T23:55:51.730+0000] {logging_mixin.py:188} INFO - [2026-02-20T23:55:51.730+0000] {dagbag.py:545} INFO - Filling up the DagBag from /opt/airflow/dags/main.py
[2026-02-20T23:55:51.814+0000] {processor.py:840} INFO - DAG(s) 'produce_json', 'update_db' retrieved from /opt/airflow/dags/main.py
[2026-02-20T23:55:51.847+0000] {logging_mixin.py:188} INFO - [2026-02-20T23:55:51.847+0000] {dag.py:3096} INFO - Sync 2 DAGs
[2026-02-20T23:55:51.868+0000] {logging_mixin.py:188} INFO - [2026-02-20T23:55:51.867+0000] {dag.py:3954} INFO - Setting next_dagrun for produce_json to 2026-02-20 14:00:00+00:00, run_after=2026-02-21 14:00:00+00:00
[2026-02-20T23:55:51.873+0000] {logging_mixin.py:188} INFO - [2026-02-20T23:55:51.872+0000] {dag.py:3954} INFO - Setting next_dagrun for update_db to 2026-02-20 15:00:00+00:00, run_after=2026-02-21 15:00:00+00:00
[2026-02-20T23:55:51.895+0000] {processor.py:183} INFO - Processing /opt/airflow/dags/main.py took 0.174 seconds
[2026-02-20T23:56:22.035+0000] {processor.py:161} INFO - Started process (PID=407) to work on /opt/airflow/dags/main.py
[2026-02-20T23:56:22.036+0000] {processor.py:830} INFO - Processing file /opt/airflow/dags/main.py for tasks to queue
[2026-02-20T23:56:22.039+0000] {logging_mixin.py:188} INFO - [2026-02-20T23:56:22.038+0000] {dagbag.py:545} INFO - Filling up the DagBag from /opt/airflow/dags/main.py
[2026-02-20T23:56:22.167+0000] {processor.py:840} INFO - DAG(s) 'produce_json', 'update_db' retrieved from /opt/airflow/dags/main.py
[2026-02-20T23:56:22.202+0000] {logging_mixin.py:188} INFO - [2026-02-20T23:56:22.201+0000] {dag.py:3096} INFO - Sync 2 DAGs
[2026-02-20T23:56:22.231+0000] {logging_mixin.py:188} INFO - [2026-02-20T23:56:22.231+0000] {dag.py:3954} INFO - Setting next_dagrun for produce_json to 2026-02-20 14:00:00+00:00, run_after=2026-02-21 14:00:00+00:00
[2026-02-20T23:56:22.242+0000] {logging_mixin.py:188} INFO - [2026-02-20T23:56:22.241+0000] {dag.py:3954} INFO - Setting next_dagrun for update_db to 2026-02-20 15:00:00+00:00, run_after=2026-02-21 15:00:00+00:00
[2026-02-20T23:56:22.265+0000] {processor.py:183} INFO - Processing /opt/airflow/dags/main.py took 0.237 seconds
[2026-02-20T23:56:52.686+0000] {processor.py:161} INFO - Started process (PID=414) to work on /opt/airflow/dags/main.py
[2026-02-20T23:56:52.688+0000] {processor.py:830} INFO - Processing file /opt/airflow/dags/main.py for tasks to queue
[2026-02-20T23:56:52.692+0000] {logging_mixin.py:188} INFO - [2026-02-20T23:56:52.691+0000] {dagbag.py:545} INFO - Filling up the DagBag from /opt/airflow/dags/main.py
[2026-02-20T23:56:52.790+0000] {processor.py:840} INFO - DAG(s) 'produce_json', 'update_db' retrieved from /opt/airflow/dags/main.py
[2026-02-20T23:56:52.824+0000] {logging_mixin.py:188} INFO - [2026-02-20T23:56:52.824+0000] {dag.py:3096} INFO - Sync 2 DAGs
[2026-02-20T23:56:52.849+0000] {logging_mixin.py:188} INFO - [2026-02-20T23:56:52.849+0000] {dag.py:3954} INFO - Setting next_dagrun for produce_json to 2026-02-20 14:00:00+00:00, run_after=2026-02-21 14:00:00+00:00
[2026-02-20T23:56:52.855+0000] {logging_mixin.py:188} INFO - [2026-02-20T23:56:52.855+0000] {dag.py:3954} INFO - Setting next_dagrun for update_db to 2026-02-20 15:00:00+00:00, run_after=2026-02-21 15:00:00+00:00
[2026-02-20T23:56:52.876+0000] {processor.py:183} INFO - Processing /opt/airflow/dags/main.py took 0.196 seconds
[2026-02-20T23:57:23.014+0000] {processor.py:161} INFO - Started process (PID=421) to work on /opt/airflow/dags/main.py
[2026-02-20T23:57:23.017+0000] {processor.py:830} INFO - Processing file /opt/airflow/dags/main.py for tasks to queue
[2026-02-20T23:57:23.020+0000] {logging_mixin.py:188} INFO - [2026-02-20T23:57:23.020+0000] {dagbag.py:545} INFO - Filling up the DagBag from /opt/airflow/dags/main.py
[2026-02-20T23:57:23.140+0000] {processor.py:840} INFO - DAG(s) 'update_db', 'produce_json' retrieved from /opt/airflow/dags/main.py
[2026-02-20T23:57:23.176+0000] {logging_mixin.py:188} INFO - [2026-02-20T23:57:23.176+0000] {dag.py:3096} INFO - Sync 2 DAGs
[2026-02-20T23:57:23.200+0000] {logging_mixin.py:188} INFO - [2026-02-20T23:57:23.199+0000] {dag.py:3954} INFO - Setting next_dagrun for produce_json to 2026-02-20 14:00:00+00:00, run_after=2026-02-21 14:00:00+00:00
[2026-02-20T23:57:23.204+0000] {logging_mixin.py:188} INFO - [2026-02-20T23:57:23.204+0000] {dag.py:3954} INFO - Setting next_dagrun for update_db to 2026-02-20 15:00:00+00:00, run_after=2026-02-21 15:00:00+00:00
[2026-02-20T23:57:23.227+0000] {processor.py:183} INFO - Processing /opt/airflow/dags/main.py took 0.221 seconds
[2026-02-20T23:57:53.375+0000] {processor.py:161} INFO - Started process (PID=428) to work on /opt/airflow/dags/main.py
[2026-02-20T23:57:53.376+0000] {processor.py:830} INFO - Processing file /opt/airflow/dags/main.py for tasks to queue
[2026-02-20T23:57:53.379+0000] {logging_mixin.py:188} INFO - [2026-02-20T23:57:53.379+0000] {dagbag.py:545} INFO - Filling up the DagBag from /opt/airflow/dags/main.py
[2026-02-20T23:57:53.501+0000] {processor.py:840} INFO - DAG(s) 'update_db', 'produce_json' retrieved from /opt/airflow/dags/main.py
[2026-02-20T23:57:53.537+0000] {logging_mixin.py:188} INFO - [2026-02-20T23:57:53.537+0000] {dag.py:3096} INFO - Sync 2 DAGs
[2026-02-20T23:57:53.563+0000] {logging_mixin.py:188} INFO - [2026-02-20T23:57:53.563+0000] {dag.py:3954} INFO - Setting next_dagrun for produce_json to 2026-02-20 14:00:00+00:00, run_after=2026-02-21 14:00:00+00:00
[2026-02-20T23:57:53.569+0000] {logging_mixin.py:188} INFO - [2026-02-20T23:57:53.569+0000] {dag.py:3954} INFO - Setting next_dagrun for update_db to 2026-02-20 15:00:00+00:00, run_after=2026-02-21 15:00:00+00:00
[2026-02-20T23:57:53.593+0000] {processor.py:183} INFO - Processing /opt/airflow/dags/main.py took 0.225 seconds
[2026-02-20T23:58:23.778+0000] {processor.py:161} INFO - Started process (PID=435) to work on /opt/airflow/dags/main.py
[2026-02-20T23:58:23.780+0000] {processor.py:830} INFO - Processing file /opt/airflow/dags/main.py for tasks to queue
[2026-02-20T23:58:23.782+0000] {logging_mixin.py:188} INFO - [2026-02-20T23:58:23.782+0000] {dagbag.py:545} INFO - Filling up the DagBag from /opt/airflow/dags/main.py
[2026-02-20T23:58:23.954+0000] {processor.py:840} INFO - DAG(s) 'produce_json', 'update_db' retrieved from /opt/airflow/dags/main.py
[2026-02-20T23:58:23.998+0000] {logging_mixin.py:188} INFO - [2026-02-20T23:58:23.997+0000] {dag.py:3096} INFO - Sync 2 DAGs
[2026-02-20T23:58:24.024+0000] {logging_mixin.py:188} INFO - [2026-02-20T23:58:24.024+0000] {dag.py:3954} INFO - Setting next_dagrun for produce_json to 2026-02-20 14:00:00+00:00, run_after=2026-02-21 14:00:00+00:00
[2026-02-20T23:58:24.029+0000] {logging_mixin.py:188} INFO - [2026-02-20T23:58:24.029+0000] {dag.py:3954} INFO - Setting next_dagrun for update_db to 2026-02-20 15:00:00+00:00, run_after=2026-02-21 15:00:00+00:00
[2026-02-20T23:58:24.046+0000] {processor.py:183} INFO - Processing /opt/airflow/dags/main.py took 0.273 seconds
[2026-02-20T23:58:54.221+0000] {processor.py:161} INFO - Started process (PID=442) to work on /opt/airflow/dags/main.py
[2026-02-20T23:58:54.223+0000] {processor.py:830} INFO - Processing file /opt/airflow/dags/main.py for tasks to queue
[2026-02-20T23:58:54.226+0000] {logging_mixin.py:188} INFO - [2026-02-20T23:58:54.226+0000] {dagbag.py:545} INFO - Filling up the DagBag from /opt/airflow/dags/main.py
[2026-02-20T23:58:54.377+0000] {processor.py:840} INFO - DAG(s) 'update_db', 'produce_json' retrieved from /opt/airflow/dags/main.py
[2026-02-20T23:58:54.412+0000] {logging_mixin.py:188} INFO - [2026-02-20T23:58:54.412+0000] {dag.py:3096} INFO - Sync 2 DAGs
[2026-02-20T23:58:54.441+0000] {logging_mixin.py:188} INFO - [2026-02-20T23:58:54.440+0000] {dag.py:3954} INFO - Setting next_dagrun for produce_json to 2026-02-20 14:00:00+00:00, run_after=2026-02-21 14:00:00+00:00
[2026-02-20T23:58:54.448+0000] {logging_mixin.py:188} INFO - [2026-02-20T23:58:54.448+0000] {dag.py:3954} INFO - Setting next_dagrun for update_db to 2026-02-20 15:00:00+00:00, run_after=2026-02-21 15:00:00+00:00
[2026-02-20T23:58:54.477+0000] {processor.py:183} INFO - Processing /opt/airflow/dags/main.py took 0.266 seconds
[2026-02-20T23:59:24.693+0000] {processor.py:161} INFO - Started process (PID=449) to work on /opt/airflow/dags/main.py
[2026-02-20T23:59:24.694+0000] {processor.py:830} INFO - Processing file /opt/airflow/dags/main.py for tasks to queue
[2026-02-20T23:59:24.697+0000] {logging_mixin.py:188} INFO - [2026-02-20T23:59:24.696+0000] {dagbag.py:545} INFO - Filling up the DagBag from /opt/airflow/dags/main.py
[2026-02-20T23:59:24.834+0000] {processor.py:840} INFO - DAG(s) 'update_db', 'produce_json' retrieved from /opt/airflow/dags/main.py
[2026-02-20T23:59:24.876+0000] {logging_mixin.py:188} INFO - [2026-02-20T23:59:24.876+0000] {dag.py:3096} INFO - Sync 2 DAGs
[2026-02-20T23:59:24.909+0000] {logging_mixin.py:188} INFO - [2026-02-20T23:59:24.909+0000] {dag.py:3954} INFO - Setting next_dagrun for produce_json to 2026-02-20 14:00:00+00:00, run_after=2026-02-21 14:00:00+00:00
[2026-02-20T23:59:24.916+0000] {logging_mixin.py:188} INFO - [2026-02-20T23:59:24.915+0000] {dag.py:3954} INFO - Setting next_dagrun for update_db to 2026-02-20 15:00:00+00:00, run_after=2026-02-21 15:00:00+00:00
[2026-02-20T23:59:24.942+0000] {processor.py:183} INFO - Processing /opt/airflow/dags/main.py took 0.258 seconds
[2026-02-20T23:59:55.104+0000] {processor.py:161} INFO - Started process (PID=456) to work on /opt/airflow/dags/main.py
[2026-02-20T23:59:55.106+0000] {processor.py:830} INFO - Processing file /opt/airflow/dags/main.py for tasks to queue
[2026-02-20T23:59:55.109+0000] {logging_mixin.py:188} INFO - [2026-02-20T23:59:55.108+0000] {dagbag.py:545} INFO - Filling up the DagBag from /opt/airflow/dags/main.py
[2026-02-20T23:59:55.222+0000] {processor.py:840} INFO - DAG(s) 'update_db', 'produce_json' retrieved from /opt/airflow/dags/main.py
[2026-02-20T23:59:55.264+0000] {logging_mixin.py:188} INFO - [2026-02-20T23:59:55.264+0000] {dag.py:3096} INFO - Sync 2 DAGs
[2026-02-20T23:59:55.286+0000] {logging_mixin.py:188} INFO - [2026-02-20T23:59:55.286+0000] {dag.py:3954} INFO - Setting next_dagrun for produce_json to 2026-02-20 14:00:00+00:00, run_after=2026-02-21 14:00:00+00:00
[2026-02-20T23:59:55.291+0000] {logging_mixin.py:188} INFO - [2026-02-20T23:59:55.291+0000] {dag.py:3954} INFO - Setting next_dagrun for update_db to 2026-02-20 15:00:00+00:00, run_after=2026-02-21 15:00:00+00:00
[2026-02-20T23:59:55.311+0000] {processor.py:183} INFO - Processing /opt/airflow/dags/main.py took 0.213 seconds
